Time (s), Acceleration X (m/s^2), Acceleration Y (m/s^2), Acceleration Z (m/s^2), Gyro X (rad/s), Gyro Y (rad/s), Gyro Z (rad/s)
0.000162,-0.221603,-9.794812,0.229378,0.0035310991,0.0101578162,0.0002745701
0.000818,-0.221603,-9.794812,0.226976,0.0045953242,0.0090935911,0.0013387952
0.001711,-0.211995,-9.790023,0.229378,0.0024668739,0.0069651408,0.0024030204
0.002758,-0.211995,-9.785234,0.229378,0.0014026488,0.0069651408,0.0013387952
0.003808,-0.211995,-9.785234,0.229378,0.0024668739,0.0069651408,0.0002745701
0.004826,-0.207192,-9.787629,0.229378,0.0024668739,0.0069651408,0.0013387952
0.005876,-0.20479,-9.797206,0.222173,0.0024668739,0.0080293659,0.0024030204
0.006926,-0.214397,-9.7996,0.212566,0.0014026488,0.0080293659,0.0013387952
0.007976,-0.219201,-9.794812,0.202958,0.0003384236,0.0069651408,-0.0007896551
0.008994,-0.219201,-9.792417,0.207762,0.0014026488,0.0069651408,0.0002745701
0.010044,-0.219201,-9.790023,0.212566,0.0024668739,0.0059009156,0.0013387952
0.011094,-0.214397,-9.792417,0.214967,0.0024668739,0.0059009156,0.0013387952
0.012143,-0.20479,-9.787629,0.210164,0.0024668739,0.0069651408,0.0013387952
0.013162,-0.197585,-9.780446,0.210164,0.0014026488,0.0069651408,0.0002745701
0.014214,-0.202388,-9.785234,0.224574,0.0014026488,0.0080293659,0.0002745701
0.015262,-0.20479,-9.792417,0.229378,0.0014026488,0.0080293659,0.0002745701
0.016312,-0.207192,-9.787629,0.229378,0.0014026488,0.0080293659,-0.0007896551
0.017362,-0.211995,-9.794812,0.23178,0.0014026488,0.0069651408,-0.0007896551
0.01838,-0.192781,-9.790023,0.234181,0.0014026488,0.0069651408,-0.0007896551
0.019429,-0.185576,-9.778051,0.236583,0.0024668739,0.0080293659,0.0002745701
0.020479,-0.192781,-9.775657,0.224574,0.0035310991,0.0090935911,0.0013387952
0.02153,-0.211995,-9.785234,0.212566,0.0024668739,0.0090935911,0.0013387952
0.022547,-0.214397,-9.790023,0.217369,0.0024668739,0.0080293659,0.0013387952
0.023597,-0.209594,-9.780446,0.219771,0.0024668739,0.0090935911,0.0013387952
0.024647,-0.209594,-9.78284,0.217369,0.0014026488,0.0090935911,0.0002745701
0.025697,-0.202388,-9.794812,0.219771,0.0014026488,0.0090935911,0.0013387952
0.026718,-0.199987,-9.794812,0.222173,0.0024668739,0.0080293659,0.0013387952
0.027765,-0.202388,-9.78284,0.222173,0.0035310991,0.0080293659,0.0002745701
0.028815,-0.197585,-9.775657,0.224574,0.0024668739,0.0090935911,0.0013387952
0.029865,-0.197585,-9.78284,0.219771,0.0014026488,0.0090935911,0.0013387952
0.030915,-0.209594,-9.794812,0.217369,0.0024668739,0.0080293659,0.0002745701
0.031933,-0.211995,-9.790023,0.224574,0.0014026488,0.0080293659,0.0002745701
0.032983,-0.207192,-9.775657,0.229378,0.0024668739,0.0080293659,0.0002745701
0.034033,-0.207192,-9.763685,0.229378,0.0035310991,0.0069651408,0.0002745701
0.035085,-0.211995,-9.775657,0.229378,0.0035310991,0.0048366905,0.0002745701
0.036101,-0.224004,-9.792417,0.226976,0.0024668739,0.0069651408,-0.0007896551
0.037151,-0.228808,-9.785234,0.23178,0.0014026488,0.0101578162,0.0002745701
0.038201,-0.211995,-9.778051,0.234181,0.0024668739,0.0112220414,0.0013387952
0.039251,-0.195183,-9.775657,0.229378,0.0024668739,0.0090935911,0.0013387952
0.040269,-0.197585,-9.785234,0.226976,0.0014026488,0.0069651408,0.0002745701
0.041319,-0.211995,-9.792417,0.217369,0.0024668739,0.0059009156,0.0002745701
0.042368,-0.211995,-9.787629,0.214967,0.0024668739,0.0080293659,0.0013387952
0.043418,-0.202388,-9.785234,0.217369,0.0024668739,0.0090935911,0.0013387952
0.044437,-0.202388,-9.794812,0.219771,0.0024668739,0.0080293659,0.0013387952
0.045486,-0.199987,-9.7996,0.229378,0.0024668739,0.0069651408,0.0013387952
0.046536,-0.202388,-9.801995,0.222173,0.0024668739,0.0080293659,0.0013387952
0.047588,-0.211995,-9.794812,0.212566,0.0014026488,0.0080293659,0.0002745701
0.048636,-0.211995,-9.785234,0.217369,0.0014026488,0.0069651408,-0.0007896551
0.049654,-0.207192,-9.785234,0.229378,0.0024668739,0.0069651408,-0.0007896551
0.050704,-0.211995,-9.785234,0.23178,0.0024668739,0.0080293659,0.0002745701
0.051753,-0.209594,-9.785234,0.217369,0.0035310991,0.0080293659,0.0002745701
0.052803,-0.202388,-9.787629,0.202958,0.0024668739,0.0069651408,0.0002745701
0.053821,-0.20479,-9.787629,0.202958,0.0035310991,0.0069651408,0.0013387952
0.054871,-0.211995,-9.78284,0.207762,0.0035310991,0.0080293659,0.0013387952
0.055921,-0.216799,-9.785234,0.212566,0.0035310991,0.0069651408,0.0013387952
0.056972,-0.214397,-9.792417,0.217369,0.0035310991,0.0069651408,0.0013387952
0.057989,-0.20479,-9.790023,0.224574,0.0024668739,0.0069651408,0.0024030204
0.059039,-0.192781,-9.78284,0.229378,0.0024668739,0.0069651408,0.0024030204
0.060091,-0.19038,-9.778051,0.229378,0.0024668739,0.0069651408,0.0013387952
0.061139,-0.197585,-9.780446,0.224574,0.0024668739,0.0069651408,0.0013387952
0.062189,-0.207192,-9.778051,0.224574,0.0024668739,0.0069651408,0.0002745701
0.063209,-0.202388,-9.763685,0.226976,0.0024668739,0.0080293659,0.0002745701
0.064257,-0.19038,-9.768474,0.219771,0.0014026488,0.0080293659,0.0002745701
0.065307,-0.192781,-9.780446,0.219771,0.0014026488,0.0069651408,-0.0007896551
0.066356,-0.20479,-9.78284,0.219771,0.0024668739,0.0080293659,-0.0007896551
0.067374,-0.216799,-9.785234,0.226976,0.0035310991,0.0080293659,0.0002745701
0.068424,-0.219201,-9.790023,0.234181,0.0024668739,0.0090935911,0.0002745701
0.069475,-0.197585,-9.780446,0.229378,0.0024668739,0.0090935911,0.0002745701
0.070524,-0.199987,-9.790023,0.217369,0.0024668739,0.0080293659,0.0013387952
0.071542,-0.211995,-9.790023,0.200557,0.0024668739,0.0069651408,0.0002745701
0.072594,-0.214397,-9.792417,0.202958,0.0024668739,0.0069651408,-0.0018538802
0.073642,-0.199987,-9.801995,0.217369,0.0024668739,0.0069651408,-0.0007896551
0.074692,-0.19038,-9.797206,0.222173,0.0024668739,0.0090935911,0.0013387952
0.075742,-0.195183,-9.785234,0.224574,0.0024668739,0.0090935911,0.0013387952
0.07676,-0.207192,-9.785234,0.219771,0.0035310991,0.0069651408,0.0002745701
0.077809,-0.211995,-9.780446,0.217369,0.0035310991,0.0069651408,0.0002745701
0.078859,-0.20479,-9.775657,0.229378,0.0024668739,0.0080293659,0.0002745701
0.079909,-0.197585,-9.780446,0.234181,0.0024668739,0.0069651408,0.0013387952
0.080927,-0.195183,-9.792417,0.226976,0.0035310991,0.0069651408,0.0013387952
0.081977,-0.192781,-9.7996,0.224574,0.0035310991,0.0069651408,0.0013387952
0.083027,-0.195183,-9.792417,0.224574,0.0024668739,0.0080293659,0.0013387952
0.084077,-0.207192,-9.780446,0.214967,0.0014026488,0.0090935911,0.0002745701
0.085094,-0.211995,-9.780446,0.207762,0.0014026488,0.0090935911,0.0002745701
0.086144,-0.20479,-9.785234,0.214967,0.0024668739,0.0080293659,0.0002745701
0.087194,-0.197585,-9.787629,0.224574,0.0024668739,0.0080293659,0.0013387952
0.088244,-0.195183,-9.787629,0.222173,0.0014026488,0.0080293659,0.0013387952
0.089294,-0.207192,-9.785234,0.219771,0.0014026488,0.0069651408,0.0013387952
0.090312,-0.211995,-9.792417,0.219771,0.0024668739,0.0048366905,0.0013387952
0.091362,-0.211995,-9.794812,0.219771,0.0024668739,0.0059009156,0.0002745701
0.092412,-0.209594,-9.792417,0.219771,0.0014026488,0.0080293659,0.0002745701
0.093464,-0.207192,-9.785234,0.219771,0.0024668739,0.0069651408,0.0002745701
0.09448,-0.199987,-9.775657,0.219771,0.0024668739,0.0069651408,0.0002745701
0.09553,-0.216799,-9.778051,0.226976,0.0014026488,0.0069651408,0.0002745701
0.096579,-0.211995,-9.787629,0.222173,0.0024668739,0.0069651408,0.0002745701
0.097629,-0.209594,-9.790023,0.222173,0.0024668739,0.0080293659,0.0002745701
0.098647,-0.211995,-9.785234,0.222173,0.0024668739,0.0069651408,0.0002745701
0.099697,-0.207192,-9.78284,0.217369,0.0024668739,0.0069651408,0.0002745701
0.100747,-0.199987,-9.78284,0.214967,0.0024668739,0.0069651408,-0.0007896551
0.101797,-0.192781,-9.790023,0.219771,0.0014026488,0.0090935911,-0.0007896551
0.102815,-0.192781,-9.794812,0.226976,0.0014026488,0.0101578162,-0.0007896551
0.103865,-0.211995,-9.790023,0.229378,0.0024668739,0.0080293659,-0.0007896551
0.104914,-0.219201,-9.78284,0.229378,0.0035310991,0.0069651408,0.0002745701
0.105967,-0.202388,-9.787629,0.224574,0.0035310991,0.0080293659,0.0013387952
0.107015,-0.19038,-9.804389,0.234181,0.0024668739,0.0069651408,0.0002745701
0.108032,-0.195183,-9.801995,0.23178,0.0024668739,0.0069651408,0.0002745701
0.109084,-0.202388,-9.785234,0.219771,0.0024668739,0.0069651408,0.0002745701
0.110132,-0.209594,-9.78284,0.219771,0.0014026488,0.0080293659,0.0002745701
0.111182,-0.207192,-9.794812,0.23178,0.0024668739,0.0080293659,0.0002745701
0.1122,-0.202388,-9.801995,0.236583,0.0024668739,0.0080293659,0.0002745701
0.11325,-0.209594,-9.794812,0.226976,0.0024668739,0.0080293659,-0.0007896551
0.1143,-0.216799,-9.794812,0.217369,0.0024668739,0.0101578162,-0.0007896551
0.11535,-0.219201,-9.806783,0.212566,0.0024668739,0.0112220414,0.0002745701
0.116368,-0.214397,-9.806783,0.219771,0.0024668739,0.0090935911,0.0002745701
0.117417,-0.202388,-9.7996,0.238985,0.0024668739,0.0059009156,0.0002745701
0.11847,-0.199987,-9.794812,0.243788,0.0024668739,0.0059009156,0.0013387952
0.119517,-0.202388,-9.785234,0.226976,0.0045953242,0.0080293659,0.0013387952
0.120567,-0.199987,-9.778051,0.217369,0.0014026488,0.0080293659,0.0024030204
0.121587,-0.202388,-9.792417,0.210164,0.0014026488,0.0069651408,0.0024030204
0.122635,-0.207192,-9.785234,0.214967,0.0024668739,0.0069651408,0.0024030204
0.123685,-0.20479,-9.778051,0.226976,0.0024668739,0.0080293659,0.0024030204
0.124734,-0.199987,-9.794812,0.229378,0.0003384236,0.0080293659,0.0034672456
0.125752,-0.209594,-9.804389,0.229378,0.0003384236,0.0069651408,0.0024030204
0.126802,-0.214397,-9.801995,0.217369,0.0024668739,0.0069651408,0.0002745701
0.127852,-0.207192,-9.804389,0.212566,0.0024668739,0.0080293659,-0.0007896551
0.128902,-0.199987,-9.801995,0.222173,0.0024668739,0.0069651408,0.0002745701
0.12992,-0.197585,-9.792417,0.229378,0.0024668739,0.0080293659,0.0013387952
0.13097,-0.199987,-9.78284,0.214967,0.0024668739,0.0080293659,0.0002745701
0.13202,-0.199987,-9.785234,0.212566,0.0024668739,0.0069651408,0.0002745701
0.13307,-0.199987,-9.792417,0.224574,0.0014026488,0.0069651408,0.0013387952
0.13412,-0.202388,-9.787629,0.219771,0.0024668739,0.0080293659,0.0002745701
0.135138,-0.195183,-9.785234,0.212566,0.0024668739,0.0080293659,-0.0007896551
0.136188,-0.202388,-9.792417,0.219771,0.0024668739,0.0090935911,0.0013387952
0.137238,-0.219201,-9.794812,0.219771,0.0024668739,0.0080293659,0.0024030204
0.138288,-0.219201,-9.797206,0.229378,0.0024668739,0.0069651408,0.0013387952
0.139305,-0.211995,-9.801995,0.236583,0.0024668739,0.0069651408,0.0002745701
0.140355,-0.20479,-9.794812,0.229378,0.0014026488,0.0059009156,0.0013387952
0.141406,-0.202388,-9.790023,0.222173,0.0014026488,0.0069651408,0.0002745701
0.142455,-0.202388,-9.790023,0.219771,0.0024668739,0.0090935911,-0.0007896551
0.143473,-0.199987,-9.787629,0.212566,0.0024668739,0.0101578162,0.0002745701
0.144523,-0.202388,-9.787629,0.212566,0.0024668739,0.0101578162,0.0013387952
0.145573,-0.219201,-9.790023,0.229378,0.0024668739,0.0090935911,-0.0007896551
0.146622,-0.211995,-9.794812,0.241387,0.0024668739,0.0080293659,0.0002745701
0.147672,-0.207192,-9.787629,0.234181,0.0014026488,0.0069651408,0.0002745701
0.148691,-0.211995,-9.785234,0.229378,0.0024668739,0.0059009156,0.0002745701
0.149741,-0.209594,-9.785234,0.236583,0.0035310991,0.0059009156,0.0002745701
0.15079,-0.211995,-9.794812,0.241387,0.0024668739,0.0090935911,-0.0007896551
0.151843,-0.214397,-9.797206,0.229378,0.0014026488,0.0090935911,-0.0007896551
0.152858,-0.214397,-9.794812,0.217369,0.0014026488,0.0080293659,0.0002745701
0.153908,-0.207192,-9.792417,0.210164,0.0024668739,0.0080293659,0.0002745701
0.15496,-0.199987,-9.790023,0.212566,0.0035310991,0.0080293659,0.0013387952
0.156008,-0.202388,-9.792417,0.219771,0.0035310991,0.0080293659,0.0013387952
0.157026,-0.207192,-9.801995,0.226976,0.0024668739,0.0080293659,0.0013387952
0.158075,-0.211995,-9.7996,0.222173,0.0024668739,0.0069651408,0.0013387952
0.159125,-0.219201,-9.790023,0.210164,0.0035310991,0.0069651408,0.0013387952
0.160175,-0.24562,-9.816361,0.20536,0.0035310991,0.0080293659,0.0002745701
0.161225,-0.269638,-9.828333,0.229378,0.0035310991,0.0080293659,0.0002745701
0.162243,-0.262432,-9.766079,0.250994,0.0024668739,0.0048366905,0.0002745701
0.163293,-0.252825,-9.739742,0.260601,0.0024668739,-0.0015486604,-0.0007896551
0.164345,-0.228808,-9.785234,0.265404,0.0024668739,-0.0068697862,-0.0007896551
0.165393,-0.173567,-9.742136,0.275011,0.0014026488,-0.0079340114,0.0013387952
0.166411,-0.156755,-9.699038,0.270208,-0.0007258016,-0.0089982365,0.0024030204
0.167463,-0.147148,-9.830727,0.263003,-0.0028542519,-0.0089982365,0.0002745701
0.16851,-0.077497,-9.873825,0.27261,-0.003918477,-0.0058055611,-0.0007896551
0.16956,-0.039069,-9.801995,0.260601,-0.0017900267,-0.0015486604,-0.0007896551
0.170579,-0.051077,-9.866642,0.229378,0.0003384236,0.0048366905,-0.0007896551
0.171629,-0.065488,-9.888191,0.19095,0.0024668739,0.0133504917,0.0002745701
0.172678,-0.238415,-9.742136,0.104486,0.0077879997,0.0218642929,0.0045314707
0.173728,-0.305664,-9.813966,0.142914,0.0077879997,0.0218642929,0.0034672456
0.174746,-0.358503,-9.756502,0.210164,0.0077879997,0.0208000678,0.0034672456
0.175796,-0.476189,-9.715798,0.23178,0.0077879997,0.0144147169,0.0045314707
0.176845,-0.495403,-9.809178,0.217369,0.0056595494,0.0059009156,0.0024030204
0.177896,-0.396931,-9.818755,0.169334,0.0035310991,0.0005797899,0.0002745701
0.178946,-0.351298,-9.763685,0.099683,0.0014026488,-0.0015486604,-0.0007896551
0.179966,-0.276843,-9.778051,0.039639,-0.0007258016,-0.0015486604,-0.0018538802
0.181014,-0.12313,-9.785234,0.018023,-0.0007258016,-0.0004844353,-0.0029181054
0.182063,-0.091907,-9.792417,0.049246,0.0035310991,0.0005797899,-0.0029181054
0.183113,-0.115925,-9.801995,0.102084,0.0088522248,-0.0036771108,-0.0018538802
0.184131,-0.007846,-9.734953,0.202958,0.0120449003,-0.0089982365,-0.0018538802
0.185181,0.088225,-9.691855,0.325448,0.0120449003,-0.0143193623,-0.0007896551
0.186231,0.023377,-9.830727,0.431126,0.0088522248,-0.0164478126,0.0024030204
0.187281,-0.022256,-9.871431,0.522393,0.0035310991,-0.0153835874,0.0055956959
0.188298,-0.053479,-9.785234,0.515188,-0.0028542519,-0.0111266868,0.0045314707
0.189348,-0.185576,-9.885797,0.510384,-0.0060469273,-0.0036771108,0.0024030204
0.190399,-0.219201,-9.883403,0.481563,-0.0049827022,0.0069651408,0.0002745701
0.191448,-0.168764,-9.756502,0.299029,0.0003384236,0.0176073923,-0.0007896551
0.192498,-0.281647,-9.734953,0.202958,0.0067237745,0.0261211936,0.0024030204
0.193516,-0.452172,-9.699038,0.080469,0.0120449003,0.029313869,0.006659921
0.194566,-0.476189,-9.734953,-0.046825,0.0131091254,0.0250569684,0.0055956959
0.195616,-0.432958,-9.718193,0.092477,0.0109806751,0.0218642929,0.0034672456
0.196665,-0.461779,-9.648756,0.210164,0.0077879997,0.0186716175,0.0034672456
0.197684,-0.324878,-9.938473,0.407108,-0.003918477,0.0133504917,0.0045314707
0.198733,-0.31287,-9.699038,0.320645,-0.0060469273,0.0144147169,0.0034672456
0.199783,-0.257629,-9.871431,0.147718,-0.0081753776,0.0122862666,0.0013387952
0.200835,-0.024658,-10.067767,0.075665,-0.0081753776,0.0186716175,-0.0018538802
0.201851,0.061805,-9.703826,-0.0132,-0.0028542519,0.0303780942,-0.0050465557
0.202901,-0.022256,-9.624813,-0.046825,0.0003384236,0.0325065445,-0.0029181054
0.203951,0.011368,-9.952839,0.106888,0.0035310991,0.0271854187,0.0013387952
0.205,-0.010247,-9.775657,0.219771,0.0088522248,0.0165431672,0.0024030204
0.20605,-0.209594,-9.526645,0.315841,0.0109806751,-0.0004844353,0.0034672456
0.207069,-0.238415,-9.804389,0.474358,0.0077879997,-0.0153835874,0.0055956959
0.208118,-0.142344,-9.900163,0.512786,0.0024668739,-0.0132551371,0.0045314707
0.209168,-0.274441,-9.667911,0.488768,-0.0017900267,-0.0047413359,0.0024030204
0.21022,-0.380119,-9.751713,0.421519,-0.0060469273,0.0027082402,0.0002745701
0.211236,-0.250424,-9.933684,0.318243,-0.0081753776,0.0165431672,-0.0007896551
0.212286,-0.279245,-9.871431,0.234181,-0.0049827022,0.0325065445,-0.0029181054
0.213338,-0.356101,-9.801995,0.135709,-0.0007258016,0.0356992199,-0.0029181054
0.214386,-0.161558,-9.813966,0.080469,0.0045953242,0.0378276702,0.0002745701
0.215403,-0.055881,-9.785234,0.056451,0.0088522248,0.0452772463,0.0013387952
0.216453,-0.187978,-9.713404,-0.020405,0.0077879997,0.0463414715,0.0034672456
0.217503,-0.238415,-9.742136,-0.056432,0.0024668739,0.043148796,0.006659921
0.218553,-0.274441,-9.919318,0.030032,0.0014026488,0.0420845709,0.0055956959
0.219603,-0.360905,-9.998331,0.114093,-0.0007258016,0.0378276702,0.0034672456
0.220621,-0.332084,-9.758896,0.229378,-0.0017900267,0.029313869,0.0013387952
0.221671,-0.288852,-9.622419,0.306234,0.0035310991,0.0239927432,0.0024030204
0.222721,-0.279245,-9.763685,0.267806,0.0067237745,0.0186716175,0.0034672456
0.22377,-0.226406,-9.272844,0.159727,-0.0017900267,0.0037724653,0.0002745701
0.224788,-0.224004,-9.823544,0.152521,-0.0071111525,-0.0047413359,-0.0029181054
0.22584,-0.120729,-10.221006,0.248592,-0.0081753776,-0.012190912,-0.0082392311
0.226888,-0.075095,-9.866642,0.248592,-0.0017900267,-0.0185762629,-0.0114319066
0.227938,-0.106318,-10.017486,0.31344,0.0077879997,-0.0281542893,-0.007175006
0.228956,0.073814,-10.264104,0.335055,0.0131091254,-0.0313469647,-0.0029181054
0.230006,0.186697,-9.670306,0.301431,0.0141733506,-0.0207047132,0.0013387952
0.231056,-0.024658,-9.450025,0.330252,0.0131091254,-0.0058055611,0.0034672456
0.232106,-0.084702,-9.751713,0.395099,0.0045953242,0.0090935911,0.0034672456
0.233124,-0.166362,-9.543405,0.464751,-0.0017900267,0.0261211936,0.0013387952
0.234174,-0.596277,-9.588898,0.443135,-0.0028542519,0.0303780942,0.0013387952
0.235223,-0.706758,-10.048613,0.361475,-0.003918477,0.0176073923,0.0013387952
0.236274,-0.447368,-9.904952,0.202958,-0.0017900267,0.0112220414,-0.0007896551
0.237323,-0.459377,-9.754108,0.010818,-0.0007258016,0.015478942,0.0002745701
0.238344,-0.44977,-9.938473,-0.123681,-0.003918477,0.0218642929,0.0024030204
0.239391,-0.228808,-9.749319,-0.142895,-0.0049827022,0.0303780942,0.0013387952
0.240441,-0.31287,-9.622419,-0.0132,0.0035310991,0.0378276702,-0.0007896551
0.241491,-0.404136,-9.849882,0.118897,0.0109806751,0.0325065445,-0.0029181054
0.242509,-0.166362,-9.861853,0.200557,0.0152375758,0.0229285181,-0.0061107808
0.243559,-0.055881,-9.823544,0.229378,0.0194944764,0.0176073923,-0.0050465557
0.244609,0.047395,-9.859459,0.19095,0.0152375758,0.0101578162,-0.0029181054
0.245658,0.287571,-9.718193,0.152521,0.0014026488,0.0037724653,-0.0007896551
0.246677,0.222723,-9.713404,0.212566,-0.0081753776,0.0037724653,0.0013387952
0.247726,0.001761,-9.83791,0.303832,-0.0103038279,0.0027082402,0.0013387952
0.248776,-0.142344,-9.811572,0.339859,0.0067237745,-0.0047413359,-0.0007896551
0.249826,-0.380119,-9.888191,0.238985,0.0173660261,-0.012190912,0.0013387952
0.250876,-0.476189,-9.90974,0.08287,0.023751377,-0.0207047132,0.0024030204
0.251894,-0.392128,-9.658334,0.02763,0.023751377,-0.0238973887,0.0013387952
0.252944,-0.358503,-9.512279,0.061255,0.0163018009,-0.026025839,-0.0018538802
0.253993,-0.435359,-9.871431,0.260601,0.0067237745,-0.0313469647,-0.0039823305
0.255043,-0.358503,-9.847487,0.435929,0.0003384236,-0.039860766,-0.0039823305
0.256061,-0.214397,-9.555377,0.459947,0.0014026488,-0.0441176666,-0.0050465557
0.257111,-0.228808,-10.053401,0.443135,0.0067237745,-0.0419892163,-0.0029181054
0.258161,-0.031863,-10.125232,0.311038,0.0088522248,-0.0292185144,-0.0007896551
0.259213,0.241938,-9.394955,0.126102,0.0067237745,-0.0036771108,-0.0007896551
0.260229,0.066609,-9.631996,0.159727,0.0014026488,0.0261211936,0.0024030204
0.261279,-0.127934,-10.110866,0.279815,-0.003918477,0.0410203457,0.0077241462
0.262329,-0.0823,-9.584109,0.378287,-0.0060469273,0.0399561205,0.0045314707
0.263378,-0.243218,-9.473969,0.594446,-0.0017900267,0.0271854187,0.0013387952
0.264428,-0.372914,-10.118049,0.683311,0.0024668739,0.0059009156,0.0034672456
0.265446,-0.161558,-10.015092,0.563223,0.0056595494,-0.0111266868,0.0055956959
0.266496,-0.130336,-9.541011,0.330252,0.0077879997,-0.0111266868,0.006659921
0.267546,-0.356101,-9.883403,0.104486,0.0056595494,-0.0015486604,0.0098525965
0.268596,-0.308066,-10.165936,0.039639,-0.0007258016,0.0090935911,0.0077241462
0.269614,-0.202388,-9.694249,0.080469,-0.0028542519,0.0208000678,-0.0007896551
0.270664,-0.40894,-9.569743,0.238985,0.0024668739,0.0218642929,-0.0050465557
0.271716,-0.440163,-9.952839,0.28702,0.0077879997,0.0090935911,-0.0007896551
0.272763,-0.248022,-9.93129,0.102084,0.0141733506,-0.0004844353,0.0034672456
0.273781,-0.392128,-9.560166,-0.128485,0.0141733506,-0.0058055611,0.0045314707
0.274831,-0.255227,-9.94805,-0.210145,-0.0124322782,-0.0185762629,-0.0018538802
0.275881,-0.233611,-9.751713,0.030032,-0.0156249537,-0.0164478126,-0.007175006
0.27693,-0.401735,-9.610447,0.222173,-0.0145607286,-0.026025839,-0.0061107808
0.277981,-0.125532,-9.785234,0.481563,-0.0081753776,-0.0366680905,-0.0050465557
0.278999,0.29958,-9.63439,0.45034,0.0014026488,-0.0356038654,-0.0039823305
0.280048,0.263553,-9.653545,0.361475,0.0056595494,-0.0270900641,0.0002745701
0.281098,0.208313,-9.981571,0.414314,0.0014026488,-0.0132551371,0.006659921
0.282148,0.42207,-9.785234,0.332654,-0.0049827022,0.0080293659,0.0077241462
0.283166,0.294776,-9.751713,0.399903,-0.0071111525,0.0346349948,0.006659921
0.284219,-0.065488,-10.204245,0.517589,-0.0028542519,0.0537910475,0.0098525965
0.285266,-0.154353,-10.062979,0.311038,0.0077879997,0.0654975242,0.0151737222
0.286316,-0.300861,-9.667911,0.106888,0.0184302512,0.0718828752,0.0151737222
0.287336,-0.687544,-9.816361,-0.034816,0.0248156021,0.0686901997,0.0141094971
0.288384,-0.939729,-9.981571,-0.178922,0.0258798273,0.0559194979,0.0130452719
0.289434,-0.889292,-9.323125,-0.104467,0.023751377,0.0399561205,0.0055956959
0.290483,-0.819641,-8.887354,-0.034816,0.0205587015,0.0112220414,-0.0029181054
0.291533,-0.793222,-9.694249,0.24619,0.0109806751,-0.0313469647,-0.0018538802
0.292551,-0.591474,-9.957627,0.452742,0.0035310991,-0.0792370967,0.0034672456
0.293601,-0.291254,-9.648756,0.265404,-0.0081753776,-0.116484977,-0.0007896551
0.294651,0.232331,-10.165936,0.263003,-0.0230745298,-0.130319904,-0.0103676814
0.295701,0.880806,-10.402976,-0.025209,-0.0294598807,-0.10265005,-0.0146245821
0.296721,0.962466,-10.175513,-0.282197,-0.0252029801,-0.0483745672,-0.0103676814
0.297769,0.710281,-10.0965,-0.287001,-0.0103038279,0.0005797899,-0.0018538802
0.298819,0.530149,-9.529039,-0.371063,0.0131091254,0.0335707696,0.0045314707
0.299869,-0.519421,-9.624813,0.284618,0.0567423567,0.0133504917,0.0130452719
0.300887,-0.644313,-9.246506,0.779381,0.0546139064,-0.0217689384,0.0173021725
0.301936,-0.949336,-9.169887,1.043575,0.0407789794,-0.0462461169,0.0173021725
0.302986,-1.314404,-10.391004,1.067593,0.0152375758,-0.0696590703,0.0130452719
0.304036,-0.822043,-10.321568,1.242921,-0.017753404,-0.074980196,0.0045314707
0.305054,-0.476189,-9.622419,0.99554,-0.0358452316,-0.0494387924,-0.0007896551
0.306104,-0.906105,-10.551426,1.041173,-0.0432948077,-0.0302827396,-0.0018538802
0.307153,-0.476189,-10.094105,0.933094,-0.0390379071,-0.0196404881,-0.0029181054
0.308204,0.311589,-8.647919,0.16453,-0.0166891789,0.0229285181,-0.007175006
0.309253,0.01377,-9.658334,-0.037218,0.0045953242,0.0729471003,-0.0061107808
0.310271,-0.02706,-9.921712,-0.455124,0.0109806751,0.0899747028,-0.0050465557
0.311321,0.338008,-8.793974,-0.887442,0.0088522248,0.0867820273,-0.0093034563
0.312371,-0.010247,-9.904952,-0.440714,0.0045953242,0.0665617494,-0.0082392311
0.313421,-0.144746,-10.836353,-0.142895,0.0024668739,0.0239927432,-0.0029181054
0.314439,0.174688,-9.881008,0.015621,0.0014026488,-0.0175120377,0.0002745701
0.315489,0.028181,-9.919318,0.318243,0.0067237745,-0.0483745672,0.0077241462
0.316539,-0.115925,-10.232977,0.289422,0.0120449003,-0.0685948451,0.0162379474
0.317591,0.17709,-9.385378,0.195753,0.0045953242,-0.0664663948,0.0183663977
0.318606,-0.003042,-9.385378,0.351868,-0.0049827022,-0.0430534414,0.0173021725
0.319656,-0.538635,-9.981571,0.467152,-0.0134965034,-0.0281542893,0.0141094971
0.320706,-0.466582,-9.52425,0.486366,-0.0209460795,-0.0302827396,0.0055956959
0.321756,-0.224004,-9.311153,0.592044,-0.0220103046,-0.0249616138,-0.0029181054
0.322806,-0.293655,-9.845093,0.519991,-0.0145607286,-0.0164478126,-0.0061107808
0.323824,-0.228808,-9.794812,0.066058,-0.0124322782,-0.0153835874,-0.0029181054
0.324874,-0.233611,-9.718193,-0.301412,-0.0081753776,-0.0089982365,0.0013387952
0.325924,-0.565055,-10.288047,-0.061235,0.0194944764,-0.0153835874,-0.0039823305
0.326974,-0.372914,-9.895374,0.474358,0.0333294034,-0.0409249911,-0.0061107808
0.327992,-0.219201,-9.641573,0.940299,0.0407789794,-0.0685948451,-0.0007896551
0.329041,0.020975,-9.665517,0.889862,0.0312009531,-0.0866866727,0.0077241462
0.330094,0.261152,-9.701432,0.760167,0.0067237745,-0.0771086464,0.0130452719
0.331141,0.325999,-9.418899,0.306234,-0.0241387549,-0.0462461169,0.0098525965
0.332159,0.249143,-9.313548,-0.018004,-0.0507443838,-0.0132551371,0.0013387952
0.333211,0.114644,-9.63439,0.066058,-0.0613866353,0.0080293659,-0.0039823305
0.334259,-0.260031,-10.101288,-0.070842,-0.0432948077,0.0144147169,0.0002745701
0.335308,-0.6275,-10.137204,-0.082851,-0.0081753776,0.0059009156,0.006659921
0.336358,-0.468984,-9.631996,-0.128485,0.0226871518,-0.012190912,0.0055956959
0.337376,-0.250424,-9.907346,-0.078048,0.0397147543,-0.0345396402,0.0034672456
0.338426,-0.293655,-10.510722,0.467152,0.037586304,-0.061145269,0.0077241462
0.339476,-0.310468,-10.055796,0.707329,0.0205587015,-0.0824297721,0.0087883713
0.340525,-0.209594,-9.382984,0.851434,-0.0007258016,-0.0856224476,0.0034672456
0.341544,-0.202388,-9.366223,0.856238,-0.017753404,-0.0760444212,-0.0007896551
0.342596,-0.392128,-9.713404,0.435929,-0.0283956555,-0.0717875206,-0.0007896551
0.343643,-0.452172,-9.591292,0.214967,-0.0305241059,-0.06753062,0.0002745701
0.344693,-0.428154,-9.153126,-0.027611,-0.0209460795,-0.0515672427,-0.0039823305
0.345714,-0.548242,-9.818755,-0.198136,-0.0103038279,-0.0356038654,-0.0093034563
0.346761,-0.536233,-10.48199,0.015621,0.0003384236,-0.0196404881,-0.0103676814
0.347811,-0.468984,-9.825938,-0.010798,0.0120449003,-0.0089982365,-0.0103676814
0.34886,-0.601081,-9.890586,0.126102,0.0131091254,-0.0143193623,-0.0093034563
0.349911,-0.502609,-10.357484,0.539205,0.0035310991,-0.0281542893,-0.0050465557
0.350928,-0.216799,-9.713404,0.459947,-0.0103038279,-0.0345396402,-0.0039823305
0.351978,0.04019,-9.529039,0.49117,-0.031588331,-0.0153835874,-0.0103676814
0.353028,0.304383,-8.930452,0.051647,-0.0305241059,0.015478942,-0.0082392311
0.354078,-0.106318,-9.639179,0.030032,-0.0241387549,0.0378276702,-0.0029181054
0.355097,-0.31287,-10.134809,0.039639,-0.0156249537,0.0399561205,0.0002745701
0.356146,0.020975,-9.299182,-0.210145,-0.0060469273,0.0463414715,0.0002745701
0.357195,-0.219201,-10.062979,0.092477,0.0045953242,0.0537910475,0.0013387952
0.358245,-0.473788,-10.963254,0.20536,0.0141733506,0.0548552727,0.0055956959
0.359264,0.018574,-9.294393,-0.008397,0.0184302512,0.0644332991,0.0034672456
0.360313,-0.0823,-9.117211,-0.078048,0.0205587015,0.0654975242,-0.0018538802
0.361363,-0.529028,-11.085366,0.037237,0.0173660261,0.0410203457,0.0013387952
0.362413,0.025779,-9.766079,-0.003593,0.00991645,0.0229285181,0.0024030204
0.363431,0.345213,-7.98229,-0.486347,0.0056595494,0.0218642929,-0.0007896551
0.36448,-0.192781,-10.508328,-0.195734,0.0056595494,0.0122862666,0.0013387952
0.36553,-0.103916,-10.932127,-0.001191,0.00991645,-0.0015486604,0.0098525965
0.36658,0.225125,-8.030177,-0.839406,0.00991645,-0.0153835874,0.006659921
0.367629,-0.24562,-9.588898,-0.563204,0.0077879997,-0.0345396402,0.0002745701
0.368648,-0.341691,-11.624094,0.078067,0.0163018009,-0.0451818917,0.0077241462
0.369698,0.162679,-8.872987,-0.404687,0.023751377,-0.0409249911,0.0109168216
0.370747,-0.228808,-9.069324,-0.188529,0.0290725027,-0.0473103421,0.0002745701
0.371797,-0.725973,-11.889867,0.536803,0.0397147543,-0.0579525936,0.0024030204
0.372815,-0.159157,-9.720587,0.351868,0.0450358801,-0.0515672427,0.006659921
0.373865,-0.120729,-8.327076,0.392698,0.0407789794,-0.0515672427,0.0013387952
0.374914,-0.591474,-11.015929,0.796194,0.0333294034,-0.0558241433,0.0024030204
0.375966,0.011368,-9.881008,0.592044,0.0184302512,-0.0324111899,0.0087883713
0.376982,0.213116,-8.068486,0.558419,0.0077879997,-0.0100624617,0.0024030204
0.378032,-0.211995,-10.285653,0.423921,0.0067237745,0.0186716175,0.0077241462
0.379081,-0.005444,-8.554539,-0.157306,0.0163018009,0.0559194979,0.0034672456
0.380131,-0.682741,-10.905789,0.279815,0.023751377,0.0580479482,0.0002745701
0.381181,-0.473788,-10.862691,0.503179,0.0301367279,0.0580479482,0.0055956959
0.382199,-0.043872,-8.559328,0.166932,0.0386505291,0.0665617494,0.0002745701
0.383249,-0.529028,-10.781283,0.544009,0.0354578537,0.0548552727,-0.0018538802
0.384299,-0.32728,-11.094943,0.786587,0.0258798273,0.0452772463,0.0098525965
0.385349,0.338008,-7.644687,0.140513,0.0152375758,0.0591121733,0.0087883713
0.386366,-0.209594,-9.57932,0.241387,0.0003384236,0.0644332991,0.0034672456
0.387416,-0.442565,-11.463673,0.803399,-0.0103038279,0.0601763985,0.0119810468
0.388469,-0.005444,-8.535384,-0.080449,-0.0124322782,0.0686901997,0.0077241462
0.389516,-0.730776,-9.426082,-0.022807,-0.0081753776,0.07081865,-0.0050465557
0.390534,-1.088639,-10.920156,0.810604,-0.0007258016,0.0484699218,-0.0007896551
0.391583,-0.435359,-9.186647,0.073263,0.0088522248,0.0314423193,0.0002745701
0.392633,-0.57226,-10.350301,0.512786,0.0131091254,0.0250569684,-0.0039823305
0.393683,-0.634706,-11.013535,1.024361,0.0045953242,0.0239927432,-0.0018538802
0.394733,-0.154353,-9.186647,0.539205,-0.0081753776,0.0239927432,-0.0050465557
0.395751,-0.199987,-9.897769,1.139646,-0.0188176292,0.0250569684,-0.0103676814
0.396801,-0.094309,-10.062979,0.981129,-0.031588331,0.0378276702,-0.0061107808
0.39785,0.114644,-8.470737,0.443135,-0.0379736819,0.0623048488,-0.0061107808
0.3989,-0.226406,-9.404533,0.541607,-0.0379736819,0.0814609015,-0.0093034563
0.399918,-0.243218,-10.391004,0.126102,-0.0337167813,0.0963600537,-0.007175006
0.40097,-0.236013,-9.859459,0.070862,-0.0230745298,0.1112592058,-0.0082392311
0.402017,-0.589072,-10.106077,0.440733,-0.0103038279,0.1091307555,-0.0114319066
0.403067,-0.0823,-10.012697,0.452742,0.0014026488,0.0931673782,-0.0082392311
0.404088,-0.175969,-10.067767,0.584839,-0.0028542519,0.0963600537,-0.0007896551
0.405134,-0.036667,-9.265661,0.008416,-0.0166891789,0.1101949807,-0.0007896551
0.406184,0.09543,-9.119605,0.018023,-0.0326525562,0.1325437089,-0.0050465557
0.407234,0.13626,-9.495518,-0.133288,-0.0358452316,0.1527639868,-0.0050465557
0.408284,0.105037,-9.344674,-0.500758,-0.0294598807,0.1602135629,-0.0018538802
0.409302,0.037788,-9.529039,-0.51757,-0.0198818543,0.1506355365,0.0002745701
0.410351,0.049797,-10.177907,-0.92587,-0.0017900267,0.1431859605,0.0034672456
0.411401,0.049797,-10.323963,-0.971503,0.0120449003,0.1421217353,0.0034672456
0.412451,0.107439,-10.086922,-0.921066,0.0141733506,0.1346721592,0.0034672456
0.413471,-0.015051,-10.170724,-0.697702,0.0194944764,0.1229656825,0.0077241462
0.414519,-0.171166,-9.811572,-0.260582,0.0258798273,0.1027454046,0.0130452719
0.415569,-0.185576,-9.306365,-0.33984,0.0301367279,0.0729471003,0.0151737222
0.416618,-0.375315,-9.45242,0.092477,0.0354578537,0.043148796,0.0162379474
0.417636,-0.579465,-9.557771,0.222173,0.0333294034,0.0122862666,0.0130452719
0.418686,-0.593876,-9.938473,0.049246,0.0248156021,-0.0175120377,0.0055956959
0.419736,-0.279245,-10.024669,0.556018,0.0141733506,-0.0302827396,-0.0050465557
0.420786,0.114644,-9.385378,0.512786,0.0045953242,-0.026025839,-0.0124961318
0.421838,0.097832,-9.74453,0.596847,-0.003918477,-0.0196404881,-0.0093034563
0.422853,0.008967,-9.991148,0.91388,-0.0049827022,-0.0175120377,0.0013387952
0.423903,-0.072693,-9.332702,0.611258,0.0045953242,-0.0175120377,0.0087883713
0.424953,-0.250424,-9.94805,0.640079,0.0109806751,-0.0196404881,0.006659921
0.426002,-0.034265,-10.268893,0.85864,0.0152375758,-0.0068697862,0.0013387952
0.42702,0.121849,-9.461997,0.719337,0.0173660261,0.0218642929,-0.0061107808
0.42807,-0.250424,-9.888191,0.863443,0.0088522248,0.0420845709,-0.0050465557
0.42912,-0.353699,-8.961578,0.556018,-0.0092396028,0.0729471003,0.0087883713
0.43017,-0.476189,-9.943261,0.519991,-0.0188176292,0.0782682261,0.006659921
0.431188,-0.262432,-9.921712,0.40951,-0.0230745298,0.0921031531,0.0045314707
0.432237,-0.226406,-9.35904,-0.080449,-0.0134965034,0.1187087819,-0.0007896551
0.433287,-0.54584,-9.991148,0.178941,-0.0017900267,0.1431859605,-0.0029181054
0.434339,-0.605884,-9.897769,0.159727,0.0120449003,0.1559566623,-0.0018538802
0.435355,-0.620295,-9.83791,0.06846,0.0216229267,0.1516997617,-0.0018538802
0.436404,-0.536233,-9.897769,0.455144,0.0152375758,0.1346721592,-0.0007896551
0.437454,-0.305664,-9.514673,0.399903,0.0014026488,0.112323431,0.0013387952
0.438504,-0.065488,-9.768474,0.486366,-0.0145607286,0.0974242788,0.0024030204
0.439554,0.241938,-9.648756,0.323047,-0.0305241059,0.1027454046,0.0024030204
0.440571,0.167483,-9.409322,0.030032,-0.0390379071,0.1144518813,0.0002745701
0.441621,-0.336887,-10.175513,-0.128485,-0.0347810065,0.1112592058,-0.0018538802
0.442671,-0.579465,-10.029458,-0.471937,-0.0188176292,0.1016811795,-0.0029181054
0.443723,-0.555447,-9.476363,-0.553597,0.0056595494,0.0867820273,-0.0093034563
0.444739,-0.54584,-9.991148,-0.428705,0.0280082776,0.07081865,-0.0124961318
0.445789,-0.432958,-9.751713,-0.186127,0.0397147543,0.0559194979,-0.007175006
0.446841,-0.517019,-9.483546,-0.114074,0.0418432046,0.0420845709,-0.0050465557
0.447888,-0.557849,-10.005514,0.260601,0.0322651782,0.0335707696,-0.0050465557
0.448906,-0.219201,-9.83791,0.421519,0.0131091254,0.0410203457,-0.0093034563
0.449956,-0.130336,-9.940867,0.229378,-0.0049827022,0.0580479482,-0.0135603569
0.451006,-0.101514,-10.01988,0.443135,-0.0209460795,0.0857178022,-0.0146245821
0.452056,-0.003042,-9.603264,-0.082851,-0.0209460795,0.1176445568,-0.0135603569
0.453105,-0.159157,-9.763685,-0.174118,-0.0103038279,0.1378648347,-0.0124961318
0.454124,-0.087104,-9.493124,0.135709,-0.0007258016,0.1410575101,-0.0103676814
0.455173,-0.015051,-10.067767,0.539205,0.0226871518,0.1272225831,-0.0061107808
0.456223,-0.015051,-9.730164,0.769774,0.0280082776,0.1027454046,-0.0039823305
0.457273,0.071412,-10.235372,0.673704,0.0248156021,0.07081865,-0.0018538802
0.458291,0.239536,-10.321568,1.401438,0.0141733506,0.0580479482,0.0002745701
0.459342,0.338008,-9.416505,0.978728,0.0003384236,0.0548552727,0.0013387952
0.46039,0.316392,-9.974388,1.115628,-0.0209460795,0.0537910475,-0.0007896551
0.46144,0.321196,-9.83791,1.19969,-0.0326525562,0.0654975242,0.0024030204
0.462458,0.105037,-9.119605,0.332654,-0.031588331,0.0793324512,0.0034672456
0.463507,-0.214397,-9.90974,0.438331,-0.0241387549,0.0803966764,0.0034672456
0.464557,-0.356101,-9.957627,-0.066039,-0.0081753776,0.0718828752,0.0045314707
0.465607,-0.677937,-9.845093,-0.553597,0.00991645,0.0537910475,0.0013387952
0.466657,-0.829248,-10.376638,-0.224555,0.0216229267,0.0271854187,-0.0018538802
0.467674,-0.483395,-9.861853,-0.248573,0.0280082776,0.0101578162,-0.0029181054
0.468725,-0.425752,-9.691855,0.06846,0.0226871518,-0.0015486604,-0.0050465557
0.469774,-0.339289,-9.612841,0.325448,0.0067237745,-0.0100624617,-0.0007896551
0.470824,-0.060684,-9.119605,0.147718,-0.0071111525,-0.0015486604,0.0013387952
0.471844,-0.221603,-9.916923,0.051647,-0.0156249537,0.0197358426,0.0024030204
0.472891,-0.211995,-10.01988,-0.21735,-0.0209460795,0.056983723,0.0024030204
0.473941,-0.091907,-9.641573,-0.764952,-0.0156249537,0.1038096298,-0.0018538802
0.474991,-0.36811,-10.486778,-0.68089,-0.0028542519,0.139993285,-0.0018538802
0.476009,-0.444966,-10.149175,-0.577614,0.0141733506,0.1580851126,0.0013387952
0.477059,-0.418547,-9.485941,-0.688095,0.0312009531,0.1559566623,0.0002745701
0.478108,-0.541037,-9.976782,-0.015602,0.037586304,0.139993285,0.0045314707
0.479158,-0.507412,-9.82115,0.178941,0.0397147543,0.1208372322,0.0109168216
0.480208,-0.430556,-10.134809,0.666499,0.0301367279,0.1048738549,0.0077241462
0.481226,-0.281647,-9.926501,0.483965,0.023751377,0.1133876562,0.0013387952
0.482275,-0.180773,-9.663123,0.469554,0.0152375758,0.1133876562,-0.0082392311
0.483325,0.052198,-9.718193,0.519991,0.0077879997,0.1091307555,-0.0103676814
0.484375,0.270759,-9.483546,0.512786,0.0067237745,0.1038096298,-0.0082392311
0.485393,0.179492,-9.82115,0.676106,0.0077879997,0.084653577,-0.0018538802
0.486442,0.210715,-10.197062,0.973924,0.0120449003,0.0591121733,0.0034672456
0.487492,0.31399,-9.890586,1.125235,0.0152375758,0.0335707696,0.006659921
0.488542,0.352419,-9.938473,0.981129,0.0067237745,0.0122862666,0.0087883713
0.48956,0.388445,-10.197062,0.937898,-0.0028542519,0.0133504917,0.0109168216
0.490609,0.359624,-9.734953,0.568026,-0.0124322782,0.0346349948,0.0098525965
0.491659,0.35482,-9.196225,0.229378,-0.0262672052,0.0601763985,0.006659921
0.492709,-0.00064,-9.572137,0.263003,-0.0262672052,0.0772040009,0.0077241462
0.493727,-0.478591,-10.031852,0.078067,-0.0113680531,0.0740113255,0.0087883713
0.494776,-0.69475,-9.828333,0.092477,0.0109806751,0.0548552727,0.006659921
0.495826,-1.004577,-9.794812,0.202958,0.0343936285,0.0303780942,0.0045314707
0.496876,-1.038202,-9.957627,0.111692,0.0407789794,0.0133504917,0.0024030204
0.497926,-0.716366,-9.96481,0.279815,0.0301367279,0.0144147169,0.0024030204
0.498944,-0.493002,-9.823544,0.299029,0.0077879997,0.0346349948,0.0024030204
0.499993,-0.284048,-9.332702,0.174137,-0.0220103046,0.0633690739,-0.0029181054
0.501043,-0.171166,-9.296787,0.202958,-0.0411663574,0.0974242788,-0.0093034563
0.502095,-0.358503,-9.921712,-0.073244,-0.0379736819,0.1250941328,-0.0103676814
0.503111,-0.603483,-9.974388,-0.371063,-0.017753404,0.1336079341,-0.0082392311
0.50416,-0.622697,-9.713404,-0.498356,0.00991645,0.1293510335,-0.0093034563
0.505213,-0.553046,-10.010303,-0.54399,0.0312009531,0.1176445568,-0.0103676814
0.50626,-0.36811,-9.543405,0.193351,0.0280082776,0.0910389279,-0.0039823305
0.507278,-0.252825,-9.236928,0.519991,0.0120449003,0.0867820273,-0.0039823305
0.508327,-0.214397,-9.615236,0.805801,-0.0049827022,0.0857178022,-0.0050465557
0.509377,-0.216799,-10.098894,0.81781,-0.0113680531,0.0889104776,-0.0061107808
0.510427,-0.171166,-9.991148,0.616062,-0.0081753776,0.1027454046,-0.0082392311
0.511477,-0.022256,-9.603264,0.289422,-0.0017900267,0.1250941328,-0.0103676814
0.512495,-0.070292,-9.914529,0.056451,0.0056595494,0.1431859605,-0.0093034563
0.513544,-0.115925,-9.976782,0.010818,0.0109806751,0.153828212,-0.0050465557
0.514597,-0.12313,-9.564954,-0.005995,0.0141733506,0.153828212,-0.0039823305
0.515644,-0.23121,-9.605658,0.433528,0.0131091254,0.1336079341,-0.0029181054
0.516661,-0.031863,-9.593686,0.793792,0.0067237745,0.0963600537,-0.0018538802
0.517713,0.261152,-9.684672,0.921085,0.0014026488,0.0644332991,0.0002745701
0.518761,0.321196,-9.881008,0.904273,-0.003918477,0.0474056966,0.0045314707
0.519811,0.321196,-9.761291,0.464751,-0.0092396028,0.0474056966,0.0045314707
0.520829,0.256348,-9.916923,0.140513,-0.0145607286,0.0591121733,-0.0007896551
0.525028,-0.644313,-10.110866,0.263003,0.0120449003,0.0665617494,0.0109168216
0.526045,-0.836454,-9.804389,0.296627,0.0290725027,0.0410203457,0.0098525965
0.522928,0.131456,-9.399744,0.015621,-0.0156249537,0.0910389279,-0.0007896551
0.528145,-0.125532,-9.488335,0.104486,0.0131091254,0.0208000678,-0.0093034563
0.529195,-0.209594,-9.93129,0.020425,-0.0028542519,0.0452772463,-0.0050465557
0.530215,-0.377717,-9.543405,-0.31342,-0.0145607286,0.0718828752,0.0002745701
0.531263,-0.382521,-9.461997,-0.445517,-0.0113680531,0.0899747028,-0.0039823305
0.532312,-0.303262,-10.108471,-0.306215,0.023751377,0.0931673782,-0.0061107808
0.533362,-0.161558,-9.754108,-0.118878,0.0429074297,0.0931673782,-0.0007896551
0.53438,-0.06789,-9.794812,-0.001191,0.0439716549,0.0995527292,0.0055956959
0.535429,-0.048676,-9.897769,0.078067,0.0333294034,0.1133876562,0.0109168216
0.523978,-0.262432,-9.61763,0.099683,-0.0049827022,0.084653577,0.0045314707
0.521879,0.237134,-9.897769,-0.010798,-0.0198818543,0.0772040009,-0.0029181054
0.527098,-0.557849,-9.220168,0.099683,0.0280082776,0.0176073923,-0.0018538802
0.536479,-0.125532,-9.790023,-0.063637,0.0152375758,0.1272225831,0.0098525965
0.537529,-0.132737,-9.572137,-0.09486,-0.0007258016,0.1368006095,0.006659921
0.538579,-0.180773,-9.500307,-0.046825,0.0014026488,0.1378648347,0.0045314707
0.539599,-0.291254,-9.828333,0.075665,0.0173660261,0.1219014574,0.0045314707
0.540646,-0.28645,-10.01988,0.188548,0.0386505291,0.0942316034,0.0055956959
0.541696,-0.276843,-9.83791,0.315841,0.058870807,0.0654975242,0.0077241462
0.542746,-0.425752,-10.051007,0.683311,0.0641919328,0.0335707696,0.0098525965
0.543764,-0.317673,-10.11326,1.017156,0.051421231,0.0048366905,0.0098525965
0.544813,0.119448,-9.531433,1.223707,0.0290725027,-0.0036771108,0.0055956959
0.545863,0.311589,-9.440448,1.37742,0.0003384236,0.0027082402,0.0034672456
0.546913,0.328401,-9.725376,1.130039,-0.0241387549,0.0208000678,0.0055956959
0.547931,0.294776,-9.773263,0.563223,-0.0305241059,0.0537910475,0.006659921
0.54898,-0.058283,-10.05819,0.222173,-0.0209460795,0.0857178022,0.0045314707
0.55003,-0.399333,-10.122837,-0.039619,-0.0028542519,0.0921031531,-0.0007896551
0.55108,-0.560251,-9.83791,-0.174118,0.0184302512,0.0761397758,-0.0050465557
0.55213,-0.793222,-10.007909,0.010818,0.0386505291,0.0484699218,-0.0007896551
0.553148,-0.812436,-9.739742,0.186146,0.0503570058,0.0261211936,0.0077241462
0.554197,-0.553046,-9.155521,0.188548,0.0439716549,0.0271854187,0.0087883713
0.555247,-0.396931,-9.596081,0.23178,0.0184302512,0.0495341469,0.0024030204
0.556297,-0.380119,-9.981571,0.282217,-0.003918477,0.0878462525,-0.0050465557
0.557315,-0.437761,-9.749319,0.176539,-0.0124322782,0.126158358,-0.0135603569
0.558364,-0.617893,-10.108471,0.066058,0.0045953242,0.1612777881,-0.0156888072
0.559414,-0.608286,-10.015092,0.178941,0.0226871518,0.1506355365,-0.0124961318
0.560466,-0.476189,-9.871431,0.375885,0.0248156021,0.1293510335,-0.007175006
0.561482,-0.171166,-9.68946,0.577633,0.0131091254,0.1229656825,-0.0029181054
0.562531,0.124251,-9.572137,0.58724,-0.0060469273,0.1368006095,-0.0029181054
0.563581,0.148269,-9.751713,0.483965,-0.0220103046,0.1570208875,-0.0039823305
0.564631,-0.048676,-10.036641,0.527196,-0.0230745298,0.1634062384,-0.0039823305
0.565649,-0.079899,-9.96481,0.342261,-0.0145607286,0.1516997617,-0.0093034563
0.566698,0.01377,-9.926501,0.24619,0.0035310991,0.1346721592,-0.0124961318
0.567748,-0.115925,-10.192274,0.255797,0.023751377,0.1101949807,-0.0103676814
0.568798,-0.219201,-10.173119,0.032433,0.0312009531,0.0803966764,-0.0039823305
0.56985,-0.293655,-9.881008,0.299029,0.0290725027,0.0633690739,0.0024030204
0.570866,-0.401735,-9.572137,0.483965,0.0194944764,0.0495341469,0.0034672456
0.571915,-0.23121,-9.476363,0.512786,0.0003384236,0.029313869,-0.0029181054
0.572967,0.006565,-9.682277,0.692918,-0.0145607286,0.0271854187,-0.0050465557
0.574014,-0.065488,-9.897769,0.250994,-0.0188176292,0.0420845709,-0.0029181054
0.575032,-0.264834,-10.039035,-0.186127,-0.0198818543,0.0548552727,-0.0082392311
0.576082,-0.168764,-9.897769,-0.419098,-0.0156249537,0.0623048488,-0.0188814827
0.577132,-0.036667,-9.991148,-0.50316,-0.003918477,0.0665617494,-0.0220741581
0.578181,-0.171166,-10.197062,-0.078048,0.0067237745,0.0612406236,-0.0146245821
0.579199,-0.238415,-9.576926,0.152521,0.0152375758,0.0559194979,-0.0018538802
0.580249,-0.224004,-8.97355,0.402305,0.0194944764,0.0612406236,0.0055956959
0.581299,-0.252825,-9.459603,0.616062,0.0152375758,0.0718828752,0.0055956959
0.582349,-0.132737,-9.914529,0.503179,0.0024668739,0.0889104776,0.0024030204
0.583398,-0.094309,-9.878614,0.202958,-0.0145607286,0.1410575101,-0.0050465557
0.584416,-0.091907,-10.256921,0.20536,-0.0092396028,0.1580851126,-0.0050465557
0.585468,0.078618,-9.897769,0.238985,-0.0007258016,0.167663139,0.0002745701
0.586515,0.148269,-9.658334,0.159727,0.0109806751,0.1793696157,0.0098525965
0.587565,-0.024658,-9.847487,0.049246,0.0205587015,0.1910760924,0.0215590732
0.588583,-0.055881,-9.684672,-0.318224,0.0226871518,0.1974614433,0.0268801989
0.589633,-0.029462,-9.495518,-0.616042,0.0258798273,0.2038467942,0.0226232983
0.590682,-0.159157,-9.835516,-0.736131,0.0280082776,0.1995898936,0.0151737222
0.591732,-0.185576,-10.084528,-0.652069,0.0301367279,0.1665989138,0.0109168216
0.59275,-0.293655,-10.077345,-0.38067,0.0386505291,0.1155161065,0.0077241462
0.5938,-0.488198,-9.938473,-0.166913,0.0450358801,0.0527268224,0.006659921
0.594849,-0.365708,-9.636785,0.099683,0.0439716549,-0.0111266868,0.0077241462
0.595899,-0.070292,-9.519462,0.291824,0.0386505291,-0.0579525936,0.0119810468
0.596949,0.0546,-9.483546,0.416715,0.0280082776,-0.081365547,0.0173021725
0.597969,0.124251,-9.263266,0.469554,0.0131091254,-0.0834939973,0.0194306229
0.599016,0.097832,-9.675094,0.421519,0.0024668739,-0.06753062,0.0194306229
0.600066,-0.132737,-10.606496,0.467152,0.0003384236,-0.0451818917,0.0130452719
0.601116,-0.151951,-10.587341,0.440733,0.0056595494,-0.0207047132,-0.0007896551
0.602134,-0.0823,-9.768474,0.618463,0.0194944764,0.0059009156,-0.0114319066
0.603184,-0.288852,-9.409322,0.77698,0.0312009531,0.0165431672,-0.0103676814
0.604233,-0.601081,-9.538616,0.620865,0.0354578537,0.0101578162,0.0034672456
0.605283,-0.759597,-9.23214,0.503179,0.0397147543,0.0112220414,0.0173021725
0.606301,-0.747588,-9.057352,0.253395,0.0386505291,0.0282496439,0.0151737222
0.607351,-0.774008,-9.806783,0.291824,0.0258798273,0.0601763985,0.0055956959
0.6084,-0.846061,-10.311991,0.332654,0.023751377,0.1027454046,-0.0029181054
0.60945,-0.567456,-9.811572,0.779381,0.0280082776,0.167663139,-0.0199457078
0.6105,-0.406538,-10.197062,0.923487,0.0226871518,0.1846907414,-0.0135603569
0.611518,-0.288852,-9.572137,1.060388,0.0109806751,0.195332993,-0.0050465557
0.612567,-0.003042,-8.932846,0.813006,-0.0092396028,0.1942687678,0.0013387952
0.613617,0.117046,-9.519462,0.611258,-0.0241387549,0.2017183439,0.0077241462
0.614667,-0.005444,-9.890586,0.395099,-0.0294598807,0.2198101715,0.0087883713
0.615684,-0.079899,-9.835516,-0.224555,-0.0305241059,0.2293881979,0.0013387952
0.616734,-0.132737,-10.158753,-0.09486,-0.0188176292,0.2187459464,-0.0093034563
0.617784,-0.228808,-10.486778,0.142914,0.0003384236,0.1825622911,-0.0135603569
0.618834,-0.248022,-10.240161,0.318243,0.0120449003,0.1272225831,-0.0093034563
0.619852,-0.267236,-9.478758,0.640079,0.0173660261,0.0772040009,-0.0018538802
0.620901,-0.324878,-9.141155,0.385492,0.0163018009,0.0452772463,0.0013387952
0.621951,-0.279245,-9.502701,0.323047,0.0045953242,0.0325065445,-0.0007896551
0.623001,-0.317673,-9.648756,0.222173,-0.0113680531,0.0356992199,-0.0039823305
0.624019,-0.596277,-9.711009,-0.114074,-0.0241387549,0.0367634451,-0.0135603569
0.625068,-0.925319,-10.323963,0.037237,-0.0241387549,0.0314423193,-0.0242026084
0.626118,-0.85807,-10.383821,0.046844,-0.0134965034,0.0186716175,-0.0337806348
0.627168,-0.430556,-9.636785,-0.080449,-0.0049827022,0.0080293659,-0.0422944361
0.62822,-0.115925,-9.459603,0.147718,-0.0060469273,0.0048366905,-0.0391017606
0.629235,0.138662,-9.598475,0.24619,-0.0103038279,0.0112220414,-0.0242026084
0.630285,0.244339,-9.268055,0.178941,-0.017753404,0.0388918954,-0.0103676814
0.631335,0.097832,-9.344674,0.130906,-0.0262672052,0.084653577,-0.007175006
0.632385,-0.091907,-9.993543,0.066058,-0.0241387549,0.1250941328,-0.0135603569
0.633403,-0.320075,-10.321568,0.277413,-0.0103038279,0.1453144108,-0.0220741581
0.634453,-0.356101,-10.192274,0.469554,0.0077879997,0.1506355365,-0.0284595091
0.635502,0.213116,-8.884959,0.733748,0.0131091254,0.167663139,-0.0124961318
0.636552,0.441284,-9.28721,0.760167,0.0056595494,0.1719200396,0.0055956959
0.63757,0.609407,-9.703826,0.767373,-0.0060469273,0.1825622911,0.0194306229
0.638619,0.775129,-9.751713,0.147718,-0.0156249537,0.2134248206,0.0236875235
0.639669,0.554167,-10.216217,-0.284599,-0.0145607286,0.2464158004,0.0226232983
0.640722,0.27316,-10.470018,-0.613641,-0.0092396028,0.2613149525,0.0183663977
0.641769,0.25875,-10.508328,-1.238099,0.0088522248,0.2687645286,0.0119810468
0.642786,-0.036667,-10.367061,-1.024342,0.0333294034,0.2613149525,0.0098525965
0.643839,-0.32728,-9.653545,-0.937879,0.0492927807,0.2070394697,0.0098525965
0.644886,-0.420949,-9.181858,-0.796175,0.0578065819,0.126158358,0.0098525965
0.645936,-0.747588,-9.095662,-0.383071,0.0641919328,0.0516625972,0.0119810468
0.646954,-0.836454,-9.153126,-0.4215,0.0578065819,-0.0281542893,0.0141094971
0.648004,-0.521823,-9.742136,-0.020405,0.0429074297,-0.1037142752,0.0119810468
0.649053,-0.413744,-10.709453,0.094879,0.0290725027,-0.1516044071,0.0087883713
0.650103,-0.317673,-10.889029,0.226976,0.00991645,-0.1675677844,0.0002745701
0.651121,-0.029462,-10.161147,0.880255,-0.0081753776,-0.1537328574,-0.0124961318
0.652171,0.018574,-9.792417,1.019558,-0.0156249537,-0.116484977,-0.0167530324
0.653223,-0.202388,-9.529039,1.310171,-0.0124322782,-0.0739159709,-0.0135603569
0.654271,-0.317673,-8.839467,1.11803,-0.003918477,-0.0387965408,-0.007175006
0.65532,-0.413744,-8.908903,0.601651,0.0045953242,-0.0185762629,-0.0018538802
0.656341,-0.605884,-9.94805,0.507982,0.0131091254,-0.0058055611,0.006659921
0.657388,-0.682741,-10.577764,0.075665,0.0226871518,0.0197358426,0.0087883713
0.658438,-0.70916,-10.438891,0.363877,0.0290725027,0.0537910475,-0.0039823305
0.659487,-0.548242,-10.04143,0.839425,0.0269440524,0.084653577,-0.0178172575
0.660505,-0.281647,-9.833121,1.134842,0.023751377,0.126158358,-0.0167530324
0.661555,0.172286,-8.657496,1.0772,0.0045953242,0.2283239727,0.0077241462
0.662605,0.35482,-9.260872,0.796194,-0.003918477,0.2591865022,0.0173021725
0.663655,0.162679,-10.271287,0.284618,-0.003918477,0.2889848065,0.0236875235
0.664673,-0.125532,-10.407765,-0.611239,-0.0060469273,0.3113335347,0.0183663977
0.665725,-0.485796,-10.716636,-0.344643,-0.003918477,0.3049481838,0.0045314707
0.666772,-0.58667,-10.735791,-0.234162,0.0035310991,0.2687645286,-0.0050465557
0.667822,-0.365708,-9.555377,-0.186127,0.0056595494,0.2219386218,-0.0050465557
0.668872,-0.269638,-8.872987,0.066058,0.0003384236,0.1719200396,0.0024030204
0.669889,-0.175969,-9.100451,-0.166913,-0.0071111525,0.1208372322,0.0098525965
0.670939,-0.142344,-9.416505,-0.284599,-0.0060469273,0.0772040009,0.0109168216
0.671989,-0.562653,-10.470018,-0.38067,0.0014026488,0.0388918954,0.0055956959
0.673038,-0.956542,-10.908184,-0.243769,0.0131091254,0.0027082402,-0.0061107808
0.674056,-1.038202,-10.237766,-0.032414,0.0216229267,-0.0356038654,-0.0252668336
0.675106,-1.004577,-10.314385,0.397501,0.0163018009,-0.0739159709,-0.0412302109
0.676156,-0.629902,-9.701432,0.945103,0.0014026488,-0.0941362488,-0.0444228864
0.677206,-0.180773,-8.401301,1.072396,-0.0198818543,-0.0909435734,-0.0401659857
0.678225,0.042591,-8.90172,1.490303,-0.0379736819,-0.0824297721,-0.0305879594
0.679273,0.328401,-10.010303,1.250127,-0.0390379071,-0.0558241433,-0.0199457078
0.680323,0.453293,-10.347906,0.647284,-0.0326525562,-0.0068697862,-0.0156888072
0.681373,0.153072,-10.290442,0.544009,-0.0305241059,0.0420845709,-0.0199457078
0.682422,-0.291254,-10.209034,0.20536,-0.0230745298,0.0814609015,-0.0295237342
0.68344,-0.502609,-10.345512,0.383091,-0.0071111525,0.1187087819,-0.0359090851
0.68449,-0.118327,-9.538616,0.529598,-0.003918477,0.1623420132,-0.0327164097
0.68554,0.362026,-8.260034,0.469554,-0.0113680531,0.20916792,-0.0188814827
0.686592,0.424471,-9.780446,0.457545,-0.0113680531,0.2410946746,0.0226232983
0.687608,0.501328,-10.470018,0.061255,0.0045953242,0.2687645286,0.0332655499
0.688657,0.249143,-10.467624,-0.500758,0.0131091254,0.299627058,0.0258159738
0.689707,-0.077497,-10.572975,-1.026744,0.0077879997,0.3155904353,0.0109168216
0.690757,-0.288852,-10.668749,-1.057967,0.0035310991,0.3241042366,0.0013387952
0.691775,-0.348896,-9.739742,-1.259715,0.0035310991,0.3283611372,-0.0018538802
0.692825,-0.236013,-8.693411,-1.031547,0.0067237745,0.3070766341,0.0002745701
0.693874,-0.248022,-8.68144,-0.77696,0.0184302512,0.2485442507,0.0077241462
0.694924,-0.61309,-9.600869,-0.810585,0.037586304,0.1602135629,0.0162379474
0.696992,-1.141477,-11.011141,-0.260582,0.0684488334,-0.0622094942,0.006659921
0.695942,-1.093442,-10.680721,-0.416696,0.0578065819,0.0516625972,0.0183663977
0.699093,-0.216799,-9.112422,0.383091,0.0194944764,-0.1728889102,-0.0252668336
0.698041,-0.651518,-10.292836,-0.058834,0.0556781316,-0.1484117316,-0.0135603569
0.700141,-0.135139,-8.760453,0.95471,-0.0188176292,-0.1590539832,-0.0231383833
0.701159,-0.089506,-9.301576,1.684846,-0.0390379071,-0.150540182,-0.0135603569
0.702208,0.268357,-9.811572,1.713667,-0.0347810065,-0.1547970826,-0.0050465557
0.703258,0.683862,-10.211428,1.151655,-0.0145607286,-0.1377694801,-0.0061107808
0.704308,0.633425,-10.42692,0.882657,0.0045953242,-0.0866866727,-0.0146245821
0.705326,0.059404,-10.146781,0.875452,0.0152375758,-0.0345396402,-0.0199457078
0.706375,-0.608286,-9.569743,0.73615,0.0194944764,0.001644015,-0.0178172575
0.707425,-0.737981,-9.040592,0.6689,0.0163018009,0.0314423193,-0.0135603569
0.708475,-0.262432,-9.004677,0.712132,0.0035310991,0.0697544249,-0.0061107808
0.709493,0.107439,-9.466786,0.671302,-0.0071111525,0.1187087819,0.0045314707
0.710542,0.047395,-9.749319,0.457545,-0.0060469273,0.1708558144,0.0151737222
0.711594,-0.101514,-9.699038,0.030032,0.0045953242,0.2240670721,0.0194306229
0.712642,-0.459377,-10.601707,-0.366259,0.037586304,0.3017555083,0.0087883713
0.713691,-0.581867,-10.218611,-0.402286,0.0386505291,0.3102693096,0.0045314707
0.714709,-0.493002,-9.404533,-0.363857,0.0280082776,0.306012409,0.0045314707
0.715759,-0.404136,-9.023831,-0.308617,0.0109806751,0.2932417071,0.0119810468
0.716809,-0.238415,-9.050169,-0.35425,-0.0071111525,0.2708929789,0.0194306229
0.717859,-0.183174,-9.588898,-0.366259,-0.0156249537,0.2336450985,0.0183663977
0.718876,-0.442565,-10.26171,-0.296608,-0.0113680531,0.1697915893,0.0119810468
0.719926,-0.836454,-10.956071,-0.039619,0.0024668739,0.0825251267,0.0024030204
0.720976,-0.898899,-11.025507,0.267806,0.0184302512,-0.0015486604,-0.0093034563
0.722026,-0.512216,-9.493124,0.40951,0.0226871518,-0.0526314678,-0.0199457078
0.723044,-0.236013,-8.228908,0.700123,0.0120449003,-0.0664663948,-0.0252668336
0.724096,-0.10872,-8.849044,1.053182,-0.003918477,-0.0600810439,-0.021009933
0.725143,0.004163,-9.861853,1.353403,-0.0134965034,-0.0526314678,-0.0135603569
0.726192,-0.106318,-10.513116,1.528731,-0.0145607286,-0.0654021697,-0.0114319066
0.727242,-0.142344,-10.520299,1.430259,-0.0124322782,-0.0866866727,-0.0199457078
0.72826,-0.012649,-9.90974,1.190083,-0.0092396028,-0.0824297721,-0.03484486
0.72931,-0.072693,-9.761291,0.846631,-0.0103038279,-0.0430534414,-0.0412302109
0.73036,-0.115925,-9.584109,0.503179,-0.0166891789,0.0165431672,-0.0337806348
0.731409,-0.075095,-8.990311,0.162129,-0.0241387549,0.0772040009,-0.0220741581
0.733478,0.205911,-9.349463,-0.359054,-0.031588331,0.1655346887,0.0024030204
0.734527,0.184295,-10.616073,-0.457526,-0.0081753776,0.2049110194,0.0109168216
0.732427,0.004163,-8.640736,-0.116476,-0.0337167813,0.1272225831,-0.0082392311
0.735576,-0.084702,-10.685509,-0.611239,0.0216229267,0.2410946746,0.0130452719
0.736596,-0.250424,-9.921712,-0.728925,0.0397147543,0.2591865022,0.006659921
0.737643,-0.137541,-9.761291,-0.793773,0.0429074297,0.278342555,0.0034672456
0.738693,0.117046,-9.52425,-0.961896,0.0216229267,0.3539025409,0.0215590732
0.739743,0.016172,-9.275238,-0.909057,0.0131091254,0.3645447924,0.0268801989
0.740792,-0.315271,-9.598475,-0.791371,0.0216229267,0.333682263,0.0215590732
0.74181,-0.874882,-10.311991,-0.438312,0.0397147543,0.2538653764,0.0098525965
0.74286,-1.163093,-10.970437,0.092477,0.0599350322,0.1378648347,-0.0007896551
0.743909,-0.870078,-10.572975,0.556018,0.0705772837,0.0261211936,-0.0082392311
0.744959,-0.396931,-8.995099,0.769774,0.0567423567,-0.0505030175,-0.0082392311
0.745978,0.023377,-8.31271,1.144449,0.0248156021,-0.0834939973,-0.0050465557
0.747027,0.29958,-9.550588,1.593579,-0.0060469273,-0.0930720237,-0.0018538802
0.748076,0.43648,-10.819593,1.641614,-0.0252029801,-0.095200474,0.0013387952
0.749126,0.566175,-10.723819,1.317376,-0.0294598807,-0.0845582224,-0.0007896551
0.750144,0.386043,-10.070162,1.233314,-0.0145607286,-0.0632737194,-0.0124961318
0.751194,-0.10872,-9.926501,1.223707,0.0045953242,-0.0515672427,-0.0252668336
0.752243,-0.442565,-9.897769,1.014754,0.0194944764,-0.0505030175,-0.0273952839
0.753293,-0.591474,-9.251295,0.800997,0.0280082776,-0.0441176666,-0.0188814827
0.754311,-0.550644,-8.576088,0.27261,0.0216229267,-0.0292185144,-0.0061107808
0.755361,-0.300861,-9.098056,-0.183725,0.0035310991,0.001644015,0.0055956959
0.75641,-0.185576,-10.381427,-0.428705,-0.0081753776,0.0537910475,0.0109168216
0.75746,-0.320075,-10.683115,-0.594427,-0.0049827022,0.1176445568,0.0109168216
0.75851,-0.601081,-10.185091,-0.423901,0.0077879997,0.167663139,0.0024030204
0.759527,-0.764401,-10.051007,-0.253376,0.0258798273,0.1985256684,-0.0082392311
0.760577,-0.541037,-9.536222,-0.114074,0.0386505291,0.2251312973,-0.0093034563
0.761627,-0.336887,-8.978339,-0.311019,0.0386505291,0.2549296016,0.0024030204
0.762677,-0.351298,-9.50749,-0.493553,0.0290725027,0.2815352304,0.0162379474
0.763694,-0.214397,-9.835516,-0.366259,0.0120449003,0.3006912832,0.0258159738
0.764744,-0.553046,-10.692692,-0.049227,-0.003918477,0.2623791777,0.0087883713
0.765794,-0.574662,-11.020718,0.601651,0.0056595494,0.1900118672,-0.0050465557
0.766846,-0.236013,-9.993543,0.81781,0.0163018009,0.1219014574,-0.0114319066
0.767861,-0.010247,-8.614398,1.178074,0.0184302512,0.0676259745,-0.0103676814
0.768911,0.052198,-8.640736,1.264537,0.0163018009,0.0261211936,-0.0029181054
0.76996,0.184295,-9.974388,1.15886,0.00991645,0.0048366905,0.0087883713
0.77101,0.203509,-10.800438,0.875452,0.0024668739,0.0037724653,0.0130452719
0.77206,-0.14955,-10.460441,0.760167,-0.0028542519,-0.0015486604,0.0024030204
0.773078,-0.452172,-10.077345,1.137244,-0.0071111525,-0.0249616138,-0.0188814827
0.774128,-0.485796,-10.077345,1.40384,-0.003918477,-0.0494387924,-0.03484486
0.775177,-0.493002,-9.543405,1.338992,-0.003918477,-0.061145269,-0.0337806348
0.776226,-0.377717,-8.64313,0.937898,-0.0103038279,-0.0664663948,-0.021009933
0.777245,-0.039069,-8.68144,0.152521,-0.0198818543,-0.0590168187,-0.007175006
0.778294,0.306785,-9.756502,-0.827397,-0.0294598807,-0.012190912,0.0034672456
0.779346,0.393249,-10.671143,-1.298143,-0.0283956555,0.0729471003,0.0045314707
0.780393,0.0546,-10.441286,-1.166046,-0.0134965034,0.1495713114,-0.0018538802
0.781411,-0.447368,-9.806783,-1.00753,0.00991645,0.1793696157,-0.0114319066
0.782461,-0.555447,-9.57932,-0.59923,0.0312009531,0.1825622911,-0.0156888072
0.783511,-0.24562,-9.30397,-0.368661,0.0471643304,0.1921403175,-0.0050465557
0.78456,0.052198,-9.002282,-0.661676,0.0461001052,0.2081036948,0.0151737222
0.78561,0.229929,-9.548194,-0.740934,0.0290725027,0.2325808734,0.0332655499
0.786628,0.131456,-10.850719,-0.834603,0.0184302512,0.271957204,0.0396509008
0.787678,-0.476189,-11.190717,-0.784166,0.0216229267,0.3028197335,0.0268801989
0.788729,-0.920515,-10.15157,-0.181323,0.0258798273,0.2815352304,0.0024030204
0.789777,-0.32728,-8.782002,1.180476,0.051421231,0.1602135629,-0.0146245821
0.790795,-0.211995,-8.77003,1.509517,0.0535496813,0.098488504,0.0013387952
0.791847,0.083421,-9.380589,1.571963,0.0482285555,0.0325065445,0.0173021725
0.792894,0.184295,-10.778889,1.310171,0.0365220788,-0.0164478126,0.0258159738
0.793944,0.167483,-11.205083,0.940299,0.0109806751,-0.0366680905,0.0183663977
0.794962,0.234732,-10.6472,0.87305,-0.0124322782,-0.0313469647,-0.0039823305
0.796011,0.011368,-9.902557,1.293359,-0.0252029801,-0.012190912,-0.0263310588
0.797062,-0.36811,-8.554539,1.423054,-0.0273314304,-0.0100624617,-0.0316521845
0.798111,-0.560251,-8.181021,1.122833,-0.0156249537,-0.0366680905,-0.0199457078
0.79916,-0.380119,-9.2489,0.65449,0.0014026488,-0.0728517457,0.0013387952
0.800179,0.004163,-10.15157,-0.613641,0.0173660261,-0.0760444212,0.0162379474
0.801229,0.057002,-10.386216,-1.281331,0.0290725027,-0.0281542893,0.0130452719
0.802278,-0.161558,-10.192274,-1.298143,0.0322651782,0.0378276702,-0.0029181054
0.803327,-0.622697,-10.589735,-1.276527,0.0322651782,0.0910389279,-0.0178172575
0.804348,-1.179906,-10.304808,-0.411893,0.0343936285,0.1282868083,-0.0231383833
0.805395,-1.093442,-8.125951,-0.046825,0.0269440524,0.1442501856,-0.021009933
0.806445,-0.593876,-7.623137,0.19095,0.0163018009,0.1506355365,-0.0114319066
0.807495,-0.339289,-9.74453,0.359073,0.0173660261,0.1623420132,0.0098525965
0.808513,-0.159157,-10.932127,-0.142895,0.0248156021,0.1900118672,0.0290086492
0.809562,-0.099113,-10.814804,-0.202939,0.0258798273,0.2272597476,0.0247517486
0.810612,-0.384922,-10.726213,-0.212546,0.0205587015,0.2517369261,0.0024030204
0.811662,-0.521823,-10.086922,0.337457,0.0088522248,0.2538653764,-0.0156888072
0.812711,-0.214397,-9.093268,1.305367,0.0014026488,0.2453515752,-0.0188814827
0.813729,0.052198,-8.365386,1.492705,-0.0017900267,0.2272597476,-0.007175006
0.814779,0.141064,-8.372569,1.752095,-0.0017900267,0.1772411654,0.0087883713
0.815829,0.402856,-12.040711,0.81781,0.0301367279,0.0665617494,0.0279444241
0.816878,0.114644,-11.358321,0.361475,0.0312009531,0.0580479482,0.0098525965
0.817896,-0.288852,-9.658334,0.440733,0.0120449003,0.0442130212,-0.0188814827
0.818945,-0.382521,-8.592849,0.774578,-0.0134965034,0.0282496439,-0.03484486
0.819995,-0.416145,-8.272006,1.197288,-0.0273314304,0.0176073923,-0.0295237342
0.821045,-0.336887,-8.908903,1.264537,-0.0252029801,-0.0058055611,-0.0103676814
0.822063,0.023377,-9.90974,0.54641,-0.0156249537,-0.0302827396,0.0087883713
0.823113,0.097832,-10.675932,-0.580016,-0.0028542519,-0.0302827396,0.0130452719
0.824162,-0.12313,-10.845931,-1.411026,0.0056595494,-0.0004844353,-0.0018538802
0.825212,-0.274441,-10.276076,-1.778495,0.0077879997,0.0537910475,-0.0231383833
0.82623,-0.543439,-9.517067,-1.350982,0.0088522248,0.1091307555,-0.0359090851
0.82728,-0.805231,-8.700594,-0.512767,0.00991645,0.1346721592,-0.0337806348
0.828329,-0.721169,-8.269612,-0.224555,0.0120449003,0.1229656825,-0.0178172575
0.829379,-0.305664,-9.002282,-0.210145,0.0131091254,0.0942316034,0.0087883713
0.830429,0.189099,-10.405371,-0.159708,0.0184302512,0.0931673782,0.0353940002
0.831447,0.309187,-11.597756,-0.611239,0.0280082776,0.1410575101,0.0449720265
0.832496,-0.02706,-11.755783,-0.901852,0.0343936285,0.2027825691,0.0268801989
0.833546,-0.23121,-10.276076,-0.507963,0.0290725027,0.2453515752,-0.0007896551
0.834598,-0.113523,-8.322287,0.152521,0.0226871518,0.2730214292,-0.0178172575
0.835613,-0.099113,-7.766798,1.103619,0.0269440524,0.2772783298,-0.0124961318
0.836663,-0.166362,-8.430033,1.848166,0.0439716549,0.2325808734,0.0109168216
0.837713,-0.017453,-10.039035,1.780916,0.0631277077,0.1474428611,0.034329775
0.838762,0.126653,-12.174794,1.226109,0.0748341844,0.0665617494,0.0417793511
0.83978,0.205911,-12.158034,0.70973,0.065256158,0.0208000678,0.0247517486
0.84083,0.184295,-10.051007,0.493572,0.0248156021,0.0080293659,-0.0050465557
0.84188,-0.27204,-7.960741,1.490303,-0.0550012844,0.0335707696,-0.0252668336
0.842929,-0.320075,-8.410878,1.326983,-0.0486159335,0.0197358426,-0.0082392311
0.843979,-0.02706,-9.586503,0.769774,-0.0252029801,-0.0249616138,0.0109168216
0.844997,0.165081,-10.932127,-0.474338,0.0056595494,-0.0579525936,0.0194306229
0.846047,-0.171166,-11.837191,-1.194867,0.0386505291,-0.0526314678,0.0141094971
0.847099,-0.589072,-11.243393,-1.576747,0.0641919328,-0.0164478126,-0.0061107808
0.848146,-0.898899,-9.538616,-1.732862,0.0578065819,0.0346349948,-0.0327164097
0.849163,-1.153486,-8.310316,-0.582418,0.0312009531,0.0761397758,-0.0444228864
0.850216,-1.119862,-7.850601,0.202958,0.0152375758,0.0921031531,-0.0316521845
0.851263,-0.896498,-8.319893,0.335055,0.0131091254,0.0772040009,-0.0050465557
0.852313,-0.699553,-10.158753,0.563223,0.0205587015,0.0548552727,0.0226232983
0.853331,-0.329682,-11.985641,0.318243,0.0354578537,0.0729471003,0.0375224505
0.85438,-0.19038,-12.239442,-0.150101,0.0429074297,0.1378648347,0.0215590732
0.85543,-0.413744,-10.726213,-0.147699,0.0216229267,0.1995898936,-0.0135603569
0.85648,-0.207192,-8.386935,0.373484,-0.0166891789,0.2591865022,-0.0369733103
0.857529,-0.099113,-7.390886,1.161262,-0.0358452316,0.319847336,-0.0327164097
0.858547,-0.372914,-7.98229,1.86738,-0.0294598807,0.319847336,-0.007175006
0.8596,-0.072693,-9.732559,1.773711,-0.0092396028,0.2442873501,0.0236875235
0.860647,0.407659,-12.469299,1.17327,0.0163018009,0.1612777881,0.0407151259
0.861696,0.51814,-12.840423,0.697721,0.0397147543,0.1155161065,0.0322013247
0.862717,0.328401,-10.357484,0.315841,0.0524854561,0.0942316034,-0.0029181054
0.863764,-0.115925,-8.351019,0.320645,0.0258798273,0.0889104776,-0.0337806348
0.864814,-0.296057,-7.529758,0.642481,-0.017753404,0.0963600537,-0.0369733103
0.865864,-0.238415,-7.848206,1.060388,-0.0379736819,0.0942316034,-0.0220741581
0.866881,-0.142344,-9.701432,1.098816,-0.0390379071,0.0484699218,0.0013387952
0.86793,0.090627,-12.217892,-0.534382,0.0088522248,-0.0345396402,0.0119810468
0.86898,-0.269638,-10.311991,-1.106002,0.0184302512,-0.0132551371,-0.0146245821
0.87003,-0.625099,-8.607215,-1.302946,0.0045953242,0.0229285181,-0.0433586612
0.87108,-0.87248,-8.236091,-0.652069,-0.0113680531,0.0654975242,-0.0529366876
0.8721,-0.848462,-8.238485,-0.111672,-0.0166891789,0.0899747028,-0.0380375354
0.873148,-0.519421,-8.379752,-0.068441,-0.0166891789,0.0697544249,-0.0103676814
0.874197,0.018574,-10.094105,-0.387875,-0.0103038279,0.0367634451,0.0151737222
0.875247,0.479712,-12.46451,-0.54399,0.00991645,0.0601763985,0.0322013247
0.876264,0.366829,-12.591411,-0.575212,0.0343936285,0.1336079341,0.0300728744
0.877314,0.025779,-10.213823,-1.012333,0.0322651782,0.2059752445,0.006659921
0.878364,0.011368,-7.929614,-0.548793,0.0131091254,0.271957204,-0.0167530324
0.879414,-0.019855,-7.623137,0.659293,0.0077879997,0.3187831108,-0.0146245821
0.880432,-0.091907,-8.197781,1.194886,0.0173660261,0.3081408593,0.0087883713
0.881482,-0.017453,-9.758896,1.413447,0.0407789794,0.2464158004,0.0353940002
0.882531,0.016172,-12.442961,1.072396,0.0737699592,0.1708558144,0.0502931523
0.883581,0.064207,-13.010422,0.116495,0.0918617868,0.1197730071,0.0407151259
0.884601,0.018574,-10.302414,-0.248573,0.0737699592,0.1048738549,0.006659921
0.885648,-0.199987,-7.287929,0.32785,0.0163018009,0.1091307555,-0.0263310588
0.886698,-0.332084,-6.809059,1.348599,-0.0358452316,0.1070023052,-0.0316521845
0.887747,-0.435359,-8.60482,2.049914,-0.0401021322,0.0665617494,-0.0103676814
0.888797,-0.132737,-10.477201,1.550347,-0.0230745298,-0.012190912,0.0162379474
0.889815,0.453293,-11.614517,0.347064,-0.0092396028,-0.0728517457,0.0247517486
0.890865,0.21792,-12.232259,-0.385473,0.0152375758,-0.0909435734,0.0151737222
0.891914,-0.44977,-10.86748,-1.192465,0.0354578537,-0.0728517457,-0.007175006
0.892964,-1.021389,-7.065254,-0.335036,0.0088522248,0.0250569684,-0.0465513367
0.893981,-1.093442,-7.948769,0.214967,0.0067237745,0.0346349948,-0.0316521845
0.895031,-0.951738,-9.756502,0.258199,0.0131091254,-0.012190912,-0.0039823305
0.896081,-0.533832,-11.099732,0.524795,0.0290725027,-0.0622094942,0.0215590732
0.89713,-0.274441,-11.779727,0.212566,0.0492927807,-0.0505030175,0.0290086492
0.898148,-0.466582,-12.270568,-0.205341,0.0482285555,0.0250569684,0.0151737222
0.899198,-0.339289,-9.871431,-0.423901,0.0152375758,0.1453144108,-0.0124961318
0.900248,-0.113523,-6.586385,0.10929,-0.0252029801,0.278342555,-0.0337806348
0.901297,-0.529028,-6.871312,1.463884,-0.0432948077,0.3485814151,-0.0284595091
0.902349,-0.637107,-8.861016,1.843362,-0.0294598807,0.319847336,0.0013387952
0.903365,-0.003042,-11.389448,1.170869,-0.0007258016,0.2432231249,0.0279444241
0.904415,0.369231,-13.393518,0.656892,0.0280082776,0.181498066,0.0385866756
0.905466,0.359624,-12.045499,0.133307,0.0482285555,0.153828212,0.0194306229
0.906514,0.21792,-9.143549,-0.371063,0.0418432046,0.1729842648,-0.0156888072
0.907532,-0.055881,-7.331027,-0.022807,0.0003384236,0.2198101715,-0.0359090851
0.908582,-0.370512,-7.182577,0.993138,-0.0305241059,0.2315166482,-0.0284595091
0.909631,-0.392128,-8.537779,1.430259,-0.031588331,0.1740484899,-0.007175006
0.910681,-0.06789,-10.687904,1.110825,-0.0188176292,0.0761397758,0.0119810468
0.911698,-0.14955,-13.046337,0.563223,0.0077879997,-0.0175120377,0.0151737222
0.912748,-0.375315,-12.617749,-0.169315,0.0280082776,-0.0728517457,-0.0018538802
0.913798,-0.420949,-8.899325,-0.714515,0.0194944764,-0.0664663948,-0.0337806348
0.91485,-0.74999,-6.770749,-0.601632,-0.0134965034,-0.0143193623,-0.0593220385
0.915897,-0.951738,-7.630321,0.070862,-0.045423258,0.0388918954,-0.0561293631
0.916915,-0.752392,-8.647919,0.481563,-0.0518086089,0.0474056966,-0.0305879594
0.917967,-0.320075,-9.459603,0.219771,-0.0390379071,0.001644015,-0.0061107808
0.919014,0.419668,-13.099013,-0.531981,0.0120449003,-0.0366680905,0.0098525965
0.920064,0.347615,-11.683953,-0.800978,0.0312009531,0.0527268224,-0.0029181054
0.921081,0.328401,-8.013416,-0.916263,0.0163018009,0.1793696157,-0.0199457078
0.922131,0.241938,-6.720468,-0.594427,-0.0113680531,0.292177482,-0.0231383833
0.923181,0.020975,-8.382146,0.467152,-0.017753404,0.3443245145,-0.0018538802
0.924231,0.133858,-10.192274,0.825015,0.0003384236,0.3230400114,0.0268801989
0.925248,0.412463,-12.004795,0.265404,0.037586304,0.2740856544,0.0417793511
0.926298,0.263553,-12.641692,-0.140494,0.0780268598,0.2379019991,0.034329775
0.92735,0.028181,-10.891423,-0.748139,0.0918617868,0.2272597476,0.0087883713
0.928397,-0.0823,-8.281583,-0.671283,0.0705772837,0.2485442507,-0.0167530324
0.929447,-0.464181,-6.524131,0.390296,0.0365220788,0.2666360783,-0.0263310588
0.930467,-0.855668,-7.539335,1.816943,0.0141733506,0.2059752445,-0.0156888072
0.931514,-0.634706,-10.489173,2.470222,0.0077879997,0.0686901997,0.0087883713
0.932564,0.088225,-12.581833,1.326983,0.0088522248,-0.0494387924,0.0226232983
0.933614,0.417266,-12.608171,0.601651,0.0131091254,-0.0866866727,0.0130452719
0.934631,-0.024658,-10.549031,-0.008397,0.0035310991,-0.0579525936,-0.0093034563
0.935681,-0.682741,-8.185809,-0.714515,-0.0252029801,-0.0036771108,-0.0327164097
0.936731,-1.141477,-7.168211,0.154923,-0.0369094568,0.0314423193,-0.0422944361
0.937781,-1.1727,-7.347787,0.423921,-0.0252029801,0.0165431672,-0.0337806348
0.938799,-0.725973,-8.91848,0.085272,-0.0145607286,-0.0430534414,-0.0135603569
0.939851,-0.281647,-11.657615,0.238985,0.0067237745,-0.1111638513,0.006659921
0.940898,-0.276843,-13.292955,0.174137,0.0386505291,-0.1452190562,0.0183663977
0.941948,-0.27204,-12.122119,-0.097262,0.0578065819,-0.1175492022,0.006659921
0.942997,-0.048676,-9.126788,-0.644864,0.0407789794,-0.0036771108,-0.0199457078
0.944015,-0.159157,-6.945537,-0.325429,-0.0017900267,0.1623420132,-0.03484486
0.945065,-0.401735,-8.640736,1.033968,-0.0358452316,0.2985628329,0.0002745701
0.946114,0.047395,-11.090154,1.053182,-0.0113680531,0.2442873501,0.0247517486
0.947164,0.21792,-13.369574,0.423921,0.0248156021,0.1857549666,0.034329775
0.948182,0.064207,-13.10859,0.351868,0.0524854561,0.1634062384,0.0247517486
0.949232,0.131456,-9.878614,-0.308617,0.0524854561,0.1985256684,0.0013387952
0.950281,0.071412,-6.483428,-0.563204,0.0131091254,0.2836636807,-0.021009933
0.951331,-0.432958,-6.109909,0.637677,-0.0337167813,0.3294253623,-0.0242026084
0.952351,-0.646714,-9.02862,1.293359,-0.0401021322,0.2708929789,-0.0082392311
0.953399,-0.084702,-11.712685,1.19969,-0.0198818543,0.1602135629,0.0141094971
0.954448,0.119448,-12.33761,0.515188,0.0056595494,0.0612406236,0.0226232983
0.955498,-0.649116,-12.442961,0.411912,0.0290725027,-0.0292185144,0.0087883713
0.956516,-1.018988,-10.754945,0.339859,0.0386505291,-0.0824297721,-0.0199457078
0.957565,-0.87248,-7.26638,-0.21735,0.0173660261,-0.061145269,-0.0465513367
0.958615,-1.043005,-6.0716,0.469554,-0.0283956555,-0.0058055611,-0.0571935882
0.959665,-0.879685,-7.879333,0.91388,-0.0581939599,0.0101578162,-0.0433586612
0.960714,-0.139943,-10.340723,0.755364,-0.0550012844,-0.0345396402,-0.0167530324
0.961732,0.568577,-11.861135,0.258199,-0.0358452316,-0.0866866727,0.0034672456
0.962782,0.688665,-12.474088,-0.4215,-0.0134965034,-0.0803013218,0.0034672456
0.963831,0.350017,-11.557052,-0.431107,0.0109806751,-0.012190912,-0.0146245821
0.964881,0.241938,-8.492286,-0.865826,0.0205587015,0.0942316034,-0.0316521845
0.965899,0.169885,-6.552864,-0.740934,0.0045953242,0.2038467942,-0.0337806348
0.966949,-0.055881,-7.70694,-0.106869,-0.0145607286,0.2559938267,-0.0135603569
0.967998,0.097832,-10.177907,-0.063637,-0.0188176292,0.2485442507,0.0162379474
0.969048,0.55897,-12.648875,-0.109271,0.0014026488,0.2336450985,0.0417793511
0.970066,0.693469,-13.130139,-0.616042,0.0407789794,0.2464158004,0.0471004769
0.971115,-0.168764,-7.975107,-0.832201,0.0631277077,0.3145262102,-0.007175006
0.972165,-0.4906,-5.429914,-0.404687,0.0439716549,0.34751719,-0.0242026084
0.973214,-0.990166,-6.89765,1.168467,0.0365220788,0.3166546605,-0.0156888072
0.974264,-1.103049,-11.240998,2.251662,0.0471643304,0.1825622911,0.0141094971
0.975282,-0.423351,-13.558728,1.423054,0.0482285555,0.0208000678,0.0311370995
0.976332,0.071412,-13.060703,0.959514,0.0354578537,-0.0717875206,0.020494848
0.977381,-0.132737,-10.508328,0.837024,0.0131091254,-0.0739159709,-0.0050465557
0.978432,-0.596277,-7.570462,0.493572,-0.031588331,-0.012190912,-0.03484486
0.979449,-0.91331,-6.651032,0.784185,-0.073093112,0.0601763985,-0.0444228864
0.980499,-0.894096,-7.271168,0.882657,-0.0699004365,0.084653577,-0.03484486
0.981548,-0.4906,-8.947212,0.395099,-0.0432948077,0.0325065445,-0.0199457078
0.9826,0.047395,-11.458884,0.073263,-0.0166891789,-0.0558241433,-0.0061107808
0.983615,0.088225,-13.307321,0.116495,0.0131091254,-0.1260630034,0.0024030204
0.984665,-0.216799,-12.452539,0.291824,0.0397147543,-0.1462832813,-0.0029181054
0.985715,-0.12313,-8.748481,-0.130886,0.0578065819,-0.088815123,-0.0178172575
0.986764,-0.065488,-6.239204,-0.704908,0.051421231,0.0484699218,-0.0273952839
0.987814,-0.252825,-7.036522,-0.589623,0.0141733506,0.1868191918,-0.0188814827
0.988832,-0.012649,-9.433265,-0.390277,-0.0230745298,0.2410946746,0.0013387952
0.989882,0.289973,-11.67677,-0.174118,-0.0241387549,0.2283239727,0.0194306229
0.990931,0.028181,-12.701551,0.157325,0.0077879997,0.2049110194,0.0268801989
0.991981,-0.464181,-12.213104,0.431126,0.0418432046,0.1900118672,0.020494848
0.992999,-0.553046,-10.156358,0.054049,0.0535496813,0.2059752445,0.0077241462
0.994048,-0.28645,-6.799482,-0.289403,0.0290725027,0.2751498795,-0.0039823305
0.9951,-0.363307,-5.286253,0.15012,-0.0103038279,0.3347464881,-0.0114319066
0.996148,-0.622697,-8.609609,0.865845,-0.0283956555,0.3038839587,-0.0061107808
0.997165,-0.077497,-13.453376,0.443135,0.0141733506,0.0931673782,0.020494848
0.998215,-0.40894,-11.612122,0.577633,0.0322651782,0.0176073923,0.0034672456
0.999264,-0.877284,-9.208196,0.957112,0.0333294034,-0.0217689384,-0.0199457078
1.000314,-1.069425,-7.292717,0.733748,0.0109806751,-0.0100624617,-0.0337806348
1.001364,-1.021389,-6.809059,1.122833,-0.0262672052,0.0197358426,-0.0359090851
1.002382,-0.521823,-7.805108,1.074798,-0.0518086089,0.0101578162,-0.0327164097
1.003431,0.232331,-10.838748,0.933094,-0.045423258,-0.0494387924,-0.0231383833
1.004481,0.837575,-13.197181,0.664097,-0.0166891789,-0.10265005,-0.007175006
1.005531,0.948056,-12.059865,-0.164511,0.0056595494,-0.095200474,-0.0007896551
1.006548,0.479712,-9.382984,-0.224555,0.0184302512,-0.0281542893,-0.0124961318
1.007601,0.020975,-7.137085,-0.577614,0.0163018009,0.0740113255,-0.0252668336
1.008648,-0.103916,-7.053283,-0.834603,-0.0007258016,0.167663139,-0.021009933
1.009697,-0.022256,-8.930452,-0.445517,-0.0103038279,0.2198101715,-0.0007896551
1.010718,0.213116,-10.944099,-0.745738,-0.0092396028,0.2219386218,0.0236875235
1.011765,0.376436,-12.850001,-0.68089,0.0088522248,0.2006541188,0.0396509008
1.012814,0.350017,-12.742255,-0.704908,0.037586304,0.1995898936,0.0364582253
1.013864,0.13626,-10.082134,-1.190064,0.051421231,0.2410946746,0.0141094971
1.014882,-0.348896,-7.371731,-0.764952,0.0471643304,0.306012409,-0.0082392311
1.015932,-0.802829,-5.920756,-0.162109,0.0343936285,0.3485814151,-0.0124961318
1.016981,-1.088639,-7.551307,0.810604,0.0322651782,0.3123977599,0.0002745701
1.01803,-1.1727,-11.710291,1.619998,0.0482285555,0.1857549666,0.020494848
1.01908,-0.70916,-13.731121,1.355804,0.0578065819,0.0303780942,0.0279444241
1.020101,-0.127934,-12.634509,1.060388,0.0492927807,-0.074980196,0.0109168216
1.021148,-0.051077,-10.051007,1.144449,0.0173660261,-0.0781728715,-0.0114319066
1.022197,-0.351298,-7.129902,1.423054,-0.0326525562,0.0005797899,-0.0252668336
1.023247,-0.562653,-8.128345,1.310171,-0.0762857875,0.1091307555,-0.0199457078
1.024265,0.124251,-10.221006,0.697721,-0.0443590329,0.0697544249,-0.0135603569
1.025314,0.496524,-12.229864,0.188548,-0.0060469273,0.0059009156,-0.0114319066
1.026364,0.117046,-12.653664,0.255797,0.0152375758,-0.0473103421,-0.0114319066
1.027413,-0.332084,-10.49875,0.488768,0.0322651782,-0.0824297721,-0.0156888072
1.028431,-0.320075,-7.433984,0.121299,0.0524854561,-0.0685948451,-0.0167530324
1.029481,-0.132737,-6.825819,-0.856219,0.0439716549,0.015478942,-0.0082392311
1.03053,0.114644,-8.554539,-1.091591,0.00991645,0.1293510335,0.006659921
1.03158,0.39565,-10.496356,-1.170849,-0.0134965034,0.2155532709,0.0183663977
1.03263,0.227527,-12.476482,-1.122814,-0.003918477,0.2421588997,0.0215590732
1.033647,-0.219201,-12.452539,-0.582418,0.0269440524,0.2176817212,0.0151737222
1.034697,-0.509814,-10.108471,-0.440714,0.0450358801,0.1878834169,0.0013387952
1.035747,-0.649116,-8.260034,-0.178922,0.0492927807,0.2017183439,-0.0050465557
1.036796,-0.706758,-7.161028,-0.190931,0.0429074297,0.258122277,0.0034672456
1.037814,-0.882087,-7.996656,0.075665,0.0269440524,0.2794067801,0.0141094971
1.038863,-0.814838,-10.71903,0.820211,0.0163018009,0.2134248206,0.020494848
1.039913,-0.346494,-12.112541,0.599249,0.0194944764,0.112323431,0.0151737222
1.040963,-0.183174,-11.844374,0.757766,0.0184302512,0.0356992199,-0.0018538802
1.041981,-0.348896,-10.632834,1.370215,0.0077879997,0.0037724653,-0.0146245821
1.04303,-0.656321,-8.868199,1.687247,-0.0071111525,0.015478942,-0.0178172575
1.04408,-0.874882,-7.750038,1.845764,-0.031588331,0.0420845709,-0.021009933
1.04513,-0.529028,-7.946375,1.583972,-0.045423258,0.0484699218,-0.0263310588
1.046179,0.008967,-9.658334,1.449473,-0.0283956555,0.0250569684,-0.0252668336
1.047197,0.443686,-11.499588,0.993138,-0.0028542519,-0.0185762629,-0.0199457078
1.048246,0.813557,-11.592967,0.539205,0.0088522248,-0.0473103421,-0.0167530324
1.049296,0.234732,-8.719749,-0.061235,0.0173660261,0.0218642929,-0.0114319066
1.050348,-0.053479,-8.173838,-0.390277,0.0035310991,0.0942316034,-0.0061107808
1.051363,0.0546,-8.537779,-0.592025,0.0014026488,0.1602135629,0.0034672456
1.052413,0.229929,-9.246506,-1.329366,0.0109806751,0.2027825691,0.0141094971
1.053463,0.208313,-11.482827,-1.816923,0.0173660261,0.2219386218,0.0183663977
1.054512,-0.10872,-13.115773,-1.48548,0.0301367279,0.2283239727,0.0194306229
1.05553,-0.288852,-11.013535,-1.254911,0.0386505291,0.2325808734,0.0109168216
1.05658,-0.252825,-8.075669,-1.286134,0.0386505291,0.258122277,-0.0018538802
1.05763,-0.663527,-7.058071,-0.851415,0.0386505291,0.3049481838,0.0002745701
1.058679,-1.319208,-7.857784,-0.315822,0.037586304,0.3070766341,0.0130452719
1.059729,-1.45851,-10.376638,0.392698,0.0418432046,0.2187459464,0.0247517486
1.060746,-1.026193,-12.270568,0.856238,0.0609992574,0.084653577,0.0215590732
1.061796,-0.485796,-11.784515,0.690516,0.065256158,-0.026025839,0.0002745701
1.062848,-0.178371,-10.517905,1.235716,0.0322651782,-0.06753062,-0.0167530324
1.063895,-0.144746,-9.349463,2.061922,-0.0049827022,-0.0377323157,-0.0156888072
1.064913,-0.365708,-8.066092,2.434196,-0.0326525562,0.015478942,-0.0124961318
1.065963,-0.339289,-7.773981,2.45341,-0.0496801586,0.0410203457,-0.0156888072
1.067012,0.17709,-9.543405,1.898603,-0.0379736819,0.0335707696,-0.0178172575
1.068062,0.592595,-11.585784,1.379822,-0.0060469273,0.0122862666,-0.0167530324
1.06908,0.667049,-11.372687,0.740953,0.0131091254,-0.0111266868,-0.0178172575
1.070129,0.484516,-9.660728,0.495973,0.0152375758,-0.0175120377,-0.0231383833
1.071179,0.016172,-8.870593,0.459947,0.0205587015,0.0069651408,-0.021009933
1.072229,-0.468984,-8.963973,-0.193332,0.0173660261,0.0548552727,-0.0061107808
1.073278,-0.324878,-8.480314,-0.495954,0.0045953242,0.1006169543,0.0077241462
1.074295,0.261152,-8.782002,-1.360589,-0.0017900267,0.1368006095,0.0098525965
1.075348,-0.303262,-12.275357,-1.432642,0.0216229267,0.1932045427,0.0055956959
1.076395,-0.473788,-10.865086,-1.18526,0.037586304,0.1963972181,0.0045314707
1.077444,-0.276843,-8.80834,-1.031547,0.0439716549,0.2166174961,0.0034672456
1.078462,-0.454573,-7.627926,-0.913861,0.0429074297,0.2613149525,0.006659921
1.079512,-0.853266,-8.355808,-0.64006,0.0333294034,0.2868563562,0.0151737222
1.080561,-0.992568,-10.383821,0.037237,0.0322651782,0.2591865022,0.0226232983
1.081611,-0.91331,-11.173956,0.234181,0.0386505291,0.181498066,0.0173021725
1.082629,-0.742785,-10.841142,0.589642,0.0354578537,0.0867820273,-0.0029181054
1.083679,-0.567456,-10.393399,1.278948,0.0248156021,0.0186716175,-0.0156888072
1.084729,-0.526626,-9.612841,1.812139,0.0056595494,-0.0036771108,-0.0114319066
1.085778,-0.529028,-8.975944,2.655158,-0.0092396028,-0.0047413359,-0.0082392311
1.086795,-0.219201,-8.647919,2.604721,-0.0209460795,0.0005797899,-0.0124961318
1.087847,0.251545,-9.258478,1.977861,-0.0262672052,0.0048366905,-0.0199457078
1.088895,0.448489,-10.862691,2.090744,-0.0156249537,-0.0111266868,-0.021009933
1.089944,0.688665,-10.968042,1.451875,-0.0071111525,-0.0313469647,-0.0188814827
1.090994,0.84478,-9.392561,0.779381,-0.0071111525,-0.0185762629,-0.0199457078
1.092012,0.412463,-8.774819,0.565625,-0.0103038279,0.0229285181,-0.0178172575
1.093061,-0.103916,-9.428476,-0.174118,-0.0134965034,0.0633690739,-0.0050465557
1.094111,-0.171166,-9.330308,-0.616042,-0.0028542519,0.1016811795,0.006659921
1.09516,0.105037,-8.947212,-1.334169,0.0131091254,0.1336079341,0.0055956959
1.096178,0.287571,-10.352695,-2.369329,0.0163018009,0.1623420132,0.0013387952
1.097229,0.064207,-11.595362,-2.369329,0.0269440524,0.2038467942,0.0034672456
1.098277,-0.27204,-10.477201,-2.006663,0.0407789794,0.2379019991,0.0055956959
1.099327,-0.382521,-8.904114,-1.682425,0.0429074297,0.250672701,0.006659921
1.100347,-0.879685,-8.719749,-0.997923,0.051421231,0.2794067801,0.0194306229
1.101394,-1.208727,-10.185091,-0.296608,0.0546139064,0.2464158004,0.0258159738
1.102444,-1.299994,-11.051845,0.426322,0.0599350322,0.1697915893,0.020494848
1.103494,-1.033398,-10.819593,0.608856,0.058870807,0.0867820273,0.0024030204
1.104543,-0.557849,-10.201851,0.885059,0.0290725027,0.0410203457,-0.0103676814
1.105561,-0.322477,-9.124394,1.869781,-0.0092396028,0.0367634451,-0.0103676814
1.106611,-0.50501,-9.327914,3.025029,-0.0220103046,0.0261211936,-0.007175006
1.10766,-0.250424,-9.897769,3.137912,-0.017753404,0.0059009156,-0.007175006
1.10871,0.458096,-9.299182,2.335723,-0.0081753776,0.001644015,-0.0135603569
1.109729,0.532551,-9.641573,2.102752,0.0014026488,-0.0089982365,-0.021009933
1.110777,0.43648,-10.759734,1.893799,0.0024668739,-0.0345396402,-0.0199457078
1.111827,0.573381,-10.256921,1.041173,0.0014026488,-0.0313469647,-0.0146245821
1.112877,0.304383,-8.963973,0.556018,-0.0028542519,0.0101578162,-0.0124961318
1.113894,-0.171166,-8.954395,0.039639,-0.0113680531,0.0537910475,-0.0103676814
1.114944,-0.262432,-9.457209,-0.54399,-0.0071111525,0.0835893518,-0.007175006
1.115994,-0.043872,-9.703826,-0.978708,0.0120449003,0.1027454046,-0.0039823305
1.117043,0.018574,-10.132415,-1.761683,0.0269440524,0.1197730071,-0.0039823305
1.118095,-0.269638,-10.517905,-2.174786,0.0343936285,0.1442501856,-0.0050465557
1.119111,-0.476189,-10.077345,-1.821727,0.0354578537,0.1665989138,-0.0029181054
1.12016,-0.423351,-9.090873,-1.716049,0.0333294034,0.1878834169,0.0045314707
1.12121,-0.560251,-8.904114,-1.48548,0.0280082776,0.2134248206,0.0130452719
1.122259,-0.759597,-9.521856,-0.781764,0.023751377,0.2293881979,0.020494848
1.123277,-0.752392,-10.280864,-0.553597,0.0226871518,0.223002847,0.0194306229
1.124327,-0.786017,-10.728608,0.08287,0.0248156021,0.1985256684,0.0098525965
1.125377,-0.81724,-10.733396,0.769774,0.0322651782,0.1634062384,-0.0018538802
1.126426,-0.452172,-8.793974,1.764104,0.0014026488,0.1070023052,-0.0103676814
1.127444,-0.500207,-9.435659,2.940967,0.0024668739,0.07081865,-0.007175006
1.128494,-0.252825,-10.508328,3.051448,0.0035310991,0.0229285181,-0.0050465557
1.129544,0.556568,-9.93129,2.424588,-0.003918477,0.0005797899,-0.0114319066
1.130595,0.801548,-9.773263,2.414981,-0.0103038279,0.0069651408,-0.0220741581
1.131643,0.506131,-10.307202,2.24926,-0.0188176292,0.0176073923,-0.0231383833
1.132661,0.446087,-9.63439,1.415848,-0.0305241059,0.0378276702,-0.0178172575
1.13371,0.201108,-8.84665,0.993138,-0.031588331,0.0623048488,-0.0156888072
1.13476,-0.154353,-9.112422,0.02763,-0.0283956555,0.0686901997,-0.0114319066
1.13581,-0.087104,-9.464392,-0.870629,-0.0166891789,0.0676259745,-0.0061107808
1.136827,0.167483,-9.825938,-1.439847,0.0045953242,0.0750755506,-0.0039823305
1.137877,0.145867,-10.675932,-2.422168,0.0173660261,0.0931673782,-0.0039823305
1.138926,-0.168764,-10.86748,-2.501426,0.0269440524,0.1240299077,-0.0029181054
1.139978,-0.216799,-9.550588,-2.395748,0.0322651782,0.1634062384,-0.0007896551
1.140994,-0.142344,-8.784397,-2.45339,0.0322651782,0.2017183439,0.0055956959
1.142043,-0.529028,-9.435659,-2.025877,0.0343936285,0.2325808734,0.0183663977
1.143096,-0.980559,-9.878614,-1.615175,0.0386505291,0.2432231249,0.0236875235
1.144143,-1.067023,-10.036641,-0.796175,0.0471643304,0.2166174961,0.0194306229
1.145161,-0.942131,-10.290442,-0.061235,0.0609992574,0.167663139,0.0077241462
1.14621,-0.752392,-10.247344,0.45034,0.0620634825,0.126158358,-0.0018538802
1.14726,-0.57226,-9.979177,1.252529,0.0439716549,0.0963600537,-0.0018538802
1.148309,-0.416145,-9.442842,2.095547,0.0194944764,0.0686901997,0.0034672456
1.149359,-0.284048,-9.548194,2.969788,0.0067237745,0.0282496439,0.0013387952
1.150377,0.131456,-10.436497,3.272411,-0.0071111525,-0.0068697862,-0.0029181054
1.151426,0.683862,-10.49875,3.044243,-0.0145607286,-0.0068697862,-0.0050465557
1.152478,0.417266,-9.335097,2.258867,-0.0166891789,0.0325065445,-0.0167530324
1.153526,0.268357,-9.306365,1.624802,-0.0188176292,0.0474056966,-0.0146245821
1.154543,-0.10872,-9.734953,0.786587,-0.0113680531,0.0548552727,-0.0093034563
1.155595,-0.264834,-9.718193,-0.190931,-0.0028542519,0.0580479482,-0.0093034563
1.156643,-0.20479,-9.203408,-0.892245,0.00991645,0.0623048488,-0.0114319066
1.157692,-0.27204,-9.50749,-1.5119,0.023751377,0.0559194979,-0.0146245821
1.15871,-0.456975,-10.917761,-1.862557,0.0322651782,0.0516625972,-0.0135603569
1.15976,-0.58667,-10.714242,-1.790504,0.037586304,0.0686901997,-0.0082392311
1.160809,-0.456975,-8.353414,-1.761683,0.0290725027,0.1006169543,-0.0061107808
1.161859,-0.466582,-8.133134,-1.680023,0.0141733506,0.1368006095,-0.0039823305
1.162909,-0.730776,-10.0965,-1.528712,0.0109806751,0.1783053905,0.006659921
1.163927,-0.865275,-10.510722,-1.151635,0.0131091254,0.2017183439,0.0141094971
1.164979,-0.915712,-10.237766,-0.512767,0.0141733506,0.1868191918,0.006659921
1.166026,-0.70916,-10.493961,-0.003593,0.0194944764,0.1644704635,-0.0039823305
1.167076,-0.425752,-10.455652,0.798596,0.0216229267,0.1665989138,-0.0061107808
1.168096,-0.332084,-9.737347,1.415848,0.00991645,0.1761769402,0.0002745701
1.169143,-0.125532,-8.499469,1.660828,-0.0103038279,0.1804338408,0.0013387952
1.170193,-0.144746,-8.911297,2.597515,-0.0166891789,0.1506355365,-0.0007896551
1.171242,-0.048676,-10.692692,2.914548,-0.0092396028,0.0857178022,-0.0018538802
1.17226,0.448489,-11.006352,2.479829,0.0035310991,0.0463414715,-0.0050465557
1.17331,0.458096,-10.280864,2.436597,0.0141733506,0.0410203457,-0.0124961318
1.174359,0.263553,-9.708615,2.042708,0.0035310991,0.0495341469,-0.0178172575
1.175409,0.201108,-9.313548,1.766506,-0.0156249537,0.0718828752,-0.0178172575
1.176459,-0.02706,-9.143549,1.230913,-0.0326525562,0.0931673782,-0.0167530324
1.177479,-0.115925,-8.920874,0.363877,-0.0507443838,0.0889104776,-0.0178172575
1.178526,-0.120729,-10.060584,-1.411026,-0.0241387549,0.029313869,-0.0167530324
1.179576,0.093028,-11.011141,-2.222821,-0.0049827022,0.0346349948,-0.0135603569
1.180626,0.020975,-10.204245,-2.455792,0.0152375758,0.0814609015,-0.0082392311
1.181643,-0.202388,-8.609609,-2.530247,0.0226871518,0.1229656825,-0.0050465557
1.182693,-0.228808,-8.97355,-2.856887,0.0163018009,0.1602135629,-0.0018538802
1.183743,-0.432958,-10.197062,-2.57588,0.0120449003,0.2017183439,0.0077241462
1.184792,-0.687544,-9.94805,-1.497489,0.0163018009,0.20916792,0.0141094971
1.18581,-0.795624,-10.309597,-0.969101,0.0322651782,0.1751127151,0.0109168216
1.18686,-0.836454,-10.956071,-0.222153,0.0556781316,0.1442501856,0.006659921
1.187909,-0.579465,-9.818755,0.383091,0.0663203831,0.139993285,0.0045314707
1.188958,-0.284048,-8.521018,0.834622,0.0503570058,0.153828212,0.0045314707
1.190008,-0.336887,-8.238485,1.903406,0.0343936285,0.153828212,0.0087883713
1.191026,-0.425752,-9.809178,2.825683,0.023751377,0.0995527292,0.0087883713
1.192076,0.037788,-11.640854,3.226777,0.0109806751,0.0218642929,0.0055956959
1.193125,0.657442,-10.963254,2.87612,0.0024668739,-0.0111266868,-0.0039823305
1.194175,0.582988,-9.916923,2.864111,-0.0103038279,-0.0004844353,-0.0178172575
1.195192,0.386043,-9.82115,2.729612,-0.0294598807,0.0325065445,-0.0167530324
1.196242,0.443686,-8.899325,1.675239,-0.0347810065,0.0835893518,-0.007175006
1.197292,0.035386,-8.372569,0.978728,-0.0358452316,0.1059380801,-0.0029181054
1.198341,-0.329682,-9.119605,0.051647,-0.0283956555,0.0761397758,-0.0061107808
1.199359,-0.207192,-9.995937,-1.168448,-0.0017900267,0.0410203457,-0.0135603569
1.200408,-0.31287,-10.845931,-1.636791,0.0269440524,0.0165431672,-0.0188814827
1.201458,-0.579465,-10.845931,-1.68963,0.0471643304,0.0027082402,-0.0178172575
1.202508,-0.721169,-9.746925,-1.888976,0.0578065819,0.0165431672,-0.0135603569
1.203557,-0.524225,-8.456371,-2.035484,0.0131091254,0.1112592058,-0.0061107808
1.204575,-0.596277,-9.464392,-1.576747,0.0045953242,0.1516997617,-0.0007896551
1.205625,-0.87248,-10.328751,-0.961896,0.0109806751,0.1506355365,0.0024030204
1.206674,-0.999773,-10.601707,-0.294206,0.023751377,0.1208372322,0.0002745701
1.207726,-0.930122,-10.81241,0.495973,0.037586304,0.0963600537,-0.0018538802
1.208742,-0.562653,-10.563398,1.005147,0.0343936285,0.1133876562,-0.0018538802
1.209791,-0.072693,-9.229745,1.238118,0.0035310991,0.1740484899,0.0002745701
1.210841,0.071412,-7.972712,1.910611,-0.0337167813,0.2251312973,0.0013387952
1.21189,-0.089506,-9.042986,2.513454,-0.0464874832,0.2134248206,-0.0007896551
1.212908,0.064207,-11.442124,2.496641,-0.0347810065,0.1612777881,-0.0029181054
1.213958,0.522944,-11.410997,2.431794,-0.0081753776,0.1250941328,-0.0082392311
1.215008,0.407659,-9.835516,2.333322,0.0141733506,0.1048738549,-0.0167530324
1.216057,-0.046274,-9.512279,2.054717,0.0184302512,0.0857178022,-0.0167530324
1.217075,-0.099113,-9.411716,1.543142,0.0152375758,0.0878462525,-0.0082392311
1.218125,-0.094309,-8.712566,0.909077,-0.0049827022,0.1048738549,-0.007175006
1.219174,-0.171166,-8.810734,0.162129,-0.0369094568,0.098488504,-0.0188814827
1.220226,-0.161558,-10.118049,-0.371063,-0.0486159335,0.0601763985,-0.0327164097
1.221273,-0.16396,-10.819593,-0.68089,-0.0294598807,0.0144147169,-0.0337806348
1.222291,-0.173567,-10.338329,-1.562337,-0.0049827022,-0.0058055611,-0.0252668336
1.223341,-0.197585,-9.416505,-2.083519,0.0056595494,0.0186716175,-0.0178172575
1.224391,-0.16396,-8.528201,-2.131554,0.0056595494,0.0591121733,-0.0124961318
1.22544,-0.048676,-8.930452,-2.523042,-0.0017900267,0.0942316034,-0.007175006
1.226458,-0.087104,-10.177907,-2.448587,-0.0007258016,0.1314794838,0.0024030204
1.227507,-0.303262,-10.448469,-2.009064,0.0067237745,0.1591493378,0.0077241462
1.228557,-0.526626,-10.436497,-1.084386,0.0141733506,0.153828212,0.006659921
1.229608,-0.543439,-10.48199,0.214967,0.0503570058,0.1634062384,0.0109168216
1.230625,-0.236013,-8.348625,0.808203,0.0418432046,0.2123605954,0.0098525965
1.231674,-0.168764,-7.515392,1.632007,0.0290725027,0.2315166482,0.0087883713
1.232726,-0.502609,-9.691855,2.338125,0.0343936285,0.1846907414,0.0119810468
1.233774,-0.370512,-11.976063,2.626337,0.0397147543,0.0910389279,0.0109168216
1.234823,0.270759,-11.387054,2.520659,0.0354578537,0.0197358426,0.0002745701
1.235841,0.374034,-9.998331,2.720005,0.0226871518,0.0048366905,-0.0135603569
1.23689,0.251545,-9.497912,2.511052,-0.0113680531,0.0282496439,-0.0135603569
1.23794,0.34041,-8.999888,1.973057,-0.0443590329,0.0761397758,-0.0050465557
1.23899,0.119448,-8.638341,1.264537,-0.0550012844,0.1187087819,-0.0050465557
1.240007,-0.125532,-8.837072,0.061255,-0.0528728341,0.1101949807,-0.0135603569
1.241057,0.001761,-10.180302,-0.921066,-0.0358452316,0.0591121733,-0.0220741581
1.242106,-0.031863,-11.755783,-1.5119,0.0056595494,0.015478942,-0.0242026084
1.243156,-0.416145,-11.061422,-1.701639,0.0482285555,-0.0047413359,-0.0199457078
1.244174,-0.701955,-8.674257,-1.692032,0.065256158,-0.0100624617,-0.0156888072
1.245226,-0.733178,-7.735672,-1.941815,0.0471643304,0.0165431672,-0.0114319066
1.246273,-0.70916,-9.105239,-1.800111,0.0184302512,0.0676259745,-0.0029181054
1.247322,-0.57226,-10.218611,-1.379803,0.0024668739,0.0995527292,0.0034672456
1.248372,-0.473788,-10.149175,-1.031547,0.0045953242,0.1048738549,0.0013387952
1.24939,-0.841257,-10.75734,-0.049227,0.0216229267,0.0952958285,-0.0029181054
1.25044,-1.014184,-11.25297,0.786587,0.0354578537,0.0825251267,-0.0018538802
1.251489,-0.476189,-10.072556,0.889862,0.0301367279,0.1101949807,0.0024030204
1.252539,0.059404,-8.190598,1.142047,0.0056595494,0.1963972181,0.006659921
1.253556,-0.058283,-7.932008,1.884192,-0.017753404,0.2613149525,0.0098525965
1.254606,-0.322477,-10.209034,2.388562,-0.0252029801,0.2432231249,0.0130452719
1.255656,0.575782,-10.766917,1.67764,-0.0017900267,0.1591493378,-0.0082392311
1.256705,0.167483,-9.665517,2.143582,0.0035310991,0.1378648347,-0.0188814827
1.257725,-0.168764,-9.629602,1.925022,0.0014026488,0.1176445568,-0.0114319066
1.258772,-0.228808,-9.205802,1.360608,0.0003384236,0.1176445568,0.0024030204
1.259822,-0.27204,-8.657496,0.757766,-0.017753404,0.1101949807,0.0013387952
1.260871,-0.0823,-9.351857,-0.147699,-0.0390379071,0.0772040009,-0.0156888072
1.261921,-0.065488,-10.896212,-0.4215,-0.031588331,0.0378276702,-0.0316521845
1.262939,-0.276843,-11.027901,-0.445517,-0.0049827022,0.0005797899,-0.0316521845
1.263988,-0.27204,-9.337491,-1.019538,0.0141733506,-0.0217689384,-0.0252668336
1.265038,-0.300861,-8.662285,-1.317357,0.0120449003,-0.0143193623,-0.0199457078
1.266087,-0.344092,-9.136366,-1.355785,-0.0071111525,0.0186716175,-0.0082392311
1.267106,-0.156755,-9.002282,-1.521507,-0.0209460795,0.0537910475,-0.0007896551
1.268155,0.059404,-9.39735,-1.850548,-0.0241387549,0.0814609015,-0.0007896551
1.269204,-0.087104,-10.958465,-1.742469,-0.0103038279,0.1070023052,-0.0007896551
1.270254,-0.577063,-11.478039,-0.928271,0.0131091254,0.1176445568,0.0034672456
1.271272,-0.610688,-10.347906,-0.226957,0.0258798273,0.1187087819,0.0077241462
1.272321,-0.101514,-9.167492,0.320645,0.0312009531,0.1570208875,0.0098525965
1.273371,0.114644,-8.568905,0.608856,0.0280082776,0.2304524231,0.0141094971
1.27442,-0.111121,-8.861016,1.163663,0.0173660261,0.2730214292,0.0194306229
1.275438,-0.389726,-10.015092,1.70406,0.0194944764,0.2485442507,0.020494848
1.276488,-0.425752,-10.776495,1.439866,0.0280082776,0.1783053905,0.0109168216
1.277538,-0.298459,-10.984803,1.7593,0.0333294034,0.1016811795,-0.0050465557
1.278587,-0.132737,-10.599313,1.987468,0.0365220788,0.0559194979,-0.0114319066
1.280655,0.172286,-8.221725,1.78572,-0.0103038279,0.0761397758,-0.0029181054
1.279637,0.234732,-8.868199,1.468687,0.0163018009,0.0580479482,-0.0082392311
1.281704,0.249143,-10.271287,-0.046825,-0.0358452316,0.0633690739,-0.0093034563
1.282754,0.316392,-10.448469,-0.21735,-0.0220103046,0.0495341469,-0.0220741581
1.283804,-0.159157,-10.221006,-0.5584,0.0077879997,0.0144147169,-0.0252668336
1.284822,-0.4906,-9.426082,-0.985914,0.0322651782,-0.0196404881,-0.0220741581
1.285871,-0.57226,-9.007071,-1.024342,0.0386505291,-0.026025839,-0.0146245821
1.28692,-0.596277,-9.143549,-1.271723,0.0248156021,-0.0047413359,-0.0061107808
1.287973,-0.569858,-9.392561,-1.211679,0.0056595494,0.0250569684,-0.0029181054
1.288988,-0.288852,-9.699038,-1.314955,0.0003384236,0.0559194979,-0.0061107808
1.290038,-0.428154,-10.340723,-0.88504,0.0131091254,0.0867820273,-0.007175006
1.291087,-1.11746,-10.70227,0.222173,0.0301367279,0.0910389279,-0.0018538802
1.292137,-1.057416,-10.187485,0.57283,0.0312009531,0.0740113255,0.0013387952
1.293186,-0.151951,-9.105239,0.933094,0.023751377,0.1080665304,0.0013387952
1.294204,0.304383,-8.564116,1.252529,0.0109806751,0.1974614433,0.006659921
1.295253,-0.00064,-9.509884,1.360608,-0.0071111525,0.2602507274,0.0151737222
1.296303,-0.303262,-10.82917,1.300564,-0.017753404,0.2677003034,0.0173021725
1.297355,-0.27204,-10.898606,0.935496,-0.0103038279,0.2432231249,0.0055956959
1.29837,-0.166362,-10.237766,1.302966,0.0024668739,0.2059752445,-0.0135603569
1.29942,-0.06789,-9.734953,1.600784,0.0109806751,0.1708558144,-0.0199457078
1.300472,0.044993,-8.966367,1.37742,0.0109806751,0.1506355365,-0.0093034563
1.301519,-0.142344,-8.865804,1.300564,0.0045953242,0.1282868083,0.0034672456
1.302537,-0.224004,-9.641573,0.700123,-0.0103038279,0.0942316034,0.0034672456
1.303587,0.059404,-10.285653,-0.109271,-0.0241387549,0.0665617494,-0.0103676814
1.304636,-0.084702,-10.879452,-0.164511,-0.0230745298,0.0399561205,-0.0242026084
1.305686,-0.365708,-10.264104,-0.294206,-0.0081753776,0.0080293659,-0.0295237342
1.306735,-0.478591,-8.710172,-0.145297,0.0109806751,-0.0036771108,-0.0231383833
1.307753,-0.28645,-9.042986,-0.58482,0.0014026488,0.0090935911,-0.0146245821
1.308803,-0.012649,-9.241717,-0.909057,-0.0124322782,0.0271854187,-0.0093034563
1.309855,0.093028,-9.914529,-0.997923,-0.0134965034,0.0474056966,-0.0050465557
1.310902,-0.10872,-10.93931,-1.190064,-0.0071111525,0.0623048488,-0.0007896551
1.31192,-0.315271,-11.008746,-0.534382,0.0014026488,0.0729471003,0.0013387952
1.312972,0.028181,-10.043824,-0.104467,0.0045953242,0.1080665304,0.0013387952
1.314019,0.352419,-9.196225,0.27261,0.00991645,0.181498066,0.0098525965
1.315068,0.205911,-8.762847,0.337457,0.0141733506,0.2528011513,0.0215590732
1.316086,-0.024658,-9.339885,0.02763,0.0120449003,0.2879205814,0.0247517486
1.317136,-0.291254,-10.616073,0.459947,0.0205587015,0.2772783298,0.020494848
1.318185,-0.533832,-10.678326,0.464751,0.0407789794,0.2315166482,0.0087883713
1.319235,-0.689946,-10.465229,0.707329,0.0609992574,0.1623420132,-0.0061107808
1.320284,-0.579465,-10.125232,1.139646,0.0620634825,0.1027454046,-0.0061107808
1.321302,-0.079899,-8.331865,1.029165,0.0407789794,0.0740113255,0.0034672456
1.322354,-0.178371,-8.449188,1.579168,0.0141733506,0.0527268224,0.0087883713
1.323401,-0.341691,-10.71903,1.331787,-0.0113680531,0.0197358426,0.0055956959
1.324451,0.388445,-11.185928,0.315841,-0.0220103046,0.0133504917,-0.0093034563
1.325471,0.383642,-10.194668,0.375885,-0.0166891789,0.0282496439,-0.0252668336
1.326518,-0.380119,-9.363829,0.255797,-0.0081753776,0.0122862666,-0.0295237342
1.327568,-0.651518,-8.95679,-0.152502,0.0077879997,-0.012190912,-0.0242026084
1.328618,-0.569858,-8.97355,-0.260582,0.0205587015,-0.0164478126,-0.0146245821
1.329635,-0.262432,-9.172281,-0.779362,0.0163018009,-0.0079340114,-0.0082392311
1.330685,-0.10872,-9.900163,-0.740934,0.0109806751,0.0059009156,-0.0093034563
1.331734,-0.250424,-10.874663,-0.447919,0.0163018009,0.015478942,-0.0082392311
1.332784,-0.560251,-9.615236,0.296627,0.0280082776,0.0378276702,-0.007175006
1.333834,-0.228808,-9.019043,0.452742,0.0184302512,0.0740113255,-0.0039823305
1.334854,0.184295,-9.246506,0.620865,0.0109806751,0.1516997617,0.006659921
1.335901,-0.017453,-9.639179,0.894666,0.0056595494,0.2304524231,0.0194306229
1.336951,-0.348896,-10.103683,0.481563,-0.0060469273,0.2655718531,0.0236875235
1.338,-0.497805,-10.738185,0.440733,-0.0049827022,0.2634434028,0.0141094971
1.339018,-0.529028,-10.752551,0.335055,0.0077879997,0.2421588997,-0.0007896551
1.340067,-0.456975,-10.458046,0.45034,0.0226871518,0.2187459464,-0.0103676814
1.341117,-0.31287,-9.239323,0.868247,0.0248156021,0.20916792,-0.0082392311
1.342167,-0.183174,-7.860178,0.707329,0.0067237745,0.1921403175,0.0002745701
1.343184,-0.468984,-9.256083,0.993138,-0.0049827022,0.1474428611,0.0055956959
1.344234,-0.615492,-11.166773,0.519991,-0.0092396028,0.0857178022,0.0034672456
1.345283,-0.161558,-10.70227,-0.015602,-0.0113680531,0.0356992199,-0.0135603569
1.346333,-0.115925,-9.904952,0.435929,-0.0017900267,0.0090935911,-0.0295237342
1.347353,-0.500207,-9.811572,0.299029,0.0077879997,-0.0058055611,-0.0337806348
1.3484,-0.480993,-9.337491,0.563223,0.0056595494,-0.0143193623,-0.0284595091
1.349449,-0.154353,-8.865804,0.608856,-0.0028542519,-0.0047413359,-0.021009933
1.350499,0.025779,-8.925663,0.133307,-0.0156249537,0.0133504917,-0.0178172575
1.351549,0.090627,-9.385378,0.013219,-0.0241387549,0.0229285181,-0.0167530324
1.352567,0.261152,-10.515511,-0.387875,-0.0188176292,0.0250569684,-0.0156888072
1.353616,0.301982,-10.946493,-0.431107,-0.0071111525,0.0325065445,-0.0093034563
1.354666,0.21792,-9.639179,-0.419098,0.0024668739,0.0537910475,-0.0018538802
1.355715,0.407659,-9.239323,-0.527177,0.0014026488,0.1070023052,0.0024030204
1.356734,0.551765,-10.094105,-0.234162,0.0077879997,0.195332993,0.0151737222
1.357783,0.265955,-9.766079,-0.481544,0.0163018009,0.2730214292,0.0258159738
1.358832,-0.377717,-10.587341,-0.25818,0.0322651782,0.2762141047,0.0151737222
1.359882,-0.389726,-10.350301,-0.229359,0.0567423567,0.2496084758,0.0045314707
1.3609,-0.57226,-9.696643,0.15012,0.0716415089,0.2187459464,-0.0018538802
1.361949,-0.608286,-8.5713,0.479161,0.0609992574,0.181498066,0.0013387952
1.362998,-0.754794,-8.398906,0.923487,0.0429074297,0.126158358,0.0098525965
1.364048,-1.119862,-10.606496,1.571963,0.0226871518,0.043148796,0.0183663977
1.3651,-0.500207,-11.482827,0.904273,-0.0049827022,-0.0228331635,0.0098525965
1.366115,0.345213,-10.441286,0.584839,-0.0230745298,-0.026025839,-0.0156888072
1.367165,0.227527,-9.749319,1.021959,-0.0337167813,0.0059009156,-0.0337806348
1.368214,-0.139943,-9.169887,0.89947,-0.0326525562,0.029313869,-0.0305879594
1.369264,-0.365708,-8.621581,0.865845,-0.0145607286,0.0325065445,-0.0178172575
1.370282,-0.519421,-8.810734,0.488768,0.0056595494,0.0208000678,-0.0082392311
1.371331,-0.476189,-9.813966,-0.070842,0.0226871518,-0.0047413359,-0.0082392311
1.372381,-0.214397,-10.453258,-0.066039,0.0343936285,-0.0356038654,-0.0156888072
1.373431,-0.024658,-10.42692,-0.178922,0.0333294034,-0.0515672427,-0.0199457078
1.374448,-0.156755,-10.359878,0.039639,0.0226871518,-0.0345396402,-0.0178172575
1.375498,-0.147148,-9.308759,0.255797,0.0077879997,0.0218642929,-0.0082392311
1.376547,0.117046,-8.427639,0.022826,-0.0103038279,0.098488504,0.0002745701
1.377599,0.081019,-9.320731,0.229378,-0.0156249537,0.1655346887,0.0109168216
1.378646,-0.236013,-10.304808,-0.178922,-0.0049827022,0.2070394697,0.0194306229
1.379664,-0.413744,-10.692692,-0.51757,0.0120449003,0.223002847,0.0162379474
1.380714,-0.332084,-10.596918,-0.371063,0.0301367279,0.2198101715,0.0034672456
1.381763,-0.228808,-10.149175,-0.620846,0.0407789794,0.2187459464,-0.0061107808
1.382813,-0.358503,-9.56256,-0.104467,0.0439716549,0.2272597476,-0.0029181054
1.383831,-0.40894,-8.348625,0.236583,0.0258798273,0.2315166482,0.006659921
1.38488,-1.014184,-10.513116,1.113226,-0.0092396028,0.1421217353,0.0130452719
1.38593,-0.949336,-11.195506,0.632874,-0.0092396028,0.0527268224,-0.0018538802
1.386982,-0.416145,-10.742974,0.637677,-0.0007258016,-0.0026128856,-0.0220741581
1.387997,-0.072693,-9.56256,1.021959,0.0077879997,-0.0047413359,-0.0327164097
1.389046,-0.195183,-8.856227,1.038772,0.0077879997,0.015478942,-0.0284595091
1.390098,-0.459377,-9.366223,1.507115,-0.0007258016,0.0303780942,-0.0199457078
1.391146,-0.19038,-9.169887,1.257332,-0.0134965034,0.0356992199,-0.0178172575
1.392195,0.09543,-9.260872,0.870648,-0.0230745298,0.0314423193,-0.0242026084
1.393213,0.064207,-10.240161,0.925889,-0.0209460795,0.0144147169,-0.0273952839
1.394262,0.201108,-10.338329,0.159727,-0.0145607286,-0.0036771108,-0.0231383833
1.395312,0.323597,-9.734953,-0.21735,-0.0071111525,0.0027082402,-0.0156888072
1.396362,0.458096,-9.181858,-0.529579,-0.0028542519,0.0452772463,-0.0061107808
1.397379,0.724692,-9.485941,-1.161242,-0.0060469273,0.1208372322,0.0034672456
1.398429,0.643032,-10.221006,-1.192465,-0.0060469273,0.2049110194,0.0119810468
1.399481,0.198706,-10.376638,-1.274125,0.0056595494,0.258122277,0.0183663977
1.400528,-0.156755,-10.400582,-1.04836,0.0280082776,0.2602507274,0.0151737222
1.401545,-0.14955,-9.921712,-1.041154,0.0524854561,0.2453515752,0.0077241462
1.402597,-0.171166,-9.459603,-0.913861,0.072705734,0.2400304494,0.0024030204
1.403644,-0.452172,-9.071718,-0.150101,0.0758984095,0.2400304494,0.006659921
1.404694,-0.689946,-8.252851,-0.085253,0.0609992574,0.2240670721,0.0151737222
1.405712,-1.249557,-9.41411,0.589642,0.0397147543,0.1580851126,0.0194306229
1.406761,-1.674669,-11.880289,1.338992,0.0194944764,0.0463414715,0.0162379474
1.407811,-0.992568,-12.141273,1.108423,0.0024668739,-0.0430534414,-0.0050465557
1.40886,-0.063086,-9.988754,1.343796,-0.0198818543,-0.053695693,-0.0305879594
1.40991,0.138662,-8.099613,1.559954,-0.0422305825,-0.012190912,-0.0369733103
1.410928,-0.257629,-9.646362,1.764104,-0.0241387549,0.0410203457,-0.007175006
1.41198,0.059404,-8.602426,0.755364,-0.0017900267,0.043148796,-0.0050465557
1.413027,-0.055881,-9.464392,0.459947,0.0152375758,0.0165431672,-0.0178172575
1.414076,-0.353699,-12.004795,0.601651,0.0280082776,-0.0302827396,-0.0263310588
1.415094,-0.159157,-10.999169,0.318243,0.0312009531,-0.0483745672,-0.0220741581
1.416143,0.081019,-8.070881,0.092477,0.0216229267,-0.0292185144,-0.0156888072
1.417193,0.234732,-8.216936,0.020425,0.0003384236,0.0144147169,-0.0061107808
1.418242,0.534953,-10.027063,-0.625649,-0.0188176292,0.098488504,0.0087883713
1.419261,0.607005,-10.55382,-1.108404,-0.017753404,0.2027825691,0.0162379474
1.42031,0.237134,-10.529877,-1.009931,0.0014026488,0.2570580519,0.0109168216
1.421359,-0.219201,-10.721425,-1.221286,0.0312009531,0.2496084758,0.0024030204
1.422409,-0.483395,-10.139598,-1.190064,0.0556781316,0.2336450985,-0.0029181054
1.423459,-0.519421,-9.06693,-0.971503,0.065256158,0.2474800255,-0.0018538802
1.424479,-0.6275,-8.458765,-0.474338,0.0546139064,0.264507628,0.0077241462
1.425525,-0.944533,-8.80834,0.217369,0.0312009531,0.2400304494,0.0194306229
1.426575,-1.122263,-10.414948,0.553616,0.0120449003,0.1623420132,0.0226232983
1.427625,-1.052612,-11.396631,0.906675,0.0003384236,0.0686901997,0.0098525965
1.428642,-0.692348,-10.70227,1.014754,-0.0060469273,-0.0015486604,-0.0124961318
1.429692,-0.159157,-9.897769,1.384625,-0.0145607286,-0.0164478126,-0.0273952839
1.430741,0.011368,-9.320731,1.874585,-0.017753404,0.0165431672,-0.0252668336
1.431791,-0.240817,-9.045381,1.893799,-0.0198818543,0.0495341469,-0.0167530324
1.432808,-0.392128,-9.296787,1.987468,-0.0188176292,0.056983723,-0.0135603569
1.433858,-0.252825,-9.289604,1.680042,-0.0103038279,0.0442130212,-0.0188814827
1.434907,-0.099113,-10.149175,1.29576,-0.0017900267,0.0144147169,-0.0295237342
1.435957,0.0546,-11.389448,1.065191,0.0056595494,-0.012190912,-0.0316521845
1.437006,0.157876,-8.042148,-0.320626,-0.0134965034,0.0303780942,-0.0188814827
1.438024,0.169885,-8.997494,-0.419098,-0.0262672052,0.0718828752,-0.0082392311
1.439074,0.460498,-9.988754,-1.113207,-0.0241387549,0.1336079341,0.0045314707
1.440123,0.491721,-9.955233,-1.725657,-0.0092396028,0.1900118672,0.0087883713
1.441172,0.114644,-10.630439,-1.699237,0.0109806751,0.2049110194,0.006659921
1.44219,-0.298459,-11.245787,-1.5119,0.037586304,0.1910760924,0.0055956959
1.443239,-0.440163,-10.340723,-1.413427,0.0535496813,0.1836265163,0.006659921
1.444289,-0.339289,-8.925663,-1.057967,0.0492927807,0.2081036948,0.0077241462
1.445339,-0.28645,-7.94398,-0.683292,0.0312009531,0.2528011513,0.0119810468
1.446358,-0.747588,-8.614398,-0.121279,0.0152375758,0.2591865022,0.0194306229
1.447406,-1.489733,-10.776495,0.880255,0.0131091254,0.1857549666,0.0215590732
1.448455,-1.451305,-11.23621,1.194886,0.0194944764,0.0654975242,0.0077241462
1.450555,-0.372914,-10.683115,1.728077,0.0056595494,-0.0568883684,-0.0305879594
1.451573,-0.005444,-9.291998,1.82655,-0.0188176292,-0.0217689384,-0.0242026084
1.449505,-0.822043,-10.747762,1.25493,0.0205587015,-0.0292185144,-0.0178172575
1.452622,0.049797,-8.169049,2.189216,-0.0390379071,0.0282496439,-0.0156888072
1.453671,-0.046274,-8.647919,2.321313,-0.0475517083,0.0505983721,-0.0146245821
1.454723,0.225125,-9.770868,1.588775,-0.0379736819,0.0452772463,-0.0178172575
1.455739,0.364427,-11.059028,1.360608,-0.0081753776,0.0239927432,-0.0231383833
1.456788,0.191501,-10.752551,1.0772,0.0088522248,-0.0089982365,-0.0231383833
1.457838,0.165081,-9.167492,0.395099,0.0014026488,-0.0356038654,-0.021009933
1.458887,0.482114,-8.784397,-0.277394,-0.0081753776,-0.0185762629,-0.0114319066
1.459905,0.736701,-9.392561,-1.262116,-0.0145607286,0.0654975242,0.0034672456
1.460954,0.616612,-9.708615,-1.764085,-0.0220103046,0.1740484899,0.0130452719
1.462004,0.333205,-10.127626,-1.879369,-0.0124322782,0.2379019991,0.0141094971
1.463054,-0.61309,-10.860297,-1.732862,0.0524854561,0.2081036948,0.0055956959
1.464105,-0.656321,-9.335097,-1.569542,0.0695130586,0.1900118672,0.0034672456
1.46512,-0.507412,-8.226513,-1.118011,0.0641919328,0.1995898936,0.0077241462
1.46617,-0.507412,-8.382146,-0.630453,0.0482285555,0.2208743967,0.020494848
1.46722,-0.932524,-9.675094,-0.200538,0.0343936285,0.2134248206,0.0300728744
1.468269,-1.412877,-10.991986,0.647284,0.0248156021,0.1463786359,0.0236875235
1.469287,-1.194316,-11.161985,1.19969,0.0173660261,0.0463414715,0.0002745701
1.470336,-0.656321,-10.802832,1.615195,0.0088522248,-0.0185762629,-0.0188814827
1.471386,-0.305664,-9.718193,1.886594,-0.0113680531,-0.0207047132,-0.0188814827
1.472435,-0.007846,-8.374963,2.054717,-0.0347810065,0.0133504917,-0.0124961318
1.473453,0.037788,-8.722144,2.575899,-0.0369094568,0.0420845709,-0.0082392311
1.474503,-0.101514,-9.974388,2.33092,-0.0241387549,0.0474056966,-0.0082392311
1.475553,-0.0823,-10.654383,1.687247,-0.0017900267,0.0356992199,-0.0178172575
1.476605,-0.00064,-10.434103,1.427857,0.0184302512,0.0144147169,-0.0295237342
1.478669,0.160278,-9.114817,0.618463,0.0088522248,-0.0366680905,-0.0188814827
1.47762,0.052198,-9.569743,1.053182,0.0194944764,-0.0207047132,-0.0295237342
1.479718,0.414864,-9.033409,-0.152502,-0.0049827022,0.0080293659,-0.0039823305
1.480768,0.491721,-9.126788,-0.911459,-0.0220103046,0.0899747028,0.0013387952
1.481818,0.225125,-9.914529,-1.473471,-0.0262672052,0.1591493378,-0.0007896551
1.482835,-0.053479,-10.628045,-1.833736,-0.0049827022,0.1985256684,-0.0061107808
1.483885,-0.392128,-10.515511,-1.56714,0.0258798273,0.195332993,-0.007175006
1.484935,-0.637107,-9.74453,-1.396615,0.0429074297,0.1623420132,-0.0039823305
1.485985,-0.524225,-9.189041,-1.22609,0.0429074297,0.1485070862,0.0034672456
1.487002,-0.32728,-9.34228,-0.772157,0.0280082776,0.1825622911,0.0162379474
1.488051,-0.284048,-9.411716,-0.411893,0.0067237745,0.2325808734,0.0258159738
1.489103,-1.37685,-10.577764,0.498375,-0.0113680531,0.1804338408,0.006659921
1.49015,-1.273574,-10.335934,1.110825,0.0014026488,0.1006169543,-0.0135603569
1.491168,-0.725973,-9.756502,1.6224,0.00991645,0.0452772463,-0.0252668336
1.492218,-0.394529,-9.612841,1.961048,0.0045953242,0.0239927432,-0.0220741581
1.493267,-0.399333,-10.034247,2.556685,-0.0060469273,0.0144147169,-0.0135603569
1.494317,-0.187978,-9.6727,2.470222,-0.0220103046,0.0133504917,-0.0124961318
1.495366,0.232331,-9.033409,2.042708,-0.0358452316,0.0271854187,-0.0231383833
1.496384,0.196304,-10.194668,2.364544,-0.0369094568,0.0314423193,-0.0327164097
1.497433,0.191501,-10.683115,1.653623,-0.031588331,0.0218642929,-0.0327164097
1.498483,0.414864,-8.858621,0.676106,-0.0294598807,0.015478942,-0.0295237342
1.499533,0.446087,-8.279189,0.188548,-0.0326525562,0.0144147169,-0.0231383833
1.50055,0.62622,-9.526645,-0.733729,-0.0401021322,0.0410203457,-0.0082392311
1.501602,0.84478,-10.103683,-1.538319,-0.0347810065,0.112323431,0.0055956959
1.50265,0.688665,-10.37185,-2.383739,-0.0198818543,0.1836265163,0.006659921
1.503699,0.294776,-10.848325,-2.551863,0.0024668739,0.2176817212,0.0024030204
1.504717,-0.178371,-10.651988,-2.254044,0.0301367279,0.2166174961,0.0013387952
1.505766,-0.44977,-9.667911,-2.297276,0.0492927807,0.20916792,0.0024030204
1.506816,-0.476189,-8.540173,-2.102733,0.0546139064,0.2261955224,0.0087883713
1.507866,-0.605884,-8.058909,-1.468668,0.0492927807,0.2517369261,0.0183663977
1.508915,-1.047809,-9.224957,-0.565605,0.0471643304,0.2432231249,0.0290086492
1.509933,-1.593009,-11.286491,0.339859,0.0556781316,0.1804338408,0.0300728744
1.510983,-1.566589,-11.530714,0.863443,0.0641919328,0.0803966764,0.0130452719
1.512032,-0.894096,-10.273681,0.947505,0.0471643304,-0.0015486604,-0.0146245821
1.513082,-0.250424,-9.392561,1.696855,0.0014026488,-0.0238973887,-0.0231383833
1.514102,0.016172,-9.263266,2.883325,-0.0305241059,-0.012190912,-0.0124961318
1.515149,0.386043,-9.806783,2.744023,-0.0422305825,0.0112220414,-0.0029181054
1.516198,0.592595,-9.725376,2.340527,-0.0283956555,0.0346349948,-0.0124961318
1.517248,0.251545,-10.165936,2.184412,-0.0049827022,0.0303780942,-0.0252668336
1.518266,0.066609,-10.098894,1.420652,0.0056595494,0.0037724653,-0.0263310588
1.519315,0.174688,-9.167492,0.743355,0.0077879997,-0.0175120377,-0.0178172575
1.520365,0.174688,-9.016648,-0.020405,0.0045953242,-0.0153835874,-0.007175006
1.521414,0.097832,-9.794812,-0.837005,-0.0081753776,0.0229285181,0.0013387952
1.522464,0.246741,-9.811572,-1.14443,-0.0156249537,0.0835893518,0.0045314707
1.523483,0.201108,-10.007909,-1.855352,-0.0049827022,0.1336079341,0.0002745701
1.524531,-0.339289,-10.563398,-1.900985,0.0141733506,0.1591493378,-0.0029181054
1.525581,-0.713964,-9.921712,-1.571944,0.0333294034,0.1623420132,-0.0029181054
1.52663,-0.697151,-9.229745,-1.68963,0.0386505291,0.1570208875,0.0013387952
1.527648,-0.553046,-9.059747,-1.346178,0.0333294034,0.1719200396,0.0109168216
1.528697,-0.57226,-9.272844,-1.158841,0.023751377,0.2038467942,0.0215590732
1.529747,-0.788418,-10.2234,-0.54399,0.0109806751,0.2208743967,0.0236875235
1.530797,-1.021389,-10.587341,0.241387,0.0077879997,0.2038467942,0.0151737222
1.531814,-1.064621,-10.290442,0.690516,0.0067237745,0.1485070862,-0.0039823305
1.532864,-0.673134,-10.252132,1.588775,0.0014026488,0.0878462525,-0.0135603569
1.533913,-0.195183,-9.699038,2.04511,-0.0103038279,0.0591121733,-0.0082392311
1.534963,-0.180773,-9.35904,2.42699,-0.0188176292,0.0474056966,-0.0029181054
1.535983,-0.192781,-9.98636,2.897736,-0.0241387549,0.0335707696,-0.0039823305
1.53703,0.13626,-10.225794,2.616729,-0.0294598807,0.0325065445,-0.0103676814
1.53808,0.21792,-10.00312,2.321313,-0.0262672052,0.0442130212,-0.0231383833
1.539129,0.025779,-9.7996,2.090744,-0.0230745298,0.0463414715,-0.0316521845
1.540179,0.076216,-9.272844,0.933094,-0.0262672052,0.0314423193,-0.0188814827
1.541197,0.090627,-9.325519,0.032433,-0.0347810065,0.0346349948,-0.0124961318
1.542246,0.270759,-9.289604,-1.005128,-0.0379736819,0.0686901997,-0.0124961318
1.543296,0.251545,-9.706221,-1.692032,-0.0241387549,0.1165803316,-0.0124961318
1.544345,-0.060684,-10.486778,-2.246839,-0.0007258016,0.1506355365,-0.0103676814
1.545363,-0.399333,-10.42692,-2.47981,0.0184302512,0.1644704635,-0.0093034563
1.546412,-0.514618,-9.41411,-2.309285,0.0280082776,0.1612777881,-0.0082392311
1.547462,-0.382521,-9.119605,-2.306883,0.0269440524,0.1655346887,-0.0039823305
1.548511,-0.416145,-9.61763,-1.756879,0.0194944764,0.1900118672,0.0087883713
1.549529,-0.651518,-9.636785,-1.118011,0.0120449003,0.2123605954,0.0194306229
1.550579,-0.915712,-9.904952,-0.714515,0.0109806751,0.20916792,0.0162379474
1.551628,-1.098246,-10.651988,0.219771,0.0258798273,0.1751127151,0.0013387952
1.552678,-0.798025,-10.448469,0.726543,0.0397147543,0.1293510335,-0.0093034563
1.55373,-0.269638,-9.366223,1.086807,0.0258798273,0.1006169543,-0.0103676814
1.554745,-0.24562,-9.088479,2.270876,0.0077879997,0.0750755506,-0.0029181054
1.555794,-0.521823,-10.180302,3.185947,0.0014026488,0.0229285181,0.0034672456
1.556844,-0.19038,-10.836353,3.145117,-0.0103038279,-0.0207047132,0.0002745701
1.557893,0.537354,-10.062979,2.837692,-0.0230745298,-0.0068697862,-0.0167530324
1.558911,0.534953,-9.526645,2.796862,-0.031588331,0.029313869,-0.0316521845
1.55996,0.155474,-9.325519,2.551882,-0.0411663574,0.0303780942,-0.0305879594
1.56101,0.280366,-8.810734,1.588775,-0.0443590329,0.015478942,-0.021009933
1.562059,0.568577,-9.059747,0.690516,-0.0411663574,0.0186716175,-0.0124961318
1.563077,0.633425,-9.754108,-0.361456,-0.0358452316,0.0399561205,-0.0050465557
1.564127,0.527747,-10.244949,-1.411026,-0.0252029801,0.0676259745,-0.0018538802
1.565176,0.323597,-10.620862,-1.898583,-0.0060469273,0.0942316034,0.0002745701
1.566228,-0.243218,-9.440448,-2.65754,0.0280082776,0.1410575101,-0.0029181054
1.567275,-0.346494,-9.418899,-2.441382,0.0290725027,0.1570208875,0.0013387952
1.568293,-0.452172,-9.277632,-2.549461,0.0280082776,0.1761769402,0.0141094971
1.569342,-0.786017,-8.877776,-1.982645,0.0248156021,0.1963972181,0.0236875235
1.570392,-1.21353,-9.813966,-1.182858,0.0248156021,0.1974614433,0.0247517486
1.571441,-1.436894,-10.771706,-0.337438,0.0397147543,0.1740484899,0.0194306229
1.57246,-1.299994,-10.410159,0.248592,0.0535496813,0.1293510335,0.0087883713
1.573509,-0.891694,-10.165936,0.584839,0.0439716549,0.0899747028,-0.0039823305
1.574558,-0.324878,-9.34228,1.370215,0.0131091254,0.0857178022,-0.0061107808
1.575609,-0.192781,-8.990311,2.693586,-0.0103038279,0.0761397758,-0.0007896551
1.576626,-0.214397,-10.470018,3.675907,-0.017753404,0.0325065445,0.0055956959
1.577675,0.465301,-10.735791,3.077868,-0.0209460795,0.0165431672,0.0024030204
1.578727,0.693469,-9.93129,2.756032,-0.0134965034,0.0442130212,-0.0124961318
1.579774,0.222723,-9.598475,2.914548,-0.0113680531,0.0559194979,-0.021009933
1.580823,0.220322,-9.102845,1.970655,-0.0124322782,0.043148796,-0.0188814827
1.581841,0.321196,-9.256083,1.262136,-0.0103038279,0.0356992199,-0.0124961318
1.582891,0.282768,-9.722981,0.563223,-0.0166891789,0.0356992199,-0.0061107808
1.58394,0.225125,-9.631996,-0.54399,-0.0198818543,0.0442130212,-0.0039823305
1.584989,-0.099113,-9.897769,-0.935477,-0.0081753776,0.0580479482,-0.007175006
1.586007,-0.418547,-10.486778,-1.5119,0.0131091254,0.0686901997,-0.007175006
1.587057,-0.536233,-9.924107,-2.0571,0.0333294034,0.0772040009,-0.0093034563
1.588109,-0.488198,-8.597637,-2.035484,0.0397147543,0.084653577,-0.0146245821
1.589156,-0.394529,-9.007071,-2.446185,0.023751377,0.1038096298,-0.0093034563
1.590174,-0.476189,-9.983965,-2.210812,0.0077879997,0.1474428611,0.0055956959
1.591226,-0.757195,-9.730164,-1.557533,0.0014026488,0.1857549666,0.0141094971
1.592273,-1.112656,-10.932127,-0.111672,0.0184302512,0.1495713114,0.0013387952
1.593322,-0.70916,-9.72777,0.306234,0.0333294034,0.1325437089,-0.0093034563
1.594371,-0.248022,-9.110028,1.079602,0.0226871518,0.1293510335,-0.0114319066
1.595389,0.020975,-9.387772,1.886594,0.0035310991,0.1389290598,-0.0018538802
1.596439,-0.20479,-9.94805,2.49424,-0.0049827022,0.126158358,0.0045314707
1.597488,-0.512216,-10.651988,3.224375,-0.0134965034,0.0814609015,0.0034672456
1.598538,-0.296057,-10.300019,3.202759,-0.0166891789,0.0420845709,-0.0061107808
1.599555,-0.070292,-9.813966,2.938566,-0.0145607286,0.0282496439,-0.0242026084
1.600607,0.097832,-10.012697,2.828085,-0.0230745298,0.0271854187,-0.0337806348
1.601654,0.458096,-9.622419,2.232448,-0.0337167813,0.0410203457,-0.0284595091
1.602704,0.549363,-8.86341,1.274144,-0.0464874832,0.0654975242,-0.021009933
1.603724,0.347615,-9.119605,0.344662,-0.0571297347,0.0910389279,-0.0156888072
1.604771,0.133858,-9.818755,-0.654471,-0.0507443838,0.1133876562,-0.0135603569
1.605821,-0.101514,-10.089317,-1.459061,-0.0241387549,0.1176445568,-0.0178172575
1.60687,-0.293655,-10.276076,-1.862557,0.0077879997,0.1027454046,-0.021009933
1.607888,-0.267236,-9.725376,-2.273258,0.0301367279,0.0889104776,-0.0199457078
1.608938,-0.072693,-8.837072,-2.914529,0.0280082776,0.0963600537,-0.0124961318
1.609987,-0.043872,-9.385378,-3.089857,0.0045953242,0.1293510335,0.0013387952
1.611036,-0.28645,-10.161147,-2.467801,-0.0103038279,0.1708558144,0.0162379474
1.612086,-0.639509,-10.034247,-1.872164,-0.0081753776,0.1921403175,0.0194306229
1.613106,-1.052612,-10.44368,-1.074779,0.0120449003,0.1772411654,0.0119810468
1.614153,-1.206325,-10.625651,-0.25818,0.0450358801,0.1495713114,0.0034672456
1.615202,-0.752392,-9.378195,0.193351,0.0631277077,0.1357363844,-0.0029181054
1.616252,-0.115925,-8.5713,0.632874,0.0492927807,0.1474428611,-0.0029181054
1.617269,-0.087104,-9.430871,1.713667,0.0333294034,0.1548924371,0.0045314707
1.618319,-0.31287,-10.745368,3.243589,0.0056595494,0.0261211936,0.0055956959
1.619368,0.268357,-10.379033,3.13551,-0.0092396028,-0.0111266868,-0.0114319066
1.620418,0.239536,-10.436497,3.356472,-0.0166891789,-0.0004844353,-0.0252668336
1.621435,0.222723,-9.615236,2.669568,-0.0326525562,0.0218642929,-0.0231383833
1.622485,0.515738,-8.295949,1.723274,-0.0432948077,0.0474056966,-0.0156888072
1.623535,0.398052,-8.95679,0.856238,-0.0411663574,0.0527268224,-0.0114319066
1.624584,0.265955,-10.043824,-0.010798,-0.0326525562,0.0410203457,-0.007175006
1.625634,0.311589,-10.118049,-1.029145,-0.0081753776,0.0410203457,-0.0103676814
1.626651,0.028181,-10.436497,-1.475873,0.0216229267,0.0388918954,-0.0146245821
1.627701,-0.360905,-10.221006,-1.656005,0.0461001052,0.0271854187,-0.0135603569
1.62875,-0.459377,-9.2489,-2.232428,0.051421231,0.0271854187,-0.0103676814
1.6298,-0.151951,-8.657496,-2.386141,0.0343936285,0.056983723,-0.0050465557
1.630817,0.064207,-9.093268,-2.635924,0.0109806751,0.1048738549,0.0034672456
1.631867,-0.423351,-10.232977,-2.035484,-0.0028542519,0.1431859605,0.0141094971
1.632916,-1.040603,-10.666355,-1.031547,0.0056595494,0.1548924371,0.0183663977
1.633966,-1.201521,-10.311991,-0.534382,0.0280082776,0.1378648347,0.0098525965
1.636033,-0.603483,-9.897769,0.73615,0.0418432046,0.112323431,-0.0029181054
1.634985,-1.043005,-9.926501,0.464751,0.0429074297,0.1091307555,-0.0018538802
1.637083,-0.022256,-9.323125,1.166065,0.0184302512,0.1612777881,0.0055956959
1.638132,0.028181,-8.691017,2.302099,-0.0071111525,0.1910760924,0.0098525965
1.639182,-0.404136,-10.189879,2.989003,-0.0198818543,0.1442501856,0.006659921
1.640199,-0.240817,-11.530714,2.979396,-0.0220103046,0.0761397758,0.0013387952
1.641249,0.047395,-10.496356,2.758433,-0.0060469273,0.0548552727,-0.0093034563
1.642299,-0.161558,-9.347068,2.837692,0.0024668739,0.0527268224,-0.021009933
1.643351,0.431677,-9.349463,1.492705,-0.0124322782,0.0676259745,-0.0114319066
1.644365,0.191501,-9.514673,0.889862,-0.0230745298,0.0825251267,-0.007175006
1.645415,0.078618,-9.512279,-0.150101,-0.0369094568,0.0803966764,-0.0135603569
1.646464,-0.120729,-10.031852,-0.58482,-0.0262672052,0.0686901997,-0.0199457078
1.647514,-0.437761,-10.410159,-1.238099,0.0035310991,0.0516625972,-0.0220741581
1.648532,-0.432958,-9.861853,-2.042689,0.0248156021,0.0452772463,-0.021009933
1.649582,-0.27204,-8.947212,-2.321294,0.0269440524,0.0644332991,-0.0178172575
1.650631,-0.130336,-8.5713,-2.888109,0.0120449003,0.1038096298,-0.0124961318
1.65168,-0.279245,-9.586503,-2.842476,-0.0049827022,0.1442501856,-0.0050465557
1.652732,-0.65392,-10.711847,-1.946619,-0.0049827022,0.1580851126,0.0055956959
1.653747,-0.927721,-10.479595,-1.310152,0.0131091254,0.1410575101,0.0087883713
1.654797,-1.052612,-10.141992,-0.541588,0.0343936285,0.1101949807,0.0024030204
1.655849,-0.701955,-10.067767,0.255797,0.0461001052,0.1048738549,-0.0007896551
1.656896,0.01377,-9.418899,0.62807,0.0429074297,0.1485070862,0.0013387952
1.657914,0.321196,-8.597637,1.307769,0.0205587015,0.20916792,0.006659921
1.658963,-0.103916,-9.074113,2.383759,0.0077879997,0.2176817212,0.0087883713
1.660013,-0.733178,-10.960859,3.125903,0.0109806751,0.1495713114,0.0087883713
1.661062,-0.560251,-11.34635,3.09468,0.00991645,0.0580479482,0.0013387952
1.66208,0.069011,-10.029458,2.878522,0.0088522248,0.0144147169,-0.0167530324
1.664179,0.594997,-9.447631,2.280483,-0.0241387549,0.056983723,-0.021009933
1.663129,0.323597,-9.461997,2.866513,-0.0017900267,0.0229285181,-0.0273952839
1.666246,0.234732,-8.801157,0.69532,-0.0528728341,0.1059380801,-0.0114319066
1.665231,0.655041,-9.098056,1.478294,-0.0411663574,0.0952958285,-0.0114319066
1.667296,-0.046274,-9.533828,-0.294206,-0.0486159335,0.0793324512,-0.0188814827
1.668345,-0.197585,-10.874663,-0.964298,-0.0145607286,0.043148796,-0.0220741581
1.669395,-0.356101,-10.75734,-1.521507,0.0258798273,0.0133504917,-0.021009933
1.670444,-0.115925,-8.451582,-2.482212,0.037586304,0.0186716175,-0.0146245821
1.671462,0.023377,-9.411716,-3.02501,0.0109806751,0.07081865,-0.0039823305
1.672512,-0.031863,-10.048613,-2.273258,-0.0060469273,0.1240299077,0.0077241462
1.673561,-0.483395,-10.106077,-1.668014,-0.0081753776,0.1368006095,0.0130452719
1.67461,-1.07663,-10.357484,-1.161242,0.0067237745,0.1155161065,0.0130452719
1.675628,-1.259164,-10.596918,-0.188529,0.037586304,0.0931673782,0.0098525965
1.676678,-0.759597,-10.043824,0.325448,0.0546139064,0.1016811795,0.0077241462
1.677729,0.025779,-8.544962,0.505581,0.0407789794,0.1612777881,0.006659921
1.678777,0.088225,-8.43961,1.175672,0.0163018009,0.2251312973,0.0077241462
1.679794,-0.608286,-10.462835,2.441401,0.0077879997,0.2166174961,0.0130452719
1.680844,-0.862873,-11.351138,2.806469,0.0088522248,0.1346721592,0.0119810468
1.681894,-0.238415,-10.37185,2.616729,0.00991645,0.0527268224,-0.0050465557
1.682943,0.25875,-9.969599,2.861709,0.0109806751,0.0271854187,-0.0231383833
1.683993,0.328401,-9.622419,2.599917,0.0024668739,0.0442130212,-0.021009933
1.685011,0.515738,-8.717355,1.804934,-0.0145607286,0.0686901997,-0.0103676814
1.68606,0.522944,-8.920874,1.069995,-0.0283956555,0.0878462525,-0.0050465557
1.687111,0.131456,-10.034247,0.234181,-0.0326525562,0.0910389279,-0.0061107808
1.688159,-0.202388,-10.695087,-0.469535,-0.0198818543,0.0665617494,-0.0146245821
1.689176,-0.346494,-10.462835,-0.846612,0.0109806751,0.0271854187,-0.0242026084
1.690228,-0.476189,-9.514673,-1.206876,0.0418432046,-0.0100624617,-0.0273952839
1.691276,-0.456975,-8.837072,-1.658407,0.0482285555,-0.0238973887,-0.0231383833
1.692325,-0.16396,-9.031014,-2.069109,0.0301367279,0.0090935911,-0.0103676814
1.693343,-0.14955,-9.502701,-2.172384,0.0056595494,0.0665617494,0.0034672456
1.694393,-0.459377,-9.780446,-1.937012,-0.0113680531,0.1027454046,0.006659921
1.695442,-0.658723,-10.180302,-1.56714,-0.0081753776,0.1133876562,0.0002745701
1.696492,-1.074228,-10.264104,0.270208,0.0397147543,0.0942316034,-0.0029181054
1.697541,-0.380119,-9.217774,0.618463,0.037586304,0.1080665304,0.0013387952
1.698559,0.244339,-8.963973,1.163663,0.0205587015,0.1740484899,0.0077241462
1.69961,0.01377,-9.811572,2.133975,0.0045953242,0.2176817212,0.0130452719
1.700658,-0.372914,-10.613679,2.443803,-0.0049827022,0.1932045427,0.0119810468
1.701708,-0.315271,-10.470018,2.244456,-0.0134965034,0.1453144108,0.0013387952
1.702727,-0.127934,-9.926501,2.575899,-0.0134965034,0.112323431,-0.0146245821
1.703774,0.083421,-9.993543,2.681577,-0.0092396028,0.0942316034,-0.021009933
1.704824,0.366829,-9.734953,2.141181,-0.0092396028,0.0963600537,-0.0124961318
1.705874,0.251545,-8.992705,1.591177,-0.0145607286,0.1080665304,-0.0018538802
1.706892,-0.187978,-9.371012,0.673704,-0.0283956555,0.1006169543,-0.0039823305
1.707941,-0.291254,-10.153964,-0.075646,-0.0390379071,0.0740113255,-0.0178172575
1.70899,-0.303262,-10.367061,-0.457526,-0.0273314304,0.0474056966,-0.0327164097
1.71004,-0.468984,-9.976782,-0.76255,0.0003384236,0.0165431672,-0.0369733103
1.711089,-0.401735,-9.208196,-1.168448,0.0194944764,-0.012190912,-0.0295237342
1.71211,-0.091907,-8.987916,-1.94902,0.0120449003,-0.0111266868,-0.0167530324
1.713156,0.126653,-8.980733,-2.268455,-0.0103038279,0.0346349948,-0.007175006
1.714206,0.037788,-9.361435,-2.102733,-0.0252029801,0.084653577,-0.0029181054
1.715255,-0.175969,-10.671143,-1.850548,-0.0209460795,0.1070023052,0.0002745701
1.716273,-0.425752,-10.908184,-1.535917,0.0045953242,0.1155161065,0.0034672456
1.717322,-0.752392,-9.960022,-1.06277,0.0280082776,0.1144518813,0.0045314707
1.718372,-0.687544,-9.830727,-0.17652,0.0343936285,0.1219014574,0.0077241462
1.719421,-0.125532,-9.572137,0.35427,0.0343936285,0.167663139,0.0109168216
1.720439,0.225125,-8.908903,0.779381,0.023751377,0.2272597476,0.0141094971
1.721489,-0.055881,-9.442842,1.773711,0.0141733506,0.2453515752,0.0162379474
1.722538,-0.814838,-10.99438,2.013887,0.0205587015,0.1240299077,0.0077241462
1.723588,-0.40894,-10.285653,2.419785,0.0290725027,0.0559194979,-0.0082392311
1.724637,0.21792,-9.311153,2.162796,0.0194944764,0.0335707696,-0.0167530324
1.725655,0.554167,-9.093268,1.98987,-0.003918477,0.0474056966,-0.0114319066
1.726705,0.424471,-9.514673,1.70406,-0.0252029801,0.0644332991,-0.0007896551
1.727754,0.234732,-9.818755,0.690516,-0.0432948077,0.0729471003,-0.0018538802
1.728804,0.073814,-10.170724,0.128504,-0.0422305825,0.07081865,-0.0135603569
1.729821,-0.252825,-10.477201,-0.320626,-0.0156249537,0.0495341469,-0.0231383833
1.730871,-0.476189,-9.749319,-0.791371,0.0205587015,0.0059009156,-0.0273952839
1.73192,-0.495403,-8.861016,-1.305348,0.0407789794,-0.0302827396,-0.0252668336
1.73297,-0.406538,-8.940029,-1.807316,0.0301367279,-0.0302827396,-0.0124961318
1.733988,-0.293655,-9.299182,-1.723255,0.0109806751,0.001644015,-0.0018538802
1.735037,-0.315271,-9.971993,-1.521507,-0.0049827022,0.0356992199,-0.0007896551
1.736087,-0.468984,-10.716636,-1.194867,-0.0060469273,0.0591121733,-0.0007896551
1.737136,-0.757195,-10.266498,-0.592025,0.0120449003,0.0718828752,-0.0007896551
1.738153,-0.898899,-9.560166,0.176539,0.023751377,0.0676259745,-0.0029181054
1.739203,-0.476189,-9.552982,0.748158,0.0205587015,0.0825251267,0.0013387952
1.740253,0.174688,-9.253689,0.798596,0.0120449003,0.1527639868,0.0098525965
1.741302,0.304383,-9.30397,0.928291,-0.0060469273,0.236837774,0.0151737222
1.742354,-0.377717,-10.692692,1.708863,-0.017753404,0.2655718531,0.0173021725
1.743369,-0.879685,-11.082971,1.975459,-0.0134965034,0.223002847,0.0109168216
1.744419,-0.413744,-9.842699,1.511919,-0.0028542519,0.1602135629,-0.0093034563
1.745468,0.018574,-9.600869,1.860174,0.0024668739,0.1293510335,-0.0242026084
1.746517,0.141064,-9.655939,1.850567,0.0003384236,0.1208372322,-0.0156888072
1.747535,0.119448,-9.236928,1.358206,-0.0081753776,0.1101949807,0.0013387952
1.748584,-0.183174,-9.962416,0.15012,-0.0401021322,0.0697544249,-0.0050465557
1.749634,-0.430556,-10.956071,0.006014,-0.0347810065,0.0474056966,-0.0220741581
1.750683,-0.58667,-10.359878,-0.09486,-0.0103038279,0.0186716175,-0.0327164097
1.751701,-0.396931,-8.590454,-0.752943,0.0045953242,-0.0047413359,-0.0369733103
1.752751,-0.32728,-8.734115,-0.594427,0.0024668739,-0.0132551371,-0.0295237342
1.7538,-0.099113,-9.612841,-1.18526,-0.0081753776,0.0048366905,-0.0156888072
1.754851,0.172286,-9.212985,-1.439847,-0.0220103046,0.043148796,-0.007175006
1.756916,-0.202388,-10.924944,-1.40382,-0.0198818543,0.0867820273,-0.0029181054
1.755899,0.107439,-9.538616,-1.233295,-0.0283956555,0.0729471003,-0.0061107808
1.757966,-0.473788,-10.747762,-0.791371,-0.0007258016,0.0889104776,-0.0007896551
1.759015,-0.166362,-9.57932,-0.491151,0.00991645,0.1016811795,0.0013387952
1.760065,0.338008,-9.46918,0.034835,0.0163018009,0.1580851126,0.0087883713
1.761082,0.311589,-9.394955,0.385492,0.0205587015,0.2336450985,0.020494848
1.762132,0.016172,-9.421293,0.265404,0.0088522248,0.2730214292,0.0236875235
1.763182,-0.382521,-10.300019,0.988335,0.0088522248,0.2666360783,0.0183663977
1.764233,-0.819641,-10.446075,1.137244,0.0248156021,0.2187459464,0.0055956959
1.765249,-0.906105,-10.319174,1.360608,0.0397147543,0.1410575101,-0.0093034563
1.766298,-0.370512,-9.809178,1.593579,0.0429074297,0.0772040009,-0.0114319066
1.767348,0.174688,-8.401301,1.24052,0.0312009531,0.0527268224,-0.0029181054
1.768397,-0.101514,-9.13876,1.670435,0.0045953242,0.0314423193,0.0045314707
1.769447,-0.10872,-10.929733,1.266939,-0.0262672052,0.015478942,0.0024030204
1.770464,0.362026,-10.70227,0.359073,-0.0411663574,0.0314423193,-0.0135603569
1.771513,-0.077497,-9.921712,0.592044,-0.0369094568,0.043148796,-0.0295237342
1.772563,-0.577063,-9.227351,0.359073,-0.017753404,0.0090935911,-0.0337806348
1.773613,-0.288852,-9.131577,-0.954691,0.0088522248,-0.0483745672,-0.0135603569
1.77463,-0.180773,-9.756502,-1.346178,0.0024668739,-0.0302827396,-0.007175006
1.77568,-0.197585,-10.110866,-0.98111,-0.003918477,-0.0058055611,-0.0103676814
1.776732,-0.118327,-10.259315,-0.740934,-0.0028542519,0.0144147169,-0.0124961318
1.777779,-0.396931,-10.290442,-0.512767,0.0152375758,0.0378276702,-0.0124961318
1.778796,-0.73558,-9.636785,0.200557,0.0205587015,0.0495341469,-0.0082392311
1.779846,-0.120729,-8.784397,0.169334,0.0067237745,0.0718828752,0.0002745701
1.780895,0.328401,-9.445237,0.469554,0.0035310991,0.1410575101,0.0098525965
1.781944,0.059404,-10.163541,0.892264,0.0024668739,0.2176817212,0.0194306229
1.782994,-0.10872,-10.194668,0.519991,-0.0081753776,0.2623791777,0.020494848
1.784012,-0.54584,-10.577764,0.846631,-0.0049827022,0.2677003034,0.0087883713
1.785061,-0.934926,-10.489173,0.810604,0.0035310991,0.2315166482,-0.0050465557
1.786111,-0.536233,-9.792417,0.904273,0.0067237745,0.1878834169,-0.0124961318
1.78716,-0.022256,-8.961578,1.317376,0.0077879997,0.1665989138,-0.007175006
1.788178,0.023377,-8.537779,0.81781,-0.0071111525,0.1506355365,0.0045314707
1.78923,-0.456975,-9.981571,0.993138,-0.0220103046,0.1144518813,0.0098525965
1.790277,-0.74999,-11.274519,0.697721,-0.0262672052,0.0697544249,0.0034672456
1.791327,-0.40894,-10.302414,0.140513,-0.0198818543,0.0420845709,-0.0188814827
1.792344,-0.351298,-9.478758,0.385492,-0.0071111525,0.0261211936,-0.0380375354
1.793394,-0.536233,-9.576926,0.152521,-0.0017900267,0.0080293659,-0.0401659857
1.794443,-0.31287,-9.212985,0.229378,-0.0028542519,-0.0015486604,-0.0284595091
1.795493,-0.046274,-8.650313,0.006014,-0.0103038279,0.0080293659,-0.0167530324
1.79651,-0.017453,-9.239323,-0.414294,-0.0262672052,0.0176073923,-0.0167530324
1.79756,0.133858,-10.465229,-0.17652,-0.031588331,0.0261211936,-0.0178172575
1.798611,0.227527,-10.733396,-0.455124,-0.0209460795,0.0378276702,-0.0135603569
1.799659,-0.007846,-9.06693,-0.447919,-0.0103038279,0.0495341469,-0.0018538802
1.800708,0.55897,-9.691855,-0.58482,-0.0113680531,0.1101949807,0.0045314707
1.801728,0.695871,-10.283259,-0.325429,-0.0092396028,0.2017183439,0.0173021725
1.802776,0.330803,-9.675094,-0.409491,-0.0049827022,0.271957204,0.0226232983
1.803825,-0.180773,-10.031852,-0.099664,0.0056595494,0.2879205814,0.0162379474
1.804875,-0.509814,-10.6472,0.263003,0.0322651782,0.2613149525,0.0098525965
1.805892,-0.596277,-10.062979,0.176539,0.0599350322,0.2219386218,0.0024030204
1.806942,-0.521823,-8.975944,0.534402,0.0684488334,0.1793696157,-0.0007896551
1.807991,-0.360905,-8.346231,0.728944,0.0503570058,0.1346721592,0.0045314707
1.80904,-0.697151,-9.751713,1.290957,0.0258798273,0.0761397758,0.0162379474
1.810058,-0.91331,-11.274519,1.355804,-0.0071111525,0.0101578162,0.0162379474
1.81111,-0.255227,-10.841142,0.733748,-0.0369094568,-0.0228331635,-0.0061107808
1.812157,0.131456,-10.053401,1.000344,-0.0507443838,-0.0100624617,-0.0316521845
1.813207,-0.10872,-9.418899,0.839425,-0.0475517083,0.0080293659,-0.0369733103
1.814256,-0.348896,-8.762847,0.565625,-0.0283956555,0.0112220414,-0.0273952839
1.815274,-0.418547,-8.609609,0.339859,-0.0071111525,0.001644015,-0.0135603569
1.816323,-0.363307,-9.306365,-0.385473,0.0024668739,-0.0089982365,-0.0050465557
1.817373,-0.31287,-10.465229,-0.39508,0.0109806751,-0.0217689384,-0.0093034563
1.818422,-0.154353,-11.051845,-0.337438,0.0152375758,-0.0292185144,-0.0188814827
1.81944,-0.125532,-10.419737,-0.061235,0.0152375758,-0.0153835874,-0.0220741581
1.820489,-0.281647,-9.004677,0.32785,0.0077879997,0.0101578162,-0.0178172575
1.821539,-0.0823,-8.782002,0.222173,-0.0103038279,0.0399561205,-0.0082392311
1.822588,0.29958,-9.679883,0.443135,-0.0198818543,0.0942316034,0.0077241462
1.823609,0.376436,-9.658334,0.015621,-0.017753404,0.167663139,0.020494848
1.824656,0.006565,-10.101288,-0.238966,-0.0145607286,0.2176817212,0.020494848
1.825705,-0.584269,-10.666355,-0.38067,0.0173660261,0.2293881979,0.0024030204
1.826754,-0.565055,-9.406927,-0.229359,0.0269440524,0.2283239727,-0.0093034563
1.827804,-0.425752,-8.501863,0.114093,0.0184302512,0.2304524231,-0.0082392311
1.828821,-0.305664,-8.513835,0.337457,0.0003384236,0.2187459464,0.0045314707
1.829871,-0.685143,-10.015092,1.033968,-0.0103038279,0.1665989138,0.0162379474
1.83092,-1.083835,-11.229026,0.894666,-0.0134965034,0.0782682261,0.0130452719
1.83197,-0.788418,-11.082971,0.596847,-0.0103038279,0.0059009156,-0.0103676814
1.832989,-0.262432,-9.883403,0.851434,-0.0049827022,-0.0153835874,-0.0316521845
1.834037,-0.087104,-8.80834,0.726543,-0.0081753776,0.0005797899,-0.0369733103
1.835087,-0.115925,-8.906508,0.849033,-0.0188176292,0.0250569684,-0.0284595091
1.836136,-0.022256,-9.275238,1.007549,-0.0294598807,0.0463414715,-0.0167530324
1.837154,0.008967,-9.505095,0.745757,-0.0326525562,0.0537910475,-0.0146245821
1.838203,-0.063086,-10.146781,0.606455,-0.0305241059,0.0367634451,-0.021009933
1.839252,0.059404,-10.680721,0.359073,-0.0188176292,0.0133504917,-0.0231383833
1.840302,0.047395,-9.960022,0.056451,-0.0017900267,0.0090935911,-0.0178172575
1.841354,0.025779,-8.760453,-0.327831,-0.0028542519,0.0208000678,-0.0082392311
1.842369,0.460498,-9.054958,-0.702506,-0.017753404,0.0591121733,0.0024030204
1.843418,0.825566,-10.161147,-0.935477,-0.0252029801,0.1410575101,0.0141094971
1.844468,0.537354,-10.651988,-1.036351,-0.0230745298,0.2293881979,0.0215590732
1.845517,-0.046274,-10.493961,-0.661676,-0.0060469273,0.2623791777,0.0183663977
1.846535,-0.341691,-10.077345,-0.548793,0.0258798273,0.2389662243,0.0087883713
1.847585,-0.334485,-9.794812,-0.58482,0.0578065819,0.2155532709,0.0002745701
1.848634,-0.240817,-9.179464,-0.315822,0.0716415089,0.2187459464,0.0024030204
1.849683,-0.255227,-8.20257,-0.207743,0.0567423567,0.2272597476,0.0141094971
1.850701,-0.829248,-9.042986,0.404707,0.0280082776,0.1900118672,0.0236875235
1.851751,-1.206325,-11.767755,1.094012,-0.017753404,-0.012190912,0.0034672456
1.8528,-0.425752,-10.307202,1.19969,-0.0305241059,-0.0547599181,-0.0252668336
1.853852,-0.139943,-8.911297,1.507115,-0.0432948077,-0.0387965408,-0.03484486
1.854899,-0.089506,-8.58806,1.346197,-0.0486159335,-0.0089982365,-0.0242026084
1.855916,-0.007846,-9.354252,1.113226,-0.0390379071,0.0165431672,-0.0093034563
1.856966,0.09543,-9.320731,0.716936,-0.0220103046,0.0378276702,-0.0029181054
1.858015,-0.065488,-9.454814,0.35427,-0.0017900267,0.0367634451,-0.0124961318
1.859065,-0.291254,-10.833959,0.522393,0.0120449003,0.0037724653,-0.0252668336
1.860082,-0.187978,-11.013535,0.596847,0.0184302512,-0.0292185144,-0.0263310588
1.861132,-0.125532,-9.323125,0.527196,0.0173660261,-0.0324111899,-0.0146245821
1.863234,0.419668,-9.212985,-0.378268,-0.0262672052,0.0559194979,0.0055956959
1.862182,0.001761,-8.137922,0.145316,-0.0007258016,-0.0026128856,-0.0039823305
1.864249,0.669451,-10.49875,-0.731327,-0.0379736819,0.1368006095,0.0151737222
1.865298,0.323597,-10.369455,-1.014735,-0.0273314304,0.2070394697,0.0173021725
1.866348,-0.432958,-10.525088,-0.72172,-0.0028542519,0.223002847,0.0098525965
1.867397,-0.677937,-10.489173,-0.676086,0.0280082776,0.2006541188,0.0024030204
1.868415,-0.468984,-9.497912,-0.740934,0.0524854561,0.195332993,0.0024030204
1.869464,-0.416145,-8.652707,-0.507963,0.0503570058,0.2187459464,0.0077241462
1.870514,-0.416145,-8.408484,-0.51757,0.0216229267,0.2357735488,0.0141094971
1.871563,-0.812436,-9.682277,0.159727,-0.0124322782,0.2027825691,0.0183663977
1.872613,-1.381654,-11.341561,0.784185,-0.0273314304,0.1197730071,0.0141094971
1.87363,-1.235146,-11.341561,0.887461,-0.0198818543,0.0314423193,-0.0050465557
1.87468,-0.557849,-10.13002,1.343796,-0.0081753776,-0.0175120377,-0.0263310588
1.875731,-0.055881,-8.930452,1.420652,-0.0071111525,-0.0143193623,-0.0295237342
1.876778,-0.039069,-8.899325,1.531133,-0.0134965034,0.015478942,-0.0188814827
1.877796,0.0546,-9.299182,1.307769,-0.0337167813,0.0527268224,-0.0114319066
1.878845,0.004163,-9.916923,1.341394,-0.031588331,0.0410203457,-0.021009933
1.879895,-0.058283,-10.699875,1.238118,-0.0198818543,0.0059009156,-0.0252668336
1.880944,0.047395,-10.197062,0.616062,-0.0060469273,-0.0153835874,-0.0199457078
1.881962,0.165081,-8.908903,0.070862,-0.0028542519,-0.0036771108,-0.0103676814
1.883012,0.561372,-8.793974,-0.757746,-0.0156249537,0.0388918954,-0.0007896551
1.884061,0.972073,-9.981571,-1.516703,-0.0273314304,0.1229656825,0.006659921
1.885112,0.739102,-10.453258,-1.658407,-0.0252029801,0.2198101715,0.0130452719
1.88616,0.114644,-10.407765,-1.557533,-0.003918477,0.258122277,0.0109168216
1.887177,-0.279245,-10.477201,-1.146832,0.0333294034,0.2283239727,0.0055956959
1.888229,-0.459377,-9.938473,-1.146832,0.0684488334,0.1910760924,0.0055956959
1.889276,-0.459377,-9.110028,-1.254911,0.0758984095,0.1921403175,0.0098525965
1.890326,-0.308066,-8.252851,-0.774559,0.0556781316,0.2198101715,0.0183663977
1.891343,-0.685143,-8.621581,-0.327831,0.0269440524,0.2134248206,0.0268801989
1.892393,-1.37685,-10.683115,0.54641,0.0056595494,0.1368006095,0.0258159738
1.893442,-1.386457,-11.856346,1.09161,-0.0060469273,0.029313869,0.0087883713
1.894492,-0.908507,-11.322406,1.293359,-0.0081753776,-0.0419892163,-0.0167530324
1.895509,-0.4906,-9.847487,1.84096,-0.0166891789,-0.053695693,-0.0295237342
1.896559,-0.139943,-8.485103,1.925022,-0.0305241059,-0.0281542893,-0.0231383833
1.89761,0.008967,-8.633553,2.112359,-0.0337167813,0.0048366905,-0.0082392311
1.898658,0.071412,-9.13876,1.917817,-0.0273314304,0.0303780942,-0.0007896551
1.899707,0.222723,-9.430871,1.242921,-0.0166891789,0.043148796,-0.0093034563
1.900727,-0.005444,-10.853114,1.463884,0.0003384236,0.0303780942,-0.0231383833
1.901774,-0.437761,-11.545081,1.266939,0.0163018009,-0.0026128856,-0.0284595091
1.902823,-0.442565,-9.598475,0.623267,0.0141733506,-0.0313469647,-0.0273952839
1.903873,0.532551,-8.810734,-0.534382,-0.0209460795,0.0314423193,-0.0061107808
1.90489,0.760718,-10.367061,-1.197269,-0.0390379071,0.1208372322,0.0055956959
1.90594,0.568577,-10.651988,-1.391812,-0.031588331,0.2006541188,0.0077241462
1.906989,0.076216,-10.170724,-1.427838,-0.0049827022,0.2198101715,0.0013387952
1.908039,-0.478591,-10.249738,-1.190064,0.0258798273,0.1846907414,-0.0039823305
1.909056,-0.66833,-10.225794,-1.197269,0.0471643304,0.1634062384,0.0013387952
1.910108,-0.401735,-8.978339,-1.038753,0.0461001052,0.1942687678,0.0130452719
1.911155,-0.19038,-8.075669,-0.834603,0.0184302512,0.2421588997,0.0215590732
1.912204,-0.706758,-9.718193,-0.250975,-0.0071111525,0.2453515752,0.0236875235
1.913381,-1.420082,-11.504377,0.383091,-0.0156249537,0.1910760924,0.0162379474
1.914272,-1.369645,-10.678326,0.616062,-0.0134965034,0.1070023052,-0.0039823305
1.915321,-0.992568,-9.828333,1.319778,0.0003384236,0.0335707696,-0.0252668336
1.91637,-0.584269,-9.711009,1.70406,0.0067237745,-0.0004844353,-0.0263310588
1.91742,-0.255227,-9.461997,2.069128,0.0014026488,-0.0068697862,-0.0135603569
1.918437,-0.175969,-9.409322,2.390964,-0.0092396028,-0.0015486604,-0.0061107808
1.919487,0.076216,-9.222562,1.997075,-0.0294598807,0.0144147169,-0.0135603569
1.920536,0.184295,-9.897769,2.124368,-0.045423258,0.0261211936,-0.0273952839
1.921586,0.100234,-10.656777,1.812139,-0.0432948077,0.0229285181,-0.03484486
1.922606,0.083421,-9.751713,1.043575,-0.0283956555,0.0112220414,-0.0337806348
1.923653,0.097832,-8.810734,0.635276,-0.0209460795,-0.0068697862,-0.0220741581
1.924702,0.635827,-9.093268,-0.529579,-0.0262672052,-0.0036771108,-0.0050465557
1.925752,1.243472,-9.811572,-1.6488,-0.0326525562,0.056983723,0.006659921
1.926769,1.145,-10.300019,-2.109938,-0.0294598807,0.1580851126,0.0098525965
1.927819,0.51814,-10.625651,-2.162777,-0.0071111525,0.2261955224,0.0077241462
1.928868,-0.171166,-10.850719,-1.89378,0.0301367279,0.2272597476,0.0055956959
1.929918,-0.392128,-8.5713,-2.042689,0.072705734,0.2112963703,0.0077241462
1.930967,-0.392128,-8.118768,-1.341375,0.0631277077,0.2293881979,0.0162379474
1.931987,-0.610688,-9.090873,-0.704908,0.0492927807,0.2293881979,0.0290086492
1.933034,-1.235146,-10.477201,0.099683,0.0429074297,0.1846907414,0.0353940002
1.934083,-1.684276,-11.102126,0.87305,0.0386505291,0.0867820273,0.0226232983
1.935133,-1.369645,-11.238604,1.396634,0.0280082776,-0.0196404881,-0.0061107808
1.93615,-0.716366,-10.572975,1.749693,0.0003384236,-0.0622094942,-0.0220741581
1.9372,-0.175969,-8.844255,2.165198,-0.0337167813,-0.0366680905,-0.0178172575
1.938249,0.023377,-8.346231,2.756032,-0.0518086089,0.0059009156,-0.0093034563
1.939298,0.112242,-9.327914,2.616729,-0.0528728341,0.0325065445,-0.0029181054
1.940316,0.330803,-10.094105,2.102752,-0.0326525562,0.0474056966,-0.0061107808
1.941365,0.268357,-10.695087,1.617596,0.0035310991,0.0505983721,-0.0188814827
1.942415,-0.087104,-10.59213,1.341394,0.0248156021,0.0367634451,-0.0284595091
1.943464,-0.298459,-9.23214,1.180476,0.0258798273,-0.0068697862,-0.0263310588
1.944514,-0.010247,-8.528201,0.301431,0.0131091254,-0.0441176666,-0.0167530324
1.945532,0.482114,-9.450025,-0.409491,-0.0007258016,-0.012190912,-0.0029181054
1.946581,0.633425,-9.888191,-0.997923,-0.0166891789,0.0740113255,0.0087883713
1.94763,0.494123,-9.818755,-1.641595,-0.0252029801,0.1527639868,0.0055956959
1.94868,-0.039069,-10.675932,-1.622381,-0.0071111525,0.1910760924,-0.0029181054
1.949698,-0.737981,-10.637622,-1.487882,0.0248156021,0.1783053905,-0.0050465557
1.950747,-0.865275,-9.045381,-1.427838,0.0418432046,0.1453144108,-0.0018538802
1.951797,-0.596277,-8.561722,-1.374999,0.0397147543,0.1506355365,0.0055956959
1.953865,-0.61309,-10.082134,-0.58482,0.0067237745,0.2219386218,0.0258159738
1.952846,-0.497805,-9.574532,-1.031547,0.0258798273,0.1921403175,0.0194306229
1.954913,-0.968551,-10.146781,-0.248573,-0.0103038279,0.2027825691,0.0162379474
1.955963,-1.026193,-10.616073,1.298162,-0.0028542519,0.0750755506,-0.0199457078
1.957012,-0.358503,-9.337491,1.550347,-0.0007258016,0.0420845709,-0.0220741581
1.958062,-0.175969,-8.861016,1.961048,-0.0028542519,0.0346349948,-0.0146245821
1.959079,-0.377717,-9.907346,2.643149,-0.003918477,0.0229285181,-0.0061107808
1.960129,-0.147148,-10.177907,2.717603,-0.0103038279,0.0101578162,-0.0061107808
1.961178,0.297178,-9.665517,2.270876,-0.0198818543,0.015478942,-0.0199457078
1.96223,0.174688,-10.218611,2.234849,-0.0241387549,0.0261211936,-0.03484486
1.963245,-0.072693,-10.347906,1.84096,-0.0283956555,0.0261211936,-0.0380375354
1.964295,0.064207,-8.731721,1.074798,-0.0358452316,0.0239927432,-0.0284595091
1.965344,0.227527,-8.262429,0.344662,-0.0443590329,0.0250569684,-0.0178172575
1.966394,0.520542,-9.445237,-0.654471,-0.045423258,0.0452772463,-0.007175006
1.967411,0.835173,-10.108471,-1.888976,-0.0347810065,0.1059380801,0.0002745701
1.968461,0.551765,-10.845931,-2.609505,-0.0145607286,0.1729842648,0.0002745701
1.96951,0.011368,-10.946493,-2.302079,0.0131091254,0.1974614433,-0.0018538802
1.97056,-0.288852,-9.751713,-2.258848,0.0397147543,0.1793696157,-0.0018538802
1.971612,-0.332084,-9.289604,-2.621514,0.0461001052,0.1783053905,0.0002745701
1.972627,-0.24562,-8.940029,-2.258848,0.0418432046,0.2187459464,0.0087883713
1.973676,-0.392128,-8.420456,-1.32216,0.0312009531,0.2453515752,0.0183663977
1.974728,-0.877284,-9.761291,-0.423901,0.0269440524,0.2187459464,0.0258159738
1.975775,-1.40327,-11.288885,0.373484,0.0461001052,0.1516997617,0.0236875235
1.976793,-1.456108,-10.889029,0.95471,0.058870807,0.0591121733,0.0055956959
1.977842,-0.860471,-9.883403,1.216502,0.0407789794,-0.0143193623,-0.0124961318
1.978892,-0.257629,-9.332702,1.838559,0.0067237745,-0.0270900641,-0.0156888072
1.979942,-0.103916,-9.46918,2.981797,-0.0209460795,-0.0143193623,-0.0103676814
1.980959,0.141064,-9.816361,3.294026,-0.0432948077,-0.0047413359,-0.007175006
1.982008,0.321196,-10.170724,2.623935,-0.031588331,0.0548552727,-0.0199457078
1.983058,0.066609,-10.039035,2.107556,-0.0113680531,0.0527268224,-0.0263310588
1.98411,0.064207,-9.366223,1.334188,0.0045953242,0.0271854187,-0.0263310588
1.986174,0.321196,-9.251295,-0.546391,-0.003918477,-0.0058055611,-0.0103676814
1.985156,0.064207,-8.837072,0.635276,0.0088522248,-0.0047413359,-0.0188814827
1.987224,0.520542,-9.921712,-1.120412,-0.0145607286,0.0420845709,-0.0018538802
1.988274,0.301982,-10.051007,-1.617577,-0.0113680531,0.0995527292,0.0013387952
1.989323,-0.14955,-10.374244,-1.958627,0.0014026488,0.1282868083,0.0002745701
1.990341,-0.591474,-10.2234,-1.656005,0.023751377,0.1293510335,0.0002745701
1.99139,-0.757195,-9.438054,-1.876968,0.0386505291,0.1155161065,0.0013387952
1.992439,-0.61309,-9.23214,-1.759281,0.0365220788,0.1197730071,0.0045314707
1.993488,-0.440163,-9.047775,-1.588756,0.0248156021,0.1602135629,0.0141094971
1.994506,-0.605884,-9.332702,-1.367794,0.0088522248,0.2006541188,0.0194306229
1.995556,-1.055014,-10.707059,-0.344643,0.0024668739,0.2038467942,0.0162379474
1.996608,-1.25436,-11.006352,0.349466,0.0131091254,0.1665989138,0.0024030204
1.997655,-0.970952,-9.945656,1.007549,0.0163018009,0.1070023052,-0.0135603569
1.998672,-0.454573,-9.332702,1.552749,0.0024668739,0.0612406236,-0.0156888072
1.999722,-0.094309,-9.512279,1.997075,-0.0103038279,0.0474056966,-0.0061107808
2.000771,-0.065488,-10.04143,2.979396,-0.0124322782,0.0388918954,0.0024030204
2.001821,0.109841,-10.086922,2.976994,-0.0198818543,0.0250569684,0.0002745701
2.00287,0.35482,-10.170724,2.465418,-0.0241387549,0.0271854187,-0.0146245821
2.003888,0.093028,-10.417342,2.635944,-0.017753404,0.0399561205,-0.0273952839
2.004938,-0.10872,-9.41411,2.076333,-0.0145607286,0.0399561205,-0.0284595091
2.005988,0.037788,-8.485103,1.382224,-0.0188176292,0.0239927432,-0.021009933
2.007037,0.405257,-9.828333,-0.527177,-0.0347810065,0.0239927432,-0.0061107808
2.008054,0.448489,-10.180302,-1.278929,-0.0305241059,0.0718828752,-0.0061107808
2.009106,0.167483,-10.453258,-1.783299,-0.0124322782,0.1165803316,-0.007175006
2.010153,-0.236013,-10.307202,-2.282865,0.0120449003,0.1368006095,-0.0103676814
2.011202,-0.502609,-9.490729,-2.35732,0.0301367279,0.1346721592,-0.0114319066
2.01222,-0.416145,-9.019043,-2.53505,0.0322651782,0.1368006095,-0.007175006
2.013269,-0.339289,-9.318336,-2.333302,0.0226871518,0.1591493378,0.0055956959
2.014319,-0.428154,-9.478758,-1.646398,0.0141733506,0.1846907414,0.020494848
2.015368,-0.593876,-9.96481,-1.134823,0.0131091254,0.195332993,0.0236875235
2.016418,-1.002175,-10.88424,-0.351849,0.0248156021,0.1783053905,0.0130452719
2.017435,-1.153486,-10.740579,0.529598,0.0407789794,0.1304152586,-0.0018538802
2.018487,-0.620295,-9.459603,0.868247,0.0354578537,0.0857178022,-0.0093034563
2.019534,-0.175969,-8.817917,1.797729,0.0205587015,0.0644332991,-0.0039823305
2.020584,-0.40894,-9.823544,3.111492,0.0109806751,0.0325065445,0.006659921
2.021604,-0.281647,-10.750157,3.190751,-0.0081753776,-0.0058055611,0.0098525965
2.022651,0.383642,-10.314385,2.909744,-0.0230745298,0.0037724653,-0.0039823305
2.023701,0.249143,-9.971993,3.104287,-0.0294598807,0.0378276702,-0.0252668336
2.02475,-0.185576,-9.881008,2.871316,-0.0390379071,0.0442130212,-0.0337806348
2.025767,-0.024658,-8.884959,2.00428,-0.0369094568,0.0388918954,-0.0273952839
2.026817,0.191501,-8.468343,1.101218,-0.031588331,0.0325065445,-0.0167530324
2.027866,0.472507,-9.493124,-0.046825,-0.0369094568,0.0303780942,-0.0082392311
2.028916,0.741504,-10.400582,-1.230894,-0.0305241059,0.0623048488,-0.0061107808
2.029965,0.388445,-10.671143,-1.588756,-0.0092396028,0.1027454046,-0.0103676814
2.030986,-0.238415,-10.522694,-1.752076,0.0131091254,0.1112592058,-0.0114319066
2.032032,-0.509814,-9.591292,-1.961029,0.0354578537,0.0963600537,-0.0093034563
2.033082,-0.144746,-9.047775,-2.796842,0.0152375758,0.1229656825,0.0055956959
2.034132,-0.502609,-9.639179,-2.069109,-0.0028542519,0.1612777881,0.020494848
2.035149,-0.930122,-9.746925,-1.406222,-0.0071111525,0.1751127151,0.0247517486
2.036199,-1.155888,-10.802832,-0.945084,0.0088522248,0.1612777881,0.0151737222
2.037248,-1.299994,-11.176351,-0.056432,0.0397147543,0.1368006095,0.0013387952
2.038298,-1.033398,-9.950444,0.332654,0.0503570058,0.1144518813,-0.0082392311
2.040366,-0.132737,-8.738904,2.12677,0.0067237745,0.1197730071,-0.0007896551
2.039316,-0.356101,-8.580877,0.942701,0.0269440524,0.1176445568,-0.0082392311
2.041415,-0.416145,-10.754945,3.267607,-0.0028542519,0.0676259745,0.0087883713
2.042464,0.078618,-11.202689,3.185947,-0.0156249537,0.0144147169,0.0077241462
2.043514,0.667049,-9.706221,2.67197,-0.0145607286,0.0239927432,-0.0114319066
2.044531,0.148269,-9.450025,3.145117,-0.017753404,0.0420845709,-0.0284595091
2.04558,-0.029462,-9.708615,2.707996,-0.0283956555,0.0303780942,-0.0263310588
2.04663,0.35482,-9.181858,1.646418,-0.0252029801,0.029313869,-0.0156888072
2.04768,0.294776,-9.095662,1.0772,-0.0305241059,0.0378276702,-0.0082392311
2.048697,0.287571,-9.564954,-0.140494,-0.0443590329,0.0442130212,-0.0093034563
2.049747,0.256348,-10.225794,-1.012333,-0.0347810065,0.0623048488,-0.0146245821
2.050796,-0.132737,-10.699875,-1.238099,-0.0049827022,0.0782682261,-0.0124961318
2.051846,-0.435359,-10.043824,-1.872164,0.0226871518,0.0772040009,-0.0093034563
2.052864,-0.442565,-8.813129,-2.326097,0.0354578537,0.0729471003,-0.0124961318
2.053913,-0.224004,-8.798763,-2.715183,0.0269440524,0.0878462525,-0.0103676814
2.054963,-0.224004,-9.85467,-2.647933,0.0109806751,0.1219014574,0.0034672456
2.056012,-0.529028,-9.761291,-2.021073,0.0003384236,0.1516997617,0.0183663977
2.057029,-0.812436,-9.648756,-1.595961,-0.0007258016,0.1612777881,0.0173021725
2.058079,-1.110255,-10.781283,-0.563204,0.0152375758,0.1485070862,0.0055956959
2.059128,-0.488198,-9.543405,0.630472,0.0343936285,0.1080665304,-0.0061107808
2.060178,-0.019855,-8.707777,1.427857,0.0141733506,0.1240299077,0.0002745701
2.06123,-0.296057,-9.433265,2.527864,0.0024668739,0.1133876562,0.006659921
2.062245,-0.519421,-10.932127,3.358874,-0.0060469273,0.0527268224,0.0077241462
2.063294,0.042591,-10.632834,3.101885,-0.017753404,0.0112220414,-0.0018538802
2.064344,0.119448,-9.871431,3.010618,-0.0209460795,0.0197358426,-0.0199457078
2.065394,-0.130336,-9.718193,3.104287,-0.0305241059,0.0303780942,-0.0295237342
2.066411,0.304383,-9.191436,2.287688,-0.0401021322,0.0325065445,-0.0242026084
2.067461,0.55897,-8.97355,1.523928,-0.0390379071,0.0505983721,-0.0156888072
2.06851,0.446087,-9.476363,0.493572,-0.0432948077,0.0718828752,-0.0103676814
2.069559,0.369231,-9.938473,-0.671283,-0.0390379071,0.0835893518,-0.0124961318
2.070577,0.064207,-10.175513,-1.187662,-0.0124322782,0.0814609015,-0.0188814827
2.071627,-0.305664,-10.340723,-1.665612,0.0163018009,0.0676259745,-0.0199457078
2.072676,-0.40894,-9.598475,-2.011466,0.0322651782,0.0601763985,-0.0146245821
2.073725,-0.224004,-8.377357,-2.57588,0.0312009531,0.0686901997,-0.0082392311
2.074775,-0.024658,-9.205802,-2.955359,0.0056595494,0.0942316034,0.0002745701
2.075792,-0.219201,-10.675932,-2.467801,-0.0113680531,0.1389290598,0.0130452719
2.076842,-0.656321,-9.945656,-2.196402,-0.0124322782,0.1761769402,0.0173021725
2.077892,-1.146281,-9.828333,-1.32216,-0.0007258016,0.1740484899,0.0077241462
2.078941,-1.427287,-10.81241,-0.27259,0.0322651782,0.1442501856,-0.0018538802
2.079958,-1.07663,-9.919318,0.04204,0.0578065819,0.1282868083,-0.0039823305
2.081008,-0.36811,-8.511441,0.745757,0.0471643304,0.1378648347,-0.0007896551
2.082057,-0.031863,-8.940029,1.795327,0.0280082776,0.1453144108,0.006659921
2.083109,-0.296057,-10.611285,3.085073,0.0173660261,0.1048738549,0.0130452719
2.084124,-0.132737,-11.061422,3.270009,-0.0049827022,0.0367634451,0.0087883713
2.085174,0.107439,-10.091711,3.447739,-0.0220103046,0.029313869,-0.0231383833
2.086223,0.008967,-9.715798,2.895334,-0.0358452316,0.0367634451,-0.0231383833
2.087273,0.474908,-8.635947,2.013887,-0.0443590329,0.0484699218,-0.0156888072
2.088322,0.43648,-8.832284,1.101218,-0.0432948077,0.0580479482,-0.0093034563
2.08934,0.208313,-10.031852,0.116495,-0.0401021322,0.0527268224,-0.007175006
2.090389,0.201108,-10.357484,-0.635257,-0.0220103046,0.0484699218,-0.0124961318
2.092489,-0.519421,-10.185091,-1.6488,0.023751377,0.0303780942,-0.0178172575
2.091439,-0.0823,-10.288047,-1.326964,0.0045953242,0.0410203457,-0.0188814827
2.093506,-0.61309,-9.330308,-2.054698,0.0322651782,0.0303780942,-0.0124961318
2.094555,-0.279245,-8.430033,-2.441382,0.023751377,0.0463414715,-0.0082392311
2.095607,0.028181,-8.935241,-2.669549,0.0024668739,0.0814609015,-0.0018538802
2.096654,-0.291254,-10.31678,-2.292472,-0.0124322782,0.1176445568,0.0077241462
2.097672,-0.882087,-10.721425,-1.459061,-0.0113680531,0.126158358,0.0130452719
2.098721,-1.071826,-10.335934,-0.76255,0.0045953242,0.1080665304,0.0077241462
2.09977,-0.973354,-10.16833,0.099683,0.0258798273,0.0952958285,0.0013387952
2.10082,-0.632304,-9.811572,0.623267,0.0280082776,0.1165803316,0.0013387952
2.101869,-0.034265,-8.827495,1.084405,0.0067237745,0.1634062384,0.0077241462
2.102887,0.064207,-8.834678,2.141181,-0.0113680531,0.1868191918,0.0098525965
2.103937,-0.332084,-10.589735,3.032234,-0.0156249537,0.1463786359,0.0098525965
2.104989,-0.252825,-11.384659,2.871316,-0.0198818543,0.0835893518,0.0055956959
2.106036,-0.10872,-10.259315,2.76804,-0.0124322782,0.0527268224,-0.0093034563
2.107053,-0.219201,-9.315942,2.854504,-0.0071111525,0.0452772463,-0.0220741581
2.108105,0.121849,-9.318336,2.297295,-0.0188176292,0.0442130212,-0.021009933
2.109152,0.47731,-9.560166,1.838559,-0.0283956555,0.0623048488,-0.0114319066
2.110202,0.414864,-9.373406,1.017156,-0.0390379071,0.0835893518,-0.0082392311
2.111219,-0.036667,-10.077345,-0.661676,-0.0369094568,0.0612406236,-0.0199457078
2.112269,-0.375315,-11.176351,-1.415829,-0.0071111525,0.0442130212,-0.0178172575
2.113318,-0.502609,-9.895374,-1.773692,0.0205587015,0.0314423193,-0.0135603569
2.114368,-0.274441,-8.389329,-2.273258,0.0205587015,0.0271854187,-0.0146245821
2.115417,0.119448,-8.949607,-3.082652,0.0024668739,0.0559194979,-0.0114319066
2.116435,0.076216,-9.861853,-3.075447,-0.0113680531,0.1144518813,0.0013387952
2.117487,-0.476189,-10.232977,-2.282865,-0.0188176292,0.1485070862,0.0141094971
2.118534,-0.956542,-10.42692,-1.468668,-0.0060469273,0.1368006095,0.0162379474
2.119584,-1.143879,-10.264104,-0.673685,0.0258798273,0.1059380801,0.0098525965
2.120604,-0.956542,-10.20664,0.118897,0.051421231,0.0910389279,0.0045314707
2.121651,-0.236013,-9.517067,0.582437,0.0461001052,0.1240299077,0.006659921
2.1227,0.328401,-8.20257,0.928291,0.0194944764,0.1868191918,0.0109168216
2.12375,-0.216799,-9.394955,2.297295,0.0067237745,0.195332993,0.0119810468
2.124767,-0.812436,-11.626488,3.332455,0.0045953242,0.1208372322,0.0151737222
2.125817,-0.267236,-10.948888,2.880923,0.0014026488,0.0410203457,0.006659921
2.126867,0.121849,-9.620024,3.065859,0.0035310991,0.0144147169,-0.0124961318
2.127916,0.078618,-9.660728,3.140314,-0.0092396028,0.0176073923,-0.021009933
2.128933,0.530149,-9.380589,2.261269,-0.031588331,0.0378276702,-0.0135603569
2.129985,0.724692,-8.865804,1.583972,-0.045423258,0.0740113255,-0.0061107808
2.131032,0.366829,-9.23214,0.616062,-0.0571297347,0.0899747028,-0.0050465557
2.132082,0.011368,-10.194668,-0.140494,-0.0518086089,0.0740113255,-0.0103676814
2.133131,-0.31287,-10.628045,-0.748139,-0.017753404,0.0420845709,-0.0156888072
2.134149,-0.507412,-10.101288,-1.588756,0.0184302512,0.0080293659,-0.0199457078
2.135198,-0.493002,-9.289604,-1.855352,0.0343936285,-0.0089982365,-0.021009933
2.136248,-0.298459,-8.940029,-2.369329,0.0269440524,0.0101578162,-0.0156888072
2.137298,-0.322477,-9.675094,-2.061903,-0.0081753776,0.0835893518,0.006659921
2.138315,-0.673134,-10.44368,-1.737665,-0.0049827022,0.0942316034,0.0109168216
2.139364,-1.081433,-10.539454,-0.839406,0.0088522248,0.0857178022,0.0087883713
2.140414,-1.23995,-10.197062,-0.070842,0.0226871518,0.0686901997,0.0034672456
2.141463,-0.661125,-9.730164,0.486366,0.023751377,0.084653577,0.0013387952
2.142484,0.174688,-8.940029,0.925889,0.0056595494,0.1580851126,0.0055956959
2.14353,0.162679,-9.133971,1.463884,-0.0145607286,0.2293881979,0.0119810468
2.14458,-0.509814,-10.38861,2.561489,-0.0198818543,0.2198101715,0.0130452719
2.145629,-0.550644,-10.683115,2.446204,-0.0188176292,0.1485070862,0.0055956959
2.146679,-0.142344,-10.302414,2.342929,-0.0145607286,0.0910389279,-0.0082392311
2.147696,-0.154353,-10.144387,2.976994,-0.0017900267,0.0665617494,-0.0146245821
2.148747,0.069011,-9.34228,2.239653,-0.0028542519,0.056983723,-0.0103676814
2.149795,0.527747,-8.856227,1.682444,-0.017753404,0.0686901997,-0.0061107808
2.150845,0.414864,-9.658334,1.360608,-0.031588331,0.0889104776,-0.0050465557
2.151865,0.232331,-10.05819,0.27261,-0.0464874832,0.0857178022,-0.0114319066
2.152912,0.0546,-9.938473,-0.046825,-0.0401021322,0.0623048488,-0.0231383833
2.153961,-0.356101,-10.05819,-0.577614,-0.0124322782,0.0303780942,-0.0263310588
2.156029,-0.236013,-9.093268,-1.941815,0.0152375758,0.0027082402,-0.0156888072
2.155011,-0.473788,-9.670306,-1.516703,0.0109806751,0.001644015,-0.0220741581
2.157078,0.020975,-8.990311,-2.393346,0.0014026488,0.0346349948,-0.007175006
2.158127,0.047395,-9.306365,-2.523042,-0.0134965034,0.0718828752,0.0002745701
2.159177,-0.175969,-10.122837,-2.129153,-0.0156249537,0.0952958285,0.0055956959
2.160229,-0.555447,-10.826776,-1.725657,-0.003918477,0.1038096298,0.0098525965
2.161244,-0.966149,-10.424525,-1.036351,0.0141733506,0.0995527292,0.0119810468
2.162294,-0.95414,-9.912135,-0.222153,0.0301367279,0.0952958285,0.0109168216
2.163343,0.294776,-8.542567,0.616062,0.0184302512,0.1921403175,0.0141094971
2.164392,0.066609,-8.667073,1.571963,0.0067237745,0.2336450985,0.0183663977
2.16541,-0.793222,-10.956071,2.513454,0.0141733506,0.1910760924,0.0215590732
2.166459,-0.829248,-11.554658,2.460615,0.023751377,0.0952958285,0.0162379474
2.167509,-0.211995,-10.244949,2.441401,0.0258798273,0.0229285181,-0.0039823305
2.168558,0.141064,-9.406927,2.657559,0.0120449003,0.0059009156,-0.0199457078
2.169576,0.506131,-8.966367,2.261269,-0.0188176292,0.0271854187,-0.0156888072
2.170625,0.693469,-9.06693,1.958647,-0.0422305825,0.0601763985,-0.0039823305
2.171675,0.434079,-9.653545,1.226109,-0.0550012844,0.0814609015,0.0013387952
2.172724,0.105037,-10.340723,0.255797,-0.0539370592,0.0697544249,-0.0050465557
2.173774,-0.214397,-10.965648,-0.226957,-0.0273314304,0.0378276702,-0.0146245821
2.174791,-0.420949,-9.98636,-0.81779,0.0163018009,0.0037724653,-0.021009933
2.175841,-0.476189,-8.434822,-1.521507,0.037586304,-0.0238973887,-0.0263310588
2.17689,-0.420949,-8.805946,-1.898583,0.023751377,-0.0238973887,-0.0178172575
2.17794,-0.334485,-9.63439,-2.047493,0.0024668739,0.0101578162,-0.0007896551
2.178957,-0.468984,-9.852276,-1.89378,-0.0156249537,0.0442130212,0.006659921
2.180007,-0.548242,-10.297625,-1.38941,-0.017753404,0.0612406236,0.0055956959
2.181056,-0.562653,-10.302414,-1.024342,0.0024668739,0.07081865,0.0013387952
2.182108,-0.879685,-9.96481,-0.407089,0.0205587015,0.0676259745,0.0002745701
2.183123,-0.70916,-9.655939,0.243788,0.0258798273,0.0740113255,0.0034672456
2.184173,0.071412,-9.057352,0.366278,0.0194944764,0.1378648347,0.0098525965
2.185222,0.215518,-9.433265,1.28135,0.0045953242,0.2155532709,0.0162379474
2.186272,-0.250424,-10.59213,2.095547,-0.0060469273,0.2357735488,0.020494848
2.187289,-0.548242,-10.546637,1.833755,-0.0092396028,0.2112963703,0.0151737222
2.188339,-0.557849,-10.055796,2.052315,-0.0092396028,0.1644704635,-0.0018538802
2.189388,0.229929,-9.622419,2.030699,-0.0092396028,0.1006169543,-0.0114319066
2.190438,0.27316,-9.042986,1.583972,-0.0145607286,0.0952958285,-0.0007896551
2.191489,-0.043872,-9.442842,1.149253,-0.0262672052,0.0825251267,0.006659921
2.192505,-0.293655,-10.086922,0.426322,-0.0326525562,0.0633690739,-0.0018538802
2.193554,-0.310468,-10.194668,-0.214948,-0.031588331,0.0420845709,-0.0199457078
2.194606,-0.332084,-10.108471,-0.464731,-0.0113680531,0.0218642929,-0.0316521845
2.195653,-0.468984,-9.574532,-0.72172,0.0131091254,-0.0004844353,-0.0337806348
2.196671,-0.365708,-8.904114,-0.945084,0.0205587015,-0.0238973887,-0.0263310588
2.19772,0.028181,-8.875382,-1.427838,0.0067237745,-0.0164478126,-0.0146245821
2.19877,0.184295,-9.289604,-1.728058,-0.0145607286,0.0229285181,-0.0061107808
2.199819,0.078618,-10.072556,-1.547926,-0.0230745298,0.0548552727,-0.0007896551
2.200837,-0.036667,-10.891423,-1.326964,-0.0134965034,0.0718828752,0.0013387952
2.201886,-0.351298,-10.692692,-1.009931,0.0045953242,0.084653577,0.0055956959
2.202935,-0.509814,-9.641573,-0.560802,0.0152375758,0.098488504,0.0098525965
2.203987,-0.125532,-9.325519,0.02763,0.0184302512,0.1346721592,0.0130452719
2.205034,0.301982,-9.512279,0.404707,0.0163018009,0.2038467942,0.0183663977
2.206052,0.184295,-9.375801,0.837024,0.0120449003,0.2602507274,0.0236875235
2.207101,-0.476189,-9.90974,1.341394,0.0109806751,0.2559938267,0.0215590732
2.20815,-0.949336,-10.568186,1.634409,0.0205587015,0.1932045427,0.0141094971
2.2092,-0.937328,-10.606496,1.888996,0.0365220788,0.1070023052,0.0013387952
2.210218,-0.555447,-10.221006,1.807336,0.0386505291,0.0399561205,-0.007175006
2.211267,0.160278,-8.896931,1.607989,0.0194944764,0.0261211936,-0.0050465557
2.212317,0.265955,-8.822706,1.754497,-0.0081753776,0.0346349948,0.0013387952
2.213367,0.01377,-10.493961,1.480696,-0.0347810065,0.0314423193,0.0024030204
2.214384,0.362026,-10.484384,0.556018,-0.0475517083,0.0442130212,-0.0082392311
2.215433,-0.432958,-9.818755,0.097281,-0.0113680531,0.0303780942,-0.0273952839
2.216485,-0.57226,-9.366223,-0.637658,0.0184302512,-0.0207047132,-0.0199457078
2.217533,-0.317673,-8.62637,-1.401419,0.023751377,-0.0462461169,-0.0103676814
2.218582,-0.216799,-9.19383,-1.641595,0.0088522248,-0.0366680905,-0.0050465557
2.2196,-0.324878,-10.453258,-1.411026,-0.0049827022,-0.0111266868,-0.0029181054
2.220649,-0.221603,-10.628045,-1.014735,-0.0060469273,0.015478942,-0.0039823305
2.221699,-0.382521,-10.055796,-0.616042,0.0045953242,0.0410203457,-0.0061107808
2.222748,-0.682741,-9.459603,-0.145297,0.0152375758,0.0495341469,-0.0061107808
2.223766,-0.418547,-9.246506,0.253395,0.0173660261,0.0601763985,0.0034672456
2.224816,0.047395,-9.450025,0.616062,0.0163018009,0.112323431,0.0162379474
2.225866,0.244339,-9.457209,0.719337,0.0067237745,0.1900118672,0.0236875235
2.226914,-0.214397,-10.26171,1.033968,-0.0049827022,0.2379019991,0.0226232983
2.227932,-0.879685,-11.408603,1.326983,-0.0060469273,0.2304524231,0.0141094971
2.228984,-0.730776,-10.465229,1.110825,-0.0017900267,0.1932045427,-0.0018538802
2.230031,-0.14955,-9.090873,1.40384,0.0014026488,0.1602135629,-0.0156888072
2.23213,0.186697,-9.203408,1.108423,-0.0049827022,0.1368006095,0.0045314707
2.231081,0.174688,-9.143549,1.473491,-0.0007258016,0.1463786359,-0.0124961318
2.233148,-0.219201,-9.608052,1.086807,-0.0103038279,0.1059380801,0.0141094971
2.234197,-0.555447,-10.486778,0.661695,-0.017753404,0.056983723,0.0087883713
2.235247,-0.589072,-10.656777,0.178941,-0.0134965034,0.015478942,-0.0103676814
2.236296,-0.541037,-9.830727,0.039639,-0.003918477,-0.0111266868,-0.0316521845
2.237314,-0.284048,-9.002282,-0.234162,0.0003384236,-0.0228331635,-0.0422944361
2.238365,-0.130336,-9.282421,-0.147699,-0.003918477,-0.012190912,-0.0316521845
2.239413,-0.147148,-9.418899,-0.301412,-0.0134965034,0.0048366905,-0.0124961318
2.240462,0.167483,-9.761291,-0.632855,-0.0230745298,0.0346349948,-0.0114319066
2.241483,0.078618,-10.752551,-0.728925,-0.0103038279,0.0452772463,-0.0103676814
2.24253,-0.27204,-10.486778,-0.716916,0.0056595494,0.043148796,-0.0050465557
2.243579,-0.144746,-9.2489,-0.491151,0.0120449003,0.0495341469,-0.0007896551
2.244628,0.450891,-9.311153,-0.452723,0.0056595494,0.1027454046,0.0077241462
2.245678,0.587791,-9.878614,-0.087655,-0.0007258016,0.1921403175,0.0215590732
2.246696,0.215518,-9.648756,-0.042021,-0.0081753776,0.2623791777,0.0279444241
2.247745,-0.411342,-10.297625,0.411912,-0.0017900267,0.2772783298,0.0236875235
2.248794,-0.882087,-10.661566,0.697721,0.0248156021,0.2421588997,0.0130452719
2.249844,-0.819641,-9.816361,0.479161,0.0524854561,0.181498066,-0.0018538802
2.250864,-0.521823,-9.426082,0.937898,0.0663203831,0.1282868083,-0.0082392311
2.251911,-0.171166,-8.868199,0.813006,0.0567423567,0.0963600537,0.0002745701
2.252961,-0.202388,-9.031014,1.043575,0.0258798273,0.0644332991,0.0130452719
2.25401,-0.65392,-10.838748,1.586373,-0.0071111525,0.0165431672,0.0162379474
2.255028,-0.392128,-11.274519,0.961915,-0.0305241059,-0.0175120377,0.0002745701
2.256077,0.222723,-9.816361,0.841827,-0.0401021322,-0.0079340114,-0.0252668336
2.257126,0.066609,-9.062141,0.769774,-0.031588331,0.0122862666,-0.0359090851
2.258176,-0.380119,-9.06693,0.263003,-0.0124322782,0.0080293659,-0.0284595091
2.259193,-0.416145,-8.997494,-0.13569,0.0024668739,-0.0175120377,-0.0146245821
2.260243,-0.142344,-9.323125,-0.988316,0.0045953242,-0.0270900641,-0.0050465557
2.261292,-0.19038,-10.237766,-0.990717,0.0045953242,-0.0196404881,-0.007175006
2.262342,-0.310468,-10.92255,-0.359054,0.0088522248,-0.026025839,-0.0135603569
2.263391,-0.048676,-10.398188,-0.224555,0.0152375758,-0.0238973887,-0.0156888072
2.264409,-0.168764,-9.145943,0.135709,0.023751377,0.0037724653,-0.0093034563
2.265458,-0.219201,-8.657496,0.248592,0.0131091254,0.0346349948,0.0013387952
2.266508,0.237134,-9.835516,0.279815,-0.003918477,0.1708558144,0.0247517486
2.267557,-0.387324,-10.386216,0.133307,-0.0092396028,0.2187459464,0.0236875235
2.268575,-0.632304,-10.853114,0.277413,-0.0049827022,0.2251312973,0.0119810468
2.269624,-0.786017,-10.879452,0.28702,0.0141733506,0.2123605954,-0.0050465557
2.270674,-0.742785,-10.086922,0.323047,0.0269440524,0.1942687678,-0.0124961318
2.271723,-0.19038,-8.305527,0.445536,0.0226871518,0.1910760924,-0.007175006
2.272741,0.049797,-7.965529,0.505581,0.0035310991,0.1857549666,0.0045314707
2.27379,-0.485796,-10.249738,1.166065,-0.0060469273,0.1389290598,0.0162379474
2.27484,-0.795624,-11.588179,0.940299,-0.0049827022,0.0665617494,0.0141094971
2.275889,-0.536233,-10.640017,0.503179,-0.0007258016,0.0122862666,-0.0082392311
2.276939,-0.464181,-9.459603,0.769774,0.0003384236,-0.0153835874,-0.0305879594
2.277957,-0.406538,-9.007071,0.483965,-0.003918477,-0.0217689384,-0.0369733103
2.279006,-0.087104,-9.002282,0.517589,-0.0134965034,-0.0068697862,-0.0273952839
2.280055,0.028181,-9.244111,0.556018,-0.0252029801,0.0165431672,-0.0167530324
2.281107,-0.154353,-10.11326,0.289422,-0.0358452316,0.0218642929,-0.0156888072
2.282122,-0.065488,-10.549031,0.236583,-0.0305241059,0.0101578162,-0.021009933
2.283172,0.251545,-9.967205,-0.010798,-0.0113680531,0.001644015,-0.0242026084
2.284221,0.100234,-9.718193,-0.102065,0.0056595494,-0.0015486604,-0.0199457078
2.285271,-0.017453,-9.215379,-0.262983,0.0077879997,0.0090935911,-0.0050465557
2.286288,0.472507,-8.760453,-0.695301,-0.0017900267,0.0633690739,0.0098525965
2.287338,0.700674,-9.878614,-0.707309,-0.0134965034,0.1474428611,0.020494848
2.288388,0.364427,-10.965648,-0.649667,-0.017753404,0.2187459464,0.0268801989
2.289437,0.016172,-10.7741,-0.637658,-0.003918477,0.2538653764,0.0194306229
2.290489,-0.317673,-10.182696,-0.308617,0.0290725027,0.2474800255,0.0045314707
2.291504,-0.459377,-9.624813,-0.241368,0.0578065819,0.2198101715,-0.0061107808
2.292553,-0.248022,-8.485103,0.16453,0.0641919328,0.2027825691,0.0130452719
2.293605,-0.742785,-9.157915,0.721739,0.0439716549,0.1548924371,0.0258159738
2.294652,-1.29519,-10.999169,1.187681,0.0205587015,0.0516625972,0.0247517486
2.29567,-0.903703,-11.30804,0.91388,-0.003918477,-0.0356038654,0.0024030204
2.296719,-0.382521,-10.613679,1.043575,-0.0198818543,-0.0547599181,-0.0273952839
2.297769,-0.382521,-9.406927,1.343796,-0.0347810065,-0.0356038654,-0.0369733103
2.298818,-0.24562,-8.255246,0.945103,-0.0432948077,-0.0185762629,-0.0273952839
2.299836,-0.10872,-8.777214,0.875452,-0.0347810065,-0.0047413359,-0.0124961318
2.300885,-0.156755,-9.83791,0.486366,-0.0188176292,0.0037724653,-0.0007896551
2.301935,-0.175969,-10.436497,0.090076,0.0014026488,-0.0015486604,-0.0061107808
2.302986,-0.10872,-10.611285,0.315841,0.0216229267,-0.0238973887,-0.0231383833
2.304034,-0.106318,-10.216217,0.339859,0.0290725027,-0.0451818917,-0.0305879594
2.305051,-0.248022,-9.394955,0.57283,0.0258798273,-0.0409249911,-0.021009933
2.306101,-0.022256,-8.535384,0.181343,0.0131091254,-0.0004844353,-0.0029181054
2.307151,0.513337,-8.793974,-0.337438,-0.0134965034,0.0612406236,0.0109168216
2.3082,0.705478,-10.046218,-0.349447,-0.0305241059,0.1304152586,0.0183663977
2.309218,0.338008,-11.025507,-0.750541,-0.0252029801,0.195332993,0.0173021725
2.310267,-0.305664,-11.200294,-0.337438,0.0014026488,0.2155532709,0.0098525965
2.311316,-0.468984,-10.144387,-0.289403,0.0365220788,0.1963972181,0.0002745701
2.312366,-0.377717,-9.186647,-0.714515,0.0567423567,0.195332993,-0.0029181054
2.313383,-0.495403,-8.930452,-0.25818,0.0492927807,0.2208743967,0.0055956959
2.314433,-0.420949,-8.492286,-0.133288,0.0216229267,0.2272597476,0.0183663977
2.315485,-0.69475,-9.545799,0.284618,-0.003918477,0.1825622911,0.020494848
2.316532,-1.23995,-11.327195,0.829818,-0.0145607286,0.098488504,0.0119810468
2.31755,-1.129469,-11.183534,0.923487,-0.0124322782,0.0176073923,-0.007175006
2.318599,-0.339289,-9.078901,1.223707,-0.0081753776,-0.0249616138,-0.0327164097
2.319649,-0.072693,-8.671862,1.276546,-0.0145607286,0.0005797899,-0.0263310588
2.320698,0.0546,-9.042986,1.25493,-0.0273314304,0.0335707696,-0.0188814827
2.321748,-0.003042,-9.663123,1.137244,-0.0347810065,0.0495341469,-0.0156888072
2.322765,-0.199987,-10.623256,1.113226,-0.0241387549,0.029313869,-0.0199457078
2.323815,-0.099113,-11.078183,0.740953,-0.0071111525,-0.0036771108,-0.0263310588
2.324866,-0.003042,-9.778051,0.524795,0.0088522248,-0.0164478126,-0.0242026084
2.325914,-0.022256,-8.245668,-0.046825,0.0088522248,-0.0068697862,-0.0156888072
2.326931,0.431677,-8.619187,-0.822594,-0.0081753776,0.0250569684,-0.0029181054
2.327983,1.0081,-9.763685,-1.209278,-0.0230745298,0.098488504,0.0109168216
2.329031,0.909627,-10.431708,-1.384606,-0.0230745298,0.1942687678,0.0162379474
2.33008,0.138662,-11.212266,-1.002726,-0.0071111525,0.2400304494,0.0119810468
2.331097,-0.375315,-11.14283,-0.760148,0.0280082776,0.2134248206,0.006659921
2.332147,-0.291254,-9.572137,-1.050761,0.0641919328,0.1846907414,0.0024030204
2.333196,-0.228808,-8.372569,-1.127618,0.0748341844,0.20916792,0.0034672456
2.334245,-0.430556,-8.410878,-0.647265,0.0567423567,0.2517369261,0.0130452719
2.335295,-0.819641,-9.038198,-0.018004,0.0269440524,0.2357735488,0.0236875235
2.336313,-1.386457,-10.436497,0.623267,0.0067237745,0.1410575101,0.0236875235
2.337365,-1.643446,-11.765361,1.151655,0.0003384236,0.0133504917,0.0045314707
2.338411,-1.095844,-11.128464,1.365411,0.0014026488,-0.0760444212,-0.0220741581
2.339461,-0.281647,-9.203408,1.427857,-0.0071111525,-0.0920077985,-0.0327164097
2.340481,0.119448,-8.631158,1.507115,-0.0220103046,-0.053695693,-0.0252668336
2.341528,0.210715,-9.421293,1.732881,-0.0326525562,-0.0004844353,-0.0114319066
2.342578,0.244339,-9.153126,1.543142,-0.031588331,0.0367634451,-0.0050465557
2.343627,0.114644,-9.062141,1.130039,-0.0209460795,0.0420845709,-0.0135603569
2.344645,-0.442565,-11.633671,1.15886,0.0226871518,-0.0292185144,-0.0252668336
2.345694,-0.399333,-8.887354,0.512786,0.0205587015,-0.0590168187,-0.021009933
2.346744,-0.005444,-7.484265,0.10929,0.0056595494,-0.0590168187,-0.0135603569
2.347793,0.592595,-9.162704,-0.68089,-0.0166891789,-0.0100624617,0.0024030204
2.348842,1.032117,-10.66396,-1.502293,-0.0379736819,0.0910389279,0.0183663977
2.349862,0.743906,-10.826776,-1.538319,-0.0337167813,0.195332993,0.0183663977
2.350909,-0.065488,-10.675932,-1.158841,-0.003918477,0.2261955224,0.006659921
2.351959,-0.581867,-10.237766,-0.784166,0.0354578537,0.1878834169,-0.0018538802
2.353008,-0.6275,-9.387772,-0.947486,0.0641919328,0.167663139,0.0002745701
2.354026,-0.384922,-8.566511,-1.069975,0.065256158,0.2059752445,0.0119810468
2.355076,-0.348896,-8.485103,-0.601632,0.0386505291,0.2496084758,0.0236875235
2.356125,-0.860471,-9.890586,0.039639,0.0109806751,0.2315166482,0.0258159738
2.357174,-1.331217,-11.178745,0.584839,-0.0060469273,0.1474428611,0.0130452719
2.358192,-1.338422,-11.097337,0.969121,-0.0092396028,0.0463414715,-0.0061107808
2.359242,-1.086237,-10.565792,1.468687,-0.0049827022,-0.0238973887,-0.0199457078
2.360291,-0.461779,-9.224957,1.644016,-0.0103038279,-0.0334754151,-0.021009933
2.361341,0.09543,-8.351019,1.852969,-0.0220103046,-0.0015486604,-0.0135603569
2.36239,0.037788,-9.308759,2.150788,-0.0294598807,0.0229285181,-0.0050465557
2.363408,-0.003042,-9.916923,1.684846,-0.0294598807,0.0303780942,-0.0061107808
2.364457,0.085823,-10.161147,1.480696,-0.0220103046,0.0261211936,-0.0220741581
2.365507,-0.02706,-10.752551,1.516722,-0.0081753776,0.0080293659,-0.03484486
2.366556,-0.185576,-9.89298,0.966719,0.0035310991,-0.0100624617,-0.0305879594
2.367574,-0.144746,-8.645524,0.315841,0.0003384236,-0.0238973887,-0.0188814827
2.368623,0.407659,-8.904114,-0.284599,-0.0145607286,-0.0164478126,-0.0029181054
2.369673,1.08976,-9.296787,-1.22609,-0.0283956555,0.0474056966,0.0087883713
2.370722,0.458096,-11.360716,-1.571944,-0.0166891789,0.2070394697,0.0034672456
2.371742,-0.291254,-11.341561,-1.190064,0.0258798273,0.1974614433,0.0034672456
2.37279,-0.589072,-9.572137,-1.538319,0.058870807,0.1612777881,0.0034672456
2.373839,-0.399333,-8.408484,-1.540721,0.0599350322,0.167663139,0.0077241462
2.374888,-0.248022,-8.288766,-1.331768,0.0439716549,0.2219386218,0.0194306229
2.375938,-0.733178,-9.256083,-0.592025,0.0194944764,0.2442873501,0.0290086492
2.376956,-1.439296,-10.635228,0.474358,0.0067237745,0.1846907414,0.0279444241
2.378005,-1.506545,-10.632834,0.724141,0.0088522248,0.0772040009,0.0087883713
2.379055,-1.309601,-10.912972,1.370215,0.0131091254,-0.0228331635,-0.0156888072
2.380106,-0.968551,-11.063816,1.925022,0.0035310991,-0.0707232954,-0.021009933
2.381122,-0.142344,-8.796368,1.538338,-0.0241387549,-0.0473103421,-0.0167530324
2.382172,0.148269,-7.98229,2.292492,-0.0401021322,0.0005797899,-0.0135603569
2.383221,0.020975,-9.816361,2.599917,-0.0411663574,0.0208000678,-0.0093034563
2.384271,0.434079,-10.355089,1.783318,-0.0337167813,0.0335707696,-0.0114319066
2.385288,0.448489,-10.218611,1.84096,-0.0134965034,0.0442130212,-0.0231383833
2.386338,-0.137541,-10.221006,1.588775,0.0003384236,0.0218642929,-0.0273952839
2.387387,-0.31287,-9.143549,0.940299,0.0003384236,-0.0228331635,-0.0220741581
2.388437,0.124251,-8.839467,0.366278,-0.0060469273,-0.0462461169,-0.0114319066
2.389455,0.784736,-9.509884,-0.594427,-0.0188176292,-0.0058055611,0.0024030204
2.390504,1.0081,-9.368618,-1.47107,-0.0347810065,0.084653577,0.0087883713
2.391553,0.614211,-10.146781,-1.93461,-0.0379736819,0.1602135629,0.006659921
2.392603,0.035386,-11.705502,-1.735264,-0.0134965034,0.1942687678,0.0055956959
2.393652,-0.437761,-10.738185,-1.564738,0.0269440524,0.1878834169,0.0077241462
2.394671,-0.665929,-8.731721,-1.804915,0.0482285555,0.1655346887,0.006659921
2.39572,-0.565055,-8.36778,-1.656005,0.0471643304,0.1783053905,0.0098525965
2.39677,-0.781213,-9.555377,-0.664078,0.0205587015,0.2325808734,0.0322013247
2.397819,-1.537768,-11.094943,0.31344,0.0163018009,0.1751127151,0.0290086492
2.398837,-1.67707,-11.375082,0.781783,0.0216229267,0.0761397758,0.006659921
2.399886,-1.071826,-10.632834,1.259734,0.0152375758,-0.0068697862,-0.0178172575
2.400936,-0.468984,-9.639179,1.653623,-0.0049827022,-0.0270900641,-0.021009933
2.401987,-0.127934,-8.647919,2.090744,-0.0283956555,-0.0047413359,-0.0114319066
2.403003,0.037788,-9.064535,2.75363,-0.0390379071,0.0122862666,-0.0039823305
2.404052,0.251545,-10.007909,2.597515,-0.0358452316,0.0208000678,-0.0029181054
2.405101,0.412463,-10.108471,2.093145,-0.0220103046,0.0314423193,-0.0135603569
2.406151,0.131456,-10.400582,2.037905,-0.0049827022,0.0282496439,-0.0284595091
2.407201,-0.151951,-9.967205,1.634409,0.0024668739,0.0005797899,-0.0284595091
2.408218,-0.005444,-8.65989,0.678507,-0.0028542519,-0.0270900641,-0.0188814827
2.409268,0.364427,-8.990311,-0.130886,-0.017753404,-0.0249616138,-0.007175006
2.410317,0.760718,-10.043824,-0.969101,-0.0326525562,0.0282496439,0.0034672456
2.411367,0.84478,-10.067767,-1.776094,-0.0326525562,0.112323431,0.0045314707
2.412384,0.39565,-10.323963,-1.937012,-0.0134965034,0.1655346887,-0.0029181054
2.413434,-0.202388,-10.596918,-1.816923,0.0205587015,0.1644704635,-0.0039823305
2.414486,-0.605884,-9.703826,-1.833736,0.0482285555,0.1431859605,-0.0018538802
2.415533,-0.656321,-8.995099,-1.89378,0.0535496813,0.1368006095,0.0055956959
2.416551,-0.40894,-8.887354,-1.521507,0.0418432046,0.1612777881,0.0173021725
2.4176,-0.329682,-8.997494,-0.997923,0.0258798273,0.1921403175,0.0279444241
2.41865,-0.838855,-10.146781,-0.450321,0.0088522248,0.1910760924,0.0290086492
2.419699,-1.544973,-11.164379,0.534402,0.0077879997,0.1378648347,0.0173021725
2.420749,-1.439296,-10.824382,0.949907,0.0131091254,0.056983723,-0.0061107808
2.421766,-0.629902,-9.861853,1.399036,0.0035310991,0.0090935911,-0.021009933
2.422816,-0.296057,-9.473969,2.611926,-0.0166891789,0.0059009156,-0.0029181054
2.423867,-0.053479,-9.687066,2.940967,-0.0262672052,-0.0036771108,0.0024030204
2.424915,0.268357,-9.646362,2.604721,-0.0262672052,0.0069651408,-0.0050465557
2.425933,0.131456,-10.201851,2.381357,-0.0209460795,0.0239927432,-0.0220741581
2.426985,-0.048676,-10.417342,2.165198,-0.0188176292,0.0250569684,-0.0295237342
2.428032,0.071412,-9.004677,1.106021,-0.0188176292,0.0144147169,-0.0231383833
2.429081,0.225125,-8.403695,0.359073,-0.0252029801,0.0027082402,-0.0135603569
2.430099,0.506131,-9.871431,-0.447919,-0.0358452316,0.0176073923,-0.0029181054
2.431148,0.808753,-10.455652,-1.30775,-0.0326525562,0.0761397758,0.0034672456
2.432198,0.527747,-10.051007,-1.845745,-0.0145607286,0.1346721592,-0.0007896551
2.433248,-0.0823,-10.357484,-2.100331,0.0067237745,0.1527639868,-0.0029181054
2.434297,-0.512216,-9.983965,-2.088323,0.0269440524,0.1453144108,0.0013387952
2.435315,-0.665929,-8.925663,-2.251642,0.0343936285,0.1410575101,0.0055956959
2.436367,-0.509814,-9.059747,-2.045091,0.0280082776,0.153828212,0.0130452719
2.437414,-0.461779,-9.428476,-1.543123,0.023751377,0.181498066,0.0226232983
2.438463,-0.74999,-9.624813,-1.127618,0.0194944764,0.1932045427,0.0247517486
2.439484,-1.052612,-10.290442,-0.337438,0.0184302512,0.167663139,0.0162379474
2.440531,-1.206325,-10.704664,0.455144,0.0290725027,0.1101949807,0.0024030204
2.44158,-0.982961,-10.644805,1.166065,0.0312009531,0.0463414715,-0.0082392311
2.442629,-0.356101,-9.907346,1.814541,0.0184302512,0.0133504917,-0.0061107808
2.443647,0.001761,-9.088479,2.29009,0.0035310991,0.0080293659,0.0013387952
2.444697,-0.005444,-9.371012,2.746425,-0.0145607286,0.0005797899,0.0024030204
2.445746,0.191501,-10.177907,2.974592,-0.0283956555,0.001644015,-0.0029181054
2.446795,0.265955,-10.300019,2.940967,-0.0252029801,0.0186716175,-0.0114319066
2.447813,0.126653,-9.780446,2.374151,-0.0198818543,0.029313869,-0.0231383833
2.448865,0.102635,-9.466786,1.235716,-0.0113680531,0.0144147169,-0.0199457078
2.449912,0.249143,-9.2489,0.018023,-0.0209460795,0.0122862666,-0.007175006
2.450961,0.402856,-9.28721,-0.798576,-0.0283956555,0.0388918954,-0.0029181054
2.452011,0.309187,-9.888191,-1.447052,-0.0198818543,0.0814609015,-0.0061107808
2.453029,0.025779,-10.709453,-1.848146,0.0024668739,0.1101949807,-0.007175006
2.454078,-0.372914,-10.687904,-1.780897,0.0312009531,0.1133876562,-0.0029181054
2.455127,-0.579465,-9.047775,-2.047493,0.0439716549,0.1027454046,-0.0007896551
2.456177,-0.459377,-8.272006,-2.150768,0.0322651782,0.1038096298,0.0013387952
2.457194,-0.348896,-9.529039,-1.807316,0.0152375758,0.1314794838,0.0119810468
2.458245,-0.444966,-10.043824,-1.40382,0.0045953242,0.1729842648,0.0226232983
2.459293,-0.836454,-10.132415,-0.700104,0.0003384236,0.1868191918,0.0215590732
2.460343,-1.273574,-10.695087,0.010818,0.0109806751,0.1516997617,0.0098525965
2.461363,-1.211129,-10.477201,0.563223,0.0269440524,0.0963600537,-0.0050465557
2.46241,-0.629902,-9.670306,1.223707,0.0226871518,0.0559194979,-0.0103676814
2.463459,-0.072693,-9.076507,1.90821,0.0077879997,0.0463414715,-0.0039823305
2.464509,-0.091907,-9.473969,2.763237,-0.0007258016,0.0346349948,0.0034672456
2.465558,-0.168764,-10.534665,3.034636,-0.0156249537,0.0048366905,0.0045314707
2.466576,0.162679,-10.558609,2.828085,-0.0262672052,0.001644015,-0.0029181054
2.467625,0.121849,-9.651151,2.736818,-0.0230745298,0.0271854187,-0.0167530324
2.468675,-0.142344,-9.366223,2.333322,-0.0273314304,0.0314423193,-0.0273952839
2.469724,0.097832,-9.517067,1.807336,-0.0305241059,0.0239927432,-0.0231383833
2.470743,0.311589,-9.201013,0.894666,-0.0262672052,0.029313869,-0.0135603569
2.471791,0.277964,-9.035803,-0.147699,-0.0326525562,0.0356992199,-0.0082392311
2.472841,0.383642,-9.631996,-0.89945,-0.0326525562,0.0516625972,-0.007175006
2.47389,0.006565,-10.709453,-2.302079,0.0077879997,0.098488504,-0.0007896551
2.474908,-0.416145,-10.153964,-2.258848,0.023751377,0.1091307555,0.0024030204
2.475957,-0.339289,-9.052564,-2.345311,0.0301367279,0.1187087819,0.0034672456
2.477007,-0.031863,-8.870593,-2.806449,0.0248156021,0.1463786359,0.0045314707
2.478056,-0.224004,-9.545799,-2.323695,0.0163018009,0.1889476421,0.0130452719
2.479108,-0.725973,-9.622419,-1.543123,0.0131091254,0.2123605954,0.020494848
2.480124,-1.187111,-9.96481,-0.841808,0.0258798273,0.1900118672,0.0173021725
2.481173,-1.444099,-11.094943,0.263003,0.0556781316,0.1282868083,0.006659921
2.482222,-1.057416,-10.7741,0.577633,0.0684488334,0.07081865,0.0002745701
2.483272,-0.348896,-8.997494,1.223707,0.0482285555,0.0420845709,-0.0007896551
2.48429,-0.159157,-8.875382,2.674372,0.0248156021,0.0165431672,0.0024030204
2.485339,-0.055881,-10.209034,3.248393,0.0003384236,-0.0164478126,0.0055956959
2.486388,0.472507,-10.596918,3.109091,-0.0283956555,-0.0196404881,0.0002745701
2.487438,0.520542,-10.240161,3.181144,-0.0401021322,0.0165431672,-0.0103676814
2.488456,0.066609,-9.763685,3.13551,-0.0369094568,0.0388918954,-0.0199457078
2.489505,-0.007846,-9.133971,2.3045,-0.0273314304,0.0314423193,-0.0199457078
2.490555,0.076216,-9.157915,1.420652,-0.0156249537,0.0218642929,-0.0135603569
2.491604,0.124251,-9.720587,0.452742,-0.0113680531,0.0208000678,-0.0061107808
2.492654,0.256348,-9.706221,-0.822594,-0.0124322782,0.0282496439,-0.0050465557
2.493672,0.150671,-9.785234,-1.331768,-0.0060469273,0.0474056966,-0.0124961318
2.494721,-0.173567,-10.692692,-1.528712,0.0131091254,0.0665617494,-0.0135603569
2.495771,-0.493002,-10.376638,-1.780897,0.0386505291,0.0750755506,-0.0082392311
2.49682,-0.596277,-8.501863,-1.778495,0.0503570058,0.0633690739,-0.0050465557
2.497838,-0.288852,-8.353414,-2.266053,0.0343936285,0.0612406236,-0.0018538802
2.498888,-0.171166,-9.878614,-2.270857,0.0120449003,0.0963600537,0.0098525965
2.499937,-1.021389,-10.357484,-1.134823,-0.0081753776,0.1495713114,0.0173021725
2.500989,-1.112656,-10.855508,-0.35425,0.0088522248,0.1442501856,0.0024030204
2.502004,-0.846061,-10.077345,0.299029,0.0258798273,0.1304152586,-0.0103676814
2.503053,-0.495403,-9.320731,0.949907,0.023751377,0.1229656825,-0.007175006
2.504103,-0.192781,-9.093268,1.682444,0.0088522248,0.1240299077,0.0055956959
2.505152,-0.248022,-9.660728,2.511052,0.0014026488,0.1016811795,0.0119810468
2.506202,-0.365708,-10.843536,3.238786,-0.0028542519,0.0474056966,0.0077241462
2.50722,0.114644,-10.458046,2.744023,-0.0113680531,0.0144147169,-0.0061107808
2.508269,0.189099,-9.588898,2.813674,-0.0134965034,0.0218642929,-0.021009933
2.509318,-0.173567,-9.552982,2.861709,-0.017753404,0.0261211936,-0.0242026084
2.510368,0.165081,-9.246506,1.94904,-0.0283956555,0.029313869,-0.0178172575
2.511386,0.51814,-9.210591,1.442268,-0.0326525562,0.0463414715,-0.0135603569
2.512435,0.388445,-9.78284,0.443135,-0.0379736819,0.0612406236,-0.0135603569
2.513487,0.251545,-9.857065,-0.541588,-0.0337167813,0.0633690739,-0.0135603569
2.514534,0.071412,-9.904952,-1.151635,-0.0081753776,0.0591121733,-0.0146245821
2.515552,-0.0823,-10.295231,-1.992252,0.0163018009,0.056983723,-0.0103676814
2.516602,-0.0823,-9.725376,-2.549461,0.0280082776,0.0718828752,-0.0029181054
2.517651,-0.077497,-8.750876,-2.933743,0.0248156021,0.0942316034,0.0013387952
2.5187,-0.091907,-9.332702,-3.178723,0.0077879997,0.1219014574,0.0045314707
2.519718,-0.303262,-10.244949,-2.763218,0.0035310991,0.1570208875,0.0130452719
2.520768,-0.740383,-9.684672,-1.941815,0.0141733506,0.1708558144,0.0194306229
2.521817,-1.175102,-10.024669,-1.250108,0.0343936285,0.1474428611,0.0130452719
2.522868,-1.319208,-10.99438,-0.13569,0.065256158,0.1133876562,0.0055956959
2.523916,-0.836454,-9.72777,0.452742,0.079091085,0.0931673782,0.0034672456
2.524933,-0.209594,-8.607215,0.959514,0.0609992574,0.0910389279,0.0055956959
2.525986,-0.255227,-10.618468,3.346865,0.0194944764,0.0250569684,0.0162379474
2.527032,0.277964,-10.49875,3.171537,-0.0145607286,-0.0111266868,0.0055956959
2.528082,0.366829,-10.297625,3.726344,-0.0294598807,-0.0015486604,-0.0103676814
2.529099,-0.003042,-10.000726,3.375686,-0.0369094568,0.015478942,-0.0167530324
2.530149,0.186697,-9.17707,2.614328,-0.0432948077,0.0250569684,-0.0135603569
2.531199,0.498926,-8.724538,1.749693,-0.0347810065,0.0420845709,-0.0082392311
2.532248,0.390847,-9.41411,0.539205,-0.0273314304,0.0527268224,-0.0061107808
2.533265,0.191501,-10.319174,-0.318224,-0.0188176292,0.0516625972,-0.0061107808
2.534315,0.011368,-10.297625,-0.997923,0.0067237745,0.043148796,-0.0093034563
2.535367,-0.356101,-10.139598,-1.672818,0.0322651782,0.0250569684,-0.0135603569
2.536414,-0.670732,-9.933684,-1.961029,0.0461001052,0.0112220414,-0.0135603569
2.537463,-0.524225,-8.734115,-2.066707,0.0482285555,0.0176073923,-0.0093034563
2.538483,-0.173567,-8.348625,-2.292472,0.0290725027,0.0378276702,-0.0029181054
2.53953,-0.175969,-9.643968,-2.364525,0.0056595494,0.0676259745,0.0087883713
2.54058,-0.622697,-10.37185,-1.97544,-0.0017900267,0.1027454046,0.0183663977
2.541629,-1.052612,-10.304808,-1.305348,-0.0007258016,0.1197730071,0.0151737222
2.542647,-1.23995,-10.678326,-0.447919,0.0141733506,0.1112592058,0.0055956959
2.543696,-1.119862,-10.556215,0.299029,0.0354578537,0.0995527292,-0.0007896551
2.544746,-0.468984,-9.169887,0.529598,0.0269440524,0.1208372322,0.0002745701
2.545795,0.114644,-8.458765,1.360608,0.0024668739,0.1634062384,0.0045314707
2.546813,-0.106318,-9.701432,2.674372,-0.0060469273,0.1612777881,0.0098525965
2.547865,-0.274441,-10.872269,2.945771,-0.0081753776,0.1038096298,0.0109168216
2.548912,0.100234,-10.417342,2.777648,-0.0081753776,0.0559194979,0.0024030204
2.549961,-0.075095,-9.991148,2.964985,0.0014026488,0.0410203457,-0.0103676814
2.551011,-0.382521,-10.103683,2.861709,0.0014026488,0.0282496439,-0.0156888072
2.552028,0.647835,-8.71496,1.487901,-0.0220103046,0.0548552727,-0.0135603569
2.553078,0.402856,-9.639179,0.863443,-0.0369094568,0.0740113255,-0.0146245821
2.554127,0.184295,-10.173119,0.008416,-0.0411663574,0.0729471003,-0.0146245821
2.555177,-0.031863,-9.991148,-0.58482,-0.0188176292,0.056983723,-0.0156888072
2.556194,-0.288852,-9.801995,-1.401419,0.0120449003,0.0314423193,-0.0167530324
2.557244,-0.209594,-9.569743,-2.299678,0.0269440524,0.0176073923,-0.0124961318
2.558293,0.107439,-9.040592,-2.804048,0.0205587015,0.0367634451,-0.0029181054
2.559343,0.148269,-8.940029,-3.339641,0.0003384236,0.0803966764,0.0034672456
2.560363,-0.240817,-10.187485,-2.892913,-0.0166891789,0.1219014574,0.0098525965
2.56141,-0.54584,-10.786072,-1.956226,-0.0071111525,0.1389290598,0.0151737222
2.56246,-0.740383,-10.134809,-1.646398,0.0248156021,0.1304152586,0.0130452719
2.563509,-1.07663,-9.943261,-0.649667,0.058870807,0.1059380801,0.006659921
2.564558,-0.918114,-9.720587,0.08287,0.079091085,0.0974242788,0.0045314707
2.565576,-0.262432,-9.007071,0.479161,0.0695130586,0.1250941328,0.0098525965
2.566626,-0.072693,-9.086084,1.816943,0.0492927807,0.1474428611,0.0173021725
2.567675,-0.485796,-10.192274,2.97219,0.0322651782,0.1080665304,0.0215590732
2.568724,-0.610688,-10.855508,3.414114,0.0120449003,0.0250569684,0.0151737222
2.569744,-0.211995,-10.795649,3.291625,-0.0028542519,-0.0238973887,-0.0018538802
2.570792,-0.029462,-10.237766,3.382892,-0.0156249537,-0.0164478126,-0.0188814827
2.571841,0.157876,-9.088479,2.974592,-0.0401021322,0.0112220414,-0.021009933
2.572891,0.561372,-8.817917,1.864978,-0.0539370592,0.0410203457,-0.0146245821
2.573908,0.522944,-9.459603,1.262136,-0.0486159335,0.0633690739,-0.0050465557
2.574958,0.251545,-9.438054,0.133307,-0.0358452316,0.0612406236,-0.0018538802
2.576007,0.052198,-9.87622,-0.892245,-0.0103038279,0.0452772463,-0.0114319066
2.577057,-0.27204,-10.956071,-1.13002,0.0258798273,0.0208000678,-0.0188814827
2.578074,-0.512216,-10.364667,-1.603167,0.0556781316,-0.0100624617,-0.0178172575
2.579123,-0.103916,-8.485103,-2.465399,0.0386505291,0.0122862666,-0.0103676814
2.581223,-0.363307,-10.134809,-2.01627,-0.0071111525,0.1006169543,0.0109168216
2.580173,0.004163,-9.385378,-2.43898,0.0077879997,0.0665617494,0.0013387952
2.582272,-0.882087,-10.707059,-1.504694,0.0024668739,0.1070023052,0.0130452719
2.58329,-1.247155,-10.582552,-0.625649,0.023751377,0.0899747028,0.0087883713
2.584339,-1.189513,-9.691855,0.121299,0.0386505291,0.0686901997,0.0024030204
2.585389,-0.557849,-9.28721,0.6689,0.0365220788,0.0899747028,0.0045314707
2.586438,0.088225,-9.258478,1.103619,0.0163018009,0.1591493378,0.0119810468
2.587456,0.011368,-9.766079,1.862576,-0.0060469273,0.2027825691,0.0130452719
2.588505,-0.432958,-10.53706,2.864111,-0.0166891789,0.1697915893,0.0098525965
2.589555,-0.300861,-10.400582,2.580703,-0.0220103046,0.1038096298,0.0013387952
2.590604,-0.015051,-10.13002,2.499043,-0.0145607286,0.0697544249,-0.0114319066
2.591622,-0.151951,-9.960022,2.919351,0.0045953242,0.0612406236,-0.0156888072
2.592671,0.083421,-9.311153,2.112359,0.0088522248,0.0559194979,-0.0114319066
2.593721,0.448489,-9.169887,1.627203,0.0014026488,0.0623048488,-0.007175006
2.59477,0.265955,-9.708615,1.17327,-0.0092396028,0.0665617494,-0.0050465557
2.59582,0.0546,-9.89298,0.056451,-0.0230745298,0.0495341469,-0.0124961318
2.596837,-0.031863,-10.029458,-0.375866,-0.0220103046,0.0282496439,-0.0231383833
2.597887,-0.248022,-10.060584,-0.930673,0.0003384236,0.0133504917,-0.0252668336
2.598937,-0.468984,-9.493124,-1.579149,0.0216229267,-0.0058055611,-0.0199457078
2.599989,-0.300861,-9.040592,-1.958627,0.0216229267,-0.0143193623,-0.0114319066
2.601004,0.150671,-8.820312,-2.695968,0.0067237745,0.0144147169,-0.0029181054
2.602053,0.085823,-9.363829,-2.816057,-0.0113680531,0.0612406236,0.0024030204
2.603103,-0.485796,-10.733396,-2.083519,-0.0145607286,0.0899747028,0.0098525965
2.604152,-0.949336,-10.177907,-0.812987,0.0248156021,0.0803966764,0.0077241462
2.60517,-0.692348,-9.790023,-0.061235,0.0429074297,0.0814609015,0.0055956959
2.606219,-0.022256,-9.071718,0.28702,0.0407789794,0.1229656825,0.0109168216
2.607269,0.378838,-8.619187,1.021959,0.0269440524,0.1868191918,0.0173021725
2.608318,-0.151951,-9.830727,2.273277,0.0258798273,0.1995898936,0.0215590732
2.609369,-0.730776,-11.073394,2.681577,0.0301367279,0.1325437089,0.0194306229
2.610385,-0.461779,-10.606496,2.681577,0.0258798273,0.0484699218,0.0055956959
2.611435,-0.127934,-10.122837,2.960181,0.0226871518,0.0037724653,-0.0093034563
2.612487,0.028181,-9.928895,2.756032,0.0045953242,-0.0015486604,-0.0114319066
2.613534,0.508533,-8.913691,2.141181,-0.0262672052,0.0218642929,-0.007175006
2.614552,0.638228,-9.143549,1.665632,-0.045423258,0.0537910475,-0.0050465557
2.615602,0.246741,-10.218611,0.889862,-0.0518086089,0.0665617494,-0.0039823305
2.616651,0.04019,-9.995937,-0.104467,-0.0401021322,0.0527268224,-0.0093034563
2.6177,-0.20479,-9.778051,-0.656872,-0.0049827022,0.0186716175,-0.0178172575
2.618718,-0.476189,-9.878614,-1.449454,0.0290725027,-0.0153835874,-0.0199457078
2.619767,-0.500207,-9.555377,-1.994654,0.0397147543,-0.026025839,-0.0167530324
2.620817,-0.384922,-8.980733,-2.129153,0.0312009531,-0.0089982365,-0.0093034563
2.621869,-0.216799,-8.841861,-2.388543,0.0109806751,0.0197358426,-0.0029181054
2.622916,-0.262432,-9.830727,-1.845745,-0.003918477,0.043148796,0.0034672456
2.623933,-0.567456,-10.649594,-1.463864,0.0024668739,0.056983723,0.0098525965
2.624985,-0.846061,-10.213823,-0.959494,0.0194944764,0.056983723,0.0109168216
2.626032,-0.898899,-10.0965,0.056451,0.0343936285,0.056983723,0.0087883713
2.627081,-0.541037,-10.232977,0.457545,0.0343936285,0.084653577,0.0109168216
2.628099,0.117046,-8.954395,0.70973,0.0163018009,0.1548924371,0.0151737222
2.629149,0.198706,-8.544962,1.264537,-0.0028542519,0.2251312973,0.0141094971
2.630198,-0.829248,-11.255364,2.285286,0.0003384236,0.1697915893,0.0130452719
2.631247,-0.399333,-9.885797,2.206028,0.0077879997,0.1016811795,-0.0007896551
2.632265,-0.094309,-9.708615,2.451008,0.0120449003,0.0612406236,-0.0135603569
2.633314,0.162679,-9.682277,2.076333,0.0035310991,0.0505983721,-0.0114319066
2.634366,0.441284,-9.002282,1.646418,-0.0103038279,0.0591121733,-0.0029181054
2.635413,0.287571,-9.605658,1.17327,-0.0252029801,0.0654975242,-0.0007896551
2.636463,0.047395,-10.400582,0.440733,-0.0379736819,0.0559194979,-0.0061107808
2.637481,-0.072693,-10.122837,-0.109271,-0.0283956555,0.0346349948,-0.0188814827
2.63958,-0.432958,-9.512279,-0.85862,0.0226871518,-0.0302827396,-0.0252668336
2.63853,-0.28645,-9.734953,-0.479142,-0.0007258016,0.0037724653,-0.0284595091
2.640629,-0.27204,-9.086084,-1.461463,0.0258798273,-0.0419892163,-0.0146245821
2.641647,0.071412,-8.693411,-2.129153,0.0077879997,-0.0153835874,-0.0050465557
2.642696,0.023377,-9.368618,-2.047493,-0.0134965034,0.0218642929,0.0002745701
2.643746,-0.216799,-10.575369,-1.571944,-0.0188176292,0.0452772463,0.0034672456
2.644795,-0.406538,-10.671143,-1.374999,-0.0007258016,0.0612406236,0.0077241462
2.645813,-0.800427,-9.974388,-0.868227,0.0205587015,0.0623048488,0.0087883713
2.646865,-0.716366,-9.857065,-0.234162,0.0301367279,0.0686901997,0.0087883713
2.647912,-0.053479,-9.904952,0.299029,0.0354578537,0.1208372322,0.0141094971
2.648961,0.347615,-9.069324,0.632874,0.0258798273,0.1974614433,0.0194306229
2.649979,0.133858,-9.040592,1.11803,0.00991645,0.2442873501,0.020494848
2.651028,-0.593876,-10.48199,1.850567,0.0077879997,0.2283239727,0.0194306229
2.652078,-1.059818,-10.910578,2.009084,0.0163018009,0.1548924371,0.0130452719
2.653128,-0.704357,-10.197062,2.129172,0.0280082776,0.0697544249,-0.0039823305
2.654177,0.042591,-9.533828,2.040307,0.0269440524,0.0250569684,-0.0124961318
2.655195,0.489319,-9.064535,1.694453,0.0045953242,0.0229285181,-0.0029181054
2.656244,0.148269,-10.039035,0.906675,-0.0358452316,0.0452772463,0.0034672456
2.657294,-0.053479,-10.49875,0.289422,-0.0401021322,0.0410203457,-0.0093034563
2.658343,-0.358503,-10.381427,0.066058,-0.017753404,0.0186716175,-0.0220741581
2.659363,-0.53143,-9.275238,-0.33984,0.0173660261,-0.0217689384,-0.0295237342
2.660411,-0.485796,-8.750876,-0.935477,0.0333294034,-0.0600810439,-0.0252668336
2.66146,-0.252825,-9.145943,-1.463864,0.0226871518,-0.0590168187,-0.0103676814
2.66251,-0.197585,-9.538616,-1.725657,0.0035310991,-0.0228331635,-0.0007896551
2.663527,-0.238415,-9.98636,-1.497489,-0.0134965034,0.0101578162,-0.0007896551
2.664577,-0.156755,-10.307202,-1.170849,-0.0092396028,0.0367634451,-0.0050465557
2.665626,-0.584269,-10.328751,-0.812987,0.0088522248,0.0537910475,-0.0039823305
2.666676,-0.853266,-9.708615,-0.219752,0.0152375758,0.0474056966,0.0013387952
2.667726,-0.252825,-9.284815,0.195753,0.0205587015,0.0623048488,0.0077241462
2.668745,0.270759,-9.682277,0.589642,0.0269440524,0.1304152586,0.0173021725
2.669792,0.29958,-9.758896,0.813006,0.0109806751,0.2059752445,0.0247517486
2.670842,-0.118327,-10.000726,1.086807,-0.0060469273,0.2410946746,0.0236875235
2.671891,-0.759597,-10.632834,1.439866,-0.0007258016,0.2251312973,0.0151737222
2.672909,-0.812436,-10.383821,1.600784,0.0120449003,0.1740484899,0.0002745701
2.673958,-0.252825,-9.706221,1.84096,0.0194944764,0.126158358,-0.0114319066
2.675008,0.184295,-9.114817,1.519124,0.0152375758,0.1059380801,-0.0082392311
2.676058,-0.007846,-9.100451,1.387027,0.0056595494,0.084653577,0.0045314707
2.677075,-0.305664,-9.806783,1.353403,-0.0092396028,0.0463414715,0.0109168216
2.678125,-0.159157,-10.532271,0.366278,-0.0252029801,0.0218642929,0.0013387952
2.679175,-0.248022,-10.944099,0.106888,-0.0241387549,0.0133504917,-0.0188814827
2.680224,-0.372914,-9.993543,-0.008397,-0.0113680531,-0.0036771108,-0.03484486
2.681273,-0.485796,-8.501863,-0.248573,0.0184302512,-0.0430534414,-0.021009933
2.683341,0.057002,-9.998331,-1.408624,-0.0113680531,-0.039860766,-0.0029181054
2.682291,-0.320075,-9.023831,-1.04836,0.0067237745,-0.0547599181,-0.0050465557
2.68439,0.251545,-10.477201,-1.182858,-0.017753404,0.001644015,-0.0082392311
2.685439,0.131456,-10.355089,-1.197269,-0.0156249537,0.0356992199,-0.0114319066
2.686457,-0.27204,-10.235372,-0.428705,-0.0007258016,0.0474056966,-0.007175006
2.687506,-0.308066,-9.754108,-0.318224,0.0163018009,0.0644332991,0.0055956959
2.688556,0.179492,-9.172281,-0.087655,0.0216229267,0.112323431,0.0173021725
2.689605,0.501328,-9.327914,0.431126,0.0173660261,0.1825622911,0.0236875235
2.690623,0.234732,-10.185091,0.347064,0.0109806751,0.2421588997,0.0247517486
2.691673,-0.384922,-10.558609,0.880255,0.0141733506,0.2549296016,0.0226232983
2.692722,-0.793222,-10.007909,1.060388,0.0226871518,0.2134248206,0.0119810468
2.693771,-0.812436,-9.938473,1.19969,0.0386505291,0.1506355365,0.0002745701
2.694821,-0.553046,-9.794812,1.475892,0.0450358801,0.1006169543,-0.0029181054
2.695839,-0.120729,-8.827495,1.288555,0.0301367279,0.0633690739,0.0055956959
2.696888,-0.228808,-9.426082,1.475892,0.0056595494,0.0325065445,0.0141094971
2.697937,-0.4906,-10.824382,1.204493,-0.0220103046,0.0027082402,0.0109168216
2.698989,-0.039069,-10.460441,0.517589,-0.0390379071,-0.0058055611,-0.0093034563
2.700005,0.078618,-9.818755,0.416715,-0.0337167813,0.0080293659,-0.0327164097
2.701054,-0.468984,-9.818755,0.344662,-0.0113680531,0.0048366905,-0.0369733103
2.702104,-0.641911,-9.047775,-0.063637,0.0141733506,-0.0270900641,-0.0252668336
2.703153,-0.322477,-8.394118,-0.757746,0.0173660261,-0.0547599181,-0.0124961318
2.704171,-0.091907,-9.315942,-1.247706,0.0024668739,-0.0558241433,-0.0061107808
2.70522,-0.101514,-10.515511,-0.861022,-0.0060469273,-0.0377323157,-0.0082392311
2.70627,0.035386,-10.786072,-0.457526,-0.0071111525,-0.0196404881,-0.0124961318
2.707319,-0.252825,-9.201013,-0.066039,0.0141733506,0.0250569684,-0.0050465557
2.708337,-0.065488,-8.834678,-0.008397,0.00991645,0.0559194979,0.006659921
2.709386,0.393249,-9.555377,0.210164,0.0045953242,0.1208372322,0.0194306229
2.710435,0.25875,-9.981571,0.428724,0.0024668739,0.1974614433,0.0279444241
2.711488,-0.413744,-10.431708,0.40951,0.0003384236,0.2347093237,0.0258159738
2.712535,-0.882087,-10.860297,0.652088,0.0067237745,0.223002847,0.0141094971
2.713552,-0.841257,-10.323963,0.704927,0.023751377,0.1900118672,-0.0007896551
2.714602,-0.493002,-9.330308,0.774578,0.0333294034,0.1602135629,-0.0093034563
2.715652,0.020975,-8.511441,0.849033,0.0216229267,0.1463786359,-0.0018538802
2.716701,0.047395,-9.016648,0.839425,0.0035310991,0.1304152586,0.0130452719
2.717719,-0.591474,-10.549031,1.149253,-0.0081753776,0.0825251267,0.0215590732
2.718768,-0.77641,-11.059028,0.813006,-0.0124322782,0.0208000678,0.0098525965
2.719818,-0.360905,-10.235372,0.570428,-0.0103038279,-0.0111266868,-0.0178172575
2.72087,-0.288852,-9.399744,0.565625,-0.0028542519,-0.0175120377,-0.0369733103
2.721885,-0.382521,-9.301576,0.214967,-0.0007258016,-0.0196404881,-0.0369733103
2.722934,-0.156755,-9.145943,0.303832,-0.003918477,-0.0132551371,-0.0220741581
2.723987,0.032984,-8.664679,-0.109271,-0.0145607286,-0.0047413359,-0.0093034563
2.725033,-0.075095,-9.560166,-0.491151,-0.0273314304,-0.0100624617,-0.0093034563
2.726082,-0.103916,-10.996775,-0.145297,-0.017753404,-0.0207047132,-0.0114319066
2.7271,0.076216,-10.49875,-0.262983,0.0056595494,-0.0185762629,-0.0103676814
2.72815,-0.048676,-9.45242,-0.296608,0.0131091254,-0.0175120377,-0.007175006
2.729199,-0.070292,-9.136366,-0.238966,0.0109806751,-0.0004844353,0.0013387952
2.730249,0.458096,-9.423688,-0.570409,0.0056595494,0.0686901997,0.0130452719
2.731266,0.691067,-10.036641,-0.404687,-0.0060469273,0.1665989138,0.0247517486
2.732316,0.371633,-10.051007,-0.301412,-0.0103038279,0.2357735488,0.0268801989
2.733368,-0.79082,-10.668749,0.222173,0.0365220788,0.2283239727,0.006659921
2.734415,-0.675536,-9.758896,0.066058,0.065256158,0.1932045427,-0.0007896551
2.735432,-0.420949,-8.592849,0.284618,0.0737699592,0.1655346887,-0.0007896551
2.736482,-0.442565,-8.585666,0.604053,0.0524854561,0.1346721592,0.0098525965
2.737531,-0.701955,-10.005514,1.156458,0.0269440524,0.0772040009,0.0247517486
2.738581,-0.742785,-11.109309,1.098816,-0.0007258016,0.0059009156,0.0194306229
2.739631,-0.329682,-11.070999,0.767373,-0.0262672052,-0.0334754151,-0.0061107808
2.740648,-0.099113,-10.091711,1.319778,-0.0347810065,-0.0313469647,-0.0295237342
2.741698,-0.228808,-8.798763,0.803399,-0.0273314304,-0.0164478126,-0.03484486
2.742748,-0.380119,-8.671862,0.635276,-0.0145607286,-0.012190912,-0.0242026084
2.743796,-0.320075,-9.325519,0.519991,-0.0007258016,-0.0143193623,-0.0082392311
2.744814,-0.103916,-9.591292,-0.344643,0.0077879997,-0.0153835874,-0.0029181054
2.745866,-0.079899,-9.995937,-0.104467,0.0141733506,-0.0238973887,-0.0093034563
2.746913,-0.279245,-10.879452,0.008416,0.0248156021,-0.0345396402,-0.0167530324
2.747962,-0.493002,-10.503539,0.154923,0.0290725027,-0.0366680905,-0.0188814827
2.74898,-0.382521,-8.803551,0.40951,0.0173660261,-0.0302827396,-0.0135603569
2.750029,0.232331,-8.468343,0.034835,-0.0049827022,-0.0004844353,-0.0039823305
2.751079,0.655041,-9.622419,-0.070842,-0.0188176292,0.0676259745,0.0098525965
2.752129,0.527747,-10.077345,-0.224555,-0.0220103046,0.1463786359,0.0215590732
2.753178,0.155474,-10.400582,-0.243769,-0.0124322782,0.195332993,0.020494848
2.754196,-0.452172,-11.212266,-0.195734,0.0141733506,0.2070394697,0.0119810468
2.755246,-0.798025,-10.709453,-0.4215,0.0397147543,0.1974614433,0.0024030204
2.756295,-0.617893,-9.208196,-0.229359,0.0492927807,0.1900118672,-0.0050465557
2.757344,-0.300861,-7.955952,-0.09486,0.0354578537,0.195332993,-0.0007896551
2.758364,-0.293655,-8.420456,0.212566,0.0131091254,0.1846907414,0.0119810468
2.759411,-1.064621,-11.537897,0.89947,-0.0007258016,0.0388918954,0.0130452719
2.76046,-0.774008,-10.513116,0.589642,-0.0007258016,-0.0292185144,-0.0124961318
2.76151,-0.53143,-9.667911,1.146851,0.0035310991,-0.0547599181,-0.0305879594
2.762527,-0.346494,-9.050169,1.045977,-0.0007258016,-0.0462461169,-0.0295237342
2.763577,-0.120729,-8.904114,1.009951,-0.0113680531,-0.0164478126,-0.021009933
2.764627,-0.039069,-9.165098,1.202092,-0.0241387549,0.0122862666,-0.0135603569
2.765676,-0.094309,-9.778051,0.800997,-0.0326525562,0.0112220414,-0.0156888072
2.766725,-0.019855,-10.556215,0.767373,-0.0252029801,-0.0089982365,-0.0231383833
2.767745,0.097832,-10.48199,0.512786,-0.0049827022,-0.0185762629,-0.0231383833
2.768792,0.028181,-9.315942,0.118897,0.0077879997,-0.0238973887,-0.0156888072
2.769842,0.21792,-8.568905,-0.447919,0.0035310991,-0.0196404881,-0.0050465557
2.770891,0.791941,-9.512279,-1.012333,-0.0103038279,0.0335707696,0.0055956959
2.771909,1.128188,-10.532271,-1.045958,-0.0188176292,0.1378648347,0.0162379474
2.772958,0.734299,-10.422131,-1.204474,-0.0124322782,0.2240670721,0.0215590732
2.774008,-0.132737,-10.510722,-0.81779,0.0141733506,0.2357735488,0.0173021725
2.775057,-0.533832,-10.520299,-0.755345,0.0524854561,0.2049110194,0.0098525965
2.776075,-0.413744,-9.631996,-0.937879,0.0822837604,0.1910760924,0.006659921
2.777124,-0.288852,-8.307921,-0.507963,0.086540661,0.2006541188,0.0087883713
2.778174,-0.346494,-7.920037,-0.414294,0.0631277077,0.2006541188,0.0183663977
2.779223,-1.093442,-9.919318,0.57283,0.0354578537,0.1495713114,0.0300728744
2.780244,-1.689079,-11.671981,1.166065,0.0152375758,0.0378276702,0.0279444241
2.781291,-1.086237,-11.264942,0.724141,-0.0028542519,-0.0590168187,-0.0018538802
2.78234,-0.454573,-10.472412,1.497508,-0.0145607286,-0.0845582224,-0.0316521845
2.78339,-0.264834,-9.332702,1.644016,-0.0283956555,-0.0654021697,-0.0337806348
2.784439,-0.072693,-8.38454,1.346197,-0.0326525562,-0.0345396402,-0.0188814827
2.785457,0.064207,-8.612003,1.490303,-0.0252029801,-0.0079340114,-0.0039823305
2.786506,0.141064,-10.517905,0.853836,0.0088522248,0.001644015,-0.0103676814
2.787556,-0.262432,-11.351138,0.846631,0.0280082776,-0.0228331635,-0.021009933
2.788605,-0.452172,-10.201851,0.62807,0.0322651782,-0.0547599181,-0.0231383833
2.789623,-0.32728,-8.47792,0.649686,0.0280082776,-0.0654021697,-0.0188814827
2.790673,0.124251,-8.616792,-0.0132,0.0109806751,-0.0302827396,-0.007175006
2.791722,0.671853,-9.768474,-0.594427,-0.0156249537,0.0442130212,0.0098525965
2.792772,0.707879,-10.398188,-0.997923,-0.0283956555,0.1272225831,0.0162379474
2.793789,0.153072,-10.580158,-1.182858,-0.0156249537,0.1836265163,0.0109168216
2.794839,-0.411342,-10.359878,-0.736131,0.0152375758,0.1868191918,0.0045314707
2.795888,-0.615492,-10.079739,-0.649667,0.0492927807,0.1591493378,0.0034672456
2.796938,-0.476189,-9.631996,-0.72172,0.0684488334,0.1602135629,0.0087883713
2.79799,-0.228808,-8.544962,-0.661676,0.0578065819,0.1995898936,0.0173021725
2.799005,-0.334485,-8.446793,-0.423901,0.0216229267,0.2198101715,0.0215590732
2.800054,-0.992568,-10.367061,0.20536,-0.0103038279,0.1772411654,0.020494848
2.801104,-1.444099,-11.626488,0.623267,-0.0188176292,0.0931673782,0.0098525965
2.802154,-1.146281,-10.675932,0.981129,-0.0103038279,0.0133504917,-0.0114319066
2.803172,-0.61309,-9.454814,1.45908,0.0014026488,-0.0334754151,-0.0273952839
2.804221,-0.284048,-9.23214,1.701658,0.00991645,-0.0430534414,-0.0252668336
2.805271,-0.10872,-9.461997,1.689649,0.0067237745,-0.0281542893,-0.0124961318
2.80632,0.131456,-9.217774,1.523928,-0.0103038279,0.0005797899,-0.007175006
2.807338,0.174688,-9.153126,1.449473,-0.0252029801,0.0197358426,-0.0156888072
2.808387,-0.0823,-10.393399,1.603186,-0.0273314304,0.0059009156,-0.0252668336
2.809437,-0.087104,-10.972831,1.331787,-0.0156249537,-0.0185762629,-0.0263310588
2.810489,-0.072693,-9.318336,0.553616,0.0014026488,-0.0228331635,-0.0199457078
2.811536,0.621416,-9.126788,-0.906656,-0.0092396028,-0.0132551371,0.0013387952
2.812553,1.229062,-10.391004,-1.953824,-0.0188176292,0.0718828752,0.0130452719
2.813603,0.842378,-10.989592,-1.879369,-0.0188176292,0.1846907414,0.0151737222
2.814653,0.141064,-10.819593,-1.262116,0.0035310991,0.2208743967,0.0087883713
2.815702,-0.291254,-10.031852,-1.086788,0.0471643304,0.1825622911,0.0045314707
2.81672,-0.454573,-9.212985,-1.456659,0.079091085,0.1580851126,0.006659921
2.817769,-0.329682,-8.669468,-1.528712,0.0801553101,0.1868191918,0.0141094971
2.818819,-0.31287,-8.286372,-0.870629,0.0609992574,0.2208743967,0.0247517486
2.819871,-0.910908,-9.339885,-0.169315,0.0397147543,0.195332993,0.0322013247
2.820886,-1.600214,-11.29128,0.726543,0.0269440524,0.098488504,0.0268801989
2.821935,-1.484929,-11.650432,1.178074,0.0205587015,-0.0185762629,0.0045314707
2.822987,-0.870078,-10.788466,1.338992,0.00991645,-0.0898793482,-0.0188814827
2.824034,-0.389726,-9.418899,1.852969,-0.0092396028,-0.0877508979,-0.0242026084
2.825084,-0.029462,-8.293555,1.968254,-0.031588331,-0.0462461169,-0.0135603569
2.826101,0.097832,-8.710172,2.100351,-0.0379736819,-0.0100624617,-0.0018538802
2.827151,0.097832,-9.615236,1.98987,-0.0262672052,0.001644015,0.0045314707
2.828201,0.179492,-10.280864,1.461482,-0.0017900267,-0.0058055611,-0.0050465557
2.82925,0.071412,-10.980014,1.36301,0.0248156021,-0.0153835874,-0.0242026084
2.830268,-0.308066,-10.323963,1.250127,0.0354578537,-0.0313469647,-0.0295237342
2.831317,-0.363307,-8.631158,0.6689,0.0269440524,-0.061145269,-0.0220741581
2.832369,0.210715,-8.583271,-0.010798,0.0077879997,-0.0622094942,-0.007175006
2.833417,0.84478,-9.620024,-0.712113,-0.0145607286,0.001644015,0.0098525965
2.834434,1.020108,-10.065373,-1.47107,-0.0294598807,0.1059380801,0.0130452719
2.835486,0.527747,-10.838748,-1.490284,-0.0188176292,0.1804338408,0.0055956959
2.836533,-0.219201,-11.061422,-1.139627,0.0184302512,0.1836265163,0.0024030204
2.837582,-0.596277,-8.336653,-1.459061,0.0641919328,0.1389290598,0.0045314707
2.8386,-0.468984,-8.676651,-1.139627,0.0524854561,0.1761769402,0.0194306229
2.83965,-0.54584,-9.74453,-0.604034,0.0333294034,0.2059752445,0.0332655499
2.840699,-0.939729,-10.541848,0.04204,0.0163018009,0.1857549666,0.0322013247
2.841748,-1.333618,-10.534665,0.339859,0.0024668739,0.1165803316,0.0151737222
2.842798,-1.369645,-10.551426,0.957112,-0.003918477,0.0335707696,-0.007175006
2.843816,-0.951738,-10.48199,1.521526,0.0024668739,-0.0111266868,-0.0188814827
2.844868,-0.382521,-9.306365,1.63681,-0.0007258016,-0.0026128856,-0.0156888072
2.845914,-0.20479,-8.734115,2.237251,-0.0060469273,0.0080293659,-0.0093034563
2.846964,-0.252825,-9.576926,2.479829,-0.0060469273,-0.0058055611,-0.0061107808
2.847982,0.011368,-9.928895,2.035503,-0.0092396028,-0.0164478126,-0.0103676814
2.849031,0.191501,-10.132415,1.941834,-0.0081753776,-0.0143193623,-0.0231383833
2.850081,0.023377,-10.393399,1.708863,-0.0028542519,-0.0153835874,-0.0305879594
2.851131,-0.005444,-9.509884,0.993138,-0.0060469273,-0.0217689384,-0.0263310588
2.852148,0.249143,-8.707777,0.270208,-0.0188176292,-0.0228331635,-0.0167530324
2.853198,0.643032,-9.153126,-0.431107,-0.0294598807,0.0005797899,-0.0039823305
2.854246,0.972073,-9.658334,-1.442249,-0.0294598807,0.0591121733,0.0045314707
2.855297,0.871199,-10.141992,-2.129153,-0.0156249537,0.1336079341,0.0055956959
2.856346,0.239536,-10.958465,-1.944217,0.0131091254,0.1729842648,0.0034672456
2.857366,-0.416145,-10.970437,-1.768888,0.0492927807,0.1570208875,0.0055956959
2.858414,-0.533832,-9.68946,-1.898583,0.0695130586,0.1346721592,0.0109168216
2.859463,-0.322477,-8.248062,-2.001859,0.0663203831,0.1580851126,0.0130452719
2.860512,-0.329682,-8.238485,-1.377401,0.0450358801,0.2006541188,0.0194306229
2.86153,-0.608286,-9.476363,-0.409491,0.0280082776,0.2102321451,0.0290086492
2.862579,-1.259164,-10.841142,0.152521,0.0301367279,0.1623420132,0.0311370995
2.863629,-1.304797,-10.735791,1.495107,0.0397147543,-0.039860766,-0.0114319066
2.864678,-0.574662,-9.620024,1.617596,0.0226871518,-0.0739159709,-0.021009933
2.865696,-0.147148,-8.916086,2.064324,-0.0081753776,-0.0483745672,-0.0135603569
2.866747,0.174688,-9.114817,2.681577,-0.0294598807,-0.0153835874,-0.0029181054
2.867795,0.328401,-9.83791,2.792058,-0.0358452316,0.0027082402,-0.0018538802
2.868845,0.386043,-10.182696,2.261269,-0.0283956555,0.0144147169,-0.0114319066
2.869894,0.246741,-10.460441,2.016289,-0.0049827022,0.0197358426,-0.0231383833
2.870912,-0.130336,-9.871431,1.708863,0.0163018009,0.0027082402,-0.0263310588
2.871961,-0.262432,-8.442005,0.769774,0.0152375758,-0.0387965408,-0.0188814827
2.873011,0.191501,-8.73651,-0.070842,0.0014026488,-0.0632737194,-0.007175006
2.87406,0.854387,-10.067767,-0.988316,-0.0103038279,-0.0207047132,0.006659921
2.875077,0.916833,-10.405371,-1.838539,-0.0188176292,0.0761397758,0.0098525965
2.876127,0.287571,-10.517905,-1.663211,-0.0092396028,0.1442501856,0.0045314707
2.877176,-0.291254,-10.414948,-1.545524,0.0269440524,0.1474428611,0.0002745701
2.878226,-0.622697,-9.816361,-1.973038,0.0567423567,0.1240299077,0.0002745701
2.879246,-0.81724,-9.114817,-1.67522,0.0609992574,0.1165803316,0.006659921
2.880293,-0.620295,-8.281583,-1.314955,0.0471643304,0.1304152586,0.0173021725
2.881342,-0.380119,-8.717355,-1.101198,0.0258798273,0.1495713114,0.0279444241
2.882392,-0.721169,-10.81241,-0.50316,0.0109806751,0.1591493378,0.0332655499
2.883442,-1.23995,-11.454095,0.063656,0.00991645,0.1357363844,0.0194306229
2.884459,-1.266369,-10.350301,0.73615,0.0141733506,0.0761397758,-0.007175006
2.885509,-0.860471,-9.926501,1.372617,0.00991645,0.0208000678,-0.0199457078
2.886558,-0.291254,-9.502701,1.713667,0.0014026488,0.0090935911,-0.0114319066
2.887608,-0.070292,-9.098056,2.328518,-0.0049827022,0.0186716175,0.0013387952
2.888625,-0.199987,-9.756502,2.974592,-0.0028542519,0.0048366905,0.0087883713
2.889675,0.268357,-10.204245,2.347732,0.0035310991,-0.0196404881,-0.0188814827
2.890724,0.064207,-10.110866,2.256465,0.0067237745,-0.012190912,-0.0295237342
2.891774,-0.022256,-9.141155,1.495107,-0.0028542519,-0.0207047132,-0.0242026084
2.892791,0.234732,-8.248062,0.726543,-0.0220103046,-0.0281542893,-0.0124961318
2.893841,0.551765,-9.220168,-0.229359,-0.0379736819,-0.0004844353,-0.0018538802
2.89489,0.676657,-10.675932,-1.18526,-0.0401021322,0.0591121733,0.0045314707
2.89594,0.43648,-10.453258,-1.533516,-0.0166891789,0.1091307555,0.0002745701
2.896991,0.0546,-10.027063,-2.035484,0.0152375758,0.1165803316,-0.0061107808
2.898007,-0.24562,-10.340723,-2.419766,0.0407789794,0.1101949807,-0.0061107808
2.899057,-0.519421,-9.564954,-2.39815,0.0546139064,0.1208372322,0.0013387952
2.900106,-0.565055,-8.784397,-2.239634,0.0439716549,0.1410575101,0.0109168216
2.901155,-0.279245,-8.865804,-1.600765,0.0290725027,0.1655346887,0.0236875235
2.902173,-0.392128,-9.371012,-1.194867,0.0280082776,0.1836265163,0.0300728744
2.903222,-1.112656,-10.697481,-0.255778,0.0280082776,0.1559566623,0.0268801989
2.904272,-1.384055,-10.991986,0.904273,0.0386505291,0.0835893518,0.0151737222
2.905321,-0.968551,-10.11326,0.933094,0.0492927807,0.0144147169,-0.0018538802
2.906339,-0.555447,-9.715798,1.485499,0.0333294034,-0.0132551371,-0.0093034563
2.907389,-0.216799,-9.564954,2.326116,0.0056595494,-0.0111266868,-0.0029181054
2.908438,-0.072693,-9.57932,2.866513,-0.0134965034,-0.0036771108,0.0024030204
2.90949,-0.022256,-9.72777,3.181144,-0.031588331,-0.0026128856,-0.0018538802
2.910505,0.138662,-10.237766,3.025029,-0.0369094568,0.001644015,-0.0124961318
2.911555,0.047395,-10.546637,2.871316,-0.0220103046,0.0059009156,-0.0220741581
2.912604,-0.039069,-9.457209,2.064324,-0.0060469273,-0.0036771108,-0.0242026084
2.913654,0.184295,-8.468343,0.978728,-0.0092396028,-0.0228331635,-0.0178172575
2.914703,0.755915,-9.794812,-1.08919,-0.0262672052,0.0388918954,-0.0029181054
2.915721,0.515738,-10.450863,-1.391812,-0.017753404,0.0921031531,0.0013387952
2.91677,0.090627,-10.42692,-1.581551,0.0067237745,0.1038096298,0.0024030204
2.91782,-0.320075,-10.42692,-2.066707,0.0322651782,0.0899747028,0.0034672456
2.918872,-0.58667,-9.967205,-2.018672,0.0461001052,0.0772040009,0.0077241462
2.919887,-0.466582,-8.765242,-2.203607,0.0429074297,0.0835893518,0.0109168216
2.920936,-0.305664,-8.820312,-2.297276,0.0248156021,0.1197730071,0.0162379474
2.921988,-0.452172,-9.550588,-1.720853,0.00991645,0.1719200396,0.0247517486
2.923035,-0.910908,-9.751713,-1.168448,0.0077879997,0.1921403175,0.0258159738
2.924053,-1.523358,-10.611285,-0.200538,0.0184302512,0.1516997617,0.0151737222
2.925103,-1.559384,-11.133253,0.683311,0.0450358801,0.0803966764,0.0002745701
2.926152,-0.814838,-9.861853,0.808203,0.0482285555,0.0282496439,-0.0082392311
2.927201,-0.173567,-8.765242,1.764104,0.0269440524,0.0080293659,-0.0050465557
2.928251,-0.115925,-9.631996,2.962583,0.0163018009,-0.0132551371,0.0045314707
2.929269,0.100234,-10.635228,2.904941,-0.0007258016,-0.0324111899,0.0077241462
2.930318,0.647835,-10.161147,2.816076,-0.0209460795,-0.012190912,-0.0018538802
2.93137,0.414864,-9.797206,3.001011,-0.0220103046,0.0239927432,-0.0167530324
2.932417,-0.19038,-9.794812,2.811272,-0.0198818543,0.0186716175,-0.0231383833
2.933435,-0.077497,-8.985522,2.021092,-0.0134965034,-0.0089982365,-0.0188814827
2.934487,0.148269,-8.930452,0.966719,-0.0071111525,-0.0249616138,-0.0114319066
2.935534,0.205911,-9.96481,0.097281,-0.0156249537,-0.0249616138,-0.0039823305
2.936583,0.455694,-9.988754,-0.98111,-0.0220103046,0.0048366905,-0.0029181054
2.937601,0.450891,-9.828333,-1.701639,-0.0134965034,0.0527268224,-0.0114319066
2.938651,-0.012649,-10.450863,-1.917797,0.0056595494,0.0825251267,-0.0114319066
2.9397,-0.413744,-10.024669,-2.13876,0.0280082776,0.0931673782,-0.0039823305
2.940749,-0.36811,-9.052564,-2.290071,0.0354578537,0.0963600537,0.006659921
2.941799,-0.428154,-10.161147,-2.069109,0.0269440524,0.1219014574,0.0173021725
2.942817,-0.493002,-9.754108,-1.538319,0.0194944764,0.1527639868,0.0236875235
2.943869,-0.77641,-9.919318,-0.964298,0.0163018009,0.1570208875,0.0183663977
2.944915,-1.223137,-10.728608,0.070862,0.0280082776,0.1293510335,0.0077241462
2.945965,-1.112656,-10.400582,0.697721,0.0386505291,0.0878462525,-0.0007896551
2.946983,-0.389726,-9.244111,1.370215,0.0258798273,0.0601763985,-0.0018538802
2.948032,-0.197585,-9.021437,2.451008,0.0141733506,0.0367634451,0.006659921
2.949081,-0.553046,-10.321568,3.101885,0.0077879997,-0.0100624617,0.0141094971
2.950131,-0.096711,-10.723819,2.979396,-0.0081753776,-0.0409249911,0.006659921
2.951149,0.4629,-9.943261,2.748826,-0.0166891789,-0.0143193623,-0.0146245821
2.952198,0.071412,-9.979177,2.93136,-0.0241387549,0.0197358426,-0.0295237342
2.953248,-0.173567,-9.871431,2.599917,-0.0294598807,0.0197358426,-0.0242026084
2.954297,0.064207,-8.856227,1.696855,-0.0252029801,0.015478942,-0.0135603569
2.955347,0.239536,-8.523413,0.813006,-0.0283956555,0.0101578162,-0.007175006
2.956367,0.450891,-9.318336,-0.428705,-0.0347810065,0.0080293659,-0.0061107808
2.957414,0.54456,-10.438891,-1.34858,-0.0220103046,0.0356992199,-0.0093034563
2.958464,0.234732,-10.936916,-1.665612,0.0077879997,0.0676259745,-0.0093034563
2.959513,-0.255227,-10.302414,-2.237232,0.0322651782,0.0729471003,-0.0061107808
2.960531,-0.401735,-9.033409,-2.506229,0.0418432046,0.0718828752,-0.0039823305
2.96158,-0.192781,-8.829889,-2.883306,0.0322651782,0.0921031531,0.0013387952
2.96263,-0.252825,-9.758896,-2.686361,0.0173660261,0.126158358,0.0141094971
2.963679,-0.625099,-9.646362,-1.735264,0.0120449003,0.1485070862,0.0247517486
2.964697,-1.033398,-9.804389,-1.447052,0.0194944764,0.1442501856,0.0215590732
2.965748,-1.266369,-10.742974,-0.445517,0.0407789794,0.1187087819,0.0109168216
2.966796,-0.61309,-9.409322,0.584839,0.0567423567,0.0740113255,0.0013387952
2.967845,-0.19038,-8.815523,1.653623,0.0333294034,0.0803966764,0.0055956959
2.968865,-0.24562,-9.72777,2.559087,0.0131091254,0.0591121733,0.0087883713
2.969912,-0.413744,-11.351138,3.399704,-0.003918477,0.0037724653,0.0098525965
2.970962,0.208313,-10.596918,3.21717,-0.017753404,-0.0228331635,-0.0018538802
2.972012,0.470105,-9.485941,3.142715,-0.017753404,-0.0089982365,-0.021009933
2.973061,0.100234,-9.785234,3.255598,-0.0198818543,-0.0047413359,-0.0252668336
2.974079,0.309187,-9.404533,2.225242,-0.0188176292,-0.0089982365,-0.0146245821
2.975128,0.515738,-8.772425,1.317376,-0.0156249537,0.0037724653,-0.0050465557
2.976177,0.38124,-9.074113,0.404707,-0.0262672052,0.015478942,-0.0039823305
2.977227,0.304383,-9.825938,-0.714515,-0.0305241059,0.0229285181,-0.0082392311
2.978247,-0.0823,-10.953676,-1.331768,-0.0103038279,0.0314423193,-0.0114319066
2.979294,-0.562653,-10.996775,-1.60797,0.0184302512,0.0346349948,-0.0114319066
2.980343,-0.589072,-8.966367,-1.925003,0.0407789794,0.0250569684,-0.0135603569
2.981393,-0.358503,-8.389329,-2.472605,0.0386505291,0.0144147169,-0.0135603569
2.982411,-0.20479,-9.835516,-2.693567,0.0216229267,0.0388918954,-0.0007896551
2.98346,-0.28645,-9.624813,-2.395748,0.0109806751,0.0931673782,0.0151737222
2.984509,-0.632304,-9.212985,-1.665612,-0.0017900267,0.1208372322,0.0183663977
2.985558,-1.052612,-10.754945,-0.659274,0.0077879997,0.1112592058,0.0130452719
2.986608,-1.153486,-11.293674,-0.147699,0.0343936285,0.0942316034,0.0077241462
2.987626,-0.70916,-9.631996,0.395099,0.0386505291,0.0878462525,0.0013387952
2.988675,-0.053479,-8.353414,0.839425,0.0216229267,0.1080665304,0.0002745701
2.989725,-0.039069,-9.337491,1.814541,0.0077879997,0.1272225831,0.0055956959
2.990774,-0.404136,-10.965648,3.188349,0.0003384236,0.0942316034,0.0130452719
2.991792,-0.159157,-10.501145,2.948173,-0.0049827022,0.043148796,0.0098525965
2.992841,-0.04147,-9.766079,3.025029,-0.003918477,0.0144147169,-0.007175006
2.993891,0.030582,-9.768474,2.571096,-0.0134965034,-0.0100624617,-0.0178172575
2.99494,0.470105,-8.425244,1.807336,-0.0188176292,0.0144147169,-0.0156888072
2.995958,0.405257,-9.327914,1.065191,-0.0358452316,0.0314423193,-0.0135603569
2.997007,0.410061,-9.976782,0.207762,-0.0422305825,0.0442130212,-0.0103676814
2.998057,0.261152,-9.064535,-0.755345,-0.0262672052,0.0548552727,-0.0135603569
2.999106,-0.185576,-10.010303,-1.454257,-0.0071111525,0.0346349948,-0.0178172575
3.000155,-0.300861,-11.161985,-1.884173,0.0184302512,0.0133504917,-0.0124961318
3.001173,-0.175969,-9.435659,-2.635924,0.037586304,0.0239927432,-0.007175006
3.002222,-0.084702,-8.544962,-2.924136,0.0258798273,0.0442130212,-0.0050465557
3.003272,-0.031863,-9.780446,-2.914529,0.00991645,0.0772040009,0.0045314707
3.004321,-0.332084,-10.240161,-2.840074,0.0088522248,0.1219014574,0.0162379474
3.005339,-0.836454,-10.022275,-1.888976,0.00991645,0.1410575101,0.0173021725
3.006388,-1.038202,-9.833121,-0.808183,0.0301367279,0.1250941328,0.0087883713
3.007438,-1.105451,-10.051007,-0.008397,0.0631277077,0.0931673782,0.0024030204
3.00849,-0.834052,-10.000726,0.769774,0.0663203831,0.0772040009,0.006659921
3.009505,-0.0823,-8.667073,1.259734,0.051421231,0.0931673782,0.0141094971
3.010555,-0.127934,-9.143549,2.321313,0.0386505291,0.0889104776,0.0151737222
3.011604,-0.517019,-11.3248,3.351669,0.0173660261,0.0303780942,0.0119810468
3.012653,0.090627,-11.154802,3.032234,-0.0081753776,-0.0111266868,0.0013387952
3.01472,-0.168764,-9.639179,3.567827,-0.0252029801,0.0080293659,-0.021009933
3.013703,0.263553,-10.053401,3.361276,-0.0166891789,-0.0026128856,-0.0146245821
3.01577,0.193902,-8.738904,2.422187,-0.0347810065,0.0133504917,-0.0156888072
3.016819,0.54456,-8.71496,1.716069,-0.0283956555,0.0239927432,-0.007175006
3.017871,0.398052,-9.873825,0.57283,-0.0230745298,0.0282496439,-0.0018538802
3.018887,0.292375,-10.259315,-0.500758,-0.017753404,0.029313869,-0.007175006
3.019936,-0.372914,-10.141992,-1.67522,0.0290725027,0.0101578162,-0.0178172575
3.020988,-0.543439,-9.624813,-2.121947,0.0386505291,0.0027082402,-0.0146245821
3.022035,-0.432958,-8.647919,-2.213214,0.0343936285,0.0122862666,-0.0114319066
3.023053,-0.284048,-9.016648,-2.342909,0.0184302512,0.0282496439,-0.0039823305
3.024102,-0.305664,-10.149175,-2.354918,0.0077879997,0.0516625972,0.0077241462
3.025152,-0.589072,-10.400582,-2.035484,0.0109806751,0.0740113255,0.0130452719
3.026201,-0.975756,-9.950444,-1.192465,0.0226871518,0.0761397758,0.0087883713
3.028268,-0.814838,-10.259315,0.419117,0.0407789794,0.0633690739,0.0013387952
3.029317,-0.171166,-9.488335,0.949907,0.0258798273,0.1070023052,0.0055956959
3.02725,-1.112656,-9.895374,-0.409491,0.0343936285,0.0612406236,0.0024030204
3.030369,0.174688,-8.691017,1.63681,0.0024668739,0.1516997617,0.0077241462
3.031417,-0.274441,-10.079739,2.921753,-0.0071111525,0.1389290598,0.0098525965
3.032434,-0.550644,-11.212266,2.871316,-0.0103038279,0.0793324512,0.0098525965
3.033483,-0.168764,-10.383821,2.491838,-0.0071111525,0.0410203457,-0.0029181054
3.034533,-0.130336,-9.696643,3.022627,0.0003384236,0.0335707696,-0.0199457078
3.035583,-0.091907,-9.897769,2.674372,-0.0017900267,0.0250569684,-0.0220741581
3.0366,0.407659,-9.483546,2.030699,-0.0060469273,0.0335707696,-0.0135603569
3.03765,0.51814,-8.645524,1.485499,-0.0166891789,0.0527268224,-0.007175006
3.038699,0.268357,-9.179464,0.447938,-0.0347810065,0.0484699218,-0.0093034563
3.039748,0.073814,-10.458046,-0.236564,-0.0337167813,0.0367634451,-0.0167530324
3.040767,-0.228808,-10.635228,-0.736131,-0.0060469273,0.0250569684,-0.021009933
3.041816,-0.459377,-9.552982,-1.370196,0.023751377,-0.0004844353,-0.0231383833
3.042868,-0.291254,-8.760453,-2.222821,0.0301367279,-0.0153835874,-0.021009933
3.043915,0.061805,-9.23214,-3.022608,0.0120449003,0.0101578162,-0.0114319066
3.044964,-0.310468,-9.878614,-2.362123,-0.0166891789,0.0899747028,0.0119810468
3.045982,-0.622697,-10.678326,-1.85295,-0.0071111525,0.0899747028,0.0130452719
3.047031,-0.829248,-10.924944,-1.36299,0.0301367279,0.084653577,0.0098525965
3.048081,-0.932524,-9.653545,-0.673685,0.0609992574,0.0825251267,0.0055956959
3.04913,-0.526626,-8.676651,-0.001191,0.065256158,0.0942316034,0.0034672456
3.050148,0.066609,-8.892142,0.510384,0.0503570058,0.1389290598,0.0098525965
3.051197,0.030582,-9.550588,1.804934,0.037586304,0.1644704635,0.0183663977
3.052249,-0.639509,-10.675932,3.1211,0.0333294034,0.1112592058,0.020494848
3.053296,-0.788418,-11.152407,3.262803,0.0258798273,0.0122862666,0.0141094971
3.054314,-0.094309,-10.513116,2.996208,0.0163018009,-0.0483745672,-0.0050465557
3.055366,0.309187,-9.924107,3.111492,0.0003384236,-0.0430534414,-0.0199457078
3.056413,0.450891,-9.196225,2.780049,-0.0241387549,-0.0026128856,-0.0167530324
3.057462,0.669451,-8.717355,1.814541,-0.0432948077,0.0420845709,-0.0082392311
3.058511,0.491721,-9.126788,1.218904,-0.0496801586,0.0633690739,-0.0029181054
3.059529,0.081019,-9.816361,0.159727,-0.0411663574,0.0516625972,-0.0050465557
3.060578,-0.257629,-10.640017,-0.740934,-0.0081753776,0.0239927432,-0.0135603569
3.061628,-0.493002,-10.587341,-0.933075,0.0333294034,-0.0111266868,-0.0199457078
3.062677,-0.565055,-9.418899,-1.612774,0.0567423567,-0.0473103421,-0.0220741581
3.063695,-0.332084,-8.80834,-2.251642,0.0535496813,-0.0505030175,-0.0178172575
3.064747,-0.087104,-9.162704,-2.57588,0.0312009531,-0.0015486604,-0.0082392311
3.065794,-0.353699,-9.830727,-2.282865,0.0024668739,0.0484699218,0.0024030204
3.066843,-0.61309,-10.146781,-1.752076,-0.0124322782,0.0644332991,0.006659921
3.067863,-0.682741,-10.161147,-1.374999,0.0067237745,0.0633690739,0.0055956959
3.06891,-1.100647,-10.271287,-0.457526,0.0397147543,0.0452772463,0.0055956959
3.06996,-1.100647,-9.940867,0.174137,0.051421231,0.0282496439,0.006659921
3.071009,0.335606,-9.107634,1.206895,0.0152375758,0.1559566623,0.0098525965
3.072059,-0.012649,-10.046218,2.297295,-0.0017900267,0.1868191918,0.0119810468
3.073076,-0.365708,-10.752551,2.595114,-0.0145607286,0.1474428611,0.0109168216
3.074126,-0.447368,-10.551426,2.551882,-0.0166891789,0.0974242788,0.0045314707
3.075176,-0.341691,-10.010303,2.770442,-0.0049827022,0.0612406236,-0.0082392311
3.076225,0.037788,-9.581715,2.527864,0.0035310991,0.0420845709,-0.0156888072
3.077245,0.419668,-9.435659,2.001878,0.0024668739,0.0463414715,-0.0124961318
3.078292,0.407659,-9.382984,1.365411,-0.0049827022,0.0612406236,-0.0039823305
3.079341,0.153072,-9.131577,0.570428,-0.017753404,0.0580479482,-0.0039823305
3.080391,-0.132737,-9.914529,-0.001191,-0.0220103046,0.029313869,-0.0156888072
3.082458,-0.356101,-9.895374,-0.875433,0.0173660261,-0.0249616138,-0.0242026084
3.083508,-0.404136,-8.923269,-1.449454,0.0312009531,-0.0473103421,-0.021009933
3.081409,-0.305664,-10.850719,-0.416696,-0.0092396028,-0.0004844353,-0.0242026084
3.084557,-0.089506,-9.023831,-2.093126,0.0184302512,-0.0377323157,-0.0124961318
3.085607,0.234732,-9.062141,-2.549461,-0.0007258016,0.015478942,-0.0029181054
3.086624,-0.087104,-9.722981,-2.386141,-0.0134965034,0.0591121733,0.0024030204
3.087674,-0.560251,-10.805227,-1.778495,-0.0049827022,0.0686901997,0.0055956959
3.088723,-0.877284,-10.735791,-1.288536,0.0194944764,0.0601763985,0.006659921
3.089773,-0.922917,-10.01988,-0.695301,0.0365220788,0.0452772463,0.0055956959
3.09079,-0.425752,-9.538616,0.022826,0.0429074297,0.0601763985,0.006659921
3.09184,0.208313,-9.069324,0.544009,0.037586304,0.1197730071,0.0109168216
3.092889,0.328401,-9.13876,1.192484,0.0226871518,0.181498066,0.0173021725
3.093939,-0.260031,-10.13002,1.956245,0.0163018009,0.1868191918,0.0194306229
3.094957,-0.786017,-10.630439,2.321313,0.0194944764,0.1250941328,0.0141094971
3.096006,-0.670732,-10.256921,2.580703,0.0258798273,0.0399561205,0.0002745701
3.097056,0.174688,-9.708615,2.352536,0.0173660261,-0.0217689384,-0.0082392311
3.098105,0.607005,-8.8251,1.901004,-0.0060469273,0.0069651408,-0.0029181054
3.099124,0.429275,-9.533828,1.430259,-0.0273314304,0.0335707696,-0.0018538802
3.100172,0.155474,-10.273681,0.563223,-0.0411663574,0.043148796,-0.0061107808
3.101222,0.085823,-9.974388,-0.181323,-0.0326525562,0.0346349948,-0.0178172575
3.102271,-0.281647,-9.907346,-0.443116,0.0014026488,0.0059009156,-0.0231383833
3.10332,-0.605884,-9.471575,-1.017137,0.0365220788,-0.039860766,-0.021009933
3.104339,-0.507412,-9.179464,-1.73046,0.0450358801,-0.0717875206,-0.0156888072
3.105388,-0.221603,-9.464392,-2.100331,0.0322651782,-0.0526314678,-0.0061107808
3.106437,-0.151951,-9.275238,-2.13876,0.0120449003,-0.0036771108,0.0002745701
3.107489,-0.216799,-9.663123,-1.684827,-0.0060469273,0.0239927432,0.0002745701
3.108504,-0.298459,-10.721425,-1.271723,-0.0007258016,0.0399561205,0.0024030204
3.109554,-0.826847,-10.323963,-0.539186,0.0258798273,0.0463414715,0.0077241462
3.110603,-1.07663,-9.430871,0.253395,0.0365220788,0.0303780942,0.0109168216
3.111653,-0.370512,-9.639179,0.462349,0.0322651782,0.0527268224,0.0141094971
3.11267,0.304383,-9.435659,0.721739,0.0226871518,0.139993285,0.0162379474
3.11372,0.061805,-9.399744,1.276546,0.0056595494,0.2070394697,0.0162379474
3.11477,-0.651518,-10.570581,1.994673,0.0014026488,0.1995898936,0.0151737222
3.115819,-0.819641,-10.697481,1.86738,0.0077879997,0.1474428611,0.0077241462
3.11687,-0.536233,-10.218611,1.968254,0.0173660261,0.0899747028,-0.0093034563
3.117886,-0.171166,-9.902557,2.501445,0.0194944764,0.0495341469,-0.0167530324
3.118935,0.35482,-8.798763,1.816943,0.00991645,0.0325065445,-0.0093034563
3.119985,0.347615,-9.059747,1.591177,-0.0017900267,0.0282496439,0.0002745701
3.121034,0.052198,-10.323963,1.139646,-0.017753404,0.0271854187,0.0045314707
3.122052,0.121849,-10.244949,-0.068441,-0.031588331,0.0271854187,-0.007175006
3.123101,-0.425752,-9.797206,-0.318224,0.0045953242,-0.0100624617,-0.0327164097
3.124151,-0.418547,-9.019043,-1.014735,0.0258798273,-0.0462461169,-0.0273952839
3.1252,-0.187978,-8.803551,-1.418231,0.0226871518,-0.0547599181,-0.0156888072
3.126218,-0.017453,-9.236928,-1.826531,0.0035310991,-0.0324111899,-0.0050465557
3.127267,-0.048676,-10.067767,-1.718451,-0.0092396028,-0.0047413359,-0.0007896551
3.128317,0.004163,-10.525088,-1.387008,-0.0071111525,0.015478942,0.0013387952
3.129369,-0.214397,-10.187485,-1.161242,0.0109806751,0.0325065445,0.0034672456
3.130416,-0.728374,-9.962416,-0.625649,0.0312009531,0.0388918954,0.006659921
3.131433,-0.517019,-9.900163,-0.097262,0.0397147543,0.0559194979,0.0109168216
3.132483,0.27316,-9.335097,0.154923,0.0365220788,0.1197730071,0.0151737222
3.133532,0.496524,-9.172281,0.54641,0.0216229267,0.2038467942,0.0194306229
3.134582,-0.16396,-10.13002,1.370215,0.0152375758,0.2347093237,0.0226232983
3.136649,-0.886891,-10.05819,1.58157,0.0322651782,0.1155161065,0.0045314707
3.1356,-0.850864,-10.458046,1.509517,0.0226871518,0.1942687678,0.0183663977
3.137699,-0.649116,-10.335934,2.097949,0.0450358801,0.043148796,-0.0061107808
3.138749,-0.12313,-9.57932,1.670435,0.0343936285,0.0048366905,-0.0039823305
3.139766,0.301982,-8.671862,1.627203,0.0088522248,-0.0058055611,0.0024030204
3.140815,0.121849,-9.787629,1.668033,-0.0134965034,-0.0079340114,0.0077241462
3.141867,0.124251,-10.659172,0.644883,-0.0337167813,0.001644015,0.0002745701
3.142914,0.097832,-10.513116,0.351868,-0.0347810065,0.0197358426,-0.0188814827
3.143964,-0.305664,-9.897769,0.332654,-0.0103038279,0.0101578162,-0.0305879594
3.144981,-0.54584,-8.999888,-0.390277,0.0226871518,-0.0334754151,-0.0305879594
3.14603,-0.452172,-8.782002,-0.933075,0.0354578537,-0.0717875206,-0.021009933
3.14708,-0.147148,-9.117211,-1.495087,0.0248156021,-0.06753062,-0.0061107808
3.148129,-0.334485,-10.484384,-1.02194,-0.0049827022,-0.0143193623,-0.0018538802
3.149147,-0.224004,-10.405371,-0.988316,0.0014026488,0.0048366905,-0.0061107808
3.150196,-0.435359,-9.691855,-0.438312,0.0173660261,0.0208000678,-0.0061107808
3.151248,-0.57226,-9.574532,-0.082851,0.0216229267,0.0261211936,-0.0007896551
3.152295,-0.048676,-9.770868,0.207762,0.0226871518,0.0644332991,0.0130452719
3.153313,0.316392,-9.2489,0.500777,0.0226871518,0.1453144108,0.0247517486
3.154364,-0.005444,-9.533828,0.558419,0.0067237745,0.2049110194,0.0258159738
3.155411,-0.509814,-10.771706,1.168467,0.0014026488,0.2144890457,0.020494848
3.156461,-0.810034,-10.776495,1.017156,0.0173660261,0.1921403175,0.0098525965
3.15751,-0.829248,-9.995937,1.216502,0.0269440524,0.1442501856,-0.0050465557
3.158528,-0.329682,-9.406927,1.54074,0.0258798273,0.1006169543,-0.0124961318
3.159578,0.232331,-8.872987,1.134842,0.0184302512,0.0782682261,-0.0061107808
3.160627,0.064207,-9.212985,1.463884,0.0067237745,0.0537910475,0.0109168216
3.161676,-0.310468,-10.340723,1.072396,-0.0028542519,0.015478942,0.0162379474
3.162694,-0.151951,-10.786072,0.349466,-0.0103038279,-0.0079340114,0.0002745701
3.163746,-0.106318,-10.247344,0.378287,-0.0081753776,-0.0132551371,-0.0231383833
3.164792,-0.430556,-9.442842,0.118897,0.0014026488,-0.0313469647,-0.03484486
3.165842,-0.493002,-8.949607,-0.09486,0.0077879997,-0.0600810439,-0.0295237342
3.16686,-0.209594,-8.870593,-0.361456,0.0056595494,-0.0685948451,-0.0146245821
3.167909,-0.017453,-9.143549,-0.971503,-0.0049827022,-0.0494387924,-0.0050465557
3.168959,-0.017453,-10.05819,-1.04836,-0.0145607286,-0.0270900641,-0.007175006
3.170008,0.124251,-10.889029,-0.664078,-0.0092396028,-0.012190912,-0.0103676814
3.171026,0.097832,-10.364667,-0.635257,0.0088522248,0.0005797899,-0.0082392311
3.172075,-0.216799,-9.265661,-0.481544,0.0216229267,0.0101578162,-0.0018538802
3.173125,-0.053479,-9.186647,-0.087655,0.0216229267,0.0367634451,0.0087883713
3.174174,0.414864,-9.801995,-0.133288,0.0184302512,0.1070023052,0.0226232983
3.175223,-0.14955,-10.144387,0.419117,0.0077879997,0.2379019991,0.0268801989
3.176243,-0.771606,-10.297625,0.565625,0.0152375758,0.2304524231,0.0151737222
3.17729,-0.901301,-10.11326,0.822613,0.0322651782,0.1804338408,0.0013387952
3.178339,-0.58667,-9.722981,1.055584,0.0524854561,0.1219014574,-0.0050465557
3.179389,-0.192781,-8.880171,1.050781,0.0535496813,0.0803966764,0.0013387952
3.180406,-0.115925,-8.916086,1.098816,0.0290725027,0.0463414715,0.0151737222
3.181456,-0.536233,-10.422131,1.259734,0.0035310991,0.0080293659,0.0236875235
3.182505,-0.66833,-11.056633,0.834622,-0.0188176292,-0.0249616138,0.0130452719
3.183555,-0.111121,-10.197062,0.594446,-0.0326525562,-0.0345396402,-0.0167530324
3.184572,0.097832,-9.754108,0.640079,-0.0262672052,-0.0207047132,-0.0391017606
3.185624,-0.365708,-9.392561,0.507982,-0.0017900267,-0.0185762629,-0.0369733103
3.186671,-0.598679,-8.377357,0.178941,0.0152375758,-0.0483745672,-0.021009933
3.18772,-0.303262,-8.616792,-0.637658,0.0120449003,-0.074980196,-0.0050465557
3.18877,-0.096711,-10.297625,-0.901852,0.0045953242,-0.0717875206,0.0013387952
3.189787,-0.118327,-10.991986,-0.582418,0.0024668739,-0.061145269,-0.0050465557
3.190837,-0.005444,-10.505933,-0.366259,0.0014026488,-0.0579525936,-0.0156888072
3.191886,-0.017453,-9.742136,-0.082851,0.00991645,-0.0387965408,-0.0167530324
3.192935,-0.151951,-8.719749,-0.003593,0.0141733506,-0.0047413359,-0.0061107808
3.193953,0.121849,-8.882565,-0.049227,0.0067237745,0.0410203457,0.0087883713
3.195002,0.441284,-9.861853,0.08287,0.0024668739,0.1133876562,0.0247517486
3.197101,-0.579465,-10.819593,0.061255,0.0067237745,0.2081036948,0.020494848
3.196052,0.081019,-10.266498,0.075665,0.0045953242,0.1846907414,0.0311370995
3.198122,-0.742785,-10.841142,0.166932,0.0184302512,0.195332993,0.0045314707
3.199168,-0.603483,-9.82115,0.28702,0.0407789794,0.1783053905,-0.0093034563
3.200218,-0.442565,-8.702989,0.498375,0.0461001052,0.1655346887,-0.0082392311
3.201267,-0.406538,-9.768474,1.079602,0.0131091254,0.1091307555,0.0194306229
3.202317,-0.848462,-11.288885,1.206895,0.0045953242,0.0356992199,0.0226232983
3.203334,-0.483395,-10.582552,0.692918,-0.003918477,-0.0217689384,0.0002745701
3.204384,-0.180773,-9.72777,0.829818,-0.0092396028,-0.0377323157,-0.0284595091
3.205433,-0.377717,-9.82115,0.87305,-0.0081753776,-0.0356038654,-0.0359090851
3.206482,-0.344092,-9.327914,0.640079,-0.0081753776,-0.0270900641,-0.0263310588
3.2075,-0.091907,-8.317499,0.512786,-0.0166891789,-0.0153835874,-0.0146245821
3.208549,-0.029462,-8.916086,0.051647,-0.0273314304,-0.0153835874,-0.0103676814
3.209599,-0.089506,-10.786072,0.032433,-0.0220103046,-0.0302827396,-0.0114319066
3.210648,0.138662,-11.030296,-0.027611,-0.0049827022,-0.0409249911,-0.0135603569
3.211666,0.229929,-9.739742,-0.250975,0.0120449003,-0.0377323157,-0.0146245821
3.212715,-0.065488,-9.13876,-0.13569,0.0205587015,-0.0334754151,-0.0103676814
3.213765,0.157876,-9.315942,-0.431107,0.0131091254,-0.0047413359,0.0034672456
3.214814,0.662246,-9.543405,-0.697702,-0.0007258016,0.0676259745,0.0215590732
3.215866,0.501328,-9.718193,-0.575212,-0.0145607286,0.1474428611,0.0300728744
3.216881,-0.022256,-10.362272,-0.416696,-0.0145607286,0.1889476421,0.0258159738
3.21793,-0.466582,-11.190717,-0.198136,0.0109806751,0.1932045427,0.0151737222
3.21898,-0.610688,-10.369455,-0.145297,0.0439716549,0.1772411654,0.0034672456
3.220029,-0.432958,-8.822706,-0.198136,0.0663203831,0.1623420132,-0.0018538802
3.221047,-0.329682,-8.298344,-0.030012,0.0641919328,0.1591493378,0.0045314707
3.222096,-0.533832,-8.930452,0.366278,0.0429074297,0.139993285,0.020494848
3.223146,-1.021389,-10.687904,1.038772,0.0184302512,0.0718828752,0.0279444241
3.224195,-1.095844,-11.470856,1.245323,-0.0017900267,-0.0249616138,0.0151737222
3.225213,-0.536233,-10.637622,0.959514,-0.0156249537,-0.0845582224,-0.0146245821
3.226262,-0.175969,-9.586503,1.264537,-0.0230745298,-0.0834939973,-0.03484486
3.227312,-0.048676,-8.966367,0.793792,-0.0188176292,-0.0281542893,-0.0146245821
3.228361,-0.039069,-9.394955,0.69532,-0.0134965034,-0.012190912,-0.0007896551
3.229379,0.069011,-9.325519,0.032433,-0.003918477,-0.0111266868,-0.0061107808
3.230428,-0.058283,-10.53706,0.296627,0.0109806751,-0.0270900641,-0.0199457078
3.231478,-0.31287,-11.420574,0.49117,0.0248156021,-0.0515672427,-0.021009933
3.232527,-0.444966,-9.768474,0.241387,0.0312009531,-0.0664663948,-0.0156888072
3.233577,-0.250424,-8.260034,0.193351,0.0216229267,-0.0590168187,-0.0093034563
3.234594,0.443686,-8.884959,-0.262983,-0.003918477,-0.0143193623,0.0024030204
3.235643,0.842378,-9.780446,-0.534382,-0.0220103046,0.0686901997,0.0162379474
3.236693,0.474908,-10.120443,-0.791371,-0.0241387549,0.1516997617,0.0215590732
3.237745,-0.173567,-10.635228,-0.505561,-0.0081753776,0.1868191918,0.0173021725
3.23876,-0.579465,-10.750157,-0.277394,0.0248156021,0.1687273641,0.0087883713
3.23981,-0.673134,-10.417342,-0.568007,0.0556781316,0.1495713114,0.0013387952
3.240859,-0.622697,-9.483546,-0.351849,0.0663203831,0.1570208875,0.0024030204
3.241909,-0.332084,-7.98229,-0.467133,0.0439716549,0.1687273641,0.0077241462
3.242926,-0.365708,-8.60482,0.114093,0.0077879997,0.1559566623,0.0130452719
3.243976,-1.014184,-11.070999,1.03637,-0.0103038279,0.0974242788,0.0183663977
3.245025,-1.15829,-11.499588,0.928291,-0.0145607286,0.0101578162,0.0087883713
3.246075,-0.819641,-10.367061,1.293359,-0.003918477,-0.0547599181,-0.0146245821
3.247126,-0.6275,-9.251295,1.473491,0.0035310991,-0.081365547,-0.0284595091
3.248142,-0.344092,-8.664679,1.206895,-0.0049827022,-0.0771086464,-0.0273952839
3.249191,-0.019855,-9.490729,1.456678,-0.0166891789,-0.0494387924,-0.0167530324
3.250243,0.263553,-9.543405,1.113226,-0.0283956555,-0.0132551371,-0.0103676814
3.25129,0.297178,-9.399744,0.779381,-0.0369094568,0.0059009156,-0.0199457078
3.252307,0.069011,-11.035084,1.168467,-0.0283956555,-0.0004844353,-0.0284595091
3.253357,-0.288852,-8.341442,0.282217,0.0131091254,-0.0356038654,-0.0135603569
3.254406,-0.003042,-8.140317,-0.190931,0.0067237745,-0.0473103421,-0.0061107808
3.255456,0.897619,-9.938473,-1.312553,-0.0081753776,0.0048366905,0.0077241462
3.256474,1.10417,-10.924944,-1.615175,-0.0198818543,0.1165803316,0.0183663977
3.257523,0.441284,-10.786072,-1.32216,-0.0209460795,0.1963972181,0.0162379474
3.258572,-0.118327,-10.340723,-1.14443,0.0014026488,0.1995898936,0.006659921
3.259624,-0.430556,-10.039035,-0.997923,0.0418432046,0.167663139,-0.0018538802
3.260671,-0.507412,-9.495518,-0.889843,0.0705772837,0.1580851126,0.0013387952
3.261689,-0.236013,-8.03736,-0.635257,0.0705772837,0.1793696157,0.0151737222
3.262741,-0.363307,-7.958346,-0.529579,0.0492927807,0.1804338408,0.0268801989
3.263788,-1.23995,-10.838748,0.349466,0.0290725027,0.1197730071,0.0332655499
3.264837,-1.602616,-12.294512,0.928291,0.0184302512,0.0186716175,0.0215590732
3.265855,-1.052612,-10.869874,0.861041,0.0035310991,-0.0632737194,-0.0124961318
3.266904,-0.560251,-9.541011,1.694453,-0.0166891789,-0.0941362488,-0.0359090851
3.267954,-0.324878,-8.896931,1.929825,-0.0305241059,-0.0792370967,-0.0305879594
3.270022,0.126653,-8.930452,1.831353,-0.0337167813,-0.0281542893,0.0013387952
3.271071,0.289973,-9.201013,1.130039,-0.0188176292,-0.0185762629,-0.0029181054
3.269004,-0.154353,-8.870593,1.860174,-0.0358452316,-0.0505030175,-0.0124961318
3.272123,0.011368,-10.910578,0.976326,0.0014026488,-0.0292185144,-0.0188814827
3.27317,-0.228808,-11.818036,1.048379,0.0205587015,-0.0483745672,-0.0284595091
3.274219,-0.324878,-9.658334,0.6689,0.0301367279,-0.0632737194,-0.0284595091
3.275237,-0.269638,-7.594405,0.210164,0.0184302512,-0.0664663948,-0.0220741581
3.276286,0.301982,-8.561722,-0.31342,-0.0092396028,-0.0409249911,-0.0050465557
3.277336,0.962466,-10.331146,-1.012333,-0.0305241059,0.0314423193,0.0151737222
3.278385,0.292375,-10.750157,-1.081984,-0.0113680531,0.1772411654,0.0109168216
3.279403,-0.358503,-10.407765,-0.89945,0.0301367279,0.1527639868,0.0013387952
3.280452,-0.550644,-9.591292,-1.221286,0.0631277077,0.1293510335,-0.0007896551
3.281503,-0.384922,-8.95679,-1.331768,0.0663203831,0.1697915893,0.0077241462
3.282552,-0.375315,-8.317499,-0.935477,0.0418432046,0.2251312973,0.020494848
3.28357,-0.906105,-9.196225,-0.224555,0.0109806751,0.2102321451,0.0268801989
3.284621,-1.420082,-11.068605,0.570428,-0.0017900267,0.1219014574,0.0226232983
3.285668,-1.369645,-11.173956,0.865845,0.0014026488,0.0186716175,0.0045314707
3.286718,-1.028595,-10.474807,1.257332,0.0045953242,-0.0568883684,-0.0167530324
3.287767,-0.656321,-10.055796,1.749693,0.0035310991,-0.0856224476,-0.0242026084
3.288785,-0.264834,-8.983127,1.641614,-0.0071111525,-0.0664663948,-0.0178172575
3.289834,0.023377,-8.324682,1.771309,-0.0262672052,-0.0270900641,-0.0093034563
3.290884,0.030582,-9.081296,2.117163,-0.0337167813,-0.0068697862,-0.007175006
3.291933,-0.019855,-10.295231,1.845764,-0.0283956555,-0.0196404881,-0.0135603569
3.292951,0.148269,-11.140436,1.471089,-0.0081753776,-0.0334754151,-0.0263310588
3.294001,0.114644,-10.496356,1.202092,0.0120449003,-0.0313469647,-0.03484486
3.29505,-0.175969,-8.784397,0.577633,0.00991645,-0.0345396402,-0.0305879594
3.2961,0.052198,-8.499469,-0.207743,-0.0071111525,-0.0377323157,-0.0167530324
3.29712,0.751111,-9.490729,-1.053163,-0.0220103046,0.0037724653,0.0024030204
3.298167,1.092161,-9.849882,-1.631988,-0.031588331,0.0878462525,0.0119810468
3.299216,0.671853,-10.630439,-1.684827,-0.0252029801,0.153828212,0.0087883713
3.300266,-0.065488,-11.521137,-1.30775,0.0088522248,0.1623420132,0.0055956959
3.301283,-0.461779,-10.110866,-1.202072,0.051421231,0.126158358,0.0055956959
3.302333,-0.399333,-8.358203,-1.672818,0.0641919328,0.112323431,0.0045314707
3.303382,-0.269638,-8.427639,-1.52631,0.0535496813,0.1602135629,0.0130452719
3.304432,-1.098246,-10.04143,0.078067,0.0152375758,0.1836265163,0.0322013247
3.305481,-1.720302,-11.068605,0.769774,0.0131091254,0.0814609015,0.0194306229
3.306501,-1.593009,-11.21466,1.060388,0.0152375758,-0.0334754151,-0.0050465557
3.307548,-0.889292,-10.731002,1.680042,0.0141733506,-0.0973289243,-0.0242026084
3.308598,-0.252825,-9.258478,1.920218,-0.0017900267,-0.0856224476,-0.0231383833
3.309647,0.09543,-8.21933,2.040307,-0.0241387549,-0.0462461169,-0.0146245821
3.310665,0.174688,-9.129183,2.381357,-0.0369094568,-0.0217689384,-0.0082392311
3.311715,0.234732,-10.084528,2.030699,-0.0358452316,-0.0111266868,-0.007175006
3.312764,0.289973,-10.077345,1.78572,-0.0188176292,-0.012190912,-0.0167530324
3.313814,0.112242,-10.034247,1.435062,0.0003384236,-0.0228331635,-0.0295237342
3.314831,-0.10872,-9.900163,0.969121,0.0120449003,-0.0473103421,-0.0295237342
3.31588,0.032984,-9.356646,0.423921,0.0088522248,-0.0707232954,-0.0156888072
3.31693,0.542158,-9.08369,-0.625649,-0.0060469273,-0.0473103421,-0.0007896551
3.317979,0.878405,-9.505095,-1.192465,-0.0241387549,0.0314423193,0.006659921
3.319029,0.68146,-10.436497,-1.680023,-0.0305241059,0.1091307555,0.0098525965
3.320046,0.143465,-10.917761,-1.708844,-0.0092396028,0.1442501856,0.0087883713
3.321096,-0.396931,-10.153964,-1.408624,0.0290725027,0.1357363844,0.0055956959
3.322146,-0.603483,-9.351857,-1.706442,0.0546139064,0.1133876562,0.0055956959
3.323195,-0.53143,-8.992705,-1.519105,0.0620634825,0.1250941328,0.0109168216
3.324212,-0.442565,-8.518624,-1.391812,0.0492927807,0.167663139,0.020494848
3.325262,-0.617893,-9.253689,-0.85862,0.0258798273,0.1910760924,0.0279444241
3.326311,-1.316806,-10.869874,0.202958,0.0173660261,0.1559566623,0.0247517486
3.327361,-1.715499,-11.336772,0.589642,0.0173660261,0.0697544249,0.006659921
3.328379,-1.189513,-10.721425,1.473491,0.0088522248,-0.0238973887,-0.0167530324
3.329428,-0.500207,-9.684672,1.862576,0.0024668739,-0.0632737194,-0.0220741581
3.330478,-0.04147,-9.196225,2.390964,-0.0241387549,-0.0281542893,-0.0007896551
3.331527,0.174688,-9.746925,2.455811,-0.0252029801,-0.0228331635,0.0034672456
3.332577,0.371633,-9.57932,1.932227,-0.0156249537,-0.0164478126,-0.0093034563
3.333594,0.191501,-10.496356,1.98987,-0.0017900267,-0.0132551371,-0.0273952839
3.334644,-0.091907,-11.015929,1.833755,0.0109806751,-0.0249616138,-0.0284595091
3.335693,-0.055881,-8.810734,0.839425,0.0120449003,-0.0430534414,-0.0199457078
3.336745,0.13626,-8.046937,-0.020405,-0.0060469273,-0.0483745672,-0.0146245821
3.33776,0.458096,-9.991148,-0.54399,-0.0262672052,-0.0175120377,-0.0029181054
3.338809,0.724692,-10.400582,-1.399017,-0.0283956555,0.0505983721,0.0055956959
3.339859,0.522944,-9.957627,-1.831334,-0.0113680531,0.1091307555,0.0002745701
3.340908,-0.063086,-10.458046,-1.610372,0.0131091254,0.1197730071,-0.0029181054
3.341926,-0.646714,-10.089317,-1.598363,0.0386505291,0.098488504,0.0002745701
3.342975,-0.759597,-9.35904,-1.643997,0.0503570058,0.084653577,0.0045314707
3.344024,-0.339289,-8.856227,-1.439847,0.0439716549,0.112323431,0.0130452719
3.345074,-0.103916,-8.485103,-1.341375,0.0258798273,0.1612777881,0.0215590732
3.346126,-0.567456,-9.957627,-0.647265,0.0045953242,0.1761769402,0.0247517486
3.347141,-1.237548,-11.312829,0.435929,0.0067237745,0.1389290598,0.0183663977
3.348191,-1.489733,-10.814804,0.892264,0.0216229267,0.0612406236,-0.0007896551
3.349242,-1.119862,-10.501145,1.557552,0.0216229267,-0.0217689384,-0.0167530324
3.35029,-0.363307,-9.766079,1.905808,0.00991645,-0.0494387924,-0.0156888072
3.351307,0.035386,-8.492286,2.064324,-0.0060469273,-0.0302827396,-0.007175006
3.352356,-0.113523,-9.136366,2.897736,-0.0209460795,-0.0217689384,-0.0029181054
3.353406,0.028181,-10.237766,2.599917,-0.0283956555,-0.0228331635,-0.0039823305
3.354455,0.390847,-10.043824,2.061922,-0.0220103046,-0.0058055611,-0.0178172575
3.355473,0.193902,-10.04143,2.194019,-0.0134965034,-0.0004844353,-0.0295237342
3.356522,0.184295,-8.904114,0.438331,-0.0092396028,-0.0366680905,-0.0156888072
3.357571,0.491721,-9.119605,-0.505561,-0.0145607286,-0.0153835874,-0.0050465557
3.358623,0.631023,-10.086922,-1.305348,-0.0273314304,0.0314423193,0.0024030204
3.359639,0.551765,-10.297625,-1.768888,-0.0209460795,0.0835893518,0.0013387952
3.360688,0.174688,-10.489173,-2.114742,0.0035310991,0.112323431,-0.0029181054
3.361737,-0.320075,-10.391004,-1.855352,0.0322651782,0.1059380801,-0.0007896551
3.362787,-0.581867,-9.256083,-1.953824,0.0503570058,0.0889104776,0.0045314707
3.363836,-0.560251,-8.700594,-2.100331,0.0482285555,0.0931673782,0.0098525965
3.364853,-0.452172,-8.851438,-1.540721,0.0397147543,0.1197730071,0.0194306229
3.365903,-0.514618,-9.502701,-1.262116,0.0290725027,0.1410575101,0.0258159738
3.366953,-0.956542,-10.577764,-0.452723,0.023751377,0.1346721592,0.0236875235
3.368002,-1.470519,-10.819593,0.452742,0.0301367279,0.0878462525,0.0098525965
3.36902,-1.37685,-10.872269,0.949907,0.0354578537,0.0122862666,-0.0093034563
3.370069,-0.608286,-10.297625,1.562356,0.023751377,-0.0345396402,-0.0135603569
3.371121,-0.005444,-8.827495,2.090744,0.0088522248,-0.0356038654,-0.0050465557
3.372168,0.011368,-8.920874,2.921753,0.0003384236,-0.0356038654,0.0013387952
3.373185,0.239536,-9.845093,2.93136,-0.0113680531,-0.0334754151,0.0013387952
3.374235,0.532551,-10.010303,2.575899,-0.0145607286,-0.0132551371,-0.007175006
3.375285,0.114644,-10.268893,2.722407,-0.0071111525,-0.0047413359,-0.0199457078
3.376334,-0.118327,-10.170724,1.985066,-0.003918477,-0.0228331635,-0.0242026084
3.377383,0.085823,-9.196225,1.134842,-0.0017900267,-0.0313469647,-0.0199457078
3.378401,0.184295,-8.746087,0.371082,-0.0092396028,-0.0270900641,-0.0114319066
3.37945,0.407659,-9.648756,-0.748139,-0.0252029801,0.001644015,-0.0061107808
3.380502,0.410061,-10.503539,-1.118011,-0.0198818543,0.0580479482,-0.0029181054
3.381549,0.008967,-10.185091,-1.44465,0.0056595494,0.0910389279,-0.0039823305
3.382567,-0.605884,-9.696643,-1.862557,0.0471643304,0.0591121733,-0.0050465557
3.383618,-0.675536,-9.157915,-2.033082,0.0471643304,0.0537910475,0.0045314707
3.384665,-0.476189,-8.940029,-1.814522,0.0301367279,0.0676259745,0.0130452719
3.385715,-0.36811,-9.426082,-1.425436,0.0088522248,0.1006169543,0.0173021725
3.386732,-0.536233,-10.209034,-1.125216,-0.0028542519,0.1336079341,0.0162379474
3.387782,-1.038202,-10.764523,-0.104467,0.0056595494,0.1346721592,0.0077241462
3.388831,-1.333618,-10.836353,0.683311,0.0205587015,0.0910389279,-0.0050465557
3.389881,-0.812436,-9.93129,1.209297,0.0248156021,0.0410203457,-0.0124961318
3.39093,-0.202388,-8.95679,1.692051,0.0173660261,0.0186716175,-0.0103676814
3.391948,-0.16396,-9.608052,2.441401,0.0120449003,0.0048366905,-0.0018538802
3.392999,-0.159157,-10.290442,2.996208,0.0024668739,-0.0153835874,0.0034672456
3.394046,0.205911,-9.675094,2.683979,-0.0166891789,-0.0207047132,-0.0029181054
3.395096,0.316392,-9.552982,2.683979,-0.0252029801,-0.0068697862,-0.0199457078
3.396113,-0.02706,-10.27847,2.616729,-0.0241387549,-0.0068697862,-0.0295237342
3.397163,-0.070292,-9.981571,1.915415,-0.0241387549,-0.0217689384,-0.0252668336
3.398213,0.268357,-8.841861,0.971522,-0.0262672052,-0.0217689384,-0.0178172575
3.399262,0.467703,-8.68144,0.058853,-0.0305241059,-0.0047413359,-0.0124961318
3.400279,0.51814,-9.488335,-0.892245,-0.031588331,0.0208000678,-0.007175006
3.401329,0.532551,-10.704664,-1.711246,-0.0188176292,0.0580479482,-0.0007896551
3.40238,0.265955,-11.092549,-2.045091,0.00991645,0.0931673782,0.0034672456
3.403428,-0.236013,-9.904952,-2.318892,0.0354578537,0.0995527292,0.0024030204
3.404477,-0.401735,-9.038198,-2.446185,0.0439716549,0.0921031531,-0.0018538802
3.405497,-0.166362,-9.313548,-2.811253,0.0418432046,0.1133876562,0.0024030204
3.406544,-0.264834,-9.162704,-2.515836,0.0312009531,0.1548924371,0.0151737222
3.407593,-0.74999,-8.80834,-1.591158,0.0205587015,0.1665989138,0.0226232983
3.408643,-1.511349,-11.688741,0.200557,0.0546139064,0.0740113255,0.0130452719
3.40966,-1.304797,-11.04945,0.556018,0.072705734,0.0048366905,0.0013387952
3.41071,-0.500207,-9.100451,0.760167,0.0482285555,-0.0281542893,-0.0061107808
3.41176,-0.075095,-8.49468,2.463017,0.0226871518,-0.0313469647,-0.0029181054
3.412809,-0.130336,-9.806783,3.351669,0.0109806751,-0.0483745672,0.0034672456
3.413826,0.280366,-10.826776,3.173938,-0.0124322782,-0.0590168187,0.0034672456
3.414877,0.621416,-10.300019,3.197956,-0.0220103046,-0.0302827396,-0.0039823305
3.415925,0.198706,-9.332702,2.993806,-0.0220103046,-0.0079340114,-0.0167530324
3.416975,-0.005444,-9.339885,2.487034,-0.0220103046,-0.0185762629,-0.0242026084
3.418025,0.222723,-9.675094,1.780916,-0.0092396028,-0.026025839,-0.0188814827
3.419042,0.287571,-9.409322,0.589642,-0.0028542519,-0.0143193623,-0.0093034563
3.420091,0.263553,-9.349463,-0.428705,-0.0134965034,-0.0026128856,-0.007175006
3.421141,0.179492,-10.120443,-1.108404,-0.0103038279,0.0144147169,-0.0082392311
3.42219,-0.187978,-10.905789,-1.665612,0.0088522248,0.0399561205,-0.0082392311
3.423208,-0.562653,-10.242555,-1.538319,0.0322651782,0.0484699218,-0.007175006
3.424257,-0.557849,-8.724538,-1.569542,0.0492927807,0.029313869,-0.0082392311
3.425307,-0.346494,-8.650313,-2.218018,0.0461001052,0.0208000678,-0.0050465557
3.426356,-0.305664,-9.622419,-2.302079,0.0258798273,0.0580479482,0.0055956959
3.427377,-0.509814,-9.41411,-1.716049,0.0035310991,0.1080665304,0.0173021725
3.428423,-0.824445,-9.435659,-1.278929,-0.0103038279,0.1250941328,0.0173021725
3.429473,-1.153486,-11.231421,-0.479142,0.0003384236,0.1144518813,0.0098525965
3.430522,-1.163093,-11.820431,0.479161,0.0258798273,0.0931673782,-0.0007896551
3.43154,-0.632304,-9.677489,0.596847,0.023751377,0.0761397758,-0.0093034563
3.432589,-0.127934,-8.082852,1.211699,0.0024668739,0.0761397758,-0.0082392311
3.433639,-0.202388,-9.440448,2.554284,0.0003384236,0.0665617494,0.0034672456
3.434689,0.143465,-9.991148,2.80887,-0.0049827022,0.0037724653,0.0055956959
3.435738,0.004163,-9.718193,2.868914,-0.0060469273,-0.0079340114,-0.0146245821
3.436755,-0.284048,-10.359878,2.943369,-0.0092396028,-0.0270900641,-0.0284595091
3.437805,0.071412,-10.065373,2.29009,-0.017753404,-0.0313469647,-0.0263310588
3.438854,0.414864,-8.633553,1.545544,-0.0294598807,-0.0068697862,-0.0188814827
3.439904,0.414864,-8.178626,0.589642,-0.0496801586,0.0080293659,-0.0156888072
3.440921,0.374034,-9.888191,-0.488749,-0.059258185,0.0165431672,-0.0135603569
3.441971,0.306785,-11.339167,-1.009931,-0.031588331,0.0420845709,-0.0082392311
3.44302,0.083421,-10.6472,-1.629586,0.0088522248,0.0580479482,-0.0082392311
3.444069,-0.120729,-9.268055,-2.321294,0.0365220788,0.0410203457,-0.0124961318
3.445087,-0.051077,-8.784397,-3.053831,0.0407789794,0.0410203457,-0.0124961318
3.446136,-0.010247,-9.411716,-3.512568,0.0248156021,0.0857178022,-0.0007896551
3.447186,-0.36811,-9.775657,-2.712781,0.00991645,0.1282868083,0.0151737222
3.448235,-0.699553,-9.366223,-2.001859,0.0056595494,0.1314794838,0.0236875235
3.449285,-0.884489,-10.137204,-1.559935,0.0216229267,0.1112592058,0.0194306229
3.450302,-1.189513,-11.300857,-0.411893,0.0556781316,0.0803966764,0.0119810468
3.451352,-0.982961,-10.101288,0.270208,0.0748341844,0.0484699218,0.0055956959
3.452401,-0.274441,-8.315104,0.700123,0.0663203831,0.0442130212,0.0024030204
3.453451,-0.168764,-9.239323,2.20843,0.0524854561,0.0410203457,0.0087883713
3.454468,-0.363307,-10.999169,3.209965,0.0333294034,0.001644015,0.0162379474
3.455518,0.004163,-10.563398,3.181144,0.0003384236,-0.0377323157,0.0109168216
3.456567,0.21792,-9.675094,3.469355,-0.0220103046,-0.039860766,-0.0082392311
3.457619,-0.070292,-10.034247,3.587041,-0.0358452316,-0.0302827396,-0.0220741581
3.458634,0.04019,-9.842699,3.099484,-0.0401021322,-0.0249616138,-0.0199457078
3.459684,0.393249,-8.947212,1.951441,-0.0326525562,-0.0175120377,-0.0135603569
3.460733,0.438882,-9.780446,-0.070842,-0.0252029801,-0.0026128856,-0.0093034563
3.461783,0.287571,-10.115654,-1.168448,-0.0081753776,0.0197358426,-0.0103676814
3.462833,-0.353699,-10.580158,-1.288536,0.0173660261,0.0218642929,-0.0114319066
3.46385,-0.69475,-10.070162,-1.600765,0.0439716549,-0.0015486604,-0.0124961318
3.464899,-0.529028,-8.80834,-1.956226,0.0546139064,-0.0217689384,-0.0146245821
3.465949,-0.228808,-8.683834,-2.11234,0.0407789794,-0.0143193623,-0.0082392311
3.467001,-0.175969,-9.445237,-2.571077,0.0163018009,0.0208000678,0.006659921
3.468016,-0.536233,-10.01988,-2.088323,-0.0028542519,0.0644332991,0.0173021725
3.469066,-0.865275,-10.05819,-1.540721,-0.0092396028,0.0963600537,0.0141094971
3.470117,-1.119862,-10.285653,-0.882638,0.0024668739,0.1006169543,0.0034672456
3.471164,-1.316806,-11.051845,0.270208,0.0258798273,0.0761397758,-0.0029181054
3.472182,-0.788418,-10.144387,0.433528,0.0290725027,0.07081865,-0.0018538802
3.473231,-0.017453,-8.183415,0.911478,0.0109806751,0.1038096298,0.0013387952
3.474281,-0.046274,-8.913691,2.37175,0.0014026488,0.112323431,0.0055956959
3.47533,-0.224004,-11.114098,2.967387,-0.0028542519,0.07081865,0.0109168216
3.47638,0.052198,-10.891423,2.736818,-0.0060469273,0.0378276702,0.0077241462
3.477398,0.032984,-9.552982,2.888129,-0.0081753776,0.0229285181,-0.0093034563
3.478447,-0.192781,-9.790023,3.034636,-0.0113680531,0.0027082402,-0.0231383833
3.479499,0.069011,-9.78284,2.491838,-0.0145607286,-0.0036771108,-0.0199457078
3.480546,0.378838,-9.054958,1.833755,-0.0198818543,0.0069651408,-0.0135603569
3.481563,0.410061,-9.007071,1.156458,-0.0337167813,0.0133504917,-0.0114319066
3.482613,0.38124,-9.315942,-0.042021,-0.0443590329,0.0122862666,-0.0146245821
3.483662,0.167483,-10.632834,-0.788969,-0.0326525562,0.0069651408,-0.0178172575
3.484711,-0.144746,-11.389448,-1.262116,-0.0028542519,0.0069651408,-0.0146245821
3.485729,-0.28645,-9.538616,-2.009064,0.023751377,0.0112220414,-0.0146245821
3.486778,0.143465,-8.913691,-3.2844,0.0173660261,0.0346349948,-0.0114319066
3.487828,-0.10872,-10.110866,-3.12108,-0.0007258016,0.0772040009,0.0024030204
3.488878,-0.69475,-10.012697,-2.17959,-0.0060469273,0.0974242788,0.0151737222
3.489894,-0.860471,-10.024669,-1.576747,0.0088522248,0.084653577,0.0151737222
3.490944,-0.956542,-10.879452,-0.849013,0.0418432046,0.0623048488,0.0077241462
3.491996,-0.966149,-10.908184,-0.279796,0.0631277077,0.0537910475,0.0045314707
3.493043,-0.411342,-8.849044,0.366278,0.0492927807,0.0750755506,0.0055956959
3.494092,0.04019,-7.570462,1.298162,0.0312009531,0.1027454046,0.006659921
3.49511,-0.356101,-9.967205,2.964985,0.0301367279,0.0761397758,0.0119810468
3.496159,-0.468984,-11.894655,3.635077,0.0216229267,0.001644015,0.0173021725
3.497209,0.121849,-10.558609,2.861709,0.0077879997,-0.039860766,0.0055956959
3.498259,-0.079899,-9.538616,3.531801,-0.0007258016,-0.0451818917,-0.0178172575
3.499276,-0.238415,-9.74453,3.320446,-0.0220103046,-0.0515672427,-0.0252668336
3.500326,0.534953,-9.438054,2.131573,-0.0432948077,-0.0228331635,-0.0167530324
3.501378,0.679058,-8.810734,1.773711,-0.0486159335,0.029313869,-0.0082392311
3.502425,0.268357,-8.949607,0.344662,-0.0550012844,0.0410203457,-0.0093034563
3.503442,0.153072,-10.297625,-0.51757,-0.0443590329,0.0282496439,-0.0156888072
3.504494,-0.154353,-11.200294,-0.839406,-0.0007258016,0.0218642929,-0.0188814827
3.505541,-0.649116,-10.300019,-1.545524,0.037586304,-0.0068697862,-0.0220741581
3.50659,-0.706758,-8.80834,-1.598363,0.0546139064,-0.0494387924,-0.0242026084
3.50764,-0.175969,-8.291161,-2.554264,0.0450358801,-0.0515672427,-0.0188814827
3.508657,0.148269,-9.45242,-3.053831,0.0109806751,-0.0004844353,-0.0039823305
3.509707,-0.19038,-10.295231,-2.210812,-0.0156249537,0.0559194979,0.0130452719
3.510756,-0.742785,-9.904952,-1.785701,-0.0209460795,0.0740113255,0.0173021725
3.511805,-1.273574,-10.769312,-0.178922,0.0301367279,0.0335707696,0.0034672456
3.512823,-0.79082,-9.991148,0.258199,0.0439716549,0.0463414715,0.0002745701
3.513875,-0.072693,-8.525807,0.75056,0.0248156021,0.1016811795,0.0045314707
3.514922,0.141064,-8.585666,1.492705,-0.0007258016,0.1580851126,0.0098525965
3.515971,-0.459377,-10.893818,2.693586,-0.0071111525,0.1495713114,0.0130452719
3.516989,-0.639509,-11.509165,2.921753,-0.0113680531,0.0825251267,0.0109168216
3.518038,-0.130336,-9.895374,2.777648,-0.0081753776,0.0282496439,-0.0050465557
3.519088,0.011368,-9.514673,2.907343,-0.0028542519,0.0090935911,-0.0220741581
3.520137,0.133858,-9.845093,2.705595,-0.0081753776,0.0037724653,-0.021009933
3.521187,0.568577,-9.41411,2.057119,-0.017753404,0.0186716175,-0.0103676814
3.522204,0.674255,-8.86341,1.149253,-0.0337167813,0.043148796,-0.0061107808
3.523253,0.352419,-9.165098,0.351868,-0.0475517083,0.0452772463,-0.0103676814
3.524303,-0.031863,-10.359878,-0.39508,-0.0390379071,0.0250569684,-0.0156888072
3.525353,-0.296057,-10.901001,-0.849013,-0.0060469273,-0.0015486604,-0.0178172575
3.526372,-0.526626,-10.007909,-1.384606,0.0269440524,-0.0334754151,-0.0178172575
3.527419,-0.418547,-8.578483,-2.021073,0.0343936285,-0.053695693,-0.0178172575
3.528469,0.081019,-8.552145,-2.722388,0.0141733506,-0.0377323157,-0.0114319066
3.529518,0.174688,-9.94805,-2.842476,-0.0103038279,0.0090935911,0.0002745701
3.530536,-0.252825,-10.398188,-2.186795,-0.0198818543,0.0559194979,0.0119810468
3.532635,-0.855668,-10.386216,-1.106002,0.0163018009,0.056983723,0.0077241462
3.531585,-0.634706,-10.15157,-1.800111,-0.0124322782,0.0697544249,0.0141094971
3.533684,-0.85807,-10.419737,-0.366259,0.0471643304,0.0527268224,0.0045314707
3.534734,-0.372914,-9.296787,0.142914,0.0503570058,0.0793324512,0.006659921
3.535753,0.184295,-8.149894,0.620865,0.0322651782,0.1293510335,0.0087883713
3.53785,-0.687544,-11.04945,3.01302,0.0131091254,0.0144147169,0.0130452719
3.536801,-0.048676,-9.306365,1.732881,0.0226871518,0.1485070862,0.0109168216
3.5389,-0.380119,-10.197062,3.099484,0.0088522248,-0.0526314678,-0.0029181054
3.539917,0.04019,-9.952839,2.943369,-0.003918477,-0.0643379445,-0.0135603569
3.540967,0.546961,-9.172281,2.602319,-0.0252029801,-0.0302827396,-0.0114319066
3.542016,0.746308,-8.731721,1.961048,-0.045423258,0.0165431672,-0.0061107808
3.543066,0.482114,-9.162704,0.87305,-0.0571297347,0.0527268224,-0.0050465557
3.544083,0.018574,-9.897769,0.212566,-0.0486159335,0.0516625972,-0.0082392311
3.545133,-0.317673,-10.450863,-0.637658,-0.0188176292,0.015478942,-0.0156888072
3.546182,-0.565055,-10.486778,-1.233295,0.0184302512,-0.0238973887,-0.0231383833
3.547232,-0.704357,-9.682277,-1.401419,0.0450358801,-0.0558241433,-0.0231383833
3.548281,-0.377717,-8.621581,-2.263651,0.0429074297,-0.0590168187,-0.0188814827
3.549298,-0.132737,-9.153126,-2.592693,0.0163018009,-0.0207047132,-0.0103676814
3.550348,-0.31287,-10.304808,-2.081117,-0.0103038279,0.0261211936,0.0024030204
3.551398,-0.452172,-9.955233,-1.838539,-0.0188176292,0.0474056966,0.0055956959
3.552447,-0.774008,-9.61763,-1.142028,-0.0060469273,0.0378276702,0.0002745701
3.553465,-1.134272,-10.347906,-0.330233,0.0205587015,0.0122862666,0.0002745701
3.554514,-0.855668,-10.242555,0.178941,0.037586304,0.0133504917,0.0055956959
3.555563,-0.031863,-8.868199,0.500777,0.0248156021,0.0729471003,0.0119810468
3.556613,0.321196,-8.734115,1.019558,0.0014026488,0.1495713114,0.0141094971
3.557631,-0.322477,-10.695087,2.141181,-0.0092396028,0.1719200396,0.0141094971
3.55868,-0.721169,-11.667192,2.285286,-0.0166891789,0.1304152586,0.0098525965
3.559729,-0.332084,-10.103683,2.294893,-0.0156249537,0.0825251267,-0.0039823305
3.560779,-0.019855,-8.923269,2.864111,-0.0060469273,0.0484699218,-0.021009933
3.561796,0.193902,-9.713404,2.580703,-0.0017900267,0.0250569684,-0.0199457078
3.562846,0.414864,-9.914529,2.143582,0.0014026488,0.0282496439,-0.0039823305
3.563895,0.419668,-9.023831,1.298162,-0.0081753776,0.0410203457,0.0024030204
3.564944,-0.106318,-10.235372,0.10929,-0.0390379071,0.0229285181,-0.0188814827
3.565996,-0.665929,-10.953676,-0.491151,-0.017753404,-0.0079340114,-0.0242026084
3.567011,-0.675536,-9.785234,-0.851415,0.00991645,-0.0494387924,-0.0273952839
3.568061,-0.389726,-8.686228,-1.278929,0.023751377,-0.0803013218,-0.0252668336
3.56911,0.0546,-9.004677,-2.165179,0.00991645,-0.0696590703,-0.0156888072
3.57016,0.301982,-9.639179,-2.412561,-0.0092396028,-0.0217689384,-0.0039823305
3.571177,-0.005444,-10.017486,-1.997056,-0.0188176292,0.0208000678,0.0045314707
3.572227,-0.399333,-10.237766,-1.67522,-0.0134965034,0.0325065445,0.006659921
3.573276,-0.737981,-10.321568,-1.247706,0.0067237745,0.0303780942,0.0045314707
3.574326,-0.766803,-10.189879,-0.457526,0.0248156021,0.029313869,0.0045314707
3.575343,-0.161558,-9.552982,-0.080449,0.0322651782,0.0633690739,0.0077241462
3.576393,0.374034,-8.580877,0.299029,0.023751377,0.1378648347,0.0141094971
3.577442,0.124251,-9.064535,1.069995,0.0077879997,0.1889476421,0.0173021725
3.578494,-0.639509,-10.958465,1.956245,0.00991645,0.1687273641,0.0183663977
3.579541,-1.09104,-11.552264,2.364544,0.0226871518,0.0889104776,0.0130452719
3.580559,-0.66833,-10.101288,2.172403,0.0248156021,0.001644015,-0.0029181054
3.581608,0.047395,-9.016648,2.460615,0.0205587015,-0.0387965408,-0.0167530324
3.582657,0.383642,-9.418899,2.63114,0.00991645,-0.0324111899,-0.0114319066
3.583707,0.578184,-9.593686,1.901004,-0.0134965034,-0.0036771108,0.0013387952
3.584724,0.609407,-9.435659,1.216502,-0.0390379071,0.0325065445,0.0013387952
3.585774,0.338008,-9.600869,0.760167,-0.0539370592,0.0378276702,-0.0093034563
3.586823,-0.130336,-10.194668,0.032433,-0.045423258,0.0080293659,-0.0178172575
3.587875,-0.610688,-10.644805,-0.50316,-0.0049827022,-0.0281542893,-0.021009933
3.58889,-0.737981,-9.421293,-1.081984,0.0333294034,-0.0600810439,-0.0199457078
3.58994,-0.54584,-8.511441,-1.917797,0.0322651782,-0.0792370967,-0.0199457078
3.590989,-0.226406,-10.156358,-1.77129,-0.0017900267,-0.0196404881,-0.0050465557
3.592039,-0.279245,-9.39735,-1.413427,-0.0092396028,0.0027082402,-0.0007896551
3.593088,-0.610688,-9.93129,-0.861022,-0.003918477,-0.0004844353,0.0002745701
3.594106,-0.77641,-10.417342,-0.447919,0.0184302512,-0.0079340114,0.0024030204
3.595155,-0.54584,-9.794812,0.169334,0.0301367279,0.0059009156,0.0077241462
3.596204,-0.031863,-9.095662,0.423921,0.0205587015,0.0591121733,0.0130452719
3.597254,0.294776,-9.007071,0.592044,-0.0017900267,0.1410575101,0.0151737222
3.598271,-0.156755,-10.185091,1.432661,-0.0145607286,0.1921403175,0.0151737222
3.599321,-0.807633,-11.487616,1.641614,-0.0124322782,0.1783053905,0.0119810468
3.600372,-0.742785,-10.800438,1.802532,-0.0060469273,0.1293510335,0.0013387952
3.60142,-0.28645,-9.308759,1.997075,0.0035310991,0.0825251267,-0.0124961318
3.602437,0.112242,-8.942424,1.816943,0.0035310991,0.0548552727,-0.0146245821
3.603487,0.227527,-9.495518,1.864978,0.0035310991,0.0399561205,-0.0029181054
3.604536,0.141064,-9.653545,1.379822,-0.0017900267,0.0282496439,0.006659921
3.605585,0.090627,-9.598475,0.661695,-0.0230745298,0.0133504917,0.0002745701
3.606635,-0.154353,-10.405371,0.289422,-0.0347810065,-0.0058055611,-0.0146245821
3.607652,-0.442565,-10.441286,-0.022807,-0.0230745298,-0.0313469647,-0.0252668336
3.608702,-0.464181,-9.222562,-0.491151,-0.0049827022,-0.0547599181,-0.0316521845
3.609754,-0.36811,-8.968761,-0.764952,0.0045953242,-0.0643379445,-0.0284595091
3.610801,-0.202388,-9.495518,-1.108404,0.0035310991,-0.0568883684,-0.0188814827
3.611818,-0.048676,-9.715798,-1.615175,-0.0071111525,-0.0409249911,-0.0103676814
3.61287,0.0546,-9.902557,-1.324562,-0.0145607286,-0.0270900641,-0.0061107808
3.613917,0.047395,-9.940867,-1.182858,-0.0071111525,-0.0100624617,-0.0039823305
3.614966,-0.31287,-10.017486,-1.084386,0.0035310991,-0.0004844353,0.0002745701
3.615984,-0.430556,-10.065373,-0.539186,0.0109806751,0.0090935911,0.006659921
3.617034,0.369231,-9.280027,0.193351,0.0067237745,0.1357363844,0.0183663977
3.618083,0.102635,-9.519462,0.565625,-0.0017900267,0.1974614433,0.0215590732
3.619133,-0.387324,-10.204245,0.971522,-0.0017900267,0.2102321451,0.0194306229
3.62015,-0.829248,-10.692692,1.233314,0.0152375758,0.1719200396,0.0098525965
3.6212,-0.966149,-10.606496,1.468687,0.037586304,0.1038096298,-0.0007896551
3.622252,-0.658723,-10.098894,1.632007,0.0471643304,0.0410203457,-0.0082392311
3.623299,0.032984,-8.827495,1.516722,0.0354578537,0.0069651408,-0.0050465557
3.624348,0.244339,-8.518624,1.783318,0.0120449003,-0.0089982365,0.0045314707
3.625365,0.064207,-9.90974,1.497508,-0.0198818543,-0.0217689384,0.0077241462
3.626415,0.304383,-10.635228,0.733748,-0.0464874832,-0.0153835874,-0.0029181054
3.627464,0.100234,-10.367061,0.563223,-0.0443590329,-0.0004844353,-0.0178172575
3.628514,-0.548242,-9.761291,0.169334,-0.0262672052,-0.0238973887,-0.0273952839
3.630581,-0.32728,-9.239323,-1.014735,0.0163018009,-0.088815123,-0.0188814827
3.629531,-0.66833,-9.296787,-0.438312,-0.0007258016,-0.0717875206,-0.0273952839
3.63163,-0.051077,-9.155521,-1.540721,0.0141733506,-0.0728517457,-0.0093034563
3.632679,-0.329682,-9.857065,-1.221286,0.0024668739,-0.0590168187,-0.0050465557
3.633697,-0.478591,-10.683115,-0.81779,0.0014026488,-0.0590168187,-0.0050465557
3.634749,-0.202388,-9.890586,-0.774559,0.0109806751,-0.0494387924,-0.0082392311
3.635796,-0.320075,-9.253689,-0.241368,0.0131091254,-0.0366680905,-0.0061107808
3.636845,-0.365708,-9.818755,0.219771,0.0120449003,-0.0132551371,0.0034672456
3.637894,0.066609,-9.612841,0.306234,0.0152375758,0.0505983721,0.0141094971
3.638912,0.270759,-8.870593,0.495973,0.0003384236,0.1346721592,0.020494848
3.639962,-0.166362,-9.895374,0.760167,-0.0156249537,0.1889476421,0.020494848
3.641011,-0.889292,-11.688741,0.976326,-0.0103038279,0.1921403175,0.0162379474
3.642061,-0.296057,-9.088479,1.115628,0.0109806751,0.1133876562,-0.0135603569
3.643078,0.220322,-8.415667,1.343796,0.0141733506,0.0974242788,-0.0156888072
3.64413,0.064207,-9.476363,1.360608,0.00991645,0.0857178022,0.0034672456
3.646227,-0.305664,-9.541011,0.620865,-0.017753404,0.0218642929,0.0151737222
3.645177,-0.23121,-9.794812,1.230913,-0.0017900267,0.056983723,0.020494848
3.647247,-0.411342,-10.410159,0.447938,-0.0262672052,-0.0132551371,-0.0103676814
3.648294,-0.541037,-10.975226,0.378287,-0.0198818543,-0.0451818917,-0.0295237342
3.649343,-0.44977,-9.684672,-0.056432,-0.0049827022,-0.0643379445,-0.0359090851
3.650392,-0.32728,-8.705383,-0.078048,0.0035310991,-0.0664663948,-0.0316521845
3.651442,-0.24562,-9.114817,-0.23176,-0.0007258016,-0.0568883684,-0.0199457078
3.652459,-0.072693,-9.495518,-0.54399,-0.0124322782,-0.0483745672,-0.0124961318
3.653509,0.148269,-9.93129,-0.541588,-0.0188176292,-0.0441176666,-0.0124961318
3.654559,0.21792,-10.400582,-0.570409,-0.0134965034,-0.0366680905,-0.0114319066
3.655608,0.044993,-9.933684,-0.546391,-0.0049827022,-0.0302827396,-0.007175006
3.656628,0.008967,-9.50749,-0.452723,-0.0007258016,-0.0217689384,-0.0029181054
3.657675,0.31399,-9.742136,-0.392679,0.0024668739,0.0282496439,0.006659921
3.658725,0.467703,-9.722981,-0.404687,0.0003384236,0.1165803316,0.0183663977
3.659774,0.160278,-9.622419,-0.250975,-0.0092396028,0.1910760924,0.0236875235
3.660791,-0.348896,-10.180302,0.159727,-0.0028542519,0.2134248206,0.0194306229
3.661841,-0.716366,-10.671143,0.488768,0.0184302512,0.1900118672,0.0130452719
3.66289,-0.747588,-10.37185,0.714534,0.0461001052,0.1421217353,0.0055956959
3.66394,-0.507412,-9.368618,0.721739,0.0631277077,0.1006169543,-0.0029181054
3.66499,-0.27204,-8.612003,0.87305,0.0567423567,0.07081865,0.0002745701
3.666007,-0.353699,-9.318336,1.33659,0.0322651782,0.0356992199,0.0130452719
3.667057,-0.553046,-10.175513,1.216502,-0.0007258016,-0.0047413359,0.0183663977
3.668106,-0.281647,-10.606496,1.005147,-0.0475517083,-0.0568883684,-0.0231383833
3.669156,-0.094309,-9.411716,0.640079,-0.0379736819,-0.0568883684,-0.0380375354
3.670173,-0.329682,-9.222562,0.207762,-0.0188176292,-0.0632737194,-0.0337806348
3.671222,-0.375315,-9.560166,0.226976,0.0014026488,-0.074980196,-0.0167530324
3.672272,0.037788,-8.872987,-0.719318,0.0131091254,-0.0728517457,-0.0061107808
3.673321,0.059404,-9.284815,-0.712113,0.0067237745,-0.06753062,-0.007175006
3.674339,-0.310468,-11.111703,-0.034816,0.0077879997,-0.0728517457,-0.0093034563
3.675388,-0.493002,-10.848325,-0.121279,0.0163018009,-0.0717875206,-0.0093034563
3.676438,-0.322477,-8.647919,0.039639,0.0088522248,-0.0643379445,-0.0124961318
3.677488,0.097832,-8.621581,0.085272,-0.0017900267,-0.0441176666,-0.0103676814
3.678537,0.405257,-10.089317,0.15012,-0.0049827022,0.0133504917,0.0045314707
3.679554,0.424471,-9.995937,0.075665,-0.0071111525,0.0974242788,0.0215590732
3.680604,0.109841,-9.572137,-0.044423,-0.0113680531,0.1634062384,0.0258159738
3.681654,-0.40894,-10.424525,0.142914,-0.0007258016,0.1836265163,0.0162379474
3.682703,-0.769204,-11.375082,0.210164,0.0226871518,0.1697915893,0.0045314707
3.683721,-0.716366,-10.632834,0.375885,0.0418432046,0.1485070862,-0.0007896551
3.68477,-0.329682,-8.295949,0.135709,0.037586304,0.1378648347,-0.0029181054
3.685819,-0.118327,-7.635109,0.344662,0.0141733506,0.1282868083,0.0013387952
3.686871,-0.447368,-10.067767,1.17327,-0.0017900267,0.0921031531,0.0119810468
3.687886,-0.716366,-11.40142,0.916282,-0.0113680531,0.0346349948,0.0141094971
3.688936,-0.591474,-10.395793,0.428724,-0.0188176292,-0.0143193623,-0.0050465557
3.689985,-0.562653,-9.806783,0.81781,-0.0156249537,-0.0505030175,-0.0284595091
3.691035,-0.524225,-9.679883,0.846631,-0.0060469273,-0.0739159709,-0.0359090851
3.692053,-0.288852,-9.280027,0.601651,-0.003918477,-0.0707232954,-0.0263310588
3.693102,-0.031863,-8.801157,0.635276,-0.0134965034,-0.0494387924,-0.0167530324
3.694151,-0.005444,-10.529877,0.378287,-0.0283956555,-0.0377323157,-0.0167530324
3.695201,0.117046,-10.912972,0.375885,-0.0156249537,-0.0366680905,-0.0146245821
3.696253,0.081019,-9.663123,-0.001191,0.0014026488,-0.0345396402,-0.0124961318
3.697268,-0.10872,-8.904114,-0.114074,0.0045953242,-0.0409249911,-0.0082392311
3.698317,0.222723,-9.112422,-0.50316,-0.0028542519,-0.0217689384,0.0024030204
3.699367,0.616612,-9.57932,-0.772157,-0.0124322782,0.0484699218,0.0162379474
3.700416,0.508533,-10.422131,-0.719318,-0.0209460795,0.1293510335,0.0236875235
3.701434,0.172286,-10.82917,-0.724122,-0.0145607286,0.1793696157,0.020494848
3.702483,-0.288852,-10.556215,-0.505561,0.0152375758,0.1932045427,0.0087883713
3.703533,-0.562653,-10.115654,-0.291805,0.051421231,0.1761769402,-0.0007896551
3.704582,-0.387324,-8.97355,-0.335036,0.0716415089,0.1612777881,-0.0018538802
3.7056,-0.248022,-8.027782,-0.234162,0.065256158,0.1516997617,0.0055956959
3.706649,-0.615492,-9.06693,0.575232,0.0450358801,0.1155161065,0.020494848
3.707699,-1.208727,-10.807621,1.110825,0.0226871518,0.0399561205,0.0279444241
3.708751,-1.225539,-11.217055,0.880255,-0.0060469273,-0.0547599181,0.0119810468
3.709797,-0.579465,-10.628045,1.03637,-0.0283956555,-0.116484977,-0.0188814827
3.710815,-0.144746,-9.737347,1.110825,-0.0369094568,-0.1111638513,-0.0380375354
3.711864,-0.135139,-8.920874,1.130039,-0.0379736819,-0.0771086464,-0.0337806348
3.712914,-0.048676,-8.84665,1.110825,-0.0283956555,-0.0505030175,-0.0178172575
3.713964,0.076216,-9.169887,0.685713,-0.0145607286,-0.0377323157,-0.0039823305
3.714981,-0.036667,-9.529039,0.479161,-0.0007258016,-0.0473103421,-0.0018538802
3.716031,-0.296057,-10.776495,0.404707,0.0173660261,-0.0771086464,-0.0124961318
3.71708,-0.468984,-11.262547,0.512786,0.0343936285,-0.0994573746,-0.0220741581
3.71813,-0.252825,-9.356646,0.330252,0.0258798273,-0.0973289243,-0.0231383833
3.719148,0.153072,-8.21933,0.015621,0.0003384236,-0.06753062,-0.0188814827
3.720197,0.561372,-10.144387,-0.359054,-0.0326525562,0.0644332991,0.0162379474
3.721248,0.434079,-10.060584,-0.601632,-0.0294598807,0.1325437089,0.0226232983
3.722296,-0.166362,-10.110866,-0.524775,-0.0060469273,0.1516997617,0.0151737222
3.723345,-0.622697,-10.999169,-0.861022,0.0258798273,0.1410575101,0.0034672456
3.724363,-0.632304,-11.035084,-0.541588,0.0524854561,0.1431859605,-0.0029181054
3.725412,-0.236013,-8.346231,-0.748139,0.0524854561,0.167663139,-0.0018538802
3.726461,-0.077497,-7.192155,-0.688095,0.0248156021,0.1857549666,0.0034672456
3.727511,-0.725973,-9.732559,0.680909,0.0056595494,0.1665989138,0.0183663977
3.728529,-1.292788,-11.580996,0.702525,-0.0028542519,0.0974242788,0.0247517486
3.729578,-1.160692,-11.248181,0.79139,-0.0071111525,-0.0015486604,0.0055956959
3.73063,-0.793222,-10.115654,1.37742,-0.0049827022,-0.0834939973,-0.021009933
3.731677,-0.476189,-9.203408,1.096414,-0.0049827022,-0.1069069507,-0.0337806348
3.732694,-0.221603,-8.97355,1.447071,-0.0134965034,-0.0803013218,-0.0263310588
3.733746,0.018574,-9.01186,1.485499,-0.0262672052,-0.0462461169,-0.0135603569
3.734793,0.112242,-9.13876,1.206895,-0.0358452316,-0.026025839,-0.0114319066
3.735843,0.076216,-10.118049,1.283751,-0.0337167813,-0.026025839,-0.0199457078
3.736892,0.131456,-11.238604,1.096414,-0.0166891789,-0.0345396402,-0.0263310588
3.73791,0.047395,-10.266498,0.798596,0.0024668739,-0.0409249911,-0.0252668336
3.738959,-0.118327,-8.372569,0.169334,0.0067237745,-0.0494387924,-0.0199457078
3.740009,0.208313,-8.583271,-0.505561,-0.003918477,-0.0430534414,-0.0082392311
3.741058,0.835173,-10.216217,-1.221286,-0.0166891789,0.0112220414,0.006659921
3.742076,0.976877,-10.692692,-1.559935,-0.0262672052,0.1006169543,0.0151737222
3.743128,0.458096,-10.204245,-1.343776,-0.0188176292,0.1623420132,0.0141094971
3.744175,-0.23121,-10.314385,-1.074779,0.0141733506,0.1591493378,0.0087883713
3.745224,-0.512216,-10.407765,-0.988316,0.0546139064,0.1325437089,0.0045314707
3.746242,-0.24562,-7.793136,-0.897049,0.0641919328,0.167663139,0.0119810468
3.747291,-0.656321,-8.731721,-0.248573,0.037586304,0.1591493378,0.0215590732
3.748341,-1.309601,-11.008746,0.303832,0.0205587015,0.1016811795,0.0279444241
3.74939,-1.631437,-11.614517,0.990736,0.0067237745,0.0080293659,0.0141094971
3.750408,-1.21353,-10.872269,1.163663,-0.0071111525,-0.0834939973,-0.0167530324
3.751457,-0.562653,-9.830727,1.583972,-0.017753404,-0.1186134273,-0.03484486
3.752507,-0.262432,-8.844255,1.992271,-0.0252029801,-0.0994573746,-0.0284595091
3.753556,-0.02706,-8.724538,1.898603,-0.0294598807,-0.0643379445,-0.0114319066
3.754605,0.167483,-9.050169,1.768907,-0.0283956555,-0.0356038654,-0.0018538802
3.755625,0.174688,-9.502701,1.278948,-0.017753404,-0.0313469647,-0.0082392311
3.756672,0.114644,-10.539454,1.178074,-0.0017900267,-0.0494387924,-0.0242026084
3.757722,-0.175969,-11.231421,1.28135,0.0163018009,-0.074980196,-0.0305879594
3.758771,-0.411342,-9.93129,0.632874,0.0184302512,-0.0941362488,-0.0263310588
3.759788,-0.051077,-8.183415,0.078067,0.0035310991,-0.0866866727,-0.0188814827
3.760838,0.619014,-8.817917,-0.349447,-0.0188176292,-0.0419892163,-0.0082392311
3.761888,0.933645,-10.458046,-0.971503,-0.0369094568,0.0314423193,0.0077241462
3.762937,0.628621,-10.544243,-1.26692,-0.0347810065,0.1070023052,0.0151737222
3.763954,0.093028,-9.83791,-1.22609,-0.0081753776,0.1378648347,0.006659921
3.765006,-0.31287,-10.04143,-1.091591,0.0269440524,0.1197730071,-0.0018538802
3.766054,-0.622697,-10.594524,-1.197269,0.0546139064,0.1101949807,0.0013387952
3.767103,-0.435359,-9.13876,-1.418231,0.0546139064,0.1474428611,0.0109168216
3.768152,-0.132737,-7.33821,-1.242902,0.023751377,0.1910760924,0.0151737222
3.76917,-0.766803,-9.722981,-0.481544,-0.0028542519,0.1868191918,0.0194306229
3.770219,-1.556982,-12.205921,0.503179,-0.003918477,0.1346721592,0.0215590732
3.771269,-1.436894,-10.450863,0.925889,0.0014026488,0.0484699218,0.0024030204
3.772318,-0.769204,-10.38861,1.997075,0.0109806751,-0.088815123,-0.0242026084
3.773336,-0.348896,-9.603264,1.994673,-0.0007258016,-0.0866866727,-0.0124961318
3.774386,0.112242,-8.537779,2.066726,-0.0241387549,-0.0600810439,-0.0082392311
3.775435,0.301982,-8.664679,1.941834,-0.0422305825,-0.0292185144,-0.0124961318
3.776484,0.198706,-10.153964,1.680042,-0.045423258,-0.0228331635,-0.021009933
3.777504,0.109841,-11.355927,1.872183,-0.0305241059,-0.0345396402,-0.0273952839
3.778551,0.071412,-10.067767,1.127637,-0.0092396028,-0.0473103421,-0.0284595091
3.779601,-0.10872,-8.355808,0.469554,-0.0017900267,-0.0696590703,-0.0273952839
3.78065,0.227527,-8.999888,-0.246171,-0.0081753776,-0.0760444212,-0.0156888072
3.7817,1.020108,-10.182696,-1.504694,-0.0198818543,-0.0207047132,0.0024030204
3.782718,1.132991,-10.017486,-1.884173,-0.0262672052,0.0761397758,0.0098525965
3.783767,0.465301,-10.161147,-1.879369,-0.017753404,0.1410575101,0.0055956959
3.784817,-0.233611,-10.786072,-1.451856,0.0131091254,0.1389290598,0.0013387952
3.785866,-0.468984,-10.338329,-1.411026,0.051421231,0.1080665304,0.0024030204
3.786884,-0.399333,-9.035803,-1.67522,0.0663203831,0.1080665304,0.006659921
3.787933,-0.262432,-7.532152,-1.401419,0.0503570058,0.1442501856,0.0130452719
3.788982,-0.454573,-8.322287,-1.045958,0.0248156021,0.1687273641,0.0215590732
3.790033,-1.285583,-11.506771,0.1237,0.0173660261,0.1442501856,0.0300728744
3.79105,-1.789953,-12.18916,0.596847,0.0216229267,0.0676259745,0.0215590732
3.792099,-1.405671,-10.343118,0.959514,0.0131091254,-0.0377323157,-0.0093034563
3.793149,-0.822043,-9.63439,2.00428,-0.0007258016,-0.1100996261,-0.0316521845
3.794198,-0.339289,-9.519462,2.052315,-0.0145607286,-0.1037142752,-0.0231383833
3.79525,-0.02706,-8.925663,2.499043,-0.0262672052,-0.0622094942,-0.007175006
3.796265,0.191501,-8.60482,2.683979,-0.0337167813,-0.039860766,-0.0018538802
3.797315,0.450891,-8.990311,1.999477,-0.0347810065,-0.0356038654,-0.0093034563
3.798364,0.047395,-11.729445,1.711265,0.0045953242,-0.0505030175,-0.0273952839
3.799414,-0.022256,-9.450025,0.933094,0.0088522248,-0.0654021697,-0.0273952839
3.800431,0.049797,-8.195387,0.178941,-0.0017900267,-0.0717875206,-0.0242026084
3.801481,0.338008,-9.754108,-0.361456,-0.0209460795,-0.0419892163,-0.0093034563
3.80358,0.484516,-9.385378,-1.427838,-0.0305241059,0.084653577,0.0055956959
3.80253,0.647835,-10.340723,-1.077181,-0.0337167813,0.0250569684,0.0055956959
3.804597,0.0546,-9.775657,-1.723255,-0.0113680531,0.0995527292,-0.0029181054
3.805646,-0.372914,-10.831565,-1.864959,0.0184302512,0.0867820273,-0.0039823305
3.806696,-0.733178,-10.187485,-1.605568,0.0418432046,0.0803966764,0.0024030204
3.807747,-0.701955,-8.623975,-1.571944,0.0418432046,0.0952958285,0.0087883713
3.808795,-0.356101,-8.042148,-1.295741,0.0216229267,0.1293510335,0.0183663977
3.809812,-0.459377,-9.495518,-0.89945,0.0035310991,0.1612777881,0.0258159738
3.810862,-1.153486,-11.394237,-0.061235,-0.0049827022,0.1548924371,0.020494848
3.811911,-1.559384,-11.329589,0.880255,-0.003918477,0.0910389279,0.0024030204
3.81296,-1.194316,-10.383821,1.233314,0.0014026488,0.0027082402,-0.0199457078
3.813978,-0.579465,-9.766079,1.538338,0.0035310991,-0.0462461169,-0.0242026084
3.815028,-0.192781,-9.014254,1.970655,-0.0028542519,-0.0441176666,-0.0114319066
3.816077,-0.135139,-8.870593,2.787255,-0.0081753776,-0.039860766,-0.0007896551
3.817129,0.028181,-9.277632,2.789656,-0.017753404,-0.0483745672,0.0002745701
3.818144,0.479712,-9.605658,2.124368,-0.0273314304,-0.0419892163,-0.0124961318
3.819193,0.251545,-10.819593,2.254063,-0.0273314304,-0.0324111899,-0.0263310588
3.820242,-0.260031,-11.166773,1.997075,-0.0283956555,-0.0462461169,-0.0273952839
3.821292,-0.142344,-8.86341,0.813006,-0.0305241059,-0.061145269,-0.0252668336
3.82231,0.129055,-7.886516,-0.027611,-0.0347810065,-0.0643379445,-0.0242026084
3.823359,0.578184,-9.861853,-0.668881,-0.0422305825,-0.0526314678,-0.0124961318
3.824409,0.866396,-9.993543,-2.309285,-0.0166891789,0.1112592058,0.0055956959
3.825458,0.01377,-9.830727,-1.790504,0.0088522248,0.1240299077,0.0002745701
3.826507,-0.416145,-10.513116,-2.145965,0.0365220788,0.084653577,-0.0007896551
3.827525,-0.44977,-10.091711,-2.342909,0.0546139064,0.0910389279,0.0045314707
3.828574,-0.406538,-8.178626,-1.876968,0.0461001052,0.1314794838,0.0109168216
3.829626,-0.365708,-7.70694,-1.475873,0.0184302512,0.1527639868,0.0173021725
3.830673,-0.786017,-10.290442,-0.685694,0.0077879997,0.1453144108,0.0247517486
3.831691,-1.492135,-12.045499,0.325448,0.0205587015,0.1038096298,0.0247517486
3.83274,-1.573795,-10.917761,1.103619,0.0301367279,0.0186716175,0.0045314707
3.83379,-0.982961,-9.849882,1.495107,0.023751377,-0.0654021697,-0.0167530324
3.83484,-0.485796,-9.775657,2.157993,0.0067237745,-0.0920077985,-0.0156888072
3.835857,-0.315271,-9.512279,2.897736,-0.0124322782,-0.0717875206,-0.0018538802
3.836906,0.001761,-8.796368,2.806469,-0.0379736819,-0.0451818917,0.0002745701
3.837956,0.42207,-8.731721,2.707996,-0.0550012844,-0.0228331635,-0.0114319066
3.839007,0.414864,-10.197062,2.647952,-0.045423258,-0.0143193623,-0.0242026084
3.840055,0.097832,-11.674375,2.054717,-0.0209460795,-0.0185762629,-0.0284595091
3.841072,-0.168764,-10.321568,1.49991,0.0014026488,-0.0313469647,-0.0273952839
3.842124,-0.099113,-7.697362,0.431126,0.0014026488,-0.0568883684,-0.0252668336
3.843171,0.275562,-8.80834,-0.815389,-0.0156249537,-0.0685948451,-0.0188814827
3.84422,0.525345,-11.18114,-1.113207,-0.0283956555,-0.0228331635,-0.0029181054
3.845238,0.554167,-10.127626,-1.47107,-0.0230745298,0.0442130212,0.0045314707
3.846287,0.275562,-9.260872,-1.708844,-0.0124322782,0.0623048488,-0.0029181054
3.847337,-0.211995,-10.350301,-1.658407,0.0077879997,0.043148796,-0.0050465557
3.848386,-0.442565,-10.197062,-2.155572,0.0301367279,0.0442130212,0.0002745701
3.849404,-0.389726,-8.90172,-1.982645,0.0312009531,0.0772040009,0.006659921
3.850453,-0.50501,-9.196225,-1.670416,-0.0007258016,0.153828212,0.0183663977
3.851505,-1.081433,-11.245787,-0.551195,-0.0007258016,0.1591493378,0.0194306229
3.852552,-1.422484,-11.571418,0.380689,0.0173660261,0.112323431,0.0098525965
3.853602,-1.23995,-10.328751,0.933094,0.0269440524,0.0346349948,-0.0103676814
3.854622,-0.692348,-9.428476,1.665632,0.0184302512,-0.0228331635,-0.0167530324
3.855669,-0.156755,-9.349463,2.38616,0.0120449003,-0.0387965408,-0.0050465557
3.856718,-0.072693,-9.555377,3.073064,0.0045953242,-0.0366680905,0.0034672456
3.857767,0.088225,-9.110028,2.888129,-0.0220103046,-0.0377323157,0.0013387952
3.858785,0.359624,-9.426082,2.715202,-0.0401021322,-0.0356038654,-0.0114319066
3.859835,0.105037,-10.927339,2.854504,-0.031588331,-0.0302827396,-0.0263310588
3.860884,-0.099113,-10.66396,2.129172,-0.0241387549,-0.0356038654,-0.0305879594
3.861933,0.061805,-8.937635,1.319778,-0.0273314304,-0.0430534414,-0.0284595091
3.862951,0.150671,-8.528201,0.438331,-0.0358452316,-0.0430534414,-0.021009933
3.864003,0.222723,-9.751713,-0.892245,-0.0432948077,-0.026025839,-0.0103676814
3.86505,0.383642,-10.515511,-1.382205,-0.0369094568,0.0186716175,-0.0029181054
3.866099,0.388445,-10.062979,-1.641595,-0.0145607286,0.0612406236,-0.0050465557
3.867148,0.025779,-10.055796,-2.121947,0.0109806751,0.0601763985,-0.0103676814
3.868166,-0.332084,-10.05819,-2.249241,0.0343936285,0.0442130212,-0.0093034563
3.869215,-0.370512,-9.174675,-2.501426,0.0397147543,0.0548552727,-0.0007896551
3.870265,-0.320075,-8.49468,-2.133956,0.0226871518,0.0835893518,0.0119810468
3.871314,-0.348896,-8.91848,-1.646398,0.0045953242,0.112323431,0.0215590732
3.872332,-0.589072,-10.297625,-1.286134,-0.0007258016,0.1325437089,0.0226232983
3.873382,-1.110255,-11.255364,-0.178922,0.0109806751,0.1187087819,0.0151737222
3.87443,-1.40327,-11.047056,0.503179,0.0280082776,0.0623048488,0.0013387952
3.87548,-0.435359,-9.002282,2.040307,0.0184302512,-0.0132551371,-0.0093034563
3.8765,-0.365708,-9.519462,3.034636,0.0152375758,-0.0334754151,0.0013387952
3.877546,-0.036667,-9.804389,3.077868,-0.0071111525,-0.0526314678,0.0034672456
3.878596,0.458096,-9.57932,2.868914,-0.0347810065,-0.0473103421,-0.0061107808
3.879646,0.301982,-9.945656,3.058654,-0.045423258,-0.0302827396,-0.0199457078
3.880663,0.028181,-10.522694,2.650354,-0.0432948077,-0.0249616138,-0.0284595091
3.881713,0.076216,-10.106077,1.96345,-0.0326525562,-0.026025839,-0.0263310588
3.882762,0.153072,-8.784397,0.99554,-0.0241387549,-0.0270900641,-0.021009933
3.883812,0.325999,-8.638341,-0.277394,-0.0305241059,-0.0281542893,-0.0167530324
3.884861,0.539756,-9.974388,-0.985914,-0.0326525562,-0.0079340114,-0.0093034563
3.885881,0.400454,-10.640017,-1.555131,-0.0209460795,0.0356992199,-0.0018538802
3.886928,-0.106318,-10.242555,-1.81212,-0.0028542519,0.056983723,-0.0018538802
3.887978,-0.430556,-9.754108,-1.788102,0.0226871518,0.0378276702,-0.0061107808
3.889027,-0.372914,-9.380589,-2.27566,0.037586304,0.0208000678,-0.0039823305
3.890045,-0.360905,-9.315942,-2.578282,0.0269440524,0.0442130212,0.0055956959
3.891094,-0.512216,-9.002282,-2.13876,0.0045953242,0.0952958285,0.0173021725
3.892143,-0.73558,-8.928057,-1.579149,-0.0113680531,0.1293510335,0.020494848
3.893193,-1.103049,-10.558609,-0.961896,-0.0092396028,0.1240299077,0.0151737222
3.89421,-1.33602,-11.727051,0.032433,0.0152375758,0.0899747028,0.0055956959
3.89526,-1.069425,-10.529877,0.568026,0.037586304,0.0463414715,-0.0061107808
3.896309,-0.384922,-8.79158,0.973924,0.0248156021,0.0208000678,-0.0103676814
3.897359,-0.055881,-9.002282,2.179609,0.0120449003,0.0122862666,-0.0029181054
3.898408,-0.166362,-10.343118,3.226777,0.0088522248,-0.0143193623,0.0087883713
3.900475,0.441284,-9.687066,2.772844,-0.0252029801,-0.0345396402,-0.0061107808
3.899426,0.210715,-10.209034,3.044243,-0.0113680531,-0.039860766,0.0098525965
3.901524,0.102635,-9.93129,2.50865,-0.0411663574,-0.0441176666,-0.0273952839
3.902574,0.350017,-9.529039,1.754497,-0.031588331,-0.0387965408,-0.0188814827
3.903592,0.157876,-9.244111,0.91388,-0.031588331,-0.0345396402,-0.0103676814
3.904641,0.172286,-9.291998,-0.308617,-0.0411663574,-0.0313469647,-0.0061107808
3.90569,0.244339,-9.699038,-1.14443,-0.031588331,-0.0068697862,-0.0093034563
3.90674,0.004163,-10.637622,-1.754478,-0.0134965034,0.0208000678,-0.0114319066
3.907757,-0.243218,-10.501145,-1.672818,0.0120449003,0.0250569684,-0.0093034563
3.908807,-0.372914,-8.97355,-1.910592,0.0333294034,0.0112220414,-0.0082392311
3.909856,-0.31287,-8.767636,-2.611907,0.0290725027,0.0080293659,-0.0050465557
3.910905,-0.236013,-9.823544,-2.57588,0.0141733506,0.0463414715,0.006659921
3.911955,-0.432958,-9.622419,-2.155572,0.0003384236,0.0995527292,0.0183663977
3.912972,-0.651518,-9.23214,-1.547926,-0.0103038279,0.1229656825,0.0173021725
3.914022,-0.973354,-10.558609,-0.666479,0.0067237745,0.1112592058,0.0087883713
3.915071,-1.297592,-11.468461,0.366278,0.0354578537,0.0729471003,0.0013387952
3.916123,-0.83165,-10.094105,0.786587,0.0418432046,0.0346349948,-0.0018538802
3.917139,-0.065488,-8.487497,1.288555,0.0258798273,0.0303780942,-0.0007896551
3.918188,-0.209594,-9.380589,2.63114,0.0141733506,0.0250569684,0.006659921
3.919237,-0.406538,-10.742974,3.310839,-0.0028542519,-0.0132551371,0.0141094971
3.920287,0.29958,-9.943261,3.025029,-0.0273314304,-0.0334754151,0.0034672456
3.921305,0.405257,-9.572137,2.924155,-0.0347810065,-0.0175120377,-0.0156888072
3.922354,-0.221603,-10.424525,3.070663,-0.0390379071,-0.0132551371,-0.0252668336
3.923403,-0.034265,-9.950444,2.388562,-0.0379736819,-0.0217689384,-0.021009933
3.924453,0.316392,-8.64313,1.298162,-0.0294598807,-0.0143193623,-0.0146245821
3.925505,0.186697,-8.609609,0.582437,-0.0347810065,-0.0185762629,-0.0124961318
3.926519,0.328401,-9.955233,-0.659274,-0.0390379071,-0.0207047132,-0.0103676814
3.927569,-0.084702,-10.53706,-1.571944,0.0056595494,0.029313869,-0.0093034563
3.928618,-0.442565,-9.442842,-2.049894,0.0258798273,0.0101578162,-0.0135603569
3.929667,-0.296057,-8.868199,-2.335704,0.0322651782,0.001644015,-0.0114319066
3.930685,-0.075095,-9.272844,-2.969769,0.0163018009,0.0314423193,-0.0007896551
3.931735,-0.300861,-9.545799,-2.467801,-0.0017900267,0.0750755506,0.0141094971
3.932784,-0.637107,-9.258478,-1.732862,-0.0113680531,0.0963600537,0.020494848
3.933833,-0.958944,-10.221006,-1.437445,-0.0028542519,0.0931673782,0.0162379474
3.934851,-1.324011,-11.499588,-0.207743,0.0280082776,0.0750755506,0.0098525965
3.9359,-1.002175,-10.414948,0.258199,0.0450358801,0.0505983721,0.0024030204
3.93695,-0.236013,-8.705383,0.54641,0.0365220788,0.0463414715,-0.0029181054
3.938001,-0.034265,-9.124394,1.680042,0.0205587015,0.0601763985,0.0002745701
3.939048,-0.168764,-10.285653,2.784853,0.0067237745,0.0452772463,0.0087883713
3.940066,-0.120729,-10.563398,3.325249,-0.0060469273,0.001644015,0.0119810468
3.941115,-0.072693,-10.218611,3.258,-0.0124322782,-0.0345396402,0.0034672456
3.942164,-0.065488,-9.739742,3.015422,-0.0156249537,-0.0473103421,-0.0135603569
3.943214,0.124251,-9.454814,2.683979,-0.0262672052,-0.0419892163,-0.0242026084
3.944231,0.407659,-9.459603,2.112359,-0.031588331,-0.0292185144,-0.021009933
3.945281,0.446087,-9.440448,1.15886,-0.0358452316,-0.0143193623,-0.0103676814
3.94633,0.294776,-9.318336,0.253395,-0.0443590329,-0.0004844353,-0.0061107808
3.947382,0.052198,-9.713404,-0.498356,-0.0369094568,0.0005797899,-0.0103676814
3.948397,-0.276843,-10.70227,-1.288536,-0.0103038279,-0.0079340114,-0.0124961318
3.949447,-0.483395,-10.668749,-1.67522,0.0226871518,-0.0175120377,-0.0124961318
3.950498,-0.476189,-8.968761,-1.961029,0.0407789794,-0.0270900641,-0.0146245821
3.951545,-0.178371,-8.178626,-2.619112,0.0312009531,-0.0281542893,-0.0146245821
3.952563,0.064207,-9.56256,-2.909725,0.0077879997,0.0059009156,-0.0029181054
3.953612,-0.279245,-10.501145,-2.330901,-0.0071111525,0.0633690739,0.0151737222
3.954662,-1.016586,-9.938473,-0.688095,0.0003384236,0.0793324512,0.0098525965
3.955711,-1.103049,-11.003958,0.008416,0.0312009531,0.0516625972,0.0024030204
3.956761,-0.632304,-9.969599,0.371082,0.0365220788,0.0505983721,0.0034672456
3.957778,-0.046274,-8.444399,0.918684,0.0194944764,0.0740113255,0.0087883713
3.958828,-0.132737,-9.375801,2.172403,0.0109806751,0.0803966764,0.0130452719
3.95988,-0.288852,-10.704664,2.864111,0.0003384236,0.0463414715,0.0141094971
3.960926,-0.127934,-10.819593,2.789656,-0.0156249537,0.0080293659,0.006659921
3.961944,-0.207192,-10.288047,3.318044,-0.0156249537,-0.0132551371,-0.007175006
3.962993,-0.183174,-9.591292,3.173938,-0.0166891789,-0.0313469647,-0.021009933
3.964043,0.239536,-9.368618,2.561489,-0.0294598807,-0.0334754151,-0.021009933
3.965092,0.494123,-9.263266,2.100351,-0.0369094568,-0.012190912,-0.0114319066
3.96611,0.347615,-9.378195,0.752962,-0.045423258,0.0048366905,-0.007175006
3.967159,0.131456,-9.488335,0.032433,-0.0507443838,0.0048366905,-0.0103676814
3.968209,0.042591,-9.576926,-0.815389,-0.0347810065,-0.0015486604,-0.0167530324
3.969258,-0.135139,-10.474807,-1.845745,-0.0092396028,-0.0047413359,-0.0188814827
3.970307,-0.32728,-10.544243,-1.718451,0.0152375758,-0.0100624617,-0.0146245821
3.971325,-0.281647,-8.95679,-2.085921,0.0333294034,-0.0238973887,-0.0093034563
3.972377,-0.053479,-8.480314,-2.806449,0.0248156021,-0.0238973887,-0.0061107808
3.973424,0.044993,-10.051007,-2.892913,0.0035310991,0.0186716175,0.0045314707
3.974473,-0.264834,-10.613679,-2.225223,-0.0071111525,0.0729471003,0.0183663977
3.97549,-0.689946,-9.572137,-1.502293,-0.0049827022,0.0899747028,0.0194306229
3.97654,-0.982961,-9.967205,-0.930673,0.0131091254,0.0761397758,0.0087883713
3.977589,-1.064621,-10.886635,0.010818,0.0429074297,0.0697544249,0.0024030204
3.978639,-0.553046,-9.165098,0.342261,0.0418432046,0.0857178022,0.0055956959
3.979656,-0.120729,-8.075669,1.110825,0.0280082776,0.1006169543,0.0109168216
3.980706,-0.485796,-11.207477,3.041841,0.0184302512,0.0048366905,0.0215590732
3.981758,0.131456,-10.400582,2.736818,-0.003918477,-0.0430534414,0.0055956959
3.982805,-0.017453,-10.256921,3.409311,-0.0134965034,-0.0430534414,-0.0135603569
3.983854,-0.132737,-9.696643,3.104287,-0.0305241059,-0.0377323157,-0.0220741581
3.984874,0.525345,-8.880171,2.34533,-0.0475517083,-0.0175120377,-0.0156888072
3.985922,0.676657,-8.880171,1.874585,-0.0443590329,0.0133504917,-0.0061107808
3.986971,0.280366,-9.409322,0.580035,-0.045423258,0.0133504917,-0.0050465557
3.98802,0.174688,-10.039035,-0.21735,-0.0358452316,-0.0068697862,-0.0093034563
3.989038,0.011368,-10.517905,-0.957093,-0.0028542519,-0.0164478126,-0.0135603569
3.990087,-0.442565,-10.44368,-1.795308,0.0226871518,-0.0270900641,-0.0156888072
3.991137,-0.579465,-9.605658,-1.840941,0.0322651782,-0.0409249911,-0.0156888072
3.992186,-0.262432,-8.71496,-2.172384,0.0290725027,-0.0387965408,-0.0124961318
3.993204,-0.106318,-8.980733,-2.592693,0.0088522248,-0.012190912,-0.0050465557
3.994256,-0.31287,-9.873825,-2.542256,-0.0060469273,0.0282496439,0.006659921
3.995303,-0.596277,-9.940867,-1.980243,-0.0049827022,0.0548552727,0.0141094971
3.996352,-0.925319,-9.943261,-1.074779,0.0109806751,0.043148796,0.0109168216
3.997528,-1.179906,-10.640017,-0.351849,0.0354578537,0.015478942,0.0055956959
3.998419,-0.879685,-10.460441,0.219771,0.0439716549,0.0208000678,0.0045314707
3.999469,-0.060684,-8.54975,0.54641,0.0216229267,0.0740113255,0.006659921
4.000518,0.064207,-8.453976,1.559954,-0.0017900267,0.1229656825,0.0087883713
4.001567,-0.562653,-11.118886,3.025029,-0.0081753776,0.1059380801,0.0151737222
4.002585,-0.257629,-11.30804,2.674372,-0.017753404,0.0516625972,0.0141094971
4.003634,0.196304,-9.478758,2.554284,-0.0145607286,0.0250569684,-0.0050465557
4.004683,-0.27204,-9.768474,3.241188,-0.0071111525,0.0059009156,-0.0199457078
4.005733,0.604604,-9.198619,2.138779,-0.0071111525,-0.0015486604,-0.007175006
4.006753,0.501328,-8.341442,1.379822,-0.0209460795,0.0229285181,-0.0029181054
4.0078,0.17709,-9.567349,0.375885,-0.045423258,0.015478942,-0.0093034563
4.008849,0.04019,-10.587341,0.075665,-0.0422305825,0.0059009156,-0.0146245821
4.009899,-0.267236,-10.153964,-0.880236,-0.0166891789,-0.0058055611,-0.0167530324
4.010917,-0.637107,-9.790023,-1.435043,0.0077879997,-0.0366680905,-0.021009933
4.011966,-0.485796,-9.380589,-1.778495,0.0216229267,-0.0568883684,-0.0231383833
4.013016,-0.02706,-9.100451,-2.763218,0.0141733506,-0.0430534414,-0.0156888072
4.014065,0.044993,-9.45242,-2.78003,-0.003918477,-0.0004844353,-0.0018538802
4.015115,-0.248022,-9.881008,-2.342909,-0.0134965034,0.0346349948,0.0098525965
4.016133,-0.637107,-10.357484,-1.802513,-0.0113680531,0.0356992199,0.0119810468
4.017182,-0.908507,-10.59213,-1.180457,0.0109806751,0.0229285181,0.0087883713
4.018231,-0.836454,-10.118049,-0.539186,0.0365220788,0.0218642929,0.0034672456
4.019281,-0.322477,-9.057352,0.243788,0.0365220788,0.0452772463,0.0045314707
4.020298,0.249143,-8.319893,0.479161,0.0173660261,0.0995527292,0.0109168216
4.021348,0.028181,-9.289604,1.535936,0.0056595494,0.1410575101,0.0173021725
4.022397,-0.834052,-11.284097,2.763237,0.0109806751,0.1080665304,0.020494848
4.023447,-1.0358,-11.573813,2.878522,0.0152375758,0.0229285181,0.0109168216
4.024464,-0.396931,-10.283259,2.844897,0.0131091254,-0.0441176666,-0.0103676814
4.025514,0.088225,-9.591292,2.792058,0.0024668739,-0.0558241433,-0.0231383833
4.026563,0.362026,-9.229745,2.792058,-0.0156249537,-0.0334754151,-0.0188814827
4.027612,0.659844,-8.911297,2.186814,-0.0347810065,-0.0026128856,-0.0082392311
4.028662,0.731897,-8.925663,1.178074,-0.0528728341,0.0208000678,-0.0039823305
4.02968,0.501328,-9.46918,0.299029,-0.0571297347,0.0218642929,-0.0082392311
4.030729,0.023377,-10.742974,-0.371063,-0.031588331,0.0005797899,-0.0135603569
4.031778,-0.473788,-9.392561,-1.768888,0.0397147543,-0.061145269,-0.0199457078
4.032828,-0.31287,-8.434822,-2.374132,0.0354578537,-0.0600810439,-0.0220741581
4.033846,-0.24562,-9.555377,-2.626317,0.00991645,-0.0207047132,-0.0146245821
4.034895,-0.310468,-10.082134,-2.107537,-0.0113680531,0.015478942,-0.0007896551
4.035944,-0.310468,-9.718193,-1.713648,-0.0156249537,0.0197358426,0.006659921
4.036994,-0.610688,-10.118049,-1.209278,0.0056595494,0.0048366905,0.0087883713
4.038011,-1.062219,-10.374244,-0.500758,0.0333294034,-0.0111266868,0.0098525965
4.039061,-0.846061,-10.051007,-0.200538,0.0397147543,-0.0058055611,0.0109168216
4.04011,-0.127934,-9.119605,0.28702,0.0226871518,0.0516625972,0.0109168216
4.04116,0.150671,-8.396512,0.772176,0.0003384236,0.1304152586,0.0098525965
4.042209,-0.32728,-10.072556,2.021092,-0.0103038279,0.1548924371,0.0098525965
4.043227,-0.761999,-11.734234,2.616729,-0.0081753776,0.1155161065,0.0130452719
4.044276,-0.673134,-10.82917,2.24926,0.0024668739,0.0580479482,0.0055956959
4.045325,-0.339289,-9.598475,2.871316,0.0067237745,0.0059009156,-0.0135603569
4.046377,0.181894,-9.351857,2.732014,0.0014026488,-0.0217689384,-0.0199457078
4.047393,0.542158,-9.366223,2.237251,-0.0049827022,-0.0111266868,-0.0093034563
4.048442,0.51814,-9.246506,1.749693,-0.0198818543,0.0144147169,0.0013387952
4.049491,0.527747,-8.925663,0.580035,-0.0486159335,0.0271854187,-0.0018538802
4.050541,0.241938,-9.737347,0.092477,-0.0550012844,0.0218642929,-0.0135603569
4.051558,-0.488198,-11.367899,-0.356652,-0.031588331,-0.0047413359,-0.021009933
4.052608,-0.802829,-10.613679,-0.880236,0.0067237745,-0.0494387924,-0.021009933
4.053657,-0.57226,-8.298344,-1.435043,0.0312009531,-0.0845582224,-0.0252668336
4.054707,-0.226406,-8.621581,-2.306883,0.0163018009,-0.0781728715,-0.0242026084
4.055758,-0.099113,-10.37185,-2.297276,-0.0049827022,-0.0334754151,-0.0093034563
4.056773,-0.279245,-9.94805,-1.821727,-0.0134965034,-0.0004844353,0.0055956959
4.057823,-0.502609,-10.350301,-1.065172,-0.0007258016,-0.0047413359,0.0024030204
4.058875,-0.836454,-10.687904,-0.248573,0.0269440524,-0.0026128856,0.0045314707
4.059922,-0.375315,-9.545799,-0.200538,0.0290725027,0.0218642929,0.0077241462
4.060939,0.388445,-8.475526,0.366278,0.0120449003,0.0952958285,0.0109168216
4.061989,0.191501,-9.069324,1.007549,-0.0049827022,0.1665989138,0.0141094971
4.063038,-0.50501,-10.786072,1.692051,-0.0113680531,0.167663139,0.0162379474
4.064088,-0.834052,-11.157196,2.388562,-0.0028542519,0.1070023052,0.0130452719
4.065105,-0.70916,-10.438891,2.08594,0.0131091254,0.0325065445,0.0002745701
4.066155,-0.221603,-9.878614,2.429392,0.0163018009,-0.0153835874,-0.0124961318
4.067204,0.253946,-9.375801,2.720005,0.0109806751,-0.0292185144,-0.0103676814
4.068256,0.50373,-8.86341,1.994673,-0.0049827022,-0.0185762629,-0.0007896551
4.069303,0.513337,-9.009465,1.353403,-0.0347810065,0.0037724653,0.0013387952
4.07032,0.34041,-9.936078,0.594446,-0.0560655095,0.0144147169,-0.0082392311
4.07137,0.109841,-10.379033,-0.042021,-0.0507443838,0.0069651408,-0.021009933
4.072419,-0.392128,-10.297625,-0.469535,-0.0188176292,-0.0175120377,-0.0263310588
4.073468,-0.834052,-9.816361,-0.889843,0.0131091254,-0.0600810439,-0.0242026084
4.074486,-0.574662,-8.84665,-1.598363,0.0258798273,-0.0877508979,-0.0220741581
4.075536,-0.192781,-8.95679,-2.203607,0.0131091254,-0.0728517457,-0.0156888072
4.076585,-0.262432,-10.101288,-1.747272,-0.0071111525,-0.0409249911,-0.0050465557
4.077634,-0.305664,-10.300019,-1.40382,-0.0145607286,-0.026025839,0.0024030204
4.078652,-0.211995,-9.742136,-1.379803,-0.0092396028,-0.0228331635,0.0024030204
4.079701,-0.425752,-9.916923,-0.731327,0.0056595494,-0.0207047132,0.0034672456
4.080753,-0.553046,-10.127626,-0.078048,0.0184302512,-0.0068697862,0.0098525965
4.0818,-0.147148,-9.349463,0.114093,0.0163018009,0.0442130212,0.0151737222
4.082817,0.150671,-8.839467,0.553616,0.0024668739,0.1219014574,0.0162379474
4.083867,-0.706758,-10.980014,1.413447,-0.0124322782,0.1687273641,0.0141094971
4.084917,-1.086237,-10.92255,2.001878,-0.0007258016,0.1048738549,0.006659921
4.085966,-0.802829,-10.144387,2.028298,0.0131091254,0.0314423193,-0.0061107808
4.087015,-0.075095,-9.392561,1.893799,0.0109806751,-0.0058055611,-0.0124961318
4.088033,0.359624,-9.184253,2.12677,0.0056595494,-0.0132551371,-0.007175006
4.089083,0.357222,-9.555377,1.747292,-0.003918477,-0.012190912,0.0013387952
4.090134,0.508533,-9.110028,0.719337,-0.0305241059,-0.0015486604,0.0013387952
4.091182,0.398052,-9.382984,0.121299,-0.045423258,0.0080293659,-0.0114319066
4.092199,-0.296057,-10.963254,0.094879,-0.0337167813,-0.0079340114,-0.0242026084
4.093251,-0.651518,-10.695087,-0.409491,-0.0060469273,-0.0494387924,-0.0295237342
4.094298,-0.589072,-8.954395,-0.769755,0.0205587015,-0.088815123,-0.0284595091
4.095347,-0.418547,-8.408484,-1.295741,0.0248156021,-0.1015858249,-0.0220741581
4.096365,-0.267236,-9.497912,-1.848146,0.0024668739,-0.0877508979,-0.0103676814
4.097414,-0.240817,-10.575369,-1.166046,-0.0188176292,-0.0590168187,-0.0018538802
4.098464,-0.048676,-10.134809,-1.101198,-0.0209460795,-0.0292185144,-0.0018538802
4.099513,-0.0823,-9.57932,-0.923468,-0.0103038279,-0.0132551371,-0.0061107808
4.100563,-0.432958,-10.141992,-0.130886,0.0045953242,-0.0089982365,-0.0029181054
4.10158,-0.308066,-10.055796,-0.164511,0.0131091254,0.0208000678,0.0087883713
4.102632,0.157876,-8.640736,0.135709,0.0109806751,0.0963600537,0.0162379474
4.103679,0.117046,-8.817917,0.529598,-0.0017900267,0.1697915893,0.0173021725
4.104728,-0.519421,-11.128464,1.050781,-0.0071111525,0.1932045427,0.0173021725
4.105749,-0.973354,-11.703108,1.353403,0.0035310991,0.1602135629,0.0109168216
4.106795,-0.805231,-9.813966,1.430259,0.0120449003,0.0963600537,-0.0061107808
4.107845,-0.382521,-8.930452,1.920218,0.0152375758,0.0378276702,-0.0146245821
4.108894,0.093028,-9.450025,1.845764,0.0120449003,0.0090935911,-0.0061107808
4.109912,0.155474,-9.572137,1.519124,-0.017753404,-0.012190912,0.0098525965
4.110961,0.251545,-9.306365,0.503179,-0.0432948077,-0.0185762629,-0.0050465557
4.112012,0.028181,-10.31678,0.219771,-0.0507443838,-0.0153835874,-0.0242026084
4.11306,-0.40894,-10.826776,0.145316,-0.0305241059,-0.0249616138,-0.0295237342
4.11411,-0.596277,-9.371012,-0.431107,-0.003918477,-0.0558241433,-0.0284595091
4.115129,-0.596277,-8.664679,-0.774559,0.0077879997,-0.0877508979,-0.0252668336
4.116176,-0.291254,-9.502701,-1.137225,0.0003384236,-0.0973289243,-0.0178172575
4.117226,-0.180773,-10.204245,-1.228492,-0.0081753776,-0.0877508979,-0.0082392311
4.118275,-0.161558,-9.991148,-0.81779,-0.0156249537,-0.074980196,-0.0050465557
4.119293,0.061805,-9.722981,-0.800978,-0.0156249537,-0.0590168187,-0.0093034563
4.120342,-0.099113,-9.93129,-0.457526,-0.003918477,-0.0430534414,-0.0082392311
4.121392,-0.183174,-9.725376,-0.159708,0.0024668739,-0.0238973887,0.0002745701
4.122441,0.191501,-9.382984,-0.178922,-0.0007258016,0.0325065445,0.0119810468
4.123459,0.25875,-9.371012,0.212566,-0.0081753776,0.1250941328,0.0236875235
4.12451,-0.197585,-9.83791,0.236583,-0.0156249537,0.1932045427,0.0236875235
4.125557,-0.764401,-10.896212,0.580035,-0.0103038279,0.2006541188,0.0130452719
4.126607,-1.016586,-10.99438,1.03637,0.00991645,0.1591493378,0.0013387952
4.127656,-0.697151,-9.675094,1.048379,0.0301367279,0.0942316034,-0.0103676814
4.128674,-0.137541,-8.95679,1.293359,0.0343936285,0.0442130212,-0.0124961318
4.129723,0.097832,-9.426082,1.519124,0.0280082776,0.0176073923,0.0034672456
4.130773,0.011368,-9.646362,1.463884,0.00991645,-0.0004844353,0.0183663977
4.131822,-0.094309,-9.921712,0.892264,-0.0209460795,-0.0185762629,0.0130452719
4.132839,-0.240817,-10.563398,0.719337,-0.045423258,-0.0334754151,-0.007175006
4.133889,-0.322477,-10.079739,0.560821,-0.0475517083,-0.0462461169,-0.0305879594
4.134938,-0.317673,-9.23214,-0.003593,-0.0305241059,-0.0558241433,-0.0412302109
4.135988,-0.430556,-9.46918,-0.589623,0.0077879997,-0.0781728715,-0.0178172575
4.137008,-0.072693,-8.875382,-1.060368,0.0024668739,-0.0792370967,-0.0093034563
4.138055,-0.214397,-10.137204,-0.738532,-0.0060469273,-0.081365547,-0.0082392311
4.139104,-0.57226,-11.348744,-0.54399,-0.0049827022,-0.0856224476,-0.0093034563
4.140153,-0.315271,-9.576926,-0.553597,-0.003918477,-0.0824297721,-0.0146245821
4.141171,-0.005444,-8.535384,-0.097262,-0.0060469273,-0.0717875206,-0.0156888072
4.142221,0.157876,-9.610447,0.332654,-0.003918477,-0.0419892163,-0.0007896551
4.14327,0.594997,-9.651151,-0.087655,-0.0028542519,0.0410203457,0.0194306229
4.144319,0.563774,-9.648756,0.070862,-0.0103038279,0.1421217353,0.0258159738
4.145368,-0.10872,-10.635228,0.452742,-0.0103038279,0.1921403175,0.0183663977
4.146387,-0.646714,-11.051845,0.253395,0.0003384236,0.1878834169,0.006659921
4.147435,-0.793222,-10.70227,0.719337,0.0194944764,0.1548924371,-0.0029181054
4.148485,-0.396931,-9.253689,0.75056,0.0301367279,0.1208372322,-0.0061107808
4.149534,-0.070292,-7.898488,0.822613,0.0280082776,0.0963600537,-0.0029181054
4.150552,-0.380119,-9.210591,1.528731,0.0152375758,0.0591121733,0.0098525965
4.151601,-0.502609,-10.735791,1.266939,-0.0049827022,0.015478942,0.0194306229
4.15265,-0.420949,-10.491567,0.671302,-0.0209460795,-0.0153835874,0.0055956959
4.1537,-0.4906,-10.110866,0.721739,-0.0422305825,-0.0494387924,-0.0199457078
4.154718,-0.36811,-9.828333,0.62807,-0.0475517083,-0.0760444212,-0.0337806348
4.155767,-0.305664,-9.57932,0.152521,-0.0283956555,-0.074980196,-0.03484486
4.156816,-0.339289,-9.347068,0.104486,-0.0124322782,-0.0707232954,-0.0242026084
4.157866,-0.106318,-8.91848,-0.253376,-0.0071111525,-0.0728517457,-0.0156888072
4.158915,0.028181,-9.294393,-0.587221,-0.0081753776,-0.0707232954,-0.0146245821
4.159933,-0.043872,-10.513116,-0.027611,-0.0081753776,-0.0707232954,-0.0135603569
4.160982,-0.147148,-10.7741,0.087674,-0.0007258016,-0.074980196,-0.0082392311
4.162032,-0.048676,-8.664679,-0.27259,-0.0113680531,-0.0717875206,-0.0093034563
4.163081,0.573381,-10.101288,-0.250975,-0.0198818543,-0.0185762629,0.0024030204
4.164099,0.717486,-10.175513,-0.301412,-0.0209460795,0.0772040009,0.020494848
4.165148,0.304383,-9.35904,-0.375866,-0.0283956555,0.1570208875,0.0258159738
4.166198,-0.185576,-10.323963,-0.018004,-0.017753404,0.1868191918,0.0183663977
4.16725,-0.57226,-11.030296,0.058853,0.0194944764,0.1804338408,0.006659921
4.168265,-0.740383,-10.26171,0.051647,0.051421231,0.1527639868,-0.0007896551
4.169314,-0.459377,-8.750876,0.202958,0.0567423567,0.1219014574,0.0002745701
4.170364,-0.197585,-7.965529,0.263003,0.0429074297,0.1016811795,0.006659921
4.171413,-0.639509,-9.96481,1.084405,0.0205587015,0.0612406236,0.0183663977
4.172462,-0.848462,-11.243393,1.343796,-0.0060469273,-0.0058055611,0.0215590732
4.17348,-0.435359,-10.149175,0.661695,-0.0273314304,-0.0558241433,0.0013387952
4.17453,-0.512216,-10.192274,1.074798,-0.0369094568,-0.0771086464,-0.0252668336
4.175579,-0.6275,-10.118049,1.206895,-0.0358452316,-0.0920077985,-0.0337806348
4.17663,-0.23121,-8.784397,0.479161,-0.0283956555,-0.0920077985,-0.0273952839
4.177646,-0.039069,-8.540173,0.435929,-0.0230745298,-0.0760444212,-0.0167530324
4.178695,-0.099113,-9.473969,0.003612,-0.017753404,-0.06753062,-0.007175006
4.179745,-0.091907,-10.359878,-0.267787,-0.0092396028,-0.0696590703,-0.0093034563
4.180794,-0.051077,-10.707059,0.166932,0.0035310991,-0.0739159709,-0.0156888072
4.181811,-0.209594,-10.153964,0.202958,0.0141733506,-0.0781728715,-0.0188814827
4.182861,-0.334485,-9.026226,0.157325,0.0088522248,-0.081365547,-0.0178172575
4.18391,0.153072,-8.880171,-0.073244,-0.0049827022,-0.0654021697,-0.007175006
4.18496,0.76312,-9.591292,-0.25818,-0.0166891789,-0.0068697862,0.0109168216
4.18601,0.765522,-9.74453,-0.443116,-0.0241387549,0.0803966764,0.0236875235
4.187026,0.265955,-10.412554,-0.498356,-0.0241387549,0.1506355365,0.0226232983
4.188076,-0.589072,-10.513116,-0.426303,0.0333294034,0.1665989138,0.0024030204
4.189127,-0.581867,-8.95679,-0.186127,0.0503570058,0.1485070862,-0.0039823305
4.190175,-0.392128,-8.142711,0.022826,0.0461001052,0.1368006095,0.0024030204
4.191192,-0.392128,-8.707777,0.176539,0.0258798273,0.1197730071,0.0173021725
4.192241,-0.939729,-10.53706,0.841827,0.0014026488,0.07081865,0.0279444241
4.193291,-1.242351,-11.355927,0.865845,-0.0188176292,-0.0089982365,0.0194306229
4.194341,-0.860471,-10.479595,0.901871,-0.0273314304,-0.0771086464,-0.0103676814
4.195358,-0.557849,-10.04143,1.120432,-0.0252029801,-0.1037142752,-0.0337806348
4.196408,-0.399333,-9.447631,1.264537,-0.0230745298,-0.095200474,-0.0327164097
4.197457,-0.099113,-8.53299,1.086807,-0.0230745298,-0.0760444212,-0.0231383833
4.198509,0.071412,-8.849044,0.834622,-0.0252029801,-0.0579525936,-0.0135603569
4.199556,0.076216,-9.52425,0.762569,-0.0252029801,-0.0515672427,-0.0093034563
4.200573,0.030582,-10.563398,0.558419,-0.0166891789,-0.06753062,-0.0103676814
4.201625,0.028181,-11.109309,0.625669,-0.0028542519,-0.0877508979,-0.0135603569
4.202672,0.066609,-9.667911,0.224574,0.0035310991,-0.0898793482,-0.0156888072
4.203722,0.090627,-8.580877,-0.162109,-0.003918477,-0.0707232954,-0.0156888072
4.204739,0.35482,-9.339885,-0.337438,-0.017753404,-0.0228331635,-0.0018538802
4.205789,0.731897,-9.998331,-0.918664,-0.0326525562,0.0505983721,0.0173021725
4.206838,0.628621,-9.718193,-0.949887,-0.0358452316,0.1208372322,0.0247517486
4.207888,-0.010247,-10.38861,-0.877834,-0.0156249537,0.1516997617,0.020494848
4.208905,-0.509814,-11.427757,-0.772157,0.0226871518,0.139993285,0.0130452719
4.209955,-0.476189,-10.405371,-0.731327,0.0599350322,0.1293510335,0.0055956959
4.211006,-0.221603,-8.142711,-0.988316,0.0641919328,0.1389290598,0.0024030204
4.212053,-0.243218,-7.766798,-0.527177,0.0439716549,0.1506355365,0.0098525965
4.213071,-0.793222,-9.526645,0.503179,0.0258798273,0.1282868083,0.0258159738
4.21412,-1.309601,-11.616911,0.85864,-0.0103038279,-0.0441176666,0.0077241462
4.21517,-0.807633,-10.520299,1.425455,-0.0134965034,-0.1186134273,-0.0178172575
4.21622,-0.442565,-9.076507,1.387027,-0.0166891789,-0.1388337053,-0.0305879594
4.217269,-0.192781,-9.009465,1.504714,-0.0252029801,-0.1132923016,-0.0231383833
4.218286,-0.055881,-9.356646,1.595981,-0.0283956555,-0.0739159709,-0.007175006
4.219336,-0.075095,-8.896931,1.053182,-0.0337167813,-0.053695693,-0.0029181054
4.220386,-0.029462,-9.241717,0.949907,-0.0305241059,-0.0590168187,-0.0124961318
4.221435,-0.055881,-11.178745,0.949907,-0.0081753776,-0.0760444212,-0.0188814827
4.222452,-0.168764,-11.102126,0.769774,0.0131091254,-0.0962646991,-0.0178172575
4.223504,-0.075095,-8.805946,0.267806,0.0141733506,-0.1058427255,-0.0199457078
4.224551,0.253946,-8.305527,-0.154904,0.0024668739,-0.081365547,-0.0156888072
4.2256,0.691067,-9.847487,-0.745738,-0.0145607286,-0.0175120377,0.0002745701
4.226618,0.851985,-10.628045,-1.173251,-0.0305241059,0.0697544249,0.0173021725
4.227668,0.441284,-10.034247,-0.997923,-0.0230745298,0.1368006095,0.0215590732
4.228717,-0.214397,-10.051007,-1.031547,0.0035310991,0.1421217353,0.0151737222
4.229767,-0.529028,-10.86748,-0.906656,0.0365220788,0.1165803316,0.006659921
4.230816,-0.396931,-10.221006,-0.901852,0.0641919328,0.1165803316,0.0055956959
4.231833,-0.154353,-7.630321,-1.024342,0.0567423567,0.1421217353,0.0098525965
4.232885,-0.353699,-7.441167,-0.740934,0.023751377,0.1580851126,0.0173021725
4.233932,-1.151084,-10.951282,0.337457,0.0056595494,0.1325437089,0.0311370995
4.234982,-1.600214,-12.225076,0.928291,-0.0007258016,0.056983723,0.0279444241
4.236002,-1.177504,-10.726213,0.716936,-0.0081753776,-0.0419892163,-0.0029181054
4.237049,-0.723571,-9.902557,1.595981,-0.0092396028,-0.1079711758,-0.0284595091
4.238098,-0.565055,-9.375801,2.00428,-0.0081753776,-0.1196776525,-0.0273952839
4.239147,0.234732,-8.64313,2.057119,-0.031588331,-0.0579525936,-0.0007896551
4.240165,0.287571,-9.191436,1.516722,-0.0379736819,-0.0430534414,-0.0061107808
4.241215,0.157876,-10.661566,1.437464,-0.0337167813,-0.0526314678,-0.0188814827
4.242264,0.057002,-11.238604,1.226109,-0.0134965034,-0.0622094942,-0.0242026084
4.243314,-0.228808,-9.734953,0.659293,0.0045953242,-0.0728517457,-0.021009933
4.244363,-0.211995,-8.322287,0.056451,-0.0017900267,-0.0866866727,-0.0167530324
4.245382,0.448489,-9.086084,-0.596828,-0.017753404,-0.0696590703,-0.0061107808
4.24643,0.928842,-10.44368,-1.161242,-0.0273314304,0.001644015,0.0109168216
4.247479,0.775129,-10.649594,-1.574346,-0.0294598807,0.0899747028,0.0183663977
4.248529,0.342812,-10.04143,-1.36299,-0.0134965034,0.1325437089,0.0130452719
4.249546,-0.144746,-9.952839,-1.326964,0.023751377,0.1197730071,0.0055956959
4.250596,-0.519421,-10.302414,-1.314955,0.0578065819,0.1006169543,0.006659921
4.251645,-0.396931,-8.963973,-1.461463,0.0673846083,0.1229656825,0.0141094971
4.252694,-0.089506,-7.240042,-1.535917,0.0429074297,0.1634062384,0.020494848
4.253712,-0.66833,-9.380589,-0.375866,0.0163018009,0.1591493378,0.0290086492
4.254761,-1.559384,-12.239442,0.495973,0.0109806751,0.0963600537,0.0322013247
4.255811,-1.492135,-11.118886,0.796194,0.0077879997,0.001644015,0.0119810468
4.25686,-0.963747,-10.05819,1.413447,0.0035310991,-0.0856224476,-0.0178172575
4.257909,-0.699553,-10.417342,1.977861,0.0003384236,-0.1249987783,-0.0231383833
4.258927,-0.351298,-9.23214,2.069128,-0.0145607286,-0.1175492022,-0.0103676814
4.259977,0.198706,-8.085247,2.148386,-0.0283956555,-0.0856224476,-0.0007896551
4.261026,0.325999,-8.609609,2.314107,-0.0326525562,-0.0547599181,-0.0007896551
4.262075,0.174688,-9.888191,1.766506,-0.0305241059,-0.0568883684,-0.0093034563
4.263093,0.181894,-11.037479,1.435062,-0.0145607286,-0.0696590703,-0.0199457078
4.264142,-0.151951,-10.903395,1.310171,0.0109806751,-0.0803013218,-0.0231383833
4.265192,-0.538635,-9.2489,0.474358,0.0109806751,-0.1058427255,-0.021009933
4.266241,0.703076,-9.677489,-0.906656,-0.0209460795,-0.0387965408,-0.0018538802
4.267261,0.731897,-10.153964,-1.319759,-0.0283956555,0.0388918954,0.0098525965
4.268308,0.4629,-10.05819,-1.499891,-0.0198818543,0.0889104776,0.0109168216
4.269357,-0.005444,-10.381427,-1.300545,0.00991645,0.0942316034,0.0087883713
4.270407,-0.375315,-10.153964,-1.437445,0.0418432046,0.0665617494,0.0077241462
4.271424,-0.348896,-9.548194,-1.802513,0.0556781316,0.0686901997,0.0077241462
4.272474,-0.192781,-8.497075,-1.502293,0.0439716549,0.1240299077,0.0151737222
4.274573,-0.982961,-10.082134,-0.267787,-0.0007258016,0.1697915893,0.0268801989
4.273523,-0.264834,-7.922431,-1.202072,0.0163018009,0.1751127151,0.0236875235
4.275622,-1.720302,-12.265779,0.599249,0.0045953242,0.1048738549,0.0215590732
4.276639,-1.54017,-11.43494,0.906675,0.0120449003,0.0069651408,0.0002745701
4.277689,-0.963747,-9.945656,1.629605,0.0131091254,-0.0760444212,-0.021009933
4.278738,-0.502609,-9.112422,1.713667,0.0067237745,-0.095200474,-0.0188814827
4.279788,-0.175969,-8.614398,2.266072,-0.003918477,-0.0707232954,-0.007175006
4.280805,0.028181,-8.975944,2.880923,-0.0166891789,-0.0600810439,0.0013387952
4.281855,0.42207,-9.069324,2.254063,-0.031588331,-0.053695693,0.0002745701
4.282904,0.446087,-9.809178,1.982664,-0.0273314304,-0.039860766,-0.0156888072
4.283953,-0.070292,-11.58339,2.052315,-0.0145607286,-0.0441176666,-0.0252668336
4.284971,-0.161558,-10.683115,1.439866,-0.0081753776,-0.0654021697,-0.0242026084
4.28602,-0.02706,-7.99905,0.351868,-0.0092396028,-0.0760444212,-0.021009933
4.287069,0.081019,-8.351019,-0.483945,-0.0262672052,-0.0728517457,-0.0114319066
4.288119,0.616612,-10.692692,-1.254911,-0.0401021322,-0.0366680905,0.0077241462
4.289168,0.952859,-10.747762,-1.872164,-0.0347810065,0.0442130212,0.0183663977
4.290186,0.50373,-9.739742,-1.862557,-0.0166891789,0.1027454046,0.0109168216
4.291235,-0.113523,-10.170724,-1.473471,0.0131091254,0.084653577,0.0024030204
4.292285,-0.396931,-8.889748,-2.124349,0.0578065819,0.0793324512,0.0109168216
4.293334,-0.305664,-7.721306,-1.502293,0.0365220788,0.1293510335,0.0215590732
4.294352,-0.493002,-8.990311,-1.161242,0.0131091254,0.1591493378,0.0290086492
4.295401,-1.223137,-11.34635,-0.373464,0.0077879997,0.1431859605,0.0300728744
4.29645,-1.720302,-11.743811,0.837024,0.0141733506,0.0654975242,0.0151737222
4.297502,-1.398466,-10.7741,1.127637,0.0173660261,-0.0451818917,-0.0082392311
4.298517,-0.77641,-9.809178,1.653623,0.0109806751,-0.1079711758,-0.0167530324
4.299567,-0.339289,-9.160309,2.321313,0.0024668739,-0.1015858249,-0.0093034563
4.300616,-0.029462,-8.868199,2.717603,-0.0134965034,-0.0717875206,0.0002745701
4.301666,0.328401,-8.585666,2.763237,-0.0337167813,-0.053695693,0.0013387952
4.302715,0.575782,-8.856227,2.24926,-0.0411663574,-0.0419892163,-0.007175006
4.303733,0.265955,-10.771706,2.081136,-0.0273314304,-0.0387965408,-0.0188814827
4.304782,-0.173567,-11.932965,2.064324,-0.0071111525,-0.0526314678,-0.0220741581
4.305831,-0.02706,-9.586503,0.973924,-0.0007258016,-0.0760444212,-0.0199457078
4.306883,0.234732,-8.022994,-0.152502,-0.0092396028,-0.088815123,-0.0178172575
4.307898,0.417266,-9.842699,-0.668881,-0.0188176292,-0.0664663948,-0.0061107808
4.308948,0.767923,-10.678326,-1.63439,-0.0241387549,0.0090935911,0.0087883713
4.309997,0.623818,-9.63439,-1.790504,-0.0198818543,0.084653577,0.0109168216
4.311046,-0.007846,-9.615236,-1.547926,0.0003384236,0.0857178022,0.0034672456
4.312064,-0.380119,-10.496356,-2.03068,0.0290725027,0.0474056966,0.0013387952
4.313114,-0.526626,-9.89298,-1.922601,0.0503570058,0.043148796,0.0055956959
4.314163,-0.553046,-7.955952,-1.792906,0.0450358801,0.0750755506,0.0130452719
4.315212,-0.557849,-8.171443,-1.418231,0.0216229267,0.1070023052,0.0236875235
4.316261,-0.87248,-11.102126,-0.868227,0.0120449003,0.1240299077,0.0311370995
4.31728,-1.249557,-11.971275,-0.342242,0.0120449003,0.112323431,0.0226232983
4.318329,-1.064621,-9.684672,1.473491,0.0045953242,-0.0292185144,-0.0146245821
4.31938,-0.577063,-10.376638,2.172403,0.0088522248,-0.0600810439,-0.0061107808
4.320428,-0.219201,-9.512279,2.554284,0.0056595494,-0.0579525936,0.0045314707
4.321445,-0.048676,-8.351019,2.688782,-0.0103038279,-0.0568883684,0.0045314707
4.322495,0.037788,-8.820312,2.844897,-0.0230745298,-0.0643379445,-0.0039823305
4.323543,0.189099,-10.594524,2.400571,-0.0241387549,-0.06753062,-0.0146245821
4.324593,0.29958,-11.317617,2.266072,-0.0156249537,-0.0558241433,-0.021009933
4.325611,0.201108,-9.7996,1.778514,-0.0145607286,-0.0451818917,-0.0242026084
4.32666,0.124251,-8.501863,0.79139,-0.0262672052,-0.0515672427,-0.0242026084
4.32771,0.292375,-9.464392,0.030032,-0.0326525562,-0.0505030175,-0.0156888072
4.328761,0.494123,-10.42692,-0.863424,-0.0283956555,-0.0164478126,-0.0018538802
4.329809,0.448489,-9.811572,-1.43024,-0.0145607286,0.029313869,0.0013387952
4.330826,0.184295,-9.696643,-1.872164,0.0024668739,0.0505983721,-0.0039823305
4.331878,-0.14955,-10.419737,-2.218018,0.0194944764,0.0420845709,-0.0029181054
4.332925,-0.432958,-9.818755,-2.162777,0.0322651782,0.0346349948,0.0045314707
4.333974,-0.524225,-8.786791,-2.172384,0.0269440524,0.0463414715,0.0087883713
4.334991,-0.416145,-8.650313,-1.768888,0.0120449003,0.0772040009,0.0151737222
4.336041,-0.454573,-9.332702,-1.413427,0.0003384236,0.112323431,0.0215590732
4.33709,-0.980559,-11.133253,-0.767353,-0.0007258016,0.1176445568,0.020494848
4.33814,-1.484929,-11.542686,0.267806,0.0173660261,0.0772040009,0.0098525965
4.339157,-1.249557,-9.835516,0.592044,0.0280082776,0.0133504917,-0.0082392311
4.340207,-0.665929,-9.224957,1.54074,0.0226871518,-0.0345396402,-0.0146245821
4.341259,-0.363307,-9.878614,2.585507,0.0205587015,-0.0547599181,-0.0029181054
4.342305,-0.175969,-9.916923,2.792058,0.0077879997,-0.0622094942,0.0055956959
4.343323,0.220322,-9.071718,2.996208,-0.0220103046,-0.0579525936,0.0013387952
4.344372,0.071412,-10.589735,2.883325,-0.0443590329,-0.0558241433,-0.0199457078
4.345422,0.085823,-10.860297,2.210832,-0.0369094568,-0.0568883684,-0.0263310588
4.346471,0.275562,-9.122,1.250127,-0.0294598807,-0.0483745672,-0.0284595091
4.347521,0.232331,-8.544962,0.563223,-0.0294598807,-0.0483745672,-0.0220741581
4.348538,0.398052,-9.87622,-0.738532,-0.0337167813,-0.0356038654,-0.0082392311
4.350637,0.333205,-9.878614,-1.797709,-0.0092396028,0.0537910475,0.0024030204
4.349588,0.556568,-10.541848,-1.495087,-0.0273314304,0.0144147169,0.0034672456
4.351686,0.037788,-9.90974,-2.052296,0.0141733506,0.0452772463,-0.0050465557
4.352704,-0.156755,-10.391004,-1.929806,0.037586304,0.0197358426,-0.0029181054
4.353756,-0.255227,-9.438054,-2.563872,0.0461001052,0.0271854187,0.0077241462
4.354802,-0.363307,-8.130739,-2.580684,0.0280082776,0.0654975242,0.0151737222
4.355852,-0.468984,-8.511441,-1.982645,0.0035310991,0.1038096298,0.0215590732
4.35687,-0.723571,-10.477201,-1.504694,-0.0017900267,0.1229656825,0.0247517486
4.357919,-1.441698,-11.916205,-0.344643,0.0163018009,0.0995527292,0.0183663977
4.358968,-1.619428,-10.869874,0.212566,0.0365220788,0.0335707696,0.0024030204
4.360018,-0.841257,-8.987916,0.697721,0.0354578537,-0.0207047132,-0.0114319066
4.361067,-0.485796,-9.256083,2.150788,0.0333294034,-0.0451818917,-0.0039823305
4.362085,-0.459377,-10.106077,3.145117,0.0290725027,-0.0696590703,0.0130452719
4.363137,0.232331,-9.564954,3.034636,0.0003384236,-0.0824297721,0.0119810468
4.364184,0.695871,-9.411716,2.919351,-0.0294598807,-0.0579525936,-0.0061107808
4.365233,0.227527,-10.209034,3.253196,-0.045423258,-0.0324111899,-0.0220741581
4.366253,-0.087104,-10.630439,2.914548,-0.045423258,-0.0377323157,-0.0252668336
4.3673,0.061805,-9.660728,2.021092,-0.0305241059,-0.0441176666,-0.021009933
4.368349,0.064207,-8.647919,1.072396,-0.0188176292,-0.0515672427,-0.0167530324
4.369399,0.453293,-10.27847,-0.767353,-0.0209460795,-0.0451818917,-0.0061107808
4.370416,0.410061,-9.830727,-1.408624,-0.0103038279,0.0005797899,-0.0039823305
4.371466,-0.072693,-9.830727,-1.687228,-0.0007258016,0.0208000678,-0.0061107808
4.372515,-0.40894,-9.988754,-1.819325,0.0194944764,0.0144147169,-0.0061107808
4.373564,-0.432958,-9.476363,-2.150768,0.0343936285,0.0101578162,-0.0029181054
4.374614,-0.356101,-9.162704,-2.17959,0.0280082776,0.0218642929,0.0034672456
4.375634,-0.291254,-9.17707,-2.227625,0.0088522248,0.0591121733,0.0119810468
4.376681,-0.430556,-9.114817,-1.932208,-0.0060469273,0.1048738549,0.0151737222
4.37773,-0.944533,-10.352695,-1.038753,-0.0092396028,0.1187087819,0.0119810468
4.37878,-1.422484,-11.808459,0.039639,0.00991645,0.0910389279,0.006659921
4.379797,-1.249557,-10.529877,0.563223,0.0301367279,0.0452772463,-0.0029181054
4.380847,-0.593876,-8.46116,0.947505,0.0194944764,0.0059009156,-0.007175006
4.381896,-0.315271,-9.169887,2.270876,0.0152375758,-0.0196404881,0.0013387952
4.382945,-0.300861,-10.450863,2.97219,0.0141733506,-0.0409249911,0.0130452719
4.383963,0.21792,-9.761291,2.662363,-0.0145607286,-0.0515672427,0.0077241462
4.385012,0.364427,-9.804389,2.921753,-0.0358452316,-0.0430534414,-0.0114319066
4.386062,-0.139943,-10.417342,3.282018,-0.0401021322,-0.0473103421,-0.0273952839
4.387111,-0.046274,-9.787629,2.623935,-0.0411663574,-0.0685948451,-0.0305879594
4.38816,0.357222,-9.224957,2.001878,-0.0326525562,-0.0590168187,-0.0231383833
4.389178,0.39565,-9.064535,1.086807,-0.0294598807,-0.0334754151,-0.0135603569
4.390228,0.486917,-9.212985,-0.330233,-0.0422305825,-0.0185762629,-0.0093034563
4.391277,0.501328,-10.156358,-0.880236,-0.0390379071,0.001644015,-0.0093034563
4.392326,0.102635,-10.778889,-1.490284,-0.0166891789,0.0218642929,-0.0093034563
4.393344,-0.296057,-10.0965,-1.85295,0.0088522248,0.0165431672,-0.0082392311
4.394393,-0.250424,-9.086084,-2.165179,0.0280082776,-0.0004844353,-0.0093034563
4.395443,-0.168764,-9.713404,-2.981778,0.00991645,0.0516625972,0.0077241462
4.396492,-0.468984,-9.167492,-2.49422,-0.0049827022,0.098488504,0.0194306229
4.397512,-0.802829,-9.234534,-1.876968,-0.0049827022,0.112323431,0.0194306229
4.398559,-1.316806,-11.054239,-0.815389,0.0194944764,0.0889104776,0.0141094971
4.399609,-1.496938,-11.533109,0.126102,0.0546139064,0.0463414715,0.0077241462
4.400658,-0.841257,-9.555377,0.563223,0.0609992574,0.0101578162,0.0002745701
4.401675,-0.091907,-8.243274,1.108423,0.0418432046,0.0005797899,-0.0007896551
4.402725,-0.144746,-9.818755,2.635944,0.0280082776,-0.0079340114,0.006659921
4.403774,-0.14955,-11.051845,3.390097,0.0045953242,-0.0356038654,0.0162379474
4.404824,0.378838,-9.83791,3.111492,-0.0252029801,-0.0515672427,0.006659921
4.405873,0.244339,-9.538616,3.334856,-0.0358452316,-0.0494387924,-0.0146245821
4.40689,-0.175969,-10.323963,3.325249,-0.0390379071,-0.0526314678,-0.0220741581
4.40794,0.073814,-9.737347,2.539873,-0.0337167813,-0.0526314678,-0.0167530324
4.408989,0.304383,-8.784397,1.379822,-0.0252029801,-0.0473103421,-0.0103676814
4.410038,0.321196,-9.169887,0.342261,-0.0347810065,-0.053695693,-0.007175006
4.411056,0.398052,-10.338329,-0.697702,-0.0347810065,-0.0441176666,-0.007175006
4.412105,0.145867,-10.616073,-1.139627,-0.0124322782,-0.0111266868,-0.0124961318
4.413155,-0.305664,-9.960022,-1.151635,0.0141733506,-0.0111266868,-0.0178172575
4.414204,-0.54584,-9.57932,-1.706442,0.0365220788,-0.0430534414,-0.0167530324
4.415222,-0.478591,-8.987916,-2.107537,0.0429074297,-0.0505030175,-0.0114319066
4.416271,-0.236013,-8.592849,-2.556666,0.023751377,-0.0228331635,-0.0007896551
4.41732,-0.281647,-9.57932,-2.352516,-0.003918477,0.0176073923,0.0130452719
4.41837,-0.553046,-10.304808,-1.790504,-0.0166891789,0.0537910475,0.020494848
4.419419,-0.819641,-10.213823,-1.439847,-0.0113680531,0.0729471003,0.0130452719
4.420437,-1.179906,-10.752551,-0.371063,0.0077879997,0.0633690739,0.0002745701
4.421486,-0.432958,-9.088479,0.529598,0.0205587015,0.0442130212,-0.0039823305
4.422536,0.047395,-8.360597,1.699256,0.0109806751,0.0623048488,0.0034672456
4.423585,-0.130336,-10.024669,2.871316,0.0088522248,0.0420845709,0.0109168216
4.424602,-0.099113,-10.972831,2.878522,-0.0017900267,-0.0004844353,0.0141094971
4.425652,-0.005444,-10.225794,2.837692,-0.0134965034,-0.026025839,0.0045314707
4.426701,-0.291254,-9.888191,3.145117,-0.0188176292,-0.039860766,-0.0146245821
4.427753,-0.12313,-9.833121,2.820879,-0.0283956555,-0.0494387924,-0.0231383833
4.428768,0.388445,-9.282421,2.37175,-0.0369094568,-0.0430534414,-0.0199457078
4.430867,0.496524,-9.466786,0.486366,-0.0539370592,-0.0153835874,-0.0124961318
4.429818,0.527747,-9.040592,1.463884,-0.0432948077,-0.0281542893,-0.0146245821
4.431916,0.311589,-9.971993,-0.123681,-0.0443590329,-0.0068697862,-0.0114319066
4.432966,-0.055881,-10.110866,-1.00753,-0.0166891789,-0.0089982365,-0.0103676814
4.433983,-0.31287,-10.252132,-1.828932,0.0077879997,-0.0217689384,-0.0093034563
4.435033,-0.382521,-9.859459,-2.318892,0.0226871518,-0.0313469647,-0.0082392311
4.436082,-0.156755,-8.765242,-2.772825,0.0205587015,-0.0217689384,-0.0082392311
4.437134,0.097832,-9.007071,-3.056233,0.0014026488,0.0090935911,-0.0018538802
4.438149,-0.127934,-10.173119,-2.756012,-0.0113680531,0.0516625972,0.0109168216
4.439198,-0.641911,-10.11326,-2.162777,-0.0071111525,0.0782682261,0.0183663977
4.440248,-1.023791,-9.725376,-1.341375,0.0109806751,0.0676259745,0.0151737222
4.441297,-1.25436,-10.584947,-0.491151,0.0429074297,0.0388918954,0.0077241462
4.442315,-1.086237,-10.613679,0.073263,0.0609992574,0.0229285181,0.0045314707
4.443364,-0.372914,-8.645524,0.623267,0.0471643304,0.0335707696,0.006659921
4.444414,-0.113523,-8.497075,2.047512,0.037586304,0.0378276702,0.0119810468
4.445463,-0.356101,-10.520299,3.406909,0.0280082776,-0.0089982365,0.0162379474
4.446513,0.011368,-11.257759,3.041841,-0.0049827022,-0.0622094942,0.0130452719
4.44753,0.287571,-10.458046,3.279616,-0.0262672052,-0.0632737194,-0.0029181054
4.448579,0.189099,-9.430871,2.681577,-0.0486159335,-0.0387965408,-0.0199457078
4.449631,0.458096,-9.196225,2.242055,-0.0464874832,-0.0143193623,-0.0082392311
4.450678,0.29958,-9.01186,0.909077,-0.0401021322,-0.0047413359,-0.0018538802
4.451696,0.157876,-9.703826,-0.106869,-0.0379736819,-0.0217689384,-0.0061107808
4.452745,0.129055,-10.309597,-0.536784,-0.0134965034,-0.0313469647,-0.0124961318
4.453795,-0.219201,-10.357484,-1.40382,0.0173660261,-0.0366680905,-0.0146245821
4.454844,-0.620295,-10.046218,-1.442249,0.0365220788,-0.0579525936,-0.0124961318
4.455862,-0.456975,-8.95679,-2.004261,0.0386505291,-0.0717875206,-0.007175006
4.456912,-0.120729,-8.580877,-2.664746,0.0194944764,-0.0526314678,-0.0029181054
4.45796,-0.077497,-9.794812,-2.371731,-0.0060469273,-0.0111266868,0.0055956959
4.459013,-0.348896,-10.175513,-2.15317,-0.0145607286,0.029313869,0.0162379474
4.460059,-0.884489,-9.749319,-1.545524,-0.0092396028,0.0399561205,0.0162379474
4.461076,-1.191914,-10.285653,-0.659274,0.00991645,0.0218642929,0.0109168216
4.462128,-1.09104,-10.814804,-0.032414,0.0343936285,0.0112220414,0.006659921
4.463175,-0.639509,-9.598475,0.351868,0.0312009531,0.0346349948,0.0077241462
4.464225,0.001761,-8.183415,0.81781,0.0024668739,0.084653577,0.0109168216
4.465242,-0.14955,-9.624813,2.239653,-0.0081753776,0.1080665304,0.0151737222
4.466292,-0.517019,-11.238604,3.015422,-0.0092396028,0.0591121733,0.0183663977
4.467341,0.025779,-10.515511,2.523061,-0.017753404,-0.0026128856,0.006659921
4.468391,0.131456,-9.873825,3.041841,-0.0081753776,-0.0207047132,-0.0114319066
4.469409,-0.276843,-9.991148,3.09468,0.0003384236,-0.0366680905,-0.0178172575
4.470458,0.189099,-9.598475,2.381357,-0.0092396028,-0.0451818917,-0.0103676814
4.471509,0.659844,-8.717355,1.944236,-0.0188176292,-0.0185762629,-0.0029181054
4.472556,0.455694,-8.868199,0.868247,-0.0401021322,-0.0026128856,-0.0039823305
4.473574,0.287571,-10.036641,0.24619,-0.0539370592,-0.0132551371,-0.0114319066
4.474623,-0.435359,-10.350301,-1.134823,-0.0007258016,-0.0324111899,-0.0156888072
4.476722,-0.187978,-8.71496,-2.751209,0.0194944764,-0.0685948451,-0.0135603569
4.475673,-0.562653,-9.148338,-1.576747,0.0216229267,-0.061145269,-0.0156888072
4.477771,0.059404,-9.512279,-3.109072,0.0003384236,-0.0302827396,-0.0029181054
4.478789,-0.221603,-10.017486,-2.674353,-0.0124322782,0.0176073923,0.0119810468
4.479838,-0.61309,-9.919318,-2.194,-0.0156249537,0.029313869,0.0173021725
4.480888,-0.79082,-10.106077,-1.499891,0.0035310991,0.0144147169,0.0130452719
4.481937,-0.95414,-10.556215,-0.824996,0.037586304,0.001644015,0.0087883713
4.482955,-0.802829,-10.11326,-0.010798,0.0524854561,0.0037724653,0.0119810468
4.484006,-0.036667,-8.458765,0.200557,0.0386505291,0.0463414715,0.0151737222
4.485054,0.205911,-8.585666,1.017156,0.0205587015,0.1006169543,0.0183663977
4.486103,-0.543439,-10.972831,2.674372,0.0173660261,0.0899747028,0.0258159738
4.48712,-0.687544,-11.147619,2.873718,0.0141733506,0.0144147169,0.0247517486
4.48817,-0.173567,-9.830727,2.926557,0.0088522248,-0.0494387924,0.0034672456
4.489219,-0.161558,-10.343118,3.370883,0.0067237745,-0.0728517457,-0.0124961318
4.490269,0.020975,-10.125232,3.08027,-0.0081753776,-0.0664663948,-0.0114319066
4.491318,0.671853,-8.664679,2.390964,-0.031588331,-0.0377323157,-0.0061107808
4.492335,0.830369,-8.609609,1.531133,-0.0528728341,0.0048366905,-0.0018538802
4.493387,0.364427,-9.517067,0.637677,-0.0635150856,0.0239927432,-0.0007896551
4.494434,-0.106318,-10.374244,-0.082851,-0.045423258,0.0048366905,-0.007175006
4.495483,-0.276843,-10.618468,-0.820192,-0.003918477,-0.0324111899,-0.0135603569
4.496504,-0.4906,-10.079739,-1.555131,0.0322651782,-0.0696590703,-0.0167530324
4.49755,-0.596277,-9.23214,-1.941815,0.0439716549,-0.0941362488,-0.0167530324
4.4986,-0.175969,-8.889748,-2.511033,0.0312009531,-0.081365547,-0.0093034563
4.499649,-0.291254,-10.00312,-2.0571,-0.0092396028,0.0080293659,0.0141094971
4.500667,-0.591474,-10.110866,-1.701639,-0.0071111525,0.0239927432,0.0162379474
4.501716,-0.966149,-10.221006,-1.012333,0.0152375758,0.0090935911,0.0130452719
4.502765,-1.064621,-10.086922,-0.323027,0.0407789794,-0.0089982365,0.0130452719
4.503815,-0.533832,-9.450025,0.049246,0.0407789794,0.0144147169,0.0162379474
4.504864,0.071412,-8.837072,0.623267,0.0226871518,0.0793324512,0.0183663977
4.505884,0.078618,-9.378195,1.372617,0.0014026488,0.1272225831,0.0162379474
4.506931,-0.502609,-11.068605,2.429392,-0.0103038279,0.1112592058,0.0151737222
4.507981,-0.759597,-11.229026,2.727211,-0.0081753776,0.0527268224,0.0151737222
4.50903,-0.399333,-9.881008,2.724809,-0.0028542519,-0.0058055611,0.0045314707
4.510048,-0.005444,-9.720587,2.95778,0.0035310991,-0.0377323157,-0.007175006
4.511097,0.347615,-9.605658,2.523061,0.0014026488,-0.0345396402,-0.0039823305
4.512146,0.561372,-8.942424,1.927424,-0.0113680531,-0.0153835874,0.0024030204
4.513196,0.573381,-8.97355,1.130039,-0.0305241059,-0.0004844353,0.0024030204
4.514213,0.364427,-9.622419,0.277413,-0.0411663574,0.0048366905,-0.0050465557
4.515263,-0.281647,-10.762129,-0.157306,-0.0273314304,-0.0153835874,-0.0114319066
4.516312,-0.673134,-10.752551,-0.654471,0.0035310991,-0.0600810439,-0.0135603569
4.517361,-0.485796,-9.126788,-1.269322,0.0301367279,-0.0994573746,-0.0178172575
4.518411,-0.195183,-8.707777,-2.066707,0.0301367279,-0.1058427255,-0.0167530324
4.519428,-0.04147,-9.734953,-2.57588,0.0109806751,-0.0685948451,-0.0029181054
4.520478,-0.219201,-10.07495,-2.302079,-0.0049827022,-0.0228331635,0.0077241462
4.521527,-0.317673,-9.56256,-1.968235,-0.0145607286,-0.0047413359,0.0077241462
4.522577,-0.425752,-9.897769,-1.591158,-0.0007258016,-0.0058055611,0.0034672456
4.523594,-0.898899,-10.654383,-0.733729,0.0280082776,-0.0185762629,0.0055956959
4.524643,-0.740383,-9.682277,-0.121279,0.0407789794,-0.0207047132,0.0119810468
4.525693,0.27316,-9.294393,1.065191,0.0173660261,0.0931673782,0.0226232983
4.526742,-0.224004,-11.027901,1.812139,0.0067237745,0.1219014574,0.0268801989
4.527762,-0.713964,-11.238604,2.33092,0.0003384236,0.0931673782,0.0236875235
4.528809,-0.783615,-10.039035,2.350134,0.0003384236,0.0356992199,0.0098525965
4.529858,-0.392128,-9.390167,2.458213,0.0024668739,-0.012190912,-0.0114319066
4.530908,0.059404,-9.574532,2.840093,0.0045953242,-0.0356038654,-0.0135603569
4.531926,0.369231,-9.620024,2.378955,0.0067237745,-0.0292185144,0.0034672456
4.532975,0.474908,-9.06693,1.543142,-0.0049827022,-0.0079340114,0.0119810468
4.534024,0.321196,-9.119605,0.724141,-0.031588331,0.0027082402,0.0045314707
4.535074,0.028181,-10.247344,0.126102,-0.0390379071,-0.0058055611,-0.0082392311
4.536123,-0.468984,-10.953676,-0.330233,-0.0188176292,-0.0324111899,-0.0167530324
4.537141,-0.810034,-10.106077,-0.676086,0.0120449003,-0.0760444212,-0.0220741581
4.53819,-0.53143,-8.583271,-1.187662,0.0269440524,-0.1132923016,-0.0231383833
4.539239,-0.058283,-8.667073,-2.17959,0.0120449003,-0.1111638513,-0.0156888072
4.540289,0.064207,-10.079739,-2.177188,-0.0081753776,-0.0717875206,0.0002745701
4.541306,-0.087104,-10.110866,-1.692032,-0.0103038279,-0.0292185144,0.0109168216
4.542356,-0.228808,-9.52425,-1.603167,-0.0092396028,-0.0164478126,0.0098525965
4.543405,-0.466582,-10.288047,-0.990717,0.0067237745,-0.026025839,0.0077241462
4.544455,-0.701955,-10.673538,-0.431107,0.0301367279,-0.026025839,0.0119810468
4.545472,-0.339289,-9.478758,-0.169315,0.0322651782,0.0080293659,0.0173021725
4.546522,0.309187,-8.434822,0.27261,0.0163018009,0.084653577,0.0215590732
4.547571,0.222723,-9.268055,0.752962,0.0003384236,0.1591493378,0.0236875235
4.54862,-0.579465,-11.030296,1.40384,-0.0028542519,0.1687273641,0.0247517486
4.54967,-1.086237,-11.23621,2.025896,0.0088522248,0.1016811795,0.0173021725
4.550687,-0.781213,-10.04143,2.093145,0.0258798273,0.015478942,0.0024030204
4.551737,0.277964,-9.620024,2.489436,0.0301367279,-0.0526314678,-0.0018538802
4.552786,0.460498,-9.780446,2.00428,0.0141733506,-0.0387965408,0.0109168216
4.553835,0.707879,-8.655102,1.014754,-0.0220103046,-0.0089982365,0.0087883713
4.554853,0.458096,-8.997494,0.565625,-0.0528728341,0.0122862666,-0.0061107808
4.555902,-0.284048,-11.145224,0.380689,-0.0528728341,-0.0026128856,-0.0156888072
4.556952,-0.65392,-11.015929,-0.121279,-0.0156249537,-0.0462461169,-0.0178172575
4.558004,-0.689946,-8.923269,-0.800978,0.0280082776,-0.0962646991,-0.0220741581
4.559019,-0.596277,-8.595243,-1.30775,0.0365220788,-0.1313841292,-0.0199457078
4.560068,-0.291254,-9.878614,-1.925003,0.023751377,-0.122870328,-0.0061107808
4.561117,-0.142344,-10.012697,-1.862557,0.0077879997,-0.081365547,0.006659921
4.562167,-0.185576,-9.426082,-1.350982,-0.0092396028,-0.053695693,0.0055956959
4.563216,-0.228808,-9.878614,-1.067574,-0.0092396028,-0.0430534414,0.0002745701
4.564233,-0.442565,-10.376638,-0.423901,0.0120449003,-0.0345396402,0.0013387952
4.565283,-0.483395,-9.916923,0.020425,0.0258798273,-0.0228331635,0.0109168216
4.566332,-0.007846,-8.916086,0.08287,0.0258798273,0.0271854187,0.020494848
4.567384,0.234732,-8.872987,0.339859,0.0152375758,0.1101949807,0.0226232983
4.568399,-0.228808,-10.55382,1.014754,0.0045953242,0.1623420132,0.0236875235
4.569449,-0.752392,-11.609728,1.324581,0.0045953242,0.1527639868,0.0194306229
4.570498,-0.807633,-10.424525,1.463884,0.0131091254,0.0995527292,0.0034672456
4.571547,-0.502609,-9.241717,2.04511,0.0173660261,0.0367634451,-0.007175006
4.572565,-0.031863,-9.078901,2.081136,0.0163018009,-0.0004844353,-0.0018538802
4.573614,0.160278,-9.198619,1.771309,0.0152375758,-0.0143193623,0.0109168216
4.574663,0.037788,-9.974388,1.555151,0.0024668739,-0.0281542893,0.0151737222
4.575713,0.277964,-9.98636,0.793792,-0.0241387549,-0.0313469647,0.0045314707
4.576765,0.179492,-9.785234,0.114093,-0.0358452316,-0.0207047132,-0.0167530324
4.57778,-0.91331,-9.988754,-0.154904,-0.0017900267,-0.0728517457,-0.0252668336
4.578829,-0.584269,-8.707777,-0.704908,0.0194944764,-0.1122280764,-0.0220741581
4.579881,-0.195183,-8.896931,-0.865826,0.0173660261,-0.122870328,-0.0156888072
4.580928,0.035386,-10.0965,-1.173251,0.0045953242,-0.1100996261,-0.0050465557
4.581945,0.088225,-10.232977,-1.00753,-0.0081753776,-0.0856224476,0.0013387952
4.582994,0.114644,-9.572137,-0.945084,-0.0134965034,-0.0600810439,0.0002745701
4.584044,-0.063086,-9.742136,-0.781764,-0.0081753776,-0.039860766,-0.0007896551
4.586111,-0.015051,-9.830727,-0.402286,0.0056595494,0.0250569684,0.0141094971
4.587161,0.275562,-9.076507,-0.152502,0.0024668739,0.1027454046,0.0226232983
4.58821,0.028181,-9.402139,0.090076,0.0014026488,0.1729842648,0.0247517486
4.585094,-0.236013,-10.189879,-0.35425,0.0035310991,-0.0196404881,0.0045314707
4.589262,-0.569858,-10.752551,0.45034,0.0067237745,0.1910760924,0.0226232983
4.590308,-0.973354,-11.188323,0.981129,0.023751377,0.1527639868,0.0141094971
4.591326,-0.946935,-10.034247,1.110825,0.0461001052,0.0867820273,0.0002745701
4.592375,-0.440163,-8.844255,1.283751,0.051421231,0.0282496439,-0.0082392311
4.593425,-0.055881,-9.196225,1.783318,0.0471643304,-0.0132551371,0.0024030204
4.594474,0.037788,-9.861853,1.807336,0.0312009531,-0.0451818917,0.020494848
4.595492,0.21792,-9.914529,0.942701,-0.0092396028,-0.0568883684,0.020494848
4.596541,0.222723,-10.084528,0.839425,-0.0443590329,-0.0526314678,0.0002745701
4.597591,-0.005444,-10.163541,0.700123,-0.0528728341,-0.0526314678,-0.0231383833
4.598641,-0.356101,-10.118049,0.212566,-0.0326525562,-0.0632737194,-0.0305879594
4.599658,-0.733178,-9.483546,0.308636,0.0077879997,-0.0898793482,-0.0231383833
4.600707,-0.579465,-8.521018,-0.632855,0.0301367279,-0.1271272286,-0.0156888072
4.601759,-0.053479,-9.105239,-1.331768,0.0205587015,-0.1356410298,-0.0103676814
4.602806,-0.139943,-10.810015,-0.954691,0.0088522248,-0.1132923016,-0.0029181054
4.603824,-0.356101,-9.203408,-0.404687,0.0024668739,-0.10265005,-0.0124961318
4.604873,-0.156755,-8.887354,-0.294206,0.0045953242,-0.095200474,-0.0178172575
4.605922,-0.288852,-9.907346,0.195753,0.0109806751,-0.0696590703,-0.0050465557
4.606972,0.129055,-9.222562,-0.010798,0.0120449003,-0.0100624617,0.0151737222
4.608021,0.474908,-9.119605,0.094879,0.0056595494,0.0793324512,0.0258159738
4.609039,0.088225,-10.501145,0.534402,0.0003384236,0.1442501856,0.0236875235
4.610088,-0.442565,-11.633671,0.23178,0.0024668739,0.1580851126,0.0130452719
4.611139,-0.673134,-11.415786,0.930692,0.0152375758,0.1410575101,0.0013387952
4.612187,-0.411342,-9.090873,0.77698,0.0248156021,0.1155161065,-0.0050465557
4.613204,-0.070292,-7.747644,0.805801,0.0173660261,0.0974242788,-0.007175006
4.614256,-0.173567,-9.325519,1.660828,0.0152375758,0.0740113255,0.0077241462
4.615303,-0.267236,-10.137204,1.120432,0.0141733506,0.0399561205,0.0236875235
4.616352,-0.365708,-9.746925,0.702525,0.0003384236,0.001644015,0.0130452719
4.61737,-0.704357,-10.805227,0.652088,-0.0145607286,-0.0462461169,-0.0093034563
4.618419,-0.77641,-10.968042,0.563223,-0.0166891789,-0.0877508979,-0.0242026084
4.619469,-0.574662,-9.198619,0.212566,-0.0134965034,-0.1015858249,-0.0327164097
4.620518,-0.336887,-8.738904,0.142914,-0.0124322782,-0.0962646991,-0.0327164097
4.621568,-0.065488,-9.272844,0.195753,-0.0134965034,-0.0834939973,-0.0242026084
4.625733,0.004163,-9.775657,-0.440714,0.0077879997,-0.0834939973,-0.007175006
4.626751,0.124251,-9.148338,-0.47674,-0.0007258016,-0.0707232954,-0.007175006
4.6278,0.486917,-9.811572,-0.620846,-0.0060469273,-0.0164478126,0.0013387952
4.628849,0.578184,-9.842699,-0.577614,-0.0113680531,0.0718828752,0.0173021725
4.629899,-0.101514,-10.304808,-0.190931,-0.0103038279,0.1751127151,0.0247517486
4.630916,-0.581867,-11.10452,0.08287,0.0280082776,0.1644704635,0.0162379474
4.631966,-0.805231,-10.302414,0.118897,0.0599350322,0.1250941328,0.0055956959
4.624684,0.061805,-10.680721,-0.097262,0.0024668739,-0.0834939973,-0.0061107808
4.623637,0.028181,-10.051007,-0.087655,-0.0156249537,-0.081365547,-0.0103676814
4.622585,0.030582,-9.315942,-0.260582,-0.017753404,-0.0771086464,-0.0156888072
4.633014,-0.553046,-9.021437,0.186146,0.0737699592,0.0889104776,-0.0007896551
4.634064,-0.216799,-8.034965,0.325448,0.065256158,0.0729471003,0.0045314707
4.636133,-0.759597,-11.061422,1.595981,0.0088522248,-0.0270900641,0.0215590732
4.635114,-0.550644,-9.356646,0.997942,0.0407789794,0.0388918954,0.0151737222
4.63718,-0.248022,-10.367061,0.880255,-0.0241387549,-0.0792370967,0.0055956959
4.63823,-0.360905,-10.527482,1.021959,-0.0401021322,-0.1005215997,-0.0199457078
4.639279,-0.665929,-10.393399,1.473491,-0.0369094568,-0.1132923016,-0.0316521845
4.640296,-0.284048,-8.372569,0.383091,-0.0262672052,-0.1154207519,-0.0316521845
4.641346,-0.115925,-8.353414,0.289422,-0.0145607286,-0.1037142752,-0.0231383833
4.642395,-0.111121,-9.703826,0.078067,-0.0028542519,-0.0973289243,-0.0082392311
4.643444,-0.012649,-10.144387,-0.507963,0.00991645,-0.1015858249,-0.0039823305
4.644462,-0.192781,-10.819593,0.020425,0.0173660261,-0.116484977,-0.0114319066
4.645514,-0.348896,-10.7741,0.034835,0.023751377,-0.1292556789,-0.0167530324
4.646561,-0.317673,-9.212985,0.099683,0.0248156021,-0.1239345531,-0.0199457078
4.64761,-0.015051,-8.401301,0.135709,0.0077879997,-0.0994573746,-0.0135603569
4.648659,0.496524,-9.026226,-0.044423,-0.0103038279,-0.0430534414,0.0024030204
4.649677,0.575782,-9.608052,0.00121,-0.0166891789,0.0410203457,0.0194306229
4.650726,0.234732,-10.225794,-0.287001,-0.0188176292,0.112323431,0.0247517486
4.651776,-0.211995,-11.209872,-0.027611,-0.0049827022,0.1421217353,0.0183663977
4.652825,-0.716366,-11.406208,-0.042021,0.0248156021,0.1336079341,0.006659921
4.653842,-0.752392,-9.871431,-0.241368,0.0407789794,0.1187087819,-0.0050465557
4.654892,-0.281647,-7.759615,-0.061235,0.0365220788,0.1229656825,-0.007175006
4.655941,-0.699553,-10.446075,0.885059,-0.0007258016,0.1016811795,0.0215590732
4.656991,-1.062219,-11.221843,0.906675,-0.0049827022,0.0303780942,0.0236875235
4.65801,-0.946935,-10.084528,0.589642,-0.0081753776,-0.0547599181,-0.0018538802
4.659057,-0.793222,-9.828333,1.009951,-0.0060469273,-0.1207418777,-0.0305879594
4.660107,-0.512216,-10.180302,1.002745,0.0024668739,-0.1377694801,-0.0369733103
4.661156,-0.101514,-9.330308,0.964317,-0.0017900267,-0.1079711758,-0.0273952839
4.662174,0.167483,-8.518624,0.877854,-0.0230745298,-0.0696590703,-0.0178172575
4.663223,0.174688,-9.268055,0.844229,-0.0390379071,-0.0505030175,-0.0156888072
4.664272,0.020975,-10.529877,0.971522,-0.0390379071,-0.0568883684,-0.0146245821
4.665322,0.049797,-10.584947,0.649686,-0.0230745298,-0.0707232954,-0.0156888072
4.666371,0.04019,-9.567349,0.383091,-0.0017900267,-0.0803013218,-0.0178172575
4.66739,-0.075095,-9.078901,-0.027611,0.0045953242,-0.0909435734,-0.0135603569
4.668438,0.316392,-9.263266,-0.750541,-0.003918477,-0.0654021697,0.0002745701
4.669487,0.880806,-9.6727,-1.22609,-0.017753404,0.0218642929,0.0130452719
4.670537,0.741504,-10.300019,-1.214081,-0.0262672052,0.1208372322,0.0215590732
4.671554,0.081019,-10.522694,-0.911459,-0.0156249537,0.1634062384,0.020494848
4.672603,-0.444966,-10.601707,-0.808183,0.0163018009,0.1453144108,0.0098525965
4.673653,-0.562653,-10.520299,-0.608837,0.0567423567,0.1133876562,0.0013387952
4.674702,-0.353699,-8.959184,-0.632855,0.0780268598,0.1048738549,0.0024030204
4.67572,-0.159157,-7.663841,-0.702506,0.0695130586,0.1133876562,0.0130452719
4.676769,-0.493002,-8.849044,0.212566,0.051421231,0.1006169543,0.0258159738
4.677818,-1.136674,-10.678326,0.632874,0.0301367279,0.0410203457,0.0258159738
4.678868,-1.21353,-11.703108,0.659293,-0.0007258016,-0.0494387924,0.006659921
4.679918,-0.846061,-11.470856,1.559954,-0.0209460795,-0.1249987783,-0.0188814827
4.680935,-0.488198,-9.567349,1.485499,-0.031588331,-0.1537328574,-0.0316521845
4.681984,-0.084702,-8.758059,1.644016,-0.0358452316,-0.10265005,-0.0093034563
4.683033,0.069011,-9.550588,0.942701,-0.0241387549,-0.0877508979,0.0002745701
4.684083,0.249143,-9.715798,0.738551,-0.0103038279,-0.0866866727,-0.0061107808
4.6851,0.004163,-10.563398,0.820211,0.0109806751,-0.0983931494,-0.0156888072
4.68615,-0.53143,-11.066211,0.77698,0.0312009531,-0.1281914537,-0.0199457078
4.687199,-0.452172,-9.459603,0.632874,0.0312009531,-0.1526686323,-0.0199457078
4.688248,0.222723,-8.396512,0.126102,0.0141733506,-0.1345768047,-0.0135603569
4.689267,0.650237,-9.347068,-0.159708,-0.0081753776,-0.0685948451,0.0002745701
4.690315,0.741504,-10.13002,-0.688095,-0.0273314304,0.0218642929,0.0119810468
4.691365,0.532551,-10.185091,-0.877834,-0.0305241059,0.1027454046,0.0141094971
4.692414,-0.029462,-10.256921,-0.786568,-0.0071111525,0.1336079341,0.0109168216
4.693464,-0.579465,-10.513116,-0.98111,0.0290725027,0.1165803316,0.0055956959
4.694481,-0.747588,-10.520299,-0.808183,0.0567423567,0.1027454046,0.0034672456
4.695531,-0.401735,-8.743693,-0.935477,0.0567423567,0.1187087819,0.006659921
4.69658,-0.255227,-7.450744,-0.901852,0.0258798273,0.1389290598,0.0119810468
4.697632,-0.853266,-9.938473,0.128504,-0.0017900267,0.1219014574,0.0247517486
4.698647,-1.328815,-11.724657,0.616062,-0.0103038279,0.0665617494,0.0279444241
4.699696,-1.230343,-10.649594,0.553616,-0.0103038279,-0.0089982365,0.0055956959
4.700745,-0.949336,-9.983965,1.156458,-0.0071111525,-0.0792370967,-0.0231383833
4.701795,-0.658723,-9.7996,1.70406,0.0035310991,-0.1132923016,-0.0316521845
4.702812,-0.372914,-9.260872,1.740086,0.0045953242,-0.1079711758,-0.021009933
4.703862,-0.070292,-8.71496,1.740086,-0.0103038279,-0.0824297721,-0.0082392311
4.704911,0.008967,-9.124394,1.780916,-0.0241387549,-0.06753062,-0.0082392311
4.705961,-0.034265,-10.470018,1.687247,-0.0347810065,-0.0739159709,-0.0178172575
4.707012,0.059404,-9.845093,1.13244,-0.0188176292,-0.0845582224,-0.0263310588
4.708027,-0.070292,-8.724538,0.452742,-0.0156249537,-0.0920077985,-0.021009933
4.709077,0.402856,-8.966367,-0.383071,-0.0188176292,-0.074980196,-0.0093034563
4.710126,0.94085,-9.873825,-1.221286,-0.0220103046,-0.0100624617,0.0045314707
4.711176,0.904824,-10.106077,-1.766486,-0.0241387549,0.0686901997,0.0119810468
4.712193,0.359624,-10.326357,-1.694434,-0.0145607286,0.1112592058,0.0109168216
4.713242,-0.127934,-10.505933,-1.490284,0.0163018009,0.1070023052,0.006659921
4.714292,-0.423351,-10.304808,-1.259715,0.0535496813,0.0814609015,0.0034672456
4.715341,-0.478591,-9.629602,-1.32216,0.0705772837,0.0814609015,0.006659921
4.716359,-0.185576,-8.056515,-1.382205,0.0578065819,0.1187087819,0.0151737222
4.717408,-0.320075,-8.190598,-0.834603,0.0301367279,0.1421217353,0.0236875235
4.718457,-1.1727,-10.860297,0.19095,0.0152375758,0.1038096298,0.0300728744
4.719509,-1.63624,-11.525926,0.877854,0.0163018009,0.0144147169,0.0183663977
4.720556,-1.1727,-10.355089,0.99554,0.0131091254,-0.0834939973,-0.0103676814
4.721574,-0.774008,-10.570581,1.807336,0.00991645,-0.136705255,-0.0273952839
4.722623,-0.615492,-10.051007,2.186814,-0.0017900267,-0.1430906059,-0.0199457078
4.723673,-0.055881,-8.324682,1.953843,-0.0294598807,-0.1218061028,-0.0061107808
4.724722,0.376436,-8.006233,2.33092,-0.0464874832,-0.0856224476,-0.0029181054
4.72574,0.338008,-9.30397,1.884192,-0.045423258,-0.0654021697,-0.0082392311
4.726789,0.321196,-10.941705,1.519124,-0.0305241059,-0.0685948451,-0.0167530324
4.727838,0.261152,-11.240998,1.586373,0.0024668739,-0.0771086464,-0.021009933
4.72889,-0.12313,-9.751713,0.841827,0.0184302512,-0.0994573746,-0.0199457078
4.729905,-0.19038,-8.513835,0.102084,0.0088522248,-0.122870328,-0.0135603569
4.730955,0.534953,-9.033409,-0.805782,-0.0017900267,-0.0909435734,0.0024030204
4.732007,0.991287,-10.177907,-1.478275,-0.0188176292,-0.0079340114,0.020494848
4.733053,0.578184,-10.539454,-1.612774,-0.0294598807,0.0676259745,0.0247517486
4.734071,-0.185576,-10.187485,-1.516703,0.0301367279,0.0952958285,0.0024030204
4.73512,-0.430556,-9.845093,-1.725657,0.0641919328,0.084653577,0.0013387952
4.736169,-0.476189,-8.413273,-1.696835,0.0705772837,0.1048738549,0.0119810468
4.737219,-0.509814,-7.479477,-1.418231,0.0535496813,0.1325437089,0.0268801989
4.738268,-1.062219,-9.847487,-0.481544,0.0354578537,0.1208372322,0.0375224505
4.739286,-1.624232,-12.368736,0.483965,0.0280082776,0.0601763985,0.034329775
4.740335,-1.316806,-11.597756,0.580035,0.0131091254,-0.0228331635,0.0098525965
4.741387,-0.802829,-9.708615,1.382224,-0.0049827022,-0.088815123,-0.0156888072
4.742434,-0.596277,-8.820312,1.761702,-0.0198818543,-0.1047785003,-0.0188814827
4.743451,-0.356101,-9.260872,2.352536,-0.0252029801,-0.0898793482,-0.007175006
4.7445,-0.029462,-9.648756,3.058654,-0.017753404,-0.0760444212,0.0087883713
4.74555,0.34041,-8.667073,2.073931,-0.0134965034,-0.0643379445,0.0098525965
4.746599,0.265955,-9.320731,1.910611,-0.0060469273,-0.0622094942,-0.0061107808
4.747617,-0.185576,-11.822825,2.198823,0.00991645,-0.0781728715,-0.0178172575
4.748666,-0.187978,-11.238604,1.41825,0.0184302512,-0.0962646991,-0.0188814827
4.749716,-0.091907,-8.418061,0.757766,0.00991645,-0.1037142752,-0.021009933
4.750766,-0.00064,-8.051726,0.1237,-0.0156249537,-0.0973289243,-0.0156888072
4.751815,0.458096,-10.029458,-0.827397,-0.0337167813,-0.0505030175,0.0024030204
4.752832,0.676657,-10.381427,-1.372597,-0.0294598807,0.0356992199,0.0141094971
4.754931,-0.113523,-10.273681,-1.754478,0.0077879997,0.0676259745,-0.0050465557
4.753883,0.412463,-9.263266,-1.639193,-0.0134965034,0.0867820273,0.0055956959
4.75598,-0.519421,-11.255364,-1.677621,0.0386505291,0.0325065445,-0.0018538802
4.756998,-0.456975,-9.399744,-1.704041,0.0546139064,0.0335707696,0.0077241462
4.758047,-0.135139,-7.438773,-1.435043,0.0301367279,0.0676259745,0.0194306229
4.759096,-0.103916,-8.71496,-1.031547,0.0003384236,0.112323431,0.0300728744
4.760145,-1.446501,-11.509165,0.325448,-0.0017900267,0.0921031531,0.0247517486
4.761163,-1.32161,-9.93129,0.813006,0.0045953242,0.0005797899,-0.0039823305
4.762213,-0.939729,-9.555377,1.687247,0.0163018009,-0.0792370967,-0.0178172575
4.763265,-0.622697,-9.775657,2.069128,0.0226871518,-0.1079711758,-0.0082392311
4.764311,-0.308066,-9.687066,2.638345,0.0163018009,-0.1005215997,0.0024030204
4.765361,-0.065488,-9.330308,3.025029,-0.0007258016,-0.0909435734,0.0045314707
4.766381,0.220322,-8.827495,2.424588,-0.0326525562,-0.0803013218,-0.0039823305
4.767428,0.229929,-9.833121,2.225242,-0.0518086089,-0.061145269,-0.0188814827
4.768477,-0.151951,-11.427757,2.239653,-0.0443590329,-0.053695693,-0.0231383833
4.769526,-0.209594,-9.924107,1.343796,-0.0358452316,-0.06753062,-0.021009933
4.770544,0.117046,-7.929614,0.219771,-0.031588331,-0.0866866727,-0.0231383833
4.771593,0.520542,-9.323125,-0.47674,-0.0283956555,-0.0909435734,-0.0167530324
4.772643,1.058537,-10.728608,-1.622381,-0.0262672052,-0.039860766,0.0045314707
4.773692,1.123384,-9.943261,-2.412561,-0.0209460795,0.0537910475,0.0173021725
4.774709,0.371633,-9.746925,-2.093126,-0.0081753776,0.098488504,0.0141094971
4.775761,-0.199987,-10.704664,-2.102733,0.0184302512,0.0793324512,0.0087883713
4.776808,-0.322477,-10.613679,-2.302079,0.0482285555,0.07081865,0.0109168216
4.777857,-0.406538,-8.374963,-2.258848,0.0599350322,0.0974242788,0.0162379474
4.778907,-0.435359,-6.871312,-1.999457,0.0418432046,0.1219014574,0.0215590732
4.779924,-0.752392,-9.488335,-1.161242,0.0269440524,0.126158358,0.0300728744
4.780974,-1.396064,-12.433384,-0.162109,0.0397147543,0.1016811795,0.0385866756
4.782023,-1.708293,-11.542686,0.810604,0.0535496813,0.0250569684,0.0226232983
4.783072,-1.249557,-9.878614,1.218904,0.0450358801,-0.0803013218,-0.0029181054
4.78409,-0.514618,-9.584109,1.742488,0.0194944764,-0.1292556789,-0.007175006
4.785141,-0.192781,-9.339885,2.662363,0.0003384236,-0.1154207519,0.0024030204
4.786189,0.587791,-8.896931,2.806469,-0.045423258,-0.0622094942,0.006659921
4.787238,0.62622,-9.914529,2.458213,-0.0390379071,-0.0419892163,-0.0039823305
4.788258,0.124251,-11.061422,2.220439,-0.0124322782,-0.039860766,-0.0135603569
4.789305,-0.23121,-10.589735,1.903406,0.00991645,-0.061145269,-0.0178172575
4.790354,-0.20479,-8.762847,0.897068,0.0163018009,-0.0941362488,-0.0167530324
4.791404,0.100234,-8.707777,-0.0132,0.0077879997,-0.1175492022,-0.0114319066
4.792421,0.51814,-10.295231,-0.94028,-0.0028542519,-0.0930720237,0.0034672456
4.793471,0.657442,-10.295231,-1.538319,-0.0081753776,-0.0238973887,0.0151737222
4.79452,0.311589,-9.598475,-1.545524,0.0003384236,0.029313869,0.0119810468
4.79557,-0.120729,-9.773263,-1.588756,0.0216229267,0.0314423193,0.006659921
4.796619,-0.44977,-9.938473,-1.574346,0.0429074297,0.0090935911,0.0077241462
4.797639,-0.639509,-9.72777,-1.764085,0.0471643304,0.001644015,0.0141094971
4.798686,-0.442565,-8.796368,-1.81212,0.0322651782,0.0378276702,0.0215590732
4.799735,-0.348896,-8.559328,-1.435043,0.0056595494,0.0921031531,0.0258159738
4.800785,-0.848462,-10.618468,-0.918664,-0.0081753776,0.1165803316,0.0279444241
4.801802,-1.446501,-11.863529,-0.073244,0.0045953242,0.098488504,0.0194306229
4.802852,-1.451305,-10.42692,0.760167,0.0173660261,0.0346349948,0.0002745701
4.803901,-0.83165,-9.23214,1.300564,0.0173660261,-0.0345396402,-0.0093034563
4.80495,-0.305664,-9.435659,2.033101,0.0194944764,-0.0568883684,0.0002745701
4.805968,-0.228808,-9.758896,2.825683,0.0184302512,-0.0600810439,0.0130452719
4.807016,-0.022256,-9.306365,2.991404,0.0003384236,-0.0707232954,0.0162379474
4.808067,0.388445,-9.129183,2.676774,-0.0209460795,-0.0717875206,0.0034672456
4.809116,0.345213,-10.620862,2.604721,-0.0241387549,-0.0590168187,-0.0146245821
4.810165,0.016172,-11.331983,2.501445,-0.0241387549,-0.0451818917,-0.0220741581
4.811183,-0.051077,-9.351857,1.720872,-0.0241387549,-0.0451818917,-0.0199457078
4.812232,0.201108,-9.19383,-0.190931,-0.031588331,-0.0622094942,-0.0061107808
4.813281,0.578184,-10.656777,-1.168448,-0.0294598807,-0.0334754151,0.0087883713
4.814331,0.623818,-10.297625,-1.831334,-0.0124322782,0.0197358426,0.0119810468
4.815348,0.203509,-9.828333,-2.131554,0.0120449003,0.0463414715,0.0024030204
4.816398,-0.27204,-10.118049,-2.09793,0.0343936285,0.0325065445,0.0002745701
4.817447,-0.416145,-9.840304,-2.482212,0.0461001052,0.0282496439,0.0087883713
4.818496,-0.425752,-9.033409,-2.645531,0.0365220788,0.0580479482,0.0162379474
4.819516,-0.519421,-8.382146,-1.912994,0.0163018009,0.0921031531,0.0215590732
4.820563,-0.61309,-9.08369,-1.569542,0.0056595494,0.1070023052,0.0247517486
4.821613,-1.107853,-11.145224,-0.625649,0.0184302512,0.0921031531,0.0236875235
4.822662,-1.556982,-11.700713,0.459947,0.0482285555,0.0388918954,0.0183663977
4.823711,-1.07663,-9.998331,0.58724,0.0567423567,-0.0270900641,0.0055956959
4.825778,-0.211995,-9.68946,2.657559,0.0343936285,-0.0771086464,0.0045314707
4.824729,-0.389726,-8.963973,1.36301,0.0450358801,-0.0632737194,-0.0029181054
4.826828,0.090627,-9.957627,3.190751,0.0141733506,-0.0866866727,0.0119810468
4.827876,0.5998,-9.354252,2.964985,-0.0156249537,-0.0717875206,0.0087883713
4.828894,0.450891,-9.387772,3.207563,-0.0337167813,-0.0483745672,-0.0039823305
4.829943,-0.017453,-10.517905,3.075466,-0.0347810065,-0.0526314678,-0.0135603569
4.830993,-0.0823,-10.879452,2.266072,-0.0188176292,-0.0664663948,-0.0156888072
4.832043,0.028181,-9.268055,1.454277,-0.0017900267,-0.0760444212,-0.0135603569
4.83306,0.121849,-8.451582,0.10929,-0.0092396028,-0.0866866727,-0.0103676814
4.834109,0.323597,-9.366223,-0.688095,-0.0188176292,-0.0717875206,-0.0039823305
4.835159,0.482114,-10.216217,-1.341375,-0.0134965034,-0.0270900641,0.0024030204
4.836208,0.287571,-10.410159,-1.706442,-0.0049827022,0.0027082402,0.006659921
4.83726,-0.401735,-9.6727,-2.136358,0.0407789794,-0.0281542893,0.0045314707
4.838275,-0.392128,-9.696643,-2.371731,0.0471643304,-0.0132551371,0.0098525965
4.839324,-0.380119,-8.995099,-2.388543,0.0322651782,0.0378276702,0.0173021725
4.840374,-0.519421,-8.765242,-2.078716,0.0077879997,0.0835893518,0.0226232983
4.841423,-0.79082,-9.945656,-1.238099,0.0014026488,0.1070023052,0.0236875235
4.84244,-1.360038,-11.111703,-0.356652,0.0194944764,0.0963600537,0.0183663977
4.84349,-1.566589,-11.099732,0.683311,0.0397147543,0.0410203457,0.0077241462
4.844539,-0.853266,-9.780446,1.043575,0.0386505291,-0.0111266868,0.0013387952
4.845588,-0.324878,-8.8251,1.804934,0.0301367279,-0.0334754151,0.0045314707
4.847655,0.189099,-9.991148,2.888129,-0.0028542519,-0.0707232954,0.0162379474
4.846606,-0.341691,-9.529039,3.070663,0.023751377,-0.0558241433,0.0141094971
4.848705,0.5998,-9.881008,2.681577,-0.0262672052,-0.0505030175,0.0034672456
4.849756,0.133858,-10.086922,2.99861,-0.0347810065,-0.0324111899,-0.0124961318
4.850803,-0.036667,-10.2234,2.602319,-0.0326525562,-0.0419892163,-0.0220741581
4.851821,0.145867,-9.761291,2.174805,-0.0145607286,-0.0483745672,-0.0188814827
4.85287,0.117046,-8.851438,1.197288,-0.003918477,-0.053695693,-0.0093034563
4.85392,0.169885,-9.016648,-0.130886,-0.0124322782,-0.0643379445,-0.0018538802
4.854969,0.330803,-10.05819,-0.791371,-0.0145607286,-0.0505030175,-0.0007896551
4.855986,0.294776,-10.355089,-1.562337,-0.003918477,-0.012190912,-0.0018538802
4.857036,-0.125532,-10.077345,-1.81212,0.0120449003,0.0027082402,-0.0050465557
4.858085,-0.40894,-9.603264,-1.838539,0.0333294034,-0.0153835874,-0.0082392311
4.859136,-0.255227,-9.189041,-2.475006,0.0407789794,-0.026025839,-0.0029181054
4.860152,-0.202388,-9.153126,-2.679156,0.0290725027,0.001644015,0.0077241462
4.861201,-0.399333,-9.196225,-2.429373,0.0109806751,0.0495341469,0.0194306229
4.86225,-0.569858,-9.787629,-1.833736,0.0045953242,0.0803966764,0.0226232983
4.8633,-1.079032,-10.927339,-0.246171,0.0450358801,0.0633690739,0.0087883713
4.864318,-1.040603,-10.010303,0.656892,0.0578065819,0.0271854187,0.0024030204
4.865367,-0.476189,-8.868199,1.202092,0.0482285555,0.0005797899,0.0034672456
4.866416,-0.224004,-9.129183,2.246858,0.0397147543,-0.0185762629,0.0098525965
4.867465,-0.310468,-10.594524,3.402106,0.0290725027,-0.0579525936,0.0173021725
4.868517,0.208313,-10.26171,3.125903,-0.0017900267,-0.0877508979,0.0130452719
4.869533,0.458096,-9.591292,2.861709,-0.0198818543,-0.0760444212,-0.007175006
4.870582,0.004163,-10.139598,3.31324,-0.0305241059,-0.0622094942,-0.0220741581
4.871633,0.042591,-10.024669,2.717603,-0.0369094568,-0.061145269,-0.021009933
4.87268,0.289973,-9.220168,1.816943,-0.0273314304,-0.0505030175,-0.0135603569
4.873698,0.169885,-8.940029,0.957112,-0.0252029801,-0.0441176666,-0.007175006
4.874747,0.237134,-9.533828,-0.351849,-0.0273314304,-0.0451818917,-0.0050465557
4.875796,0.328401,-10.022275,-0.952289,-0.0113680531,-0.0292185144,-0.007175006
4.876846,0.049797,-10.165936,-1.571944,0.0109806751,-0.0143193623,-0.0093034563
4.877863,-0.288852,-10.407765,-2.076314,0.0269440524,-0.0228331635,-0.007175006
4.878913,-0.411342,-9.481152,-2.078716,0.0397147543,-0.0302827396,-0.0029181054
4.881014,-0.279245,-9.603264,-2.424569,0.0120449003,0.0080293659,0.0130452719
4.879962,-0.279245,-8.5713,-2.652737,0.0312009531,-0.0196404881,0.0024030204
4.882061,-0.560251,-10.153964,-1.905789,0.0056595494,0.043148796,0.0247517486
4.883078,-0.862873,-9.502701,-1.821727,0.0056595494,0.0665617494,0.0226232983
4.884128,-1.249557,-10.139598,-0.608837,0.0184302512,0.0580479482,0.0119810468
4.885177,-1.324011,-11.205083,0.383091,0.0439716549,0.0239927432,0.0055956959
4.886226,-0.704357,-10.185091,0.486366,0.0503570058,0.0048366905,0.0045314707
4.887244,-0.077497,-8.499469,1.180476,0.0312009531,0.0176073923,0.0055956959
4.888294,-0.065488,-9.191436,2.419785,0.0184302512,0.0176073923,0.0087883713
4.889342,-0.211995,-10.845931,3.231581,0.0067237745,-0.0164478126,0.0119810468
4.890392,0.27316,-9.78284,2.832888,-0.0145607286,-0.0462461169,-0.007175006
4.891409,0.030582,-9.682277,2.854504,-0.0156249537,-0.0387965408,-0.0199457078
4.892459,0.181894,-9.435659,2.203626,-0.0198818543,-0.0483745672,-0.0178172575
4.89351,0.43648,-9.442842,1.319778,-0.0166891789,-0.0483745672,-0.0103676814
4.894557,0.35482,-9.347068,0.524795,-0.0188176292,-0.0409249911,-0.0061107808
4.895607,0.241938,-9.476363,-0.536784,-0.0198818543,-0.0409249911,-0.007175006
4.896624,-0.012649,-10.520299,-1.031547,-0.003918477,-0.0387965408,-0.0103676814
4.897674,-0.358503,-10.680721,-1.288536,0.0269440524,-0.0387965408,-0.0093034563
4.898723,-0.543439,-9.380589,-1.778495,0.0471643304,-0.0579525936,-0.0093034563
4.899773,-0.341691,-8.487497,-2.323695,0.0461001052,-0.0685948451,-0.0103676814
4.90079,0.016172,-9.078901,-2.849681,0.023751377,-0.0345396402,-0.0018538802
4.90184,-0.202388,-10.031852,-2.352516,0.0024668739,0.0144147169,0.0141094971
4.902892,-0.675536,-9.969599,-1.81212,-0.0049827022,0.0399561205,0.020494848
4.903939,-0.980559,-10.156358,-1.338973,0.0056595494,0.0420845709,0.0141094971
4.904956,-1.251959,-11.1979,-0.195734,0.0343936285,0.0282496439,0.0045314707
4.906007,-0.975756,-10.436497,0.154923,0.0482285555,0.0122862666,-0.0007896551
4.907055,-0.252825,-8.305527,0.515188,0.0354578537,0.0197358426,-0.0007896551
4.908104,-0.125532,-8.695806,2.04511,0.0290725027,0.0271854187,0.0077241462
4.909153,-0.238415,-10.742974,3.015422,0.0280082776,-0.0036771108,0.0173021725
4.910171,0.138662,-11.006352,2.801665,0.0109806751,-0.0387965408,0.0162379474
4.91122,0.184295,-9.969599,3.001011,-0.0049827022,-0.0473103421,0.0013387952
4.91227,-0.216799,-9.711009,3.270009,-0.0113680531,-0.0579525936,-0.0178172575
4.913319,-0.099113,-9.768474,2.828085,-0.0230745298,-0.0664663948,-0.021009933
4.914337,0.359624,-9.062141,2.266072,-0.0305241059,-0.0505030175,-0.0124961318
4.915389,0.458096,-8.985522,1.269341,-0.0379736819,-0.0366680905,-0.007175006
4.916435,0.244339,-10.240161,-0.541588,-0.0305241059,-0.0207047132,-0.0114319066
4.917485,-0.221603,-10.276076,-1.211679,0.0014026488,-0.0196404881,-0.0146245821
4.918502,-0.524225,-9.983965,-1.708844,0.0248156021,-0.039860766,-0.0156888072
4.919551,-0.404136,-9.315942,-2.210812,0.0397147543,-0.053695693,-0.0124961318
4.920601,-0.192781,-8.6982,-2.544657,0.0333294034,-0.0430534414,-0.0050465557
4.921651,-0.137541,-9.363829,-2.667147,0.00991645,-0.0164478126,0.006659921
4.922668,-0.332084,-10.242555,-2.441382,-0.0049827022,0.0186716175,0.0162379474
4.923717,-0.718767,-9.952839,-1.855352,-0.0017900267,0.0410203457,0.0162379474
4.924768,-1.081433,-10.328751,-1.057967,0.0163018009,0.0335707696,0.0098525965
4.925816,-1.179906,-10.886635,-0.207743,0.0482285555,0.0208000678,0.0024030204
4.926866,-0.771606,-9.387772,0.1237,0.0578065819,0.0261211936,0.0002745701
4.927886,-0.144746,-8.171443,0.837024,0.0365220788,0.0420845709,0.0045314707
4.928932,-0.120729,-9.778051,2.162796,0.0280082776,0.043148796,0.0141094971
4.929982,-0.264834,-10.929733,2.904941,0.0194944764,0.0059009156,0.0194306229
4.931031,0.061805,-10.31678,2.816076,-0.003918477,-0.0387965408,0.0098525965
4.932049,0.011368,-10.369455,3.063457,-0.0081753776,-0.0547599181,-0.0082392311
4.933098,-0.142344,-10.213823,3.128305,-0.0092396028,-0.0600810439,-0.0199457078
4.934148,0.359624,-9.239323,2.398169,-0.0220103046,-0.0494387924,-0.0188814827
4.935197,0.592595,-8.731721,1.946638,-0.0252029801,-0.0207047132,-0.0103676814
4.936214,0.282768,-9.047775,0.861041,-0.031588331,-0.0196404881,-0.0061107808
4.937266,0.198706,-9.914529,-0.114074,-0.0337167813,-0.0377323157,-0.0103676814
4.938313,0.071412,-10.556215,-0.623248,-0.0060469273,-0.0409249911,-0.0156888072
4.939362,-0.488198,-10.486778,-1.314955,0.0258798273,-0.0515672427,-0.0188814827
4.940412,-0.774008,-9.885797,-1.271723,0.0471643304,-0.0866866727,-0.0199457078
4.941429,-0.344092,-8.724538,-1.961029,0.0503570058,-0.1047785003,-0.0167530324
4.942479,0.076216,-9.82115,-2.429373,-0.0028542519,-0.0238973887,0.0045314707
4.943528,-0.399333,-10.649594,-1.912994,-0.0124322782,0.0165431672,0.0162379474
4.944577,-0.846061,-9.933684,-1.358187,-0.0028542519,0.015478942,0.0130452719
4.945595,-1.103049,-10.407765,-0.534382,0.0248156021,-0.0047413359,0.0034672456
4.946645,-1.043005,-10.965648,0.23178,0.0503570058,-0.0079340114,0.0002745701
4.947694,-0.288852,-8.820312,0.255797,0.0407789794,0.0271854187,0.0024030204
4.948743,0.208313,-7.771587,0.889862,0.0120449003,0.0825251267,0.006659921
4.949763,-0.36811,-10.549031,2.410178,0.0035310991,0.0921031531,0.0162379474
4.95081,-0.569858,-11.674375,2.780049,0.0003384236,0.0346349948,0.0194306229
4.951859,0.004163,-9.813966,2.756032,-0.0017900267,-0.0270900641,0.0013387952
4.952909,-0.031863,-9.588898,2.928959,0.0056595494,-0.0526314678,-0.0178172575
4.953958,-0.226406,-10.283259,2.95778,0.0056595494,-0.0654021697,-0.0199457078
4.954976,0.364427,-9.466786,2.347732,-0.0071111525,-0.0568883684,-0.0082392311
4.956025,0.751111,-8.657496,1.341394,-0.0252029801,-0.0153835874,-0.0029181054
4.957075,0.374034,-9.181858,0.726543,-0.0443590329,0.0101578162,-0.0082392311
4.958124,0.04019,-10.07495,-0.066039,-0.0496801586,-0.0015486604,-0.0167530324
4.959143,-0.207192,-10.599313,-0.637658,-0.017753404,-0.026025839,-0.0199457078
4.960191,-0.675536,-10.20664,-0.961896,0.023751377,-0.0664663948,-0.021009933
4.96124,-0.730776,-8.975944,-1.583953,0.0418432046,-0.1186134273,-0.0199457078
4.96229,-0.091907,-8.882565,-2.592693,0.0312009531,-0.1292556789,-0.0124961318
4.963307,0.234732,-9.816361,-2.979376,0.0035310991,-0.0717875206,0.0013387952
4.964356,-0.099113,-9.74453,-2.302079,-0.0156249537,-0.0036771108,0.0119810468
4.965406,-0.466582,-9.775657,-1.898583,-0.0188176292,0.0197358426,0.0130452719
4.966455,-0.819641,-10.685509,-1.312553,0.0077879997,0.0122862666,0.0098525965
4.967505,-0.740383,-9.514673,-0.0132,0.0546139064,0.0037724653,0.0055956959
4.968522,0.097832,-8.288766,0.19095,0.0386505291,0.0527268224,0.006659921
4.969571,0.148269,-8.908903,1.086807,0.0226871518,0.1070023052,0.0119810468
4.970621,-0.721169,-11.264942,2.741621,0.0205587015,0.0814609015,0.0194306229
4.97167,-0.701955,-11.221843,2.724809,0.0184302512,-0.0015486604,0.0183663977
4.972687,-0.039069,-9.655939,2.652756,0.0173660261,-0.061145269,-0.0029181054
4.973737,0.037788,-9.914529,3.274812,0.0067237745,-0.0824297721,-0.0188814827
4.974786,0.289973,-10.017486,2.871316,-0.0103038279,-0.0739159709,-0.0124961318
4.975835,0.657442,-9.08369,2.244456,-0.0273314304,-0.0356038654,-0.0018538802
4.976853,0.578184,-8.46116,1.348599,-0.0486159335,-0.0004844353,-0.0007896551
4.977902,0.280366,-9.366223,0.24619,-0.059258185,0.001644015,-0.0093034563
4.978952,-0.211995,-11.207477,-0.087655,-0.031588331,-0.0228331635,-0.0167530324
4.980001,-0.464181,-10.924944,-0.779362,0.0141733506,-0.061145269,-0.021009933
4.981051,-0.442565,-9.102845,-1.463864,0.0429074297,-0.10265005,-0.0263310588
4.982068,-0.305664,-8.669468,-1.912994,0.0471643304,-0.1207418777,-0.0231383833
4.983118,-0.070292,-9.533828,-2.707977,0.0290725027,-0.088815123,-0.007175006
4.984167,-0.19038,-9.797206,-2.251642,0.0035310991,-0.0409249911,0.006659921
4.985216,-0.420949,-9.488335,-1.833736,-0.0103038279,-0.0164478126,0.0098525965
4.986234,-0.663527,-10.122837,-1.499891,0.0003384236,-0.0228331635,0.0055956959
4.987283,-0.992568,-10.575369,-0.54399,0.0269440524,-0.0462461169,0.0055956959
4.988332,-0.879685,-9.96481,-0.31342,0.0429074297,-0.0473103421,0.006659921
4.989384,-0.24562,-9.13876,0.263003,0.0333294034,0.0069651408,0.0109168216
4.990399,0.263553,-8.796368,0.796194,0.00991645,0.0931673782,0.0151737222
4.991449,-0.14955,-10.165936,1.612793,-0.0071111525,0.1346721592,0.0162379474
4.992498,-0.896498,-11.600151,2.561489,-0.0103038279,0.1006169543,0.0151737222
4.993547,-0.221603,-8.997494,2.599917,0.0003384236,-0.0089982365,-0.0114319066
4.994565,0.030582,-9.519462,2.861709,0.0056595494,-0.0377323157,-0.0146245821
4.995614,0.311589,-10.082134,2.3045,0.0067237745,-0.039860766,-0.0007896551
4.996664,0.534953,-9.349463,1.684846,-0.0071111525,-0.0164478126,0.0055956959
4.997713,0.537354,-8.896931,0.745757,-0.0358452316,0.0059009156,-0.0029181054
4.998765,0.145867,-9.703826,0.378287,-0.0464874832,0.0037724653,-0.0156888072
4.99978,-0.519421,-10.908184,-0.051628,-0.0305241059,-0.0292185144,-0.021009933
5.000829,-0.774008,-10.556215,-0.59923,0.0067237745,-0.0781728715,-0.0220741581
5.001879,-0.598679,-8.896931,-1.079583,0.0333294034,-0.1196776525,-0.021009933
5.002928,-0.125532,-8.468343,-2.11234,0.023751377,-0.1281914537,-0.0167530324
5.003946,0.287571,-9.588898,-2.554264,0.0024668739,-0.0824297721,-0.0061107808
5.004995,0.083421,-10.209034,-2.150768,-0.0134965034,-0.0238973887,0.006659921
5.006044,-0.24562,-9.785234,-1.778495,-0.0188176292,-0.0036771108,0.0109168216
5.007094,-0.581867,-10.055796,-1.401419,-0.0028542519,-0.0132551371,0.0077241462
5.008111,-0.922917,-10.898606,-0.748139,0.023751377,-0.0249616138,0.0087883713
5.00916,-0.507412,-10.077345,-0.301412,0.0365220788,-0.0100624617,0.0141094971
5.01021,0.201108,-8.293555,-0.070842,0.0301367279,0.0505983721,0.0173021725
5.011261,0.198706,-8.580877,0.664097,0.0120449003,0.1144518813,0.0194306229
5.012309,-0.365708,-10.697481,1.730479,0.00991645,0.1240299077,0.0247517486
5.013326,-0.860471,-11.406208,2.278081,0.0216229267,0.0697544249,0.0226232983
5.014375,-0.819641,-10.460441,2.191618,0.0280082776,-0.012190912,0.0077241462
5.015425,-0.267236,-9.545799,2.438999,0.0280082776,-0.0664663948,-0.0082392311
5.016474,0.160278,-9.272844,2.739219,0.0194944764,-0.0760444212,-0.0082392311
5.017492,0.424471,-9.41411,2.306902,0.0003384236,-0.0579525936,0.0024030204
5.018541,0.703076,-9.28721,1.463884,-0.0305241059,-0.0238973887,0.0055956959
5.019591,-0.003042,-10.355089,0.250994,-0.0496801586,-0.0143193623,-0.0156888072
5.020642,-0.473788,-10.848325,-0.361456,-0.0145607286,-0.0526314678,-0.0220741581
5.021658,-0.759597,-9.78284,-0.800978,0.0312009531,-0.0994573746,-0.0220741581
5.023758,-0.236013,-9.045381,-2.189197,0.0290725027,-0.1345768047,-0.0124961318
5.024805,-0.20479,-10.189879,-1.876968,0.0056595494,-0.095200474,0.0024030204
5.025855,-0.360905,-9.981571,-1.610372,-0.0081753776,-0.0654021697,0.0098525965
5.026872,-0.459377,-9.588898,-1.218885,-0.0060469273,-0.0600810439,0.0055956959
5.022707,-0.577063,-8.442005,-1.583953,0.0471643304,-0.136705255,-0.0220741581
5.027922,-0.497805,-9.890586,-0.692899,0.0120449003,-0.0579525936,-0.0007896551
5.028971,-0.632304,-10.218611,0.015621,0.0258798273,-0.0473103421,0.0045314707
5.030021,-0.418547,-9.627207,0.349466,0.0280082776,-0.0100624617,0.0173021725
5.031038,0.186697,-8.849044,0.255797,0.0163018009,0.0729471003,0.0215590732
5.032088,0.112242,-9.658334,1.175672,-0.0007258016,0.1431859605,0.0215590732
5.033139,-0.615492,-11.298463,1.672837,-0.0071111525,0.1431859605,0.020494848
5.034186,-0.862873,-11.171562,1.821746,0.0003384236,0.0931673782,0.0109168216
5.035204,-0.454573,-9.529039,2.064324,0.0109806751,0.0378276702,-0.0050465557
5.036253,0.020975,-8.810734,1.987468,0.0109806751,0.0069651408,-0.0103676814
5.037302,0.150671,-9.418899,2.157993,0.0088522248,-0.0047413359,0.0013387952
5.038351,0.114644,-9.852276,1.571963,0.0003384236,-0.0175120377,0.0162379474
5.039401,0.213116,-9.404533,0.887461,-0.0230745298,-0.0281542893,0.0109168216
5.040418,0.006565,-9.7996,0.337457,-0.0358452316,-0.0334754151,-0.007175006
5.041468,-0.399333,-10.709453,-0.037218,-0.0273314304,-0.0505030175,-0.0231383833
5.042519,-0.509814,-10.115654,-0.284599,-0.003918477,-0.0771086464,-0.0284595091
5.043567,-0.577063,-8.987916,-0.678488,0.0173660261,-0.1037142752,-0.0252668336
5.044584,-0.416145,-8.583271,-0.947486,0.023751377,-0.1207418777,-0.0146245821
5.045636,0.107439,-10.44368,-1.487882,-0.0166891789,-0.0856224476,0.0024030204
5.046683,-0.034265,-10.410159,-1.067574,-0.0198818543,-0.0568883684,0.0045314707
5.047732,-0.363307,-9.962416,-1.281331,-0.0081753776,-0.0451818917,0.0024030204
5.04875,-0.435359,-9.495518,-0.692899,0.0056595494,-0.0409249911,0.0013387952
5.049799,-0.046274,-9.567349,-0.64006,0.0163018009,-0.0058055611,0.0087883713
5.050848,0.184295,-9.574532,-0.193332,0.0216229267,0.0654975242,0.0215590732
5.051898,0.184295,-8.961578,0.392698,0.0184302512,0.1272225831,0.0268801989
5.052915,-0.055881,-9.962416,0.796194,0.0152375758,0.1421217353,0.0226232983
5.053964,-0.57226,-11.789304,1.44467,0.0269440524,0.1101949807,0.0194306229
5.055016,-0.774008,-11.035084,1.600784,0.0397147543,0.0505983721,0.0130452719
5.056063,-0.372914,-9.002282,1.862576,0.0418432046,-0.0036771108,0.0013387952
5.057113,0.210715,-8.521018,1.927424,0.0312009531,-0.0238973887,0.0013387952
5.05813,0.256348,-9.500307,1.913013,0.0131091254,-0.0249616138,0.0130452719
5.059179,0.088225,-10.118049,1.507115,-0.0124322782,-0.0270900641,0.0183663977
5.060229,0.323597,-9.294393,0.716936,-0.0401021322,-0.0270900641,0.0055956959
5.061278,-0.072693,-9.78284,0.507982,-0.0422305825,-0.0334754151,-0.0114319066
5.062296,-0.930122,-11.449307,0.243788,-0.0145607286,-0.0664663948,-0.0167530324
5.063345,-0.951738,-10.386216,-0.335036,0.0205587015,-0.1143565267,-0.0167530324
5.064394,-0.485796,-7.934403,-0.829799,0.0386505291,-0.1430906059,-0.0188814827
5.065443,-0.175969,-8.16426,-1.365392,0.0248156021,-0.1420263807,-0.0156888072
5.066461,-0.27204,-10.522694,-1.32216,0.0056595494,-0.1207418777,-0.0039823305
5.067513,-0.413744,-11.082971,-0.690497,-0.0017900267,-0.10265005,0.0055956959
5.06856,-0.139943,-9.478758,-0.604034,-0.0007258016,-0.0941362488,-0.0018538802
5.069609,-0.175969,-9.291998,-0.407089,0.0088522248,-0.088815123,-0.0103676814
5.070658,-0.406538,-10.383821,0.02763,0.0205587015,-0.074980196,-0.0018538802
5.071676,0.01377,-9.50749,-0.087655,0.0205587015,-0.0249616138,0.0141094971
5.072725,0.064207,-9.660728,0.539205,-0.0113680531,0.1219014574,0.0258159738
5.073775,-0.488198,-11.901838,1.009951,-0.0060469273,0.139993285,0.0247517486
5.074824,-0.802829,-11.875501,1.242921,0.0077879997,0.1144518813,0.0173021725
5.075841,-0.589072,-9.409322,1.178074,0.0152375758,0.0750755506,0.0034672456
5.076893,-0.226406,-7.912854,1.180476,0.0173660261,0.0537910475,-0.0061107808
5.07794,-0.137541,-9.289604,1.634409,0.0205587015,0.0452772463,0.0055956959
5.078989,-0.02706,-9.957627,1.370215,0.0173660261,0.0335707696,0.0226232983
5.080009,-0.060684,-9.529039,0.483965,-0.0007258016,0.0122862666,0.0162379474
5.081056,-0.435359,-10.288047,0.6689,-0.0209460795,-0.026025839,-0.0061107808
5.082106,-0.704357,-10.740579,0.618463,-0.0188176292,-0.0717875206,-0.0220741581
5.084204,-0.425752,-8.872987,-0.001191,0.0056595494,-0.1122280764,-0.0252668336
5.085222,-0.099113,-9.126788,-0.399884,0.0035310991,-0.1100996261,-0.0188814827
5.083155,-0.692348,-9.797206,0.039639,-0.0017900267,-0.1015858249,-0.0273952839
5.086271,0.061805,-9.691855,-0.611239,-0.0060469273,-0.095200474,-0.0103676814
5.08732,0.093028,-10.051007,-0.560802,-0.0145607286,-0.0824297721,-0.0061107808
5.08837,0.064207,-10.235372,-0.700104,-0.0124322782,-0.074980196,-0.0050465557
5.089389,0.037788,-9.74453,-0.611239,-0.0017900267,-0.0739159709,-0.0061107808
5.090436,0.028181,-9.639179,-0.565605,0.0077879997,-0.0781728715,-0.0007896551
5.091486,0.261152,-9.663123,-0.4215,0.0109806751,-0.0515672427,0.0130452719
5.092535,0.54456,-9.184253,-0.469535,0.0077879997,0.0282496439,0.0268801989
5.093552,0.328401,-9.648756,-0.347045,-0.0017900267,0.1155161065,0.034329775
5.094602,-0.125532,-10.544243,0.058853,0.0014026488,0.1644704635,0.0311370995
5.095651,-0.579465,-10.769312,0.296627,0.0248156021,0.1634062384,0.0194306229
5.0967,-0.910908,-10.589735,0.704927,0.0492927807,0.1165803316,0.0077241462
5.09775,-0.147148,-8.348625,1.005147,0.0695130586,0.0239927432,0.006659921
5.09877,-0.413744,-9.315942,1.507115,0.0524854561,-0.0164478126,0.0226232983
5.099817,-0.562653,-10.412554,1.343796,0.0163018009,-0.061145269,0.0311370995
5.100866,-0.209594,-10.127626,0.897068,-0.0198818543,-0.0866866727,0.0141094971
5.101915,-0.139943,-10.204245,0.904273,-0.0464874832,-0.0962646991,-0.0135603569
5.102933,-0.36811,-10.367061,0.976326,-0.0475517083,-0.1069069507,-0.0263310588
5.103982,-0.442565,-9.390167,0.294225,-0.0188176292,-0.1111638513,-0.0242026084
5.105031,-0.420949,-8.834678,-0.080449,0.0088522248,-0.1186134273,-0.0146245821
5.106081,-0.168764,-9.301576,-0.555998,0.0173660261,-0.1271272286,-0.0029181054
5.107098,0.114644,-9.612841,-0.892245,0.0163018009,-0.1218061028,-0.0007896551
5.108148,-0.099113,-10.355089,-0.202939,0.0184302512,-0.1175492022,-0.0039823305
5.109197,-0.440163,-10.855508,-0.020405,0.023751377,-0.1207418777,-0.0061107808
5.110246,-0.478591,-9.411716,-0.114074,0.0205587015,-0.116484977,-0.0061107808
5.111296,-0.168764,-8.458765,0.056451,0.00991645,-0.0983931494,-0.0029181054
5.112313,0.227527,-9.639179,0.19095,0.0014026488,-0.0547599181,0.0087883713
5.113362,0.443686,-10.036641,0.186146,0.0003384236,0.0208000678,0.0247517486
5.114412,0.431677,-9.584109,-0.202939,-0.0060469273,0.1091307555,0.0279444241
5.115461,-0.216799,-10.484384,0.212566,-0.0028542519,0.1548924371,0.020494848
5.116478,-0.889292,-11.399025,0.486366,0.0205587015,0.1357363844,0.0119810468
5.117528,-0.752392,-10.616073,0.207762,0.0407789794,0.1027454046,0.0034672456
5.118577,-0.305664,-8.528201,0.426322,0.0439716549,0.0921031531,0.0013387952
5.119626,-0.022256,-7.618349,0.27261,0.0226871518,0.0878462525,0.0087883713
5.120644,-0.351298,-10.007909,0.784185,0.0056595494,0.0654975242,0.0226232983
5.121693,-0.721169,-11.40142,1.031566,-0.0028542519,0.0239927432,0.0268801989
5.122742,-0.521823,-9.667911,0.24619,-0.0124322782,-0.026025839,0.006659921
5.123791,-0.970952,-10.628045,0.89947,0.0003384236,-0.1196776525,-0.0252668336
5.124809,-0.382521,-9.347068,0.507982,0.0077879997,-0.1313841292,-0.021009933
5.125858,0.0546,-8.463554,0.664097,0.0035310991,-0.1122280764,-0.0167530324
5.127957,-0.039069,-10.572975,0.507982,-0.0209460795,-0.0973289243,-0.0093034563
5.126907,0.008967,-9.526645,0.495973,-0.0134965034,-0.0994573746,-0.0114319066
5.129006,0.119448,-10.240161,0.479161,-0.0166891789,-0.0909435734,-0.0093034563
5.130024,0.237134,-9.440448,0.135709,-0.0092396028,-0.0834939973,-0.0103676814
5.131073,0.076216,-9.320731,0.022826,-0.0017900267,-0.0824297721,-0.0093034563
5.132122,0.203509,-9.631996,-0.397482,0.0035310991,-0.0643379445,0.0013387952
5.133171,0.710281,-9.646362,-0.849013,-0.0007258016,-0.0015486604,0.0162379474
5.134189,0.789539,-9.557771,-0.954691,-0.0081753776,0.0835893518,0.0258159738
5.135238,0.184295,-10.414948,-0.942682,-0.0071111525,0.1389290598,0.0258159738
5.136288,-0.461779,-11.255364,-0.51757,0.0141733506,0.1485070862,0.0226232983
5.137337,-0.605884,-10.422131,-0.330233,0.0503570058,0.126158358,0.0151737222
5.138355,-0.432958,-8.865804,-0.397482,0.0737699592,0.0952958285,0.006659921
5.139404,-0.199987,-8.068486,-0.23176,0.0748341844,0.0740113255,0.0098525965
5.140453,-0.264834,-8.772425,0.20536,0.0599350322,0.0591121733,0.0247517486
5.141502,-0.992568,-10.661566,0.940299,0.0397147543,0.0144147169,0.0353940002
5.142552,-1.355234,-11.499588,1.000344,0.00991645,-0.0707232954,0.0247517486
5.143569,-0.699553,-10.522694,0.916282,-0.0134965034,-0.1409621556,-0.007175006
5.144619,-0.175969,-9.646362,1.218904,-0.0230745298,-0.1494759568,-0.0316521845
5.145668,-0.209594,-9.323125,1.396634,-0.0283956555,-0.1186134273,-0.0284595091
5.146717,-0.125532,-8.786791,1.221306,-0.0252029801,-0.0909435734,-0.0124961318
5.147735,-0.012649,-8.647919,0.779381,-0.0134965034,-0.081365547,-0.0018538802
5.148784,-0.221603,-9.952839,0.676106,0.0014026488,-0.0983931494,0.0002745701
5.149834,-0.132737,-10.458046,0.459947,0.0312009531,-0.150540182,-0.0146245821
5.150885,-0.048676,-8.896931,0.419117,0.0301367279,-0.1462832813,-0.021009933
5.1519,0.011368,-9.035803,0.128504,0.0131091254,-0.1207418777,-0.0135603569
5.15295,0.388445,-9.598475,-0.020405,-0.0049827022,-0.0643379445,0.0055956959
5.153999,0.647835,-9.555377,-0.445517,-0.0198818543,0.0101578162,0.020494848
5.155048,0.345213,-9.639179,-0.656872,-0.0230745298,0.0697544249,0.0247517486
5.156098,-0.300861,-10.510722,-0.654471,-0.0060469273,0.0921031531,0.0194306229
5.157115,-0.677937,-11.348744,-0.736131,0.0269440524,0.0889104776,0.0119810468
5.158165,-0.608286,-10.630439,-0.647265,0.0567423567,0.0899747028,0.006659921
5.159214,-0.36811,-8.425244,-0.856219,0.058870807,0.1048738549,0.0013387952
5.160266,-0.221603,-7.750038,-0.688095,0.0354578537,0.1219014574,0.0055956959
5.16128,-0.50501,-9.406927,0.238985,0.0120449003,0.1176445568,0.0215590732
5.16233,-1.110255,-10.776495,0.661695,-0.003918477,0.0623048488,0.0300728744
5.163379,-1.316806,-11.238604,0.827417,-0.0092396028,-0.0377323157,0.0141094971
5.164428,-0.836454,-10.563398,1.242921,-0.0007258016,-0.1196776525,-0.0114319066
5.165446,-0.375315,-9.45242,1.137244,0.0120449003,-0.1420263807,-0.0263310588
5.166496,-0.216799,-9.191436,1.242921,0.0077879997,-0.1196776525,-0.0220741581
5.167545,0.088225,-8.990311,1.379822,-0.0103038279,-0.0824297721,-0.0114319066
5.168594,0.208313,-8.913691,1.29576,-0.0252029801,-0.0579525936,-0.0093034563
5.169645,-0.039069,-10.067767,1.569561,-0.0283956555,-0.06753062,-0.0146245821
5.170661,-0.024658,-11.238604,1.430259,-0.0134965034,-0.095200474,-0.0167530324
5.17171,0.090627,-10.520299,0.976326,0.0109806751,-0.1079711758,-0.0178172575
5.172762,-0.048676,-8.827495,0.359073,0.0184302512,-0.1047785003,-0.0178172575
5.173809,0.044993,-8.248062,-0.337438,0.0088522248,-0.0866866727,-0.0114319066
5.174827,0.525345,-9.296787,-1.012333,-0.0071111525,-0.039860766,0.0034672456
5.175876,0.431677,-10.584947,-1.495087,-0.0166891789,0.1016811795,0.0215590732
5.176925,-0.084702,-10.192274,-1.151635,0.00991645,0.1101949807,0.0119810468
5.177975,-0.495403,-10.934522,-0.930673,0.051421231,0.0761397758,0.0034672456
5.178992,-0.471386,-10.33354,-1.125216,0.0822837604,0.0729471003,0.0045314707
5.180042,-0.070292,-7.460322,-1.319759,0.0748341844,0.112323431,0.0087883713
5.181091,-0.279245,-7.347787,-0.704908,0.0429074297,0.1325437089,0.0173021725
5.182142,-1.184709,-10.70227,0.323047,0.0280082776,0.0921031531,0.0311370995
5.183158,-1.496938,-11.976063,0.906675,0.0226871518,-0.0015486604,0.0268801989
5.184207,-0.985363,-11.013535,1.098816,0.0152375758,-0.10265005,-0.0018538802
5.185256,-0.658723,-10.199457,1.63681,0.0077879997,-0.1601182083,-0.0242026084
5.186306,-0.493002,-9.246506,1.86738,-0.0060469273,-0.1665035593,-0.0252668336
5.187355,0.020975,-8.815523,1.903406,-0.0241387549,-0.1324483543,-0.0124961318
5.188372,0.311589,-8.655102,1.973057,-0.0347810065,-0.0824297721,-0.0007896551
5.189422,0.143465,-9.272844,1.507115,-0.0358452316,-0.06753062,-0.0039823305
5.190472,0.102635,-10.956071,1.511919,-0.017753404,-0.0834939973,-0.0146245821
5.19152,0.049797,-11.135647,1.353403,0.0163018009,-0.095200474,-0.0220741581
5.192538,-0.365708,-9.57932,0.853836,0.0290725027,-0.1175492022,-0.0242026084
5.193588,-0.288852,-8.54975,0.440733,0.0141733506,-0.1388337053,-0.0178172575
5.194639,0.474908,-8.906508,-0.486347,-0.0007258016,-0.1079711758,-0.0039823305
5.195686,0.84478,-9.921712,-1.06277,-0.0198818543,-0.0281542893,0.0098525965
5.196704,0.638228,-10.60889,-1.271723,-0.0294598807,0.0505983721,0.0162379474
5.197753,0.21792,-10.211428,-1.391812,-0.0092396028,0.0867820273,0.0130452719
5.198803,-0.305664,-9.902557,-1.463864,0.023751377,0.0761397758,0.0055956959
5.199852,-0.66833,-10.635228,-1.372597,0.0556781316,0.0601763985,0.0045314707
5.200901,-0.579465,-9.495518,-1.286134,0.0695130586,0.0825251267,0.0130452719
5.201918,-0.274441,-7.194549,-1.478275,0.0482285555,0.1187087819,0.0173021725
5.202968,-1.420082,-12.052682,0.339859,0.0163018009,0.0835893518,0.0290086492
5.20402,-1.453707,-11.238604,0.416715,0.0120449003,0.0080293659,0.0130452719
5.205066,-0.958944,-9.725376,1.324581,0.0045953242,-0.0792370967,-0.0167530324
5.206083,-0.553046,-9.665517,1.576766,0.0014026488,-0.1207418777,-0.0252668336
5.207135,-0.380119,-9.646362,1.953843,-0.0049827022,-0.1207418777,-0.0124961318
5.208182,-0.070292,-9.148338,2.49424,-0.0113680531,-0.109035401,0.0013387952
5.209231,0.383642,-8.64313,1.860174,-0.0198818543,-0.0856224476,0.0013387952
5.210249,0.31399,-9.648756,1.833755,-0.0209460795,-0.0707232954,-0.0124961318
5.211298,0.078618,-11.327195,1.934629,-0.0124322782,-0.0803013218,-0.0242026084
5.212348,-0.048676,-10.917761,1.487901,0.0067237745,-0.1015858249,-0.0252668336
5.213398,-0.281647,-8.686228,0.91388,0.0141733506,-0.1260630034,-0.0199457078
5.214447,0.073814,-8.135528,-0.226957,-0.003918477,-0.1324483543,-0.0114319066
5.215464,0.772727,-10.098894,-0.954691,-0.0166891789,-0.0856224476,0.0034672456
5.216516,0.904824,-10.556215,-1.447052,-0.0188176292,0.0048366905,0.0151737222
5.217563,0.522944,-9.591292,-1.855352,-0.0103038279,0.0750755506,0.0087883713
5.218611,-0.096711,-10.173119,-1.435043,0.0194944764,0.0803966764,-0.0029181054
5.219629,-0.483395,-10.462835,-1.562337,0.0556781316,0.056983723,-0.0039823305
5.220679,-0.553046,-9.46918,-1.773692,0.0684488334,0.0516625972,0.0034672456
5.221728,-0.399333,-8.2744,-1.262116,0.0546139064,0.0750755506,0.0151737222
5.222778,-0.305664,-8.403695,-1.053163,0.0301367279,0.0952958285,0.0258159738
5.223795,-0.855668,-10.805227,-0.335036,0.0120449003,0.0803966764,0.0300728744
5.224844,-1.367243,-11.966486,0.375885,0.0088522248,0.0325065445,0.0215590732
5.225896,-1.19912,-10.33354,0.692918,0.0077879997,-0.0334754151,-0.0050465557
5.226943,-0.846061,-9.246506,1.660828,0.0035310991,-0.0930720237,-0.0242026084
5.227992,-0.211995,-9.751713,2.460615,0.0024668739,-0.1037142752,0.0002745701
5.229012,-0.005444,-9.126788,2.607122,-0.0071111525,-0.0877508979,0.006659921
5.230059,0.275562,-8.707777,2.350134,-0.0198818543,-0.0781728715,-0.0029181054
5.231108,0.249143,-9.845093,1.987468,-0.0230745298,-0.0685948451,-0.021009933
5.232158,-0.202388,-11.69353,1.975459,-0.0145607286,-0.0696590703,-0.0273952839
5.233175,-0.428154,-10.493961,1.451875,-0.0071111525,-0.0877508979,-0.0242026084
5.234225,-0.19038,-7.908065,0.299029,-0.0103038279,-0.1132923016,-0.0252668336
5.235274,0.338008,-8.829889,-0.407089,-0.0209460795,-0.1154207519,-0.0188814827
5.236323,1.027314,-10.60889,-1.238099,-0.0252029801,-0.061145269,0.0002745701
5.237341,1.053733,-10.118049,-2.121947,-0.0198818543,0.0271854187,0.0098525965
5.238392,0.246741,-9.631996,-1.795308,-0.003918477,0.0718828752,0.006659921
5.239439,-0.32728,-10.237766,-1.668014,0.0258798273,0.0537910475,0.0013387952
5.240489,-0.471386,-10.486778,-2.210812,0.0503570058,0.0410203457,0.0024030204
5.241538,-0.553046,-9.052564,-1.999457,0.0556781316,0.0676259745,0.0087883713
5.242556,-0.565055,-7.699757,-1.468668,0.0365220788,0.0995527292,0.0162379474
5.243605,-0.603483,-9.217774,-1.031547,0.0163018009,0.1101949807,0.0236875235
5.244654,-1.011782,-11.523531,-0.284599,0.0152375758,0.0942316034,0.0268801989
5.245704,-1.542572,-11.47325,0.676106,0.0248156021,0.029313869,0.0119810468
5.246721,-1.266369,-10.144387,1.15886,0.0248156021,-0.0590168187,-0.0114319066
5.247771,-0.608286,-9.404533,1.670435,0.0163018009,-0.1058427255,-0.0167530324
5.24882,-0.473788,-9.45242,2.544677,0.0120449003,-0.1154207519,-0.0061107808
5.249869,-0.214397,-9.268055,2.892932,-0.0017900267,-0.116484977,0.0034672456
5.250889,0.510935,-8.849044,2.657559,-0.0230745298,-0.0983931494,0.0024030204
5.251936,0.76312,-9.622419,2.393366,-0.031588331,-0.0696590703,-0.0103676814
5.252986,0.328401,-11.140436,2.381357,-0.0252029801,-0.0600810439,-0.0231383833
5.254035,-0.10872,-8.884959,0.993138,-0.003918477,-0.0856224476,-0.0231383833
5.255052,-0.125532,-8.442005,0.169334,-0.003918477,-0.1079711758,-0.0178172575
5.256101,0.338008,-9.864248,-0.791371,-0.0145607286,-0.1037142752,-0.0039823305
5.257151,0.839976,-10.173119,-1.60797,-0.0166891789,-0.0419892163,0.006659921
5.2582,0.587791,-9.878614,-2.107537,-0.0092396028,0.0261211936,0.0055956959
5.259249,-0.022256,-9.881008,-1.915396,0.0077879997,0.0420845709,-0.0007896551
5.26027,-0.394529,-10.046218,-1.876968,0.0333294034,0.0261211936,-0.0007896551
5.261316,-0.543439,-9.794812,-2.023475,0.0503570058,0.0282496439,0.0045314707
5.262365,-0.589072,-8.566511,-1.785701,0.0482285555,0.0527268224,0.0109168216
5.263415,-0.615492,-8.609609,-1.384606,0.0258798273,0.0729471003,0.0183663977
5.264432,-0.74999,-10.726213,-0.791371,0.0131091254,0.0803966764,0.0247517486
5.265482,-1.146281,-11.571418,-0.073244,0.0173660261,0.0644332991,0.0183663977
5.266531,-1.299994,-10.161147,0.79139,0.0152375758,0.0037724653,-0.0018538802
5.26758,-0.834052,-9.366223,1.507115,0.0088522248,-0.0590168187,-0.0124961318
5.268598,-0.507412,-9.878614,2.280483,0.0141733506,-0.0866866727,-0.0039823305
5.269648,-0.432958,-10.106077,2.580703,0.0088522248,-0.0941362488,0.0034672456
5.270697,-0.019855,-9.136366,2.597515,-0.0156249537,-0.0877508979,0.0024030204
5.271745,0.251545,-8.645524,2.823281,-0.0326525562,-0.0824297721,-0.0061107808
5.272795,0.018574,-10.649594,2.741621,-0.0273314304,-0.095200474,-0.0156888072
5.273813,-0.012649,-11.695924,2.306902,-0.0124322782,-0.0983931494,-0.021009933
5.274862,0.227527,-9.076507,1.262136,-0.0092396028,-0.0792370967,-0.0252668336
5.275911,0.232331,-7.70694,0.671302,-0.0198818543,-0.0739159709,-0.0273952839
5.27696,0.229929,-9.995937,0.022826,-0.0294598807,-0.0781728715,-0.0146245821
5.277978,0.388445,-10.975226,-1.012333,-0.0252029801,-0.0494387924,0.0034672456
5.279027,0.431677,-9.315942,-1.365392,-0.0081753776,-0.0068697862,0.0034672456
5.280077,-0.137541,-10.810015,-2.155572,0.0205587015,0.001644015,-0.0082392311
5.281126,-0.464181,-9.83791,-2.049894,0.0365220788,0.0101578162,0.0045314707
5.282146,-0.346494,-8.281583,-2.434176,0.0269440524,0.0367634451,0.0119810468
5.283193,-0.317673,-8.865804,-1.804915,0.0088522248,0.0740113255,0.0162379474
5.284242,-0.550644,-10.16833,-1.413427,0.0014026488,0.1048738549,0.0215590732
5.285291,-0.850864,-10.800438,-0.764952,0.0067237745,0.1016811795,0.0194306229
5.286341,-1.170299,-10.836353,0.219771,0.0312009531,0.0580479482,0.0087883713
5.287359,-1.15829,-10.266498,0.596847,0.0471643304,0.0027082402,-0.0018538802
5.288408,-0.70916,-9.512279,1.58157,0.0429074297,-0.0345396402,-0.0029181054
5.289457,-0.296057,-9.392561,2.607122,0.0365220788,-0.0600810439,0.0055956959
5.290506,-0.099113,-9.701432,2.948173,0.0205587015,-0.081365547,0.006659921
5.291524,0.229929,-9.495518,2.921753,-0.0145607286,-0.0866866727,-0.0018538802
5.292573,0.400454,-9.392561,3.017824,-0.0422305825,-0.0760444212,-0.0124961318
5.293622,-0.00064,-10.48199,2.996208,-0.0422305825,-0.074980196,-0.021009933
5.294672,-0.257629,-11.006352,2.258867,-0.031588331,-0.0877508979,-0.0220741581
5.29569,0.071412,-9.361435,1.33659,-0.0230745298,-0.0920077985,-0.0199457078
5.296739,0.261152,-8.118768,0.383091,-0.0220103046,-0.0898793482,-0.0178172575
5.297788,0.328401,-9.332702,-0.661676,-0.0283956555,-0.0877508979,-0.0103676814
5.298838,0.647835,-10.580158,-1.451856,-0.0252029801,-0.0526314678,-0.0007896551
5.29989,0.510935,-10.292836,-1.833736,-0.0060469273,-0.0015486604,0.0024030204
5.300905,-0.10872,-9.859459,-1.776094,0.0184302512,0.0048366905,-0.0007896551
5.301954,-0.370512,-9.813966,-2.03068,0.0418432046,-0.0196404881,-0.0018538802
5.303003,-0.334485,-9.691855,-2.772825,0.0450358801,-0.0068697862,0.0055956959
5.304053,-0.425752,-8.930452,-2.508631,0.0280082776,0.0442130212,0.0151737222
5.30507,-0.579465,-8.410878,-1.869762,0.0067237745,0.0803966764,0.020494848
5.30612,-1.415278,-12.055077,-0.133288,0.0216229267,0.0644332991,0.0130452719
5.307169,-1.441698,-10.786072,0.469554,0.0461001052,0.0122862666,0.0055956959
5.308218,-0.786017,-8.631158,0.781783,0.037586304,-0.0366680905,-0.0029181054
5.309236,-0.332084,-8.884959,2.059521,0.0269440524,-0.0568883684,0.0013387952
5.310285,-0.202388,-10.340723,3.09468,0.0205587015,-0.0728517457,0.0130452719
5.311335,0.289973,-10.268893,3.1211,-0.0049827022,-0.0781728715,0.0130452719
5.312386,0.587791,-9.526645,2.885727,-0.0305241059,-0.053695693,-0.0018538802
5.313401,0.141064,-9.701432,3.157126,-0.0486159335,-0.0387965408,-0.0178172575
5.314451,-0.096711,-10.374244,2.912146,-0.045423258,-0.0526314678,-0.0231383833
5.3155,0.028181,-9.945656,2.021092,-0.0230745298,-0.061145269,-0.0188814827
5.316549,0.052198,-8.51623,1.050781,-0.0113680531,-0.0685948451,-0.0124961318
5.317599,0.265955,-8.892142,-0.236564,-0.0198818543,-0.0856224476,-0.0093034563
5.318616,0.467703,-10.81241,-1.101198,-0.0188176292,-0.0707232954,-0.0050465557
5.319666,0.181894,-10.855508,-1.387008,-0.0017900267,-0.0270900641,-0.0018538802
5.320715,-0.252825,-9.212985,-1.545524,0.0194944764,-0.0185762629,-0.0061107808
5.321767,-0.320075,-8.913691,-1.992252,0.0343936285,-0.0441176666,-0.0114319066
5.322782,-0.260031,-9.751713,-2.491819,0.0354578537,-0.0430534414,-0.0029181054
5.323831,-0.36811,-9.529039,-2.446185,0.0216229267,-0.0079340114,0.0119810468
5.32488,-0.411342,-8.853833,-2.208411,0.0003384236,0.0314423193,0.020494848
5.32593,-0.536233,-9.699038,-1.903387,-0.0092396028,0.0623048488,0.0194306229
5.326947,-1.016586,-11.375082,-1.149234,0.0045953242,0.0793324512,0.0141094971
5.327996,-1.28078,-11.188323,-0.044423,0.0290725027,0.0591121733,0.0055956959
5.329046,-0.942131,-9.382984,0.380689,0.0418432046,0.0208000678,-0.0050465557
5.330095,-0.447368,-8.585666,1.074798,0.0333294034,-0.0036771108,-0.0039823305
5.331146,-0.175969,-9.598475,2.499043,0.0280082776,-0.0207047132,0.0109168216
5.332162,-0.046274,-10.59213,3.104287,0.023751377,-0.0483745672,0.0236875235
5.333212,0.253946,-9.74453,2.967387,-0.0252029801,-0.0792370967,-0.007175006
5.334263,-0.022256,-10.177907,3.262803,-0.0337167813,-0.0696590703,-0.0242026084
5.33531,-0.075095,-9.871431,2.844897,-0.0337167813,-0.0696590703,-0.0220741581
5.336328,0.193902,-9.117211,1.706462,-0.031588331,-0.0664663948,-0.0124961318
5.337378,0.333205,-8.947212,0.933094,-0.0337167813,-0.0590168187,-0.0061107808
5.338427,0.261152,-9.816361,-0.265385,-0.0358452316,-0.0568883684,-0.0039823305
5.339476,0.141064,-10.33354,-0.865826,-0.0209460795,-0.0473103421,-0.0093034563
5.340493,0.011368,-10.067767,-1.34858,0.0045953242,-0.039860766,-0.0135603569
5.341543,-0.185576,-10.094105,-1.973038,0.0258798273,-0.0473103421,-0.0124961318
5.342592,-0.298459,-9.095662,-2.198804,0.0365220788,-0.0494387924,-0.0061107808
5.343644,-0.185576,-8.418061,-3.128286,0.0205587015,-0.0292185144,-0.0007896551
5.344691,-0.219201,-9.924107,-2.76562,-0.0017900267,0.0090935911,0.0109168216
5.345708,-0.493002,-10.256921,-2.045091,-0.0060469273,0.0442130212,0.0247517486
5.346758,-0.802829,-9.679883,-1.97544,-0.0007258016,0.056983723,0.020494848
5.347807,-1.220736,-10.728608,-0.553597,0.0258798273,0.0452772463,0.0087883713
5.348856,-1.220736,-10.750157,0.16453,0.0546139064,0.0218642929,0.0034672456
5.350923,-0.091907,-8.743693,1.752095,0.0397147543,0.0144147169,0.0141094971
5.349874,-0.524225,-9.071718,0.435929,0.0524854561,0.0101578162,0.0055956959
5.351973,-0.192781,-9.96481,2.7128,0.0290725027,-0.0036771108,0.020494848
5.353022,-0.046274,-10.788466,3.034636,0.0035310991,-0.039860766,0.0162379474
5.354039,0.078618,-10.53706,3.250795,-0.0198818543,-0.0547599181,0.0034672456
5.355088,-0.199987,-9.766079,3.356472,-0.031588331,-0.0579525936,-0.0114319066
5.35614,-0.084702,-9.382984,3.008217,-0.0411663574,-0.0654021697,-0.0188814827
5.357187,0.352419,-9.598475,2.398169,-0.0369094568,-0.061145269,-0.0135603569
5.358236,0.446087,-9.145943,0.087674,-0.031588331,-0.0345396402,-0.0018538802
5.359254,0.316392,-9.682277,-0.673685,-0.0252029801,-0.0313469647,-0.007175006
5.360303,-0.118327,-10.628045,-1.257313,-0.0017900267,-0.0334754151,-0.0114319066
5.361352,-0.553046,-10.529877,-1.391812,0.0301367279,-0.0494387924,-0.0103676814
5.362402,-0.6275,-9.217774,-1.579149,0.0524854561,-0.0834939973,-0.0093034563
5.363419,-0.269638,-8.394118,-2.487015,0.0471643304,-0.0962646991,-0.0093034563
5.364469,0.081019,-9.275238,-2.926538,0.0205587015,-0.061145269,0.0013387952
5.365521,-0.144746,-10.144387,-2.354918,-0.0049827022,-0.0079340114,0.0162379474
5.366568,-0.581867,-9.797206,-1.843343,-0.0166891789,0.0208000678,0.0194306229
5.367585,-0.956542,-10.280864,-1.190064,-0.0049827022,0.0250569684,0.0130452719
5.368637,-1.319208,-11.461278,-0.102065,0.0301367279,0.0186716175,0.006659921
5.369684,-1.018988,-10.237766,0.178941,0.0471643304,0.0197358426,0.0045314707
5.370733,-0.262432,-7.802714,0.440733,0.0301367279,0.0399561205,0.0034672456
5.371782,-0.202388,-8.679045,1.987468,0.0216229267,0.0442130212,0.0109168216
5.372799,-0.24562,-11.044662,3.008217,0.0194944764,0.0037724653,0.020494848
5.373849,0.251545,-10.860297,2.664765,0.0024668739,-0.0345396402,0.0162379474
5.374899,0.097832,-9.98636,3.034636,-0.0071111525,-0.0483745672,-0.0007896551
5.375948,-0.372914,-10.139598,3.375686,-0.0124322782,-0.0685948451,-0.0156888072
5.376965,-0.00064,-9.725376,2.784853,-0.0220103046,-0.0803013218,-0.0146245821
5.378017,0.431677,-8.75327,2.227644,-0.0241387549,-0.0622094942,-0.007175006
5.379063,0.39565,-9.093268,1.204493,-0.0358452316,-0.0462461169,-0.0050465557
5.380113,0.398052,-9.878614,0.265404,-0.0464874832,-0.0409249911,-0.0061107808
5.381131,0.244339,-10.197062,-0.491151,-0.0294598807,-0.0324111899,-0.0103676814
5.38218,-0.267236,-10.601707,-1.187662,-0.0017900267,-0.0356038654,-0.0146245821
5.383229,-0.61309,-10.046218,-1.442249,0.0216229267,-0.0590168187,-0.0146245821
5.384279,-0.012649,-8.521018,-2.849681,0.0269440524,-0.0664663948,-0.0082392311
5.385296,0.030582,-9.478758,-3.111473,0.0014026488,-0.0217689384,0.0034672456
5.386346,-0.411342,-10.288047,-2.412561,-0.0156249537,0.0144147169,0.0162379474
5.387397,-0.733178,-10.256921,-1.761683,-0.0092396028,0.0218642929,0.020494848
5.388444,-0.992568,-10.470018,-1.005128,0.0184302512,0.0069651408,0.0141094971
5.389493,-1.139076,-10.802832,-0.116476,0.0503570058,-0.0089982365,0.0077241462
5.390513,-0.639509,-9.502701,-0.005995,0.0524854561,0.0144147169,0.006659921
5.39156,0.028181,-7.711728,0.702525,0.0301367279,0.0644332991,0.0098525965
5.392609,-0.209594,-9.30397,2.381357,0.023751377,0.07081865,0.0162379474
5.393659,-0.495403,-11.743811,3.342062,0.0184302512,0.0080293659,0.0247517486
5.394676,0.081019,-10.687904,2.823281,0.0014026488,-0.0473103421,0.0173021725
5.395726,-0.022256,-9.706221,2.948173,-0.003918477,-0.0632737194,-0.007175006
5.396775,-0.423351,-10.165936,3.397302,-0.0124322782,-0.0781728715,-0.0178172575
5.397824,0.328401,-9.344674,2.390964,-0.0305241059,-0.0696590703,-0.0114319066
5.398842,0.724692,-8.645524,1.816943,-0.0358452316,-0.0270900641,-0.0050465557
5.399893,0.333205,-9.160309,0.959514,-0.045423258,-0.0143193623,-0.0050465557
5.40094,0.316392,-9.928895,-0.270189,-0.0443590329,-0.0302827396,-0.0114319066
5.401989,0.100234,-10.845931,-0.541588,-0.0113680531,-0.0419892163,-0.0156888072
5.403039,-0.526626,-10.817199,-1.209278,0.0280082776,-0.0643379445,-0.0156888072
5.404056,-0.692348,-9.471575,-1.672818,0.0482285555,-0.1005215997,-0.0167530324
5.405105,-0.228808,-8.310316,-2.121947,0.0439716549,-0.1143565267,-0.0156888072
5.406155,0.270759,-8.537779,-3.017805,0.0163018009,-0.0803013218,-0.007175006
5.407205,0.09543,-10.034247,-2.568675,-0.0081753776,-0.0238973887,0.0087883713
5.408222,-0.447368,-10.625651,-1.749674,-0.0113680531,0.0059009156,0.020494848
5.409272,-0.745187,-9.806783,-1.466266,0.0035310991,0.001644015,0.0183663977
5.41032,-1.127067,-10.987197,0.19095,0.051421231,-0.0100624617,0.0077241462
5.41137,-0.274441,-8.623975,0.102084,0.0397147543,0.0420845709,0.0119810468
5.41239,0.162679,-7.685391,1.009951,0.0141733506,0.1016811795,0.0151737222
5.414486,-0.716366,-11.964092,2.813674,0.0045953242,0.0303780942,0.020494848
5.413436,-0.435359,-10.594524,2.587908,0.0088522248,0.098488504,0.020494848
5.415536,-0.281647,-9.993543,2.885727,-0.0007258016,-0.0377323157,0.0034672456
5.416585,-0.207192,-9.133971,2.984199,0.0056595494,-0.0707232954,-0.0156888072
5.417602,-0.219201,-9.732559,2.888129,0.0014026488,-0.0803013218,-0.0146245821
5.418652,0.330803,-9.708615,2.347732,-0.0124322782,-0.0664663948,-0.0018538802
5.419701,0.68146,-9.268055,1.341394,-0.0273314304,-0.0302827396,0.0013387952
5.42075,0.568577,-9.081296,0.532,-0.0464874832,-0.0100624617,-0.0093034563
5.42177,0.241938,-10.192274,-0.13569,-0.0464874832,-0.0175120377,-0.0188814827
5.422817,-0.255227,-11.097337,-0.46233,-0.0071111525,-0.0345396402,-0.0188814827
5.423866,-0.685143,-9.938473,-1.031547,0.0354578537,-0.0717875206,-0.0156888072
5.424915,-0.548242,-8.509046,-1.711246,0.0461001052,-0.1175492022,-0.0156888072
5.425933,0.088225,-8.889748,-2.753611,0.0290725027,-0.1143565267,-0.0114319066
5.426983,0.210715,-9.993543,-3.18833,0.0024668739,-0.0547599181,0.0002745701
5.428032,-0.115925,-9.809178,-2.335704,-0.0156249537,0.0037724653,0.0098525965
5.429081,-0.437761,-9.749319,-2.01627,-0.0113680531,0.0218642929,0.0119810468
5.43013,-1.002175,-10.486778,-1.26692,0.0226871518,0.0059009156,0.0098525965
5.431148,-1.1727,-10.218611,-0.387875,0.0567423567,-0.0143193623,0.0087883713
5.432198,-0.553046,-9.23214,0.075665,0.0578065819,-0.0079340114,0.0119810468
5.433247,0.131456,-8.705383,0.671302,0.0397147543,0.0378276702,0.0183663977
5.434296,0.052198,-9.6727,1.6224,0.0258798273,0.0772040009,0.0226232983
5.435314,-0.466582,-11.439729,2.871316,0.0173660261,0.0591121733,0.0226232983
5.436363,-0.262432,-9.531433,2.787255,0.0014026488,-0.0228331635,-0.007175006
5.437412,-0.063086,-9.102845,3.154724,-0.0081753776,-0.0473103421,-0.0167530324
5.438462,0.321196,-9.442842,2.652756,-0.0103038279,-0.0462461169,-0.007175006
5.439479,0.364427,-9.497912,2.119565,-0.0145607286,-0.0292185144,0.0055956959
5.440528,0.366829,-9.308759,0.853836,-0.0305241059,-0.0217689384,0.0034672456
5.441578,0.251545,-9.926501,0.066058,-0.0347810065,-0.0270900641,-0.0124961318
5.442627,-0.411342,-10.980014,-0.224555,-0.0145607286,-0.0505030175,-0.021009933
5.444694,-0.589072,-8.707777,-1.194867,0.0397147543,-0.1292556789,-0.0231383833
5.443647,-0.795624,-10.362272,-0.77696,0.0173660261,-0.0930720237,-0.0220741581
5.445743,-0.214397,-8.418061,-1.992252,0.0343936285,-0.1335125795,-0.0178172575
5.446793,-0.019855,-9.586503,-2.434176,0.0109806751,-0.0983931494,-0.0061107808
5.447842,-0.236013,-10.247344,-2.011466,-0.0081753776,-0.053695693,0.0034672456
5.448859,-0.4906,-9.751713,-1.658407,-0.0134965034,-0.0356038654,0.0045314707
5.449909,-0.786017,-9.921712,-1.377401,-0.0007258016,-0.0377323157,0.0002745701
5.450958,-1.122263,-10.632834,-0.54399,0.0226871518,-0.0473103421,-0.0018538802
5.452007,-0.697151,-9.85467,-0.010798,0.0322651782,-0.0377323157,0.0034672456
5.453025,0.165081,-8.564116,0.142914,0.0194944764,0.0239927432,0.0098525965
5.454074,0.277964,-9.282421,1.19969,-0.0007258016,0.0995527292,0.0151737222
5.455124,-0.240817,-10.948888,2.148386,-0.0060469273,0.1176445568,0.020494848
5.456173,-0.524225,-10.819593,2.230046,-0.0017900267,0.0803966764,0.0151737222
5.45719,-0.521823,-9.94805,2.328518,0.0024668739,0.029313869,-0.0039823305
5.45824,-0.317673,-9.790023,2.472624,0.0035310991,-0.0132551371,-0.0167530324
5.459289,0.126653,-9.545799,2.376553,0.0035310991,-0.0334754151,-0.0124961318
5.460339,0.414864,-9.198619,1.901004,0.0003384236,-0.026025839,-0.0018538802
5.46139,0.347615,-9.485941,1.302966,-0.0188176292,-0.0111266868,0.0024030204
5.462406,0.112242,-9.734953,0.049246,-0.0379736819,-0.0196404881,-0.021009933
5.463455,-0.332084,-10.213823,-0.404687,-0.0198818543,-0.0505030175,-0.0295237342
5.464504,-0.771606,-10.477201,-0.601632,0.0120449003,-0.0909435734,-0.0252668336
5.465553,-0.553046,-9.076507,-1.314955,0.0333294034,-0.1249987783,-0.0188814827
5.466571,0.09543,-8.348625,-2.280464,0.0194944764,-0.1239345531,-0.0135603569
5.467621,0.402856,-9.605658,-2.482212,-0.0071111525,-0.0781728715,-0.007175006
5.46867,-0.007846,-10.575369,-1.956226,-0.0166891789,-0.0281542893,0.0045314707
5.469719,-0.468984,-10.077345,-1.528712,-0.0124322782,-0.0207047132,0.0109168216
5.470737,-0.622697,-9.629602,-1.166046,0.0067237745,-0.0356038654,0.0087883713
5.471786,-0.793222,-10.204245,-0.505561,0.0322651782,-0.0409249911,0.0077241462
5.472835,-0.488198,-10.101288,-0.104467,0.0439716549,-0.0143193623,0.0151737222
5.473884,0.301982,-8.870593,0.08287,0.0354578537,0.0548552727,0.0173021725
5.474934,0.443686,-8.930452,0.740953,0.0163018009,0.1304152586,0.0173021725
5.475951,-0.322477,-10.716636,1.531133,0.0077879997,0.1378648347,0.0173021725
5.477001,-0.973354,-11.631277,2.160395,0.0173660261,0.0665617494,0.0151737222
5.47805,-0.769204,-10.376638,2.215635,0.0365220788,-0.0196404881,0.0045314707
5.4791,-0.111121,-8.779608,2.133975,0.0407789794,-0.0664663948,-0.0061107808
5.480117,0.227527,-9.086084,2.46782,0.0333294034,-0.0792370967,-0.0050465557
5.481166,0.359624,-10.060584,1.994673,0.0131091254,-0.0707232954,0.0045314707
5.482215,0.679058,-9.251295,1.053182,-0.0230745298,-0.0441176666,0.0034672456
5.483267,0.506131,-9.026226,0.544009,-0.0507443838,-0.0238973887,-0.0093034563
5.484282,-0.238415,-10.915367,0.303832,-0.0486159335,-0.039860766,-0.0156888072
5.485332,-0.69475,-11.296068,-0.224555,-0.0081753776,-0.0781728715,-0.0156888072
5.486381,-0.798025,-9.335097,-0.868227,0.0333294034,-0.1175492022,-0.0188814827
5.48743,-0.562653,-8.111585,-1.228492,0.0429074297,-0.1494759568,-0.0220741581
5.48848,-0.276843,-10.412554,-1.672818,0.0109806751,-0.1122280764,-0.0018538802
5.489498,-0.57226,-10.42692,-0.942682,-0.0007258016,-0.0824297721,0.0055956959
5.490547,-0.502609,-9.406927,-0.849013,-0.0028542519,-0.0685948451,0.0024030204
5.491596,-0.493002,-9.421293,-0.210145,0.0056595494,-0.0600810439,-0.0029181054
5.492648,-0.601081,-10.383821,0.265404,0.0163018009,-0.0387965408,0.0024030204
5.493663,-0.183174,-9.797206,0.303832,0.0152375758,0.0176073923,0.0141094971
5.494712,0.378838,-8.489892,0.481563,0.0035310991,0.1006169543,0.0141094971
5.496811,-0.822043,-12.428595,1.617596,-0.0049827022,0.1250941328,0.0130452719
5.495764,-0.010247,-9.998331,1.106021,-0.0092396028,0.1453144108,0.0119810468
5.497829,-0.742785,-10.960859,1.391831,0.0088522248,0.0782682261,0.0055956959
5.498878,-0.151951,-8.008628,1.543142,0.0120449003,0.043148796,-0.0103676814
5.499928,0.047395,-8.231302,1.86738,0.0088522248,0.0239927432,-0.0093034563
5.500977,-0.159157,-10.197062,1.773711,0.0077879997,0.0059009156,0.006659921
5.502026,-0.091907,-10.503539,1.269341,-0.003918477,-0.0185762629,0.0141094971
5.503044,0.193902,-9.246506,0.592044,-0.0241387549,-0.0377323157,-0.0007896551
5.504094,-0.363307,-9.897769,0.390296,-0.0347810065,-0.0622094942,-0.0231383833
5.508259,-0.19038,-8.949607,-0.839406,0.0024668739,-0.1015858249,-0.0199457078
5.506192,-0.370512,-9.768474,-0.375866,-0.0081753776,-0.1132923016,-0.0369733103
5.507209,-0.236013,-8.398906,-0.510365,0.0067237745,-0.1069069507,-0.0305879594
5.505145,-0.812436,-11.18114,0.142914,-0.0273314304,-0.0983931494,-0.03484486
5.509308,0.057002,-9.933684,-1.166046,-0.0060469273,-0.0920077985,-0.0103676814
5.510357,-0.072693,-10.460441,-1.017137,-0.0103038279,-0.0760444212,-0.0061107808
5.511376,-0.187978,-9.895374,-0.973905,-0.0103038279,-0.0685948451,-0.0082392311
5.512424,-0.106318,-9.363829,-0.875433,-0.0049827022,-0.0707232954,-0.0124961318
5.513474,-0.007846,-9.718193,-0.582418,0.0014026488,-0.0526314678,-0.0050465557
5.514523,0.246741,-9.529039,-0.224555,0.0014026488,0.0814609015,0.0268801989
5.515541,0.131456,-9.940867,0.219771,-0.0028542519,0.1453144108,0.0258159738
5.51659,-0.363307,-10.795649,0.534402,0.0077879997,0.1634062384,0.0151737222
5.517642,-0.826847,-11.044662,0.909077,0.0258798273,0.126158358,0.0045314707
5.518689,-0.620295,-9.648756,1.106021,0.0429074297,0.0686901997,-0.0050465557
5.519738,-0.195183,-8.398906,1.127637,0.0535496813,0.0282496439,-0.0061107808
5.520756,-0.226406,-9.076507,1.708863,0.0482285555,-0.0047413359,0.0077241462
5.521805,-0.363307,-10.170724,1.583972,0.0258798273,-0.0462461169,0.0226232983
5.522854,-0.125532,-10.070162,0.863443,-0.0113680531,-0.0781728715,0.0141094971
5.523904,0.088225,-9.940867,0.969121,-0.0443590329,-0.0941362488,-0.0124961318
5.524921,-0.055881,-10.369455,0.89947,-0.0518086089,-0.10265005,-0.0316521845
5.525971,-0.284048,-10.120443,0.395099,-0.031588331,-0.1047785003,-0.0316521845
5.527023,-0.44977,-9.033409,0.159727,0.0014026488,-0.1132923016,-0.0231383833
5.528069,-0.257629,-8.60482,-0.764952,0.0141733506,-0.1313841292,-0.0156888072
5.529087,0.112242,-9.57932,-1.387008,0.0088522248,-0.1249987783,-0.0114319066
5.530138,-0.166362,-10.644805,-0.704908,0.00991645,-0.1058427255,-0.0050465557
5.531186,-0.641911,-10.417342,-0.414294,0.0120449003,-0.1122280764,-0.0050465557
5.532235,-0.480993,-9.229745,-0.539186,0.0088522248,-0.1260630034,-0.0114319066
5.533284,-0.197585,-9.189041,-0.224555,0.0067237745,-0.116484977,-0.0093034563
5.534302,-0.019855,-9.933684,0.24619,0.0056595494,-0.0834939973,0.0077241462
5.536401,0.38124,-9.260872,-0.073244,-0.0124322782,0.0772040009,0.0247517486
5.535351,0.364427,-9.416505,-0.020405,-0.0007258016,-0.0153835874,0.0226232983
5.53745,-0.211995,-10.496356,0.445536,-0.0134965034,0.1389290598,0.0183663977
5.538468,-0.737981,-11.499588,0.438331,0.0024668739,0.1495713114,0.0098525965
5.53952,-0.853266,-10.908184,0.724141,0.023751377,0.1240299077,0.0024030204
5.540566,-0.072693,-7.886516,0.676106,0.0333294034,0.0750755506,-0.0029181054
5.541616,-0.094309,-9.349463,1.353403,0.0184302512,0.0548552727,0.0098525965
5.542633,-0.360905,-10.742974,1.194886,0.0014026488,0.0133504917,0.0215590732
5.543683,-0.356101,-10.38861,0.793792,-0.017753404,-0.0366680905,0.0109168216
5.544732,-0.324878,-9.971993,0.752962,-0.0326525562,-0.0792370967,-0.0146245821
5.545782,-0.423351,-10.024669,0.6689,-0.0337167813,-0.1058427255,-0.0273952839
5.54683,-0.339289,-9.732559,0.169334,-0.0198818543,-0.1111638513,-0.0284595091
5.547848,-0.175969,-9.433265,-0.020405,-0.0060469273,-0.1005215997,-0.021009933
5.548899,-0.065488,-9.033409,-0.080449,0.0014026488,-0.0898793482,-0.0135603569
5.549947,-0.063086,-9.19383,-0.375866,-0.0028542519,-0.0930720237,-0.0114319066
5.550996,-0.156755,-10.484384,0.092477,-0.0049827022,-0.1047785003,-0.0103676814
5.552016,-0.317673,-10.975226,0.169334,0.0035310991,-0.109035401,-0.0061107808
5.553063,-0.444966,-9.268055,-0.147699,0.0045953242,-0.1132923016,-0.0061107808
5.554112,-0.12313,-8.221725,-0.267787,-0.0092396028,-0.1058427255,-0.0114319066
5.555162,0.414864,-9.725376,-0.428705,-0.0198818543,-0.0568883684,-0.0029181054
5.556179,0.619014,-10.477201,-0.404687,-0.0198818543,0.0367634451,0.0151737222
5.557229,0.393249,-9.756502,-0.493553,-0.017753404,0.1250941328,0.0226232983
5.558278,-0.16396,-10.273681,-0.05403,-0.003918477,0.1548924371,0.0141094971
5.559328,-0.603483,-11.403814,0.219771,0.0269440524,0.1325437089,0.0045314707
5.560377,-0.57226,-10.561003,0.104486,0.0578065819,0.1048738549,0.0002745701
5.561396,-0.219201,-8.20257,0.10929,0.0609992574,0.0899747028,0.0002745701
5.562443,-0.048676,-7.659053,0.323047,0.0397147543,0.0793324512,0.0077241462
5.563493,-0.560251,-10.034247,1.09161,0.0194944764,0.0420845709,0.0236875235
5.564542,-0.934926,-11.360716,1.03637,-0.0060469273,-0.0217689384,0.0279444241
5.56556,-0.615492,-10.213823,0.733748,-0.0273314304,-0.081365547,0.0024030204
5.566609,-0.519421,-10.072556,0.964317,-0.0273314304,-0.1356410298,-0.0359090851
5.568708,-0.029462,-8.741298,0.471956,-0.0081753776,-0.0973289243,-0.0114319066
5.567658,-0.19038,-9.110028,0.692918,-0.0134965034,-0.1207418777,-0.0252668336
5.569725,-0.087104,-9.596081,0.24619,-0.0134965034,-0.0898793482,-0.0029181054
5.570774,-0.293655,-10.6472,0.181343,-0.0081753776,-0.1005215997,-0.0061107808
5.571824,-0.228808,-10.472412,0.359073,-0.0028542519,-0.1175492022,-0.0156888072
5.572873,0.078618,-9.356646,0.426322,0.0014026488,-0.1218061028,-0.0220741581
5.573893,0.004163,-8.906508,0.299029,0.0024668739,-0.1132923016,-0.0178172575
5.57494,0.157876,-9.349463,-0.051628,-0.0081753776,-0.0941362488,-0.0029181054
5.575989,0.748709,-9.720587,-0.570409,-0.0220103046,-0.0334754151,0.0130452719
5.577038,0.779932,-9.85467,-0.824996,-0.0283956555,0.056983723,0.0226232983
5.578088,0.020975,-10.525088,-0.733729,-0.0252029801,0.1176445568,0.0247517486
5.579105,-0.704357,-11.260153,-0.51757,-0.0007258016,0.1282868083,0.0194306229
5.580155,-0.783615,-10.747762,-0.469535,0.0397147543,0.1165803316,0.0077241462
5.581204,-0.507412,-8.870593,-0.323027,0.0641919328,0.1059380801,-0.0007896551
5.582253,-0.257629,-7.630321,-0.332634,0.0578065819,0.0995527292,0.0034672456
5.583273,-0.303262,-8.765242,0.092477,0.0365220788,0.0889104776,0.020494848
5.58432,-0.834052,-10.599313,0.901871,0.0163018009,0.0495341469,0.0311370995
5.586418,-0.956542,-11.092549,1.082003,-0.0252029801,-0.116484977,-0.0093034563
5.585369,-1.218334,-11.40142,0.769774,-0.0071111525,-0.0324111899,0.0194306229
5.587435,-0.533832,-9.847487,1.266939,-0.0273314304,-0.144154831,-0.0305879594
5.588485,-0.31287,-8.489892,0.993138,-0.0337167813,-0.1218061028,-0.0284595091
5.589534,-0.180773,-8.614398,1.180476,-0.0358452316,-0.095200474,-0.0146245821
5.590583,0.011368,-9.773263,0.837024,-0.0283956555,-0.0834939973,-0.0039823305
5.591632,0.241938,-10.01988,0.738551,-0.0198818543,-0.0824297721,-0.0061107808
5.59265,-0.130336,-10.862691,0.75056,0.0152375758,-0.1260630034,-0.021009933
5.593699,-0.183174,-9.208196,0.560821,0.0226871518,-0.136705255,-0.0178172575
5.594749,0.073814,-7.977501,-0.025209,0.0120449003,-0.1196776525,-0.0124961318
5.595798,0.448489,-8.963973,-0.342242,-0.0134965034,-0.0739159709,0.0013387952
5.596816,0.760718,-10.300019,-0.786568,-0.0326525562,-0.0058055611,0.0151737222
5.597865,0.760718,-10.53706,-1.005128,-0.0326525562,0.0686901997,0.0194306229
5.598914,0.220322,-10.424525,-0.77696,-0.0103038279,0.1155161065,0.0151737222
5.599963,-0.519421,-10.980014,-0.613641,0.0248156021,0.1059380801,0.0098525965
5.60098,-0.713964,-10.877057,-0.688095,0.0546139064,0.0867820273,0.0077241462
5.60203,-0.317673,-8.51623,-0.937879,0.058870807,0.1112592058,0.006659921
5.603079,-0.171166,-6.967086,-0.752943,0.0354578537,0.1378648347,0.0087883713
5.604128,-0.802829,-9.258478,0.260601,0.0120449003,0.1144518813,0.020494848
5.605178,-1.364841,-11.52832,0.957112,0.0024668739,0.0399561205,0.0290086492
5.606195,-1.275976,-11.14283,0.642481,-0.0060469273,-0.0558241433,0.0141094971
5.607244,-1.100647,-10.340723,1.247725,-0.0081753776,-0.1377694801,-0.0146245821
5.608294,-0.771606,-9.713404,1.502312,-0.0071111525,-0.1728889102,-0.0305879594
5.609343,-0.168764,-9.026226,1.218904,-0.0188176292,-0.1452190562,-0.0242026084
5.610361,0.167483,-8.729327,1.711265,-0.031588331,-0.0909435734,-0.0124961318
5.61141,0.141064,-9.019043,1.33659,-0.0411663574,-0.0643379445,-0.0114319066
5.612459,0.081019,-10.139598,1.468687,-0.0369094568,-0.0739159709,-0.0188814827
5.613508,0.035386,-11.293674,1.567159,-0.0134965034,-0.0898793482,-0.021009933
5.614526,-0.262432,-10.613679,0.937898,0.0067237745,-0.1058427255,-0.0167530324
5.615575,-0.346494,-8.453976,0.493572,0.0056595494,-0.1260630034,-0.0146245821
5.616624,0.229929,-7.934403,-0.464731,-0.0103038279,-0.1154207519,-0.0093034563
5.617674,0.856789,-9.648756,-0.985914,-0.0305241059,-0.0515672427,0.0034672456
5.618723,0.470105,-10.563398,-1.507096,-0.031588331,0.112323431,0.0215590732
5.619741,-0.248022,-10.470018,-1.057967,0.0014026488,0.1080665304,0.0119810468
5.62079,-0.579465,-10.781283,-1.161242,0.0450358801,0.0729471003,0.0045314707
5.621839,-0.485796,-9.675094,-1.202072,0.0737699592,0.0825251267,0.006659921
5.622891,-0.151951,-7.184972,-1.499891,0.0631277077,0.1314794838,0.0151737222
5.623906,-0.416145,-7.979895,-0.870629,0.0301367279,0.153828212,0.0236875235
5.624956,-1.23995,-11.358321,0.604053,0.0163018009,0.1070023052,0.0332655499
5.626005,-1.444099,-11.753389,0.774578,0.0109806751,0.0069651408,0.0236875235
5.627054,-0.970952,-10.335934,1.156458,-0.0028542519,-0.0973289243,-0.0082392311
5.628072,-0.673134,-9.957627,1.773711,-0.0092396028,-0.1537328574,-0.0242026084
5.629121,-0.500207,-9.440448,1.67764,-0.017753404,-0.1537328574,-0.0156888072
5.63017,0.011368,-8.777214,1.740086,-0.0347810065,-0.1186134273,-0.0029181054
5.631219,0.352419,-9.040592,1.888996,-0.0443590329,-0.0803013218,0.0034672456
5.632271,0.198706,-9.974388,1.699256,-0.0358452316,-0.0696590703,-0.0018538802
5.633286,0.148269,-10.640017,1.454277,-0.017753404,-0.0803013218,-0.0156888072
5.634336,0.028181,-10.558609,1.543142,0.0088522248,-0.0962646991,-0.0231383833
5.635384,-0.36811,-9.670306,1.009951,0.0226871518,-0.1239345531,-0.0188814827
5.636434,-0.175969,-8.456371,0.04204,0.0088522248,-0.1388337053,-0.0124961318
5.637452,0.47731,-8.719749,-0.541588,-0.0071111525,-0.1047785003,-0.0029181054
5.638501,0.835173,-10.015092,-1.180457,-0.0252029801,-0.0387965408,0.006659921
5.63955,0.703076,-10.460441,-1.456659,-0.031588331,0.0303780942,0.0130452719
5.640599,0.129055,-10.197062,-1.396615,-0.0113680531,0.0718828752,0.0130452719
5.641617,-0.444966,-10.290442,-1.298143,0.0184302512,0.0633690739,0.006659921
5.642666,-0.697151,-10.81241,-1.151635,0.0471643304,0.0420845709,0.0034672456
5.643715,-0.495403,-9.56256,-1.317357,0.0535496813,0.0623048488,0.0087883713
5.644767,-0.40894,-8.51623,-0.539186,-0.0007258016,0.1293510335,0.0258159738
5.645782,-1.410475,-11.834797,0.426322,-0.0060469273,0.0942316034,0.0322013247
5.646831,-1.552179,-11.736628,0.798596,-0.0017900267,0.0133504917,0.0194306229
5.647881,-1.064621,-9.90974,1.257332,0.0035310991,-0.0824297721,-0.0103676814
5.64893,-0.721169,-9.392561,1.644016,0.0045953242,-0.1388337053,-0.0242026084
5.649979,-0.372914,-9.406927,1.944236,-0.0028542519,-0.1345768047,-0.0135603569
5.650997,0.042591,-9.169887,2.381357,-0.0209460795,-0.0994573746,0.0002745701
5.652046,0.347615,-8.904114,2.194019,-0.0390379071,-0.06753062,0.0013387952
5.653096,0.287571,-9.940867,2.129172,-0.0401021322,-0.0600810439,-0.0114319066
5.654147,0.071412,-11.422969,2.059521,-0.0273314304,-0.0707232954,-0.0231383833
5.655162,-0.115925,-10.747762,1.516722,-0.0092396028,-0.0877508979,-0.0263310588
5.656212,-0.392128,-8.499469,0.921085,-0.0007258016,-0.1079711758,-0.0220741581
5.657261,-0.151951,-7.644687,-0.250975,-0.0156249537,-0.1175492022,-0.0135603569
5.65831,0.602202,-9.521856,-1.240501,-0.0358452316,-0.0920077985,0.0002745701
5.659328,1.056135,-11.094943,-1.819325,-0.0411663574,-0.0185762629,0.0141094971
5.660377,0.827968,-10.436497,-2.088323,-0.0305241059,0.0633690739,0.0119810468
5.661426,0.037788,-10.2234,-1.497489,-0.0017900267,0.0782682261,0.0024030204
5.662476,-0.493002,-10.515511,-1.680023,0.0386505291,0.0495341469,0.0002745701
5.663525,-0.485796,-9.749319,-2.251642,0.065256158,0.0623048488,0.0055956959
5.664542,-0.329682,-7.924825,-1.694434,0.0578065819,0.1144518813,0.0151737222
5.665592,-0.36811,-7.508209,-1.439847,0.0290725027,0.1431859605,0.0215590732
5.666644,-1.026193,-10.853114,-0.568007,0.0152375758,0.1219014574,0.0279444241
5.667691,-1.556982,-12.48606,0.839425,0.023751377,0.0559194979,0.0279444241
5.668708,-1.348029,-10.31678,0.949907,0.0280082776,-0.0430534414,0.0045314707
5.669758,-0.906105,-9.382984,1.511919,0.0120449003,-0.1281914537,-0.0167530324
5.670807,-0.094309,-9.555377,2.511052,-0.0124322782,-0.1154207519,0.0013387952
5.671856,0.246741,-8.521018,2.734416,-0.0369094568,-0.0845582224,0.006659921
5.672873,0.419668,-9.186647,2.525462,-0.0464874832,-0.0685948451,-0.0029181054
5.673923,0.323597,-11.006352,2.258867,-0.031588331,-0.0590168187,-0.0167530324
5.674972,0.028181,-11.176351,2.076333,-0.0081753776,-0.0579525936,-0.0231383833
5.676024,-0.329682,-9.418899,1.490303,0.0045953242,-0.0845582224,-0.021009933
5.677071,-0.192781,-8.118768,0.349466,-0.0007258016,-0.1260630034,-0.0167530324
5.678088,0.501328,-9.100451,-0.644864,-0.0145607286,-0.1292556789,-0.0061107808
5.67914,0.924038,-10.640017,-1.48548,-0.0262672052,-0.0632737194,0.0077241462
5.680187,0.623818,-10.486778,-1.826531,-0.0273314304,0.0239927432,0.0098525965
5.681236,0.0546,-9.56256,-1.399017,-0.003918477,0.0484699218,0.0013387952
5.682253,-0.226406,-9.895374,-1.941815,0.0258798273,0.0229285181,-0.0050465557
5.683303,-0.40894,-10.321568,-2.155572,0.0450358801,0.0218642929,-0.0007896551
5.684352,-0.637107,-8.801157,-1.631988,0.0429074297,0.0537910475,0.0130452719
5.685402,-0.622697,-7.924825,-1.358187,0.0194944764,0.0814609015,0.0236875235
5.686419,-0.677937,-10.11326,-0.700104,0.0077879997,0.0921031531,0.0311370995
5.687468,-1.103049,-12.002401,-0.411893,0.0109806751,0.0825251267,0.0279444241
5.68852,-1.326413,-10.532271,0.332654,0.0035310991,0.0346349948,0.0055956959
5.689567,-1.059818,-8.999888,1.154056,-0.003918477,-0.0292185144,-0.0146245821
5.690616,-0.730776,-9.785234,2.006682,0.0024668739,-0.0696590703,-0.0114319066
5.691634,-0.329682,-10.280864,2.616729,0.0056595494,-0.0824297721,0.0034672456
5.692683,0.109841,-9.375801,2.381357,-0.0081753776,-0.0739159709,0.0087883713
5.694782,-0.063086,-10.153964,2.722407,-0.0283956555,-0.0792370967,-0.0156888072
5.693732,0.088225,-8.887354,2.811272,-0.0241387549,-0.06753062,0.0002745701
5.695799,0.105037,-11.183534,2.46782,-0.0220103046,-0.0792370967,-0.0242026084
5.696849,-0.048676,-8.16426,0.856238,-0.0230745298,-0.0707232954,-0.021009933
5.6979,0.191501,-8.908903,0.142914,-0.0347810065,-0.0803013218,-0.0124961318
5.698947,0.674255,-10.400582,-1.098797,-0.0326525562,-0.0505030175,-0.0007896551
5.699964,0.655041,-10.563398,-1.708844,-0.0220103046,0.0027082402,0.0024030204
5.701016,0.246741,-9.96481,-1.696835,-0.0007258016,0.0303780942,-0.0050465557
5.702063,-0.111121,-9.761291,-2.181991,0.023751377,0.0197358426,-0.0103676814
5.703112,-0.358503,-9.631996,-2.47981,0.037586304,0.0122862666,-0.0050465557
5.70413,-0.569858,-9.105239,-2.523042,0.0333294034,0.0346349948,0.006659921
5.705179,-0.673134,-8.731721,-1.828932,0.0205587015,0.0612406236,0.020494848
5.706229,-0.584269,-9.186647,-1.271723,0.0088522248,0.0697544249,0.0279444241
5.707278,-0.793222,-10.996775,-0.913861,0.0120449003,0.0633690739,0.0236875235
5.708327,-1.266369,-12.146062,0.039639,0.0280082776,0.0325065445,0.0119810468
5.712492,-0.360905,-10.932127,3.195554,0.023751377,-0.081365547,0.0119810468
5.71351,0.268357,-9.529039,2.734416,0.0014026488,-0.0898793482,0.0098525965
5.709345,-1.023791,-9.94805,0.289422,0.0290725027,-0.0047413359,-0.0039823305
5.710396,-0.483395,-8.008628,0.997942,0.0194944764,-0.0270900641,-0.0135603569
5.711443,-0.500207,-9.560166,2.777648,0.0216229267,-0.0494387924,-0.0039823305
5.714559,0.328401,-8.607215,2.95778,-0.0262672052,-0.0803013218,-0.0082392311
5.715609,-0.19038,-10.556215,3.231581,-0.0379736819,-0.0909435734,-0.0220741581
5.716658,-0.101514,-11.468461,2.623935,-0.031588331,-0.10265005,-0.0231383833
5.717676,0.31399,-9.224957,1.600784,-0.0273314304,-0.0877508979,-0.0220741581
5.718725,0.282768,-7.900882,0.875452,-0.0369094568,-0.081365547,-0.0188814827
5.719776,0.357222,-9.222562,-0.21735,-0.0443590329,-0.0771086464,-0.0103676814
5.720824,0.751111,-10.391004,-1.346178,-0.0337167813,-0.0377323157,0.0013387952
5.721873,0.655041,-10.314385,-1.785701,-0.0145607286,0.0101578162,0.0034672456
5.722893,-0.413744,-10.197062,-1.961029,0.0365220788,-0.0132551371,-0.0039823305
5.723939,-0.401735,-9.703826,-2.635924,0.0482285555,-0.0079340114,0.0024030204
5.724989,-0.36811,-8.657496,-2.782432,0.0365220788,0.0420845709,0.0098525965
5.726038,-0.569858,-8.501863,-1.89378,0.0077879997,0.0825251267,0.0194306229
5.727056,-0.798025,-9.751713,-1.382205,-0.0081753776,0.0952958285,0.0247517486
5.728105,-1.266369,-11.233815,-0.568007,0.0056595494,0.0793324512,0.0194306229
5.729154,-1.566589,-11.310434,0.512786,0.0280082776,0.0197358426,0.0087883713
5.730204,-1.045407,-9.883403,0.623267,0.0343936285,-0.0345396402,-0.0007896551
5.731221,-0.456975,-8.68144,1.298162,0.0269440524,-0.0473103421,-0.0029181054
5.732273,-0.377717,-9.485941,2.667166,0.0194944764,-0.0579525936,0.0034672456
5.73332,-0.010247,-10.508328,2.940967,0.0003384236,-0.0728517457,0.006659921
5.734369,0.578184,-9.770868,2.741621,-0.0283956555,-0.0547599181,-0.0018538802
5.735418,0.316392,-9.421293,3.289223,-0.0443590329,-0.0419892163,-0.0146245821
5.736436,-0.101514,-10.273681,3.197956,-0.0422305825,-0.0664663948,-0.0231383833
5.737486,0.121849,-10.290442,2.194019,-0.0252029801,-0.0803013218,-0.0231383833
5.738535,0.280366,-9.215379,1.463884,-0.0092396028,-0.0696590703,-0.0178172575
5.739584,0.311589,-8.887354,0.154923,-0.0145607286,-0.0643379445,-0.0135603569
5.740601,0.450891,-9.778051,-0.897049,-0.0252029801,-0.0505030175,-0.0103676814
5.741651,0.306785,-10.323963,-1.218885,-0.0166891789,-0.0207047132,-0.0039823305
5.7427,-0.159157,-10.103683,-1.728058,-0.0017900267,-0.0026128856,-0.0050465557
5.743749,-0.399333,-9.679883,-1.631988,0.0205587015,-0.0132551371,-0.0103676814
5.744769,-0.305664,-9.392561,-2.03068,0.0407789794,-0.0281542893,-0.0093034563
5.745816,-0.219201,-9.378195,-2.756012,0.037586304,-0.0132551371,0.0013387952
5.746866,-0.339289,-9.189041,-2.499024,0.0184302512,0.0314423193,0.0119810468
5.747915,-0.579465,-9.179464,-2.009064,-0.0017900267,0.0718828752,0.0162379474
5.748964,-1.28078,-11.580996,-0.210145,0.0205587015,0.0591121733,0.0077241462
5.749982,-1.196718,-10.735791,0.479161,0.0429074297,0.0218642929,-0.0007896551
5.751031,-0.541037,-8.820312,0.85864,0.0365220788,-0.0036771108,-0.0039823305
5.75208,-0.132737,-8.726932,1.816943,0.023751377,-0.0153835874,0.0024030204
5.753129,-0.127934,-10.264104,2.859307,0.0152375758,-0.0334754151,0.0098525965
5.754149,0.083421,-10.510722,3.128305,-0.0049827022,-0.0568883684,0.0077241462
5.755196,0.285169,-9.701432,3.077868,-0.0230745298,-0.0654021697,-0.0039823305
5.756246,-0.101514,-9.897769,3.279616,-0.0273314304,-0.0696590703,-0.021009933
5.757295,-0.276843,-9.998331,3.113894,-0.0294598807,-0.0866866727,-0.0252668336
5.758312,0.21792,-9.404533,1.970655,-0.0294598807,-0.0866866727,-0.0188814827
5.759362,0.494123,-9.038198,1.221306,-0.031588331,-0.0664663948,-0.0146245821
5.760411,0.479712,-9.404533,0.078067,-0.0443590329,-0.0483745672,-0.0135603569
5.76146,0.38124,-10.525088,-1.065172,-0.0432948077,-0.0238973887,-0.0156888072
5.762509,-0.04147,-10.683115,-1.029145,-0.0092396028,-0.0026128856,-0.0156888072
5.763528,-0.425752,-9.663123,-1.641595,0.0258798273,-0.0217689384,-0.0135603569
5.764576,-0.382521,-9.023831,-2.266053,0.0386505291,-0.053695693,-0.0114319066
5.765625,-0.125532,-8.817917,-2.871297,0.0301367279,-0.0430534414,-0.0029181054
5.766675,-0.228808,-9.380589,-3.099464,0.0035310991,0.0027082402,0.0098525965
5.767692,-0.58667,-10.153964,-2.033082,-0.0145607286,0.0378276702,0.020494848
5.768741,-0.716366,-9.93129,-1.881771,-0.0124322782,0.0591121733,0.0183663977
5.769791,-1.13187,-10.436497,-1.257313,0.00991645,0.0612406236,0.0045314707
5.77084,-1.532965,-11.351138,0.130906,0.0397147543,0.0314423193,-0.0018538802
5.771858,-0.874882,-9.751713,0.056451,0.0471643304,0.0080293659,0.0002745701
5.772907,-0.159157,-8.05412,0.923487,0.0397147543,0.0133504917,0.0013387952
5.773956,-0.180773,-9.512279,2.760835,0.0354578537,-0.0015486604,0.0077241462
5.775005,0.410061,-10.264104,3.070663,-0.0060469273,-0.0547599181,0.0087883713
5.776026,-0.012649,-9.713404,3.423722,-0.0273314304,-0.061145269,-0.0093034563
5.777073,-0.151951,-9.761291,3.21717,-0.0443590329,-0.074980196,-0.021009933
5.778122,0.251545,-9.418899,2.566292,-0.045423258,-0.0717875206,-0.021009933
5.779172,0.410061,-9.536222,1.660828,-0.0390379071,-0.0568883684,-0.0167530324
5.780221,0.453293,-9.564954,0.692918,-0.0390379071,-0.0505030175,-0.0093034563
5.781238,0.43648,-9.485941,-0.500758,-0.031588331,-0.0451818917,-0.0093034563
5.782287,0.035386,-10.470018,-1.223688,-0.0113680531,-0.0356038654,-0.0146245821
5.783337,-0.425752,-10.66396,-1.192465,0.0205587015,-0.0430534414,-0.0167530324
5.784386,-0.560251,-9.373406,-1.677621,0.0503570058,-0.0696590703,-0.0178172575
5.785403,-0.382521,-8.504258,-2.256446,0.0524854561,-0.0824297721,-0.0167530324
5.786453,-0.089506,-8.621581,-2.719986,0.0290725027,-0.0568883684,-0.007175006
5.787502,-0.192781,-9.718193,-2.729593,-0.0017900267,-0.0132551371,0.006659921
5.788551,-0.57226,-10.584947,-1.965833,-0.0156249537,0.0239927432,0.0162379474
5.789569,-0.891694,-10.362272,-1.360589,-0.0103038279,0.0452772463,0.0109168216
5.790618,-1.275976,-10.515511,-0.392679,0.0109806751,0.0325065445,-0.0007896551
5.791667,-1.21353,-10.66396,0.255797,0.0354578537,0.0112220414,-0.0050465557
5.792716,-0.485796,-9.08369,0.347064,0.0322651782,0.0229285181,-0.0018538802
5.793768,-0.060684,-8.283978,1.382224,0.0184302512,0.0452772463,0.0034672456
5.794783,-0.106318,-9.919318,2.811272,0.0141733506,0.029313869,0.0109168216
5.795832,0.049797,-10.86748,3.068261,0.0035310991,-0.012190912,0.0141094971
5.796882,0.011368,-10.477201,2.888129,-0.0103038279,-0.0419892163,0.0034672456
5.797931,-0.288852,-9.969599,3.428525,-0.0166891789,-0.061145269,-0.0124961318
5.798948,-0.005444,-9.35904,2.921753,-0.0241387549,-0.0717875206,-0.021009933
5.799998,0.508533,-9.160309,2.141181,-0.0326525562,-0.0568883684,-0.0199457078
5.801047,0.350017,-9.883403,0.335055,-0.0475517083,-0.0100624617,-0.0114319066
5.802096,0.119448,-9.572137,-0.138092,-0.0390379071,-0.012190912,-0.0156888072
5.803114,-0.238415,-10.072556,-0.815389,-0.0156249537,-0.0387965408,-0.0178172575
5.804163,-0.495403,-10.546637,-1.6488,0.0109806751,-0.06753062,-0.0156888072
5.805212,-0.478591,-9.277632,-1.68963,0.0312009531,-0.0824297721,-0.0135603569
5.806261,-0.173567,-8.042148,-2.590291,0.0226871518,-0.0824297721,-0.0124961318
5.807311,0.148269,-8.952001,-3.145098,-0.003918477,-0.0462461169,-0.0050465557
5.808328,-0.065488,-10.556215,-2.818458,-0.0188176292,0.0176073923,0.0077241462
5.809378,-0.692348,-10.556215,-2.093126,-0.0198818543,0.0516625972,0.0151737222
5.810427,-1.139076,-10.141992,-1.134823,-0.0017900267,0.0356992199,0.0119810468
5.811476,-1.283181,-10.795649,-0.455124,0.0354578537,0.0090935911,0.0034672456
5.812494,-0.973354,-10.280864,0.022826,0.0567423567,0.0133504917,0.0002745701
5.813543,-0.154353,-8.171443,0.45034,0.0365220788,0.0484699218,0.0045314707
5.814592,0.097832,-8.403695,1.730479,0.0226871518,0.0697544249,0.0130452719
5.815644,-0.329682,-10.88424,3.087475,0.0216229267,0.0314423193,0.0194306229
5.816659,0.025779,-11.140436,3.065859,0.0003384236,-0.0345396402,0.0141094971
5.817709,0.268357,-9.89298,3.05385,-0.0113680531,-0.0590168187,-0.0018538802
5.818758,-0.365708,-9.825938,3.392499,-0.017753404,-0.0685948451,-0.0167530324
5.819807,-0.065488,-9.651151,2.707996,-0.0401021322,-0.0771086464,-0.0188814827
5.820857,0.712683,-8.875382,1.903406,-0.0464874832,-0.0441176666,-0.0114319066
5.821874,0.472507,-9.299182,1.204493,-0.0486159335,-0.0132551371,-0.0082392311
5.822924,0.227527,-10.328751,0.212566,-0.0496801586,-0.0249616138,-0.0135603569
5.823973,0.249143,-10.335934,-0.407089,-0.0220103046,-0.039860766,-0.0199457078
5.825025,-0.322477,-10.139598,-1.072377,0.0163018009,-0.0579525936,-0.0220741581
5.82604,-0.838855,-9.976782,-1.502293,0.037586304,-0.0930720237,-0.0199457078
5.827089,0.133858,-8.006233,-2.679156,0.0205587015,-0.095200474,-0.0124961318
5.828141,0.162679,-9.253689,-2.748807,-0.0124322782,-0.0515672427,-0.0029181054
5.829188,-0.332084,-10.762129,-2.203607,-0.0241387549,-0.012190912,0.0098525965
5.830205,-0.802829,-10.71903,-1.725657,-0.0124322782,0.0005797899,0.0151737222
5.831254,-1.179906,-10.412554,-0.820192,0.0120449003,-0.0079340114,0.0098525965
5.832303,-1.223137,-10.489173,0.04204,0.0365220788,-0.0164478126,0.0034672456
5.833353,-0.57226,-9.521856,0.248592,0.0354578537,0.0122862666,0.0034672456
5.834371,0.124251,-8.075669,0.688114,0.0088522248,0.0814609015,0.0077241462
5.83542,-0.0823,-9.2489,2.112359,-0.0017900267,0.1144518813,0.0151737222
5.836469,-0.468984,-11.430152,3.017824,0.0003384236,0.0665617494,0.020494848
5.837521,-0.192781,-10.879452,2.63114,-0.0060469273,-0.0026128856,0.0109168216
5.838568,-0.130336,-9.543405,2.674372,-0.003918477,-0.0377323157,-0.0093034563
5.839585,-0.276843,-9.289604,2.852102,-0.0049827022,-0.0515672427,-0.0188814827
5.840635,0.129055,-9.440448,2.311706,-0.0198818543,-0.0451818917,-0.0124961318
5.841684,0.474908,-9.885797,1.790523,-0.031588331,-0.0153835874,-0.0039823305
5.842733,0.501328,-9.713404,0.959514,-0.0443590329,0.001644015,-0.007175006
5.843751,0.371633,-9.615236,0.178941,-0.0486159335,-0.0111266868,-0.0178172575
5.8448,-0.12313,-10.486778,-0.025209,-0.0230745298,-0.039860766,-0.021009933
5.84585,-0.6275,-10.446075,-0.85862,0.0131091254,-0.0792370967,-0.0167530324
5.847916,-0.159157,-8.085247,-2.27566,0.0216229267,-0.1196776525,-0.0178172575
5.846901,-0.656321,-8.952001,-1.619979,0.0312009531,-0.1175492022,-0.0167530324
5.848965,0.193902,-9.351857,-2.876101,-0.0081753776,-0.0792370967,-0.0103676814
5.850017,-0.034265,-10.429314,-2.306883,-0.0283956555,-0.0238973887,0.0024030204
5.851064,-0.399333,-9.938473,-1.997056,-0.0262672052,0.0048366905,0.0109168216
5.852114,-0.836454,-10.254527,-1.365392,-0.0060469273,-0.0079340114,0.0098525965
5.853131,-0.77641,-10.369455,-0.373464,0.0450358801,-0.0068697862,0.0077241462
5.854181,-0.053479,-8.351019,0.145316,0.0258798273,0.0548552727,0.0109168216
5.85523,0.179492,-7.946375,0.993138,0.0035310991,0.112323431,0.0130452719
5.856279,-0.363307,-10.678326,2.585507,0.0035310991,0.1059380801,0.0173021725
5.857297,-0.53143,-11.887472,2.744023,0.0077879997,0.0474056966,0.0194306229
5.858346,-0.243218,-9.912135,2.451008,0.00991645,-0.0100624617,0.0045314707
5.859397,-0.159157,-9.081296,3.106689,0.0045953242,-0.0579525936,-0.0135603569
5.860445,0.160278,-9.888191,2.667166,-0.0134965034,-0.0760444212,-0.0093034563
5.861462,0.448489,-9.885797,2.237251,-0.0273314304,-0.0462461169,0.0034672456
5.862511,0.383642,-9.224957,1.425455,-0.0496801586,-0.0068697862,0.0024030204
5.863561,0.443686,-9.074113,0.457545,-0.0720288868,0.0069651408,-0.0103676814
5.86461,0.083421,-10.465229,0.186146,-0.0539370592,-0.012190912,-0.0199457078
5.865659,-0.569858,-11.449307,-0.469535,-0.0124322782,-0.0568883684,-0.0188814827
5.866677,-0.644313,-9.591292,-0.841808,0.0248156021,-0.109035401,-0.0199457078
5.867726,-0.36811,-7.970318,-1.550328,0.0407789794,-0.1409621556,-0.021009933
5.868777,0.016172,-8.758059,-2.585487,0.023751377,-0.1218061028,-0.0135603569
5.869825,0.028181,-10.07495,-2.542256,-0.003918477,-0.0622094942,-0.0007896551
5.870842,-0.28645,-10.065373,-1.915396,-0.0252029801,-0.0281542893,0.0098525965
5.871894,-0.413744,-9.631996,-1.720853,-0.0230745298,-0.0313469647,0.006659921
5.872941,-0.87248,-10.731002,-1.04836,0.0035310991,-0.0451818917,0.0013387952
5.873991,-1.165495,-11.315223,-0.128485,0.0258798273,-0.0526314678,0.0045314707
5.875008,-0.452172,-9.409322,-0.243769,0.0290725027,-0.0100624617,0.0119810468
5.876058,0.201108,-7.661447,0.323047,0.0120449003,0.0825251267,0.0151737222
5.877107,-0.144746,-9.181858,1.598382,-0.0028542519,0.1389290598,0.0194306229
5.878156,-0.675536,-11.710291,2.374151,0.0003384236,0.1155161065,0.0258159738
5.879205,-0.28645,-8.963973,1.958647,0.0088522248,0.001644015,-0.0093034563
5.881275,0.109841,-10.228189,2.410178,-0.0060469273,-0.0366680905,-0.0039823305
5.880223,-0.144746,-9.392561,2.614328,-0.0007258016,-0.0324111899,-0.0199457078
5.882322,0.253946,-9.691855,1.713667,-0.0188176292,-0.0185762629,0.0098525965
5.883371,0.38124,-9.088479,1.233314,-0.0475517083,-0.0036771108,0.0034672456
5.884391,0.376436,-9.768474,0.445536,-0.059258185,-0.0036771108,-0.0146245821
5.885438,-0.151951,-10.956071,0.193351,-0.0358452316,-0.0238973887,-0.0263310588
5.886487,-0.656321,-10.381427,-0.250975,0.0014026488,-0.0654021697,-0.0263310588
5.887536,-0.639509,-8.647919,-0.933075,0.0280082776,-0.1132923016,-0.0242026084
5.889603,0.107439,-9.622419,-2.441382,-0.0028542519,-0.1100996261,-0.0061107808
5.888554,-0.252825,-8.362991,-1.624783,0.0258798273,-0.1356410298,-0.0188814827
5.890652,0.020975,-10.280864,-2.078716,-0.0241387549,-0.061145269,0.0034672456
5.891702,-0.298459,-9.78284,-1.598363,-0.0326525562,-0.0366680905,0.0034672456
5.892751,-0.550644,-9.766079,-1.314955,-0.0220103046,-0.0473103421,-0.0018538802
5.893771,-0.754794,-10.364667,-0.541588,0.0077879997,-0.0632737194,-0.0007896551
5.894818,-0.577063,-10.362272,-0.128485,0.0280082776,-0.0515672427,0.0109168216
5.895868,0.119448,-9.45242,0.022826,0.0248156021,0.015478942,0.0226232983
5.896917,0.55897,-8.712566,0.407108,0.0045953242,0.1187087819,0.0258159738
5.897934,0.004163,-9.871431,1.13244,-0.0113680531,0.1761769402,0.020494848
5.898983,-0.889292,-11.413391,1.816943,-0.0092396028,0.1463786359,0.0151737222
5.900033,-0.877284,-10.347906,2.069128,0.0045953242,0.0676259745,0.0055956959
5.901082,-0.293655,-8.73651,1.925022,0.0184302512,-0.0004844353,-0.0082392311
5.9021,-0.055881,-9.296787,2.280483,0.0226871518,-0.0387965408,-0.007175006
5.903151,0.030582,-10.237766,2.20843,0.0152375758,-0.0558241433,0.0098525965
5.904198,0.311589,-9.766079,1.175672,-0.0113680531,-0.0526314678,0.0162379474
5.905247,0.066609,-10.347906,0.611258,-0.0613866353,-0.0324111899,-0.0178172575
5.906267,-0.348896,-10.472412,0.135709,-0.0411663574,-0.0515672427,-0.0263310588
5.907314,-0.747588,-9.679883,-0.121279,-0.0028542519,-0.0866866727,-0.0263310588
5.908364,-0.701955,-8.511441,-0.736131,0.0248156021,-0.1345768047,-0.021009933
5.909413,-0.127934,-8.468343,-1.910592,0.0184302512,-0.1526686323,-0.0124961318
5.910462,0.020975,-10.091711,-2.225223,-0.0028542519,-0.1154207519,-0.0039823305
5.91148,-0.348896,-10.738185,-1.48548,-0.017753404,-0.06753062,0.0002745701
5.91253,-0.36811,-9.734953,-1.118011,-0.0220103046,-0.053695693,-0.0029181054
5.913578,-0.370512,-9.536222,-0.726523,-0.0071111525,-0.0622094942,-0.0061107808
5.914627,-0.603483,-10.165936,-0.164511,0.0141733506,-0.0622094942,0.0024030204
5.915647,-0.166362,-9.739742,0.075665,0.0184302512,-0.026025839,0.0151737222
5.916694,0.582988,-8.899325,0.224574,0.0067237745,0.0580479482,0.0226232983
5.917743,0.407659,-9.61763,0.652088,-0.0060469273,0.1410575101,0.0226232983
5.918793,-0.456975,-11.243393,1.194886,-0.0113680531,0.1655346887,0.0183663977
5.91981,-0.944533,-11.427757,1.439866,-0.0007258016,0.1293510335,0.0098525965
5.920859,-0.617893,-9.289604,1.387027,0.0120449003,0.0750755506,-0.0007896551
5.921908,-0.14955,-7.92722,1.514321,0.0141733506,0.0335707696,-0.0061107808
5.922958,-0.197585,-9.78284,2.009084,0.0184302512,-0.0004844353,0.0055956959
5.924007,-0.180773,-10.759734,1.605588,0.0131091254,-0.026025839,0.0215590732
5.925027,0.133858,-9.299182,0.728944,-0.0113680531,-0.0377323157,0.0141094971
5.926074,-0.039069,-9.572137,0.697721,-0.0422305825,-0.0483745672,-0.0114319066
5.927123,-0.536233,-11.03269,0.616062,-0.0464874832,-0.0696590703,-0.0263310588
5.928172,-0.675536,-10.209034,0.133307,-0.0198818543,-0.0920077985,-0.0295237342
5.92919,-0.519421,-8.580877,-0.234162,0.0024668739,-0.1143565267,-0.0273952839
5.930239,-0.197585,-8.765242,-0.856219,0.0035310991,-0.122870328,-0.0199457078
5.931288,0.047395,-10.05819,-1.146832,-0.0145607286,-0.074980196,-0.0061107808
5.932337,-0.151951,-10.086922,-0.800978,-0.017753404,-0.0622094942,-0.007175006
5.933355,-0.236013,-9.916923,-0.601632,-0.0103038279,-0.0654021697,-0.0103676814
5.934405,-0.262432,-9.691855,-0.507963,-0.003918477,-0.0696590703,-0.0039823305
5.935453,-0.048676,-9.605658,-0.178922,0.0035310991,-0.0473103421,0.0077241462
5.936503,0.43648,-9.581715,-0.219752,0.0056595494,0.0239927432,0.020494848
5.937552,0.467703,-9.725376,0.08287,-0.0049827022,0.1133876562,0.0300728744
5.938569,-0.099113,-10.237766,0.529598,-0.0092396028,0.1687273641,0.0290086492
5.939618,-0.682741,-10.836353,0.618463,0.0024668739,0.1697915893,0.0162379474
5.940668,-0.982961,-10.616073,1.178074,0.0248156021,0.1219014574,0.0034672456
5.941717,-0.661125,-9.239323,1.000344,0.0386505291,0.0644332991,-0.0018538802
5.942734,-0.156755,-8.31271,1.120432,0.037586304,0.029313869,0.0013387952
5.943784,-0.228808,-9.428476,1.612793,0.0248156021,-0.0047413359,0.0151737222
5.944833,-0.293655,-10.556215,1.108423,-0.003918477,-0.0409249911,0.0215590732
5.945882,-0.0823,-10.235372,0.786587,-0.0326525562,-0.0590168187,0.0055956959
5.946902,-0.175969,-10.182696,0.815408,-0.0528728341,-0.0728517457,-0.0199457078
5.947949,-0.384922,-10.204245,0.637677,-0.0507443838,-0.0920077985,-0.0327164097
5.948998,-0.493002,-9.356646,0.207762,-0.0220103046,-0.1047785003,-0.0305879594
5.951096,-0.024658,-9.016648,-0.791371,0.0056595494,-0.1292556789,-0.0114319066
5.950047,-0.444966,-8.810734,-0.178922,0.0024668739,-0.1218061028,-0.021009933
5.952114,0.131456,-9.734953,-1.038753,-0.0007258016,-0.116484977,-0.007175006
5.953163,-0.320075,-10.874663,-0.397482,-0.0071111525,-0.1122280764,-0.0050465557
5.954212,-0.591474,-10.831565,-0.198136,-0.0049827022,-0.1196776525,-0.007175006
5.955262,-0.305664,-9.088479,-0.279796,-0.0017900267,-0.116484977,-0.0146245821
5.95628,0.0546,-8.5713,-0.05403,-0.0071111525,-0.095200474,-0.0135603569
5.957328,0.561372,-9.861853,-0.104467,-0.0113680531,0.043148796,0.0236875235
5.958378,0.362026,-9.615236,-0.058834,-0.0134965034,0.1325437089,0.0290086492
5.959427,-0.31287,-10.716636,0.282217,-0.0092396028,0.1655346887,0.0194306229
5.960444,-0.766803,-11.600151,0.414314,0.0120449003,0.1485070862,0.006659921
5.961493,-0.701955,-10.453258,0.447938,0.037586304,0.1197730071,-0.0018538802
5.962543,-0.320075,-8.070881,0.445536,0.0386505291,0.0974242788,-0.0050465557
5.963592,-0.0823,-7.77877,0.680909,0.0216229267,0.0793324512,0.0034672456
5.96461,-0.344092,-10.273681,1.17327,0.0077879997,0.0484699218,0.0215590732
5.965659,-0.565055,-11.011141,0.990736,-0.0071111525,-0.0058055611,0.0258159738
5.966708,-0.562653,-10.015092,0.507982,-0.0209460795,-0.0643379445,0.0024030204
5.967757,-0.733178,-10.362272,0.856238,-0.0273314304,-0.1111638513,-0.0242026084
5.968807,-0.608286,-10.062979,0.707329,-0.0230745298,-0.130319904,-0.0327164097
5.969824,-0.19038,-8.748481,0.142914,-0.0124322782,-0.1143565267,-0.0284595091
5.970873,-0.043872,-8.762847,0.270208,-0.0113680531,-0.0898793482,-0.0188814827
5.975039,-0.171166,-9.778051,0.183744,0.0035310991,-0.1069069507,-0.0146245821
5.976088,-0.012649,-8.786791,0.094879,0.0024668739,-0.1079711758,-0.0156888072
5.972972,-0.10872,-10.402976,0.022826,-0.0156249537,-0.0824297721,-0.0093034563
5.978156,0.647835,-9.349463,-0.515168,-0.0241387549,-0.0143193623,0.0130452719
5.979204,0.734299,-9.94805,-0.637658,-0.0347810065,0.0814609015,0.0236875235
5.980253,0.157876,-11.193111,-0.392679,-0.0273314304,0.1495713114,0.0247517486
5.977137,0.237134,-9.06693,-0.207743,-0.0092396028,-0.0824297721,-0.0050465557
5.982352,-0.644313,-10.051007,-0.174118,0.037586304,0.1240299077,-0.0018538802
5.983369,-0.240817,-8.142711,-0.109271,0.0599350322,0.1048738549,0.0055956959
5.984418,-0.411342,-9.110028,0.421519,0.0386505291,0.084653577,0.0215590732
5.981302,-0.509814,-11.161985,-0.169315,0.0003384236,0.1559566623,0.0141094971
5.971923,-0.005444,-9.61763,0.006014,-0.017753404,-0.0792370967,-0.0103676814
5.97399,-0.264834,-10.762129,0.308636,-0.0049827022,-0.0941362488,-0.0114319066
5.985468,-0.874882,-10.673538,1.060388,0.0141733506,0.0271854187,0.0290086492
5.98652,-1.083835,-10.793255,0.906675,-0.0145607286,-0.0558241433,0.0141094971
5.987534,-0.774008,-10.429314,1.15886,-0.0347810065,-0.1271272286,-0.0146245821
5.988584,-0.324878,-10.0965,1.19969,-0.0379736819,-0.1420263807,-0.0327164097
5.989633,-0.118327,-8.925663,0.964317,-0.0401021322,-0.1132923016,-0.0316521845
5.990682,-0.053479,-8.700594,0.676106,-0.0379736819,-0.088815123,-0.021009933
5.9917,0.028181,-9.878614,0.275011,-0.0294598807,-0.0760444212,-0.0093034563
5.992749,0.004163,-10.0965,0.284618,-0.017753404,-0.0771086464,-0.0061107808
5.993798,-0.159157,-10.285653,0.301431,-0.003918477,-0.0994573746,-0.0156888072
5.994848,-0.315271,-10.376638,0.589642,0.0109806751,-0.1218061028,-0.0199457078
5.995899,-0.296057,-9.198619,0.527196,0.0205587015,-0.136705255,-0.0178172575
5.996915,0.088225,-8.513835,0.162129,0.0067237745,-0.1324483543,-0.0114319066
5.997964,0.611809,-9.074113,-0.164511,-0.0166891789,-0.081365547,0.0034672456
5.999013,0.796745,-10.077345,-0.832201,-0.0358452316,0.0122862666,0.0162379474
6.000062,0.467703,-10.534665,-0.72172,-0.0358452316,0.0995527292,0.0183663977
6.00108,-0.151951,-10.623256,-0.483945,-0.0124322782,0.1314794838,0.0119810468
6.002129,-0.622697,-10.836353,-0.474338,0.023751377,0.1176445568,0.0034672456
6.003179,-0.759597,-10.355089,-0.325429,0.0556781316,0.1038096298,0.0013387952
6.004228,-0.461779,-8.583271,-0.618444,0.058870807,0.112323431,0.0034672456
6.005246,-0.132737,-7.654264,-0.416696,0.0333294034,0.1219014574,0.0098525965
6.006294,-0.502609,-9.490729,0.306234,0.0067237745,0.1006169543,0.020494848
6.007344,-1.146281,-11.372687,0.563223,-0.0113680531,0.0367634451,0.0215590732
6.008396,-1.196718,-10.836353,0.798596,-0.0209460795,-0.0526314678,0.0034672456
6.009442,-0.608286,-9.631996,1.130039,-0.0124322782,-0.150540182,-0.0284595091
6.01046,-0.211995,-9.761291,1.197288,-0.0134965034,-0.1292556789,-0.021009933
6.011509,0.081019,-9.263266,1.086807,-0.0188176292,-0.0877508979,-0.0135603569
6.012559,-0.04147,-8.997494,1.113226,-0.0294598807,-0.0632737194,-0.0146245821
6.013608,-0.159157,-10.034247,1.288555,-0.031588331,-0.0792370967,-0.0199457078
6.014625,-0.142344,-11.384659,1.396634,-0.0156249537,-0.1132923016,-0.0167530324
6.015675,-0.178371,-10.084528,1.096414,0.0056595494,-0.1356410298,-0.0135603569
6.016724,0.057002,-7.920037,0.198155,0.0045953242,-0.1324483543,-0.0188814827
6.017776,0.551765,-8.406089,-0.051628,-0.0134965034,-0.0973289243,-0.0156888072
6.01879,0.835173,-9.96481,-0.760148,-0.0283956555,-0.0238973887,0.0013387952
6.01984,0.727094,-10.546637,-1.586354,-0.0379736819,0.0697544249,0.0151737222
6.020889,0.333205,-10.400582,-1.178055,-0.0283956555,0.1304152586,0.0162379474
6.021938,-0.252825,-10.697481,-1.045958,0.0035310991,0.126158358,0.006659921
6.022988,-0.733178,-11.327195,-0.935477,0.0461001052,0.0921031531,0.0002745701
6.024005,-0.512216,-9.869036,-1.115609,0.072705734,0.0952958285,0.0013387952
6.025054,0.018574,-6.921593,-1.38941,0.0567423567,0.1336079341,0.0045314707
6.026103,-0.197585,-7.314267,-0.608837,0.0226871518,0.1453144108,0.0141094971
6.027153,-1.043005,-11.063816,0.620865,0.0109806751,0.0931673782,0.0290086492
6.02817,-1.381654,-12.177189,1.065191,0.0120449003,-0.0047413359,0.0258159738
6.029219,-0.987765,-10.328751,0.798596,0.0045953242,-0.1005215997,-0.0029181054
6.030271,-0.884489,-9.818755,1.66323,-0.0028542519,-0.1547970826,-0.0263310588
6.031318,-0.697151,-9.818755,1.864978,-0.017753404,-0.1601182083,-0.0263310588
6.032335,0.124251,-8.91848,1.408643,-0.0401021322,-0.1143565267,-0.0156888072
6.033385,0.417266,-8.712566,2.013887,-0.0528728341,-0.0568883684,-0.0093034563
6.034434,0.189099,-9.85467,1.6224,-0.0550012844,-0.0462461169,-0.0146245821
6.035484,-0.051077,-10.721425,1.617596,0.0024668739,-0.081365547,-0.021009933
6.036501,-0.425752,-8.892142,0.649686,0.0109806751,-0.116484977,-0.0188814827
6.03755,-0.166362,-8.319893,0.486366,0.0024668739,-0.144154831,-0.0146245821
6.039651,0.98168,-9.758896,-1.571944,-0.0252029801,-0.0185762629,0.0077241462
6.0386,0.5998,-9.112422,-0.628051,-0.0060469273,-0.1058427255,-0.0029181054
6.040698,0.695871,-10.419737,-1.641595,-0.0347810065,0.0623048488,0.0087883713
6.041716,0.032984,-10.982409,-1.735264,-0.0166891789,0.1038096298,0.0055956959
6.042765,-0.550644,-10.814804,-1.139627,0.0194944764,0.0921031531,0.0002745701
6.043814,-0.689946,-10.084528,-1.264518,0.0546139064,0.0686901997,0.0002745701
6.044863,-0.553046,-8.928057,-1.367794,0.0631277077,0.0835893518,0.0077241462
6.045881,-0.281647,-7.556096,-1.005128,0.0407789794,0.1187087819,0.0173021725
6.046931,-0.521823,-8.513835,-0.467133,0.0141733506,0.1219014574,0.0258159738
6.04798,-1.422484,-11.645643,0.519991,0.0035310991,0.0676259745,0.0279444241
6.049029,-1.477724,-11.853951,0.704927,-0.0028542519,-0.0207047132,0.0098525965
6.050046,-0.834052,-9.857065,1.084405,-0.0060469273,-0.095200474,-0.0188814827
6.052148,-0.411342,-9.514673,1.90821,-0.0188176292,-0.1249987783,-0.0188814827
6.053194,0.061805,-9.418899,2.213233,-0.0337167813,-0.0983931494,-0.007175006
6.051096,-0.649116,-9.426082,1.716069,-0.0071111525,-0.1292556789,-0.0295237342
6.054243,0.297178,-9.421293,2.215635,-0.0390379071,-0.0728517457,-0.0050465557
6.055261,0.239536,-9.881008,2.100351,-0.0283956555,-0.0717875206,-0.0156888072
6.05631,0.061805,-11.020718,1.970655,-0.0103038279,-0.088815123,-0.0252668336
6.057359,0.016172,-10.496356,1.535936,0.0035310991,-0.1047785003,-0.0220741581
6.058409,-0.005444,-7.989473,0.642481,0.0067237745,-0.1100996261,-0.0146245821
6.059426,0.119448,-7.855389,-0.392679,-0.0124322782,-0.0973289243,-0.0114319066
6.060475,0.551765,-10.462835,-0.870629,-0.031588331,-0.0515672427,-0.0018538802
6.061527,0.414864,-9.758896,-1.944217,-0.0166891789,0.0825251267,-0.0007896551
6.062574,-0.276843,-10.161147,-1.555131,0.0045953242,0.0793324512,-0.007175006
6.063591,-0.692348,-10.795649,-1.742469,0.0354578537,0.0580479482,-0.0039823305
6.06464,-0.689946,-9.699038,-1.797709,0.0556781316,0.0633690739,0.0045314707
6.06569,-0.428154,-8.075669,-1.334169,0.0450358801,0.0899747028,0.0162379474
6.066739,-0.24562,-8.015811,-1.233295,0.0194944764,0.1144518813,0.0247517486
6.067788,-0.802829,-10.505933,-0.4215,0.0024668739,0.1070023052,0.0268801989
6.068806,-1.424885,-11.889867,0.719337,0.0024668739,0.0527268224,0.0194306229
6.069856,-1.242351,-10.213823,1.000344,0.0035310991,-0.0313469647,-0.0061107808
6.070905,-0.730776,-9.203408,1.435062,-0.0007258016,-0.0973289243,-0.0252668336
6.071954,-0.389726,-10.031852,2.174805,-0.0017900267,-0.1154207519,-0.0167530324
6.072971,-0.154353,-10.115654,2.362143,-0.0081753776,-0.0983931494,0.0002745701
6.074023,0.203509,-9.035803,2.41258,-0.0241387549,-0.074980196,0.0024030204
6.07507,0.426873,-8.75327,2.604721,-0.0326525562,-0.0590168187,-0.0093034563
6.076119,0.203509,-10.53706,2.46782,-0.0283956555,-0.06753062,-0.0220741581
6.077137,-0.058283,-11.89705,2.198823,-0.0134965034,-0.088815123,-0.0231383833
6.078186,-0.029462,-9.423688,1.420652,-0.003918477,-0.1005215997,-0.021009933
6.079235,0.105037,-7.120324,0.157325,-0.0145607286,-0.1069069507,-0.0242026084
6.080285,0.467703,-9.035803,-0.51757,-0.0358452316,-0.0920077985,-0.0156888072
6.081461,0.928842,-10.903395,-1.468668,-0.0411663574,-0.026025839,0.0045314707
6.082352,0.719888,-10.27847,-2.22042,-0.0326525562,0.0537910475,0.0109168216
6.083403,-0.043872,-9.749319,-1.692032,-0.0124322782,0.0697544249,0.0034672456
6.08445,-0.581867,-10.549031,-1.785701,0.0184302512,0.029313869,-0.0029181054
6.085499,-0.665929,-10.845931,-2.189197,0.0439716549,0.015478942,-0.0007896551
6.08652,-0.447368,-8.695806,-1.997056,0.0482285555,0.0527268224,0.0087883713
6.087567,-0.649116,-9.545799,-1.000324,0.0003384236,0.112323431,0.0279444241
6.088616,-1.134272,-11.837191,-0.174118,0.0077879997,0.1048738549,0.0300728744
6.089665,-1.422484,-10.800438,0.702525,0.0194944764,0.0442130212,0.0098525965
6.090683,-1.1727,-9.538616,1.334188,0.0184302512,-0.0451818917,-0.0146245821
6.091732,-0.673134,-9.761291,1.915415,0.0131091254,-0.0973289243,-0.0156888072
6.092782,-0.360905,-10.15157,2.460615,0.0056595494,-0.1037142752,-0.0029181054
6.093831,-0.010247,-9.639179,2.614328,-0.0156249537,-0.0877508979,0.0055956959
6.094848,0.390847,-8.810734,2.717603,-0.045423258,-0.0654021697,0.0013387952
6.0959,0.350017,-9.878614,2.667166,-0.0528728341,-0.0547599181,-0.0146245821
6.096947,0.057002,-11.18114,2.717603,-0.0369094568,-0.061145269,-0.0242026084
6.097996,0.066609,-9.93129,1.961048,-0.0198818543,-0.0781728715,-0.0231383833
6.099046,0.119448,-8.245668,0.99554,-0.0113680531,-0.1015858249,-0.0188814827
6.100063,0.316392,-8.676651,0.006014,-0.0134965034,-0.109035401,-0.0103676814
6.101113,0.854387,-10.256921,-1.564738,-0.0241387549,-0.06753062,0.0024030204
6.102162,0.851985,-10.711847,-1.903387,-0.0241387549,0.0101578162,0.006659921
6.104229,-0.519421,-9.974388,-1.831334,0.0141733506,0.0484699218,-0.0103676814
6.103212,0.071412,-10.290442,-1.965833,-0.0103038279,0.0580479482,-0.0007896551
6.105279,-0.517019,-9.409322,-1.905789,0.0397147543,0.0250569684,-0.0103676814
6.106328,-0.493002,-9.040592,-2.472605,0.0461001052,0.0303780942,0.0002745701
6.107377,-0.596277,-8.647919,-1.586354,0.0343936285,0.0516625972,0.0194306229
6.108397,-0.589072,-8.815523,-1.350982,0.0131091254,0.0686901997,0.0332655499
6.109443,-0.930122,-10.984803,-0.849013,0.0045953242,0.0686901997,0.0322013247
6.110493,-1.408073,-12.225076,0.24619,0.0152375758,0.0410203457,0.0162379474
6.111542,-1.100647,-10.144387,0.126102,0.0088522248,0.0005797899,-0.007175006
6.112592,-0.579465,-8.279189,1.122833,-0.0092396028,-0.0207047132,-0.0188814827
6.113609,-0.305664,-10.656777,3.116296,0.0088522248,-0.0685948451,0.0109168216
6.114659,0.35482,-9.74453,2.801665,-0.0007258016,-0.0760444212,0.0109168216
6.115708,0.400454,-9.155521,2.792058,-0.0124322782,-0.0654021697,-0.0050465557
6.116757,-0.180773,-10.42692,3.202759,-0.0198818543,-0.0771086464,-0.0199457078
6.117777,-0.04147,-10.584947,2.568694,-0.0283956555,-0.0898793482,-0.0242026084
6.118824,0.268357,-9.272844,1.84096,-0.0326525562,-0.0781728715,-0.0188814827
6.119873,0.081019,-8.544962,1.069995,-0.0443590329,-0.0717875206,-0.0124961318
6.120923,0.371633,-9.126788,-0.440714,-0.0613866353,-0.0632737194,-0.0082392311
6.12194,0.719888,-10.395793,-1.134823,-0.0539370592,-0.0185762629,-0.0050465557
6.12299,0.335606,-10.513116,-1.672818,-0.0241387549,0.0282496439,-0.0039823305
6.124039,-0.079899,-9.82115,-2.280464,0.0067237745,0.0325065445,-0.0093034563
6.125088,-0.192781,-9.787629,-2.318892,0.0312009531,0.0165431672,-0.0093034563
6.126137,-0.372914,-9.658334,-2.700772,0.0386505291,0.0218642929,0.0013387952
6.127155,-0.601081,-9.162704,-2.501426,0.023751377,0.0442130212,0.0162379474
6.128204,-0.541037,-8.975944,-1.737665,0.0035310991,0.0676259745,0.0258159738
6.129253,-0.418547,-9.529039,-1.519105,-0.0060469273,0.084653577,0.0258159738
6.130303,-0.898899,-10.898606,-0.764952,-0.0007258016,0.0835893518,0.020494848
6.13132,-1.424885,-11.140436,0.339859,0.0194944764,0.0505983721,0.0109168216
6.132369,-1.059818,-9.517067,0.666499,0.0312009531,0.0059009156,0.0013387952
6.133419,-0.509814,-8.868199,1.473491,0.0280082776,-0.0270900641,-0.0029181054
6.134468,-0.423351,-10.177907,2.751228,0.0226871518,-0.0590168187,0.0034672456
6.135485,-0.115925,-10.572975,3.051448,0.0045953242,-0.0845582224,0.0087883713
6.136535,0.407659,-9.442842,3.008217,-0.0262672052,-0.0792370967,0.0024030204
6.137584,0.277964,-9.426082,3.265205,-0.0486159335,-0.0632737194,-0.0114319066
6.138633,0.037788,-10.431708,3.097082,-0.0539370592,-0.0664663948,-0.0188814827
6.139683,0.287571,-9.040592,1.310171,-0.0294598807,-0.0515672427,-0.0188814827
6.1407,0.196304,-8.73651,0.277413,-0.0305241059,-0.0579525936,-0.0146245821
6.141749,0.417266,-9.629602,-0.928271,-0.0305241059,-0.0547599181,-0.0093034563
6.143847,-0.130336,-10.367061,-1.761683,0.0003384236,-0.0047413359,-0.0018538802
6.144865,-0.365708,-9.406927,-1.855352,0.0216229267,-0.0228331635,-0.0039823305
6.142798,0.357222,-10.582552,-1.59356,-0.017753404,-0.0249616138,-0.0029181054
6.145914,-0.267236,-9.502701,-2.237232,0.0343936285,-0.0419892163,-0.0018538802
6.146964,-0.175969,-9.801995,-2.667147,0.0301367279,-0.0132551371,0.0098525965
6.148013,-0.27204,-8.947212,-2.566273,0.0109806751,0.0452772463,0.0194306229
6.149031,-0.577063,-8.97355,-1.937012,-0.0124322782,0.0889104776,0.0215590732
6.15008,-0.95414,-10.44368,-1.202072,-0.0081753776,0.1059380801,0.0183663977
6.151129,-1.420082,-11.530714,-0.291805,0.0205587015,0.0835893518,0.0109168216
6.152178,-1.388859,-10.687904,0.592044,0.0429074297,0.0303780942,0.0013387952
6.153228,-0.6275,-8.65989,0.618463,0.0386505291,-0.0047413359,-0.0039823305
6.154245,-0.192781,-8.820312,1.78572,0.0248156021,-0.0207047132,0.0024030204
6.155295,-0.20479,-10.697481,3.310839,0.0131091254,-0.0494387924,0.0151737222
6.156344,0.225125,-10.441286,3.128305,-0.0124322782,-0.0771086464,0.0173021725
6.157395,0.621416,-9.2489,3.068261,-0.0337167813,-0.0696590703,0.0002745701
6.15841,0.157876,-9.991148,3.308437,-0.0401021322,-0.0547599181,-0.0167530324
6.15946,-0.228808,-10.735791,3.097082,-0.0411663574,-0.0579525936,-0.0167530324
6.160509,0.141064,-9.356646,1.961048,-0.0326525562,-0.0547599181,-0.0114319066
6.161558,0.352419,-8.135528,0.89947,-0.0305241059,-0.0505030175,-0.0103676814
6.162576,0.220322,-9.471575,0.061255,-0.0411663574,-0.0643379445,-0.0082392311
6.163625,0.270759,-11.094943,-1.093993,-0.0379736819,-0.0505030175,-0.0029181054
6.164675,0.037788,-10.651988,-1.302946,-0.0113680531,-0.0132551371,-0.0050465557
6.165724,-0.53143,-8.913691,-1.845745,0.0333294034,-0.0494387924,-0.0135603569
6.166741,-0.168764,-8.767636,-2.758414,0.0322651782,-0.0419892163,-0.0039823305
6.16779,-0.151951,-9.308759,-3.104268,0.0045953242,0.0101578162,0.0087883713
6.16884,-0.553046,-9.85467,-1.97544,-0.0188176292,0.0527268224,0.020494848
6.169889,-0.728374,-10.170724,-1.631988,-0.0209460795,0.0676259745,0.0215590732
6.170938,-0.992568,-11.094943,-0.997923,0.0003384236,0.0633690739,0.0109168216
6.171956,-1.244753,-11.145224,0.049246,0.0269440524,0.0399561205,0.0034672456
6.173005,-0.701955,-8.985522,0.138111,0.0269440524,0.0239927432,0.0013387952
6.174054,-0.125532,-8.157077,1.103619,0.0194944764,0.0346349948,0.0055956959
6.175104,-0.072693,-10.010303,2.676774,0.0184302512,0.029313869,0.0151737222
6.176121,0.196304,-10.874663,2.87612,0.0067237745,-0.0015486604,0.020494848
6.17717,0.285169,-10.118049,2.787255,-0.0113680531,-0.0217689384,0.0109168216
6.17822,-0.332084,-9.785234,3.402106,-0.0230745298,-0.0451818917,-0.0061107808
6.179272,-0.440163,-9.785234,3.147519,-0.0326525562,-0.0792370967,-0.0167530324
6.180287,0.157876,-9.538616,2.441401,-0.0347810065,-0.0824297721,-0.0188814827
6.181336,0.446087,-9.505095,1.864978,-0.0358452316,-0.0579525936,-0.0135603569
6.182386,0.474908,-9.409322,0.733748,-0.0475517083,-0.0419892163,-0.0082392311
6.183435,0.472507,-9.275238,-0.243769,-0.0518086089,-0.0334754151,-0.0093034563
6.184484,0.124251,-10.175513,-0.957093,-0.0347810065,-0.026025839,-0.0103676814
6.185502,-0.363307,-10.853114,-1.382205,-0.0017900267,-0.0324111899,-0.0093034563
6.186551,-0.514618,-9.811572,-1.600765,0.0312009531,-0.0568883684,-0.0114319066
6.1876,-0.293655,-8.595243,-2.242035,0.0418432046,-0.0792370967,-0.0124961318
6.188652,0.081019,-8.597637,-3.056233,0.0205587015,-0.0515672427,-0.0039823305
6.189667,0.035386,-9.665517,-3.02501,-0.0124322782,0.0165431672,0.0109168216
6.190717,-0.464181,-10.309597,-2.145965,-0.0294598807,0.0654975242,0.0236875235
6.191765,-1.453707,-10.92255,-0.664078,0.0152375758,0.0527268224,0.0087883713
6.192815,-1.410475,-10.764523,0.099683,0.0482285555,0.0218642929,0.0034672456
6.193833,-0.521823,-8.528201,0.219771,0.0439716549,0.0229285181,0.0055956959
6.194882,-0.06789,-8.161866,1.288555,0.0322651782,0.0442130212,0.0109168216
6.195931,-0.260031,-10.304808,2.919351,0.0269440524,0.0314423193,0.0194306229
6.19698,0.081019,-10.946493,3.09468,0.0035310991,-0.0153835874,0.0194306229
6.19803,0.292375,-10.486778,3.01302,-0.017753404,-0.0409249911,0.0045314707
6.199047,-0.24562,-10.098894,3.591845,-0.0294598807,-0.0526314678,-0.0114319066
6.200096,-0.130336,-9.160309,2.871316,-0.0432948077,-0.0654021697,-0.0167530324
6.201148,0.534953,-8.839467,2.054717,-0.0486159335,-0.0483745672,-0.0146245821
6.202195,0.539756,-9.526645,1.523928,-0.0432948077,-0.0207047132,-0.007175006
6.203212,0.280366,-10.007909,0.238985,-0.0411663574,-0.0238973887,-0.0039823305
6.204262,0.17709,-10.01988,-0.325429,-0.0273314304,-0.0441176666,-0.0103676814
6.205311,-0.139943,-10.491567,-0.959494,-0.0028542519,-0.0654021697,-0.0167530324
6.20636,-0.629902,-10.680721,-1.538319,0.0216229267,-0.0845582224,-0.0146245821
6.207378,-0.70916,-9.078901,-1.478275,0.0397147543,-0.0962646991,-0.0135603569
6.208427,-0.257629,-7.563279,-2.095528,0.0312009531,-0.0962646991,-0.0124961318
6.209476,0.124251,-8.870593,-2.823262,-0.0017900267,-0.0654021697,-0.0061107808
6.210528,-0.029462,-10.776495,-2.631121,-0.0230745298,-0.0047413359,0.006659921
6.211575,-0.562653,-10.244949,-1.81212,-0.0220103046,0.0399561205,0.0141094971
6.212592,-1.069425,-10.091711,-0.995521,-0.0060469273,0.0303780942,0.0087883713
6.213642,-1.215932,-11.351138,-0.188529,0.0258798273,0.0069651408,0.0045314707
6.214691,-0.798025,-10.350301,0.140513,0.0418432046,0.0208000678,0.0077241462
6.21574,-0.060684,-7.716517,0.503179,0.0152375758,0.0665617494,0.0098525965
6.216758,0.145867,-8.334259,1.646418,-0.0060469273,0.098488504,0.0130452719
6.217807,0.001761,-11.420574,2.979396,-0.0103038279,0.0282496439,0.0183663977
6.218857,-0.04147,-9.411716,2.775246,-0.0103038279,-0.0089982365,-0.0007896551
6.219906,-0.536233,-9.119605,3.082671,-0.0103038279,-0.0451818917,-0.0156888072
6.220923,-0.236013,-9.706221,2.705595,-0.0166891789,-0.0696590703,-0.0124961318
6.221973,0.388445,-9.969599,1.893799,-0.017753404,-0.0430534414,-0.0039823305
6.223024,0.520542,-9.550588,1.17327,-0.0379736819,-0.0036771108,-0.0061107808
6.224072,0.47731,-9.2489,0.128504,-0.0613866353,0.001644015,-0.0167530324
6.225089,0.023377,-10.414948,-0.145297,-0.0507443838,-0.0100624617,-0.0242026084
6.226139,-0.579465,-10.790861,-0.488749,-0.0103038279,-0.0377323157,-0.0220741581
6.227188,-0.716366,-9.090873,-1.190064,0.0269440524,-0.0856224476,-0.0199457078
6.228237,-0.334485,-8.310316,-1.922601,0.0301367279,-0.122870328,-0.0188814827
6.229287,0.261152,-9.162704,-3.03942,0.0056595494,-0.10265005,-0.0093034563
6.230304,0.256348,-9.938473,-2.919332,-0.0220103046,-0.0387965408,0.0034672456
6.231353,-0.168764,-10.235372,-2.306883,-0.0347810065,0.0101578162,0.0098525965
6.232406,-0.536233,-10.407765,-1.94902,-0.0230745298,0.0303780942,0.0130452719
6.233452,-1.119862,-10.582552,-1.02194,0.0131091254,0.0271854187,0.0109168216
6.23447,-1.314404,-10.666355,-0.33984,0.0407789794,0.0101578162,0.0087883713
6.235521,-0.524225,-9.349463,0.085272,0.0429074297,0.0314423193,0.0109168216
6.236568,0.21792,-7.627926,0.414314,0.0269440524,0.0942316034,0.0119810468
6.237618,-0.094309,-9.244111,1.92262,0.0205587015,0.1176445568,0.0162379474
6.238635,-0.663527,-11.674375,3.09468,0.0226871518,0.0676259745,0.0236875235
6.239685,-0.543439,-10.889029,2.532668,0.0163018009,-0.0111266868,0.0162379474
6.240734,-0.207192,-9.691855,2.962583,0.0035310991,-0.0685948451,-0.0082392311
6.241783,0.061805,-9.627207,3.075466,-0.0145607286,-0.0803013218,-0.0178172575
6.242833,0.417266,-9.339885,2.333322,-0.0347810065,-0.0515672427,-0.0082392311
6.24385,0.633425,-9.411716,0.757766,-0.059258185,0.0122862666,-0.0050465557
6.244902,0.374034,-10.177907,-0.001191,-0.0496801586,0.0059009156,-0.0167530324
6.245949,-0.308066,-11.078183,-0.207743,-0.0134965034,-0.0249616138,-0.0199457078
6.246998,-0.725973,-10.082134,-0.865826,0.0269440524,-0.074980196,-0.0178172575
6.248015,-0.665929,-8.655102,-1.367794,0.0482285555,-0.130319904,-0.0178172575
6.249064,-0.115925,-8.552145,-2.09793,0.0407789794,-0.1398979304,-0.0156888072
6.250113,0.186697,-9.385378,-2.758414,0.00991645,-0.088815123,-0.0061107808
6.251163,-0.209594,-9.998331,-2.162777,-0.0220103046,-0.0387965408,0.0034672456
6.25218,-0.493002,-10.103683,-1.754478,-0.0294598807,-0.0228331635,0.0055956959
6.25323,-0.874882,-10.379033,-1.13002,-0.0028542519,-0.0249616138,0.0055956959
6.254281,-1.350431,-10.369455,-0.224555,0.0290725027,-0.0419892163,0.0055956959
6.255328,-0.963747,-10.036641,0.02763,0.0386505291,-0.0387965408,0.006659921
6.256378,-0.060684,-9.160309,0.481563,0.0205587015,0.029313869,0.0119810468
6.257397,0.251545,-8.537779,1.067593,-0.0049827022,0.1144518813,0.0162379474
6.258444,-0.175969,-10.345512,2.227644,-0.0166891789,0.1336079341,0.0183663977
6.259494,-0.442565,-11.475644,2.544677,-0.0166891789,0.0921031531,0.0173021725
6.260543,-0.296057,-9.885797,2.018691,-0.0124322782,0.0442130212,0.0002745701
6.26156,-0.216799,-9.186647,2.679175,-0.0060469273,0.0037724653,-0.0188814827
6.262609,-0.04147,-9.811572,2.513454,-0.0017900267,-0.026025839,-0.0146245821
6.263659,0.263553,-9.746925,1.819344,-0.0060469273,-0.0238973887,0.0013387952
6.264708,0.369231,-9.409322,1.411045,-0.0220103046,-0.0058055611,0.0055956959
6.265726,0.400454,-9.509884,0.534402,-0.0464874832,-0.0026128856,-0.0061107808
6.266778,0.093028,-10.434103,0.23178,-0.0432948077,-0.0185762629,-0.0231383833
6.267824,-0.526626,-10.929733,-0.087655,-0.0156249537,-0.0505030175,-0.0273952839
6.268874,-0.728374,-9.320731,-0.565605,0.0141733506,-0.0930720237,-0.0231383833
6.269923,0.090627,-8.949607,-2.405355,0.0014026488,-0.116484977,-0.0114319066
6.270941,0.191501,-10.225794,-2.35732,-0.0241387549,-0.0590168187,-0.0007896551
6.27199,-0.255227,-10.127626,-1.915396,-0.0326525562,-0.0132551371,0.0034672456
6.273039,-0.598679,-9.785234,-1.684827,-0.0273314304,-0.0089982365,0.0013387952
6.274089,-0.860471,-10.381427,-1.060368,0.0003384236,-0.0238973887,0.0013387952
6.275106,-0.879685,-10.632834,-0.404687,0.0290725027,-0.0324111899,0.0055956959
6.276156,-0.236013,-9.670306,-0.195734,0.0365220788,-0.0026128856,0.0119810468
6.277205,0.458096,-8.537779,0.248592,0.0216229267,0.0740113255,0.0173021725
6.278254,0.460498,-8.949607,0.77698,-0.0007258016,0.1463786359,0.0173021725
6.279274,-0.404136,-11.044662,1.629605,-0.003918477,0.153828212,0.0173021725
6.280321,-1.069425,-11.300857,2.571096,0.0141733506,0.0835893518,0.0151737222
6.28137,-0.4906,-9.160309,1.994673,0.0301367279,-0.0036771108,-0.0007896551
6.28242,0.126653,-8.928057,2.107556,0.0301367279,-0.0451818917,-0.0135603569
6.283469,0.020975,-10.434103,2.597515,0.0184302512,-0.0558241433,-0.0018538802
6.284486,0.234732,-10.161147,1.463884,-0.0092396028,-0.0430534414,0.0098525965
6.285536,0.62622,-8.865804,1.043575,-0.0422305825,-0.0089982365,-0.0007896551
6.286585,0.294776,-9.725376,0.69532,-0.0613866353,0.0027082402,-0.0167530324
6.287634,-0.281647,-11.202689,0.27261,-0.0443590329,-0.0238973887,-0.0242026084
6.288654,-0.596277,-10.062979,-0.030012,0.0003384236,-0.0654021697,-0.0231383833
6.289701,-0.747588,-8.442005,-0.952289,0.0290725027,-0.1111638513,-0.021009933
6.29075,-0.452172,-8.60482,-1.456659,0.0290725027,-0.1388337053,-0.0167530324
6.2918,-0.005444,-9.651151,-2.117144,0.0152375758,-0.116484977,-0.0082392311
6.292817,-0.096711,-10.201851,-1.891378,-0.003918477,-0.0696590703,-0.0018538802
6.293867,-0.432958,-9.981571,-1.264518,-0.0188176292,-0.0419892163,-0.0018538802
6.294916,-0.651518,-10.017486,-0.988316,-0.0156249537,-0.0462461169,-0.0050465557
6.295965,-0.413744,-9.785234,0.152521,0.0226871518,-0.0473103421,0.0055956959
6.296983,0.121849,-9.483546,0.433528,0.023751377,0.015478942,0.0151737222
6.298032,0.482114,-9.100451,0.592044,0.0056595494,0.1038096298,0.0215590732
6.299082,0.030582,-9.952839,1.000344,-0.0103038279,0.1602135629,0.0215590732
6.300131,-0.865275,-11.607334,1.49991,-0.0103038279,0.1495713114,0.0162379474
6.30118,-0.949336,-10.675932,1.711265,-0.0017900267,0.0952958285,0.0045314707
6.302198,-0.339289,-8.382146,1.728077,0.0067237745,0.0463414715,-0.0103676814
6.303247,0.008967,-8.58806,1.502312,0.0056595494,0.0208000678,-0.0114319066
6.304297,-0.125532,-10.359878,1.74489,0.0014026488,0.001644015,0.0034672456
6.305346,-0.072693,-10.453258,1.33659,-0.0071111525,-0.0217689384,0.0141094971
6.306363,0.27316,-9.35904,0.479161,-0.0262672052,-0.0366680905,0.0002745701
6.307412,-0.072693,-9.969599,0.383091,-0.0326525562,-0.0483745672,-0.0199457078
6.308462,-0.682741,-10.965648,0.116495,-0.017753404,-0.0728517457,-0.0305879594
6.309511,-0.69475,-9.691855,-0.157306,0.0056595494,-0.0983931494,-0.0305879594
6.310531,-0.425752,-7.896093,-0.524775,0.0163018009,-0.1100996261,-0.0252668336
6.311578,-0.195183,-8.544962,-1.30775,0.0024668739,-0.1100996261,-0.0167530324
6.312627,-0.072693,-10.458046,-1.319759,-0.0145607286,-0.0994573746,-0.007175006
6.313676,0.061805,-10.781283,-1.115609,-0.0198818543,-0.074980196,-0.0039823305
6.314726,0.100234,-9.792417,-1.045958,-0.017753404,-0.0494387924,-0.0093034563
6.315743,-0.199987,-9.529039,-0.594427,-0.0081753776,-0.0409249911,-0.0114319066
6.316792,-0.296057,-9.902557,-0.287001,0.0077879997,-0.0313469647,-0.0018538802
6.317842,0.100234,-9.725376,-0.104467,0.0173660261,0.0122862666,0.0119810468
6.318891,0.424471,-9.28721,0.188548,0.0077879997,0.0878462525,0.0247517486
6.319909,0.186697,-9.763685,0.512786,-0.003918477,0.1506355365,0.0258159738
6.320958,-0.396931,-11.042267,0.69532,-0.0049827022,0.1697915893,0.0183663977
6.322007,-0.567456,-9.239323,1.146851,0.0258798273,0.0835893518,-0.0039823305
6.323057,-0.185576,-8.250457,1.086807,0.0343936285,0.0378276702,-0.007175006
6.324074,-0.238415,-9.56256,1.713667,0.0365220788,0.0048366905,0.006659921
6.325123,-0.44977,-10.778889,1.538338,0.0258798273,-0.0366680905,0.0236875235
6.326173,-0.118327,-10.039035,0.856238,-0.0028542519,-0.0696590703,0.0141094971
6.327222,0.081019,-9.485941,0.904273,-0.0337167813,-0.081365547,-0.0124961318
6.328273,-0.228808,-10.357484,0.601651,-0.0475517083,-0.0845582224,-0.0305879594
6.329289,-0.404136,-10.252132,0.238985,-0.0294598807,-0.0803013218,-0.0316521845
6.330338,-0.500207,-8.935241,-0.068441,-0.003918477,-0.0834939973,-0.0242026084
6.331388,-0.459377,-8.750876,-0.796175,0.0045953242,-0.1015858249,-0.0167530324
6.332437,-0.142344,-9.464392,-1.276527,0.0014026488,-0.1079711758,-0.0135603569
6.333454,-0.166362,-10.319174,-0.957093,0.0024668739,-0.1037142752,-0.0124961318
6.335553,-0.356101,-9.476363,-0.54399,0.0056595494,-0.1005215997,-0.0114319066
6.334503,-0.399333,-10.501145,-0.505561,0.0035310991,-0.1037142752,-0.0093034563
6.336602,-0.228808,-9.478758,-0.138092,0.0045953242,-0.0920077985,-0.0093034563
6.33762,0.160278,-9.921712,0.222173,0.0024668739,-0.0600810439,0.0055956959
6.338669,0.594997,-9.122,-0.070842,0.0024668739,0.0186716175,0.0194306229
6.339718,0.362026,-9.275238,0.219771,-0.0092396028,0.1091307555,0.0247517486
6.340768,-0.219201,-10.666355,0.611258,-0.0145607286,0.1634062384,0.0226232983
6.341817,-0.699553,-11.195506,0.58724,0.0035310991,0.1697915893,0.0130452719
6.342834,-1.011782,-10.92255,0.781783,0.0248156021,0.1314794838,0.0013387952
6.343884,-0.685143,-9.497912,0.73615,0.0333294034,0.0878462525,-0.0039823305
6.344933,-0.048676,-7.608771,0.625669,0.0280082776,0.0718828752,-0.0007896551
6.345982,-0.091907,-8.746087,1.190083,0.0141733506,0.0559194979,0.0098525965
6.347,-0.356101,-10.956071,1.293359,-0.0007258016,0.0165431672,0.020494848
6.348049,-0.24562,-10.11326,0.726543,-0.0337167813,-0.0600810439,-0.0146245821
6.349098,-0.61309,-10.034247,0.748158,-0.031588331,-0.0866866727,-0.0273952839
6.35015,-0.529028,-9.385378,0.006014,-0.0156249537,-0.095200474,-0.0273952839
6.351165,-0.192781,-9.078901,0.037237,-0.0071111525,-0.0866866727,-0.021009933
6.352215,0.030582,-9.145943,-0.140494,-0.0060469273,-0.0771086464,-0.0135603569
6.353264,0.047395,-9.56256,-0.409491,-0.0092396028,-0.0845582224,-0.0135603569
6.354313,-0.111121,-10.824382,0.145316,-0.0081753776,-0.0983931494,-0.0103676814
6.355331,-0.288852,-10.855508,0.114093,0.0014026488,-0.1015858249,-0.0039823305
6.35638,-0.365708,-8.777214,-0.150101,0.0014026488,-0.1079711758,-0.0050465557
6.35743,-0.036667,-8.245668,-0.157306,-0.0103038279,-0.1058427255,-0.0050465557
6.358479,0.554167,-9.888191,-0.392679,-0.0166891789,-0.0526314678,0.006659921
6.359531,0.664648,-10.319174,-0.481544,-0.0156249537,0.0516625972,0.0236875235
6.360546,0.285169,-9.96481,-0.371063,-0.0209460795,0.1389290598,0.0279444241
6.361595,-0.091907,-10.520299,-0.13569,-0.0081753776,0.1665989138,0.0173021725
6.362646,-0.471386,-11.250576,-0.080449,0.0301367279,0.1559566623,0.0055956959
6.363693,-0.685143,-10.398188,0.025228,0.0620634825,0.1378648347,0.0013387952
6.364711,-0.387324,-8.051726,-0.073244,0.0641919328,0.1219014574,0.0024030204
6.36576,-0.197585,-7.498631,0.31344,0.0450358801,0.1006169543,0.0077241462
6.366809,-0.721169,-10.055796,1.266939,0.0248156021,0.043148796,0.0215590732
6.367858,-0.992568,-11.801276,1.079602,0.0024668739,-0.0356038654,0.0258159738
6.368876,-0.524225,-10.520299,0.906675,-0.017753404,-0.0930720237,0.0045314707
6.369925,-0.339289,-9.497912,0.983531,-0.031588331,-0.1196776525,-0.0242026084
6.370974,-0.44977,-9.813966,0.897068,-0.0379736819,-0.1239345531,-0.0327164097
6.372026,-0.279245,-9.521856,0.784185,-0.0273314304,-0.1058427255,-0.0242026084
6.373073,-0.091907,-8.856227,0.375885,-0.017753404,-0.081365547,-0.0114319066
6.374091,-0.096711,-10.477201,0.186146,-0.003918477,-0.1005215997,-0.0093034563
6.37514,-0.127934,-11.173956,0.443135,0.0109806751,-0.1132923016,-0.0103676814
6.376189,-0.166362,-9.756502,0.469554,0.0205587015,-0.1143565267,-0.0114319066
6.377239,-0.250424,-8.255246,0.075665,0.0109806751,-0.1069069507,-0.0146245821
6.378256,0.064207,-8.875382,-0.080449,-0.0134965034,-0.074980196,-0.007175006
6.379305,0.561372,-9.979177,-0.373464,-0.0273314304,-0.0100624617,0.0098525965
6.380354,0.506131,-9.869036,-0.46233,-0.0294598807,0.0623048488,0.0226232983
6.381406,0.020975,-10.146781,-0.536784,-0.0252029801,0.1091307555,0.0215590732
6.382421,-0.435359,-11.320012,-0.481544,0.0003384236,0.1219014574,0.0151737222
6.383471,-0.658723,-11.43494,-0.373464,0.0386505291,0.1165803316,0.0087883713
6.384522,-0.562653,-9.459603,-0.541588,0.0567423567,0.1187087819,0.0034672456
6.385569,-0.238415,-7.194549,-0.483945,0.0439716549,0.1325437089,0.0034672456
6.386619,-0.187978,-7.750038,-0.044423,0.0173660261,0.1378648347,0.0130452719
6.387636,-0.870078,-10.723819,0.781783,0.0024668739,0.1006169543,0.0268801989
6.388685,-1.472921,-12.095781,1.033968,-0.003918477,0.0027082402,0.0236875235
6.389734,-1.040603,-10.477201,0.909077,-0.0113680531,-0.10265005,-0.0039823305
6.390785,-0.387324,-9.131577,0.959514,-0.0124322782,-0.1462832813,-0.0316521845
6.391801,-0.168764,-9.538616,1.041173,-0.0166891789,-0.1281914537,-0.0337806348
6.39285,0.133858,-9.545799,1.156458,-0.0273314304,-0.0803013218,-0.0178172575
6.393902,0.323597,-8.844255,0.930692,-0.0326525562,-0.0387965408,-0.007175006
6.394949,0.047395,-9.526645,1.050781,-0.0347810065,-0.039860766,-0.0103676814
6.395967,-0.10872,-11.205083,1.247725,-0.0209460795,-0.0792370967,-0.0146245821
6.397016,-0.036667,-10.872269,0.880255,0.0056595494,-0.1058427255,-0.0156888072
6.398065,-0.127934,-8.750876,0.599249,0.0173660261,-0.1143565267,-0.0124961318
6.399114,-0.02706,-7.886516,0.010818,0.0077879997,-0.1122280764,-0.0061107808
6.400164,0.811155,-10.517905,-1.257313,-0.0305241059,0.0112220414,0.0151737222
6.401181,0.590193,-10.93931,-1.305348,-0.031588331,0.1038096298,0.020494848
6.40223,-0.0823,-10.42692,-0.92587,-0.0092396028,0.1368006095,0.0151737222
6.403282,-0.646714,-10.683115,-0.731327,0.0280082776,0.1038096298,0.0077241462
6.404329,-0.644313,-10.589735,-0.760148,0.0631277077,0.084653577,0.0045314707
6.405346,-0.274441,-8.451582,-0.911459,0.0705772837,0.1144518813,0.0077241462
6.406398,-0.192781,-7.254408,-0.755345,0.0439716549,0.1442501856,0.0151737222
6.407445,-0.725973,-9.404533,0.200557,0.0205587015,0.1229656825,0.0279444241
6.408494,-1.251959,-11.427757,0.745757,0.0088522248,0.043148796,0.0268801989
6.409512,-1.206325,-11.255364,0.841827,-0.0060469273,-0.061145269,0.0055956959
6.410561,-0.846061,-10.27847,1.451875,-0.0145607286,-0.1335125795,-0.0167530324
6.41161,-0.473788,-9.265661,1.6224,-0.017753404,-0.1526686323,-0.0231383833
6.41266,-0.063086,-8.968761,1.507115,-0.0283956555,-0.1260630034,-0.0146245821
6.413709,0.225125,-9.394955,1.550347,-0.0358452316,-0.0792370967,-0.0061107808
6.414726,0.174688,-9.842699,1.423054,-0.0358452316,-0.0505030175,-0.007175006
6.415777,0.042591,-10.185091,1.384625,-0.0252029801,-0.053695693,-0.0156888072
6.416824,-0.118327,-10.556215,1.28135,-0.0017900267,-0.0781728715,-0.0199457078
6.417874,-0.406538,-10.079739,1.113226,0.0173660261,-0.1111638513,-0.0167530324
6.418891,-0.238415,-8.669468,0.452742,0.0141733506,-0.1313841292,-0.0124961318
6.41994,0.338008,-8.31271,-0.138092,-0.0017900267,-0.1037142752,-0.0061107808
6.420989,0.652639,-9.426082,-0.748139,-0.0230745298,-0.0292185144,0.0045314707
6.422039,0.5998,-10.666355,-1.468668,-0.0358452316,0.0505983721,0.0141094971
6.423056,0.179492,-10.764523,-1.341375,-0.0230745298,0.1006169543,0.0151737222
6.424105,-0.334485,-10.165936,-1.353383,0.0067237745,0.1016811795,0.0077241462
6.425157,-0.742785,-10.649594,-1.069975,0.0397147543,0.0729471003,0.0013387952
6.426204,-0.103916,-7.766798,-1.48548,0.0471643304,0.1155161065,0.0130452719
6.427221,-0.111121,-7.678208,-0.608837,0.0141733506,0.1463786359,0.0215590732
6.428273,-0.970952,-10.654383,0.359073,-0.0017900267,0.1208372322,0.0311370995
6.42932,-1.360038,-11.559447,0.661695,-0.0049827022,0.0410203457,0.0247517486
6.430369,-1.103049,-10.381427,1.079602,-0.0028542519,-0.053695693,-0.0007896551
6.431418,-0.894096,-10.034247,1.346197,0.0035310991,-0.1154207519,-0.0178172575
6.432436,-0.605884,-9.588898,1.668033,-0.0060469273,-0.1260630034,-0.0167530324
6.433485,-0.046274,-9.131577,1.946638,-0.0230745298,-0.10265005,-0.007175006
6.434535,0.287571,-9.380589,2.225242,-0.0305241059,-0.0654021697,-0.0018538802
6.435583,0.244339,-9.636785,1.975459,-0.0369094568,-0.0462461169,-0.0093034563
6.436601,0.148269,-10.431708,1.82655,-0.0358452316,-0.0600810439,-0.0220741581
6.437652,-0.039069,-10.877057,1.944236,-0.0134965034,-0.088815123,-0.0220741581
6.4387,-0.324878,-9.382984,1.019558,0.0045953242,-0.1143565267,-0.0156888072
6.439749,-0.089506,-7.714123,0.010818,-0.0060469273,-0.1196776525,-0.0114319066
6.440766,0.643032,-8.748481,-0.94028,-0.0252029801,-0.0877508979,-0.0029181054
6.441815,1.075349,-10.654383,-1.790504,-0.0369094568,-0.0153835874,0.0077241462
6.442865,0.84478,-10.695087,-2.009064,-0.0337167813,0.0697544249,0.0098525965
6.443914,0.097832,-10.501145,-1.631988,-0.0081753776,0.1101949807,0.0055956959
6.444963,-0.442565,-10.716636,-1.142028,0.0322651782,0.084653577,0.0045314707
6.445981,-0.476189,-10.410159,-1.694434,0.065256158,0.0601763985,0.006659921
6.447032,-0.339289,-8.887354,-1.742469,0.065256158,0.0952958285,0.0130452719
6.448079,-0.099113,-6.895256,-1.391812,0.0354578537,0.1474428611,0.0215590732
6.449128,-0.512216,-8.585666,-0.839406,0.0067237745,0.1559566623,0.0290086492
6.450148,-1.583402,-12.378314,0.652088,0.00991645,0.1027454046,0.0364582253
6.451195,-1.648249,-11.765361,0.877854,0.0216229267,0.0101578162,0.0236875235
6.452245,-0.733178,-9.615236,2.244456,0.00991645,-0.1409621556,-0.0220741581
6.453294,-0.538635,-10.462835,2.299697,-0.0049827022,-0.1388337053,-0.0050465557
6.454311,0.208313,-8.920874,2.398169,-0.0347810065,-0.095200474,0.0077241462
6.455361,0.51814,-8.559328,2.410178,-0.0518086089,-0.0568883684,0.0002745701
6.45641,0.275562,-10.44368,2.33092,-0.0507443838,-0.0515672427,-0.0146245821
6.45746,0.174688,-11.413391,2.071529,-0.0294598807,-0.0600810439,-0.021009933
6.458508,-0.058283,-10.153964,1.567159,0.0024668739,-0.0717875206,-0.021009933
6.459528,-0.32728,-8.102007,0.861041,0.0131091254,-0.1015858249,-0.0178172575
6.460575,0.114644,-8.058909,-0.359054,-0.0049827022,-0.1186134273,-0.0114319066
6.461624,0.796745,-10.319174,-1.252509,-0.0220103046,-0.0739159709,0.0013387952
6.462674,0.861592,-10.838748,-1.886575,-0.0273314304,0.0165431672,0.0119810468
6.463691,0.321196,-9.502701,-1.93461,-0.0220103046,0.0718828752,0.006659921
6.464741,-0.298459,-10.048613,-1.574346,0.0014026488,0.0612406236,-0.0007896551
6.46579,-0.665929,-11.185928,-1.696835,0.0333294034,0.0356992199,0.0034672456
6.466839,-0.730776,-9.873825,-1.665612,0.0535496813,0.0388918954,0.0119810468
6.467856,-0.456975,-7.663841,-1.588756,0.037586304,0.0718828752,0.0173021725
6.468908,-0.279245,-7.929614,-1.101198,0.00991645,0.1133876562,0.0247517486
6.469955,-0.70916,-10.632834,-0.507963,-0.0017900267,0.1325437089,0.0332655499
6.471004,-1.360038,-11.906627,0.263003,0.0024668739,0.0995527292,0.0247517486
6.472054,-1.429689,-10.453258,1.053182,0.0088522248,0.0197358426,-0.0018538802
6.473071,-0.853266,-9.224957,1.358206,0.0067237745,-0.0505030175,-0.0188814827
6.47412,-0.543439,-9.840304,2.26367,0.0088522248,-0.0760444212,-0.0103676814
6.47517,-0.471386,-10.189879,2.532668,0.0003384236,-0.0792370967,0.0055956959
6.476219,0.100234,-8.90172,2.496641,-0.0230745298,-0.0717875206,0.0087883713
6.477237,0.443686,-8.930452,2.700791,-0.0337167813,-0.0600810439,-0.0061107808
6.478286,0.064207,-11.21466,2.292492,-0.0209460795,-0.074980196,-0.0199457078
6.479335,-0.135139,-9.263266,1.411045,-0.0113680531,-0.0920077985,-0.0156888072
6.480385,-0.00064,-7.563279,0.284618,-0.0188176292,-0.109035401,-0.0167530324
6.481405,0.616612,-8.91848,-0.630453,-0.0347810065,-0.0994573746,-0.0103676814
6.482451,0.984082,-11.073394,-1.557533,-0.0411663574,-0.0366680905,0.0045314707
6.48455,0.035386,-9.706221,-1.838539,-0.0028542519,0.0676259745,-0.0007896551
6.483501,0.712683,-10.623256,-2.035484,-0.0294598807,0.0442130212,0.0098525965
6.485567,-0.339289,-10.017486,-1.941815,0.0280082776,0.0399561205,-0.0061107808
6.486617,-0.437761,-10.137204,-2.47981,0.0482285555,0.0388918954,0.0002745701
6.487666,-0.543439,-9.157915,-2.059501,0.0450358801,0.0740113255,0.0130452719
6.488715,-0.437761,-8.001445,-1.557533,0.0226871518,0.1048738549,0.0247517486
6.489765,-0.54584,-9.160309,-1.098797,0.0067237745,0.1133876562,0.0311370995
6.490783,-1.093442,-11.600151,-0.099664,0.00991645,0.0963600537,0.0322013247
6.491831,-1.424885,-11.341561,0.49117,0.0194944764,0.0474056966,0.0183663977
6.492881,-1.153486,-9.179464,0.856238,0.0152375758,-0.0175120377,-0.0050465557
6.49393,-0.716366,-9.035803,1.848166,0.0088522248,-0.0622094942,-0.0103676814
6.494947,-0.485796,-10.572975,3.008217,0.0152375758,-0.0834939973,0.0045314707
6.495997,-0.053479,-10.285653,2.650354,-0.0007258016,-0.0824297721,0.0141094971
6.497046,0.4629,-8.671862,2.465418,-0.0337167813,-0.0568883684,0.0045314707
6.498096,0.268357,-9.299182,3.125903,-0.0422305825,-0.0462461169,-0.0124961318
6.499113,-0.048676,-11.15959,2.724809,-0.0337167813,-0.0622094942,-0.0231383833
6.500162,0.121849,-10.716636,2.030699,-0.0166891789,-0.0696590703,-0.0231383833
6.501212,0.150671,-8.434822,1.206895,-0.0081753776,-0.0685948451,-0.0178172575
6.502261,0.205911,-7.920037,-0.080449,-0.0220103046,-0.0760444212,-0.0114319066
6.50331,0.534953,-10.079739,-1.134823,-0.0326525562,-0.0558241433,0.0002745701
6.504327,0.54456,-11.147619,-1.615175,-0.0273314304,0.0048366905,0.0055956959
6.505377,-0.262432,-9.495518,-1.747272,0.0173660261,0.0133504917,-0.0135603569
6.506426,-0.452172,-10.084528,-2.03068,0.0365220788,-0.0164478126,-0.007175006
6.507475,-0.519421,-9.476363,-2.364525,0.0397147543,0.0005797899,0.0087883713
6.508492,-0.517019,-8.523413,-1.917797,0.0194944764,0.0420845709,0.0236875235
6.509542,-0.468984,-9.203408,-1.44465,-0.0017900267,0.0772040009,0.0311370995
6.510591,-0.74999,-10.857902,-1.120412,-0.003918477,0.0995527292,0.0268801989
6.511641,-1.28078,-11.274519,-0.097262,0.0088522248,0.0921031531,0.0141094971
6.512658,-1.319208,-10.182696,0.54641,0.0216229267,0.0474056966,0.0002745701
6.513707,-0.77641,-8.887354,0.829818,0.0194944764,0.0112220414,-0.007175006
6.514757,-0.610688,-9.263266,2.170002,0.0184302512,-0.012190912,-0.0018538802
6.515806,-0.553046,-10.651988,3.1211,0.0216229267,-0.0494387924,0.0098525965
6.516855,0.249143,-10.228189,2.647952,0.0035310991,-0.0654021697,0.0077241462
6.517873,0.549363,-9.272844,2.854504,-0.0252029801,-0.0526314678,-0.007175006
6.518922,0.097832,-9.766079,3.195554,-0.0443590329,-0.0558241433,-0.0199457078
6.519971,0.066609,-10.465229,2.585507,-0.0411663574,-0.0643379445,-0.0231383833
6.521023,0.088225,-9.857065,2.054717,-0.0305241059,-0.0590168187,-0.0188814827
6.522038,0.155474,-8.628764,0.942701,-0.0337167813,-0.0632737194,-0.0135603569
6.523087,0.508533,-8.743693,-0.246171,-0.0422305825,-0.06753062,-0.0103676814
6.524136,0.602202,-10.027063,-1.132421,-0.0390379071,-0.0451818917,-0.0039823305
6.525186,0.398052,-10.886635,-1.910592,-0.0252029801,0.0005797899,0.0002745701
6.526203,0.035386,-10.37185,-1.725657,0.0035310991,0.0282496439,0.0013387952
6.527252,-0.291254,-9.497912,-1.953824,0.0343936285,0.0122862666,-0.0039823305
6.528302,-0.308066,-9.624813,-2.659942,0.0418432046,-0.0004844353,-0.0029181054
6.529351,-0.228808,-9.46918,-2.676754,0.0333294034,0.0410203457,0.0109168216
6.530402,-0.632304,-9.148338,-1.735264,-0.003918477,0.1250941328,0.0247517486
6.531417,-1.153486,-11.128464,-0.757746,0.00991645,0.1101949807,0.0194306229
6.532467,-1.547375,-11.492405,0.202958,0.0407789794,0.0548552727,0.0087883713
6.533516,-1.167897,-9.620024,0.479161,0.051421231,-0.012190912,0.0002745701
