Time (s), Acceleration X (m/s^2), Acceleration Y (m/s^2), Acceleration Z (m/s^2), Gyro X (rad/s), Gyro Y (rad/s), Gyro Z (rad/s)
0.000232,-0.216799,-9.806783,0.207762,0.0131091254,0.001644015,-0.0401659857
0.00064,-0.216799,-9.806783,0.207762,0.0131091254,0.001644015,-0.0401659857
0.001656,-0.209594,-9.801995,0.212566,0.0131091254,0.001644015,-0.0401659857
0.002706,-0.209594,-9.801995,0.217369,0.0152375758,0.0027082402,-0.0401659857
0.003758,-0.209594,-9.794812,0.219771,0.0152375758,0.0027082402,-0.0412302109
0.004773,-0.202388,-9.780446,0.222173,0.0131091254,0.0027082402,-0.0412302109
0.005823,-0.197585,-9.775657,0.224574,0.0131091254,0.0027082402,-0.0401659857
0.006872,-0.209594,-9.790023,0.202958,0.00991645,0.0027082402,-0.0391017606
0.007922,-0.211995,-9.797206,0.212566,0.0088522248,0.0027082402,-0.0391017606
0.008971,-0.20479,-9.797206,0.212566,0.0077879997,0.0037724653,-0.0401659857
0.009989,-0.20479,-9.794812,0.210164,0.0077879997,0.0027082402,-0.0401659857
0.011039,-0.211995,-9.792417,0.214967,0.0077879997,0.0027082402,-0.0380375354
0.012088,-0.211995,-9.787629,0.219771,0.0067237745,0.0037724653,-0.0380375354
0.01314,-0.202388,-9.78284,0.222173,0.0067237745,0.0037724653,-0.0391017606
0.014156,-0.20479,-9.778051,0.226976,0.0067237745,0.0037724653,-0.0401659857
0.015205,-0.216799,-9.785234,0.23178,0.0056595494,0.0037724653,-0.0401659857
0.016257,-0.219201,-9.787629,0.238985,0.0045953242,0.0037724653,-0.0391017606
0.017304,-0.211995,-9.790023,0.241387,0.0045953242,0.0027082402,-0.0391017606
0.018322,-0.207192,-9.792417,0.226976,0.0035310991,0.0037724653,-0.0401659857
0.019372,-0.209594,-9.780446,0.210164,0.0035310991,0.0048366905,-0.0391017606
0.020421,-0.209594,-9.770868,0.212566,0.0045953242,0.0048366905,-0.0369733103
0.02147,-0.209594,-9.785234,0.207762,0.0035310991,0.0048366905,-0.0380375354
0.022489,-0.219201,-9.790023,0.200557,0.0014026488,0.0048366905,-0.0380375354
0.023538,-0.228808,-9.773263,0.212566,0.0014026488,0.0048366905,-0.0391017606
0.024588,-0.228808,-9.770868,0.229378,0.0014026488,0.0048366905,-0.0391017606
0.02564,-0.219201,-9.780446,0.226976,0.0003384236,0.0059009156,-0.0401659857
0.026687,-0.209594,-9.778051,0.219771,-0.0007258016,0.0048366905,-0.0401659857
0.027705,-0.199987,-9.785234,0.224574,-0.0017900267,0.0037724653,-0.0391017606
0.028757,-0.197585,-9.794812,0.238985,-0.0028542519,0.0037724653,-0.0391017606
0.029804,-0.20479,-9.794812,0.238985,-0.003918477,0.0037724653,-0.0401659857
0.030853,-0.219201,-9.78284,0.214967,-0.0049827022,0.0048366905,-0.0412302109
0.031871,-0.219201,-9.778051,0.202958,-0.0060469273,0.0059009156,-0.0412302109
0.032921,-0.216799,-9.78284,0.212566,-0.0049827022,0.0069651408,-0.0391017606
0.03397,-0.214397,-9.780446,0.224574,-0.0060469273,0.0059009156,-0.0401659857
0.03502,-0.20479,-9.778051,0.229378,-0.0060469273,0.0048366905,-0.0391017606
0.036038,-0.20479,-9.770868,0.222173,-0.0060469273,0.0048366905,-0.0391017606
0.037087,-0.211995,-9.758896,0.219771,-0.0081753776,0.0048366905,-0.0391017606
0.038139,-0.209594,-9.763685,0.222173,-0.0092396028,0.0048366905,-0.0380375354
0.039186,-0.209594,-9.778051,0.214967,-0.0092396028,0.0059009156,-0.0369733103
0.040236,-0.209594,-9.778051,0.20536,-0.0092396028,0.0048366905,-0.0369733103
0.041256,-0.214397,-9.78284,0.20536,-0.0092396028,0.0059009156,-0.0380375354
0.042303,-0.221603,-9.794812,0.207762,-0.0103038279,0.0059009156,-0.0369733103
0.043353,-0.216799,-9.790023,0.212566,-0.0113680531,0.0048366905,-0.0380375354
0.044402,-0.211995,-9.778051,0.219771,-0.0124322782,0.0059009156,-0.0391017606
0.04542,-0.209594,-9.766079,0.219771,-0.0124322782,0.0059009156,-0.0380375354
0.04647,-0.20479,-9.761291,0.219771,-0.0134965034,0.0048366905,-0.0369733103
0.047519,-0.197585,-9.768474,0.224574,-0.0145607286,0.0059009156,-0.0369733103
0.048569,-0.202388,-9.768474,0.226976,-0.0134965034,0.0059009156,-0.0391017606
0.049586,-0.209594,-9.763685,0.224574,-0.0134965034,0.0059009156,-0.0380375354
0.050639,-0.211995,-9.775657,0.219771,-0.0156249537,0.0059009156,-0.0369733103
0.051686,-0.224004,-9.790023,0.214967,-0.0166891789,0.0059009156,-0.0380375354
0.052735,-0.219201,-9.792417,0.212566,-0.017753404,0.0069651408,-0.0380375354
0.053785,-0.202388,-9.785234,0.212566,-0.0188176292,0.0069651408,-0.0380375354
0.054802,-0.207192,-9.790023,0.207762,-0.0188176292,0.0080293659,-0.0380375354
0.055852,-0.216799,-9.801995,0.20536,-0.017753404,0.0069651408,-0.0380375354
0.056901,-0.211995,-9.801995,0.212566,-0.017753404,0.0048366905,-0.0380375354
0.057951,-0.20479,-9.794812,0.212566,-0.0188176292,0.0069651408,-0.0380375354
0.058969,-0.20479,-9.792417,0.238985,-0.0188176292,0.0059009156,-0.0391017606
0.060018,-0.202388,-9.790023,0.229378,-0.0198818543,0.0048366905,-0.0380375354
0.061068,-0.202388,-9.801995,0.212566,-0.0209460795,0.0080293659,-0.0380375354
0.062117,-0.202388,-9.813966,0.20536,-0.0220103046,0.0080293659,-0.0380375354
0.063138,-0.197585,-9.813966,0.202958,-0.0220103046,0.0059009156,-0.0380375354
0.064185,-0.195183,-9.7996,0.198155,-0.0220103046,0.0059009156,-0.0380375354
0.065234,-0.197585,-9.785234,0.202958,-0.0220103046,0.0080293659,-0.0380375354
0.066284,-0.202388,-9.787629,0.212566,-0.0230745298,0.0069651408,-0.0369733103
0.067333,-0.202388,-9.792417,0.224574,-0.0230745298,0.0059009156,-0.0369733103
0.068351,-0.202388,-9.794812,0.229378,-0.0230745298,0.0059009156,-0.0359090851
0.069401,-0.211995,-9.797206,0.224574,-0.0241387549,0.0059009156,-0.0359090851
0.07045,-0.211995,-9.794812,0.226976,-0.0241387549,0.0059009156,-0.0369733103
0.0715,-0.202388,-9.787629,0.243788,-0.0252029801,0.0059009156,-0.0380375354
0.072518,-0.199987,-9.790023,0.238985,-0.0262672052,0.0069651408,-0.0369733103
0.073567,-0.202388,-9.794812,0.219771,-0.0273314304,0.0080293659,-0.0359090851
0.074617,-0.20479,-9.792417,0.20536,-0.0283956555,0.0069651408,-0.0359090851
0.075666,-0.211995,-9.806783,0.195753,-0.0283956555,0.0069651408,-0.0369733103
0.076684,-0.197585,-9.845093,0.229378,-0.0273314304,0.0069651408,-0.0359090851
0.077733,-0.192781,-9.861853,0.289422,-0.0252029801,0.0059009156,-0.0359090851
0.078783,-0.185576,-9.794812,0.24619,-0.0262672052,0.0059009156,-0.0337806348
0.079833,-0.151951,-9.7996,0.207762,-0.0273314304,0.0101578162,-0.0337806348
0.080884,-0.048676,-9.636785,0.193351,-0.0262672052,0.0261211936,-0.0359090851
0.0819,0.088225,-9.167492,0.066058,-0.0283956555,0.0505983721,-0.0359090851
0.082949,-0.060684,-8.827495,-0.183725,-0.0337167813,0.0729471003,-0.0327164097
0.083999,-0.77641,-9.801995,-0.995521,-0.0188176292,0.112323431,-0.0359090851
0.085048,-1.119862,-10.975226,-1.024342,0.0056595494,0.112323431,-0.0465513367
0.086066,-1.021389,-10.673538,-1.254911,0.0258798273,0.098488504,-0.0561293631
0.087115,-0.898899,-9.969599,-1.041154,0.0407789794,0.084653577,-0.0603862637
0.088165,-0.721169,-9.471575,-0.541588,0.0439716549,0.0676259745,-0.0550651379
0.089215,-0.224004,-9.124394,-0.114074,0.0386505291,0.0516625972,-0.0454871115
0.090233,-0.0823,-10.137204,0.459947,0.0333294034,0.0474056966,-0.0337806348
0.091282,-0.192781,-11.106915,-0.066039,0.0109806751,0.0654975242,-0.0305879594
0.092331,-0.091907,-11.559447,-0.880236,-0.0113680531,0.1325437089,-0.0508082373
0.093383,0.011368,-12.102964,-0.419098,0.0067237745,0.2528011513,-0.0752854158
0.094399,-0.091907,-10.15157,-0.190931,0.0290725027,0.3432602893,-0.0806065416
0.095448,-0.521823,-7.821868,0.267806,0.023751377,0.2889848065,-0.0699642901
0.096498,-0.497805,-8.05412,1.221306,0.0173660261,0.1485070862,-0.0444228864
0.097547,0.251545,-8.425244,0.452742,0.0194944764,0.1016811795,-0.0103676814
0.098597,0.234732,-8.73651,0.435929,0.0205587015,0.1655346887,0.0119810468
0.099614,-0.91331,-10.118049,1.860174,0.0173660261,0.1740484899,0.0098525965
0.100664,-1.348029,-11.427757,1.33659,-0.0060469273,0.0612406236,-0.0135603569
0.101714,-0.27204,-10.572975,0.378287,-0.031588331,-0.0377323157,-0.0465513367
0.102765,0.736701,-9.160309,0.049246,-0.0262672052,-0.0100624617,-0.0720927404
0.103781,0.830369,-10.82917,0.010818,-0.0156249537,0.0772040009,-0.0689000649
0.10483,0.895217,-12.531552,0.092477,-0.0049827022,0.1410575101,-0.0465513367
0.105882,1.06334,-10.118049,-0.121279,0.0194944764,0.1932045427,-0.0380375354
0.106929,0.619014,-7.24483,0.507982,0.0343936285,0.2410946746,-0.0454871115
0.107947,-0.305664,-8.425244,1.571963,0.0343936285,0.2379019991,-0.0412302109
0.108997,-1.055014,-10.517905,2.22284,0.037586304,0.1751127151,-0.0178172575
0.110046,-1.112656,-9.378195,1.600784,0.0258798273,0.0942316034,-0.0007896551
0.111095,-0.159157,-8.485103,-0.250975,-0.0784142378,0.0825251267,-0.0380375354
0.112145,-0.802829,-11.37987,0.054049,-0.1220474691,0.1506355365,-0.048679787
0.113163,-1.11746,-11.116492,0.575232,-0.1316254955,0.1804338408,-0.0465513367
0.114212,-0.838855,-8.801157,0.704927,-0.1082125421,0.1729842648,-0.0444228864
0.115264,-0.279245,-8.212147,0.692918,-0.0826711384,0.167663139,-0.0444228864
0.116311,0.268357,-9.531433,0.743355,-0.0624508605,0.1634062384,-0.0454871115
0.117329,0.412463,-10.637622,0.976326,-0.0486159335,0.1463786359,-0.0401659857
0.118381,0.424471,-10.359878,1.096414,-0.0411663574,0.1272225831,-0.0295237342
0.119428,0.371633,-9.981571,0.637677,-0.045423258,0.126158358,-0.0231383833
0.120478,-0.096711,-10.541848,0.534402,-0.059258185,0.1442501856,-0.0242026084
0.121495,-0.555447,-10.527482,0.760167,-0.073093112,0.1580851126,-0.0273952839
0.122545,-0.581867,-9.830727,0.435929,-0.0709646617,0.1612777881,-0.0359090851
0.123594,-0.425752,-9.06693,0.279815,-0.0635150856,0.1623420132,-0.0497440121
0.124644,-0.216799,-8.679045,0.152521,-0.0613866353,0.1665989138,-0.0529366876
0.125693,0.035386,-10.264104,-0.140494,-0.0496801586,0.1878834169,-0.0412302109
0.126711,0.261152,-11.408603,-0.457526,-0.0379736819,0.2261955224,-0.0252668336
0.127763,0.484516,-9.141155,-0.856219,-0.0496801586,0.2602507274,-0.0220741581
0.12881,0.306785,-7.297506,-0.714515,-0.0720288868,0.2762141047,-0.03484486
0.132976,-0.625099,-9.117211,0.20536,-0.0709646617,0.1378648347,-0.0337806348
0.130877,-0.891694,-11.681558,0.315841,-0.0837353635,0.2357735488,-0.0391017606
0.131927,-0.701955,-10.735791,0.426322,-0.0752215623,0.1878834169,-0.0337806348
0.12986,-0.447368,-9.34228,-0.243769,-0.0847995887,0.2687645286,-0.0433586612
0.134026,-0.665929,-9.426082,0.411912,-0.0688362114,0.0995527292,-0.0316521845
0.135044,-0.44977,-10.221006,0.359073,-0.0550012844,0.0899747028,-0.0295237342
0.136093,-0.31287,-10.596918,0.519991,-0.0347810065,0.1048738549,-0.0337806348
0.137143,-0.089506,-8.702989,0.731346,-0.0390379071,0.1442501856,-0.0529366876
0.138192,-0.214397,-9.301576,1.290957,-0.0464874832,0.1346721592,-0.0529366876
0.139241,-0.096711,-9.828333,1.151655,-0.0518086089,0.112323431,-0.0401659857
0.140262,0.073814,-9.258478,0.24619,-0.0635150856,0.1070023052,-0.0369733103
0.141309,-0.32728,-9.96481,0.08287,-0.0784142378,0.1091307555,-0.0444228864
0.142358,-0.512216,-10.410159,-0.224555,-0.0943776151,0.1048738549,-0.0508082373
0.143408,-0.322477,-9.586503,-0.277394,-0.100762966,0.0974242788,-0.0529366876
0.144425,-0.356101,-9.890586,-0.05403,-0.0954418402,0.0782682261,-0.0518724624
0.145475,-0.166362,-10.340723,-0.044423,-0.0901207145,0.0601763985,-0.0476155618
0.146524,0.265955,-9.442842,0.162129,-0.0784142378,0.0644332991,-0.0444228864
0.147574,0.412463,-9.291998,0.414314,-0.0720288868,0.0772040009,-0.0401659857
0.148592,0.47731,-9.998331,0.813006,-0.0762857875,0.084653577,-0.0295237342
0.149641,0.491721,-9.713404,0.925889,-0.0773500126,0.0899747028,-0.0220741581
0.15069,0.268357,-8.731721,0.945103,-0.0847995887,0.0889104776,-0.021009933
0.15174,0.016172,-8.896931,1.106021,-0.0965060654,0.0814609015,-0.021009933
0.15276,-0.079899,-10.381427,0.906675,-0.0954418402,0.0803966764,-0.0188814827
0.153807,-0.039069,-10.81241,0.443135,-0.086928039,0.0963600537,-0.0178172575
0.154856,-0.031863,-9.902557,-0.159708,-0.0858638138,0.126158358,-0.0220741581
0.155906,-0.192781,-9.749319,-0.447919,-0.0847995887,0.1559566623,-0.0263310588
0.156955,-0.50501,-10.477201,-0.474338,-0.0699004365,0.1665989138,-0.0242026084
0.157973,-0.577063,-10.381427,-0.644864,-0.0518086089,0.1463786359,-0.0220741581
0.159023,-0.310468,-9.445237,-0.664078,-0.0347810065,0.1048738549,-0.0252668336
0.160072,-0.0823,-9.380589,-0.565605,-0.017753404,0.0633690739,-0.0273952839
0.161121,0.191501,-10.089317,-0.551195,-0.0113680531,0.0261211936,-0.0263310588
0.162141,0.407659,-10.285653,-0.736131,-0.0166891789,0.0048366905,-0.0188814827
0.163188,0.412463,-9.016648,-0.928271,-0.0443590329,0.0090935911,-0.0135603569
0.164238,0.376436,-9.780446,-0.808183,-0.0560655095,0.0144147169,-0.0146245821
0.165287,-0.036667,-11.389448,-0.546391,-0.0432948077,0.0176073923,-0.007175006
0.166305,-0.228808,-10.932127,-0.714515,-0.0220103046,0.0208000678,-0.0050465557
0.167355,-0.003042,-8.963973,-0.551195,-0.0028542519,0.0314423193,-0.0167530324
0.168404,-0.202388,-9.19383,0.277413,0.0163018009,0.0335707696,-0.0199457078
0.169453,-0.634706,-10.850719,0.62807,0.0333294034,0.0112220414,-0.0093034563
0.170503,-0.394529,-10.180302,0.659293,0.0365220788,-0.0196404881,-0.0039823305
0.171521,-0.017453,-8.221725,0.91388,0.0248156021,-0.0356038654,-0.0093034563
0.17257,-0.346494,-9.08369,1.466285,0.0152375758,-0.0462461169,-0.0124961318
0.17362,-0.495403,-11.039873,1.641614,0.00991645,-0.0568883684,-0.0135603569
0.174669,0.097832,-9.878614,0.933094,-0.0028542519,-0.0387965408,-0.021009933
0.175687,-0.012649,-8.952001,0.476759,-0.0103038279,0.0048366905,-0.0305879594
0.176736,-0.747588,-10.848325,0.474358,-0.0134965034,0.0303780942,-0.0337806348
0.177786,-0.610688,-11.035084,0.421519,-0.0156249537,0.0239927432,-0.0316521845
0.178835,-0.276843,-9.265661,0.258199,-0.0007258016,0.0059009156,-0.0305879594
0.179853,-0.459377,-9.691855,0.054049,0.0163018009,-0.0153835874,-0.0252668336
0.180902,-0.322477,-10.517905,0.234181,0.0184302512,-0.026025839,-0.0178172575
0.181952,-0.0823,-9.076507,0.28702,0.0131091254,-0.0313469647,-0.0199457078
0.183001,-0.305664,-8.887354,0.118897,0.0024668739,-0.0526314678,-0.0252668336
0.18405,-0.322477,-10.300019,0.171736,-0.0071111525,-0.0643379445,-0.0220741581
0.185068,-0.175969,-9.313548,0.126102,-0.0092396028,-0.0462461169,-0.0199457078
0.186117,-0.610688,-8.71496,0.20536,-0.0113680531,-0.0366680905,-0.0263310588
0.187167,-0.951738,-11.018324,0.390296,-0.0166891789,-0.0494387924,-0.0305879594
0.188217,-0.663527,-8.870593,0.359073,-0.0124322782,-0.039860766,-0.0422944361
0.189234,-1.11746,-10.297625,0.623267,-0.0134965034,-0.0579525936,-0.048679787
0.190283,-0.716366,-10.948888,0.880255,-0.0145607286,-0.0771086464,-0.0454871115
0.191333,-0.255227,-8.468343,0.517589,-0.0092396028,-0.0717875206,-0.0454871115
0.192385,-0.649116,-9.189041,0.822613,-0.0049827022,-0.0803013218,-0.0508082373
0.1934,-0.596277,-10.458046,1.09161,-0.0092396028,-0.1079711758,-0.0476155618
0.19445,0.061805,-8.75327,0.10929,-0.0156249537,-0.1047785003,-0.0476155618
0.195499,-0.048676,-9.050169,0.24619,-0.0156249537,-0.0834939973,-0.0582578134
0.196548,-0.305664,-9.94805,0.193351,-0.0156249537,-0.0739159709,-0.0582578134
0.197598,-0.228808,-10.357484,-0.347045,-0.0134965034,-0.0632737194,-0.0582578134
0.198616,-0.332084,-11.370293,0.270208,-0.0017900267,-0.0515672427,-0.0614504888
0.199665,-0.132737,-9.849882,-0.123681,-0.0007258016,-0.0441176666,-0.0582578134
0.200715,-0.039069,-8.73651,-0.104467,0.0014026488,-0.0430534414,-0.0593220385
0.201766,-0.115925,-10.084528,0.519991,0.0045953242,-0.0515672427,-0.0571935882
0.202782,0.388445,-9.622419,0.030032,-0.003918477,-0.0451818917,-0.0497440121
0.203831,0.417266,-8.248062,0.24619,0.0003384236,-0.0334754151,-0.0476155618
0.204883,-0.096711,-9.268055,0.200557,0.0067237745,-0.0462461169,-0.048679787
0.20593,0.018574,-10.474807,-0.162109,0.0088522248,-0.061145269,-0.0476155618
0.207997,-0.310468,-9.526645,-0.383071,0.0258798273,-0.06753062,-0.0561293631
0.209047,-0.255227,-9.938473,-0.267787,0.0194944764,-0.0685948451,-0.0571935882
0.206948,0.028181,-9.878614,-0.082851,0.0216229267,-0.061145269,-0.0497440121
0.210096,-0.187978,-10.079739,0.075665,0.023751377,-0.061145269,-0.0518724624
0.211146,-0.27204,-10.053401,0.222173,0.0333294034,-0.0654021697,-0.0454871115
0.212164,-0.039069,-9.229745,0.1237,0.0333294034,-0.0771086464,-0.0433586612
0.213213,0.071412,-8.913691,0.087674,0.0354578537,-0.0866866727,-0.0454871115
0.214265,-0.091907,-10.062979,-0.383071,0.0365220788,-0.116484977,-0.0412302109
0.218429,-0.034265,-9.87622,-0.539186,0.037586304,-0.1356410298,-0.0359090851
0.219478,-0.293655,-9.545799,-0.106869,0.0524854561,-0.1324483543,-0.0422944361
0.21633,-0.348896,-9.622419,-0.306215,0.0354578537,-0.122870328,-0.0391017606
0.217381,-0.346494,-10.81241,-0.474338,0.0343936285,-0.1377694801,-0.0337806348
0.220496,-0.305664,-10.060584,0.006014,0.0556781316,-0.1494759568,-0.0444228864
0.221545,-0.039069,-9.976782,0.200557,0.058870807,-0.1558613077,-0.0412302109
0.215312,0.076216,-8.49468,-0.652069,0.0333294034,-0.116484977,-0.0422944361
0.222595,-0.226406,-9.615236,0.683311,0.0673846083,-0.1547970826,-0.0369733103
0.223644,-0.240817,-9.17707,0.659293,0.058870807,-0.1771458108,-0.0369733103
0.224662,-0.010247,-9.423688,0.623267,0.0439716549,-0.1984303139,-0.0391017606
0.225711,-0.00064,-9.983965,0.87305,0.0397147543,-0.1973660887,-0.0369733103
0.226763,0.037788,-9.622419,0.414314,0.0386505291,-0.1877880623,-0.0380375354
0.22781,0.162679,-9.473969,0.08287,0.0333294034,-0.1803384863,-0.0433586612
0.228859,0.165081,-9.897769,0.306234,0.0365220788,-0.1686320096,-0.0422944361
0.229877,0.131456,-9.687066,0.032433,0.0482285555,-0.150540182,-0.0327164097
0.230926,-0.060684,-9.56256,0.008416,0.0620634825,-0.1409621556,-0.0263310588
0.231976,-0.219201,-9.852276,0.279815,0.0748341844,-0.1452190562,-0.0252668336
0.233025,-0.0823,-9.739742,0.193351,0.0780268598,-0.1430906059,-0.0263310588
0.234043,-0.317673,-9.871431,0.385492,0.0801553101,-0.1324483543,-0.0263310588
0.235093,-0.58667,-10.118049,0.479161,0.0705772837,-0.1388337053,-0.0263310588
0.236142,-0.236013,-9.543405,0.267806,0.0535496813,-0.1462832813,-0.0305879594
0.237191,-0.248022,-9.112422,0.294225,0.0450358801,-0.1324483543,-0.0295237342
0.238209,-0.754794,-9.816361,0.426322,0.0407789794,-0.130319904,-0.0252668336
0.239261,-0.581867,-10.177907,0.263003,0.0407789794,-0.1452190562,-0.0295237342
0.240308,-0.620295,-9.63439,0.455144,0.0556781316,-0.1324483543,-0.0380375354
0.241357,-0.764401,-10.436497,0.476759,0.0556781316,-0.150540182,-0.0369733103
0.242407,-0.365708,-10.094105,0.666499,0.0503570058,-0.1654393341,-0.0401659857
0.243424,-0.454573,-9.603264,1.000344,0.0450358801,-0.1707604599,-0.0412302109
0.244474,-0.553046,-10.022275,1.053182,0.0312009531,-0.1888522875,-0.0422944361
0.245523,-0.113523,-10.118049,1.055584,0.0194944764,-0.2016229893,-0.0444228864
0.246573,0.061805,-9.801995,0.935496,0.0152375758,-0.1899165126,-0.0444228864
0.247591,-0.132737,-9.706221,0.925889,0.0141733506,-0.1750173605,-0.0422944361
0.248642,-0.156755,-9.572137,0.54641,0.0109806751,-0.1686320096,-0.0444228864
0.249689,-0.281647,-9.981571,0.342261,0.0109806751,-0.1590539832,-0.0454871115
0.250739,-0.54584,-10.307202,0.527196,0.0184302512,-0.1516044071,-0.0454871115
0.251759,-0.473788,-9.682277,0.28702,0.0226871518,-0.1537328574,-0.048679787
0.252806,-0.420949,-9.957627,0.380689,0.0226871518,-0.1547970826,-0.0508082373
0.253855,-0.40894,-10.256921,0.553616,0.0226871518,-0.1462832813,-0.0465513367
0.254905,-0.228808,-9.289604,0.178941,0.0173660261,-0.1345768047,-0.0454871115
0.255954,-0.346494,-9.543405,0.193351,0.0131091254,-0.1260630034,-0.0476155618
0.256972,-0.432958,-10.616073,0.255797,0.00991645,-0.1207418777,-0.0454871115
0.258021,-0.130336,-9.967205,-0.335036,0.0077879997,-0.1079711758,-0.0476155618
0.259071,-0.120729,-9.41411,-0.452723,0.0141733506,-0.0930720237,-0.0540009127
0.26012,-0.27204,-10.230583,-0.301412,0.023751377,-0.0898793482,-0.0529366876
0.26114,0.006565,-9.991148,-0.72172,0.0322651782,-0.088815123,-0.0476155618
0.262187,0.018574,-9.438054,-0.568007,0.0407789794,-0.0898793482,-0.0454871115
0.263237,-0.279245,-10.010303,-0.157306,0.0503570058,-0.1079711758,-0.0433586612
0.264286,-0.070292,-10.00312,-0.356652,0.0482285555,-0.1249987783,-0.0401659857
0.265304,-0.003042,-9.703826,0.102084,0.0461001052,-0.1335125795,-0.0380375354
0.266353,-0.135139,-10.280864,0.27261,0.0365220788,-0.1675677844,-0.0327164097
0.267402,-0.113523,-9.938473,0.421519,0.0226871518,-0.1696962347,-0.0369733103
0.268452,-0.348896,-9.883403,0.577633,0.0173660261,-0.1675677844,-0.0369733103
0.269501,-0.221603,-9.564954,0.303832,0.0131091254,-0.1686320096,-0.0391017606
0.270519,-0.065488,-9.421293,0.296627,0.0120449003,-0.1771458108,-0.0369733103
0.271568,-0.065488,-9.916923,0.556018,0.0290725027,-0.1909807378,-0.0284595091
0.272618,-0.015051,-10.120443,0.433528,0.0461001052,-0.2090725654,-0.0273952839
0.273668,0.0546,-10.197062,0.512786,0.0418432046,-0.2388708697,-0.0316521845
0.274685,0.143465,-10.529877,1.03637,0.0322651782,-0.2612195979,-0.0284595091
0.275734,0.21792,-10.197062,0.829818,0.023751377,-0.2558984722,-0.0242026084
0.276784,0.282768,-9.442842,0.495973,0.0035310991,-0.2346139691,-0.0252668336
0.277833,0.347615,-9.241717,0.596847,-0.0103038279,-0.2101367906,-0.0242026084
0.278851,0.222723,-9.564954,0.241387,-0.0049827022,-0.1899165126,-0.0199457078
0.279901,-0.084702,-10.230583,0.154923,0.0067237745,-0.1941734133,-0.0199457078
0.28095,-0.180773,-10.367061,0.1237,0.0184302512,-0.2218432673,-0.0252668336
0.281999,-0.151951,-9.505095,-0.318224,0.023751377,-0.2463204458,-0.0273952839
0.283017,-0.509814,-9.56256,0.018023,0.0269440524,-0.268669174,-0.0231383833
0.284067,-0.637107,-10.192274,0.126102,0.0216229267,-0.2867610016,-0.0146245821
0.285116,-0.159157,-9.478758,-0.200538,0.0045953242,-0.2793114255,-0.0156888072
0.286165,-0.120729,-9.093268,-0.0132,-0.0060469273,-0.2505773464,-0.0231383833
0.287215,-0.507412,-9.96481,0.1237,-0.0092396028,-0.2261001679,-0.0263310588
0.288233,-0.661125,-10.197062,0.04204,-0.0017900267,-0.2165221415,-0.0284595091
0.289282,-0.651518,-9.495518,-0.020405,0.0152375758,-0.2175863666,-0.0337806348
0.290331,-0.596277,-9.438054,0.130906,0.0301367279,-0.2250359427,-0.0369733103
0.291383,-0.356101,-9.756502,0.349466,0.0280082776,-0.2367424194,-0.0220741581
0.292398,0.044993,-9.150732,0.366278,0.0131091254,-0.2250359427,-0.0178172575
0.293448,0.186697,-9.569743,0.380689,-0.0060469273,-0.2026872145,-0.0167530324
0.294497,0.138662,-10.197062,0.623267,-0.0124322782,-0.1750173605,-0.0135603569
0.295547,0.27316,-9.790023,0.114093,-0.0049827022,-0.1398979304,-0.0156888072
0.296564,0.184295,-9.596081,-0.116476,0.0056595494,-0.1058427255,-0.0188814827
0.297613,-0.197585,-9.952839,0.058853,0.0226871518,-0.0941362488,-0.0146245821
0.298663,-0.185576,-9.701432,-0.507963,0.0386505291,-0.0994573746,-0.0082392311
0.299712,-0.125532,-9.742136,-0.371063,0.0471643304,-0.1069069507,-0.007175006
0.300764,-0.32728,-10.156358,-0.087655,0.0492927807,-0.1218061028,-0.0050465557
0.301779,-0.356101,-9.878614,-0.27259,0.0407789794,-0.1452190562,-0.0061107808
0.302829,-0.399333,-9.756502,0.258199,0.0333294034,-0.171824685,-0.0114319066
0.303878,-0.401735,-9.761291,0.229378,0.0248156021,-0.199494539,-0.0156888072
0.304928,-0.375315,-9.631996,-0.118878,0.0163018009,-0.2186505918,-0.0188814827
0.305946,-0.413744,-9.588898,0.10929,0.0173660261,-0.2292928433,-0.0231383833
0.306995,-0.24562,-9.409322,-0.320626,0.0216229267,-0.2399350949,-0.0295237342
0.308044,-0.173567,-9.538616,-0.404687,0.023751377,-0.2495131212,-0.0327164097
0.309094,-0.315271,-9.883403,-0.13569,0.0290725027,-0.2654764986,-0.0295237342
0.310112,-0.305664,-9.955233,-0.210145,0.0343936285,-0.2867610016,-0.0295237342
0.31116,-0.269638,-9.936078,0.238985,0.0301367279,-0.3016601538,-0.03484486
0.31221,-0.356101,-9.828333,0.649686,0.023751377,-0.3059170544,-0.0305879594
0.313262,-0.27204,-9.371012,0.637677,0.0152375758,-0.3016601538,-0.0252668336
0.314309,-0.072693,-9.054958,0.640079,0.0067237745,-0.2867610016,-0.0252668336
0.315326,-0.048676,-9.485941,0.755364,0.0035310991,-0.2633480482,-0.0220741581
0.316376,-0.197585,-10.072556,0.640079,0.0056595494,-0.2356781942,-0.021009933
0.317425,-0.303262,-9.971993,0.77698,0.0067237745,-0.2186505918,-0.0252668336
0.318474,-0.305664,-9.687066,1.187681,0.0024668739,-0.2154579163,-0.0220741581
0.319492,-0.250424,-9.502701,1.454277,-0.0028542519,-0.2165221415,-0.0135603569
0.320541,-0.017453,-9.509884,1.302966,-0.0124322782,-0.2143936912,-0.0114319066
0.321591,0.184295,-9.653545,0.909077,-0.0262672052,-0.1963018636,-0.0114319066
0.322642,0.0546,-9.751713,0.57283,-0.0369094568,-0.171824685,-0.0124961318
0.323658,-0.166362,-10.01988,0.092477,-0.0379736819,-0.1611824335,-0.0178172575
0.324707,-0.264834,-9.845093,-0.130886,-0.0283956555,-0.1622466586,-0.0252668336
0.325759,-0.4906,-9.648756,-0.181323,-0.0134965034,-0.1845953869,-0.0295237342
0.326806,-0.581867,-9.852276,-0.171716,-0.0017900267,-0.2282286182,-0.0284595091
0.327856,-0.392128,-9.57932,-0.159708,0.0035310991,-0.2697333992,-0.0252668336
0.328873,-0.442565,-9.555377,-0.255778,0.0014026488,-0.2952748029,-0.021009933
0.329922,-0.761999,-10.304808,-0.267787,-0.0092396028,-0.3123024053,-0.021009933
0.330972,-0.771606,-9.96481,-0.491151,-0.0220103046,-0.3176235311,-0.0305879594
0.332022,-0.692348,-9.217774,-0.740934,-0.031588331,-0.3037886041,-0.0465513367
0.333039,-0.99497,-9.94805,-0.166913,-0.0347810065,-0.2888894519,-0.0497440121
0.334089,-1.009381,-10.118049,0.08287,-0.0273314304,-0.2920821274,-0.0465513367
0.33514,-0.596277,-9.330308,-0.190931,-0.0209460795,-0.2974032532,-0.048679787
0.336187,-0.317673,-9.311153,0.488768,-0.0188176292,-0.2899536771,-0.048679787
0.337205,-0.053479,-9.538616,0.589642,-0.0209460795,-0.2729260746,-0.0412302109
0.338254,0.208313,-9.83791,0.431126,-0.031588331,-0.2484488961,-0.0316521845
0.339303,0.29958,-9.914529,0.89947,-0.0432948077,-0.2197148169,-0.0242026084
0.340352,0.467703,-9.687066,0.366278,-0.0528728341,-0.1845953869,-0.0199457078
0.341402,0.582988,-9.991148,0.323047,-0.0528728341,-0.1388337053,-0.0178172575
0.34242,0.450891,-10.084528,0.486366,-0.0422305825,-0.0983931494,-0.0135603569
0.343469,0.369231,-10.106077,-0.205341,-0.0294598807,-0.074980196,-0.007175006
0.344518,0.061805,-10.010303,0.094879,0.00991645,-0.0781728715,-0.0039823305
0.345568,0.037788,-9.840304,-0.145297,0.0141733506,-0.109035401,-0.0061107808
0.346585,-0.012649,-9.983965,0.366278,0.0163018009,-0.1409621556,-0.0039823305
0.347637,-0.055881,-9.205802,0.054049,0.0088522248,-0.171824685,-0.0061107808
0.348684,-0.120729,-9.186647,-0.200538,-0.0113680531,-0.2090725654,-0.0103676814
0.349734,-0.236013,-10.189879,-0.039619,-0.0230745298,-0.254834247,-0.0103676814
0.350751,-0.171166,-10.53706,-0.72172,-0.0294598807,-0.2984674783,-0.0167530324
0.3518,-0.120729,-10.209034,-0.839406,-0.0379736819,-0.3314584581,-0.0263310588
0.35285,-0.24562,-9.742136,-0.373464,-0.0337167813,-0.3623209875,-0.0252668336
0.354917,-0.356101,-9.476363,0.104486,-0.0166891789,-0.4155322452,-0.0156888072
0.353899,-0.358503,-9.639179,-0.262983,-0.0230745298,-0.3889266164,-0.0199457078
0.355966,-0.284048,-9.349463,0.255797,-0.0166891789,-0.4389451986,-0.0114319066
0.357018,-0.310468,-10.077345,0.40951,-0.0198818543,-0.4495874501,-0.0135603569
0.358065,-0.344092,-10.331146,0.752962,-0.0273314304,-0.4410736489,-0.0167530324
0.359115,-0.375315,-9.98636,0.889862,-0.0369094568,-0.4197891458,-0.021009933
0.360134,-0.61309,-10.05819,1.286153,-0.0422305825,-0.4006330931,-0.0242026084
0.361181,-0.663527,-9.667911,1.276546,-0.0507443838,-0.3814770403,-0.0242026084
0.362231,-0.447368,-9.459603,1.226109,-0.0560655095,-0.3474218354,-0.0220741581
0.36328,-0.392128,-9.835516,1.420652,-0.0560655095,-0.296339028,-0.0178172575
0.364298,-0.288852,-9.871431,1.045977,-0.0571297347,-0.2484488961,-0.0146245821
0.365347,-0.031863,-9.813966,0.894666,-0.059258185,-0.2069441151,-0.0156888072
0.367446,-0.269638,-10.082134,0.397501,-0.0571297347,-0.1526686323,-0.0167530324
0.366397,-0.012649,-9.749319,0.683311,-0.0571297347,-0.1707604599,-0.0167530324
0.368464,-0.459377,-10.400582,0.529598,-0.0581939599,-0.1590539832,-0.0135603569
0.369516,-0.447368,-9.725376,0.138111,-0.0603224102,-0.178210036,-0.0124961318
0.371612,-0.060684,-9.828333,-0.481544,-0.0645793108,-0.1920449629,-0.0135603569
0.370563,-0.031863,-9.636785,-0.123681,-0.0709646617,-0.1952376384,-0.0167530324
0.372662,-0.274441,-9.933684,-0.733729,-0.0603224102,-0.2037514396,-0.0146245821
0.373679,-0.387324,-10.055796,-1.02194,-0.0581939599,-0.2186505918,-0.0178172575
0.374729,-0.579465,-9.98636,-0.757746,-0.0518086089,-0.2356781942,-0.0199457078
0.375778,-0.81724,-9.773263,-0.121279,-0.0422305825,-0.2665407237,-0.0199457078
0.376828,-0.579465,-9.483546,-0.042021,-0.0486159335,-0.2995317035,-0.0199457078
0.377845,-0.16396,-9.464392,0.342261,-0.0635150856,-0.3123024053,-0.0188814827
0.379944,0.044993,-10.517905,0.238985,-0.0890564893,-0.2974032532,-0.0156888072
0.380994,0.167483,-10.362272,0.152521,-0.0901207145,-0.2750545249,-0.0167530324
0.382014,0.234732,-9.320731,-0.306215,-0.0826711384,-0.2505773464,-0.0199457078
0.378895,-0.015051,-9.801995,0.517589,-0.0773500126,-0.3091097298,-0.0156888072
0.383061,0.032984,-9.883403,-0.236564,-0.0667077611,-0.2335497439,-0.0167530324
0.38411,-0.151951,-10.541848,0.265404,-0.0379736819,-0.227164393,-0.0093034563
0.385159,-0.221603,-9.938473,0.375885,-0.0188176292,-0.2420635452,-0.0093034563
0.386209,-0.216799,-9.770868,0.820211,-0.0188176292,-0.2739902998,-0.0103676814
0.387226,0.162679,-9.318336,0.87305,-0.0305241059,-0.2899536771,-0.007175006
0.388276,0.431677,-8.963973,0.769774,-0.0507443838,-0.2835683262,-0.0050465557
0.389325,0.350017,-9.873825,0.774578,-0.0677719862,-0.2761187501,0.0013387952
0.390375,0.362026,-10.249738,-0.0132,-0.0762857875,-0.2612195979,0.0055956959
0.391393,0.069011,-10.101288,-0.43591,-0.0699004365,-0.2463204458,-0.0007896551
0.392442,-0.365708,-10.240161,-0.507963,-0.0603224102,-0.2516415716,-0.0082392311
0.393491,-0.344092,-9.505095,-0.555998,-0.0518086089,-0.2665407237,-0.0114319066
0.39454,-0.440163,-8.51623,-0.212546,-0.0401021322,-0.2878252268,-0.0124961318
0.395558,-0.656321,-9.131577,0.058853,-0.0358452316,-0.3208162065,-0.007175006
0.396607,-0.310468,-9.998331,0.282217,-0.0432948077,-0.3750916894,-0.0007896551
0.397656,-0.315271,-10.084528,0.090076,-0.0560655095,-0.3910550667,-0.0050465557
0.398706,-0.401735,-10.187485,0.479161,-0.0635150856,-0.3953119673,-0.0082392311
0.399758,-0.444966,-9.631996,0.452742,-0.0699004365,-0.3953119673,-0.0135603569
0.400773,-0.308066,-9.572137,0.940299,-0.073093112,-0.3846697158,-0.0167530324
0.401822,-0.137541,-9.428476,1.314974,-0.0720288868,-0.3644494378,-0.0146245821
0.402872,-0.077497,-9.363829,1.156458,-0.0752215623,-0.351678736,-0.0103676814
0.403921,-0.003042,-9.620024,1.29576,-0.0762857875,-0.3421007096,-0.0050465557
0.404939,-0.0823,-9.746925,0.870648,-0.0752215623,-0.3325226832,-0.0007896551
0.405988,-0.262432,-10.091711,0.486366,-0.0762857875,-0.3303942329,-0.0039823305
0.408087,-0.279245,-9.687066,0.147718,-0.0826711384,-0.296339028,-0.0093034563
0.409105,-0.497805,-9.845093,0.10929,-0.0858638138,-0.2771829752,-0.007175006
0.410154,-0.476189,-9.608052,-0.181323,-0.0837353635,-0.2612195979,-0.0061107808
0.407038,-0.219201,-10.015092,0.363877,-0.0773500126,-0.3197519814,-0.0093034563
0.411203,-0.416145,-9.040592,-0.457526,-0.0752215623,-0.2420635452,-0.007175006
0.412252,-0.502609,-9.373406,-0.697702,-0.0603224102,-0.2303570685,-0.007175006
0.41327,-0.54584,-10.149175,-0.824996,-0.0464874832,-0.2261001679,-0.0061107808
0.414319,-0.634706,-10.067767,-0.748139,-0.0411663574,-0.2356781942,-0.0050465557
0.415369,-0.824445,-9.718193,-0.695301,-0.0496801586,-0.2569626973,-0.007175006
0.416419,-0.752392,-9.687066,-0.375866,-0.0603224102,-0.2729260746,-0.0114319066
0.417468,-0.562653,-9.787629,-0.154904,-0.0677719862,-0.2793114255,-0.0135603569
0.418485,-0.442565,-10.209034,0.039639,-0.0773500126,-0.2920821274,-0.0146245821
0.419534,-0.00064,-9.63439,0.157325,-0.0826711384,-0.3037886041,-0.0167530324
0.420584,0.362026,-8.963973,0.178941,-0.0784142378,-0.3016601538,-0.0178172575
0.421636,0.647835,-10.436497,0.599249,-0.0475517083,-0.3005959286,-0.007175006
0.422651,0.554167,-9.639179,0.700123,-0.0475517083,-0.3027243789,-0.0082392311
0.4237,-0.058283,-9.988754,1.331787,-0.0496801586,-0.3229446568,-0.0082392311
0.42475,-0.063086,-9.627207,1.041173,-0.0603224102,-0.3463576102,-0.007175006
0.425799,0.338008,-8.645524,1.062789,-0.0752215623,-0.3495502857,-0.0061107808
0.426817,0.287571,-9.677489,1.24052,-0.0741573372,-0.3474218354,-0.0007896551
0.427866,0.277964,-10.55382,0.515188,-0.0667077611,-0.3399722593,0.006659921
0.428916,0.215518,-9.967205,-0.087655,-0.0560655095,-0.3176235311,0.0002745701
0.429965,-0.257629,-10.015092,-0.234162,-0.045423258,-0.2974032532,-0.0103676814
0.431017,-0.6275,-9.93129,-0.284599,-0.0379736819,-0.2942105777,-0.0135603569
0.432032,-0.826847,-9.126788,-0.539186,-0.0305241059,-0.3048528292,-0.0167530324
0.433082,-0.925319,-9.093268,-0.4215,-0.0337167813,-0.3133666305,-0.0167530324
0.434133,-0.846061,-9.349463,-0.140494,-0.0443590329,-0.324008882,-0.0124961318
0.43518,-0.786017,-9.921712,-0.174118,-0.0539370592,-0.3538071863,-0.0114319066
0.436198,-0.565055,-10.695087,-0.109271,-0.0560655095,-0.37934859,-0.0124961318
0.437248,-0.348896,-10.230583,-0.344643,-0.0581939599,-0.3772201397,-0.0167530324
0.438297,-0.4906,-9.823544,-0.224555,-0.0656435359,-0.3687063385,-0.021009933
0.439346,-0.432958,-9.890586,0.349466,-0.0699004365,-0.3601925372,-0.0199457078
0.440364,-0.243218,-9.35904,0.656892,-0.0720288868,-0.3442291599,-0.0167530324
0.441413,-0.40894,-9.076507,0.981129,-0.0762857875,-0.3442291599,-0.0093034563
0.442463,-0.185576,-8.949607,1.185279,-0.0773500126,-0.3623209875,0.0024030204
0.443514,0.472507,-9.466786,1.317376,-0.0624508605,-0.3761559145,0.0109168216
0.444562,0.741504,-11.097337,0.796194,-0.0528728341,-0.3644494378,0.0119810468
0.445579,0.659844,-11.427757,0.255797,-0.0571297347,-0.3186877562,0.0077241462
0.446629,0.037788,-10.632834,0.234181,-0.0560655095,-0.268669174,-0.0018538802
0.447678,-0.418547,-8.782002,-0.010798,-0.045423258,-0.2292928433,-0.0093034563
0.448727,-0.23121,-7.953558,-0.301412,-0.0337167813,-0.2292928433,-0.0103676814
0.449745,-0.293655,-9.845093,-0.452723,-0.0209460795,-0.2431277703,-0.0029181054
0.450794,-0.281647,-10.848325,-0.330233,-0.003918477,-0.268669174,0.0034672456
0.451844,-0.466582,-10.515511,-0.849013,-0.0007258016,-0.3133666305,-0.0029181054
0.452894,-0.593876,-10.376638,-0.824996,-0.0134965034,-0.3580640869,-0.0156888072
0.453911,-0.610688,-9.529039,-0.841808,-0.0283956555,-0.3750916894,-0.0220741581
0.45496,-0.70916,-9.28721,-0.582418,-0.0496801586,-0.3782843648,-0.021009933
0.456012,-0.471386,-9.399744,0.152521,-0.0656435359,-0.3782843648,-0.0103676814
0.457059,0.047395,-8.978339,0.186146,-0.0645793108,-0.37934859,-0.0039823305
0.458108,0.347615,-10.484384,0.666499,-0.0528728341,-0.3889266164,-0.0018538802
0.459126,0.568577,-11.47325,0.844229,-0.0347810065,-0.3889266164,0.0024030204
0.460175,0.450891,-9.766079,0.498375,-0.0220103046,-0.3750916894,-0.0018538802
0.461224,-0.185576,-9.323125,1.163663,-0.0188176292,-0.3772201397,-0.0061107808
0.462274,-0.216799,-9.373406,1.341394,-0.0283956555,-0.3761559145,0.0013387952
0.463291,0.047395,-8.975944,1.250127,-0.0347810065,-0.3538071863,0.0087883713
0.464341,-0.132737,-10.264104,1.816943,-0.0305241059,-0.3399722593,0.0098525965
0.465392,0.09543,-10.417342,1.29576,-0.0294598807,-0.3357153587,0.006659921
0.466439,0.244339,-9.739742,0.469554,-0.0273314304,-0.3218804317,-0.0039823305
0.467457,-0.10872,-10.419737,0.423921,-0.0188176292,-0.3037886041,-0.0135603569
0.468508,-0.243218,-9.98636,0.186146,-0.0145607286,-0.2974032532,-0.0146245821
0.469556,-0.502609,-9.136366,-0.09486,-0.0145607286,-0.3080455047,-0.0146245821
0.470605,-0.829248,-9.349463,-0.260582,-0.0209460795,-0.3218804317,-0.0146245821
0.471654,-0.759597,-9.423688,-0.35425,-0.031588331,-0.3410364845,-0.0124961318
0.472672,-0.706758,-9.670306,-0.361456,-0.0358452316,-0.37934859,-0.0114319066
0.473721,-0.430556,-10.005514,-1.019538,-0.0443590329,-0.4368167483,-0.0103676814
0.474771,-0.706758,-11.006352,-0.731327,-0.0401021322,-0.4400094237,-0.0124961318
0.47582,-0.728374,-10.908184,-0.183725,-0.0358452316,-0.4314956225,-0.0156888072
0.476837,-0.541037,-9.186647,0.174137,-0.0358452316,-0.4134037949,-0.0199457078
0.477889,-0.565055,-8.111585,0.611258,-0.0390379071,-0.3974404176,-0.0178172575
0.478936,-0.339289,-8.106796,1.194886,-0.0422305825,-0.393183517,-0.0061107808
0.479985,0.165081,-9.586503,1.370215,-0.0326525562,-0.3974404176,0.0034672456
0.481003,0.633425,-11.042267,1.202092,-0.0241387549,-0.3825412655,0.0087883713
0.482052,0.484516,-11.233815,0.83222,-0.0252029801,-0.3452933851,0.0045314707
0.483101,-0.214397,-11.69353,0.330252,-0.0294598807,-0.3112381802,-0.0050465557
0.484151,-0.341691,-10.42692,0.157325,-0.0369094568,-0.2761187501,-0.0167530324
0.485168,-0.267236,-8.102007,0.24619,-0.0358452316,-0.2378066446,-0.0242026084
0.486218,-0.428154,-8.255246,0.255797,-0.0209460795,-0.2165221415,-0.0178172575
0.487269,-0.211995,-8.647919,0.08287,-0.0049827022,-0.2175863666,-0.0050465557
0.488316,-0.055881,-9.665517,-0.274992,0.0120449003,-0.2558984722,-0.0007896551
0.489366,-0.185576,-11.853951,-0.500758,0.0258798273,-0.3186877562,-0.0039823305
0.490386,-0.10872,-10.656777,-0.88504,0.0226871518,-0.365513663,-0.0156888072
0.491432,-0.262432,-8.968761,-0.971503,0.0067237745,-0.3867981661,-0.0273952839
0.492482,-0.615492,-9.749319,-0.431107,-0.0081753776,-0.3846697158,-0.0220741581
0.493531,-0.418547,-8.990311,-0.234162,-0.0252029801,-0.3772201397,-0.007175006
0.494549,-0.007846,-8.717355,0.186146,-0.0358452316,-0.393183517,-0.0029181054
0.495598,0.333205,-10.170724,0.721739,-0.0305241059,-0.4112753446,-0.0029181054
0.496648,0.498926,-10.345512,0.440733,-0.017753404,-0.4165964704,-0.0018538802
0.497697,0.268357,-10.534665,0.57283,-0.003918477,-0.4229818213,-0.0050465557
0.498715,0.073814,-9.87622,0.916282,0.0024668739,-0.4240460464,-0.0050465557
0.499767,-0.413744,-9.347068,1.63681,-0.0092396028,-0.4144680201,0.0002745701
0.500813,-0.255227,-10.084528,1.764104,-0.0092396028,-0.4059542188,0.0055956959
0.501862,0.085823,-9.734953,0.928291,-0.0071111525,-0.3889266164,0.0034672456
0.502912,0.143465,-10.07495,0.683311,-0.0049827022,-0.3633852127,-0.007175006
0.503929,-0.0823,-9.96481,0.366278,0.0014026488,-0.337843809,-0.0146245821
0.504979,-0.485796,-10.106077,-0.010798,0.00991645,-0.3282657826,-0.0199457078
0.506028,-0.69475,-10.221006,0.039639,0.0163018009,-0.3314584581,-0.0231383833
0.507077,-0.661125,-8.497075,-0.097262,0.0131091254,-0.3474218354,-0.021009933
0.508095,-0.87248,-7.963135,-0.399884,0.0045953242,-0.3836054906,-0.0135603569
0.509145,-0.711562,-9.275238,-0.632855,-0.0049827022,-0.4219175961,0.0013387952
0.510193,-0.12313,-10.268893,-1.218885,-0.0092396028,-0.4357525231,0.0098525965
0.511243,-0.039069,-11.37987,-1.492686,-0.0134965034,-0.4261744968,0.0034672456
0.512263,-0.099113,-10.932127,-1.02194,-0.0166891789,-0.3985046428,-0.0061107808
0.51331,-0.322477,-9.564954,-0.661676,-0.0092396028,-0.3697705636,-0.0103676814
0.514359,-0.61309,-9.198619,-0.05403,0.0024668739,-0.3559356366,-0.0039823305
0.515409,-0.288852,-8.178626,0.455144,0.0056595494,-0.351678736,0.0087883713
0.516458,0.04019,-8.674257,0.827417,0.0141733506,-0.3697705636,0.0151737222
0.517476,0.301982,-10.778889,1.245323,0.0216229267,-0.3921192918,0.020494848
0.518525,0.539756,-11.636066,0.664097,0.0258798273,-0.3867981661,0.0194306229
0.519574,0.234732,-11.339167,0.349466,0.0258798273,-0.3644494378,0.0077241462
0.520624,-0.20479,-9.423688,0.560821,0.0131091254,-0.3474218354,-0.0061107808
0.521644,-0.596277,-8.358203,0.714534,0.0067237745,-0.337843809,-0.0124961318
0.522691,-0.61309,-8.904114,1.079602,0.0173660261,-0.3303942329,-0.0082392311
0.52374,-0.127934,-8.688623,1.156458,0.0333294034,-0.3442291599,0.0002745701
0.52479,0.129055,-9.904952,0.774578,0.0461001052,-0.3921192918,0.0045314707
0.525807,0.35482,-11.173956,-0.070842,0.0492927807,-0.4293671722,0.0013387952
0.526857,-0.411342,-10.043824,-0.997923,0.0226871518,-0.4091468943,-0.0156888072
0.528956,-0.946935,-8.73651,-0.46233,0.0014026488,-0.4059542188,-0.0061107808
0.527906,-0.783615,-9.801995,-0.704908,0.0056595494,-0.3995688679,-0.0103676814
0.530005,-1.030996,-9.315942,-0.018004,0.0056595494,-0.4325598477,-0.0050465557
0.531023,-0.622697,-9.495518,0.440733,0.0184302512,-0.4655508274,-0.0007896551
0.532072,-0.192781,-9.871431,0.479161,0.037586304,-0.4953491317,0.0013387952
0.533122,0.133858,-10.692692,0.505581,0.0418432046,-0.4953491317,0.0055956959
0.534171,0.172286,-10.062979,0.445536,0.0301367279,-0.4591654765,0.0045314707
0.535189,-0.16396,-9.952839,0.880255,0.0120449003,-0.4219175961,-0.0018538802
0.536238,-0.087104,-9.737347,1.341394,-0.0092396028,-0.3804128151,-0.0029181054
0.537288,0.112242,-9.057352,1.276546,-0.017753404,-0.3399722593,-0.0018538802
0.538337,0.059404,-9.502701,1.358206,-0.0113680531,-0.3282657826,-0.0007896551
0.539355,0.119448,-9.6727,1.053182,0.0045953242,-0.3389080342,0.0002745701
0.540404,-0.139943,-10.369455,0.507982,0.0322651782,-0.3580640869,-0.0039823305
0.541453,-0.536233,-11.336772,0.330252,0.0492927807,-0.3814770403,-0.0061107808
0.542503,-0.459377,-9.900163,-0.068441,0.0461001052,-0.3974404176,-0.0103676814
0.543521,-0.553046,-8.849044,-0.356652,0.0322651782,-0.3995688679,-0.0146245821
0.54457,-0.795624,-9.265661,-0.063637,0.0194944764,-0.4006330931,-0.0114319066
0.545619,-0.579465,-8.940029,-0.515168,0.0109806751,-0.4102111194,-0.0093034563
0.546669,-0.396931,-9.541011,-1.031547,0.0045953242,-0.4240460464,-0.0156888072
0.547718,-0.509814,-10.704664,-0.64006,0.00991645,-0.4378809734,-0.0178172575
0.548736,-0.689946,-10.975226,-0.736131,0.023751377,-0.4527801256,-0.0156888072
0.549785,-0.701955,-10.489173,-0.524775,0.023751377,-0.4591654765,-0.0146245821
0.550835,-0.529028,-9.277632,0.020425,0.0141733506,-0.4527801256,-0.0114319066
0.551887,0.037788,-9.514673,0.457545,-0.0145607286,-0.4219175961,-0.0039823305
0.552902,0.472507,-10.26171,0.743355,-0.0134965034,-0.3963761924,0.0045314707
0.553951,0.628621,-10.654383,0.640079,-0.0007258016,-0.3761559145,0.006659921
0.555001,0.265955,-10.525088,0.582437,0.00991645,-0.3601925372,0.0013387952
0.55605,-0.211995,-10.288047,0.856238,0.0280082776,-0.3484860605,-0.0050465557
0.557068,-0.135139,-9.081296,1.002745,0.0418432046,-0.337843809,-0.0082392311
0.558117,-0.096711,-8.597637,1.271743,0.0439716549,-0.3367795838,-0.0029181054
0.559166,-0.192781,-9.995937,1.353403,0.0418432046,-0.351678736,0.006659921
0.560216,0.109841,-10.321568,0.635276,0.0322651782,-0.3718990139,0.006659921
0.561268,0.215518,-10.01988,-0.034816,0.0205587015,-0.3846697158,-0.0039823305
0.562282,-0.02706,-10.33354,-0.4215,0.0152375758,-0.3846697158,-0.0124961318
0.563332,-0.40894,-9.869036,-0.491151,0.0163018009,-0.3910550667,-0.0156888072
0.564381,-0.83165,-9.347068,-0.486347,0.023751377,-0.4165964704,-0.0178172575
0.565431,-0.757195,-8.884959,-0.589623,0.0258798273,-0.4410736489,-0.0167530324
0.566449,-0.622697,-9.007071,-0.214948,0.0301367279,-0.4708719532,-0.0103676814
0.567498,-0.541037,-10.549031,0.039639,0.0301367279,-0.5187620851,-0.0029181054
0.568547,0.133858,-10.572975,-0.306215,0.0205587015,-0.5443034888,0.0034672456
0.569596,0.38124,-9.801995,-0.337438,0.0109806751,-0.5294043367,0.0013387952
0.570614,0.016172,-10.252132,0.1237,-0.0028542519,-0.4953491317,0.0002745701
0.571664,0.141064,-9.622419,0.289422,-0.0145607286,-0.4432020992,0.0055956959
0.572713,0.189099,-8.758059,0.632874,-0.0113680531,-0.3974404176,0.0130452719
0.573765,0.044993,-9.112422,1.115628,0.0014026488,-0.3910550667,0.0226232983
0.574812,0.244339,-9.998331,0.539205,0.0194944764,-0.3985046428,0.0279444241
0.575829,0.222723,-11.262547,-0.056432,0.037586304,-0.3867981661,0.0236875235
0.576879,-0.132737,-11.293674,-0.061235,0.0492927807,-0.3644494378,0.0141094971
0.577928,-0.567456,-9.493124,-0.277394,0.0567423567,-0.3410364845,0.0024030204
0.578978,-0.658723,-8.760453,0.178941,0.0524854561,-0.3421007096,0.0055956959
0.579995,-0.701955,-8.758059,0.157325,0.051421231,-0.3676421133,0.0087883713
0.581045,-0.651518,-9.435659,0.188548,0.0524854561,-0.4165964704,0.006659921
0.582094,-0.54584,-10.103683,0.049246,0.0524854561,-0.4772573041,-0.0018538802
0.583145,-0.360905,-10.422131,-0.366259,0.0450358801,-0.5219547606,-0.0135603569
0.584161,-0.346494,-10.05819,-0.303813,0.0280082776,-0.5336612373,-0.0146245821
0.585211,-0.430556,-9.751713,-0.106869,0.0067237745,-0.5230189857,-0.0061107808
0.586262,-0.23121,-9.586503,0.219771,-0.0145607286,-0.511312509,0.0034672456
0.587309,-0.048676,-9.797206,0.604053,-0.0230745298,-0.511312509,0.0077241462
0.588359,0.131456,-9.847487,0.683311,-0.017753404,-0.5134409594,0.0109168216
0.589376,0.376436,-9.34228,0.666499,-0.0028542519,-0.5059913833,0.0109168216
0.590426,0.311589,-9.564954,0.81781,0.0173660261,-0.4857711054,0.0077241462
0.591475,0.133858,-9.323125,0.973924,0.0290725027,-0.4559728011,0.0119810468
0.592525,-0.159157,-9.612841,1.175672,0.0386505291,-0.434688298,0.020494848
0.593542,-0.488198,-11.08776,1.473491,0.0439716549,-0.4293671722,0.0236875235
0.594591,-0.360905,-10.146781,0.877854,0.0290725027,-0.4091468943,0.0173021725
0.595644,-0.329682,-9.016648,0.495973,0.0141733506,-0.3772201397,0.0045314707
0.596691,-0.497805,-9.83791,0.716936,0.0088522248,-0.3495502857,-0.0007896551
0.597708,-0.363307,-9.663123,0.306234,0.00991645,-0.3272015575,-0.0007896551
0.598759,-0.485796,-9.189041,0.075665,0.0141733506,-0.3197519814,-0.0061107808
0.599807,-0.759597,-9.426082,-0.001191,0.0173660261,-0.3410364845,-0.0103676814
0.600856,-0.855668,-9.739742,-0.457526,0.0184302512,-0.3825412655,-0.0093034563
0.601905,-0.906105,-10.04143,-0.72172,0.0131091254,-0.4314956225,-0.0082392311
0.602923,-0.529028,-9.622419,-0.832201,0.0003384236,-0.4740646287,-0.0061107808
0.603972,-0.185576,-10.635228,-0.219752,-0.0252029801,-0.5134409594,-0.0050465557
0.605022,0.028181,-9.957627,0.044442,-0.0305241059,-0.4942849066,-0.0018538802
0.606071,-0.065488,-8.999888,0.452742,-0.0230745298,-0.4676792777,0.0013387952
0.607089,-0.28645,-8.358203,0.885059,-0.0198818543,-0.462358152,0.006659921
0.608141,-0.017453,-8.786791,0.834622,-0.0113680531,-0.476193079,0.0119810468
0.609188,0.330803,-10.587341,1.084405,0.0056595494,-0.4878995557,0.0151737222
0.610237,0.496524,-11.334378,0.606455,0.0088522248,-0.4751288538,0.0173021725
0.611255,0.213116,-11.21466,0.073263,-0.0017900267,-0.4336240728,0.0098525965
0.612305,-0.372914,-10.599313,0.303832,-0.0145607286,-0.3889266164,-0.0007896551
0.613354,-0.548242,-8.872987,0.003612,-0.0198818543,-0.3527429611,-0.0082392311
0.614403,-0.485796,-7.802714,0.142914,-0.0113680531,-0.3282657826,-0.0093034563
0.615421,-0.579465,-8.875382,0.589642,0.0109806751,-0.3357153587,0.0013387952
0.61647,-0.425752,-10.515511,0.049246,0.0354578537,-0.3846697158,0.0098525965
0.617521,-0.077497,-10.405371,-0.568007,0.0418432046,-0.4463947747,0.0024030204
0.618569,-0.156755,-9.828333,-0.678488,0.0343936285,-0.4910922311,-0.0103676814
0.619618,-0.363307,-9.995937,-0.738532,0.0120449003,-0.5017344827,-0.0103676814
0.620638,-0.425752,-9.804389,-0.407089,-0.0220103046,-0.4847068802,0.0013387952
0.621685,-0.370512,-9.399744,0.380689,-0.0496801586,-0.4772573041,0.0130452719
0.622734,0.001761,-9.016648,0.65449,-0.0603224102,-0.4847068802,0.0151737222
0.623784,0.29958,-9.687066,0.692918,-0.0496801586,-0.4996060324,0.0141094971
0.624801,0.484516,-10.855508,0.877854,-0.0294598807,-0.5049271581,0.0151737222
0.625851,0.498926,-9.758896,0.644883,-0.0092396028,-0.4910922311,0.0173021725
0.6269,-0.007846,-8.547356,0.640079,-0.0017900267,-0.483642655,0.0141094971
0.627949,-0.298459,-9.409322,1.13244,-0.0113680531,-0.4815142047,0.020494848
0.628967,-0.284048,-10.355089,1.221306,-0.017753404,-0.4644866023,0.0353940002
0.630019,-0.168764,-9.943261,0.611258,-0.0273314304,-0.4495874501,0.0173021725
0.631066,0.078618,-9.217774,0.066058,-0.0241387549,-0.4240460464,0.0013387952
0.632115,-0.221603,-9.914529,-0.018004,-0.0092396028,-0.3953119673,-0.0029181054
0.633164,-0.250424,-9.684672,-0.0132,0.0056595494,-0.3910550667,0.0045314707
0.634182,-0.284048,-8.767636,-0.755345,0.00991645,-0.3995688679,0.0151737222
0.635231,-0.70916,-9.330308,-1.254911,0.0014026488,-0.4176606955,0.0247517486
0.636281,-0.793222,-10.522694,-1.588756,-0.0113680531,-0.4463947747,0.0268801989
0.63733,-0.53143,-11.068605,-1.732862,-0.0198818543,-0.476193079,0.0183663977
0.638347,-0.387324,-10.357484,-1.250108,-0.0230745298,-0.4996060324,0.0109168216
0.639398,-0.267236,-9.251295,-0.808183,-0.0273314304,-0.5070556084,0.0130452719
0.640446,-0.10872,-9.392561,0.015621,-0.0283956555,-0.5049271581,0.0236875235
0.641496,0.01377,-9.718193,0.959514,-0.0252029801,-0.503862933,0.0396509008
0.642515,0.107439,-9.552982,1.146851,-0.0209460795,-0.5070556084,0.0439078014
0.643562,0.157876,-10.204245,1.130039,-0.0198818543,-0.5102482839,0.0353940002
0.644612,0.277964,-10.556215,1.139646,-0.0241387549,-0.503862933,0.0247517486
0.645661,0.138662,-10.285653,0.966719,-0.0283956555,-0.4889637808,0.0173021725
0.646711,-0.219201,-10.204245,0.949907,-0.0305241059,-0.4698077281,0.0173021725
0.647728,-0.135139,-8.647919,0.985933,-0.0358452316,-0.4474589998,0.020494848
0.648777,-0.288852,-8.449188,1.233314,-0.031588331,-0.4389451986,0.0226232983
0.649827,-0.677937,-11.202689,1.49991,-0.0103038279,-0.462358152,0.0300728744
0.650876,-0.252825,-10.862691,0.580035,0.0024668739,-0.4910922311,0.0290086492
0.651896,0.071412,-8.810734,-0.397482,-0.0007258016,-0.4996060324,0.0098525965
0.652943,-0.195183,-9.320731,-0.363857,-0.0081753776,-0.4910922311,0.0013387952
0.653992,-0.257629,-9.641573,-0.654471,-0.0198818543,-0.4666150526,0.0130452719
0.655042,-0.529028,-9.90974,-0.897049,-0.0337167813,-0.4453305495,0.0226232983
0.656059,-0.939729,-9.392561,-0.262983,-0.0528728341,-0.4910922311,0.0194306229
0.657108,-0.836454,-10.264104,0.092477,-0.0411663574,-0.5347254624,0.0162379474
0.659207,-0.005444,-9.045381,0.308636,-0.0337167813,-0.5272758863,0.0236875235
0.658158,-0.485796,-10.817199,0.529598,-0.0273314304,-0.5474961643,0.0236875235
0.660256,0.141064,-8.762847,0.616062,-0.0571297347,-0.4921564563,0.0194306229
0.661274,0.100234,-10.165936,1.466285,-0.0699004365,-0.4474589998,0.0247517486
0.662323,-0.034265,-10.189879,1.106021,-0.0720288868,-0.4123395698,0.0290086492
0.663372,-0.216799,-9.603264,0.604053,-0.0741573372,-0.4038257685,0.0226232983
0.664422,-0.399333,-9.916923,0.820211,-0.0581939599,-0.4112753446,0.0151737222
0.665439,-0.53143,-10.489173,0.378287,-0.0347810065,-0.4251102716,0.0077241462
0.666488,-0.538635,-10.613679,0.15012,-0.0209460795,-0.434688298,0.0034672456
0.667538,-0.577063,-9.952839,0.375885,-0.0124322782,-0.4400094237,0.0087883713
0.668587,-0.716366,-9.021437,-0.078048,-0.0124322782,-0.4559728011,0.0141094971
0.669604,-0.608286,-8.90172,-0.190931,-0.0294598807,-0.4751288538,0.0119810468
0.670654,-0.32728,-9.481152,-0.044423,-0.0443590329,-0.483642655,0.0109168216
0.671703,-0.329682,-10.383821,-0.510365,-0.0539370592,-0.4942849066,0.0098525965
0.672752,-0.279245,-10.252132,-0.628051,-0.0667077611,-0.511312509,0.0024030204
0.673771,-0.118327,-9.332702,-0.546391,-0.0752215623,-0.5134409594,-0.0018538802
0.674819,-0.202388,-9.806783,-0.531981,-0.0752215623,-0.4996060324,0.0034672456
0.675869,-0.27204,-9.976782,-0.181323,-0.0784142378,-0.4857711054,0.0151737222
0.676918,-0.20479,-9.787629,0.15012,-0.0794784629,-0.4847068802,0.0247517486
0.677967,0.011368,-10.448469,0.539205,-0.073093112,-0.4910922311,0.0300728744
0.678984,0.280366,-9.907346,0.743355,-0.0667077611,-0.4964133569,0.0279444241
0.680034,0.359624,-9.572137,0.966719,-0.059258185,-0.5027987078,0.0226232983
0.681083,0.491721,-9.658334,1.278948,-0.0581939599,-0.4942849066,0.0258159738
0.682132,-0.058283,-10.04143,1.600784,-0.0496801586,-0.4570370262,0.0364582253
0.68315,-0.216799,-11.070999,1.209297,-0.0518086089,-0.4591654765,0.0353940002
0.684199,0.121849,-9.483546,0.08287,-0.0581939599,-0.4474589998,0.0258159738
0.685248,0.025779,-9.06693,-0.097262,-0.0581939599,-0.434688298,0.0141094971
0.686298,-0.219201,-9.739742,-0.025209,-0.0528728341,-0.434688298,0.0173021725
0.687316,-0.308066,-9.567349,-0.642462,-0.0486159335,-0.4400094237,0.0247517486
0.688364,-0.57226,-9.574532,-0.565605,-0.0496801586,-0.4581012514,0.0258159738
0.689414,-0.752392,-9.502701,-0.301412,-0.0496801586,-0.497477582,0.0279444241
0.690463,-0.617893,-9.196225,-0.673685,-0.0550012844,-0.5443034888,0.0322013247
0.691515,-0.305664,-9.576926,-0.541588,-0.0624508605,-0.5741017931,0.0353940002
0.69253,0.059404,-10.070162,-0.628051,-0.0699004365,-0.5741017931,0.0407151259
0.693579,0.191501,-10.300019,-0.85862,-0.0762857875,-0.5506888397,0.0396509008
0.694628,0.081019,-10.33354,-0.248573,-0.0773500126,-0.5155694097,0.0364582253
0.695678,0.184295,-9.56256,0.006014,-0.0741573372,-0.4751288538,0.0417793511
0.696695,0.311589,-9.131577,0.15012,-0.0624508605,-0.4506516753,0.0502931523
0.697744,0.081019,-9.641573,0.796194,-0.0475517083,-0.4527801256,0.061999629
0.698794,-0.161558,-10.173119,0.656892,-0.031588331,-0.4666150526,0.0683849799
0.699843,-0.183174,-10.546637,0.27261,-0.0220103046,-0.4772573041,0.0588069535
0.70086,-0.216799,-10.462835,0.54641,-0.017753404,-0.4825784299,0.0449720265
0.70191,-0.380119,-10.225794,0.282217,-0.0188176292,-0.4804499796,0.0364582253
0.702959,-0.356101,-9.167492,0.078067,-0.0326525562,-0.4708719532,0.0311370995
0.70401,-0.401735,-8.063698,0.666499,-0.0464874832,-0.4730004035,0.0300728744
0.705058,-0.682741,-9.694249,0.676106,-0.0443590329,-0.4996060324,0.0364582253
0.706075,-0.61309,-10.903395,0.397501,-0.0347810065,-0.5400465882,0.0417793511
0.707124,-0.329682,-9.497912,0.02763,-0.031588331,-0.586872495,0.0332655499
0.708174,-0.060684,-9.74453,-0.102065,-0.059258185,-0.6092212232,0.0247517486
0.709223,-0.125532,-10.077345,-0.082851,-0.0741573372,-0.5847440446,0.0364582253
0.710241,-0.260031,-10.33354,0.142914,-0.086928039,-0.5623953164,0.0439078014
0.71129,-0.214397,-9.442842,0.719337,-0.0922491648,-0.5538815152,0.0449720265
0.712339,-0.173567,-9.332702,0.688114,-0.0837353635,-0.5655879919,0.0439078014
0.71339,-0.111121,-10.039035,1.062789,-0.0645793108,-0.5698448925,0.0439078014
0.714406,0.114644,-9.179464,1.137244,-0.0432948077,-0.5506888397,0.0460362517
0.715455,0.148269,-9.007071,0.942701,-0.0401021322,-0.5187620851,0.0502931523
0.716504,-0.252825,-10.599313,1.245323,-0.0464874832,-0.4804499796,0.0588069535
0.717554,-0.456975,-10.683115,0.685713,-0.0581939599,-0.4389451986,0.0588069535
0.718602,-0.471386,-9.651151,0.090076,-0.0752215623,-0.4016973182,0.0439078014
0.71962,-0.786017,-9.7996,0.423921,-0.0752215623,-0.3878623912,0.0290086492
0.720669,-0.778811,-9.87622,0.359073,-0.059258185,-0.4006330931,0.0236875235
0.721719,-0.468984,-9.203408,-0.080449,-0.0411663574,-0.4134037949,0.0194306229
0.72277,-0.454573,-9.06693,-0.140494,-0.0326525562,-0.4283029471,0.020494848
0.723785,-0.526626,-9.50749,-0.327831,-0.0326525562,-0.4591654765,0.0322013247
0.724835,-0.670732,-10.13002,-0.824996,-0.0379736819,-0.4932206814,0.0407151259
0.725886,-0.805231,-10.37185,-0.957093,-0.0550012844,-0.5283401115,0.0353940002
0.726933,-0.649116,-10.441286,-0.822594,-0.0720288868,-0.559202641,0.0183663977
0.727951,-0.452172,-10.60889,-0.260582,-0.0784142378,-0.5677164422,0.0077241462
0.729,-0.300861,-9.593686,0.375885,-0.0805426881,-0.5549457403,0.0141094971
0.730049,-0.0823,-8.451582,0.644883,-0.0816069132,-0.5443034888,0.0258159738
0.731098,0.109841,-8.679045,1.127637,-0.0773500126,-0.5411108133,0.0375224505
0.732149,0.268357,-9.801995,1.053182,-0.0688362114,-0.5432392637,0.0439078014
0.733165,0.210715,-11.15959,0.800997,-0.0571297347,-0.5400465882,0.0407151259
0.734214,-0.416145,-10.307202,0.49117,-0.0603224102,-0.5272758863,0.0173021725
0.735266,-0.365708,-9.433265,0.563223,-0.0720288868,-0.497477582,0.0109168216
0.736313,-0.113523,-8.250457,0.642481,-0.0752215623,-0.4463947747,0.0151737222
0.73733,-0.279245,-8.822706,0.813006,-0.0645793108,-0.4240460464,0.0247517486
0.738379,-0.519421,-11.066211,0.887461,-0.045423258,-0.4527801256,0.0322013247
0.739428,-0.130336,-10.632834,-0.078048,-0.0305241059,-0.4932206814,0.0268801989
0.740478,-0.012649,-9.224957,-0.577614,-0.0241387549,-0.5219547606,0.0098525965
0.741495,-0.329682,-9.622419,-0.359054,-0.0294598807,-0.5379181379,0.0087883713
0.742545,-0.267236,-9.6727,-0.587221,-0.0486159335,-0.5304685618,0.020494848
0.743594,-0.0823,-9.433265,-0.31342,-0.0752215623,-0.5198263103,0.0300728744
0.744646,0.01377,-9.622419,0.118897,-0.0954418402,-0.5272758863,0.0364582253
0.745661,0.093028,-10.048613,0.15012,-0.0965060654,-0.5443034888,0.0385866756
0.74671,0.141064,-10.458046,0.474358,-0.0805426881,-0.5560099655,0.0417793511
0.747762,0.429275,-9.555377,0.279815,-0.0677719862,-0.5560099655,0.0471004769
0.748808,0.628621,-8.896931,0.116495,-0.0560655095,-0.5443034888,0.0502931523
0.749858,0.486917,-9.691855,0.387894,-0.0528728341,-0.5219547606,0.0534858278
0.750875,0.345213,-10.383821,0.243788,-0.0539370592,-0.4868353305,0.0641280793
0.751924,0.102635,-10.472412,0.106888,-0.0464874832,-0.4634223771,0.0673207548
0.752974,-0.187978,-9.998331,-0.109271,-0.0379736819,-0.4687435029,0.0598711787
0.754024,-0.495403,-10.405371,-0.255778,-0.0209460795,-0.4847068802,0.0492289272
0.75504,-0.673134,-10.721425,-0.193332,0.0014026488,-0.4942849066,0.0396509008
0.756089,-0.363307,-8.796368,-0.555998,0.0163018009,-0.4985418072,0.034329775
0.757141,-0.31287,-8.482709,-0.697702,0.0226871518,-0.503862933,0.0385866756
0.758188,-0.737981,-10.465229,-0.587221,0.0226871518,-0.51769786,0.048164702
0.759206,-0.915712,-10.81241,-1.04836,0.0077879997,-0.5485603894,0.0471004769
0.760255,-0.906105,-9.196225,-0.277394,-0.0209460795,-0.6379553023,0.0151737222
0.761304,-0.557849,-9.002282,-0.467133,-0.0347810065,-0.6645609312,0.0183663977
0.762354,-0.192781,-9.811572,0.234181,-0.0422305825,-0.6741389576,0.034329775
0.763403,0.304383,-10.05819,0.664097,-0.0379736819,-0.6698820569,0.0502931523
0.76442,0.688665,-10.051007,0.469554,-0.0347810065,-0.6507260042,0.0534858278
0.76547,0.520542,-11.229026,1.072396,-0.0305241059,-0.6209276999,0.048164702
0.766521,0.407659,-10.460441,1.250127,-0.0241387549,-0.5836798195,0.0471004769
0.767568,0.280366,-8.36778,1.000344,-0.0198818543,-0.5432392637,0.0417793511
0.768585,-0.010247,-8.183415,1.504714,-0.0188176292,-0.5145051845,0.0439078014
0.769637,-0.053479,-9.059747,1.766506,-0.0081753776,-0.497477582,0.0577427284
0.770684,-0.226406,-11.025507,1.523928,0.0109806751,-0.4942849066,0.0630638542
0.771733,-0.358503,-11.808459,1.086807,0.0141733506,-0.4953491317,0.0556142781
0.7738,-0.675536,-8.796368,0.159727,0.0045953242,-0.4804499796,0.020494848
0.772751,-0.264834,-9.608052,0.375885,0.0067237745,-0.4878995557,0.0385866756
0.77485,-0.975756,-9.691855,0.296627,-0.0007258016,-0.4719361784,0.0236875235
0.775899,-0.661125,-9.277632,0.003612,-0.0071111525,-0.462358152,0.0332655499
0.776948,-0.555447,-8.913691,-0.426303,-0.0188176292,-0.4751288538,0.0322013247
0.777965,-0.589072,-9.682277,-0.580016,-0.0337167813,-0.5145051845,0.0258159738
0.779017,-0.562653,-10.436497,-0.563204,-0.0326525562,-0.5549457403,0.0236875235
0.780064,-0.639509,-10.503539,-0.601632,-0.0241387549,-0.5911293956,0.0268801989
0.781113,-0.526626,-10.110866,-0.534382,-0.0241387549,-0.6166707993,0.0290086492
0.782131,-0.336887,-9.778051,-0.219752,-0.0262672052,-0.6209276999,0.0279444241
0.78318,-0.233611,-9.306365,0.106888,-0.0347810065,-0.600707422,0.0311370995
0.78423,-0.077497,-9.107634,0.486366,-0.0401021322,-0.5719733428,0.0364582253
0.785279,-0.036667,-9.801995,0.91388,-0.0326525562,-0.5517530649,0.0417793511
0.786296,-0.332084,-10.187485,0.829818,-0.0081753776,-0.5219547606,0.0268801989
0.787346,-0.819641,-10.596918,1.108423,0.0045953242,-0.5145051845,0.0162379474
0.788397,-0.901301,-9.845093,0.966719,0.0077879997,-0.5123767342,0.0119810468
0.789445,-0.622697,-8.868199,0.248592,0.0035310991,-0.4985418072,0.0087883713
0.790494,-0.4906,-8.95679,0.308636,-0.003918477,-0.4730004035,0.0098525965
0.791514,-0.399333,-9.502701,0.015621,-0.0113680531,-0.4612939268,0.0130452719
0.79256,-0.255227,-10.53706,-0.414294,-0.0103038279,-0.4719361784,0.0119810468
0.79361,-0.178371,-10.417342,-0.311019,-0.0028542519,-0.5006702575,0.0055956959
0.794659,-0.264834,-9.402139,-0.553597,0.0056595494,-0.5357896876,-0.0018538802
0.795677,-0.281647,-9.167492,-0.500758,0.0077879997,-0.559202641,-0.0007896551
0.796726,-0.101514,-9.354252,-0.039619,-0.0007258016,-0.5719733428,0.0130452719
0.797775,0.155474,-10.235372,0.323047,-0.0103038279,-0.5921936207,0.0290086492
0.798824,0.525345,-10.393399,0.435929,-0.0252029801,-0.6049643226,0.034329775
0.799842,0.755915,-9.411716,0.455144,-0.0411663574,-0.594322071,0.0311370995
0.800893,0.62622,-9.426082,0.87305,-0.0464874832,-0.5772944686,0.0268801989
0.80194,0.419668,-9.608052,1.317376,-0.0379736819,-0.5719733428,0.0300728744
0.802989,0.277964,-9.476363,1.389429,-0.0220103046,-0.5741017931,0.0375224505
0.804007,0.018574,-9.976782,1.250127,-0.0081753776,-0.566652217,0.0428435762
0.805056,-0.308066,-10.132415,0.933094,0.0003384236,-0.5560099655,0.0439078014
0.806105,-0.514618,-10.055796,0.366278,0.0024668739,-0.55281729,0.034329775
0.807155,-0.430556,-9.835516,-0.015602,0.0035310991,-0.5400465882,0.0215590732
0.808204,-0.418547,-9.256083,-0.078048,0.0088522248,-0.5262116612,0.0162379474
0.809222,-0.639509,-9.533828,-0.010798,0.0152375758,-0.5400465882,0.0162379474
0.810272,-0.440163,-9.394955,-0.099664,0.0205587015,-0.5634595416,0.0215590732
0.81132,-0.16396,-8.68144,-0.560802,0.0184302512,-0.5741017931,0.0290086492
0.812369,-0.305664,-10.611285,-1.326964,0.0014026488,-0.5911293956,0.0417793511
0.81339,-0.27204,-10.759734,-1.713648,-0.0049827022,-0.5836798195,0.034329775
0.814436,-0.541037,-10.616073,-1.204474,-0.0081753776,-0.5772944686,0.0258159738
0.815486,-0.372914,-9.311153,-0.856219,-0.0092396028,-0.5794229189,0.0300728744
0.816535,0.129055,-8.633553,-0.582418,-0.003918477,-0.5836798195,0.0407151259
0.817553,0.412463,-9.615236,0.159727,0.0067237745,-0.5847440446,0.0556142781
0.818602,0.424471,-10.525088,0.431126,0.0226871518,-0.5847440446,0.0651923045
0.819651,0.210715,-10.855508,0.683311,0.0386505291,-0.600707422,0.0556142781
0.820701,-0.046274,-10.458046,1.038772,0.0492927807,-0.6262488256,0.0396509008
0.82175,-0.238415,-9.785234,0.69532,0.0524854561,-0.6283772759,0.0300728744
0.822769,-0.115925,-8.497075,0.632874,0.0407789794,-0.5964505213,0.0279444241
0.823817,0.083421,-8.032571,1.086807,0.0312009531,-0.5655879919,0.034329775
0.824866,-0.111121,-10.675932,1.24052,0.0429074297,-0.5645237667,0.0460362517
0.825915,-0.173567,-12.249019,0.676106,0.0546139064,-0.5826155943,0.0449720265
0.826932,0.090627,-9.751713,-0.066039,0.0492927807,-0.6049643226,0.0226232983
0.827982,-0.099113,-8.027782,-0.044423,0.0397147543,-0.6262488256,0.0034672456
0.829031,-0.651518,-9.246506,0.387894,0.0407789794,-0.6368910772,0.0151737222
0.83008,-0.723571,-9.756502,0.222173,0.0439716549,-0.6347626269,0.0407151259
0.831098,-0.394529,-9.241717,-0.195734,0.0258798273,-0.6326341766,0.0513573775
0.832148,-0.336887,-9.976782,-0.056432,0.0067237745,-0.6411479778,0.048164702
0.833196,-0.548242,-11.513954,-0.042021,0.0109806751,-0.6485975539,0.0407151259
0.834246,-0.447368,-11.020718,-0.073244,0.0194944764,-0.6326341766,0.0300728744
0.835295,-0.207192,-8.425244,0.392698,0.0184302512,-0.594322071,0.0215590732
0.836312,-0.281647,-8.178626,1.185279,0.0205587015,-0.5645237667,0.0258159738
0.837362,-0.103916,-9.98636,1.490303,0.0258798273,-0.5400465882,0.0439078014
0.838411,-0.012649,-9.768474,0.632874,0.0184302512,-0.4878995557,0.0524216026
0.83946,-0.649116,-10.513116,0.40951,0.023751377,-0.5070556084,0.034329775
0.840478,-0.906105,-11.387054,-0.044423,0.0301367279,-0.5262116612,0.0141094971
0.841527,-0.882087,-10.381427,0.423921,0.0397147543,-0.5272758863,0.0045314707
0.842576,-0.685143,-8.046937,0.337457,0.0450358801,-0.5304685618,0.006659921
0.843626,-0.497805,-8.145105,0.130906,0.0407789794,-0.5379181379,0.020494848
0.844645,-0.538635,-10.182696,0.217369,0.0397147543,-0.5421750385,0.034329775
0.845692,-0.519421,-10.671143,-0.697702,0.0365220788,-0.5560099655,0.0279444241
0.846741,-0.608286,-10.405371,-0.971503,0.0248156021,-0.5900651704,0.0024030204
0.847791,-0.850864,-10.448469,-0.212546,0.0184302512,-0.6336984017,-0.0135603569
0.84884,-0.692348,-9.926501,0.058853,0.0173660261,-0.6624324809,-0.0093034563
0.849858,-0.344092,-9.071718,0.299029,0.0077879997,-0.663496706,0.0077241462
0.850907,0.004163,-8.58806,0.707329,-0.0113680531,-0.6549829048,0.0247517486
0.853005,0.578184,-11.671981,0.827417,-0.0166891789,-0.6241203753,0.0258159738
0.854023,0.647835,-10.400582,0.676106,-0.0071111525,-0.5879367201,0.0151737222
0.851956,0.34041,-9.960022,0.740953,-0.0220103046,-0.6464691036,0.0300728744
0.855072,0.203509,-8.904114,0.65449,-0.0007258016,-0.5655879919,0.0055956959
0.856121,-0.147148,-8.887354,1.242921,0.0109806751,-0.5517530649,0.0141094971
0.85717,-0.175969,-9.435659,1.250127,0.0301367279,-0.5347254624,0.0322013247
0.858188,-0.377717,-10.932127,0.947505,0.0397147543,-0.5272758863,0.0364582253
0.859237,-0.211995,-10.666355,0.35427,0.0333294034,-0.525147436,0.0258159738
0.860286,-0.065488,-9.263266,-0.327831,0.0301367279,-0.5155694097,0.0055956959
0.861335,-0.418547,-9.459603,-0.027611,0.0312009531,-0.5123767342,-0.0029181054
0.862387,-0.404136,-9.502701,-0.010798,0.0333294034,-0.5208905354,0.0077241462
0.863402,-0.356101,-9.409322,-0.238966,0.0354578537,-0.5357896876,0.0194306229
0.864451,-0.557849,-9.818755,-0.531981,0.0120449003,-0.6124138986,0.0183663977
0.865501,-0.063086,-9.529039,-0.488749,0.0035310991,-0.6422122029,0.0141094971
0.86655,0.169885,-9.718193,-0.303813,-0.0007258016,-0.649661779,0.020494848
0.867567,0.280366,-9.629602,-0.325429,-0.0060469273,-0.6485975539,0.0332655499
0.868617,0.321196,-9.229745,-0.05403,-0.0103038279,-0.6432764281,0.0439078014
0.869666,0.482114,-9.588898,-0.027611,-0.0092396028,-0.6336984017,0.0534858278
0.870715,0.686264,-10.721425,-0.311019,0.0014026488,-0.6092212232,0.0588069535
0.871733,0.424471,-10.88424,-0.553597,0.0194944764,-0.5751660183,0.0598711787
0.872782,-0.151951,-10.122837,-0.563204,0.0397147543,-0.559202641,0.0513573775
0.873831,-0.637107,-10.098894,-0.147699,0.0641919328,-0.566652217,0.0396509008
0.874881,-0.742785,-10.024669,0.200557,0.0886691114,-0.5794229189,0.0353940002
0.875898,-0.512216,-9.172281,0.186146,0.1025040383,-0.5890009453,0.0364582253
0.876947,-0.44977,-8.73651,0.289422,0.0982471377,-0.6039000974,0.0375224505
0.877997,-0.591474,-9.61763,0.299029,0.0822837604,-0.6336984017,0.0364582253
0.879046,-0.553046,-10.932127,0.080469,0.0599350322,-0.6688178318,0.0290086492
0.880095,-0.442565,-10.611285,-0.09486,0.0365220788,-0.6954234606,0.0141094971
0.881112,-0.483395,-9.100451,-0.224555,0.0131091254,-0.7103226128,0.0013387952
0.882162,-0.497805,-8.552145,0.169334,0.0014026488,-0.718836414,0.0077241462
0.883211,-0.236013,-9.026226,0.680909,0.0024668739,-0.7273502152,0.0290086492
0.884263,0.316392,-10.048613,0.659293,0.00991645,-0.7369282416,0.0460362517
0.885278,0.777531,-10.956071,0.474358,0.0141733506,-0.7262859901,0.0502931523
0.886327,0.775129,-10.656777,0.366278,0.0120449003,-0.6890381097,0.0428435762
0.887376,0.357222,-9.560166,0.57283,0.0109806751,-0.6475333287,0.0322013247
0.888425,-0.06789,-8.415667,1.002745,0.0152375758,-0.6156065741,0.034329775
0.889443,-0.425752,-8.518624,1.528731,0.0312009531,-0.6049643226,0.048164702
0.890492,-0.456975,-10.683115,1.288555,0.0450358801,-0.6145423489,0.0683849799
0.891541,-0.209594,-10.067767,0.601651,0.0439716549,-0.5847440446,0.0502931523
0.89259,-0.57226,-10.328751,0.135709,0.0407789794,-0.5400465882,0.0290086492
0.893642,-0.793222,-9.888191,-0.152502,0.0312009531,-0.5006702575,0.0151737222
0.894657,-0.788418,-8.679045,0.08287,0.0269440524,-0.4793857544,0.0077241462
0.895707,-0.867677,-8.413273,0.126102,0.0248156021,-0.4783215293,0.0119810468
0.896756,-0.855668,-9.153126,-0.260582,0.0194944764,-0.5123767342,0.0247517486
0.897805,-0.718767,-10.383821,-0.601632,0.0205587015,-0.5794229189,0.0353940002
0.899872,-0.356101,-10.493961,-1.543123,0.0152375758,-0.6656251563,0.0215590732
0.898823,-0.425752,-10.704664,-1.264518,0.0226871518,-0.6379553023,0.034329775
0.900921,-0.512216,-10.620862,-0.788969,0.0014026488,-0.6709462821,0.0130452719
0.901971,-0.416145,-9.682277,-0.104467,-0.0113680531,-0.6613682557,0.020494848
0.902988,-0.360905,-8.212147,0.524795,-0.0166891789,-0.6507260042,0.034329775
0.904038,-0.329682,-7.92722,1.226109,-0.0166891789,-0.6592398054,0.0439078014
0.905087,0.138662,-9.406927,1.370215,-0.0049827022,-0.6752031827,0.0492289272
0.906138,0.513337,-11.789304,1.156458,0.0194944764,-0.6698820569,0.0428435762
0.907185,0.21792,-12.205921,0.834622,0.0269440524,-0.6422122029,0.0290086492
0.909252,-0.930122,-8.853833,0.906675,0.0014026488,-0.5900651704,0.0024030204
0.908203,-0.538635,-10.692692,0.815408,0.0184302512,-0.6166707993,0.0119810468
0.910301,-0.649116,-7.093986,0.829818,-0.0188176292,-0.5485603894,0.0034672456
0.91135,-0.649116,-8.31271,1.278948,-0.0156249537,-0.5283401115,0.0151737222
0.912368,-0.617893,-11.439729,1.144449,0.0077879997,-0.5549457403,0.0290086492
0.913417,0.160278,-11.248181,-0.301412,0.0216229267,-0.5900651704,0.0236875235
0.914466,0.460498,-9.426082,-0.928271,0.0226871518,-0.6049643226,0.0013387952
0.915518,-0.096711,-9.550588,-0.474338,0.0205587015,-0.6177350244,-0.007175006
0.916533,-0.317673,-9.778051,-0.414294,0.00991645,-0.6251846005,0.0098525965
0.917582,0.251545,-8.882565,0.049246,-0.0411663574,-0.6039000974,0.0492289272
0.918631,0.412463,-10.125232,0.178941,-0.0518086089,-0.6273130508,0.0534858278
0.919681,0.746308,-10.932127,0.186146,-0.0411663574,-0.6432764281,0.0534858278
0.92073,0.888012,-9.809178,0.138111,-0.0252029801,-0.6305057263,0.0524216026
0.921748,0.539756,-8.743693,0.404707,-0.0134965034,-0.6166707993,0.0556142781
0.922797,0.169885,-9.220168,0.659293,-0.0071111525,-0.600707422,0.0694492051
0.923846,-0.058283,-10.379033,0.519991,-0.0049827022,-0.5751660183,0.0843483572
0.924898,-0.183174,-10.551426,0.186146,-0.003918477,-0.5581384158,0.0843483572
0.925913,-0.240817,-10.127626,-0.455124,0.0024668739,-0.559202641,0.0683849799
0.926962,-0.440163,-10.532271,-0.469535,0.0205587015,-0.5655879919,0.048164702
0.928013,-0.44977,-10.101288,-0.433508,0.0386505291,-0.5687806673,0.0385866756
0.92906,-0.380119,-8.839467,-0.495954,0.051421231,-0.5783586937,0.0417793511
0.930078,-0.718767,-9.126788,-0.207743,0.0631277077,-0.6113496735,0.0556142781
0.931127,-0.906105,-10.175513,-0.800978,0.0599350322,-0.6666893815,0.0651923045
0.932177,-0.740383,-10.431708,-1.14443,0.0397147543,-0.7156437385,0.0545500529
0.933226,-0.685143,-10.024669,-0.808183,0.0163018009,-0.7507631686,0.034329775
0.934243,-0.596277,-9.627207,-0.707309,-0.0049827022,-0.7688549962,0.0247517486
0.935292,-0.507412,-9.691855,-0.027611,-0.017753404,-0.7773687975,0.0332655499
0.936342,-0.425752,-9.387772,0.616062,-0.0241387549,-0.7975890754,0.0524216026
0.937393,0.037788,-9.057352,0.632874,-0.0294598807,-0.8231304791,0.0662565296
0.93844,0.527747,-10.59213,0.760167,-0.0252029801,-0.8231304791,0.0694492051
0.939458,0.719888,-11.513954,0.937898,-0.0156249537,-0.7837541484,0.0662565296
0.940507,0.575782,-9.864248,0.89947,-0.0071111525,-0.7177721889,0.0524216026
0.941556,0.078618,-8.379752,1.103619,-0.0007258016,-0.6560471299,0.0417793511
0.942605,-0.562653,-10.048613,1.994673,0.0194944764,-0.6251846005,0.0715776554
0.943623,-0.577063,-11.36311,1.687247,0.0258798273,-0.6315699514,0.0790272315
0.944672,-0.197585,-10.118049,0.630472,0.0194944764,-0.6060285477,0.0630638542
0.945721,-0.298459,-9.078901,0.080469,0.0120449003,-0.5645237667,0.0332655499
0.946773,-0.745187,-9.72777,0.390296,0.0088522248,-0.5421750385,0.0236875235
0.947788,-0.66833,-9.699038,0.311038,0.0088522248,-0.5357896876,0.034329775
0.948837,-0.577063,-9.081296,-0.118878,0.0045953242,-0.5421750385,0.0449720265
0.949889,-0.874882,-9.409322,-0.323027,-0.0134965034,-0.5783586937,0.0513573775
0.950936,-0.83165,-10.273681,-0.769755,-0.031588331,-0.6294415011,0.0513573775
0.951985,-0.392128,-10.841142,-1.029145,-0.0401021322,-0.6571113551,0.0460362517
0.953003,-0.142344,-10.094105,-0.697702,-0.0464874832,-0.6581755802,0.0439078014
0.954052,-0.209594,-9.265661,-0.438312,-0.0496801586,-0.6528544545,0.0449720265
0.955102,-0.334485,-9.361435,0.195753,-0.0496801586,-0.6517902293,0.0534858278
0.956151,-0.334485,-9.332702,0.632874,-0.0432948077,-0.663496706,0.0662565296
0.957168,-0.288852,-9.813966,0.568026,-0.031588331,-0.6826527588,0.0683849799
0.958217,-0.185576,-10.501145,0.599249,-0.0262672052,-0.6858454342,0.0598711787
0.959269,-0.211995,-10.572975,0.500777,-0.0252029801,-0.663496706,0.0439078014
0.960316,-0.596277,-10.434103,0.911478,-0.017753404,-0.635826852,0.0322013247
0.961333,-0.95414,-9.871431,1.192484,-0.0092396028,-0.6198634747,0.0290086492
0.962383,-0.958944,-9.100451,0.969121,-0.0081753776,-0.6124138986,0.0311370995
0.963432,-0.819641,-8.487497,0.904273,-0.0156249537,-0.6102854483,0.0300728744
0.964481,-0.65392,-9.023831,0.299029,-0.0252029801,-0.6145423489,0.0279444241
0.96553,-0.550644,-10.975226,-0.195734,-0.031588331,-0.6230561502,0.0258159738
0.966548,-0.36811,-11.23621,-0.519972,-0.0305241059,-0.6315699514,0.0173021725
0.967597,-0.072693,-9.409322,-0.997923,-0.031588331,-0.635826852,0.0034672456
0.968649,-0.079899,-9.509884,0.402305,-0.0443590329,-0.6549829048,0.0322013247
0.969696,0.191501,-10.319174,0.57283,-0.0496801586,-0.6847812091,0.0566785032
0.970713,0.710281,-9.593686,0.390296,-0.0677719862,-0.6986161361,0.0673207548
0.971765,1.142598,-9.033409,0.111692,-0.0794784629,-0.6815885336,0.0673207548
0.972811,1.164214,-10.055796,0.323047,-0.0752215623,-0.6432764281,0.061999629
0.973861,0.912029,-10.53706,0.582437,-0.0656435359,-0.5996431968,0.061999629
0.974878,0.496524,-9.828333,0.971522,-0.0528728341,-0.5741017931,0.0673207548
0.975927,-0.029462,-9.263266,1.33659,-0.0401021322,-0.5858082698,0.075834556
0.976977,-0.228808,-9.56256,0.95471,-0.0337167813,-0.6156065741,0.0832841321
0.978026,-0.130336,-10.141992,0.529598,-0.0252029801,-0.6198634747,0.0854125824
0.979075,-0.127934,-9.828333,-0.044423,-0.0145607286,-0.5985789716,0.0779630063
0.980093,-0.224004,-9.636785,-0.536784,-0.0134965034,-0.5858082698,0.0662565296
0.981144,-0.322477,-9.998331,-0.443116,-0.0113680531,-0.5911293956,0.0566785032
0.982191,-0.358503,-9.459603,-0.548793,-0.0060469273,-0.6134781238,0.0556142781
0.98324,-0.456975,-8.908903,-0.731327,-0.003918477,-0.6517902293,0.0651923045
0.984258,-0.526626,-9.46918,-1.041154,-0.0060469273,-0.69116656,0.0779630063
0.985307,-0.396931,-10.752551,-1.480677,-0.0145607286,-0.7220290895,0.0811556818
0.986356,-0.293655,-11.413391,-1.384606,-0.0252029801,-0.7411851422,0.0715776554
0.987406,-0.192781,-9.794812,-1.00753,-0.0390379071,-0.746506268,0.0641280793
0.988423,-0.175969,-8.36778,-0.404687,-0.0475517083,-0.7454420428,0.0705134302
0.989472,-0.243218,-9.098056,0.380689,-0.045423258,-0.7550200692,0.0875410327
0.990524,-0.031863,-9.751713,0.592044,-0.0401021322,-0.7699192214,0.0981832842
0.99157,0.172286,-10.144387,0.620865,-0.0326525562,-0.7773687975,0.0928621585
0.99262,0.0546,-11.015929,0.721739,-0.0209460795,-0.7699192214,0.0779630063
0.99364,-0.139943,-10.762129,0.916282,-0.0103038279,-0.7507631686,0.0662565296
0.994686,-0.248022,-7.417224,0.861041,-0.0156249537,-0.6815885336,0.0726418805
0.995736,-0.382521,-9.2489,1.699256,-0.0103038279,-0.6709462821,0.0854125824
0.996785,-0.641911,-12.112541,1.644016,0.0035310991,-0.6837169839,0.0949906088
0.997802,-0.236013,-11.090154,0.359073,-0.003918477,-0.6815885336,0.0800914566
0.998851,-0.070292,-8.5713,0.126102,-0.0113680531,-0.6645609312,0.0513573775
0.999901,-0.488198,-8.5713,0.195753,-0.0134965034,-0.6571113551,0.0417793511
1.00095,-0.555447,-9.488335,0.32785,-0.0198818543,-0.6549829048,0.0577427284
1.001967,-0.440163,-9.658334,0.503179,-0.0262672052,-0.6549829048,0.0790272315
1.003019,-0.468984,-9.6727,0.236583,-0.0422305825,-0.6741389576,0.0864768075
1.004066,-0.442565,-10.357484,0.159727,-0.059258185,-0.7071299373,0.0790272315
1.005115,-0.070292,-10.659172,0.018023,-0.0667077611,-0.7135152882,0.0715776554
1.006132,0.184295,-9.639179,-0.157306,-0.0699004365,-0.6794600833,0.0694492051
1.007181,-0.142344,-9.153126,0.294225,-0.0667077611,-0.6485975539,0.0694492051
1.00823,-0.264834,-9.624813,0.649686,-0.0613866353,-0.6283772759,0.0737061057
1.00928,-0.288852,-9.667911,0.606455,-0.0528728341,-0.6092212232,0.0811556818
1.010329,-0.807633,-9.768474,0.659293,-0.0432948077,-0.6209276999,0.0854125824
1.011346,-0.961345,-10.187485,0.363877,-0.0337167813,-0.6539186796,0.0779630063
1.013444,-0.778811,-10.242555,0.142914,-0.0188176292,-0.6411479778,0.0439078014
1.012398,-0.673134,-10.33354,-0.015602,-0.0230745298,-0.6571113551,0.0588069535
1.014494,-0.990166,-9.775657,0.23178,-0.0166891789,-0.6379553023,0.0439078014
1.015514,-0.908507,-9.301576,-0.05403,-0.0156249537,-0.6507260042,0.048164702
1.017609,-0.57226,-9.440448,-0.200538,-0.0337167813,-0.6730747324,0.0492289272
1.01656,-0.70916,-9.141155,-0.109271,-0.0241387549,-0.6656251563,0.0502931523
1.018659,-0.536233,-10.558609,-0.522374,-0.0411663574,-0.6752031827,0.0385866756
1.019677,-0.392128,-10.869874,-0.378268,-0.0486159335,-0.6762674079,0.0258159738
1.020726,-0.192781,-8.853833,0.111692,-0.0496801586,-0.663496706,0.0300728744
1.021774,-0.156755,-9.239323,0.692918,-0.0635150856,-0.6826527588,0.048164702
1.022824,0.184295,-10.290442,0.793792,-0.0709646617,-0.7092583876,0.0630638542
1.023873,0.414864,-10.879452,0.616062,-0.0677719862,-0.7124510631,0.0651923045
1.024893,0.431677,-10.034247,0.556018,-0.0667077611,-0.6954234606,0.0524216026
1.02594,0.398052,-8.906508,0.849033,-0.0613866353,-0.6720105072,0.0396509008
1.026989,0.234732,-9.019043,1.463884,-0.0464874832,-0.6549829048,0.0449720265
1.028038,-0.019855,-10.405371,1.78572,-0.0241387549,-0.6592398054,0.0609354038
1.029056,-0.065488,-10.958465,1.202092,-0.0188176292,-0.6720105072,0.0694492051
1.030105,0.04019,-9.6727,0.375885,-0.0326525562,-0.6752031827,0.0588069535
1.031154,-0.058283,-9.299182,-0.044423,-0.0390379071,-0.6645609312,0.0439078014
1.032203,-0.139943,-9.823544,-0.483945,-0.0337167813,-0.6347626269,0.0407151259
1.034272,-0.23121,-8.940029,-0.027611,-0.0252029801,-0.6273130508,0.0449720265
1.033221,-0.113523,-9.201013,-0.507963,-0.0283956555,-0.6092212232,0.0428435762
1.035319,-0.322477,-9.622419,0.039639,-0.0252029801,-0.6826527588,0.0556142781
1.036368,-0.252825,-10.036641,-0.399884,-0.031588331,-0.7379924668,0.0715776554
1.037418,0.004163,-10.103683,-0.837005,-0.0432948077,-0.7645980956,0.0779630063
1.038435,0.323597,-10.228189,-1.338973,-0.0571297347,-0.7475704932,0.075834556
1.039484,0.292375,-10.417342,-1.245304,-0.0677719862,-0.7039372619,0.0715776554
1.040534,0.030582,-9.773263,-0.570409,-0.0613866353,-0.6656251563,0.0726418805
1.041583,0.057002,-9.110028,-0.447919,-0.0475517083,-0.6507260042,0.0822199069
1.0426,0.093028,-9.631996,-0.022807,-0.0294598807,-0.6592398054,0.0949906088
1.043649,-0.332084,-10.323963,0.166932,-0.003918477,-0.6805243085,0.10350441
1.044699,-0.711562,-10.733396,-0.068441,0.0141733506,-0.7124510631,0.0949906088
1.045748,-0.747588,-11.085366,0.32785,0.0301367279,-0.7390566919,0.0726418805
1.046768,-0.605884,-10.661566,0.140513,0.037586304,-0.7369282416,0.0534858278
1.047814,-0.132737,-7.280746,0.656892,0.0035310991,-0.6879738846,0.0513573775
1.048863,-0.392128,-8.923269,0.993138,0.0035310991,-0.7124510631,0.0630638542
1.049913,-0.413744,-11.569024,0.781783,0.0088522248,-0.7688549962,0.0705134302
1.050962,0.078618,-11.135647,-0.097262,0.0120449003,-0.8061028766,0.0598711787
1.051979,0.251545,-9.13876,-0.64006,0.0056595494,-0.8061028766,0.0364582253
1.053028,-0.175969,-9.131577,0.02763,-0.0113680531,-0.8029102011,0.0353940002
1.054078,-0.197585,-10.070162,0.339859,-0.0198818543,-0.8007817508,0.0598711787
1.055127,0.035386,-9.794812,0.27261,-0.0262672052,-0.7837541484,0.0800914566
1.056147,-0.036667,-9.162704,0.688114,-0.0411663574,-0.7794972478,0.0864768075
1.057193,0.037788,-10.103683,0.930692,-0.0379736819,-0.7943963999,0.0854125824
1.058243,0.172286,-10.599313,0.904273,-0.0134965034,-0.7816256981,0.0779630063
1.059292,0.126653,-8.935241,0.863443,0.0014026488,-0.7422493674,0.0705134302
1.060309,-0.075095,-8.676651,1.365411,0.0088522248,-0.7060657122,0.0705134302
1.061359,-0.425752,-10.33354,1.454277,0.0173660261,-0.6709462821,0.0811556818
1.062408,-0.423351,-10.546637,0.625669,0.0045953242,-0.6294415011,0.0875410327
1.063457,-0.392128,-9.921712,0.435929,-0.0103038279,-0.5921936207,0.075834556
1.064475,-0.783615,-10.177907,0.152521,-0.0081753776,-0.5783586937,0.0566785032
1.065525,-0.77641,-9.82115,-0.169315,-0.003918477,-0.580487144,0.0417793511
1.066573,-0.617893,-9.033409,0.178941,0.0056595494,-0.586872495,0.0353940002
1.067622,-0.742785,-9.01186,0.147718,0.0194944764,-0.621991925,0.0449720265
1.068671,-0.641911,-9.198619,-0.51757,0.0226871518,-0.6783958582,0.0588069535
1.069689,-0.673134,-10.295231,-0.949887,0.0194944764,-0.7209648643,0.0641280793
1.070738,-0.834052,-11.264942,-0.873031,0.0035310991,-0.7475704932,0.0566785032
1.071788,-0.764401,-10.711847,-0.913861,-0.0252029801,-0.7656623208,0.0375224505
1.072837,-0.497805,-8.463554,0.584839,-0.0507443838,-0.7592769698,0.0322013247
1.073855,-0.341691,-8.5713,1.127637,-0.0379736819,-0.7635338705,0.0513573775
1.074903,-0.029462,-9.294393,1.574365,-0.0262672052,-0.7848183735,0.0641280793
1.075953,0.371633,-10.711847,0.880255,-0.0209460795,-0.7826899232,0.0609354038
1.077002,0.141064,-11.880289,0.61366,-0.0103038279,-0.7475704932,0.0460362517
1.078022,-0.44977,-10.905789,0.592044,-0.0092396028,-0.7177721889,0.0236875235
1.079069,-0.428154,-9.124394,0.515188,-0.0209460795,-0.69116656,0.0098525965
1.080118,-0.144746,-7.843418,1.043575,-0.0273314304,-0.6485975539,0.0141094971
1.081167,-0.358503,-8.521018,1.415848,-0.0145607286,-0.6347626269,0.0300728744
1.082216,-0.444966,-10.920156,1.36301,0.0024668739,-0.6613682557,0.0460362517
1.083234,0.124251,-10.932127,0.339859,0.0131091254,-0.6794600833,0.0449720265
1.084283,0.350017,-9.239323,-0.481544,0.0194944764,-0.6837169839,0.0268801989
1.085332,-0.072693,-9.387772,-0.51757,0.0163018009,-0.6869096594,0.0141094971
1.086382,-0.221603,-9.871431,-0.611239,0.0035310991,-0.6752031827,0.0215590732
1.0874,-0.094309,-9.280027,-0.404687,-0.0166891789,-0.6571113551,0.034329775
1.088448,-0.20479,-9.306365,-0.106869,-0.0358452316,-0.6752031827,0.0428435762
1.089498,-0.257629,-10.436497,0.010818,-0.0432948077,-0.7241575398,0.0492289272
1.090547,0.069011,-10.685509,-0.058834,-0.0326525562,-0.7539558441,0.048164702
1.091564,0.318794,-9.428476,-0.037218,-0.017753404,-0.7486347183,0.0417793511
1.092613,0.294776,-8.60482,0.260601,-0.0113680531,-0.7347997913,0.0449720265
1.093663,0.414864,-8.870593,0.539205,-0.0081753776,-0.7262859901,0.0588069535
1.094712,0.39565,-9.806783,0.644883,-0.0007258016,-0.7124510631,0.0726418805
1.095761,0.037788,-10.752551,0.387894,-0.0007258016,-0.7018088115,0.0768987812
1.096779,-0.211995,-10.699875,0.00121,-0.0071111525,-0.7018088115,0.0662565296
1.097828,-0.413744,-10.656777,-0.294206,0.0014026488,-0.705001487,0.0449720265
1.098877,-0.233611,-8.803551,-0.114074,0.0450358801,-0.6847812091,0.0311370995
1.099926,-0.322477,-8.09243,-0.344643,0.0631277077,-0.6847812091,0.0460362517
1.100944,-0.512216,-9.416505,-0.625649,0.065256158,-0.705001487,0.0598711787
1.101993,-0.716366,-10.941705,-0.889843,0.058870807,-0.7369282416,0.0577427284
1.103042,-0.963747,-10.948888,-0.748139,0.0471643304,-0.7816256981,0.0385866756
1.104091,-0.973354,-9.983965,-0.577614,0.0333294034,-0.8380296312,0.0183663977
1.105109,-0.670732,-9.399744,-0.628051,0.0173660261,-0.8667637104,0.0109168216
1.106158,-0.298459,-8.966367,-0.044423,0.0024668739,-0.8550572337,0.0247517486
1.107208,0.083421,-9.272844,0.644883,-0.0028542519,-0.8454792073,0.0471004769
1.108257,0.474908,-10.70227,1.014754,-0.0007258016,-0.857185684,0.0588069535
1.109306,0.758316,-10.556215,0.99554,-0.0007258016,-0.8561214588,0.0566785032
1.110323,0.731897,-8.947212,0.844229,0.0003384236,-0.8284516048,0.0449720265
1.111373,0.362026,-8.767636,1.278948,0.00991645,-0.7933321748,0.0375224505
1.112422,0.020975,-9.610447,1.735283,0.023751377,-0.7635338705,0.0492289272
1.113471,-0.315271,-10.759734,1.831353,0.0365220788,-0.7528916189,0.0630638542
1.114489,-0.478591,-10.845931,1.399036,0.037586304,-0.7496989435,0.0630638542
1.115538,-0.260031,-9.169887,0.452742,0.0258798273,-0.7284144404,0.0471004769
1.117636,-0.752392,-10.127626,0.57283,0.0492927807,-0.6571113551,0.0258159738
1.116586,-0.466582,-9.119605,0.40951,0.0290725027,-0.6922307852,0.0290086492
1.118653,-0.557849,-9.339885,-0.159708,0.0620634825,-0.6283772759,0.0236875235
1.119703,-0.574662,-8.724538,-0.255778,0.0631277077,-0.6294415011,0.0215590732
1.120752,-0.74999,-9.751713,-0.445517,0.058870807,-0.6666893815,0.0268801989
1.121801,-0.733178,-10.735791,-1.358187,0.0492927807,-0.7060657122,0.034329775
1.12285,-0.639509,-10.534665,-1.696835,0.0312009531,-0.7305428907,0.0353940002
1.123867,-0.406538,-10.034247,-1.535917,0.0131091254,-0.7486347183,0.0290086492
1.124917,-0.428154,-9.734953,0.030032,0.0014026488,-0.7550200692,0.0290086492
1.125966,-0.236013,-7.903276,0.467152,0.0035310991,-0.7571485195,0.0460362517
1.127017,-0.06789,-7.745249,0.726543,0.0141733506,-0.7794972478,0.0566785032
1.128032,0.047395,-10.314385,0.957112,0.0301367279,-0.8061028766,0.0630638542
1.129081,0.263553,-12.55789,0.731346,0.0450358801,-0.7922679496,0.0566785032
1.130131,-0.115925,-12.275357,0.524795,0.0546139064,-0.7433135925,0.0332655499
1.13118,-0.949336,-10.580158,0.868247,0.0546139064,-0.7145795134,0.006659921
1.132197,-0.932524,-8.240879,0.918684,0.0429074297,-0.6996803612,-0.0050465557
1.133247,-0.512216,-6.856946,1.24052,0.0418432046,-0.6720105072,-0.0007896551
1.134296,-0.807633,-8.940029,1.831353,0.0599350322,-0.677331633,0.0173021725
1.135345,-0.930122,-11.906627,1.226109,0.072705734,-0.7369282416,0.0279444241
1.136362,-0.139943,-11.341561,-0.010798,0.0737699592,-0.7986533005,0.0109168216
1.137412,0.448489,-8.990311,-0.697702,0.0631277077,-0.8178093533,-0.021009933
1.138461,0.037788,-9.100451,-0.207743,0.0397147543,-0.8124882275,-0.0242026084
1.13951,-0.303262,-10.292836,0.270208,0.0141733506,-0.8061028766,0.0055956959
1.14056,0.215518,-9.39735,-0.118878,-0.0134965034,-0.7922679496,0.0311370995
1.141577,0.582988,-8.741298,-0.032414,-0.0358452316,-0.7794972478,0.0375224505
1.142626,0.566175,-10.546637,-0.008397,-0.0347810065,-0.7826899232,0.0353940002
1.143675,0.700674,-11.035084,-0.118878,-0.0124322782,-0.7688549962,0.0364582253
1.144724,0.527747,-8.899325,0.296627,0.0152375758,-0.746506268,0.0353940002
1.145742,0.246741,-8.269612,0.589642,0.0322651782,-0.7422493674,0.0396509008
1.146791,0.265955,-9.787629,0.760167,0.0429074297,-0.7220290895,0.0577427284
1.14784,0.01377,-11.001563,0.793792,0.0461001052,-0.6826527588,0.0747703308
1.148892,-0.296057,-10.912972,0.644883,0.0397147543,-0.6666893815,0.0747703308
1.149907,-0.228808,-9.902557,0.046844,0.0407789794,-0.6592398054,0.0545500529
1.150956,-0.228808,-9.500307,-0.236564,0.0492927807,-0.635826852,0.0322013247
1.152005,-0.202388,-8.837072,-0.073244,0.079091085,-0.6379553023,0.0375224505
1.153055,-0.329682,-9.150732,-0.738532,0.0886691114,-0.6869096594,0.0502931523
1.154104,-0.610688,-10.673538,-1.125216,0.0822837604,-0.7337355662,0.0566785032
1.155121,-0.733178,-11.348744,-1.358187,0.0695130586,-0.7699192214,0.0460362517
1.15617,-0.682741,-10.192274,-1.101198,0.0524854561,-0.8061028766,0.0290086492
1.15722,-0.658723,-9.380589,-0.58482,0.0343936285,-0.8454792073,0.0226232983
1.158271,-0.526626,-9.421293,-0.078048,0.023751377,-0.8742132864,0.0311370995
1.159287,-0.207192,-8.861016,0.279815,0.0173660261,-0.898690465,0.0449720265
1.160336,0.241938,-9.246506,0.606455,0.0163018009,-0.9242318687,0.0534858278
1.161385,0.472507,-11.106915,0.666499,0.0290725027,-0.9274245441,0.0545500529
1.162434,0.287571,-11.461278,0.488768,0.0471643304,-0.9050758159,0.0428435762
1.163451,0.049797,-9.402139,0.524795,0.0546139064,-0.871020611,0.0258159738
1.164501,-0.147148,-7.690179,0.707329,0.0492927807,-0.8327085054,0.0215590732
1.16555,-0.524225,-8.97355,1.547945,0.0556781316,-0.8220662539,0.0375224505
1.166599,-0.711562,-11.674375,1.925022,0.0716415089,-0.8390938564,0.0577427284
1.167651,-0.192781,-10.946493,1.043575,0.0673846083,-0.82951583,0.0588069535
1.168665,-0.065488,-8.674257,0.54641,0.0556781316,-0.7901394993,0.0375224505
1.169715,-0.553046,-9.205802,0.625669,0.0546139064,-0.7571485195,0.0173021725
1.170766,-0.401735,-9.691855,0.570428,0.0556781316,-0.7241575398,0.0151737222
1.171813,-0.113523,-8.963973,0.58724,0.0567423567,-0.6932950103,0.0236875235
1.17283,-0.267236,-9.246506,0.515188,0.0482285555,-0.69116656,0.0364582253
1.17388,-0.454573,-10.49875,0.070862,0.0301367279,-0.7135152882,0.0428435762
1.174929,-0.425752,-11.245787,-0.277394,0.0131091254,-0.7337355662,0.0439078014
1.175978,-0.173567,-10.391004,-0.457526,0.0003384236,-0.7337355662,0.0417793511
1.176995,-0.19038,-9.033409,-0.200538,-0.003918477,-0.7305428907,0.0375224505
1.178045,-0.06789,-8.576088,0.421519,0.0024668739,-0.7422493674,0.0502931523
1.179094,-0.039069,-10.024669,0.234181,0.0152375758,-0.7433135925,0.0630638542
1.180146,-0.464181,-11.200294,-0.049227,0.0301367279,-0.7550200692,0.061999629
1.181192,-0.728374,-10.726213,-0.169315,0.0386505291,-0.7763045723,0.0417793511
1.18221,-0.925319,-10.295231,-0.05403,0.0429074297,-0.7965248502,0.0215590732
1.183259,-1.043005,-10.204245,0.318243,0.0492927807,-0.8007817508,0.0141094971
1.184308,-0.860471,-9.409322,0.483965,0.0546139064,-0.7869468238,0.0162379474
1.185357,-0.444966,-8.006233,0.431126,0.0461001052,-0.7645980956,0.0194306229
1.186375,-0.28645,-8.188204,0.486366,0.0365220788,-0.7571485195,0.0183663977
1.187424,-0.58667,-10.752551,0.073263,0.0333294034,-0.7784330226,0.0141094971
1.188473,-0.658723,-11.727051,-0.337438,0.0301367279,-0.8114240024,0.0045314707
1.189525,-0.488198,-10.098894,-0.642462,0.0312009531,-0.8273873797,-0.0114319066
1.19054,-0.480993,-9.133971,-0.467133,0.023751377,-0.8231304791,-0.0156888072
1.191589,-0.432958,-9.593686,0.380689,0.0141733506,-0.815680903,0.0024030204
1.193687,0.489319,-9.394955,0.671302,-0.0103038279,-0.8135524527,0.0364582253
1.19264,-0.055881,-9.94805,0.54641,0.0056595494,-0.8146166778,0.0247517486
1.194705,0.791941,-9.014254,0.815408,-0.017753404,-0.8007817508,0.034329775
1.195754,0.851985,-9.574532,0.539205,-0.0103038279,-0.7688549962,0.0290086492
1.196803,0.647835,-10.106077,0.966719,0.0056595494,-0.7284144404,0.0311370995
1.197853,0.117046,-10.489173,1.329385,0.0280082776,-0.7081941625,0.0385866756
1.198902,-0.154353,-10.161147,1.072396,0.0343936285,-0.7113868379,0.0449720265
1.199919,-0.091907,-9.019043,0.700123,0.023751377,-0.7145795134,0.0417793511
1.200968,-0.161558,-9.517067,0.337457,0.0194944764,-0.7028730367,0.0375224505
1.20202,-0.10872,-10.355089,-0.015602,0.0226871518,-0.6730747324,0.0396509008
1.203067,-0.005444,-9.272844,-0.342242,0.0482285555,-0.6741389576,0.0322013247
1.204084,-0.04147,-9.694249,-0.64006,0.0609992574,-0.718836414,0.0332655499
1.205133,-0.072693,-9.653545,-1.451856,0.0641919328,-0.7507631686,0.0428435762
1.206182,-0.36811,-9.715798,-1.478275,0.0567423567,-0.7773687975,0.0534858278
1.207232,-0.54584,-10.496356,-1.728058,0.0429074297,-0.8092955521,0.0566785032
1.208249,-0.372914,-11.10452,-1.538319,0.0290725027,-0.8359011809,0.048164702
1.209298,-0.173567,-10.089317,-0.873031,0.0205587015,-0.843350757,0.0407151259
1.210348,-0.048676,-8.707777,-0.315822,0.0152375758,-0.843350757,0.048164702
1.211399,-0.010247,-8.801157,0.469554,0.0226871518,-0.857185684,0.0641280793
1.212446,-0.137541,-9.801995,0.580035,0.0354578537,-0.8805986374,0.0737061057
1.213463,-0.341691,-10.599313,0.558419,0.0429074297,-0.8976262398,0.0673207548
1.214512,-0.639509,-10.944099,0.652088,0.0482285555,-0.9072042662,0.048164702
1.215562,-0.754794,-10.726213,0.726543,0.0524854561,-0.9082684914,0.0290086492
1.216611,-0.562653,-9.224957,0.933094,0.0556781316,-0.8891124386,0.0226232983
1.217628,-0.351298,-7.587222,0.885059,0.0503570058,-0.8603783594,0.0311370995
1.218678,-0.432958,-9.299182,1.550347,0.0556781316,-0.8646352601,0.0428435762
1.219727,-0.322477,-11.911416,1.471089,0.0641919328,-0.884855538,0.0502931523
1.220776,0.265955,-10.642411,0.207762,0.0546139064,-0.8688921607,0.0396509008
1.221793,0.169885,-8.664679,0.032433,0.0450358801,-0.8241947042,0.0183663977
1.222842,-0.401735,-8.870593,0.258199,0.0418432046,-0.7975890754,0.0173021725
1.223894,-0.396931,-9.378195,0.289422,0.0365220788,-0.7954606251,0.034329775
1.224941,-0.156755,-9.529039,0.289422,0.0290725027,-0.7975890754,0.0502931523
1.22599,-0.214397,-10.149175,0.289422,0.0173660261,-0.8071671018,0.0598711787
1.227008,-0.341691,-11.169168,0.279815,0.0056595494,-0.8241947042,0.0609354038
1.228057,-0.120729,-10.678326,0.039639,-0.0028542519,-0.8188735785,0.0545500529
1.229106,0.085823,-8.6982,0.263003,-0.0103038279,-0.7805614729,0.0471004769
1.230155,-0.10872,-9.576926,1.2141,-0.0007258016,-0.7230933146,0.0609354038
1.231173,-0.084702,-10.307202,1.053182,0.0067237745,-0.7092583876,0.0705134302
1.232222,-0.394529,-10.132415,0.6689,0.0163018009,-0.718836414,0.0673207548
1.23432,-0.855668,-11.011141,-0.166913,0.0216229267,-0.7656623208,0.0353940002
1.235337,-0.867677,-10.05819,0.114093,0.0205587015,-0.7645980956,0.0290086492
1.233273,-0.718767,-10.522694,0.06846,0.0205587015,-0.7496989435,0.0513573775
1.236387,-0.725973,-8.51623,0.279815,0.0205587015,-0.7667265459,0.0290086492
1.237436,-0.663527,-8.62637,0.265404,0.0194944764,-0.7805614729,0.0375224505
1.238485,-0.579465,-9.41411,0.224574,0.0173660261,-0.8039744263,0.048164702
1.239534,-0.4906,-10.091711,-0.301412,0.0152375758,-0.8305800551,0.0407151259
1.240552,-0.579465,-10.759734,-0.77696,0.0024668739,-0.8465434324,0.0215590732
1.243699,-0.577063,-9.251295,0.289422,-0.0198818543,-0.8359011809,0.0226232983
1.241601,-0.737981,-10.611285,-0.594427,-0.0124322782,-0.8476076576,0.0077241462
1.242651,-0.79082,-10.218611,-0.246171,-0.0156249537,-0.8412223067,0.0087883713
1.244717,-0.195183,-8.607215,0.755364,-0.0337167813,-0.843350757,0.0375224505
1.245768,0.157876,-9.792417,1.026763,-0.045423258,-0.8561214588,0.0460362517
1.246815,0.357222,-10.786072,0.940299,-0.0464874832,-0.8529287834,0.0449720265
1.247864,0.345213,-10.127626,0.743355,-0.0432948077,-0.82951583,0.0332655499
1.248882,0.246741,-8.805946,0.997942,-0.0390379071,-0.7954606251,0.0258159738
1.249931,0.088225,-9.136366,1.310171,-0.0230745298,-0.7709834465,0.034329775
1.252029,0.184295,-10.711847,0.702525,-0.0007258016,-0.7486347183,0.0492289272
1.253079,0.277964,-8.978339,0.195753,-0.0113680531,-0.7284144404,0.0364582253
1.254096,-0.130336,-9.464392,0.308636,-0.0092396028,-0.7220290895,0.0268801989
1.255148,-0.125532,-9.715798,-0.27259,-0.0007258016,-0.7103226128,0.0300728744
1.25098,-0.048676,-11.092549,1.406241,-0.0007258016,-0.7635338705,0.048164702
1.256195,-0.091907,-8.80834,0.31344,0.0045953242,-0.7294786655,0.0428435762
1.257244,-0.252825,-10.158753,0.044442,-0.0017900267,-0.7933321748,0.0598711787
1.258261,-0.178371,-10.620862,-0.582418,-0.0166891789,-0.8422865318,0.0694492051
1.25931,0.064207,-10.180302,-1.118011,-0.0379736819,-0.8582499091,0.0683849799
1.26036,0.318794,-9.955233,-1.36299,-0.059258185,-0.8422865318,0.0630638542
1.261409,0.081019,-9.87622,-0.865826,-0.0624508605,-0.8146166778,0.0641280793
1.262426,-0.094309,-9.050169,-0.294206,-0.0507443838,-0.8007817508,0.075834556
1.263476,0.31399,-8.937635,-0.469535,-0.0369094568,-0.801845976,0.089669483
1.264527,0.369231,-10.453258,-0.510365,-0.0166891789,-0.7997175257,0.0992475094
1.265574,-0.308066,-11.042267,-0.469535,0.0056595494,-0.8050386515,0.0960548339
1.266592,-0.966149,-10.690298,-0.337438,0.0258798273,-0.8412223067,0.0768987812
1.267643,-1.069425,-10.889029,0.066058,0.0492927807,-0.8784701871,0.0566785032
1.26869,-0.663527,-9.835516,-0.118878,0.0546139064,-0.871020611,0.0502931523
1.269739,-0.363307,-7.692574,0.289422,0.037586304,-0.8444149821,0.0524216026
1.270788,-0.468984,-7.850601,1.11803,0.0290725027,-0.8518645582,0.0598711787
1.271806,-0.517019,-10.486778,0.949907,0.0290725027,-0.8954977895,0.0630638542
1.272855,-0.096711,-11.657615,0.315841,0.0184302512,-0.933809895,0.0502931523
1.273904,0.241938,-9.914529,-0.087655,0.0014026488,-0.933809895,0.0290086492
1.274953,-0.173567,-8.734115,0.188548,-0.0145607286,-0.9178465177,0.0236875235
1.275971,-0.466582,-9.74453,0.599249,-0.0230745298,-0.9210391932,0.0417793511
1.277022,-0.034265,-10.400582,0.606455,-0.0262672052,-0.9252960938,0.0683849799
1.278069,0.225125,-9.529039,0.539205,-0.0369094568,-0.9082684914,0.0811556818
1.279118,0.064207,-9.284815,0.620865,-0.0464874832,-0.8944335644,0.0768987812
1.280136,0.01377,-9.926501,0.79139,-0.0411663574,-0.8784701871,0.0651923045
1.281185,0.01377,-9.136366,0.909077,-0.0241387549,-0.8412223067,0.0609354038
1.282234,-0.625099,-10.225794,1.216502,0.0131091254,-0.7933321748,0.0737061057
1.28535,-0.896498,-10.944099,-0.183725,0.0056595494,-0.7135152882,0.0513573775
1.283283,-0.40894,-10.527482,0.385492,0.0173660261,-0.7677907711,0.0768987812
1.284333,-0.418547,-10.175513,-0.164511,0.00991645,-0.7337355662,0.0662565296
1.286401,-0.79082,-10.11326,-0.661676,0.0024668739,-0.6975519109,0.0385866756
1.287448,-0.529028,-8.351019,-0.010798,0.0045953242,-0.6922307852,0.0332655499
1.288497,-0.589072,-8.621581,0.69532,0.0152375758,-0.7294786655,0.0471004769
1.289517,-0.269638,-9.620024,-0.070842,0.0205587015,-0.7890752741,0.0705134302
1.290564,-0.195183,-10.187485,-0.628051,0.0120449003,-0.8316442803,0.0747703308
1.291613,-0.593876,-10.486778,-0.997923,-0.0113680531,-0.8582499091,0.0630638542
1.292662,-0.745187,-10.458046,-1.098797,-0.0422305825,-0.8635710349,0.0439078014
1.29368,-0.769204,-10.089317,-0.13569,-0.0613866353,-0.8539930085,0.0311370995
1.294729,-0.692348,-9.485941,0.659293,-0.0613866353,-0.8465434324,0.0375224505
1.295779,-0.509814,-8.719749,1.170869,-0.0496801586,-0.857185684,0.0545500529
1.296827,-0.252825,-8.782002,1.353403,-0.0369094568,-0.8901766637,0.061999629
1.297876,0.215518,-10.640017,1.041173,-0.0273314304,-0.9082684914,0.0577427284
1.298896,0.181894,-11.784515,0.952308,-0.0156249537,-0.8774059619,0.048164702
1.299943,-0.533832,-10.795649,0.637677,-0.0145607286,-0.8380296312,0.0322013247
1.300992,-0.83165,-9.102845,0.73615,-0.031588331,-0.8199378036,0.0173021725
1.302041,-0.622697,-7.958346,1.314974,-0.0390379071,-0.8039744263,0.0215590732
1.303058,-0.596277,-9.174675,1.694453,-0.0230745298,-0.8082313269,0.0385866756
1.304107,-0.344092,-11.231421,1.259734,-0.0113680531,-0.8412223067,0.0492289272
1.305157,0.513337,-10.417342,-0.311019,-0.0198818543,-0.8465434324,0.0407151259
1.307223,-0.005444,-9.50749,-0.433508,-0.0326525562,-0.788011049,0.0194306229
1.306206,0.655041,-8.930452,-0.784166,-0.0283956555,-0.8135524527,0.0215590732
1.308275,0.047395,-9.105239,-0.147699,-0.0379736819,-0.7635338705,0.0524216026
1.309321,-0.096711,-9.239323,-0.099664,-0.0486159335,-0.7848183735,0.061999629
1.31037,-0.012649,-10.525088,-0.207743,-0.0603224102,-0.8284516048,0.0662565296
1.311419,0.376436,-10.795649,-0.0132,-0.0624508605,-0.8454792073,0.0651923045
1.312437,0.659844,-9.694249,0.085272,-0.059258185,-0.82951583,0.0662565296
1.313486,0.657442,-9.098056,0.332654,-0.0539370592,-0.8061028766,0.0737061057
1.314536,0.570979,-8.856227,0.65449,-0.045423258,-0.7837541484,0.0864768075
1.315585,0.417266,-9.155521,0.637677,-0.0347810065,-0.7699192214,0.0971190591
1.316602,0.119448,-10.642411,0.32785,-0.0241387549,-0.7752403472,0.1013759597
1.317652,-0.048676,-11.027901,-0.243769,-0.0113680531,-0.788011049,0.0960548339
1.3187,-0.322477,-10.563398,-0.740934,-0.0017900267,-0.801845976,0.0747703308
1.31975,-0.629902,-10.824382,-0.500758,0.0077879997,-0.8199378036,0.0588069535
1.320769,-0.4906,-9.790023,-0.260582,0.023751377,-0.8316442803,0.061999629
1.321816,-0.411342,-8.173838,-0.327831,0.037586304,-0.8412223067,0.0694492051
1.322865,-0.596277,-8.750876,-0.128485,0.037586304,-0.8688921607,0.0747703308
1.323914,-0.781213,-10.192274,-0.342242,0.0258798273,-0.9093327165,0.0694492051
1.324932,-0.894096,-10.491567,-0.654471,0.0045953242,-0.9582870736,0.0502931523
1.325981,-0.663527,-9.85467,-0.560802,-0.0198818543,-1.0019203049,0.0332655499
1.32703,-0.411342,-9.722981,-0.450321,-0.031588331,-1.0136267816,0.034329775
1.328079,-0.32728,-10.26171,0.099683,-0.0358452316,-1.0051129803,0.0524216026
1.329129,-0.012649,-10.242555,0.507982,-0.0347810065,-0.9976634043,0.0715776554
1.330149,0.29958,-9.629602,0.532,-0.0401021322,-0.9838284773,0.075834556
1.331195,0.388445,-9.313548,0.87305,-0.0518086089,-0.9604155239,0.0694492051
1.332244,0.407659,-9.52425,1.211699,-0.0464874832,-0.9242318687,0.0641280793
1.333293,0.213116,-9.155521,1.456678,-0.0273314304,-0.8795344122,0.0683849799
1.334311,-0.298459,-10.510722,1.905808,0.0120449003,-0.8688921607,0.0875410327
1.33536,-0.437761,-12.272962,1.516722,0.0248156021,-0.8593141343,0.089669483
1.33641,-0.348896,-10.42692,0.373484,0.0120449003,-0.8061028766,0.0715776554
1.337458,-0.399333,-8.437216,0.315841,-0.0081753776,-0.7347997913,0.0460362517
1.338476,-0.766803,-9.019043,0.947505,-0.0092396028,-0.6783958582,0.0407151259
1.339527,-0.74999,-8.978339,0.402305,-0.0060469273,-0.6539186796,0.0471004769
1.340574,-0.488198,-8.614398,0.229378,-0.0049827022,-0.677331633,0.0513573775
1.341624,-0.456975,-9.694249,-0.174118,0.0024668739,-0.7390566919,0.0577427284
1.342672,-0.622697,-11.059028,-1.619979,0.0024668739,-0.8029102011,0.0598711787
1.34369,-0.906105,-11.506771,-1.752076,-0.0145607286,-0.8539930085,0.0534858278
1.344739,-0.802829,-10.520299,-1.531114,-0.0401021322,-0.8859197631,0.0471004769
1.345788,-0.435359,-9.186647,-1.314955,-0.0571297347,-0.8869839883,0.0471004769
1.346838,-0.468984,-8.868199,-0.020405,-0.0571297347,-0.8784701871,0.0556142781
1.347855,-0.440163,-8.635947,0.724141,-0.0464874832,-0.8954977895,0.0705134302
1.348904,0.030582,-8.288766,0.673704,-0.0337167813,-0.9316814447,0.075834556
1.349954,0.42207,-10.197062,0.796194,-0.0156249537,-0.9593512987,0.0662565296
1.352023,-0.356101,-12.021556,0.77698,0.0014026488,-0.8997546901,0.0396509008
1.353069,-1.112656,-9.983965,0.923487,-0.0007258016,-0.8667637104,0.0236875235
1.351002,0.347615,-12.55789,0.839425,-0.0028542519,-0.9455163717,0.0534858278
1.354119,-1.071826,-7.948769,0.973924,-0.0156249537,-0.8454792073,0.0173021725
1.355168,-0.807633,-7.467505,1.166065,-0.0198818543,-0.8220662539,0.0226232983
1.356217,-0.896498,-9.957627,1.319778,-0.0071111525,-0.8263231545,0.0322013247
1.357234,-0.557849,-11.683953,0.692918,0.0045953242,-0.8593141343,0.0311370995
1.358284,0.193902,-9.78284,-0.234162,0.00991645,-0.8795344122,0.0109168216
1.359333,0.143465,-8.607215,-0.404687,0.00991645,-0.8774059619,-0.0050465557
1.360382,-0.310468,-10.527482,-0.114074,-0.0071111525,-0.8720848361,0.0290086492
1.361402,0.189099,-8.940029,-0.366259,-0.0411663574,-0.8635710349,0.0396509008
1.362449,0.472507,-8.777214,-0.073244,-0.0709646617,-0.8614425846,0.0428435762
1.363498,0.698272,-10.637622,0.008416,-0.073093112,-0.8614425846,0.0460362517
1.364547,0.979279,-10.71903,0.10929,-0.0539370592,-0.8369654061,0.0513573775
1.365564,0.871199,-8.805946,0.296627,-0.0305241059,-0.8050386515,0.0545500529
1.366614,0.460498,-8.406089,0.678507,-0.0124322782,-0.7975890754,0.0609354038
1.367663,0.150671,-9.974388,0.805801,0.0056595494,-0.801845976,0.075834556
1.368712,-0.029462,-11.080577,0.58724,0.0163018009,-0.7975890754,0.0864768075
1.369761,-0.046274,-10.400582,-0.001191,0.0141733506,-0.7890752741,0.0800914566
1.37078,-0.183174,-9.93129,-0.620846,0.0077879997,-0.7805614729,0.0588069535
1.371828,-0.413744,-10.11326,-0.323027,0.0120449003,-0.7688549962,0.0417793511
1.372877,-0.332084,-9.409322,-0.38067,0.0269440524,-0.7699192214,0.0375224505
1.373926,-0.310468,-8.782002,-0.323027,0.0492927807,-0.801845976,0.0471004769
1.374944,-0.596277,-9.320731,-0.318224,0.0684488334,-0.8614425846,0.0588069535
1.375993,-0.759597,-10.438891,-1.168448,0.065256158,-0.9210391932,0.0588069535
1.377042,-0.783615,-10.584947,-0.901852,0.0461001052,-0.9646724245,0.0449720265
1.378091,-0.810034,-9.87622,-0.438312,0.0248156021,-1.0040487552,0.0290086492
1.379108,-0.553046,-9.993543,-0.337438,0.0024668739,-1.0285259337,0.0247517486
1.380158,-0.228808,-9.804389,0.152521,-0.017753404,-1.0242690331,0.0353940002
1.381207,-0.022256,-8.779608,0.392698,-0.0337167813,-1.0200121325,0.0471004769
1.382256,0.256348,-9.775657,0.495973,-0.0326525562,-1.0338470595,0.0502931523
1.383306,0.491721,-11.145224,0.563223,-0.0145607286,-1.0274617086,0.0492289272
1.384323,0.410061,-9.823544,0.536803,0.0077879997,-0.9870211527,0.0407151259
1.385372,-0.015051,-8.334259,0.712132,0.0258798273,-0.9444521466,0.0290086492
1.386421,-0.541037,-10.723819,1.67764,0.0631277077,-0.933809895,0.0556142781
1.38747,-0.459377,-11.839585,1.19969,0.0556781316,-0.9306172196,0.0641280793
1.388488,-0.219201,-10.024669,0.666499,0.0301367279,-0.8933693392,0.0492289272
1.389537,-0.488198,-8.262429,0.435929,0.0141733506,-0.843350757,0.020494848
1.390586,-0.829248,-9.196225,0.644883,0.0152375758,-0.8071671018,0.0109168216
1.391636,-0.454573,-9.651151,0.906675,0.0322651782,-0.7784330226,0.020494848
1.392653,-0.111121,-8.798763,0.541607,0.051421231,-0.7667265459,0.0300728744
1.393702,-0.346494,-9.402139,0.19095,0.0471643304,-0.7922679496,0.0353940002
1.394751,-0.584269,-11.14283,-0.243769,0.0301367279,-0.8359011809,0.0385866756
1.395801,-0.372914,-11.45649,-0.853817,0.0077879997,-0.8614425846,0.0364582253
1.396818,-0.015051,-9.785234,-0.731327,-0.0241387549,-0.8614425846,0.0290086492
1.397867,-0.075095,-8.58806,-0.109271,-0.0411663574,-0.8508003331,0.0268801989
1.398916,-0.320075,-8.686228,0.464751,-0.0358452316,-0.8518645582,0.0364582253
1.399966,-0.192781,-9.016648,0.618463,-0.0188176292,-0.8805986374,0.0513573775
1.401017,-0.005444,-10.149175,0.342261,0.0067237745,-0.912525392,0.0566785032
1.402032,-0.252825,-11.075788,-0.020405,0.0312009531,-0.9221034184,0.0471004769
1.403081,-0.605884,-10.596918,-0.152502,0.0333294034,-0.926360319,0.0258159738
1.404131,-0.807633,-10.453258,0.349466,0.0322651782,-0.926360319,0.0077241462
1.40518,-0.99497,-10.472412,0.57283,0.0407789794,-0.912525392,0.0024030204
1.406197,-0.886891,-8.705383,0.544009,0.0322651782,-0.8944335644,0.0013387952
1.407246,-0.517019,-7.46511,0.993138,0.0205587015,-0.8816628625,0.0034672456
1.408296,-0.493002,-9.392561,0.829818,0.0216229267,-0.8827270877,0.006659921
1.409344,-0.689946,-11.63846,0.142914,0.0216229267,-0.9040115907,0.0024030204
1.410362,-0.447368,-11.001563,-0.457526,0.0205587015,-0.9221034184,-0.0114319066
1.411411,-0.12313,-8.995099,-0.676086,0.0163018009,-0.9167822926,-0.0284595091
1.41246,-0.440163,-10.776495,0.565625,-0.0007258016,-0.9114611668,-0.0018538802
1.41351,0.201108,-10.146781,0.476759,-0.0113680531,-0.912525392,0.0173021725
1.414558,0.628621,-8.197781,0.395099,-0.0294598807,-0.9018831404,0.0194306229
1.415576,0.712683,-8.841861,0.57283,-0.0347810065,-0.8923051141,0.0130452719
1.416625,0.758316,-10.611285,0.731346,-0.017753404,-0.8667637104,0.0151737222
1.417675,0.525345,-10.417342,0.87305,0.0056595494,-0.82951583,0.020494848
1.418723,0.028181,-9.78284,1.146851,0.0216229267,-0.815680903,0.0236875235
1.419741,-0.296057,-9.888191,1.079602,0.0269440524,-0.8316442803,0.0236875235
1.42079,-0.31287,-9.830727,0.560821,0.023751377,-0.8380296312,0.0215590732
1.421839,-0.226406,-9.56256,0.24619,0.0216229267,-0.8188735785,0.0162379474
1.422888,-0.20479,-9.598475,0.046844,0.0248156021,-0.801845976,0.0130452719
1.423906,-0.103916,-9.564954,-0.171716,0.0290725027,-0.8071671018,0.0109168216
1.424955,0.121849,-9.282421,-0.33984,0.0386505291,-0.82951583,0.0098525965
1.426004,0.167483,-9.409322,-0.702506,0.0503570058,-0.8593141343,0.0173021725
1.427053,0.020975,-9.845093,-1.278929,0.0535496813,-0.8901766637,0.0300728744
1.428103,-0.243218,-10.654383,-1.886575,0.0461001052,-0.9103969417,0.0322013247
1.42912,-0.392128,-11.001563,-1.905789,0.0280082776,-0.9210391932,0.0226232983
1.430169,-0.308066,-9.770868,-1.358187,0.0152375758,-0.9295529944,0.0130452719
1.431218,-0.281647,-9.08369,-0.565605,0.0173660261,-0.947644822,0.0183663977
1.43227,-0.185576,-9.758896,0.092477,0.0290725027,-0.975314676,0.0353940002
1.433285,0.064207,-9.677489,0.162129,0.0397147543,-1.0008560797,0.048164702
1.435383,-0.589072,-10.987197,0.560821,0.0524854561,-1.023204808,0.0258159738
1.436432,-0.692348,-10.968042,0.810604,0.0503570058,-1.023204808,0.006659921
1.434334,-0.118327,-9.787629,0.282217,0.0492927807,-1.0157552319,0.0428435762
1.437449,-0.637107,-8.97355,0.861041,0.0418432046,-1.0061772055,-0.0039823305
1.438499,-0.420949,-9.2489,1.807336,0.0503570058,-0.9838284773,0.0130452719
1.439548,-0.360905,-12.452539,1.658426,0.0716415089,-1.0104341061,0.0279444241
1.440597,0.345213,-11.444518,0.306234,0.0663203831,-1.0019203049,0.0194306229
1.441649,0.431677,-8.554539,0.006014,0.0546139064,-0.9519017227,-0.0114319066
1.442664,-0.322477,-8.042148,0.263003,0.0471643304,-0.9135896171,-0.0231383833
1.443713,-0.509814,-9.129183,0.438331,0.0461001052,-0.8965620147,-0.0061107808
1.444762,-0.339289,-9.921712,0.551214,0.051421231,-0.8880482134,0.0162379474
1.445812,-0.296057,-9.897769,0.253395,0.0429074297,-0.9072042662,0.0268801989
1.446829,-0.274441,-10.529877,0.116495,0.0301367279,-0.947644822,0.0226232983
1.447878,-0.211995,-11.580996,-0.022807,0.0258798273,-0.9593512987,0.0183663977
1.448927,-0.017453,-10.141992,-0.260582,0.0184302512,-0.9252960938,0.0141094971
1.449976,0.004163,-7.805108,0.224574,0.0088522248,-0.8752775116,0.0087883713
1.450994,-0.125532,-8.123556,0.949907,0.0077879997,-0.8359011809,0.0162379474
1.452043,-0.151951,-9.734953,1.060388,0.0173660261,-0.8178093533,0.034329775
1.453092,-0.320075,-10.580158,0.640079,0.0333294034,-0.8327085054,0.0407151259
1.454144,-0.517019,-10.632834,0.049246,0.0429074297,-0.871020611,0.0258159738
1.455159,-0.649116,-10.709453,-0.366259,0.0461001052,-0.9008189153,0.0013387952
1.456208,-0.882087,-10.841142,-0.087655,0.0492927807,-0.9082684914,-0.0124961318
1.457258,-0.889292,-9.620024,0.166932,0.0503570058,-0.9072042662,-0.0114319066
1.458307,-0.716366,-8.142711,0.152521,0.0482285555,-0.9040115907,-0.0029181054
1.459356,-0.69475,-8.348625,0.565625,0.0482285555,-0.9114611668,0.006659921
1.460373,-0.574662,-9.687066,0.234181,0.0450358801,-0.9327456699,0.0024030204
1.461423,-0.425752,-10.886635,-0.114074,0.0365220788,-0.9550943981,-0.0146245821
1.462472,-0.536233,-10.88424,-0.037218,0.0290725027,-0.9721220006,-0.0305879594
1.463523,-0.543439,-10.187485,-0.238966,0.0205587015,-0.9785073515,-0.0359090851
1.464538,-0.418547,-9.797206,0.260601,0.0088522248,-0.9657366497,-0.0273952839
1.465587,-0.106318,-9.543405,0.760167,-0.0252029801,-0.9529659478,-0.0007896551
1.466637,0.241938,-9.878614,0.983531,-0.0326525562,-0.9519017227,-0.0007896551
1.467686,0.441284,-9.148338,0.683311,-0.0305241059,-0.933809895,-0.007175006
1.468703,0.359624,-8.738904,0.916282,-0.0188176292,-0.9103969417,-0.0146245821
1.469753,0.17709,-9.938473,1.290957,0.00991645,-0.8944335644,-0.0082392311
1.470802,-0.087104,-11.547475,1.156458,0.0365220788,-0.8891124386,0.0045314707
1.471851,-0.216799,-11.339167,0.743355,0.0365220788,-0.8859197631,0.0055956959
1.472903,-0.017453,-9.296787,0.183744,0.0205587015,-0.8614425846,-0.0093034563
1.473917,-0.094309,-8.358203,-0.030012,0.0131091254,-0.8188735785,-0.0231383833
1.474967,-0.332084,-9.062141,-0.018004,0.0163018009,-0.7890752741,-0.021009933
1.476018,-0.16396,-9.387772,0.104486,0.0258798273,-0.7890752741,-0.0114319066
1.477065,0.028181,-9.203408,0.202958,0.0365220788,-0.8252589294,-0.0050465557
1.478082,-0.087104,-9.811572,-0.200538,0.0397147543,-0.8901766637,0.0013387952
1.479132,-0.233611,-10.446075,-0.671283,0.0365220788,-0.9497732724,0.0119810468
1.480181,-0.161558,-10.264104,-1.240501,0.0248156021,-0.9763789012,0.0194306229
1.48123,0.047395,-10.209034,-1.531114,-0.003918477,-0.9699935503,0.0151737222
1.482248,0.129055,-9.648756,-1.036351,-0.0294598807,-0.9444521466,0.0098525965
1.483297,0.208313,-8.789185,-0.486347,-0.0337167813,-0.9231676435,0.0183663977
1.484346,0.479712,-9.655939,-0.241368,-0.017753404,-0.9135896171,0.034329775
1.485397,0.530149,-10.539454,-0.515168,0.0077879997,-0.9082684914,0.0471004769
1.486444,0.020975,-9.983965,-0.664078,0.0386505291,-0.9221034184,0.0439078014
1.487462,-0.805231,-10.709453,-0.330233,0.0705772837,-0.9657366497,0.0258159738
1.488511,-1.232744,-12.011978,0.020425,0.0982471377,-1.0008560797,0.006659921
1.48956,-1.067023,-10.314385,0.152521,0.0993113629,-0.9997918546,-0.0039823305
1.490609,-0.476189,-7.031733,1.355804,0.0641919328,-0.9838284773,-0.0018538802
1.491627,-0.442565,-10.965648,1.687247,0.0705772837,-1.0285259337,0.0109168216
1.492676,0.100234,-12.478876,0.683311,0.0599350322,-1.0604526883,0.0119810468
1.493725,0.474908,-9.871431,0.121299,0.0439716549,-1.044489311,-0.0103676814
1.494777,-0.142344,-8.355808,0.092477,0.023751377,-1.023204808,-0.0316521845
1.498939,0.157876,-9.904952,0.712132,-0.0241387549,-1.0200121325,0.034329775
1.495792,-0.601081,-9.409322,0.724141,0.0024668739,-1.0274617086,-0.0188814827
1.49789,0.097832,-9.08369,0.351868,-0.0092396028,-1.023204808,0.0290086492
1.496841,-0.305664,-9.773263,0.856238,-0.0007258016,-1.0317186092,0.0109168216
1.499989,0.102635,-11.518743,0.57283,-0.0188176292,-1.0104341061,0.0322013247
1.501006,0.141064,-10.601707,0.332654,-0.0007258016,-0.9699935503,0.0215590732
1.502055,-0.031863,-7.984684,0.91388,0.0163018009,-0.9157180674,0.0109168216
1.503105,-0.344092,-7.766798,1.235716,0.0248156021,-0.8752775116,0.0151737222
1.504154,-0.442565,-9.794812,1.151655,0.0354578537,-0.843350757,0.0311370995
1.505171,-0.416145,-11.099732,0.596847,0.0407789794,-0.8178093533,0.0385866756
1.50622,-0.646714,-11.226632,0.022826,0.037586304,-0.8146166778,0.0215590732
1.507272,-0.810034,-10.424525,-0.620846,0.0301367279,-0.8273873797,-0.0050465557
1.508319,-0.591474,-9.272844,-0.664078,0.023751377,-0.8359011809,-0.0220741581
1.509336,-0.543439,-8.765242,0.28702,0.0301367279,-0.8539930085,-0.0103676814
1.510385,-0.562653,-8.853833,-0.039619,0.037586304,-0.8923051141,0.0183663977
1.511435,-0.363307,-9.258478,-0.700104,0.0312009531,-0.9316814447,0.0353940002
1.512484,-0.425752,-10.051007,-0.877834,0.0216229267,-0.9593512987,0.0268801989
1.513533,-0.617893,-10.953676,-1.257313,0.0045953242,-0.9838284773,0.0024030204
1.514551,-0.6275,-10.764523,-0.560802,-0.0145607286,-0.9934065037,-0.0156888072
1.5156,-0.665929,-9.670306,0.289422,-0.017753404,-0.989149603,-0.0124961318
1.517698,-0.10872,-9.933684,1.468687,-0.017753404,-1.044489311,0.020494848
1.516652,-0.593876,-8.834678,1.228511,-0.0209460795,-1.0189479073,0.0162379474
1.518716,0.109841,-11.478039,1.235716,-0.0092396028,-1.0359755098,0.0141094971
1.519765,-0.005444,-10.465229,0.87305,-0.0134965034,-0.9965991791,-0.0050465557
1.520814,-0.276843,-8.664679,0.935496,-0.0241387549,-0.9529659478,-0.0263310588
1.521863,-0.452172,-8.360597,1.401438,-0.0230745298,-0.9210391932,-0.021009933
1.522881,-0.521823,-9.952839,1.692051,0.0003384236,-0.9231676435,0.0013387952
1.52393,-0.353699,-11.602545,1.103619,0.0173660261,-0.9423236963,0.0151737222
1.524979,0.201108,-10.247344,-0.082851,0.0077879997,-0.933809895,0.0055956959
1.526029,0.241938,-8.734115,-0.467133,-0.0028542519,-0.9061400411,-0.0178172575
1.527046,-0.055881,-9.236928,-0.39508,-0.003918477,-0.8827270877,-0.0252668336
1.528095,0.09543,-9.306365,-0.29901,-0.0049827022,-0.8603783594,-0.0082392311
1.529146,0.21792,-8.90172,0.058853,-0.0060469273,-0.8550572337,0.0141094971
1.530193,0.114644,-9.555377,-0.044423,-0.0166891789,-0.8816628625,0.0290086492
1.531243,-0.065488,-10.881846,-0.219752,-0.031588331,-0.9231676435,0.034329775
1.53226,0.0546,-10.817199,-0.399884,-0.0401021322,-0.9519017227,0.0322013247
1.533309,0.515738,-9.459603,-0.719318,-0.0464874832,-0.9412594711,0.0311370995
1.534358,0.498926,-8.734115,-0.238966,-0.0518086089,-0.9072042662,0.0407151259
1.535408,0.350017,-8.691017,0.28702,-0.0486159335,-0.8912408889,0.0566785032
1.536425,0.566175,-9.61763,0.099683,-0.0326525562,-0.8880482134,0.0662565296
1.537475,0.39565,-11.255364,-0.291805,-0.0092396028,-0.8784701871,0.0683849799
1.538526,-0.156755,-11.221843,-0.647265,0.0077879997,-0.8827270877,0.061999629
1.539573,-0.605884,-10.077345,-0.791371,0.0258798273,-0.9157180674,0.0417793511
1.54059,-0.949336,-10.379033,-0.416696,0.0482285555,-0.9519017227,0.0258159738
1.541639,-0.922917,-10.431708,0.142914,0.0663203831,-0.9668008748,0.0279444241
1.542689,-0.464181,-7.879333,0.299029,0.0535496813,-1.0114983313,0.0353940002
1.543738,-0.536233,-9.938473,0.486366,0.0365220788,-1.0668380393,0.0290086492
1.544787,-0.339289,-11.047056,-0.087655,0.00991645,-1.1072785951,0.0162379474
1.545805,-0.24562,-9.89298,-0.277394,-0.0166891789,-1.1125997209,0.0034672456
1.546854,-0.363307,-9.215379,-0.027611,-0.0305241059,-1.1030216945,0.0045314707
1.547904,-0.27204,-9.933684,0.222173,-0.0347810065,-1.099829019,0.0215590732
1.548952,-0.029462,-10.419737,0.54641,-0.0337167813,-1.1062143699,0.0385866756
1.54997,0.270759,-9.904952,0.40951,-0.0358452316,-1.0977005687,0.0449720265
1.552068,0.280366,-9.581715,0.89947,-0.0326525562,-1.0253332583,0.0375224505
1.551021,0.42207,-9.572137,0.488768,-0.0379736819,-1.0668380393,0.0407151259
1.553117,0.030582,-8.875382,1.13244,-0.0198818543,-0.9806358018,0.0439078014
1.554134,-0.334485,-8.801157,1.670435,0.0003384236,-0.9508374975,0.0545500529
1.555184,-0.783615,-10.589735,2.069128,0.0205587015,-0.9497732724,0.061999629
1.556233,-0.733178,-11.130858,1.447071,0.0248156021,-0.9455163717,0.0566785032
1.557282,-0.406538,-10.024669,0.517589,0.0152375758,-0.8976262398,0.0332655499
1.558331,-0.608286,-9.974388,0.315841,0.0045953242,-0.8220662539,0.0098525965
1.559348,-0.838855,-9.485941,0.145316,-0.003918477,-0.7635338705,0.0045314707
1.5604,-0.658723,-8.188204,-0.044423,-0.0081753776,-0.7518273938,0.0077241462
1.561447,-0.497805,-8.576088,-0.080449,-0.0071111525,-0.7826899232,0.020494848
1.562496,-0.468984,-10.127626,-0.834603,-0.0049827022,-0.8465434324,0.0364582253
1.563513,-0.649116,-11.015929,-1.502293,-0.0017900267,-0.9252960938,0.0439078014
1.564563,-0.83165,-10.996775,-1.682425,-0.0060469273,-0.9965991791,0.0396509008
1.565612,-0.651518,-10.386216,-1.795308,-0.0230745298,-1.0317186092,0.0258159738
1.566661,-0.502609,-9.45242,-1.005128,-0.0475517083,-1.0200121325,0.0183663977
1.567679,-0.579465,-8.456371,0.337457,-0.0635150856,-0.9965991791,0.0322013247
1.568728,-0.442565,-8.121162,1.079602,-0.0613866353,-1.0104341061,0.0513573775
1.571875,-0.605884,-11.813248,0.834622,-0.0092396028,-0.981700027,0.0141094971
1.572896,-1.386457,-9.938473,1.130039,-0.0188176292,-0.9572228484,-0.0007896551
1.573942,-1.030996,-7.108353,0.897068,-0.0358452316,-0.9348741202,-0.0050465557
1.56978,0.688665,-10.948888,1.343796,-0.0273314304,-1.0838656417,0.0545500529
1.574991,-0.855668,-7.445956,1.593579,-0.0326525562,-0.9167822926,0.0045314707
1.570826,0.539756,-12.064654,0.769774,-0.0134965034,-1.0412966356,0.0364582253
1.576041,-0.973354,-11.070999,2.009084,-0.0103038279,-0.9465805969,0.0226232983
1.577058,-0.10872,-11.576207,0.455144,-0.0028542519,-0.9902138282,0.0247517486
1.578107,0.669451,-9.387772,-0.5584,-0.0071111525,-0.995534954,0.0034672456
1.579157,0.350017,-8.920874,-0.505561,-0.0134965034,-0.9774431263,-0.0146245821
1.580206,0.008967,-9.572137,-0.510365,-0.0326525562,-0.9550943981,-0.0050465557
1.581223,0.097832,-9.713404,-0.193332,-0.0496801586,-0.9295529944,0.0226232983
1.582275,0.239536,-9.172281,-0.130886,-0.0656435359,-0.9178465177,0.0428435762
1.583322,0.241938,-9.916923,-0.282197,-0.0837353635,-0.9391310208,0.0449720265
1.584371,0.371633,-11.339167,-0.063637,-0.0858638138,-0.9593512987,0.0460362517
1.585388,0.55897,-10.187485,0.013219,-0.0762857875,-0.9444521466,0.0492289272
1.586437,0.417266,-8.195387,0.291824,-0.0645793108,-0.9284887693,0.0545500529
1.587487,0.364427,-8.228908,0.700123,-0.0518086089,-0.9284887693,0.0662565296
1.588536,0.458096,-9.478758,0.632874,-0.0369094568,-0.912525392,0.0822199069
1.589585,0.270759,-10.738185,0.387894,-0.0273314304,-0.8880482134,0.089669483
1.590602,-0.02706,-11.29128,-0.001191,-0.0209460795,-0.884855538,0.0811556818
1.591654,-0.252825,-10.991986,-0.589623,-0.0103038279,-0.8954977895,0.0566785032
1.592701,-0.348896,-10.307202,-0.740934,-0.003918477,-0.8997546901,0.0364582253
1.59375,-0.32728,-9.191436,-0.190931,0.0109806751,-0.9018831404,0.0364582253
1.594769,-0.444966,-8.315104,-0.092458,0.0301367279,-0.9252960938,0.0513573775
1.595816,-0.716366,-10.596918,-0.332634,0.0333294034,-1.0466177613,0.0609354038
1.596865,-0.54584,-10.323963,-0.654471,0.0088522248,-1.1051501448,0.0407151259
1.597914,-0.533832,-9.485941,-0.498356,-0.0241387549,-1.1455907006,0.0215590732
1.598932,-0.649116,-9.974388,0.085272,-0.0496801586,-1.1636825282,0.0258159738
1.599981,-0.372914,-9.957627,0.126102,-0.0656435359,-1.1636825282,0.0460362517
1.60103,0.105037,-9.519462,0.130906,-0.0741573372,-1.1572971773,0.061999629
1.602079,0.34041,-10.386216,0.342261,-0.0741573372,-1.1477191509,0.0641280793
1.603129,0.316392,-10.695087,0.339859,-0.0645793108,-1.1211135221,0.0566785032
1.604148,0.088225,-8.837072,0.529598,-0.0496801586,-1.0774802908,0.0439078014
1.605195,-0.228808,-7.340604,1.115628,-0.0273314304,-1.0412966356,0.0407151259
1.606244,-0.44977,-8.942424,1.538338,0.0024668739,-1.0381039601,0.0545500529
1.607293,-0.649116,-12.478876,1.747292,0.0216229267,-1.0508746619,0.075834556
1.608311,-0.480993,-12.260991,1.324581,0.0163018009,-1.0349112846,0.0800914566
1.60936,-0.199987,-8.813129,0.474358,-0.0081753776,-0.9785073515,0.0513573775
1.610409,-0.478591,-8.58806,0.647284,-0.0230745298,-0.9061400411,0.0226232983
1.611458,-0.562653,-9.560166,0.743355,-0.0209460795,-0.8327085054,0.0226232983
1.612476,-0.262432,-8.741298,0.560821,-0.0124322782,-0.7975890754,0.0311370995
1.613528,-0.075095,-8.765242,0.570428,-0.0049827022,-0.8146166778,0.0364582253
1.614574,-0.0823,-10.462835,-0.491151,-0.003918477,-0.8465434324,0.0439078014
1.615623,-0.512216,-11.530714,-0.889843,-0.0134965034,-0.8837913128,0.0492289272
1.616672,-0.725973,-10.244949,-0.733729,-0.0379736819,-0.9391310208,0.0492289272
1.617689,-0.454573,-9.112422,-0.834603,-0.0656435359,-0.9827642521,0.0439078014
1.618739,-0.315271,-9.687066,-0.111672,-0.0784142378,-0.9880853779,0.0460362517
1.619788,-0.185576,-9.57932,0.308636,-0.0805426881,-0.9763789012,0.0577427284
1.620837,-0.007846,-8.987916,0.178941,-0.0496801586,-0.9976634043,0.0641280793
1.621855,-0.151951,-10.256921,-0.068441,-0.0305241059,-1.009369881,0.0513573775
1.622905,-0.553046,-11.597756,0.263003,-0.0145607286,-1.0083056558,0.0353940002
1.623953,-1.059818,-11.530714,0.630472,-0.003918477,-1.0114983313,0.0236875235
1.625002,-1.429689,-10.520299,1.110825,-0.0007258016,-1.0221405828,0.0194306229
1.626022,-1.211129,-8.295949,0.77698,-0.0188176292,-1.0221405828,0.0141094971
1.627068,-0.685143,-6.900044,0.784185,-0.0401021322,-1.0104341061,0.0109168216
1.628117,-0.605884,-9.665517,1.387027,-0.0337167813,-1.0157552319,0.0162379474
1.629167,-0.267236,-12.071837,0.250994,-0.0283956555,-1.0370397349,0.0173021725
1.630216,0.407659,-10.256921,-0.772157,-0.0347810065,-1.0242690331,0.0034672456
1.631233,0.047395,-8.511441,-0.277394,-0.0390379071,-0.9923422785,-0.0093034563
1.632282,-0.728374,-9.888191,0.169334,-0.045423258,-1.00298453,-0.0029181054
1.633331,-0.456975,-10.903395,0.152521,-0.0550012844,-1.0253332583,0.0162379474
1.63438,0.191501,-9.17707,0.238985,-0.0709646617,-1.0178836822,0.0290086492
1.6354,0.448489,-8.62637,0.404707,-0.0890564893,-1.0136267816,0.0311370995
1.636447,0.758316,-10.580158,0.229378,-0.0933133899,-1.00298453,0.034329775
1.637496,0.964868,-10.577764,0.330252,-0.0805426881,-0.9519017227,0.0407151259
1.638545,0.650237,-8.734115,0.774578,-0.0624508605,-0.912525392,0.0417793511
1.639562,0.239536,-8.892142,0.976326,-0.0475517083,-0.912525392,0.0460362517
1.640611,0.020975,-10.077345,1.000344,-0.0241387549,-0.9189107429,0.0545500529
1.641661,-0.113523,-10.501145,0.529598,-0.0103038279,-0.9167822926,0.0577427284
1.64271,-0.099113,-10.565792,-0.061235,-0.0124322782,-0.9135896171,0.0513573775
1.643759,-0.072693,-10.098894,-0.50316,-0.0166891789,-0.9029473656,0.0407151259
1.644779,-0.048676,-9.41411,-0.661676,-0.0209460795,-0.8923051141,0.0311370995
1.645825,0.020975,-9.284815,-0.399884,-0.0103038279,-0.898690465,0.0290086492
1.646875,-0.072693,-9.299182,-0.798576,0.0067237745,-0.9242318687,0.0385866756
1.647923,-0.471386,-10.218611,-1.521507,0.0141733506,-1.0114983313,0.0449720265
1.648941,-0.778811,-10.956071,-1.276527,0.0109806751,-1.0636453638,0.0332655499
1.64999,-0.838855,-10.470018,-0.808183,-0.003918477,-1.1221777472,0.0236875235
1.651039,-0.555447,-9.861853,-0.419098,-0.0220103046,-1.1572971773,0.0258159738
1.652088,-0.257629,-9.143549,0.087674,-0.0358452316,-1.1562329522,0.0385866756
1.653105,-0.039069,-8.801157,0.423921,-0.0464874832,-1.1519760515,0.0492289272
1.654155,0.117046,-10.062979,0.757766,-0.0443590329,-1.1604898528,0.0513573775
1.655204,0.100234,-11.288885,0.813006,-0.0294598807,-1.1562329522,0.0407151259
1.656253,-0.058283,-10.139598,0.647284,-0.0145607286,-1.1328199988,0.020494848
1.657273,-0.336887,-7.809897,0.894666,-0.0060469273,-1.0955721184,0.0087883713
1.658319,-0.692348,-8.001445,1.490303,0.0088522248,-1.0881225423,0.0183663977
1.659369,-0.855668,-11.315223,1.852969,0.0290725027,-1.1200492969,0.0417793511
1.660418,-0.334485,-12.567467,1.057986,0.0280082776,-1.1147281712,0.0556142781
1.661467,0.090627,-9.809178,0.301431,0.0045953242,-1.0476819865,0.0364582253
1.662485,-0.363307,-8.281583,0.392698,-0.0188176292,-0.9848927024,0.0013387952
1.663534,-0.478591,-9.081296,0.568026,-0.0230745298,-0.9465805969,-0.0103676814
1.664583,-0.175969,-9.023831,0.889862,-0.003918477,-0.9146538423,0.0045314707
1.665632,-0.252825,-8.647919,0.841827,0.0120449003,-0.9146538423,0.0226232983
1.666652,-0.334485,-9.914529,0.085272,0.0056595494,-0.9433879214,0.0290086492
1.667698,-0.334485,-11.624094,-0.349447,-0.0081753776,-0.9625439742,0.0279444241
1.668748,-0.334485,-11.525926,-0.471937,-0.0283956555,-0.9699935503,0.0268801989
1.669797,-0.183174,-9.981571,-0.553597,-0.0550012844,-0.9731862257,0.0215590732
1.670814,-0.139943,-8.442005,0.039639,-0.0709646617,-0.9625439742,0.0141094971
1.671863,-0.250424,-7.819474,0.726543,-0.0677719862,-0.954030173,0.0215590732
1.672912,-0.151951,-8.990311,0.697721,-0.0486159335,-0.9699935503,0.0417793511
1.673961,-0.132737,-10.982409,-0.056432,-0.0060469273,-1.00298453,0.0353940002
1.675011,-0.65392,-10.292836,-0.200538,-0.003918477,-1.016819457,0.0077241462
1.67603,-1.165495,-10.654383,0.243788,0.0035310991,-1.0381039601,-0.0093034563
1.677077,-1.242351,-10.673538,0.459947,0.0163018009,-1.0466177613,-0.0093034563
1.678126,-0.83165,-8.528201,0.323047,0.0045953242,-1.0381039601,-0.0050465557
1.679175,-0.363307,-6.895256,0.380689,-0.0166891789,-1.0295901589,-0.0061107808
1.680192,-0.363307,-9.538616,0.426322,-0.0188176292,-1.0391681853,-0.0103676814
1.681241,-0.435359,-12.462116,0.178941,-0.0124322782,-1.0551315626,-0.0156888072
1.68229,-0.195183,-10.750157,-0.296608,-0.0113680531,-1.0561957877,-0.0263310588
1.68334,-0.348896,-8.212147,-0.277394,-0.0198818543,-1.0551315626,-0.0369733103
1.684357,-0.771606,-9.260872,0.359073,-0.031588331,-1.0764160656,-0.0295237342
1.685406,-0.478591,-11.133253,0.640079,-0.0422305825,-1.0945078932,-0.0082392311
1.686455,0.203509,-10.213823,0.647284,-0.0613866353,-1.0785445159,0.0055956959
1.687504,0.51814,-8.537779,0.685713,-0.0826711384,-1.0530031123,0.0034672456
1.688553,0.731897,-8.724538,0.527196,-0.0890564893,-1.0253332583,-0.007175006
1.689571,0.784736,-9.878614,0.861041,-0.0699004365,-0.9795715767,-0.007175006
1.69062,0.345213,-10.565792,1.355804,-0.0337167813,-0.9412594711,0.0045314707
1.691669,-0.06789,-10.319174,1.031566,-0.0092396028,-0.933809895,0.0119810468
1.692718,-0.130336,-9.675094,0.688114,-0.0049827022,-0.9423236963,0.0077241462
1.693735,-0.262432,-10.04143,0.445536,-0.0017900267,-0.9370025705,-0.0018538802
1.694784,-0.40894,-10.410159,0.006014,0.0014026488,-0.9114611668,-0.0061107808
1.695834,-0.264834,-9.033409,-0.114074,-0.0028542519,-0.8891124386,-0.0093034563
1.696883,-0.103916,-8.295949,0.111692,-0.0113680531,-0.8997546901,-0.0114319066
1.697903,0.011368,-9.289604,0.301431,-0.0092396028,-0.940195246,-0.0029181054
1.69895,0.181894,-9.725376,-0.169315,-0.0028542519,-0.9870211527,0.0130452719
1.699998,-0.007846,-10.584947,-1.740067,-0.0156249537,-1.0412966356,0.0194306229
1.701048,-0.243218,-10.963254,-2.088323,-0.0337167813,-1.0391681853,0.0077241462
1.702097,-0.236013,-10.395793,-1.619979,-0.0443590329,-1.0317186092,-0.0007896551
1.703114,-0.20479,-9.541011,-0.719318,-0.0369094568,-1.0338470595,0.0077241462
1.704163,-0.224004,-8.908903,-0.178922,-0.0166891789,-1.0615169135,0.0247517486
1.705213,-0.154353,-9.442842,-0.157306,-0.0007258016,-1.1030216945,0.0364582253
1.706262,-0.284048,-10.596918,0.222173,0.0152375758,-1.1306915485,0.0322013247
1.707281,-0.716366,-10.886635,0.522393,0.0301367279,-1.1498476012,0.0109168216
1.708328,-0.846061,-10.304808,0.498375,0.0301367279,-1.1647467534,-0.0146245821
1.709377,-0.521823,-8.935241,0.640079,0.0173660261,-1.1445264755,-0.0242026084
1.710427,-0.372914,-7.989473,0.906675,0.0077879997,-1.1115354957,-0.0146245821
1.711444,-0.519421,-9.794812,1.644016,0.0152375758,-1.1253704227,0.0013387952
1.712493,-0.125532,-11.85874,1.245323,0.0216229267,-1.1562329522,0.006659921
1.713542,0.614211,-10.549031,0.145316,0.0077879997,-1.1338842239,-0.0093034563
1.714591,0.371633,-8.614398,0.299029,-0.0092396028,-1.0774802908,-0.0327164097
1.716658,-0.394529,-9.131577,0.762569,-0.0017900267,-1.0498104368,-0.0135603569
1.717707,-0.24562,-9.416505,0.630472,-0.0028542519,-1.0679022644,0.0098525965
1.715609,-0.298459,-8.607215,0.700123,-0.0081753776,-1.0487462116,-0.0337806348
1.718756,-0.233611,-10.393399,0.435929,-0.0103038279,-1.0945078932,0.020494848
1.719805,-0.228808,-11.717474,0.202958,-0.0166891789,-1.1051501448,0.0141094971
1.720822,-0.017453,-10.936916,-0.140494,-0.0273314304,-1.0710949399,0.0002745701
1.721872,0.064207,-8.614398,0.277413,-0.0369094568,-1.009369881,-0.007175006
1.72397,-0.077497,-9.222562,1.050781,-0.0198818543,-0.933809895,0.0087883713
1.722921,-0.091907,-8.032571,0.945103,-0.0305241059,-0.9625439742,-0.0050465557
1.724987,-0.048676,-9.83791,1.026763,-0.0028542519,-0.9135896171,0.020494848
1.726037,-0.83165,-11.008746,-0.38067,0.0152375758,-0.9582870736,-0.0029181054
1.727085,-1.002175,-11.480433,-0.481544,0.0077879997,-0.9848927024,-0.0199457078
1.728135,-0.932524,-9.969599,-0.507963,-0.0007258016,-0.9976634043,-0.0295237342
1.729155,-0.788418,-8.288766,-0.138092,-0.0071111525,-1.0104341061,-0.0273952839
1.730201,-0.795624,-8.47792,0.114093,-0.003918477,-1.0285259337,-0.0135603569
1.731251,-0.733178,-9.409322,0.044442,0.0014026488,-1.0572600129,-0.0018538802
1.7323,-0.430556,-9.938473,-0.327831,-0.0007258016,-1.0923794429,-0.0114319066
1.733349,-0.243218,-10.477201,-0.491151,-0.0092396028,-1.113663946,-0.0369733103
1.734366,-0.461779,-10.86748,0.018023,-0.0124322782,-1.1157923963,-0.0508082373
1.735415,-0.646714,-10.438891,0.267806,-0.017753404,-1.1125997209,-0.0433586612
1.736464,-0.529028,-9.550588,0.625669,-0.0326525562,-1.1115354957,-0.0273952839
1.737513,-0.334485,-9.311153,1.057986,-0.0528728341,-1.1168566215,-0.0188814827
1.738531,-0.053479,-9.825938,1.11803,-0.0656435359,-1.1147281712,-0.021009933
1.73958,0.097832,-10.189879,1.115628,-0.0677719862,-1.0923794429,-0.0295237342
1.740629,0.01377,-9.095662,1.033968,-0.0624508605,-1.058324238,-0.0359090851
1.741678,-0.10872,-7.929614,1.170869,-0.045423258,-1.0370397349,-0.0359090851
1.742696,-0.24562,-9.85467,1.396634,-0.0156249537,-1.0466177613,-0.0273952839
1.743744,-0.226406,-12.457327,0.810604,0.0035310991,-1.0508746619,-0.0167530324
1.744794,0.035386,-11.118886,-0.001191,-0.003918477,-1.0136267816,-0.0220741581
1.745843,-0.005444,-8.820312,-0.022807,-0.0145607286,-0.9646724245,-0.0422944361
1.746892,-0.214397,-9.019043,-0.145297,-0.0188176292,-0.9242318687,-0.0508082373
1.747909,-0.113523,-9.294393,-0.38067,-0.0156249537,-0.8965620147,-0.0433586612
1.748958,0.064207,-8.920874,0.176539,-0.0081753776,-0.9040115907,-0.0327164097
1.750007,0.301982,-8.767636,0.217369,-0.003918477,-0.9497732724,-0.021009933
1.751057,0.201108,-9.720587,-0.431107,-0.0049827022,-1.0051129803,-0.0093034563
1.752074,-0.005444,-10.561003,-1.012333,-0.0241387549,-1.0785445159,0.0002745701
1.753123,0.268357,-9.485941,-1.271723,-0.0518086089,-1.0710949399,-0.007175006
1.754172,0.244339,-9.332702,-0.431107,-0.0720288868,-1.0455535362,-0.0050465557
1.755221,0.501328,-9.521856,-0.212546,-0.0667077611,-1.0136267816,0.0098525965
1.756238,0.534953,-10.161147,-0.267787,-0.0411663574,-0.9934065037,0.0236875235
1.757288,0.131456,-10.221006,-0.440714,-0.0113680531,-0.9997918546,0.0268801989
1.758337,-0.358503,-9.878614,-0.642462,0.0216229267,-1.030654384,0.0130452719
1.759386,-1.052612,-10.927339,-0.21735,0.058870807,-1.0764160656,-0.007175006
1.760435,-1.326413,-11.480433,0.008416,0.079091085,-1.1147281712,-0.0199457078
1.761452,-0.889292,-9.311153,0.061255,0.0695130586,-1.1232419724,-0.0252668336
1.762502,-0.603483,-7.230464,0.524795,0.0439716549,-1.1243061975,-0.0242026084
1.763551,-0.625099,-8.734115,1.178074,0.0290725027,-1.1594256276,-0.0167530324
1.7646,-0.267236,-11.523531,0.947505,0.0184302512,-1.2073157595,-0.0146245821
1.765617,0.311589,-11.183534,0.022826,0.0035310991,-1.2115726601,-0.0295237342
1.766666,0.105037,-8.741298,-0.114074,-0.0134965034,-1.1764532301,-0.0497440121
1.767716,-0.57226,-8.295949,0.529598,-0.0305241059,-1.1647467534,-0.0497440121
1.768764,-0.591474,-10.000726,0.945103,-0.031588331,-1.1892239319,-0.0263310588
1.769781,-0.055881,-10.340723,0.57283,-0.031588331,-1.2009304086,-0.0007896551
1.770831,0.220322,-9.691855,0.440733,-0.0464874832,-1.1881597068,0.0077241462
1.77188,0.225125,-10.398188,0.767373,-0.0550012844,-1.1668752037,0.0013387952
1.772929,0.321196,-10.357484,0.676106,-0.0443590329,-1.1221777472,-0.007175006
1.773978,0.145867,-9.119605,0.880255,-0.0262672052,-1.0593884632,-0.0103676814
1.774995,-0.236013,-8.741298,1.526329,-0.0049827022,-1.009369881,-0.0029181054
1.776044,-0.288852,-9.069324,1.286153,0.00991645,-0.9806358018,0.006659921
1.777094,-0.197585,-9.998331,0.889862,0.0141733506,-0.9550943981,0.0087883713
1.778143,-0.661125,-10.889029,-0.416696,0.0131091254,-0.9008189153,-0.0188814827
1.77916,-0.800427,-9.816361,-0.344643,0.0014026488,-0.8997546901,-0.0359090851
1.780209,-0.670732,-8.523413,0.099683,-0.0049827022,-0.9221034184,-0.0369733103
1.781259,-0.593876,-9.038198,-0.157306,-0.0049827022,-0.9636081993,-0.0178172575
1.782307,-0.557849,-9.888191,-0.38067,-0.0071111525,-1.009369881,0.0045314707
1.783325,-0.454573,-9.373406,-1.14443,-0.0113680531,-1.0519388871,0.0077241462
1.784374,-0.493002,-9.68946,-1.55273,-0.0209460795,-1.0870583172,-0.0103676814
1.785423,-0.677937,-10.946493,-1.038753,-0.0337167813,-1.1072785951,-0.0305879594
1.786473,-0.800427,-10.855508,-0.327831,-0.0401021322,-1.113663946,-0.0327164097
1.78749,-0.771606,-9.294393,0.207762,-0.0422305825,-1.1221777472,-0.0199457078
1.788539,-0.61309,-8.449188,1.000344,-0.0411663574,-1.1477191509,-0.0061107808
1.789588,-0.214397,-9.572137,1.583972,-0.0358452316,-1.182838581,0.0013387952
1.790637,0.263553,-11.078183,1.154056,-0.0337167813,-1.1870954816,-0.0007896551
1.791686,0.184295,-11.18114,0.865845,-0.0347810065,-1.1455907006,-0.0188814827
1.792704,-0.370512,-9.536222,1.026763,-0.0401021322,-1.0923794429,-0.0444228864
1.793753,-0.711562,-7.824263,1.223707,-0.0475517083,-1.058324238,-0.0508082373
1.794802,-0.802829,-8.544962,1.776113,-0.0347810065,-1.058324238,-0.0337806348
1.795851,-0.778811,-11.298463,1.547945,-0.0081753776,-1.0870583172,-0.0124961318
1.796868,-0.243218,-11.652826,0.258199,-0.0103038279,-1.0987647939,-0.0124961318
1.797917,0.244339,-9.354252,-0.371063,-0.0294598807,-1.0689664896,-0.03484486
1.798966,0.131456,-8.743693,-0.29901,-0.0379736819,-1.0295901589,-0.0540009127
1.800015,0.037788,-9.541011,-0.195734,-0.0369094568,-1.0019203049,-0.0465513367
1.801034,0.174688,-9.251295,0.114093,-0.0347810065,-0.9870211527,-0.0220741581
1.802082,0.306785,-8.463554,0.102084,-0.0379736819,-0.9934065037,-0.0039823305
1.803131,0.225125,-9.89298,-0.169315,-0.0507443838,-1.0221405828,0.0013387952
1.80418,0.304383,-10.709453,-0.47674,-0.0645793108,-1.0455535362,0.0077241462
1.805229,0.448489,-8.671862,-0.428705,-0.0688362114,-1.0295901589,0.0087883713
1.806247,0.467703,-7.996656,0.006014,-0.0709646617,-1.0114983313,0.0162379474
1.807296,0.438882,-9.169887,0.383091,-0.0613866353,-1.0008560797,0.0322013247
1.808345,0.47731,-10.968042,0.296627,-0.0411663574,-0.9944707288,0.048164702
1.809396,0.474908,-10.996775,-0.592025,-0.0198818543,-0.9838284773,0.0460362517
1.810412,-0.115925,-10.031852,-0.892245,-0.0017900267,-0.9902138282,0.0247517486
1.811461,-0.894096,-10.489173,-0.58482,0.0173660261,-1.0242690331,0.0045314707
1.81251,-1.016586,-10.838748,-0.457526,0.0365220788,-1.0540673374,0.0002745701
1.813559,-0.855668,-9.296787,-0.056432,0.0471643304,-1.0764160656,0.0045314707
1.814576,-0.843659,-8.195387,0.255797,0.0429074297,-1.1200492969,0.0109168216
1.815625,-0.79082,-9.299182,0.181343,0.0258798273,-1.1796459055,0.0130452719
1.816675,-0.605884,-10.496356,0.133307,0.0003384236,-1.2296644878,0.0024030204
1.817724,-0.320075,-9.78284,-0.092458,-0.0294598807,-1.2562701166,-0.0156888072
1.818775,-0.221603,-9.167492,-0.234162,-0.0507443838,-1.2530774411,-0.021009933
1.81979,-0.238415,-9.919318,0.315841,-0.0581939599,-1.2403067393,-0.0082392311
1.82084,-0.003042,-10.733396,0.556018,-0.0550012844,-1.2403067393,0.0109168216
1.821889,0.347615,-10.393399,0.284618,-0.0528728341,-1.2317929381,0.020494848
1.822938,0.366829,-9.598475,0.337457,-0.0571297347,-1.2041230841,0.0183663977
1.823955,0.097832,-9.531433,0.551214,-0.059258185,-1.169003654,0.0098525965
1.825005,-0.10872,-8.95679,0.882657,-0.0475517083,-1.1253704227,0.0119810468
1.826053,-0.370512,-8.501863,1.574365,-0.0241387549,-1.1019574693,0.0236875235
1.827103,-0.66833,-10.029458,2.066726,-0.0007258016,-1.113663946,0.0375224505
1.82812,-0.615492,-11.188323,1.58157,0.0088522248,-1.1125997209,0.0417793511
1.829169,-0.442565,-10.42692,0.841827,0.0035310991,-1.0657738141,0.0236875235
1.830218,-0.834052,-9.718193,0.183744,-0.0220103046,-0.912525392,-0.0220741581
1.831267,-0.706758,-8.506652,0.311038,-0.0273314304,-0.8678279355,-0.0220741581
1.832444,-0.519421,-8.286372,0.183744,-0.0273314304,-0.8763417367,-0.0093034563
1.833333,-0.322477,-9.849882,-0.661676,-0.0273314304,-0.919974968,0.0087883713
1.834383,-0.284048,-10.762129,-1.245304,-0.0241387549,-0.9838284773,0.020494848
1.835432,-0.579465,-10.845931,-1.514301,-0.0252029801,-1.058324238,0.0183663977
1.836481,-0.675536,-10.680721,-1.545524,-0.0379736819,-1.1168566215,0.0098525965
1.837498,-0.466582,-9.658334,-1.108404,-0.0581939599,-1.1296273233,0.0045314707
1.838547,-0.346494,-8.877776,0.073263,-0.0720288868,-1.1083428202,0.0141094971
1.839596,-0.320075,-8.580877,0.961915,-0.0741573372,-1.1030216945,0.034329775
1.840647,-0.003042,-8.86341,0.997942,-0.0677719862,-1.1370768994,0.0449720265
1.841662,0.563774,-10.393399,1.096414,-0.0518086089,-1.1626183031,0.0375224505
1.842711,0.441284,-11.657615,0.611258,-0.0358452316,-1.1349484491,0.0194306229
1.84376,-0.579465,-11.525926,0.512786,-0.0273314304,-1.0913152178,0.0013387952
1.84481,-1.348029,-10.204245,1.09161,-0.0252029801,-1.0764160656,-0.0124961318
1.845827,-1.201521,-7.910459,0.870648,-0.0337167813,-1.0700307147,-0.0178172575
1.846876,-1.055014,-7.462716,1.326983,-0.0379736819,-1.0647095889,-0.0093034563
1.847925,-1.230343,-10.628045,1.90821,-0.0209460795,-1.0955721184,0.0045314707
1.848974,-0.476189,-11.932965,0.606455,-0.017753404,-1.1402695749,0.0034672456
1.850025,0.534953,-9.471575,-0.510365,-0.0347810065,-1.1392053497,-0.0188814827
1.85104,0.347615,-8.485103,-0.308617,-0.0475517083,-1.1051501448,-0.0337806348
1.852089,-0.072693,-9.713404,-0.145297,-0.0603224102,-1.0828014166,-0.021009933
1.853138,0.076216,-9.938473,-0.001191,-0.0709646617,-1.072159165,0.0055956959
1.854187,0.311589,-8.930452,-0.030012,-0.0826711384,-1.072159165,0.020494848
1.855204,0.431677,-9.813966,-0.296608,-0.0943776151,-1.0923794429,0.0236875235
1.856254,0.611809,-11.602545,-0.224555,-0.0975702905,-1.1008932442,0.0279444241
1.857303,0.4629,-8.195387,0.258199,-0.0858638138,-1.0285259337,0.0417793511
1.858352,0.333205,-8.425244,0.73615,-0.073093112,-1.0221405828,0.0513573775
1.859369,0.438882,-9.648756,0.827417,-0.0539370592,-1.0136267816,0.0651923045
1.860418,0.268357,-10.094105,0.786587,-0.0379736819,-0.9976634043,0.0726418805
1.861467,-0.053479,-10.561003,0.229378,-0.0305241059,-0.9987276294,0.0673207548
1.862516,-0.238415,-10.932127,-0.342242,-0.0273314304,-1.0083056558,0.0502931523
1.863566,-0.281647,-10.522694,-0.714515,-0.0241387549,-1.0061772055,0.0300728744
1.864583,-0.238415,-9.722981,-0.426303,-0.0188176292,-1.0061772055,0.0247517486
1.865632,-0.392128,-8.930452,-0.087655,-0.003918477,-1.0295901589,0.0375224505
1.866681,-0.665929,-9.038198,-0.582418,0.0024668739,-1.0785445159,0.0524216026
1.86773,-0.70916,-9.869036,-0.577614,-0.0017900267,-1.1360126742,0.0513573775
1.868747,-0.589072,-9.974388,-0.524775,-0.0124322782,-1.1913523822,0.0353940002
1.869796,-0.524225,-9.749319,-0.457526,-0.0326525562,-1.2434994148,0.0194306229
1.870845,-0.4906,-10.072556,-0.070842,-0.0550012844,-1.2722334939,0.0226232983
1.871897,-0.19038,-9.825938,-0.058834,-0.073093112,-1.2722334939,0.0385866756
1.872912,0.081019,-9.696643,0.20536,-0.086928039,-1.2637196927,0.0492289272
1.873961,0.157876,-10.558609,0.469554,-0.0922491648,-1.2541416663,0.0534858278
1.87501,0.21792,-10.453258,0.335055,-0.086928039,-1.2286002626,0.0502931523
1.876059,-0.022256,-9.102845,0.455144,-0.0741573372,-1.1902881571,0.0375224505
1.877108,-0.418547,-7.958346,0.993138,-0.0571297347,-1.1636825282,0.0332655499
1.878125,-0.591474,-8.525807,1.523928,-0.0294598807,-1.1679394288,0.0460362517
1.879174,-0.651518,-11.114098,1.780916,-0.003918477,-1.1913523822,0.0651923045
1.880223,-0.452172,-12.002401,1.216502,-0.0049827022,-1.1796459055,0.0683849799
1.881275,-0.279245,-9.830727,0.493572,-0.0273314304,-1.1200492969,0.0460362517
1.882289,-0.778811,-8.882565,0.683311,-0.0411663574,-1.0561957877,0.020494848
1.883339,-0.310468,-9.059747,0.592044,-0.0411663574,-0.9646724245,0.0194306229
1.884388,-0.039069,-8.485103,0.616062,-0.0262672052,-0.9519017227,0.0311370995
1.885437,-0.161558,-9.921712,-0.601632,-0.031588331,-0.9731862257,0.0396509008
1.886454,-0.262432,-11.365504,-0.796175,-0.0464874832,-1.00298453,0.0396509008
1.887503,-0.380119,-10.517905,-0.671283,-0.0624508605,-1.0391681853,0.0364582253
1.890653,-0.075095,-9.373406,0.447938,-0.0986345157,-1.0785445159,0.0588069535
1.889601,-0.154353,-9.39735,0.039639,-0.0986345157,-1.0774802908,0.0428435762
1.888552,-0.262432,-9.289604,-0.738532,-0.0858638138,-1.0689664896,0.0364582253
1.891668,0.081019,-9.047775,0.404707,-0.0911849396,-1.0870583172,0.0694492051
1.892717,-0.015051,-9.813966,0.1237,-0.0752215623,-1.0955721184,0.0662565296
1.893766,-0.192781,-10.606496,-0.166913,-0.0635150856,-1.0934436681,0.0524216026
1.894815,-0.598679,-10.661566,0.075665,-0.0486159335,-1.0870583172,0.0332655499
1.895832,-1.37685,-10.843536,0.659293,-0.0326525562,-1.0966363436,0.0215590732
1.896881,-1.641044,-10.187485,1.086807,-0.0252029801,-1.1285630982,0.0173021725
1.897931,-1.211129,-8.394118,0.99554,-0.0305241059,-1.1487833761,0.0130452719
1.89898,-0.757195,-8.085247,0.942701,-0.0422305825,-1.1509118264,0.0130452719
1.899997,-0.456975,-10.170724,1.024361,-0.0486159335,-1.1594256276,0.0173021725
1.901046,-0.132737,-11.353533,0.176539,-0.0581939599,-1.1658109785,0.0109168216
1.902095,0.100234,-10.017486,-0.740934,-0.0762857875,-1.1509118264,-0.0061107808
1.903147,-0.101514,-8.537779,-0.423901,-0.0890564893,-1.1264346479,-0.0135603569
1.904193,-0.483395,-9.325519,0.140513,-0.086928039,-1.1253704227,-0.0018538802
1.905211,-0.380119,-10.711847,0.279815,-0.0837353635,-1.1445264755,0.0194306229
1.90626,0.169885,-9.663123,0.19095,-0.0943776151,-1.1583614025,0.034329775
1.907309,0.590193,-9.153126,0.219771,-0.1060840918,-1.1658109785,0.034329775
1.908358,0.88561,-10.42692,0.19095,-0.1050198666,-1.0817371914,0.0385866756
1.909375,0.479712,-8.904114,1.019558,-0.0954418402,-1.030654384,0.0439078014
1.910424,-0.022256,-8.997494,1.442268,-0.0762857875,-1.0253332583,0.048164702
1.911474,0.071412,-9.258478,0.827417,-0.0624508605,-1.0285259337,0.0513573775
1.912525,0.244339,-9.438054,0.805801,-0.0518086089,-1.0157552319,0.0545500529
1.91354,-0.00064,-10.637622,0.385492,-0.0390379071,-1.0051129803,0.0566785032
1.914589,-0.16396,-11.092549,-0.724122,-0.0369094568,-1.0040487552,0.0492289272
1.915638,-0.094309,-10.034247,-0.868227,-0.0422305825,-1.0072414306,0.034329775
1.916687,0.001761,-9.399744,-0.793773,-0.0390379071,-1.016819457,0.0290086492
1.917704,-0.065488,-9.495518,-0.995521,-0.0305241059,-1.0317186092,0.0417793511
1.918753,-0.236013,-9.220168,-1.081984,-0.0294598807,-1.0551315626,0.0577427284
1.919803,-0.303262,-9.246506,-1.247706,-0.0305241059,-1.0966363436,0.0598711787
1.920852,-0.442565,-10.204245,-1.074779,-0.0337167813,-1.1498476012,0.048164702
1.921903,-0.605884,-11.025507,-0.690497,-0.0347810065,-1.2041230841,0.0364582253
1.922918,-0.557849,-10.965648,-0.46233,-0.0411663574,-1.2424351896,0.0375224505
1.923967,-0.267236,-9.459603,-0.099664,-0.0581939599,-1.2594627921,0.048164702
1.926065,-0.00064,-9.7996,0.556018,-0.0794784629,-1.2562701166,0.0534858278
1.925016,-0.02706,-8.453976,0.130906,-0.073093112,-1.2637196927,0.0545500529
1.927082,-0.118327,-10.929733,0.921085,-0.0677719862,-1.2413709645,0.048164702
1.928132,-0.348896,-9.993543,0.75056,-0.0507443838,-1.2307287129,0.0353940002
1.929181,-0.454573,-7.989473,0.923487,-0.0401021322,-1.2211506865,0.0236875235
1.93023,-0.529028,-7.996656,1.430259,-0.0252029801,-1.2275360375,0.0290086492
1.931248,-0.699553,-11.504377,1.696855,-0.0028542519,-1.2605270172,0.0492289272
1.932296,-0.425752,-12.984084,1.002745,-0.0017900267,-1.2583985669,0.0609354038
1.933345,-0.048676,-9.648756,0.049246,-0.031588331,-1.1934808325,0.0417793511
1.934397,-0.392128,-7.795531,0.303832,-0.0635150856,-1.1200492969,0.0087883713
1.935444,-0.399333,-9.576926,0.889862,-0.0507443838,-1.0540673374,0.0194306229
1.936461,-0.257629,-8.446793,0.85864,-0.0337167813,-1.0679022644,0.0364582253
1.93751,-0.236013,-9.378195,0.35427,-0.0337167813,-1.1072785951,0.0428435762
1.938559,-0.137541,-11.734234,-0.253376,-0.0432948077,-1.1232419724,0.0428435762
1.939608,-0.077497,-11.681558,-0.656872,-0.0635150856,-1.0966363436,0.0407151259
1.940626,-0.159157,-9.593686,-0.426303,-0.0911849396,-1.0625811386,0.0353940002
1.941674,-0.168764,-8.267217,0.212566,-0.1082125421,-1.0423608607,0.0311370995
1.942724,-0.031863,-8.382146,0.644883,-0.1082125421,-1.030654384,0.0364582253
1.943775,0.049797,-9.459603,1.019558,-0.0901207145,-1.0402324104,0.0534858278
1.94479,0.006565,-10.565792,0.563223,-0.0571297347,-1.0700307147,0.0630638542
1.945839,-0.296057,-10.877057,-0.150101,-0.0358452316,-1.0987647939,0.048164702
1.946888,-0.778811,-10.637622,-0.111672,-0.0358452316,-1.1200492969,0.0226232983
1.947937,-1.074228,-10.431708,0.090076,-0.0358452316,-1.1306915485,0.0077241462
1.948986,-1.196718,-10.034247,0.337457,-0.031588331,-1.1285630982,0.0087883713
1.950004,-1.057416,-8.679045,0.584839,-0.0411663574,-1.1338842239,0.0141094971
1.951053,-0.533832,-7.611166,0.503179,-0.059258185,-1.1519760515,0.0151737222
1.952102,-0.296057,-9.648756,0.212566,-0.0645793108,-1.1721963295,0.0077241462
1.953154,-0.334485,-12.11733,0.039639,-0.0613866353,-1.1839028062,-0.0039823305
1.954169,-0.187978,-10.814804,-0.347045,-0.0624508605,-1.1796459055,-0.0167530324
1.955218,-0.322477,-8.453976,-0.423901,-0.0688362114,-1.1658109785,-0.0231383833
1.956267,-0.70916,-8.805946,0.289422,-0.0752215623,-1.169003654,-0.0124961318
1.957316,-0.514618,-10.70227,0.580035,-0.0816069132,-1.1849670313,0.0087883713
1.958333,0.131456,-10.683115,0.611258,-0.1018271912,-1.1892239319,0.0226232983
1.959383,0.47731,-9.172281,0.683311,-0.1231116942,-1.1817743558,0.0183663977
1.960431,0.592595,-8.810734,0.544009,-0.1316254955,-1.1615540779,0.0045314707
1.96148,0.378838,-10.283259,1.442268,-0.0805426881,-1.0891867675,0.020494848
1.962532,0.191501,-10.486778,1.060388,-0.0539370592,-1.0774802908,0.0300728744
1.963547,-0.012649,-10.022275,0.459947,-0.0475517083,-1.0668380393,0.0226232983
1.964596,-0.356101,-9.739742,0.270208,-0.0486159335,-1.0487462116,0.0087883713
1.965647,-0.512216,-9.581715,-0.010798,-0.0486159335,-1.0253332583,0.0034672456
1.966694,-0.425752,-9.081296,0.039639,-0.0464874832,-1.0136267816,0.0055956959
1.967711,-0.293655,-9.059747,0.402305,-0.0464874832,-1.0338470595,0.0109168216
1.968761,0.069011,-9.344674,0.229378,-0.0475517083,-1.072159165,0.0183663977
1.96981,0.35482,-9.399744,-0.248573,-0.0486159335,-1.1040859196,0.0258159738
1.970859,0.229929,-10.118049,-0.81779,-0.0560655095,-1.1243061975,0.0332655499
1.971876,0.085823,-10.630439,-1.677621,-0.0709646617,-1.1296273233,0.0332655499
1.972925,-0.02706,-10.127626,-2.054698,-0.0901207145,-1.1211135221,0.0215590732
1.973974,-0.161558,-9.945656,-1.365392,-0.0922491648,-1.1168566215,0.0162379474
1.975026,-0.154353,-10.05819,-0.68089,-0.0762857875,-1.127498873,0.0290086492
1.97604,-0.139943,-9.713404,-0.243769,-0.0550012844,-1.1583614025,0.0471004769
1.97709,-0.274441,-9.742136,-0.046825,-0.0326525562,-1.2041230841,0.0545500529
1.978139,-0.456975,-10.280864,0.018023,-0.017753404,-1.2413709645,0.0449720265
1.979188,-0.742785,-10.565792,0.40951,-0.0124322782,-1.2583985669,0.020494848
1.980237,-0.867677,-10.091711,0.522393,-0.0188176292,-1.2583985669,-0.0007896551
1.981254,-0.517019,-8.425244,0.469554,-0.0358452316,-1.2360498387,-0.0061107808
1.982303,-0.329682,-7.687785,0.91388,-0.0422305825,-1.2190222362,0.0024030204
1.983353,-0.548242,-10.362272,1.399036,-0.0294598807,-1.2466920902,0.0162379474
1.984404,-0.211995,-12.68479,0.75056,-0.0220103046,-1.2807472951,0.0194306229
1.985419,0.472507,-10.623256,-0.080449,-0.0326525562,-1.2583985669,0.0002745701
1.986468,0.17709,-7.98229,0.289422,-0.0475517083,-1.2073157595,-0.0220741581
1.987517,-0.430556,-9.454814,0.918684,-0.0475517083,-1.1881597068,0.0055956959
1.988566,-0.195183,-9.447631,0.846631,-0.0539370592,-1.2041230841,0.0279444241
1.989584,-0.096711,-9.957627,0.54641,-0.0645793108,-1.2264718123,0.034329775
1.990633,0.020975,-11.657615,0.202958,-0.0635150856,-1.2254075871,0.0258159738
1.991682,0.141064,-11.303251,-0.049227,-0.0635150856,-1.1732605546,0.0130452719
1.992731,-0.065488,-8.738904,0.291824,-0.0720288868,-1.1040859196,0.0055956959
1.993782,-0.24562,-7.766798,0.786587,-0.0709646617,-1.058324238,0.0055956959
1.994797,-0.089506,-8.880171,0.911478,-0.059258185,-1.023204808,0.0194306229
1.995847,-0.048676,-9.660728,1.009951,-0.0432948077,-1.00298453,0.0353940002
1.996898,-0.387324,-10.580158,0.443135,-0.0252029801,-1.0274617086,0.0353940002
1.997945,-0.677937,-11.743811,-0.296608,-0.0209460795,-1.0753518405,0.0151737222
1.998962,-0.689946,-10.848325,-0.570409,-0.031588331,-1.0977005687,-0.0103676814
2.000011,-0.754794,-9.174675,-0.250975,-0.045423258,-1.0977005687,-0.0220741581
2.001061,-0.970952,-8.861016,0.40951,-0.045423258,-1.1030216945,-0.0082392311
2.002109,-0.944533,-8.952001,0.070862,-0.0443590329,-1.1306915485,0.0087883713
2.003127,-0.555447,-8.896931,-0.27259,-0.0507443838,-1.1668752037,0.0098525965
2.004176,-0.356101,-9.78284,-0.438312,-0.0507443838,-1.1956092828,-0.0082392311
2.005225,-0.454573,-11.23621,-0.678488,-0.0496801586,-1.2126368853,-0.0284595091
2.006276,-0.617893,-11.245787,-0.075646,-0.0528728341,-1.2211506865,-0.03484486
2.007323,-0.742785,-9.593686,0.229378,-0.059258185,-1.2275360375,-0.0263310588
2.00834,-0.704357,-8.554539,0.568026,-0.073093112,-1.2456278651,-0.0156888072
2.009389,-0.519421,-9.770868,1.319778,-0.0890564893,-1.2690408184,-0.007175006
2.010439,-0.089506,-10.881846,1.370215,-0.0996987408,-1.2669123681,-0.0029181054
2.011487,0.237134,-9.871431,1.03637,-0.1060840918,-1.2275360375,-0.0124961318
2.012505,0.047395,-8.391723,0.961915,-0.1103409924,-1.1807101307,-0.0273952839
2.013554,-0.156755,-10.53706,1.415848,-0.0677719862,-1.1562329522,-0.0146245821
2.014603,-0.127934,-12.043105,0.781783,-0.0475517083,-1.1509118264,-0.0050465557
2.015655,0.008967,-10.352695,0.022826,-0.0550012844,-1.1211135221,-0.0156888072
2.016669,-0.096711,-8.810734,-0.025209,-0.0581939599,-1.0838656417,-0.0337806348
2.017718,-0.334485,-9.749319,-0.17652,-0.0539370592,-1.0519388871,-0.0380375354
2.018767,-0.103916,-9.811572,-0.296608,-0.0518086089,-1.023204808,-0.0295237342
2.019817,0.160278,-8.497075,0.186146,-0.0496801586,-1.0210763576,-0.021009933
2.020866,0.138662,-8.573694,0.159727,-0.0507443838,-1.0593884632,-0.0135603569
2.021883,0.073814,-9.7996,-0.291805,-0.0539370592,-1.1051501448,-0.0050465557
2.022932,0.025779,-10.446075,-0.534382,-0.059258185,-1.1360126742,0.0034672456
2.023981,0.107439,-10.338329,-0.901852,-0.0699004365,-1.1572971773,0.006659921
2.025033,0.225125,-10.070162,-1.081984,-0.0879922642,-1.1615540779,0.0045314707
2.026048,0.275562,-9.624813,-0.671283,-0.1018271912,-1.1487833761,0.0077241462
2.027097,0.407659,-9.68946,-0.38067,-0.0996987408,-1.1317557736,0.0194306229
2.028148,0.4629,-10.412554,-0.411893,-0.0805426881,-1.1179208466,0.0311370995
2.029195,0.167483,-10.13002,-0.563204,-0.0507443838,-1.1125997209,0.0322013247
2.030212,-0.387324,-9.584109,-0.563204,-0.0198818543,-1.1338842239,0.0194306229
2.031261,-0.963747,-10.486778,0.04204,0.0131091254,-1.1796459055,0.0024030204
2.03231,-1.194316,-11.03269,0.323047,0.0397147543,-1.2211506865,-0.007175006
2.03336,-0.882087,-9.464392,0.20536,0.0354578537,-1.2445636399,-0.0135603569
2.034409,-0.557849,-8.204964,0.476759,0.0141733506,-1.2594627921,-0.0124961318
2.035426,-0.601081,-9.56256,0.779381,-0.0071111525,-1.2839399706,-0.0093034563
2.036475,-0.452172,-11.255364,0.599249,-0.0326525562,-1.3148025001,-0.0146245821
2.037527,0.037788,-10.221006,0.04204,-0.059258185,-1.321187851,-0.0295237342
2.038573,-0.043872,-8.185809,0.10929,-0.0720288868,-1.293517997,-0.0391017606
2.03959,-0.519421,-8.657496,0.846631,-0.0720288868,-1.2871326461,-0.0305879594
2.04064,0.27316,-10.453258,0.49117,-0.0581939599,-1.3201236258,0.006659921
2.041689,0.347615,-10.185091,0.255797,-0.0709646617,-1.3020317982,0.006659921
2.042738,0.085823,-10.570581,0.399903,-0.0826711384,-1.2690408184,-0.0007896551
2.043755,0.044993,-9.895374,0.580035,-0.0805426881,-1.2158295608,-0.0039823305
2.044804,-0.043872,-8.640736,1.149253,-0.0667077611,-1.1615540779,0.0013387952
2.045854,-0.192781,-8.693411,1.672837,-0.0464874832,-1.1349484491,0.0109168216
2.046905,-0.115925,-9.485941,1.298162,-0.0283956555,-1.1189850718,0.0194306229
2.04792,-0.005444,-10.005514,0.861041,-0.0188176292,-1.0891867675,0.020494848
2.048969,-0.257629,-10.740579,0.299029,-0.0134965034,-1.0519388871,0.0098525965
2.050019,-0.680339,-11.161985,-0.611239,-0.0209460795,-1.0178836822,-0.0103676814
2.051067,-0.757195,-9.895374,-0.426303,-0.0347810065,-0.9944707288,-0.0273952839
2.052117,-0.74999,-8.525807,0.260601,-0.0422305825,-1.00298453,-0.0273952839
2.053134,-0.819641,-8.772425,0.363877,-0.0443590329,-1.0498104368,-0.0082392311
2.054183,-0.663527,-9.318336,0.013219,-0.0422305825,-1.1157923963,0.0130452719
2.055232,-0.425752,-9.631996,-0.887442,-0.0443590329,-1.1711321043,0.0151737222
2.056284,-0.461779,-10.359878,-1.468668,-0.0581939599,-1.2051873092,-0.0039823305
2.057299,-0.656321,-10.881846,-0.957093,-0.0752215623,-1.224343362,-0.0231383833
2.058348,-0.723571,-10.417342,-0.270189,-0.0805426881,-1.2317929381,-0.0242026084
2.059399,-0.675536,-9.241717,0.181343,-0.0805426881,-1.2360498387,-0.0114319066
2.060446,-0.54584,-8.779608,0.988335,-0.0762857875,-1.2615912424,0.0045314707
2.061463,-0.060684,-9.773263,1.218904,-0.0688362114,-1.2924537718,0.0087883713
2.062513,0.458096,-10.790861,0.846631,-0.0656435359,-1.2818115203,-0.0007896551
2.063562,0.285169,-10.88424,0.889862,-0.0656435359,-1.2392425141,-0.0167530324
2.064611,-0.257629,-9.849882,0.880255,-0.0677719862,-1.1988019583,-0.0316521845
2.06566,-0.788418,-8.200176,1.358206,-0.0581939599,-1.1626183031,-0.0220741581
2.066677,-0.973354,-11.094943,1.447071,-0.0390379071,-1.1902881571,-0.0039823305
2.067726,-0.584269,-11.588179,0.318243,-0.0379736819,-1.2062515344,-0.0039823305
2.068778,-0.039069,-9.399744,-0.471937,-0.0571297347,-1.1860312565,-0.0273952839
2.069824,-0.0823,-8.966367,-0.150101,-0.0688362114,-1.1530402767,-0.0433586612
2.070842,-0.144746,-9.770868,0.020425,-0.0667077611,-1.1264346479,-0.0369733103
2.071891,0.064207,-9.610447,0.200557,-0.0645793108,-1.1072785951,-0.0178172575
2.07294,0.229929,-8.71496,0.315841,-0.0645793108,-1.1051501448,-0.0029181054
2.073989,0.160278,-9.189041,-0.082851,-0.0688362114,-1.127498873,0.0024030204
2.075006,0.131456,-10.71903,-0.301412,-0.0794784629,-1.1487833761,0.0045314707
2.076056,0.383642,-10.786072,-0.21735,-0.0901207145,-1.1477191509,0.0087883713
2.077104,0.460498,-9.543405,-0.097262,-0.0933133899,-1.1434622503,0.0098525965
2.078156,0.364427,-8.60482,0.10929,-0.0933133899,-1.1413338,0.0151737222
2.079203,0.441284,-9.098056,0.457545,-0.086928039,-1.1285630982,0.0311370995
2.08022,0.494123,-10.417342,0.263003,-0.0688362114,-1.113663946,0.0471004769
2.081269,0.311589,-10.845931,-0.582418,-0.0507443838,-1.1030216945,0.0492289272
2.082318,-0.111121,-10.355089,-0.933075,-0.0379736819,-1.1051501448,0.0300728744
2.083368,-0.589072,-10.230583,-0.808183,-0.017753404,-1.1189850718,0.006659921
2.084385,-0.903703,-10.189879,-0.51757,0.0077879997,-1.1360126742,-0.0007896551
2.085434,-1.05021,-9.390167,-0.207743,0.0248156021,-1.1700678792,0.0077241462
2.086483,-1.002175,-8.925663,-0.061235,0.023751377,-1.2296644878,0.0183663977
2.087534,-0.937328,-9.87622,0.054049,0.0109806751,-1.293517997,0.0151737222
2.08855,-0.764401,-10.407765,-0.104467,-0.0188176292,-1.3392796786,0.0002745701
2.089599,-0.483395,-9.426082,-0.154904,-0.0560655095,-1.3552430559,-0.0167530324
2.09065,-0.473788,-8.877776,0.135709,-0.0773500126,-1.3509861553,-0.0167530324
2.091697,0.17709,-10.766917,0.623267,-0.0762857875,-1.3573715062,0.0162379474
2.092746,0.527747,-10.88424,0.582437,-0.0720288868,-1.3435365792,0.0226232983
2.093763,0.467703,-10.000726,0.371082,-0.0762857875,-1.3094813743,0.0151737222
2.094813,0.023377,-9.773263,0.692918,-0.0741573372,-1.2701050436,0.0045314707
2.095862,-0.214397,-8.60482,0.868247,-0.0677719862,-1.2296644878,0.0087883713
2.096912,-0.288852,-7.867361,1.384625,-0.0507443838,-1.2094442098,0.0226232983
2.097928,-0.567456,-10.125232,2.141181,-0.0252029801,-1.224343362,0.0396509008
2.098978,-0.456975,-11.743811,1.533535,-0.0103038279,-1.2296644878,0.0502931523
2.100029,-0.091907,-10.340723,0.539205,-0.0145607286,-1.1849670313,0.0322013247
2.101075,-0.401735,-9.708615,0.263003,-0.0220103046,-1.1125997209,-0.0007896551
2.102093,-0.752392,-9.797206,0.248592,-0.031588331,-1.0402324104,-0.0156888072
2.103142,-0.656321,-8.693411,0.15012,-0.0422305825,-0.9902138282,-0.0156888072
2.104191,-0.57226,-8.489892,0.385492,-0.0432948077,-0.9912780533,-0.0039823305
2.10524,-0.356101,-9.438054,-0.121279,-0.0379736819,-1.0391681853,0.0162379474
2.106257,-0.267236,-10.347906,-1.151635,-0.0411663574,-1.1051501448,0.0279444241
2.107307,-0.543439,-10.975226,-1.283732,-0.0539370592,-1.1721963295,0.0236875235
2.108356,-0.557849,-10.596918,-1.384606,-0.0741573372,-1.2211506865,0.0130452719
2.109407,-0.348896,-9.794812,-0.921066,-0.086928039,-1.2317929381,0.006659921
2.110454,-0.329682,-9.426082,0.19095,-0.0879922642,-1.2147653356,0.0194306229
2.111471,-0.332084,-8.628764,0.692918,-0.0847995887,-1.2094442098,0.0385866756
2.11252,-0.096711,-8.468343,0.846631,-0.0794784629,-1.2434994148,0.0460362517
2.11357,0.321196,-10.38861,0.959514,-0.0624508605,-1.2764903945,0.0396509008
2.114619,0.311589,-12.069443,0.632874,-0.0432948077,-1.2573343418,0.0247517486
2.115636,-0.432958,-11.372687,0.464751,-0.0369094568,-1.2083799847,0.006659921
2.116685,-1.155888,-9.349463,0.849033,-0.0379736819,-1.1849670313,-0.007175006
2.117734,-1.129469,-7.630321,0.820211,-0.0475517083,-1.1785816804,-0.0093034563
2.118784,-1.328815,-11.463673,1.619998,-0.0305241059,-1.2200864614,0.0173021725
2.119801,-0.507412,-11.516348,0.279815,-0.0358452316,-1.265848143,0.006659921
2.12085,0.424471,-8.676651,-0.635257,-0.0571297347,-1.2541416663,-0.0220741581
2.121901,0.155474,-8.470737,-0.05403,-0.0699004365,-1.2147653356,-0.0284595091
2.122948,-0.031863,-10.213823,0.159727,-0.073093112,-1.1913523822,-0.0039823305
2.123998,0.27316,-10.04143,-0.018004,-0.0794784629,-1.1711321043,0.0194306229
2.125015,0.244339,-8.894537,0.049246,-0.0922491648,-1.1668752037,0.0258159738
2.126064,0.167483,-9.94805,-0.090056,-0.100762966,-1.1902881571,0.0258159738
2.127113,0.434079,-11.331983,-0.241368,-0.0986345157,-1.1998661835,0.0279444241
2.128163,0.551765,-9.871431,0.090076,-0.0922491648,-1.1721963295,0.0364582253
2.129179,0.426873,-8.10919,0.544009,-0.0858638138,-1.1466549258,0.0471004769
2.130229,0.4629,-8.798763,0.918684,-0.0752215623,-1.1413338,0.0577427284
2.13128,0.448489,-10.355089,1.163663,-0.0635150856,-1.1296273233,0.0726418805
2.132327,0.321196,-10.393399,0.700123,-0.0539370592,-1.1072785951,0.0800914566
2.133344,0.145867,-9.952839,-0.21735,-0.0486159335,-1.0902509926,0.0673207548
2.134394,-0.262432,-10.438891,-0.491151,-0.045423258,-1.0828014166,0.0471004769
2.135443,-0.452172,-10.33354,-0.592025,-0.0390379071,-1.0828014166,0.0364582253
2.136492,-0.394529,-9.682277,-0.664078,-0.0262672052,-1.0955721184,0.0364582253
2.137541,-0.625099,-9.749319,-0.414294,-0.0071111525,-1.1317557736,0.048164702
2.138559,-0.87248,-9.699038,-0.601632,0.0014026488,-1.1902881571,0.0577427284
2.139608,-0.906105,-9.378195,-0.656872,-0.0103038279,-1.2605270172,0.0524216026
2.140659,-0.677937,-9.299182,-0.4215,-0.031588331,-1.3201236258,0.0385866756
2.141706,-0.413744,-9.636785,-0.383071,-0.0528728341,-1.3541788307,0.0300728744
2.142723,-0.324878,-10.230583,-0.087655,-0.0720288868,-1.3658853074,0.0353940002
2.143775,0.047395,-9.988754,0.188548,-0.0879922642,-1.3669495326,0.048164702
2.144821,0.251545,-10.855508,0.356671,-0.0965060654,-1.3541788307,0.0566785032
2.14587,0.141064,-10.259315,0.332654,-0.086928039,-1.3297016522,0.0534858278
2.146888,-0.233611,-8.688623,0.510384,-0.0752215623,-1.3009675731,0.0449720265
2.147937,-0.543439,-7.666236,1.069995,-0.0624508605,-1.2850041958,0.0449720265
2.148987,-0.536233,-8.652707,1.600784,-0.0369094568,-1.293517997,0.0598711787
2.150035,-0.6275,-11.616911,1.855371,-0.0113680531,-1.3126740497,0.075834556
2.151085,-0.456975,-12.059865,1.094012,-0.0145607286,-1.293517997,0.075834556
2.152102,-0.293655,-9.394955,0.214967,-0.0369094568,-1.2317929381,0.0460362517
2.153153,-0.802829,-8.975944,0.479161,-0.0486159335,-1.1658109785,0.0173021725
2.1542,-0.930122,-9.809178,0.469554,-0.0486159335,-1.1008932442,0.0162379474
2.155249,-0.493002,-8.995099,0.577633,-0.0443590329,-1.0572600129,0.0300728744
2.156267,-0.187978,-8.288766,0.719337,-0.0358452316,-1.0679022644,0.0449720265
2.157315,0.076216,-9.56256,-0.654471,-0.0379736819,-1.1019574693,0.0534858278
2.158365,-0.017453,-11.387054,-0.969101,-0.0496801586,-1.1264346479,0.0545500529
2.159414,-0.24562,-10.776495,-0.565605,-0.0720288868,-1.1572971773,0.0524216026
2.160431,-0.118327,-9.315942,-0.738532,-0.0965060654,-1.1817743558,0.0492289272
2.16148,-0.077497,-9.428476,0.066058,-0.1028914163,-1.1817743558,0.0556142781
2.162532,-0.012649,-9.663123,0.589642,-0.0996987408,-1.1764532301,0.0726418805
2.163579,0.148269,-9.299182,0.505581,-0.0879922642,-1.1764532301,0.0843483572
2.164628,-0.039069,-9.442842,0.171736,-0.0709646617,-1.182838581,0.0822199069
2.165645,-0.298459,-10.189879,-0.116476,-0.0571297347,-1.1892239319,0.0673207548
2.166694,-0.658723,-10.802832,0.214967,-0.0443590329,-1.1870954816,0.0471004769
2.167743,-1.343225,-10.798044,0.623267,-0.031588331,-1.1988019583,0.0364582253
2.168792,-1.667463,-9.93129,1.048379,-0.0262672052,-1.2339213884,0.0322013247
2.16981,-1.324011,-8.525807,0.952308,-0.0326525562,-1.2637196927,0.0290086492
2.170859,-0.550644,-10.477201,0.933094,-0.0560655095,-1.2913895467,0.034329775
2.17191,-0.024658,-11.274519,-0.05403,-0.0677719862,-1.2881968712,0.0247517486
2.172957,0.287571,-9.466786,-0.808183,-0.086928039,-1.252013216,0.006659921
2.173975,-0.084702,-8.408484,-0.106869,-0.0975702905,-1.2200864614,0.0045314707
2.175026,-0.365708,-9.569743,0.397501,-0.0933133899,-1.2296644878,0.0215590732
2.176073,-0.070292,-10.541848,0.387894,-0.0911849396,-1.2509489908,0.0428435762
2.177122,0.213116,-9.711009,0.399903,-0.0986345157,-1.2583985669,0.0545500529
2.178139,0.268357,-9.612841,0.250994,-0.1092767672,-1.2626554675,0.0524216026
2.179188,0.486917,-10.642411,0.154923,-0.1177905685,-1.2413709645,0.0492289272
2.180237,0.676657,-9.871431,0.426322,-0.1177905685,-1.1775174552,0.0556142781
2.181287,0.390847,-8.628764,1.125235,-0.1039556415,-1.1306915485,0.0630638542
2.182336,0.049797,-9.234534,1.370215,-0.0858638138,-1.1306915485,0.0694492051
2.183353,0.069011,-10.017486,1.031566,-0.0677719862,-1.1338842239,0.075834556
2.184405,0.001761,-9.974388,0.740953,-0.0486159335,-1.1243061975,0.0747703308
2.185451,-0.175969,-10.094105,-0.037218,-0.0422305825,-1.1168566215,0.0662565296
2.186501,-0.127934,-10.051007,-0.551195,-0.0507443838,-1.1115354957,0.0598711787
2.187518,-0.132737,-9.742136,-0.527177,-0.0571297347,-1.1104712706,0.0556142781
2.188567,-0.058283,-9.615236,-0.702506,-0.0581939599,-1.1211135221,0.0598711787
2.189616,0.042591,-9.46918,-0.752943,-0.0518086089,-1.1445264755,0.0694492051
2.190665,-0.127934,-9.706221,-1.13002,-0.045423258,-1.1743247798,0.0768987812
2.191683,-0.240817,-10.189879,-1.701639,-0.045423258,-1.2041230841,0.075834556
2.192732,-0.332084,-10.048613,-1.435043,-0.0475517083,-1.2392425141,0.0641280793
2.193783,-0.512216,-9.794812,-0.760148,-0.0507443838,-1.2924537718,0.0545500529
2.19483,-0.440163,-10.161147,-0.423901,-0.0560655095,-1.342472354,0.061999629
2.195879,-0.180773,-10.077345,0.1237,-0.059258185,-1.3690779829,0.0779630063
2.196896,0.032984,-10.055796,0.479161,-0.0752215623,-1.3850413602,0.0768987812
2.197945,-0.101514,-10.302414,0.760167,-0.0752215623,-1.3648210823,0.0651923045
2.198995,-0.334485,-9.495518,0.724141,-0.0699004365,-1.3339585528,0.0513573775
2.200044,-0.344092,-7.776376,0.87305,-0.0624508605,-1.3041602485,0.0471004769
2.201061,-0.569858,-8.315104,1.502312,-0.0432948077,-1.3116098246,0.0588069535
2.20211,-0.810034,-11.875501,1.576766,-0.0188176292,-1.356307281,0.0779630063
2.204209,-0.228808,-9.715798,0.08287,-0.0347810065,-1.3030960234,0.0534858278
2.20316,-0.488198,-13.039154,0.728944,-0.0134965034,-1.3605641817,0.0800914566
2.205226,-0.543439,-7.618349,0.363877,-0.0656435359,-1.2413709645,0.0258159738
2.207324,-0.363307,-9.205802,0.779381,-0.0581939599,-1.1700678792,0.048164702
2.206278,-0.663527,-8.695806,0.813006,-0.0709646617,-1.1977377332,0.0268801989
2.208373,-0.113523,-8.899325,0.649686,-0.0507443838,-1.1764532301,0.0651923045
2.209422,-0.065488,-10.247344,0.126102,-0.0486159335,-1.2062515344,0.0715776554
2.21044,-0.211995,-12.22747,-0.618444,-0.0496801586,-1.2179580111,0.0662565296
2.211489,-0.248022,-11.255364,-0.659274,-0.0656435359,-1.1977377332,0.0577427284
2.212538,-0.171166,-8.523413,-0.267787,-0.0901207145,-1.1636825282,0.0524216026
2.213587,-0.175969,-8.056515,0.486366,-0.1039556415,-1.1349484491,0.0566785032
2.214605,-0.010247,-9.224957,1.067593,-0.1050198666,-1.1168566215,0.0747703308
2.215656,0.174688,-9.962416,1.021959,-0.0879922642,-1.1211135221,0.0917979333
2.216703,0.037788,-10.161147,0.380689,-0.0635150856,-1.1466549258,0.0886052578
2.217752,-0.329682,-10.295231,-0.373464,-0.0518086089,-1.1753890049,0.0662565296
2.218769,-0.855668,-10.790861,-0.130886,-0.0475517083,-1.1945450577,0.0439078014
2.219818,-1.304797,-10.848325,0.10929,-0.0411663574,-1.2094442098,0.0364582253
2.220868,-1.398466,-9.804389,0.193351,-0.0369094568,-1.224343362,0.0364582253
2.225035,0.13626,-9.94805,-0.351849,-0.0816069132,-1.2988391227,0.0087883713
2.222966,-0.348896,-10.218611,0.366278,-0.0645793108,-1.3009675731,0.0353940002
2.223983,-0.065488,-11.133253,-0.022807,-0.0720288868,-1.3158667252,0.0226232983
2.221917,-1.11746,-8.406089,0.630472,-0.0432948077,-1.2445636399,0.0385866756
2.226082,-0.118327,-8.963973,0.003612,-0.086928039,-1.2669123681,0.0098525965
2.227131,-0.536233,-9.653545,0.395099,-0.0901207145,-1.265848143,0.0279444241
2.228151,-0.432958,-10.525088,0.563223,-0.1018271912,-1.2924537718,0.0449720265
2.229197,0.073814,-9.847487,0.553616,-0.1177905685,-1.3041602485,0.0492289272
2.230247,0.304383,-9.519462,0.486366,-0.1294970451,-1.293517997,0.0417793511
2.231296,0.38124,-9.974388,0.743355,-0.1337539458,-1.2679765933,0.034329775
2.232313,0.494123,-9.517067,1.146851,-0.1188547936,-1.2339213884,0.0407151259
2.233363,0.359624,-9.351857,1.391831,-0.086928039,-1.2137011105,0.0502931523
2.234413,0.157876,-10.051007,1.084405,-0.0699004365,-1.2051873092,0.0577427284
2.235461,0.076216,-10.347906,0.452742,-0.0645793108,-1.1807101307,0.0524216026
2.236478,-0.260031,-10.051007,0.094879,-0.0581939599,-1.1487833761,0.0396509008
2.237529,-0.596277,-9.351857,-0.265385,-0.0571297347,-1.1296273233,0.0311370995
2.238576,-0.488198,-9.100451,-0.126083,-0.059258185,-1.1296273233,0.0322013247
2.239625,-0.175969,-9.495518,0.445536,-0.0550012844,-1.1466549258,0.0439078014
2.241692,0.323597,-9.306365,-0.443116,-0.0624508605,-1.2115726601,0.0651923045
2.240675,0.189099,-9.280027,0.1237,-0.0550012844,-1.1785816804,0.0566785032
2.242741,0.268357,-10.110866,-0.849013,-0.0741573372,-1.2307287129,0.0694492051
2.24379,0.251545,-10.503539,-1.708844,-0.0890564893,-1.224343362,0.0651923045
2.244839,0.073814,-10.273681,-1.718451,-0.1028914163,-1.210508435,0.0556142781
2.245857,-0.039069,-9.737347,-1.014735,-0.100762966,-1.2137011105,0.0566785032
2.246908,-0.039069,-9.763685,-0.748139,-0.086928039,-1.2349856135,0.0673207548
2.247955,-0.23121,-10.273681,-0.200538,-0.0635150856,-1.2669123681,0.0811556818
2.249004,-0.622697,-10.242555,-0.05403,-0.0220103046,-1.3382154534,0.0747703308
2.250022,-0.733178,-9.950444,0.383091,-0.0188176292,-1.3520503804,0.0513573775
2.251071,-0.723571,-9.023831,0.517589,-0.031588331,-1.3477934798,0.0332655499
2.25212,-0.478591,-7.967924,0.707329,-0.045423258,-1.3318301025,0.0322013247
2.253169,-0.32728,-8.53299,1.269341,-0.0411663574,-1.3371512283,0.0439078014
2.254218,-0.389726,-11.41818,1.130039,-0.0305241059,-1.3733348835,0.0534858278
2.255235,-0.173567,-12.99845,0.342261,-0.0369094568,-1.3924909363,0.0460362517
2.256285,0.193902,-10.213823,-0.049227,-0.0571297347,-1.3573715062,0.0226232983
2.257334,-0.135139,-7.43159,0.349466,-0.0720288868,-1.3041602485,0.0087883713
2.258383,-0.637107,-8.209753,0.976326,-0.073093112,-1.2860684209,0.0215590732
2.259403,-0.440163,-9.354252,1.000344,-0.0667077611,-1.2977748976,0.0460362517
2.260449,0.008967,-9.205802,0.666499,-0.0667077611,-1.3201236258,0.0641280793
2.261499,0.114644,-10.453258,0.580035,-0.0699004365,-1.3414081289,0.0662565296
2.262548,0.155474,-12.083809,0.181343,-0.0709646617,-1.3297016522,0.0577427284
2.263565,0.198706,-10.805227,-0.183725,-0.0805426881,-1.2669123681,0.0460362517
2.264614,-0.168764,-8.453976,0.589642,-0.0847995887,-1.1956092828,0.0428435762
2.265663,-0.300861,-7.991867,1.014754,-0.0816069132,-1.1455907006,0.048164702
2.266713,-0.012649,-9.133971,0.933094,-0.0762857875,-1.1051501448,0.0609354038
2.267762,0.018574,-9.914529,1.204493,-0.0613866353,-1.0913152178,0.0715776554
2.268781,-0.132737,-10.249738,0.330252,-0.0411663574,-1.1168566215,0.0630638542
2.269828,-0.459377,-11.109309,-0.385473,-0.0358452316,-1.1498476012,0.0417793511
2.270877,-0.793222,-10.752551,-0.190931,-0.0443590329,-1.1721963295,0.0236875235
2.271926,-0.814838,-9.256083,-0.253376,-0.0528728341,-1.1892239319,0.020494848
2.272944,-1.059818,-9.169887,0.102084,-0.0539370592,-1.2115726601,0.0311370995
2.273993,-1.19912,-9.548194,-0.037218,-0.0550012844,-1.2477563154,0.0449720265
2.275042,-0.296057,-9.517067,-0.630453,-0.0677719862,-1.3030960234,0.0215590732
2.276091,-0.435359,-10.814804,-0.431107,-0.0699004365,-1.3148025001,0.006659921
2.277109,-0.497805,-10.721425,0.020425,-0.0720288868,-1.3233163013,0.0045314707
2.27816,-0.61309,-9.256083,0.296627,-0.0794784629,-1.3328943277,0.0141094971
2.279207,-0.706758,-9.042986,0.837024,-0.0901207145,-1.3584357314,0.0247517486
2.280256,-0.569858,-10.565792,1.13244,-0.100762966,-1.383977135,0.0311370995
2.281305,-0.101514,-10.901001,0.870648,-0.1124694427,-1.370142208,0.0290086492
2.282322,0.145867,-9.471575,0.803399,-0.1241759194,-1.321187851,0.0151737222
2.283371,-0.065488,-8.295949,0.947505,-0.1263043697,-1.2722334939,0.0034672456
2.28442,-0.127934,-8.844255,1.420652,-0.1060840918,-1.2552058914,0.0087883713
2.28547,-0.007846,-10.687904,1.552749,-0.0699004365,-1.2615912424,0.0236875235
2.286487,0.117046,-11.178745,0.73615,-0.0518086089,-1.252013216,0.0279444241
2.287536,0.037788,-9.952839,0.106888,-0.0550012844,-1.2211506865,0.0162379474
2.288585,-0.394529,-9.615236,-0.025209,-0.0581939599,-1.1924166074,0.0013387952
2.289634,-0.466582,-9.983965,-0.301412,-0.0645793108,-1.1658109785,-0.0007896551
2.290654,-0.113523,-9.313548,-0.097262,-0.0699004365,-1.1402695749,0.0055956959
2.2917,-0.031863,-8.79158,0.347064,-0.073093112,-1.1445264755,0.0130452719
2.29275,0.032984,-9.150732,0.159727,-0.0752215623,-1.1817743558,0.020494848
2.293799,0.201108,-9.450025,-0.23176,-0.0762857875,-1.2168937859,0.0279444241
2.294848,0.196304,-9.823544,-0.555998,-0.0805426881,-1.2424351896,0.0322013247
2.295866,0.234732,-10.307202,-0.887442,-0.0890564893,-1.2594627921,0.0364582253
2.296915,0.338008,-10.060584,-0.959494,-0.0986345157,-1.2615912424,0.0385866756
2.297964,0.407659,-9.572137,-0.580016,-0.1082125421,-1.2488205405,0.0439078014
2.299013,0.393249,-10.158753,-0.243769,-0.1060840918,-1.2349856135,0.0566785032
2.300033,0.184295,-10.960859,-0.38067,-0.0879922642,-1.2232791368,0.0662565296
2.301079,-0.127934,-10.340723,-0.692899,-0.0613866353,-1.2158295608,0.0598711787
2.302128,-0.978158,-9.691855,0.049246,-0.0028542519,-1.2594627921,0.0279444241
2.303178,-1.160692,-10.161147,0.35427,0.023751377,-1.2967106724,0.0268801989
2.304195,-0.982961,-9.34228,0.438331,0.0280082776,-1.3360870031,0.0268801989
2.305244,-0.752392,-8.937635,0.524795,0.0120449003,-1.3797202344,0.0247517486
2.306293,-0.646714,-10.455652,0.399903,-0.0166891789,-1.4159038897,0.0162379474
2.307342,-0.466582,-11.667192,0.236583,-0.0539370592,-1.431867267,0.0045314707
2.30836,-0.166362,-9.754108,-0.05403,-0.0879922642,-1.4127112142,-0.0061107808
2.309411,-0.300861,-7.395674,0.142914,-0.1039556415,-1.3807844596,-0.007175006
2.310458,-0.519421,-8.523413,0.978728,-0.0943776151,-1.3892982608,0.0087883713
2.312556,0.772727,-10.671143,0.371082,-0.0613866353,-1.41803234,0.0417793511
2.313573,0.561372,-10.290442,0.289422,-0.0645793108,-1.3946193866,0.034329775
2.314623,0.097832,-10.42692,0.378287,-0.0762857875,-1.362692632,0.0236875235
2.311507,0.066609,-10.697481,0.976326,-0.0741573372,-1.4190965651,0.0311370995
2.315672,0.114644,-9.526645,0.498375,-0.0837353635,-1.3084171491,0.0236875235
2.316721,-0.043872,-8.767636,1.305367,-0.0762857875,-1.2530774411,0.0332655499
2.317738,-0.40894,-9.50749,1.953843,-0.0560655095,-1.2392425141,0.048164702
2.318787,-0.091907,-9.603264,1.218904,-0.0422305825,-1.238178289,0.0545500529
2.319836,0.347615,-9.153126,0.65449,-0.0337167813,-1.2009304086,0.0449720265
2.320885,-0.115925,-10.558609,0.503179,-0.0188176292,-1.1466549258,0.0332655499
2.321905,-0.6275,-11.410997,-0.409491,-0.0198818543,-1.1062143699,0.020494848
2.322952,-0.637107,-9.713404,-0.371063,-0.0347810065,-1.0838656417,0.0034672456
2.324001,-0.733178,-8.295949,0.289422,-0.0432948077,-1.0966363436,-0.0007896551
2.32505,-0.903703,-9.054958,-0.068441,-0.0443590329,-1.1466549258,0.0162379474
2.326099,-0.886891,-10.295231,-0.35425,-0.0464874832,-1.2115726601,0.0375224505
2.327116,-0.591474,-9.845093,-1.014735,-0.0550012844,-1.2690408184,0.0385866756
2.328165,-0.77641,-10.616073,-0.582418,-0.0794784629,-1.3275732019,0.0055956959
2.329214,-0.747588,-10.520299,0.006014,-0.0805426881,-1.3435365792,0.0098525965
2.330264,-0.553046,-8.801157,0.198155,-0.0805426881,-1.3541788307,0.0236875235
2.331283,-0.418547,-8.621581,1.096414,-0.0752215623,-1.383977135,0.0322013247
2.33233,0.049797,-10.60889,1.0772,-0.0720288868,-1.4031331878,0.0332655499
2.333379,0.364427,-11.63846,0.83222,-0.0720288868,-1.3722706584,0.0258159738
2.334428,0.004163,-10.510722,0.77698,-0.073093112,-1.3254447516,0.006659921
2.335446,-0.394529,-8.664679,0.69532,-0.0784142378,-1.2892610964,-0.0135603569
2.336495,-0.651518,-7.570462,1.326983,-0.0720288868,-1.265848143,-0.0093034563
2.337544,-0.915712,-9.06693,1.740086,-0.0475517083,-1.27968307,0.0119810468
2.338593,-0.829248,-11.652826,1.223707,-0.0283956555,-1.3169309504,0.0258159738
2.339642,-0.322477,-11.231421,0.075665,-0.0347810065,-1.3286374271,0.0151737222
2.340662,-0.079899,-9.315942,-0.392679,-0.0581939599,-1.3116098246,-0.0114319066
2.341708,-0.125532,-9.289604,-0.164511,-0.0773500126,-1.2807472951,-0.0220741581
2.342757,0.047395,-9.699038,-0.008397,-0.0816069132,-1.238178289,-0.0093034563
2.343806,0.189099,-8.978339,0.383091,-0.0762857875,-1.2083799847,0.0119810468
2.344824,0.131456,-8.793974,0.24619,-0.0752215623,-1.2137011105,0.0258159738
2.345873,0.042591,-10.170724,-0.166913,-0.0741573372,-1.2392425141,0.0279444241
2.346922,0.145867,-10.582552,-0.327831,-0.0762857875,-1.252013216,0.0236875235
2.347971,0.35482,-9.476363,-0.390277,-0.086928039,-1.2456278651,0.0215590732
2.348988,0.376436,-8.971156,0.032433,-0.0954418402,-1.2360498387,0.0290086492
2.350039,0.362026,-9.239323,0.332654,-0.0911849396,-1.2264718123,0.0460362517
2.351087,0.357222,-10.295231,0.337457,-0.0794784629,-1.2190222362,0.0598711787
2.352136,0.330803,-11.085366,-0.114074,-0.0624508605,-1.2115726601,0.0651923045
2.353185,-0.300861,-9.780446,-0.894647,-0.0252029801,-1.2041230841,0.034329775
2.354202,-0.673134,-9.591292,-0.551195,-0.0081753776,-1.2147653356,0.0236875235
2.355251,-0.788418,-9.505095,-0.186127,0.0131091254,-1.2328571632,0.0279444241
2.3563,-0.922917,-9.440448,0.152521,0.0280082776,-1.2764903945,0.0364582253
2.357349,-1.040603,-9.888191,0.116495,0.0258798273,-1.3499219301,0.0417793511
2.358367,-0.973354,-10.750157,-0.193332,0.0035310991,-1.4159038897,0.0311370995
2.359416,-0.601081,-10.244949,-0.575212,-0.0337167813,-1.4425095185,0.0109168216
2.360465,-0.348896,-8.540173,-0.4215,-0.0699004365,-1.4297388166,-0.0039823305
2.361514,-0.495403,-8.298344,0.152521,-0.0837353635,-1.4137754393,0.0045314707
2.362534,-0.358503,-9.770868,0.580035,-0.0762857875,-1.4286745915,0.0268801989
2.36358,0.253946,-11.054239,0.825015,-0.059258185,-1.4584728958,0.0417793511
2.364629,0.635827,-10.778889,0.726543,-0.0496801586,-1.459537121,0.0396509008
2.365679,0.441284,-10.175513,0.62807,-0.0528728341,-1.4339957173,0.0247517486
2.366696,0.035386,-9.998331,0.743355,-0.0624508605,-1.390362486,0.0151737222
2.367745,-0.159157,-8.717355,0.822613,-0.0656435359,-1.3318301025,0.0236875235
2.368794,-0.264834,-7.766798,1.432661,-0.0550012844,-1.3020317982,0.0396509008
2.369843,-0.377717,-9.521856,1.898603,-0.0358452316,-1.3201236258,0.0577427284
2.370892,-0.132737,-11.547475,1.293359,-0.017753404,-1.3233163013,0.0683849799
2.371912,0.016172,-11.188323,0.390296,-0.0028542519,-1.2775546197,0.0524216026
2.372959,-0.370512,-9.842699,-0.075646,-0.0007258016,-1.2200864614,0.0215590732
2.374008,-0.639509,-9.069324,0.092477,-0.0134965034,-1.1721963295,0.0055956959
2.375057,-0.649116,-9.02862,0.407108,-0.0252029801,-1.127498873,0.0109168216
2.376074,-0.54584,-9.031014,0.512786,-0.0337167813,-1.1115354957,0.0300728744
2.377123,-0.346494,-9.040592,0.142914,-0.0411663574,-1.1466549258,0.0460362517
2.378172,-0.351298,-10.055796,-0.568007,-0.0486159335,-1.210508435,0.0471004769
2.379221,-0.413744,-10.999169,-0.9667,-0.0624508605,-1.2647839178,0.0396509008
2.380238,-0.339289,-9.74453,-0.481544,-0.0890564893,-1.3030960234,0.0258159738
2.381287,-0.497805,-9.538616,0.263003,-0.0784142378,-1.307352924,0.0396509008
2.382337,-0.541037,-8.894537,0.529598,-0.0677719862,-1.3297016522,0.0545500529
2.383386,-0.216799,-8.865804,0.704927,-0.0613866353,-1.3658853074,0.0588069535
2.384435,0.093028,-10.740579,0.733748,-0.0464874832,-1.3797202344,0.0513573775
2.385452,-0.036667,-11.956908,0.716936,-0.0347810065,-1.3584357314,0.0385866756
2.386501,-0.332084,-10.410159,0.683311,-0.0379736819,-1.3275732019,0.020494848
2.38755,-0.562653,-8.355808,0.745757,-0.045423258,-1.3009675731,0.006659921
2.388599,-0.894096,-8.224119,1.031566,-0.0464874832,-1.2828757454,0.0141094971
2.389617,-1.278378,-9.722981,1.079602,-0.0401021322,-1.2967106724,0.0300728744
2.390665,-1.189513,-11.082971,0.568026,-0.0379736819,-1.3371512283,0.0311370995
2.391714,-0.442565,-10.529877,-0.253376,-0.0475517083,-1.3605641817,0.0130452719
2.392764,0.0546,-9.323125,-0.58482,-0.059258185,-1.3467292547,-0.0050465557
2.393783,0.016172,-9.418899,-0.157306,-0.0624508605,-1.3148025001,-0.0018538802
2.39483,0.069011,-9.718193,0.229378,-0.0571297347,-1.2871326461,0.0173021725
2.395879,0.222723,-9.253689,0.193351,-0.0635150856,-1.2743619442,0.034329775
2.396928,0.119448,-9.371012,0.255797,-0.0762857875,-1.2786188448,0.0428435762
2.397977,-0.06789,-10.762129,0.188548,-0.0784142378,-1.293517997,0.0417793511
2.398995,0.153072,-10.769312,0.044442,-0.0794784629,-1.293517997,0.0375224505
2.400044,0.388445,-8.877776,0.263003,-0.0816069132,-1.2690408184,0.034329775
2.401093,0.347615,-8.442005,0.73615,-0.0773500126,-1.2466920902,0.0428435762
2.402141,0.371633,-9.787629,1.043575,-0.0645793108,-1.2349856135,0.061999629
2.403161,0.323597,-10.55382,0.788988,-0.0475517083,-1.2254075871,0.0779630063
2.404208,0.191501,-9.93129,0.178941,-0.0347810065,-1.2232791368,0.0779630063
2.405257,0.0546,-9.682277,-0.568007,-0.0283956555,-1.2211506865,0.061999629
2.406306,-0.380119,-10.15157,-0.577614,-0.0220103046,-1.1998661835,0.0449720265
2.407324,-0.375315,-9.378195,-0.644864,-0.0124322782,-1.2115726601,0.0460362517
2.408373,-0.632304,-9.572137,-0.529579,0.0024668739,-1.2456278651,0.0556142781
2.409422,-0.910908,-10.204245,-0.901852,0.0088522248,-1.2967106724,0.0630638542
2.410471,-0.853266,-10.211428,-1.199671,0.0024668739,-1.3477934798,0.0566785032
2.41152,-0.721169,-9.46918,-0.916263,-0.0134965034,-1.3882340357,0.0396509008
2.412537,-0.685143,-9.100451,-0.416696,-0.031588331,-1.4212250154,0.0300728744
2.413586,-0.471386,-9.555377,0.214967,-0.045423258,-1.4403810682,0.0407151259
2.414636,-0.053479,-9.945656,0.671302,-0.0507443838,-1.4542159952,0.0577427284
2.415685,0.227527,-10.434103,0.820211,-0.0539370592,-1.466986697,0.0651923045
2.416702,0.378838,-10.826776,0.716936,-0.0613866353,-1.4627297964,0.0630638542
2.417751,0.261152,-10.309597,0.635276,-0.0635150856,-1.425481916,0.0502931523
2.4188,-0.216799,-9.133971,0.813006,-0.0613866353,-1.3818486847,0.0396509008
2.419849,-0.478591,-8.001445,1.221306,-0.0518086089,-1.3616284068,0.0460362517
2.420866,-0.454573,-8.506652,1.713667,-0.0262672052,-1.3818486847,0.0630638542
2.421915,-0.432958,-10.881846,1.749693,-0.003918477,-1.411646989,0.0779630063
2.422965,-0.202388,-11.561841,0.85864,-0.0017900267,-1.3914267111,0.0737061057
2.424014,-0.284048,-9.888191,0.078067,-0.0092396028,-1.3307658774,0.0460362517
2.425063,-0.906105,-9.253689,0.135709,-0.0145607286,-1.2807472951,0.0215590732
2.42608,-0.978158,-9.648756,0.135709,-0.0188176292,-1.238178289,0.0215590732
2.427129,-0.57226,-9.258478,0.414314,-0.017753404,-1.2019946338,0.0353940002
2.428178,-0.296057,-8.470737,0.378287,-0.0156249537,-1.2041230841,0.0471004769
2.429227,-0.070292,-9.102845,-0.616042,-0.0241387549,-1.2286002626,0.0524216026
2.430245,-0.048676,-10.594524,-0.810585,-0.0369094568,-1.2466920902,0.0556142781
2.431294,-0.115925,-10.82917,-0.837005,-0.0528728341,-1.2605270172,0.0545500529
2.432343,-0.039069,-9.751713,-0.162109,-0.0741573372,-1.2807472951,0.0588069535
2.433392,-0.051077,-9.648756,0.416715,-0.0667077611,-1.2892610964,0.0737061057
2.434412,-0.003042,-9.332702,0.685713,-0.0507443838,-1.2967106724,0.0864768075
2.435459,0.011368,-9.014254,0.510384,-0.0379736819,-1.2967106724,0.0875410327
2.436508,-0.060684,-10.000726,0.426322,-0.031588331,-1.2860684209,0.075834556
2.437557,-0.432958,-10.965648,0.726543,-0.0220103046,-1.2711692688,0.0598711787
2.438574,-1.021389,-10.44368,0.738551,-0.0092396028,-1.2754261694,0.0471004769
2.439623,-1.326413,-9.500307,0.923487,-0.0017900267,-1.3030960234,0.0385866756
2.440673,-1.223137,-8.693411,0.87305,-0.0028542519,-1.3382154534,0.0375224505
2.441722,-1.038202,-9.198619,0.582437,-0.0124322782,-1.3712064332,0.0396509008
2.442771,-0.795624,-11.205083,0.512786,-0.0198818543,-1.3914267111,0.0375224505
2.443787,-0.221603,-10.742974,-0.241368,-0.0358452316,-1.3861055853,0.0247517486
2.444837,0.085823,-8.465948,-0.5584,-0.0603224102,-1.3605641817,0.0098525965
2.445886,-0.192781,-8.609609,0.467152,-0.0645793108,-1.3509861553,0.0173021725
2.446935,-0.183174,-9.936078,0.618463,-0.0550012844,-1.3722706584,0.0407151259
2.447953,0.277964,-10.072556,0.214967,-0.0624508605,-1.3935551614,0.0556142781
2.449002,0.42207,-9.912135,0.363877,-0.0773500126,-1.3956836117,0.0598711787
2.452117,0.530149,-9.143549,0.606455,-0.0922491648,-1.2850041958,0.0598711787
2.450051,0.292375,-10.48199,-0.018004,-0.086928039,-1.3882340357,0.0566785032
2.4511,0.467703,-10.345512,-0.207743,-0.0965060654,-1.3477934798,0.0534858278
2.453166,0.191501,-8.894537,1.310171,-0.073093112,-1.2530774411,0.0715776554
2.454216,0.025779,-9.775657,1.317376,-0.0528728341,-1.252013216,0.0822199069
2.455265,0.145867,-9.790023,1.113226,-0.0369094568,-1.2477563154,0.0886052578
2.456314,0.088225,-9.265661,0.616062,-0.0241387549,-1.2328571632,0.0854125824
2.457331,-0.211995,-10.101288,0.015621,-0.0166891789,-1.2168937859,0.0800914566
2.45838,-0.202388,-9.450025,-0.445517,-0.0305241059,-1.182838581,0.0651923045
2.459429,-0.125532,-9.280027,-0.500758,-0.0337167813,-1.1924166074,0.0673207548
2.460478,-0.279245,-10.086922,-0.534382,-0.0273314304,-1.2222149117,0.0822199069
2.461495,-0.315271,-10.302414,-1.08919,-0.0262672052,-1.2647839178,0.089669483
2.462545,-0.125532,-9.871431,-1.557533,-0.0283956555,-1.2988391227,0.0822199069
2.463594,-0.072693,-9.308759,-1.233295,-0.031588331,-1.3254447516,0.0705134302
2.464643,-0.202388,-9.593686,-0.568007,-0.0337167813,-1.3637568571,0.0726418805
2.465662,-0.226406,-10.42692,-0.087655,-0.0326525562,-1.4084543136,0.0886052578
2.466709,-0.127934,-9.916923,0.23178,-0.0337167813,-1.4478306443,0.1003117345
2.467758,-0.089506,-9.682277,0.102084,-0.0443590329,-1.4744362731,0.0971190591
2.468808,-0.118327,-10.865086,0.289422,-0.0550012844,-1.4755004983,0.0864768075
2.469857,-0.281647,-10.640017,0.469554,-0.0528728341,-1.4488948694,0.0726418805
2.470874,-0.502609,-8.693411,0.356671,-0.0496801586,-1.4222892406,0.0609354038
2.471923,-0.589072,-7.438773,1.113226,-0.0411663574,-1.4148396645,0.0651923045
2.472972,-0.54584,-8.645524,1.588775,-0.0145607286,-1.4414452933,0.0843483572
2.474021,-0.54584,-12.191555,1.370215,0.0077879997,-1.4818858492,0.0971190591
2.47504,-0.365708,-12.864367,0.788988,0.0077879997,-1.4786931737,0.0886052578
2.476088,-0.185576,-9.014254,-0.05403,-0.0156249537,-1.4233534657,0.0577427284
2.477137,-0.579465,-7.83384,0.330252,-0.0432948077,-1.3637568571,0.034329775
2.478186,-0.713964,-9.600869,0.966719,-0.0475517083,-1.321187851,0.0460362517
2.479203,-0.202388,-9.268055,0.707329,-0.0411663574,-1.293517997,0.0694492051
2.480252,0.011368,-8.640736,0.69532,-0.0347810065,-1.293517997,0.0822199069
2.481302,-0.022256,-9.976782,0.284618,-0.0347810065,-1.3148025001,0.0843483572
2.48235,0.047395,-11.293674,-0.39508,-0.0379736819,-1.3148025001,0.0800914566
2.483402,-0.039069,-10.982409,-0.337438,-0.045423258,-1.2839399706,0.0747703308
2.484417,-0.192781,-8.710172,0.28702,-0.0741573372,-1.2317929381,0.0790272315
2.485466,-0.055881,-9.110028,0.719337,-0.0773500126,-1.2168937859,0.0886052578
2.486515,-0.072693,-10.060584,0.844229,-0.059258185,-1.2158295608,0.1013759597
2.487565,-0.252825,-10.091711,0.402305,-0.0379736819,-1.2371140638,0.0981832842
2.488581,-0.432958,-9.605658,-0.138092,-0.0337167813,-1.265848143,0.0768987812
2.489631,-0.77641,-10.376638,0.051647,-0.0305241059,-1.2871326461,0.0609354038
2.49068,-1.19912,-11.03269,0.116495,-0.0166891789,-1.3009675731,0.0588069535
2.491729,-1.374448,-9.794812,0.015621,-0.0113680531,-1.3243805264,0.0598711787
2.492746,-1.100647,-8.264823,0.212566,-0.0230745298,-1.3573715062,0.0577427284
2.493795,-0.673134,-8.71496,0.030032,-0.0390379071,-1.383977135,0.0545500529
2.494844,-0.569858,-10.927339,0.049246,-0.0475517083,-1.3999405123,0.0492289272
2.495894,-0.440163,-11.516348,0.022826,-0.0486159335,-1.4127112142,0.0364582253
2.496913,-0.257629,-9.375801,-0.349447,-0.0560655095,-1.4073900884,0.0258159738
2.49796,-0.425752,-7.864967,0.10929,-0.0677719862,-1.4020689627,0.0311370995
2.499009,-0.507412,-9.454814,0.721739,-0.0656435359,-1.4244176909,0.048164702
2.500058,-0.043872,-11.202689,0.719337,-0.0645793108,-1.439316843,0.0641280793
2.501107,0.407659,-10.240161,0.404707,-0.0826711384,-1.4159038897,0.0651923045
2.502124,0.350017,-9.536222,0.40951,-0.1028914163,-1.3850413602,0.0502931523
2.503174,0.301982,-9.926501,0.760167,-0.1071483169,-1.3531146056,0.0439078014
2.504222,0.35482,-9.722981,1.125235,-0.0890564893,-1.3116098246,0.0545500529
2.505272,0.028181,-9.797206,1.634409,-0.059258185,-1.2924537718,0.0683849799
2.50629,-0.168764,-9.742136,1.103619,-0.0432948077,-1.293517997,0.0726418805
2.507338,0.030582,-9.258478,0.250994,-0.0401021322,-1.2764903945,0.0609354038
2.508387,-0.171166,-9.775657,0.229378,-0.0305241059,-1.238178289,0.048164702
2.509436,-0.461779,-9.981571,-0.224555,-0.0252029801,-1.2083799847,0.0449720265
2.510454,-0.382521,-9.299182,-0.397482,-0.0347810065,-1.2094442098,0.0471004769
2.511503,0.037788,-9.87622,-0.21735,-0.0347810065,-1.2892610964,0.0694492051
2.512552,0.328401,-9.665517,-0.690497,-0.0347810065,-1.3179951755,0.0800914566
2.513601,0.328401,-9.94805,-0.921066,-0.0432948077,-1.3307658774,0.0854125824
2.514653,0.513337,-9.811572,-1.509498,-0.0603224102,-1.321187851,0.0800914566
2.515667,0.549363,-9.557771,-1.408624,-0.0741573372,-1.2967106724,0.0726418805
2.516717,0.263553,-10.165936,-0.488749,-0.0709646617,-1.2850041958,0.0779630063
2.517766,-0.053479,-10.417342,-0.248573,-0.0518086089,-1.2988391227,0.0939263836
2.518815,-0.502609,-10.20664,-0.375866,-0.0305241059,-1.3477934798,0.1024401848
2.519832,-0.795624,-10.522694,-0.27259,-0.0145607286,-1.411646989,0.0949906088
2.520881,-0.836454,-10.613679,-0.080449,-0.0017900267,-1.4478306443,0.0768987812
2.52193,-1.052612,-9.991148,0.347064,0.0024668739,-1.4584728958,0.0556142781
2.522979,-0.99497,-8.564116,0.632874,-0.0071111525,-1.4637940216,0.0439078014
2.523997,-0.413744,-7.105958,0.959514,-0.0145607286,-1.4627297964,0.0492289272
2.525046,-0.171166,-8.499469,1.413447,-0.0017900267,-1.4776289486,0.0630638542
2.526095,-0.317673,-12.545918,1.163663,0.0045953242,-1.5170052792,0.0694492051
2.527144,0.020975,-13.237885,0.277413,-0.0103038279,-1.5297759811,0.0577427284
2.528194,0.29958,-9.46918,-0.320626,-0.0347810065,-1.480821624,0.0300728744
2.529211,-0.303262,-7.460322,0.325448,-0.0550012844,-1.4212250154,0.0194306229
2.53026,-0.713964,-8.509046,0.959514,-0.059258185,-1.3967478369,0.0385866756
2.531308,-0.454573,-9.038198,0.637677,-0.0550012844,-1.4020689627,0.0651923045
2.532358,-0.115925,-8.805946,0.606455,-0.0581939599,-1.4361241676,0.0811556818
2.533375,0.225125,-10.783678,0.471956,-0.0550012844,-1.4765647234,0.0811556818
2.534424,0.42207,-12.804508,0.044442,-0.0432948077,-1.4563444455,0.0726418805
2.535473,0.191501,-10.599313,0.058853,-0.0401021322,-1.3743991087,0.0662565296
2.536523,-0.351298,-8.331865,1.043575,-0.0422305825,-1.2498847657,0.0705134302
2.53754,-0.091907,-9.979177,1.101218,-0.0432948077,-1.196673508,0.0822199069
2.538589,0.066609,-9.631996,1.182877,-0.0347810065,-1.1679394288,0.0843483572
2.539638,-0.072693,-9.246506,0.289422,-0.0220103046,-1.1796459055,0.0683849799
2.540687,-0.459377,-10.726213,-0.111672,-0.0166891789,-1.2147653356,0.0513573775
2.541737,-0.730776,-11.444518,0.118897,-0.0134965034,-1.2509489908,0.0460362517
2.542754,-0.77641,-9.94805,-0.337438,-0.0134965034,-1.2839399706,0.0471004769
2.543803,-1.079032,-8.980733,-0.243769,-0.0209460795,-1.3169309504,0.0524216026
2.544852,-1.242351,-9.356646,-0.164511,-0.0337167813,-1.3552430559,0.061999629
2.545903,-0.77641,-9.461997,-0.594427,-0.0464874832,-1.3882340357,0.0588069535
2.546918,-0.339289,-9.536222,-0.594427,-0.0581939599,-1.4095185387,0.0407151259
2.547968,-0.214397,-9.725376,-0.174118,-0.0656435359,-1.4222892406,0.0247517486
2.549017,-0.281647,-9.878614,0.289422,-0.0613866353,-1.431867267,0.0279444241
2.550066,-0.442565,-10.01988,0.649686,-0.0550012844,-1.4499590946,0.0417793511
2.551083,-0.54584,-10.26171,0.805801,-0.0571297347,-1.4776289486,0.0524216026
2.552132,-0.461779,-10.424525,0.616062,-0.073093112,-1.4850785246,0.0492289272
2.553181,-0.24562,-10.017486,0.551214,-0.0933133899,-1.4552802203,0.0353940002
2.55423,-0.300861,-9.531433,0.81781,-0.1071483169,-1.4095185387,0.0236875235
2.555282,-0.317673,-8.712566,1.194886,-0.1050198666,-1.3690779829,0.0258159738
2.556297,-0.036667,-8.731721,1.658426,-0.0741573372,-1.3594999565,0.0375224505
2.557346,0.117046,-10.419737,1.651221,-0.0401021322,-1.3712064332,0.0471004769
2.558395,0.287571,-10.850719,0.637677,-0.0294598807,-1.3594999565,0.0471004769
2.559444,0.088225,-10.180302,-0.111672,-0.0262672052,-1.3190594007,0.0300728744
2.560462,-0.514618,-10.132415,-0.323027,-0.0294598807,-1.2903253215,0.0151737222
2.561511,-0.370512,-9.299182,-0.628051,-0.0464874832,-1.2647839178,0.0162379474
2.56256,-0.087104,-8.765242,-0.068441,-0.0550012844,-1.238178289,0.0268801989
2.563609,0.114644,-9.641573,0.090076,-0.0581939599,-1.2977748976,0.0513573775
2.564627,0.35482,-9.327914,-0.118878,-0.0518086089,-1.3371512283,0.0545500529
2.565675,0.366829,-9.639179,-0.474338,-0.0528728341,-1.3584357314,0.0545500529
2.566725,0.467703,-10.070162,-0.791371,-0.0656435359,-1.3594999565,0.0556142781
2.567774,0.458096,-9.758896,-0.452723,-0.0805426881,-1.3499219301,0.0609354038
2.568791,0.453293,-9.493124,-0.255778,-0.0901207145,-1.3328943277,0.0726418805
2.56984,0.268357,-10.649594,-0.116476,-0.0826711384,-1.3201236258,0.0832841321
2.57089,-0.065488,-11.406208,-0.344643,-0.0645793108,-1.3222520761,0.0832841321
2.571938,-0.19038,-10.321568,-0.85862,-0.0411663574,-1.3297016522,0.0683849799
2.572988,-0.557849,-9.375801,-0.387875,-0.0071111525,-1.3392796786,0.0502931523
2.574005,-1.069425,-9.509884,0.188548,0.0258798273,-1.3669495326,0.0449720265
2.575054,-1.033398,-9.229745,0.392698,0.0397147543,-1.4063258633,0.048164702
2.576103,-0.795624,-8.755664,0.649686,0.0407789794,-1.4520875449,0.0513573775
2.577155,-0.704357,-9.636785,0.529598,0.0290725027,-1.5052988026,0.048164702
2.57817,-0.620295,-11.410997,0.075665,-0.0049827022,-1.5425466829,0.0353940002
2.579218,-0.418547,-11.717474,-0.248573,-0.0475517083,-1.5446751332,0.0173021725
2.580268,-0.23121,-9.320731,-0.226957,-0.0784142378,-1.5106199283,0.006659921
2.581317,-0.464181,-7.383703,0.248592,-0.0890564893,-1.4776289486,0.0141094971
2.582334,-0.596277,-8.784397,0.971522,-0.0773500126,-1.4967850013,0.0353940002
2.583383,0.008967,-10.256921,0.930692,-0.0603224102,-1.5319044314,0.0566785032
2.584432,0.496524,-9.983965,0.452742,-0.0507443838,-1.5382897823,0.0630638542
2.585482,0.294776,-10.793255,0.623267,-0.0496801586,-1.5297759811,0.0513573775
2.586533,0.203509,-11.130858,0.483965,-0.0560655095,-1.494656551,0.0385866756
2.587548,0.189099,-9.418899,0.471956,-0.0645793108,-1.4201607903,0.0375224505
2.588597,-0.360905,-8.916086,1.711265,-0.0571297347,-1.3531146056,0.0471004769
2.589646,-0.070292,-9.155521,0.839425,-0.0305241059,-1.3020317982,0.0577427284
2.590695,0.126653,-8.90172,0.85864,-0.0134965034,-1.2541416663,0.0428435762
2.591713,-0.27204,-10.204245,0.212566,0.0067237745,-1.2126368853,0.0290086492
2.592762,-0.521823,-10.824382,-0.656872,0.0067237745,-1.1860312565,0.0183663977
2.593811,-0.593876,-9.720587,-0.35425,-0.0007258016,-1.1881597068,0.0130452719
2.59486,-0.716366,-9.46918,-0.459928,-0.0060469273,-1.2339213884,0.020494848
2.595877,-0.920515,-10.953676,-0.928271,-0.0134965034,-1.2977748976,0.0385866756
2.596927,-0.846061,-10.972831,-1.151635,-0.0252029801,-1.3477934798,0.0460362517
2.597976,-0.444966,-8.68144,-1.468668,-0.0464874832,-1.376527559,0.0332655499
2.599025,-0.432958,-7.900882,-0.921066,-0.0635150856,-1.3924909363,0.0194306229
2.600074,-0.53143,-9.361435,0.238985,-0.0624508605,-1.4095185387,0.0226232983
2.601092,-0.348896,-10.115654,0.774578,-0.0539370592,-1.4297388166,0.0407151259
2.602141,-0.356101,-9.790023,1.206895,-0.0432948077,-1.4701793725,0.0524216026
2.60319,-0.267236,-10.436497,1.002745,-0.0379736819,-1.5170052792,0.0471004769
2.604239,0.032984,-11.839585,0.315841,-0.0486159335,-1.5106199283,0.0311370995
2.605257,-0.214397,-11.56663,0.522393,-0.0624508605,-1.4478306443,0.0151737222
2.606305,-0.706758,-9.117211,0.767373,-0.0741573372,-1.390362486,0.0013387952
2.607355,-0.761999,-6.967086,1.202092,-0.073093112,-1.3616284068,-0.0061107808
2.608406,-0.728374,-7.611166,2.105154,-0.0411663574,-1.3637568571,0.006659921
2.609421,-0.834052,-10.795649,2.081136,0.0045953242,-1.4127112142,0.0300728744
2.61047,-0.53143,-12.531552,0.916282,0.0205587015,-1.4701793725,0.0322013247
2.611519,0.04019,-10.453258,-0.301412,0.0035310991,-1.4850785246,0.0055956959
2.612568,-0.012649,-8.777214,-0.628051,-0.0209460795,-1.45315177,-0.0220741581
2.613618,-0.24562,-9.708615,-0.29901,-0.0528728341,-1.3999405123,-0.0188814827
2.614635,0.066609,-9.521856,0.04204,-0.0773500126,-1.3446008044,0.0098525965
2.615684,0.434079,-8.84665,-0.222153,-0.0933133899,-1.342472354,0.034329775
2.616733,0.64063,-11.190717,-0.404687,-0.0837353635,-1.3690779829,0.0353940002
2.617784,0.789539,-10.970437,-0.464731,-0.0624508605,-1.3594999565,0.0396509008
2.618799,0.539756,-9.713404,-0.481544,-0.0518086089,-1.3456650295,0.0460362517
2.619848,0.39565,-8.870593,-0.121279,-0.0496801586,-1.3382154534,0.0566785032
2.620897,0.325999,-9.078901,0.19095,-0.0486159335,-1.3190594007,0.0705134302
2.621946,0.042591,-10.735791,0.608856,-0.0411663574,-1.2999033479,0.0822199069
2.622963,-0.022256,-11.106915,0.258199,-0.0283956555,-1.2903253215,0.0790272315
2.624013,-0.039069,-9.835516,-0.5584,-0.0134965034,-1.2839399706,0.0524216026
2.625062,-0.375315,-9.363829,-0.130886,0.0024668739,-1.2924537718,0.0290086492
2.626111,-0.641911,-9.699038,0.229378,0.0258798273,-1.3169309504,0.0258159738
2.628177,-0.966149,-9.548194,0.099683,0.0524854561,-1.4137754393,0.0471004769
2.627128,-0.805231,-9.888191,0.106888,0.0492927807,-1.3531146056,0.0375224505
2.629226,-1.043005,-9.512279,-0.210145,0.0343936285,-1.4925281007,0.0417793511
2.630275,-0.877284,-10.594524,-0.431107,0.0024668739,-1.5542531596,0.0268801989
2.631324,-0.324878,-10.256921,-0.572811,-0.0369094568,-1.5680880866,0.0119810468
2.632342,-0.103916,-8.2744,-0.568007,-0.0635150856,-1.5457393584,0.0077241462
2.633391,-0.344092,-8.260034,0.04204,-0.0677719862,-1.5382897823,0.020494848
2.63444,-0.091907,-10.587341,0.32785,-0.0539370592,-1.5648954112,0.0407151259
2.635489,0.453293,-11.686347,0.315841,-0.0369094568,-1.5691523118,0.0513573775
2.636507,0.330803,-10.27847,0.443135,-0.0294598807,-1.5425466829,0.0471004769
2.637556,-0.087104,-9.239323,0.599249,-0.0326525562,-1.5201979547,0.0332655499
2.638605,-0.091907,-9.332702,0.815408,-0.0326525562,-1.4829500743,0.0279444241
2.639656,-0.096711,-9.062141,1.228511,-0.0262672052,-1.4265461412,0.0396509008
2.640671,-0.380119,-9.263266,2.078735,-0.0145607286,-1.4095185387,0.0556142781
2.64172,-0.348896,-10.625651,1.005147,0.0077879997,-1.3988762872,0.0566785032
2.64277,-0.401735,-9.447631,0.481563,0.0077879997,-1.3371512283,0.0279444241
2.643819,-0.6275,-9.234534,0.512786,0.0024668739,-1.2754261694,0.006659921
2.644868,-0.769204,-9.512279,0.452742,-0.0028542519,-1.224343362,0.0055956959
2.645885,-0.733178,-9.332702,0.337457,-0.0071111525,-1.2083799847,0.0162379474
2.646934,-0.560251,-9.337491,0.020425,-0.0124322782,-1.2434994148,0.0268801989
2.647983,-0.50501,-10.213823,-0.875433,-0.017753404,-1.307352924,0.034329775
2.649034,-0.502609,-10.97762,-1.418231,-0.0283956555,-1.3616284068,0.034329775
2.65005,-0.375315,-10.197062,-1.18526,-0.0432948077,-1.3967478369,0.0268801989
2.651099,-0.279245,-8.935241,-0.733729,-0.059258185,-1.4127112142,0.0247517486
2.652148,-0.394529,-9.356646,0.099683,-0.0613866353,-1.4212250154,0.034329775
2.653197,-0.493002,-9.732559,0.640079,-0.0507443838,-1.4350599424,0.048164702
2.654215,-0.23121,-8.614398,0.467152,-0.045423258,-1.4574086706,0.0534858278
2.655264,0.064207,-9.593686,0.632874,-0.0369094568,-1.4797573989,0.0460362517
2.656313,0.023377,-12.196343,0.616062,-0.0294598807,-1.4755004983,0.0353940002
2.657362,-0.32728,-12.033528,0.339859,-0.0273314304,-1.4382526179,0.0236875235
2.658414,-0.699553,-9.160309,0.608856,-0.0262672052,-1.4010047375,0.006659921
2.659429,-0.774008,-6.809059,0.87305,-0.0262672052,-1.3754633338,-0.0007896551
2.660478,-0.985363,-7.987078,1.305367,-0.0113680531,-1.370142208,0.0098525965
2.661529,-1.309601,-11.231421,1.346197,0.0141733506,-1.4052616381,0.0236875235
2.662576,-0.819641,-11.770149,0.359073,0.0173660261,-1.4584728958,0.0173021725
2.663593,-0.10872,-9.845093,-0.371063,-0.003918477,-1.4818858492,-0.0114319066
2.664642,-0.202388,-9.435659,-0.178922,-0.0294598807,-1.4712435976,-0.0242026084
2.665691,-0.315271,-10.055796,0.229378,-0.0411663574,-1.445702194,-0.0061107808
2.66674,0.037788,-9.179464,0.058853,-0.0518086089,-1.4222892406,0.0151737222
2.667757,0.568577,-9.402139,0.10929,-0.073093112,-1.404197413,0.0290086492
2.668806,0.669451,-11.26973,-0.277394,-0.0645793108,-1.3999405123,0.0322013247
2.669855,0.628621,-10.556215,-0.234162,-0.0518086089,-1.3797202344,0.0353940002
2.670907,0.287571,-9.186647,0.279815,-0.0369094568,-1.370142208,0.0364582253
2.671953,0.083421,-9.459603,0.79139,-0.0283956555,-1.3754633338,0.0407151259
2.672971,0.189099,-9.981571,0.949907,-0.0273314304,-1.3658853074,0.0534858278
2.67402,0.169885,-9.679883,0.947505,-0.0241387549,-1.3456650295,0.0673207548
2.675069,0.057002,-9.344674,0.493572,-0.0198818543,-1.3339585528,0.0662565296
2.676119,0.028181,-9.801995,-0.087655,-0.0156249537,-1.3233163013,0.0534858278
2.677136,-0.039069,-10.118049,-0.082851,-0.0092396028,-1.3062886988,0.0407151259
2.678185,-0.24562,-10.101288,-0.248573,0.0056595494,-1.3084171491,0.0375224505
2.679234,-0.569858,-10.323963,-0.488749,0.0280082776,-1.3414081289,0.0407151259
2.680286,-0.824445,-10.144387,-0.875433,0.0397147543,-1.390362486,0.0460362517
2.6813,-0.764401,-9.624813,-1.18526,0.0322651782,-1.4382526179,0.0449720265
2.68235,-0.519421,-9.421293,-1.125216,0.00991645,-1.4712435976,0.0385866756
2.683399,-0.425752,-9.718193,-0.731327,-0.0124322782,-1.4925281007,0.0322013247
2.684448,-0.442565,-9.7996,-0.010798,-0.0220103046,-1.5148768289,0.034329775
2.685497,-0.264834,-8.968761,0.193351,-0.0294598807,-1.5436109081,0.0439078014
2.686515,-0.06789,-9.418899,0.544009,-0.0337167813,-1.5797945633,0.0502931523
2.690679,-0.425752,-8.631158,0.909077,-0.0432948077,-1.4648582467,0.0279444241
2.687563,0.109841,-11.341561,0.796194,-0.0337167813,-1.6021432915,0.0534858278
2.688612,0.352419,-11.164379,0.28702,-0.0369094568,-1.577666113,0.0502931523
2.689664,0.105037,-9.533828,0.332654,-0.0422305825,-1.5180695044,0.0353940002
2.691728,-0.562653,-8.403695,1.437464,-0.0273314304,-1.4542159952,0.0417793511
2.69278,-0.584269,-9.828333,1.929825,0.0035310991,-1.4882712001,0.0598711787
2.693826,-0.00064,-9.828333,0.467152,0.0194944764,-1.4797573989,0.0524216026
2.694843,-0.50501,-9.088479,0.222173,0.0184302512,-1.431867267,0.0247517486
2.695892,-1.026193,-10.319174,0.311038,0.0141733506,-1.3914267111,0.0194306229
2.696942,-0.605884,-10.232977,0.030032,0.0088522248,-1.3446008044,0.0268801989
2.697991,-0.293655,-9.241717,0.224574,0.0088522248,-1.3137382749,0.0332655499
2.699008,-0.171166,-8.834678,0.056451,0.0056595494,-1.3201236258,0.0385866756
2.700057,0.037788,-9.435659,-0.64006,-0.0049827022,-1.3371512283,0.0449720265
2.701106,0.047395,-10.398188,-0.464731,-0.0209460795,-1.3477934798,0.048164702
2.702158,0.073814,-10.144387,-0.409491,-0.0379736819,-1.3552430559,0.048164702
2.703204,-0.012649,-9.538616,-0.344643,-0.0464874832,-1.3637568571,0.0460362517
2.704222,-0.240817,-9.682277,0.399903,-0.045423258,-1.3786560093,0.0534858278
2.705271,-0.305664,-9.952839,0.529598,-0.031588331,-1.3999405123,0.0683849799
2.70632,-0.356101,-9.768474,0.147718,-0.017753404,-1.4159038897,0.0737061057
2.707369,-0.428154,-9.794812,-0.042021,-0.0145607286,-1.4222892406,0.0641280793
2.708387,-0.53143,-10.572975,0.171736,-0.0124322782,-1.4105827639,0.0471004769
2.709436,-0.879685,-10.819593,0.644883,0.0014026488,-1.397812062,0.0322013247
2.710485,-1.064621,-9.529039,0.966719,0.0184302512,-1.4127112142,0.0215590732
2.711536,-0.848462,-7.881727,1.043575,0.0226871518,-1.4382526179,0.020494848
2.712551,-0.836454,-8.269612,0.993138,0.023751377,-1.4637940216,0.0279444241
2.7136,-0.946935,-11.008746,0.740953,0.0194944764,-1.4978492265,0.0332655499
2.715699,-0.135139,-10.321568,-0.812987,-0.0273314304,-1.494656551,0.0013387952
2.71465,-0.57226,-12.306483,-0.058834,0.0014026488,-1.5138126038,0.0236875235
2.716748,-0.211995,-8.425244,-0.4215,-0.0528728341,-1.4637940216,-0.007175006
2.717765,-0.363307,-8.75327,0.443135,-0.0550012844,-1.4552802203,0.0077241462
2.718814,-0.192781,-9.584109,0.635276,-0.045423258,-1.4680509222,0.0322013247
2.719864,0.31399,-9.725376,0.558419,-0.0486159335,-1.4999776768,0.0460362517
2.720915,0.443686,-10.980014,0.219771,-0.0496801586,-1.494656551,0.0407151259
2.72193,0.578184,-10.307202,0.039639,-0.0528728341,-1.4414452933,0.0385866756
2.722979,0.277964,-9.512279,0.846631,-0.0475517083,-1.3850413602,0.0407151259
2.72403,-0.10872,-9.983965,1.324581,-0.0369094568,-1.362692632,0.0492289272
2.725077,-0.094309,-9.658334,0.846631,-0.0273314304,-1.3477934798,0.0556142781
2.726094,-0.031863,-8.554539,0.846631,-0.0166891789,-1.3328943277,0.0534858278
2.727143,-0.089506,-8.923269,0.445536,-0.0028542519,-1.3286374271,0.0471004769
2.728193,-0.039069,-10.302414,-0.171716,0.0120449003,-1.3222520761,0.0439078014
2.729242,-0.022256,-10.350301,-0.253376,0.0226871518,-1.3169309504,0.0417793511
2.73029,-0.087104,-9.914529,-0.59923,0.0216229267,-1.3371512283,0.0407151259
2.731308,-0.166362,-10.182696,-0.889843,0.0173660261,-1.3690779829,0.048164702
2.732357,-0.348896,-10.240161,-1.314955,0.0120449003,-1.390362486,0.0598711787
2.733408,-0.320075,-9.7996,-1.780897,-0.003918477,-1.4010047375,0.061999629
2.734455,-0.183174,-9.28721,-1.583953,-0.0166891789,-1.4073900884,0.0513573775
2.735472,-0.322477,-9.143549,-0.875433,-0.0166891789,-1.4329314921,0.0428435762
2.736521,-0.356101,-9.778051,-0.267787,-0.003918477,-1.4755004983,0.0492289272
2.737571,-0.192781,-10.297625,0.181343,0.0152375758,-1.5180695044,0.0673207548
2.73862,-0.257629,-10.067767,0.371082,0.0226871518,-1.5617027357,0.0779630063
2.739637,-0.353699,-10.357484,0.092477,0.0077879997,-1.59150104,0.0705134302
2.740686,-0.454573,-11.054239,0.253395,-0.0071111525,-1.5840514639,0.0513573775
2.741735,-0.73558,-10.103683,0.481563,-0.0188176292,-1.5563816099,0.0300728744
2.742786,-0.697151,-7.814685,0.755364,-0.0241387549,-1.522326405,0.0247517486
2.743833,-0.392128,-7.237647,1.653623,-0.0017900267,-1.5095557032,0.0407151259
2.74485,-0.264834,-9.74453,1.905808,0.0322651782,-1.5404182326,0.061999629
2.745899,0.018574,-11.870712,0.54641,0.0503570058,-1.5617027357,0.0439078014
2.746948,-0.209594,-8.911297,-0.061235,0.0290725027,-1.5159410541,0.0130452719
2.747997,-0.54584,-8.078064,0.27261,-0.0017900267,-1.4637940216,0.0055956959
2.749014,-0.57226,-9.201013,0.755364,-0.0124322782,-1.4201607903,0.0290086492
2.750063,-0.279245,-9.521856,0.640079,-0.0103038279,-1.4031331878,0.0566785032
2.751113,0.124251,-9.145943,0.392698,-0.0134965034,-1.4169681148,0.0641280793
2.752164,0.316392,-9.924107,-0.020405,-0.0145607286,-1.4308030418,0.0534858278
2.753179,0.179492,-11.03269,-0.164511,-0.0103038279,-1.4169681148,0.048164702
2.754228,-0.224004,-10.709453,-0.147699,-0.0103038279,-1.3924909363,0.0502931523
2.755279,-0.344092,-9.122,-0.037218,-0.017753404,-1.3754633338,0.0513573775
2.756326,-0.099113,-8.212147,0.479161,-0.0283956555,-1.356307281,0.0577427284
2.757343,-0.281647,-9.991148,0.947505,-0.0252029801,-1.3499219301,0.0726418805
2.758393,-0.442565,-11.442124,0.875452,-0.0124322782,-1.3722706584,0.0811556818
2.759442,-0.048676,-9.61763,-0.001191,-0.0071111525,-1.3882340357,0.0641280793
2.760491,-0.185576,-8.820312,-0.034816,-0.0028542519,-1.3892982608,0.0375224505
2.76154,-0.906105,-10.359878,0.589642,0.00991645,-1.3946193866,0.0332655499
2.762557,-1.1727,-10.637622,0.255797,0.0280082776,-1.411646989,0.0417793511
2.763606,-1.115058,-9.34228,0.214967,0.0322651782,-1.439316843,0.0428435762
2.764658,-0.949336,-8.221725,-0.005995,0.0152375758,-1.4786931737,0.0364582253
2.765704,-0.692348,-9.730164,-0.443116,-0.0049827022,-1.5095557032,0.0268801989
2.766721,-0.480993,-11.810853,-0.102065,-0.0145607286,-1.5159410541,0.0173021725
2.76777,-0.214397,-10.37185,-0.301412,-0.0241387549,-1.5052988026,0.0098525965
2.76882,-0.199987,-8.216936,-0.178922,-0.0347810065,-1.4903996504,0.0098525965
2.769868,-0.500207,-8.947212,0.644883,-0.0326525562,-1.4989134516,0.0247517486
2.771935,-0.031863,-10.300019,0.673704,-0.0390379071,-1.5372255572,0.048164702
2.770886,-0.440163,-10.604102,0.882657,-0.0283956555,-1.5255190805,0.0428435762
2.772984,0.388445,-9.677489,0.803399,-0.0677719862,-1.5127483786,0.0311370995
2.774035,0.527747,-9.785234,0.769774,-0.0667077611,-1.4563444455,0.0311370995
2.775082,0.362026,-10.211428,1.415848,-0.0486159335,-1.4073900884,0.0396509008
2.776099,0.239536,-10.321568,1.437464,-0.0220103046,-1.3871698105,0.0471004769
2.777148,0.160278,-9.603264,0.443135,-0.0060469273,-1.3680137577,0.0449720265
2.778197,-0.091907,-8.894537,0.301431,-0.0007258016,-1.3446008044,0.034329775
2.779246,-0.356101,-9.227351,0.039639,0.0056595494,-1.3286374271,0.0290086492
2.780263,-0.447368,-9.98636,-0.087655,0.0109806751,-1.3254447516,0.0322013247
2.781312,-0.332084,-9.682277,0.118897,0.0077879997,-1.3371512283,0.0385866756
2.782361,-0.12313,-9.495518,-0.142895,-0.0028542519,-1.3754633338,0.0460362517
2.783413,-0.099113,-10.197062,-0.356652,-0.0124322782,-1.4222892406,0.0534858278
2.784428,-0.022256,-10.27847,-1.005128,-0.0230745298,-1.4488948694,0.0609354038
2.786525,0.225125,-9.313548,-1.250108,-0.0411663574,-1.4276103663,0.0577427284
2.785476,0.263553,-9.722981,-1.516703,-0.0347810065,-1.4435737436,0.0609354038
2.787575,0.073814,-9.239323,-0.815389,-0.0411663574,-1.4297388166,0.0598711787
2.788624,0.167483,-10.118049,-0.373464,-0.0305241059,-1.4382526179,0.0715776554
2.789641,0.023377,-10.716636,-0.044423,-0.0103038279,-1.4510233197,0.0854125824
2.79069,-0.50501,-10.510722,-0.253376,0.0067237745,-1.4893354253,0.0843483572
2.791739,-0.83165,-11.035084,-0.491151,0.0152375758,-1.5382897823,0.0683849799
2.79279,-0.786017,-10.711847,0.006014,0.0216229267,-1.5531889345,0.0460362517
2.793805,-0.838855,-8.669468,0.258199,0.0194944764,-1.5446751332,0.0279444241
2.794854,-0.754794,-7.400463,0.666499,0.0088522248,-1.5393540075,0.0300728744
2.795905,-0.339289,-7.829051,1.490303,0.0205587015,-1.5457393584,0.0492289272
2.796952,-0.24562,-10.534665,1.233314,0.0439716549,-1.5840514639,0.0598711787
2.79797,-0.274441,-13.441405,0.596847,0.0418432046,-1.6287489204,0.048164702
2.799019,-0.151951,-8.171443,-0.085253,-0.017753404,-1.5702165369,0.0024030204
2.800068,-0.752392,-8.288766,0.798596,-0.0337167813,-1.5340328817,0.0109168216
2.801117,-0.704357,-8.899325,0.885059,-0.031588331,-1.5276475308,0.0396509008
2.802166,-0.10872,-8.408484,0.390296,-0.0347810065,-1.5372255572,0.0598711787
2.803183,0.244339,-9.785234,0.474358,-0.0369094568,-1.5606385105,0.0630638542
2.804232,0.328401,-12.100569,0.219771,-0.0283956555,-1.5617027357,0.0556142781
2.805284,0.371633,-11.26973,-0.085253,-0.0241387549,-1.5106199283,0.0449720265
2.807348,-0.413744,-8.418061,1.238118,-0.0081753776,-1.3999405123,0.0513573775
2.80633,-0.029462,-8.700594,0.676106,-0.0198818543,-1.4446379688,0.0417793511
2.808397,-0.168764,-9.687066,0.781783,-0.0103038279,-1.3520503804,0.0662565296
2.809446,0.157876,-9.974388,1.000344,-0.0156249537,-1.3041602485,0.0726418805
2.810495,0.121849,-9.859459,0.726543,-0.0028542519,-1.2818115203,0.061999629
2.811512,-0.303262,-10.618468,-0.126083,0.0056595494,-1.2839399706,0.0417793511
2.812561,-0.632304,-10.254527,0.24619,0.0045953242,-1.3084171491,0.0268801989
2.81361,-0.517019,-8.916086,0.241387,0.0088522248,-1.3467292547,0.0226232983
2.814662,-0.742785,-9.471575,0.186146,0.0184302512,-1.383977135,0.0375224505
2.815708,-1.309601,-10.355089,0.118897,0.0184302512,-1.4286745915,0.0566785032
2.816726,-1.079032,-9.543405,-0.77696,-0.003918477,-1.4786931737,0.0545500529
2.817774,-0.57226,-9.375801,-1.069975,-0.0283956555,-1.5106199283,0.0311370995
2.818824,-0.543439,-10.599313,-0.678488,-0.0443590329,-1.5244548553,0.0109168216
2.819873,-0.548242,-10.470018,-0.130886,-0.0496801586,-1.5244548553,0.0087883713
2.82089,-0.579465,-8.580877,0.226976,-0.0486159335,-1.5287117559,0.0173021725
2.821939,-0.675536,-8.298344,0.81781,-0.0464874832,-1.5702165369,0.0311370995
2.822988,-0.53143,-10.819593,1.264537,-0.0390379071,-1.6223635695,0.0417793511
2.824039,-0.029462,-11.722262,0.728944,-0.0390379071,-1.6212993443,0.0417793511
2.825054,-0.111121,-8.906508,0.880255,-0.0773500126,-1.5201979547,0.0002745701
2.826103,-0.175969,-8.844255,1.218904,-0.0752215623,-1.4850785246,0.006659921
2.827155,-0.106318,-9.651151,1.644016,-0.0464874832,-1.4765647234,0.0247517486
2.828201,0.150671,-10.424525,1.24052,-0.0241387549,-1.4723078228,0.0364582253
2.829218,0.448489,-9.792417,0.27261,-0.0134965034,-1.4382526179,0.0300728744
2.830268,-0.094309,-9.809178,0.087674,0.0003384236,-1.4052616381,0.0098525965
2.831317,-0.555447,-10.484384,-0.130886,0.0003384236,-1.3956836117,0.0013387952
2.832366,-0.127934,-9.440448,-0.33984,-0.0113680531,-1.3786560093,0.0055956959
2.833416,-0.02706,-8.528201,0.186146,-0.017753404,-1.3733348835,0.0151737222
2.834432,-0.147148,-9.181858,0.265404,-0.0283956555,-1.4020689627,0.0300728744
2.835481,0.117046,-9.897769,-0.207743,-0.0411663574,-1.4339957173,0.0439078014
2.836532,0.374034,-9.957627,-0.457526,-0.0443590329,-1.445702194,0.048164702
2.837579,0.534953,-9.574532,-0.726523,-0.0496801586,-1.4414452933,0.0460362517
2.838596,0.419668,-9.699038,-0.678488,-0.0550012844,-1.4339957173,0.0460362517
2.839645,0.263553,-9.916923,-0.296608,-0.0550012844,-1.4297388166,0.0534858278
2.840695,0.29958,-10.024669,-0.423901,-0.0486159335,-1.4244176909,0.0630638542
2.841743,0.011368,-10.802832,-0.592025,-0.031588331,-1.4190965651,0.0683849799
2.84276,-0.40894,-10.850719,-0.827397,-0.0145607286,-1.4297388166,0.061999629
2.84381,-0.57226,-9.85467,-0.916263,0.0024668739,-1.4499590946,0.0449720265
2.844858,-0.834052,-9.622419,-0.123681,0.0312009531,-1.4712435976,0.0311370995
2.84591,-1.028595,-9.500307,0.356671,0.0567423567,-1.5021061271,0.0279444241
2.846957,-0.810034,-8.513835,0.560821,0.0599350322,-1.5457393584,0.0311370995
2.847974,-0.550644,-8.724538,0.909077,0.0578065819,-1.5989506161,0.0332655499
2.849023,-0.550644,-10.661566,0.541607,0.0429074297,-1.6489691983,0.0290086492
2.850072,-0.536233,-11.885078,-0.056432,0.0035310991,-1.6702537014,0.0130452719
2.851121,-0.384922,-8.25764,-0.010798,-0.059258185,-1.6010790664,-0.007175006
2.852139,-0.658723,-7.920037,0.740953,-0.0656435359,-1.5957579406,0.006659921
2.853188,-0.353699,-9.914529,0.966719,-0.0486159335,-1.6266204701,0.0290086492
2.854236,0.294776,-10.04143,0.666499,-0.0326525562,-1.6351342713,0.0449720265
2.855288,0.410061,-9.356646,0.560821,-0.0283956555,-1.6276846952,0.0439078014
2.856303,0.124251,-10.970437,0.721739,-0.0241387549,-1.6181066688,0.0311370995
2.857352,0.138662,-10.956071,0.503179,-0.0220103046,-1.5659596363,0.0258159738
2.858401,-0.072693,-8.904114,0.894666,-0.0220103046,-1.4840142995,0.0300728744
2.85945,-0.538635,-8.978339,1.888996,-0.0166891789,-1.4329314921,0.0375224505
2.860499,-0.334485,-9.696643,1.338992,-0.0134965034,-1.404197413,0.0417793511
2.861517,0.057002,-9.2489,0.661695,-0.0103038279,-1.3605641817,0.0332655499
2.862566,-0.115925,-9.52425,0.529598,0.0056595494,-1.3137382749,0.0194306229
2.863614,-0.315271,-10.197062,-0.243769,0.0173660261,-1.2839399706,0.0109168216
2.864666,-0.502609,-10.338329,-0.366259,0.0194944764,-1.2828757454,0.0055956959
2.865681,-0.759597,-10.340723,-0.126083,0.0184302512,-1.3275732019,0.0077241462
2.86673,-0.632304,-9.706221,-0.671283,0.0131091254,-1.3956836117,0.0215590732
2.867781,-0.620295,-9.624813,-0.894647,0.0035310991,-1.4488948694,0.0322013247
2.868828,-0.689946,-10.094105,-0.942682,-0.017753404,-1.480821624,0.0311370995
2.869845,-0.444966,-9.505095,-1.134823,-0.045423258,-1.4903996504,0.0183663977
2.870894,-0.485796,-9.217774,-0.159708,-0.0550012844,-1.4957207762,0.0077241462
2.871943,-0.61309,-9.572137,0.640079,-0.0496801586,-1.5180695044,0.0109168216
2.872992,-0.423351,-9.291998,0.796194,-0.0390379071,-1.5510604842,0.0236875235
2.874041,-0.31287,-9.409322,1.19969,-0.0262672052,-1.5968221658,0.0322013247
2.875058,-0.238415,-11.051845,0.721739,-0.0252029801,-1.6298131455,0.0300728744
2.876108,-0.27204,-12.239442,0.464751,-0.0347810065,-1.6127855431,0.0162379474
2.877159,-0.634706,-8.365386,0.767373,-0.0635150856,-1.5170052792,-0.0263310588
2.878206,-0.639509,-6.96948,1.627203,-0.0539370592,-1.4861427498,-0.0188814827
2.879223,-0.802829,-8.705383,1.913013,-0.0134965034,-1.5095557032,0.0034672456
2.880272,-0.425752,-11.341561,1.2141,0.0131091254,-1.563831186,0.0183663977
2.881321,0.268357,-11.23621,0.094879,0.0141733506,-1.5755376627,0.0077241462
2.88237,0.126653,-9.794812,-0.604034,0.0014026488,-1.5489320339,-0.0188814827
2.883388,-0.392128,-10.005514,-0.474338,-0.0209460795,-1.522326405,-0.0316521845
2.884436,-0.154353,-10.05819,-0.287001,-0.045423258,-1.4872069749,-0.0178172575
2.885485,0.292375,-8.408484,0.032433,-0.0613866353,-1.4425095185,0.0024030204
2.886537,0.338008,-8.006233,0.10929,-0.073093112,-1.4329314921,0.0151737222
2.887552,0.4629,-10.335934,-0.183725,-0.0762857875,-1.4520875449,0.0236875235
2.888601,0.811155,-11.231421,-0.114074,-0.0613866353,-1.4510233197,0.0300728744
2.88965,0.847182,-9.56256,-0.138092,-0.0464874832,-1.4350599424,0.0311370995
2.890699,0.491721,-9.122,0.135709,-0.0401021322,-1.4329314921,0.0353940002
2.891748,0.277964,-9.675094,0.529598,-0.0337167813,-1.4308030418,0.0492289272
2.892766,0.227527,-10.177907,0.359073,-0.031588331,-1.41803234,0.0630638542
2.893815,0.066609,-10.819593,0.219771,-0.0294598807,-1.4095185387,0.0651923045
2.894864,-0.072693,-10.350301,-0.411893,-0.0220103046,-1.4052616381,0.0502931523
2.895916,-0.202388,-9.813966,-0.748139,-0.0071111525,-1.397812062,0.0258159738
2.89693,-0.476189,-9.943261,-0.080449,0.0184302512,-1.3956836117,0.0141094971
2.897979,-0.69475,-9.301576,0.039639,0.0492927807,-1.4222892406,0.0183663977
2.899031,-0.951738,-9.332702,-0.030012,0.0673846083,-1.4925281007,0.0268801989
2.900077,-1.189513,-10.034247,0.104486,0.065256158,-1.5829872388,0.0311370995
2.901095,-0.985363,-9.94805,-0.471937,0.0354578537,-1.6585472247,0.0226232983
2.902143,-0.569858,-10.280864,-0.740934,-0.0092396028,-1.6904739793,0.0013387952
2.903193,-0.310468,-8.482709,-0.356652,-0.0667077611,-1.6447122977,-0.0029181054
2.904242,-0.365708,-9.040592,0.277413,-0.0603224102,-1.6489691983,0.0130452719
2.905292,0.04019,-10.958465,0.580035,-0.0432948077,-1.6723821517,0.0279444241
2.906308,0.484516,-10.781283,0.40951,-0.0283956555,-1.6681252511,0.034329775
2.907357,0.251545,-9.797206,0.678507,-0.0230745298,-1.6457765228,0.0226232983
2.908408,-0.063086,-9.426082,0.839425,-0.0252029801,-1.6181066688,0.0130452719
2.909456,-0.091907,-9.076507,0.863443,-0.0252029801,-1.5670238615,0.0173021725
2.910472,-0.425752,-9.722981,2.009084,-0.0092396028,-1.5287117559,0.0322013247
2.911522,-0.593876,-10.49875,2.340527,0.0056595494,-1.5308402062,0.0460362517
2.912571,-0.219201,-9.840304,1.067593,0.0045953242,-1.5106199283,0.0385866756
2.91362,-0.339289,-9.059747,0.846631,0.0024668739,-1.4510233197,0.0119810468
2.914637,-0.685143,-9.126788,0.690516,0.0045953242,-1.397812062,-0.0050465557
2.915686,-0.529028,-9.701432,0.032433,0.0045953242,-1.356307281,-0.007175006
2.916735,-0.502609,-10.350301,0.070862,0.0077879997,-1.3297016522,-0.0018538802
2.917787,-0.500207,-10.213823,-0.274992,0.0077879997,-1.348857705,0.006659921
2.918833,-0.425752,-10.017486,-0.839406,0.0014026488,-1.4031331878,0.0130452719
2.91985,-0.517019,-10.2234,-0.887442,-0.0092396028,-1.459537121,0.0173021725
2.9209,-0.339289,-9.720587,-0.9667,-0.031588331,-1.4935923259,0.0162379474
2.921949,-0.173567,-8.904114,-0.546391,-0.0581939599,-1.5052988026,0.0098525965
2.922998,-0.228808,-8.77003,0.421519,-0.0688362114,-1.5116841535,0.0151737222
2.924015,-0.113523,-9.52425,0.882657,-0.0581939599,-1.5233906302,0.0279444241
2.926113,-0.207192,-9.957627,0.159727,-0.0337167813,-1.5744734375,0.0290086492
2.927165,-0.296057,-10.740579,-0.039619,-0.031588331,-1.5861799142,0.0109168216
2.92818,-0.77641,-12.021556,0.195753,-0.0262672052,-1.5659596363,-0.0039823305
2.925064,-0.12313,-10.149175,0.65449,-0.0401021322,-1.5457393584,0.034329775
2.929229,-1.043005,-10.771706,0.483965,-0.0230745298,-1.536161332,-0.0114319066
2.930278,-0.802829,-6.399625,1.379822,-0.0113680531,-1.5021061271,-0.0167530324
2.931327,-1.043005,-9.234534,1.773711,0.0131091254,-1.5382897823,-0.0039823305
2.932376,-0.848462,-12.691974,1.012352,0.0333294034,-1.5946937155,0.0024030204
2.933393,-0.058283,-11.559447,-0.385473,0.0163018009,-1.6117213179,-0.0146245821
2.934442,0.124251,-8.442005,-0.697702,-0.0283956555,-1.5797945633,-0.0401659857
2.935492,-0.442565,-8.997494,-0.080449,-0.0603224102,-1.5446751332,-0.0401659857
2.936542,-0.382521,-10.651988,0.092477,-0.0667077611,-1.5201979547,-0.0167530324
2.937558,0.167483,-9.217774,0.181343,-0.0677719862,-1.494656551,0.0013387952
2.938607,0.424471,-7.848206,0.238985,-0.0720288868,-1.4957207762,0.0045314707
2.939658,0.707879,-9.888191,-0.068441,-0.0699004365,-1.5180695044,0.0055956959
2.940705,0.986484,-11.535503,-0.044423,-0.0550012844,-1.5031703523,0.0141094971
2.941722,0.671853,-10.039035,0.282217,-0.0401021322,-1.4680509222,0.0226232983
2.942771,0.21792,-8.729327,0.652088,-0.0326525562,-1.4616655713,0.0258159738
2.94382,0.064207,-9.598475,0.865845,-0.0283956555,-1.4616655713,0.0322013247
2.944869,0.001761,-10.376638,0.949907,-0.0283956555,-1.4488948694,0.0396509008
2.945919,0.109841,-9.555377,0.647284,-0.0262672052,-1.4350599424,0.0396509008
2.946936,0.071412,-9.46918,0.018023,-0.0145607286,-1.4222892406,0.0311370995
2.947985,-0.168764,-10.314385,-0.123681,-0.0049827022,-1.4127112142,0.0194306229
2.949036,-0.065488,-9.902557,-0.351849,0.0077879997,-1.4148396645,0.0109168216
2.950083,-0.151951,-9.691855,-0.601632,0.0312009531,-1.4361241676,0.0098525965
2.9511,-0.718767,-10.412554,-0.757746,0.0482285555,-1.4829500743,0.0194306229
2.952149,-0.846061,-9.816361,-1.276527,0.0407789794,-1.5372255572,0.0247517486
2.953198,-0.601081,-9.023831,-1.38941,0.0184302512,-1.5744734375,0.0183663977
2.954247,-0.651518,-9.969599,-0.928271,-0.0028542519,-1.6000148412,0.0055956959
2.955265,-0.733178,-10.477201,-0.541588,-0.0209460795,-1.6255562449,-0.0018538802
2.956314,-0.509814,-8.451582,0.323047,-0.0347810065,-1.6777032775,0.0130452719
2.958414,0.186697,-11.983246,0.649686,-0.0252029801,-1.7170796081,0.0247517486
2.957363,-0.192781,-10.086922,0.623267,-0.0283956555,-1.7085658069,0.0215590732
2.959429,0.366829,-10.453258,0.661695,-0.0262672052,-1.674510602,0.0173021725
2.960478,-0.065488,-8.360597,0.774578,-0.0305241059,-1.6149139934,0.0002745701
2.961527,-0.526626,-8.62637,1.394233,-0.031588331,-1.5840514639,0.0002745701
2.962576,-0.425752,-9.500307,1.98987,-0.0092396028,-1.5893725897,0.020494848
2.963625,-0.142344,-10.331146,1.696855,0.0173660261,-1.6010790664,0.0353940002
2.964642,0.047395,-10.623256,0.957112,0.0216229267,-1.5766018879,0.0311370995
2.965692,-0.211995,-9.72777,0.519991,0.0194944764,-1.5265833056,0.0109168216
2.966741,-0.800427,-9.813966,0.373484,0.0216229267,-1.4850785246,-0.0082392311
2.967792,-0.73558,-10.079739,0.421519,0.0216229267,-1.4435737436,-0.0103676814
2.968807,-0.380119,-9.033409,0.445536,0.0184302512,-1.4073900884,-0.0029181054
2.969856,-0.396931,-8.837072,0.323047,0.00991645,-1.4127112142,0.0055956959
2.970908,-0.209594,-9.581715,-0.174118,-0.0060469273,-1.4361241676,0.0141094971
2.971954,0.006565,-10.290442,-0.659274,-0.0209460795,-1.4478306443,0.0183663977
2.972972,-0.142344,-10.941705,-0.704908,-0.0347810065,-1.4574086706,0.0162379474
2.974021,-0.243218,-10.264104,-0.714515,-0.0475517083,-1.4765647234,0.0087883713
2.976119,-0.375315,-9.052564,0.337457,-0.0379736819,-1.5191337296,0.0215590732
2.977167,-0.334485,-10.106077,0.524795,-0.0220103046,-1.5350971069,0.0407151259
2.978185,-0.276843,-10.15157,0.174137,-0.0124322782,-1.5457393584,0.0417793511
2.979234,-0.308066,-10.153964,0.217369,-0.0124322782,-1.5553173848,0.0236875235
2.97507,-0.296057,-8.79158,-0.35425,-0.0486159335,-1.4978492265,0.006659921
2.980286,-0.529028,-10.709453,0.532,-0.0081753776,-1.5521247093,0.0034672456
2.981333,-0.927721,-9.114817,0.961915,0.0109806751,-1.5414824578,-0.0135603569
2.98235,-0.680339,-7.335816,0.815408,0.0067237745,-1.5414824578,-0.0124961318
2.983399,-0.754794,-8.963973,0.822613,0.0056595494,-1.5521247093,-0.0061107808
2.984448,-0.987765,-12.208315,0.661695,0.0045953242,-1.5829872388,-0.0029181054
2.985497,-0.598679,-11.877895,-0.327831,-0.0060469273,-1.6074644173,-0.0178172575
2.986514,-0.178371,-8.947212,-0.786568,-0.0273314304,-1.5957579406,-0.0391017606
2.987563,-0.423351,-8.288766,0.00121,-0.0411663574,-1.5797945633,-0.0391017606
2.988612,-0.512216,-9.895374,0.647284,-0.0401021322,-1.5819230136,-0.0188814827
2.989663,-0.003042,-9.823544,0.428724,-0.0401021322,-1.5819230136,0.0034672456
2.99071,0.383642,-8.65989,0.390296,-0.0528728341,-1.5797945633,0.0130452719
2.991727,0.494123,-9.981571,0.512786,-0.059258185,-1.5883083645,0.0087883713
2.992777,0.746308,-11.384659,0.126102,-0.0539370592,-1.5648954112,0.0013387952
2.993826,0.68146,-10.036641,0.411912,-0.0486159335,-1.5021061271,0.0013387952
2.994875,0.124251,-8.97355,1.278948,-0.0347810065,-1.466986697,0.0087883713
2.995892,-0.137541,-9.98636,1.11803,-0.0220103046,-1.4680509222,0.0194306229
2.996941,0.071412,-10.098894,0.827417,-0.017753404,-1.4563444455,0.0247517486
2.99799,0.133858,-8.734115,0.529598,-0.0092396028,-1.4329314921,0.0183663977
2.999042,-0.065488,-9.019043,-0.178922,0.0003384236,-1.4201607903,0.0077241462
3.000057,-0.175969,-10.319174,-0.171716,0.0109806751,-1.41803234,0.0045314707
3.001106,-0.132737,-10.292836,-0.335036,0.0226871518,-1.4297388166,0.006659921
3.002157,-0.084702,-9.751713,-0.834603,0.0280082776,-1.4648582467,0.0109168216
3.003204,-0.31287,-10.144387,-1.08919,0.0269440524,-1.5052988026,0.0183663977
3.004253,-0.53143,-10.6472,-1.708844,0.0194944764,-1.5297759811,0.0258159738
3.00527,-0.399333,-9.940867,-1.958627,0.0035310991,-1.5382897823,0.0215590732
3.006319,-0.401735,-8.801157,-1.288536,-0.0103038279,-1.5521247093,0.0087883713
3.007368,-0.536233,-8.983127,-0.387875,-0.0124322782,-1.5819230136,0.0055956959
3.008418,-0.099113,-10.086922,0.565625,0.0109806751,-1.6479049731,0.0407151259
3.009435,-0.132737,-10.259315,0.306234,0.0109806751,-1.6808959529,0.0407151259
3.010483,-0.298459,-11.111703,0.210164,-0.0007258016,-1.6926024296,0.0258159738
3.011535,-0.644313,-10.778889,0.299029,-0.0103038279,-1.674510602,0.0002745701
3.012582,-0.838855,-9.100451,0.479161,-0.0166891789,-1.6383269468,-0.0167530324
3.013599,-0.692348,-7.383703,1.317376,-0.0092396028,-1.6095928676,-0.0093034563
3.014648,-0.44977,-7.960741,1.999477,0.0194944764,-1.6223635695,0.0130452719
3.015697,-0.091907,-10.982409,1.946638,0.0450358801,-1.6702537014,0.0300728744
3.016746,0.359624,-12.265779,1.026763,0.0492927807,-1.6819601781,0.0279444241
3.017764,0.282768,-10.465229,0.15012,0.0386505291,-1.6361984965,0.0002745701
3.018813,-0.428154,-9.076507,0.090076,0.0163018009,-1.5872441394,-0.0242026084
3.019861,-0.589072,-8.635947,0.27261,-0.0092396028,-1.5510604842,-0.0188814827
3.020913,-0.288852,-8.595243,0.469554,-0.017753404,-1.5180695044,0.0045314707
3.02196,-0.144746,-9.196225,0.507982,-0.0156249537,-1.5063630277,0.0236875235
3.022977,0.117046,-10.024669,0.183744,-0.0156249537,-1.522326405,0.0300728744
3.024026,0.153072,-11.128464,-0.226957,-0.0103038279,-1.5340328817,0.0247517486
3.025075,-0.089506,-10.982409,-0.349447,-0.0103038279,-1.522326405,0.0162379474
3.026124,-0.168764,-9.229745,-0.140494,-0.0198818543,-1.4989134516,0.0109168216
3.027141,-0.151951,-8.276795,0.519991,-0.0262672052,-1.4712435976,0.0162379474
3.02819,-0.233611,-9.071718,1.120432,-0.0283956555,-1.4563444455,0.0353940002
3.029239,-0.356101,-10.460441,0.925889,-0.0209460795,-1.4680509222,0.0492289272
3.030291,-0.279245,-10.632834,0.344662,-0.0103038279,-1.4872069749,0.0385866756
3.031306,-0.281647,-9.940867,-0.147699,-0.0049827022,-1.494656551,0.0119810468
3.032355,-0.682741,-10.213823,0.003612,0.0024668739,-1.5010419019,-0.0039823305
3.033404,-1.069425,-10.290442,0.423921,0.0163018009,-1.5170052792,-0.0007896551
3.034453,-0.91331,-8.255246,0.452742,0.0226871518,-1.5755376627,0.006659921
3.035502,-0.687544,-9.191436,0.301431,0.0056595494,-1.6095928676,0.0055956959
3.036519,-0.411342,-10.99438,-0.174118,-0.0113680531,-1.6298131455,-0.0018538802
3.037568,-0.089506,-11.264942,-0.368661,-0.0220103046,-1.6181066688,-0.0178172575
3.038617,-0.101514,-9.57932,-0.483945,-0.0337167813,-1.5893725897,-0.0295237342
3.039668,-0.476189,-8.667073,-0.001191,-0.0432948077,-1.577666113,-0.0220741581
3.040683,-0.692348,-9.912135,0.635276,-0.0379736819,-1.5989506161,-0.0039823305
3.041732,-0.288852,-10.259315,0.649686,-0.0369094568,-1.6223635695,0.0098525965
3.042784,0.17709,-9.076507,0.649686,-0.0496801586,-1.6234277946,0.0087883713
3.043831,0.227527,-9.485941,0.805801,-0.0581939599,-1.6138497682,0.0002745701
3.044848,0.369231,-10.192274,0.837024,-0.0603224102,-1.5861799142,-0.0007896551
3.045897,0.474908,-9.869036,1.130039,-0.0496801586,-1.5457393584,0.0055956959
3.046946,0.186697,-10.290442,1.516722,-0.031588331,-1.522326405,0.0130452719
3.047995,-0.031863,-10.527482,0.969121,-0.0209460795,-1.5095557032,0.0162379474
3.049045,-0.046274,-9.545799,0.35427,-0.0156249537,-1.4829500743,0.0077241462
3.050061,-0.151951,-8.631158,0.202958,-0.0071111525,-1.4499590946,-0.0039823305
3.05111,-0.279245,-8.861016,-0.097262,0.0014026488,-1.4297388166,-0.007175006
3.052162,-0.372914,-9.98636,0.142914,0.0077879997,-1.4308030418,-0.0007896551
3.053209,-0.27204,-10.170724,0.263003,0.0088522248,-1.4637940216,0.0087883713
3.054226,-0.007846,-9.394955,-0.25818,0.0024668739,-1.5191337296,0.0141094971
3.055275,-0.099113,-9.878614,-0.611239,-0.0071111525,-1.5627669609,0.0173021725
3.056324,-0.0823,-10.450863,-1.228492,-0.0230745298,-1.5702165369,0.0236875235
3.057373,0.21792,-9.639179,-1.660809,-0.0422305825,-1.5468035836,0.0268801989
3.05839,0.107439,-9.256083,-1.151635,-0.0560655095,-1.5297759811,0.0226232983
3.059439,-0.024658,-9.711009,-0.534382,-0.0539370592,-1.5319044314,0.0268801989
3.060488,-0.233611,-10.328751,-0.157306,-0.0049827022,-1.5648954112,0.0492289272
3.06154,-0.665929,-10.802832,-0.431107,0.0120449003,-1.6085286425,0.0471004769
3.062586,-0.850864,-11.097337,-0.371063,0.0226871518,-1.6447122977,0.0290086492
3.063603,-0.961345,-10.563398,0.08287,0.0290725027,-1.6542903241,0.0055956959
3.064652,-0.77641,-8.5713,0.198155,0.0194944764,-1.633005821,-0.007175006
3.065701,-0.526626,-6.91441,0.863443,0.0120449003,-1.6117213179,-0.0007896551
3.06675,-0.512216,-8.157077,1.723274,0.0269440524,-1.6383269468,0.0173021725
3.067767,-0.341691,-11.645643,1.307769,0.0439716549,-1.6989877805,0.0268801989
3.068816,0.081019,-13.096618,0.416715,0.037586304,-1.7245291842,0.0109168216
3.069866,0.21792,-10.596918,-0.020405,0.00991645,-1.6926024296,-0.0188814827
3.070917,-0.305664,-8.298344,0.315841,-0.0230745298,-1.6457765228,-0.0316521845
3.071932,-0.704357,-8.331865,0.880255,-0.0401021322,-1.6223635695,-0.0156888072
3.072981,-0.538635,-8.741298,0.760167,-0.0432948077,-1.6276846952,0.0098525965
3.07403,-0.211995,-9.34228,0.664097,-0.0464874832,-1.6574829995,0.0279444241
3.075079,0.191501,-10.843536,0.419117,-0.0422305825,-1.6840886284,0.0290086492
3.076128,0.424471,-11.250576,-0.087655,-0.0305241059,-1.6617399001,0.0162379474
3.077145,0.085823,-9.85467,0.238985,-0.0220103046,-1.6042717418,0.0045314707
3.078194,-0.392128,-8.963973,0.846631,-0.0103038279,-1.5542531596,0.0055956959
3.079243,-0.32728,-8.990311,0.620865,-0.0028542519,-1.5031703523,0.0141094971
3.080293,-0.034265,-9.399744,0.558419,-0.0049827022,-1.4446379688,0.0226232983
3.081309,-0.16396,-10.221006,0.69532,0.0024668739,-1.4105827639,0.0226232983
3.082358,-0.454573,-10.580158,-0.236564,0.0088522248,-1.4137754393,0.0109168216
3.083409,-0.452172,-10.05819,-0.616042,0.0067237745,-1.4329314921,-0.007175006
3.084456,-0.485796,-9.811572,-0.018004,0.0131091254,-1.459537121,-0.0124961318
3.085473,-0.725973,-10.024669,0.049246,0.023751377,-1.494656551,-0.0007896551
3.086522,-0.982961,-10.012697,-0.061235,0.0248156021,-1.5382897823,0.0162379474
3.087571,-0.404136,-8.693411,-0.671283,-0.0113680531,-1.605335967,0.0109168216
3.08862,-0.20479,-9.835516,-0.589623,-0.0369094568,-1.6010790664,-0.0093034563
3.089638,-0.279245,-10.920156,0.049246,-0.0486159335,-1.5840514639,-0.0199457078
3.090687,-0.442565,-10.139598,0.306234,-0.0443590329,-1.577666113,-0.0146245821
3.091736,-0.692348,-8.920874,0.652088,-0.0337167813,-1.5989506161,-0.0039823305
3.092787,-0.843659,-9.758896,1.168467,-0.0209460795,-1.6457765228,0.006659921
3.093833,-0.692348,-11.274519,1.103619,-0.0156249537,-1.6808959529,0.0087883713
3.094851,-0.401735,-10.48199,0.704927,-0.031588331,-1.6755748271,-0.0082392311
3.0959,-0.344092,-8.834678,0.813006,-0.0624508605,-1.6457765228,-0.0295237342
3.096949,-0.274441,-8.64313,1.351001,-0.0762857875,-1.6159782185,-0.0316521845
3.097998,0.008967,-9.457209,1.898603,-0.0507443838,-1.6085286425,-0.0114319066
3.099015,0.234732,-10.153964,1.545544,-0.0198818543,-1.6234277946,0.006659921
3.100064,0.458096,-10.405371,0.20536,-0.0156249537,-1.6138497682,0.0045314707
3.101113,0.306785,-10.323963,-0.29901,-0.0145607286,-1.5744734375,-0.0146245821
3.102165,-0.28645,-10.235372,-0.4215,-0.0124322782,-1.5436109081,-0.0284595091
3.10318,-0.281647,-9.588898,-0.666479,-0.0198818543,-1.5170052792,-0.0252668336
3.104229,0.001761,-8.360597,-0.238966,-0.0283956555,-1.4850785246,-0.0114319066
3.105278,-0.039069,-8.49468,0.195753,-0.0379736819,-1.4914638756,0.006659921
3.106327,0.181894,-9.981571,0.323047,-0.0432948077,-1.5350971069,0.0226232983
3.107376,0.54456,-10.632834,0.032433,-0.0358452316,-1.5617027357,0.0300728744
3.108393,0.664648,-10.082134,-0.608837,-0.0379736819,-1.5542531596,0.0290086492
3.109442,0.621416,-9.629602,-0.824996,-0.0550012844,-1.5276475308,0.0279444241
3.110491,0.482114,-9.387772,-0.447919,-0.0667077611,-1.494656551,0.0322013247
3.112557,-0.022256,-10.606496,0.046844,-0.0464874832,-1.4712435976,0.0534858278
3.111542,0.244339,-9.572137,-0.130886,-0.0635150856,-1.4723078228,0.0417793511
3.113607,-0.279245,-9.766079,-0.623248,0.0035310991,-1.5308402062,0.0396509008
3.114658,-0.665929,-10.290442,-0.164511,0.0258798273,-1.5744734375,0.0236875235
3.115704,-0.896498,-10.556215,0.447938,0.0461001052,-1.6117213179,0.0183663977
3.116722,-0.826847,-9.074113,0.375885,0.0450358801,-1.6500334235,0.0141094971
3.117771,-0.649116,-7.972712,0.652088,0.0269440524,-1.6979235554,0.0130452719
3.11882,-0.420949,-8.767636,0.656892,0.0109806751,-1.7458136873,0.0162379474
3.119869,-0.320075,-11.286491,0.402305,-0.003918477,-1.7819973425,0.0151737222
3.120918,0.004163,-11.976063,-0.222153,-0.0294598807,-1.7830615677,0.0045314707
3.121935,0.364427,-9.392561,-0.853817,-0.0518086089,-1.72985031,-0.0124961318
3.122984,-0.221603,-8.415667,0.037237,-0.0560655095,-1.6777032775,-0.0178172575
3.124035,-0.781213,-9.828333,0.644883,-0.0486159335,-1.6808959529,0.0024030204
3.125082,-0.4906,-9.495518,0.219771,-0.0401021322,-1.7085658069,0.0247517486
3.126099,-0.199987,-8.233696,0.308636,-0.0390379071,-1.7319787603,0.0311370995
3.127148,-0.10872,-9.694249,0.719337,-0.0401021322,-1.7479421376,0.0290086492
3.128197,-0.022256,-11.667192,0.921085,-0.0369094568,-1.7255934094,0.0279444241
3.129246,-0.019855,-10.795649,0.949907,-0.0369094568,-1.660675675,0.0279444241
3.130263,-0.106318,-9.189041,1.559954,-0.0337167813,-1.5936294903,0.0279444241
3.131312,-0.240817,-8.992705,1.701658,-0.0273314304,-1.5404182326,0.0300728744
3.132361,-0.250424,-9.347068,1.074798,-0.0294598807,-1.4893354253,0.0322013247
3.136526,-0.468984,-9.615236,0.207762,-0.0028542519,-1.3807844596,-0.0039823305
3.134459,-0.137541,-10.106077,0.495973,-0.0092396028,-1.3924909363,0.0173021725
3.135477,-0.399333,-10.510722,0.099683,0.0003384236,-1.3690779829,0.0055956959
3.133412,-0.06789,-9.45242,1.000344,-0.0273314304,-1.4371883927,0.0290086492
3.137575,-0.468984,-9.105239,0.008416,-0.0028542519,-1.4308030418,-0.0018538802
3.138624,-0.978158,-10.0965,-1.057967,-0.0230745298,-1.5382897823,0.0279444241
3.139641,-0.91331,-9.936078,-1.281331,-0.0518086089,-1.5723449872,0.0226232983
3.14069,-0.829248,-10.139598,-0.995521,-0.0741573372,-1.605335967,0.0024030204
3.141739,-0.83165,-10.209034,-0.337438,-0.0752215623,-1.6340700462,-0.007175006
3.14279,-0.73558,-8.920874,0.260601,-0.0677719862,-1.6574829995,0.0002745701
3.143805,-0.658723,-8.022994,0.808203,-0.059258185,-1.6947308799,0.0141094971
3.144854,-0.344092,-9.792417,1.257332,-0.0496801586,-1.7447494621,0.020494848
3.145903,0.148269,-12.167611,0.808203,-0.0496801586,-1.7521990382,0.0173021725
3.146952,0.203509,-11.875501,0.397501,-0.0624508605,-1.7011162308,0.0013387952
3.14797,-0.279245,-9.883403,0.584839,-0.0784142378,-1.6425838474,-0.0220741581
3.149018,-0.670732,-8.192992,1.009951,-0.086928039,-1.6074644173,-0.0337806348
3.150068,-0.733178,-7.460322,1.478294,-0.0762857875,-1.6000148412,-0.0220741581
3.151117,-0.675536,-9.208196,1.430259,-0.0432948077,-1.6266204701,-0.0050465557
3.152168,-0.332084,-11.612122,0.827417,-0.0209460795,-1.646840748,0.0045314707
3.153183,-0.015051,-10.745368,0.085272,-0.0230745298,-1.6340700462,-0.0029181054
3.154232,-0.23121,-9.440448,-0.368661,-0.0326525562,-1.6181066688,-0.0252668336
3.155283,-0.32728,-10.034247,-0.43591,-0.0432948077,-1.5925652652,-0.03484486
3.15633,-0.166362,-9.85467,-0.284599,-0.0528728341,-1.5510604842,-0.0231383833
3.157347,-0.053479,-8.839467,0.04204,-0.0656435359,-1.5287117559,-0.007175006
3.158397,0.148269,-8.899325,-0.056432,-0.0762857875,-1.5340328817,0.0002745701
3.159445,0.268357,-10.153964,-0.238966,-0.0741573372,-1.5457393584,0.0013387952
3.160494,0.450891,-10.436497,-0.063637,-0.0667077611,-1.5468035836,0.0024030204
3.161512,0.58539,-9.198619,-0.229359,-0.0571297347,-1.5382897823,0.006659921
3.162561,0.34041,-8.657496,0.066058,-0.0507443838,-1.5457393584,0.0151737222
3.16361,0.234732,-9.684672,0.580035,-0.0507443838,-1.5648954112,0.0279444241
3.164661,0.402856,-10.991986,0.277413,-0.0475517083,-1.5659596363,0.0417793511
3.165708,0.008967,-10.525088,-1.031547,-0.0432948077,-1.5265833056,0.0226232983
3.166725,-0.288852,-10.216217,-0.952289,-0.031588331,-1.5127483786,0.0045314707
3.167774,-0.447368,-9.349463,-0.522374,-0.003918477,-1.508491478,-0.0039823305
3.168823,-0.725973,-8.542567,-0.114074,0.0280082776,-1.536161332,-0.0007896551
3.169872,-0.985363,-9.212985,0.260601,0.0524854561,-1.6042717418,0.0109168216
3.17089,-1.069425,-10.33354,0.258199,0.0609992574,-1.6968593302,0.0173021725
3.171939,-1.086237,-11.102126,-0.130886,0.0397147543,-1.7798688922,0.006659921
3.172988,-0.769204,-10.754945,-0.54399,-0.0081753776,-1.8171167726,-0.0167530324
3.174039,-0.468984,-9.169887,-0.531981,-0.0581939599,-1.792639594,-0.0337806348
3.175054,-0.562653,-8.169049,0.073263,-0.0890564893,-1.7490063627,-0.0263310588
3.176103,-0.399333,-9.007071,0.73615,-0.0879922642,-1.743685237,-0.0050465557
3.177152,0.179492,-10.558609,0.865845,-0.0667077611,-1.7692266407,0.0098525965
3.178201,0.570979,-10.841142,0.856238,-0.0486159335,-1.778804667,0.0109168216
3.17925,0.398052,-10.412554,1.007549,-0.0379736819,-1.7681624155,-0.0018538802
3.180268,0.047395,-9.751713,0.820211,-0.0347810065,-1.72985031,-0.0135603569
3.181316,-0.12313,-8.612003,0.769774,-0.0379736819,-1.6659968008,-0.007175006
3.182366,-0.348896,-8.762847,1.533535,-0.031588331,-1.6255562449,0.0098525965
3.183417,-0.384922,-10.307202,1.567159,-0.0252029801,-1.6181066688,0.0290086492
3.184432,0.059404,-10.522694,0.625669,-0.0252029801,-1.5861799142,0.0311370995
3.185481,0.020975,-9.957627,0.315841,-0.0134965034,-1.5287117559,0.0087883713
3.18653,-0.538635,-10.335934,0.407108,0.0035310991,-1.4903996504,-0.0124961318
3.187579,-0.57226,-9.778051,0.195753,0.0120449003,-1.4606013461,-0.021009933
3.188596,-0.497805,-8.77003,0.229378,0.00991645,-1.4350599424,-0.0199457078
3.189645,-0.615492,-8.961578,0.575232,-0.0007258016,-1.4414452933,-0.0050465557
3.190694,-0.579465,-9.52425,0.063656,-0.017753404,-1.4861427498,0.0130452719
3.191743,-0.226406,-10.640017,-1.036351,-0.0709646617,-1.5851156891,0.006659921
3.192794,-0.178371,-10.520299,-1.110805,-0.0847995887,-1.5957579406,-0.0093034563
3.193809,-0.401735,-9.971993,-0.21735,-0.0837353635,-1.6010790664,-0.0114319066
3.194858,-0.605884,-8.784397,0.457545,-0.0699004365,-1.6234277946,0.0034672456
3.195909,-0.589072,-8.176232,0.524795,-0.0518086089,-1.6670610259,0.0183663977
3.196956,-0.274441,-9.847487,0.6689,-0.0379736819,-1.7170796081,0.0215590732
3.197973,0.172286,-11.504377,0.582437,-0.0337167813,-1.7255934094,0.0119810468
3.199022,-0.015051,-11.494799,0.757766,-0.0358452316,-1.6968593302,-0.0050465557
3.200071,-0.567456,-10.776495,0.937898,-0.0390379071,-1.6766390523,-0.0231383833
3.20112,-0.512216,-8.600032,0.61366,-0.0496801586,-1.6510976486,-0.0316521845
3.202137,-0.483395,-6.868918,0.921085,-0.0528728341,-1.6170424437,-0.0273952839
3.203186,-1.011782,-9.13876,1.545544,-0.0337167813,-1.633005821,-0.0146245821
3.204236,-0.978158,-12.174794,0.892264,-0.0166891789,-1.6840886284,-0.007175006
3.205287,-0.144746,-11.078183,-0.373464,-0.0198818543,-1.6968593302,-0.0220741581
3.206334,0.078618,-8.657496,-0.474338,-0.0358452316,-1.6659968008,-0.0444228864
3.207351,-0.351298,-9.021437,0.186146,-0.0528728341,-1.6489691983,-0.0433586612
3.2084,-0.209594,-10.31678,0.219771,-0.0688362114,-1.6447122977,-0.0220741581
3.209449,0.364427,-9.490729,0.212566,-0.0837353635,-1.6181066688,-0.0039823305
3.210498,0.434079,-8.657496,0.183744,-0.0943776151,-1.5946937155,0.0024030204
3.211515,0.306785,-10.429314,-0.157306,-0.0954418402,-1.5925652652,0.0002745701
3.212564,0.501328,-11.035084,-0.0132,-0.0826711384,-1.5734092124,0.0034672456
3.214665,0.186697,-8.178626,0.632874,-0.0571297347,-1.5478678087,0.0109168216
3.213613,0.474908,-8.758059,0.181343,-0.0667077611,-1.5446751332,0.0055956959
3.215679,0.193902,-10.192274,1.11803,-0.0486159335,-1.5627669609,0.0268801989
3.216729,0.371633,-11.044662,0.829818,-0.0369094568,-1.5521247093,0.0428435762
3.217778,-0.14955,-9.869036,-0.344643,-0.0337167813,-1.5255190805,0.020494848
3.219844,-0.139943,-9.217774,-0.447919,-0.0209460795,-1.5031703523,-0.0007896551
3.218827,-0.207192,-9.794812,-0.495954,-0.031588331,-1.5127483786,0.0045314707
3.220893,-0.452172,-9.46918,-0.419098,-0.0028542519,-1.5265833056,0.006659921
3.221942,-0.915712,-10.44368,-0.731327,0.0131091254,-1.5808587885,0.0162379474
3.222991,-1.115058,-10.199457,-1.096395,0.0152375758,-1.6500334235,0.0141094971
3.224043,-1.059818,-9.572137,-1.038753,0.0035310991,-1.7202722836,-0.0007896551
3.225058,-0.906105,-9.861853,-0.752943,-0.0134965034,-1.7702908658,-0.0135603569
3.226107,-0.769204,-9.756502,-0.433508,-0.0358452316,-1.7894469186,-0.0135603569
3.227156,-0.401735,-8.779608,-0.090056,-0.0624508605,-1.7905111437,-0.0018538802
3.228205,0.069011,-8.858621,0.524795,-0.0709646617,-1.7968964947,0.0109168216
3.229222,0.316392,-10.838748,0.805801,-0.0656435359,-1.8139240971,0.0162379474
3.230271,0.55897,-11.918599,0.616062,-0.0571297347,-1.8022176204,0.0151737222
3.23132,0.402856,-10.237766,0.568026,-0.0475517083,-1.7490063627,0.0002745701
3.232369,-0.281647,-8.118768,0.803399,-0.0443590329,-1.6936666548,-0.0135603569
3.233386,-0.737981,-8.152289,1.456678,-0.0390379071,-1.6787675026,-0.0050465557
3.234435,-0.848462,-10.153964,2.179609,-0.0124322782,-1.7032446811,0.020494848
3.235484,-0.478591,-11.14283,1.713667,0.0024668739,-1.7149511578,0.034329775
3.236536,0.081019,-9.699038,0.623267,-0.0145607286,-1.6691894762,0.0162379474
3.237582,-0.375315,-9.090873,0.702525,-0.0220103046,-1.6074644173,-0.0167530324
3.238599,-0.980559,-10.110866,0.570428,-0.0188176292,-1.5659596363,-0.0316521845
3.239648,-0.69475,-10.024669,0.092477,-0.0166891789,-1.5233906302,-0.0284595091
3.240698,-0.430556,-8.858621,0.467152,-0.0103038279,-1.4999776768,-0.0220741581
3.241747,-0.336887,-8.760453,-0.188529,-0.0113680531,-1.5159410541,-0.0135603569
3.242764,-0.274441,-10.472412,-1.005128,-0.0230745298,-1.5404182326,-0.0050465557
3.243813,-0.279245,-10.991986,-0.868227,-0.0379736819,-1.5627669609,0.0002745701
3.244862,0.085823,-9.488335,-0.512767,-0.0741573372,-1.6117213179,-0.0039823305
3.245913,0.04019,-9.90974,0.359073,-0.0762857875,-1.6255562449,0.006659921
3.246928,0.059404,-9.538616,0.551214,-0.0645793108,-1.633005821,0.0194306229
3.247977,-0.118327,-9.160309,0.683311,-0.045423258,-1.6393911719,0.0268801989
3.249026,-0.281647,-9.502701,0.359073,-0.0379736819,-1.6479049731,0.0226232983
3.250075,-0.36811,-10.675932,0.306234,-0.0337167813,-1.6425838474,0.0055956959
3.251124,-0.874882,-11.614517,0.623267,-0.0252029801,-1.6308773707,-0.0114319066
3.252141,-1.206325,-10.565792,0.784185,-0.0198818543,-1.6351342713,-0.0220741581
3.25319,-1.030996,-8.224119,0.863443,-0.017753404,-1.6457765228,-0.0273952839
3.254239,-0.874882,-7.493843,0.880255,-0.0166891789,-1.6542903241,-0.0242026084
3.255291,-0.879685,-9.742136,1.012352,-0.0103038279,-1.674510602,-0.0167530324
3.256305,-0.798025,-12.052682,0.500777,-0.0071111525,-1.7085658069,-0.021009933
3.257355,-0.346494,-10.86748,-0.560802,-0.0241387549,-1.7192080584,-0.0401659857
3.258403,-0.175969,-8.49468,-0.601632,-0.0528728341,-1.6947308799,-0.0540009127
3.259452,-0.536233,-9.059747,0.289422,-0.0635150856,-1.6830244032,-0.0433586612
3.26047,-0.447368,-10.529877,0.392698,-0.0656435359,-1.702180456,-0.0188814827
3.261519,0.227527,-9.229745,-0.005995,-0.0805426881,-1.7075015818,-0.0029181054
3.262568,0.594997,-8.590454,0.229378,-0.0911849396,-1.7053731314,-0.0050465557
3.263617,0.688665,-10.860297,0.241387,-0.0911849396,-1.7000520057,-0.0093034563
3.264668,0.813557,-11.140436,0.037237,-0.0847995887,-1.6542903241,-0.0029181054
3.265683,0.597398,-8.947212,0.707329,-0.0709646617,-1.6000148412,0.0077241462
3.266732,0.280366,-8.585666,1.266939,-0.0539370592,-1.5861799142,0.0162379474
3.267781,0.213116,-10.204245,1.017156,-0.045423258,-1.5819230136,0.0226232983
3.26883,0.239536,-10.640017,0.993138,-0.0379736819,-1.5553173848,0.0258159738
3.269847,0.105037,-9.730164,0.544009,-0.0262672052,-1.5244548553,0.0215590732
3.270896,-0.219201,-9.811572,0.073263,-0.0220103046,-1.5031703523,0.0034672456
3.271945,-0.072693,-9.694249,-0.05403,-0.0134965034,-1.5116841535,0.0024030204
3.272994,-0.132737,-9.555377,-0.399884,-0.0017900267,-1.549996259,0.0098525965
3.274012,-0.454573,-9.900163,-0.620846,0.0024668739,-1.6085286425,0.020494848
3.27506,-0.437761,-10.115654,-1.334169,-0.0071111525,-1.6542903241,0.0236875235
3.276109,-0.211995,-10.232977,-1.603167,-0.0262672052,-1.6766390523,0.0162379474
3.27716,-0.236013,-9.96481,-0.971503,-0.0443590329,-1.6936666548,0.0055956959
3.278175,-0.346494,-9.56256,-0.596828,-0.0539370592,-1.7149511578,0.0055956959
3.279224,-0.31287,-9.485941,-0.080449,-0.0518086089,-1.7372998861,0.0194306229
3.280274,-0.224004,-9.251295,0.320645,-0.0422305825,-1.7639055149,0.0311370995
3.281323,-0.221603,-10.098894,0.229378,-0.0379736819,-1.7937038192,0.0300728744
3.282372,-0.279245,-11.410997,0.515188,-0.0347810065,-1.8086029713,0.020494848
3.283389,-0.380119,-10.675932,0.397501,-0.0326525562,-1.7958322695,0.0045314707
3.284438,-0.493002,-8.528201,0.527196,-0.0369094568,-1.757520164,-0.0061107808
3.285487,-0.673134,-7.728489,1.293359,-0.0358452316,-1.7319787603,0.0013387952
3.286538,-0.838855,-9.722981,1.821746,-0.0166891789,-1.7596486143,0.0215590732
3.287553,-0.416145,-11.820431,1.475892,0.0014026488,-1.7915753689,0.0322013247
3.288602,0.234732,-10.53706,0.347064,-0.0049827022,-1.7521990382,0.0151737222
3.289651,-0.132737,-8.640736,0.385492,-0.0209460795,-1.6830244032,-0.0146245821
3.2907,-0.747588,-9.301576,0.79139,-0.0283956555,-1.6457765228,-0.0231383833
3.291717,-0.519421,-9.957627,0.563223,-0.0252029801,-1.6255562449,-0.007175006
3.292766,-0.0823,-9.021437,0.608856,-0.0252029801,-1.6085286425,0.0087883713
3.293815,0.064207,-9.071718,0.426322,-0.0294598807,-1.6085286425,0.0162379474
3.294864,-0.031863,-11.12607,0.066058,-0.0379736819,-1.6181066688,0.020494848
3.295915,0.17709,-9.06693,-0.294206,-0.0741573372,-1.5861799142,0.0130452719
3.29693,0.028181,-8.142711,0.243788,-0.0773500126,-1.5691523118,0.0098525965
3.297979,-0.156755,-9.229745,0.724141,-0.0741573372,-1.563831186,0.0215590732
3.299028,-0.243218,-10.383821,0.882657,-0.0581939599,-1.5670238615,0.0385866756
3.300077,-0.428154,-10.417342,0.452742,-0.0347810065,-1.5872441394,0.0417793511
3.301094,-0.61309,-9.938473,-0.260582,-0.0252029801,-1.6149139934,0.0247517486
3.302143,-0.886891,-10.328751,-0.270189,-0.0273314304,-1.6298131455,0.0034672456
3.303192,-1.11746,-10.604102,0.00121,-0.031588331,-1.6340700462,-0.0039823305
3.304241,-1.15829,-9.708615,0.428724,-0.0283956555,-1.646840748,-0.0039823305
3.305258,-1.043005,-8.559328,0.599249,-0.0241387549,-1.6702537014,-0.0039823305
3.306308,-0.656321,-8.181021,0.486366,-0.0283956555,-1.6947308799,-0.0050465557
3.307357,-0.493002,-9.734953,0.387894,-0.0326525562,-1.7181438333,-0.007175006
3.308406,-0.555447,-11.80367,-0.21735,-0.0401021322,-1.7351714357,-0.0124961318
3.309455,-0.384922,-11.293674,-0.685694,-0.0518086089,-1.7309145351,-0.0273952839
3.310472,-0.384922,-8.987916,-0.594427,-0.0645793108,-1.7032446811,-0.0391017606
3.311521,-0.608286,-8.463554,0.080469,-0.0773500126,-1.6915382044,-0.0295237342
3.31257,-0.521823,-10.048613,0.726543,-0.0784142378,-1.7096300321,-0.0082392311
3.313619,0.052198,-9.873825,0.594446,-0.0805426881,-1.7224007339,0.0077241462
3.314636,0.47731,-8.880171,0.69532,-0.0847995887,-1.7213365088,0.0045314707
3.315685,0.51814,-9.912135,0.942701,-0.0805426881,-1.7138869327,-0.0061107808
3.316734,0.549363,-10.776495,0.798596,-0.0709646617,-1.6808959529,-0.0061107808
3.317785,0.350017,-10.228189,1.178074,-0.0581939599,-1.6351342713,0.0013387952
3.3188,-0.099113,-9.713404,1.324581,-0.0496801586,-1.6117213179,0.0087883713
3.319849,-0.305664,-9.708615,0.77698,-0.0528728341,-1.5978863909,0.0077241462
3.320898,-0.228808,-9.560166,0.54641,-0.0528728341,-1.5744734375,-0.0007896551
3.321947,-0.202388,-9.35904,0.181343,-0.0401021322,-1.5521247093,-0.0082392311
3.322996,-0.159157,-9.179464,-0.075646,-0.0220103046,-1.5531889345,-0.0103676814
3.324014,-0.075095,-9.603264,0.013219,-0.017753404,-1.5904368149,-0.0018538802
3.325062,-0.024658,-10.079739,-0.320626,-0.0124322782,-1.6393911719,0.0109168216
3.326111,-0.075095,-10.051007,-1.151635,-0.0230745298,-1.6713179265,0.0215590732
3.327163,-0.012649,-10.204245,-1.761683,-0.0475517083,-1.6755748271,0.0236875235
3.328177,0.078618,-10.321568,-1.860155,-0.0699004365,-1.6564187744,0.0151737222
3.329227,-0.072693,-9.758896,-1.353383,-0.0773500126,-1.6404553971,0.006659921
3.330276,-0.199987,-9.196225,-0.493553,-0.0667077611,-1.6457765228,0.0141094971
3.331325,-0.137541,-9.196225,0.020425,-0.0411663574,-1.6713179265,0.0322013247
3.332342,-0.293655,-9.921712,0.085272,-0.0134965034,-1.7138869327,0.0449720265
3.333391,-0.646714,-11.008746,0.133307,0.0024668739,-1.7585843891,0.0417793511
3.33444,-0.850864,-11.415786,0.332654,0.0056595494,-1.7883826934,0.020494848
3.335489,-0.829248,-10.558609,0.236583,-0.003918477,-1.7894469186,-0.0082392311
3.33654,-0.625099,-8.664679,0.323047,-0.0241387549,-1.757520164,-0.0231383833
3.337555,-0.493002,-7.137085,1.000344,-0.0337167813,-1.7245291842,-0.0146245821
3.338604,-0.447368,-8.252851,1.516722,-0.0156249537,-1.7404925615,0.006659921
3.339653,-0.236013,-11.554658,1.310171,0.0077879997,-1.7894469186,0.0194306229
3.340702,0.174688,-12.375919,0.599249,0.00991645,-1.8075387462,0.0098525965
3.341719,0.155474,-10.118049,0.186146,-0.0060469273,-1.7819973425,-0.0167530324
3.342768,-0.372914,-8.631158,0.452742,-0.0283956555,-1.7532632634,-0.0316521845
3.343817,-0.500207,-8.597637,0.594446,-0.0475517083,-1.7319787603,-0.0188814827
3.344866,-0.27204,-8.729327,0.481563,-0.0613866353,-1.716015383,0.0087883713
3.345884,-0.06789,-9.069324,0.445536,-0.073093112,-1.7277218597,0.0268801989
3.346933,0.297178,-10.999169,-0.003593,-0.0709646617,-1.7415567867,0.0268801989
3.347982,0.534953,-12.016767,-0.205341,-0.0550012844,-1.6989877805,0.0194306229
3.34903,-0.399333,-7.955952,0.779381,-0.0305241059,-1.6127855431,0.0087883713
3.350048,-0.183174,-8.724538,1.019558,-0.0252029801,-1.5946937155,0.0194306229
3.351097,-0.039069,-10.007909,1.166065,-0.0230745298,-1.5574458351,0.0385866756
3.352146,-0.159157,-10.309597,0.930692,-0.0262672052,-1.5382897823,0.0417793511
3.353195,-0.315271,-10.800438,0.171736,-0.0305241059,-1.5425466829,0.0247517486
3.354244,-0.50501,-10.742974,0.066058,-0.031588331,-1.5574458351,0.0002745701
3.355261,-0.483395,-9.203408,-0.030012,-0.0337167813,-1.577666113,-0.0135603569
3.35631,-0.632304,-8.746087,0.253395,-0.0230745298,-1.6010790664,-0.0050465557
3.357359,-1.055014,-9.461997,0.438331,-0.0103038279,-1.6351342713,0.0173021725
3.35841,-1.045407,-9.596081,-0.330233,-0.0156249537,-1.6840886284,0.0279444241
3.359425,-0.699553,-9.725376,-0.654471,-0.0337167813,-1.72985031,0.0130452719
3.360474,-0.478591,-10.470018,-0.788969,-0.0507443838,-1.7553917137,-0.0135603569
3.361523,-0.476189,-11.195506,-0.515168,-0.0613866353,-1.7532632634,-0.0242026084
3.362572,-0.495403,-9.988754,0.051647,-0.0667077611,-1.7372998861,-0.0146245821
3.363589,-0.473788,-8.20257,0.423921,-0.0688362114,-1.7426210118,-0.0018538802
3.364638,-0.493002,-9.485941,1.031566,-0.0699004365,-1.778804667,0.006659921
3.365687,-0.260031,-10.891423,1.069995,-0.0709646617,-1.7979607198,0.0130452719
3.366736,0.004163,-9.988754,0.692918,-0.0762857875,-1.7756119916,0.0034672456
3.367788,-0.084702,-9.246506,0.75056,-0.0890564893,-1.7362356609,-0.0146245821
3.368802,-0.192781,-9.294393,1.2141,-0.0922491648,-1.7075015818,-0.0135603569
3.369851,-0.12313,-9.974388,1.692051,-0.0699004365,-1.6957951051,0.0013387952
3.3709,0.071412,-10.704664,1.190083,-0.0518086089,-1.6872813038,0.0098525965
3.371949,0.294776,-10.048613,0.426322,-0.0539370592,-1.6521618738,0.0055956959
3.372966,0.008967,-9.368618,0.279815,-0.0507443838,-1.6127855431,-0.007175006
3.374015,-0.399333,-9.818755,-0.104467,-0.0422305825,-1.5872441394,-0.0124961318
3.375064,-0.185576,-8.932846,0.279815,-0.0390379071,-1.5585100602,-0.0050465557
3.376113,-0.27204,-9.478758,0.402305,-0.0411663574,-1.6000148412,0.0045314707
3.377131,-0.06789,-9.921712,-0.09486,-0.0464874832,-1.6447122977,0.0151737222
3.37818,-0.003042,-10.175513,-0.565605,-0.0550012844,-1.6681252511,0.020494848
3.379229,0.17709,-10.235372,-0.808183,-0.0720288868,-1.6777032775,0.0226232983
3.380278,0.441284,-9.629602,-1.036351,-0.0890564893,-1.6713179265,0.0226232983
3.382344,0.304383,-9.196225,0.08287,-0.0922491648,-1.6564187744,0.0417793511
3.383393,0.374034,-10.563398,-0.075646,-0.0741573372,-1.6542903241,0.0556142781
3.381327,0.34041,-8.892142,-0.469535,-0.0975702905,-1.6585472247,0.0279444241
3.384442,0.083421,-11.111703,-0.524775,-0.0539370592,-1.6500334235,0.0588069535
3.385491,-0.437761,-10.561003,-0.877834,-0.0369094568,-1.6638683505,0.0428435762
3.386508,-0.898899,-10.570581,-0.630453,-0.0145607286,-1.6904739793,0.020494848
3.387557,-1.098246,-10.340723,-0.267787,0.00991645,-1.7096300321,0.0087883713
3.388606,-0.978158,-8.695806,0.28702,0.0184302512,-1.7255934094,0.0077241462
3.389655,-0.70916,-7.5968,0.724141,0.0131091254,-1.7596486143,0.0141094971
3.390673,-0.519421,-8.980733,0.865845,0.00991645,-1.8107314217,0.0215590732
3.391721,-0.452172,-11.504377,0.889862,0.0014026488,-1.8586215536,0.0183663977
3.39277,-0.16396,-11.777332,0.133307,-0.0230745298,-1.8724564806,0.0013387952
3.393819,-0.046274,-9.536222,-0.419098,-0.0603224102,-1.8373370505,-0.0199457078
3.394868,-0.428154,-8.307921,0.371082,-0.0901207145,-1.7968964947,-0.0199457078
3.395886,-0.622697,-9.526645,1.002745,-0.0911849396,-1.7937038192,0.0034672456
3.396934,-0.219201,-10.118049,0.620865,-0.0837353635,-1.8075387462,0.0290086492
3.397983,0.304383,-9.442842,0.426322,-0.0805426881,-1.812859872,0.0353940002
3.399032,0.417266,-9.871431,0.49117,-0.073093112,-1.8054102959,0.0247517486
3.40005,0.287571,-10.252132,0.529598,-0.0677719862,-1.7734835413,0.0141094971
3.401099,-0.02706,-9.627207,1.101218,-0.0560655095,-1.7192080584,0.0173021725
3.402148,-0.665929,-9.588898,1.151655,-0.0337167813,-1.6542903241,0.0353940002
3.403197,-0.384922,-9.493124,0.757766,-0.0401021322,-1.6223635695,0.0311370995
3.404214,-0.238415,-9.699038,0.342261,-0.0347810065,-1.5670238615,0.020494848
3.405263,-0.425752,-10.429314,-0.241368,-0.0273314304,-1.522326405,0.0087883713
3.406312,-0.456975,-10.436497,-0.378268,-0.0252029801,-1.5074272529,-0.0007896551
3.407361,-0.300861,-9.56256,-0.287001,-0.017753404,-1.522326405,-0.0050465557
3.408378,-0.356101,-9.296787,-0.253376,-0.0103038279,-1.5691523118,0.0034672456
3.409427,-0.687544,-10.144387,-0.431107,-0.0134965034,-1.6308773707,0.0226232983
3.410476,-0.644313,-9.794812,-0.868227,-0.0305241059,-1.6819601781,0.0322013247
3.411525,-0.336887,-8.676651,-1.120412,-0.0613866353,-1.7085658069,0.0226232983
3.412574,-0.488198,-9.866642,-0.390277,-0.0837353635,-1.7202722836,0.0087883713
3.413592,-0.634706,-10.874663,0.114093,-0.0922491648,-1.7224007339,0.006659921
3.41464,-0.476189,-9.203408,0.263003,-0.0943776151,-1.7234649591,0.0151737222
3.41569,-0.50501,-8.621581,1.072396,-0.0794784629,-1.7564559388,0.0247517486
3.416738,-0.363307,-10.33354,0.882657,-0.0613866353,-1.8011533953,0.0268801989
3.417755,-0.185576,-11.509165,0.517589,-0.0581939599,-1.8043460707,0.0183663977
3.418805,-0.658723,-11.267336,1.002745,-0.059258185,-1.7798688922,-0.0007896551
3.419854,-0.932524,-9.392561,0.901871,-0.0720288868,-1.7596486143,-0.0199457078
3.420903,-0.733178,-7.570462,1.211699,-0.0805426881,-1.7415567867,-0.021009933
3.421922,-0.673134,-8.336653,2.237251,-0.0550012844,-1.7479421376,-0.0018538802
3.422969,-0.341691,-10.6472,1.658426,-0.0262672052,-1.7841257928,0.0162379474
3.424018,0.446087,-11.267336,-0.015602,-0.0294598807,-1.785190018,0.0098525965
3.425067,0.527747,-10.060584,-0.483945,-0.0475517083,-1.7351714357,-0.0146245821
3.426116,-0.130336,-9.416505,-0.320626,-0.0613866353,-1.6947308799,-0.0284595091
3.427133,-0.211995,-9.270449,-0.260582,-0.0741573372,-1.6787675026,-0.0188814827
3.428182,0.35482,-8.882565,0.166932,-0.0879922642,-1.6553545492,0.0268801989
3.429231,0.513337,-9.957627,-0.241368,-0.0975702905,-1.6659968008,0.0364582253
3.43028,0.561372,-11.238604,-0.289403,-0.0986345157,-1.6670610259,0.0375224505
3.431298,0.566175,-10.438891,-0.419098,-0.0943776151,-1.6447122977,0.0407151259
3.432346,0.542158,-8.544962,-0.4215,-0.0901207145,-1.6223635695,0.0428435762
3.433395,0.321196,-8.315104,0.253395,-0.0858638138,-1.6149139934,0.0502931523
3.434444,0.186697,-9.622419,0.719337,-0.0752215623,-1.6117213179,0.0673207548
3.435461,0.126653,-10.915367,0.529598,-0.0528728341,-1.6117213179,0.0779630063
3.43651,-0.06789,-11.23621,-0.147699,-0.0358452316,-1.6223635695,0.0683849799
3.437559,-0.187978,-10.493961,-0.661676,-0.031588331,-1.6383269468,0.0449720265
3.438608,-0.372914,-10.04143,-0.522374,-0.0198818543,-1.6436480725,0.0247517486
3.439657,-0.699553,-10.029458,-0.049227,-0.0049827022,-1.6500334235,0.0215590732
3.440674,-0.819641,-9.205802,0.335055,0.0056595494,-1.6851528535,0.0322013247
3.441723,-0.778811,-8.078064,0.351868,0.0067237745,-1.7532632634,0.0396509008
3.442772,-0.778811,-8.750876,0.195753,-0.0049827022,-1.8373370505,0.0364582253
3.443821,-0.553046,-10.889029,-0.039619,-0.0294598807,-1.90331901,0.0236875235
3.444838,-0.250424,-11.387054,-0.387875,-0.0560655095,-1.9214108376,0.0087883713
3.445887,-0.279245,-9.914529,-0.534382,-0.0816069132,-1.8969336591,0.0045314707
3.446936,-0.23121,-8.856227,-0.323027,-0.0996987408,-1.8639426793,0.0130452719
3.447985,-0.14955,-9.591292,0.10929,-0.100762966,-1.8469150769,0.0247517486
3.449002,-0.118327,-10.343118,0.443135,-0.0943776151,-1.8426581763,0.0375224505
3.450051,-0.003042,-9.919318,0.510384,-0.0847995887,-1.8458508517,0.0417793511
3.4511,-0.00064,-9.327914,0.712132,-0.0720288868,-1.840529726,0.0353940002
3.452149,-0.060684,-8.8251,1.024361,-0.059258185,-1.806474521,0.0322013247
3.453198,-0.262432,-9.368618,1.71847,-0.0401021322,-1.7692266407,0.0407151259
3.454215,-0.392128,-11.135647,1.28135,-0.0252029801,-1.7330429854,0.0609354038
3.455264,-0.252825,-9.677489,0.69532,-0.0464874832,-1.6659968008,0.0417793511
3.456313,-0.502609,-8.916086,0.618463,-0.0635150856,-1.59150104,0.0194306229
3.457362,-0.742785,-9.818755,0.659293,-0.0613866353,-1.5382897823,0.0119810468
3.458379,-0.512216,-9.550588,0.632874,-0.0464874832,-1.5052988026,0.0183663977
3.459428,-0.161558,-8.315104,0.380689,-0.0347810065,-1.5095557032,0.0226232983
3.460477,-0.224004,-9.339885,0.186146,-0.0262672052,-1.5585100602,0.0268801989
3.461526,-0.601081,-11.43494,-0.728925,-0.0283956555,-1.6202351192,0.0353940002
3.462546,-0.706758,-11.111703,-1.442249,-0.0518086089,-1.6702537014,0.0375224505
3.463592,-0.521823,-9.366223,-1.367794,-0.0879922642,-1.7000520057,0.0300728744
3.464641,-0.548242,-9.445237,-0.901852,-0.1124694427,-1.7106942572,0.0215590732
3.46569,-0.685143,-9.928895,0.02763,-0.1199190188,-1.7213365088,0.0247517486
3.46674,-0.548242,-8.707777,0.65449,-0.1082125421,-1.7479421376,0.0375224505
3.467757,-0.185576,-8.324682,0.781783,-0.0837353635,-1.7937038192,0.0449720265
3.468805,0.141064,-10.271287,0.577633,-0.0603224102,-1.8288232493,0.0428435762
3.469855,0.150671,-11.971275,0.455144,-0.0528728341,-1.8256305738,0.0311370995
3.470904,-0.358503,-11.80367,0.582437,-0.0560655095,-1.8000891701,0.0162379474
3.471922,-0.891694,-10.26171,0.62807,-0.0677719862,-1.7766762167,0.0024030204
3.47297,-0.870078,-7.946375,0.623267,-0.086928039,-1.7458136873,-0.0039823305
3.474019,-0.74999,-7.014973,1.156458,-0.086928039,-1.7213365088,0.0013387952
3.475068,-0.824445,-9.699038,1.502312,-0.0613866353,-1.7394283364,0.0141094971
3.476086,-0.442565,-12.220287,0.548812,-0.0411663574,-1.7745477664,0.0173021725
3.477134,0.085823,-10.709453,-0.330233,-0.0432948077,-1.7745477664,0.0002745701
3.478183,-0.099113,-8.667073,-0.296608,-0.0507443838,-1.757520164,-0.0199457078
3.479232,-0.538635,-9.260872,-0.018004,-0.0624508605,-1.7500705879,-0.0156888072
3.48025,0.189099,-9.174675,0.186146,-0.0986345157,-1.7181438333,0.0268801989
3.481299,0.534953,-9.162704,0.049246,-0.1167263433,-1.7053731314,0.0290086492
3.482348,0.643032,-10.680721,-0.05403,-0.1209832439,-1.6989877805,0.0268801989
3.483397,0.782334,-10.88424,-0.027611,-0.1082125421,-1.6713179265,0.0290086492
3.484446,0.590193,-9.205802,0.323047,-0.0858638138,-1.6404553971,0.034329775
3.485463,0.13626,-8.181021,0.697721,-0.0699004365,-1.6425838474,0.0417793511
3.486512,-0.055881,-9.339885,0.957112,-0.0613866353,-1.6585472247,0.0556142781
3.487561,0.004163,-10.771706,0.680909,-0.0507443838,-1.6596114498,0.0662565296
3.48861,0.117046,-10.589735,-0.181323,-0.0528728341,-1.6457765228,0.0588069535
3.489627,-0.019855,-10.197062,-0.500758,-0.0560655095,-1.6393911719,0.0385866756
3.490676,-0.24562,-10.194668,-0.649667,-0.0507443838,-1.6351342713,0.0258159738
3.492774,-0.584269,-9.402139,-0.644864,-0.0124322782,-1.6564187744,0.0279444241
3.491725,-0.310468,-9.670306,-0.731327,-0.0358452316,-1.633005821,0.0226232983
3.493794,-0.886891,-9.363829,-0.707309,0.0035310991,-1.7149511578,0.0375224505
3.49484,-0.946935,-9.320731,-0.625649,0.0067237745,-1.792639594,0.0385866756
3.495889,-0.862873,-10.144387,-0.656872,-0.0081753776,-1.8596857787,0.0268801989
3.496938,-0.74999,-10.848325,-0.455124,-0.0305241059,-1.8979978843,0.0119810468
3.497987,-0.605884,-10.137204,-0.265385,-0.0613866353,-1.9097043609,0.0098525965
3.499004,-0.23121,-8.884959,-0.080449,-0.0943776151,-1.90331901,0.020494848
3.500053,0.04019,-8.947212,0.556018,-0.1060840918,-1.8969336591,0.0332655499
3.501102,0.083421,-10.448469,0.743355,-0.0996987408,-1.9054474603,0.0417793511
3.502151,0.263553,-11.188323,0.731346,-0.0837353635,-1.8979978843,0.0375224505
3.503171,0.179492,-9.751713,0.844229,-0.0677719862,-1.854364653,0.020494848
3.504218,-0.322477,-8.135528,1.113226,-0.059258185,-1.8107314217,0.0109168216
3.505267,-0.553046,-8.621581,1.920218,-0.0379736819,-1.8032818456,0.0236875235
3.506316,-0.16396,-11.169168,0.921085,-0.0230745298,-1.7883826934,0.0588069535
3.507333,-0.142344,-10.027063,0.498375,-0.0422305825,-1.7266576345,0.0396509008
3.508382,-0.682741,-9.447631,0.214967,-0.0496801586,-1.674510602,0.0077241462
3.50943,-0.836454,-9.718193,0.260601,-0.0475517083,-1.633005821,-0.0029181054
3.51048,-0.512216,-9.078901,0.6689,-0.031588331,-1.5978863909,0.0045314707
3.511529,-0.305664,-8.319893,0.452742,-0.0188176292,-1.6000148412,0.0183663977
3.512547,-0.139943,-9.253689,-0.020405,-0.0241387549,-1.633005821,0.0311370995
3.513595,-0.142344,-11.173956,-0.464731,-0.0337167813,-1.6638683505,0.0396509008
3.514644,-0.183174,-11.683953,-1.081984,-0.0581939599,-1.6872813038,0.0375224505
3.515693,-0.077497,-10.165936,-1.098797,-0.0943776151,-1.7032446811,0.0258159738
3.51671,-0.130336,-8.420456,-0.347045,-0.114597893,-1.7075015818,0.0173021725
3.517759,-0.322477,-8.365386,0.416715,-0.1135336678,-1.7106942572,0.0290086492
3.518808,-0.31287,-9.325519,1.0772,-0.0901207145,-1.7287860848,0.0545500529
3.519857,-0.115925,-9.888191,0.772176,-0.059258185,-1.7553917137,0.0651923045
3.520874,-0.115925,-10.510722,-0.027611,-0.045423258,-1.7745477664,0.0492289272
3.521923,-0.389726,-11.128464,0.118897,-0.0443590329,-1.778804667,0.0226232983
3.522972,-0.77641,-11.317617,0.359073,-0.0401021322,-1.7724193161,0.0055956959
3.524021,-1.081433,-10.395793,0.601651,-0.0358452316,-1.7639055149,0.0013387952
3.52507,-0.956542,-7.766798,0.815408,-0.0475517083,-1.7585843891,0.0024030204
3.526087,-0.639509,-6.734834,0.990736,-0.0550012844,-1.7628412897,0.006659921
3.527137,-0.706758,-9.871431,1.307769,-0.0432948077,-1.7894469186,0.0162379474
3.528185,-0.557849,-12.624932,0.58724,-0.0347810065,-1.8245663487,0.0173021725
3.529234,0.088225,-11.066211,-0.594427,-0.0496801586,-1.8213736732,-0.0007896551
3.530252,0.035386,-8.386935,-0.4215,-0.0720288868,-1.7883826934,-0.0188814827
3.531301,-0.589072,-8.880171,0.443135,-0.0879922642,-1.7798688922,-0.0124961318
3.53235,0.374034,-9.416505,0.339859,-0.1135336678,-1.771355091,0.0332655499
3.533399,0.611809,-8.418061,0.279815,-0.1231116942,-1.7585843891,0.0322013247
3.534418,0.539756,-10.49875,0.066058,-0.1177905685,-1.7532632634,0.0258159738
3.535465,0.527747,-11.260153,0.318243,-0.0975702905,-1.7202722836,0.0290086492
3.536513,0.25875,-9.368618,0.760167,-0.0752215623,-1.6904739793,0.034329775
3.537562,-0.031863,-9.038198,0.99554,-0.0613866353,-1.688345529,0.0428435762
3.538579,0.011368,-9.545799,0.933094,-0.0528728341,-1.6766390523,0.0513573775
3.539629,-0.031863,-9.557771,0.539205,-0.0486159335,-1.6564187744,0.0502931523
3.540678,-0.137541,-10.141992,0.344662,-0.0475517083,-1.6489691983,0.0449720265
3.541727,0.044993,-10.031852,-0.265385,-0.0411663574,-1.6393911719,0.0385866756
3.542776,0.102635,-9.708615,-0.630453,-0.0390379071,-1.6340700462,0.0322013247
3.543796,0.001761,-10.04143,-0.35425,-0.031588331,-1.6500334235,0.0332655499
3.544842,-0.10872,-9.87622,-1.098797,-0.0166891789,-1.6798317278,0.0417793511
3.545891,-0.437761,-9.627207,-1.564738,-0.0166891789,-1.7128227075,0.048164702
3.54694,-0.658723,-9.790023,-1.449454,-0.0273314304,-1.7468779124,0.0492289272
3.547957,-0.622697,-9.794812,-1.305348,-0.0401021322,-1.7798688922,0.0396509008
3.549006,-0.665929,-9.952839,-0.445517,-0.045423258,-1.8171167726,0.0322013247
3.550055,-0.509814,-10.194668,-0.042021,-0.0475517083,-1.854364653,0.0375224505
3.551104,-0.151951,-9.548194,0.186146,-0.0507443838,-1.8777776063,0.0502931523
3.552121,0.011368,-9.06693,0.385492,-0.059258185,-1.8948052088,0.0545500529
3.553172,-0.079899,-10.448469,0.35427,-0.0624508605,-1.9011905597,0.0502931523
3.554219,-0.382521,-11.609728,0.623267,-0.0550012844,-1.8905483082,0.0396509008
3.555268,-0.591474,-10.012697,0.678507,-0.0528728341,-1.8713922554,0.0215590732
3.556317,-0.670732,-7.685391,1.048379,-0.0539370592,-1.847979302,0.0130452719
3.557334,-0.742785,-7.647081,1.84096,-0.0401021322,-1.847979302,0.0268801989
3.558383,-0.610688,-10.515511,2.040307,-0.0113680531,-1.8873556327,0.0492289272
3.559432,0.261152,-10.42692,0.099683,-0.0198818543,-1.834144375,0.0417793511
3.560481,-0.279245,-8.544962,-0.05403,-0.0401021322,-1.7617770646,0.0098525965
3.561498,-0.634706,-8.963973,0.323047,-0.0507443838,-1.716015383,-0.0018538802
3.562548,-0.50501,-9.541011,0.620865,-0.0486159335,-1.6851528535,0.0141094971
3.563596,-0.404136,-9.143549,0.803399,-0.0390379071,-1.6830244032,0.034329775
3.564645,-0.267236,-9.409322,0.238985,-0.0390379071,-1.716015383,0.0428435762
3.565665,-0.02706,-10.975226,-0.23176,-0.0496801586,-1.7415567867,0.0439078014
3.566711,0.129055,-11.245787,-0.368661,-0.0613866353,-1.72985031,0.0439078014
3.56776,0.006565,-9.89298,-0.392679,-0.0773500126,-1.7032446811,0.0407151259
3.568809,-0.125532,-8.640736,0.20536,-0.0943776151,-1.688345529,0.0364582253
3.569858,-0.115925,-8.485103,0.690516,-0.0986345157,-1.6819601781,0.0439078014
3.570875,-0.236013,-9.780446,1.033968,-0.0784142378,-1.6862170787,0.0598711787
3.571925,-0.332084,-10.671143,0.692918,-0.0507443838,-1.7075015818,0.0641280793
3.572973,-0.351298,-10.11326,-0.085253,-0.0443590329,-1.7362356609,0.048164702
3.574022,-0.699553,-10.268893,-0.005995,-0.045423258,-1.7521990382,0.0268801989
3.575041,-1.095844,-10.991986,0.301431,-0.0369094568,-1.7564559388,0.0194306229
3.576089,-1.086237,-10.039035,0.407108,-0.0294598807,-1.7617770646,0.0194306229
3.577137,-0.769204,-8.011022,0.503179,-0.0369094568,-1.7745477664,0.0226232983
3.578186,-0.452172,-7.773981,0.435929,-0.0475517083,-1.7947680444,0.0236875235
3.579204,-0.452172,-10.237766,0.147718,-0.0539370592,-1.8149883223,0.020494848
3.580252,-0.473788,-12.193949,-0.078048,-0.0560655095,-1.8224378983,0.0109168216
3.581301,-0.353699,-10.956071,-0.491151,-0.059258185,-1.8139240971,-0.0050465557
3.58235,-0.480993,-8.51623,-0.488749,-0.0741573372,-1.8054102959,-0.0135603569
3.583399,-0.656321,-8.5713,0.392698,-0.0805426881,-1.8149883223,0.0013387952
3.584418,-0.334485,-10.230583,0.604053,-0.0752215623,-1.8298874744,0.0268801989
3.585465,0.698272,-9.23214,0.707329,-0.1103409924,-1.8181809977,0.0300728744
3.586514,0.693469,-9.265661,0.563223,-0.1135336678,-1.7894469186,0.020494848
3.587563,0.388445,-10.283259,0.978728,-0.0975702905,-1.7490063627,0.0236875235
3.58858,-0.005444,-10.640017,1.372617,-0.0762857875,-1.716015383,0.0364582253
3.589629,-0.219201,-9.952839,1.060388,-0.0613866353,-1.702180456,0.0428435762
3.590678,-0.392128,-9.454814,0.87305,-0.0528728341,-1.7000520057,0.0353940002
3.591727,-0.406538,-9.57932,0.335055,-0.0486159335,-1.6894097541,0.0268801989
3.592744,-0.159157,-9.418899,-0.068441,-0.0443590329,-1.6638683505,0.0247517486
3.593796,-0.065488,-8.990311,-0.005995,-0.0379736819,-1.6500334235,0.0268801989
3.594842,-0.130336,-9.473969,0.04204,-0.0390379071,-1.6723821517,0.0290086492
3.595891,-0.099113,-10.204245,-0.010798,-0.0358452316,-1.716015383,0.0364582253
3.59694,0.008967,-9.895374,-0.64006,-0.0326525562,-1.7521990382,0.0439078014
3.597957,0.004163,-9.643968,-1.142028,-0.0390379071,-1.7702908658,0.0513573775
3.599006,-0.099113,-10.156358,-1.516703,-0.0571297347,-1.7702908658,0.0524216026
3.600055,0.0546,-10.228189,-1.761683,-0.0784142378,-1.7543274885,0.0460362517
3.601104,0.129055,-9.734953,-1.134823,-0.0837353635,-1.7351714357,0.0407151259
3.602121,-0.132737,-9.63439,-0.265385,-0.0709646617,-1.743685237,0.0513573775
3.603173,-0.276843,-9.749319,0.058853,-0.0507443838,-1.7873184683,0.0683849799
3.604219,-0.384922,-9.83791,-0.169315,-0.0305241059,-1.8373370505,0.075834556
3.605268,-0.699553,-10.417342,0.02763,-0.0166891789,-1.875649156,0.0651923045
3.606288,-0.91331,-11.128464,0.404707,-0.0124322782,-1.8990621094,0.0439078014
3.607334,-0.846061,-10.606496,0.498375,-0.0209460795,-1.8979978843,0.0226232983
3.608384,-0.589072,-8.272006,0.618463,-0.0347810065,-1.8703280303,0.0141094971
3.609433,-0.377717,-6.7492,1.009951,-0.0390379071,-1.847979302,0.0226232983
3.61045,-0.454573,-9.323125,1.764104,-0.0209460795,-1.8767133812,0.0396509008
3.611499,0.43648,-11.882684,0.207762,-0.0092396028,-1.9001263346,0.0417793511
3.612548,0.153072,-8.865804,0.099683,-0.0273314304,-1.847979302,0.0130452719
3.613596,-0.50501,-7.896093,0.479161,-0.0496801586,-1.8213736732,0.0002745701
3.614645,-0.665929,-9.174675,0.820211,-0.059258185,-1.8107314217,0.0173021725
3.615665,-0.512216,-9.584109,0.73615,-0.0581939599,-1.8096671965,0.0439078014
3.616711,-0.199987,-9.545799,0.426322,-0.0624508605,-1.8309516996,0.0545500529
3.61776,0.222723,-10.783678,0.058853,-0.0635150856,-1.8352086002,0.048164702
3.618809,0.294776,-11.099732,-0.248573,-0.0613866353,-1.7862542431,0.0396509008
3.619827,-0.120729,-9.430871,0.229378,-0.0571297347,-1.7319787603,0.0364582253
3.620876,-0.279245,-7.929614,0.565625,-0.0518086089,-1.7075015818,0.0385866756
3.621925,-0.063086,-8.705383,0.510384,-0.0496801586,-1.6808959529,0.0513573775
3.622973,-0.024658,-10.575369,0.70973,-0.0401021322,-1.6479049731,0.0683849799
3.62399,-0.300861,-11.21466,0.320645,-0.0305241059,-1.6510976486,0.0694492051
3.625041,-0.589072,-10.752551,-0.190931,-0.031588331,-1.688345529,0.0492289272
3.626088,-0.608286,-10.067767,-0.214948,-0.0358452316,-1.7138869327,0.0279444241
3.627137,-0.589072,-9.215379,0.229378,-0.031588331,-1.7149511578,0.0215590732
3.628186,-0.733178,-8.60482,0.652088,-0.0252029801,-1.7245291842,0.034329775
3.629203,-0.680339,-8.741298,0.464751,-0.0262672052,-1.7532632634,0.0534858278
3.630252,-0.565055,-9.488335,0.022826,-0.0305241059,-1.7873184683,0.0566785032
3.631301,-0.704357,-10.618468,-0.692899,-0.0432948077,-1.812859872,0.0364582253
3.63235,-0.740383,-11.205083,-0.743336,-0.059258185,-1.8235021235,0.0087883713
3.633367,-0.70916,-10.49875,-0.097262,-0.0645793108,-1.8245663487,-0.0018538802
3.634418,-0.771606,-9.299182,0.332654,-0.0613866353,-1.834144375,0.0098525965
3.635465,-0.675536,-8.77003,0.70973,-0.059258185,-1.8596857787,0.0279444241
3.636514,-0.459377,-9.490729,1.130039,-0.0613866353,-1.8905483082,0.0385866756
3.637531,-0.250424,-10.692692,1.326983,-0.0709646617,-1.9107685861,0.0385866756
3.63858,0.287571,-8.394118,0.678507,-0.1135336678,-1.8586215536,0.0141094971
3.639629,0.145867,-9.584109,1.427857,-0.1018271912,-1.8235021235,0.0183663977
3.640678,0.191501,-11.154802,1.326983,-0.0762857875,-1.8043460707,0.0364582253
3.641727,0.34041,-10.707059,0.479161,-0.0645793108,-1.7692266407,0.0449720265
3.642744,0.148269,-9.622419,0.248592,-0.0581939599,-1.7266576345,0.0353940002
3.643795,-0.195183,-9.375801,-0.118878,-0.0486159335,-1.6979235554,0.0226232983
3.644842,-0.31287,-9.512279,-0.433508,-0.0422305825,-1.6713179265,0.020494848
3.645891,-0.264834,-9.035803,0.032433,-0.0390379071,-1.6479049731,0.0290086492
3.646908,-0.250424,-8.820312,0.58724,-0.0379736819,-1.6670610259,0.0396509008
3.647957,-0.151951,-9.648756,0.512786,-0.0411663574,-1.7202722836,0.0502931523
3.649006,-0.058283,-10.462835,0.020425,-0.0443590329,-1.7596486143,0.0588069535
3.650055,-0.012649,-10.280864,-0.486347,-0.0581939599,-1.7734835413,0.0598711787
3.651072,0.174688,-9.900163,-1.074779,-0.086928039,-1.7670981904,0.0534858278
3.652121,0.285169,-9.730164,-0.906656,-0.1050198666,-1.7500705879,0.0492289272
3.653172,0.263553,-9.186647,-0.236564,-0.1039556415,-1.7383641112,0.0598711787
3.654219,0.350017,-9.440448,-0.075646,-0.0901207145,-1.7468779124,0.0768987812
3.655268,0.378838,-10.235372,-0.243769,-0.0667077611,-1.7628412897,0.089669483
3.656285,0.0546,-10.273681,-0.582418,-0.0443590329,-1.7830615677,0.0886052578
3.657334,-0.459377,-10.81241,-0.592025,-0.0230745298,-1.8171167726,0.0726418805
3.658383,-0.834052,-11.549869,-0.335036,0.0014026488,-1.8447866266,0.0577427284
3.659431,-0.997372,-10.256921,-0.037218,0.0109806751,-1.8554288781,0.0460362517
3.660449,-0.843659,-7.587222,0.159727,-0.003918477,-1.8650069045,0.0407151259
3.661498,-0.538635,-7.125113,0.589642,-0.0134965034,-1.8841629573,0.0460362517
3.662549,-0.495403,-10.187485,1.233314,-0.0060469273,-1.9214108376,0.0556142781
3.663596,-0.02706,-10.845931,-0.147699,-0.0283956555,-1.9618513935,0.0375224505
3.664613,-0.19038,-8.011022,-0.025209,-0.0581939599,-1.9373742149,0.0151737222
3.665664,-0.529028,-8.561722,0.570428,-0.0784142378,-1.9150254867,0.0194306229
3.666711,-0.541037,-10.527482,1.139646,-0.0784142378,-1.9054474603,0.0471004769
3.667759,-0.012649,-9.732559,0.575232,-0.0805426881,-1.8948052088,0.0694492051
3.668777,0.275562,-9.205802,0.318243,-0.0847995887,-1.8841629573,0.0683849799
3.669826,0.035386,-11.044662,0.580035,-0.0784142378,-1.8713922554,0.0598711787
3.670875,0.097832,-11.020718,0.447938,-0.0677719862,-1.8320159247,0.0545500529
3.671924,0.01377,-8.805946,1.019558,-0.0507443838,-1.7734835413,0.0534858278
3.672973,-0.485796,-7.843418,1.641614,-0.0358452316,-1.7362356609,0.0598711787
3.67399,-0.649116,-9.124394,1.396634,-0.0294598807,-1.7213365088,0.0715776554
3.675041,-0.279245,-10.594524,0.865845,-0.0262672052,-1.6926024296,0.0768987812
3.676088,-0.046274,-10.721425,0.099683,-0.0252029801,-1.6457765228,0.0673207548
3.677137,-0.452172,-10.697481,-0.594427,-0.0283956555,-1.6212993443,0.0460362517
3.678154,-0.625099,-10.350301,-0.608837,-0.0390379071,-1.6266204701,0.0290086492
3.679203,-0.372914,-9.136366,-0.099664,-0.0358452316,-1.6425838474,0.0290086492
3.680252,-0.553046,-8.647919,0.051647,-0.0241387549,-1.6777032775,0.0460362517
3.681301,-0.853266,-9.308759,-0.236564,-0.0262672052,-1.7383641112,0.0694492051
3.682318,-0.73558,-9.828333,-0.630453,-0.0358452316,-1.799024945,0.0737061057
3.683367,-0.512216,-9.921712,-1.161242,-0.0560655095,-1.8352086002,0.0545500529
3.684418,-0.553046,-10.436497,-0.815389,-0.0762857875,-1.8469150769,0.0332655499
3.685465,-0.610688,-10.752551,-0.001191,-0.0837353635,-1.8469150769,0.0322013247
3.686514,-0.54584,-9.718193,0.356671,-0.0826711384,-1.8554288781,0.0449720265
3.687532,-0.550644,-8.382146,0.733748,-0.0816069132,-1.882034507,0.0556142781
3.68858,-0.488198,-9.541011,1.024361,-0.0762857875,-1.9150254867,0.0588069535
3.689629,-0.339289,-11.966486,1.19969,-0.0603224102,-1.9224750628,0.0545500529
3.690678,-0.346494,-7.788348,0.673704,-0.0752215623,-1.8639426793,0.0141094971
3.691696,-0.58667,-7.98229,1.473491,-0.0773500126,-1.8437224014,0.0173021725
3.692745,-0.617893,-10.323963,1.961048,-0.0464874832,-1.861814229,0.0417793511
3.693796,-0.238415,-11.69353,0.95471,-0.0294598807,-1.882034507,0.0588069535
3.694842,0.292375,-10.549031,-0.243769,-0.045423258,-1.8501077523,0.0460362517
3.695859,0.167483,-8.97355,-0.457526,-0.0581939599,-1.7937038192,0.0173021725
3.696909,-0.187978,-9.224957,-0.301412,-0.0624508605,-1.7564559388,0.006659921
3.697958,-0.048676,-9.684672,0.018023,-0.0624508605,-1.7319787603,0.0226232983
3.699006,0.145867,-8.762847,0.224574,-0.0560655095,-1.7181438333,0.0449720265
3.700055,0.157876,-8.614398,-0.0132,-0.0603224102,-1.7394283364,0.0598711787
3.701072,0.141064,-10.556215,0.118897,-0.0667077611,-1.778804667,0.0694492051
3.702122,0.321196,-11.358321,-0.248573,-0.0645793108,-1.792639594,0.0737061057
3.703173,0.594997,-9.971993,-0.868227,-0.0752215623,-1.7692266407,0.0705134302
3.70422,0.467703,-8.896931,-0.198136,-0.0901207145,-1.7394283364,0.0705134302
3.705237,0.347615,-8.609609,0.325448,-0.0943776151,-1.7287860848,0.0811556818
3.706288,0.491721,-9.380589,0.303832,-0.0816069132,-1.7245291842,0.0949906088
3.707335,0.306785,-11.037479,0.27261,-0.0571297347,-1.7245291842,0.1024401848
3.708384,0.073814,-10.960859,-0.447919,-0.0347810065,-1.7330429854,0.0971190591
3.709401,-0.19038,-10.053401,-0.901852,-0.0134965034,-1.7490063627,0.0747703308
3.71045,-0.800427,-10.668749,-0.392679,0.0109806751,-1.7681624155,0.0566785032
3.711499,-1.064621,-10.441286,-0.087655,0.0290725027,-1.7947680444,0.0566785032
3.712549,-0.886891,-8.362991,-0.044423,0.0269440524,-1.8352086002,0.061999629
3.713597,-0.752392,-7.675813,0.435929,0.0152375758,-1.8979978843,0.0641280793
3.714614,-0.57226,-9.785234,0.431126,0.0035310991,-1.9639798438,0.0609354038
3.715666,-0.377717,-11.695924,-0.010798,-0.0188176292,-2.0097415254,0.0513573775
3.716712,-0.262432,-8.525807,-0.35425,-0.0720288868,-1.9916496978,0.0322013247
3.717762,-0.370512,-8.391723,0.332654,-0.0816069132,-1.9639798438,0.0417793511
3.718779,-0.31287,-10.505933,0.606455,-0.0784142378,-1.9639798438,0.061999629
3.719828,0.109841,-11.047056,0.315841,-0.073093112,-1.9490806916,0.0747703308
3.720877,0.193902,-9.315942,0.493572,-0.0699004365,-1.9203466125,0.0705134302
3.721926,-0.003042,-9.100451,0.652088,-0.0699004365,-1.9043832352,0.0577427284
3.722943,-0.04147,-10.07495,1.094012,-0.0550012844,-1.8671353548,0.0588069535
3.723992,-0.322477,-9.497912,1.538338,-0.0294598807,-1.8139240971,0.0737061057
3.725043,-0.793222,-9.17707,1.953843,-0.0188176292,-1.7968964947,0.0854125824
3.72609,-0.692348,-9.995937,1.838559,-0.017753404,-1.7905111437,0.0854125824
3.727139,-0.216799,-10.249738,0.469554,-0.0198818543,-1.7383641112,0.0715776554
3.728157,-0.267236,-10.118049,0.049246,-0.0273314304,-1.6638683505,0.0502931523
3.729206,-0.646714,-10.034247,0.193351,-0.0294598807,-1.6244920198,0.0385866756
3.730254,-0.589072,-9.63439,-0.138092,-0.0283956555,-1.6212993443,0.0407151259
3.731304,-0.269638,-8.916086,0.207762,-0.0252029801,-1.6393911719,0.0502931523
3.732321,-0.269638,-8.920874,0.193351,-0.0188176292,-1.688345529,0.0641280793
3.73337,-0.485796,-10.082134,-0.548793,-0.0188176292,-1.7543274885,0.0768987812
3.734421,-0.521823,-10.635228,-1.146832,-0.0347810065,-1.8011533953,0.0768987812
3.735468,-0.406538,-10.091711,-1.271723,-0.0667077611,-1.8181809977,0.0609354038
3.736485,-0.303262,-9.761291,-0.81779,-0.0922491648,-1.8139240971,0.0460362517
3.737534,-0.305664,-9.885797,0.00121,-0.0986345157,-1.812859872,0.048164702
3.738583,-0.444966,-9.502701,0.745757,-0.0847995887,-1.8384012757,0.0641280793
3.739632,-0.444966,-8.401301,0.724141,-0.0656435359,-1.8884198579,0.0747703308
3.74065,-0.31287,-9.521856,0.757766,-0.0486159335,-1.9416311156,0.0715776554
3.741699,-0.348896,-12.428595,0.95471,-0.0358452316,-1.9629156186,0.0630638542
3.742748,-0.577063,-8.592849,0.611258,-0.0560655095,-1.8884198579,0.0247517486
3.743799,-0.665929,-6.921593,1.057986,-0.0773500126,-1.8501077523,0.0194306229
3.744845,-0.725973,-8.671862,1.583972,-0.0603224102,-1.847979302,0.0353940002
3.745863,-0.692348,-11.49001,1.156458,-0.031588331,-1.875649156,0.0513573775
3.746915,-0.199987,-11.499588,0.032433,-0.0305241059,-1.8852271824,0.048164702
3.747961,0.088225,-9.315942,-0.387875,-0.0390379071,-1.8650069045,0.0268801989
3.74901,-0.276843,-8.822706,-0.318224,-0.0496801586,-1.8458508517,0.0141094971
3.750027,-0.269638,-9.852276,0.097281,-0.0603224102,-1.8320159247,0.0258159738
3.751076,0.208313,-9.471575,0.169334,-0.0656435359,-1.8000891701,0.048164702
3.752125,0.364427,-8.79158,0.032433,-0.0805426881,-1.7798688922,0.0588069535
3.753174,0.287571,-10.192274,0.145316,-0.0965060654,-1.7894469186,0.061999629
3.754192,0.31399,-11.645643,-0.114074,-0.0911849396,-1.7894469186,0.0662565296
3.755241,0.311589,-10.094105,-0.018004,-0.0784142378,-1.7734835413,0.0651923045
3.756292,0.208313,-7.838629,0.435929,-0.0741573372,-1.7734835413,0.0641280793
3.757339,0.330803,-8.178626,0.89947,-0.0688362114,-1.7830615677,0.0779630063
3.758388,0.470105,-9.969599,0.935496,-0.0518086089,-1.778804667,0.0992475094
3.759405,0.434079,-11.145224,0.299029,-0.0422305825,-1.7596486143,0.1088255358
3.760454,0.4629,-10.81241,-0.262983,-0.0390379071,-1.7404925615,0.0981832842
3.761503,0.09543,-10.340723,-0.781764,-0.031588331,-1.7255934094,0.0737061057
3.762552,-0.473788,-10.386216,-0.695301,-0.0209460795,-1.7170796081,0.0577427284
3.76357,-0.603483,-9.526645,-0.387875,-0.0060469273,-1.7224007339,0.0577427284
3.764618,-0.680339,-8.717355,-0.330233,0.0152375758,-1.757520164,0.0683849799
3.76567,-0.922917,-9.318336,-0.315822,0.0269440524,-1.8277590241,0.0768987812
3.766717,-1.043005,-10.479595,-0.632855,0.0184302512,-1.9107685861,0.0726418805
3.767734,-0.973354,-10.589735,-0.628051,-0.0060469273,-1.9778147708,0.0534858278
3.768783,-0.632304,-8.832284,-0.474338,-0.0699004365,-2.0214480021,0.0417793511
3.769832,-0.387324,-9.122,0.524795,-0.0784142378,-2.0214480021,0.0609354038
3.770881,0.097832,-10.534665,0.671302,-0.0688362114,-2.027833353,0.075834556
3.772947,0.604604,-10.010303,0.649686,-0.0667077611,-1.9575944929,0.0598711787
3.77193,0.580586,-11.487616,0.519991,-0.0656435359,-2.0097415254,0.0747703308
3.773996,0.057002,-8.315104,0.798596,-0.0656435359,-1.9054474603,0.0439078014
3.775048,-0.514618,-8.805946,1.379822,-0.0560655095,-1.8777776063,0.0524216026
3.776094,-0.641911,-9.883403,1.961048,-0.0273314304,-1.8735207057,0.0790272315
3.777111,-0.61309,-10.343118,1.982664,-0.0028542519,-1.8830987321,0.0928621585
3.778161,-0.394529,-10.209034,1.194886,-0.0113680531,-1.8724564806,0.0822199069
3.77921,-0.240817,-10.060584,0.580035,-0.0262672052,-1.8181809977,0.0577427284
3.780259,-0.517019,-9.830727,0.431126,-0.0230745298,-1.7458136873,0.0396509008
3.781276,-0.639509,-9.124394,-0.061235,-0.0252029801,-1.6926024296,0.034329775
3.782325,-0.435359,-9.059747,0.222173,-0.0241387549,-1.6691894762,0.0428435762
3.783374,-0.267236,-9.684672,0.176539,-0.0103038279,-1.6766390523,0.0598711787
3.784425,-0.293655,-10.376638,-0.611239,-0.0103038279,-1.7149511578,0.0694492051
3.785472,-0.348896,-10.295231,-0.791371,-0.0220103046,-1.7681624155,0.0694492051
3.78649,-0.161558,-9.485941,-1.158841,-0.0443590329,-1.8086029713,0.061999629
3.787541,0.011368,-9.555377,-0.724122,-0.0677719862,-1.820309448,0.0556142781
3.788588,0.020975,-10.127626,0.106888,-0.0816069132,-1.8117956468,0.061999629
3.789637,0.006565,-9.766079,0.447938,-0.0837353635,-1.8117956468,0.075834556
3.790654,-0.072693,-8.834678,0.659293,-0.0752215623,-1.8320159247,0.0832841321
3.791703,-0.252825,-9.148338,0.378287,-0.0571297347,-1.8596857787,0.0822199069
3.792752,-0.392128,-10.845931,0.166932,-0.0390379071,-1.8788418315,0.0715776554
3.793802,-0.57226,-11.770149,0.159727,-0.0273314304,-1.8788418315,0.0566785032
3.794819,-1.009381,-10.99438,0.649686,-0.0156249537,-1.875649156,0.0428435762
3.795868,-0.99497,-7.256802,0.985933,-0.0273314304,-1.882034507,0.034329775
3.796919,-0.973354,-8.968761,1.874585,-0.0134965034,-1.9022547849,0.0449720265
3.797966,-0.829248,-11.451701,0.978728,-0.0081753776,-1.944823791,0.0502931523
3.798983,-0.180773,-11.298463,-0.188529,-0.0262672052,-1.9618513935,0.0364582253
3.800032,0.157876,-9.251295,-0.361456,-0.0496801586,-1.9267319634,0.0130452719
3.801081,-0.226406,-8.564116,-0.347045,-0.0752215623,-1.8852271824,0.0119810468
3.80213,-0.418547,-9.85467,0.385492,-0.0816069132,-1.8735207057,0.0332655499
3.803179,0.061805,-9.845093,0.238985,-0.0784142378,-1.8650069045,0.0534858278
3.804196,0.484516,-8.803551,-0.058834,-0.0858638138,-1.8490435272,0.0588069535
3.805245,0.484516,-10.161147,0.263003,-0.086928039,-1.8469150769,0.0588069535
3.806297,0.607005,-11.739023,-0.104467,-0.0741573372,-1.8320159247,0.0630638542
3.807343,0.62622,-10.04143,0.104486,-0.0624508605,-1.7905111437,0.0683849799
3.80836,0.208313,-8.001445,0.933094,-0.0581939599,-1.7681624155,0.0715776554
3.809409,0.145867,-8.343836,1.151655,-0.0528728341,-1.7628412897,0.0811556818
3.810458,0.241938,-9.914529,1.062789,-0.0390379071,-1.7490063627,0.0949906088
3.811507,0.01377,-10.824382,0.85864,-0.0273314304,-1.7404925615,0.0992475094
3.812525,0.011368,-10.264104,-0.066039,-0.0220103046,-1.7404925615,0.0843483572
3.813574,-0.043872,-10.034247,-0.659274,-0.0198818543,-1.7362356609,0.061999629
3.814623,-0.31287,-10.520299,-0.327831,-0.0145607286,-1.7351714357,0.0524216026
3.815674,-0.310468,-9.938473,-0.601632,-0.003918477,-1.7521990382,0.0598711787
3.816721,-0.291254,-8.722144,-0.84421,0.0045953242,-1.7894469186,0.0737061057
3.817738,-0.493002,-8.834678,-0.829799,0.0056595494,-1.8352086002,0.0832841321
3.818789,-0.649116,-10.256921,-1.14443,-0.0049827022,-1.8777776063,0.0779630063
3.819836,-0.728374,-10.644805,-0.945084,-0.0188176292,-1.9203466125,0.061999629
3.820885,-0.589072,-9.699038,-0.303813,-0.0379736819,-1.9990992739,0.0492289272
3.821902,-0.468984,-9.215379,0.099683,-0.0496801586,-2.0171911015,0.0673207548
3.822951,-0.236013,-9.655939,0.399903,-0.0571297347,-2.0374113794,0.0800914566
3.824,0.153072,-11.185928,0.599249,-0.0539370592,-2.0406040548,0.0800914566
3.82505,0.294776,-10.414948,0.560821,-0.0475517083,-2.0022919493,0.0673207548
3.826066,-0.168764,-8.717355,0.882657,-0.0464874832,-1.9522733671,0.048164702
3.827116,-0.57226,-8.391723,1.439866,-0.0379736819,-1.9246035131,0.0492289272
3.828167,-0.562653,-9.141155,1.84096,-0.0092396028,-1.930988864,0.0683849799
3.829214,-0.495403,-10.692692,1.891397,0.0141733506,-1.9490806916,0.0854125824
3.830263,-0.216799,-10.833959,0.803399,0.0067237745,-1.9288604137,0.0822199069
3.83128,-0.31287,-9.943261,0.169334,-0.0103038279,-1.8703280303,0.0556142781
3.832328,-0.721169,-9.610447,0.373484,-0.0209460795,-1.812859872,0.034329775
3.833378,-0.536233,-9.28721,0.176539,-0.0294598807,-1.7660339652,0.034329775
3.834427,-0.365708,-9.30397,0.58724,-0.0241387549,-1.7447494621,0.0492289272
3.835444,-0.332084,-9.320731,0.486366,-0.0113680531,-1.7596486143,0.0651923045
3.836493,-0.094309,-9.68946,-0.282197,-0.0134965034,-1.7862542431,0.0715776554
3.837544,-0.12313,-10.754945,-0.265385,-0.0230745298,-1.8011533953,0.0715776554
3.838591,-0.147148,-10.510722,-0.560802,-0.0432948077,-1.806474521,0.0651923045
3.839609,0.01377,-9.054958,-0.457526,-0.0667077611,-1.8011533953,0.0577427284
3.840658,0.025779,-8.674257,0.330252,-0.0794784629,-1.7937038192,0.0630638542
3.841706,-0.039069,-9.749319,0.65449,-0.073093112,-1.7968964947,0.0822199069
3.842756,-0.161558,-10.520299,0.556018,-0.0550012844,-1.8160525474,0.0928621585
3.843804,-0.363307,-10.211428,0.111692,-0.0411663574,-1.8426581763,0.0843483572
3.844822,-0.509814,-9.981571,-0.138092,-0.0337167813,-1.8586215536,0.0609354038
3.845871,-0.742785,-10.350301,0.202958,-0.0230745298,-1.8586215536,0.0460362517
3.846922,-1.055014,-10.402976,0.788988,-0.0049827022,-1.861814229,0.048164702
3.847969,-0.802829,-8.181021,0.796194,-0.0007258016,-1.9043832352,0.0460362517
3.848986,-0.605884,-9.30397,0.743355,-0.0134965034,-1.930988864,0.0428435762
3.850035,-0.50501,-11.410997,0.279815,-0.0326525562,-1.9416311156,0.0417793511
3.851084,-0.423351,-11.30804,-0.294206,-0.0464874832,-1.9395026652,0.0290086492
3.852133,-0.226406,-8.851438,-0.774559,-0.0656435359,-1.9182181622,0.0119810468
3.85315,-0.339289,-7.960741,-0.126083,-0.0752215623,-1.8905483082,0.0141094971
3.8542,-0.58667,-9.897769,0.671302,-0.0613866353,-1.8937409836,0.0364582253
3.855248,-0.099113,-11.003958,0.416715,-0.0550012844,-1.9192823873,0.0588069535
3.8563,0.549363,-9.655939,0.32785,-0.0656435359,-1.9214108376,0.0651923045
3.857347,0.501328,-9.17707,0.359073,-0.0741573372,-1.9086401358,0.0556142781
3.858364,0.383642,-10.345512,0.27261,-0.0794784629,-1.8862914076,0.0492289272
3.859415,0.470105,-10.161147,0.623267,-0.0762857875,-1.8298874744,0.0556142781
3.860462,0.109841,-9.529039,1.394233,-0.0571297347,-1.7809331174,0.0673207548
3.861511,-0.260031,-9.665517,1.461482,-0.0390379071,-1.7777404419,0.0737061057
3.862528,-0.077497,-9.471575,0.721739,-0.0326525562,-1.7819973425,0.0715776554
3.863577,0.071412,-9.179464,0.486366,-0.0209460795,-1.7702908658,0.0641280793
3.864626,-0.012649,-9.555377,-0.020405,-0.0049827022,-1.7553917137,0.0609354038
3.865675,-0.120729,-10.489173,-0.378268,-0.0028542519,-1.7500705879,0.0609354038
