Time (s), Acceleration X (m/s^2), Acceleration Y (m/s^2), Acceleration Z (m/s^2), Gyro X (rad/s), Gyro Y (rad/s), Gyro Z (rad/s)
0.000138,-0.219201,-9.806783,0.224574,0.0173660261,0.0208000678,0.0087883713
0.001075,-0.209594,-9.806783,0.23178,0.0173660261,0.0197358426,0.0077241462
0.002125,-0.207192,-9.797206,0.226976,0.0163018009,0.0197358426,0.0077241462
0.003142,-0.211995,-9.792417,0.219771,0.0152375758,0.0208000678,0.0087883713
0.004192,-0.211995,-9.794812,0.219771,0.0152375758,0.0208000678,0.0087883713
0.005241,-0.202388,-9.794812,0.219771,0.0152375758,0.0197358426,0.0077241462
0.006291,-0.199987,-9.790023,0.226976,0.0152375758,0.0186716175,0.0077241462
0.00734,-0.202388,-9.792417,0.224574,0.0163018009,0.0186716175,0.0077241462
0.00836,-0.209594,-9.797206,0.217369,0.0163018009,0.0186716175,0.0077241462
0.009407,-0.211995,-9.792417,0.222173,0.0163018009,0.0208000678,0.0077241462
0.010457,-0.211995,-9.787629,0.229378,0.0152375758,0.0218642929,0.0087883713
0.011506,-0.209594,-9.792417,0.229378,0.0152375758,0.0218642929,0.0077241462
0.012524,-0.214397,-9.787629,0.236583,0.0152375758,0.0197358426,0.006659921
0.013573,-0.219201,-9.790023,0.238985,0.0152375758,0.0186716175,0.006659921
0.014623,-0.211995,-9.7996,0.229378,0.0163018009,0.0186716175,0.006659921
0.015672,-0.20479,-9.801995,0.224574,0.0163018009,0.0186716175,0.006659921
0.01669,-0.20479,-9.804389,0.226976,0.0163018009,0.0186716175,0.006659921
0.01774,-0.207192,-9.801995,0.226976,0.0152375758,0.0186716175,0.006659921
0.018789,-0.209594,-9.790023,0.226976,0.0141733506,0.0208000678,0.0055956959
0.019838,-0.214397,-9.78284,0.229378,0.0141733506,0.0229285181,0.006659921
0.020887,-0.211995,-9.780446,0.226976,0.0141733506,0.0229285181,0.0077241462
0.021906,-0.202388,-9.785234,0.23178,0.0141733506,0.0208000678,0.006659921
0.022955,-0.202388,-9.790023,0.23178,0.0152375758,0.0208000678,0.0055956959
0.024004,-0.209594,-9.78284,0.229378,0.0152375758,0.0208000678,0.0055956959
0.025053,-0.216799,-9.785234,0.23178,0.0141733506,0.0208000678,0.0055956959
0.026071,-0.226406,-9.797206,0.236583,0.0131091254,0.0208000678,0.0055956959
0.027121,-0.224004,-9.790023,0.241387,0.0141733506,0.0208000678,0.0055956959
0.02817,-0.214397,-9.78284,0.238985,0.0141733506,0.0208000678,0.0055956959
0.02922,-0.20479,-9.785234,0.224574,0.0152375758,0.0218642929,0.0045314707
0.030237,-0.20479,-9.785234,0.212566,0.0141733506,0.0218642929,0.0045314707
0.031287,-0.209594,-9.775657,0.217369,0.0131091254,0.0218642929,0.0045314707
0.032336,-0.199987,-9.773263,0.222173,0.0131091254,0.0197358426,0.0034672456
0.033385,-0.192781,-9.787629,0.219771,0.0131091254,0.0197358426,0.0034672456
0.034435,-0.202388,-9.794812,0.222173,0.0141733506,0.0208000678,0.0045314707
0.035453,-0.207192,-9.785234,0.229378,0.0131091254,0.0208000678,0.0055956959
0.036502,-0.214397,-9.78284,0.224574,0.0120449003,0.0208000678,0.0055956959
0.037552,-0.214397,-9.790023,0.219771,0.0131091254,0.0197358426,0.0045314707
0.038603,-0.202388,-9.790023,0.219771,0.0141733506,0.0208000678,0.0045314707
0.039618,-0.19038,-9.787629,0.229378,0.0131091254,0.0229285181,0.0045314707
0.040668,-0.192781,-9.794812,0.229378,0.0131091254,0.0229285181,0.0034672456
0.041717,-0.202388,-9.7996,0.224574,0.0131091254,0.0208000678,0.0034672456
0.042767,-0.202388,-9.794812,0.222173,0.0120449003,0.0208000678,0.0034672456
0.043784,-0.199987,-9.785234,0.224574,0.0131091254,0.0208000678,0.0034672456
0.044833,-0.195183,-9.785234,0.224574,0.0131091254,0.0218642929,0.0034672456
0.045883,-0.192781,-9.790023,0.23178,0.0131091254,0.0208000678,0.0034672456
0.046933,-0.211995,-9.790023,0.236583,0.0131091254,0.0197358426,0.0024030204
0.047984,-0.211995,-9.792417,0.229378,0.0131091254,0.0186716175,0.0024030204
0.049,-0.202388,-9.790023,0.224574,0.0131091254,0.0186716175,0.0024030204
0.050049,-0.202388,-9.785234,0.224574,0.0131091254,0.0176073923,0.0034672456
0.051099,-0.20479,-9.780446,0.222173,0.0131091254,0.0186716175,0.0034672456
0.052148,-0.207192,-9.778051,0.229378,0.0131091254,0.0208000678,0.0024030204
0.053166,-0.211995,-9.778051,0.234181,0.0131091254,0.0229285181,0.0013387952
0.054215,-0.211995,-9.780446,0.224574,0.0131091254,0.0218642929,0.0013387952
0.055265,-0.214397,-9.792417,0.219771,0.0131091254,0.0197358426,0.0024030204
0.056314,-0.219201,-9.794812,0.219771,0.0120449003,0.0197358426,0.0024030204
0.057332,-0.216799,-9.785234,0.226976,0.0120449003,0.0208000678,0.0013387952
0.058381,-0.211995,-9.78284,0.229378,0.0131091254,0.0208000678,0.0013387952
0.05943,-0.216799,-9.787629,0.229378,0.0131091254,0.0208000678,0.0024030204
0.060482,-0.214397,-9.794812,0.229378,0.0120449003,0.0197358426,0.0034672456
0.061497,-0.199987,-9.794812,0.224574,0.0120449003,0.0186716175,0.0034672456
0.062547,-0.199987,-9.785234,0.219771,0.0120449003,0.0176073923,0.0013387952
0.063597,-0.211995,-9.785234,0.219771,0.0131091254,0.0186716175,-0.0007896551
0.064646,-0.219201,-9.794812,0.226976,0.0131091254,0.0208000678,0.0002745701
0.065695,-0.219201,-9.7996,0.23178,0.0120449003,0.0208000678,0.0013387952
0.066713,-0.211995,-9.797206,0.236583,0.0120449003,0.0186716175,0.0013387952
0.067763,-0.202388,-9.794812,0.236583,0.0120449003,0.0197358426,0.0013387952
0.068812,-0.216799,-9.801995,0.23178,0.0120449003,0.0218642929,0.0013387952
0.069863,-0.221603,-9.811572,0.229378,0.0109806751,0.0229285181,0.0002745701
0.070879,-0.207192,-9.801995,0.226976,0.0120449003,0.0218642929,-0.0018538802
0.071928,-0.216799,-9.790023,0.234181,0.0109806751,0.0186716175,0.0002745701
0.07298,-0.214397,-9.787629,0.226976,0.0120449003,0.0218642929,0.0013387952
0.074027,-0.209594,-9.78284,0.217369,0.0109806751,0.0218642929,0.0013387952
0.075045,-0.214397,-9.787629,0.219771,0.0109806751,0.0218642929,0.0002745701
0.076095,-0.211995,-9.794812,0.23178,0.0109806751,0.0218642929,-0.0007896551
0.077144,-0.199987,-9.797206,0.236583,0.0109806751,0.0229285181,0.0002745701
0.078193,-0.202388,-9.792417,0.23178,0.00991645,0.0218642929,-0.0007896551
0.079243,-0.211995,-9.787629,0.234181,0.00991645,0.0208000678,-0.0007896551
0.08026,-0.214397,-9.794812,0.226976,0.00991645,0.0208000678,-0.0007896551
0.081309,-0.209594,-9.778051,0.214967,0.0109806751,0.0197358426,-0.0018538802
0.082361,-0.168764,-9.61763,0.195753,0.00991645,0.0197358426,-0.0018538802
0.083408,-0.051077,-9.234534,0.171736,0.0088522248,0.0208000678,-0.0018538802
0.084426,0.172286,-9.114817,0.106888,0.0077879997,0.0197358426,0.0002745701
0.085477,0.265955,-9.299182,0.104486,0.0056595494,0.0133504917,0.0055956959
0.088591,-0.19038,-7.304689,0.303832,-0.017753404,-0.0579525936,0.0226232983
0.089641,0.280366,-9.143549,1.094012,-0.0188176292,-0.1143565267,0.0311370995
0.09069,-0.185576,-14.557171,1.300564,0.0045953242,-0.1814027114,0.0353940002
0.09174,-0.896498,-19.424882,1.490303,0.0173660261,-0.24099932,0.034329775
0.092789,-0.598679,-16.484622,1.804934,-0.003918477,-0.2697333992,0.0194306229
0.093807,0.01377,-8.734115,1.156458,-0.0518086089,-0.2441919955,-0.0103676814
0.094858,0.174688,-4.797806,1.653623,-0.0847995887,-0.1760815856,-0.0273952839
0.087574,-0.396931,-7.682996,0.339859,-0.0007258016,-0.0217689384,0.0183663977
0.086524,-0.022256,-8.784397,0.40951,0.0056595494,-0.0004844353,0.0151737222
0.095906,0.148269,-4.910341,2.460615,-0.0645793108,-0.1154207519,-0.0231383833
0.096955,1.253079,-7.405252,0.79139,-0.0379736819,-0.164375109,-0.021009933
0.097973,1.627754,-10.247344,-0.274992,-0.0369094568,-0.1601182083,-0.0061107808
0.099022,1.538889,-12.33761,-2.042689,-0.0283956555,-0.0643379445,0.0258159738
0.100071,0.582988,-12.883521,-1.778495,-0.0166891789,0.0527268224,0.0502931523
0.101121,-0.536233,-10.462835,-0.486347,-0.0198818543,0.0952958285,0.0524216026
0.102138,-0.692348,-7.316661,-0.402286,-0.0369094568,0.0761397758,0.0322013247
0.103188,-1.07663,-9.133971,-0.044423,-0.0358452316,0.0761397758,0.0077241462
0.104238,-2.210262,-13.364785,0.966719,-0.0294598807,0.0665617494,0.006659921
0.105287,-1.986898,-11.964092,1.242921,-0.0379736819,-0.0217689384,0.0226232983
0.106336,-0.288852,-7.053283,-0.010798,-0.045423258,-0.1207418777,0.0215590732
0.107356,0.587791,-7.309478,-1.043556,-0.0432948077,-0.1409621556,0.0087883713
0.108403,0.955261,-10.831565,-0.649667,-0.0283956555,-0.095200474,0.0130452719
0.109452,1.596531,-10.745368,-1.18526,-0.0017900267,-0.0111266868,0.0290086492
0.110502,1.257883,-8.841861,-1.6488,0.0194944764,0.0665617494,0.0290086492
0.111519,0.167483,-8.722144,-0.784166,0.0397147543,0.0921031531,0.0194306229
0.112569,-0.689946,-9.93129,-0.399884,0.0705772837,0.0729471003,0.0183663977
0.113618,-1.292788,-11.463673,-0.4215,0.1099536144,0.0346349948,0.0279444241
0.114668,-1.256762,-10.695087,-1.233295,0.1259169917,0.0027082402,0.0364582253
0.115685,-0.884489,-8.080458,-2.040287,0.0961186874,-0.0026128856,0.0311370995
0.116737,-1.203923,-8.272006,-1.08919,0.0567423567,0.0059009156,0.0173021725
0.117784,-1.729909,-10.81241,-0.29901,0.037586304,0.0027082402,0.0024030204
0.118834,-1.770739,-11.537897,0.320645,0.0248156021,-0.039860766,-0.0167530324
0.119883,-1.393662,-9.315942,1.149253,0.0131091254,-0.1143565267,-0.0337806348
0.120901,-0.742785,-7.529758,0.949907,0.0067237745,-0.1675677844,-0.0422944361
0.12195,-0.370512,-8.73651,1.101218,0.0035310991,-0.185659612,-0.0359090851
0.122999,1.157009,-9.790023,-0.174118,0.0194944764,-0.1601182083,-0.0093034563
0.124048,0.988886,-10.632834,-0.23176,0.0439716549,-0.122870328,-0.0188814827
0.125066,0.141064,-10.982409,0.373484,0.0673846083,-0.1079711758,-0.0252668336
0.126116,-0.425752,-9.87622,0.935496,0.0876048862,-0.116484977,-0.0252668336
0.127165,-0.949336,-9.531433,1.567159,0.0971829126,-0.1452190562,-0.0178172575
0.128214,-0.949336,-9.785234,1.740086,0.0854764359,-0.1654393341,-0.0061107808
0.129234,-0.569858,-9.339885,1.644016,0.0631277077,-0.130319904,-0.0018538802
0.130281,-0.639509,-9.184253,1.427857,0.0354578537,-0.0643379445,-0.0114319066
0.131331,-0.747588,-9.648756,1.101218,0.0035310991,-0.0036771108,-0.0263310588
0.13238,-0.596277,-9.730164,0.536803,-0.0156249537,0.0537910475,-0.0380375354
0.133397,-0.370512,-9.366223,-0.037218,-0.0241387549,0.1027454046,-0.0465513367
0.134447,-0.248022,-9.155521,-0.070842,-0.0273314304,0.1282868083,-0.0497440121
0.135496,-0.485796,-9.766079,-0.157306,-0.0198818543,0.1101949807,-0.0465513367
0.136546,-0.728374,-10.857902,-0.572811,-0.0071111525,0.0612406236,-0.0391017606
0.137595,-0.673134,-11.073394,-0.604034,0.00991645,0.0197358426,-0.03484486
0.138614,-0.61309,-10.225794,-0.301412,0.0269440524,-0.0036771108,-0.03484486
0.139662,-0.579465,-9.648756,0.00121,0.0333294034,-0.0228331635,-0.0327164097
0.140711,-0.339289,-9.409322,0.371082,0.0290725027,-0.0345396402,-0.0295237342
0.14176,-0.135139,-8.861016,0.539205,0.0205587015,-0.0334754151,-0.0305879594
0.142778,-0.132737,-9.050169,0.712132,0.0131091254,-0.0302827396,-0.0391017606
0.143827,-0.142344,-9.806783,0.786587,0.0131091254,-0.0228331635,-0.0508082373
0.144877,-0.284048,-9.804389,0.49117,0.0131091254,-0.0100624617,-0.0571935882
0.145926,-0.617893,-9.878614,0.457545,0.00991645,-0.0079340114,-0.0582578134
0.146943,-0.77641,-10.470018,0.363877,0.0045953242,-0.0164478126,-0.0540009127
0.147993,-0.617893,-10.302414,0.013219,-0.003918477,-0.0185762629,-0.0518724624
0.149042,-0.28645,-9.6727,-0.118878,-0.0134965034,-0.0100624617,-0.0603862637
0.150091,0.035386,-9.93129,-0.106869,-0.0007258016,-0.0079340114,-0.0635789391
0.151141,0.244339,-9.569743,-0.042021,0.0163018009,0.0005797899,-0.0550651379
0.152158,0.431677,-9.196225,-0.05403,0.0343936285,-0.0004844353,-0.0401659857
0.153208,0.604604,-9.033409,-0.183725,0.0439716549,-0.0089982365,-0.0295237342
0.154257,0.561372,-9.703826,-0.361456,0.0450358801,-0.0111266868,-0.0252668336
0.155306,0.47731,-10.750157,-0.205341,0.0450358801,-0.0047413359,-0.0242026084
0.156324,0.604604,-10.005514,-0.25818,0.0354578537,0.0122862666,-0.0284595091
0.157373,0.527747,-9.153126,-0.224555,0.0163018009,0.0356992199,-0.0295237342
0.158423,0.071412,-10.479595,0.483965,0.0131091254,0.0484699218,-0.0199457078
0.159472,-0.132737,-10.956071,0.649686,0.023751377,0.0378276702,-0.0103676814
0.160491,-0.166362,-9.41411,0.414314,0.0280082776,0.0037724653,-0.0146245821
0.161539,-0.334485,-9.246506,0.563223,0.0322651782,-0.0451818917,-0.0231383833
0.162588,-0.185576,-10.201851,0.512786,0.0365220788,-0.0824297721,-0.0273952839
0.163638,0.064207,-9.643968,0.378287,0.0343936285,-0.0930720237,-0.0263310588
0.164687,-0.031863,-8.97355,0.440733,0.023751377,-0.0994573746,-0.0263310588
0.165705,0.006565,-9.648756,0.510384,0.00991645,-0.1186134273,-0.0295237342
0.166754,0.105037,-9.914529,0.659293,0.0035310991,-0.136705255,-0.0295237342
0.167803,-0.091907,-9.754108,0.642481,0.0056595494,-0.1601182083,-0.0252668336
0.168855,-0.10872,-10.323963,0.474358,0.0077879997,-0.185659612,-0.0295237342
0.16987,0.081019,-10.213823,0.337457,0.0077879997,-0.1771458108,-0.0316521845
0.17092,-0.089506,-9.641573,0.195753,0.0109806751,-0.1430906059,-0.0295237342
0.171969,-0.428154,-10.213823,0.195753,0.0088522248,-0.1186134273,-0.0284595091
0.173019,-0.485796,-9.825938,0.219771,0.0014026488,-0.1069069507,-0.0263310588
0.174036,-0.716366,-8.793974,0.195753,0.0014026488,-0.1111638513,-0.0242026084
0.175085,-0.569858,-10.213823,0.57283,0.0035310991,-0.1313841292,-0.021009933
0.176135,-0.454573,-9.181858,0.375885,0.0035310991,-0.0994573746,-0.0199457078
0.177184,-0.661125,-9.900163,0.539205,-0.0103038279,-0.0707232954,-0.0220741581
0.178236,-0.252825,-10.094105,0.503179,-0.0283956555,-0.0313469647,-0.021009933
0.179251,-0.185576,-9.256083,0.40951,-0.0294598807,0.0186716175,-0.0199457078
0.18135,-0.228808,-10.012697,0.416715,-0.0252029801,0.0250569684,-0.0188814827
0.182399,-0.00064,-9.778051,0.416715,-0.0113680531,0.0335707696,-0.0156888072
0.183417,-0.281647,-10.144387,0.594446,-0.0028542519,0.0218642929,-0.0167530324
0.1803,-0.579465,-9.768474,0.743355,-0.0262672052,0.0303780942,-0.021009933
0.184466,0.100234,-9.881008,0.207762,-0.0103038279,0.001644015,-0.0178172575
0.185516,0.287571,-9.313548,0.421519,-0.0081753776,0.0027082402,-0.0167530324
0.186565,-0.091907,-9.541011,0.539205,-0.003918477,-0.0058055611,-0.0093034563
0.187583,0.186697,-9.272844,0.279815,-0.0103038279,-0.0217689384,-0.0018538802
0.188632,0.393249,-9.069324,0.10929,-0.0071111525,-0.0217689384,-0.0029181054
0.189681,0.150671,-10.158753,-0.022807,-0.0017900267,-0.0238973887,-0.0039823305
0.190733,0.338008,-10.304808,-0.407089,-0.0071111525,-0.0143193623,-0.0039823305
0.191748,0.268357,-9.68946,-0.748139,-0.0103038279,0.015478942,-0.0018538802
0.192798,-0.291254,-10.141992,-0.736131,-0.0060469273,0.0335707696,-0.0007896551
0.193847,-0.32728,-10.156358,-1.156439,0.0003384236,0.0388918954,0.0002745701
0.196963,-0.425752,-9.722981,-1.254911,0.0471643304,0.0186716175,0.0024030204
0.199062,-0.382521,-9.897769,-0.560802,0.0620634825,-0.0036771108,0.0013387952
0.195946,-0.57226,-9.706221,-1.14443,0.0343936285,0.0356992199,0.0013387952
0.194896,-0.284048,-9.552982,-1.281331,0.0152375758,0.0442130212,0.0002745701
0.200114,-0.356101,-9.627207,0.044442,0.0556781316,-0.0196404881,0.0002745701
0.198013,-0.236013,-9.548194,-1.019538,0.0567423567,0.0080293659,0.0024030204
0.201129,-0.207192,-9.574532,0.671302,0.0312009531,-0.0590168187,-0.0018538802
0.202178,0.174688,-8.928057,0.861041,0.0141733506,-0.0558241433,-0.0029181054
0.20323,0.316392,-9.179464,0.901871,0.0067237745,-0.0430534414,0.0013387952
0.205295,0.338008,-10.017486,1.149253,0.0163018009,-0.0164478126,0.0173021725
0.204277,0.321196,-10.297625,1.190083,0.00991645,-0.0292185144,0.0109168216
0.206344,0.059404,-10.288047,1.228511,0.0205587015,-0.0153835874,0.0183663977
0.207393,-0.10872,-10.776495,1.507115,0.0216229267,-0.0217689384,0.0183663977
0.208442,0.201108,-9.550588,1.103619,0.0163018009,-0.0111266868,0.0162379474
0.209492,0.352419,-9.131577,0.933094,0.0131091254,0.0208000678,0.0173021725
0.21051,0.249143,-9.833121,0.752962,0.0141733506,0.0559194979,0.0226232983
0.211559,0.109841,-10.323963,0.24619,0.0226871518,0.0740113255,0.0279444241
0.212611,-0.14955,-10.685509,-0.05403,0.0343936285,0.0729471003,0.0258159738
0.213658,-0.346494,-9.845093,-0.390277,0.0365220788,0.0623048488,0.0194306229
0.214675,-0.661125,-8.861016,-0.471937,0.0333294034,0.0495341469,0.0183663977
0.215725,-0.982961,-9.241717,-0.387875,0.0258798273,0.0463414715,0.0247517486
0.216774,-1.009381,-9.598475,-0.426303,0.0077879997,0.0537910475,0.0290086492
0.217823,-0.966149,-9.244111,-0.515168,-0.0145607286,0.0559194979,0.0215590732
0.218841,-0.915712,-9.679883,-0.628051,-0.0241387549,0.056983723,0.0109168216
0.219891,-0.786017,-10.75734,-0.582418,-0.0124322782,0.0750755506,0.006659921
0.22094,-0.704357,-10.671143,-0.534382,0.0045953242,0.1006169543,0.0045314707
0.221989,-0.759597,-10.024669,-0.154904,0.0163018009,0.1165803316,0.0045314707
0.223039,-0.733178,-9.629602,0.565625,0.0216229267,0.1250941328,0.0045314707
0.224056,-0.61309,-9.339885,1.017156,0.0152375758,0.1336079341,0.0034672456
0.225108,-0.629902,-9.639179,1.848166,0.0088522248,0.1357363844,0.0077241462
0.226155,-0.476189,-9.440448,1.987468,-0.0017900267,0.1293510335,0.0130452719
0.227204,-0.077497,-10.862691,1.353403,-0.0241387549,0.1282868083,0.0034672456
0.228222,-0.252825,-12.471693,0.87305,-0.0241387549,0.1442501856,0.0013387952
0.229271,-0.084702,-10.508328,0.16453,-0.0305241059,0.1825622911,-0.0061107808
0.230321,-0.161558,-8.113979,0.556018,-0.0390379071,0.2208743967,-0.0188814827
0.23137,-0.322477,-8.226513,0.841827,-0.0411663574,0.2485442507,-0.021009933
0.232387,-0.236013,-8.928057,1.012352,-0.0326525562,0.2687645286,-0.0114319066
0.233436,-0.236013,-9.311153,1.045977,-0.0241387549,0.2570580519,-0.0007896551
0.234488,-0.221603,-10.405371,0.344662,-0.0262672052,0.2123605954,0.0013387952
0.235536,-0.20479,-11.21466,-0.656872,-0.0347810065,0.1804338408,-0.007175006
0.236585,-0.452172,-10.798044,-1.194867,-0.0411663574,0.1836265163,-0.0242026084
0.237605,-0.637107,-9.56256,-1.230894,-0.045423258,0.2208743967,-0.0369733103
0.238652,-0.723571,-8.734115,-0.957093,-0.0432948077,0.2698287537,-0.0391017606
0.239701,-0.699553,-8.712566,-0.162109,-0.031588331,0.2974986077,-0.0295237342
0.240751,-0.339289,-9.102845,0.255797,-0.0124322782,0.2868563562,-0.0124961318
0.241768,-0.055881,-10.685509,0.222173,0.0120449003,0.2474800255,0.0002745701
0.242817,0.090627,-11.56663,0.142914,0.0226871518,0.20916792,0.0013387952
0.243867,0.102635,-10.364667,-0.368661,0.00991645,0.2038467942,-0.0114319066
0.244916,-0.260031,-9.552982,-0.126083,-0.0166891789,0.223002847,-0.0242026084
0.245934,-0.430556,-9.110028,0.623267,-0.0432948077,0.2496084758,-0.021009933
0.246986,-0.132737,-8.09243,0.827417,-0.0635150856,0.2740856544,-0.0124961318
0.248033,-0.099113,-8.872987,1.17327,-0.0624508605,0.2613149525,-0.0039823305
0.249082,-0.195183,-11.743811,1.130039,-0.0422305825,0.2006541188,0.0013387952
0.250131,0.093028,-12.332821,0.147718,-0.0209460795,0.1516997617,-0.0103676814
0.251149,-0.091907,-10.034247,-0.246171,-0.0166891789,0.1463786359,-0.0391017606
0.252198,-0.752392,-8.559328,0.258199,-0.0283956555,0.1548924371,-0.0571935882
0.253248,-0.622697,-8.324682,1.103619,-0.0411663574,0.2017183439,-0.0231383833
0.254298,-0.740383,-10.266498,1.017156,-0.0347810065,0.1868191918,-0.0103676814
0.255314,-0.581867,-12.225076,0.226976,-0.0305241059,0.1431859605,-0.0220741581
0.256365,-0.199987,-11.370293,-0.447919,-0.0220103046,0.1357363844,-0.0582578134
0.257414,-0.348896,-8.887354,-0.654471,-0.0198818543,0.1740484899,-0.0869918925
0.258463,-0.788418,-7.766798,-0.171716,-0.0294598807,0.2134248206,-0.0806065416
0.259483,-0.910908,-8.458765,0.104486,-0.0347810065,0.2166174961,-0.0476155618
0.260529,-0.440163,-9.83791,0.075665,-0.0432948077,0.1932045427,-0.0124961318
0.261579,0.546961,-11.135647,-0.080449,-0.0486159335,0.1868191918,0.0045314707
0.262628,1.281901,-11.171562,-0.92587,-0.0432948077,0.2240670721,-0.0039823305
0.263646,0.952859,-9.957627,-1.065172,-0.0379736819,0.2687645286,-0.0242026084
0.264695,0.280366,-8.899325,-0.121279,-0.0379736819,0.2847279059,-0.0369733103
0.265745,0.347615,-8.53299,0.462349,-0.0369094568,0.3028197335,-0.0284595091
0.266793,0.467703,-9.545799,0.820211,-0.031588331,0.3400676139,-0.0029181054
0.267843,-0.137541,-11.513954,1.300564,-0.0209460795,0.3464529648,0.0194306229
0.268863,-0.569858,-11.478039,1.228511,-0.0145607286,0.3028197335,0.0141094971
0.26991,-0.264834,-8.995099,0.796194,-0.0220103046,0.2559938267,-0.0167530324
0.270959,-0.005444,-7.577645,0.825015,-0.0411663574,0.2464158004,-0.0422944361
0.272008,-0.248022,-8.880171,1.619998,-0.0475517083,0.2655718531,-0.0327164097
0.273026,-0.665929,-10.529877,2.009084,-0.0358452316,0.2740856544,-0.0039823305
0.274075,-0.85807,-11.150013,0.779381,-0.0283956555,0.2549296016,0.0034672456
0.275125,-0.79082,-10.924944,-0.616042,-0.0283956555,0.236837774,-0.0305879594
0.276174,-0.685143,-9.201013,-0.918664,-0.0283956555,0.2325808734,-0.0731569655
0.277192,-0.761999,-8.125951,-0.572811,-0.0209460795,0.2261955224,-0.0827349919
0.278242,-0.699553,-9.131577,-0.724122,-0.0124322782,0.2049110194,-0.0518724624
0.27929,0.724692,-10.565792,-1.451856,-0.0432948077,0.1910760924,0.0194306229
0.28034,0.931243,-11.310434,-2.136358,-0.0464874832,0.2410946746,0.0215590732
0.281389,0.609407,-11.12607,-2.566273,-0.0230745298,0.3017555083,-0.0039823305
0.282406,0.150671,-9.023831,-1.631988,0.0131091254,0.327296912,-0.0391017606
0.283456,0.037788,-7.347787,-0.685694,0.0322651782,0.3177188857,-0.0529366876
0.284505,0.277964,-8.288766,0.176539,0.0290725027,0.3123977599,-0.0284595091
0.285554,0.289973,-10.527482,1.274144,0.0322651782,0.3187831108,0.0141094971
0.286572,-0.284048,-12.325638,2.477427,0.0524854561,0.306012409,0.0449720265
0.287621,-0.387324,-11.135647,2.364544,0.051421231,0.2762141047,0.0385866756
0.288671,0.196304,-8.331865,1.192484,0.0077879997,0.2804710053,-0.0050465557
0.28972,-0.147148,-8.463554,1.879388,-0.0401021322,0.327296912,-0.0380375354
0.29074,-0.980559,-9.517067,2.991404,-0.0528728341,0.3507098654,-0.0295237342
0.291787,-0.932524,-9.35904,2.210832,-0.0326525562,0.3283611372,-0.0093034563
0.292836,-0.36811,-10.307202,-0.015602,-0.0049827022,0.3219757863,-0.0156888072
0.293885,-0.094309,-11.382265,-1.101198,0.0120449003,0.3485814151,-0.0391017606
0.294935,-0.553046,-10.247344,-0.078048,0.0301367279,0.3485814151,-0.0465513367
0.295952,-0.997372,-8.992705,0.135709,0.0429074297,0.2900490317,-0.0263310588
0.297001,-0.456975,-8.913691,-0.491151,0.0301367279,0.2421588997,0.0077241462
0.298051,0.25875,-9.208196,-0.683292,0.0035310991,0.2432231249,0.0300728744
0.2991,0.400454,-10.81241,-0.716916,-0.0209460795,0.250672701,0.0183663977
0.300118,0.604604,-11.272125,-0.949887,-0.0401021322,0.2677003034,-0.0146245821
0.301167,0.72229,-9.105239,-0.411893,-0.0411663574,0.3123977599,-0.0380375354
0.302216,0.196304,-8.815523,0.714534,-0.0294598807,0.3379391636,-0.0305879594
0.303266,-0.199987,-10.38861,0.488768,-0.0241387549,0.3400676139,-0.0029181054
0.304283,-0.269638,-10.141992,0.512786,-0.0230745298,0.3528383157,0.0109168216
0.305332,-1.432091,-9.742136,0.846631,-0.0198818543,0.3155904353,-0.0263310588
0.306382,-1.299994,-10.60889,1.235716,-0.0156249537,0.2847279059,-0.0369733103
0.307431,-0.822043,-9.519462,0.966719,-0.0092396028,0.2964343826,-0.0305879594
0.308483,-0.478591,-8.451582,0.469554,-0.0092396028,0.341131839,-0.0242026084
0.309498,-0.57226,-9.529039,0.347064,-0.0017900267,0.3900861961,-0.0273952839
0.310547,-0.759597,-11.765361,0.202958,0.0109806751,0.4177560501,-0.0337806348
0.311597,-0.461779,-11.298463,0.289422,0.0163018009,0.4166918249,-0.0412302109
0.312646,-0.40894,-8.805946,0.135709,0.0120449003,0.3762512691,-0.0444228864
0.313664,-0.425752,-8.281583,0.299029,-0.003918477,0.3102693096,-0.0327164097
0.314713,0.253946,-9.325519,0.241387,-0.0113680531,0.2666360783,-0.0124961318
0.315762,0.861592,-10.067767,-0.09486,-0.0241387549,0.264507628,-0.0050465557
0.316812,0.909627,-10.441286,0.361475,-0.0507443838,0.2879205814,-0.007175006
0.317829,0.707879,-10.532271,0.678507,-0.0613866353,0.3187831108,-0.0103676814
0.318878,0.386043,-10.450863,0.45034,-0.0507443838,0.3379391636,-0.021009933
0.319928,0.364427,-9.691855,0.282217,-0.0337167813,0.3656090176,-0.0327164097
0.320979,0.441284,-8.063698,-0.070842,-0.0198818543,0.4294625268,-0.0412302109
0.321995,-0.382521,-9.227351,-0.318224,-0.0156249537,0.4911875857,-0.0422944361
0.323044,-1.338422,-11.573813,0.306234,-0.0092396028,0.5018298372,-0.0327164097
0.324093,-1.343225,-10.082134,0.402305,0.0120449003,0.4581966059,-0.0295237342
0.325142,-1.067023,-8.018205,-0.342242,0.0312009531,0.4049853483,-0.0337806348
0.326191,-0.992568,-8.657496,-0.587221,0.0461001052,0.3911504213,-0.0305879594
0.327209,-0.896498,-10.841142,-0.082851,0.058870807,0.3985999973,-0.0199457078
0.328259,-0.416145,-11.717474,0.1237,0.0439716549,0.3932788716,-0.0199457078
0.329308,0.035386,-10.103683,0.034835,0.0045953242,0.3783797194,-0.0305879594
0.330359,-0.127934,-8.930452,0.762569,-0.0220103046,0.3432602893,-0.0369733103
0.331374,0.241938,-8.535384,0.495973,-0.0432948077,0.2847279059,-0.0231383833
0.332423,0.191501,-10.510722,1.713667,-0.0326525562,0.258122277,-0.0167530324
0.333473,0.342812,-12.177189,1.03637,-0.0294598807,0.2347093237,-0.0178172575
0.334522,0.604604,-10.960859,0.241387,-0.0432948077,0.264507628,-0.03484486
0.335539,0.09543,-8.236091,0.921085,-0.0337167813,0.3262326869,-0.0571935882
0.336589,-0.322477,-6.91441,0.162129,-0.0220103046,0.3805081697,-0.0667716146
0.337638,-0.360905,-8.923269,-0.200538,-0.0188176292,0.4358478777,-0.0561293631
0.338687,-0.867677,-11.602545,0.16453,-0.0017900267,0.4773526587,-0.0369733103
0.33974,-1.23995,-11.762966,-0.332634,0.0163018009,0.4581966059,-0.0359090851
0.340755,-0.798025,-9.670306,-0.541588,0.0322651782,0.4124349243,-0.048679787
0.341804,-0.300861,-7.972712,-1.038753,0.0546139064,0.4145633746,-0.0529366876
0.342855,-0.53143,-9.411716,-1.214081,0.0673846083,0.4475543544,-0.0444228864
0.343902,-0.982961,-11.616911,-0.368661,0.0535496813,0.4326552022,-0.0316521845
0.34492,-0.632304,-10.800438,0.24619,0.0184302512,0.3677374679,-0.0305879594
0.345969,0.174688,-8.360597,0.332654,-0.0188176292,0.3294253623,-0.0391017606
0.347018,0.301982,-7.580039,0.519991,-0.0475517083,0.3219757863,-0.0380375354
0.348068,-0.029462,-9.306365,1.836157,-0.0443590329,0.2751498795,-0.0252668336
0.349085,0.364427,-11.600151,1.732881,-0.0241387549,0.2208743967,-0.0146245821
0.350135,1.08976,-11.535503,0.404707,-0.0252029801,0.2613149525,-0.0231383833
0.351184,0.58539,-9.500307,0.945103,-0.0305241059,0.3624163421,-0.0497440121
0.352235,-0.416145,-8.322287,1.115628,-0.0166891789,0.4198845004,-0.0635789391
0.353283,-0.399333,-8.403695,0.349466,0.0035310991,0.4443616789,-0.048679787
0.3543,-0.197585,-9.708615,-0.409491,0.0131091254,0.4911875857,-0.0327164097
0.355349,-0.399333,-11.351138,-0.952289,0.0152375758,0.5454630685,-0.0369733103
0.356398,-0.704357,-11.353533,-0.551195,0.0397147543,0.5635548961,-0.0497440121
0.357448,-0.598679,-8.169049,-1.435043,0.1088893893,0.4901233605,-0.048679787
0.358465,-0.372914,-8.449188,-0.856219,0.0939902371,0.4539397053,-0.0391017606
0.359514,-0.834052,-10.896212,0.976326,0.079091085,0.3773154943,-0.0327164097
0.360563,-0.440163,-10.934522,0.692918,0.0333294034,0.306012409,-0.0316521845
0.361615,0.556568,-8.963973,0.65449,-0.0262672052,0.2974986077,-0.03484486
0.362631,0.68146,-9.095662,1.387027,-0.0528728341,0.313461985,-0.0369733103
0.36368,0.35482,-10.355089,1.365411,-0.0656435359,0.3017555083,-0.0380375354
0.364731,0.347615,-10.189879,1.6224,-0.0635150856,0.2953701574,-0.0412302109
0.365778,0.575782,-8.925663,0.911478,-0.0411663574,0.34751719,-0.048679787
0.366827,0.434079,-9.308759,-0.443116,-0.0283956555,0.4337194274,-0.0540009127
0.367845,-0.099113,-10.786072,-0.397482,-0.0092396028,0.4943802612,-0.0401659857
0.368894,-0.673134,-10.879452,-0.294206,0.0354578537,0.5177932145,-0.0284595091
0.369944,-1.016586,-10.101288,-0.613641,0.0716415089,0.5156647642,-0.0359090851
0.370993,-0.836454,-9.495518,-0.440714,0.0939902371,0.5177932145,-0.0454871115
0.37201,-0.706758,-9.648756,-0.38067,0.1248527666,0.5326923667,-0.0444228864
0.373059,-0.958944,-9.538616,-0.443116,0.1333665678,0.5199216648,-0.0380375354
0.374111,-1.105451,-9.390167,0.73615,0.106760939,0.4496828047,-0.0391017606
0.375158,-0.65392,-9.624813,1.576766,0.0748341844,0.368801693,-0.0497440121
0.376175,0.081019,-9.878614,0.767373,0.0226871518,0.3443245145,-0.0593220385
0.377225,0.270759,-10.905789,1.684846,-0.0241387549,0.3496456403,-0.0571935882
0.378274,0.294776,-10.285653,2.220439,-0.0475517083,0.3379391636,-0.0444228864
0.379323,0.50373,-7.687785,0.762569,-0.0762857875,0.3177188857,-0.0433586612
0.380373,0.592595,-8.403695,0.373484,-0.0954418402,0.3294253623,-0.0497440121
0.38139,0.808753,-11.439729,-0.361456,-0.0847995887,0.410306474,-0.0454871115
0.382439,0.717486,-11.777332,-1.230894,-0.0496801586,0.5263070158,-0.0316521845
0.38349,-0.896498,-9.387772,-1.60797,0.058870807,0.5827109489,-0.0369733103
0.384538,-1.343225,-9.679883,-1.166046,0.1174031905,0.5518484195,-0.0508082373
0.385555,-1.227941,-9.100451,-0.772157,0.1599721966,0.5284354661,-0.0518724624
0.386607,-1.136674,-9.205802,-0.479142,0.1706144482,0.5018298372,-0.0391017606
0.387654,-1.600214,-10.970437,1.370215,0.1652933224,0.4220129507,-0.0284595091
0.388703,-1.331217,-10.862691,1.670435,0.1312381175,0.3187831108,-0.0359090851
0.38972,-0.012649,-8.664679,0.666499,0.0503570058,0.3102693096,-0.0593220385
0.391819,-0.113523,-10.177907,3.193152,-0.0401021322,0.4081780237,-0.062514714
0.392868,0.232331,-10.362272,1.888996,-0.0560655095,0.3890219709,-0.048679787
0.393886,0.938449,-9.241717,0.70973,-0.0699004365,0.4113706992,-0.048679787
0.39077,0.376436,-8.585666,2.201225,-0.0166891789,0.38263662,-0.0720927404
0.394935,0.81836,-9.19383,-0.440714,-0.0805426881,0.4773526587,-0.0571935882
0.395987,0.275562,-10.845931,-0.59923,-0.0752215623,0.5273712409,-0.0508082373
0.397034,0.004163,-11.480433,-1.000324,-0.0347810065,0.5507841943,-0.0316521845
0.398083,-0.20479,-10.268893,-2.141161,0.0205587015,0.562490671,-0.0263310588
0.3991,-0.658723,-8.75327,-1.281331,0.0748341844,0.5571695452,-0.0369733103
0.40015,-0.973354,-8.248062,-0.510365,0.1259169917,0.5316281415,-0.0412302109
0.401199,-0.853266,-9.100451,-0.267787,0.1610364218,0.4997013869,-0.0316521845
0.402248,-0.865275,-11.185928,0.721739,0.175935574,0.4550039305,-0.0263310588
0.403266,-0.786017,-11.794093,1.122833,0.1450730445,0.4060495734,-0.0380375354
0.404315,-0.166362,-9.136366,1.113226,0.0631277077,0.3996642225,-0.0614504888
0.405366,-0.099113,-8.063698,1.88179,0.0024668739,0.4305267519,-0.0806065416
0.406414,-0.526626,-9.722981,2.736818,-0.0252029801,0.4358478777,-0.0720927404
0.407431,-0.072693,-9.916923,2.141181,-0.0369094568,0.4039211231,-0.0465513367
0.408483,0.801548,-8.655102,0.284618,-0.0518086089,0.4081780237,-0.0433586612
0.409529,0.246741,-11.463673,-0.469535,-0.0784142378,0.52098589,-0.0454871115
0.410579,-0.02706,-12.272962,-0.834603,-0.0337167813,0.5273712409,-0.0273952839
0.411628,-0.063086,-10.565792,-2.081117,0.0226871518,0.5294996912,-0.0284595091
0.412645,-0.519421,-7.472294,-0.98111,0.065256158,0.5263070158,-0.0465513367
0.413695,-1.016586,-6.995818,0.452742,0.100375588,0.4848022348,-0.0550651379
0.41681,-0.555447,-10.084528,0.916282,0.1099536144,0.4220129507,-0.0444228864
0.415793,-0.853266,-12.416623,0.755364,0.1493299451,0.4315909771,-0.0263310588
0.414744,-1.026193,-10.474807,0.452742,0.1365592433,0.4454259041,-0.0401659857
0.417862,-0.399333,-7.824263,0.940299,0.0407789794,0.4294625268,-0.0806065416
0.418909,-0.639509,-8.767636,1.764104,-0.0060469273,0.4539397053,-0.0944414686
0.419958,-0.495403,-10.93931,1.891397,-0.0166891789,0.4709673078,-0.0731569655
0.420975,0.112242,-10.517905,0.894666,-0.0188176292,0.4922518109,-0.0518724624
0.424123,0.758316,-11.231421,-1.459061,-0.0518086089,0.5571695452,-0.0359090851
0.422025,0.203509,-8.442005,0.073263,-0.0337167813,0.5082151882,-0.0497440121
0.423074,0.345213,-8.700594,-0.51757,-0.0518086089,0.5177932145,-0.048679787
0.425173,0.311589,-12.65127,-1.699237,-0.0241387549,0.6008027765,-0.0242026084
0.42619,-0.459377,-9.605658,-0.769755,0.0258798273,0.5880320747,-0.0284595091
0.427241,-0.728374,-6.354133,-0.294206,0.0758984095,0.5177932145,-0.0476155618
0.428289,-0.670732,-8.554539,0.056451,0.1110178396,0.4581966059,-0.0529366876
0.429338,-0.533832,-11.791698,0.863443,0.1376234684,0.4496828047,-0.0359090851
0.430358,-0.418547,-11.152407,1.019558,0.1354950181,0.4592608311,-0.0316521845
0.431404,-0.224004,-8.374963,0.551214,0.0822837604,0.4752242084,-0.0582578134
0.432454,-0.382521,-8.006233,0.940299,0.0184302512,0.5007656121,-0.0848634422
0.433503,-0.682741,-10.577764,1.82655,-0.0071111525,0.5177932145,-0.0784780913
0.434521,-0.296057,-11.444518,1.000344,-0.0060469273,0.5326923667,-0.0582578134
0.43557,-0.336887,-8.468343,-0.111672,-0.0220103046,0.5497199691,-0.0529366876
0.436619,-0.015051,-10.738185,-0.620846,-0.0209460795,0.5433346182,-0.0422944361
0.437669,0.467703,-11.444518,-0.736131,0.0056595494,0.5710044722,-0.0252668336
0.438718,-0.053479,-9.371012,-0.373464,0.0354578537,0.5678117968,-0.0178172575
0.439738,-0.550644,-7.793136,0.202958,0.0492927807,0.493316036,-0.0263310588
0.440784,-0.382521,-9.212985,0.786587,0.0673846083,0.4209487256,-0.0391017606
0.441834,-0.166362,-11.212266,0.784185,0.079091085,0.4156275998,-0.0444228864
0.442883,-0.224004,-10.685509,0.846631,0.0641919328,0.4560681556,-0.0465513367
0.4439,-0.389726,-8.923269,0.788988,0.0365220788,0.4922518109,-0.0550651379
0.44495,-0.372914,-7.623137,0.421519,0.0045953242,0.5177932145,-0.0678358397
0.445999,-0.404136,-9.13876,0.469554,-0.0103038279,0.5412061679,-0.0699642901
0.447048,-0.399333,-12.76141,0.212566,0.0077879997,0.5731329225,-0.0582578134
0.448065,-0.248022,-12.316061,-0.548793,0.0248156021,0.6050596771,-0.0508082373
0.449116,-0.466582,-8.664679,-0.35425,0.0184302512,0.5944174256,-0.0561293631
0.450164,-0.452172,-8.085247,0.022826,0.0194944764,0.5529126446,-0.0497440121
0.451213,0.059404,-9.591292,-0.613641,0.0343936285,0.548655744,-0.0284595091
0.452233,-0.005444,-9.952839,-0.308617,0.0407789794,0.5497199691,-0.0114319066
0.45328,-0.192781,-9.476363,1.257332,0.0429074297,0.4837380096,-0.0114319066
0.454329,0.124251,-9.684672,1.379822,0.0524854561,0.3954073219,-0.0295237342
0.455378,0.400454,-10.280864,0.731346,0.0461001052,0.3858292955,-0.0508082373
0.456427,0.105037,-10.27847,0.820211,0.0301367279,0.4507470299,-0.0582578134
0.457445,-0.346494,-9.519462,0.553616,0.0152375758,0.5103436385,-0.0593220385
0.458494,-0.183174,-8.317499,-0.046825,-0.0028542519,0.5497199691,-0.062514714
0.459544,-0.28645,-9.253689,-0.320626,-0.0081753776,0.5922889753,-0.0657073894
0.460592,-0.716366,-11.868318,-0.445517,0.00991645,0.6220872796,-0.0603862637
0.461613,-0.723571,-9.564954,-0.174118,0.0663203831,0.5997385514,-0.0454871115
0.462659,-0.788418,-8.616792,0.073263,0.0758984095,0.5592979955,-0.0359090851
0.463708,-0.485796,-9.105239,0.006014,0.0609992574,0.5326923667,-0.0284595091
0.464758,-0.365708,-9.90974,0.800997,0.0397147543,0.5177932145,-0.0220741581
0.465775,-0.28645,-10.022275,1.761702,0.0280082776,0.4816095593,-0.0188814827
0.466825,0.191501,-9.215379,1.610391,0.0109806751,0.4347836526,-0.0316521845
0.467874,0.619014,-9.34228,1.069995,-0.0134965034,0.4390405532,-0.0476155618
0.468923,0.532551,-10.307202,0.887461,-0.0209460795,0.5103436385,-0.0540009127
0.469972,0.205911,-10.300019,0.690516,-0.0145607286,0.5773898231,-0.0550651379
0.470991,0.025779,-9.380589,0.250994,-0.0028542519,0.6061239023,-0.0561293631
0.472039,-0.202388,-9.545799,-0.861022,0.0014026488,0.6412433324,-0.0582578134
0.473088,-0.584269,-10.742974,-1.569542,-0.0017900267,0.6987114907,-0.0603862637
0.474138,-0.961345,-10.527482,-0.568007,0.0173660261,0.7168033183,-0.0550651379
0.475155,-1.441698,-10.302414,0.323047,0.0641919328,0.6582709348,-0.0412302109
0.476204,-1.436894,-10.474807,-0.154904,0.0876048862,0.5741971477,-0.03484486
0.477253,-0.771606,-8.645524,-0.474338,0.0567423567,0.5337565918,-0.0369733103
0.478302,-0.452172,-7.991867,1.110825,0.0269440524,0.5146005391,-0.0369733103
0.47932,-0.406538,-10.266498,2.50865,0.0312009531,0.465646182,-0.0295237342
0.480369,0.328401,-10.604102,1.838559,0.0163018009,0.4198845004,-0.0295237342
0.481419,1.291508,-8.707777,0.863443,-0.0198818543,0.4528754802,-0.0433586612
0.482468,1.084956,-9.054958,0.344662,-0.0443590329,0.5475915188,-0.0614504888
0.483517,0.169885,-10.752551,0.769774,-0.045423258,0.5986743262,-0.0614504888
0.484535,0.059404,-10.836353,0.08287,-0.031588331,0.5997385514,-0.0497440121
0.485584,0.378838,-10.489173,-2.362123,-0.0294598807,0.6476286833,-0.048679787
0.486633,-0.115925,-9.921712,-2.196402,-0.0283956555,0.735959371,-0.0571935882
0.487682,-1.970085,-10.508328,0.159727,0.0684488334,0.6689131864,-0.0359090851
0.4887,-1.648249,-10.704664,-0.4215,0.1152747402,0.5944174256,-0.0263310588
0.489749,-1.107853,-8.209753,-0.207743,0.0918617868,0.5412061679,-0.03484486
0.490798,-0.761999,-7.98229,1.713667,0.058870807,0.4890591354,-0.0433586612
0.491848,-0.456975,-10.673538,2.840093,0.0535496813,0.4369121029,-0.0380375354
0.492867,0.352419,-10.49875,2.239653,0.0226871518,0.4081780237,-0.0337806348
0.493914,1.195437,-8.058909,0.865845,-0.0379736819,0.4571323808,-0.0465513367
0.494964,0.933645,-8.085247,0.570428,-0.0847995887,0.548655744,-0.062514714
0.496013,0.417266,-10.972831,1.026763,-0.0901207145,0.5827109489,-0.0582578134
0.497062,0.948056,-12.869155,-0.68089,-0.0752215623,0.6082523526,-0.0444228864
0.498079,0.972073,-11.516348,-2.11234,-0.0518086089,0.6965830404,-0.0465513367
0.499129,-0.392128,-8.954395,-1.074779,-0.0134965034,0.7444731723,-0.0582578134
0.500178,-1.155888,-8.03736,-0.700104,0.0333294034,0.7072252919,-0.0529366876
0.501227,-1.016586,-9.766079,-1.079583,0.0822837604,0.6784912127,-0.0359090851
0.502245,-1.367243,-10.996775,-0.320626,0.1046324887,0.6540140342,-0.0220741581
0.503294,-1.556982,-8.77003,0.889862,0.0748341844,0.5720686974,-0.0231383833
0.504343,-0.944533,-7.776376,2.143582,0.0492927807,0.4677746323,-0.0327164097
0.505392,-0.432958,-10.467624,2.861709,0.051421231,0.4124349243,-0.0359090851
0.506409,0.309187,-10.685509,1.836157,0.0131091254,0.4220129507,-0.0380375354
0.507459,1.173821,-8.075669,0.512786,-0.0581939599,0.5050225127,-0.0508082373
0.508508,0.92644,-8.564116,0.582437,-0.0975702905,0.6103808029,-0.062514714
0.509557,0.474908,-12.014373,0.306234,-0.100762966,0.6646562857,-0.0529366876
0.510609,0.84478,-12.991267,-1.442249,-0.0805426881,0.7104179674,-0.0412302109
0.511624,0.563774,-10.290442,-2.177188,-0.0432948077,0.7710788011,-0.0444228864
0.512673,-0.745187,-7.805108,-1.050761,0.0035310991,0.7604365496,-0.0540009127
0.513723,-1.316806,-9.940867,-0.601632,0.0993113629,0.6306010808,-0.0231383833
0.514772,-1.86681,-12.466905,0.740953,0.1227243163,0.5752613728,-0.0029181054
0.51579,-1.588205,-9.464392,0.743355,0.0780268598,0.4901233605,-0.0103676814
0.516839,-0.58667,-6.983846,1.290957,0.0173660261,0.4369121029,-0.0391017606
0.517888,-0.260031,-9.648756,2.926557,0.0056595494,0.4550039305,-0.0529366876
0.518937,0.268357,-10.731002,1.973057,-0.017753404,0.5156647642,-0.048679787
0.519955,1.02251,-9.014254,1.053182,-0.059258185,0.5997385514,-0.0497440121
0.521004,0.921636,-8.896931,0.390296,-0.0816069132,0.680619663,-0.0561293631
0.522053,0.707879,-11.322406,-0.824996,-0.0943776151,0.714674868,-0.0550651379
0.523102,0.650237,-12.931408,-1.118011,-0.0805426881,0.7253171195,-0.0444228864
0.52412,0.064207,-10.529877,-1.264518,-0.0283956555,0.7263813447,-0.0380375354
0.525169,-0.704357,-6.900044,-0.714515,0.0194944764,0.6795554379,-0.0401659857
0.526218,-0.992568,-7.034128,-0.43591,0.0482285555,0.6103808029,-0.0327164097
0.527267,-1.292788,-11.193111,0.099683,0.0822837604,0.5710044722,-0.0114319066
0.528317,-1.727507,-12.680002,1.40384,0.0961186874,0.5241785655,-0.0018538802
0.529334,-0.980559,-8.319893,0.459947,0.0450358801,0.4730957581,-0.0273952839
0.530384,-0.084702,-6.406808,0.556018,-0.0188176292,0.4997013869,-0.0667716146
0.531432,-0.420949,-10.201851,2.417383,-0.0358452316,0.5678117968,-0.0731569655
0.532485,-0.072693,-12.368736,1.901004,-0.0347810065,0.6103808029,-0.0550651379
0.5335,0.854387,-10.094105,0.592044,-0.0401021322,0.6646562857,-0.0508082373
0.534549,0.643032,-8.262429,-0.270189,-0.0539370592,0.7125464177,-0.0582578134
0.535598,0.412463,-10.067767,-0.80338,-0.0752215623,0.714674868,-0.0529366876
0.536647,0.609407,-12.347187,-1.065172,-0.0720288868,0.7274455698,-0.03484486
0.537665,0.088225,-10.601707,-0.894647,-0.0347810065,0.7455373974,-0.0220741581
0.538714,-0.733178,-6.509765,-0.17652,0.0024668739,0.6933903649,-0.0263310588
0.539763,-1.434492,-12.622537,1.096414,0.0801553101,0.5199216648,-0.0242026084
0.540813,-1.045407,-11.85874,0.577633,0.0780268598,0.5050225127,-0.0220741581
0.542879,-0.192781,-7.067649,1.151655,-0.0337167813,0.5965458759,-0.0742211907
0.541864,-0.19038,-6.545681,-0.241368,0.0109806751,0.534820817,-0.0518724624
0.543928,-0.58667,-12.198738,1.884192,-0.031588331,0.6465644581,-0.0603862637
0.547045,0.011368,-7.54173,-0.277394,-0.0528728341,0.7327666956,-0.0731569655
0.544978,0.020975,-13.240279,0.716936,-0.0252029801,0.6816838882,-0.0444228864
0.548094,-0.055881,-9.768474,-0.162109,-0.0624508605,0.6955188152,-0.0561293631
0.549143,0.25875,-11.837191,-0.728925,-0.045423258,0.6912619146,-0.0252668336
0.550192,-0.173567,-9.711009,-0.294206,-0.0209460795,0.6901976894,-0.0082392311
0.55121,-0.673134,-6.600751,0.40951,-0.0049827022,0.6103808029,-0.0167530324
0.546027,0.539756,-9.426082,-0.325429,-0.0326525562,0.7263813447,-0.0593220385
0.552259,-0.886891,-9.253689,0.976326,0.0301367279,0.493316036,-0.0316521845
0.553308,-0.836454,-13.127745,1.120432,0.0609992574,0.4454259041,-0.0359090851
0.554359,-0.070292,-10.209034,-0.205341,0.0343936285,0.4965087115,-0.0454871115
0.555406,0.424471,-6.279908,-0.404687,-0.0220103046,0.6071881274,-0.0699642901
0.556424,-0.248022,-8.908903,0.846631,-0.0486159335,0.6976472655,-0.076349641
0.557473,-0.500207,-13.417461,0.976326,-0.0379736819,0.7338309207,-0.0593220385
0.558522,0.208313,-12.380708,-0.099664,-0.0166891789,0.7625649999,-0.0518724624
0.559572,0.162679,-8.111585,-0.43591,-0.0124322782,0.7742714766,-0.0603862637
0.560589,-0.356101,-7.656658,0.260601,-0.0220103046,0.7274455698,-0.0561293631
0.561638,-0.262432,-10.534665,0.243788,-0.0145607286,0.680619663,-0.0273952839
0.562688,-0.332084,-11.454095,0.399903,0.0003384236,0.6572067097,-0.0007896551
0.564754,-0.175969,-7.271168,0.815408,-0.0166891789,0.5273712409,-0.0305879594
0.565803,-0.44977,-12.069443,0.865845,-0.0071111525,0.548655744,-0.0497440121
0.566852,0.208313,-9.756502,-0.359054,-0.0166891789,0.6242157299,-0.0561293631
0.563739,-0.493002,-8.810734,1.057986,-0.0028542519,0.5976101011,-0.0029181054
0.567901,0.338008,-8.025388,-0.551195,-0.0252029801,0.7136106428,-0.0731569655
0.568951,-0.372914,-10.460441,-0.493553,-0.0283956555,0.7604365496,-0.076349641
0.569968,-0.291254,-12.344793,-0.68089,-0.017753404,0.7849137281,-0.0646431643
0.571017,-0.046274,-10.589735,-0.728925,0.0045953242,0.8083266815,-0.0529366876
0.572067,-0.432958,-8.370174,-0.164511,0.0152375758,0.7870421784,-0.0412302109
0.573118,-0.543439,-8.391723,0.580035,0.0194944764,0.7199959937,-0.0242026084
0.574133,-0.617893,-10.493961,1.057986,0.0312009531,0.6433717827,-0.0124961318
0.575182,-0.771606,-11.094943,1.463884,0.0226871518,0.5635548961,-0.0103676814
0.576234,-0.099113,-8.185809,1.002745,-0.017753404,0.5188574397,-0.0273952839
0.577281,0.352419,-7.462716,0.649686,-0.0518086089,0.5422703931,-0.0529366876
0.578298,-0.103916,-10.448469,1.555151,-0.0560655095,0.5837751741,-0.0561293631
0.579348,-0.005444,-11.250576,1.134842,-0.0347810065,0.6167661538,-0.0433586612
0.580397,0.484516,-10.017486,-1.072377,-0.0156249537,0.6827481134,-0.0476155618
0.581446,0.129055,-10.37185,-1.785701,-0.0209460795,0.7742714766,-0.0657073894
0.582463,-0.476189,-10.845931,-0.913861,-0.0252029801,0.8253542839,-0.0774138661
0.583513,-0.769204,-10.182696,-0.13569,-0.0017900267,0.8136478073,-0.0678358397
0.584562,-0.855668,-9.541011,0.142914,0.0343936285,0.7806568275,-0.0433586612
0.585614,-0.733178,-8.937635,0.051647,0.0439716549,0.7572438741,-0.0220741581
0.586661,-0.853266,-8.932846,1.000344,0.0290725027,0.7072252919,-0.0156888072
0.587678,-1.163093,-10.532271,2.647952,0.0301367279,0.5890962998,-0.0188814827
0.588728,-0.519421,-10.422131,2.218037,0.0184302512,0.4762884335,-0.0295237342
0.590826,0.873601,-7.769193,0.671302,-0.073093112,0.5997385514,-0.062514714
0.591844,0.129055,-9.658334,1.19969,-0.0773500126,0.6678489612,-0.0571935882
0.589777,0.801548,-8.015811,0.373484,-0.0326525562,0.4879949102,-0.0497440121
0.592893,1.0081,-12.057471,-2.31649,-0.0422305825,0.7678861256,-0.0603862637
0.593942,0.287571,-10.141992,-2.222821,-0.0209460795,0.8530241379,-0.0784780913
0.594993,-0.915712,-9.220168,-0.568007,0.0152375758,0.8455745619,-0.076349641
0.596009,-1.119862,-9.701432,-0.250975,0.0609992574,0.79768443,-0.0454871115
0.597058,-0.874882,-10.357484,-0.620846,0.0812195353,0.7817210526,-0.0178172575
0.598109,-1.09104,-8.963973,0.419117,0.0503570058,0.756179649,-0.0135603569
0.599156,-1.369645,-8.058909,2.297295,0.0290725027,0.6540140342,-0.0242026084
0.600205,-1.175102,-10.616073,3.325249,0.0471643304,0.5177932145,-0.0327164097
0.601223,-0.019855,-10.101288,1.680042,0.0226871518,0.4699030826,-0.0369733103
0.602272,0.993689,-6.947931,0.291824,-0.0390379071,0.5507841943,-0.0508082373
0.603321,0.597398,-8.319893,0.985933,-0.073093112,0.6572067097,-0.062514714
0.60437,0.294776,-12.098175,0.616062,-0.0699004365,0.7019041661,-0.0561293631
0.605388,0.897619,-13.192392,-1.68963,-0.0528728341,0.7583080993,-0.0571935882
0.606437,0.628621,-10.886635,-2.417364,-0.0294598807,0.8477030122,-0.0774138661
0.607489,-0.788418,-7.994262,-0.620846,0.0088522248,0.8562168134,-0.0891203428
0.609553,-1.045407,-11.281702,-0.601632,0.072705734,0.7657576753,-0.0263310588
0.608536,-1.369645,-8.561722,-0.277394,0.0429074297,0.7891706287,-0.0678358397
0.610603,-1.179906,-10.204245,0.560821,0.0737699592,0.7551154238,-0.0018538802
0.611652,-1.436894,-7.489054,1.96345,0.0482285555,0.6550782594,-0.0114319066
0.612701,-1.045407,-9.02862,3.056252,0.0471643304,0.5199216648,-0.0327164097
0.613751,-0.099113,-10.924944,2.314107,0.0343936285,0.4720315329,-0.0454871115
0.614768,0.794343,-8.904114,0.642481,-0.0305241059,0.5465272937,-0.0571935882
0.615817,0.76312,-7.120324,0.512786,-0.0911849396,0.6699774115,-0.0689000649
0.616868,0.285169,-9.914529,0.769774,-0.100762966,0.7317024704,-0.0689000649
0.617916,1.284302,-12.744649,-2.746405,-0.0432948077,0.8806939919,-0.0593220385
0.618933,-0.144746,-8.279189,-1.197269,0.0120449003,0.9275198987,-0.0720927404
0.619985,-1.324011,-7.038916,-0.416696,0.0524854561,0.8477030122,-0.0678358397
0.621032,-1.165495,-9.904952,-0.827397,0.086540661,0.7689503508,-0.0391017606
0.622081,-1.309601,-11.492405,0.157325,0.1110178396,0.7338309207,-0.0103676814
0.623098,-1.523358,-8.870593,1.065191,0.086540661,0.6614636103,-0.0093034563
0.624147,-1.107853,-7.589617,2.381357,0.0578065819,0.5550410949,-0.0284595091
0.625197,-0.44977,-10.319174,2.736818,0.0503570058,0.4965087115,-0.0444228864
0.626246,0.602202,-10.769312,0.952308,0.0024668739,0.5582337704,-0.0540009127
0.627295,1.034519,-8.216936,0.428724,-0.0635150856,0.7029683913,-0.0667716146
0.628313,0.434079,-9.057352,0.606455,-0.086928039,0.8030055557,-0.0742211907
0.629364,0.491721,-12.342399,-0.457526,-0.0720288868,0.8349323103,-0.0678358397
0.630411,0.830369,-12.265779,-1.804915,-0.0358452316,0.8753728662,-0.0603862637
0.63146,0.105037,-9.588898,-1.687228,0.0109806751,0.8934646938,-0.0593220385
0.632477,-0.850864,-7.374125,-0.505561,0.0578065819,0.8274827343,-0.0540009127
0.633527,-1.256762,-8.288766,-0.534382,0.0950544623,0.7295740201,-0.0391017606
0.634576,-1.506545,-11.80367,0.08287,0.120595866,0.6721058618,-0.0188814827
0.635625,-1.506545,-10.752551,0.95471,0.1046324887,0.6337937563,-0.0146245821
0.636643,-0.997372,-7.093986,1.127637,0.0546139064,0.5752613728,-0.0359090851
0.637692,-0.459377,-8.585666,2.595114,0.0365220788,0.5412061679,-0.0540009127
0.638743,0.181894,-11.375082,2.083538,0.0226871518,0.5859036244,-0.0550651379
0.63979,0.979279,-10.776495,0.464751,-0.0220103046,0.7050968416,-0.0614504888
0.640839,0.813557,-9.265661,0.529598,-0.0486159335,0.83280386,-0.0720927404
0.641859,0.143465,-9.454814,0.049246,-0.0464874832,0.8668590649,-0.0710285152
0.642906,0.448489,-11.135647,-1.041154,-0.0379736819,0.8381249858,-0.0603862637
0.643955,-0.288852,-8.255246,-0.731327,0.0386505291,0.8657948398,-0.0454871115
0.645005,-1.501742,-7.659053,0.54641,0.0748341844,0.7604365496,-0.0359090851
0.646022,-1.84039,-11.403814,1.026763,0.1184674157,0.6242157299,-0.0220741581
0.647071,-1.32161,-12.033528,0.760167,0.1259169917,0.5518484195,-0.021009933
0.64812,-0.298459,-7.177789,-0.262983,0.0599350322,0.5635548961,-0.0454871115
0.64917,-0.135139,-6.868918,1.360608,0.0141733506,0.6284726305,-0.0699642901
0.650187,-0.615492,-11.58339,2.650354,0.0152375758,0.6795554379,-0.0646431643
0.651238,0.414864,-12.213104,0.623267,0.0035310991,0.7380878213,-0.0540009127
0.652286,1.260285,-9.533828,-0.428705,-0.0092396028,0.8413176613,-0.0667716146
0.653335,0.263553,-8.899325,-0.224555,-0.0166891789,0.8849508926,-0.0752854158
0.654352,-0.0823,-10.551426,-0.250975,-0.0220103046,0.846638787,-0.0582578134
0.655401,0.157876,-11.51156,-0.668881,0.0014026488,0.8306754097,-0.0327164097
0.656451,-0.442565,-9.016648,-0.507963,0.0343936285,0.8147120324,-0.021009933
0.6575,-1.045407,-6.821031,0.289422,0.0556781316,0.728509795,-0.0273952839
0.658549,-1.328815,-10.067767,0.704927,0.0876048862,0.6252799551,-0.03484486
0.659566,-1.122263,-12.287329,0.707329,0.1035682635,0.5805824986,-0.0359090851
0.660618,-0.36811,-8.856227,0.04204,0.0695130586,0.5986743262,-0.0529366876
0.661665,-0.058283,-7.053283,0.351868,0.0205587015,0.6646562857,-0.0731569655
0.662714,-0.264834,-10.122837,1.278948,0.0088522248,0.7412804968,-0.0699642901
0.663734,0.071412,-12.881127,0.692918,0.0216229267,0.8030055557,-0.0561293631
0.66478,0.607005,-11.43494,-0.519972,0.0248156021,0.8626021643,-0.0614504888
0.66583,0.328401,-8.71496,-0.445517,0.0205587015,0.8924004686,-0.0742211907
0.666878,-0.012649,-8.712566,-0.044423,0.0184302512,0.8700517404,-0.0635789391
0.667896,-0.010247,-10.60889,-0.628051,0.0301367279,0.8455745619,-0.0369733103
0.668945,-0.372914,-10.438891,-0.068441,0.0471643304,0.8317396349,-0.0178172575
0.669995,-1.004577,-7.896093,1.206895,0.0812195353,0.6391148821,-0.0359090851
0.671044,-0.922917,-11.932965,1.713667,0.100375588,0.5582337704,-0.0444228864
0.672093,-0.10872,-11.217055,0.692918,0.0822837604,0.5720686974,-0.0497440121
0.673113,0.582988,-7.55849,-0.692899,0.0258798273,0.6689131864,-0.0657073894
0.67416,0.13626,-9.105239,-0.034816,-0.0113680531,0.7817210526,-0.0731569655
0.675209,0.008967,-12.598594,-0.049227,-0.0071111525,0.8700517404,-0.062514714
0.676258,0.467703,-11.777332,-0.666479,0.0173660261,0.9381621502,-0.0603862637
0.677275,-0.077497,-9.394955,-0.044423,0.0471643304,0.9498686269,-0.0646431643
0.678325,-0.617893,-8.307921,0.282217,0.0695130586,0.8913362435,-0.0518724624
0.679374,-0.387324,-8.710172,0.010818,0.0822837604,0.8296111846,-0.0305879594
0.680423,-0.807633,-10.649594,1.041173,0.0918617868,0.7689503508,-0.0124961318
0.681441,-1.139076,-9.907346,1.910611,0.0822837604,0.6667847361,-0.0114319066
0.682492,-0.466582,-7.955952,1.103619,0.0492927807,0.5805824986,-0.0327164097
0.683539,0.071412,-9.770868,1.014754,0.0280082776,0.590160525,-0.0540009127
0.684588,0.184295,-10.721425,0.678507,0.0109806751,0.673170087,-0.0603862637
0.685637,0.277964,-9.093268,-0.039619,-0.0017900267,0.7583080993,-0.0646431643
0.686654,0.316392,-9.430871,-0.491151,0.0067237745,0.8370607606,-0.0699642901
0.687704,0.215518,-11.487616,-1.591158,0.0173660261,0.9168776472,-0.0720927404
0.688753,-0.183174,-11.947331,-1.072377,0.0407789794,0.9626393288,-0.0699642901
0.689802,-0.862873,-10.321568,-0.044423,0.0801553101,0.9285841239,-0.0614504888
0.690819,-0.966149,-8.365386,-0.097262,0.0971829126,0.8487672373,-0.0454871115
0.691868,-0.61309,-7.83384,0.323047,0.0833479856,0.7934275293,-0.0263310588
0.692918,-0.980559,-9.897769,1.999477,0.0876048862,0.7338309207,-0.0114319066
0.693967,-1.052612,-10.946493,2.664765,0.0833479856,0.6327295311,-0.0114319066
0.694987,0.076216,-8.561722,1.110825,0.0365220788,0.5816467238,-0.03484486
0.696033,0.47731,-8.015811,0.640079,0.0014026488,0.6380506569,-0.0635789391
0.697082,0.193902,-10.434103,0.138111,-0.0071111525,0.7657576753,-0.0635789391
0.698131,0.755915,-10.53706,-1.300545,0.00991645,0.8349323103,-0.0614504888
0.699181,0.412463,-11.1979,-2.342909,0.0163018009,0.9264556735,-0.0667716146
0.700198,-0.28645,-10.896212,-1.091591,0.0333294034,0.9626393288,-0.0699642901
0.701247,-0.946935,-10.489173,0.263003,0.0758984095,0.9253914484,-0.0603862637
0.702297,-1.033398,-9.713404,-0.092458,0.106760939,0.8796297668,-0.0412302109
0.703346,-0.721169,-7.745249,-0.104467,0.0876048862,0.8615379392,-0.0263310588
0.704366,-1.059818,-7.991867,2.33092,0.0780268598,0.79768443,-0.0188814827
0.705412,-1.316806,-10.352695,3.342062,0.0939902371,0.6699774115,-0.0178172575
0.706461,-0.329682,-10.170724,1.516722,0.0663203831,0.5869678495,-0.03484486
0.70751,0.784736,-8.2744,0.632874,0.0131091254,0.6231515048,-0.0646431643
0.708528,0.602202,-8.827495,0.419117,-0.0134965034,0.7263813447,-0.0784780913
0.709577,0.107439,-11.039873,0.560821,-0.0145607286,0.7849137281,-0.0667716146
0.710627,0.715085,-11.949725,-1.108404,-0.0060469273,0.8253542839,-0.0550651379
0.711675,1.132991,-10.635228,-2.907324,0.0024668739,0.929648349,-0.0646431643
0.712693,-0.159157,-9.095662,-1.290938,0.0280082776,0.9935018582,-0.0742211907
0.713744,-1.319208,-10.465229,-0.039619,0.0748341844,0.9360336999,-0.0603862637
0.714792,-0.956542,-11.315223,-0.577614,0.114210515,0.8849508926,-0.03484486
0.715841,-0.74999,-7.785953,-0.589623,0.100375588,0.8806939919,-0.0273952839
0.71689,-1.388859,-6.306246,2.025896,0.0780268598,0.7998128803,-0.0327164097
0.717907,-1.523358,-10.280864,3.832021,0.1014398132,0.6529498091,-0.0252668336
0.718956,-0.372914,-11.889867,2.00428,0.0907975617,0.5741971477,-0.0231383833
0.720006,0.888012,-8.849044,0.582437,0.0312009531,0.6199588293,-0.0444228864
0.721055,0.832771,-7.517786,0.236583,-0.0124322782,0.7317024704,-0.0699642901
0.722072,0.229929,-10.101288,0.183744,-0.0326525562,0.8030055557,-0.0710285152
0.723121,1.041724,-11.6217,-2.239634,-0.0028542519,0.9668962294,-0.0582578134
0.72417,-0.233611,-8.121162,-1.151635,0.0386505291,1.0201074871,-0.0678358397
0.72522,-1.492135,-8.992705,0.04204,0.0822837604,0.9339052496,-0.0603862637
0.726239,-1.448903,-11.770149,-0.4215,0.1216600911,0.8508956876,-0.0327164097
0.727286,-1.15829,-9.385378,-0.114074,0.1131462899,0.8221616085,-0.0146245821
0.728335,-1.170299,-6.263147,1.884192,0.0844122107,0.749794298,-0.0188814827
0.729385,-1.191914,-9.311153,3.488569,0.0961186874,0.631665306,-0.0295237342
0.730434,-0.233611,-12.026345,2.057119,0.0801553101,0.5816467238,-0.0327164097
0.731451,1.26749,-9.033409,0.133307,0.0163018009,0.6752985373,-0.0454871115
0.732501,1.164214,-7.175394,0.039639,-0.0358452316,0.8232258336,-0.0689000649
0.733549,0.323597,-10.896212,0.133307,-0.059258185,0.8838866674,-0.0742211907
0.734599,0.779932,-14.174075,-1.041154,-0.0432948077,0.9221987729,-0.0593220385
0.735618,0.904824,-11.552264,-2.061903,0.0067237745,1.0158505865,-0.0550651379
0.736665,-0.485796,-7.374125,-0.841808,0.0556781316,1.0296855134,-0.0635789391
0.737715,-1.333618,-7.297506,-0.010798,0.0950544623,0.9179418723,-0.0561293631
0.738764,-1.292788,-10.477201,-0.0132,0.134430793,0.8083266815,-0.0284595091
0.739781,-1.273574,-10.960859,0.647284,0.1365592433,0.7487300729,-0.0039823305
0.74083,-1.018988,-8.209753,1.137244,0.0939902371,0.6987114907,-0.0082392311
0.74188,-1.021389,-8.985522,2.575899,0.0695130586,0.6327295311,-0.0316521845
0.742929,-0.529028,-11.008746,2.179609,0.0429074297,0.6071881274,-0.0465513367
0.743978,0.974475,-9.763685,0.039639,-0.0092396028,0.7093537422,-0.0593220385
0.744996,1.041724,-8.817917,0.373484,-0.0422305825,0.8806939919,-0.0699642901
0.746044,0.078618,-9.960022,0.299029,-0.0475517083,0.9583824282,-0.0667716146
0.747094,0.455694,-11.985641,-1.262116,-0.0369094568,0.9605108785,-0.0561293631
0.748143,-0.125532,-8.925663,-1.250108,0.0620634825,1.0137221361,-0.062514714
0.74916,-1.146281,-6.172162,0.00121,0.0939902371,0.9190060975,-0.0657073894
0.750209,-1.549777,-8.904114,0.805801,0.120595866,0.7955559796,-0.0391017606
0.751259,-1.573795,-11.976063,1.420652,0.14826572,0.7178675434,0.0002745701
0.752308,-1.009381,-9.670306,0.952308,0.114210515,0.6795554379,0.006659921
0.753325,-0.377717,-7.800319,1.146851,0.0524854561,0.673170087,-0.0231383833
0.754374,-0.166362,-10.247344,1.833755,0.0152375758,0.7050968416,-0.0550651379
0.755424,0.424471,-11.454095,0.829818,-0.0220103046,0.7859779533,-0.0689000649
0.756473,0.811155,-10.036641,0.505581,-0.0411663574,0.9041069453,-0.0720927404
0.757522,0.244339,-9.179464,0.344662,-0.031588331,0.9700889048,-0.0667716146
0.758539,0.263553,-10.398188,-0.808183,-0.0273314304,0.9530613024,-0.0529366876
0.759588,0.664648,-11.85874,-1.262116,-0.0071111525,0.9541255275,-0.0401659857
0.760638,-0.103916,-9.622419,-0.81779,0.0343936285,0.9626393288,-0.0369733103
0.761687,-1.040603,-6.14343,0.140513,0.0620634825,0.8828224422,-0.0433586612
0.762704,-1.393662,-8.406089,1.009951,0.092926012,0.7476658477,-0.0391017606
0.763753,-1.456108,-12.785353,1.288555,0.128045442,0.6603993851,-0.0178172575
0.764802,-0.70916,-10.44368,0.099683,0.0993113629,0.6529498091,-0.0188814827
0.765851,-0.012649,-7.055677,-0.162109,0.0290725027,0.7061610667,-0.0508082373
0.766869,-0.27204,-9.787629,1.468687,-0.0060469273,0.7827852778,-0.0689000649
0.767918,-0.048676,-12.1724,1.074798,-0.0145607286,0.8551525882,-0.0614504888
0.768967,0.580586,-10.383821,0.061255,-0.0166891789,0.9317767993,-0.0582578134
0.770016,0.470105,-8.60482,0.018023,-0.0124322782,0.9839238318,-0.0571935882
0.771066,0.297178,-9.811572,-0.512767,-0.0145607286,0.9807311564,-0.0508082373
0.772083,0.071412,-12.179583,-0.335036,0.0014026488,0.9615751036,-0.0369733103
0.773132,-0.485796,-10.280864,0.238985,0.0343936285,0.9275198987,-0.0263310588
0.774181,-1.038202,-8.006233,1.009951,0.0620634825,0.7551154238,-0.0391017606
0.77523,-1.355234,-12.086203,1.672837,0.0822837604,0.700839941,-0.0263310588
0.776248,-0.689946,-10.410159,0.445536,0.065256158,0.6880692391,-0.0295237342
0.777297,0.287571,-7.848206,-0.54399,0.0152375758,0.7380878213,-0.0593220385
0.778346,0.150671,-9.734953,0.054049,-0.0230745298,0.8381249858,-0.0731569655
0.779395,-0.192781,-12.368736,0.373484,-0.0283956555,0.9211345478,-0.0657073894
0.781462,0.186697,-8.952001,0.032433,0.0077879997,1.0030798846,-0.0571935882
0.782511,-0.120729,-8.420456,0.152521,0.0258798273,0.9807311564,-0.0454871115
0.780412,0.191501,-11.537897,-0.335036,-0.0166891789,0.9764742558,-0.062514714
0.78356,-0.19038,-10.438891,-0.181323,0.0386505291,0.9370979251,-0.0284595091
0.784577,-0.430556,-10.525088,0.683311,0.0482285555,0.8849508926,-0.0167530324
0.785626,-0.396931,-7.515392,0.452742,0.0343936285,0.8200331582,-0.0284595091
0.786675,-0.356101,-7.536941,0.697721,0.0194944764,0.7668219005,-0.0454871115
0.787725,-0.656321,-10.515511,1.764104,0.0280082776,0.7295740201,-0.0454871115
0.788774,-0.202388,-11.279308,0.479161,0.0322651782,0.7231886692,-0.0380375354
0.789791,0.55897,-10.187485,-0.796175,0.0194944764,0.7944917545,-0.0454871115
0.79084,0.35482,-9.924107,-0.760148,0.0024668739,0.8998500447,-0.0646431643
0.79189,0.023377,-10.750157,-0.654471,-0.0081753776,0.9764742558,-0.0710285152
0.792939,-0.017453,-11.272125,-0.459928,0.0056595494,1.0339424141,-0.0614504888
0.793956,-0.353699,-10.091711,-0.447919,0.0301367279,1.0616122681,-0.0508082373
0.795005,-0.502609,-7.783559,0.10929,0.037586304,1.0339424141,-0.0422944361
0.796054,-0.766803,-8.238485,1.262136,0.0482285555,0.9466759515,-0.0295237342
0.797104,-1.480126,-10.932127,2.225242,0.0641919328,0.8168404827,-0.0156888072
0.798122,-1.21353,-10.062979,2.155591,0.0471643304,0.6891334643,-0.0156888072
0.79917,-0.029462,-7.694968,1.024361,0.0088522248,0.6433717827,-0.0369733103
0.800219,0.277964,-8.978339,0.623267,-0.0262672052,0.700839941,-0.0561293631
0.801269,0.42207,-10.153964,-0.102065,-0.0379736819,0.8519599128,-0.0550651379
0.802318,0.938449,-10.335934,-2.066707,-0.0294598807,0.9509328521,-0.0635789391
0.803335,0.398052,-11.461278,-2.028279,-0.0230745298,1.0445846656,-0.0774138661
0.804384,-0.372914,-10.93931,-0.652069,0.0077879997,1.067997619,-0.0742211907
0.805434,-0.81724,-9.859459,0.299029,0.058870807,1.0147863613,-0.0540009127
0.8075,-0.581867,-8.21933,0.102084,0.0631277077,0.9062353956,-0.0093034563
0.806485,-0.889292,-9.399744,0.275011,0.0876048862,0.9424190508,-0.0273952839
0.808549,-0.824445,-8.379752,2.314107,0.0471643304,0.8434461116,-0.0050465557
0.809599,-1.016586,-9.907346,2.99861,0.0471643304,0.7263813447,-0.0156888072
0.810648,0.035386,-9.093268,0.798596,0.0056595494,0.6784912127,-0.0391017606
0.811665,0.693469,-8.018205,0.366278,-0.0326525562,0.7593723244,-0.0614504888
0.812714,0.153072,-9.98636,0.35427,-0.045423258,0.8679232901,-0.0635789391
0.813764,0.049797,-12.548313,-0.402286,-0.0486159335,0.9232629981,-0.0561293631
0.814813,0.398052,-12.043105,-1.350982,-0.0326525562,0.9743458055,-0.0571935882
0.815864,-0.012649,-9.100451,-1.581551,-0.0071111525,1.0286212883,-0.0699642901
0.81688,-0.860471,-8.84665,-0.628051,0.0173660261,1.026492838,-0.0678358397
0.817929,-1.119862,-11.715079,-0.174118,0.0492927807,0.9935018582,-0.0444228864
0.818978,-0.819641,-10.247344,-0.008397,0.0578065819,0.9807311564,-0.0220741581
0.820027,-0.87248,-6.311034,0.885059,0.0312009531,0.9349694748,-0.0220741581
0.822094,-0.894096,-11.700713,3.21717,0.0535496813,0.69445459,-0.0252668336
0.821045,-1.266369,-8.554539,3.214768,0.0407789794,0.8115193569,-0.0252668336
0.823143,0.261152,-9.373406,0.70973,0.0024668739,0.6859407888,-0.0401659857
0.824192,0.748709,-7.026945,0.363877,-0.0475517083,0.7806568275,-0.0646431643
0.825209,0.232331,-9.110028,0.599249,-0.0645793108,0.8615379392,-0.0710285152
0.826259,0.470105,-13.113379,-0.409491,-0.0635150856,0.8987858195,-0.0593220385
0.827308,0.566175,-8.896931,-2.102733,-0.0113680531,1.0946032478,-0.0678358397
0.82836,-0.973354,-8.003839,-0.224555,0.0152375758,1.0701260693,-0.0699642901
0.829406,-1.148683,-11.250576,-0.546391,0.058870807,0.9977587588,-0.0454871115
0.830424,-0.79082,-10.802832,-0.596828,0.0748341844,0.9817953815,-0.0178172575
0.831473,-1.055014,-6.864129,1.226109,0.051421231,0.9370979251,-0.0114319066
0.832523,-1.40327,-7.704545,3.041841,0.0567423567,0.8030055557,-0.0188814827
0.833572,-0.882087,-11.013535,2.93136,0.0599350322,0.6795554379,-0.0263310588
0.834589,0.664648,-10.177907,0.661695,0.0088522248,0.6912619146,-0.0401659857
0.835638,1.361159,-8.298344,-0.241368,-0.0528728341,0.8349323103,-0.0603862637
0.836688,0.39565,-9.622419,0.534402,-0.0837353635,0.957318203,-0.0678358397
0.837739,0.246741,-12.368736,-0.195734,-0.0816069132,1.0009514343,-0.0593220385
0.838754,0.827968,-12.385497,-1.98985,-0.0528728341,1.0690618441,-0.0571935882
0.839803,0.016172,-9.143549,-1.67522,-0.003918477,1.1244015521,-0.0699642901
0.840852,-1.143879,-7.402857,-0.224555,0.0429074297,1.0658691687,-0.0710285152
0.841902,-1.520956,-10.345512,0.181343,0.0897333365,0.9583824282,-0.0454871115
0.842919,-1.420082,-12.136485,0.195753,0.106760939,0.8955931441,-0.0124961318
0.843969,-1.016586,-8.504258,0.443135,0.0599350322,0.8530241379,-0.0050465557
0.845018,-1.0358,-6.792299,2.604721,0.0333294034,0.7678861256,-0.0220741581
0.846067,-1.028595,-9.512279,3.21717,0.0333294034,0.6763627624,-0.0369733103
0.847119,0.424471,-10.323963,0.820211,-0.0028542519,0.6965830404,-0.0433586612
0.848134,1.59413,-9.270449,-0.025209,-0.0475517083,0.860473714,-0.0540009127
0.849183,0.897619,-10.453258,-0.325429,-0.0794784629,1.0137221361,-0.0667716146
0.850232,0.304383,-12.811691,-0.570409,-0.0847995887,1.0562911423,-0.0657073894
0.851281,0.407659,-11.894655,-1.043556,-0.045423258,1.0743829699,-0.0603862637
0.852299,-0.139943,-8.401301,-1.401419,0.0056595494,1.0797040957,-0.0635789391
0.853347,-1.160692,-9.203408,0.106888,0.0695130586,0.9488044018,-0.0337806348
0.854396,-1.669865,-12.110147,1.382224,0.0971829126,0.8700517404,-0.0029181054
0.855446,-1.494536,-9.904952,1.720872,0.0801553101,0.770014576,0.0024030204
0.856463,-0.394529,-7.254408,0.719337,0.0343936285,0.7061610667,-0.0273952839
0.857512,-0.003042,-9.481152,1.552749,-0.0049827022,0.7391520465,-0.0571935882
0.858561,0.167483,-11.025507,1.454277,-0.045423258,0.8370607606,-0.0603862637
0.859613,0.691067,-9.969599,0.539205,-0.0667077611,0.9562539778,-0.0571935882
0.860659,0.734299,-9.45242,-0.123681,-0.0603224102,1.0530984668,-0.0561293631
0.861677,0.791941,-10.833959,-1.331768,-0.0560655095,1.0903463472,-0.0550651379
0.862726,0.801548,-12.009584,-1.427838,-0.0326525562,1.1137593006,-0.0529366876
0.863775,-0.132737,-9.926501,-0.863424,0.0216229267,1.1073739497,-0.0518724624
0.865842,-1.345627,-8.46116,0.661695,0.0886691114,0.9041069453,-0.0316521845
0.864825,-1.047809,-6.883284,-0.015602,0.0609992574,1.0201074871,-0.048679787
0.86794,-1.220736,-9.809178,1.03637,0.0780268598,0.7710788011,-0.0050465557
0.866891,-1.554581,-11.961697,1.211699,0.1099536144,0.8232258336,-0.0050465557
0.868992,-0.411342,-6.883284,0.510384,0.0152375758,0.756179649,-0.0369733103
0.870007,-0.151951,-9.63439,1.610391,-0.0156249537,0.7987486551,-0.0614504888
0.871056,-0.060684,-12.914648,1.156458,-0.031588331,0.888143568,-0.062514714
0.872105,0.369231,-11.487616,0.075665,-0.0411663574,1.0009514343,-0.0614504888
0.873154,0.208313,-8.082852,0.212566,-0.0390379071,1.0626764932,-0.0689000649
0.874204,0.215518,-8.561722,-0.467133,-0.0422305825,1.0381993147,-0.0657073894
0.875221,0.827968,-11.413391,-1.041154,-0.0347810065,1.0445846656,-0.0433586612
0.87627,0.297178,-10.630439,-0.692899,-0.0017900267,1.0967316981,-0.021009933
0.87732,-0.894096,-7.517786,0.519991,0.0322651782,1.0456488908,-0.0135603569
0.87837,-1.54017,-11.772544,1.113226,0.100375588,0.7444731723,-0.0220741581
0.880435,0.249143,-7.175394,-0.772157,0.0248156021,0.7987486551,-0.0710285152
0.879386,-0.543439,-10.11326,0.198155,0.0812195353,0.7136106428,-0.0412302109
0.882534,-0.103916,-12.490848,0.981129,-0.0209460795,0.9977587588,-0.0550651379
0.881487,-0.159157,-9.529039,0.517589,-0.0188176292,0.9168776472,-0.0742211907
0.883551,0.635827,-11.085366,-0.21735,-0.0028542519,1.0637407184,-0.048679787
0.8846,0.393249,-8.832284,-0.267787,0.0056595494,1.0988601484,-0.0540009127
0.885649,0.020975,-8.875382,0.207762,0.0067237745,1.0754471951,-0.0476155618
0.886698,-0.036667,-10.857902,0.229378,0.0216229267,1.0381993147,-0.0295237342
0.887748,-0.574662,-10.980014,0.296627,0.0312009531,0.9977587588,-0.0178172575
0.888765,-0.699553,-7.606377,0.743355,0.0184302512,0.9307125742,-0.0231383833
0.889814,-0.665929,-7.297506,1.120432,0.0258798273,0.860473714,-0.0337806348
0.890865,-0.999773,-10.623256,1.396634,0.0461001052,0.818968933,-0.0327164097
0.891913,-0.675536,-10.855508,0.813006,0.0503570058,0.8072624563,-0.0316521845
0.89293,0.21792,-8.980733,-0.707309,0.0280082776,0.8530241379,-0.0497440121
0.897095,-0.101514,-9.445237,-0.21735,0.0322651782,1.1148235257,-0.0518724624
0.898144,-0.267236,-8.317499,0.217369,0.0429074297,1.0914105724,-0.0369733103
0.899193,-0.476189,-8.980733,0.733748,0.051421231,1.040327765,-0.021009933
0.893979,0.405257,-9.912135,-0.805782,-0.0017900267,0.9605108785,-0.0689000649
0.895028,0.057002,-11.770149,-0.166913,-0.0049827022,1.0594838178,-0.0667716146
0.896077,0.047395,-11.075788,-0.43591,0.0120449003,1.1095024,-0.0593220385
0.900245,-1.103049,-10.982409,1.888996,0.065256158,0.9424190508,-0.0103676814
0.901292,-0.889292,-9.660728,1.615195,0.0482285555,0.83280386,-0.0135603569
0.902309,-0.0823,-7.450744,0.760167,0.0120449003,0.7881064036,-0.0337806348
0.903361,-0.115925,-9.224957,0.83222,-0.0113680531,0.8179047079,-0.0508082373
0.904408,-0.192781,-10.915367,0.517589,-0.0230745298,0.8806939919,-0.0497440121
0.905457,0.465301,-9.742136,-1.043556,0.0056595494,1.0190432619,-0.0550651379
0.906474,0.43648,-11.171562,-1.896182,0.0067237745,1.0935390227,-0.0614504888
0.907523,0.023377,-11.375082,-1.151635,0.0301367279,1.1488787307,-0.0593220385
0.908572,-0.774008,-10.141992,0.126102,0.0684488334,1.1318511282,-0.0497440121
0.909622,-0.838855,-8.844255,0.57283,0.0854764359,1.0605480429,-0.0305879594
0.910639,-0.543439,-8.442005,0.630472,0.079091085,1.0062725601,-0.0103676814
0.911688,-1.0358,-9.711009,2.299697,0.0769626347,0.9370979251,-0.0029181054
0.912739,-0.99497,-9.785234,2.885727,0.0631277077,0.8264185091,-0.0114319066
0.913786,0.107439,-8.209753,0.808203,0.0205587015,0.777464152,-0.0369733103
0.914803,0.386043,-8.597637,0.486366,-0.0145607286,0.8402534361,-0.0571935882
0.915853,-0.058283,-10.118049,0.6689,-0.0241387549,0.9200703226,-0.0561293631
0.916902,0.234732,-10.982409,-0.54399,-0.0166891789,0.9647677791,-0.0476155618
0.917951,0.741504,-11.569024,-1.946619,-0.0081753776,1.0371350895,-0.0529366876
0.919,0.537354,-10.786072,-2.39815,0.0035310991,1.1435576049,-0.0678358397
0.920017,-0.468984,-9.718193,-0.399884,0.037586304,1.172291684,-0.0667716146
0.921066,-1.249557,-10.379033,0.640079,0.0886691114,1.0977959233,-0.0444228864
0.922118,-0.697151,-9.852276,-0.704908,0.1025040383,1.0520342417,-0.021009933
0.923165,-0.387324,-7.570462,0.315841,0.0705772837,1.0520342417,-0.0093034563
0.924182,-1.208727,-8.279189,3.171537,0.079091085,0.9690246797,-0.0061107808
0.925231,-1.28078,-10.563398,3.09468,0.0886691114,0.8264185091,-0.0093034563
0.92628,-0.101514,-9.478758,1.535936,0.0439716549,0.7646934502,-0.0284595091
0.92733,0.729495,-8.104402,0.556018,0.0088522248,0.8285469594,-0.0529366876
0.928347,0.405257,-9.74453,-0.327831,-0.0092396028,0.9445475012,-0.0603862637
0.929396,0.215518,-12.181977,-0.50316,-0.0241387549,1.0190432619,-0.0529366876
0.930446,0.68146,-12.035922,-1.34858,-0.0134965034,1.0839609963,-0.0518724624
0.931496,-0.699553,-8.805946,-0.642462,0.0429074297,1.1265300024,-0.0603862637
0.932543,-0.855668,-11.612122,-0.294206,0.0822837604,1.0946032478,-0.0359090851
0.933561,-0.882087,-10.400582,-0.188529,0.0950544623,1.0946032478,-0.0156888072
0.934612,-1.309601,-6.981452,1.706462,0.0801553101,1.0275570631,-0.0103676814
0.935659,-1.41768,-8.427639,3.531801,0.1014398132,0.8828224422,-0.007175006
0.936708,-0.682741,-10.726213,2.614328,0.1014398132,0.7753357017,-0.0103676814
0.937725,0.534953,-9.095662,0.630472,0.0354578537,0.7891706287,-0.0327164097
0.938775,0.964868,-7.939192,0.097281,-0.0220103046,0.9094280711,-0.0571935882
0.939824,0.328401,-10.340723,0.085272,-0.0411663574,1.0211717122,-0.062514714
0.940873,0.34041,-13.137322,-0.483945,-0.0358452316,1.067997619,-0.0529366876
0.94189,0.856789,-12.02395,-1.828932,-0.003918477,1.1286584527,-0.0529366876
0.94294,0.081019,-8.245668,-1.670416,0.037586304,1.172291684,-0.0635789391
0.943991,-1.052612,-7.745249,-0.265385,0.0716415089,1.1148235257,-0.0582578134
0.945038,-1.112656,-11.047056,-0.106869,0.114210515,1.0445846656,-0.0273952839
0.946087,-1.009381,-11.535503,-0.114074,0.128045442,1.0360708644,0.0002745701
0.947104,-1.275976,-8.236091,1.069995,0.0961186874,0.9924376331,0.0034672456
0.948154,-1.19912,-7.5968,2.93136,0.0844122107,0.8721801907,-0.0114319066
0.949202,-0.432958,-9.627207,2.357339,0.0769626347,0.7870421784,-0.0273952839
0.950252,0.746308,-9.960022,0.423921,0.0280082776,0.8359965355,-0.0412302109
0.951269,1.152205,-9.337491,0.263003,-0.0209460795,0.9903091828,-0.0508082373
0.952318,0.537354,-10.225794,0.097281,-0.0358452316,1.0999243736,-0.0540009127
0.95337,0.38124,-12.136485,-0.880236,-0.0262672052,1.1254657773,-0.0508082373
0.954417,0.635827,-11.923388,-1.896182,0.0067237745,1.1637778828,-0.0508082373
0.955434,0.025779,-8.640736,-1.408624,0.0609992574,1.192511962,-0.0561293631
0.956485,-1.055014,-6.938354,0.044442,0.1035682635,1.1212088767,-0.0529366876
0.957532,-1.429689,-12.234653,0.671302,0.1503941703,0.9477401766,0.0034672456
0.958581,-1.004577,-8.803551,0.813006,0.1099536144,0.9179418723,0.0098525965
0.95963,-0.886891,-7.369337,2.338125,0.0769626347,0.8583452637,-0.0135603569
0.960648,-0.639509,-9.591292,2.46782,0.0524854561,0.8093909066,-0.0359090851
0.961696,0.498926,-10.470018,0.644883,0.0152375758,0.860473714,-0.0454871115
0.962746,1.041724,-9.830727,0.219771,-0.0134965034,1.012657911,-0.0518724624
0.963795,0.4629,-10.04143,-0.174118,-0.0283956555,1.1222731018,-0.0529366876
0.964812,0.549363,-11.475644,-0.973905,-0.0294598807,1.1424933797,-0.0465513367
0.965864,0.842378,-11.41818,-1.756879,0.0014026488,1.1712274589,-0.0454871115
0.96691,0.04019,-9.059747,-1.257313,0.0556781316,1.1914477368,-0.0465513367
0.967959,-1.038202,-7.374125,0.359073,0.0982471377,1.1244015521,-0.0369733103
0.968977,-1.609821,-9.46918,0.949907,0.1397519187,0.9998872091,-0.0135603569
0.970026,-1.453707,-11.580996,1.32218,0.1652933224,0.8966573692,0.006659921
0.971075,-0.591474,-8.90172,0.527196,0.1248527666,0.8583452637,-0.0018538802
0.972124,-0.207192,-7.769193,0.724141,0.065256158,0.8753728662,-0.0295237342
0.973141,-0.485796,-10.556215,2.047512,0.0312009531,0.9136849717,-0.0433586612
0.974191,0.011368,-11.085366,1.072396,0.0045953242,0.97115313,-0.0433586612
0.975242,0.671853,-9.641573,0.335055,-0.0060469273,1.0658691687,-0.0433586612
0.976289,0.570979,-9.229745,-0.4215,-0.0028542519,1.1456860552,-0.0422944361
0.977338,0.597398,-10.709453,-1.336571,-0.003918477,1.1744201343,-0.0401659857
0.978355,0.328401,-12.272962,-0.808183,0.0216229267,1.186126611,-0.03484486
0.979404,-0.562653,-9.691855,-0.38067,0.072705734,1.1541998564,-0.0337806348
0.980454,-0.978158,-6.002163,-0.138092,0.0971829126,1.054162692,-0.0412302109
0.981502,-1.189513,-8.511441,0.805801,0.1184674157,0.9456117263,-0.0327164097
0.98252,-1.453707,-12.251413,1.653623,0.1461372696,0.8806939919,-0.0007896551
0.983569,0.071412,-7.333421,0.169334,0.0567423567,0.8647306146,-0.0252668336
0.984621,0.21792,-10.460441,0.969121,0.0226871518,0.9413548257,-0.0465513367
0.985667,0.085823,-12.505214,0.527196,0.0067237745,1.040327765,-0.048679787
0.986684,0.17709,-10.515511,0.106888,0.0003384236,1.1212088767,-0.0518724624
0.987736,0.071412,-8.327076,0.097281,0.0077879997,1.1520714061,-0.0550651379
0.988783,0.210715,-9.488335,-0.414294,0.0184302512,1.1361080288,-0.0444228864
0.989832,0.31399,-11.85874,-0.664078,0.0397147543,1.1393007043,-0.0252668336
0.990881,-0.236013,-9.928895,-0.046825,0.0641919328,1.1456860552,-0.0135603569
0.991898,-0.783615,-6.196106,0.966719,0.0801553101,1.067997619,-0.0156888072
0.992947,-1.19912,-8.561722,1.447071,0.1131462899,0.9370979251,-0.0188814827
0.993997,-1.187111,-12.670424,1.439866,0.134430793,0.8583452637,-0.0082392311
0.995045,-0.228808,-9.830727,0.022826,0.1035682635,0.8700517404,-0.0167530324
0.996063,0.362026,-6.775538,-1.074779,0.0397147543,0.9466759515,-0.0508082373
0.997114,-0.039069,-10.307202,0.178941,0.0014026488,1.0392635398,-0.0603862637
0.998161,-0.099113,-13.331265,0.351868,0.0120449003,1.1222731018,-0.0476155618
0.99921,0.229929,-11.001563,-0.35425,0.0322651782,1.1808054853,-0.0433586612
1.000227,0.162679,-8.178626,0.318243,0.0439716549,1.1808054853,-0.0412302109
1.001277,0.129055,-8.829889,0.371082,0.0578065819,1.1414291546,-0.0273952839
1.002326,-0.175969,-11.061422,0.212566,0.0705772837,1.1158877509,-0.0103676814
1.003375,-0.759597,-10.067767,1.298162,0.0716415089,1.0733187447,0.0002745701
1.004424,-0.54584,-6.876101,1.180476,0.0599350322,0.9966945337,-0.0103676814
1.005441,-0.452172,-8.607215,0.692918,0.0546139064,0.9413548257,-0.0295237342
1.006492,-0.774008,-11.810853,1.163663,0.0567423567,0.9264556735,-0.0327164097
1.00754,-0.139943,-9.603264,-0.066039,0.051421231,0.9477401766,-0.0359090851
1.008588,0.376436,-7.924825,-0.988316,0.0386505291,1.0115936858,-0.0508082373
1.009606,-0.003042,-10.92255,-0.54399,0.0280082776,1.0903463472,-0.0550651379
1.010655,0.131456,-11.035084,-0.868227,0.0684488334,1.2361451933,-0.0422944361
1.011704,-0.58667,-8.410878,0.539205,0.0854764359,1.2116680147,-0.0380375354
1.012753,-0.605884,-8.020599,0.798596,0.086540661,1.1361080288,-0.021009933
1.013771,-0.565055,-9.938473,1.271743,0.0950544623,1.0828967711,-0.0029181054
1.016918,-0.048676,-7.625532,1.110825,0.0067237745,0.8998500447,-0.0401659857
1.015871,-0.589072,-8.298344,1.644016,0.0418432046,0.9253914484,-0.0146245821
1.014819,-1.023791,-10.776495,2.254063,0.0886691114,1.0105294607,0.0013387952
1.017967,-0.31287,-10.127626,1.142047,0.0003384236,0.9307125742,-0.0454871115
1.018987,-0.046274,-10.486778,0.291824,0.0024668739,0.9775384809,-0.0316521845
1.021082,0.698272,-11.334378,-2.31649,0.0077879997,1.1563283067,-0.0508082373
1.020033,0.664648,-9.995937,-1.418231,0.0077879997,1.0509700165,-0.0327164097
1.022131,0.129055,-11.382265,-1.379803,0.0269440524,1.2340167429,-0.0603862637
1.023149,-0.53143,-10.613679,-0.515168,0.0737699592,1.2372094184,-0.0518724624
1.024198,-0.649116,-10.094105,-0.387875,0.1099536144,1.2127322399,-0.0316521845
1.025247,-0.440163,-7.750038,-0.159708,0.1025040383,1.1978330877,-0.0156888072
1.026296,-0.910908,-7.412435,1.886594,0.092926012,1.1297226779,-0.007175006
1.027313,-1.451305,-10.49875,3.632675,0.1110178396,0.9935018582,0.0024030204
1.028364,-0.711562,-10.268893,2.232448,0.0907975617,0.8806939919,0.0002745701
1.029411,0.482114,-7.639898,0.683311,0.0269440524,0.8668590649,-0.0242026084
1.030461,0.592595,-8.796368,0.169334,-0.0103038279,0.9466759515,-0.0433586612
1.03151,0.081019,-11.430152,0.344662,-0.0198818543,1.0286212883,-0.0380375354
1.032527,0.321196,-12.083809,-0.568007,-0.017753404,1.0797040957,-0.0295237342
1.033576,0.878405,-11.035084,-2.695968,-0.0071111525,1.1754843595,-0.0401659857
1.034625,0.213116,-9.323125,-2.169983,0.0141733506,1.2723288485,-0.0582578134
1.035674,-1.268771,-11.102126,-0.121279,0.1056967138,1.1935761871,-0.0273952839
1.036692,-0.718767,-7.821868,-0.628051,0.1120820647,1.1627136577,-0.0103676814
1.037743,-0.968551,-6.658215,1.850567,0.0993113629,1.0882178969,-0.007175006
1.03879,-1.331217,-10.460441,4.122634,0.120595866,0.9413548257,0.0013387952
1.039839,-0.526626,-11.355927,2.410178,0.1014398132,0.8306754097,0.0002745701
1.040856,0.710281,-8.542567,0.952308,0.0290725027,0.846638787,-0.0242026084
1.041905,0.888012,-8.221725,0.226976,-0.017753404,0.9775384809,-0.0476155618
1.042955,0.261152,-10.802832,-0.116476,-0.0411663574,1.0924747975,-0.0508082373
1.044004,0.371633,-12.371131,-0.500758,-0.0432948077,1.1456860552,-0.0433586612
1.04607,-0.132737,-8.228908,-1.581551,0.0216229267,1.2510443454,-0.0561293631
1.045021,0.734299,-10.556215,-2.169983,-0.0134965034,1.213796465,-0.0476155618
1.047122,-1.1727,-10.149175,0.022826,0.0695130586,1.1957046374,-0.0454871115
1.048168,-1.283181,-12.61296,-0.034816,0.1152747402,1.137172254,-0.0178172575
1.049218,-1.083835,-9.064535,0.195753,0.1046324887,1.1105666251,0.0002745701
1.050238,-1.201521,-6.224838,2.040307,0.0812195353,1.0371350895,-0.0007896551
1.051284,-1.271173,-9.615236,3.445337,0.0918617868,0.9190060975,-0.0061107808
1.052333,-0.224004,-10.48199,1.70406,0.0663203831,0.8711159656,-0.0124961318
1.053382,1.149804,-7.457927,-0.039619,0.0024668739,0.957318203,-0.0337806348
1.0544,1.128188,-8.468343,-0.042021,-0.0443590329,1.1020528239,-0.0582578134
1.055449,0.448489,-13.173238,-0.202939,-0.0613866353,1.1893192865,-0.0593220385
1.056499,0.306785,-14.300976,-0.524775,-0.031588331,1.2233744914,-0.048679787
1.057547,0.044993,-9.435659,-0.875433,0.0226871518,1.2382736436,-0.0508082373
1.058564,-0.620295,-6.164979,-0.98111,0.0492927807,1.1988973129,-0.0582578134
1.059616,-0.982961,-9.588898,-0.347045,0.0716415089,1.1382364791,-0.0380375354
1.060663,-1.088639,-12.395074,0.488768,0.100375588,1.1126950754,0.0013387952
1.061712,-1.026193,-7.364548,1.84096,0.0599350322,0.9945660834,0.0024030204
1.062761,-1.009381,-9.457209,2.799263,0.0556781316,0.9062353956,-0.021009933
1.063778,0.047395,-10.103683,0.69532,0.0152375758,0.9030427202,-0.0391017606
1.064828,1.084956,-9.268055,0.034835,-0.031588331,1.0307497386,-0.0518724624
1.065877,0.431677,-9.593686,0.810604,-0.045423258,1.1669705583,-0.0550651379
1.066926,0.004163,-11.399025,-0.241368,-0.0432948077,1.1957046374,-0.0465513367
1.067943,0.868797,-12.308878,-1.790504,-0.0230745298,1.2223102663,-0.0412302109
1.068995,0.767923,-10.141992,-2.323695,0.0173660261,1.3053198282,-0.0508082373
1.070041,-0.632304,-7.522575,-0.805782,0.0524854561,1.3053198282,-0.0561293631
1.07109,-1.494536,-8.38454,0.673704,0.086540661,1.1903835117,-0.0391017606
1.072107,-1.552179,-11.394237,0.697721,0.1216600911,1.0871536717,-0.0103676814
1.074205,-0.877284,-7.505814,1.533535,0.065256158,0.9743458055,-0.0103676814
1.073156,-1.283181,-10.735791,0.73615,0.1099536144,1.0328781889,0.0034672456
1.075255,-0.629902,-8.152289,2.38616,0.0386505291,0.9221987729,-0.0305879594
1.076304,0.061805,-10.604102,1.521526,0.0045953242,0.9381621502,-0.0369733103
1.077321,1.164214,-11.147619,0.183744,-0.0337167813,1.0637407184,-0.0412302109
1.078373,0.972073,-10.568186,-0.042021,-0.0443590329,1.2255029417,-0.0518724624
1.079419,-0.022256,-9.620024,-0.039619,-0.0390379071,1.2776499742,-0.0550651379
1.080468,0.124251,-10.357484,-0.978708,-0.0326525562,1.2478516699,-0.048679787
1.081488,0.587791,-11.10452,-1.97544,-0.0071111525,1.2744572988,-0.0422944361
1.082535,-0.130336,-8.36778,-0.808183,0.0343936285,1.2925491264,-0.0391017606
1.083584,-1.468117,-7.24483,0.91388,0.0663203831,1.1839981607,-0.0295237342
1.084633,-2.241485,-10.941705,1.672837,0.1056967138,1.012657911,-0.0082392311
1.08565,-1.624232,-11.145224,1.439866,0.1216600911,0.8860151177,0.0024030204
1.086699,-0.10872,-7.37652,0.087674,0.0812195353,0.8562168134,-0.0167530324
1.08775,0.35482,-8.511441,0.700123,0.0280082776,0.9339052496,-0.0412302109
1.088798,0.244339,-11.475644,0.558419,-0.0422305825,1.1254657773,-0.0412302109
1.089847,0.777531,-8.750876,-0.320626,-0.0539370592,1.2244387166,-0.0465513367
1.090866,0.561372,-9.033409,-0.764952,-0.0571297347,1.2765857491,-0.0518724624
1.091913,0.376436,-11.947331,-0.853817,-0.045423258,1.2755215239,-0.0433586612
1.092962,-0.024658,-11.281702,-0.274992,0.0088522248,1.269136173,-0.0295237342
1.094012,-0.771606,-6.904833,-0.061235,0.0578065819,1.2084753393,-0.0295237342
1.095029,-1.314404,-6.861735,0.70973,0.0758984095,1.0765114202,-0.0295237342
1.096078,-1.54017,-11.183534,1.985066,0.1035682635,0.9456117263,-0.0082392311
1.097127,-0.865275,-11.300857,0.997942,0.1099536144,0.8849508926,0.0024030204
1.098176,0.21792,-8.09243,-0.560802,0.0482285555,0.9253914484,-0.0252668336
1.099193,0.311589,-8.750876,0.229378,-0.0252029801,1.0360708644,-0.0540009127
1.100245,0.020975,-11.916205,0.678507,-0.0539370592,1.1520714061,-0.0529366876
1.101292,0.153072,-11.973669,0.23178,-0.045423258,1.2340167429,-0.048679787
1.10234,0.047395,-9.246506,0.279815,-0.0188176292,1.2648792724,-0.0497440121
1.103358,-0.031863,-8.099613,0.054049,0.0024668739,1.241466319,-0.0433586612
1.104407,0.085823,-10.491567,-0.438312,0.0173660261,1.213796465,-0.0273952839
1.105456,-0.36811,-11.679164,-0.147699,0.0312009531,1.2042184386,-0.0135603569
1.106505,-0.70916,-7.951163,0.556018,0.0290725027,1.1605852073,-0.0135603569
1.107554,-0.66833,-6.612722,1.043575,0.0365220788,1.0701260693,-0.0231383833
1.108572,-0.975756,-10.901001,1.480696,0.0609992574,0.9924376331,-0.0231383833
1.109623,-0.584269,-11.597756,0.575232,0.0609992574,0.9754100306,-0.0231383833
1.11067,0.474908,-8.025388,-1.012333,0.0301367279,1.0360708644,-0.0433586612
1.111719,0.342812,-8.758059,-0.623248,-0.0049827022,1.1339795785,-0.0603862637
1.112739,-0.091907,-12.167611,0.015621,-0.0145607286,1.2074111141,-0.0497440121
1.113785,0.325999,-12.088598,-0.668881,-0.0017900267,1.2702003982,-0.0412302109
1.114834,-0.514618,-8.410878,0.923487,0.0365220788,1.2744572988,-0.0337806348
1.115883,-0.608286,-9.179464,0.616062,0.0524854561,1.206346889,-0.0156888072
1.116901,-0.802829,-10.814804,0.820211,0.0524854561,1.1499429558,-0.0050465557
1.11795,-0.819641,-9.074113,1.37742,0.0184302512,1.0924747975,-0.0093034563
1.119,-0.452172,-7.06286,1.360608,-0.0113680531,1.0360708644,-0.0273952839
1.120048,-0.53143,-9.531433,1.576766,-0.0060469273,1.0073367852,-0.0391017606
1.121097,-0.31287,-11.240998,0.957112,0.0045953242,1.0137221361,-0.0369733103
1.122117,0.47731,-9.641573,-0.423901,0.0131091254,1.0733187447,-0.0401659857
1.123163,0.650237,-9.574532,-1.535917,0.0024668739,1.178677035,-0.0540009127
1.124212,0.265955,-11.705502,-1.622381,-0.0166891789,1.2819068749,-0.0614504888
1.125262,-0.159157,-11.727051,-0.632855,0.0014026488,1.3372465829,-0.0540009127
1.126279,-0.730776,-9.871431,0.10929,0.0429074297,1.3127694043,-0.0433586612
1.127328,-0.769204,-8.631158,0.40951,0.0620634825,1.2425305442,-0.0295237342
1.128377,-0.529028,-8.334259,0.877854,0.0578065819,1.1893192865,-0.0114319066
1.129426,-1.021389,-9.950444,2.383759,0.065256158,1.1105666251,-0.0007896551
1.130443,-0.999773,-10.264104,2.599917,0.0535496813,0.9956303085,-0.0061107808
1.131495,-0.031863,-8.039754,0.930692,0.0056595494,0.9477401766,-0.0284595091
1.132541,0.133858,-8.082852,0.712132,-0.0358452316,0.998822984,-0.0497440121
1.13359,-0.20479,-9.861853,0.632874,-0.0560655095,1.0733187447,-0.0508082373
1.13464,0.390847,-11.020718,-0.531981,-0.0550012844,1.1361080288,-0.0422944361
1.135657,0.962466,-12.052682,-1.862557,-0.0411663574,1.2297598423,-0.0454871115
1.136706,0.412463,-11.161985,-1.965833,-0.017753404,1.3202189804,-0.0593220385
1.137755,-0.50501,-9.512279,-0.361456,0.0194944764,1.3202189804,-0.0635789391
1.138804,-0.848462,-10.668749,0.097281,0.065256158,1.2670077227,-0.0433586612
1.139822,-0.411342,-10.118049,-0.861022,0.0780268598,1.2702003982,-0.0178172575
1.140873,-1.32161,-8.039754,3.051448,0.0461001052,1.1967688626,-0.0061107808
1.14192,-1.23995,-10.800438,3.361276,0.065256158,1.0445846656,0.0013387952
1.142969,-0.139943,-9.543405,1.490303,0.0301367279,0.9626393288,-0.0146245821
1.143989,0.542158,-8.157077,0.901871,-0.0049827022,0.9828596067,-0.0422944361
1.145036,0.400454,-10.067767,-0.38067,-0.0220103046,1.0743829699,-0.0529366876
1.146085,0.179492,-12.610566,-0.43591,-0.0369094568,1.1627136577,-0.0497440121
1.147134,0.275562,-11.243393,-0.457526,-0.0273314304,1.220181816,-0.048679787
1.148183,0.174688,-7.996656,-1.925003,-0.0156249537,1.2584939215,-0.0540009127
1.1492,-0.096711,-9.229745,-1.502293,-0.0103038279,1.2882922258,-0.0497440121
1.15025,-0.622697,-12.890704,-0.515168,0.0258798273,1.3117051792,-0.0305879594
1.151299,-1.32161,-11.173956,0.716936,0.0524854561,1.2744572988,-0.0135603569
1.152348,-1.340824,-6.485822,1.641614,0.0503570058,1.1595209822,-0.0124961318
1.153367,-1.103049,-7.592011,2.455811,0.0769626347,1.0307497386,-0.0167530324
1.154414,-0.723571,-10.810015,2.741621,0.086540661,0.9424190508,-0.0124961318
1.155463,0.650237,-8.777214,0.397501,0.0280082776,0.9615751036,-0.0178172575
1.156512,1.459631,-6.981452,-0.767353,-0.0358452316,1.0946032478,-0.0412302109
1.157529,0.727094,-11.090154,-0.270189,-0.0677719862,1.2180533656,-0.0550651379
1.158579,0.378838,-14.935478,-0.570409,-0.0528728341,1.2776499742,-0.048679787
1.159628,0.431677,-12.057471,-1.106002,0.0024668739,1.324475881,-0.0497440121
1.160677,-0.202388,-6.89765,-1.278929,0.0418432046,1.3372465829,-0.062514714
1.161726,-0.860471,-7.237647,-0.964298,0.0524854561,1.3021271528,-0.0561293631
1.162746,-1.235146,-11.700713,0.114093,0.0833479856,1.2638150473,-0.0220741581
1.163792,-1.352833,-11.741417,1.163663,0.1035682635,1.2180533656,0.0130452719
1.164842,-1.052612,-7.524969,0.976326,0.0716415089,1.1382364791,0.0162379474
1.165891,-0.982961,-7.553701,2.407776,0.051421231,1.0328781889,-0.0050465557
1.166908,0.4629,-9.991148,0.399903,-0.0081753776,0.9945660834,-0.0391017606
1.167957,0.880806,-8.786791,0.032433,-0.0464874832,1.1573925319,-0.048679787
1.169006,0.131456,-10.216217,0.395099,-0.0581939599,1.2712646233,-0.0497440121
1.170055,0.362026,-12.462116,-1.031547,-0.0507443838,1.2936133516,-0.0454871115
1.171072,0.868797,-11.796487,-2.054698,-0.0124322782,1.3393750332,-0.0497440121
1.172123,0.042591,-8.212147,-1.134823,0.0407789794,1.365980662,-0.0603862637
1.173171,-0.966149,-7.237647,-0.044423,0.0748341844,1.2936133516,-0.0540009127
1.17422,-1.23995,-10.759734,0.193351,0.1078251641,1.2084753393,-0.021009933
1.175239,-1.127067,-11.695924,0.392698,0.114210515,1.1754843595,0.0151737222
1.176286,-0.987765,-8.226513,1.250127,0.079091085,1.1244015521,0.0215590732
1.177335,-1.148683,-7.587222,2.854504,0.0641919328,1.012657911,-0.0018538802
1.178384,-0.533832,-9.857065,2.100351,0.0407789794,0.9456117263,-0.0252668336
1.179433,1.077751,-10.651988,0.188548,-0.0071111525,1.0456488908,-0.0412302109
1.180451,1.120983,-10.144387,0.116495,-0.0411663574,1.2521085706,-0.0540009127
1.1815,-0.233611,-10.153964,0.539205,-0.0560655095,1.3446961589,-0.0540009127
1.182549,0.071412,-11.051845,-0.474338,-0.045423258,1.3127694043,-0.0444228864
1.183598,1.120983,-10.697481,-2.597496,-0.0145607286,1.3468246092,-0.0433586612
1.184618,0.102635,-8.758059,-1.610372,0.0194944764,1.4011000921,-0.0476155618
1.185664,-1.549777,-7.92722,0.81781,0.0535496813,1.3234116559,-0.0337806348
1.186713,-2.015719,-10.395793,1.307769,0.1078251641,1.1669705583,-0.0061107808
1.187762,-1.686677,-11.820431,1.399036,0.141880369,1.0371350895,0.0119810468
1.188779,-0.536233,-8.056515,0.193351,0.0993113629,0.9881807325,0.0013387952
1.189828,0.133858,-6.777932,0.464751,0.0407789794,1.026492838,-0.0295237342
1.190878,-0.269638,-10.82917,2.153189,0.0109806751,1.0914105724,-0.0433586612
1.191927,0.227527,-12.033528,1.233314,-0.0113680531,1.1616494325,-0.0380375354
1.192976,0.64063,-9.160309,-0.464731,-0.0241387549,1.3340539074,-0.048679787
1.193996,0.405257,-11.059028,-0.767353,-0.0283956555,1.3234116559,-0.0412302109
1.198158,-1.566589,-9.866642,1.507115,0.106760939,1.116951976,-0.0061107808
1.195042,0.568577,-11.590573,-0.882638,0.0003384236,1.3255401062,-0.0263310588
1.199207,-1.314404,-11.906627,1.139646,0.1312381175,1.0371350895,0.0077241462
1.200256,-0.485796,-8.463554,-0.073244,0.0833479856,1.0233001625,-0.0082392311
1.196091,-0.197585,-8.724538,-0.72172,0.0429074297,1.3276685565,-0.0220741581
1.201305,-0.063086,-7.034128,0.178941,0.0216229267,1.0658691687,-0.0433586612
1.19714,-1.196718,-6.847369,0.616062,0.0663203831,1.2435947693,-0.021009933
1.202322,-0.276843,-11.116492,1.134842,-0.0060469273,1.1414291546,-0.0540009127
1.203374,0.107439,-12.940986,0.551214,-0.0145607286,1.2255029417,-0.0412302109
1.204421,0.438882,-10.118049,0.260601,-0.0017900267,1.3031913779,-0.0391017606
1.20547,0.071412,-7.960741,-0.082851,0.0109806751,1.3255401062,-0.0401659857
1.206519,0.253946,-9.375801,-0.644864,0.00991645,1.2999987025,-0.0284595091
1.207536,0.450891,-11.870712,-0.709711,0.023751377,1.3063840534,-0.0156888072
1.208585,-0.279245,-10.429314,-0.128485,0.0418432046,1.3138336295,-0.0093034563
1.209634,-0.949336,-6.833002,1.043575,0.0567423567,1.2361451933,-0.0103676814
1.210683,-1.206325,-8.228908,1.389429,0.0939902371,1.1190804264,-0.0114319066
1.211701,-1.163093,-11.351138,1.324581,0.1131462899,1.0488415662,-0.0039823305
1.213799,0.215518,-8.341442,-0.618444,0.0269440524,1.1116308503,-0.0391017606
1.214848,-0.00064,-11.312829,0.35427,-0.0060469273,1.220181816,-0.0476155618
1.215868,-0.019855,-12.28254,0.426322,-0.0124322782,1.3010629276,-0.0412302109
1.216915,0.208313,-9.708615,-0.291805,-0.0007258016,1.3425677086,-0.0391017606
1.212751,-0.392128,-9.550588,0.361475,0.0801553101,1.0445846656,-0.0135603569
1.219013,-0.334485,-11.7486,0.296627,0.058870807,1.3117051792,0.0013387952
1.217964,0.244339,-8.044543,0.15012,0.0216229267,1.352145735,-0.0316521845
1.220189,-0.829248,-9.665517,0.786587,0.065256158,1.2489158951,0.0034672456
1.22108,-0.644313,-7.151451,0.493572,0.0599350322,1.1637778828,-0.0124961318
1.222128,-0.461779,-8.80834,1.031566,0.0609992574,1.1116308503,-0.0220741581
1.223178,-0.649116,-10.522694,1.228511,0.065256158,1.0914105724,-0.0178172575
1.224227,-0.216799,-10.04143,-0.255778,0.0546139064,1.1126950754,-0.0199457078
1.225247,0.465301,-9.708615,-1.043556,0.0333294034,1.2031542135,-0.03484486
1.226294,0.17709,-10.343118,-0.440714,0.023751377,1.2936133516,-0.0433586612
1.227342,0.006565,-11.322406,-0.601632,0.0280082776,1.3372465829,-0.0412302109
1.228391,0.181894,-10.853114,-0.928271,0.0461001052,1.3723660129,-0.0369733103
1.229409,-0.274441,-8.949607,0.250994,0.0663203831,1.3776871387,-0.0242026084
1.230458,-0.656321,-8.786791,1.161262,0.079091085,1.3223474307,-0.0039823305
1.231507,-0.956542,-10.817199,1.461482,0.092926012,1.2340167429,0.0119810468
1.232556,-1.033398,-10.039035,1.716069,0.0748341844,1.1424933797,0.0130452719
1.233573,-0.199987,-7.017367,1.029165,0.0301367279,1.095667473,-0.007175006
1.234624,0.018574,-8.015811,1.146851,0.0109806751,1.1095024,-0.0295237342
1.235671,-0.579465,-10.410159,1.836157,0.0109806751,1.1158877509,-0.0263310588
1.236721,0.102635,-10.381427,0.373484,0.0248156021,1.1244015521,-0.0167530324
1.237769,1.084956,-10.826776,-1.896182,0.0343936285,1.2180533656,-0.0220741581
1.238787,0.568577,-11.753389,-2.167581,0.0248156021,1.3425677086,-0.0380375354
1.239836,-0.154353,-10.845931,-1.142028,0.0258798273,1.3968431915,-0.0465513367
1.240885,-0.382521,-10.084528,-0.555998,0.0578065819,1.3872651651,-0.0380375354
1.241934,-0.375315,-9.991148,-0.474338,0.0950544623,1.3787513638,-0.0156888072
1.242952,-0.411342,-8.336653,-0.246171,0.0982471377,1.3787513638,0.0013387952
1.244001,-1.045407,-7.920037,1.903406,0.0993113629,1.3031913779,0.0109168216
1.24505,-0.6275,-9.708615,1.917817,0.0907975617,1.0371350895,0.0034672456
1.249214,0.400454,-12.153245,-0.736131,-0.0166891789,1.2521085706,-0.0284595091
1.250263,0.587791,-11.23621,-2.078716,-0.0092396028,1.3595953111,-0.0369733103
1.247118,0.27316,-9.102845,0.40951,0.0205587015,1.0765114202,-0.0337806348
1.246098,0.107439,-8.930452,1.266939,0.0461001052,1.0105294607,-0.021009933
1.248165,0.145867,-10.441286,-0.087655,-0.003918477,1.1669705583,-0.0316521845
1.251312,-0.14955,-8.980733,-0.865826,0.0141733506,1.4191919197,-0.0433586612
1.252329,-0.896498,-9.904952,0.431126,0.0609992574,1.3744944632,-0.0305879594
1.253379,-0.77641,-11.545081,-0.075646,0.1014398132,1.3255401062,-0.0082392311
1.254428,-0.610688,-8.748481,0.301431,0.092926012,1.3138336295,0.0045314707
1.255476,-1.059818,-6.689342,2.227644,0.0844122107,1.2521085706,0.0077241462
1.256496,-1.292788,-9.718193,3.445337,0.1035682635,1.1329153534,0.0130452719
1.257543,-0.384922,-10.843536,1.982664,0.0844122107,1.0552269171,0.0077241462
1.258592,0.731897,-8.434822,0.118897,0.0322651782,1.095667473,-0.0188814827
1.259641,0.683862,-8.511441,-0.483945,-0.003918477,1.2159249153,-0.0433586612
1.260658,0.198706,-11.348744,-0.568007,-0.0220103046,1.3021271528,-0.0433586612
1.261708,0.412463,-12.744649,-1.341375,-0.0220103046,1.3542741853,-0.0359090851
1.262757,0.383642,-10.513116,-2.011466,0.0109806751,1.4138707939,-0.0412302109
1.263806,-0.61309,-7.860178,-0.868227,0.0546139064,1.4042927675,-0.048679787
1.264855,-1.256762,-9.938473,0.186146,0.0961186874,1.3234116559,-0.0327164097
1.265874,-0.982961,-12.186766,-0.241368,0.120595866,1.2957418019,0.0045314707
1.266921,-0.793222,-8.64313,-0.159708,0.0907975617,1.3138336295,0.0247517486
1.26797,-1.100647,-6.270331,2.633542,0.0705772837,1.2382736436,0.020494848
1.269019,-1.014184,-9.34228,3.512587,0.0844122107,1.0967316981,0.0087883713
1.270036,0.088225,-10.941705,1.471089,0.0535496813,1.0413919901,-0.0061107808
1.271086,0.892815,-8.851438,1.060388,0.0141733506,1.1180162012,-0.0263310588
1.272135,0.352419,-12.759015,-0.481544,-0.0188176292,1.3074482786,-0.0444228864
1.273184,0.484516,-12.466905,-0.515168,-0.0007258016,1.3542741853,-0.0337806348
1.274201,0.27316,-8.20257,-1.783299,0.0322651782,1.3979074166,-0.0337806348
1.27525,-0.269638,-7.357365,-1.302946,0.0482285555,1.3979074166,-0.0359090851
1.276299,-0.70916,-11.281702,-0.59923,0.0822837604,1.3787513638,-0.0188814827
1.277348,-1.206325,-12.047894,0.383091,0.1110178396,1.3500172847,0.0055956959
1.278398,-1.530563,-7.678208,1.437464,0.0993113629,1.2584939215,0.0087883713
1.279414,-1.400868,-7.275957,2.364544,0.1035682635,1.123337327,-0.0018538802
1.280464,-0.802829,-10.616073,2.784853,0.1078251641,1.0413919901,-0.007175006
1.282562,1.072947,-8.262429,-0.402286,-0.0326525562,1.2148606902,-0.0327164097
1.281513,0.446087,-10.335934,0.589642,0.0492927807,1.0765114202,-0.0156888072
1.28358,0.527747,-9.315942,0.202958,-0.0688362114,1.3351181325,-0.0401659857
1.284629,0.5998,-12.217892,-0.76255,-0.0613866353,1.3808798142,-0.0327164097
1.286727,0.35482,-9.227351,-1.459061,0.0439716549,1.4755958528,-0.0359090851
1.285678,1.077751,-12.397469,-2.078716,-0.0230745298,1.4340910718,-0.0295237342
1.287747,-0.906105,-7.101169,-0.287001,0.1025040383,1.4159992442,-0.0359090851
1.289842,-1.556982,-12.239442,1.069995,0.1748713488,1.2148606902,0.0194306229
1.288793,-1.571393,-9.722981,0.397501,0.1461372696,1.2999987025,-0.0146245821
1.290891,-0.901301,-9.069324,0.462349,0.1376234684,1.1690990086,0.0279444241
1.29194,-0.639509,-6.885678,1.600784,0.0833479856,1.1265300024,0.0024030204
1.292958,-0.87248,-9.57932,2.97219,0.0546139064,1.0850252214,-0.021009933
1.294007,0.208313,-10.927339,1.002745,0.0131091254,1.1275942276,-0.0273952839
1.295056,1.140197,-9.56256,0.195753,-0.0209460795,1.2808426497,-0.03484486
1.296105,0.21792,-9.41411,0.356671,-0.0337167813,1.3925862908,-0.0391017606
1.298172,0.126653,-10.039035,-1.547926,0.0343936285,1.4234488203,-0.0284595091
1.297124,-0.084702,-11.320012,-0.361456,-0.0358452316,1.3893936154,-0.0316521845
1.299221,-0.922917,-7.014973,-0.005995,0.0684488334,1.3702375626,-0.0284595091
1.301287,-1.506545,-11.695924,1.0772,0.1354950181,1.1456860552,0.0098525965
1.30027,-1.573795,-8.032571,0.779381,0.100375588,1.2446589945,-0.0146245821
1.302336,-0.73558,-10.285653,0.426322,0.120595866,1.116951976,0.0173021725
1.303385,-0.154353,-6.921593,0.291824,0.0599350322,1.1265300024,-0.0093034563
1.304435,-0.281647,-8.894537,1.747292,0.023751377,1.1520714061,-0.0316521845
1.305452,-0.003042,-12.272962,1.360608,0.0141733506,1.2052826638,-0.0295237342
1.306501,0.68146,-11.679164,0.320645,0.0056595494,1.3085125037,-0.0284595091
1.30755,0.501328,-8.805946,-0.121279,-0.0060469273,1.4053569927,-0.0391017606
1.308599,0.124251,-8.820312,-0.212546,-0.0166891789,1.4128065688,-0.0391017606
1.309649,0.347615,-11.966486,-0.690497,-0.0081753776,1.4021643172,-0.021009933
1.310666,0.160278,-11.355927,-1.154037,0.0248156021,1.4394121976,-0.0093034563
1.311715,-0.649116,-6.646243,-0.030012,0.0535496813,1.4117423436,-0.0199457078
1.312764,-1.266369,-6.895256,1.098816,0.0769626347,1.2819068749,-0.0231383833
1.313813,-1.532965,-11.425363,1.84096,0.1163389653,1.1488787307,-0.0018538802
1.316929,0.321196,-9.541011,0.080469,0.0322651782,1.1967688626,-0.0273952839
1.314831,-0.879685,-10.975226,1.146851,0.1323023427,1.0775756454,0.0173021725
1.31588,0.407659,-7.7237,-0.294206,0.092926012,1.0988601484,0.0013387952
1.317978,-0.228808,-12.677607,0.551214,-0.0166891789,1.2904206761,-0.0369733103
1.318998,0.256348,-10.874663,0.142914,-0.0347810065,1.3755586884,-0.0401659857
1.320045,0.244339,-8.276795,0.08287,-0.0252029801,1.4319626215,-0.0401659857
1.321094,-0.015051,-9.481152,0.087674,-0.0092396028,1.4202561448,-0.0252668336
1.322143,0.160278,-11.631277,-0.447919,0.0216229267,1.4053569927,-0.0050465557
1.323192,-0.982961,-7.005396,0.796194,0.0609992574,1.3053198282,-0.0103676814
1.324209,-1.067023,-8.032571,1.559954,0.0897333365,1.1744201343,-0.0146245821
1.325258,-1.006979,-11.547475,1.19969,0.1110178396,1.1020528239,-0.0039823305
1.326308,-0.382521,-10.230583,0.202958,0.0844122107,1.1084381748,-0.0061107808
1.327357,0.386043,-7.924825,-0.85862,0.0280082776,1.1808054853,-0.0337806348
1.328375,0.229929,-10.350301,-0.361456,-0.0166891789,1.2936133516,-0.0497440121
1.329423,-0.147148,-12.608171,0.378287,-0.0134965034,1.3830082645,-0.0422944361
1.330472,0.057002,-10.465229,-0.121279,0.0109806751,1.4245130455,-0.0359090851
1.331521,0.145867,-8.224119,0.080469,0.0290725027,1.4255772706,-0.0316521845
1.332538,-0.022256,-9.172281,0.447938,0.0386505291,1.4053569927,-0.0156888072
1.333588,-0.509814,-11.410997,0.726543,0.0567423567,1.365980662,0.0024030204
1.334637,-0.990166,-10.836353,1.230913,0.0641919328,1.2904206761,0.006659921
1.335686,-0.452172,-7.479477,0.421519,0.0290725027,1.2191175908,-0.0103676814
1.336735,-0.132737,-7.204126,0.85864,0.0024668739,1.1946404123,-0.0284595091
1.337752,-0.701955,-10.175513,1.833755,0.0163018009,1.1839981607,-0.0252668336
1.338802,-0.209594,-10.805227,0.426322,0.0290725027,1.1967688626,-0.0178172575
1.339851,0.710281,-9.382984,-0.988316,0.0258798273,1.2819068749,-0.0273952839
1.3409,0.181894,-10.620862,-1.1036,0.0163018009,1.3808798142,-0.0422944361
1.341918,-0.332084,-12.311272,-0.786568,0.0131091254,1.4245130455,-0.0508082373
1.342966,-0.151951,-10.901001,-0.644864,0.0312009531,1.4415406479,-0.0497440121
1.344016,-0.324878,-9.014254,0.039639,0.051421231,1.4457975485,-0.0316521845
1.346082,-0.754794,-9.660728,1.495107,0.0609992574,1.365980662,0.0077241462
1.347132,-1.273574,-10.565792,2.700791,0.0578065819,1.2574296963,0.0098525965
1.345065,-0.430556,-8.283978,0.656892,0.0556781316,1.4266414958,-0.007175006
1.348181,-0.632304,-7.972712,1.567159,0.0226871518,1.1659063331,-0.007175006
1.351297,0.888012,-10.410159,-1.658407,-0.0198818543,1.2840353252,-0.0316521845
1.34923,0.011368,-7.534547,0.702525,-0.0124322782,1.151007181,-0.0359090851
1.350279,-0.144746,-10.656777,0.433528,-0.0252029801,1.2084753393,-0.0316521845
1.352346,0.96727,-11.590573,-2.703174,-0.0262672052,1.4159992442,-0.0454871115
1.353395,0.165081,-10.972831,-1.466266,-0.0081753776,1.5160364087,-0.0540009127
1.354444,-0.687544,-9.969599,-0.145297,0.0429074297,1.5085868326,-0.0465513367
1.355461,-0.742785,-10.295231,-0.426303,0.0886691114,1.4585682504,-0.0273952839
1.35651,-0.305664,-8.724538,-0.678488,0.0854764359,1.4511186743,-0.0124961318
1.35756,-0.802829,-7.374125,1.283751,0.0609992574,1.4138707939,-0.0050465557
1.358609,-1.513751,-9.6727,3.62547,0.0833479856,1.2765857491,0.0045314707
1.359627,-0.939729,-10.412554,2.691184,0.079091085,1.1339795785,0.0045314707
1.360675,0.297178,-8.53299,0.99554,0.0216229267,1.0946032478,-0.0199457078
1.361724,0.688665,-8.645524,0.512786,-0.0156249537,1.172291684,-0.0422944361
1.362774,0.145867,-10.340723,0.23178,-0.0358452316,1.2744572988,-0.0444228864
1.363791,0.17709,-12.18916,-0.323027,-0.0464874832,1.338310808,-0.0412302109
1.36484,0.693469,-11.530714,-1.641595,-0.0326525562,1.4245130455,-0.0476155618
1.365889,0.032984,-8.590454,-1.451856,-0.0124322782,1.4894307798,-0.0561293631
1.366938,-0.982961,-9.801995,-0.200538,0.0163018009,1.4553755749,-0.0497440121
1.36799,-1.030996,-12.802114,-0.267787,0.0599350322,1.4128065688,-0.0252668336
1.369005,-0.829248,-9.339885,-0.09486,0.0684488334,1.4000358669,-0.0114319066
1.370054,-1.038202,-5.082734,1.646418,0.0471643304,1.3287327816,-0.0156888072
1.371103,-1.242351,-8.382146,3.3949,0.0663203831,1.2010257632,-0.0135603569
1.372152,-0.567456,-11.683953,2.561489,0.0705772837,1.116951976,-0.0039823305
1.37317,0.724692,-9.306365,0.296627,0.0163018009,1.1467502804,-0.0146245821
1.374219,1.10417,-8.061303,-0.51757,-0.031588331,1.2584939215,-0.0412302109
1.375268,0.359624,-11.193111,-0.248573,-0.0581939599,1.3425677086,-0.0540009127
1.376317,0.450891,-10.572975,-1.639193,-0.0209460795,1.4372837473,-0.0561293631
1.377335,-0.211995,-7.091592,-1.305348,0.0045953242,1.4681462768,-0.0603862637
1.378384,-0.939729,-9.217774,-0.359054,0.0301367279,1.4319626215,-0.0465513367
1.379433,-1.196718,-12.914648,-0.070842,0.0663203831,1.4042927675,-0.0146245821
1.380482,-1.314404,-9.89298,0.755364,0.0673846083,1.3713017878,0.0098525965
1.381531,-1.129469,-6.10512,2.054717,0.0567423567,1.2680719479,0.0077241462
1.383598,0.047395,-10.764523,1.735283,0.0407789794,1.1031170491,-0.021009933
1.382549,-0.853266,-8.614398,3.034636,0.0673846083,1.1467502804,-0.007175006
1.384647,1.142598,-9.047775,-0.042021,-0.0230745298,1.199961538,-0.0391017606
1.385696,0.794343,-8.758059,0.176539,-0.0667077611,1.3553384105,-0.0593220385
1.386713,0.081019,-11.791698,0.169334,-0.0720288868,1.4255772706,-0.0582578134
1.387762,0.498926,-13.25704,-1.014735,-0.0486159335,1.4500544491,-0.0465513367
1.388812,0.532551,-10.254527,-1.956226,-0.003918477,1.5022014817,-0.0518724624
1.389861,-0.538635,-6.998212,-0.964298,0.0397147543,1.4947519056,-0.0646431643
1.390878,-1.134272,-8.674257,0.073263,0.0737699592,1.4191919197,-0.0497440121
1.391927,-1.146281,-12.131696,-0.05403,0.0961186874,1.3776871387,-0.0124961318
1.392976,-1.244753,-10.486778,0.61366,0.0748341844,1.3489530595,0.0119810468
1.394025,-1.247155,-7.146662,2.196421,0.051421231,1.2510443454,0.006659921
1.395074,-0.980559,-8.085247,2.681577,0.0503570058,1.137172254,-0.0156888072
1.396092,0.044993,-9.995937,1.230913,0.0141733506,1.1222731018,-0.03484486
1.397141,1.101768,-9.950444,0.188548,-0.0401021322,1.2435947693,-0.0476155618
1.39819,0.791941,-10.249738,0.111692,-0.073093112,1.3989716418,-0.0550651379
1.399242,0.213116,-11.432546,-0.335036,-0.0752215623,1.4681462768,-0.0529366876
1.400256,0.501328,-11.547475,-1.406222,-0.0528728341,1.4947519056,-0.048679787
1.401306,0.364427,-9.940867,-1.81212,-0.0113680531,1.5330640111,-0.0508082373
1.402355,-1.266369,-8.406089,0.512786,0.086540661,1.4117423436,-0.0369733103
1.403404,-1.456108,-11.657615,1.000344,0.1174031905,1.3138336295,-0.0093034563
1.404421,-1.25436,-10.903395,1.007549,0.1035682635,1.2478516699,0.006659921
1.405471,-0.73558,-7.364548,1.216502,0.0546139064,1.1903835117,-0.0093034563
1.406519,-0.502609,-8.006233,1.992271,0.0194944764,1.1669705583,-0.0359090851
1.407569,-0.142344,-10.493961,1.699256,-0.0113680531,1.2084753393,-0.0444228864
1.40862,0.693469,-10.93931,0.743355,-0.0390379071,1.3148978546,-0.0444228864
1.409635,0.835173,-9.888191,-0.109271,-0.0539370592,1.4479259988,-0.0497440121
1.410684,0.285169,-9.849882,-0.671283,-0.0635150856,1.4968803559,-0.0518724624
1.411734,0.551765,-11.885078,-1.281331,-0.0539370592,1.4819812038,-0.048679787
1.412782,0.729495,-11.595362,-1.631988,-0.0092396028,1.5128437332,-0.0465513367
1.413799,-0.459377,-7.527364,-0.274992,0.0429074297,1.5085868326,-0.0465513367
1.414849,-1.655455,-6.725257,0.800997,0.0716415089,1.3979074166,-0.0391017606
1.415898,-1.94847,-10.855508,1.603186,0.1056967138,1.2489158951,-0.0124961318
1.416947,-1.19912,-11.082971,1.382224,0.1120820647,1.1467502804,0.0109168216
1.417964,-0.031863,-7.814685,-0.085253,0.0609992574,1.1403649294,-0.0061107808
1.419013,-0.015051,-8.95679,0.925889,0.0035310991,1.2095395644,-0.0422944361
1.420062,-0.308066,-11.80367,1.382224,-0.0390379071,1.2850995503,-0.0571935882
1.421111,0.311589,-11.245787,0.692918,-0.0539370592,1.365980662,-0.0540009127
1.42216,0.405257,-8.810734,0.347064,-0.0464874832,1.4511186743,-0.0529366876
1.423178,0.157876,-8.674257,-0.632855,-0.0464874832,1.4755958528,-0.0454871115
1.424227,0.434079,-11.585784,-0.625649,-0.0337167813,1.4734674025,-0.0295237342
1.425276,-0.072693,-12.193949,-0.731327,0.0067237745,1.4851738792,-0.0220741581
1.426326,-0.867677,-8.121162,-0.17652,0.0312009531,1.4340910718,-0.0305879594
1.427343,-0.958944,-6.430752,1.03637,0.0503570058,1.3212832055,-0.0369733103
1.428392,-0.867677,-11.202689,0.839425,0.092926012,1.206346889,-0.007175006
1.429441,-0.0823,-8.207359,0.008416,0.0471643304,1.2233744914,-0.0188814827
1.430493,0.390847,-8.844255,-0.102065,0.0035310991,1.2946775767,-0.0454871115
1.431507,0.174688,-12.184372,0.332654,-0.0262672052,1.3840724896,-0.0540009127
1.432557,0.085823,-12.359159,0.395099,-0.0326525562,1.4500544491,-0.0476155618
1.433606,0.174688,-9.038198,-0.068441,-0.0220103046,1.4947519056,-0.048679787
1.434655,0.025779,-7.752432,-0.090056,-0.0092396028,1.4915592301,-0.0454871115
1.435672,-0.115925,-10.661566,0.435929,0.00991645,1.4575040252,-0.0252668336
1.436721,-0.392128,-12.124513,-0.234162,0.0312009531,1.4447333234,-0.0061107808
1.43777,-0.632304,-8.322287,-0.075646,0.023751377,1.4170634694,-0.0093034563
1.438819,-0.742785,-5.70287,1.163663,0.0205587015,1.3351181325,-0.0252668336
1.439871,-1.11746,-9.758896,1.571963,0.0524854561,1.2361451933,-0.0295237342
1.440886,-0.896498,-12.517186,1.149253,0.072705734,1.186126611,-0.0220741581
1.441935,0.179492,-9.52425,-0.488749,0.0578065819,1.2265671669,-0.0327164097
1.442984,0.467703,-8.444399,-1.173251,0.0152375758,1.3276685565,-0.0550651379
1.44505,0.064207,-12.256202,-0.169315,-0.0145607286,1.490495005,-0.0508082373
1.4461,0.076216,-9.438054,0.006014,0.0077879997,1.5415778124,-0.048679787
1.447149,-0.389726,-7.704545,1.012352,0.0216229267,1.5107152829,-0.0412302109
1.444033,-0.034265,-11.358321,-0.246171,-0.017753404,1.4170634694,-0.0582578134
1.449215,-0.730776,-11.964092,1.017156,0.0482285555,1.3766229135,-0.0018538802
1.450264,-0.711562,-8.528201,0.971522,0.0226871518,1.3191547552,-0.0029181054
1.448198,-0.529028,-10.161147,1.168467,0.037586304,1.4330268467,-0.0199457078
1.451313,-0.23121,-6.287091,0.70973,-0.003918477,1.2648792724,-0.0231383833
1.452362,-0.428154,-9.258478,1.411045,-0.0007258016,1.2404020939,-0.0369733103
1.453412,-0.464181,-10.984803,1.125235,0.0109806751,1.2372094184,-0.0327164097
1.454429,1.005698,-10.838748,-1.749674,0.0003384236,1.4383479725,-0.0529366876
1.455478,0.088225,-11.008746,-0.954691,-0.0092396028,1.539449362,-0.0614504888
1.456527,-0.31287,-10.369455,-0.123681,0.0088522248,1.5500916136,-0.0518724624
1.457576,-0.305664,-9.687066,-0.31342,0.0471643304,1.5298713357,-0.0369733103
1.458593,-0.27204,-9.009465,0.097281,0.0641919328,1.5064583823,-0.0178172575
1.459642,-0.495403,-9.299182,1.15886,0.0631277077,1.4692105019,-0.0007896551
1.460691,-1.326413,-10.412554,2.076333,0.065256158,1.3787513638,0.0045314707
1.461743,-1.292788,-9.567349,2.419785,0.0482285555,1.2467874448,-0.0061107808
1.462757,-0.024658,-7.690179,0.961915,0.0077879997,1.1946404123,-0.0305879594
1.463807,0.277964,-8.10919,0.556018,-0.031588331,1.2563654712,-0.0454871115
1.464856,-0.324878,-9.529039,1.074798,-0.0464874832,1.3148978546,-0.0380375354
1.465905,0.232331,-11.279308,-0.582418,-0.031588331,1.3532099602,-0.0316521845
1.466954,0.849583,-12.639298,-2.297276,-0.0156249537,1.4511186743,-0.0433586612
1.467971,0.17709,-10.86748,-1.881771,0.0035310991,1.5405135872,-0.0635789391
1.46902,-0.54584,-9.040592,-0.323027,0.0354578537,1.5245502099,-0.0678358397
1.470069,-0.620295,-10.556215,-0.347045,0.0758984095,1.4809169786,-0.0444228864
1.471121,-0.298459,-10.144387,-1.194867,0.0780268598,1.5139079584,-0.0135603569
1.472136,-0.601081,-7.022156,0.743355,0.0439716549,1.5309355608,0.0013387952
1.473185,-1.40327,-8.221725,3.351669,0.0578065819,1.4106781185,0.006659921
1.474234,-1.184709,-11.286491,2.974592,0.0737699592,1.2542370209,0.006659921
1.475283,-0.27204,-9.806783,1.732881,0.0365220788,1.1871908362,-0.0146245821
1.4763,0.31399,-7.280746,0.692918,0.0067237745,1.2116680147,-0.0444228864
1.477349,0.29958,-8.870593,-0.445517,-0.0145607286,1.2946775767,-0.0571935882
1.478398,0.316392,-12.423806,-0.347045,-0.0358452316,1.3808798142,-0.0454871115
1.479448,0.707879,-12.510003,-1.238099,-0.0305241059,1.4734674025,-0.0369733103
1.480499,-0.536233,-8.521018,-0.601632,0.0216229267,1.5373209117,-0.0476155618
1.481514,-0.725973,-12.129302,-0.294206,0.0620634825,1.5096510577,-0.0305879594
1.482563,-0.742785,-11.494799,0.133307,0.0748341844,1.5096510577,-0.007175006
1.483612,-0.951738,-6.466667,1.550347,0.051421231,1.4553755749,-0.0018538802
1.484661,-1.069425,-6.947931,3.056252,0.0705772837,1.3308612319,-0.0061107808
1.485678,-0.802829,-10.800438,2.948173,0.0854764359,1.2286956172,-0.0029181054
1.486727,0.275562,-9.722981,0.976326,0.0397147543,1.2212460411,-0.0082392311
1.487777,1.080153,-7.735672,-0.327831,-0.0060469273,1.3138336295,-0.0305879594
1.488825,0.549363,-10.101288,-0.652069,-0.0379736819,1.4181276945,-0.0454871115
1.489843,0.208313,-13.359997,-0.652069,-0.0475517083,1.4681462768,-0.0444228864
1.490892,0.472507,-12.395074,-1.372597,-0.017753404,1.5149721835,-0.0465513367
1.491941,-0.132737,-7.989473,-1.396615,0.0269440524,1.5511558387,-0.0593220385
1.492992,-0.937328,-7.194549,-0.371063,0.0567423567,1.5149721835,-0.0582578134
1.494007,-1.201521,-11.645643,-0.157306,0.0897333365,1.4745316277,-0.0242026084
1.495056,-1.408073,-12.055077,0.500777,0.0939902371,1.4606967007,0.0162379474
1.496106,-1.21353,-7.261591,1.427857,0.0631277077,1.3957789663,0.0279444241
1.497154,-0.826847,-7.199338,2.640747,0.065256158,1.2744572988,0.0109168216
1.498203,-0.432958,-10.486778,2.561489,0.0578065819,1.186126611,-0.0124961318
1.49922,0.520542,-9.914529,0.635276,0.0045953242,1.2159249153,-0.0327164097
1.50027,0.916833,-8.188204,0.056451,-0.0390379071,1.3606595362,-0.0465513367
1.501319,0.323597,-10.570581,-0.234162,-0.0571297347,1.4798527534,-0.0476155618
1.50237,0.47731,-13.546756,-0.949887,-0.0486159335,1.5277428854,-0.0380375354
1.503385,0.710281,-11.219449,-1.331768,-0.0017900267,1.5745687921,-0.0359090851
1.504434,-0.192781,-7.038916,-1.012333,0.0503570058,1.5681834412,-0.0454871115
1.505483,-0.733178,-7.963135,-0.548793,0.0812195353,1.5011372565,-0.0412302109
1.506532,-1.194316,-11.384659,0.644883,0.1131462899,1.4447333234,0.0141094971
1.50755,-1.249557,-6.672581,1.567159,0.0769626347,1.3595953111,0.0109168216
1.508599,-1.055014,-7.441167,2.76804,0.0769626347,1.2467874448,-0.007175006
1.509648,-0.281647,-10.692692,1.913013,0.0641919328,1.2106037896,-0.0146245821
1.510697,0.909627,-10.606496,0.094879,0.0088522248,1.3063840534,-0.0220741581
1.511749,0.791941,-9.627207,0.270208,-0.0401021322,1.4543113498,-0.0369733103
1.512763,0.191501,-10.470018,-0.104467,-0.059258185,1.5309355608,-0.0444228864
1.513812,0.400454,-11.822825,-1.118011,-0.045423258,1.55966964,-0.0401659857
1.514862,0.38124,-10.805227,-1.483079,-0.003918477,1.601174421,-0.0380375354
1.51591,-0.31287,-7.843418,-0.604034,0.0503570058,1.5937248449,-0.0380375354
1.516928,-1.124665,-7.436378,0.265404,0.0907975617,1.5011372565,-0.0284595091
1.517978,-1.648249,-11.29128,0.632874,0.1291096672,1.3883293902,-0.0007896551
1.519027,-1.446501,-12.045499,0.882657,0.1333665678,1.3148978546,0.0215590732
1.520075,-0.665929,-7.498631,0.330252,0.079091085,1.2755215239,0.0087883713
1.521093,-0.394529,-7.00779,1.557552,0.0386505291,1.2563654712,-0.0199457078
1.522142,-0.375315,-10.671143,2.194019,0.023751377,1.2765857491,-0.0284595091
1.523191,0.566175,-11.96888,0.378287,-0.0017900267,1.3723660129,-0.0263310588
1.524243,0.938449,-10.422131,0.066058,-0.0166891789,1.5192290841,-0.0359090851
1.525289,0.006565,-9.004677,0.054049,-0.0198818543,1.5777614676,-0.0444228864
1.526306,0.105037,-10.623256,-0.76255,-0.0230745298,1.5405135872,-0.0369733103
1.527356,0.748709,-11.873106,-1.413427,0.0035310991,1.5617980903,-0.0252668336
1.528405,-0.10872,-9.016648,-0.916263,0.0429074297,1.5937248449,-0.021009933
1.529454,-1.309601,-6.682158,0.87305,0.0641919328,1.5075226074,-0.0178172575
1.530471,-1.753927,-9.356646,1.795327,0.1025040383,1.3553384105,-0.0029181054
1.53152,-1.487331,-11.549869,1.696855,0.1312381175,1.2372094184,0.0119810468
1.532569,-0.456975,-9.212985,0.635276,0.1025040383,1.199961538,-0.0007896551
1.53362,0.025779,-10.604102,0.784185,-0.0113680531,1.3638522117,-0.0454871115
1.534636,0.107439,-11.504377,0.748158,-0.0422305825,1.4521828994,-0.0391017606
1.535685,0.472507,-9.96481,0.279815,-0.0369094568,1.5234859847,-0.03484486
1.537783,0.321196,-10.137204,-0.455124,-0.003918477,1.5330640111,-0.0220741581
1.536734,0.321196,-8.820312,-0.4215,-0.017753404,1.5522200639,-0.0337806348
1.538833,0.210715,-11.779727,-0.635257,0.0301367279,1.5277428854,-0.0114319066
1.53985,-0.4906,-10.089317,-0.505561,0.0599350322,1.5160364087,-0.0082392311
1.540899,-0.836454,-7.02455,0.79139,0.0695130586,1.4457975485,-0.0082392311
1.541948,-0.889292,-8.209753,1.120432,0.0961186874,1.3542741853,-0.0061107808
1.542999,-1.052612,-10.786072,1.019558,0.1088893893,1.296806027,0.0002745701
1.544014,-0.553046,-9.454814,0.433528,0.0780268598,1.2893564509,-0.0082392311
1.545063,0.191501,-9.071718,-0.471937,0.0343936285,1.3553384105,-0.0316521845
1.546113,-0.091907,-11.899444,0.207762,0.0003384236,1.4532471246,-0.0444228864
1.547162,-0.399333,-12.234653,0.620865,-0.0166891789,1.5064583823,-0.0444228864
1.548179,0.083421,-9.08369,0.008416,-0.0134965034,1.5298713357,-0.0454871115
1.549228,0.261152,-7.55849,-0.178922,0.0024668739,1.5490273884,-0.0391017606
1.550277,0.030582,-9.919318,0.263003,0.0205587015,1.5479631633,-0.0167530324
1.551326,-0.339289,-11.834797,0.796194,0.0492927807,1.5234859847,0.0077241462
1.552377,-0.65392,-9.691855,0.548812,0.0631277077,1.4575040252,0.0109168216
1.553393,-0.44977,-7.383703,0.356671,0.0535496813,1.3691733375,-0.0103676814
1.554442,-0.322477,-8.904114,1.048379,0.0546139064,1.3148978546,-0.0263310588
1.555493,-0.493002,-10.386216,1.096414,0.0546139064,1.3053198282,-0.0220741581
1.55654,-0.183174,-9.457209,-0.087655,0.037586304,1.3297970068,-0.0252668336
1.557557,0.366829,-9.61763,-0.846612,0.0184302512,1.4106781185,-0.0369733103
1.558606,0.21792,-11.585784,-0.635257,0.0184302512,1.5213575344,-0.0422944361
1.559655,-0.075095,-9.505095,-0.344643,0.0471643304,1.6001101958,-0.0422944361
1.560704,-0.147148,-8.142711,0.553616,0.0556781316,1.5788256927,-0.0305879594
1.561722,-0.396931,-9.481152,0.959514,0.0609992574,1.5426420375,-0.0050465557
1.562771,-0.862873,-11.135647,1.533535,0.0673846083,1.4894307798,0.0130452719
1.563819,-1.11746,-9.835516,1.850567,0.0524854561,1.4000358669,0.0077241462
1.564871,-0.512216,-7.297506,0.990736,0.0120449003,1.3191547552,-0.0178172575
1.565886,-0.171166,-7.924825,1.343796,-0.0071111525,1.3021271528,-0.0359090851
1.566935,-0.339289,-9.770868,1.399036,-0.0028542519,1.3212832055,-0.0305879594
1.567984,0.304383,-10.905789,-0.54399,0.0014026488,1.3723660129,-0.0231383833
1.569033,0.895217,-12.050288,-1.704041,0.0035310991,1.4851738792,-0.0337806348
1.570082,0.450891,-10.944099,-1.588756,0.0131091254,1.587339494,-0.0508082373
1.5711,-0.195183,-9.347068,-1.074779,0.0280082776,1.6128808977,-0.0582578134
1.572149,-0.435359,-10.201851,-0.644864,0.0578065819,1.6107524473,-0.0412302109
1.573198,-0.267236,-9.89298,-0.450321,0.0854764359,1.6235231492,-0.0135603569
1.574249,-0.605884,-8.161866,0.887461,0.0854764359,1.59478907,0.0013387952
1.575264,-1.564188,-9.87622,2.655158,0.0939902371,1.4606967007,0.006659921
1.576313,-1.484929,-11.025507,2.784853,0.0897333365,1.2946775767,0.0045314707
1.577362,-0.106318,-7.821868,1.329385,0.0365220788,1.2233744914,-0.0188814827
1.578411,0.671853,-6.983846,0.387894,-0.0145607286,1.2840353252,-0.0422944361
1.579429,-0.034265,-9.222562,1.045977,-0.0347810065,1.3776871387,-0.0380375354
1.580477,-0.132737,-11.082971,0.375885,-0.0337167813,1.4138707939,-0.0242026084
1.581527,1.10417,-12.92662,-2.333302,-0.0262672052,1.4979445811,-0.0316521845
1.582575,1.032117,-11.794093,-2.53505,-0.0049827022,1.6469361026,-0.0550651379
1.583627,-0.622697,-8.738904,-0.534382,0.0343936285,1.6799270823,-0.0657073894
1.584642,-1.424885,-9.83791,0.039639,0.0769626347,1.5862752688,-0.048679787
1.585691,-0.377717,-7.793136,-0.387875,0.0822837604,1.567119216,0.0045314707
1.586742,-0.990166,-7.034128,2.309304,0.0631277077,1.5075226074,0.0013387952
1.587789,-1.232744,-10.53706,4.040974,0.0822837604,1.3627879865,0.0034672456
1.588806,-0.423351,-10.137204,2.145984,0.0620634825,1.2670077227,-0.007175006
1.589855,0.39565,-7.735672,0.983531,0.0173660261,1.2733930736,-0.03484486
1.590904,0.580586,-9.007071,-0.075646,-0.0071111525,1.3627879865,-0.048679787
1.591953,0.364427,-12.277751,-0.808183,-0.0337167813,1.4617609258,-0.0465513367
1.59297,0.268357,-12.864367,-0.704908,-0.0379736819,1.5298713357,-0.0444228864
1.594019,0.157876,-9.251295,-1.495087,-0.0049827022,1.5756330173,-0.0518724624
1.595068,-0.202388,-7.601588,-1.495087,0.0216229267,1.5915963946,-0.0561293631
1.59612,-0.605884,-11.466067,-0.767353,0.0524854561,1.59478907,-0.0401659857
1.597166,-1.153486,-12.675213,0.337457,0.079091085,1.5798899179,-0.0124961318
1.598183,-1.283181,-7.489054,1.245323,0.0673846083,1.5053941571,-0.0018538802
1.599232,-0.982961,-6.164979,2.374151,0.0748341844,1.3851367148,-0.0082392311
1.600281,-0.805231,-10.268893,3.301232,0.092926012,1.2819068749,-0.0082392311
1.60133,0.157876,-10.177907,1.449473,0.0524854561,1.2584939215,-0.0103676814
1.602347,1.265088,-7.407646,-0.236564,-0.0134965034,1.3553384105,-0.0327164097
1.603397,0.849583,-9.658334,-0.29901,-0.0539370592,1.4936876804,-0.0540009127
1.604446,0.213116,-14.150132,-0.294206,-0.059258185,1.5703118915,-0.0540009127
1.605497,0.311589,-13.379152,-0.808183,-0.0230745298,1.6096882222,-0.0497440121
1.606512,-0.031863,-8.030177,-1.391812,0.0269440524,1.6309727253,-0.0614504888
1.607561,-0.620295,-6.073994,-1.295741,0.0492927807,1.6043670964,-0.0667716146
1.60861,-1.023791,-10.632834,-0.620846,0.072705734,1.5703118915,-0.0412302109
1.609659,-1.504144,-12.773381,0.880255,0.0961186874,1.5383851369,0.0024030204
1.610708,-1.386457,-8.250457,1.394233,0.0822837604,1.4617609258,0.0226232983
1.611725,-0.665929,-9.89298,2.633542,0.0599350322,1.2606223718,-0.0199457078
1.612774,0.424471,-10.759734,0.683311,0.0045953242,1.2850995503,-0.0369733103
1.613823,0.984082,-9.45242,0.162129,-0.0422305825,1.4287699461,-0.0571935882
1.614874,0.210715,-9.512279,0.344662,-0.0645793108,1.5607338651,-0.0657073894
1.615889,0.277964,-11.901838,-0.702506,-0.0688362114,1.6043670964,-0.0561293631
1.616938,0.895217,-12.466905,-1.843343,-0.0347810065,1.656514129,-0.0497440121
1.617987,0.309187,-8.861016,-1.663211,0.0280082776,1.705468486,-0.0571935882
1.619036,-0.848462,-6.323006,-0.25818,0.0769626347,1.642679202,-0.062514714
1.620054,-1.528161,-9.718193,0.438331,0.1152747402,1.5128437332,-0.0433586612
1.621102,-1.472921,-12.967324,0.443135,0.1323023427,1.4255772706,-0.0050465557
1.622151,-0.819641,-9.275238,0.344662,0.0918617868,1.3872651651,0.0130452719
1.623201,-0.689946,-6.7492,1.910611,0.058870807,1.3393750332,-0.0050465557
1.624218,-0.874882,-9.459603,2.991404,0.0450358801,1.2840353252,-0.0273952839
1.625267,0.357222,-10.819593,0.856238,0.0056595494,1.3191547552,-0.0422944361
1.626316,1.483649,-10.417342,-0.111672,-0.0326525562,1.4926234553,-0.0593220385
1.627367,0.479712,-10.209034,0.234181,-0.0496801586,1.6405507516,-0.0689000649
1.628414,-0.20479,-10.501145,-0.087655,-0.0507443838,1.636293851,-0.0614504888
1.629431,0.578184,-10.88424,-1.151635,-0.0294598807,1.6128808977,-0.0518724624
1.63048,0.498926,-9.366223,-1.740067,0.0131091254,1.642679202,-0.0476155618
1.631529,-0.846061,-7.546518,0.018023,0.0492927807,1.6033028713,-0.0422944361
1.632578,-1.970085,-9.938473,1.478294,0.0918617868,1.4660178264,-0.0252668336
1.633595,-1.849997,-12.375919,1.379822,0.128045442,1.3404392583,-0.0039823305
1.634645,-0.639509,-8.695806,0.097281,0.0918617868,1.2936133516,-0.0135603569
1.635693,0.004163,-6.627088,0.363877,0.0280082776,1.3223474307,-0.0465513367
1.636745,-0.425752,-10.158753,2.12677,-0.0028542519,1.3915220657,-0.0593220385
1.637759,-0.219201,-12.162822,1.430259,-0.0166891789,1.4585682504,-0.0508082373
1.638809,0.489319,-8.506652,-0.17652,-0.0273314304,1.6107524473,-0.0646431643
1.639857,0.253946,-9.706221,-0.632855,-0.0401021322,1.6033028713,-0.0635789391
1.640907,0.458096,-12.18916,-0.692899,-0.0230745298,1.5990459707,-0.0454871115
1.641956,0.023377,-10.453258,-0.81779,0.0184302512,1.6182020234,-0.03484486
1.642973,-0.838855,-6.674975,0.078067,0.0386505291,1.5564769645,-0.0422944361
1.644022,-1.316806,-8.374963,1.11803,0.0641919328,1.4245130455,-0.0422944361
1.645071,-1.232744,-11.846768,1.454277,0.0971829126,1.3340539074,-0.0220741581
1.646123,-0.519421,-9.519462,0.238985,0.0801553101,1.3297970068,-0.0199457078
1.647138,-0.034265,-7.603983,0.066058,0.0280082776,1.379815589,-0.0465513367
1.648187,-0.171166,-10.575369,1.13244,-0.0081753776,1.4511186743,-0.0646431643
1.649236,0.105037,-12.591411,0.238985,-0.0252029801,1.5330640111,-0.0667716146
1.650285,0.34041,-10.656777,0.061255,-0.0241387549,1.6182020234,-0.0689000649
1.651302,-0.029462,-7.903276,0.118897,-0.0145607286,1.6458718774,-0.0710285152
1.652351,-0.00064,-8.741298,-0.344643,-0.0124322782,1.6107524473,-0.0582578134
1.6534,0.020975,-11.815642,-0.027611,0.0077879997,1.5905321694,-0.0337806348
1.654449,-0.480993,-11.111703,0.090076,0.0312009531,1.5788256927,-0.0188814827
1.655501,-0.752392,-7.383703,0.623267,0.0333294034,1.5053941571,-0.0242026084
1.656516,-0.838855,-7.785953,1.180476,0.0535496813,1.3968431915,-0.0380375354
1.657565,-0.901301,-10.556215,1.156458,0.0716415089,1.3319254571,-0.0412302109
1.66068,0.114644,-11.415786,-0.210145,-0.0198818543,1.531999786,-0.0742211907
1.662778,-0.022256,-9.708615,-0.229359,-0.003918477,1.6256515995,-0.076349641
1.663828,0.018574,-9.016648,0.066058,0.0226871518,1.6277800498,-0.0444228864
1.658614,-0.36811,-9.725376,0.385492,0.0503570058,1.3372465829,-0.0465513367
1.665894,-0.930122,-11.315223,1.463884,0.0609992574,1.5011372565,-0.0156888072
1.666943,-0.488198,-7.702151,0.265404,0.0333294034,1.4096138933,-0.0380375354
1.664844,-0.425752,-11.722262,0.81781,0.0429074297,1.5926606197,-0.021009933
1.659663,0.297178,-8.944818,-0.611239,0.0088522248,1.4170634694,-0.0646431643
1.667994,0.01377,-6.957509,0.464751,0.0003384236,1.3904578405,-0.062514714
1.661729,-0.224004,-12.35437,0.174137,-0.017753404,1.6043670964,-0.0752854158
1.669041,-0.464181,-9.56256,1.901004,0.0088522248,1.4032285424,-0.0593220385
1.670058,-0.324878,-10.230583,0.827417,0.0216229267,1.4096138933,-0.0465513367
1.671108,0.594997,-9.878614,-0.973905,0.0152375758,1.4713389522,-0.0540009127
1.672156,0.534953,-11.535503,-1.250108,0.0067237745,1.5841468185,-0.0689000649
1.673206,-0.051077,-12.11733,-1.122814,0.0045953242,1.6597068044,-0.0784780913
1.674223,-0.32728,-10.256921,-0.426303,0.0205587015,1.6671563805,-0.0795423164
1.675272,-0.476189,-8.600032,0.339859,0.0418432046,1.6416149768,-0.0646431643
1.676321,-0.372914,-8.286372,0.479161,0.0471643304,1.6192662486,-0.0391017606
1.677373,-0.805231,-10.031852,1.838559,0.0546139064,1.5681834412,-0.0199457078
1.678388,-1.364841,-11.015929,2.647952,0.0567423567,1.4564398001,-0.0156888072
1.679437,-0.639509,-8.432427,1.516722,0.0216229267,1.3510815099,-0.0359090851
1.680486,0.059404,-7.206521,0.966719,-0.0166891789,1.3308612319,-0.0667716146
1.681535,-0.161558,-9.409322,0.959514,-0.0358452316,1.379815589,-0.0742211907
1.682584,0.066609,-10.42692,0.399903,-0.0358452316,1.4426048731,-0.0593220385
1.683601,0.700674,-10.817199,-1.326964,-0.0262672052,1.5171006338,-0.0593220385
1.68465,0.712683,-11.992824,-2.388543,-0.0220103046,1.622458924,-0.0752854158
1.685699,0.097832,-10.776495,-1.305348,0.0024668739,1.7022758106,-0.0827349919
1.686751,-0.721169,-9.505095,-0.524775,0.0461001052,1.6948262345,-0.0774138661
1.687766,-0.860471,-10.501145,-0.383071,0.0769626347,1.6490645529,-0.0550651379
1.688815,-0.40894,-8.942424,-0.193332,0.0737699592,1.636293851,-0.0327164097
1.689864,-1.492135,-9.93129,3.560622,0.0673846083,1.4606967007,-0.021009933
1.690913,-0.771606,-10.230583,2.583105,0.058870807,1.3415034835,-0.0263310588
1.69193,0.388445,-7.750038,0.820211,0.0045953242,1.3223474307,-0.0508082373
1.692979,0.575782,-8.525807,0.433528,-0.0337167813,1.4000358669,-0.0710285152
1.694028,0.17709,-11.3248,0.19095,-0.0443590329,1.4915592301,-0.0699642901
1.695077,0.265955,-12.529158,-0.440714,-0.0411663574,1.5522200639,-0.0646431643
1.696095,0.568577,-10.671143,-1.670416,-0.0230745298,1.622458924,-0.0710285152
1.697144,0.165081,-8.238485,-1.920199,-0.0071111525,1.6809913075,-0.0806065416
1.698193,-0.615492,-10.115654,-0.695301,0.0184302512,1.6873766584,-0.0742211907
1.699244,-1.153486,-12.512397,0.311038,0.0641919328,1.6628994799,-0.0476155618
1.700291,-1.115058,-9.162704,0.385492,0.0737699592,1.6160735731,-0.0305879594
1.701308,-0.939729,-6.581596,1.557552,0.0599350322,1.5266786602,-0.0316521845
1.702357,-1.043005,-9.227351,3.35407,0.0769626347,1.4042927675,-0.0305879594
1.703406,-0.444966,-10.307202,2.141181,0.0641919328,1.3180905301,-0.0316521845
1.704456,0.700674,-8.231302,0.428724,0.0088522248,1.3425677086,-0.048679787
1.705473,0.827968,-8.403695,-0.147699,-0.0326525562,1.4575040252,-0.0678358397
1.706522,0.424471,-12.272962,-0.623248,-0.0560655095,1.5575411897,-0.0720927404
1.707571,0.590193,-13.609009,-0.77696,-0.0422305825,1.6245873743,-0.0699642901
1.708622,0.34041,-9.567349,-1.595961,-0.0028542519,1.677798632,-0.076349641
1.709637,-0.432958,-6.756383,-1.43024,0.0194944764,1.6746059566,-0.083799217
1.710686,-0.81724,-9.991148,-0.570409,0.0461001052,1.6448076523,-0.0689000649
1.711736,-1.1727,-13.376757,0.178941,0.086540661,1.628844275,-0.03484486
1.712785,-1.283181,-9.766079,0.733748,0.079091085,1.5884037191,-0.0156888072
1.713834,-1.136674,-6.141036,1.833755,0.0556781316,1.4926234553,-0.0220741581
1.714851,-1.259164,-8.566511,3.51739,0.0695130586,1.3723660129,-0.0327164097
1.7159,-0.420949,-10.225794,1.812139,0.0482285555,1.310640954,-0.0401659857
1.71695,1.183428,-9.536222,0.202958,-0.0507443838,1.5373209117,-0.0752854158
1.718001,0.287571,-12.40944,-0.296608,-0.0581939599,1.6405507516,-0.0774138661
1.719016,0.145867,-12.806902,-0.387875,-0.0379736819,1.6682206056,-0.0699642901
1.720065,0.239536,-9.19383,-1.665612,0.0045953242,1.6809913075,-0.0731569655
1.724229,-1.319208,-11.121281,0.589642,0.0939902371,1.5075226074,-0.0039823305
1.725279,-0.759597,-6.63906,0.851434,0.0439716549,1.4521828994,-0.0146245821
1.726328,-0.725973,-7.455533,2.799263,0.0354578537,1.3808798142,-0.0401659857
1.723181,-1.532965,-13.113379,0.880255,0.1046324887,1.5554127394,-0.0284595091
1.727379,-0.269638,-10.141992,1.814541,0.0152375758,1.352145735,-0.0561293631
1.729443,1.005698,-9.785234,-0.032414,-0.0411663574,1.6043670964,-0.0731569655
1.730495,0.342812,-11.806065,-0.769755,-0.0539370592,1.6831197578,-0.0752854158
1.728394,0.955261,-10.137204,0.078067,-0.0230745298,1.4426048731,-0.0646431643
1.722163,-1.026193,-9.189041,0.114093,0.0620634825,1.6182020234,-0.0667716146
1.732559,0.21792,-9.102845,-1.254911,0.0194944764,1.7022758106,-0.0699642901
1.734657,-1.179906,-9.289604,0.532,0.079091085,1.5852110437,-0.0561293631
1.735706,-1.59541,-13.278589,1.103619,0.114210515,1.5117795081,-0.0188814827
1.733608,-0.459377,-6.327795,-0.861022,0.0524854561,1.6703490559,-0.0742211907
1.731541,0.357222,-12.658453,-0.832201,-0.0326525562,1.6905693339,-0.0699642901
1.737772,-0.581867,-6.112304,0.846631,0.0482285555,1.4277057209,-0.0252668336
1.739872,0.064207,-10.934522,1.353403,0.0024668739,1.4128065688,-0.0646431643
1.738821,-0.567456,-7.98229,2.556685,0.0269440524,1.3915220657,-0.0540009127
1.740919,1.169018,-11.396631,-0.447919,-0.0283956555,1.545834713,-0.0689000649
1.736723,-1.19912,-10.383821,0.846631,0.0982471377,1.4670820516,-0.0018538802
1.721114,-0.238415,-6.629483,-1.519105,0.0343936285,1.6714132811,-0.0827349919
1.741936,0.594997,-10.632834,0.522393,-0.0358452316,1.6905693339,-0.0720927404
1.742985,0.241938,-10.38861,-1.091591,-0.0209460795,1.6405507516,-0.0571935882
1.744035,0.592595,-10.527482,-1.63439,0.0045953242,1.6703490559,-0.0540009127
1.745084,-0.173567,-7.977501,-0.630453,0.0397147543,1.7012115854,-0.0529366876
1.746101,-1.436894,-7.915248,1.221306,0.072705734,1.6171377983,-0.048679787
1.74715,-2.094977,-11.932965,1.644016,0.1131462899,1.4734674025,-0.0295237342
1.748199,-1.184709,-10.905789,0.512786,0.1099536144,1.3808798142,-0.0199457078
1.74925,0.081019,-6.232021,-0.387875,0.0482285555,1.3776871387,-0.0444228864
1.750265,-0.012649,-8.142711,1.389429,0.0088522248,1.4340910718,-0.0657073894
1.751315,-0.517019,-13.240279,1.968254,0.0035310991,1.4990088062,-0.0561293631
1.752363,0.203509,-12.256202,0.27261,0.0035310991,1.5745687921,-0.0497440121
1.753412,0.647835,-7.967924,-0.349447,-0.0103038279,1.6575783541,-0.0667716146
1.75443,0.268357,-8.082852,-0.539186,-0.0326525562,1.6746059566,-0.0742211907
1.755479,0.520542,-11.372687,-0.897049,-0.0283956555,1.6746059566,-0.0561293631
1.756528,0.251545,-11.667192,-0.849013,0.0077879997,1.7075969363,-0.0391017606
1.757576,-0.774008,-8.190598,0.291824,0.0429074297,1.6660921553,-0.03484486
1.758628,-1.263967,-7.194549,1.235716,0.0716415089,1.5266786602,-0.0359090851
1.759643,-1.410475,-10.649594,1.600784,0.1088893893,1.3947147412,-0.0327164097
1.760692,-0.781213,-10.972831,1.014754,0.1131462899,1.3436319338,-0.0295237342
1.761744,0.263553,-7.457927,-0.411893,0.0663203831,1.393650516,-0.0476155618
1.76279,0.131456,-8.750876,-0.039619,0.0077879997,1.4968803559,-0.0699642901
1.763807,-0.226406,-13.16366,0.714534,-0.0252029801,1.5852110437,-0.0689000649
1.764856,0.191501,-12.457327,0.359073,-0.0188176292,1.6586425793,-0.062514714
1.765905,0.181894,-8.269612,-0.075646,0.0024668739,1.7001473603,-0.0657073894
1.766954,-0.017453,-7.256802,0.022826,0.0067237745,1.6831197578,-0.062514714
1.767972,-0.003042,-10.513116,0.277413,0.0173660261,1.6533214535,-0.0412302109
1.769021,-0.675536,-8.62637,0.779381,0.0535496813,1.5724403418,-0.0124961318
1.77007,-0.615492,-7.120324,0.719337,0.0578065819,1.4777243031,-0.0284595091
1.771121,-0.658723,-9.715798,0.846631,0.0631277077,1.4202561448,-0.0401659857
1.772168,-0.396931,-9.83791,0.529598,0.0524854561,1.4308983964,-0.0444228864
1.773185,0.04019,-9.210591,-0.491151,0.0333294034,1.4979445811,-0.0550651379
1.774234,0.059404,-11.679164,-0.455124,0.0141733506,1.5884037191,-0.0667716146
1.775283,-0.019855,-12.179583,-0.133288,0.0077879997,1.6554499038,-0.0689000649
1.776332,-0.043872,-9.411716,-0.027611,0.0184302512,1.6809913075,-0.0657073894
1.777349,-0.175969,-8.374963,-0.164511,0.0322651782,1.6799270823,-0.0550651379
1.778398,0.102635,-9.086084,0.022826,0.037586304,1.6788628572,-0.0316521845
1.779447,-0.130336,-10.280864,1.074798,0.051421231,1.6575783541,-0.0135603569
1.780498,-1.151084,-11.616911,1.487901,0.0663203831,1.567119216,-0.0114319066
1.781513,-0.879685,-9.45242,0.863443,0.0439716549,1.4617609258,-0.0273952839
1.782563,0.020975,-6.52892,0.507982,0.0131091254,1.4394121976,-0.0540009127
1.783612,-0.308066,-8.267217,1.286153,0.0152375758,1.4745316277,-0.0614504888
1.78466,-0.651518,-10.520299,1.37742,0.0290725027,1.4894307798,-0.0422944361
1.785709,0.251545,-10.613679,-0.541588,0.0343936285,1.5202933093,-0.03484486
1.786727,0.835173,-11.348744,-1.821727,0.023751377,1.6235231492,-0.0529366876
1.787776,0.057002,-11.767755,-1.101198,0.0184302512,1.7139822872,-0.0720927404
1.788825,-0.488198,-10.05819,-0.243769,0.0386505291,1.7129180621,-0.0720927404
1.789876,-0.288852,-8.523413,-0.222153,0.0620634825,1.6926977842,-0.0540009127
1.790891,-0.23121,-8.837072,0.118897,0.0631277077,1.7033400357,-0.0273952839
1.791939,-0.69475,-9.943261,1.644016,0.0609992574,1.6831197578,-0.0061107808
1.792988,-1.357636,-10.534665,2.921753,0.0737699592,1.5766972424,-0.0039823305
1.794037,-0.956542,-9.514673,2.016289,0.0599350322,1.4447333234,-0.0220741581
1.795055,0.141064,-7.776376,0.77698,0.0141733506,1.407485443,-0.048679787
1.796103,-0.125532,-9.94805,0.623267,-0.0220103046,1.5149721835,-0.0508082373
1.797152,0.527747,-12.009584,-0.894647,-0.017753404,1.5788256927,-0.0401659857
1.798202,0.81836,-12.340004,-2.268455,-0.0092396028,1.6863124333,-0.0508082373
1.799253,0.174688,-10.048613,-1.838539,0.0120449003,1.7640008695,-0.0731569655
1.800268,-0.581867,-8.592849,-0.128485,0.0492927807,1.7373952406,-0.0784780913
1.801317,-0.675536,-10.75734,-0.212546,0.0897333365,1.691633559,-0.0508082373
1.802368,-0.236013,-10.517905,-0.805782,0.0950544623,1.7171749627,-0.0167530324
1.803415,-0.69475,-7.254408,1.146851,0.072705734,1.7033400357,-0.0039823305
1.804433,-1.617026,-8.928057,3.250795,0.086540661,1.5575411897,-0.0061107808
1.805481,-1.227941,-11.128464,2.921753,0.0876048862,1.4042927675,-0.0135603569
1.806531,0.071412,-8.305527,1.151655,0.0354578537,1.3649164368,-0.0359090851
1.80758,0.650237,-7.204126,0.28702,-0.0007258016,1.4383479725,-0.0593220385
1.808597,0.107439,-10.189879,0.142914,-0.0209460795,1.5383851369,-0.0603862637
1.809646,0.121849,-13.110985,-0.467133,-0.031588331,1.5990459707,-0.0508082373
1.810695,0.724692,-12.292117,-1.562337,-0.0113680531,1.6682206056,-0.0550651379
1.811746,0.148269,-8.631158,-1.900985,0.0173660261,1.7320741149,-0.0689000649
1.812793,-0.77641,-8.619187,-0.635257,0.0418432046,1.719303413,-0.0657073894
1.81381,-0.999773,-12.225076,-0.087655,0.079091085,1.6926977842,-0.0369733103
1.814859,-0.934926,-10.731002,0.104486,0.0897333365,1.6895051087,-0.0114319066
1.815908,-0.903703,-5.944699,1.384625,0.0620634825,1.6352296259,-0.0124961318
1.816957,-1.069425,-7.714123,3.087475,0.0769626347,1.5107152829,-0.0188814827
1.817975,-0.812436,-11.30804,3.005815,0.0907975617,1.407485443,-0.021009933
1.819024,0.287571,-9.320731,0.916282,0.0461001052,1.4011000921,-0.0305879594
1.820073,1.099367,-7.979895,-0.243769,0.0024668739,1.4873023295,-0.048679787
1.821124,0.201108,-13.819712,-0.601632,-0.031588331,1.6735417314,-0.0603862637
1.822139,0.205911,-10.26171,-0.642462,0.0035310991,1.7097253866,-0.0646431643
1.823188,-0.065488,-6.682158,-1.495087,0.0343936285,1.7107896118,-0.0710285152
1.824237,-0.19038,-8.403695,-1.595961,0.0471643304,1.7203676382,-0.0582578134
1.825286,-0.730776,-12.533946,-0.207743,0.0822837604,1.7437805916,-0.0273952839
1.826303,-1.70349,-11.578601,1.816943,0.106760939,1.6820555326,0.0002745701
1.827353,-1.532965,-7.278351,1.980262,0.0950544623,1.5256144351,-0.0007896551
1.828402,-0.829248,-7.88891,2.369348,0.0971829126,1.3872651651,-0.0231383833
1.829451,-0.202388,-10.091711,1.98987,0.0684488334,1.3553384105,-0.0380375354
1.830502,0.731897,-8.853833,0.337457,-0.003918477,1.4394121976,-0.0476155618
1.831517,0.921636,-9.08369,0.443135,-0.0475517083,1.580954143,-0.0571935882
1.832566,0.537354,-12.11733,-0.323027,-0.0518086089,1.6937620093,-0.0582578134
1.833615,0.575782,-12.835634,-1.271723,-0.0326525562,1.7586797437,-0.0571935882
1.834664,0.241938,-10.060584,-1.310152,0.0152375758,1.7820926971,-0.0646431643
1.835681,-0.476189,-7.424407,-1.038753,0.0684488334,1.7448448167,-0.0720927404
1.83673,-0.812436,-8.298344,-0.361456,0.1025040383,1.6852482081,-0.0571935882
1.83778,-1.263967,-11.918599,0.452742,0.1333665678,1.6437434271,-0.0231383833
1.838829,-1.645847,-11.626488,1.247725,0.1248527666,1.5969175203,0.0034672456
1.839846,-1.223137,-7.163423,1.319778,0.072705734,1.5192290841,-0.0029181054
1.840895,-0.747588,-7.02455,2.38616,0.0535496813,1.4372837473,-0.0305879594
1.841944,-0.296057,-10.036641,2.160395,0.0365220788,1.4181276945,-0.0465513367
1.842995,0.671853,-10.546637,0.378287,-0.0124322782,1.5022014817,-0.048679787
1.844042,1.099367,-10.321568,0.003612,-0.0432948077,1.6522572283,-0.0571935882
1.845059,0.525345,-11.229026,-0.431107,-0.0475517083,1.7501659425,-0.0646431643
1.846108,0.09543,-11.667192,-0.719318,-0.0305241059,1.7533586179,-0.062514714
1.847157,-0.053479,-7.263985,-1.48548,0.0599350322,1.7384594658,-0.0614504888
1.848206,-0.846061,-8.018205,-0.31342,0.0854764359,1.6969546848,-0.0497440121
1.849223,-1.770739,-12.277751,1.471089,0.1269812169,1.601174421,-0.0199457078
1.850272,-1.645847,-11.789304,1.456678,0.1408161439,1.4958161307,-0.0007896551
1.851321,-0.444966,-6.78751,0.106888,0.0844122107,1.4404764228,-0.0220741581
1.852373,-0.113523,-7.084409,1.358206,0.0386505291,1.4532471246,-0.0550651379
1.853388,-0.348896,-10.891423,2.234849,0.0173660261,1.504329932,-0.0603862637
1.854437,0.438882,-11.506771,0.714534,-0.0017900267,1.5894679443,-0.0540009127
1.855486,0.883208,-10.079739,-0.138092,-0.0103038279,1.7044042609,-0.0540009127
1.856535,0.434079,-9.660728,-0.748139,-0.0188176292,1.7597439689,-0.0582578134
1.857584,0.412463,-10.819593,-1.221286,-0.0209460795,1.7533586179,-0.0593220385
1.858601,0.275562,-11.138041,-1.149234,0.0131091254,1.7650650946,-0.0540009127
1.85965,-0.519421,-8.207359,-0.392679,0.0631277077,1.7480374922,-0.0476155618
1.8607,-1.324011,-7.235253,0.604053,0.0961186874,1.642679202,-0.0433586612
1.861751,-1.612223,-10.93931,1.658426,0.128045442,1.5139079584,-0.0273952839
1.862766,-1.052612,-10.944099,1.142047,0.1269812169,1.4511186743,-0.0124961318
1.863815,-0.24562,-7.417224,0.039639,0.072705734,1.4564398001,-0.0295237342
1.864864,-0.075095,-8.465948,1.216502,0.0290725027,1.4979445811,-0.0582578134
1.865913,-0.161558,-12.131696,1.341394,0.0077879997,1.5639265406,-0.0657073894
1.86693,0.059404,-12.371131,0.642481,-0.003918477,1.6543856786,-0.0635789391
1.867979,0.076216,-9.320731,0.27261,-0.0060469273,1.7310098897,-0.0678358397
1.869028,-0.034265,-7.70694,-0.186127,-0.0081753776,1.7299456646,-0.0678358397
1.870077,0.328401,-9.833121,-0.433508,-0.0028542519,1.6980189099,-0.0540009127
1.871129,0.311589,-11.868318,-0.921066,0.0226871518,1.7118538369,-0.0369733103
1.872143,-0.432958,-9.325519,0.121299,0.0492927807,1.7001473603,-0.0305879594
1.873192,-0.990166,-6.943142,1.043575,0.0705772837,1.5926606197,-0.0380375354
1.874241,-0.879685,-11.118886,0.945103,0.1120820647,1.4159992442,-0.0327164097
1.87529,-0.003042,-8.310316,-0.284599,0.0705772837,1.4575040252,-0.0465513367
1.876308,0.311589,-8.621581,-0.099664,0.0194944764,1.5554127394,-0.0689000649
1.877357,-0.091907,-12.332821,0.339859,-0.0134965034,1.6511930032,-0.0731569655
1.878406,-0.10872,-12.902676,0.325448,-0.0103038279,1.719303413,-0.0678358397
1.879455,0.112242,-8.990311,-0.015602,0.0088522248,1.7533586179,-0.0731569655
1.880472,0.04019,-7.089198,0.006014,0.0152375758,1.7384594658,-0.0742211907
1.881521,-0.168764,-9.742136,0.620865,0.0301367279,1.7065327112,-0.0497440121
1.88257,-0.442565,-11.868318,0.318243,0.058870807,1.6884408836,-0.021009933
1.883621,-0.584269,-9.694249,0.664097,0.0631277077,1.6437434271,-0.0167530324
1.884636,-0.533832,-7.216098,0.997942,0.0492927807,1.5564769645,-0.03484486
1.885685,-0.509814,-8.71496,1.0772,0.0492927807,1.4841096541,-0.0508082373
1.886734,-0.418547,-10.436497,1.053182,0.0535496813,1.4755958528,-0.0540009127
1.887783,0.145867,-9.612841,-0.25818,0.0418432046,1.5415778124,-0.0582578134
1.888833,0.318794,-10.225794,-0.796175,0.0248156021,1.6511930032,-0.0699642901
1.88985,-0.356101,-12.521975,-0.426303,0.0194944764,1.7278172142,-0.0784780913
1.890899,-0.324878,-11.29128,-0.527177,0.0258798273,1.7554870682,-0.083799217
1.891948,-0.055881,-8.288766,-0.464731,0.0397147543,1.7640008695,-0.0816707667
1.892999,-0.250424,-8.145105,0.073263,0.0461001052,1.7533586179,-0.0614504888
1.894014,-0.31287,-9.998331,0.748158,0.0578065819,1.7214318633,-0.0316521845
1.895063,-0.841257,-11.375082,1.752095,0.0769626347,1.6437434271,-0.0156888072
1.896112,-1.052612,-9.828333,1.725676,0.065256158,1.5224217596,-0.0252668336
1.897161,-0.113523,-7.170606,0.616062,0.0258798273,1.4564398001,-0.0561293631
1.898178,0.193902,-7.829051,1.043575,0.0077879997,1.4883665547,-0.076349641
1.899227,-0.284048,-10.070162,1.449473,0.0109806751,1.5362566866,-0.0678358397
1.900276,0.964868,-11.69353,-1.951422,0.0131091254,1.6926977842,-0.0710285152
1.901325,0.251545,-11.358321,-1.605568,0.0163018009,1.802312975,-0.0891203428
1.902377,-0.639509,-10.072556,-0.243769,0.0429074297,1.8129552265,-0.090184568
1.903391,-0.687544,-9.143549,-0.342242,0.079091085,1.7714504455,-0.0731569655
1.904441,-0.322477,-8.798763,-0.195734,0.0907975617,1.7554870682,-0.0465513367
1.90549,-0.569858,-9.406927,1.413447,0.092926012,1.7299456646,-0.0273952839
1.906539,-1.429689,-10.872269,2.650354,0.0971829126,1.6235231492,-0.0263310588
1.907556,-1.364841,-10.029458,2.463017,0.0705772837,1.4798527534,-0.0412302109
1.908605,-0.046274,-7.122719,0.856238,0.0141733506,1.4319626215,-0.0678358397
1.909654,0.407659,-7.44835,0.661695,-0.0230745298,1.5075226074,-0.083799217
1.910703,-0.370512,-9.89298,1.764104,-0.0241387549,1.573504567,-0.0742211907
1.91172,0.126653,-11.410997,-0.070842,-0.0134965034,1.59478907,-0.0582578134
1.912769,1.317927,-12.902676,-2.938546,-0.0113680531,1.6948262345,-0.0678358397
1.913818,0.619014,-11.743811,-2.441382,0.0024668739,1.8246617032,-0.097634144
1.91487,-0.846061,-8.707777,-0.38067,0.0354578537,1.8204048026,-0.1135975214
1.915916,-0.95414,-8.896931,-0.080449,0.0801553101,1.7459090419,-0.0912487931
1.916933,-0.28645,-10.065373,-0.877834,0.1056967138,1.7533586179,-0.0465513367
1.917983,-0.500207,-8.940029,0.469554,0.0918617868,1.7735788959,-0.0156888072
1.919031,-1.225539,-8.880171,3.221974,0.0971829126,1.6628994799,-0.0103676814
1.92008,-1.016586,-9.988754,3.137912,0.0971829126,1.4862381044,-0.0263310588
1.921098,0.006565,-9.033409,1.600784,0.0482285555,1.3979074166,-0.0614504888
1.922147,0.698272,-8.303132,0.769774,0.0120449003,1.4575040252,-0.0891203428
1.923196,0.328401,-9.505095,0.020425,-0.0060469273,1.59478907,-0.0880561177
1.924247,0.032984,-11.770149,-0.181323,-0.0262672052,1.6767344069,-0.0752854158
1.925262,0.643032,-12.646481,-1.538319,-0.0230745298,1.7405879161,-0.0742211907
1.926311,-0.737981,-7.908065,-0.81779,0.0386505291,1.8257259284,-0.0933772434
1.92736,-1.292788,-11.248181,-0.248573,0.0822837604,1.7565512934,-0.0731569655
1.928409,-1.141477,-11.928176,-0.142895,0.1099536144,1.7182391879,-0.0444228864
1.929458,-1.059818,-7.460322,1.060388,0.0897333365,1.6650279302,-0.03484486
1.930475,-1.136674,-7.101169,3.070663,0.0971829126,1.5447704878,-0.0391017606
1.931524,-0.91331,-10.410159,3.459748,0.1078251641,1.4298341712,-0.0444228864
1.932573,0.304383,-9.806783,1.139646,0.0535496813,1.4266414958,-0.0550651379
1.933625,1.272294,-7.802714,-0.061235,-0.0071111525,1.5522200639,-0.0784780913
1.93464,0.573381,-9.904952,-0.186127,-0.0422305825,1.6841839829,-0.0923130183
1.935689,0.114644,-13.577882,-0.371063,-0.0475517083,1.7342025652,-0.090184568
1.936738,0.494123,-12.426201,-1.149234,-0.0103038279,1.7757073462,-0.0880561177
1.937787,-0.060684,-7.819474,-1.55273,0.037586304,1.8044414253,-0.0986983692
1.938804,-0.713964,-7.02455,-0.743336,0.0673846083,1.7640008695,-0.0965699189
1.939853,-0.848462,-11.161985,-0.58482,0.0982471377,1.7256887639,-0.0678358397
1.940902,-1.287985,-12.423806,0.647284,0.1131462899,1.7012115854,-0.0273952839
1.941951,-1.285583,-8.221725,1.857773,0.0961186874,1.6182020234,-0.0146245821
1.943003,-0.906105,-7.13469,2.448606,0.0907975617,1.490495005,-0.03484486
1.944018,-0.430556,-9.756502,2.328518,0.0748341844,1.4149350191,-0.0614504888
1.945066,0.734299,-9.801995,0.443135,0.0173660261,1.4798527534,-0.0806065416
1.946115,1.087358,-8.987916,0.092477,-0.0305241059,1.6543856786,-0.0912487931
1.947164,0.220322,-10.872269,0.20536,-0.0475517083,1.7735788959,-0.0912487931
1.948182,0.131456,-12.845212,-0.58482,-0.0337167813,1.7959276241,-0.083799217
1.949231,0.371633,-10.901001,-1.334169,0.00991645,1.8129552265,-0.0869918925
1.95028,-0.226406,-7.441167,-1.254911,0.0578065819,1.8065698756,-0.0944414686
1.951329,-0.752392,-7.400463,-0.548793,0.086540661,1.7522943928,-0.0869918925
1.952346,-1.693883,-12.732677,1.439866,0.1312381175,1.628844275,-0.0316521845
1.953395,-1.316806,-8.463554,0.976326,0.0907975617,1.5511558387,-0.03484486
1.954444,-0.562653,-6.272725,1.379822,0.051421231,1.5000730314,-0.062514714
1.95651,0.323597,-11.154802,1.03637,0.0163018009,1.5500916136,-0.0784780913
1.955496,-0.389726,-9.186647,2.477427,0.0386505291,1.4968803559,-0.0784780913
1.957559,0.984082,-10.599313,0.066058,-0.0081753776,1.6692848308,-0.0848634422
1.958608,0.638228,-10.280864,-0.529579,-0.0209460795,1.7757073462,-0.0933772434
1.959657,0.460498,-11.315223,-1.254911,-0.0252029801,1.816147902,-0.0933772434
1.960706,0.383642,-10.869874,-1.36299,0.0045953242,1.8427535308,-0.0923130183
1.961723,-0.298459,-7.855389,-0.873031,0.0578065819,1.8353039548,-0.0923130183
1.962773,-1.033398,-6.938354,0.387894,0.0939902371,1.7480374922,-0.0848634422
1.963822,-1.566589,-11.171562,0.981129,0.1312381175,1.6341654007,-0.0593220385
1.964873,-1.566589,-12.972112,1.026763,0.1429445942,1.5607338651,-0.0316521845
1.965888,-0.725973,-7.838629,0.349466,0.0907975617,1.5298713357,-0.0380375354
1.966937,-0.281647,-6.078783,1.190083,0.0471643304,1.5139079584,-0.0710285152
1.967986,-0.389726,-10.010303,2.395767,0.0354578537,1.5202933093,-0.0869918925
1.969035,0.546961,-12.239442,0.529598,0.0152375758,1.6043670964,-0.0859276674
1.970052,1.147402,-11.34635,-0.265385,0.0014026488,1.7640008695,-0.0891203428
1.971101,0.049797,-9.344674,0.186146,-0.003918477,1.8395608554,-0.0933772434
1.97215,-0.171166,-9.464392,-0.440714,-0.0103038279,1.7789000216,-0.0880561177
1.973199,0.621416,-11.128464,-1.259715,0.0077879997,1.760808194,-0.0774138661
1.974251,0.138662,-9.45242,-0.719318,0.0461001052,1.802312975,-0.0699642901
1.975265,-1.062219,-6.835397,0.784185,0.0716415089,1.7480374922,-0.0678358397
1.976315,-1.753927,-9.713404,1.644016,0.1088893893,1.6022386461,-0.0582578134
1.977364,-1.518554,-12.069443,1.737685,0.1354950181,1.4841096541,-0.0433586612
1.978413,0.201108,-7.529758,-0.025209,0.0471643304,1.5298713357,-0.0880561177
1.97943,-0.262432,-11.205083,1.656025,0.0141733506,1.6182020234,-0.0955056937
1.980479,0.124251,-12.141273,0.464751,-0.0049827022,1.6926977842,-0.0891203428
1.981528,0.616612,-10.225794,0.010818,-0.0060469273,1.7767715713,-0.0880561177
1.982578,0.165081,-8.473131,0.142914,0.0035310991,1.8150836768,-0.0869918925
1.983594,0.117046,-9.545799,-0.664078,0.0024668739,1.7831569222,-0.0784780913
1.984644,0.141064,-11.69353,-0.469535,0.0248156021,1.7714504455,-0.0657073894
1.985692,-0.493002,-9.725376,-0.09486,0.0609992574,1.7586797437,-0.0603862637
1.986742,-1.016586,-7.070043,0.676106,0.0748341844,1.6756701817,-0.0646431643
1.98779,-1.266369,-9.203408,1.716069,0.1035682635,1.5607338651,-0.0614504888
1.988808,-0.990166,-10.968042,1.014754,0.1184674157,1.4958161307,-0.0550651379
1.989857,-0.171166,-8.954395,-0.138092,0.0801553101,1.5107152829,-0.0699642901
1.990906,0.328401,-8.396512,-0.270189,0.0248156021,1.5915963946,-0.0944414686
1.991955,0.191501,-11.243393,-0.17652,-0.0060469273,1.7012115854,-0.0986983692
1.992972,-0.065488,-13.142111,0.013219,-0.0017900267,1.788478048,-0.0891203428
1.994021,-0.031863,-10.558609,-0.027611,0.0248156021,1.8246617032,-0.090184568
1.99507,-0.039069,-7.26638,-0.020405,0.0461001052,1.8086983259,-0.0933772434
1.996122,-0.060684,-8.511441,0.176539,0.0535496813,1.7778357965,-0.0784780913
1.997137,-0.16396,-11.494799,0.279815,0.0695130586,1.7703862204,-0.0518724624
1.998186,-0.689946,-10.776495,1.038772,0.0758984095,1.7405879161,-0.0359090851
1.999235,-0.802829,-7.687785,1.396634,0.0663203831,1.6448076523,-0.0444228864
2.000284,-0.524225,-7.83384,1.19969,0.0684488334,1.5490273884,-0.062514714
2.001333,-0.452172,-10.16833,1.163663,0.0684488334,1.5128437332,-0.0720927404
2.00235,0.210715,-10.010303,-0.104467,0.0482285555,1.5564769645,-0.0752854158
2.003399,0.659844,-9.699038,-1.081984,0.0301367279,1.6724775063,-0.083799217
2.004448,-0.211995,-12.287329,-0.820192,0.0322651782,1.8257259284,-0.0923130183
2.0055,-0.101514,-9.464392,-0.445517,0.0599350322,1.8427535308,-0.0923130183
2.006515,-0.459377,-7.807502,0.138111,0.0801553101,1.8214690278,-0.0806065416
2.007564,-0.459377,-9.236928,0.680909,0.0844122107,1.7778357965,-0.0529366876
2.009662,-1.340824,-10.429314,2.280483,0.0822837604,1.6256515995,-0.0295237342
2.008613,-0.706758,-10.975226,1.562356,0.0907975617,1.7288814394,-0.0305879594
2.010679,-0.697151,-7.788348,1.593579,0.0503570058,1.5139079584,-0.0540009127
2.011728,0.232331,-7.13469,0.683311,0.0205587015,1.5022014817,-0.0848634422
2.012777,-0.019855,-9.718193,1.161262,0.0109806751,1.5564769645,-0.0880561177
2.013826,0.141064,-11.518743,0.270208,0.0173660261,1.6182020234,-0.0731569655
2.014843,0.866396,-11.420574,-1.848146,0.0216229267,1.7161107376,-0.0752854158
2.015892,0.448489,-11.128464,-1.980243,0.0216229267,1.8257259284,-0.0933772434
2.016941,-0.401735,-10.362272,-0.760148,0.0429074297,1.8619095836,-0.097634144
2.01799,-0.61309,-9.241717,-0.229359,0.0854764359,1.829982829,-0.0869918925
2.019039,-0.435359,-9.212985,-0.181323,0.1110178396,1.8044414253,-0.062514714
2.020056,-0.341691,-9.244111,0.690516,0.1056967138,1.8012487498,-0.0380375354
2.021105,-1.026193,-9.588898,2.342929,0.0961186874,1.7363310155,-0.0305879594
2.022154,-1.508947,-10.441286,3.200358,0.0907975617,1.5862752688,-0.0380375354
2.023203,-0.440163,-8.882565,1.862576,0.0620634825,1.4830454289,-0.0593220385
2.02422,0.496524,-7.424407,0.462349,0.0152375758,1.5160364087,-0.083799217
2.025269,0.081019,-8.6982,0.726543,-0.0124322782,1.6118166725,-0.0848634422
2.026318,0.020975,-10.819593,0.111692,-0.0166891789,1.6788628572,-0.0710285152
2.027367,0.674255,-13.1469,-1.888976,-0.0124322782,1.7501659425,-0.0699642901
2.028384,0.623818,-12.059865,-2.347713,0.0120449003,1.857652683,-0.0848634422
2.029434,-0.356101,-8.231302,-1.173251,0.0524854561,1.8938363382,-0.1061479453
2.030482,-1.251959,-9.076507,0.152521,0.0918617868,1.8204048026,-0.0986983692
2.031531,-0.372914,-8.743693,-0.447919,0.1120820647,1.7937991738,-0.0231383833
2.03258,-0.891694,-7.989473,2.49424,0.0939902371,1.7437805916,-0.0199457078
2.033597,-1.230343,-10.00312,3.956913,0.1014398132,1.5894679443,-0.0295237342
2.034646,-0.336887,-9.751713,1.600784,0.0641919328,1.4819812038,-0.0561293631
2.035695,0.458096,-8.434822,1.069995,0.0194944764,1.5107152829,-0.0848634422
2.036746,0.393249,-8.36778,0.181343,0.0077879997,1.6245873743,-0.0912487931
2.037761,0.129055,-11.221843,-0.750541,-0.0156249537,1.7075969363,-0.0848634422
2.03881,0.486917,-13.865204,-1.014735,-0.017753404,1.7725146707,-0.0731569655
2.039859,0.628621,-10.252132,-2.085921,0.0205587015,1.8672307094,-0.0774138661
2.040908,-0.365708,-6.634272,-1.305348,0.0503570058,1.8895794376,-0.0912487931
2.041925,-1.170299,-10.455652,-0.17652,0.0833479856,1.8235974781,-0.0784780913
2.042974,-1.0358,-12.974507,-0.114074,0.1184674157,1.7842211474,-0.0433586612
2.044023,-0.850864,-8.252851,0.301431,0.1035682635,1.7597439689,-0.0263310588
2.045072,-1.026193,-6.289485,2.434196,0.0993113629,1.6692848308,-0.0305879594
2.046123,-1.119862,-9.794812,3.759968,0.1184674157,1.5468989381,-0.03484486
2.047138,-0.209594,-10.589735,1.644016,0.0844122107,1.4894307798,-0.0454871115
2.048188,1.034519,-8.216936,0.090076,0.0226871518,1.5681834412,-0.0699642901
2.049236,0.863994,-8.813129,-0.274992,-0.017753404,1.7065327112,-0.0869918925
2.050285,0.251545,-13.10859,-0.335036,-0.0358452316,1.7757073462,-0.083799217
2.051303,0.501328,-13.427039,-0.714515,-0.0081753776,1.8193405775,-0.076349641
2.052352,0.234732,-8.283978,-1.478275,0.0407789794,1.8587169081,-0.0827349919
2.053401,-0.459377,-6.361316,-1.029145,0.0673846083,1.8384966302,-0.0880561177
2.05445,-0.605884,-10.539454,-0.873031,0.0961186874,1.8150836768,-0.0678358397
2.055467,-1.167897,-12.691974,0.507982,0.1237885414,1.7959276241,-0.0295237342
2.056516,-1.561786,-8.595243,1.920218,0.1216600911,1.7022758106,-0.007175006
2.057565,-0.826847,-9.873825,2.393366,0.114210515,1.4798527534,-0.0444228864
2.058614,0.304383,-10.158753,0.553616,0.0450358801,1.5128437332,-0.0646431643
2.059663,1.289106,-9.191436,-0.287001,-0.0188176292,1.6703490559,-0.0816707667
2.06068,0.39565,-10.661566,0.471956,-0.0369094568,1.8235974781,-0.0859276674
2.061729,-0.209594,-12.1724,0.061255,-0.0198818543,1.857652683,-0.076349641
2.062779,0.414864,-10.42692,-1.14443,0.0205587015,1.8555242327,-0.0720927404
2.063828,0.388445,-7.829051,-1.917797,0.0546139064,1.8661664842,-0.0774138661
2.064845,-0.401735,-7.876938,-0.628051,0.0780268598,1.8363681799,-0.0710285152
2.065894,-1.283181,-10.692692,0.760167,0.120595866,1.7629366443,-0.0444228864
2.066943,-1.842792,-12.881127,1.37742,0.155715296,1.6671563805,-0.0188814827
2.067992,-1.256762,-9.39735,0.803399,0.1216600911,1.580954143,-0.0220741581
2.069009,-0.447368,-5.947093,0.599249,0.0609992574,1.5437062627,-0.0529366876
2.070058,-0.598679,-8.559328,2.559087,0.0429074297,1.5500916136,-0.0689000649
2.071107,-0.127934,-11.284097,1.783318,0.0290725027,1.6001101958,-0.0614504888
2.072156,1.106572,-11.26973,-0.162109,0.0067237745,1.73313834,-0.062514714
2.073205,0.81836,-10.213823,-0.130886,-0.0007258016,1.8757445106,-0.0742211907
2.074222,-0.079899,-9.998331,-0.359054,-0.0017900267,1.8885152124,-0.0795423164
2.075271,0.251545,-11.118886,-1.017137,0.0131091254,1.8512673321,-0.0752854158
2.07632,0.407659,-9.72777,-1.475873,0.0535496813,1.8778729609,-0.0689000649
2.077372,-0.589072,-6.7492,-0.214948,0.0844122107,1.8672307094,-0.0646431643
2.078386,-1.763534,-8.8251,1.466285,0.1152747402,1.7459090419,-0.0518724624
2.079435,-2.018121,-12.830846,1.511919,0.1525226206,1.6096882222,-0.0231383833
2.080484,-0.877284,-9.818755,0.195753,0.1237885414,1.5479631633,-0.0156888072
2.081534,0.13626,-6.1985,0.00121,0.0556781316,1.5628623154,-0.0476155618
2.082551,-0.334485,-9.402139,2.028298,0.0301367279,1.608623997,-0.0710285152
2.0836,1.010501,-11.422969,-0.301412,0.0077879997,1.7725146707,-0.0667716146
2.084649,0.775129,-9.751713,-0.222153,0.00991645,1.8863867621,-0.0752854158
2.085698,-0.185576,-8.91848,-0.301412,0.0088522248,1.8768087358,-0.0742211907
2.086715,0.112242,-10.541848,-0.440714,0.0205587015,1.8140194517,-0.0582578134
2.087764,0.352419,-10.649594,-0.937879,0.0556781316,1.8235974781,-0.0433586612
2.088813,-0.442565,-7.544124,-0.171716,0.0801553101,1.8193405775,-0.0444228864
2.089862,-1.494536,-8.391723,1.6224,0.1088893893,1.7086611615,-0.0422944361
2.090911,-1.568991,-11.707896,1.788122,0.1408161439,1.5852110437,-0.0295237342
2.091928,-0.512216,-9.45242,0.399903,0.128045442,1.5415778124,-0.03484486
2.092977,0.232331,-6.856946,-0.505561,0.0758984095,1.5830825933,-0.0646431643
2.094026,0.004163,-10.204245,0.512786,0.0333294034,1.677798632,-0.0752854158
2.095075,-0.32728,-13.661685,0.868247,0.0216229267,1.7618724192,-0.0657073894
2.096092,0.004163,-11.547475,0.056451,0.0226871518,1.816147902,-0.0646431643
2.097142,0.227527,-7.812291,-0.070842,0.0194944764,1.8448819811,-0.0731569655
2.098191,0.124251,-8.346231,-0.138092,0.0173660261,1.8353039548,-0.0667716146
2.09924,0.145867,-11.499588,-0.21735,0.037586304,1.8289186038,-0.0444228864
2.100257,-0.274441,-10.970437,0.359073,0.0695130586,1.8278543787,-0.0273952839
2.101306,-0.716366,-6.904833,0.757766,0.0812195353,1.7544228431,-0.0327164097
2.102355,-0.798025,-7.639898,1.125235,0.0971829126,1.6320369504,-0.0465513367
2.103404,-0.836454,-11.427757,1.615195,0.120595866,1.5607338651,-0.0422944361
2.104453,-0.305664,-10.347906,0.152521,0.1035682635,1.5713761167,-0.0412302109
2.10547,0.311589,-8.336653,-0.829799,0.0535496813,1.6448076523,-0.062514714
2.106519,0.13626,-10.513116,-0.166913,0.0163018009,1.7459090419,-0.0774138661
2.109635,-0.022256,-8.178626,0.195753,0.0695130586,1.8331755045,-0.0508082373
2.107568,-0.091907,-12.811691,-0.202939,0.0120449003,1.8363681799,-0.0720927404
2.108617,-0.178371,-10.88424,0.20536,0.037586304,1.8821298615,-0.0689000649
2.110684,-0.262432,-11.090154,0.767373,0.0822837604,1.8193405775,-0.0284595091
2.111732,-1.112656,-11.523531,1.550347,0.0907975617,1.7586797437,-0.0199457078
2.112781,-0.802829,-8.116373,1.142047,0.0631277077,1.6586425793,-0.0337806348
2.113799,-0.171166,-7.000607,0.606455,0.037586304,1.6054313216,-0.0561293631
2.114848,-0.356101,-9.605658,1.338992,0.0397147543,1.6075597719,-0.0582578134
2.115897,-0.118327,-10.455652,0.623267,0.0471643304,1.6384223013,-0.0497440121
2.116946,0.54456,-10.022275,-1.069975,0.0471643304,1.7118538369,-0.0561293631
2.117997,0.465301,-11.523531,-1.459061,0.0407789794,1.8172121272,-0.0699642901
2.119012,0.083421,-12.047894,-1.365392,0.0418432046,1.9034143646,-0.0784780913
2.120061,-0.322477,-9.806783,-0.383071,0.058870807,1.9236346425,-0.0774138661
2.12111,-0.70916,-8.590454,0.596847,0.0833479856,1.8821298615,-0.0593220385
2.122159,-0.399333,-9.042986,0.464751,0.0961186874,1.8502031069,-0.0316521845
2.123176,-0.560251,-9.768474,1.293359,0.1014398132,1.8246617032,-0.0167530324
2.124225,-1.40327,-10.508328,2.775246,0.1025040383,1.7182391879,-0.021009933
2.125274,-0.944533,-9.318336,1.997075,0.0737699592,1.587339494,-0.0391017606
2.126323,0.201108,-7.357365,0.642481,0.0258798273,1.5617980903,-0.0635789391
2.12734,0.184295,-8.159472,0.796194,0.0014026488,1.628844275,-0.0731569655
2.128389,-0.055881,-10.204245,0.553616,0.0003384236,1.6926977842,-0.0614504888
2.129439,0.515738,-11.727051,-1.149234,0.0088522248,1.7491017173,-0.0561293631
2.130487,0.80395,-12.459722,-2.407757,0.0226871518,1.8459462063,-0.0699642901
2.131536,0.160278,-10.613679,-1.639193,0.051421231,1.926827318,-0.0869918925
2.132554,-0.783615,-9.088479,-0.238966,0.0918617868,1.9076712652,-0.0869918925
2.133603,-0.826847,-10.101288,-0.118878,0.1259169917,1.8587169081,-0.0571935882
2.134652,-0.228808,-9.289604,-0.500758,0.1227243163,1.87148761,-0.0284595091
2.135701,-1.581,-10.237766,3.642282,0.1099536144,1.7065327112,-0.0231383833
2.136718,-0.850864,-9.502701,2.566292,0.0876048862,1.5660549909,-0.0359090851
2.137767,0.234732,-7.113141,1.127637,0.0439716549,1.5362566866,-0.0614504888
2.138816,0.388445,-7.845812,0.479161,0.0173660261,1.6107524473,-0.0720927404
2.139865,0.203509,-10.963254,-0.037218,-0.003918477,1.7012115854,-0.062514714
2.140882,0.561372,-13.676051,-1.108404,-0.0081753776,1.7831569222,-0.0593220385
2.141931,0.671853,-12.2993,-1.958627,0.0173660261,1.8874509873,-0.0720927404
2.14298,-0.296057,-8.32947,-1.168448,0.0556781316,1.9374695695,-0.0869918925
2.144029,-0.985363,-8.487497,-0.81779,0.0876048862,1.9076712652,-0.0816707667
2.145047,-0.901301,-11.147619,-0.611239,0.1131462899,1.8895794376,-0.0518724624
2.146095,-0.862873,-9.409322,0.471956,0.1163389653,1.8789371861,-0.0252668336
2.147145,-1.1727,-7.781164,2.364544,0.1163389653,1.7852853725,-0.021009933
2.148193,-1.480126,-10.170724,3.76237,0.1301738923,1.628844275,-0.0263310588
2.149242,-0.632304,-9.603264,2.001878,0.0961186874,1.5245502099,-0.0391017606
2.15026,0.779932,-7.290323,0.558419,0.0322651782,1.5426420375,-0.0646431643
2.151309,0.823164,-8.779608,0.488768,0.0024668739,1.656514129,-0.076349641
2.152357,0.410061,-11.727051,-0.181323,-0.0166891789,1.7618724192,-0.0689000649
2.153407,0.806352,-13.601826,-1.341375,-0.0198818543,1.8448819811,-0.0646431643
2.154424,0.748709,-11.545081,-2.285267,0.0173660261,1.9395980198,-0.0784780913
2.155473,-0.348896,-7.089198,-1.1036,0.065256158,1.9587540726,-0.097634144
2.156522,-1.079032,-7.750038,-0.344643,0.100375588,1.8874509873,-0.0933772434
2.157571,-1.067023,-11.853951,-0.524775,0.134430793,1.8491388818,-0.0518724624
2.158588,-1.206325,-10.618468,0.589642,0.1386876936,1.8310470542,-0.0103676814
2.159637,-1.465715,-7.21131,2.186814,0.1259169917,1.7256887639,-0.0007896551
2.160686,-1.309601,-9.069324,3.418918,0.1333665678,1.5649907657,-0.0178172575
2.161735,1.056135,-8.631158,0.133307,0.0269440524,1.5777614676,-0.076349641
2.162784,0.851985,-8.245668,0.030032,-0.0273314304,1.7671935449,-0.0923130183
2.163801,0.037788,-11.818036,0.056451,-0.0411663574,1.8736160603,-0.0848634422
2.16485,0.50373,-13.302532,-0.800978,-0.0166891789,1.9087354904,-0.0699642901
2.165899,0.623818,-9.605658,-1.816923,0.0343936285,1.9523687217,-0.0752854158
2.166948,-0.468984,-6.672581,-0.937879,0.0801553101,1.9193777419,-0.0869918925
2.167965,-0.942131,-9.100451,-0.080449,0.120595866,1.8278543787,-0.0742211907
2.169014,-0.980559,-12.782959,-0.109271,0.1546510709,1.7831569222,-0.0369733103
2.170063,-1.146281,-10.541848,0.856238,0.141880369,1.7501659425,-0.0082392311
2.171112,-1.067023,-6.612722,1.884192,0.1152747402,1.663963705,-0.0146245821
2.172132,-1.016586,-8.619187,2.79446,0.1131462899,1.5607338651,-0.0412302109
2.174227,1.269892,-9.117211,-0.162109,0.0194944764,1.6948262345,-0.076349641
2.175277,0.964868,-9.746925,0.174137,-0.0188176292,1.8704233848,-0.0880561177
2.173178,-0.127934,-10.683115,1.447071,0.079091085,1.553284289,-0.0614504888
2.176325,0.01377,-12.462116,-0.015602,-0.0188176292,1.9481118211,-0.0848634422
2.177343,0.061805,-11.657615,-0.371063,0.0205587015,1.954497172,-0.076349641
2.17944,-0.488198,-7.295112,-1.04836,0.0897333365,1.8736160603,-0.076349641
2.18049,-0.87248,-9.35904,-0.157306,0.1195316408,1.8150836768,-0.0561293631
2.181508,-1.734713,-12.763804,1.137244,0.155715296,1.7416521412,-0.0305879594
2.178392,-0.077497,-8.394118,-1.067574,0.0631277077,1.9310842186,-0.0784780913
2.183605,-0.356101,-6.16019,0.121299,0.0844122107,1.5766972424,-0.0550651379
2.184653,-0.216799,-7.654264,1.44467,0.0429074297,1.59478907,-0.0816707667
2.182556,-1.585803,-10.972831,1.557552,0.1472014948,1.6373580762,-0.0242026084
2.185671,-0.209594,-11.238604,2.174805,0.0343936285,1.663963705,-0.0742211907
2.18672,0.794343,-11.310434,0.198155,0.0290725027,1.7799642468,-0.0667716146
2.187769,0.895217,-10.101288,-0.320626,0.0216229267,1.9119281658,-0.0742211907
2.188818,0.359624,-11.394237,-1.163644,0.0248156021,1.9332126689,-0.0816707667
2.189867,0.31399,-10.93931,-1.233295,0.0684488334,1.9449191456,-0.0774138661
2.190885,-0.483395,-7.115536,-0.25818,0.1120820647,1.9300199934,-0.0752854158
2.191933,-1.453707,-7.115536,0.949907,0.134430793,1.8246617032,-0.0699642901
2.192982,-1.914845,-11.791698,1.644016,0.162100647,1.6937620093,-0.0444228864
2.194031,-1.201521,-11.281702,1.387027,0.1567795212,1.615009348,-0.0231383833
2.195048,-0.147148,-7.026945,0.022826,0.0961186874,1.608623997,-0.0433586612
2.196097,-0.142344,-8.169049,1.379822,0.0450358801,1.6522572283,-0.0731569655
2.197146,-0.262432,-11.84198,1.764104,0.0248156021,1.7129180621,-0.0827349919
2.198195,0.520542,-12.438173,0.032433,0.0152375758,1.8129552265,-0.083799217
2.199212,0.498926,-10.062979,0.229378,0.0163018009,1.9151208413,-0.0880561177
2.200261,-0.151951,-8.432427,-0.078048,0.0173660261,1.9161850664,-0.0880561177
2.20131,0.369231,-9.991148,-0.949887,0.0205587015,1.8842583118,-0.0752854158
2.202359,0.38124,-10.544243,-0.964298,0.0492927807,1.9140566161,-0.0571935882
2.203409,-0.757195,-8.102007,0.299029,0.0833479856,1.885322537,-0.0476155618
2.204426,-1.506545,-8.633553,1.490303,0.1152747402,1.746973267,-0.048679787
2.205475,-1.532965,-11.85874,1.33659,0.1503941703,1.6075597719,-0.0476155618
2.206524,-0.617893,-10.15157,0.301431,0.1429445942,1.5554127394,-0.0603862637
2.207572,0.268357,-6.933565,-0.76255,0.092926012,1.6118166725,-0.0923130183
2.20859,-0.005444,-8.865804,0.332654,0.0450358801,1.7224960885,-0.1018910447
2.209639,-0.099113,-12.423806,0.743355,0.0301367279,1.8193405775,-0.0816707667
2.210688,0.566175,-12.395074,-0.469535,0.0397147543,1.9066070401,-0.0720927404
2.211737,0.347615,-9.440448,-0.087655,0.0482285555,1.9576898474,-0.0816707667
2.212756,-0.276843,-8.075669,0.527196,0.0556781316,1.9183135168,-0.0806065416
2.213803,-0.132737,-10.048613,0.025228,0.072705734,1.8640380339,-0.0646431643
2.214852,-0.786017,-8.664679,1.009951,0.0876048862,1.8055056505,-0.0476155618
2.215901,-0.761999,-6.995818,1.146851,0.0801553101,1.719303413,-0.0603862637
2.216919,-0.87248,-9.888191,1.591177,0.0982471377,1.6533214535,-0.0635789391
2.217967,-0.512216,-10.879452,0.870648,0.1046324887,1.6458718774,-0.0614504888
2.219017,0.29958,-9.256083,-0.935477,0.0801553101,1.7086611615,-0.0774138661
2.220065,0.414864,-9.857065,-0.72172,0.0524854561,1.8140194517,-0.0944414686
2.221114,0.09543,-11.671981,-0.366259,0.0461001052,1.8980932388,-0.0944414686
2.222133,-0.125532,-11.846768,-0.411893,0.0609992574,1.9385337947,-0.0891203428
2.22318,-0.288852,-9.502701,0.10929,0.0876048862,1.940662245,-0.0848634422
2.224229,-0.156755,-7.501026,0.181343,0.0950544623,1.9119281658,-0.0774138661
2.225278,-0.288852,-9.189041,0.911478,0.0950544623,1.8682949345,-0.0603862637
2.226296,-1.127067,-11.640854,1.838559,0.1078251641,1.8033772002,-0.0401659857
2.227345,-1.1727,-9.967205,1.706462,0.0907975617,1.7118538369,-0.0359090851
2.228394,-0.180773,-6.904833,1.053182,0.0567423567,1.6437434271,-0.0571935882
2.229443,0.020975,-8.32947,0.834622,0.0418432046,1.6384223013,-0.0795423164
2.23046,-0.339289,-10.872269,1.2141,0.0418432046,1.6618352547,-0.0806065416
2.231508,0.289973,-10.2234,-0.315822,0.051421231,1.719303413,-0.0784780913
2.232558,0.85919,-10.596918,-2.121947,0.051421231,1.8406250805,-0.0869918925
2.233607,0.220322,-12.165217,-1.711246,0.0450358801,1.954497172,-0.0965699189
2.234656,-0.353699,-10.527482,-0.837005,0.058870807,1.9811028008,-0.0986983692
2.235673,-0.536233,-8.676651,0.061255,0.092926012,1.9438549204,-0.0880561177
2.236722,-0.54584,-8.880171,0.431126,0.1237885414,1.9066070401,-0.062514714
2.237771,-0.565055,-9.665517,0.834622,0.1365592433,1.8800014112,-0.0391017606
2.23882,-1.251959,-10.970437,2.602319,0.1397519187,1.7969918492,-0.0316521845
2.239837,-1.09104,-9.363829,2.405374,0.1110178396,1.6714132811,-0.0433586612
2.240886,0.215518,-8.327076,1.305367,0.0258798273,1.6788628572,-0.0923130183
2.241935,-0.288852,-10.901001,1.475892,0.0280082776,1.7310098897,-0.0795423164
2.242984,0.62622,-11.14283,-1.084386,0.0269440524,1.7874138229,-0.0720927404
2.244004,1.118581,-11.717474,-2.609505,0.0205587015,1.9055428149,-0.0869918925
2.24505,0.085823,-11.030296,-1.627184,0.0397147543,1.9938735027,-0.1029552698
2.246099,-0.865275,-9.423688,-0.114074,0.086540661,1.9619467481,-0.1018910447
2.247148,-0.836454,-9.718193,-0.085253,0.1354950181,1.899157464,-0.0784780913
2.248197,-0.296057,-9.239323,-0.724122,0.1429445942,1.9076712652,-0.048679787
2.249214,-0.680339,-8.413273,0.973924,0.1174031905,1.9044785898,-0.0369733103
2.250263,-1.571393,-10.307202,3.8032,0.1301738923,1.7831569222,-0.0337806348
2.251312,-1.112656,-10.213823,2.837692,0.1216600911,1.6299085001,-0.0433586612
2.252361,0.124251,-7.496237,0.99554,0.0609992574,1.5862752688,-0.0720927404
2.253381,0.486917,-7.534547,0.921085,0.0312009531,1.6692848308,-0.0923130183
2.254427,0.028181,-9.861853,0.135709,0.0163018009,1.7725146707,-0.0880561177
2.255476,0.309187,-12.835634,-0.84421,0.0014026488,1.8278543787,-0.0784780913
2.256525,1.041724,-12.94338,-2.39815,0.0173660261,1.9183135168,-0.0848634422
2.257542,0.287571,-9.186647,-2.299678,0.0546139064,2.00983688,-0.1018910447
2.258591,-1.09104,-8.25764,-0.178922,0.0961186874,1.9725889996,-0.1029552698
2.25964,-1.033398,-10.635228,-0.469535,0.1429445942,1.9023501394,-0.0720927404
2.260689,-0.442565,-10.213823,-0.81779,0.1535868457,1.9087354904,-0.0401659857
2.261738,-0.937328,-8.049332,1.720872,0.1333665678,1.8800014112,-0.0295237342
2.262758,-1.504144,-9.17707,3.968922,0.1472014948,1.7373952406,-0.0305879594
2.263804,-1.009381,-10.589735,2.95778,0.1365592433,1.5958532952,-0.0465513367
2.264853,0.184295,-8.348625,1.029165,0.0695130586,1.5766972424,-0.076349641
2.265902,0.876003,-6.708496,0.178941,0.0173660261,1.691633559,-0.0997625944
2.266919,0.338008,-10.137204,-0.205341,-0.0134965034,1.8129552265,-0.1029552698
2.267968,0.724692,-12.804508,-1.528712,0.0290725027,1.9630109732,-0.076349641
2.269017,-0.070292,-7.44835,-1.492686,0.0758984095,2.0045157542,-0.0912487931
2.270066,-0.862873,-7.108353,-0.512767,0.106760939,1.9427906953,-0.0965699189
2.271083,-0.85807,-11.442124,-0.505561,0.1440088193,1.8821298615,-0.0720927404
2.272134,-1.030996,-11.727051,0.373484,0.1535868457,1.8640380339,-0.0391017606
2.273181,-1.129469,-7.491448,1.595981,0.1312381175,1.8086983259,-0.0273952839
2.27423,-1.271173,-7.939192,3.214768,0.1365592433,1.6905693339,-0.0401659857
2.27525,-0.848462,-10.417342,2.674372,0.120595866,1.5958532952,-0.0540009127
2.276296,0.902422,-8.889748,0.178941,0.0524854561,1.6384223013,-0.0720927404
2.277345,1.478845,-8.719749,0.015621,0.0035310991,1.8076341008,-0.0944414686
2.278394,0.239536,-11.717474,0.344662,-0.0124322782,1.940662245,-0.0965699189
2.279443,-0.079899,-13.31211,-0.315822,-0.0017900267,1.9715247744,-0.0806065416
2.280461,0.393249,-10.975226,-1.600765,0.0407789794,1.9853597014,-0.0816707667
2.281509,-0.039069,-7.196943,-1.643997,0.0844122107,1.9832312511,-0.097634144
2.282559,-0.771606,-6.816242,-0.260582,0.1099536144,1.9225704174,-0.0955056937
2.283608,-1.249557,-10.927339,0.299029,0.1450730445,1.8555242327,-0.0614504888
2.284627,-1.655455,-12.929014,1.245323,0.1599721966,1.8001845247,-0.0188814827
2.285674,-1.319208,-8.497075,1.559954,0.128045442,1.7150465124,-0.0093034563
2.286722,-0.675536,-6.586385,1.550347,0.1056967138,1.628844275,-0.0391017606
2.287771,-0.324878,-9.536222,1.872183,0.0822837604,1.6128808977,-0.0699642901
2.288789,0.525345,-10.802832,0.527196,0.0333294034,1.6948262345,-0.083799217
2.289837,1.157009,-10.692692,-0.09486,0.0035310991,1.8544600075,-0.0891203428
2.290886,0.520542,-10.716636,-0.274992,0.0024668739,1.9832312511,-0.0912487931
2.291936,0.073814,-11.090154,-0.851415,0.0131091254,2.0002588536,-0.0859276674
2.292984,0.066609,-7.625532,-1.480677,0.0971829126,1.9864239266,-0.083799217
2.294004,-0.906105,-7.989473,-0.010798,0.1248527666,1.9161850664,-0.0752854158
2.295051,-1.617026,-12.069443,1.411045,0.169550223,1.8055056505,-0.0454871115
2.2961,-1.633839,-12.495637,1.211699,0.1865778255,1.7075969363,-0.0231383833
2.297149,-0.615492,-7.017367,0.063656,0.1227243163,1.6554499038,-0.0369733103
2.298166,0.0546,-5.595124,0.810604,0.0695130586,1.6724775063,-0.0689000649
2.299215,-0.27204,-10.534665,2.407776,0.0599350322,1.7256887639,-0.0774138661
2.300264,0.328401,-13.175632,0.961915,0.0482285555,1.8065698756,-0.0678358397
2.301313,1.068144,-11.487616,-0.315822,0.0450358801,1.9438549204,-0.0731569655
2.30233,0.172286,-9.325519,-0.123681,0.0450358801,2.0268644824,-0.0848634422
2.303381,-0.370512,-9.366223,-0.152502,0.0397147543,1.9747174499,-0.0806065416
2.304428,0.196304,-10.189879,-0.786568,0.0556781316,1.9342768941,-0.0667716146
2.305477,0.004163,-8.401301,-0.68089,0.0833479856,1.9459833707,-0.0571935882
2.306526,-1.196718,-7.76201,0.87305,0.1056967138,1.8842583118,-0.0518724624
2.307543,-2.106986,-11.798881,1.850567,0.1408161439,1.7395236909,-0.0380375354
2.308592,-1.525759,-12.155639,1.238118,0.1525226206,1.6309727253,-0.0316521845
2.309641,-0.16396,-6.909622,-0.623248,0.0993113629,1.6352296259,-0.0603862637
2.31069,0.023377,-6.521737,0.27261,0.0418432046,1.719303413,-0.0912487931
2.311707,-0.372914,-11.310434,2.124368,0.0312009531,1.8001845247,-0.0827349919
2.312759,0.414864,-13.115773,0.556018,0.037586304,1.8725518351,-0.0667716146
2.313805,0.955261,-11.118886,-0.500758,0.0407789794,1.968332099,-0.0710285152
2.314854,0.179492,-8.853833,-0.022807,0.0482285555,2.0055799793,-0.0774138661
2.315873,-0.10872,-8.959184,-0.351849,0.0471643304,1.9523687217,-0.0699642901
2.31692,0.145867,-10.493961,-0.440714,0.0599350322,1.9097997155,-0.0540009127
2.317969,-0.219201,-9.198619,0.311038,0.0833479856,1.8927721131,-0.0412302109
2.319018,-0.968551,-7.603983,1.082003,0.100375588,1.8225332529,-0.0391017606
2.320067,-0.990166,-11.114098,1.096414,0.1301738923,1.6597068044,-0.0412302109
2.321083,-0.142344,-8.741298,-0.260582,0.0939902371,1.6788628572,-0.0646431643
2.322134,0.181894,-8.487497,-0.652069,0.0386505291,1.7661293198,-0.0859276674
2.323182,-0.017453,-11.444518,0.058853,0.0163018009,1.8800014112,-0.0827349919
2.324231,0.059404,-12.471693,0.010818,0.0280082776,1.9662036487,-0.0742211907
2.32525,0.148269,-10.53706,-0.342242,0.0503570058,2.0045157542,-0.0731569655
2.326296,0.035386,-8.540173,-0.111672,0.0737699592,2.0002588536,-0.0689000649
2.327346,-0.010247,-8.46116,-0.361456,0.0876048862,1.9768459002,-0.0582578134
2.328394,-0.430556,-10.228189,0.462349,0.1046324887,1.9332126689,-0.0444228864
2.329412,-0.891694,-10.127626,1.516722,0.1216600911,1.8523315572,-0.0327164097
2.33046,-0.562653,-8.061303,0.632874,0.106760939,1.7671935449,-0.0369733103
2.331509,-0.399333,-8.707777,1.185279,0.092926012,1.7203676382,-0.0476155618
2.332559,-0.577063,-10.419737,1.523928,0.0876048862,1.7033400357,-0.0518724624
2.333608,0.081019,-9.866642,-0.344643,0.0684488334,1.7405879161,-0.062514714
2.334627,0.530149,-9.82115,-0.714515,0.0535496813,1.8448819811,-0.0774138661
2.335673,0.078618,-11.212266,-0.457526,0.0524854561,1.9459833707,-0.0795423164
2.336722,-0.10872,-11.178745,-0.716916,0.0599350322,1.996001953,-0.0752854158
2.337771,-0.180773,-9.981571,-0.35425,0.0801553101,2.0119653303,-0.0667716146
2.338788,-0.365708,-9.059747,0.212566,0.0939902371,1.9938735027,-0.0529366876
2.339837,-0.480993,-9.06693,0.925889,0.1025040383,1.9374695695,-0.0369733103
2.340886,-1.07663,-10.539454,2.184412,0.1227243163,1.8470104315,-0.0284595091
2.341935,-1.247155,-10.053401,1.886594,0.106760939,1.7522943928,-0.0295237342
2.342952,-0.315271,-6.890467,0.697721,0.0503570058,1.7171749627,-0.0476155618
2.344003,-0.101514,-7.474688,1.451875,0.0301367279,1.7352667903,-0.0635789391
2.34505,-0.493002,-10.972831,1.627203,0.0461001052,1.7448448167,-0.0582578134
2.346099,1.132991,-10.563398,-2.338106,0.0461001052,1.8810656364,-0.0667716146
2.347116,0.455694,-11.607334,-2.232428,0.0343936285,2.0055799793,-0.0848634422
2.348165,-0.69475,-10.800438,-0.188529,0.0546139064,2.0268644824,-0.0869918925
2.349214,-0.829248,-8.861016,0.224574,0.0939902371,1.9693963241,-0.0699642901
2.350263,-0.255227,-8.578483,-0.315822,0.1110178396,1.9523687217,-0.0433586612
2.351312,-0.430556,-9.208196,0.596847,0.1046324887,1.9630109732,-0.0188814827
2.352329,-1.316806,-10.546637,2.787255,0.114210515,1.885322537,-0.0082392311
2.35338,-1.352833,-10.259315,3.154724,0.114210515,1.7342025652,-0.0178172575
2.354427,-0.125532,-7.374125,1.069995,0.0641919328,1.6480003277,-0.0476155618
2.355476,0.5998,-7.225676,0.580035,0.0173660261,1.7012115854,-0.0720927404
2.356493,0.085823,-10.225794,0.933094,0.00991645,1.8055056505,-0.0667716146
2.357542,0.186697,-11.7486,-0.157306,0.0131091254,1.8682949345,-0.0508082373
2.358591,0.921636,-12.02395,-2.261249,0.0173660261,1.940662245,-0.0540009127
2.35964,0.594997,-11.027901,-2.849681,0.037586304,2.0470847603,-0.0742211907
2.360657,-0.581867,-9.019043,-1.081984,0.0801553101,2.0758188395,-0.0859276674
2.361706,-1.249557,-9.598475,0.070862,0.1291096672,2.0066442045,-0.0689000649
2.362758,-0.793222,-10.15157,-0.063637,0.1535868457,1.9662036487,-0.0305879594
2.363804,-0.596277,-8.487497,0.255797,0.1333665678,1.9651394235,-0.0114319066
2.364853,-1.364841,-9.294393,3.008217,0.1259169917,1.8757445106,-0.0114319066
2.365871,-1.29519,-10.37185,3.745558,0.128045442,1.7203676382,-0.0188814827
2.366919,-0.043872,-8.322287,1.218904,0.0801553101,1.6394865265,-0.0433586612
2.367969,0.68146,-7.405252,0.692918,0.0269440524,1.6937620093,-0.0657073894
2.369017,0.47731,-9.291998,0.344662,-0.0007258016,1.8129552265,-0.0657073894
2.370035,0.458096,-12.787747,-0.666479,-0.0156249537,1.9097997155,-0.0571935882
2.371084,0.655041,-13.64253,-1.264518,0.0056595494,1.9906808272,-0.0582578134
2.372135,-0.644313,-6.928776,-1.312553,0.086540661,2.0204791315,-0.0806065416
2.373182,-0.829248,-10.580158,-1.08919,0.120595866,1.9800385757,-0.0603862637
2.374199,-1.038202,-11.688741,0.234181,0.1514583954,1.9555613971,-0.0231383833
2.37525,-1.312003,-8.298344,1.576766,0.1503941703,1.8800014112,-0.0050465557
2.376297,-1.381654,-8.58806,3.123501,0.1546510709,1.7416521412,-0.0103676814
2.377346,-0.870078,-10.75734,3.238786,0.1429445942,1.6320369504,-0.0263310588
2.378395,0.474908,-8.963973,0.519991,0.0695130586,1.6597068044,-0.0529366876
2.379412,0.895217,-7.352576,0.022826,-0.0103038279,1.816147902,-0.0742211907
2.380461,0.028181,-9.220168,1.209297,-0.0369094568,1.9289557683,-0.0710285152
2.38151,0.225125,-12.608171,-0.166913,-0.0283956555,1.9417264701,-0.0561293631
2.382559,1.152205,-13.539573,-2.515836,-0.0007258016,2.0023873039,-0.0561293631
2.383575,0.587791,-9.873825,-2.052296,0.0524854561,2.0896537665,-0.0731569655
2.384627,-0.879685,-6.691736,-0.306215,0.1014398132,2.0555985616,-0.0816707667
2.385674,-1.549777,-9.17707,0.238985,0.1429445942,1.9374695695,-0.0603862637
2.386722,-1.369645,-11.983246,0.380689,0.1706144482,1.8619095836,-0.0156888072
2.38774,-0.862873,-9.06693,0.606455,0.1429445942,1.8395608554,0.0130452719
2.388789,-0.894096,-7.323844,2.559087,0.1227243163,1.7820926971,0.0024030204
2.389837,-1.165495,-10.146781,3.330053,0.114210515,1.6820555326,-0.0263310588
2.390887,0.0546,-10.2234,1.019558,0.058870807,1.6714132811,-0.0529366876
2.391935,1.291508,-8.53299,-0.068441,0.00991645,1.8193405775,-0.0742211907
2.392953,0.554167,-10.572975,-0.0132,-0.0166891789,1.9800385757,-0.0795423164
2.394004,-0.195183,-13.132534,0.10929,-0.017753404,2.0268644824,-0.0667716146
2.395051,0.071412,-10.948888,-0.740934,0.0269440524,2.0268644824,-0.0582578134
2.3961,-0.017453,-7.144268,-1.778495,0.065256158,2.0151580057,-0.0646431643
2.397117,-0.346494,-7.422012,-0.964298,0.0844122107,1.9693963241,-0.0614504888
2.398166,-1.590607,-12.854789,1.276546,0.1535868457,1.8533957824,-0.0082392311
2.399215,-1.194316,-8.43961,1.060388,0.1323023427,1.7640008695,-0.007175006
2.400263,-0.358503,-6.083571,0.6689,0.100375588,1.7171749627,-0.03484486
2.40128,-0.423351,-9.45242,2.090744,0.0812195353,1.7246245388,-0.0540009127
2.402329,0.287571,-11.640854,1.002745,0.0524854561,1.7927349486,-0.0561293631
2.403381,1.233865,-10.982409,-0.361456,0.0269440524,1.9395980198,-0.062514714
2.404427,0.498926,-10.230583,-0.190931,0.0216229267,2.0662408131,-0.0699642901
2.405444,-0.0823,-10.249738,-0.359054,0.023751377,2.0747546143,-0.0646431643
2.406494,0.364427,-10.15157,-1.036351,0.0418432046,2.051341661,-0.0571935882
2.407542,0.157876,-8.86341,-1.233295,0.0780268598,2.0524058861,-0.0518724624
2.408591,-0.834052,-7.898488,0.527196,0.114210515,1.9981304033,-0.0444228864
2.40964,-1.912443,-10.623256,1.603186,0.155715296,1.8629738088,-0.0295237342
2.410657,-2.006112,-12.747044,1.305367,0.1727428985,1.7310098897,-0.0167530324
2.411706,-0.687544,-8.425244,0.049246,0.1184674157,1.6873766584,-0.0327164097
2.412757,-0.005444,-5.643011,0.443135,0.0535496813,1.7310098897,-0.062514714
2.413804,-0.589072,-9.059747,2.561489,0.0386505291,1.7906064983,-0.0657073894
2.414821,0.004163,-12.383103,1.142047,0.0354578537,1.8544600075,-0.0508082373
2.41587,1.26749,-12.617749,-0.637658,0.0322651782,1.9768459002,-0.0540009127
2.416919,0.631023,-10.321568,-0.284599,0.0365220788,2.0758188395,-0.0699642901
2.417968,-0.392128,-8.640736,0.238985,0.0397147543,2.031121383,-0.0731569655
2.418985,0.037788,-9.423688,-0.411893,0.0503570058,1.9566256223,-0.0582578134
2.420034,0.424471,-9.502701,-1.399017,0.0695130586,1.9715247744,-0.0401659857
2.421083,-0.536233,-8.427639,0.493572,0.0907975617,1.9693963241,-0.0284595091
2.422134,-1.770739,-9.871431,1.96345,0.1248527666,1.8533957824,-0.0199457078
2.423181,-1.679472,-11.312829,1.204493,0.1440088193,1.719303413,-0.021009933
2.424198,-0.601081,-8.80834,0.27261,0.120595866,1.677798632,-0.0465513367
2.425249,-0.173567,-10.273681,0.781783,0.0354578537,1.8629738088,-0.0742211907
2.426296,-0.250424,-12.445356,1.050781,0.0226871518,1.9374695695,-0.0561293631
2.427345,0.551765,-11.195506,-0.50316,0.023751377,1.9970661781,-0.0550651379
2.428362,0.592595,-9.35904,-0.519972,0.0343936285,2.0524058861,-0.0614504888
2.429411,-0.101514,-8.944818,-0.154904,0.0524854561,2.0406994094,-0.0582578134
2.43046,-0.221603,-10.05819,-0.387875,0.0758984095,1.989616602,-0.0454871115
2.431511,-0.322477,-9.751713,0.236583,0.1025040383,1.9555613971,-0.03484486
2.432526,-0.713964,-7.884121,0.659293,0.1110178396,1.9012859143,-0.0327164097
2.433574,-1.043005,-9.038198,1.58157,0.1163389653,1.8065698756,-0.0316521845
2.434626,-0.925319,-11.015929,1.771309,0.1291096672,1.7310098897,-0.0337806348
2.435673,-0.156755,-9.825938,0.003612,0.114210515,1.7352667903,-0.0508082373
2.436722,0.400454,-8.226513,-0.551195,0.0663203831,1.8278543787,-0.0710285152
2.437739,0.193902,-9.881008,0.015621,0.0280082776,1.9385337947,-0.0752854158
2.438788,-0.010247,-12.696762,0.058853,0.0258798273,2.0151580057,-0.0635789391
2.439837,0.0546,-11.427757,-0.17652,0.0546139064,2.0662408131,-0.0582578134
2.440885,-0.216799,-8.20257,-0.068441,0.0780268598,2.065176588,-0.0603862637
2.441903,-0.524225,-8.640736,0.423921,0.0886691114,2.0055799793,-0.0497440121
2.442951,-0.61309,-10.924944,0.606455,0.1078251641,1.9438549204,-0.0295237342
2.444003,-0.812436,-10.357484,0.81781,0.1078251641,1.8895794376,-0.0231383833
2.445049,-0.620295,-7.304689,1.2141,0.0780268598,1.8289186038,-0.0337806348
2.446066,-0.392128,-7.407646,1.437464,0.0673846083,1.7778357965,-0.0465513367
2.447115,-0.476189,-10.618468,1.45908,0.079091085,1.7554870682,-0.0508082373
2.448164,0.17709,-11.145224,0.066058,0.0758984095,1.7959276241,-0.0550651379
2.449213,0.808753,-10.266498,-1.435043,0.065256158,1.9108639407,-0.0678358397
2.450263,-0.416145,-10.546637,-0.284599,0.058870807,2.0481489855,-0.0752854158
2.451279,-0.399333,-9.94805,-0.128485,0.0844122107,2.0289929327,-0.0603862637
2.452328,-0.151951,-9.550588,-0.378268,0.1035682635,2.0289929327,-0.0433586612
2.453379,-0.360905,-9.191436,0.568026,0.1035682635,2.0194149063,-0.0337806348
2.454426,-1.225539,-10.094105,2.107556,0.1099536144,1.9364053444,-0.0284595091
2.455443,-1.496938,-10.750157,2.165198,0.1152747402,1.8055056505,-0.0295237342
2.456492,-0.420949,-7.896093,0.990736,0.0748341844,1.7320741149,-0.0444228864
2.457541,0.330803,-6.40202,0.479161,0.0290725027,1.7597439689,-0.0646431643
2.458589,-0.192781,-9.596081,1.533535,0.0290725027,1.8150836768,-0.0646431643
2.459607,-0.151951,-11.722262,0.841827,0.0492927807,1.843817756,-0.0518724624
2.460656,1.017707,-11.674375,-1.97544,0.0556781316,1.9215061922,-0.0571935882
2.461704,0.888012,-11.478039,-2.583086,0.0524854561,2.0598554622,-0.0816707667
2.462755,-0.601081,-9.955233,-0.745738,0.0663203831,2.1045529186,-0.0955056937
2.463802,-1.05021,-8.875382,0.284618,0.1014398132,2.0343140585,-0.0816707667
2.464819,-0.432958,-9.56256,-0.471937,0.1312381175,2.00983688,-0.0497440121
2.465868,-0.344092,-9.30397,-0.332634,0.1184674157,2.0470847603,-0.0231383833
2.466917,-1.103049,-9.251295,2.458213,0.1120820647,1.9917450524,-0.0124961318
2.467966,-1.518554,-10.82917,3.644684,0.1376234684,1.8257259284,-0.0178172575
2.468983,-0.589072,-9.404533,1.725676,0.1056967138,1.7075969363,-0.0412302109
2.470032,0.537354,-6.461878,0.897068,0.0439716549,1.7267529891,-0.0699642901
2.471081,0.345213,-7.807502,0.647284,0.0216229267,1.8331755045,-0.0784780913
2.472132,0.016172,-12.158034,-0.008397,0.0141733506,1.9140566161,-0.0635789391
2.473147,0.751111,-13.98971,-1.108404,0.0226871518,1.9789743505,-0.0550651379
2.474196,0.897619,-10.905789,-2.789637,0.0482285555,2.0822041904,-0.0731569655
2.475245,-0.447368,-8.090035,-1.504694,0.0769626347,2.1205162959,-0.0944414686
2.476294,-1.333618,-9.426082,0.332654,0.1184674157,2.0555985616,-0.0784780913
2.477311,-0.579465,-8.559328,-0.118878,0.1354950181,2.0268644824,-0.0167530324
2.47836,-1.36244,-8.173838,2.820879,0.1237885414,1.9534329468,-0.0167530324
2.479409,-1.67707,-11.10452,3.96652,0.1429445942,1.7895422732,-0.0242026084
2.480457,-0.651518,-10.422131,1.939433,0.1078251641,1.6895051087,-0.0465513367
2.481509,0.568577,-7.046099,0.692918,0.0439716549,1.7278172142,-0.0742211907
2.482524,0.715085,-7.608771,0.159727,0.0131091254,1.8533957824,-0.0848634422
2.483572,0.388445,-12.011978,-0.349447,-0.0092396028,1.9502402714,-0.0731569655
2.484621,0.84478,-14.171681,-1.017137,-0.0028542519,2.0226075818,-0.0593220385
2.48567,0.84478,-10.323963,-2.203607,0.0429074297,2.1056171438,-0.0710285152
2.486687,-0.401735,-7.082015,-1.420633,0.0876048862,2.100296018,-0.0880561177
2.487736,-0.870078,-9.421293,-0.894647,0.1291096672,2.0300571579,-0.076349641
2.488785,-0.656321,-11.63846,-1.077181,0.162100647,2.0226075818,-0.0401659857
2.489834,-1.148683,-9.356646,1.045977,0.162100647,2.003451529,-0.0103676814
2.490851,-1.626633,-7.896093,3.154724,0.1652933224,1.8682949345,-0.007175006
2.4919,-1.28078,-10.192274,3.13551,0.1674217727,1.7107896118,-0.0263310588
2.492949,0.049797,-9.94805,1.28135,0.1099536144,1.6799270823,-0.0529366876
2.494,1.125786,-7.563279,-0.025209,0.037586304,1.8055056505,-0.0774138661
2.495046,0.527747,-8.738904,0.769774,-0.0007258016,1.9481118211,-0.0848634422
2.496064,0.01377,-12.440567,0.534402,-0.0081753776,1.9991946284,-0.0710285152
2.497113,0.739102,-13.32887,-1.502293,0.0141733506,2.0438920849,-0.0593220385
2.498162,0.597398,-9.852276,-2.162777,0.0556781316,2.1151951702,-0.0720927404
2.499211,-0.65392,-7.144268,-0.608837,0.0993113629,2.0928464419,-0.0859276674
2.500228,-1.328815,-8.947212,0.323047,0.1429445942,1.9928092775,-0.0710285152
2.501276,-1.345627,-11.985641,0.378287,0.1791282494,1.9278915431,-0.0327164097
2.502325,-1.110255,-10.424525,0.779381,0.1610364218,1.899157464,-0.0103676814
2.503377,-1.316806,-8.485103,3.147519,0.1184674157,1.7459090419,-0.0444228864
2.504392,-0.332084,-9.57932,1.576766,0.0876048862,1.7235603136,-0.0603862637
2.505441,1.356355,-9.639179,-0.294206,0.0343936285,1.8512673321,-0.0731569655
2.50649,1.281901,-11.154802,-0.29901,0.0045953242,2.0385709591,-0.0784780913
2.507538,0.203509,-11.667192,-0.238966,0.0014026488,2.1237089714,-0.076349641
2.508587,-0.195183,-10.697481,-0.311019,0.0280082776,2.0971033426,-0.0731569655
2.509605,0.047395,-9.244111,-1.331768,0.0695130586,2.0619839125,-0.0657073894
2.510653,0.023377,-7.747644,-1.5119,0.1046324887,2.051341661,-0.0593220385
2.511702,-1.057416,-9.552982,0.138111,0.1397519187,2.003451529,-0.0497440121
2.512753,-1.934059,-12.452539,1.629605,0.1738071236,1.8938363382,-0.0273952839
2.513768,-1.187111,-9.315942,0.719337,0.1546510709,1.8012487498,-0.0231383833
2.514817,-0.291254,-6.16019,0.140513,0.1056967138,1.7789000216,-0.0497440121
2.515866,-0.4906,-9.126788,2.46782,0.0876048862,1.7969918492,-0.0646431643
2.516915,-0.16396,-11.85874,1.684846,0.072705734,1.8406250805,-0.0582578134
2.517932,1.08976,-11.329589,-0.416696,0.0471643304,1.9534329468,-0.062514714
2.51898,0.938449,-10.094105,-0.171716,0.0322651782,2.0939106671,-0.0784780913
2.52003,-0.199987,-9.866642,0.025228,0.0312009531,2.114130945,-0.0816707667
2.521078,-0.007846,-9.861853,-0.397482,0.0482285555,2.0630481376,-0.0678358397
2.52213,0.458096,-8.798763,-1.631988,0.0737699592,2.0768830646,-0.0529366876
2.523144,-0.432958,-8.087641,-0.688095,0.0950544623,2.0875253162,-0.0454871115
2.524194,-1.854801,-10.429314,1.708863,0.134430793,1.975781675,-0.0359090851
2.525242,-2.169432,-12.991267,2.121966,0.1791282494,1.8001845247,-0.0284595091
2.526291,-0.939729,-9.787629,0.40951,0.1546510709,1.7022758106,-0.0454871115
2.527308,0.287571,-5.312591,-0.570409,0.0822837604,1.746973267,-0.0784780913
2.528357,-0.048676,-7.493843,1.353403,0.0503570058,1.8661664842,-0.0859276674
2.530455,0.964868,-9.730164,-0.985914,0.0684488334,2.1088098193,-0.0678358397
2.529406,0.62622,-13.223519,-0.037218,0.0620634825,2.0353782837,-0.0518724624
2.531472,0.09543,-8.183415,-0.592025,0.0578065819,2.0981675677,-0.0816707667
2.532521,-0.346494,-10.101288,0.339859,0.0609992574,2.0226075818,-0.0667716146
2.53357,-0.209594,-10.680721,0.058853,0.0886691114,1.9832312511,-0.0391017606
2.534619,-0.305664,-7.838629,0.335055,0.1025040383,1.9693963241,-0.0305879594
2.535636,-1.23995,-8.319893,1.588775,0.1131462899,1.9055428149,-0.0359090851
2.536685,-1.674669,-11.853951,1.828951,0.134430793,1.8097625511,-0.03484486
2.537734,-0.58667,-10.127626,0.282217,0.1291096672,1.7799642468,-0.0497440121
2.538783,0.21792,-6.856946,-0.740934,0.0897333365,1.8416893057,-0.0827349919
2.539832,-0.187978,-8.896931,0.356671,0.0471643304,1.9342768941,-0.0912487931
2.540849,-0.356101,-12.749438,0.649686,0.0354578537,2.0055799793,-0.0731569655
2.541898,0.174688,-12.691974,-0.21735,0.0492927807,2.0630481376,-0.0646431643
2.542947,0.157876,-9.246506,-0.114074,0.0673846083,2.0917822168,-0.0667716146
2.543996,-0.14955,-7.630321,0.214967,0.0748341844,2.058791237,-0.0646431643
2.545013,-0.053479,-9.852276,-0.061235,0.0822837604,2.0140937806,-0.0508082373
2.546062,-0.199987,-10.982409,0.519991,0.0950544623,1.996001953,-0.03484486
2.547111,-0.507412,-8.305527,1.110825,0.0950544623,1.9598182977,-0.0316521845
2.54816,-0.713964,-7.776376,1.103619,0.0918617868,1.8895794376,-0.0422944361
2.549177,-0.850864,-10.44368,1.634409,0.0982471377,1.8278543787,-0.0497440121
2.550226,-0.324878,-10.369455,0.54641,0.0876048862,1.8140194517,-0.0571935882
2.551275,0.39565,-9.040592,-1.012333,0.0673846083,1.8863867621,-0.0720927404
2.552323,0.249143,-10.122837,-0.551195,0.0546139064,2.003451529,-0.0774138661
2.553373,-0.087104,-11.49001,-0.38067,0.051421231,2.079011515,-0.0689000649
2.55439,-0.012649,-11.358321,-0.606435,0.0663203831,2.1130667199,-0.062514714
2.555439,-0.079899,-9.72777,-0.416696,0.0918617868,2.1258374217,-0.062514714
2.556488,-0.752392,-9.588898,1.384625,0.1216600911,2.0385709591,-0.0401659857
2.557537,-1.112656,-10.946493,1.516722,0.1312381175,1.9513044965,-0.0295237342
2.558554,-0.786017,-8.667073,1.286153,0.0918617868,1.87148761,-0.0359090851
2.559603,-0.178371,-6.598356,1.370215,0.0556781316,1.8331755045,-0.0529366876
2.560652,-0.291254,-9.236928,1.379822,0.0546139064,1.8321112793,-0.0614504888
2.561701,-0.197585,-11.334378,0.959514,0.0599350322,1.8491388818,-0.0518724624
2.562718,0.705478,-10.307202,-0.901852,0.0620634825,1.9097997155,-0.0529366876
2.563767,0.794343,-10.984803,-2.369329,0.0482285555,2.0215433567,-0.0720927404
2.564816,-0.106318,-11.794093,-1.543123,0.0439716549,2.1098740444,-0.0848634422
2.565865,-0.591474,-9.696643,-0.361456,0.0695130586,2.1205162959,-0.0806065416
2.566914,-0.605884,-8.904114,0.195753,0.1078251641,2.0758188395,-0.062514714
2.567931,-0.389726,-9.739742,-0.001191,0.128045442,2.0492132106,-0.0359090851
2.56898,-0.519421,-9.598475,0.570428,0.1195316408,2.0417636346,-0.0188814827
2.570029,-1.326413,-10.00312,2.936164,0.1291096672,1.9555613971,-0.0167530324
2.571078,-1.187111,-9.363829,2.732014,0.128045442,1.8129552265,-0.0295237342
2.572095,0.004163,-6.950326,0.89947,0.079091085,1.7522943928,-0.0550651379
2.573144,0.376436,-7.204126,0.740953,0.0397147543,1.816147902,-0.0699642901
2.574193,0.184295,-10.594524,0.265404,0.023751377,1.9119281658,-0.062514714
2.575242,0.657442,-13.551545,-0.798576,0.0216229267,1.9874881517,-0.0540009127
2.576262,0.957663,-13.084647,-2.059501,0.0386505291,2.0875253162,-0.0667716146
2.577308,0.025779,-9.691855,-1.595961,0.0684488334,2.1641495272,-0.0880561177
2.578357,-0.951738,-7.864967,-0.070842,0.1056967138,2.1354154481,-0.0891203428
2.579406,-0.85807,-9.720587,-0.656872,0.1354950181,2.0885895413,-0.0614504888
2.580455,-0.550644,-10.055796,-0.330233,0.134430793,2.0971033426,-0.0263310588
2.581472,-0.99497,-8.10919,1.680042,0.120595866,2.0545343364,-0.0082392311
2.582521,-1.146281,-11.209872,3.214768,0.1227243163,1.7480374922,-0.0242026084
2.58357,0.025779,-7.972712,1.156458,0.0620634825,1.7214318633,-0.0540009127
2.584619,0.556568,-6.41878,0.481563,0.0216229267,1.8172121272,-0.076349641
2.585637,0.189099,-9.74453,0.188548,0.0003384236,1.9342768941,-0.0752854158
2.586685,0.527747,-13.958584,-0.868227,-0.0113680531,2.0226075818,-0.0603862637
2.587734,1.015305,-13.350419,-2.201205,0.0131091254,2.1332869978,-0.0603862637
2.588783,0.008967,-8.602426,-1.802513,0.0567423567,2.2035258579,-0.0784780913
2.5898,-1.15829,-7.565673,-0.308617,0.0982471377,2.1481861499,-0.0827349919
2.590849,-1.11746,-10.635228,-0.459928,0.1397519187,2.0747546143,-0.0540009127
2.591897,-0.877284,-10.616073,-0.130886,0.1450730445,2.0619839125,-0.0178172575
2.592947,-1.232744,-8.195387,1.997075,0.1259169917,2.0055799793,-0.0029181054
2.593996,-1.456108,-9.136366,3.728745,0.1397519187,1.857652683,-0.0114319066
2.595013,-0.692348,-10.685509,2.63114,0.1259169917,1.7427163664,-0.0337806348
2.596062,0.55897,-8.53299,0.500777,0.0535496813,1.7767715713,-0.062514714
2.597111,0.863994,-6.844974,-0.020405,-0.0017900267,1.9246988677,-0.083799217
2.59816,0.325999,-10.118049,0.032433,-0.0252029801,2.0321856082,-0.0859276674
2.599177,0.498926,-14.636185,-0.700104,-0.0230745298,2.0811399653,-0.0667716146
2.600226,0.808753,-12.830846,-1.905789,0.0216229267,2.1620210769,-0.0561293631
2.601275,-0.132737,-7.158634,-1.478275,0.0748341844,2.1864982555,-0.0689000649
2.602324,-0.95414,-7.146662,-0.5584,0.1088893893,2.0981675677,-0.0720927404
2.603341,-0.85807,-11.552264,-0.51757,0.1472014948,2.0215433567,-0.0465513367
2.60439,-0.814838,-10.982409,0.169334,0.1535868457,2.003451529,-0.0124961318
2.605439,-1.05021,-7.252013,1.807336,0.1323023427,1.9502402714,-0.0029181054
2.606488,-1.388859,-8.877776,3.404507,0.1376234684,1.8289186038,-0.0167530324
2.607507,-0.682741,-10.991986,2.141181,0.1152747402,1.7522943928,-0.0359090851
2.608554,1.084956,-8.906508,0.039639,-0.0071111525,2.0119653303,-0.0806065416
2.609602,-0.096711,-12.016767,0.925889,-0.0156249537,2.1088098193,-0.0784780913
2.610652,-0.043872,-12.179583,0.147718,0.0088522248,2.1109382696,-0.062514714
2.611701,0.5998,-9.751713,-2.133956,0.0397147543,2.1364796732,-0.0657073894
2.612718,0.124251,-7.922431,-1.86736,0.0663203831,2.1588284015,-0.0742211907
2.613767,-0.932524,-8.386935,0.183744,0.1014398132,2.0949748923,-0.0635789391
2.614816,-1.600214,-11.274519,0.820211,0.1493299451,1.982167026,-0.0359090851
2.615864,-1.501742,-11.200294,0.894666,0.1589079715,1.899157464,-0.0135603569
2.616884,-0.901301,-7.455533,0.849033,0.114210515,1.8533957824,-0.021009933
2.61793,-0.87248,-8.09243,2.275679,0.0918617868,1.8108267762,-0.0422944361
2.618979,-0.656321,-10.802832,2.326116,0.0748341844,1.8033772002,-0.0508082373
2.620028,0.775129,-10.376638,0.214967,0.0312009531,1.8959647885,-0.0561293631
2.621045,1.293909,-9.924107,-0.27259,0.0014026488,2.0715619389,-0.0689000649
2.622094,0.342812,-10.474807,-0.29901,-0.0103038279,2.1758560039,-0.0742211907
2.623143,0.020975,-10.879452,-0.284599,0.0003384236,2.155635726,-0.0657073894
2.624192,0.304383,-9.933684,-1.04836,0.0386505291,2.1343512229,-0.0561293631
2.62524,-0.015051,-7.776376,-1.355785,0.0780268598,2.1311585475,-0.0518724624
2.62626,-1.153486,-8.597637,0.371082,0.1131462899,2.065176588,-0.0444228864
2.627307,-2.042138,-12.385497,1.497508,0.1599721966,1.9395980198,-0.0242026084
2.628356,-1.434492,-11.037479,0.769774,0.1578437463,1.8427535308,-0.0156888072
2.629405,-0.27204,-6.186528,-0.373464,0.0907975617,1.8278543787,-0.0422944361
2.630422,-0.228808,-7.357365,1.466285,0.0503570058,1.8736160603,-0.0667716146
2.631471,-0.404136,-11.667192,2.309304,0.0439716549,1.9332126689,-0.0614504888
2.63252,0.594997,-12.342399,0.359073,0.0365220788,2.0247360321,-0.0540009127
2.633569,1.0081,-10.376638,-0.241368,0.0312009531,2.141800799,-0.0635789391
2.634586,0.023377,-9.212985,-0.202939,0.0280082776,2.169470653,-0.0720927404
2.635637,0.244339,-9.897769,-0.904254,0.051421231,2.0843326407,-0.0454871115
2.636684,-0.173567,-8.559328,-0.688095,0.0748341844,2.0960391174,-0.0337806348
2.637733,-1.408073,-8.68144,1.139646,0.0993113629,2.0204791315,-0.0295237342
2.638782,-1.991701,-11.506771,1.63681,0.1333665678,1.8736160603,-0.0252668336
2.639799,-1.014184,-10.683115,0.483965,0.128045442,1.7863495977,-0.03484486
2.640848,0.169885,-7.000607,-0.656872,0.0748341844,1.8267901535,-0.0646431643
2.641896,0.018574,-7.912854,0.748158,0.0365220788,1.9300199934,-0.0784780913
2.642945,-0.428154,-11.753389,1.523928,0.0333294034,2.0055799793,-0.062514714
2.643963,0.338008,-12.897887,-0.097262,0.0450358801,2.072626164,-0.0508082373
2.645013,0.813557,-10.546637,-0.784166,0.0556781316,2.1545715009,-0.0603862637
2.646061,0.145867,-8.250457,-0.277394,0.0535496813,2.1662779776,-0.0699642901
2.64711,-0.036667,-9.014254,-0.080449,0.0503570058,2.1151951702,-0.0593220385
2.648129,0.016172,-10.283259,-0.212546,0.0673846083,2.0939106671,-0.0369733103
2.649175,-0.543439,-8.930452,1.086807,0.0897333365,2.0545343364,-0.0231383833
2.650224,-1.052612,-8.418061,1.807336,0.1088893893,1.9449191456,-0.0252668336
2.651273,-1.081433,-10.572975,1.579168,0.1184674157,1.8363681799,-0.0327164097
2.652322,-0.589072,-10.288047,1.168467,0.0993113629,1.8012487498,-0.0433586612
2.653339,0.287571,-8.09243,-0.500758,0.0535496813,1.8587169081,-0.0635789391
2.654388,0.542158,-9.220168,-0.431107,0.0109806751,1.9864239266,-0.0710285152
2.655437,0.078618,-11.956908,0.387894,0.0056595494,2.0949748923,-0.0593220385
2.656486,0.133858,-12.150851,-0.373464,0.0258798273,2.1481861499,-0.0550651379
2.658552,-0.317673,-8.360597,-0.0132,0.0822837604,2.1545715009,-0.0646431643
2.657506,0.160278,-10.240161,-0.471937,0.0524854561,2.1705348782,-0.0657073894
2.659601,-0.418547,-8.458765,-0.390277,0.0993113629,2.1194520708,-0.048679787
2.66065,-1.086237,-9.457209,1.648819,0.0939902371,2.0023873039,-0.0167530324
2.661667,-0.862873,-7.553701,1.88179,0.0844122107,1.8842583118,-0.0273952839
2.662716,-0.629902,-10.256921,1.442268,0.0876048862,1.8086983259,-0.0454871115
2.663765,-0.238415,-12.213104,0.692918,0.0748341844,1.8331755045,-0.0561293631
2.664814,0.398052,-8.937635,-0.464731,0.0482285555,1.9342768941,-0.0731569655
2.665831,0.244339,-7.939192,-0.604034,0.023751377,2.04495631,-0.0816707667
2.666882,0.020975,-11.044662,-0.733729,0.0120449003,2.1322227726,-0.0689000649
2.667929,0.222723,-12.086203,-1.069975,0.0258798273,2.2024616328,-0.0561293631
2.668978,-0.351298,-10.53706,-0.181323,0.0609992574,2.2173607849,-0.0508082373
2.670027,-1.129469,-9.205802,0.820211,0.0939902371,2.1364796732,-0.0454871115
2.671044,-1.033398,-8.913691,0.973924,0.1099536144,2.0332498333,-0.0380375354
2.673142,-0.932524,-9.679883,1.735283,0.0982471377,1.9172492916,-0.0284595091
2.674191,-0.267236,-6.768355,1.221306,0.0429074297,1.8980932388,-0.0444228864
2.675208,0.064207,-8.006233,1.624802,0.0248156021,1.9087354904,-0.062514714
2.676259,0.030582,-11.274519,1.060388,0.0365220788,1.9459833707,-0.0635789391
2.672093,-0.956542,-10.307202,1.466285,0.1216600911,1.9630109732,-0.0305879594
2.677306,0.592595,-11.633671,-0.767353,0.0461001052,2.0140937806,-0.0657073894
2.678355,0.856789,-10.790861,-1.807316,0.0429074297,2.1098740444,-0.0795423164
2.679372,0.201108,-10.254527,-1.840941,0.0343936285,2.1811771297,-0.0869918925
2.680421,-0.603483,-9.809178,-0.54399,0.0492927807,2.1747917788,-0.0784780913
2.68147,-0.896498,-10.489173,0.380689,0.0876048862,2.1215805211,-0.0540009127
2.682519,-0.553046,-10.539454,0.188548,0.114210515,2.0981675677,-0.0284595091
2.683567,-0.483395,-8.307921,0.282217,0.0950544623,2.0992317929,-0.0231383833
2.684585,-1.206325,-8.525807,2.400571,0.086540661,2.031121383,-0.0305879594
2.685636,-1.386457,-10.213823,3.572631,0.0950544623,1.9034143646,-0.03484486
2.686683,-0.192781,-8.449188,1.319778,0.0599350322,1.8416893057,-0.0497440121
2.687731,0.071412,-9.655939,0.483965,0.0067237745,1.9949377278,-0.0710285152
2.688748,0.107439,-12.605777,-0.736131,0.0003384236,2.04495631,-0.0635789391
2.689797,0.698272,-13.460559,-1.435043,0.0194944764,2.0928464419,-0.0699642901
2.690846,0.431677,-9.677489,-2.085921,0.0503570058,2.1630853021,-0.0869918925
2.691896,-0.416145,-7.101169,-1.221286,0.0663203831,2.1811771297,-0.0912487931
2.692912,-0.927721,-9.83791,-0.162109,0.0907975617,2.1609568518,-0.0657073894
2.693961,-0.939729,-11.703108,0.219771,0.1174031905,2.1598926266,-0.0273952839
2.695013,-1.023791,-9.174675,1.319778,0.1120820647,2.1205162959,-0.0103676814
2.696059,-1.314404,-8.161866,2.587908,0.1078251641,1.9885523769,-0.0220741581
2.697108,-1.206325,-10.05819,3.370883,0.106760939,1.8363681799,-0.0422944361
2.698128,-0.19038,-9.110028,1.586373,0.0663203831,1.7852853725,-0.0582578134
2.699174,0.84478,-6.698919,-0.262983,0.0077879997,1.8800014112,-0.0731569655
2.700223,0.688665,-8.590454,-0.046825,-0.0283956555,2.00983688,-0.0752854158
2.701272,0.582988,-13.6976,-0.649667,-0.0358452316,2.0811399653,-0.0635789391
2.702289,1.017707,-14.583509,-1.768888,-0.0028542519,2.1630853021,-0.0593220385
2.703338,0.350017,-9.464392,-1.6488,0.058870807,2.2365168377,-0.0710285152
2.704388,-0.793222,-6.433146,-1.043556,0.1056967138,2.2024616328,-0.0816707667
2.705436,-0.999773,-9.646362,-0.983512,0.1408161439,2.1269016469,-0.0657073894
2.706453,-0.853266,-11.533109,-0.38067,0.155715296,2.1034886935,-0.0305879594
2.7096,-1.083835,-11.097337,3.373285,0.1312381175,1.7927349486,-0.0305879594
2.707505,-1.057416,-8.32947,1.192484,0.134430793,2.0619839125,-0.0114319066
2.708551,-1.408073,-8.2744,3.238786,0.1354950181,1.926827318,-0.0156888072
2.710649,0.249143,-9.591292,1.021959,0.0684488334,1.8001845247,-0.0529366876
2.711667,0.916833,-7.041311,0.20536,0.0056595494,1.9459833707,-0.0742211907
2.712716,0.249143,-8.935241,0.565625,-0.0294598807,2.0747546143,-0.0795423164
2.713765,0.760718,-13.482109,-1.629586,-0.0028542519,2.18330558,-0.062514714
2.714813,0.047395,-8.755664,-1.701639,0.0546139064,2.2311957119,-0.0731569655
2.715831,-0.874882,-6.581596,-0.683292,0.100375588,2.1737275536,-0.0816707667
2.716882,-1.151084,-9.904952,-0.387875,0.141880369,2.079011515,-0.0614504888
2.717929,-1.208727,-11.633671,0.553616,0.1589079715,2.0226075818,-0.021009933
2.718978,-1.033398,-8.710172,1.447071,0.1440088193,1.9693963241,-0.0018538802
2.719995,-1.143879,-8.49468,2.691184,0.1386876936,1.8789371861,-0.0167530324
2.721044,-0.87248,-10.393399,2.775246,0.1184674157,1.8055056505,-0.0422944361
2.722093,0.621416,-9.529039,0.097281,0.0524854561,1.8704233848,-0.0699642901
2.723142,1.188232,-9.078901,-0.109271,-0.0081753776,2.0619839125,-0.0869918925
2.724191,0.143465,-10.424525,0.964317,-0.0230745298,2.197140507,-0.0827349919
2.725208,-0.031863,-11.111703,-0.116476,-0.0092396028,2.2067185334,-0.0657073894
2.726259,0.631023,-10.465229,-1.682425,0.0152375758,2.2035258579,-0.0614504888
2.727306,0.244339,-9.392561,-1.802513,0.0524854561,2.2067185334,-0.0657073894
2.728355,-0.836454,-8.525807,-0.337438,0.0982471377,2.1535072757,-0.062514714
2.729372,-1.657856,-9.801995,0.928291,0.14826572,2.0406994094,-0.0444228864
2.730421,-1.753927,-11.710291,1.41825,0.1801924746,1.9321484437,-0.021009933
2.731469,-0.91331,-9.105239,0.500777,0.1386876936,1.8874509873,-0.0188814827
2.732518,-0.284048,-6.658215,0.882657,0.0748341844,1.9023501394,-0.0433586612
2.733536,-0.40894,-9.19383,2.477427,0.0492927807,1.9427906953,-0.0657073894
2.734585,0.030582,-11.89705,1.367813,0.0280082776,2.0109011051,-0.0731569655
2.735636,0.664648,-11.710291,0.407108,0.0194944764,2.1226447463,-0.0774138661
2.736683,0.268357,-9.605658,0.1237,0.0269440524,2.2013974076,-0.0816707667
2.7377,0.004163,-8.707777,-0.551195,0.0205587015,2.1769202291,-0.0784780913
2.738749,0.388445,-10.379033,-1.161242,0.0205587015,2.1460576996,-0.062514714
2.739798,-0.788418,-7.936797,0.255797,0.0918617868,2.1332869978,-0.0454871115
2.740847,-1.689079,-9.85467,1.048379,0.1333665678,2.0194149063,-0.0433586612
2.741895,-1.617026,-12.016767,1.053182,0.155715296,1.9161850664,-0.0359090851
2.742913,-0.579465,-8.039754,-0.308617,0.1110178396,1.8927721131,-0.0497440121
2.743962,-0.113523,-6.526526,0.517589,0.0609992574,1.9342768941,-0.0742211907
2.745013,-0.380119,-10.11326,2.097949,0.0567423567,1.9981304033,-0.0720927404
2.74606,0.263553,-12.634509,0.142914,0.0471643304,2.0704977137,-0.0614504888
2.747077,0.984082,-12.198738,-0.38067,0.0343936285,2.169470653,-0.0657073894
2.748128,0.328401,-9.361435,0.145316,0.0418432046,2.224810361,-0.0731569655
2.749175,-0.144746,-8.042148,-0.097262,0.0407789794,2.18330558,-0.0720927404
2.750224,0.148269,-9.883403,-0.474338,0.0439716549,2.1524430506,-0.0540009127
2.751241,-0.051077,-10.11326,-0.241368,0.0684488334,2.1609568518,-0.0327164097
2.75229,-0.982961,-8.501863,1.060388,0.0982471377,2.0992317929,-0.0337806348
2.753339,-1.549777,-9.701432,1.456678,0.1248527666,1.954497172,-0.0422944361
2.754388,-0.970952,-10.7741,1.180476,0.1312381175,1.8523315572,-0.0476155618
2.755437,-0.132737,-8.64313,0.099683,0.0971829126,1.8544600075,-0.0635789391
2.756454,0.047395,-8.169049,0.032433,0.0503570058,1.9310842186,-0.0752854158
2.757506,-0.111121,-10.731002,0.947505,0.0312009531,2.0321856082,-0.0646431643
2.758552,0.196304,-12.1724,-0.015602,0.0322651782,2.1226447463,-0.0561293631
2.762716,-0.111121,-9.536222,-0.661676,0.0886691114,2.1620210769,-0.0497440121
2.760618,0.0546,-9.418899,-0.010798,0.0439716549,2.1939478315,-0.0806065416
2.763765,-0.73558,-9.811572,0.793792,0.0982471377,2.1226447463,-0.03484486
2.761668,-0.099113,-8.798763,-0.212546,0.0695130586,2.1705348782,-0.0667716146
2.759601,0.486917,-10.975226,-0.692899,0.0301367279,2.1864982555,-0.0710285152
2.764782,-1.139076,-8.365386,1.807336,0.1056967138,2.0119653303,-0.0316521845
2.765831,-1.093442,-9.461997,1.485499,0.1227243163,1.8927721131,-0.0422944361
2.766883,-0.130336,-9.150732,-0.061235,0.0748341844,1.8970290137,-0.0667716146
2.767929,0.357222,-7.587222,-0.834603,0.023751377,2.00983688,-0.083799217
2.768978,0.143465,-10.556215,-0.121279,0.0035310991,2.1300943223,-0.0806065416
2.769995,-0.0823,-13.110985,-0.226957,0.0226871518,2.2088469837,-0.0678358397
2.771044,-0.017453,-11.178745,-0.608837,0.0609992574,2.2311957119,-0.0699642901
2.772093,-0.091907,-8.621581,-0.102065,0.0950544623,2.2013974076,-0.0720927404
2.773142,-0.166362,-8.585666,-0.061235,0.1099536144,2.1630853021,-0.0571935882
2.77416,-0.629902,-9.960022,0.361475,0.114210515,2.1300943223,-0.0359090851
2.775208,-1.153486,-9.778051,2.311706,0.1163389653,2.051341661,-0.021009933
2.77626,-0.610688,-7.757221,1.980262,0.1088893893,1.9555613971,-0.0305879594
2.777306,-0.007846,-8.521018,0.779381,0.0854764359,1.9225704174,-0.0561293631
2.779372,0.287571,-10.364667,-0.270189,0.0365220788,2.0204791315,-0.0678358397
2.780421,0.549363,-10.319174,-1.1036,0.0397147543,2.1183878456,-0.0699642901
2.778323,-0.077497,-10.716636,0.997942,0.0556781316,1.9513044965,-0.0689000649
2.781471,0.052198,-11.195506,-0.89945,0.0482285555,2.1992689573,-0.0742211907
2.782519,-0.276843,-10.486778,-0.976307,0.0609992574,2.2301314868,-0.0752854158
2.783537,-0.58667,-10.125232,-0.361456,0.0897333365,2.2152323346,-0.0689000649
2.785637,-0.322477,-8.453976,-0.601632,0.1088893893,2.2088469837,-0.0454871115
2.784585,-0.639509,-10.221006,-0.409491,0.1163389653,2.1992689573,-0.0540009127
2.786683,-0.934926,-8.331865,1.696855,0.1046324887,2.1609568518,-0.0412302109
2.787701,-1.619428,-10.335934,3.464551,0.1237885414,2.0183506812,-0.0305879594
2.788749,-0.966149,-9.648756,2.448606,0.1078251641,1.885322537,-0.0359090851
2.789798,0.162679,-8.173838,1.379822,0.0663203831,1.8533957824,-0.0593220385
2.790847,0.563774,-9.124394,0.486366,0.037586304,1.9364053444,-0.0774138661
2.791865,0.153072,-10.716636,0.296627,0.0248156021,2.0417636346,-0.076349641
2.792913,0.647835,-10.81241,-2.393346,0.0333294034,2.1758560039,-0.0742211907
2.793963,0.222723,-9.124394,-2.018672,0.0386505291,2.2567371156,-0.0827349919
2.795014,-1.071826,-10.04143,0.226976,0.065256158,2.2439664138,-0.0742211907
2.796029,-1.369645,-11.882684,0.952308,0.1184674157,2.1641495272,-0.048679787
2.797077,-0.622697,-9.483546,-0.246171,0.128045442,2.1300943223,-0.0359090851
2.798129,-0.733178,-7.457927,1.139646,0.1025040383,2.1056171438,-0.0412302109
2.799175,-1.357636,-9.433265,3.848833,0.1099536144,2.0066442045,-0.0401659857
2.800225,-0.677937,-9.385378,2.314107,0.100375588,1.9076712652,-0.0433586612
2.801241,0.417266,-7.690179,0.712132,0.0578065819,1.9097997155,-0.0603862637
2.802291,0.707879,-8.307921,0.126102,0.0312009531,2.0013230787,-0.0742211907
2.80334,0.686264,-11.343955,-1.125216,0.0035310991,2.0896537665,-0.0784780913
2.804389,0.635827,-14.2483,-1.377401,-0.0060469273,2.1535072757,-0.0806065416
2.805406,0.369231,-11.739023,-1.504694,0.0322651782,2.2237461358,-0.0859276674
2.806455,-0.40894,-6.998212,-0.791371,0.0758984095,2.2333241622,-0.0933772434
2.807506,-1.006979,-8.547356,-0.351849,0.1078251641,2.1747917788,-0.0816707667
2.808553,-0.829248,-12.016767,-0.495954,0.1323023427,2.1620210769,-0.0444228864
2.80957,-0.786017,-9.351857,0.565625,0.1227243163,2.1641495272,-0.0135603569
2.810619,-1.19912,-7.43159,2.234849,0.120595866,2.0662408131,-0.0135603569
2.811667,-1.256762,-10.323963,3.433329,0.1333665678,1.9140566161,-0.0305879594
2.812716,-0.262432,-10.177907,1.82655,0.0961186874,1.8448819811,-0.0540009127
2.813766,0.746308,-7.510603,0.054049,0.0322651782,1.9257630928,-0.0806065416
2.814782,0.309187,-7.869755,0.459947,-0.0049827022,2.0694334886,-0.090184568
2.815831,-0.101514,-11.703108,0.212566,-0.0145607286,2.1247731966,-0.0784780913
2.816882,0.801548,-14.351257,-1.384606,0.0014026488,2.1630853021,-0.0689000649
2.817929,0.883208,-11.037479,-2.376534,0.0439716549,2.2588655659,-0.0795423164
2.818947,-1.314404,-8.485103,0.099683,0.1259169917,2.2045900831,-0.0827349919
2.819996,-1.0358,-11.664798,-0.315822,0.1546510709,2.169470653,-0.0422944361
2.821044,-1.014184,-9.739742,0.673704,0.1354950181,2.1460576996,-0.0135603569
2.822093,-1.211129,-7.381308,2.700791,0.114210515,2.0385709591,-0.0178172575
2.82311,-1.182307,-10.031852,3.565426,0.1184674157,1.8980932388,-0.0380375354
2.824159,-0.281647,-10.707059,1.910611,0.0801553101,1.8555242327,-0.0561293631
2.825208,0.924038,-7.750038,0.238985,0.023751377,1.9566256223,-0.0720927404
2.826259,0.85919,-8.001445,-0.174118,-0.0145607286,2.1088098193,-0.0816707667
2.827306,0.407659,-12.39268,-0.371063,-0.0401021322,2.197140507,-0.076349641
2.828323,0.652639,-14.018443,-0.945084,-0.0166891789,2.2546086653,-0.0667716146
2.829372,0.364427,-9.684672,-1.766486,0.0450358801,2.3046272475,-0.0742211907
2.830421,-0.493002,-6.500188,-1.190064,0.0918617868,2.2673793671,-0.0859276674
2.83147,-0.853266,-9.275238,-0.928271,0.1269812169,2.1843698052,-0.0710285152
2.832487,-1.069425,-11.820431,-0.195734,0.1535868457,2.127965872,-0.0359090851
2.833536,-1.249557,-8.772425,1.644016,0.1525226206,2.0492132106,-0.0135603569
2.834585,-1.302396,-7.716517,2.294893,0.1525226206,1.9278915431,-0.021009933
2.835636,-1.129469,-10.862691,2.463017,0.1429445942,1.8406250805,-0.0401659857
2.836651,0.114644,-10.340723,0.452742,0.0780268598,1.8831940867,-0.0614504888
2.8377,1.197839,-8.691017,-0.731327,0.0014026488,2.0598554622,-0.0827349919
2.838748,0.311589,-9.933684,0.861041,-0.0262672052,2.2216176855,-0.090184568
2.839797,-0.476189,-10.92255,0.464751,-0.0134965034,2.2450306389,-0.0774138661
2.840846,0.347615,-10.838748,-1.312553,0.0120449003,2.2258745862,-0.0689000649
2.841864,0.616612,-10.051007,-1.982645,0.0546139064,2.252480215,-0.0742211907
2.842913,-0.423351,-8.379752,-0.92587,0.100375588,2.238645288,-0.076349641
2.843962,-1.506545,-8.801157,0.853836,0.1386876936,2.1311585475,-0.0635789391
2.845013,-0.937328,-10.089317,0.961915,0.1727428985,1.9289557683,-0.0167530324
2.846027,-0.113523,-7.091592,0.399903,0.1056967138,1.940662245,-0.0369733103
2.847076,-0.291254,-8.916086,2.097949,0.0567423567,1.989616602,-0.0657073894
2.848125,-0.053479,-11.554658,1.627203,0.0280082776,2.0545343364,-0.0795423164
2.849174,0.650237,-11.286491,0.519991,0.0173660261,2.1609568518,-0.0869918925
2.850191,0.268357,-9.722981,0.517589,0.0216229267,2.2556728905,-0.090184568
2.85124,-0.168764,-8.975944,-0.142895,0.0205587015,2.2482233144,-0.0827349919
2.852289,0.277964,-10.201851,-0.582418,0.0248156021,2.2013974076,-0.0689000649
2.853338,0.289973,-10.53706,-0.901852,0.0492927807,2.2067185334,-0.0550651379
2.854389,-0.529028,-8.185809,0.116495,0.0780268598,2.1843698052,-0.0497440121
2.855404,-1.489733,-9.136366,1.252529,0.1088893893,2.0683692634,-0.0465513367
2.856453,-1.609821,-12.428595,1.264537,0.1376234684,1.9438549204,-0.0380375354
2.857504,-0.555447,-9.251295,-0.05403,0.1099536144,1.9140566161,-0.048679787
2.85855,0.01377,-5.563998,-0.568007,0.0461001052,1.9747174499,-0.0806065416
2.859568,-0.557849,-9.08369,1.665632,0.0290725027,2.0524058861,-0.0869918925
2.860617,-0.428154,-13.31211,1.238118,0.0418432046,2.1130667199,-0.0699642901
2.861666,0.5998,-12.653664,-0.493553,0.0450358801,2.1907551561,-0.0689000649
2.862715,0.494123,-9.186647,-0.198136,0.0429074297,2.2588655659,-0.0859276674
2.863732,-0.115925,-7.754827,-0.121279,0.0365220788,2.2429021886,-0.090184568
2.864781,0.0546,-9.912135,-0.447919,0.0322651782,2.2088469837,-0.0710285152
2.86583,-0.012649,-10.776495,-0.034816,0.0461001052,2.2237461358,-0.0444228864
2.866881,-0.774008,-8.449188,1.166065,0.0705772837,2.1939478315,-0.03484486
2.867896,-1.564188,-9.110028,1.41825,0.0971829126,2.0641123628,-0.0465513367
2.868945,-1.357636,-11.667192,1.228511,0.1163389653,1.9438549204,-0.0593220385
2.869994,-0.28645,-9.404533,0.23178,0.0982471377,1.9342768941,-0.0752854158
2.871043,-0.300861,-8.750876,0.767373,0.0194944764,2.1024244683,-0.0912487931
2.872092,0.004163,-13.288166,0.145316,0.0216229267,2.1715991033,-0.0699642901
2.873109,0.811155,-13.685628,-1.317357,0.0333294034,2.2535444402,-0.0689000649
2.874158,0.460498,-9.512279,-0.500758,0.0429074297,2.3056914727,-0.0869918925
2.876258,-0.442565,-9.222562,0.24619,0.0854764359,2.1843698052,-0.0689000649
2.875206,-0.442565,-7.450744,0.757766,0.0599350322,2.2567371156,-0.0923130183
2.877272,-0.16396,-10.570581,-0.287001,0.0971829126,2.1684064279,-0.0433586612
2.878322,-0.317673,-8.425244,0.973924,0.0812195353,2.1481861499,-0.0359090851
2.879371,-0.810034,-7.357365,1.314974,0.0737699592,2.0609196873,-0.0476155618
2.880419,-1.105451,-10.958465,1.451875,0.092926012,1.9534329468,-0.0603862637
2.881437,-0.248022,-11.818036,0.419117,0.100375588,1.9374695695,-0.0720927404
2.882486,0.68146,-8.415667,-1.178055,0.0769626347,2.0364425088,-0.0880561177
2.883534,0.169885,-8.406089,-0.157306,0.0429074297,2.1439292493,-0.0955056937
2.884583,-0.142344,-12.016767,-0.387875,0.023751377,2.2088469837,-0.0806065416
2.885635,0.27316,-12.770987,-1.00753,0.0365220788,2.2854711948,-0.0689000649
2.886649,-0.236013,-9.605658,0.130906,0.0631277077,2.3152694991,-0.0720927404
2.887698,-0.83165,-7.848206,0.880255,0.0822837604,2.238645288,-0.0710285152
2.888747,-0.946935,-9.658334,1.202092,0.1078251641,2.1375438984,-0.0550651379
2.889796,-1.093442,-10.503539,1.17327,0.1163389653,2.065176588,-0.0380375354
2.890813,-0.66833,-7.807502,1.447071,0.0780268598,2.0109011051,-0.0433586612
2.891862,-0.341691,-7.21131,1.80013,0.0503570058,1.9704605493,-0.0646431643
2.892911,-0.555447,-10.836353,1.514321,0.0524854561,1.954497172,-0.0784780913
2.89396,0.006565,-11.691136,0.469554,0.0503570058,2.0002588536,-0.0784780913
2.894977,0.729495,-9.643968,-1.1036,0.0429074297,2.1056171438,-0.083799217
2.896026,0.352419,-9.89298,-1.334169,0.0258798273,2.2056543082,-0.0933772434
2.897075,-0.065488,-10.522694,-0.930673,0.0184302512,2.266315142,-0.0923130183
2.898124,-0.829248,-10.920156,0.385492,0.0801553101,2.2588655659,-0.0710285152
2.899173,-0.774008,-9.526645,0.373484,0.1046324887,2.1960762819,-0.0603862637
2.90019,-0.759597,-8.669468,0.519991,0.0971829126,2.141800799,-0.0561293631
2.901239,-1.360038,-9.749319,2.878522,0.100375588,2.0566627867,-0.0465513367
2.902288,-0.85807,-8.475526,2.446204,0.0876048862,1.954497172,-0.0454871115
2.903337,0.450891,-7.314267,0.786587,0.0450358801,1.9321484437,-0.0646431643
2.904354,0.679058,-8.935241,0.945103,0.0131091254,2.00983688,-0.0806065416
2.905403,0.47731,-10.802832,-0.005995,-0.003918477,2.1088098193,-0.0827349919
2.906452,0.676657,-12.766198,-1.178055,-0.003918477,2.1960762819,-0.0869918925
2.907501,0.474908,-12.402257,-1.718451,0.0184302512,2.2907923205,-0.097634144
2.908518,-0.339289,-8.925663,-1.180457,0.0492927807,2.3312328764,-0.1072121704
2.909567,-0.970952,-8.169049,-0.157306,0.079091085,2.2833427445,-0.1008268195
2.910616,-0.836454,-10.790861,-0.351849,0.1131462899,2.2407737383,-0.0678358397
2.911665,-0.6275,-10.393399,-0.200538,0.1131462899,2.2567371156,-0.0369733103
2.912714,-1.151084,-8.2744,1.617596,0.0961186874,2.2152323346,-0.0284595091
2.913731,-1.549777,-9.519462,3.241188,0.1099536144,2.0683692634,-0.0380375354
2.91478,-0.83165,-9.708615,2.29009,0.0918617868,1.9395980198,-0.0582578134
2.915829,0.232331,-7.508209,0.935496,0.0397147543,1.9353411192,-0.083799217
2.916881,0.424471,-7.860178,0.433528,0.00991645,2.0428278597,-0.0944414686
2.917895,0.222723,-10.953676,-0.121279,-0.0103038279,2.1428650242,-0.0859276674
2.918944,0.715085,-13.506052,-1.098797,-0.0145607286,2.2013974076,-0.0816707667
2.919993,0.904824,-12.277751,-2.525443,0.0120449003,2.2833427445,-0.0965699189
2.921042,-0.248022,-8.480314,-1.540721,0.0556781316,2.3237833003,-0.117854422
2.922059,-1.170299,-7.800319,-0.010798,0.0971829126,2.266315142,-0.1125332962
2.923108,-0.973354,-10.745368,-0.359054,0.1312381175,2.2226819107,-0.0731569655
2.924157,-1.225539,-8.295949,2.174805,0.1120820647,2.1630853021,-0.0188814827
2.925206,-1.201521,-8.884959,3.59905,0.1174031905,2.0077084297,-0.03484486
2.926223,-0.471386,-10.015092,2.496641,0.092926012,1.8970290137,-0.0646431643
2.927272,0.496524,-8.248062,0.889862,0.0290725027,1.9300199934,-0.0923130183
2.92832,0.719888,-7.481871,0.426322,-0.0124322782,2.072626164,-0.1050837201
2.92937,0.364427,-10.848325,-0.087655,-0.0337167813,2.1918193812,-0.0986983692
2.930419,0.594997,-14.356046,-0.873031,-0.0326525562,2.2567371156,-0.0827349919
2.931436,0.662246,-12.102964,-1.864959,0.0109806751,2.3248475254,-0.083799217
2.932485,-0.341691,-7.127507,-1.396615,0.065256158,2.3322971015,-0.1018910447
2.933534,-1.043005,-7.374125,-0.570409,0.0993113629,2.2546086653,-0.1018910447
2.934583,-0.999773,-11.387054,-0.255778,0.1312381175,2.1982047322,-0.0678358397
2.9356,-1.129469,-10.93931,0.762569,0.1376234684,2.1705348782,-0.0284595091
2.936649,-1.446501,-7.989473,2.083538,0.1237885414,2.0768830646,-0.0220741581
2.937698,-1.427287,-9.272844,3.104287,0.1269812169,1.9332126689,-0.0454871115
2.938747,-0.399333,-10.340723,1.389429,0.086540661,1.8863867621,-0.0752854158
2.939765,0.815959,-8.10919,-0.267787,0.0035310991,2.0109011051,-0.0965699189
2.940813,0.491721,-8.015811,0.748158,-0.0390379071,2.1758560039,-0.1018910447
2.941862,0.13626,-11.650432,0.349466,-0.0443590329,2.2460948641,-0.090184568
2.942911,0.948056,-13.774219,-1.286134,-0.0262672052,2.2929207708,-0.0795423164
2.94396,0.789539,-11.006352,-1.900985,0.0216229267,2.3589027304,-0.0891203428
2.944977,-0.493002,-7.381308,-0.901852,0.0780268598,2.3365540021,-0.1050837201
2.946026,-1.134272,-7.623137,-0.154904,0.1195316408,2.2343883874,-0.097634144
2.947074,-1.153486,-10.685509,-0.044423,0.1535868457,2.1524430506,-0.0635789391
2.948124,-1.086237,-10.515511,1.122833,0.1503941703,2.0992317929,-0.0305879594
2.94914,-1.098246,-8.118768,1.852969,0.1237885414,2.031121383,-0.0295237342
2.95019,-0.536233,-11.130858,1.773711,0.0748341844,1.9374695695,-0.0806065416
2.951239,0.777531,-8.990311,-0.130886,0.00991645,2.0577270119,-0.1018910447
2.952288,0.700674,-8.837072,0.483965,-0.0305241059,2.2269388113,-0.1061479453
2.953305,0.09543,-10.441286,0.318243,-0.0358452316,2.3088841481,-0.0912487931
2.954354,0.68146,-11.461278,-1.290938,-0.0241387549,2.335489777,-0.0806065416
2.955403,0.76312,-10.991986,-1.571944,0.0194944764,2.3684807567,-0.083799217
2.956452,-0.322477,-8.442005,-0.692899,0.0822837604,2.3376182273,-0.090184568
2.958518,-1.86681,-11.466067,1.154056,0.1684859979,2.0800757401,-0.062514714
2.9575,-1.278378,-7.745249,-0.042021,0.128045442,2.2226819107,-0.0880561177
2.959567,-1.314404,-11.351138,1.2141,0.1716786733,1.9832312511,-0.0359090851
2.960616,-0.106318,-6.581596,-0.440714,0.1056967138,1.9853597014,-0.0518724624
2.961665,-0.356101,-7.852995,1.63681,0.058870807,2.0321856082,-0.0806065416
2.962682,-0.65392,-11.808459,2.563891,0.0482285555,2.072626164,-0.0848634422
2.963731,0.698272,-11.437335,-0.102065,0.0290725027,2.155635726,-0.0891203428
2.96478,1.060938,-10.05819,-0.270189,0.0131091254,2.2886638702,-0.1029552698
2.965828,-0.070292,-9.315942,0.330252,0.0109806751,2.335489777,-0.1018910447
2.966846,-0.291254,-9.754108,0.279815,0.0173660261,2.2695078175,-0.0869918925
2.967895,0.126653,-10.879452,-0.551195,0.0471643304,2.2280030365,-0.0710285152
2.968943,-0.031863,-9.280027,-0.901852,0.0748341844,2.2460948641,-0.062514714
2.969992,-0.980559,-7.829051,0.743355,0.0897333365,2.2045900831,-0.0646431643
2.971042,-1.809167,-10.731002,1.49991,0.120595866,2.0758188395,-0.0603862637
2.972059,-1.19912,-11.135647,0.820211,0.1291096672,1.9832312511,-0.0603862637
2.973107,-0.171166,-7.13469,-0.116476,0.0939902371,1.9949377278,-0.0827349919
2.974156,-0.142344,-7.793136,0.342261,0.0546139064,2.0747546143,-0.1029552698
2.975205,-0.356101,-11.925782,1.190083,0.0354578537,2.1641495272,-0.0965699189
2.976223,0.162679,-12.65127,0.099683,0.0343936285,2.2365168377,-0.0880561177
2.977272,-0.06789,-8.403695,0.212566,0.0407789794,2.3056914727,-0.0955056937
2.978321,-0.101514,-9.035803,-0.097262,0.0418432046,2.252480215,-0.0827349919
2.97937,0.198706,-10.582552,-0.397482,0.0524854561,2.2429021886,-0.0646431643
2.980389,-0.512216,-9.550588,0.565625,0.0716415089,2.2375810628,-0.0540009127
2.981436,-1.25436,-8.09243,1.206895,0.0854764359,2.1513788254,-0.0582578134
2.982484,-1.28078,-9.749319,1.600784,0.1025040383,2.0353782837,-0.0667716146
2.983533,-0.879685,-10.510722,1.264537,0.1078251641,1.975781675,-0.0752854158
2.984582,-0.115925,-8.418061,-0.200538,0.0748341844,2.0077084297,-0.0891203428
2.9856,0.261152,-9.02862,-0.21735,0.0301367279,2.1120024947,-0.0986983692
2.986648,0.181894,-12.222681,0.094879,0.0077879997,2.2258745862,-0.0944414686
2.987698,0.359624,-12.648875,-0.536784,0.0163018009,2.3184621745,-0.0923130183
2.988747,0.167483,-10.106077,-0.238966,0.0492927807,2.3674165316,-0.0986983692
2.989766,-0.399333,-7.862572,0.176539,0.079091085,2.3429393531,-0.0955056937
2.990813,-0.384922,-8.066092,-0.226957,0.086540661,2.2833427445,-0.0795423164
2.991861,-0.440163,-10.122837,0.507982,0.0993113629,2.2301314868,-0.0582578134
2.992911,-0.906105,-10.393399,1.7593,0.1120820647,2.1481861499,-0.0465513367
2.993928,-0.771606,-8.552145,1.259734,0.0939902371,2.0385709591,-0.0571935882
2.994977,-0.396931,-9.313548,1.000344,0.0705772837,1.9736532247,-0.0784780913
2.996025,-0.269638,-10.872269,0.841827,0.0578065819,1.989616602,-0.0912487931
2.997075,0.184295,-9.119605,-0.54399,0.0397147543,2.0800757401,-0.097634144
2.998092,0.350017,-8.602426,-0.575212,0.0258798273,2.2003331825,-0.0997625944
2.99914,0.155474,-11.382265,-0.654471,0.023751377,2.2961134463,-0.0955056937
3.00019,0.201108,-12.407046,-1.358187,0.0397147543,2.3567742801,-0.0923130183
3.001238,-0.28645,-10.836353,-0.445517,0.0780268598,2.363159631,-0.0933772434
3.002287,-0.634706,-7.809897,0.118897,0.120595866,2.2322599371,-0.0752854158
3.003304,-1.040603,-9.440448,1.559954,0.128045442,2.1715991033,-0.0561293631
3.004354,-1.1727,-9.98636,2.924155,0.1301738923,2.086461091,-0.0433586612
3.005403,-0.24562,-8.049332,1.550347,0.0939902371,2.0194149063,-0.0561293631
3.006451,0.289973,-8.870593,0.942701,0.051421231,2.0226075818,-0.0827349919
3.007468,0.160278,-10.915367,0.70973,0.023751377,2.0875253162,-0.0955056937
3.008518,0.251545,-10.819593,-0.327831,0.0173660261,2.1715991033,-0.0997625944
3.009567,0.237134,-10.572975,-0.726523,0.0322651782,2.2535444402,-0.1018910447
3.010615,0.020975,-10.153964,-1.418231,0.0407789794,2.3195263997,-0.097634144
3.011635,-0.23121,-9.825938,-1.300545,0.0546139064,2.3440035782,-0.0912487931
3.012681,-0.66833,-10.982409,-0.164511,0.0950544623,2.3269759758,-0.0827349919
3.01373,-0.800427,-10.33354,0.104486,0.1237885414,2.2929207708,-0.0731569655
3.014779,-0.81724,-7.905671,0.397501,0.1120820647,2.2450306389,-0.0678358397
3.015828,-1.25436,-9.196225,2.424588,0.1195316408,2.1524430506,-0.062514714
3.016845,-1.273574,-10.673538,3.214768,0.1269812169,2.0364425088,-0.0550651379
3.017894,-0.199987,-8.113979,1.461482,0.0801553101,1.9747174499,-0.0657073894
3.018943,0.602202,-7.120324,0.813006,0.0354578537,2.0204791315,-0.0891203428
3.019992,0.261152,-9.387772,0.539205,0.0088522248,2.1162593953,-0.0986983692
3.021012,0.287571,-12.229864,-0.505561,0.0003384236,2.1907551561,-0.0955056937
3.022058,0.703076,-13.316898,-1.641595,0.0173660261,2.2758931684,-0.097634144
3.023107,0.191501,-10.26171,-1.965833,0.0429074297,2.3620954058,-0.111469071
3.024156,-0.865275,-7.572856,-0.378268,0.0695130586,2.3450678034,-0.117854422
3.025173,-1.299994,-10.247344,0.411912,0.1056967138,2.2695078175,-0.0933772434
3.026222,-0.766803,-11.626488,-0.447919,0.1237885414,2.2652509168,-0.0550651379
3.02727,-0.591474,-8.207359,0.073263,0.0950544623,2.2897280954,-0.0412302109
3.028319,-1.278378,-7.903276,2.888129,0.092926012,2.2088469837,-0.048679787
3.029368,-0.151951,-9.040592,1.550347,0.0705772837,1.996001953,-0.0774138661
3.030388,0.539756,-7.268774,1.226109,0.0407789794,2.0364425088,-0.0955056937
3.031434,0.597398,-9.110028,-0.440714,0.0194944764,2.1332869978,-0.1008268195
3.032483,0.621416,-13.762247,-1.173251,-0.003918477,2.2194892352,-0.0944414686
3.033532,0.655041,-14.102245,-1.031547,0.0141733506,2.3088841481,-0.0944414686
3.03455,0.049797,-8.561722,-1.927405,0.0556781316,2.3738018825,-0.1125332962
3.035599,-0.665929,-6.275119,-0.837005,0.0833479856,2.3503889291,-0.1221113226
3.036648,-0.608286,-10.149175,-0.796175,0.1163389653,2.32165485,-0.0944414686
3.037697,-0.61309,-12.167611,-0.656872,0.1312381175,2.3386824524,-0.0518724624
3.038714,-1.160692,-8.710172,1.588775,0.120595866,2.2790858438,-0.0273952839
3.039765,-1.408073,-7.718911,2.921753,0.1376234684,2.1045529186,-0.03484486
3.040812,-1.011782,-10.788466,2.880923,0.1386876936,1.954497172,-0.0593220385
3.041861,0.047395,-9.557771,1.293359,0.0812195353,1.9385337947,-0.0827349919
3.04291,0.84478,-6.545681,-0.087655,0.0248156021,2.0598554622,-0.104019495
3.043927,0.515738,-9.272844,-0.186127,-0.0103038279,2.2045900831,-0.1093406207
3.044976,0.474908,-14.095062,-0.4215,-0.0230745298,2.2886638702,-0.0923130183
3.046025,0.863994,-13.319293,-1.550328,0.0120449003,2.3695449819,-0.083799217
3.047073,0.090627,-8.209753,-1.701639,0.065256158,2.4206277893,-0.0997625944
3.04809,-0.946935,-6.58399,-0.510365,0.1078251641,2.363159631,-0.1093406207
3.049141,-1.064621,-10.192274,-0.390277,0.1472014948,2.2790858438,-0.0880561177
3.050188,-1.153486,-11.834797,0.471956,0.1663575476,2.2290672616,-0.0476155618
3.051238,-1.460912,-8.911297,2.218037,0.1578437463,2.1332869978,-0.0295237342
3.052257,-1.37685,-8.650313,2.986601,0.155715296,1.9853597014,-0.0433586612
3.053303,-0.61309,-10.477201,2.105154,0.1291096672,1.9193777419,-0.0689000649
3.054352,0.570979,-8.889748,0.138111,0.0482285555,2.0140937806,-0.0912487931
3.055401,0.210715,-10.161147,0.945103,-0.0358452316,2.3099483733,-0.1008268195
3.056418,0.371633,-13.065492,-0.824996,-0.0241387549,2.3652880813,-0.0869918925
3.057467,0.736701,-12.081415,-1.821727,0.0163018009,2.4142424384,-0.0880561177
3.058516,-0.070292,-8.767636,-1.350982,0.0769626347,2.4025359617,-0.1061479453
3.059565,-1.033398,-7.39328,-0.311019,0.1259169917,2.3046272475,-0.1104048459
3.060614,-1.446501,-9.500307,0.563223,0.1663575476,2.1928836064,-0.0827349919
3.061634,-1.309601,-11.413391,0.887461,0.1865778255,2.1226447463,-0.0412302109
3.06268,-0.737981,-9.064535,0.798596,0.14826572,2.0971033426,-0.0284595091
3.063729,-0.747588,-7.965529,1.855371,0.1035682635,2.0704977137,-0.0508082373
3.064778,-0.814838,-10.44368,2.364544,0.079091085,2.0406994094,-0.0795423164
3.065795,0.244339,-10.742974,0.373484,0.0386505291,2.1034886935,-0.1008268195
3.066844,0.724692,-9.41411,0.174137,0.00991645,2.2535444402,-0.1104048459
3.067893,-0.010247,-9.186647,0.507982,0.0003384236,2.3397466776,-0.1050837201
3.068942,0.150671,-10.654383,-0.834603,-0.0049827022,2.3344255518,-0.0923130183
3.069959,0.683862,-11.846768,-1.346178,0.0216229267,2.3567742801,-0.0827349919
3.07101,-0.06789,-9.442842,-0.913861,0.0758984095,2.3801872334,-0.0827349919
3.072057,-1.098246,-7.170606,0.133307,0.1152747402,2.3067556978,-0.0869918925
3.073106,-1.583402,-9.926501,1.127637,0.1546510709,2.1747917788,-0.0731569655
3.074155,-1.367243,-11.743811,1.11803,0.175935574,2.0758188395,-0.048679787
3.075172,-0.461779,-8.176232,0.066058,0.1291096672,2.0545343364,-0.0561293631
3.076221,-0.240817,-7.37652,0.796194,0.0737699592,2.0875253162,-0.0869918925
3.078319,0.13626,-12.399863,0.515188,0.0429074297,2.2077827585,-0.0986983692
3.079336,0.729495,-10.419737,-0.190931,0.037586304,2.3205906248,-0.1061479453
3.080388,-0.031863,-8.473131,0.349466,0.0365220788,2.3706092071,-0.1082763956
3.07727,-0.603483,-11.205083,2.018691,0.0535496813,2.1343512229,-0.0986983692
3.081434,0.81836,-10.807621,-1.057967,0.0407789794,2.307819923,-0.0795423164
3.082483,0.294776,-10.88424,-0.416696,0.0695130586,2.3440035782,-0.0603862637
3.0835,-0.939729,-8.216936,0.983531,0.1025040383,2.2875996451,-0.0550651379
3.084549,-1.559384,-9.308759,1.216502,0.1408161439,2.1364796732,-0.062514714
3.085598,-1.242351,-11.300857,1.182877,0.1514583954,2.0247360321,-0.0689000649
3.086647,-0.257629,-8.152289,0.006014,0.1099536144,2.0321856082,-0.0827349919
3.087696,0.061805,-7.00779,-0.229359,0.0609992574,2.1269016469,-0.104019495
3.088713,-0.625099,-11.475644,1.353403,0.0418432046,2.2173607849,-0.0986983692
3.089764,-0.279245,-13.632953,0.447938,0.0482285555,2.2748289432,-0.083799217
3.090811,0.700674,-10.678326,-0.930673,0.051421231,2.3440035782,-0.097634144
