Time (s), Acceleration X (m/s^2), Acceleration Y (m/s^2), Acceleration Z (m/s^2), Gyro X (rad/s), Gyro Y (rad/s), Gyro Z (rad/s)
0.000141,-0.211995,-9.785234,0.238985,0.0024668739,0.0229285181,0.0119810468
0.000935,-0.211995,-9.785234,0.238985,0.0024668739,0.0229285181,0.0119810468
0.001984,-0.20479,-9.790023,0.24619,0.0014026488,0.0229285181,0.0130452719
0.003034,-0.214397,-9.785234,0.229378,0.0003384236,0.0239927432,0.0119810468
0.004052,-0.221603,-9.780446,0.238985,0.0003384236,0.0229285181,0.0130452719
0.005102,-0.219201,-9.780446,0.238985,-0.0007258016,0.0229285181,0.0119810468
0.006151,-0.219201,-9.78284,0.214967,0.0014026488,0.0229285181,0.0109168216
0.008219,-0.207192,-9.787629,0.207762,0.0014026488,0.0218642929,0.0109168216
0.007201,-0.219201,-9.787629,0.193351,0.0024668739,0.0229285181,0.0109168216
0.009269,-0.207192,-9.785234,0.229378,0.0014026488,0.0218642929,0.0119810468
0.010319,-0.216799,-9.787629,0.229378,0.0014026488,0.0229285181,0.0119810468
0.011371,-0.219201,-9.792417,0.226976,0.0014026488,0.0239927432,0.0109168216
0.012386,-0.216799,-9.785234,0.222173,0.0003384236,0.0239927432,0.0109168216
0.013436,-0.209594,-9.78284,0.210164,0.0014026488,0.0239927432,0.0109168216
0.014485,-0.211995,-9.794812,0.214967,0.0014026488,0.0229285181,0.0109168216
0.015535,-0.214397,-9.794812,0.23178,0.0024668739,0.0229285181,0.0098525965
0.016585,-0.214397,-9.78284,0.229378,0.0024668739,0.0239927432,0.0098525965
0.017602,-0.207192,-9.785234,0.219771,0.0024668739,0.0229285181,0.0087883713
0.018652,-0.202388,-9.794812,0.219771,0.0003384236,0.0229285181,0.0098525965
0.019702,-0.209594,-9.790023,0.229378,0.0014026488,0.0229285181,0.0098525965
0.020752,-0.211995,-9.785234,0.23178,0.0014026488,0.0229285181,0.0098525965
0.021769,-0.20479,-9.785234,0.224574,0.0024668739,0.0229285181,0.0098525965
0.022819,-0.209594,-9.785234,0.219771,0.0024668739,0.0218642929,0.0087883713
0.023872,-0.207192,-9.785234,0.219771,0.0024668739,0.0218642929,0.0098525965
0.024918,-0.207192,-9.778051,0.217369,0.0035310991,0.0229285181,0.0098525965
0.025936,-0.214397,-9.78284,0.217369,0.0024668739,0.0229285181,0.0098525965
0.026986,-0.219201,-9.785234,0.224574,0.0024668739,0.0218642929,0.0087883713
0.028036,-0.226406,-9.785234,0.23178,0.0035310991,0.0218642929,0.0087883713
0.029085,-0.224004,-9.770868,0.224574,0.0035310991,0.0239927432,0.006659921
0.030104,-0.214397,-9.778051,0.222173,0.0024668739,0.0239927432,0.0077241462
0.031153,-0.211995,-9.797206,0.224574,0.0024668739,0.0239927432,0.0087883713
0.032203,-0.202388,-9.797206,0.212566,0.0014026488,0.0229285181,0.0077241462
0.033253,-0.199987,-9.787629,0.212566,0.0024668739,0.0218642929,0.0077241462
0.034302,-0.20479,-9.794812,0.217369,0.0035310991,0.0208000678,0.0077241462
0.03532,-0.20479,-9.801995,0.212566,0.0035310991,0.0208000678,0.006659921
0.036372,-0.211995,-9.792417,0.226976,0.0024668739,0.0218642929,0.006659921
0.037419,-0.219201,-9.778051,0.234181,0.0024668739,0.0218642929,0.0077241462
0.038469,-0.214397,-9.794812,0.219771,0.0045953242,0.0208000678,0.0077241462
0.039487,-0.209594,-9.811572,0.217369,0.0045953242,0.0197358426,0.0077241462
0.040536,-0.211995,-9.801995,0.222173,0.0056595494,0.0197358426,0.0077241462
0.042636,-0.219201,-9.787629,0.224574,0.0035310991,0.0218642929,0.0077241462
0.043654,-0.216799,-9.794812,0.226976,0.0035310991,0.0208000678,0.006659921
0.044703,-0.214397,-9.7996,0.222173,0.0045953242,0.0197358426,0.006659921
0.041586,-0.219201,-9.790023,0.222173,0.0045953242,0.0208000678,0.0077241462
0.045752,-0.211995,-9.794812,0.217369,0.0045953242,0.0208000678,0.006659921
0.046803,-0.214397,-9.7996,0.212566,0.0045953242,0.0218642929,0.006659921
0.047852,-0.224004,-9.797206,0.217369,0.0045953242,0.0208000678,0.0055956959
0.048873,-0.221603,-9.790023,0.219771,0.0045953242,0.0197358426,0.006659921
0.04992,-0.209594,-9.785234,0.214967,0.0056595494,0.0208000678,0.006659921
0.05097,-0.202388,-9.785234,0.210164,0.0056595494,0.0218642929,0.006659921
0.052019,-0.202388,-9.794812,0.210164,0.0045953242,0.0218642929,0.0055956959
0.053037,-0.202388,-9.806783,0.219771,0.0035310991,0.0197358426,0.0034672456
0.054087,-0.207192,-9.806783,0.219771,0.0045953242,0.0208000678,0.0034672456
0.055137,-0.209594,-9.797206,0.217369,0.0056595494,0.0229285181,0.0045314707
0.056186,-0.202388,-9.794812,0.226976,0.0067237745,0.0218642929,0.0045314707
0.057204,-0.216799,-9.801995,0.222173,0.0056595494,0.0208000678,0.0055956959
0.058255,-0.228808,-9.801995,0.229378,0.0045953242,0.0218642929,0.006659921
0.059303,-0.219201,-9.801995,0.234181,0.0056595494,0.0229285181,0.0045314707
0.060353,-0.214397,-9.794812,0.224574,0.0056595494,0.0218642929,0.0034672456
0.061403,-0.214397,-9.780446,0.222173,0.0056595494,0.0197358426,0.0045314707
0.06242,-0.211995,-9.778051,0.226976,0.0056595494,0.0197358426,0.0055956959
0.06347,-0.214397,-9.780446,0.222173,0.0056595494,0.0208000678,0.0045314707
0.06452,-0.226406,-9.785234,0.222173,0.0045953242,0.0208000678,0.0045314707
0.06557,-0.224004,-9.797206,0.219771,0.0045953242,0.0197358426,0.0034672456
0.066588,-0.211995,-9.804389,0.212566,0.0056595494,0.0218642929,0.0024030204
0.067637,-0.211995,-9.804389,0.217369,0.0067237745,0.0229285181,0.0034672456
0.068687,-0.216799,-9.801995,0.222173,0.0056595494,0.0218642929,0.0034672456
0.069737,-0.216799,-9.7996,0.219771,0.0056595494,0.0197358426,0.0024030204
0.070755,-0.219201,-9.797206,0.219771,0.0056595494,0.0197358426,0.0024030204
0.071804,-0.219201,-9.794812,0.222173,0.0056595494,0.0208000678,0.0034672456
0.072854,-0.211995,-9.792417,0.224574,0.0056595494,0.0197358426,0.0024030204
0.073904,-0.214397,-9.7996,0.219771,0.0056595494,0.0197358426,0.0024030204
0.07508,-0.221603,-9.806783,0.222173,0.0067237745,0.0197358426,0.0034672456
0.075971,-0.219201,-9.7996,0.222173,0.0067237745,0.0197358426,0.0034672456
0.077021,-0.216799,-9.780446,0.226976,0.0056595494,0.0197358426,0.0024030204
0.07807,-0.219201,-9.775657,0.234181,0.0056595494,0.0197358426,0.0024030204
0.079122,-0.224004,-9.780446,0.23178,0.0077879997,0.0208000678,0.0024030204
0.080138,-0.221603,-9.785234,0.219771,0.0077879997,0.0208000678,0.0013387952
0.081188,-0.207192,-9.794812,0.229378,0.0056595494,0.0218642929,0.0024030204
0.082237,-0.219201,-9.835516,0.226976,0.0067237745,0.0218642929,0.0024030204
0.083287,-0.192781,-9.921712,0.356671,0.0088522248,0.0186716175,0.0013387952
0.084305,-0.055881,-9.464392,0.431126,0.00991645,0.0165431672,0.0034672456
0.085355,0.268357,-8.082852,0.253395,0.0024668739,0.0229285181,0.0077241462
0.086404,0.542158,-7.584828,0.202958,-0.0028542519,0.0388918954,0.0151737222
0.087454,0.54456,-9.098056,0.23178,0.0014026488,0.0644332991,0.0215590732
0.088472,0.534953,-9.902557,-0.262983,0.0035310991,0.098488504,0.0247517486
0.089521,0.414864,-8.896931,-0.856219,0.0067237745,0.1304152586,0.0247517486
0.090571,-0.132737,-9.718193,-1.427838,0.0226871518,0.1634062384,0.0258159738
0.091623,-1.446501,-15.275476,-2.885708,0.0450358801,0.2315166482,0.0141094971
0.09267,-2.637775,-20.174313,-3.226758,0.079091085,0.3496456403,-0.0199457078
0.093688,-1.797159,-13.388729,-1.946619,0.1237885414,0.4667104072,-0.0678358397
0.094737,-0.752392,-2.307684,-1.235697,0.1323023427,0.4826737845,-0.1125332962
0.095787,-1.693883,-4.558371,0.678507,0.1120820647,0.3560309912,-0.104019495
0.096837,-2.092575,-12.232259,2.741621,0.1216600911,0.167663139,-0.0103676814
0.097855,-0.61309,-9.761291,2.29009,0.1365592433,0.0090935911,0.0907337082
0.098904,1.128188,-3.773025,1.11803,0.0971829126,-0.1175492022,0.1130824364
0.099954,1.661379,-7.627926,0.556018,0.0248156021,-0.2165221415,0.075834556
0.101003,0.936047,-13.834078,1.567159,-0.0347810065,-0.2707976243,0.0471004769
0.102021,0.717486,-7.697362,1.360608,-0.0667077611,-0.2771829752,0.0290086492
0.103071,1.353953,-1.654026,-1.622381,-0.0901207145,-0.2026872145,-0.021009933
0.104123,1.075349,-12.095781,-1.845745,-0.1060840918,-0.0164478126,-0.0476155618
0.10517,0.167483,-20.648394,0.383091,-0.0390379071,0.181498066,0.0034672456
0.10622,-0.320075,-6.174557,-0.366259,0.1312381175,0.2315166482,0.0173021725
0.107238,-1.420082,-11.183534,2.655158,0.1578437463,0.1453144108,-0.0018538802
0.108288,-1.136674,-11.616911,2.499043,0.1663575476,0.0899747028,0.0087883713
0.109337,-0.406538,-8.391723,1.40384,0.1450730445,0.0899747028,0.0002745701
0.110387,-0.795624,-8.820312,1.723274,0.0918617868,0.1080665304,-0.0156888072
0.111405,-1.148683,-8.95679,1.468687,0.0216229267,0.1176445568,-0.0146245821
0.112454,-0.877284,-8.360597,1.264537,-0.0241387549,0.1176445568,-0.0103676814
0.113503,-0.598679,-10.084528,0.990736,-0.0422305825,0.1176445568,-0.0103676814
0.114553,-0.195183,-10.465229,1.17327,-0.0550012844,0.1208372322,-0.007175006
0.115571,0.241938,-8.470737,1.223707,-0.0624508605,0.1219014574,-0.0103676814
0.116623,0.256348,-8.192992,1.009951,-0.0645793108,0.1133876562,-0.0188814827
0.117671,0.277964,-9.371012,0.880255,-0.0709646617,0.1006169543,-0.0146245821
0.11872,0.751111,-9.938473,-0.164511,-0.0784142378,0.1112592058,-0.0018538802
0.11977,0.80395,-10.886635,-0.911459,-0.0773500126,0.1602135629,0.006659921
0.120787,-0.346494,-12.39268,-0.510365,-0.0667077611,0.1932045427,0.0098525965
0.121837,-1.617026,-12.35437,-0.181323,-0.0443590329,0.1634062384,0.0034672456
0.122887,-2.087772,-10.127626,-0.087655,-0.017753404,0.1101949807,-0.0124961318
0.123936,-2.046942,-7.891305,0.556018,0.0077879997,0.0740113255,-0.0305879594
0.124954,-1.41768,-7.663841,1.49991,0.023751377,0.0537910475,-0.03484486
0.126003,-0.365708,-9.071718,1.593579,0.0322651782,0.0527268224,-0.0273952839
0.127053,0.50373,-10.656777,0.779381,0.0312009531,0.0772040009,-0.0220741581
0.128102,1.077751,-11.300857,-0.236564,0.0120449003,0.1314794838,-0.0263310588
0.129123,1.125786,-10.015092,-0.68089,-0.0145607286,0.2123605954,-0.0337806348
0.13017,0.412463,-8.427639,-0.832201,-0.0390379071,0.2708929789,-0.0380375354
0.13122,-0.344092,-9.126788,-0.870629,-0.0528728341,0.2666360783,-0.03484486
0.13227,-0.430556,-9.421293,-0.839406,-0.0262672052,0.1623420132,-0.0093034563
0.133319,-0.562653,-10.175513,-0.976307,-0.0262672052,0.1048738549,-0.0029181054
0.134337,-0.353699,-10.295231,-0.937879,-0.0252029801,0.0825251267,0.0034672456
0.135386,-0.348896,-9.256083,-1.101198,-0.0124322782,0.0931673782,0.0024030204
0.137486,-0.416145,-9.816361,0.342261,-0.0017900267,0.1357363844,-0.0156888072
0.138503,-0.005444,-8.784397,1.029165,-0.0017900267,0.1708558144,-0.0252668336
0.136436,-0.730776,-9.737347,-0.431107,-0.003918477,0.1091307555,-0.0050465557
0.139553,-0.185576,-9.349463,1.845764,0.0003384236,0.1729842648,-0.0231383833
0.140603,-0.058283,-9.737347,1.864978,0.0014026488,0.1410575101,-0.0135603569
0.141652,0.121849,-9.366223,1.49991,0.0024668739,0.1038096298,-0.0093034563
0.144769,0.578184,-9.653545,0.664097,-0.0283956555,0.0133504917,-0.0007896551
0.142671,-0.127934,-10.115654,1.828951,0.0045953242,0.0537910475,-0.0050465557
0.14372,0.016172,-10.07495,1.555151,-0.0071111525,0.0080293659,-0.0007896551
0.145819,0.748709,-10.381427,0.70973,-0.0464874832,0.0665617494,0.0013387952
0.146871,0.729495,-9.991148,0.517589,-0.0603224102,0.1219014574,0.0024030204
0.147887,0.755915,-8.796368,-0.130886,-0.0613866353,0.1591493378,-0.0029181054
0.148936,0.438882,-8.889748,-0.335036,-0.0422305825,0.1655346887,-0.0061107808
0.149986,0.0546,-9.888191,-0.774559,-0.0220103046,0.1325437089,0.0002745701
0.151035,-0.10872,-10.534665,-1.341375,-0.0071111525,0.0899747028,0.0098525965
0.152053,-0.358503,-9.869036,-1.178055,0.0014026488,0.0654975242,0.0183663977
0.153103,-0.661125,-9.098056,-0.815389,-0.0017900267,0.0484699218,0.0215590732
0.154153,-0.771606,-9.890586,-0.724122,-0.0113680531,0.0367634451,0.0194306229
0.155202,-0.577063,-10.235372,-0.202939,-0.0252029801,0.0452772463,0.0130452719
0.15622,-0.24562,-9.217774,0.402305,-0.0379736819,0.0654975242,0.006659921
0.157269,-0.099113,-9.169887,0.769774,-0.0464874832,0.0835893518,0.006659921
0.158319,-0.039069,-10.300019,0.921085,-0.0347810065,0.0995527292,0.0130452719
0.159371,0.131456,-9.785234,0.423921,-0.0273314304,0.1155161065,0.0055956959
0.160386,-0.24562,-9.68946,0.303832,-0.0209460795,0.1389290598,0.0013387952
0.161436,-0.548242,-9.572137,0.06846,-0.0156249537,0.1495713114,-0.0018538802
0.163535,-0.670732,-9.988754,0.186146,0.0035310991,0.1570208875,-0.0039823305
0.162485,-0.50501,-9.45242,-0.039619,-0.0092396028,0.1516997617,-0.0061107808
0.164585,-1.026193,-10.175513,0.315841,0.0173660261,0.1548924371,0.0013387952
0.165602,-1.25436,-9.766079,0.195753,0.0258798273,0.1378648347,-0.0029181054
0.166652,-1.163093,-9.897769,0.032433,0.0269440524,0.1282868083,-0.0156888072
0.167701,-0.932524,-10.04143,-0.140494,0.0248156021,0.1421217353,-0.0252668336
0.168753,-0.622697,-9.426082,-0.342242,0.0120449003,0.1655346887,-0.0295237342
0.169768,-0.31287,-9.189041,-0.507963,-0.0060469273,0.1889476421,-0.0273952839
0.170818,-0.137541,-9.660728,-0.596828,-0.0188176292,0.2123605954,-0.0178172575
0.17187,0.076216,-9.526645,-0.678488,-0.0134965034,0.2347093237,-0.0093034563
0.172917,0.114644,-9.615236,-0.971503,-0.0007258016,0.2528011513,-0.0061107808
0.173935,0.157876,-10.807621,-0.92587,0.0152375758,0.2655718531,-0.0061107808
0.174985,0.419668,-10.589735,-0.733729,0.0280082776,0.2879205814,-0.007175006
0.176034,0.208313,-9.61763,-0.529579,0.0322651782,0.3017555083,-0.0061107808
0.177084,-0.216799,-10.400582,0.267806,0.0301367279,0.285792131,0.0013387952
0.178133,-0.060684,-9.998331,0.721739,0.0280082776,0.2687645286,0.0119810468
0.179151,-0.147148,-8.683834,0.748158,0.0301367279,0.2613149525,0.0162379474
0.180201,-0.605884,-9.916923,1.166065,0.0343936285,0.2421588997,0.0141094971
0.181253,-0.32728,-10.16833,1.182877,0.0354578537,0.2347093237,0.006659921
0.1823,-0.305664,-9.488335,0.630472,0.0322651782,0.2432231249,-0.0050465557
0.183317,-0.769204,-11.102126,0.690516,0.0290725027,0.2325808734,-0.0188814827
0.184369,-0.209594,-8.319893,0.301431,0.0163018009,0.1963972181,-0.0327164097
0.185417,-0.53143,-10.254527,0.738551,0.0226871518,0.1612777881,-0.0284595091
0.186466,-0.147148,-10.383821,0.534402,0.023751377,0.1229656825,-0.0156888072
0.187484,0.388445,-8.870593,0.00121,0.0216229267,0.0910389279,-0.0093034563
0.188533,0.318794,-10.503539,0.217369,0.0163018009,0.0718828752,-0.0135603569
0.189583,0.321196,-10.304808,-0.104467,-0.0017900267,0.0857178022,-0.0093034563
0.190632,0.208313,-8.468343,-0.267787,-0.0145607286,0.1070023052,-0.0082392311
0.191682,-0.183174,-9.974388,0.094879,-0.0113680531,0.1059380801,-0.0103676814
0.1927,-0.053479,-10.529877,-0.27259,-0.0071111525,0.1187087819,-0.0039823305
0.193752,-0.048676,-9.069324,-0.375866,0.0035310991,0.1516997617,-0.0018538802
0.194799,-0.550644,-10.089317,0.121299,0.0163018009,0.1708558144,-0.0029181054
0.195848,-0.502609,-10.383821,0.157325,0.0194944764,0.1846907414,0.0013387952
0.196868,-0.411342,-8.444399,0.169334,0.0194944764,0.2112963703,0.0024030204
0.197915,-0.759597,-8.947212,0.652088,0.0184302512,0.2293881979,-0.0018538802
0.198965,-0.706758,-10.256921,1.03637,0.0173660261,0.2357735488,-0.0029181054
0.200015,-0.598679,-10.005514,1.067593,0.0173660261,0.236837774,-0.0029181054
0.201032,-0.569858,-10.582552,1.122833,0.0088522248,0.2198101715,-0.0061107808
0.202082,0.049797,-10.359878,1.079602,-0.0049827022,0.2112963703,-0.0061107808
0.203132,0.460498,-8.779608,0.89947,-0.0113680531,0.2347093237,-0.0039823305
0.204181,0.294776,-9.280027,0.89947,-0.0188176292,0.2570580519,-0.0007896551
0.205231,0.491721,-9.926501,0.498375,-0.0230745298,0.2634434028,0.0024030204
0.206251,0.628621,-9.179464,-0.073244,-0.0113680531,0.2634434028,0.0034672456
0.207298,0.133858,-10.000726,-0.130886,0.0024668739,0.2379019991,0.0045314707
0.208348,-0.031863,-10.850719,-0.287001,0.0109806751,0.195332993,0.006659921
0.209398,-0.584269,-9.871431,-0.042021,0.023751377,0.1474428611,0.0034672456
0.210415,-0.841257,-9.538616,0.202958,0.0120449003,0.1325437089,-0.0007896551
0.211464,-0.850864,-9.148338,0.563223,-0.0017900267,0.1293510335,-0.007175006
0.212514,-0.985363,-9.746925,0.959514,-0.0156249537,0.1155161065,-0.0124961318
0.213564,-0.77641,-9.940867,0.399903,-0.0283956555,0.098488504,-0.0199457078
0.214582,-0.841257,-10.055796,0.094879,-0.0273314304,0.0942316034,-0.0273952839
0.215631,-1.1727,-10.632834,0.061255,-0.0198818543,0.0889104776,-0.0327164097
0.216681,-0.951738,-10.156358,-0.356652,-0.0156249537,0.0942316034,-0.0391017606
0.21773,-0.786017,-9.08369,-0.147699,-0.0113680531,0.1176445568,-0.0454871115
0.218751,-0.596277,-8.635947,0.181343,-0.0113680531,0.1431859605,-0.0433586612
0.219798,-0.144746,-9.239323,0.459947,-0.0060469273,0.1697915893,-0.03484486
0.220847,0.157876,-10.156358,0.659293,0.0014026488,0.195332993,-0.0273952839
0.221897,0.455694,-10.091711,0.375885,-0.0007258016,0.2134248206,-0.0252668336
0.222946,0.287571,-10.496356,0.347064,0.0003384236,0.2315166482,-0.0252668336
0.223964,-0.039069,-10.517905,0.452742,-0.003918477,0.2559938267,-0.0199457078
0.225014,0.117046,-8.475526,0.27261,-0.0156249537,0.2879205814,-0.0146245821
0.226063,0.107439,-7.635109,0.385492,-0.0230745298,0.3155904353,-0.0114319066
0.227113,0.047395,-9.363829,0.714534,-0.0220103046,0.3187831108,0.0002745701
0.228131,0.196304,-11.173956,0.625669,-0.0081753776,0.3038839587,0.0109168216
0.22918,0.044993,-11.439729,0.224574,0.0088522248,0.271957204,0.0087883713
0.23023,-0.31287,-10.436497,-0.140494,0.0131091254,0.2251312973,-0.0061107808
0.231279,-0.622697,-9.696643,-0.020405,0.0120449003,0.1921403175,-0.0199457078
0.232297,-0.629902,-9.023831,0.229378,0.0056595494,0.1846907414,-0.0220741581
0.233346,-0.353699,-8.001445,0.349466,-0.0081753776,0.1804338408,-0.0156888072
0.234396,-0.356101,-8.767636,0.577633,-0.0145607286,0.1527639868,-0.0093034563
0.235446,-0.517019,-11.875501,-0.390277,-0.0017900267,0.0442130212,-0.0295237342
0.236498,-0.4906,-10.393399,-0.481544,0.0067237745,0.0208000678,-0.0540009127
0.237513,-0.476189,-8.372569,-0.431107,-0.0028542519,0.0250569684,-0.0678358397
0.238563,-0.53143,-8.080458,0.263003,-0.0188176292,0.0399561205,-0.0561293631
0.239612,-0.61309,-9.440448,0.889862,-0.0252029801,0.0303780942,-0.0316521845
0.240662,-0.216799,-10.153964,0.921085,-0.0283956555,-0.0068697862,-0.0114319066
0.241679,0.470105,-10.477201,0.498375,-0.0283956555,-0.0228331635,-0.0114319066
0.242729,0.729495,-11.051845,0.051647,-0.0230745298,0.0186716175,-0.0231383833
0.243778,0.563774,-9.742136,-0.020405,-0.0220103046,0.1038096298,-0.0327164097
0.244828,0.107439,-7.934403,0.075665,-0.0198818543,0.1761769402,-0.0284595091
0.245846,-0.096711,-8.489892,0.311038,-0.0124322782,0.2038467942,-0.007175006
0.246895,0.141064,-10.781283,-0.018004,-0.0071111525,0.2208743967,0.0194306229
0.247945,0.133858,-12.294512,-0.495954,0.0045953242,0.2549296016,0.0290086492
0.248996,-0.039069,-11.099732,-0.479142,0.0280082776,0.2836636807,0.0077241462
0.250043,-0.005444,-9.354252,-0.431107,0.051421231,0.3006912832,-0.0295237342
0.251061,0.241938,-8.49468,-0.034816,0.0663203831,0.3262326869,-0.0465513367
0.252111,0.347615,-7.374125,0.181343,0.0641919328,0.3432602893,-0.0316521845
0.25316,-0.175969,-8.707777,0.702525,0.0599350322,0.2943059323,0.0013387952
0.25421,-0.879685,-12.378314,1.130039,0.0620634825,0.1900118672,0.0268801989
0.255228,-1.002175,-12.861972,-0.198136,0.0503570058,0.0974242788,0.0162379474
0.256277,-0.81724,-9.921712,-1.019538,0.00991645,0.0516625972,-0.0273952839
0.257327,-0.942131,-7.359759,-0.015602,-0.0422305825,0.0463414715,-0.0540009127
0.258379,-1.235146,-7.163423,1.413447,-0.0688362114,0.0378276702,-0.0337806348
0.259394,-0.800427,-9.153126,1.980262,-0.0539370592,-0.0036771108,0.0119810468
0.260444,0.455694,-11.712685,1.137244,-0.0241387549,-0.0419892163,0.0375224505
0.261496,0.878405,-10.218611,-0.29901,0.0163018009,0.0176073923,-0.0220741581
0.262542,0.167483,-7.802714,0.157325,0.0290725027,0.0740113255,-0.0401659857
0.263592,-0.339289,-8.566511,0.469554,0.0386505291,0.1112592058,-0.0114319066
0.26461,-0.168764,-10.146781,0.073263,0.0322651782,0.1378648347,0.034329775
0.266709,-0.252825,-12.100569,-1.005128,0.0354578537,0.2410946746,0.0098525965
0.265659,0.133858,-11.147619,-0.548793,0.0205587015,0.1846907414,0.0460362517
0.267759,-0.745187,-10.745368,-1.04836,0.065256158,0.264507628,-0.0433586612
0.268776,-0.495403,-7.326238,-0.743336,0.0812195353,0.2591865022,-0.0752854158
0.269826,-0.476189,-6.981452,0.114093,0.086540661,0.2442873501,-0.0603862637
0.270878,-1.208727,-9.713404,1.151655,0.0854764359,0.2038467942,-0.0029181054
0.271925,-1.292788,-11.796487,1.084405,0.079091085,0.1357363844,0.0449720265
0.272943,-0.44977,-11.683953,0.025228,0.0524854561,0.0867820273,0.0385866756
0.273995,-0.099113,-10.247344,-0.774559,-0.0028542519,0.0761397758,-0.0082392311
0.275042,-0.740383,-8.920874,0.224574,-0.0720288868,0.0867820273,-0.0412302109
0.276091,-1.25436,-8.030177,1.557552,-0.0996987408,0.0899747028,-0.0327164097
0.277141,-0.733178,-8.262429,1.891397,-0.0709646617,0.07081865,0.0045314707
0.278158,0.191501,-10.20664,1.591177,-0.0283956555,0.0420845709,0.0322013247
0.279208,0.68146,-12.328033,0.604053,0.0035310991,0.0410203457,0.0247517486
0.280258,0.758316,-11.43494,0.423921,0.0258798273,0.0644332991,-0.007175006
0.281307,0.539756,-9.040592,0.469554,0.0471643304,0.0921031531,-0.0305879594
0.282324,0.342812,-9.366223,0.099683,0.0620634825,0.1389290598,-0.0199457078
0.283377,0.203509,-10.376638,-0.166913,0.0620634825,0.2059752445,0.0109168216
0.284424,-0.029462,-9.133971,-0.438312,0.0567423567,0.2464158004,0.0194306229
0.285473,-0.329682,-8.099613,-0.363857,0.0546139064,0.2272597476,-0.0082392311
0.28649,-0.692348,-9.567349,-0.09486,0.0609992574,0.1612777881,-0.0369733103
0.287541,-0.524225,-11.580996,0.291824,0.0684488334,0.0442130212,-0.021009933
0.28859,-0.279245,-9.129183,-0.740934,0.0418432046,0.0591121733,-0.007175006
0.289639,-0.452172,-8.03736,-0.267787,-0.0071111525,0.0942316034,-0.0018538802
0.290657,-0.697151,-10.034247,0.325448,-0.0411663574,0.0952958285,-0.0029181054
0.291706,-0.348896,-10.963254,0.118897,-0.0635150856,0.0718828752,-0.0103676814
0.292757,0.016172,-9.06693,0.495973,-0.0581939599,0.0740113255,-0.0146245821
0.293806,-0.051077,-7.742855,0.716936,-0.0241387549,0.1048738549,-0.0093034563
0.294855,-0.392128,-9.639179,0.375885,0.00991645,0.1336079341,0.0024030204
0.295875,-0.639509,-12.462116,0.589642,0.0386505291,0.1474428611,0.0109168216
0.296922,-0.512216,-11.437335,0.479161,0.0535496813,0.1421217353,0.0013387952
0.297972,-0.54584,-8.719749,-0.030012,0.051421231,0.1219014574,-0.0220741581
0.299021,-0.745187,-8.647919,0.332654,0.0503570058,0.1155161065,-0.0295237342
0.300039,-0.565055,-9.148338,0.284618,0.0631277077,0.1368006095,-0.0188814827
0.301089,-0.0823,-9.059747,0.219771,0.065256158,0.1580851126,-0.0167530324
0.302138,0.073814,-10.051007,0.959514,0.0535496813,0.1495713114,-0.0220741581
0.303188,-0.284048,-11.588179,0.940299,0.051421231,0.112323431,-0.0263310588
0.304205,-0.444966,-11.231421,0.467152,0.0365220788,0.0623048488,-0.0380375354
0.305255,0.107439,-8.504258,-0.159708,0.0035310991,0.0452772463,-0.0465513367
0.306305,0.443686,-7.297506,-0.214948,-0.0198818543,0.0782682261,-0.0359090851
0.307354,-0.12313,-10.077345,0.779381,-0.0262672052,0.0910389279,-0.0114319066
0.308404,-0.053479,-11.782121,0.966719,-0.0347810065,0.0654975242,0.006659921
0.309421,0.621416,-9.272844,0.176539,-0.0401021322,0.0676259745,0.0034672456
0.310471,0.294776,-7.615954,-0.553597,-0.0273314304,0.098488504,-0.0093034563
0.31152,-0.452172,-8.966367,-0.592025,-0.0081753776,0.1282868083,-0.0103676814
0.31257,-1.155888,-12.110147,-0.181323,0.0609992574,0.1665989138,-0.0007896551
0.313587,-0.944533,-10.654383,-0.644864,0.0695130586,0.1570208875,-0.0188814827
0.314637,-0.824445,-8.240879,-0.303813,0.0641919328,0.1580851126,-0.0295237342
0.315687,-0.812436,-7.445956,-0.123681,0.0673846083,0.1772411654,-0.0220741581
0.316736,-0.824445,-8.851438,0.152521,0.0716415089,0.1825622911,-0.007175006
0.317755,-0.975756,-11.609728,1.216502,0.0673846083,0.1293510335,-0.0018538802
0.318803,-0.471386,-12.201132,1.005147,0.0471643304,0.0452772463,-0.0188814827
0.319853,0.494123,-9.308759,-0.0132,0.0003384236,0.0261211936,-0.0444228864
0.320902,0.657442,-7.54173,0.61366,-0.0379736819,0.0740113255,-0.0422944361
0.321952,0.338008,-8.865804,1.603186,-0.0305241059,0.0899747028,-0.0167530324
0.322969,0.508533,-10.728608,0.89947,-0.0188176292,0.0495341469,0.0002745701
0.324019,0.976877,-11.075788,0.265404,-0.0209460795,0.0410203457,-0.0050465557
0.325069,0.691067,-9.722981,0.087674,-0.0103038279,0.0878462525,-0.0242026084
0.32612,-0.214397,-8.540173,-0.068441,0.0120449003,0.1219014574,-0.0327164097
0.327135,-0.579465,-8.844255,-0.039619,0.0333294034,0.1282868083,-0.0178172575
0.328185,-0.646714,-9.373406,-0.378268,0.0567423567,0.1336079341,-0.0007896551
0.329235,-0.920515,-9.438054,-0.440714,0.0609992574,0.1197730071,-0.0039823305
0.330284,-1.026193,-10.570581,-0.260582,0.0567423567,0.0974242788,-0.0124961318
0.331302,-0.850864,-11.664798,-0.020405,0.0737699592,0.1006169543,-0.0082392311
0.332351,-0.605884,-10.271287,-0.500758,0.0684488334,0.126158358,-0.0039823305
0.333401,-0.663527,-8.992705,-0.464731,0.0301367279,0.1325437089,-0.0103676814
0.33445,-0.598679,-9.366223,0.260601,-0.0007258016,0.1080665304,-0.0242026084
0.335502,-0.003042,-8.997494,-0.073244,-0.0103038279,0.0857178022,-0.0316521845
0.336517,0.388445,-8.980733,0.676106,0.0003384236,0.0761397758,-0.0199457078
0.337567,0.424471,-10.264104,1.497508,0.0269440524,0.0356992199,0.0045314707
0.338616,0.827968,-11.209872,0.649686,0.0194944764,-0.0717875206,0.0002745701
0.339666,1.06334,-9.179464,0.23178,0.0003384236,-0.0026128856,-0.0231383833
0.340683,0.237134,-8.358203,0.207762,-0.0028542519,0.1038096298,-0.0327164097
0.341733,-0.829248,-9.224957,0.582437,0.0077879997,0.1580851126,-0.0199457078
0.342782,-0.949336,-9.13876,0.008416,0.0301367279,0.1836265163,-0.0093034563
0.343832,-0.879685,-8.978339,-0.118878,0.0524854561,0.2081036948,-0.0178172575
0.34485,-1.268771,-10.587341,0.397501,0.072705734,0.1857549666,-0.0220741581
0.345899,-1.451305,-12.39268,0.32785,0.092926012,0.1038096298,-0.0124961318
0.346948,-0.862873,-10.793255,-0.359054,0.0758984095,0.0367634451,-0.007175006
0.348001,-0.216799,-7.893699,-0.147699,0.0205587015,0.0388918954,-0.0103676814
0.349016,-0.036667,-8.078064,0.853836,-0.017753404,0.0803966764,-0.0093034563
0.350065,0.321196,-9.957627,0.428724,-0.031588331,0.1282868083,-0.0007896551
0.351115,0.532551,-11.537897,0.116495,-0.0305241059,0.1527639868,0.0077241462
0.352165,0.179492,-10.975226,0.301431,-0.0166891789,0.1240299077,0.0045314707
0.353213,0.17709,-8.566511,-0.222153,-0.003918477,0.0591121733,-0.0167530324
0.354231,0.412463,-9.160309,0.258199,0.0258798273,0.0335707696,-0.0337806348
0.355281,0.193902,-11.219449,0.716936,0.0705772837,0.0782682261,-0.021009933
0.35633,-0.454573,-10.419737,-0.085253,0.0833479856,0.1176445568,-0.0061107808
0.357381,-1.033398,-8.537779,-0.097262,0.0492927807,0.1112592058,-0.0114319066
0.358398,-1.215932,-8.303132,0.721739,0.0194944764,0.098488504,-0.0242026084
0.359447,-1.242351,-10.055796,1.012352,0.0163018009,0.1016811795,-0.0252668336
0.360499,-0.999773,-11.396631,1.029165,0.0226871518,0.1112592058,-0.0114319066
0.361546,-0.50501,-10.400582,0.940299,0.023751377,0.1144518813,-0.0061107808
0.362564,-0.101514,-9.241717,0.31344,0.0035310991,0.112323431,-0.0199457078
0.363613,0.153072,-9.529039,0.099683,-0.0241387549,0.126158358,-0.0231383833
0.364663,0.117046,-9.61763,0.169334,-0.0283956555,0.1527639868,-0.0082392311
0.365712,0.131456,-10.699875,-0.731327,-0.0188176292,0.098488504,0.0087883713
0.366762,0.441284,-9.995937,-0.72172,0.0024668739,0.0591121733,-0.0018538802
0.36778,0.38124,-8.875382,-0.690497,0.0226871518,0.043148796,-0.0199457078
0.368829,-0.094309,-10.376638,0.548812,0.0503570058,0.0346349948,-0.0188814827
0.369881,-0.66833,-11.41818,0.83222,0.0854764359,0.0261211936,-0.007175006
0.370928,-0.992568,-9.828333,-0.010798,0.0769626347,0.0250569684,-0.0178172575
0.371946,-1.136674,-8.31271,0.75056,0.0333294034,0.0442130212,-0.0412302109
0.372998,-1.223137,-9.110028,1.49991,0.0056595494,0.0686901997,-0.0476155618
0.374045,-0.87248,-10.307202,1.233314,-0.0081753776,0.0793324512,-0.0305879594
0.375094,-0.214397,-9.639179,1.146851,-0.0220103046,0.084653577,-0.0146245821
0.376112,0.129055,-9.126788,0.6689,-0.0337167813,0.0899747028,-0.0114319066
0.377161,0.311589,-10.290442,0.022826,-0.045423258,0.1048738549,-0.0093034563
0.378211,0.638228,-11.327195,-0.219752,-0.0422305825,0.1357363844,0.0013387952
0.37926,0.695871,-11.015929,-1.072377,-0.0209460795,0.1751127151,0.0077241462
0.38031,0.251545,-9.531433,-1.466266,-0.0007258016,0.1985256684,0.0002745701
0.381327,-0.238415,-7.836235,-0.810585,0.0290725027,0.1687273641,-0.0167530324
0.38238,-0.10872,-7.536941,-1.074779,0.0535496813,0.1133876562,-0.0231383833
0.383426,-0.118327,-10.338329,-0.43591,0.0748341844,0.0718828752,-0.007175006
0.384476,-1.155888,-13.779008,1.370215,0.0971829126,0.0027082402,0.0109168216
0.385496,-1.388859,-11.782121,1.094012,0.0822837604,-0.088815123,0.0013387952
0.386543,-0.480993,-7.383703,0.505581,0.0290725027,-0.0941362488,-0.0369733103
0.387593,-0.50501,-7.673419,1.634409,-0.0156249537,-0.0058055611,-0.0571935882
0.388642,-1.004577,-10.051007,2.374151,-0.0401021322,0.0559194979,-0.0422944361
0.38966,-0.562653,-9.473969,1.824148,-0.0496801586,0.056983723,-0.021009933
0.390709,0.225125,-7.740461,0.421519,-0.0507443838,0.0665617494,-0.0156888072
0.391759,0.510935,-13.805346,-0.9667,-0.0358452316,0.1197730071,-0.0156888072
0.392808,0.402856,-12.136485,-1.182858,0.00991645,0.1474428611,-0.0093034563
0.393858,-0.10872,-6.962297,-1.283732,0.0503570058,0.1431859605,-0.0188814827
0.394878,-0.423351,-6.387654,-1.396615,0.058870807,0.1133876562,-0.0252668336
0.395925,-0.135139,-9.758896,-1.6488,0.0620634825,0.1229656825,-0.007175006
0.396974,-0.370512,-11.770149,-0.440714,0.0705772837,0.1346721592,0.0151737222
0.398024,-1.1727,-11.592967,1.576766,0.072705734,0.056983723,0.0173021725
0.399042,-0.896498,-9.665517,1.497508,0.0567423567,-0.0526314678,-0.0050465557
0.400091,-0.087104,-8.760453,0.841827,0.0152375758,-0.0590168187,-0.0337806348
0.401141,-0.36811,-10.628045,2.506248,-0.0262672052,0.0144147169,-0.0401659857
0.40219,-0.894096,-9.98636,3.041841,-0.0581939599,0.0516625972,-0.0305879594
0.403208,-0.596277,-6.627088,1.54074,-0.0858638138,0.0474056966,-0.0305879594
0.404259,-0.156755,-6.931171,0.661695,-0.0858638138,0.0623048488,-0.03484486
0.405307,0.102635,-11.334378,-0.433508,-0.0699004365,0.098488504,-0.0284595091
0.406356,0.419668,-14.1214,-1.238099,-0.0337167813,0.1336079341,-0.0167530324
0.407406,0.318794,-11.085366,-1.343776,0.0280082776,0.1548924371,-0.0199457078
0.408423,-0.264834,-6.833002,-1.36299,0.0737699592,0.1314794838,-0.0369733103
0.409473,-0.396931,-7.632715,-1.396615,0.0854764359,0.098488504,-0.0359090851
0.410522,-0.099113,-10.896212,-1.495087,0.0897333365,0.1272225831,-0.007175006
0.411572,-0.562653,-11.789304,0.008416,0.0886691114,0.1442501856,0.0162379474
0.412589,-1.030996,-9.749319,1.33659,0.0599350322,0.0633690739,0.006659921
0.413639,-0.332084,-8.039754,0.856238,0.0067237745,-0.0217689384,-0.0188814827
0.414689,-0.022256,-10.199457,1.747292,-0.0252029801,-0.0334754151,-0.0252668336
0.415738,-0.430556,-12.268174,2.640747,-0.0390379071,-0.0292185144,-0.0156888072
0.416756,-0.058283,-9.088479,1.317376,-0.0773500126,-0.0249616138,-0.0231383833
0.417805,-0.372914,-8.183415,0.957112,-0.0858638138,0.0761397758,-0.0518724624
0.418855,-0.476189,-12.615354,-0.294206,-0.0603224102,0.0995527292,-0.0295237342
0.419904,-0.024658,-12.129302,-1.204474,-0.0166891789,0.1155161065,-0.0135603569
0.420922,-0.175969,-8.341442,-1.456659,0.0280082776,0.112323431,-0.0231383833
0.421971,-0.579465,-8.058909,-1.274125,0.0546139064,0.0814609015,-0.03484486
0.423021,-0.634706,-11.648038,-1.113207,0.0876048862,0.0867820273,-0.0242026084
0.42407,-0.637107,-12.454933,-0.916263,0.1035682635,0.139993285,-0.0039823305
0.425122,-0.593876,-8.442005,-0.330233,0.0641919328,0.1719200396,-0.0029181054
0.426137,-0.584269,-6.358921,0.786587,0.0226871518,0.1463786359,-0.0178172575
0.427187,-0.687544,-9.418899,2.150788,0.0173660261,0.0740113255,-0.0178172575
0.428237,-0.322477,-12.790142,2.220439,0.0141733506,-0.0249616138,-0.0018538802
0.429286,0.604604,-11.830008,1.151655,-0.0113680531,-0.0856224476,-0.0050465557
0.430304,1.161812,-7.867361,0.306234,-0.0624508605,-0.0515672427,-0.0359090851
0.431353,0.467703,-7.280746,0.856238,-0.0996987408,0.0239927432,-0.0603862637
0.432403,-0.425752,-10.309597,1.507115,-0.0879922642,0.0591121733,-0.0497440121
0.433453,-0.159157,-10.527482,0.126102,-0.0507443838,0.0676259745,-0.0231383833
0.43447,0.105037,-8.066092,-1.108404,-0.0294598807,0.0825251267,-0.0156888072
0.43552,-0.452172,-8.746087,-1.014735,-0.0103038279,0.084653577,-0.021009933
0.436569,-0.894096,-12.76141,-0.587221,0.0354578537,0.0676259745,-0.0124961318
0.437621,-0.752392,-13.58746,-0.166913,0.0876048862,0.0654975242,0.0024030204
0.438668,-0.36811,-9.550588,-0.904254,0.086540661,0.0995527292,-0.0018538802
0.439686,-0.274441,-6.150613,-0.971503,0.0280082776,0.1655346887,-0.0167530324
0.440735,-0.764401,-7.316661,0.993138,0.0014026488,0.1974614433,-0.0167530324
0.441785,-1.191914,-11.51156,2.100351,0.0248156021,0.1325437089,-0.0018538802
0.442835,0.964868,-8.724538,0.070862,-0.0007258016,-0.0419892163,-0.021009933
0.443852,0.674255,-8.813129,0.006014,-0.0273314304,-0.0409249911,-0.0497440121
0.444902,-0.365708,-11.954514,0.779381,-0.0401021322,-0.0366680905,-0.048679787
0.445951,-0.315271,-10.860297,0.315841,-0.0379736819,-0.0356038654,-0.0380375354
0.447003,0.030582,-6.320612,-0.106869,-0.0326525562,-0.0143193623,-0.0391017606
0.448019,-0.336887,-6.464273,-0.212546,-0.0411663574,0.0197358426,-0.03484486
0.449068,-0.550644,-12.129302,-0.058834,-0.0305241059,0.0686901997,-0.0082392311
0.450117,-0.416145,-14.260272,0.474358,0.0120449003,0.1165803316,0.0183663977
0.451167,-0.351298,-10.434103,0.267806,0.0386505291,0.1112592058,0.0162379474
0.452216,-0.185576,-7.750038,-0.102065,0.0248156021,0.0867820273,-0.0114319066
0.453234,-0.305664,-8.623975,-0.181323,0.0045953242,0.1144518813,-0.021009933
0.454283,-0.999773,-10.228189,0.640079,0.0035310991,0.139993285,-0.0039823305
0.455333,-1.11746,-10.340723,1.053182,0.0120449003,0.084653577,0.0045314707
0.456384,-0.262432,-8.820312,0.097281,0.0067237745,0.0048366905,-0.0124961318
0.4574,0.145867,-8.542567,0.234181,-0.003918477,-0.0334754151,-0.0305879594
0.45845,-0.195183,-11.633671,0.752962,0.0024668739,-0.0622094942,-0.0327164097
0.459501,0.01377,-12.521975,0.176539,0.0045953242,-0.0739159709,-0.0295237342
0.460549,0.434079,-8.245668,-0.250975,-0.0156249537,-0.0366680905,-0.0391017606
0.461567,-0.099113,-6.485822,0.306234,-0.0369094568,0.0165431672,-0.048679787
0.462616,-0.761999,-10.359878,0.644883,-0.0358452316,0.0591121733,-0.0305879594
0.463665,-0.661125,-12.830846,0.253395,-0.0103038279,0.0931673782,-0.0039823305
0.464715,-0.115925,-9.902557,-0.015602,-0.0028542519,0.1112592058,-0.0029181054
0.465764,0.304383,-7.637504,-0.296608,-0.0124322782,0.1219014574,-0.0167530324
0.466782,0.203509,-10.290442,-0.200538,-0.003918477,0.1474428611,-0.0156888072
0.467832,-0.322477,-12.466905,-0.202939,0.0141733506,0.1836265163,0.0013387952
0.468882,-0.982961,-6.504977,-0.327831,0.0290725027,0.1442501856,-0.0178172575
0.46993,-0.970952,-6.890467,0.193351,0.0301367279,0.0442130212,-0.03484486
0.470948,-1.030996,-12.292117,1.264537,0.0503570058,-0.0579525936,-0.0199457078
0.472,-0.526626,-13.685628,1.456678,0.058870807,-0.1324483543,0.0013387952
0.473047,0.472507,-9.007071,0.054049,0.0120449003,-0.1409621556,-0.0114319066
0.474096,0.54456,-7.342999,1.026763,-0.0496801586,-0.0717875206,-0.0380375354
0.475114,-0.195183,-10.225794,2.037905,-0.0741573372,0.0101578162,-0.0391017606
0.476164,-0.192781,-11.109309,1.197288,-0.0762857875,0.0665617494,-0.0263310588
0.477213,0.114644,-8.566511,0.865845,-0.0613866353,0.1187087819,-0.0242026084
0.478263,-0.053479,-8.10919,-0.226957,-0.0422305825,0.1442501856,-0.0263310588
0.479281,0.081019,-10.989592,-1.101198,-0.0283956555,0.1527639868,-0.0178172575
0.48033,0.004163,-12.727889,-1.468668,0.0056595494,0.1793696157,-0.0093034563
0.481382,-0.529028,-10.582552,-1.665612,0.0471643304,0.1825622911,-0.0114319066
0.482429,-0.699553,-6.579201,-1.187662,0.0673846083,0.1336079341,-0.0231383833
0.483478,-0.769204,-6.69413,-0.851415,0.0780268598,0.0665617494,-0.0252668336
0.484499,-1.086237,-11.830008,0.683311,0.092926012,-0.0100624617,-0.0039823305
0.485545,-0.956542,-13.503658,1.694453,0.0876048862,-0.1047785003,0.0162379474
0.486595,0.253946,-9.01186,0.678507,0.023751377,-0.1526686323,0.0024030204
0.487644,0.895217,-7.453139,1.420652,-0.0422305825,-0.0941362488,-0.0295237342
0.488662,-0.017453,-10.71903,3.027431,-0.0688362114,-0.0153835874,-0.0337806348
0.489712,-0.252825,-10.877057,2.434196,-0.0847995887,0.0133504917,-0.0167530324
0.490761,0.364427,-7.697362,0.976326,-0.0858638138,0.056983723,-0.0167530324
0.49181,0.078618,-7.65187,-0.202939,-0.0826711384,0.1208372322,-0.0273952839
0.492828,-0.346494,-11.873106,-1.074779,-0.0762857875,0.1485070862,-0.0273952839
0.49388,-0.077497,-13.170843,-1.622381,-0.0209460795,0.1719200396,-0.0231383833
0.494927,-0.824445,-6.440329,-1.605568,0.0822837604,0.1506355365,-0.0327164097
0.495976,-0.874882,-8.499469,-1.221286,0.1025040383,0.0803966764,-0.0167530324
0.497026,-1.201521,-12.826057,-0.198136,0.1269812169,0.0133504917,0.0109168216
0.498044,-1.299994,-12.514792,0.813006,0.106760939,-0.061145269,0.020494848
0.499093,-0.120729,-7.187366,0.299029,0.0301367279,-0.0898793482,-0.0018538802
0.500143,0.277964,-7.275957,2.018691,-0.0092396028,-0.0622094942,-0.0295237342
0.50221,0.287571,-11.135647,2.064324,-0.0369094568,-0.0409249911,-0.0114319066
0.501192,-0.291254,-11.774938,3.642282,-0.0124322782,-0.0483745672,-0.0242026084
0.503259,0.835173,-7.395674,1.014754,-0.0635150856,0.015478942,-0.0231383833
0.504309,0.047395,-7.661447,0.145316,-0.0826711384,0.0676259745,-0.0412302109
0.505358,-0.500207,-11.729445,-0.414294,-0.086928039,0.07081865,-0.0369733103
0.506379,-0.293655,-13.024788,-1.142028,-0.0486159335,0.0835893518,-0.021009933
0.507426,-0.324878,-8.813129,-1.795308,0.00991645,0.1101949807,-0.021009933
0.508475,-0.723571,-5.980614,-1.125216,0.0450358801,0.0899747028,-0.0263310588
0.509525,-0.898899,-9.864248,-1.072377,0.0758984095,0.0505983721,-0.0103676814
0.510574,-1.006979,-14.147737,-0.551195,0.1174031905,0.0442130212,0.0173021725
0.511591,-0.862873,-10.673538,-0.294206,0.0993113629,0.0452772463,0.0173021725
0.512641,-0.185576,-5.820193,0.133307,0.0290725027,0.0399561205,-0.0114319066
0.51369,-0.322477,-8.609609,3.152322,0.0248156021,0.0208000678,-0.021009933
0.51474,-0.716366,-13.060703,3.469355,0.0450358801,-0.039860766,-0.0039823305
0.515757,0.561372,-10.709453,1.182877,-0.0049827022,-0.0632737194,-0.0039823305
0.516807,1.428408,-5.784278,0.772176,-0.0656435359,0.0112220414,-0.0369733103
0.517856,0.210715,-7.426801,0.745757,-0.086928039,0.0633690739,-0.0614504888
0.518906,-0.577063,-12.94338,0.498375,-0.0762857875,0.0356992199,-0.0433586612
0.519923,-0.02706,-12.567467,-0.760148,-0.0358452316,0.029313869,-0.0135603569
0.520973,-0.632304,-7.50342,-1.276527,0.0067237745,0.0654975242,-0.0103676814
0.522022,-1.088639,-11.705502,-0.577614,0.0492927807,0.0516625972,0.0055956959
0.523071,-0.982961,-13.304927,-0.534382,0.0961186874,0.0591121733,0.0151737222
0.524123,-0.380119,-8.896931,-0.827397,0.072705734,0.0910389279,-0.0007896551
0.525138,-0.079899,-5.556815,-0.164511,0.0248156021,0.1282868083,-0.0220741581
0.526188,-0.982961,-9.87622,2.405374,0.0407789794,0.1027454046,-0.0178172575
0.527237,-1.129469,-13.223519,2.883325,0.0599350322,-0.0036771108,0.006659921
0.528287,0.474908,-9.392561,0.676106,0.0216229267,-0.0824297721,0.0013387952
0.529305,1.298713,-6.58399,0.039639,-0.0209460795,-0.0664663948,-0.0380375354
0.530354,0.345213,-9.603264,0.589642,-0.0401021322,-0.0196404881,-0.0593220385
0.531403,-0.344092,-12.138879,0.79139,-0.0305241059,-0.0026128856,-0.0422944361
0.532453,-0.125532,-9.770868,-0.267787,-0.0092396028,0.0080293659,-0.0199457078
0.53347,-0.19038,-7.819474,-1.605568,-0.0113680531,0.0346349948,-0.0093034563
0.53452,-0.622697,-10.393399,-0.716916,-0.0081753776,0.0601763985,0.0034672456
0.535569,-0.862873,-12.79493,0.061255,0.0312009531,0.0718828752,0.0130452719
0.536619,-0.579465,-10.956071,0.04204,0.0641919328,0.0750755506,0.0055956959
0.537668,-0.096711,-7.582434,-0.301412,0.058870807,0.1048738549,-0.0082392311
0.538686,-0.497805,-7.690179,-0.099664,0.0482285555,0.1357363844,-0.0124961318
0.539736,-1.446501,-11.114098,1.607989,0.0535496813,0.0889104776,-0.0018538802
0.540785,-0.889292,-11.128464,1.507115,0.0482285555,-0.0111266868,0.0024030204
0.541834,0.407659,-7.776376,0.289422,0.0248156021,-0.0632737194,-0.0135603569
0.542852,0.282768,-8.597637,0.387894,0.0035310991,-0.0696590703,-0.03484486
0.543901,-0.007846,-11.947331,0.469554,-0.0113680531,-0.0696590703,-0.0412302109
0.544951,0.532551,-10.59213,0.10929,-0.0145607286,-0.0324111899,-0.0369733103
0.546002,-0.471386,-9.392561,0.025228,-0.0124322782,0.0346349948,-0.0178172575
0.547018,-0.418547,-11.944937,-0.126083,0.0024668739,0.0452772463,0.0055956959
0.548067,-0.171166,-11.37987,-0.164511,0.0312009531,0.0761397758,0.0109168216
0.549117,-0.305664,-9.220168,0.229378,0.0386505291,0.0921031531,0.0034672456
0.550166,-0.288852,-8.468343,0.128504,0.0365220788,0.0952958285,-0.0007896551
0.551184,-0.65392,-10.144387,0.147718,0.0429074297,0.0995527292,0.0045314707
0.552233,-1.086237,-10.908184,0.594446,0.0482285555,0.0782682261,0.0077241462
0.553283,-0.629902,-8.260034,0.10929,0.0290725027,0.0325065445,-0.007175006
0.554332,-0.384922,-7.390886,0.469554,0.0131091254,-0.0036771108,-0.0231383833
0.555383,-0.922917,-11.094943,1.523928,0.0312009531,-0.0547599181,-0.021009933
0.556399,-0.632304,-12.715917,0.700123,0.0418432046,-0.1132923016,-0.0156888072
0.557448,0.347615,-9.584109,-0.104467,0.0141733506,-0.1079711758,-0.0284595091
0.5585,0.496524,-7.381308,0.344662,-0.0262672052,-0.0419892163,-0.0401659857
0.559547,0.114644,-9.438054,0.443135,-0.0496801586,0.0261211936,-0.0273952839
0.560565,-0.015051,-11.750994,0.229378,-0.0379736819,0.0803966764,-0.0061107808
0.561614,-0.007846,-10.580158,-0.025209,-0.0092396028,0.1155161065,0.0002745701
0.562664,0.035386,-8.793974,-0.234162,0.0173660261,0.1229656825,-0.0029181054
0.563713,-0.125532,-9.842699,-0.397482,0.0429074297,0.1144518813,-0.0018538802
0.564731,-0.493002,-11.770149,-0.92587,0.0684488334,0.1059380801,0.0055956959
0.56578,-0.562653,-9.801995,-1.197269,0.0769626347,0.0995527292,-0.0007896551
0.56683,-0.581867,-5.777095,-0.913861,0.058870807,0.0740113255,-0.0188814827
0.567882,-1.11746,-7.845812,0.700123,0.0567423567,0.0069651408,-0.021009933
0.568929,-1.583402,-13.731121,2.352536,0.0854764359,-0.0983931494,0.0034672456
0.569946,-0.639509,-12.952957,1.298162,0.079091085,-0.185659612,0.0130452719
0.570998,0.830369,-7.675813,0.289422,0.0077879997,-0.1675677844,-0.0114319066
0.572045,0.695871,-7.261591,1.571963,-0.0581939599,-0.0707232954,-0.0359090851
0.573094,-0.113523,-10.623256,1.730479,-0.0645793108,0.0186716175,-0.0114319066
0.574112,0.568577,-8.916086,-0.243769,-0.0518086089,0.0665617494,-0.0050465557
0.575161,0.47731,-10.01988,-1.461463,-0.045423258,0.1346721592,-0.0061107808
0.576211,-0.269638,-12.162822,-1.447052,-0.0188176292,0.1761769402,-0.007175006
0.57726,-0.79082,-11.372687,-1.230894,0.0439716549,0.1580851126,-0.0114319066
0.578278,-0.620295,-7.113141,-1.295741,0.1014398132,0.1006169543,-0.0220741581
0.579327,-0.50501,-5.817799,-1.60797,0.120595866,0.0442130212,-0.0284595091
0.580379,-1.040603,-10.965648,-0.260582,0.1248527666,-0.0047413359,-0.0082392311
0.581426,-1.343225,-13.65929,1.310171,0.1216600911,-0.0728517457,0.0226232983
0.582475,-0.432958,-9.665517,1.122833,0.0769626347,-0.1473475065,0.0226232983
0.583493,0.486917,-7.831446,1.896201,0.0301367279,-0.1590539832,-0.0093034563
0.584543,0.193902,-10.522694,2.520659,-0.0081753776,-0.10265005,-0.0284595091
0.585592,0.042591,-10.276076,1.994673,-0.0656435359,-0.0313469647,-0.0252668336
0.586642,0.301982,-7.623137,1.430259,-0.100762966,0.0410203457,-0.0220741581
0.58766,0.071412,-8.408484,0.426322,-0.0975702905,0.0921031531,-0.0167530324
0.589758,-0.216799,-12.818874,-2.114742,-0.0305241059,0.1240299077,-0.0135603569
0.588709,-0.211995,-11.873106,-0.993119,-0.0805426881,0.1059380801,-0.0093034563
0.590808,-0.459377,-9.543405,-1.845745,0.0439716549,0.1336079341,-0.0284595091
0.591825,-0.920515,-6.595962,-1.374999,0.0961186874,0.0825251267,-0.0359090851
0.592877,-0.939729,-8.382146,-1.341375,0.1237885414,0.0112220414,-0.0188814827
0.593924,-0.930122,-12.213104,-0.692899,0.1397519187,-0.0175120377,0.0119810468
0.594973,-0.910908,-11.102126,0.580035,0.1184674157,-0.0345396402,0.0279444241
0.596023,-0.40894,-7.829051,1.997075,0.079091085,-0.0792370967,0.0119810468
0.597041,-0.099113,-9.636785,2.97219,0.065256158,-0.1207418777,-0.0124961318
0.59809,0.210715,-11.78691,2.537471,0.0290725027,-0.1058427255,-0.0199457078
0.599139,0.539756,-6.47385,1.154056,-0.0965060654,0.0463414715,-0.0337806348
0.600189,-0.096711,-9.363829,0.692918,-0.1092767672,0.0761397758,-0.0284595091
0.601207,-0.197585,-13.101407,-0.88504,-0.0837353635,0.084653577,-0.0146245821
0.602258,-0.142344,-12.093386,-2.085921,-0.0305241059,0.1101949807,-0.0146245821
0.603305,-0.577063,-7.742855,-1.711246,0.0322651782,0.1048738549,-0.0295237342
0.604354,-1.009381,-6.880889,-1.47107,0.0748341844,0.0505983721,-0.0305879594
0.605375,-1.069425,-11.43494,-1.274125,0.114210515,0.0090935911,-0.0050465557
0.606422,-1.018988,-12.610566,-0.604034,0.134430793,0.0112220414,0.0226232983
0.607471,-0.608286,-8.030177,-0.171716,0.0876048862,0.0122862666,0.0162379474
0.608521,-0.387324,-7.733278,2.465418,0.065256158,-0.026025839,-0.0029181054
0.609538,-0.459377,-11.648038,3.755165,0.0854764359,-0.0941362488,-0.0061107808
0.610588,0.554167,-10.970437,1.456678,0.0418432046,-0.116484977,-0.0103676814
0.611637,1.44522,-7.335816,0.981129,-0.0369094568,-0.0313469647,-0.0284595091
0.612687,0.578184,-7.347787,1.25493,-0.0762857875,0.0537910475,-0.0454871115
0.613736,-0.459377,-11.226632,0.767373,-0.0794784629,0.0346349948,-0.0412302109
0.614757,-0.358503,-12.938591,-0.166913,-0.0496801586,0.0037724653,-0.0231383833
0.615803,-0.034265,-9.406927,-1.756879,-0.0113680531,0.0261211936,-0.0135603569
0.616853,-0.480993,-7.342999,-1.920199,0.0056595494,0.0420845709,-0.0124961318
0.617902,-1.23995,-10.357484,-0.652069,0.0354578537,0.0229285181,0.0034672456
0.61892,-1.444099,-12.529158,-0.070842,0.0844122107,-0.0079340114,0.0226232983
0.61997,-0.761999,-9.658334,-0.671283,0.0854764359,-0.0207047132,0.0119810468
0.621019,-0.147148,-7.105958,-0.243769,0.051421231,-0.0004844353,-0.0135603569
0.622068,-0.589072,-9.639179,2.184412,0.0461001052,0.001644015,-0.0178172575
0.623086,-0.680339,-11.518743,2.904941,0.0535496813,-0.0579525936,-0.0061107808
0.624136,0.580586,-9.46918,0.875452,0.0269440524,-0.0973289243,-0.0135603569
0.625185,0.306785,-9.217774,0.738551,-0.0326525562,-0.0143193623,-0.0454871115
0.626235,-0.012649,-11.020718,0.114093,-0.0283956555,-0.0185762629,-0.0380375354
0.627284,0.184295,-10.678326,-1.122814,-0.0124322782,0.0069651408,-0.0263310588
0.628302,-0.185576,-9.399744,-1.521507,-0.0007258016,0.0463414715,-0.0146245821
0.629351,-0.879685,-9.691855,-0.664078,0.0163018009,0.043148796,-0.0029181054
0.630401,-1.218334,-11.820431,-0.174118,0.0492927807,0.015478942,0.006659921
0.63145,-0.742785,-11.068605,-0.111672,0.0695130586,0.0218642929,0.0098525965
0.632468,-0.211995,-7.307083,-0.284599,0.0556781316,0.0601763985,0.0013387952
0.633517,-0.74999,-8.049332,0.779381,0.051421231,0.0580479482,-0.0082392311
0.634567,-1.201521,-11.406208,2.20843,0.0578065819,-0.012190912,-0.0061107808
0.635616,-0.183174,-9.988754,1.019558,0.0365220788,-0.06753062,-0.0082392311
0.636633,0.398052,-7.98229,0.589642,0.0088522248,-0.061145269,-0.0252668336
0.637683,-0.358503,-10.170724,1.166065,-0.0028542519,-0.0622094942,-0.0412302109
0.638733,-0.279245,-11.300857,0.539205,-0.0092396028,-0.0898793482,-0.0454871115
0.639782,0.460498,-8.741298,-0.063637,-0.0134965034,-0.0739159709,-0.0444228864
0.640832,0.287571,-8.413273,-0.431107,-0.017753404,-0.0302827396,-0.0359090851
0.64185,0.090627,-11.394237,-0.361456,-0.017753404,0.0090935911,-0.0093034563
0.642899,0.061805,-12.002401,-0.241368,0.0067237745,0.0591121733,0.0098525965
0.643948,-0.461779,-10.295231,-0.061235,0.0343936285,0.0825251267,0.0087883713
0.645,-0.524225,-8.786791,-0.020405,0.0386505291,0.0697544249,0.0002745701
0.646015,-0.502609,-8.755664,-0.034816,0.0492927807,0.0654975242,-0.0018538802
0.647065,-1.047809,-10.328751,0.616062,0.065256158,0.0442130212,-0.0018538802
0.648115,-0.766803,-9.445237,0.28702,0.0461001052,-0.0004844353,-0.0093034563
0.649164,-0.125532,-7.457927,0.070862,0.0109806751,-0.026025839,-0.021009933
0.650182,-0.701955,-10.034247,1.490303,0.0152375758,-0.0654021697,-0.0263310588
0.651231,0.325999,-9.928895,-0.267787,0.0120449003,-0.1462832813,-0.0337806348
0.652281,0.655041,-7.125113,0.210164,-0.0134965034,-0.0877508979,-0.0454871115
0.65333,0.138662,-9.385378,0.6689,-0.0379736819,-0.0377323157,-0.0316521845
0.654382,0.362026,-11.995218,0.27261,-0.0390379071,0.0112220414,-0.0082392311
0.655397,0.431677,-11.439729,-0.174118,-0.0220103046,0.084653577,0.0002745701
0.656447,-0.151951,-9.19383,0.046844,-0.0092396028,0.1293510335,-0.0007896551
0.657498,-0.617893,-8.849044,-0.121279,0.0109806751,0.1144518813,-0.0061107808
0.658545,-0.949336,-11.157196,-0.736131,0.0461001052,0.0825251267,-0.0061107808
0.659563,-1.069425,-10.149175,-0.5584,0.0737699592,0.0516625972,-0.0061107808
0.660613,-0.860471,-6.10512,-0.738532,0.0620634825,-0.0058055611,-0.021009933
0.661662,-0.942131,-8.195387,0.704927,0.0535496813,-0.0856224476,-0.0273952839
0.662712,-1.143879,-13.221125,2.08594,0.0695130586,-0.157989758,-0.0124961318
0.663729,-0.44977,-12.086203,0.748158,0.0546139064,-0.1984303139,-0.0082392311
0.664779,0.486917,-8.204964,0.659293,-0.0060469273,-0.1665035593,-0.0305879594
0.665828,0.50373,-7.735672,1.134842,-0.0645793108,-0.0771086464,-0.0444228864
0.66688,0.100234,-9.993543,1.439866,-0.0847995887,-0.0089982365,-0.0337806348
0.667927,0.102635,-11.255364,1.358206,-0.073093112,0.0186716175,-0.0178172575
0.668945,0.51814,-10.230583,-0.4215,-0.0496801586,0.0548552727,-0.0093034563
0.669994,0.534953,-9.34228,-1.305348,-0.0326525562,0.1070023052,-0.0114319066
0.671044,-0.260031,-10.728608,-1.360589,-0.0049827022,0.1293510335,-0.0146245821
0.672093,-0.742785,-11.29128,-1.48548,0.0429074297,0.1133876562,-0.0114319066
0.673111,-0.548242,-7.632715,-1.528712,0.0886691114,0.0782682261,-0.0167530324
0.67416,-0.644313,-5.997375,-1.254911,0.106760939,0.0197358426,-0.0242026084
0.67521,-1.259164,-10.886635,0.743355,0.1152747402,-0.0632737194,-0.0093034563
0.676259,-0.224004,-10.400582,0.743355,0.0673846083,-0.2048156648,0.0024030204
0.677276,0.546961,-7.963135,1.552749,-0.0071111525,-0.1494759568,-0.0273952839
0.678326,-0.022256,-8.80834,2.955378,-0.0528728341,-0.0717875206,-0.0359090851
0.679378,-0.430556,-9.337491,2.976994,-0.0762857875,-0.053695693,-0.0242026084
0.680425,0.25875,-9.074113,1.401438,-0.0879922642,-0.0313469647,-0.0124961318
0.681442,0.839976,-10.508328,-1.098797,-0.0996987408,0.0537910475,-0.0114319066
0.682492,0.251545,-12.251413,-1.382205,-0.0933133899,0.1378648347,-0.0199457078
0.683541,-0.605884,-11.262547,-1.259715,-0.0411663574,0.1495713114,-0.0316521845
0.68459,-0.850864,-8.1475,-1.624783,0.0290725027,0.1038096298,-0.0401659857
0.68564,-0.91331,-6.449907,-1.420633,0.0780268598,0.0325065445,-0.03484486
0.686658,-1.033398,-8.966367,-0.892245,0.1078251641,-0.0515672427,-0.0103676814
0.687707,-1.283181,-12.565073,0.733748,0.1269812169,-0.1356410298,0.0183663977
0.688759,-0.822043,-11.727051,1.19969,0.1056967138,-0.1973660887,0.0258159738
0.689806,0.268357,-9.354252,1.209297,0.051421231,-0.1952376384,0.0013387952
0.690823,0.374034,-9.461997,2.186814,-0.0007258016,-0.130319904,-0.0284595091
0.691875,0.114644,-8.731721,2.133975,-0.0603224102,-0.053695693,-0.0401659857
0.692922,0.148269,-7.058071,1.985066,-0.1028914163,0.0048366905,-0.0380375354
0.693971,0.138662,-8.731721,1.089209,-0.1082125421,0.043148796,-0.0252668336
0.694989,0.249143,-12.773381,-1.096395,-0.0996987408,0.0740113255,-0.0146245821
0.696038,0.011368,-12.976901,-1.90819,-0.0613866353,0.0974242788,-0.0220741581
0.697088,-0.649116,-8.966367,-1.725657,-0.0028542519,0.0697544249,-0.0401659857
0.698137,-0.966149,-6.967086,-1.442249,0.0386505291,-0.0026128856,-0.0401659857
0.699186,-0.757195,-9.124394,-1.528712,0.0695130586,-0.0419892163,-0.0114319066
0.700204,-0.733178,-11.533109,-1.26692,0.092926012,-0.0281542893,0.0183663977
0.701256,-0.898899,-10.323963,0.728944,0.0844122107,-0.0345396402,0.0226232983
0.702303,-0.365708,-10.582552,2.511052,0.0599350322,-0.1462832813,-0.0167530324
0.703352,-0.007846,-10.541848,2.057119,0.0205587015,-0.1388337053,-0.0263310588
0.70437,0.611809,-7.263985,1.250127,-0.0507443838,-0.0792370967,-0.03484486
0.705419,0.50373,-6.856946,1.82655,-0.0847995887,-0.0238973887,-0.0369733103
0.706469,0.052198,-10.88424,0.784185,-0.0847995887,-0.012190912,-0.0252668336
0.708536,0.181894,-11.015929,-2.268455,-0.0411663574,0.0718828752,-0.021009933
0.707518,0.261152,-13.326476,-1.314955,-0.0709646617,0.0133504917,-0.0146245821
0.709585,-0.665929,-7.852995,-1.631988,-0.0007258016,0.0803966764,-0.0337806348
0.710634,-1.206325,-8.295949,-0.736131,0.0407789794,0.0239927432,-0.0231383833
0.711684,-1.165495,-11.255364,-0.877834,0.0844122107,-0.0153835874,0.0055956959
0.712733,-0.934926,-10.975226,-0.414294,0.0886691114,-0.0281542893,0.020494848
0.713753,-0.608286,-8.391723,0.392698,0.0471643304,-0.0547599181,0.0055956959
0.7148,-0.639509,-9.811572,2.568694,0.0343936285,-0.1058427255,-0.0103676814
0.715849,-0.649116,-11.640854,3.454944,0.0418432046,-0.1601182083,-0.0114319066
0.716899,0.328401,-8.640736,1.17327,-0.0028542519,-0.1601182083,-0.0199457078
0.717916,0.955261,-6.150613,0.649686,-0.073093112,-0.0803013218,-0.0380375354
0.718965,0.465301,-8.635947,1.370215,-0.0996987408,-0.012190912,-0.0401659857
0.720015,0.213116,-12.39268,0.419117,-0.0816069132,-0.0058055611,-0.0273952839
0.721064,0.285169,-12.052682,-1.38941,-0.0464874832,0.0059009156,-0.021009933
0.722082,-0.036667,-8.801157,-2.009064,-0.0124322782,0.0314423193,-0.0242026084
0.723134,-0.838855,-9.050169,-1.161242,0.0141733506,0.0197358426,-0.0178172575
0.724181,-1.278378,-12.093386,-0.35425,0.0461001052,-0.0185762629,0.0055956959
0.72523,-0.670732,-10.910578,-0.311019,0.0567423567,-0.0217689384,0.020494848
0.72628,-0.166362,-7.263985,-0.267787,0.0333294034,0.0197358426,0.0119810468
0.727297,-0.822043,-8.600032,1.423054,0.0269440524,0.0239927432,0.0002745701
0.728346,-0.12313,-10.242555,1.266939,0.023751377,-0.1186134273,-0.0114319066
0.729396,0.525345,-8.049332,0.421519,-0.0124322782,-0.10265005,-0.03484486
0.730445,-0.039069,-8.240879,0.721739,-0.0486159335,-0.0707232954,-0.0476155618
0.731463,-0.125532,-9.502701,0.486366,-0.0645793108,-0.0824297721,-0.0369733103
0.732512,0.474908,-10.661566,-0.58482,-0.0528728341,-0.0739159709,-0.0199457078
0.733562,0.474908,-10.833959,-1.874566,-0.0369094568,-0.0249616138,-0.0135603569
0.734611,-0.296057,-10.606496,-1.298143,-0.0188176292,-0.0015486604,-0.0114319066
0.735631,-0.800427,-11.372687,-0.404687,0.023751377,-0.0143193623,-0.0007896551
0.736678,-0.649116,-11.372687,-0.416696,0.065256158,-0.0068697862,0.0119810468
0.737728,-0.399333,-8.236091,-0.356652,0.0567423567,0.0335707696,0.0162379474
0.738777,-0.54584,-6.464273,0.306234,0.0301367279,0.0548552727,0.0098525965
0.739795,-1.299994,-10.051007,2.037905,0.0407789794,0.0080293659,0.006659921
0.740844,-1.345627,-11.724657,2.093145,0.0418432046,-0.0856224476,0.0034672456
0.741894,-0.214397,-8.937635,0.762569,0.0088522248,-0.1430906059,-0.0135603569
0.742943,-0.04147,-9.179464,1.19969,-0.003918477,-0.1494759568,-0.0359090851
0.743992,-0.44977,-11.193111,1.074798,-0.0103038279,-0.157989758,-0.0401659857
0.745009,0.234732,-9.126788,-0.118878,-0.0379736819,-0.1409621556,-0.0391017606
0.746059,0.619014,-7.369337,-0.229359,-0.059258185,-0.0792370967,-0.03484486
0.747109,0.347615,-10.517905,-0.164511,-0.0656435359,-0.0217689384,-0.0156888072
0.748158,0.414864,-13.087041,-0.116476,-0.0422305825,0.0250569684,0.0045314707
0.749176,0.201108,-11.334378,-0.270189,-0.0071111525,0.0537910475,0.0077241462
0.750225,-0.10872,-8.80834,-0.186127,0.0141733506,0.0442130212,0.0045314707
0.751275,-0.293655,-8.566511,-0.118878,0.037586304,0.0229285181,0.0077241462
0.752324,-0.814838,-9.90974,-0.402286,0.0524854561,0.0165431672,0.0151737222
0.753342,-0.949336,-9.277632,0.051647,0.0450358801,-0.0004844353,0.0141094971
0.754391,-0.793222,-9.845093,1.084405,0.0152375758,-0.0920077985,-0.0156888072
0.755441,-1.086237,-12.785353,2.100351,0.0333294034,-0.1654393341,-0.0124961318
0.75649,-0.281647,-10.402976,0.291824,0.0269440524,-0.2037514396,-0.0156888072
0.757539,0.467703,-7.362153,-0.066039,-0.0145607286,-0.164375109,-0.0295237342
0.758557,0.179492,-8.667073,0.65449,-0.0560655095,-0.0920077985,-0.0242026084
0.759606,0.016172,-11.660009,0.805801,-0.0688362114,-0.0366680905,-0.0039823305
0.760656,0.21792,-11.928176,0.210164,-0.0581939599,0.0144147169,0.0024030204
0.761706,0.121849,-9.538616,-0.164511,-0.0390379071,0.0601763985,-0.0018538802
0.762723,-0.310468,-8.446793,0.111692,-0.0198818543,0.0665617494,-0.0029181054
0.763772,-0.649116,-10.513116,-0.781764,0.0077879997,0.0442130212,0.0013387952
0.764822,-0.701955,-10.721425,-1.012333,0.0407789794,0.029313869,0.0055956959
0.765871,-0.713964,-6.825819,-0.971503,0.0556781316,-0.0026128856,-0.0050465557
0.766888,-0.942131,-7.292717,-0.082851,0.0535496813,-0.0781728715,-0.0135603569
0.767938,-1.386457,-12.766198,2.052315,0.0801553101,-0.1760815856,0.0024030204
0.768987,-0.810034,-12.680002,1.014754,0.0780268598,-0.2505773464,0.0130452719
0.770036,0.530149,-8.446793,-0.109271,0.0035310991,-0.2303570685,-0.007175006
0.771086,0.631023,-7.850601,1.571963,-0.059258185,-0.1292556789,-0.0263310588
0.772103,-0.012649,-9.660728,2.100351,-0.0847995887,-0.0526314678,-0.0220741581
0.773153,0.020975,-10.786072,1.641614,-0.0805426881,-0.026025839,-0.0082392311
0.774202,0.570979,-10.065373,0.330252,-0.0624508605,0.0176073923,0.0013387952
0.775254,0.546961,-9.63439,-1.564738,-0.0624508605,0.084653577,-0.0018538802
0.776269,-0.339289,-11.360716,-1.377401,-0.0539370592,0.1165803316,-0.0082392311
0.777319,-0.889292,-11.260153,-1.057967,0.0003384236,0.0974242788,-0.007175006
0.778368,-0.752392,-7.225676,-1.192465,0.0641919328,0.0399561205,-0.0114319066
0.779417,-0.737981,-5.983009,-1.108404,0.0918617868,-0.0345396402,-0.0156888072
0.780435,-1.006979,-13.240279,1.223707,0.1025040383,-0.1952376384,0.0258159738
0.781484,-0.147148,-10.256921,0.839425,0.065256158,-0.24099932,0.0226232983
0.782534,0.482114,-8.724538,1.684846,0.0120449003,-0.2048156648,-0.0039823305
0.783583,0.222723,-9.06693,2.246858,-0.0358452316,-0.1207418777,-0.0199457078
0.784635,0.011368,-9.08369,2.073931,-0.0667077611,-0.061145269,-0.0188814827
0.78565,0.294776,-9.126788,1.519124,-0.0794784629,-0.0153835874,-0.0103676814
0.786699,0.520542,-10.144387,-0.541588,-0.0847995887,0.0420845709,-0.0029181054
0.787751,0.047395,-11.73184,-1.336571,-0.0773500126,0.0878462525,-0.0061107808
0.788799,-0.774008,-11.530714,-1.668014,-0.0358452316,0.0878462525,-0.0146245821
0.789816,-1.043005,-8.568905,-1.449454,0.0280082776,0.0346349948,-0.0220741581
0.790865,-0.915712,-6.385259,-1.118011,0.0758984095,-0.0387965408,-0.0156888072
0.791915,-0.91331,-9.2489,-1.149234,0.100375588,-0.1015858249,0.0087883713
0.792964,-1.05021,-12.577045,0.344662,0.1056967138,-0.144154831,0.0375224505
0.793982,-0.577063,-10.642411,1.043575,0.0780268598,-0.1814027114,0.0396509008
0.795031,0.085823,-8.985522,1.831353,0.0429074297,-0.1984303139,0.0109168216
0.796081,-0.048676,-10.33354,2.679175,0.0141733506,-0.1760815856,-0.0124961318
0.797133,0.011368,-9.387772,2.057119,-0.0337167813,-0.1239345531,-0.0188814827
0.798179,0.342812,-7.220887,1.632007,-0.0752215623,-0.0600810439,-0.0167530324
0.799197,0.321196,-8.444399,0.897068,-0.0879922642,-0.0132551371,-0.007175006
0.800249,0.321196,-12.181977,-0.608837,-0.0847995887,0.0122862666,-0.0018538802
0.801296,0.153072,-12.919437,-1.927405,-0.0550012844,0.0474056966,-0.0093034563
0.802345,-0.473788,-9.299182,-1.725657,0.0014026488,0.0559194979,-0.0231383833
0.803363,-1.059818,-7.182577,-1.175653,0.0482285555,0.0069651408,-0.0231383833
0.804412,-1.103049,-9.330308,-1.408624,0.0822837604,-0.0377323157,0.0034672456
0.805462,-1.021389,-11.221843,-0.688095,0.0982471377,-0.0547599181,0.0364582253
0.806511,-0.411342,-9.126788,2.057119,0.0599350322,-0.1728889102,0.0215590732
0.807529,-0.211995,-11.334378,2.83529,0.051421231,-0.2175863666,0.0034672456
0.808578,0.38124,-10.503539,1.514321,0.0014026488,-0.1792742611,-0.007175006
0.80963,0.68146,-7.620743,1.2141,-0.0656435359,-0.0834939973,-0.0178172575
0.810677,0.071412,-7.105958,2.076333,-0.0911849396,-0.0292185144,-0.0188814827
0.811695,-0.099113,-10.122837,0.483965,-0.0816069132,-0.039860766,-0.0093034563
0.812744,0.352419,-12.92662,-1.641595,-0.0581939599,-0.0164478126,-0.0050465557
0.813793,0.081019,-11.30804,-2.282865,-0.0198818543,0.0399561205,-0.0124961318
0.814843,-0.877284,-7.905671,-1.341375,0.0226871518,0.0239927432,-0.0199457078
0.815892,-1.434492,-8.793974,-0.608837,0.0631277077,-0.0547599181,-0.0029181054
0.81691,-1.143879,-12.057471,-0.942682,0.0993113629,-0.0909435734,0.0300728744
0.817959,-0.637107,-10.144387,-0.889843,0.079091085,-0.0654021697,0.0396509008
0.81901,-0.589072,-7.074832,0.664097,0.0258798273,-0.0739159709,0.020494848
0.820058,-0.783615,-10.017486,3.322848,0.0397147543,-0.1484117316,0.006659921
0.821075,-0.310468,-12.050288,2.643149,0.0599350322,-0.2112010157,0.0045314707
0.822127,0.880806,-8.65989,0.359073,0.0067237745,-0.1792742611,-0.0093034563
0.823174,0.98168,-6.538498,0.839425,-0.0507443838,-0.0792370967,-0.0305879594
0.824224,-0.099113,-9.203408,1.19969,-0.0613866353,-0.0473103421,-0.0295237342
0.825241,-0.185576,-12.112541,0.315841,-0.045423258,-0.0877508979,-0.0135603569
0.82629,0.419668,-11.535503,-1.555131,-0.0273314304,-0.0803013218,-0.0050465557
0.82734,0.222723,-9.308759,-2.455792,-0.0134965034,-0.0228331635,-0.0029181054
0.828389,-0.853266,-9.306365,-0.839406,0.0120449003,-0.0058055611,0.0024030204
0.829439,-1.520956,-11.949725,0.135709,0.0546139064,-0.0473103421,0.0194306229
0.830456,-0.562653,-10.752551,-0.522374,0.0705772837,-0.0547599181,0.0300728744
0.831509,0.047395,-6.507371,-0.587221,0.051421231,-0.0058055611,0.0194306229
0.832555,-1.136674,-11.810853,2.909744,0.0716415089,-0.1100996261,0.0162379474
0.833605,0.0546,-10.37185,0.940299,0.0535496813,-0.164375109,0.0087883713
0.834625,0.556568,-8.793974,0.332654,0.0141733506,-0.1430906059,-0.0188814827
0.835671,-0.036667,-9.816361,0.692918,-0.0209460795,-0.1132923016,-0.03484486
0.836721,-0.317673,-9.74453,0.880255,-0.0337167813,-0.122870328,-0.0305879594
0.83777,-0.010247,-8.547356,0.128504,-0.0305241059,-0.1271272286,-0.0178172575
0.838788,0.201108,-9.289604,-1.240501,-0.0305241059,-0.0866866727,-0.0007896551
0.839837,-0.010247,-11.880289,-0.85862,-0.0198818543,-0.0302827396,0.0173021725
0.840887,-0.468984,-12.249019,-0.080449,0.0109806751,-0.0132551371,0.0194306229
0.841936,-0.512216,-10.309597,-0.118878,0.0343936285,-0.0302827396,0.0141094971
0.842986,-0.192781,-8.485103,-0.323027,0.0429074297,-0.0207047132,0.0162379474
0.844006,-0.550644,-8.015811,-0.114074,0.0492927807,-0.0004844353,0.0194306229
0.845053,-1.09104,-9.186647,0.918684,0.051421231,-0.0377323157,0.0173021725
0.846102,-0.725973,-9.57932,1.156458,0.0439716549,-0.1079711758,0.0098525965
0.847152,-0.31287,-9.785234,0.856238,0.0365220788,-0.1601182083,-0.0050465557
0.848169,-0.320075,-11.059028,0.906675,0.0290725027,-0.1952376384,-0.0178172575
0.849219,0.001761,-10.237766,0.24619,0.00991645,-0.2037514396,-0.0199457078
0.850269,0.325999,-7.979895,-0.073244,-0.0156249537,-0.1686320096,-0.0167530324
0.851318,0.17709,-8.904114,0.092477,-0.031588331,-0.109035401,-0.0103676814
0.852335,0.066609,-11.983246,-0.121279,-0.0294598807,-0.0462461169,0.0045314707
0.853385,0.035386,-11.873106,-0.287001,-0.0060469273,0.0080293659,0.0109168216
0.854435,-0.339289,-9.591292,-0.267787,0.0184302512,0.0314423193,0.0055956959
0.855484,-0.656321,-9.095662,0.159727,0.0333294034,0.0186716175,0.006659921
0.856533,-0.665929,-9.35904,0.061255,0.0492927807,-0.0004844353,0.0173021725
0.857551,-0.922917,-9.636785,0.070862,0.0631277077,-0.0302827396,0.0215590732
0.8586,-0.682741,-8.133134,0.200557,0.0280082776,-0.150540182,-0.0050465557
0.859649,-0.778811,-10.709453,1.687247,0.0397147543,-0.2037514396,-0.007175006
0.860699,-0.589072,-12.237047,0.997942,0.0461001052,-0.2431277703,-0.0061107808
0.861716,0.47731,-9.366223,-0.531981,0.0056595494,-0.213329466,-0.0188814827
0.862766,0.650237,-7.678208,0.892264,-0.0273314304,-0.1356410298,-0.0284595091
0.863815,0.208313,-10.015092,1.057986,-0.0358452316,-0.0834939973,-0.0167530324
0.864864,0.410061,-11.633671,0.474358,-0.031588331,-0.0462461169,0.0013387952
0.865885,0.431677,-10.161147,-0.027611,-0.0188176292,0.001644015,0.0077241462
0.866931,0.097832,-9.224957,-0.611239,-0.0124322782,0.0314423193,0.0077241462
0.867981,-0.320075,-10.546637,-0.459928,0.0014026488,0.0314423193,0.0098525965
0.86903,-0.742785,-11.054239,-0.92587,0.0333294034,0.015478942,0.0141094971
0.870047,-0.81724,-8.113979,-0.726523,0.0695130586,-0.012190912,0.0087883713
0.871097,-0.85807,-6.030896,-0.661676,0.0854764359,-0.0696590703,-0.0039823305
0.873196,-1.194316,-13.606615,1.985066,0.1056967138,-0.2505773464,0.0119810468
0.874245,-0.23121,-10.857902,0.419117,0.0695130586,-0.2771829752,0.0077241462
0.872146,-1.177504,-10.067767,0.512786,0.0939902371,-0.1590539832,-0.0029181054
0.875263,0.398052,-8.044543,0.659293,-0.0060469273,-0.2058798899,-0.0146245821
0.876312,-0.10872,-8.418061,2.030699,-0.0550012844,-0.1154207519,-0.021009933
0.877362,-0.24562,-9.881008,2.030699,-0.0645793108,-0.088815123,-0.0103676814
0.878411,0.246741,-10.429314,1.516722,-0.0539370592,-0.0792370967,0.0013387952
0.879429,0.734299,-9.665517,-0.796175,-0.0475517083,-0.0249616138,0.0055956959
0.880478,0.388445,-10.680721,-1.682425,-0.0486159335,0.0452772463,0.0002745701
0.881527,-0.716366,-12.256202,-0.995521,-0.0188176292,0.0654975242,-0.0029181054
0.882576,-0.91331,-9.521856,-1.02194,0.0429074297,0.0197358426,-0.0050465557
0.883594,-0.517019,-5.329352,-1.32216,0.0897333365,-0.039860766,-0.0146245821
0.884643,-1.223137,-12.986478,1.009951,0.1131462899,-0.1665035593,0.0194306229
0.885693,-0.91331,-12.572256,1.627203,0.106760939,-0.2601553728,0.0385866756
0.886742,0.325999,-9.373406,1.007549,0.0620634825,-0.2942105777,0.0194306229
0.887791,0.62622,-9.016648,1.632007,-0.0007258016,-0.2175863666,-0.0124961318
0.888809,0.020975,-9.054958,2.261269,-0.0550012844,-0.1239345531,-0.0231383833
0.889859,-0.279245,-8.305527,2.527864,-0.0752215623,-0.0898793482,-0.0146245821
0.890908,0.225125,-8.621581,0.632874,-0.0773500126,-0.0654021697,0.0002745701
0.891957,0.743906,-11.43494,-1.759281,-0.0794784629,0.0048366905,0.0055956959
0.892975,0.052198,-13.316898,-1.872164,-0.0581939599,0.0740113255,-0.0050465557
0.894024,-0.706758,-10.675932,-1.48548,0.0003384236,0.0612406236,-0.0231383833
0.895073,-0.826847,-6.665398,-1.1036,0.0663203831,-0.0143193623,-0.0305879594
0.896123,-0.961345,-6.868918,-1.233295,0.1035682635,-0.0909435734,-0.0156888072
0.89714,-1.018988,-10.640017,-0.714515,0.1195316408,-0.1420263807,0.020494848
0.898189,-0.980559,-11.432546,0.856238,0.1163389653,-0.1814027114,0.048164702
0.899239,-0.512216,-10.022275,1.980262,0.0982471377,-0.2463204458,0.0417793511
0.901338,0.414864,-10.841142,1.639212,0.0109806751,-0.2292928433,-0.0135603569
0.900288,0.169885,-10.987197,2.561489,0.0737699592,-0.2878252268,0.0119810468
0.902355,0.371633,-7.386097,1.194886,-0.0773500126,-0.1100996261,-0.0316521845
0.903404,-0.034265,-6.141036,1.816943,-0.1188547936,-0.0292185144,-0.0337806348
0.904454,-0.322477,-9.890586,0.918684,-0.1018271912,-0.0153835874,-0.0124961318
0.905505,0.059404,-13.189998,-1.310152,-0.0645793108,0.0005797899,0.006659921
0.906521,0.057002,-11.901838,-2.614309,-0.0166891789,0.0356992199,0.0013387952
0.90757,-0.766803,-8.628764,-1.764085,0.0397147543,0.0048366905,-0.0167530324
0.908619,-1.302396,-8.006233,-1.060368,0.0833479856,-0.0920077985,-0.0135603569
0.909669,-0.569858,-10.402976,-0.89945,0.1014398132,-0.1313841292,0.0322013247
0.910686,-0.356101,-8.049332,0.762569,0.058870807,-0.1122280764,0.0247517486
0.911736,-0.771606,-10.197062,3.781584,0.0620634825,-0.1739531353,0.0098525965
0.912785,-0.274441,-11.949725,3.025029,0.0641919328,-0.2367424194,0.0013387952
0.913834,1.075349,-8.631158,0.712132,0.0024668739,-0.1835311617,-0.0135603569
0.914886,0.943252,-6.643849,1.187681,-0.0603224102,-0.0739159709,-0.0305879594
0.915902,-0.115925,-9.35904,1.372617,-0.0794784629,-0.0483745672,-0.0273952839
0.916951,-0.214397,-12.325638,0.10929,-0.0688362114,-0.0739159709,-0.0114319066
0.918003,0.088225,-11.688741,-1.994654,-0.0422305825,-0.0430534414,-0.0050465557
0.919049,-0.274441,-8.966367,-2.280464,-0.0124322782,-0.0026128856,-0.0103676814
0.920067,-1.196718,-8.470737,-0.685694,0.0205587015,-0.0419892163,-0.0093034563
0.921116,-1.544973,-11.025507,-0.200538,0.0695130586,-0.1186134273,0.0130452719
0.922166,-0.930122,-10.975226,-0.459928,0.0993113629,-0.1452190562,0.0300728744
0.923215,-0.356101,-7.766798,-0.678488,0.0609992574,-0.1292556789,0.0194306229
0.924233,-0.569858,-8.913691,1.903406,0.0333294034,-0.1409621556,0.006659921
0.925282,-0.800427,-11.85874,3.539006,0.0524854561,-0.2026872145,0.0045314707
0.926332,0.263553,-10.007909,0.772176,0.0248156021,-0.2292928433,-0.0082392311
0.927384,1.101768,-7.436378,0.349466,-0.0347810065,-0.1473475065,-0.0305879594
0.92843,0.239536,-8.307921,1.312573,-0.0550012844,-0.0707232954,-0.0369733103
0.929448,-0.308066,-10.781283,0.666499,-0.0464874832,-0.0983931494,-0.0242026084
0.930497,0.234732,-11.451701,-0.740934,-0.0252029801,-0.1143565267,-0.0082392311
0.931547,0.362026,-9.593686,-2.388543,-0.0081753776,-0.0547599181,-0.0007896551
0.932596,-0.584269,-9.34228,-1.413427,0.0014026488,-0.0238973887,0.0034672456
0.933614,-1.456108,-12.086203,0.263003,0.0343936285,-0.0685948451,0.0130452719
0.934663,-0.822043,-11.865923,-0.181323,0.0631277077,-0.0983931494,0.020494848
0.935712,0.078618,-7.194549,-0.841808,0.0439716549,-0.0441176666,0.0130452719
0.936761,-1.391261,-10.675932,2.837692,0.0418432046,-0.0994573746,0.0130452719
0.937779,-0.432958,-11.08776,1.509517,0.0407789794,-0.2005587642,0.0141094971
0.938829,0.62622,-9.459603,0.61366,0.0216229267,-0.2186505918,-0.0103676814
0.93988,0.268357,-9.801995,0.733748,-0.0028542519,-0.1909807378,-0.0380375354
0.940928,-0.111121,-9.722981,0.716936,-0.0262672052,-0.1920449629,-0.0412302109
0.941945,0.167483,-8.702989,0.351868,-0.0358452316,-0.1941734133,-0.0242026084
0.942994,0.467703,-8.990311,-1.199671,-0.0432948077,-0.1462832813,-0.0029181054
0.944044,0.25875,-11.384659,-1.305348,-0.0496801586,-0.0696590703,0.0141094971
0.945093,-0.476189,-12.531552,0.044442,-0.0241387549,-0.0324111899,0.0183663977
0.946142,-0.834052,-11.059028,0.070862,0.0163018009,-0.0558241433,0.0109168216
0.94716,-0.476189,-8.815523,-0.306215,0.0386505291,-0.0696590703,0.006659921
0.948209,-0.521823,-7.429195,-0.090056,0.0503570058,-0.0494387924,0.0130452719
0.949261,-1.163093,-8.662285,0.752962,0.0556781316,-0.0728517457,0.0151737222
0.950308,-1.014184,-9.859459,1.190083,0.0429074297,-0.1452190562,0.0087883713
0.951326,-0.262432,-9.502701,0.719337,0.0205587015,-0.1952376384,-0.0039823305
0.952377,-0.305664,-10.948888,0.993138,0.00991645,-0.2165221415,-0.0167530324
0.953424,-0.478591,-11.777332,0.697721,-0.0060469273,-0.2303570685,-0.0242026084
0.954474,-0.051077,-8.734115,-0.037218,-0.0283956555,-0.2165221415,-0.0327164097
0.955491,0.189099,-6.868918,0.253395,-0.0475517083,-0.1739531353,-0.0327164097
0.956541,0.191501,-10.082134,0.126102,-0.0496801586,-0.1175492022,-0.0103676814
0.95759,0.429275,-12.797325,-0.224555,-0.0273314304,-0.0451818917,0.0162379474
0.958639,0.342812,-11.111703,-0.459928,-0.0049827022,0.0090935911,0.0194306229
0.959689,-0.16396,-9.105239,-0.198136,0.0056595494,0.0037724653,0.0098525965
0.960707,-0.57226,-9.34228,-0.186127,0.0248156021,-0.0281542893,0.0087883713
0.961758,-1.064621,-10.323963,-0.479142,0.0492927807,-0.0515672427,0.0141094971
0.962805,-0.665929,-6.672581,-0.214948,0.0258798273,-0.1473475065,-0.0093034563
0.963855,-0.69475,-9.801995,1.411045,0.0312009531,-0.2069441151,-0.0124961318
0.964872,-0.853266,-13.278589,1.838559,0.0503570058,-0.2676049489,-0.0039823305
0.965921,0.155474,-10.369455,-0.070842,0.023751377,-0.2718618495,-0.0093034563
0.966971,0.686264,-7.249619,0.392698,-0.0230745298,-0.2101367906,-0.0252668336
0.96802,0.138662,-9.093268,1.019558,-0.0571297347,-0.1526686323,-0.021009933
0.969037,0.148269,-11.837191,0.813006,-0.0677719862,-0.1079711758,-0.0018538802
0.970087,0.364427,-11.315223,0.243788,-0.0539370592,-0.0419892163,0.0087883713
0.971137,0.083421,-9.007071,-0.311019,-0.0411663574,0.0133504917,0.0087883713
0.972185,-0.456975,-9.332702,-0.23176,-0.0273314304,0.0176073923,0.0055956959
0.973235,-0.874882,-11.298463,-0.781764,0.0077879997,-0.0036771108,0.0098525965
0.974255,-0.932524,-9.404533,-0.841808,0.0482285555,-0.0313469647,0.0055956959
0.975302,-0.889292,-5.911178,-0.692899,0.0609992574,-0.0898793482,-0.0114319066
0.976351,-1.165495,-8.647919,0.659293,0.0673846083,-0.1824669366,-0.0103676814
0.9774,-1.350431,-13.25704,2.160395,0.0886691114,-0.2782472004,0.0119810468
0.978418,-0.353699,-11.669587,0.527196,0.0631277077,-0.3261373323,0.0119810468
0.979467,0.758316,-8.485103,0.279815,-0.0188176292,-0.2676049489,-0.0135603569
0.980516,0.429275,-8.68144,1.84096,-0.0773500126,-0.1558613077,-0.0273952839
0.981566,-0.175969,-9.912135,2.095547,-0.0954418402,-0.10265005,-0.0188814827
0.982583,0.025779,-9.818755,1.807336,-0.086928039,-0.10265005,-0.0039823305
0.983635,0.652639,-9.196225,-0.366259,-0.0720288868,-0.0707232954,0.0055956959
0.984681,0.667049,-10.383821,-2.037886,-0.0752215623,0.001644015,0.0024030204
0.985731,-0.411342,-12.399863,-1.423034,-0.0528728341,0.0356992199,-0.0029181054
0.986781,-0.99497,-10.529877,-1.101198,0.0120449003,-0.0068697862,-0.007175006
0.987798,-0.649116,-6.184134,-1.415829,0.0684488334,-0.0771086464,-0.0156888072
0.988847,-1.055014,-11.703108,0.378287,0.0939902371,-0.2048156648,0.0162379474
0.989897,-0.906105,-12.002401,1.290957,0.0844122107,-0.2793114255,0.0375224505
0.990946,0.047395,-9.828333,1.370215,0.051421231,-0.3165593059,0.0226232983
0.991964,0.402856,-9.569743,1.886594,0.0003384236,-0.268669174,-0.0050465557
0.993013,0.071412,-9.560166,1.970655,-0.0518086089,-0.1814027114,-0.0167530324
0.994062,-0.183174,-8.616792,2.184412,-0.0826711384,-0.1249987783,-0.0146245821
0.995111,0.004163,-8.118768,1.002745,-0.0986345157,-0.0909435734,-0.0050465557
0.996131,0.407659,-10.539454,-0.88504,-0.1060840918,-0.0387965408,0.0045314707
0.997179,0.028181,-12.914648,-1.583953,-0.0847995887,0.0218642929,-0.0007896551
0.998228,-0.601081,-10.963254,-1.699237,-0.0305241059,0.0208000678,-0.0167530324
0.999277,-0.805231,-7.493843,-1.057967,0.0322651782,-0.0483745672,-0.0252668336
1.000295,-0.99497,-7.601588,-0.928271,0.0758984095,-0.1281914537,-0.0103676814
1.001344,-1.014184,-10.44368,-0.704908,0.0939902371,-0.1845953869,0.0194306229
1.002394,-0.802829,-10.707059,0.637677,0.0854764359,-0.2154579163,0.0385866756
1.003443,-0.452172,-9.648756,2.040307,0.0695130586,-0.2622838231,0.0311370995
1.004493,0.020975,-10.747762,2.614328,0.0471643304,-0.3005959286,0.006659921
1.005512,0.474908,-10.819593,1.728077,-0.0103038279,-0.2527057967,-0.0124961318
1.006559,0.643032,-8.032571,1.221306,-0.0858638138,-0.1356410298,-0.0231383833
1.007609,0.148269,-6.837791,1.619998,-0.1241759194,-0.0590168187,-0.0199457078
1.008658,-0.24562,-9.770868,0.87305,-0.1156621181,-0.061145269,-0.0018538802
1.009676,0.141064,-12.7231,-1.545524,-0.0890564893,-0.0473103421,0.0087883713
1.010725,0.114644,-11.628883,-2.792039,-0.0464874832,0.0090935911,-0.0050465557
1.011775,-0.834052,-8.556933,-1.598363,0.0109806751,-0.0015486604,-0.021009933
1.012824,-1.532965,-8.442005,-1.045958,0.058870807,-0.0930720237,-0.0093034563
1.013841,-1.398466,-10.628045,-1.057967,0.0950544623,-0.1611824335,0.0236875235
1.014891,-0.459377,-8.135528,0.851434,0.0450358801,-0.185659612,0.0322013247
1.01594,-0.601081,-10.273681,3.498176,0.0429074297,-0.2484488961,0.0173021725
1.01699,-0.139943,-12.177189,2.820879,0.0354578537,-0.2899536771,0.0077241462
1.018039,1.024912,-9.119605,0.889862,-0.031588331,-0.2207790421,-0.0082392311
1.019057,0.81836,-6.330189,1.086807,-0.0943776151,-0.1058427255,-0.0242026084
1.020106,-0.250424,-8.631158,1.391831,-0.1092767672,-0.081365547,-0.021009933
1.021155,-0.142344,-12.402257,0.248592,-0.0901207145,-0.1037142752,-0.0029181054
1.022205,0.265955,-12.129302,-2.018672,-0.0560655095,-0.0632737194,0.0055956959
1.023222,-0.298459,-8.935241,-2.266053,-0.0209460795,-0.0217689384,-0.0050465557
1.024272,-1.196718,-8.250457,-0.692899,0.0163018009,-0.0717875206,-0.007175006
1.025321,-1.412877,-11.231421,-0.366259,0.0663203831,-0.157989758,0.0151737222
1.026371,-0.855668,-11.25297,-0.714515,0.0812195353,-0.1835311617,0.0353940002
1.027388,-0.305664,-7.35497,-0.541588,0.0301367279,-0.1633108838,0.0290086492
1.028438,-0.524225,-8.324682,2.306902,0.00991645,-0.185659612,0.0183663977
1.029487,-0.713964,-11.990429,3.579836,0.0333294034,-0.2558984722,0.0183663977
1.030536,0.486917,-10.532271,0.731346,0.0067237745,-0.2676049489,0.0077241462
1.031586,1.284302,-7.680602,0.438331,-0.045423258,-0.171824685,-0.0188814827
1.032603,0.246741,-8.212147,1.216502,-0.0645793108,-0.10265005,-0.0316521845
1.033653,-0.288852,-10.726213,0.589642,-0.0624508605,-0.136705255,-0.0199457078
1.034702,0.321196,-11.760572,-0.829799,-0.0475517083,-0.1420263807,-0.0007896551
1.035754,0.357222,-9.569743,-2.306883,-0.0337167813,-0.0696590703,0.0087883713
1.036769,-0.766803,-8.621581,-1.031547,-0.0230745298,-0.0515672427,0.0130452719
1.037818,-1.641044,-11.810853,0.308636,0.0163018009,-0.1218061028,0.0258159738
1.038867,-0.87248,-12.483665,-0.373464,0.0535496813,-0.1558613077,0.0364582253
1.039917,-0.579465,-6.588779,0.894666,0.0067237745,-0.074980196,0.0141094971
1.040934,-1.412877,-10.556215,2.811272,0.0226871518,-0.1516044071,0.0173021725
1.041984,-0.512216,-10.855508,1.571963,0.0226871518,-0.2356781942,0.0194306229
1.043033,0.671853,-9.01186,0.474358,-0.003918477,-0.2367424194,-0.0018538802
1.044082,0.390847,-9.378195,0.678507,-0.0283956555,-0.1963018636,-0.0242026084
1.045135,-0.216799,-10.20664,0.769774,-0.0369094568,-0.1973660887,-0.0242026084
1.046149,-0.063086,-9.859459,0.19095,-0.0369094568,-0.2037514396,-0.0082392311
1.047199,0.241938,-9.035803,-1.286134,-0.0411663574,-0.1654393341,0.0098525965
1.048248,0.059404,-10.2234,-1.108404,-0.045423258,-0.1132923016,0.0247517486
1.049298,-0.509814,-12.167611,0.147718,-0.0241387549,-0.0909435734,0.0300728744
1.050315,-0.713964,-11.837191,0.126102,0.0014026488,-0.0941362488,0.0290086492
1.051365,-0.351298,-8.980733,-0.001191,0.0067237745,-0.081365547,0.0268801989
1.052414,-0.553046,-7.065254,0.277413,0.00991645,-0.0632737194,0.0247517486
1.053464,-1.230343,-8.837072,1.043575,0.0216229267,-0.1037142752,0.0258159738
1.054481,-0.910908,-9.825938,1.163663,0.0205587015,-0.1814027114,0.0247517486
1.05553,-0.10872,-9.107634,0.24619,0.0067237745,-0.2229074924,0.0119810468
1.05658,-0.173567,-10.862691,0.503179,-0.0028542519,-0.2378066446,-0.0050465557
1.057631,-0.288852,-11.940148,0.395099,-0.0156249537,-0.2484488961,-0.0146245821
1.058679,0.174688,-8.983127,-0.145297,-0.0294598807,-0.2292928433,-0.0178172575
1.059696,0.318794,-7.132296,-0.027611,-0.0422305825,-0.1814027114,-0.0135603569
1.060745,0.227527,-9.825938,-0.162109,-0.0443590329,-0.1313841292,0.0109168216
1.061795,0.347615,-12.442961,-0.032414,-0.0252029801,-0.0771086464,0.0353940002
1.062845,0.081019,-11.7486,-0.147699,-0.0049827022,-0.0366680905,0.0375224505
1.063862,-0.332084,-9.830727,-0.056432,0.0014026488,-0.0419892163,0.0279444241
1.064911,-0.541037,-8.68144,-0.046825,0.0109806751,-0.0654021697,0.0226232983
1.065961,-1.179906,-8.410878,0.135709,0.0269440524,-0.1324483543,0.0226232983
1.067012,-0.865275,-7.718911,0.135709,0.0173660261,-0.1952376384,0.0162379474
1.068028,-0.889292,-11.042267,1.326983,0.0343936285,-0.2739902998,0.0098525965
1.069077,-0.685143,-13.20197,1.17327,0.0461001052,-0.3335869084,0.0077241462
1.070129,0.270759,-9.392561,-0.546391,0.0131091254,-0.3123024053,-0.0050465557
1.071176,0.513337,-6.912016,0.24619,-0.0358452316,-0.2335497439,-0.0188814827
1.072194,0.109841,-9.39735,1.168467,-0.059258185,-0.1707604599,-0.0050465557
1.073243,0.265955,-11.640854,0.863443,-0.0518086089,-0.1271272286,0.0194306229
1.074292,0.410061,-11.044662,0.097281,-0.0411663574,-0.0771086464,0.0268801989
1.075341,0.208313,-9.828333,-0.241368,-0.0337167813,-0.0430534414,0.0226232983
1.076391,-0.195183,-9.897769,-0.106869,-0.0145607286,-0.0419892163,0.020494848
1.077408,-0.701955,-10.549031,-0.714515,0.0163018009,-0.0579525936,0.0226232983
1.078458,-0.889292,-8.58806,-0.637658,0.0439716549,-0.0866866727,0.020494848
1.07951,-0.908507,-6.066811,-0.500758,0.0482285555,-0.1452190562,0.0087883713
1.080556,-1.153486,-9.323125,0.805801,0.0535496813,-0.2335497439,0.0109168216
1.081574,-1.244753,-13.379152,1.953843,0.0758984095,-0.3176235311,0.0300728744
1.082624,-0.365708,-11.320012,0.356671,0.0556781316,-0.3506145108,0.0279444241
1.083673,0.55897,-8.195387,0.503179,-0.0156249537,-0.3027243789,0.0013387952
1.084722,0.398052,-8.463554,1.507115,-0.0709646617,-0.2080083403,-0.0124961318
1.08574,0.044993,-10.304808,1.646418,-0.086928039,-0.136705255,-0.0029181054
1.08679,0.107439,-10.654383,1.430259,-0.0752215623,-0.0909435734,0.0130452719
1.087839,0.330803,-9.196225,-0.443116,-0.0581939599,-0.0505030175,0.020494848
1.088888,0.117046,-9.804389,-1.435043,-0.0539370592,-0.0217689384,0.0173021725
1.089937,-0.579465,-12.167611,-1.425436,-0.0305241059,-0.0185762629,0.0141094971
1.090955,-0.759597,-10.194668,-1.216483,0.0280082776,-0.0483745672,0.0119810468
1.092007,-0.829248,-7.587222,-0.748139,0.086540661,-0.1920449629,0.0098525965
1.094103,-0.697151,-11.966486,1.187681,0.079091085,-0.3112381802,0.0502931523
1.093054,-1.038202,-12.296906,0.664097,0.0918617868,-0.2516415716,0.0364582253
1.09512,0.184295,-9.778051,1.156458,0.0407789794,-0.3346511335,0.0300728744
1.09617,0.398052,-9.332702,1.80013,-0.0103038279,-0.2771829752,0.0055956959
1.097219,-0.005444,-9.208196,1.92262,-0.0581939599,-0.1963018636,-0.0018538802
1.098269,-0.106318,-8.913691,2.052315,-0.0805426881,-0.1377694801,0.0034672456
1.099286,0.263553,-8.580877,0.87305,-0.0816069132,-0.0845582224,0.0141094971
1.100335,0.378838,-10.268893,-0.98111,-0.0794784629,-0.0292185144,0.0173021725
1.101388,-0.28645,-12.57465,-1.521507,-0.0613866353,-0.0004844353,0.0109168216
1.102435,-0.769204,-10.984803,-1.48548,-0.0092396028,-0.0302827396,0.0024030204
1.103484,-0.870078,-7.584828,-1.134823,0.0482285555,-0.10265005,-0.0018538802
1.104504,-1.004577,-7.694968,-0.937879,0.086540661,-0.1771458108,0.0098525965
1.105551,-0.973354,-10.419737,-0.459928,0.1014398132,-0.2346139691,0.0375224505
1.1066,-0.670732,-10.563398,0.690516,0.0854764359,-0.2803756507,0.0534858278
1.10765,-0.202388,-9.768474,1.857773,0.0609992574,-0.3229446568,0.0428435762
1.108667,0.076216,-11.068605,2.674372,0.0418432046,-0.3346511335,0.0215590732
1.109717,0.359624,-10.637622,1.711265,-0.0103038279,-0.2750545249,0.0055956959
1.110766,0.631023,-7.776376,1.000344,-0.0805426881,-0.1686320096,-0.0039823305
1.111815,0.256348,-6.916805,1.531133,-0.1124694427,-0.0973289243,-0.0007896551
1.112833,-0.101514,-9.983965,0.503179,-0.1028914163,-0.0920077985,0.0130452719
1.113885,0.196304,-12.782959,-1.550328,-0.0741573372,-0.0728517457,0.020494848
1.114932,0.057002,-11.355927,-2.65754,-0.0283956555,-0.0238973887,0.0087883713
1.115981,-0.853266,-8.621581,-1.624783,0.0248156021,-0.0462461169,-0.0050465557
1.117031,-1.477724,-8.530596,-0.58482,0.0758984095,-0.1452190562,0.0077241462
1.118048,-1.379252,-10.300019,-0.769755,0.1110178396,-0.227164393,0.0364582253
1.119098,-0.281647,-8.793974,1.002745,0.0599350322,-0.2569626973,0.0417793511
1.120147,-0.538635,-11.109309,3.181144,0.051421231,-0.2984674783,0.0258159738
1.121197,-0.084702,-11.940148,2.674372,0.0290725027,-0.3229446568,0.0162379474
1.122214,0.969671,-8.011022,0.786587,-0.0379736819,-0.2463204458,0.0013387952
1.123263,0.594997,-5.889629,1.250127,-0.0847995887,-0.1409621556,-0.0124961318
1.124313,-0.27204,-8.844255,1.32218,-0.0879922642,-0.1249987783,-0.0029181054
1.125363,0.141064,-12.646481,-0.620846,-0.0688362114,-0.1281914537,0.0173021725
1.126383,0.386043,-12.615354,-2.681558,-0.0379736819,-0.0558241433,0.0183663977
1.127429,-0.507412,-8.954395,-2.186795,0.0035310991,-0.0153835874,0.0034672456
1.128479,-1.484929,-8.157077,-0.731327,0.0471643304,-0.0898793482,0.0002745701
1.129528,-1.624232,-11.636066,-0.654471,0.0939902371,-0.1845953869,0.0268801989
1.130546,-0.91331,-10.905789,-0.824996,0.0993113629,-0.2048156648,0.0502931523
1.131595,-0.406538,-7.031733,-0.010798,0.0524854561,-0.2005587642,0.0417793511
1.132645,-0.754794,-9.289604,2.989003,0.0450358801,-0.2463204458,0.0300728744
1.133694,-0.596277,-12.478876,3.603854,0.0641919328,-0.3091097298,0.0311370995
1.134743,0.861592,-9.61763,0.601651,0.0216229267,-0.2888894519,0.0119810468
1.135763,1.329936,-6.476245,0.467152,-0.0496801586,-0.1739531353,-0.0188814827
1.13681,0.047395,-8.001445,1.583972,-0.0762857875,-0.116484977,-0.0252668336
1.13786,-0.553046,-11.691136,0.87305,-0.0624508605,-0.1622466586,-0.0061107808
1.138909,0.066609,-12.153245,-0.877834,-0.0358452316,-0.1771458108,0.0151737222
1.139927,0.280366,-9.378195,-2.462998,-0.0188176292,-0.1271272286,0.0215590732
1.140976,-0.701955,-8.861016,-1.074779,-0.003918477,-0.1196776525,0.020494848
1.142025,-1.653053,-12.043105,0.469554,0.0322651782,-0.1867238372,0.0322013247
1.143075,-0.822043,-12.009584,-0.303813,0.058870807,-0.2154579163,0.0449720265
1.144092,0.21792,-7.038916,-0.757746,0.0386505291,-0.1516044071,0.0353940002
1.145142,-1.299994,-11.027901,2.837692,0.0343936285,-0.1973660887,0.0226232983
1.146191,-0.236013,-11.056633,1.250127,0.0365220788,-0.2718618495,0.0183663977
1.14724,0.700674,-9.179464,0.375885,0.0131091254,-0.2644122734,-0.0029181054
1.148289,0.330803,-9.373406,0.635276,-0.0081753776,-0.2292928433,-0.0199457078
1.149307,-0.161558,-9.682277,0.445536,-0.017753404,-0.2314212936,-0.0156888072
1.150357,-0.003042,-9.191436,0.121299,-0.0220103046,-0.2367424194,0.0034672456
1.151406,0.342812,-9.519462,-1.228492,-0.0283956555,-0.1920449629,0.0226232983
1.152456,0.172286,-11.152407,-1.370196,-0.0369094568,-0.1218061028,0.0322013247
1.153473,-0.677937,-11.825219,-0.05403,-0.0198818543,-0.095200474,0.0311370995
1.154523,-1.079032,-11.21466,0.315841,0.0173660261,-0.1271272286,0.0268801989
1.155572,-0.423351,-9.280027,-0.294206,0.0365220788,-0.1388337053,0.0258159738
1.156622,-0.406538,-7.247225,-0.270189,0.0397147543,-0.1154207519,0.0279444241
1.157638,-1.203923,-8.288766,1.235716,0.0429074297,-0.1473475065,0.0268801989
1.158688,-0.932524,-9.7996,1.367813,0.0471643304,-0.2367424194,0.0226232983
1.159738,-0.12313,-10.31678,0.399903,0.0386505291,-0.2888894519,0.0119810468
1.160787,-0.101514,-11.109309,0.825015,0.0226871518,-0.2995317035,-0.0029181054
1.161836,-0.075095,-10.230583,0.193351,-0.003918477,-0.3005959286,-0.0146245821
1.162854,0.275562,-8.070881,-0.39508,-0.0326525562,-0.2718618495,-0.0188814827
1.163903,0.244339,-8.406089,0.289422,-0.0337167813,-0.2207790421,-0.0050465557
1.164952,0.237134,-11.178745,-0.075646,-0.017753404,-0.1633108838,0.0258159738
1.166005,0.261152,-12.019162,-0.407089,0.0035310991,-0.1079711758,0.0407151259
1.16702,-0.23121,-10.709453,-0.114074,0.0194944764,-0.0920077985,0.0332655499
1.168069,-0.574662,-9.85467,0.306234,0.0205587015,-0.1143565267,0.0258159738
1.169119,-0.610688,-9.299182,0.16453,0.0258798273,-0.1292556789,0.0258159738
1.170168,-0.879685,-7.48666,0.435929,0.023751377,-0.164375109,0.0236875235
1.171185,-0.685143,-7.694968,0.433528,0.0163018009,-0.2122652409,0.0162379474
1.172235,-0.906105,-11.983246,1.574365,0.0407789794,-0.2867610016,0.0119810468
1.173284,-0.526626,-13.25704,0.906675,0.051421231,-0.3442291599,0.0077241462
1.174333,0.407659,-8.712566,-0.714515,0.0131091254,-0.3250731072,-0.0082392311
1.175385,0.448489,-6.880889,0.359073,-0.0294598807,-0.2569626973,-0.0178172575
1.1764,0.143465,-10.051007,0.925889,-0.0432948077,-0.1984303139,0.0013387952
1.17745,0.388445,-12.002401,0.323047,-0.0358452316,-0.1377694801,0.0247517486
1.178499,0.443686,-10.903395,-0.303813,-0.0283956555,-0.0696590703,0.0300728744
1.179548,0.052198,-9.476363,-0.214948,-0.017753404,-0.0366680905,0.0247517486
1.180566,-0.639509,-9.864248,-0.183725,0.0056595494,-0.0568883684,0.0194306229
1.181615,-1.194316,-10.453258,-0.625649,0.0343936285,-0.1069069507,0.0215590732
1.182665,-0.973354,-7.498631,-0.387875,0.0567423567,-0.1633108838,0.0173021725
1.183714,-0.846061,-6.12667,-0.409491,0.0631277077,-0.2346139691,0.0077241462
1.184732,-1.251959,-11.238604,1.15886,0.0684488334,-0.3229446568,0.0141094971
1.185781,-0.982961,-13.86281,1.783318,0.0748341844,-0.393183517,0.0279444241
1.186831,0.020975,-9.902557,-0.008397,0.0386505291,-0.3942477421,0.0130452719
1.187882,0.494123,-7.161028,0.604053,-0.0358452316,-0.3112381802,-0.0146245821
1.188929,0.181894,-8.899325,1.507115,-0.0794784629,-0.2122652409,-0.0146245821
1.189946,-0.022256,-11.085366,1.63681,-0.0794784629,-0.1654393341,0.0055956959
1.190996,0.249143,-10.589735,1.0772,-0.0581939599,-0.1452190562,0.0173021725
1.192045,0.527747,-9.502701,-0.752943,-0.0411663574,-0.1037142752,0.0183663977
1.193094,0.109841,-10.486778,-1.113207,-0.0326525562,-0.061145269,0.0151737222
1.194112,-0.632304,-11.367899,-1.065172,-0.0049827022,-0.0622094942,0.0141094971
1.195161,-0.70916,-8.782002,-1.065172,0.0429074297,-0.0983931494,0.0119810468
1.19621,-0.903703,-8.882565,-0.4215,0.0876048862,-0.213329466,0.0109168216
1.197262,-1.208727,-12.770987,1.271743,0.0950544623,-0.3048528292,0.0300728744
1.198277,-0.524225,-11.317617,1.086807,0.0780268598,-0.3804128151,0.0332655499
1.199326,0.434079,-9.153126,0.755364,0.0258798273,-0.3623209875,0.0109168216
1.200375,0.275562,-9.50749,1.92262,-0.0294598807,-0.2697333992,-0.0061107808
1.201425,-0.255227,-9.509884,2.434196,-0.0603224102,-0.2069441151,-0.0029181054
1.202443,-0.103916,-8.482709,1.735283,-0.073093112,-0.1867238372,0.006659921
1.203492,0.573381,-8.908903,-0.200538,-0.0784142378,-0.1409621556,0.0151737222
1.204541,0.655041,-11.336772,-1.382205,-0.0816069132,-0.0632737194,0.0162379474
1.205591,-0.298459,-12.524369,-1.615175,-0.0571297347,-0.0207047132,0.0034672456
1.206641,-0.898899,-10.326357,-1.43024,0.0035310991,-0.0558241433,-0.0114319066
1.207657,-0.877284,-6.868918,-1.067574,0.0641919328,-0.1324483543,-0.0167530324
1.208707,-1.016586,-7.345393,-1.118011,0.0961186874,-0.2165221415,0.0002745701
1.209758,-1.182307,-10.946493,0.135709,0.1078251641,-0.2952748029,0.034329775
1.210805,-0.848462,-11.185928,1.202092,0.100375588,-0.3601925372,0.0566785032
1.211822,-0.101514,-9.93129,1.692051,0.0705772837,-0.4027615434,0.0417793511
1.212872,0.407659,-10.582552,2.314107,0.0258798273,-0.3804128151,0.0109168216
1.213921,0.566175,-10.156358,1.619998,-0.0379736819,-0.2739902998,-0.007175006
1.21497,0.191501,-7.862572,1.771309,-0.0975702905,-0.164375109,-0.0114319066
1.215988,-0.260031,-7.096381,1.689649,-0.1199190188,-0.130319904,-0.0039823305
1.217037,-0.017453,-10.778889,-0.387875,-0.1082125421,-0.122870328,0.0087883713
1.218087,0.191501,-13.814923,-1.831334,-0.0741573372,-0.06753062,0.0141094971
1.219138,-0.219201,-10.853114,-2.025877,-0.0188176292,-0.0313469647,0.0013387952
1.220185,-0.87248,-7.084409,-1.365392,0.0354578537,-0.0920077985,-0.0135603569
1.221203,-1.225539,-8.006233,-1.029145,0.0748341844,-0.1941734133,-0.0007896551
1.222254,-0.725973,-10.13002,-0.032414,0.0844122107,-0.2782472004,0.0524216026
1.223301,-0.550644,-9.06693,1.987468,0.0620634825,-0.3144308556,0.0417793511
1.22435,-0.517019,-11.791698,3.42132,0.0663203831,-0.3772201397,0.0215590732
1.225368,0.306785,-11.23621,1.533535,0.0184302512,-0.3601925372,0.0034672456
1.226417,1.017707,-6.756383,0.433528,-0.073093112,-0.2356781942,-0.0167530324
1.227467,0.239536,-6.289485,1.992271,-0.1124694427,-0.1494759568,-0.0231383833
1.228516,-0.339289,-10.436497,1.252529,-0.100762966,-0.1654393341,-0.0039823305
1.229533,0.275562,-13.616192,-1.531114,-0.0773500126,-0.1569255329,0.0162379474
1.230583,0.285169,-11.916205,-2.746405,-0.0411663574,-0.0834939973,0.0087883713
1.231634,-0.716366,-7.673419,-1.600765,0.0045953242,-0.0866866727,-0.0114319066
1.232682,-1.453707,-7.991867,-0.613641,0.0429074297,-0.1899165126,-0.0050465557
1.233731,-1.386457,-11.648038,-0.464731,0.0854764359,-0.2644122734,0.0332655499
1.234748,-0.757195,-10.345512,-0.81779,0.0876048862,-0.2622838231,0.0556142781
1.235798,-0.384922,-7.606377,0.426322,0.0386505291,-0.2569626973,0.0407151259
1.236847,-0.651518,-10.137204,3.582238,0.0343936285,-0.3080455047,0.0226232983
1.237896,-0.252825,-11.980852,2.720005,0.0397147543,-0.3569998618,0.0119810468
1.238914,0.904824,-9.165098,0.423921,-0.0156249537,-0.3005959286,-0.007175006
1.239963,0.81836,-6.797087,1.045977,-0.0762857875,-0.1792742611,-0.0242026084
1.241015,-0.202388,-8.801157,1.305367,-0.0933133899,-0.1473475065,-0.0220741581
1.242062,-0.291254,-12.313666,0.469554,-0.073093112,-0.1909807378,-0.0018538802
1.243079,0.229929,-11.580996,-1.495087,-0.0390379071,-0.1803384863,0.0119810468
1.244131,-0.019855,-8.315104,-2.282865,-0.0188176292,-0.1377694801,0.0098525965
1.245178,-1.074228,-9.105239,-0.764952,0.0024668739,-0.1569255329,0.0119810468
1.246227,-1.520956,-12.708734,-0.114074,0.0482285555,-0.2143936912,0.0311370995
1.247276,-0.786017,-11.29128,-0.688095,0.0641919328,-0.2261001679,0.0396509008
1.248294,-0.562653,-7.326238,1.80013,0.0035310991,-0.2005587642,0.0141094971
1.249343,-0.922917,-11.231421,3.145117,0.0269440524,-0.2782472004,0.0236875235
1.250393,0.222723,-11.21466,1.069995,0.0184302512,-0.3303942329,0.020494848
1.251442,1.132991,-8.990311,0.625669,-0.0156249537,-0.2910179022,-0.0050465557
1.25246,0.448489,-8.645524,0.726543,-0.0390379071,-0.2473846709,-0.0231383833
1.253512,-0.072693,-9.90974,0.445536,-0.0496801586,-0.2527057967,-0.0146245821
1.254558,0.157876,-10.486778,-0.656872,-0.0496801586,-0.2314212936,0.006659921
1.255608,0.141064,-9.96481,-2.001859,-0.0486159335,-0.1590539832,0.0215590732
1.256625,-0.593876,-10.029458,-0.837005,-0.0379736819,-0.1196776525,0.0258159738
1.257675,-1.448903,-11.624094,0.195753,0.0014026488,-0.1569255329,0.0236875235
1.258724,-1.223137,-11.741417,0.32785,0.0386505291,-0.2058798899,0.0268801989
1.259774,-0.322477,-8.015811,-0.260582,0.0322651782,-0.1899165126,0.0290086492
1.260791,-0.435359,-6.454695,0.299029,0.0216229267,-0.171824685,0.0258159738
1.26184,-1.182307,-9.732559,2.258867,0.0269440524,-0.2314212936,0.0258159738
1.26289,-0.454573,-10.915367,1.382224,0.0173660261,-0.3059170544,0.0279444241
1.263939,0.561372,-9.988754,0.277413,-0.0028542519,-0.3091097298,0.0098525965
1.264988,0.064207,-10.357484,0.618463,-0.0230745298,-0.2793114255,-0.0146245821
1.266009,-0.308066,-9.811572,0.471956,-0.0411663574,-0.282504101,-0.0220741581
1.267056,0.018574,-8.389329,0.08287,-0.0507443838,-0.2793114255,-0.0124961318
1.268105,0.225125,-8.844255,-0.493553,-0.0528728341,-0.2367424194,0.0087883713
1.269154,0.21792,-11.133253,-0.527177,-0.0486159335,-0.1760815856,0.0311370995
1.270171,-0.159157,-12.040711,-0.080449,-0.0283956555,-0.1420263807,0.0385866756
1.27227,-0.332084,-9.438054,0.10929,0.0088522248,-0.1686320096,0.0311370995
1.271221,-0.442565,-10.886635,0.183744,-0.0060469273,-0.1547970826,0.034329775
1.27332,-0.543439,-8.554539,-0.046825,0.0141733506,-0.164375109,0.0322013247
1.274337,-0.946935,-8.580877,0.534402,0.0109806751,-0.1909807378,0.0311370995
1.275389,-0.387324,-8.97355,0.495973,-0.0092396028,-0.2878252268,0.0109168216
1.276436,-0.716366,-12.110147,1.242921,0.0024668739,-0.3367795838,0.0045314707
1.277485,-0.348896,-11.710291,0.178941,0.0003384236,-0.3687063385,-0.0018538802
1.278534,0.309187,-7.963135,-0.568007,-0.0262672052,-0.3484860605,-0.0114319066
1.279552,0.169885,-7.740461,0.479161,-0.0486159335,-0.3037886041,-0.0082392311
1.280601,0.169885,-10.848325,0.419117,-0.0507443838,-0.2558984722,0.0173021725
1.281651,0.458096,-12.280146,-0.200538,-0.0390379071,-0.1867238372,0.0332655499
1.2827,0.297178,-10.393399,-0.23176,-0.0379736819,-0.1154207519,0.0311370995
1.283718,-0.250424,-8.784397,0.178941,-0.0379736819,-0.0920077985,0.0247517486
1.284767,-0.867677,-10.034247,0.202958,-0.0145607286,-0.1175492022,0.0258159738
1.285816,-1.155888,-10.393399,-0.35425,0.0141733506,-0.1516044071,0.0300728744
1.286866,-0.966149,-7.180183,-0.375866,0.0280082776,-0.1973660887,0.020494848
1.287886,-0.903703,-6.516948,0.066058,0.023751377,-0.2718618495,0.0087883713
1.288932,-1.223137,-11.650432,1.425455,0.0354578537,-0.3580640869,0.0151737222
1.289982,-0.807633,-13.690417,1.28135,0.0418432046,-0.4155322452,0.0258159738
1.291031,0.386043,-9.392561,-0.27259,-0.0049827022,-0.393183517,0.0130452719
1.29208,0.647835,-7.058071,0.760167,-0.0624508605,-0.3037886041,-0.0061107808
1.293098,0.107439,-9.349463,1.593579,-0.0901207145,-0.2207790421,-0.0018538802
1.294148,0.153072,-11.513954,1.300564,-0.0847995887,-0.1728889102,0.0162379474
1.295197,0.522944,-10.628045,0.507982,-0.0635150856,-0.1260630034,0.0279444241
1.296247,0.342812,-9.191436,-0.930673,-0.0571297347,-0.0803013218,0.0247517486
1.297265,-0.413744,-10.580158,-0.964298,-0.0507443838,-0.0717875206,0.020494848
1.298313,-0.901301,-11.370293,-0.988316,-0.0124322782,-0.1005215997,0.0226232983
1.299363,-0.838855,-7.843418,-1.154037,0.0365220788,-0.1547970826,0.0183663977
1.300412,-1.055014,-9.957627,0.236583,0.0673846083,-0.3123024053,0.0226232983
1.30143,-1.055014,-13.173238,1.310171,0.0716415089,-0.3985046428,0.0439078014
1.302479,-0.159157,-11.011141,0.563223,0.0343936285,-0.4410736489,0.0407151259
1.303528,0.592595,-8.497075,0.73615,-0.0294598807,-0.3814770403,0.0141094971
1.304577,0.181894,-8.865804,1.627203,-0.0762857875,-0.2771829752,0.0002745701
1.305629,-0.257629,-9.928895,2.342929,-0.0858638138,-0.2250359427,0.0087883713
1.307693,0.700674,-9.529039,-0.796175,-0.0826711384,-0.1462832813,0.0279444241
1.308743,0.35482,-10.92255,-1.290938,-0.0816069132,-0.0707232954,0.0236875235
1.306644,0.107439,-9.593686,1.562356,-0.0816069132,-0.2037514396,0.0226232983
1.309792,-0.747588,-11.657615,-1.262116,-0.0518086089,-0.061145269,0.0141094971
1.31081,-1.043005,-9.605658,-1.118011,0.0067237745,-0.1271272286,0.0055956959
1.311859,-0.786017,-6.658215,-0.976307,0.0556781316,-0.2080083403,0.0055956959
1.312908,-0.961345,-8.322287,-0.740934,0.079091085,-0.2867610016,0.020494848
1.313957,-1.129469,-11.949725,0.961915,0.0844122107,-0.3601925372,0.0502931523
1.314975,-0.464181,-11.001563,1.216502,0.065256158,-0.4123395698,0.061999629
1.316024,0.311589,-9.684672,1.526329,0.0258798273,-0.4176606955,0.0375224505
1.317074,0.263553,-10.405371,2.258867,-0.0262672052,-0.3612567624,0.0087883713
1.318123,0.201108,-9.30397,1.845764,-0.0826711384,-0.2761187501,0.0013387952
1.319172,0.131456,-7.7237,1.893799,-0.114597893,-0.2069441151,0.0055956959
1.32019,0.023377,-8.650313,0.79139,-0.1177905685,-0.1707604599,0.0162379474
1.321239,0.203509,-11.521137,-1.02194,-0.1092767672,-0.1409621556,0.0236875235
1.322288,-0.072693,-12.493243,-1.992252,-0.0794784629,-0.1047785003,0.0141094971
1.323338,-0.656321,-9.83791,-1.756879,-0.0273314304,-0.1143565267,-0.0029181054
1.324355,-1.011782,-7.383703,-0.909057,0.0269440524,-0.1909807378,-0.0018538802
1.325405,-1.103049,-8.884959,-0.887442,0.0684488334,-0.2761187501,0.0247517486
1.326454,-0.536233,-9.857065,0.363877,0.0524854561,-0.3335869084,0.0641280793
1.327506,-0.308066,-9.246506,2.270876,0.0322651782,-0.3623209875,0.0439078014
1.328521,-0.305664,-11.667192,3.032234,0.0269440524,-0.3942477421,0.0194306229
1.32957,0.362026,-10.304808,1.146851,-0.0283956555,-0.3410364845,0.0045314707
1.330619,0.703076,-6.406808,0.837024,-0.1018271912,-0.2207790421,-0.0061107808
1.331669,-0.053479,-7.043705,1.725676,-0.1220474691,-0.1675677844,-0.0039823305
1.332686,-0.267236,-11.885078,0.438331,-0.1039556415,-0.1909807378,0.0162379474
1.333735,0.253946,-13.71436,-1.658407,-0.0677719862,-0.1686320096,0.0300728744
1.334785,0.028181,-9.981571,-2.549461,-0.0273314304,-0.1132923016,0.0215590732
1.335834,-1.033398,-7.548913,-1.44465,0.0056595494,-0.1420263807,0.0098525965
1.336886,-1.566589,-9.746925,-0.524775,0.0429074297,-0.227164393,0.0236875235
1.337901,-1.122263,-11.003958,-0.945084,0.0705772837,-0.2622838231,0.048164702
1.33895,-0.581867,-8.805946,-0.294206,0.0492927807,-0.2569626973,0.0502931523
1.34,-0.591474,-8.554539,1.932227,0.0194944764,-0.2942105777,0.0375224505
1.341049,-0.629902,-11.504377,3.274812,0.0269440524,-0.3718990139,0.0311370995
1.342067,0.311589,-11.686347,1.821746,0.0088522248,-0.3910550667,0.0236875235
1.343116,1.200241,-8.327076,0.428724,-0.0571297347,-0.2974032532,0.0087883713
1.344165,0.470105,-6.507371,1.28135,-0.1018271912,-0.1963018636,-0.0039823305
1.345215,-0.392128,-8.803551,1.29576,-0.1050198666,-0.2048156648,0.0034672456
1.346232,0.157876,-12.373525,-0.661676,-0.0816069132,-0.2239717176,0.0236875235
1.347281,0.527747,-12.00719,-2.422168,-0.0475517083,-0.1537328574,0.0300728744
1.34833,-0.485796,-8.767636,-2.064305,-0.0156249537,-0.116484977,0.0173021725
1.349383,-1.508947,-9.203408,-0.495954,0.0205587015,-0.1888522875,0.0183663977
1.350429,-1.429689,-12.316061,-0.248573,0.072705734,-0.2612195979,0.0439078014
1.351447,-0.73558,-10.417342,-1.228492,0.0705772837,-0.2527057967,0.0566785032
1.352496,-0.699553,-8.262429,3.260402,0.0131091254,-0.2793114255,0.0353940002
1.353545,-0.57226,-12.162822,3.003413,0.037586304,-0.3633852127,0.0385866756
1.354595,0.758316,-10.99438,0.666499,-0.003918477,-0.3687063385,0.0268801989
1.355612,1.229062,-7.776376,0.700123,-0.0486159335,-0.2931463525,-0.0007896551
1.356661,0.04019,-8.094824,0.844229,-0.0613866353,-0.2707976243,-0.0146245821
1.35771,-0.384922,-10.750157,0.517589,-0.0603224102,-0.3080455047,0.0024030204
1.358762,0.306785,-11.008746,-1.043556,-0.0550012844,-0.2729260746,0.0290086492
1.359777,0.203509,-9.392561,-2.280464,-0.0539370592,-0.1803384863,0.0396509008
1.360827,-0.992568,-9.82115,-0.35425,-0.0369094568,-0.1696962347,0.0417793511
1.361876,-1.542572,-12.43099,0.664097,0.0077879997,-0.2484488961,0.0460362517
1.362925,-0.432958,-11.284097,-0.106869,0.0354578537,-0.2750545249,0.048164702
1.363975,0.244339,-6.665398,-0.315822,0.023751377,-0.213329466,0.0417793511
1.364992,-0.951738,-7.570462,1.166065,0.0226871518,-0.2048156648,0.034329775
1.366042,-1.388859,-10.819593,2.194019,0.0248156021,-0.2878252268,0.0407151259
1.367091,-0.048676,-9.861853,0.659293,0.0109806751,-0.3431649348,0.0353940002
1.368141,0.542158,-9.696643,0.399903,-0.003918477,-0.3293300078,0.0119810468
1.369158,0.21792,-10.632834,0.560821,-0.0283956555,-0.3112381802,-0.0050465557
1.370207,0.148269,-9.246506,0.142914,-0.0369094568,-0.3154950808,-0.0061107808
1.371259,0.102635,-8.442005,-0.058834,-0.0337167813,-0.3037886041,0.0077241462
1.372306,0.148269,-10.024669,-0.976307,-0.0369094568,-0.2473846709,0.0300728744
1.373323,-0.111121,-11.669587,-0.594427,-0.031588331,-0.1792742611,0.048164702
1.374372,-0.841257,-11.18114,0.188548,-0.0166891789,-0.1739531353,0.0492289272
1.375422,-0.838855,-9.904952,0.325448,-0.0007258016,-0.2154579163,0.0439078014
1.376471,-0.332084,-9.222562,0.236583,0.0120449003,-0.2207790421,0.0439078014
1.37752,-0.557849,-8.705383,0.195753,0.0109806751,-0.2026872145,0.0460362517
1.378538,-0.759597,-8.810734,0.856238,-0.003918477,-0.296339028,0.0258159738
1.379587,-0.404136,-10.031852,0.664097,-0.0060469273,-0.3421007096,0.0183663977
1.380639,-0.440163,-11.777332,0.849033,0.0024668739,-0.365513663,0.0151737222
1.381686,-0.19038,-10.046218,-0.05403,-0.0017900267,-0.3708347888,0.0055956959
1.382704,0.25875,-7.316661,-0.409491,-0.031588331,-0.3506145108,-0.0029181054
1.383755,0.347615,-8.731721,0.332654,-0.0475517083,-0.3048528292,0.0098525965
1.384802,0.458096,-12.090992,0.325448,-0.0337167813,-0.2388708697,0.0375224505
1.385852,0.371633,-12.349582,-0.157306,-0.0166891789,-0.1739531353,0.0502931523
1.386869,-0.137541,-9.955233,0.032433,-0.017753404,-0.144154831,0.0460362517
1.387919,-0.428154,-8.798763,0.195753,-0.0166891789,-0.1494759568,0.0375224505
1.388968,-0.774008,-9.687066,-0.174118,-0.0028542519,-0.1611824335,0.0364582253
1.390018,-1.115058,-9.157915,-0.097262,0.0120449003,-0.1824669366,0.0407151259
1.391035,-0.91331,-6.6223,-0.207743,0.0152375758,-0.2367424194,0.0311370995
1.392084,-0.819641,-8.183415,0.279815,0.0184302512,-0.3208162065,0.0226232983
1.393136,-1.028595,-13.182815,1.40384,0.0418432046,-0.4059542188,0.0290086492
1.394183,-0.464181,-12.964929,0.421519,0.0429074297,-0.4474589998,0.0279444241
1.395232,0.467703,-8.36778,-0.332634,-0.0081753776,-0.4102111194,0.0077241462
1.39625,0.491721,-6.933565,0.671302,-0.0624508605,-0.3197519814,-0.0039823305
1.397299,0.174688,-9.588898,1.40384,-0.0741573372,-0.2473846709,0.0130452719
1.398348,0.407659,-11.758178,1.053182,-0.0539370592,-0.2005587642,0.0375224505
1.399398,0.755915,-10.88424,-0.351849,-0.0390379071,-0.1409621556,0.0460362517
1.400415,0.335606,-9.555377,-0.750541,-0.0326525562,-0.0994573746,0.0353940002
1.401464,-0.605884,-10.513116,-0.565605,-0.0124322782,-0.1207418777,0.0258159738
1.402516,-1.016586,-10.606496,-0.774559,0.0280082776,-0.1728889102,0.0247517486
1.403563,-0.906105,-7.184972,-0.909057,0.0620634825,-0.2250359427,0.020494848
1.40458,-1.309601,-10.807621,1.32218,0.0716415089,-0.3782843648,0.0364582253
1.405632,-1.235146,-13.448588,1.939433,0.0812195353,-0.4804499796,0.0566785032
1.406679,0.261152,-10.395793,0.267806,0.0333294034,-0.4953491317,0.0439078014
1.407728,0.919234,-8.566511,0.731346,-0.0379736819,-0.3814770403,0.0130452719
1.408778,0.069011,-9.387772,1.90821,-0.086928039,-0.2590911476,0.0024030204
1.409795,-0.459377,-9.550588,2.311706,-0.0965060654,-0.2303570685,0.0119810468
1.410844,0.047395,-9.229745,1.192484,-0.0794784629,-0.2292928433,0.0268801989
1.411894,0.808753,-9.967205,-1.180457,-0.0709646617,-0.1686320096,0.0364582253
1.412943,0.21792,-11.506771,-1.545524,-0.0613866353,-0.0983931494,0.0332655499
1.41396,-0.966149,-11.69353,-1.257313,-0.0188176292,-0.1154207519,0.0236875235
1.415012,-0.889292,-8.250457,-1.149234,0.0439716549,-0.1941734133,0.0119810468
1.416059,-0.567456,-5.86808,-1.262116,0.0812195353,-0.2665407237,0.006659921
1.417108,-0.966149,-9.758896,-0.481544,0.092926012,-0.3250731072,0.0279444241
1.418125,-1.206325,-12.65127,1.245323,0.0971829126,-0.3878623912,0.0588069535
1.419175,-0.521823,-10.726213,1.139646,0.0748341844,-0.4538443507,0.0609354038
1.420224,0.405257,-9.615236,1.624802,0.0290725027,-0.4570370262,0.0300728744
1.421274,0.54456,-9.746925,1.92262,-0.0305241059,-0.3687063385,0.0055956959
1.422323,0.150671,-9.050169,1.997075,-0.0816069132,-0.2750545249,0.0024030204
1.42334,-0.072693,-8.262429,2.254063,-0.1018271912,-0.2314212936,0.0162379474
1.424391,0.21792,-9.114817,0.039639,-0.0996987408,-0.2048156648,0.0290086492
1.425439,0.280366,-11.782121,-1.668014,-0.0943776151,-0.157989758,0.0247517486
1.426488,-0.380119,-12.577045,-1.85295,-0.0635150856,-0.1218061028,0.0098525965
1.427508,-0.848462,-9.246506,-1.262116,0.0035310991,-0.1516044071,-0.0007896551
1.428555,-1.052612,-6.591173,-0.928271,0.058870807,-0.2335497439,0.0034672456
1.429604,-1.304797,-9.296787,-0.748139,0.0897333365,-0.3186877562,0.0300728744
1.430654,-0.557849,-9.6727,0.649686,0.072705734,-0.3985046428,0.0641280793
1.431671,-0.139943,-9.96481,2.338125,0.0535496813,-0.4229818213,0.0396509008
1.43272,0.143465,-11.111703,2.254063,0.0216229267,-0.3963761924,0.0183663977
1.43377,0.527747,-9.071718,0.971522,-0.0432948077,-0.3037886041,0.0045314707
1.434819,0.357222,-7.436378,1.821746,-0.0911849396,-0.2154579163,0.0013387952
1.435869,-0.003042,-8.674257,1.206895,-0.0996987408,-0.1909807378,0.0119810468
1.436889,0.189099,-11.739023,-0.824996,-0.0858638138,-0.178210036,0.0215590732
1.437935,0.066609,-12.335216,-2.100331,-0.0539370592,-0.1324483543,0.0162379474
1.438985,-0.711562,-9.485941,-1.872164,-0.0049827022,-0.136705255,0.0024030204
1.440034,-1.273574,-8.001445,-1.000324,0.0407789794,-0.2207790421,0.0055956959
1.441052,-1.160692,-9.653545,-1.166046,0.0812195353,-0.2910179022,0.0332655499
1.442101,-0.836454,-10.924944,-0.832201,0.0939902371,-0.3059170544,0.0556142781
1.44315,-0.605884,-9.234534,0.366278,0.0599350322,-0.3208162065,0.0524216026
1.4442,-0.452172,-9.06693,2.191618,0.0365220788,-0.3804128151,0.034329775
1.445217,-0.240817,-11.576207,3.001011,0.0429074297,-0.4304313974,0.0215590732
1.446267,0.465301,-10.769312,1.425455,0.0024668739,-0.3995688679,0.0130452719
1.447316,0.775129,-7.158634,1.120432,-0.0667077611,-0.3133666305,0.0024030204
1.448365,0.184295,-6.864129,1.627203,-0.0901207145,-0.2697333992,-0.0018538802
1.449415,0.133858,-10.903395,0.200557,-0.0784142378,-0.2697333992,0.0098525965
1.450432,0.539756,-13.154083,-1.538319,-0.0539370592,-0.2250359427,0.0215590732
1.451481,0.073814,-10.410159,-2.157974,-0.0198818543,-0.1622466586,0.0141094971
1.452531,-0.932524,-8.078064,-1.298143,0.0141733506,-0.1824669366,0.0055956959
1.45358,-1.441698,-10.15157,-0.383071,0.0578065819,-0.254834247,0.0226232983
1.454598,-1.345627,-11.899444,-0.507963,0.092926012,-0.2910179022,0.048164702
1.455647,-0.886891,-8.777214,-0.551195,0.0578065819,-0.2920821274,0.0492289272
1.456696,-0.838855,-10.695087,3.522194,0.0354578537,-0.3825412655,0.0290086492
1.457746,-0.151951,-11.705502,2.021092,0.0290725027,-0.4304313974,0.0247517486
1.458766,1.166616,-8.870593,0.426322,-0.0262672052,-0.37934859,0.0045314707
1.459812,0.847182,-7.663841,1.033968,-0.0550012844,-0.2814398759,-0.0167530324
1.460861,-0.178371,-8.887354,0.966719,-0.0645793108,-0.2697333992,-0.0135603569
1.461911,-0.031863,-10.754945,-0.070842,-0.059258185,-0.2995317035,0.0055956959
1.462928,0.506131,-11.047056,-2.129153,-0.0432948077,-0.2527057967,0.0236875235
1.463978,-0.012649,-10.01988,-2.129153,-0.0305241059,-0.1877880623,0.0279444241
1.465027,-1.326413,-10.740579,-0.190931,0.0003384236,-0.2207790421,0.0279444241
1.466077,-1.348029,-12.256202,-0.195734,0.0450358801,-0.2952748029,0.0375224505
1.467125,-0.211995,-9.57932,-0.724122,0.0578065819,-0.2782472004,0.0428435762
1.468144,-0.348896,-6.272725,0.020425,0.0429074297,-0.2207790421,0.0364582253
1.469193,-1.37685,-8.465948,2.215635,0.0418432046,-0.2590911476,0.0353940002
1.470242,-1.009381,-10.563398,2.475025,0.0450358801,-0.3623209875,0.0364582253
1.471291,0.352419,-10.048613,0.421519,0.0216229267,-0.4016973182,0.0173021725
1.472309,0.58539,-10.55382,0.676106,-0.0092396028,-0.3538071863,-0.0082392311
1.473358,-0.089506,-10.288047,0.964317,-0.0326525562,-0.3282657826,-0.021009933
1.474407,-0.24562,-8.444399,0.202958,-0.0475517083,-0.3495502857,-0.0178172575
1.475457,0.049797,-8.001445,-0.43591,-0.0507443838,-0.3346511335,0.0034672456
1.476474,0.17709,-10.376638,-1.235697,-0.0518086089,-0.2654764986,0.034329775
1.477524,-0.139943,-12.787747,-0.385473,-0.0369094568,-0.2026872145,0.0471004769
1.478573,-0.625099,-11.767755,0.337457,-0.0060469273,-0.2090725654,0.0385866756
1.479622,-0.476189,-9.160309,0.126102,0.0173660261,-0.2473846709,0.0279444241
1.480671,-0.0823,-8.298344,-0.178922,0.0312009531,-0.2378066446,0.0268801989
1.481689,-0.617893,-8.995099,0.015621,0.0365220788,-0.2186505918,0.0332655499
1.482738,-0.665929,-8.212147,0.837024,0.0131091254,-0.3325226832,0.0226232983
1.483787,-0.468984,-11.360716,0.642481,0.0163018009,-0.3825412655,0.0077241462
1.484836,-0.303262,-12.658453,0.764971,0.0141733506,-0.4027615434,0.0002745701
1.485854,0.244339,-8.303132,-0.063637,-0.003918477,-0.3921192918,-0.0093034563
1.486904,0.304383,-6.351738,-0.090056,-0.0326525562,-0.3580640869,-0.0146245821
1.487953,0.150671,-10.156358,0.202958,-0.0432948077,-0.3037886041,0.006659921
1.489002,0.289973,-13.127745,-0.020405,-0.0326525562,-0.2324855188,0.0396509008
1.49002,0.028181,-11.569024,-0.037218,-0.0262672052,-0.1835311617,0.048164702
1.491069,-0.459377,-9.392561,0.214967,-0.0252029801,-0.1941734133,0.0364582253
1.492118,-0.548242,-8.870593,0.258199,-0.0134965034,-0.2239717176,0.0279444241
1.493168,-0.802829,-9.34228,-0.003593,0.0045953242,-0.2388708697,0.0290086492
1.494217,-1.055014,-8.913691,0.323047,0.0184302512,-0.2676049489,0.0279444241
1.495235,-0.752392,-7.151451,0.030032,0.0120449003,-0.3218804317,0.0183663977
1.496284,-0.697151,-9.423688,0.724141,0.0131091254,-0.3889266164,0.0141094971
1.497333,-0.879685,-13.434222,1.555151,0.037586304,-0.4495874501,0.0183663977
1.498385,-0.132737,-11.217055,-0.33984,0.0226871518,-0.4612939268,0.0077241462
1.4994,0.575782,-6.878495,-0.126083,-0.0305241059,-0.407018444,-0.0124961318
1.50045,0.321196,-7.915248,1.197288,-0.0603224102,-0.337843809,-0.0093034563
1.501499,0.362026,-11.494799,0.813006,-0.0581939599,-0.2856967765,0.0173021725
1.502548,0.724692,-12.07902,-0.001191,-0.0475517083,-0.2186505918,0.0364582253
1.503566,0.510935,-10.07495,-0.546391,-0.0422305825,-0.1494759568,0.0375224505
1.504615,-0.28645,-9.299182,-0.214948,-0.0358452316,-0.136705255,0.0279444241
1.505665,-1.023791,-10.71903,-0.51757,-0.0081753776,-0.1792742611,0.0236875235
1.506714,-1.119862,-9.708615,-0.750541,0.0312009531,-0.2292928433,0.0226232983
1.507766,-0.87248,-5.93991,-0.909057,0.0471643304,-0.2771829752,0.0130452719
1.508781,-1.422484,-12.62972,1.944236,0.0620634825,-0.4432020992,0.0311370995
1.50983,-0.786017,-13.122956,1.103619,0.0620634825,-0.525147436,0.0407151259
1.510881,0.604604,-9.337491,0.046844,0.0024668739,-0.5027987078,0.020494848
1.511929,0.758316,-8.058909,1.021959,-0.0635150856,-0.3804128151,-0.0029181054
1.512946,0.090627,-9.409322,1.783318,-0.0986345157,-0.2793114255,-0.0029181054
1.513995,-0.089506,-10.486778,1.94904,-0.0922491648,-0.2452562206,0.0119810468
1.515045,0.419668,-9.725376,0.469554,-0.0688362114,-0.213329466,0.0279444241
1.516094,0.532551,-9.655939,-1.38941,-0.0635150856,-0.1611824335,0.0300728744
1.517111,-0.418547,-11.808459,-1.391812,-0.0507443838,-0.1398979304,0.0215590732
1.518161,-0.968551,-11.217055,-1.134823,-0.0017900267,-0.1803384863,0.0151737222
1.519211,-0.718767,-6.751595,-1.029145,0.0535496813,-0.2484488961,0.006659921
1.520262,-0.774008,-6.428358,-0.81779,0.079091085,-0.3176235311,0.0055956959
1.521277,-1.148683,-11.367899,0.342261,0.0854764359,-0.3857339409,0.0290086492
1.522327,-0.894096,-12.239442,1.216502,0.0737699592,-0.4517159004,0.0534858278
1.523376,0.028181,-9.869036,0.957112,0.037586304,-0.4847068802,0.0417793511
1.524425,0.333205,-9.790023,1.771309,-0.0113680531,-0.4421378741,0.0109168216
1.525475,0.059404,-9.711009,1.929825,-0.0677719862,-0.3580640869,-0.0018538802
1.526492,-0.048676,-8.5713,1.953843,-0.0996987408,-0.2952748029,0.0045314707
1.527542,0.006565,-8.430033,1.37742,-0.1071483169,-0.2601553728,0.0151737222
1.528591,0.292375,-10.549031,-0.59923,-0.1071483169,-0.2239717176,0.0236875235
1.529643,0.100234,-12.311272,-1.257313,-0.086928039,-0.1771458108,0.0215590732
1.530658,-0.658723,-11.173956,-1.670416,-0.0411663574,-0.1686320096,0.006659921
1.531707,-0.99497,-8.43961,-1.32216,0.0173660261,-0.2197148169,-0.0050465557
1.532759,-0.882087,-6.904833,-1.137225,0.0578065819,-0.2856967765,0.0013387952
1.533806,-0.956542,-9.289604,-0.921066,0.0758984095,-0.3410364845,0.0279444241
1.534823,-0.536233,-10.369455,1.423054,0.0556781316,-0.448523225,0.0577427284
1.535872,0.213116,-10.204245,1.913013,0.0248156021,-0.4581012514,0.0300728744
1.536922,0.275562,-10.855508,2.160395,-0.0209460795,-0.3985046428,0.0045314707
1.537971,0.191501,-8.595243,1.603186,-0.0826711384,-0.3112381802,-0.0050465557
1.53902,0.073814,-6.761172,1.675239,-0.1188547936,-0.2537700219,-0.0007896551
1.540038,0.13626,-9.100451,0.332654,-0.1167263433,-0.2282286182,0.0141094971
1.541087,0.304383,-12.936197,-1.516703,-0.1018271912,-0.1963018636,0.0226232983
1.542139,-0.046274,-12.830846,-2.157974,-0.0635150856,-0.1590539832,0.0130452719
1.543186,-0.622697,-8.750876,-1.605568,-0.0017900267,-0.1750173605,-0.0039823305
1.544203,-1.067023,-6.818636,-1.093993,0.0482285555,-0.2537700219,-0.0018538802
1.545252,-1.220736,-9.792417,-0.957093,0.0801553101,-0.3335869084,0.0268801989
1.546302,-0.906105,-11.281702,-0.452723,0.0833479856,-0.3665778881,0.0577427284
1.547351,-0.480993,-8.923269,0.544009,0.0482285555,-0.3878623912,0.0588069535
1.548369,-0.40894,-9.775657,2.861709,0.0365220788,-0.4410736489,0.0385866756
1.549418,-0.12313,-11.930571,3.008217,0.0301367279,-0.4708719532,0.0236875235
1.550468,0.727094,-9.560166,0.966719,-0.0326525562,-0.4059542188,0.0098525965
1.552566,-0.012649,-7.783559,1.619998,-0.1252401445,-0.2399350949,-0.0007896551
1.551517,0.782334,-6.624694,1.32218,-0.1028914163,-0.2920821274,-0.0018538802
1.553583,-0.159157,-12.057471,0.20536,-0.1114052175,-0.2527057967,0.0141094971
1.554635,0.150671,-13.431827,-1.586354,-0.073093112,-0.2292928433,0.0215590732
1.555682,-0.192781,-9.572137,-2.198804,-0.0262672052,-0.1899165126,0.0077241462
1.556731,-1.033398,-7.232859,-1.115609,0.0088522248,-0.2314212936,-0.0007896551
1.557749,-1.328815,-10.254527,-0.678488,0.0461001052,-0.310173955,0.0215590732
1.558798,-1.07663,-11.80367,-0.92587,0.0641919328,-0.3335869084,0.0524216026
1.559848,-0.699553,-8.272006,-0.431107,0.0258798273,-0.3303942329,0.0545500529
1.560897,-0.502609,-11.461278,3.570229,0.0343936285,-0.4538443507,0.0353940002
1.561915,0.611809,-11.281702,0.969121,0.0045953242,-0.4634223771,0.0215590732
1.562963,1.40439,-8.006233,0.464751,-0.0635150856,-0.3580640869,0.0002745701
1.564015,0.407659,-7.429195,1.175672,-0.0975702905,-0.2644122734,-0.0114319066
1.565063,-0.375315,-10.637622,0.608856,-0.0986345157,-0.282504101,-0.0029181054
1.566112,0.028181,-12.500426,-0.58482,-0.073093112,-0.2984674783,0.0151737222
1.567129,0.181894,-9.615236,-2.311686,-0.0411663574,-0.2484488961,0.0194306229
1.568179,-0.675536,-7.869755,-1.778495,-0.0230745298,-0.227164393,0.0173021725
1.569228,-1.696285,-11.18114,0.188548,0.0120449003,-0.2835683262,0.0353940002
1.570277,-1.420082,-12.620143,0.253395,0.0546139064,-0.3431649348,0.0577427284
1.571295,-0.36811,-8.580877,-0.851415,0.0322651782,-0.3357153587,0.0513573775
1.572344,-0.365708,-6.904833,0.515188,-0.0103038279,-0.3112381802,0.0322013247
1.573392,-0.946935,-9.801995,2.933762,-0.003918477,-0.3452933851,0.0311370995
1.574443,-0.356101,-10.580158,1.980262,0.0035310991,-0.4048899937,0.0322013247
1.57546,0.861592,-9.488335,0.289422,-0.0220103046,-0.3899908415,0.0141094971
1.576512,0.782334,-9.394955,0.457545,-0.045423258,-0.3176235311,-0.007175006
1.577559,-0.192781,-9.811572,0.79139,-0.0518086089,-0.3059170544,-0.0114319066
1.578608,-0.267236,-9.974388,0.087674,-0.0475517083,-0.3357153587,0.0013387952
1.579657,0.148269,-9.663123,-1.346178,-0.0432948077,-0.3133666305,0.020494848
1.580675,-0.127934,-9.98636,-1.425436,-0.0464874832,-0.2633480482,0.034329775
1.581724,-0.906105,-10.946493,-0.022807,-0.0358452316,-0.2590911476,0.0396509008
1.582774,-1.170299,-11.657615,0.625669,-0.0049827022,-0.2974032532,0.0439078014
1.583823,-0.404136,-9.904952,-0.015602,0.0088522248,-0.2952748029,0.0439078014
1.58484,-0.221603,-7.268774,-0.234162,-0.0028542519,-0.2463204458,0.0375224505
1.585893,-1.160692,-8.283978,1.346197,-0.0049827022,-0.2654764986,0.034329775
1.586939,0.097832,-9.591292,0.238985,-0.0028542519,-0.3995688679,0.020494848
1.587989,0.131456,-10.690298,0.486366,-0.0145607286,-0.3878623912,0.0034672456
1.589009,-0.142344,-11.037479,0.359073,-0.0337167813,-0.3889266164,-0.0039823305
1.590055,0.184295,-8.786791,-0.265385,-0.0443590329,-0.3889266164,-0.0061107808
1.591105,0.277964,-8.061303,0.015621,-0.0486159335,-0.3612567624,0.0045314707
1.592154,0.184295,-10.280864,-0.106869,-0.0475517083,-0.3176235311,0.0311370995
1.593171,0.138662,-12.102964,-0.267787,-0.0358452316,-0.2644122734,0.0492289272
1.594221,-0.202388,-11.21466,0.140513,-0.0230745298,-0.2303570685,0.048164702
1.59527,-0.485796,-9.344674,0.383091,-0.0220103046,-0.2346139691,0.0385866756
1.59632,-0.615492,-8.928057,0.102084,-0.0145607286,-0.2441919955,0.034329775
1.597369,-1.069425,-9.402139,0.31344,0.0014026488,-0.2665407237,0.0385866756
1.598389,-1.006979,-8.008628,0.337457,-0.0049827022,-0.3165593059,0.034329775
1.599436,-0.519421,-7.304689,0.066058,-0.0188176292,-0.3676421133,0.020494848
1.600485,-0.812436,-11.365504,1.298162,-0.0017900267,-0.4272387219,0.0183663977
1.601534,-0.57226,-13.350419,0.779381,0.0088522248,-0.4847068802,0.020494848
1.602552,0.616612,-9.234534,-0.971503,-0.0134965034,-0.4698077281,0.006659921
1.603602,0.68146,-6.816242,0.118897,-0.0432948077,-0.3963761924,-0.0039823305
1.607768,0.023377,-8.868199,-0.034816,-0.0390379071,-0.1622466586,0.0396509008
1.608816,-0.673134,-9.382984,0.299029,-0.0337167813,-0.1984303139,0.0332655499
1.609865,-0.939729,-11.042267,-0.440714,-0.0081753776,-0.2473846709,0.0364582253
1.610914,-0.886891,-8.49468,-0.447919,0.0216229267,-0.2793114255,0.0364582253
1.6057,0.364427,-12.313666,0.243788,-0.0486159335,-0.2878252268,0.034329775
1.606717,0.587791,-11.403814,-0.241368,-0.0390379071,-0.2058798899,0.0449720265
1.60465,0.073814,-9.509884,0.844229,-0.0560655095,-0.3410364845,0.0109168216
1.61508,0.542158,-7.594405,0.116495,-0.0401021322,-0.4527801256,0.0024030204
1.616098,0.268357,-8.078064,1.137244,-0.0890564893,-0.3495502857,-0.0050465557
1.617147,-0.252825,-10.819593,1.788122,-0.0933133899,-0.2984674783,0.0141094971
1.61403,-0.406538,-11.437335,0.229378,0.0248156021,-0.51769786,0.0290086492
1.612981,-1.191914,-13.735909,1.660828,0.0450358801,-0.497477582,0.0375224505
1.618196,0.129055,-10.975226,1.293359,-0.0752215623,-0.2835683262,0.0332655499
1.611932,-0.966149,-5.856108,-0.250975,0.0280082776,-0.3357153587,0.0247517486
1.619245,0.643032,-9.41411,-0.570409,-0.0635150856,-0.2441919955,0.0364582253
1.620265,0.261152,-10.062979,-0.877834,-0.0581939599,-0.1963018636,0.0300728744
1.621312,-0.629902,-11.655221,-0.798576,-0.0347810065,-0.1888522875,0.0300728744
1.622362,-0.834052,-10.010303,-0.988316,0.0088522248,-0.2282286182,0.0268801989
1.623411,-0.509814,-6.164979,-0.988316,0.0429074297,-0.2803756507,0.0173021725
1.624461,-0.670732,-7.177789,-0.714515,0.0524854561,-0.3346511335,0.0173021725
1.625478,-1.369645,-12.375919,1.250127,0.0620634825,-0.4187249207,0.0396509008
1.626528,-1.002175,-12.754227,1.509517,0.0599350322,-0.5091840587,0.0566785032
1.627577,0.410061,-9.325519,0.289422,0.0088522248,-0.51769786,0.0375224505
1.628626,0.621416,-8.669468,1.235716,-0.0550012844,-0.4240460464,0.0077241462
1.629643,-0.06789,-9.531433,2.424588,-0.0922491648,-0.3346511335,0.0045314707
1.630693,-0.168764,-9.399744,2.198823,-0.0975702905,-0.3048528292,0.0183663977
1.631742,0.383642,-9.244111,0.395099,-0.0911849396,-0.2707976243,0.0322013247
1.632791,0.635827,-10.460441,-1.413427,-0.0943776151,-0.1973660887,0.034329775
1.633809,-0.238415,-12.205921,-1.639193,-0.0826711384,-0.1516044071,0.0215590732
1.634858,-0.922917,-10.946493,-1.250108,-0.0326525562,-0.1835311617,0.0077241462
1.635908,-0.774008,-6.979058,-0.916263,0.0322651782,-0.2580269225,0.0045314707
1.636957,-0.896498,-6.878495,-1.04836,0.0673846083,-0.3357153587,0.0151737222
1.638009,-0.855668,-11.746206,1.2141,0.0748341844,-0.4740646287,0.0726418805
1.639024,-0.091907,-9.897769,1.370215,0.051421231,-0.5166336348,0.061999629
1.640073,0.292375,-10.237766,1.973057,0.0077879997,-0.5049271581,0.0300728744
1.641122,0.371633,-10.00312,1.612793,-0.0528728341,-0.4165964704,0.0077241462
1.642172,0.289973,-8.075669,1.447071,-0.1092767672,-0.3016601538,0.0034672456
1.643189,-0.022256,-7.536941,1.723274,-0.12843282,-0.2420635452,0.0141094971
1.644238,0.047395,-10.474807,-0.022807,-0.1156621181,-0.2346139691,0.0290086492
1.645288,0.169885,-13.31211,-1.701639,-0.0879922642,-0.2058798899,0.0332655499
1.646337,-0.322477,-11.461278,-2.136358,-0.0411663574,-0.1792742611,0.0194306229
1.647355,-0.906105,-7.675813,-1.456659,0.0163018009,-0.2250359427,0.0013387952
1.648404,-1.122263,-7.364548,-1.106002,0.058870807,-0.3059170544,0.0098525965
1.649453,-1.038202,-10.276076,-1.074779,0.0822837604,-0.3548714115,0.0439078014
1.650503,-0.867677,-10.699875,0.157325,0.0748341844,-0.3836054906,0.0694492051
1.651521,-0.673134,-9.256083,1.749693,0.051421231,-0.4463947747,0.0641280793
1.652569,-0.305664,-10.948888,3.010618,0.0439716549,-0.5187620851,0.0385866756
1.653619,0.347615,-11.640854,1.88179,0.0045953242,-0.4985418072,0.0173021725
1.654668,0.770325,-8.102007,0.853836,-0.0805426881,-0.3825412655,0.0034672456
1.655718,0.208313,-6.263147,2.112359,-0.1263043697,-0.2952748029,0.0013387952
1.656735,-0.255227,-9.229745,1.382224,-0.1156621181,-0.296339028,0.0173021725
1.657784,0.369231,-12.955352,-1.271723,-0.0954418402,-0.2814398759,0.0322013247
1.658833,0.470105,-12.419018,-2.65754,-0.0645793108,-0.199494539,0.0247517486
1.659885,-0.598679,-8.552145,-1.778495,-0.0166891789,-0.1835311617,0.0077241462
1.6609,-1.448903,-7.647081,-0.642462,0.0280082776,-0.2814398759,0.0087883713
1.661949,-1.508947,-10.862691,-0.493553,0.072705734,-0.3814770403,0.0375224505
1.662999,-0.970952,-11.075788,-0.72172,0.079091085,-0.4112753446,0.0630638542
1.664048,-0.36811,-7.773981,0.015621,0.0312009531,-0.4080826691,0.0566785032
1.665065,-0.382521,-12.193949,3.181144,0.0301367279,-0.4921564563,0.0322013247
1.666115,0.964868,-9.732559,0.411912,-0.0209460795,-0.4442663244,0.0162379474
1.667164,1.142598,-6.943142,0.796194,-0.0805426881,-0.3144308556,-0.0018538802
1.668213,-0.089506,-8.537779,1.495107,-0.0986345157,-0.2622838231,-0.0018538802
1.669265,-0.320075,-11.650432,0.503179,-0.0847995887,-0.2995317035,0.0130452719
1.67028,0.124251,-11.84198,-1.341375,-0.0550012844,-0.2899536771,0.0215590732
1.67133,-0.197585,-9.260872,-2.434176,-0.0283956555,-0.2420635452,0.0183663977
1.672379,-1.146281,-8.482709,-0.952289,-0.003918477,-0.2590911476,0.0194306229
1.673428,-1.67707,-11.317617,-0.126083,0.0439716549,-0.3325226832,0.0396509008
1.674446,-1.105451,-11.767755,-0.724122,0.072705734,-0.3676421133,0.0566785032
1.675495,-0.360905,-7.5968,-0.952289,0.0333294034,-0.3474218354,0.0460362517
1.676545,-0.480993,-7.089198,1.384625,-0.0007258016,-0.3559356366,0.0311370995
1.677594,-0.769204,-11.085366,3.426123,0.0226871518,-0.4197891458,0.0311370995
1.678612,0.141064,-11.458884,1.439866,0.0216229267,-0.4591654765,0.0268801989
1.679661,1.195437,-8.647919,0.330252,-0.0252029801,-0.4048899937,0.0077241462
1.68071,0.611809,-8.305527,0.813006,-0.0518086089,-0.3335869084,-0.0093034563
1.681762,-0.137541,-9.957627,0.65449,-0.0528728341,-0.3442291599,-0.0018538802
1.682808,0.153072,-10.651988,-0.507963,-0.0496801586,-0.3623209875,0.0151737222
1.683826,0.357222,-10.039035,-2.121947,-0.0486159335,-0.3016601538,0.0258159738
1.684875,-0.375315,-9.653545,-1.34858,-0.0401021322,-0.2399350949,0.034329775
1.685925,-1.523358,-11.161985,0.435929,-0.0007258016,-0.2739902998,0.0417793511
1.686974,-1.292788,-11.949725,0.57283,0.0418432046,-0.3484860605,0.0492289272
1.687992,0.023377,-8.401301,-0.534382,0.0354578537,-0.3325226832,0.0471004769
1.689041,-0.267236,-6.428358,0.399903,0.0184302512,-0.2856967765,0.0353940002
1.69009,-1.453707,-9.998331,2.479829,0.0248156021,-0.3410364845,0.0322013247
1.691142,0.587791,-9.421293,0.467152,0.0003384236,-0.4272387219,0.0183663977
1.692158,0.285169,-9.574532,0.61366,-0.0273314304,-0.3953119673,-0.0029181054
1.693207,-0.139943,-9.936078,0.584839,-0.0475517083,-0.3985046428,-0.0114319066
1.694258,-0.022256,-9.131577,0.356671,-0.0464874832,-0.407018444,-0.0029181054
1.695305,0.107439,-9.06693,-0.50316,-0.0443590329,-0.37934859,0.0151737222
1.696354,0.097832,-10.628045,-0.909057,-0.0432948077,-0.3261373323,0.0353940002
1.697372,-0.293655,-11.870712,-0.318224,-0.0283956555,-0.2920821274,0.0417793511
1.698421,-0.579465,-11.152407,0.104486,-0.0103038279,-0.3027243789,0.0364582253
1.699471,-0.348896,-9.2489,0.195753,0.0024668739,-0.3123024053,0.0353940002
1.700521,-0.416145,-8.250457,0.104486,0.0109806751,-0.3005959286,0.0375224505
1.701537,-0.966149,-9.023831,0.507982,0.0088522248,-0.3229446568,0.0375224505
1.702587,-0.862873,-8.870593,0.813006,-0.003918477,-0.3825412655,0.0311370995
1.703638,-0.456975,-9.004677,0.495973,-0.0081753776,-0.4304313974,0.0183663977
1.704686,-0.50501,-11.413391,0.779381,-0.0028542519,-0.4612939268,0.0098525965
1.705703,-0.228808,-11.145224,0.219771,-0.0060469273,-0.476193079,0.0024030204
1.706752,0.208313,-8.09243,-0.457526,-0.0188176292,-0.4559728011,-0.0061107808
1.707802,0.201108,-8.082852,0.162129,-0.0347810065,-0.4091468943,-0.0007896551
1.708851,0.181894,-11.078183,0.15012,-0.0347810065,-0.3495502857,0.0247517486
1.709901,0.25875,-12.004795,-0.207743,-0.0198818543,-0.2835683262,0.0407151259
1.710918,-0.065488,-10.438891,-0.193332,-0.0166891789,-0.2441919955,0.034329775
1.711968,-0.430556,-9.708615,0.20536,-0.0166891789,-0.2441919955,0.0279444241
1.713019,-0.596277,-9.852276,0.015621,-0.0028542519,-0.2505773464,0.0290086492
1.714066,-1.009381,-9.332702,-0.327831,0.0163018009,-0.2569626973,0.0322013247
1.715084,-1.107853,-7.273563,-0.022807,0.0248156021,-0.3005959286,0.0279444241
1.716136,-0.896498,-7.263985,0.025228,0.0258798273,-0.3825412655,0.0194306229
1.717182,-0.459377,-12.924225,1.130039,0.0482285555,-0.5336612373,0.0215590732
1.718232,0.441284,-9.203408,-0.35425,0.0109806751,-0.5187620851,0.0077241462
1.71925,0.568577,-7.922431,0.656892,-0.0422305825,-0.4400094237,-0.0039823305
1.720299,0.229929,-9.945656,1.33659,-0.0699004365,-0.3623209875,0.0077241462
1.721348,0.374034,-11.018324,0.916282,-0.0699004365,-0.3080455047,0.0247517486
1.722397,0.515738,-10.381427,0.118897,-0.0571297347,-0.2505773464,0.0290086492
1.723415,0.249143,-9.711009,-0.54399,-0.0422305825,-0.2005587642,0.0279444241
1.724464,-0.372914,-10.424525,-0.397482,-0.0230745298,-0.1963018636,0.0258159738
1.725516,-0.882087,-10.817199,-0.772157,0.0152375758,-0.2324855188,0.0268801989
1.726563,-0.898899,-7.77877,-0.849013,0.0546139064,-0.2835683262,0.0226232983
1.727612,-0.95414,-5.997375,-0.846612,0.065256158,-0.3484860605,0.0141094971
1.72863,-1.333618,-10.558609,0.740953,0.072705734,-0.4314956225,0.0247517486
1.729679,-1.424885,-13.795768,2.030699,0.0833479856,-0.531532787,0.0428435762
1.730729,-0.31287,-10.515511,0.383091,0.0397147543,-0.5879367201,0.0311370995
1.731778,0.76312,-7.690179,0.507982,-0.0390379071,-0.51769786,-0.0007896551
1.732795,0.249143,-9.009465,1.975459,-0.0858638138,-0.3889266164,-0.0103676814
1.733845,-0.344092,-10.407765,2.477427,-0.0943776151,-0.3335869084,0.0034672456
1.734894,0.064207,-9.653545,1.586373,-0.0816069132,-0.3261373323,0.0194306229
1.735943,0.664648,-9.033409,-0.772157,-0.0720288868,-0.2888894519,0.0247517486
1.736961,0.362026,-10.920156,-1.627184,-0.0762857875,-0.2335497439,0.0215590732
1.738013,-0.673134,-12.940986,-1.252509,-0.0496801586,-0.2239717176,0.0173021725
1.73906,-0.846061,-9.904952,-1.074779,0.0131091254,-0.2729260746,0.0087883713
1.740109,-0.432958,-5.013297,-1.475873,0.0578065819,-0.3303942329,-0.0061107808
1.741158,-0.701955,-7.347787,-1.178055,0.0695130586,-0.3718990139,-0.0007896551
1.742176,-1.427287,-13.082252,0.961915,0.0812195353,-0.4314956225,0.0385866756
1.743225,0.371633,-8.853833,1.045977,0.0503570058,-0.5602668661,0.0460362517
1.744274,0.58539,-10.175513,1.869781,0.0045953242,-0.5070556084,0.0098525965
1.745324,0.386043,-10.20664,1.588775,-0.0624508605,-0.407018444,-0.0039823305
1.746341,0.297178,-8.181021,1.706462,-0.1071483169,-0.3197519814,0.0002745701
1.747393,0.011368,-8.042148,1.180476,-0.1124694427,-0.2739902998,0.0119810468
1.74844,0.037788,-11.025507,-0.757746,-0.1060840918,-0.2505773464,0.020494848
1.749489,-0.048676,-12.88831,-1.6488,-0.0752215623,-0.213329466,0.0151737222
1.750509,-0.517019,-10.290442,-1.814522,-0.017753404,-0.2026872145,-0.0007896551
1.751556,-0.982961,-7.180183,-1.216483,0.0386505291,-0.2665407237,-0.0082392311
1.752605,-1.299994,-8.082852,-0.714515,0.079091085,-0.3644494378,0.0109168216
1.753654,-1.292788,-10.915367,-0.38067,0.0982471377,-0.4378809734,0.0439078014
1.754704,-0.91331,-10.752551,0.676106,0.0833479856,-0.4804499796,0.0577427284
1.755721,-0.536233,-10.084528,2.141181,0.0556781316,-0.5219547606,0.0417793511
1.756771,-0.168764,-10.640017,2.664765,0.023751377,-0.5347254624,0.0141094971
1.75782,0.455694,-9.203408,1.233314,-0.0422305825,-0.4602297017,-0.0039823305
1.758869,0.604604,-7.405252,1.740086,-0.0975702905,-0.3484860605,-0.0061107808
1.759889,0.100234,-8.056515,2.090744,-0.1071483169,-0.3016601538,0.0045314707
1.760936,0.179492,-11.205083,-0.431107,-0.1039556415,-0.3016601538,0.0173021725
1.761985,0.410061,-13.348025,-1.977842,-0.0847995887,-0.254834247,0.0162379474
1.763034,-0.322477,-10.948888,-2.328499,-0.0411663574,-0.2112010157,-0.0039823305
1.764052,-1.146281,-7.5968,-1.377401,0.0077879997,-0.2676049489,-0.0178172575
1.765101,-1.167897,-7.908065,-0.892245,0.0482285555,-0.3569998618,0.0024030204
1.766151,-0.87248,-10.350301,-1.053163,0.079091085,-0.3889266164,0.0428435762
1.7672,-0.860471,-10.675932,0.116495,0.072705734,-0.4016973182,0.061999629
1.768249,-0.185576,-10.470018,2.909744,0.0386505291,-0.5166336348,0.0258159738
1.769269,0.304383,-11.030296,1.692051,0.0045953242,-0.511312509,0.0034672456
1.770316,0.81836,-8.501863,0.774578,-0.0720288868,-0.4144680201,-0.0103676814
1.771365,0.357222,-6.598356,1.838559,-0.1114052175,-0.3197519814,-0.0124961318
1.772414,-0.315271,-8.707777,1.156458,-0.1039556415,-0.3186877562,-0.0018538802
1.773432,0.081019,-12.694368,-0.764952,-0.0794784629,-0.3346511335,0.0119810468
1.774482,0.294776,-12.718311,-2.102733,-0.0390379071,-0.2835683262,0.0151737222
1.77553,-0.521823,-8.810734,-1.953824,0.0045953242,-0.2612195979,0.0024030204
1.77658,-1.259164,-8.298344,-0.791371,0.0386505291,-0.3282657826,0.0024030204
1.777597,-1.184709,-11.51156,-0.731327,0.072705734,-0.37934859,0.0268801989
1.778647,-0.855668,-10.369455,-1.043556,0.0631277077,-0.3633852127,0.0439078014
1.779696,-0.77641,-6.746806,0.279815,0.0088522248,-0.3633852127,0.0364582253
1.780745,-0.836454,-8.784397,3.169135,0.0141733506,-0.4357525231,0.0268801989
1.781765,-0.4906,-12.342399,3.046645,0.0407789794,-0.525147436,0.0236875235
1.782812,0.799146,-10.699875,0.690516,-0.0049827022,-0.5240832109,0.0119810468
1.783861,1.409194,-7.797925,0.829818,-0.059258185,-0.4251102716,-0.0093034563
1.78491,0.338008,-8.523413,0.904273,-0.0805426881,-0.3538071863,-0.0178172575
1.78596,-0.211995,-10.654383,0.356671,-0.0805426881,-0.3527429611,-0.0061107808
1.786977,0.172286,-10.59213,-0.933075,-0.0635150856,-0.3303942329,0.0109168216
1.788026,0.083421,-9.17707,-2.499024,-0.0475517083,-0.2739902998,0.0183663977
1.789076,-0.781213,-9.914529,-1.031547,-0.0230745298,-0.2707976243,0.0247517486
1.790125,-1.597812,-12.332821,0.517589,0.0301367279,-0.3484860605,0.0364582253
1.791145,-0.879685,-11.147619,-0.190931,0.0556781316,-0.4059542188,0.0439078014
1.792192,0.155474,-7.161028,-0.748139,0.0280082776,-0.3687063385,0.034329775
1.793241,-0.615492,-7.903276,1.223707,0.0152375758,-0.3399722593,0.0258159738
1.79429,-1.290387,-10.752551,2.948173,0.0205587015,-0.4038257685,0.0311370995
1.795308,0.779932,-9.296787,0.253395,-0.0166891789,-0.4336240728,0.0002745701
1.796357,0.081019,-10.769312,0.87305,-0.0379736819,-0.3953119673,-0.0199457078
1.797406,-0.380119,-9.823544,0.87305,-0.0432948077,-0.4229818213,-0.021009933
1.798455,-0.079899,-8.001445,-0.061235,-0.0475517083,-0.4463947747,-0.0093034563
1.799505,0.061805,-8.987916,-1.139627,-0.059258185,-0.4027615434,0.0151737222
1.800523,-0.20479,-11.844374,-0.498356,-0.0581939599,-0.3399722593,0.0428435762
1.801572,-0.682741,-12.627326,0.258199,-0.0369094568,-0.3272015575,0.048164702
1.802621,-0.502609,-10.249738,0.198155,-0.0188176292,-0.3506145108,0.0364582253
1.80367,-0.00064,-7.941586,0.049246,-0.0049827022,-0.3367795838,0.0268801989
1.804687,-0.649116,-8.793974,0.291824,0.00991645,-0.3144308556,0.0258159738
1.805736,-1.167897,-9.6727,0.786587,0.0024668739,-0.3495502857,0.0290086492
1.806786,-0.533832,-8.233696,0.383091,-0.0166891789,-0.3985046428,0.0194306229
1.807835,-0.411342,-9.366223,0.584839,-0.0198818543,-0.4272387219,0.0045314707
1.808853,-0.646714,-12.047894,0.983531,-0.0134965034,-0.4612939268,-0.0018538802
1.809902,-0.063086,-10.417342,-0.015602,-0.0124322782,-0.4793857544,-0.0050465557
1.810951,0.450891,-7.350182,-0.50316,-0.0241387549,-0.4570370262,-0.0093034563
1.812,0.325999,-8.430033,-0.234162,-0.0432948077,-0.4134037949,0.0002745701
1.81305,0.277964,-12.277751,-0.255778,-0.0464874832,-0.3527429611,0.0268801989
1.814067,0.21792,-12.804508,-0.366259,-0.0358452316,-0.2835683262,0.0407151259
1.815116,-0.262432,-9.778051,-0.130886,-0.0337167813,-0.2505773464,0.034329775
1.816166,-0.622697,-8.10919,0.431126,-0.0273314304,-0.2697333992,0.0279444241
1.817215,-0.848462,-9.119605,0.219771,-0.0060469273,-0.3059170544,0.0311370995
1.818232,-1.105451,-9.907346,0.212566,0.0141733506,-0.3474218354,0.034329775
1.819282,-0.725973,-7.690179,0.152521,0.0109806751,-0.3974404176,0.0268801989
1.820331,-0.440163,-7.924825,0.08287,0.0035310991,-0.4463947747,0.0130452719
1.82138,-0.665929,-12.873944,0.58724,0.0194944764,-0.5421750385,0.0119810468
1.822398,0.474908,-7.809897,-0.731327,-0.0262672052,-0.5027987078,-0.0061107808
1.823447,0.51814,-6.73244,0.853836,-0.0624508605,-0.4197891458,-0.0178172575
1.824496,0.121849,-10.323963,1.387027,-0.0635150856,-0.3697705636,0.0034672456
1.825545,0.551765,-12.438173,0.423921,-0.0464874832,-0.3261373323,0.0279444241
1.826595,0.832771,-10.968042,-0.524775,-0.0347810065,-0.2516415716,0.0332655499
1.827612,0.129055,-9.01186,-0.471937,-0.0358452316,-0.2154579163,0.0247517486
1.828662,-0.819641,-10.05819,-0.224555,-0.0241387549,-0.254834247,0.020494848
1.829711,-1.069425,-10.850719,-0.697702,0.0109806751,-0.3059170544,0.0258159738
1.830763,-0.889292,-7.21131,-0.849013,0.0354578537,-0.3431649348,0.0215590732
1.831778,-0.946935,-5.860897,-0.363857,0.0290725027,-0.4006330931,0.0130452719
1.832827,-1.340824,-11.25297,1.598382,0.0407789794,-0.4910922311,0.0226232983
1.833876,-1.196718,-13.958584,1.701658,0.0556781316,-0.5836798195,0.0364582253
1.834926,0.138662,-9.85467,-0.027611,0.0088522248,-0.5932578459,0.0226232983
1.835943,0.84478,-7.479477,0.827417,-0.0560655095,-0.4910922311,-0.0039823305
1.836992,0.107439,-9.349463,1.747292,-0.0943776151,-0.3836054906,-0.0061107808
1.838042,-0.255227,-10.869874,1.910611,-0.1028914163,-0.3506145108,0.0098525965
1.839091,0.239536,-10.249738,1.137244,-0.086928039,-0.3303942329,0.0215590732
1.840143,0.597398,-9.260872,-0.901852,-0.0794784629,-0.2739902998,0.0258159738
1.841158,0.008967,-10.462835,-1.005128,-0.0752215623,-0.2346139691,0.0226232983
1.842207,-0.798025,-11.892261,-0.868227,-0.0358452316,-0.254834247,0.0215590732
1.843256,-0.725973,-9.093268,-1.218885,0.023751377,-0.3059170544,0.0173021725
1.844306,-0.574662,-5.777095,-1.240501,0.0546139064,-0.3569998618,0.0077241462
1.845323,-1.038202,-8.793974,-0.287001,0.0609992574,-0.4187249207,0.0141094971
1.846372,-1.492135,-12.782959,1.583972,0.0684488334,-0.5123767342,0.0396509008
1.847422,0.50373,-9.021437,0.649686,-0.0113680531,-0.5783586937,0.020494848
1.848471,0.54456,-8.856227,1.543142,-0.0762857875,-0.4644866023,-0.0007896551
1.849488,-0.005444,-9.435659,2.282885,-0.1060840918,-0.3846697158,0.0013387952
1.850537,0.020975,-9.538616,1.812139,-0.1060840918,-0.3591283121,0.0130452719
1.851587,0.549363,-9.481152,-0.512767,-0.1018271912,-0.3176235311,0.0215590732
1.852638,0.455694,-10.534665,-1.622381,-0.1018271912,-0.2473846709,0.0173021725
1.853653,-0.65392,-12.251413,-1.761683,-0.0741573372,-0.2229074924,0.006659921
1.854703,-1.112656,-10.71903,-1.365392,-0.0092396028,-0.2771829752,-0.0007896551
1.855752,-0.802829,-6.706102,-1.288536,0.0482285555,-0.3538071863,-0.0029181054
1.856801,-0.83165,-7.22807,-1.134823,0.0737699592,-0.4155322452,0.0109168216
1.85785,-1.201521,-11.30804,0.649686,0.0822837604,-0.4708719532,0.0460362517
1.858868,-0.802829,-11.437335,1.283751,0.0705772837,-0.5240832109,0.0673207548
1.859917,0.165081,-9.794812,1.740086,0.0397147543,-0.5517530649,0.0502931523
1.860966,0.263553,-10.460441,2.357339,0.0003384236,-0.5230189857,0.0151737222
1.862018,0.186697,-9.971993,1.668033,-0.0667077611,-0.4410736489,-0.0050465557
1.863034,0.174688,-7.656658,1.658426,-0.1199190188,-0.3463576102,-0.0103676814
1.864083,-0.151951,-7.663841,1.358206,-0.12843282,-0.3037886041,-0.0007896551
1.865132,0.004163,-11.078183,-0.282197,-0.1156621181,-0.2995317035,0.0183663977
1.866181,0.174688,-12.821268,-1.828932,-0.0847995887,-0.2707976243,0.0215590732
1.867198,-0.281647,-10.505933,-2.194,-0.0358452316,-0.2580269225,0.006659921
1.868248,-0.877284,-7.922431,-1.221286,0.0184302512,-0.3144308556,-0.0018538802
1.869297,-1.167897,-8.762847,-0.877834,0.0631277077,-0.4006330931,0.0151737222
1.870346,-0.925319,-10.81241,-0.894647,0.0758984095,-0.4421378741,0.0439078014
1.871396,-0.500207,-9.387772,0.238985,0.051421231,-0.4474589998,0.0545500529
1.872413,-0.512216,-8.961578,2.105154,0.0301367279,-0.4878995557,0.0407151259
1.873463,0.364427,-11.118886,1.776113,-0.0103038279,-0.5219547606,0.0130452719
1.874514,0.856789,-6.971875,0.532,-0.0933133899,-0.4091468943,-0.0029181054
1.875561,0.105037,-6.536103,1.893799,-0.1316254955,-0.3357153587,-0.0082392311
1.876579,-0.437761,-10.453258,1.187681,-0.1199190188,-0.3580640869,0.0087883713
1.877628,0.172286,-13.345631,-1.317357,-0.0943776151,-0.3601925372,0.0236875235
1.878677,0.34041,-11.372687,-2.347713,-0.0571297347,-0.2878252268,0.0162379474
1.879727,-0.699553,-7.989473,-1.708844,-0.017753404,-0.268669174,0.0024030204
1.880744,-1.446501,-8.868199,-0.678488,0.0184302512,-0.3431649348,0.0109168216
1.881793,-1.314404,-11.542686,-0.656872,0.058870807,-0.4027615434,0.0385866756
1.882843,-0.846061,-9.493124,-0.921066,0.0492927807,-0.4048899937,0.0492289272
1.883894,-0.553046,-7.084409,0.769774,0.0056595494,-0.420853371,0.0385866756
1.884941,-0.733178,-10.517905,3.31324,0.0184302512,-0.4932206814,0.0300728744
1.885959,-0.125532,-12.399863,2.297295,0.0216229267,-0.5485603894,0.0279444241
1.88701,1.200241,-8.815523,0.315841,-0.0379736819,-0.4921564563,0.0119810468
1.888057,1.032117,-7.055677,0.889862,-0.086928039,-0.3740274642,-0.0082392311
1.889107,-0.053479,-9.450025,1.086807,-0.0986345157,-0.3399722593,-0.007175006
1.890124,-0.135139,-11.597756,0.049246,-0.0794784629,-0.3729632391,0.0055956959
1.891174,0.270759,-10.7741,-1.778495,-0.0507443838,-0.3484860605,0.0162379474
1.892223,-0.130336,-8.932846,-2.306883,-0.0305241059,-0.2942105777,0.020494848
1.893273,-1.307199,-9.888191,-0.654471,-0.0049827022,-0.3186877562,0.0279444241
1.89429,-1.70349,-12.320849,0.138111,0.0365220788,-0.4038257685,0.0439078014
1.895339,-0.716366,-10.232977,-0.534382,0.0492927807,-0.434688298,0.0471004769
1.89639,-0.199987,-6.593568,-0.635257,0.0120449003,-0.3974404176,0.0311370995
1.897437,-0.870078,-8.590454,2.12677,0.0003384236,-0.4027615434,0.0279444241
1.898487,0.371633,-10.039035,0.683311,0.0014026488,-0.5198263103,0.0236875235
1.899504,1.229062,-9.301576,0.459947,-0.031588331,-0.462358152,-0.0029181054
1.900553,0.542158,-9.476363,0.803399,-0.0507443838,-0.3985046428,-0.0178172575
1.901603,-0.195183,-9.313548,0.625669,-0.0539370592,-0.4112753446,-0.0114319066
1.902652,-0.012649,-9.596081,-0.327831,-0.0496801586,-0.420853371,0.0109168216
1.90367,0.191501,-10.199457,-1.725657,-0.0528728341,-0.3633852127,0.0332655499
1.904719,-0.509814,-10.93931,-0.635257,-0.0486159335,-0.3208162065,0.0439078014
1.90577,-1.319208,-11.794093,0.488768,-0.0198818543,-0.3612567624,0.0428435762
1.906818,-0.757195,-10.769312,0.169334,0.0088522248,-0.4059542188,0.0407151259
1.907835,0.066609,-7.5968,-0.488749,0.0045953242,-0.3591283121,0.0364582253
1.908887,-0.757195,-7.400463,0.803399,0.0045953242,-0.3218804317,0.034329775
1.909934,-1.523358,-9.849882,2.24926,0.00991645,-0.3963761924,0.0364582253
1.910982,-0.440163,-10.067767,0.933094,0.0045953242,-0.4804499796,0.0300728744
1.912,0.289973,-10.302414,0.459947,-0.0007258016,-0.4868353305,0.0130452719
1.91305,-0.156755,-10.956071,0.575232,-0.0198818543,-0.4751288538,-0.0061107808
1.914099,-0.022256,-9.371012,0.051647,-0.0475517083,-0.4847068802,-0.0156888072
1.915148,0.289973,-7.850601,-0.090056,-0.0613866353,-0.462358152,-0.007175006
1.916198,0.148269,-9.260872,-0.505561,-0.0667077611,-0.4038257685,0.0162379474
1.917215,-0.007846,-11.918599,-0.486347,-0.0603224102,-0.3452933851,0.0396509008
1.918267,-0.310468,-11.906627,-0.042021,-0.0347810065,-0.3186877562,0.0449720265
1.919314,-0.428154,-9.974388,0.10929,-0.0134965034,-0.3346511335,0.0322013247
1.920363,-0.279245,-8.97355,0.080469,-0.0028542519,-0.3431649348,0.0311370995
1.921381,-0.644313,-9.019043,0.27261,0.00991645,-0.3335869084,0.0385866756
1.92243,-1.189513,-9.08369,0.416715,0.0077879997,-0.3687063385,0.0364582253
1.923479,-0.862873,-8.094824,0.284618,-0.0188176292,-0.4304313974,0.0247517486
1.924528,-0.579465,-9.160309,0.880255,-0.0230745298,-0.4783215293,0.0162379474
1.925546,-0.0823,-11.195506,-0.097262,-0.0113680531,-0.5294043367,0.0045314707
1.926595,0.474908,-7.034128,-0.207743,-0.0283956555,-0.4815142047,-0.0082392311
1.927646,0.114644,-7.862572,0.342261,-0.0443590329,-0.4325598477,-0.0050465557
1.928694,0.184295,-12.119724,0.339859,-0.0464874832,-0.3921192918,0.0215590732
1.929743,0.51814,-12.79493,-0.061235,-0.0305241059,-0.324008882,0.0407151259
1.930763,0.239536,-9.454814,-0.250975,-0.0337167813,-0.2644122734,0.0375224505
1.93181,-0.440163,-8.348625,0.171736,-0.0390379071,-0.268669174,0.0311370995
1.932859,-0.927721,-10.604102,0.018023,-0.0156249537,-0.3091097298,0.0322013247
1.933909,-0.963747,-10.362272,-0.507963,0.0152375758,-0.3442291599,0.0311370995
1.934926,-0.781213,-6.476245,-0.344643,0.0248156021,-0.3889266164,0.0173021725
1.935975,-0.862873,-6.852157,0.337457,0.0269440524,-0.462358152,0.0087883713
1.937025,-1.143879,-12.605777,1.319778,0.0450358801,-0.5474961643,0.0194306229
1.938074,-0.603483,-13.518024,0.808203,0.0407789794,-0.6017716471,0.0258159738
1.939092,0.515738,-8.5713,-0.181323,-0.0166891789,-0.5751660183,0.006659921
1.940143,0.5998,-7.091592,1.007549,-0.073093112,-0.4878995557,-0.0103676814
1.94119,-0.019855,-10.328751,1.987468,-0.0858638138,-0.4240460464,0.0024030204
1.942239,0.097832,-11.830008,1.319778,-0.073093112,-0.3889266164,0.0258159738
1.943289,0.54456,-9.529039,0.066058,-0.0603224102,-0.3357153587,0.0322013247
1.944306,0.222723,-8.762847,-0.84421,-0.0624508605,-0.2910179022,0.0236875235
1.945355,-0.454573,-11.648038,-0.870629,-0.0581939599,-0.2846325513,0.0194306229
1.946404,-0.58667,-11.351138,-0.997923,-0.017753404,-0.2931463525,0.020494848
1.947454,-0.615492,-6.852157,-0.808183,0.0333294034,-0.3303942329,0.0119810468
1.948472,-0.992568,-6.478639,-0.250975,0.0599350322,-0.4080826691,0.0087883713
1.949521,-1.324011,-11.185928,0.311038,0.0769626347,-0.5006702575,0.0247517486
1.95057,-1.021389,-12.478876,0.700123,0.065256158,-0.5751660183,0.0396509008
1.951619,0.42207,-9.098056,1.495107,-0.0220103046,-0.5368539127,0.0034672456
1.952639,-0.007846,-10.276076,1.934629,-0.0603224102,-0.4527801256,-0.0018538802
1.953686,0.138662,-9.531433,1.387027,-0.0922491648,-0.3825412655,0.0045314707
1.954735,0.398052,-8.695806,0.820211,-0.0986345157,-0.3186877562,0.0087883713
1.955785,0.073814,-9.823544,-0.344643,-0.0922491648,-0.282504101,0.0162379474
1.956834,-0.23121,-11.40142,-0.961896,-0.0752215623,-0.2771829752,0.020494848
1.957852,-0.562653,-11.23621,-1.555131,-0.031588331,-0.2899536771,0.0130452719
1.958901,-0.721169,-8.712566,-1.487882,0.0258798273,-0.3346511335,0.0024030204
1.95995,-0.761999,-7.101169,-0.901852,0.0695130586,-0.4048899937,0.0055956959
1.961,-1.07663,-9.888191,-0.709711,0.0897333365,-0.4719361784,0.0236875235
1.962019,-1.088639,-11.691136,0.474358,0.0780268598,-0.5187620851,0.0439078014
1.963066,-0.454573,-9.442842,1.079602,0.0461001052,-0.5506888397,0.0396509008
1.964115,0.018574,-9.620024,1.860174,0.0205587015,-0.559202641,0.0141094971
1.965165,0.097832,-11.070999,2.554284,-0.0156249537,-0.5240832109,0.0013387952
1.966182,0.47731,-9.272844,1.63681,-0.0656435359,-0.4506516753,0.0002745701
1.967232,0.4629,-7.656658,1.247725,-0.0986345157,-0.3708347888,-0.0007896551
1.968281,-0.070292,-9.052564,0.616062,-0.1082125421,-0.3335869084,0.0087883713
1.969331,-0.039069,-12.021556,-0.870629,-0.0986345157,-0.3186877562,0.0173021725
1.970379,-0.063086,-12.210709,-1.862557,-0.0635150856,-0.282504101,0.0055956959
1.971396,-0.577063,-8.760453,-1.559935,-0.0124322782,-0.2835683262,-0.0124961318
1.972446,-0.973354,-7.201732,-0.685694,0.0354578537,-0.3538071863,-0.007175006
1.973496,-1.179906,-10.089317,-0.863424,0.0769626347,-0.4325598477,0.0194306229
1.974545,-1.026193,-11.552264,-0.644864,0.0769626347,-0.4740646287,0.0428435762
1.975563,-0.625099,-8.801157,1.127637,0.0471643304,-0.5091840587,0.0417793511
1.976612,-0.428154,-8.997494,2.67197,0.0439716549,-0.566652217,0.0247517486
1.977661,0.662246,-10.280864,1.427857,-0.0273314304,-0.5081198336,0.0013387952
1.97871,0.770325,-6.627088,0.925889,-0.1028914163,-0.393183517,-0.0103676814
1.979728,0.001761,-7.462716,1.49991,-0.1305612703,-0.3559356366,-0.0103676814
1.980777,-0.24562,-12.059865,0.35427,-0.1124694427,-0.3772201397,0.0087883713
1.981827,0.201108,-13.453376,-1.992252,-0.0762857875,-0.3410364845,0.0162379474
1.982876,-0.0823,-9.488335,-2.13876,-0.031588331,-0.2867610016,-0.0018538802
1.983896,-0.999773,-6.947931,-1.254911,0.0120449003,-0.3229446568,-0.0146245821
1.984942,-1.379252,-9.773263,-1.13002,0.0524854561,-0.3995688679,0.0045314707
1.985992,-1.155888,-12.021556,-1.151635,0.0812195353,-0.4251102716,0.034329775
1.987042,-0.769204,-9.095662,-0.327831,0.0546139064,-0.4357525231,0.0417793511
1.988091,-0.541037,-7.687785,1.968254,0.0301367279,-0.4942849066,0.0268801989
1.989108,-0.399333,-11.233815,3.133108,0.0439716549,-0.5687806673,0.0173021725
1.990157,0.371633,-11.765361,1.754497,0.0141733506,-0.566652217,0.0141094971
1.991207,1.092161,-7.826657,0.810604,-0.0571297347,-0.4719361784,-0.0029181054
1.992256,0.546961,-6.785115,1.245323,-0.1018271912,-0.3846697158,-0.0188814827
1.993274,-0.175969,-10.165936,1.019558,-0.0996987408,-0.3750916894,-0.0114319066
1.994323,0.006565,-12.615354,-0.829799,-0.0709646617,-0.365513663,0.0055956959
1.995372,0.088225,-10.845931,-2.340508,-0.0369094568,-0.3112381802,0.0077241462
1.996421,-0.689946,-8.133134,-1.699237,-0.0060469273,-0.3016601538,0.0024030204
1.997439,-1.513751,-9.564954,-0.486347,0.0333294034,-0.3782843648,0.0098525965
1.998488,-1.468117,-12.452539,-0.419098,0.0737699592,-0.4421378741,0.0279444241
1.999538,-0.769204,-10.177907,-0.779362,0.0641919328,-0.4368167483,0.0332655499
2.000586,-0.454573,-6.768355,0.479161,0.0173660261,-0.4219175961,0.0226232983
2.001638,-0.834052,-8.832284,2.895334,0.0194944764,-0.4730004035,0.0162379474
2.002653,-0.562653,-11.375082,2.763237,0.0290725027,-0.55281729,0.0151737222
2.003703,1.272294,-8.374963,0.433528,-0.0486159335,-0.4612939268,-0.021009933
2.004752,0.210715,-9.426082,0.813006,-0.0667077611,-0.4112753446,-0.0295237342
2.005801,-0.151951,-10.472412,0.15012,-0.0645793108,-0.4229818213,-0.0167530324
2.006819,0.191501,-10.393399,-1.336571,-0.0496801586,-0.3974404176,0.0002745701
2.007868,-0.171166,-9.691855,-1.802513,-0.0379736819,-0.3442291599,0.0162379474
2.008917,-1.030996,-10.367061,-0.577614,-0.0156249537,-0.3527429611,0.0268801989
2.009967,-1.324011,-12.004795,0.392698,0.0290725027,-0.4155322452,0.0290086492
2.010984,-0.565055,-10.31678,-0.082851,0.0461001052,-0.4336240728,0.0268801989
2.012034,-0.06789,-7.091592,-0.387875,0.0184302512,-0.37934859,0.020494848
2.013083,-0.95414,-8.509046,1.439866,0.0109806751,-0.3697705636,0.0162379474
2.014132,-1.259164,-10.44368,2.621533,0.0163018009,-0.4549085759,0.0194306229
2.015182,-0.072693,-9.155521,1.103619,0.0035310991,-0.5304685618,0.0087883713
2.016199,0.494123,-10.213823,0.315841,-0.0081753776,-0.5262116612,-0.0135603569
2.017248,0.124251,-11.267336,0.455144,-0.0188176292,-0.490028006,-0.0263310588
2.018298,-0.034265,-8.554539,0.099683,-0.0326525562,-0.4815142047,-0.0305879594
2.019347,0.047395,-7.639898,-0.296608,-0.0475517083,-0.476193079,-0.0199457078
2.020364,0.102635,-10.496356,-0.894647,-0.0539370592,-0.420853371,0.0119810468
2.021414,-0.224004,-12.727889,-0.452723,-0.0432948077,-0.3559356366,0.0375224505
2.022463,-0.632304,-11.470856,0.347064,-0.0241387549,-0.3623209875,0.0311370995
2.023515,-0.310468,-9.141155,0.169334,-0.0049827022,-0.4016973182,0.0151737222
2.02453,-0.043872,-8.640736,0.202958,0.0163018009,-0.3921192918,0.0119810468
2.025579,-0.677937,-9.253689,0.383091,0.0226871518,-0.3804128151,0.0173021725
2.026628,-0.910908,-8.741298,0.666499,0.0056595494,-0.4144680201,0.0194306229
2.027678,-0.553046,-8.137922,0.724141,-0.0049827022,-0.4581012514,0.0119810468
2.028727,-0.502609,-12.46451,0.476759,-0.003918477,-0.545367714,-0.0146245821
2.029745,0.289973,-9.28721,-0.335036,-0.0092396028,-0.5411108133,-0.0295237342
2.030794,0.407659,-7.010184,-0.21735,-0.0209460795,-0.4942849066,-0.0284595091
2.031843,0.064207,-9.82115,0.311038,-0.0305241059,-0.4442663244,-0.0061107808
2.032895,0.191501,-12.749438,-0.344643,-0.0273314304,-0.3814770403,0.0236875235
2.03391,0.174688,-11.504377,-0.366259,-0.0188176292,-0.3218804317,0.0290086492
2.034959,-0.387324,-8.935241,0.16453,-0.0166891789,-0.3144308556,0.0130452719
2.036008,-0.73558,-9.08369,0.255797,-0.0166891789,-0.3346511335,0.006659921
2.037058,-0.884489,-10.264104,0.371082,0.0045953242,-0.3474218354,0.0141094971
2.038075,-0.879685,-8.793974,0.106888,0.0205587015,-0.3772201397,0.0162379474
2.041223,-1.160692,-12.950563,1.139646,0.0269440524,-0.5772944686,0.0002745701
2.039125,-0.665929,-6.974269,0.049246,0.0141733506,-0.4357525231,0.006659921
2.042241,-0.339289,-10.656777,0.387894,0.0131091254,-0.6092212232,-0.0114319066
2.044339,0.388445,-8.705383,0.966719,-0.0635150856,-0.4804499796,-0.0188814827
2.040174,-0.932524,-9.677489,0.81781,0.0173660261,-0.5070556084,0.0013387952
2.045391,0.227527,-11.750994,1.485499,-0.0603224102,-0.4357525231,0.0045314707
2.04329,0.55897,-7.295112,-0.200538,-0.0305241059,-0.5581384158,-0.0263310588
2.046438,0.820762,-11.47325,0.018023,-0.0486159335,-0.3782843648,0.0141094971
2.047455,0.707879,-9.385378,-0.577614,-0.0432948077,-0.296339028,0.0077241462
2.048504,-0.365708,-9.332702,-0.17652,-0.0358452316,-0.2676049489,0.006659921
2.049554,-0.896498,-11.078183,-0.4215,-0.0134965034,-0.3027243789,0.0130452719
2.050603,-0.651518,-9.995937,-0.937879,0.0205587015,-0.3367795838,0.0130452719
2.051621,-0.661125,-6.34695,-0.524775,0.0471643304,-0.3782843648,0.0034672456
2.05267,-1.256762,-7.977501,0.224574,0.0535496813,-0.4591654765,0.0002745701
2.053719,-1.482528,-12.658453,0.985933,0.0567423567,-0.5517530649,0.0141094971
2.054771,-0.610688,-11.248181,0.649686,0.0322651782,-0.6070927729,0.0183663977
2.055786,0.09543,-9.505095,2.318911,-0.0411663574,-0.5347254624,-0.0124961318
2.056836,-0.101514,-11.008746,1.850567,-0.0677719862,-0.4868353305,-0.0061107808
2.057887,0.604604,-10.280864,0.380689,-0.0901207145,-0.4102111194,-0.0029181054
2.058934,0.568577,-8.849044,0.306234,-0.086928039,-0.3154950808,-0.0029181054
2.059983,-0.274441,-8.999888,-0.347045,-0.0826711384,-0.3005959286,0.0002745701
2.061,-0.432958,-11.679164,-0.88504,-0.0656435359,-0.3293300078,0.0077241462
2.06205,-0.221603,-11.195506,-1.48548,-0.0145607286,-0.3197519814,0.0109168216
2.063099,-0.57226,-7.285534,-1.317357,0.0354578537,-0.3410364845,0.0034672456
2.064148,-1.170299,-7.773981,-0.27259,0.0684488334,-0.4410736489,0.0002745701
2.065166,-1.309601,-11.640854,-0.186127,0.0897333365,-0.5464319391,0.0151737222
2.066216,-0.713964,-10.877057,-0.226957,0.0641919328,-0.5964505213,0.0226232983
2.067267,0.064207,-8.20257,0.77698,0.0152375758,-0.5879367201,0.0109168216
2.068314,-0.060684,-10.039035,2.864111,0.0003384236,-0.566652217,0.0002745701
2.069331,-0.084702,-11.37987,2.614328,-0.0220103046,-0.5474961643,0.0013387952
2.07038,0.972073,-9.026226,0.476759,-0.0762857875,-0.4612939268,-0.0029181054
2.07143,0.895217,-7.967924,0.553616,-0.1092767672,-0.3335869084,-0.0103676814
2.072479,-0.372914,-9.835516,0.623267,-0.1050198666,-0.2995317035,-0.0050465557
2.073528,-0.598679,-12.122119,-0.560802,-0.0805426881,-0.3314584581,0.0055956959
2.074546,-0.336887,-11.410997,-1.790504,-0.0369094568,-0.3229446568,0.0013387952
2.075595,-0.596277,-7.759615,-1.768888,0.0067237745,-0.3229446568,-0.0114319066
2.076647,-1.15829,-7.108353,-0.474338,0.0439716549,-0.3985046428,-0.0103676814
2.077694,-1.489733,-11.262547,-0.234162,0.079091085,-0.4964133569,0.0151737222
2.078711,-0.963747,-11.873106,-0.27259,0.0705772837,-0.5400465882,0.0375224505
2.080809,-0.27204,-8.904114,2.744023,0.0077879997,-0.5645237667,0.0087883713
2.079763,-0.178371,-7.809897,0.584839,0.0194944764,-0.5443034888,0.0290086492
2.081859,0.645434,-9.895374,1.103619,-0.0411663574,-0.5262116612,-0.0018538802
2.082876,0.993689,-6.445118,0.536803,-0.100762966,-0.4102111194,-0.0146245821
2.083925,0.025779,-8.506652,0.728944,-0.1231116942,-0.3623209875,-0.0146245821
2.084974,-0.137541,-13.058309,-0.450321,-0.1114052175,-0.3697705636,0.0013387952
2.086025,0.186697,-12.703945,-1.848146,-0.0699004365,-0.3261373323,0.0055956959
2.087073,-0.377717,-7.972712,-1.94902,-0.0241387549,-0.296339028,-0.0093034563
2.08809,-1.179906,-6.67737,-0.868227,0.0109806751,-0.3644494378,-0.0146245821
2.089142,-1.441698,-10.716636,-0.668881,0.0567423567,-0.4517159004,0.0109168216
2.090189,-1.107853,-12.289723,-0.877834,0.0695130586,-0.4793857544,0.0396509008
2.091238,-0.581867,-8.458765,0.296627,0.0269440524,-0.4889637808,0.0396509008
2.092255,-0.459377,-8.207359,2.49424,0.0152375758,-0.5432392637,0.020494848
2.093305,-0.348896,-12.045499,2.940967,0.0269440524,-0.5932578459,0.0098525965
2.094354,0.453293,-10.810015,1.439866,-0.017753404,-0.5496246146,0.0045314707
2.095404,0.933645,-6.478639,0.760167,-0.0901207145,-0.4389451986,-0.0082392311
2.096421,0.268357,-7.18976,1.089209,-0.1220474691,-0.3814770403,-0.0167530324
2.09747,-0.195183,-12.016767,0.469554,-0.1092767672,-0.3942477421,-0.0061107808
2.098522,0.105037,-13.652107,-1.569542,-0.073093112,-0.3708347888,0.0045314707
2.099569,-0.04147,-9.63439,-2.157974,-0.0273314304,-0.3176235311,-0.0007896551
2.100618,-0.91331,-6.761172,-1.250108,0.0056595494,-0.3421007096,-0.0082392311
2.101638,-1.40327,-10.0965,-0.748139,0.037586304,-0.4240460464,0.006659921
2.102684,-1.119862,-12.421412,-0.72172,0.0578065819,-0.4538443507,0.0332655499
2.103734,-0.656321,-9.054958,-0.289403,0.0322651782,-0.4549085759,0.0364582253
2.104783,-0.560251,-7.970318,2.073931,0.00991645,-0.503862933,0.020494848
2.1058,-0.608286,-10.771706,3.322848,0.0205587015,-0.5772944686,0.0141094971
2.106849,0.21792,-10.27847,1.579168,-0.0017900267,-0.5964505213,0.0077241462
2.1079,0.667049,-8.401301,1.03637,-0.1018271912,-0.4325598477,-0.0220741581
2.108948,-0.144746,-11.185928,1.043575,-0.0943776151,-0.4314956225,-0.0156888072
2.109966,0.032984,-11.920993,-0.961896,-0.0699004365,-0.434688298,-0.0061107808
2.111017,0.157876,-9.734953,-2.160375,-0.0432948077,-0.3825412655,-0.0007896551
2.112064,-0.658723,-8.20257,-1.358187,-0.0209460795,-0.3591283121,0.0055956959
2.113114,-1.532965,-10.692692,-0.150101,0.0109806751,-0.4144680201,0.0236875235
2.114131,-1.155888,-12.148456,0.003612,0.0450358801,-0.4612939268,0.0407151259
2.11623,-0.634706,-8.200176,0.676106,0.0024668739,-0.4134037949,0.0162379474
2.11518,-0.356101,-9.23214,-0.519972,0.0365220788,-0.4378809734,0.0332655499
2.117279,-1.052612,-9.816361,2.359741,-0.0081753776,-0.4549085759,0.0119810468
2.118328,-0.406538,-9.454814,1.944236,-0.0081753776,-0.5198263103,0.0098525965
2.119345,0.563774,-8.772425,0.632874,-0.0262672052,-0.5283401115,-0.0029181054
2.120397,0.731897,-9.349463,0.202958,-0.0539370592,-0.4815142047,-0.0167530324
2.121444,0.222723,-10.101288,0.457545,-0.0624508605,-0.4527801256,-0.0188814827
2.122493,0.119448,-10.453258,-0.224555,-0.0486159335,-0.4453305495,-0.0103676814
2.123513,0.181894,-10.132415,-1.502293,-0.0390379071,-0.4134037949,-0.0007896551
2.12561,-0.877284,-10.695087,-0.260582,-0.0103038279,-0.3857339409,0.0258159738
2.126659,-1.043005,-11.454095,0.387894,0.0248156021,-0.4134037949,0.0300728744
2.127677,-0.711562,-9.96481,0.186146,0.0248156021,-0.420853371,0.0290086492
2.128726,-0.365708,-7.347787,0.073263,-0.0017900267,-0.3846697158,0.0258159738
2.12456,-0.339289,-9.991148,-1.343776,-0.0347810065,-0.3825412655,0.0119810468
2.129775,-1.045407,-8.49468,1.610391,-0.0060469273,-0.3942477421,0.0215590732
2.130825,-1.37685,-10.814804,2.477427,-0.0028542519,-0.490028006,0.0194306229
2.131873,-0.262432,-9.699038,1.026763,-0.0166891789,-0.5634595416,0.0087883713
2.132893,0.29958,-9.229745,0.289422,-0.0262672052,-0.5623953164,-0.0146245821
2.133941,0.220322,-9.265661,0.159727,-0.0528728341,-0.5262116612,-0.0220741581
2.13499,0.549363,-8.908903,-0.402286,-0.0624508605,-0.4878995557,-0.0061107808
2.136039,0.537354,-10.776495,-0.901852,-0.073093112,-0.4314956225,0.0130452719
2.137056,0.083421,-11.889867,-0.356652,-0.0624508605,-0.37934859,0.0268801989
2.138106,-0.529028,-11.102126,0.030032,-0.0347810065,-0.3718990139,0.0247517486
2.139155,-0.493002,-9.349463,0.20536,-0.0113680531,-0.3857339409,0.0226232983
2.140204,-0.406538,-8.578483,0.375885,0.0088522248,-0.3814770403,0.0279444241
2.141222,-0.922917,-9.229745,0.229378,0.0163018009,-0.3899908415,0.0332655499
2.142273,-1.016586,-8.880171,0.366278,0.0003384236,-0.4336240728,0.0279444241
2.14332,-0.598679,-8.305527,0.387894,-0.0166891789,-0.476193079,0.0109168216
2.144369,-0.795624,-10.565792,0.863443,-0.0188176292,-0.5230189857,-0.0007896551
2.145419,-0.877284,-12.179583,0.981129,-0.017753404,-0.5858082698,-0.0061107808
2.146436,0.028181,-9.299182,-0.210145,-0.0262672052,-0.5996431968,-0.0167530324
2.147485,0.51814,-7.275957,-0.238966,-0.0432948077,-0.538982363,-0.0199457078
2.148535,0.148269,-9.804389,0.769774,-0.0539370592,-0.4783215293,-0.0007896551
2.149584,0.38124,-12.263385,0.162129,-0.0507443838,-0.4314956225,0.0215590732
2.150602,0.731897,-11.042267,-0.64006,-0.0411663574,-0.3612567624,0.0226232983
2.151651,0.059404,-8.839467,-0.152502,-0.0379736819,-0.3123024053,0.0130452719
2.1527,-0.673134,-9.536222,0.104486,-0.0326525562,-0.324008882,0.0130452719
2.15375,-0.795624,-11.054239,-0.198136,-0.0060469273,-0.3527429611,0.0236875235
2.15477,-0.728374,-8.880171,-0.4215,0.0194944764,-0.3867981661,0.0247517486
2.155816,-0.903703,-6.507371,-0.097262,0.0269440524,-0.4527801256,0.0119810468
2.156866,-1.33602,-9.792417,0.813006,0.0322651782,-0.538982363,0.0098525965
2.157915,-1.177504,-12.869155,1.187681,0.0312009531,-0.6124138986,0.0162379474
2.159092,0.443686,-7.43159,0.606455,-0.0507443838,-0.5783586937,-0.0082392311
2.159982,0.090627,-9.588898,2.081136,-0.0741573372,-0.5102482839,-0.0050465557
2.161031,0.150671,-11.504377,1.250127,-0.0837353635,-0.462358152,0.0087883713
2.162081,0.604604,-11.245787,0.061255,-0.0847995887,-0.3942477421,0.0109168216
2.16313,0.249143,-9.229745,-0.114074,-0.073093112,-0.3197519814,0.0055956959
2.164148,-0.478591,-8.657496,-0.491151,-0.0656435359,-0.3123024053,0.006659921
2.165197,-0.57226,-11.090154,-0.791371,-0.0432948077,-0.3389080342,0.0173021725
2.166246,-0.310468,-10.383821,-1.540721,0.0003384236,-0.3357153587,0.0215590732
2.167295,-0.656321,-6.883284,-0.937879,0.0312009531,-0.3718990139,0.0109168216
2.168313,-1.304797,-8.638341,0.536803,0.0578065819,-0.4889637808,0.006659921
2.169362,-1.153486,-12.450144,0.399903,0.0769626347,-0.5996431968,0.0183663977
2.170411,-0.233611,-10.520299,-0.010798,0.0461001052,-0.6305057263,0.0215590732
2.171461,0.27316,-8.075669,1.074798,-0.0007258016,-0.5975147465,0.0098525965
2.172478,-0.135139,-9.684672,2.698389,-0.0252029801,-0.5602668661,0.0055956959
2.173528,0.028181,-10.589735,1.852969,-0.0645793108,-0.5272758863,0.0087883713
2.174577,0.924038,-9.857065,0.565625,-0.1039556415,-0.434688298,0.0024030204
2.175626,0.55897,-9.186647,0.620865,-0.1114052175,-0.3272015575,-0.0029181054
2.177693,-0.603483,-11.185928,-0.954691,-0.0784142378,-0.3506145108,0.0098525965
2.178742,-0.262432,-10.659172,-1.86736,-0.0337167813,-0.3389080342,0.0109168216
2.179792,-0.656321,-7.5968,-1.34858,0.0141733506,-0.3559356366,0.0055956959
2.176676,-0.565055,-9.529039,-0.037218,-0.100762966,-0.3165593059,0.0024030204
2.180841,-1.408073,-8.315104,-0.102065,0.0578065819,-0.4581012514,0.0098525965
2.181858,-1.480126,-12.1724,-0.066039,0.0876048862,-0.566652217,0.0258159738
2.182908,-0.562653,-10.92255,-0.35425,0.0578065819,-0.5996431968,0.0311370995
2.183957,0.107439,-7.764404,0.529598,0.0024668739,-0.5783586937,0.0162379474
2.185006,-0.317673,-9.866642,3.077868,-0.0060469273,-0.5645237667,0.0055956959
2.186023,0.81836,-8.358203,0.724141,-0.059258185,-0.4921564563,0.0045314707
2.187073,0.919234,-7.129902,0.402305,-0.100762966,-0.3910550667,-0.0050465557
2.188123,-0.031863,-10.759734,0.145316,-0.1103409924,-0.3623209875,-0.0007896551
2.189172,-0.192781,-13.419855,-0.560802,-0.0901207145,-0.3708347888,0.0109168216
2.190221,-0.192781,-10.503539,-1.543123,-0.0443590329,-0.3495502857,0.0045314707
2.191239,-0.658723,-6.655821,-1.612774,-0.0071111525,-0.3633852127,-0.0093034563
2.192288,-1.043005,-8.38454,-0.909057,0.0226871518,-0.4272387219,-0.0007896551
2.193337,-1.23995,-12.155639,-0.637658,0.0578065819,-0.4772573041,0.0268801989
2.194389,-1.095844,-10.709453,0.116495,0.0482285555,-0.5145051845,0.0417793511
2.195404,-0.500207,-7.618349,1.370215,0.0184302512,-0.5655879919,0.0300728744
2.196454,-0.329682,-10.084528,2.698389,0.0248156021,-0.6145423489,0.0130452719
2.197503,-0.20479,-12.521975,2.544677,0.0131091254,-0.6177350244,0.0077241462
2.198552,0.741504,-8.875382,1.019558,-0.0560655095,-0.538982363,0.0002745701
2.19957,0.837575,-5.753151,0.800997,-0.1188547936,-0.4283029471,-0.0135603569
2.200619,-0.115925,-8.748481,1.096414,-0.1263043697,-0.3995688679,-0.0103676814
2.201668,-0.065488,-13.513235,-0.50316,-0.0975702905,-0.4091468943,0.0087883713
2.202718,0.292375,-13.087041,-2.369329,-0.0528728341,-0.3506145108,0.0109168216
2.203769,-0.36811,-7.934403,-2.018672,-0.0071111525,-0.3133666305,-0.0114319066
2.204785,-1.122263,-6.502582,-0.983512,0.0216229267,-0.3867981661,-0.0199457078
2.205834,-1.360038,-11.26973,-0.755345,0.0546139064,-0.4676792777,0.0077241462
2.206883,-1.067023,-12.344793,-0.937879,0.0631277077,-0.4687435029,0.0439078014
2.207932,-0.560251,-7.714123,0.229378,0.023751377,-0.4676792777,0.0471004769
2.20895,-0.658723,-8.315104,2.984199,0.0194944764,-0.5485603894,0.0279444241
2.209999,-0.435359,-12.2993,3.133108,0.0312009531,-0.6379553023,0.0162379474
2.211049,0.808753,-10.611285,1.084405,-0.0134965034,-0.6092212232,0.0055956959
2.212099,0.097832,-7.058071,1.2141,-0.1082125421,-0.420853371,-0.0220741581
2.213116,-0.300861,-11.193111,0.40951,-0.1050198666,-0.4368167483,-0.0103676814
2.214165,0.186697,-13.599432,-1.555131,-0.0741573372,-0.3995688679,0.006659921
2.215214,-0.039069,-10.331146,-2.22042,-0.0337167813,-0.3261373323,0.006659921
2.216266,-1.098246,-7.101169,-0.88504,0.0003384236,-0.3569998618,-0.0007896551
2.217313,-1.669865,-9.945656,-0.190931,0.0429074297,-0.4634223771,0.0130452719
2.218331,-1.187111,-12.864367,-0.697702,0.0758984095,-0.5081198336,0.0375224505
2.21938,-0.406538,-9.385378,-0.935477,0.0407789794,-0.4783215293,0.0364582253
2.220429,-0.452172,-7.263985,1.276546,-0.0007258016,-0.4772573041,0.0183663977
2.221479,-0.824445,-10.086922,3.375686,0.0120449003,-0.5368539127,0.0109168216
2.222496,0.037788,-10.395793,1.653623,0.0120449003,-0.5751660183,0.0087883713
2.223546,1.128188,-8.669468,0.198155,-0.0241387549,-0.5208905354,-0.0050465557
2.224595,0.662246,-8.750876,0.608856,-0.0528728341,-0.4432020992,-0.0220741581
2.225647,-0.19038,-9.790023,0.563223,-0.0613866353,-0.448523225,-0.0252668336
2.226662,-0.127934,-10.814804,-0.375866,-0.0496801586,-0.4793857544,-0.0156888072
2.227711,0.064207,-10.697481,-1.588756,-0.0358452316,-0.4410736489,0.0024030204
2.228761,-0.50501,-9.94805,-1.247706,-0.0262672052,-0.3995688679,0.0173021725
2.22981,-1.278378,-9.888191,0.27261,-0.0092396028,-0.4378809734,0.0258159738
2.230859,-1.098246,-10.855508,0.800997,0.0226871518,-0.5017344827,0.0322013247
2.231877,-0.276843,-10.788466,0.219771,0.0343936285,-0.4878995557,0.0322013247
2.232926,-0.219201,-8.600032,0.243788,0.0035310991,-0.4325598477,0.0226232983
2.233976,-0.877284,-8.185809,1.696855,-0.0145607286,-0.4474589998,0.0077241462
2.235025,-0.774008,-8.966367,1.961048,-0.0124322782,-0.5134409594,0.0002745701
2.236042,-0.065488,-9.531433,0.630472,-0.017753404,-0.5400465882,-0.0039823305
2.237091,0.114644,-11.284097,0.339859,-0.0220103046,-0.525147436,-0.0146245821
2.238143,0.184295,-7.76201,-0.311019,-0.0273314304,-0.5198263103,-0.0273952839
2.23919,0.090627,-8.437216,-0.568007,-0.0337167813,-0.5081198336,-0.0124961318
2.240208,0.225125,-11.573813,-1.069975,-0.0390379071,-0.4495874501,0.0162379474
2.241257,-0.171166,-12.366342,-0.342242,-0.0294598807,-0.3889266164,0.0322013247
2.242306,-0.783615,-10.410159,0.308636,-0.0230745298,-0.3921192918,0.0236875235
2.243355,-0.651518,-9.052564,0.380689,-0.0166891789,-0.420853371,0.0109168216
2.244373,-0.569858,-9.100451,0.402305,0.0014026488,-0.4165964704,0.0130452719
2.245423,-0.961345,-9.069324,0.73615,0.0163018009,-0.4336240728,0.0183663977
2.246472,-0.786017,-8.070881,0.921085,0.0109806751,-0.5059913833,0.0130452719
2.247524,-0.320075,-8.631158,0.299029,-0.0017900267,-0.5634595416,0.0002745701
2.24857,-0.579465,-12.002401,0.930692,-0.0028542519,-0.5879367201,-0.0093034563
2.249588,-0.476189,-12.232259,0.563223,-0.0071111525,-0.6017716471,-0.0167530324
2.25064,0.405257,-7.893699,-0.769755,-0.0294598807,-0.5677164422,-0.0305879594
2.251687,0.400454,-6.524131,-0.003593,-0.045423258,-0.5017344827,-0.0327164097
2.252736,-0.10872,-10.534665,0.366278,-0.0411663574,-0.4612939268,-0.0093034563
2.253754,0.35482,-13.309715,-0.114074,-0.017753404,-0.4187249207,0.0173021725
2.254803,0.520542,-11.094943,-0.589623,-0.0007258016,-0.3580640869,0.020494848
2.255852,-0.303262,-8.693411,-0.265385,-0.0060469273,-0.3410364845,0.0119810468
2.256901,-0.862873,-9.768474,0.395099,-0.0007258016,-0.3772201397,0.0087883713
2.257919,-0.898899,-10.192274,-0.27259,0.0131091254,-0.407018444,0.0130452719
2.258968,-0.766803,-7.352576,-0.188529,0.0131091254,-0.4283029471,0.0098525965
2.26002,-0.901301,-6.91441,0.584839,0.0163018009,-0.4847068802,0.0013387952
2.261067,-1.107853,-11.231421,1.000344,0.0301367279,-0.5709091176,-0.0007896551
2.262116,-0.689946,-12.811691,1.069995,0.0365220788,-0.6368910772,0.0013387952
2.263134,0.160278,-9.263266,0.142914,0.0152375758,-0.6347626269,-0.0135603569
2.264183,0.150671,-10.165936,1.451875,-0.059258185,-0.4964133569,-0.0178172575
2.265232,0.251545,-11.571418,0.928291,-0.0656435359,-0.4463947747,0.0034672456
2.266282,0.64063,-10.347906,0.018023,-0.0581939599,-0.3825412655,0.0055956959
2.267299,0.160278,-8.947212,-0.080449,-0.0432948077,-0.3282657826,0.0034672456
2.268348,-0.53143,-10.04143,-0.308617,-0.0273314304,-0.3335869084,0.0055956959
2.2694,-0.61309,-11.425363,-0.877834,0.0024668739,-0.3580640869,0.0077241462
2.270447,-0.541037,-8.614398,-0.913861,0.0397147543,-0.3814770403,0.0034672456
2.271465,-0.915712,-6.162585,-0.17652,0.0663203831,-0.4517159004,-0.0061107808
2.272516,-1.504144,-10.271287,0.519991,0.0758984095,-0.5560099655,-0.0018538802
2.273563,-1.343225,-13.134928,0.752962,0.0620634825,-0.6400837526,0.0119810468
2.274613,-0.257629,-9.320731,0.347064,0.0120449003,-0.6720105072,0.0024030204
2.275662,0.388445,-7.848206,1.108423,-0.0326525562,-0.6305057263,-0.0188814827
2.276679,0.008967,-10.453258,2.518257,-0.0518086089,-0.5623953164,-0.0178172575
2.277729,0.21792,-10.675932,1.420652,-0.0773500126,-0.5017344827,-0.007175006
2.278778,0.789539,-9.35904,0.342261,-0.0911849396,-0.4197891458,-0.0093034563
2.279827,0.268357,-9.119605,0.15012,-0.0837353635,-0.351678736,-0.0093034563
2.280844,-0.31287,-10.683115,-0.654471,-0.0773500126,-0.3474218354,-0.0018538802
2.281896,-0.334485,-11.724657,-1.096395,-0.0443590329,-0.3506145108,0.0013387952
2.282943,-0.476189,-8.992705,-1.478275,0.0088522248,-0.3548714115,-0.0018538802
2.283993,-0.77641,-6.710891,-1.002726,0.0482285555,-0.4123395698,-0.0061107808
2.28501,-1.093442,-9.72777,-0.344643,0.0801553101,-0.4996060324,0.0002745701
2.286059,-1.273574,-12.828451,0.003612,0.0876048862,-0.5677164422,0.0162379474
2.287109,-0.66833,-9.914529,0.464751,0.0471643304,-0.6070927729,0.0162379474
2.288158,0.037788,-7.81708,1.242921,0.0141733506,-0.6124138986,-0.0018538802
2.291275,0.474908,-7.759615,0.623267,-0.1124694427,-0.3676421133,-0.0156888072
2.290225,1.0081,-7.510603,0.363877,-0.0826711384,-0.4559728011,-0.0124961318
2.289207,0.105037,-10.82917,2.040307,-0.0241387549,-0.5581384158,-0.0061107808
2.292323,-0.284048,-11.935359,-0.015602,-0.1071483169,-0.3665778881,-0.0018538802
2.293372,-0.255227,-13.937035,-1.238099,-0.0699004365,-0.3718990139,0.0002745701
2.294393,-0.392128,-10.007909,-1.828932,-0.0134965034,-0.3580640869,-0.021009933
2.295439,-0.752392,-5.631039,-1.314955,0.0301367279,-0.4016973182,-0.0359090851
2.296488,-1.009381,-7.862572,-0.933075,0.0567423567,-0.476193079,-0.0188814827
2.297538,-1.215932,-12.538735,-0.644864,0.0758984095,-0.5219547606,0.0226232983
2.298555,-0.999773,-10.699875,0.921085,0.0578065819,-0.5645237667,0.0460362517
2.299604,-0.262432,-7.687785,2.006682,0.0386505291,-0.635826852,0.0290086492
2.300653,0.037788,-11.011141,2.770442,0.0418432046,-0.6805243085,-0.0007896551
2.301703,0.318794,-12.138879,2.143582,0.0003384236,-0.6294415011,-0.0124961318
2.302721,0.842378,-7.570462,0.769774,-0.0784142378,-0.5017344827,-0.0199457078
2.303772,0.318794,-6.040473,1.331787,-0.1263043697,-0.407018444,-0.0273952839
2.304819,-0.317673,-10.513116,0.844229,-0.1263043697,-0.4027615434,-0.0156888072
2.305868,0.078618,-14.078301,-1.254911,-0.0922491648,-0.3867981661,0.0002745701
2.306917,0.020975,-11.274519,-2.292472,-0.0422305825,-0.324008882,-0.0093034563
2.307935,-0.850864,-6.828214,-1.538319,0.0035310991,-0.3399722593,-0.0295237342
2.308984,-1.424885,-7.5968,-0.656872,0.0418432046,-0.4463947747,-0.0231383833
2.310033,-1.429689,-11.906627,-0.909057,0.0780268598,-0.525147436,0.0109168216
2.311083,-0.812436,-11.494799,-0.779362,0.0673846083,-0.531532787,0.0353940002
2.312101,-0.382521,-7.857784,0.923487,0.0258798273,-0.5474961643,0.0290086492
2.31315,-0.517019,-9.30397,2.960181,0.0205587015,-0.6177350244,0.006659921
2.314199,0.102635,-11.837191,2.352536,0.0131091254,-0.6400837526,-0.007175006
2.315248,1.04893,-9.679883,1.033968,-0.0369094568,-0.5411108133,-0.0167530324
2.316268,-0.267236,-7.862572,1.019558,-0.1082125421,-0.4283029471,-0.0284595091
2.317315,-0.185576,-12.33761,-0.416696,-0.0901207145,-0.4517159004,-0.0124961318
2.318364,0.186697,-13.065492,-2.362123,-0.0528728341,-0.3942477421,-0.0061107808
2.319413,-0.416145,-9.272844,-2.157974,-0.0124322782,-0.351678736,-0.0167530324
2.320462,-1.333618,-7.639898,-0.452723,0.0248156021,-0.4187249207,-0.0167530324
2.32148,-1.523358,-10.726213,-0.423901,0.0673846083,-0.5027987078,0.0087883713
2.322529,-1.033398,-11.882684,-0.796175,0.0769626347,-0.5134409594,0.0300728744
2.323578,-0.416145,-8.181021,-0.212546,0.023751377,-0.4953491317,0.020494848
2.324628,-0.493002,-7.857784,2.34533,-0.0017900267,-0.5294043367,0.0002745701
2.325647,-0.728374,-11.255364,3.51739,0.0184302512,-0.6017716471,-0.0050465557
2.326695,0.458096,-10.496356,1.146851,-0.0028542519,-0.6092212232,-0.0093034563
2.327744,1.351552,-7.738066,0.395099,-0.0486159335,-0.5198263103,-0.0231383833
2.328793,0.426873,-8.183415,0.846631,-0.0699004365,-0.4527801256,-0.0305879594
2.32981,-0.04147,-10.795649,0.212566,-0.0720288868,-0.4591654765,-0.0242026084
2.33086,0.311589,-11.985641,-1.086788,-0.0581939599,-0.4378809734,-0.0156888072
2.331909,0.016172,-9.921712,-1.831334,-0.0337167813,-0.3846697158,-0.0082392311
2.332959,-0.906105,-8.657496,-0.625649,-0.0049827022,-0.3985046428,0.0002745701
2.334008,-1.45851,-11.367899,-0.015602,0.0301367279,-0.4666150526,0.0130452719
2.335025,-0.83165,-11.580996,-0.407089,0.0407789794,-0.4847068802,0.0247517486
2.336074,-0.365708,-7.87215,0.169334,0.0194944764,-0.4517159004,0.0183663977
2.337124,-1.153486,-8.468343,1.807336,0.0109806751,-0.4719361784,0.0055956959
2.338173,-1.326413,-10.766917,2.424588,0.00991645,-0.5560099655,0.0024030204
2.339191,-0.024658,-8.755664,1.033968,-0.0124322782,-0.5996431968,-0.0082392311
2.34024,0.683862,-8.305527,0.279815,-0.0401021322,-0.5677164422,-0.0284595091
2.341289,0.263553,-10.953676,0.719337,-0.0581939599,-0.5283401115,-0.0369733103
2.342338,0.213116,-8.693411,-0.755345,-0.0337167813,-0.5017344827,-0.0284595091
2.343356,-0.079899,-8.803551,-1.197269,-0.031588331,-0.490028006,-0.0156888072
2.344405,-0.19038,-11.51156,-0.918664,-0.0294598807,-0.4687435029,0.0087883713
2.345454,-0.348896,-12.13409,-0.301412,-0.0145607286,-0.4357525231,0.0226232983
2.346504,-0.807633,-9.801995,0.486366,-0.0071111525,-0.4389451986,0.0173021725
2.347553,-0.73558,-8.767636,0.57283,-0.0017900267,-0.4612939268,0.0098525965
2.34857,-0.620295,-9.143549,0.356671,0.0056595494,-0.4527801256,0.0109168216
2.34962,-1.009381,-9.258478,1.096414,0.0024668739,-0.4676792777,0.0109168216
2.350669,-0.783615,-8.370174,1.319778,-0.0060469273,-0.525147436,0.0002745701
2.351718,-0.296057,-8.963973,0.402305,-0.0124322782,-0.5655879919,-0.0156888072
2.352735,-0.322477,-11.815642,0.452742,-0.0156249537,-0.5794229189,-0.0252668336
2.353785,0.097832,-10.92255,0.054049,-0.0241387549,-0.5751660183,-0.0316521845
2.354834,0.546961,-7.419618,-0.534382,-0.0379736819,-0.5474961643,-0.0359090851
2.355884,0.251545,-8.501863,0.018023,-0.045423258,-0.5102482839,-0.0252668336
2.356902,0.141064,-12.177189,-0.236564,-0.0390379071,-0.4602297017,0.0034672456
2.35795,0.172286,-12.330427,-0.447919,-0.0188176292,-0.4059542188,0.020494848
2.359,-0.199987,-9.861853,-0.056432,-0.0145607286,-0.3942477421,0.0119810468
2.360049,-0.459377,-8.691017,0.279815,-0.0134965034,-0.4123395698,0.0055956959
2.361098,-0.689946,-9.387772,0.323047,0.0035310991,-0.4197891458,0.0109168216
2.362116,-1.004577,-9.517067,0.301431,0.00991645,-0.4463947747,0.0130452719
2.363165,-0.822043,-8.032571,0.589642,0.0014026488,-0.5017344827,0.0077241462
2.364214,-0.723571,-8.590454,0.70973,0.0003384236,-0.5549457403,-0.0039823305
2.365266,-0.930122,-11.734234,1.065191,0.0056595494,-0.608156998,-0.0135603569
2.366281,-0.452172,-11.633671,0.512786,-0.0060469273,-0.6315699514,-0.0199457078
2.36733,0.21792,-8.006233,-0.351849,-0.0305241059,-0.5921936207,-0.0295237342
2.36838,0.167483,-11.020718,0.815408,-0.059258185,-0.4932206814,-0.0093034563
2.369429,0.578184,-12.330427,-0.034816,-0.0464874832,-0.4336240728,0.0087883713
2.370446,0.551765,-10.199457,-0.563204,-0.0390379071,-0.3644494378,0.006659921
2.371495,-0.308066,-8.889748,-0.051628,-0.0337167813,-0.3421007096,0.0013387952
2.372545,-0.970952,-10.335934,-0.090056,-0.0145607286,-0.365513663,0.0055956959
2.373594,-0.87248,-10.122837,-0.654471,0.0141733506,-0.3942477421,0.0130452719
2.374612,-0.713964,-7.101169,-0.378268,0.0333294034,-0.4368167483,0.0055956959
2.375661,-1.079032,-7.584828,0.195753,0.0418432046,-0.51769786,-0.0050465557
2.37671,-1.312003,-12.162822,0.949907,0.0492927807,-0.6092212232,-0.0018538802
2.377759,-0.656321,-12.387891,0.897068,0.0312009531,-0.6603040306,0.0002745701
2.378808,0.287571,-8.125951,0.19095,-0.0220103046,-0.6400837526,-0.0156888072
2.379826,0.328401,-7.879333,1.483098,-0.059258185,-0.5772944686,-0.0252668336
2.380875,-0.051077,-10.793255,2.280483,-0.0709646617,-0.531532787,-0.0114319066
2.381924,0.460498,-11.154802,0.949907,-0.0826711384,-0.4932206814,0.0024030204
2.382974,0.878405,-9.615236,0.037237,-0.0826711384,-0.4219175961,0.0002745701
2.383991,0.198706,-9.268055,-0.431107,-0.0784142378,-0.3612567624,-0.0018538802
2.38504,-0.40894,-10.845931,-0.546391,-0.0667077611,-0.3548714115,0.0034672456
2.386089,-0.425752,-11.080577,-0.937879,-0.0283956555,-0.3633852127,0.0087883713
2.387141,-0.512216,-8.011022,-1.281331,0.0152375758,-0.3867981661,0.0024030204
2.388156,-0.999773,-6.945537,-0.500758,0.0450358801,-0.4634223771,-0.0050465557
2.389206,-1.496938,-10.82917,0.339859,0.0705772837,-0.5687806673,0.0055956959
2.390255,-1.263967,-12.419018,0.560821,0.0684488334,-0.6549829048,0.0194306229
2.391304,-0.211995,-9.004677,0.263003,0.0163018009,-0.6805243085,0.0087883713
2.392353,0.294776,-8.276795,1.552749,-0.0273314304,-0.6443406533,-0.0093034563
2.393371,-0.084702,-10.872269,2.763237,-0.0443590329,-0.594322071,-0.0082392311
2.39442,0.888012,-8.600032,0.483965,-0.1028914163,-0.4293671722,-0.0050465557
2.395469,0.141064,-8.837072,0.085272,-0.1092767672,-0.3591283121,-0.0103676814
2.396521,-0.365708,-11.470856,-0.774559,-0.1028914163,-0.3623209875,-0.0039823305
2.397536,-0.288852,-12.155639,-1.545524,-0.0635150856,-0.3612567624,-0.0029181054
2.398585,-0.476189,-8.523413,-1.800111,-0.0081753776,-0.3623209875,-0.0114319066
2.399634,-0.903703,-6.150613,-0.805782,0.0333294034,-0.4325598477,-0.0124961318
2.400684,-1.350431,-9.885797,-0.224555,0.072705734,-0.5411108133,0.0055956959
2.401701,-1.319208,-13.364785,-0.284599,0.079091085,-0.6156065741,0.0311370995
2.40275,-0.332084,-9.46918,0.250994,0.0280082776,-0.6283772759,0.0332655499
2.4038,0.191501,-7.460322,1.780916,0.0014026488,-0.6209276999,0.0077241462
2.404849,-0.375315,-11.446912,3.368481,0.0077879997,-0.6241203753,-0.0082392311
2.405901,0.141064,-10.7741,1.939433,-0.0326525562,-0.5826155943,-0.007175006
2.406916,1.140197,-6.921593,0.332654,-0.0911849396,-0.4687435029,-0.0124961318
2.407965,0.546961,-8.176232,0.702525,-0.1188547936,-0.3825412655,-0.0135603569
2.409016,-0.332084,-12.459722,0.08287,-0.114597893,-0.3867981661,-0.0007896551
2.410064,-0.416145,-13.034365,-1.146832,-0.0741573372,-0.4006330931,0.0034672456
2.411081,-0.543439,-8.58806,-1.732862,-0.0209460795,-0.4006330931,-0.0114319066
2.41213,-0.937328,-6.184134,-1.34858,0.0120449003,-0.4421378741,-0.021009933
2.413179,-1.297592,-9.914529,-0.596828,0.0429074297,-0.5027987078,0.0024030204
2.414229,-1.434492,-12.950563,-0.123681,0.0673846083,-0.5411108133,0.0375224505
2.415246,-0.862873,-9.974388,0.414314,0.0397147543,-0.573037568,0.0385866756
2.416296,-0.14955,-7.757221,1.360608,-0.0007258016,-0.6049643226,0.0109168216
2.417345,-0.185576,-10.405371,2.655158,-0.0081753776,-0.6156065741,-0.0103676814
2.418396,0.030582,-10.958465,2.174805,-0.0358452316,-0.5890009453,-0.0135603569
2.419444,0.717486,-7.733278,0.827417,-0.0858638138,-0.5091840587,-0.0135603569
2.420461,-0.024658,-10.599313,-0.133288,-0.1028914163,-0.4410736489,-0.0039823305
2.42151,0.189099,-14.095062,-1.987449,-0.0826711384,-0.4325598477,0.0002745701
2.42256,0.107439,-11.367899,-1.970636,-0.0305241059,-0.3782843648,-0.0082392311
2.423609,-0.807633,-6.777932,-1.30775,0.0163018009,-0.3889266164,-0.0188814827
2.424626,-1.328815,-8.489892,-0.815389,0.0429074297,-0.4591654765,-0.007175006
2.425675,-1.211129,-12.002401,-0.659274,0.0599350322,-0.4847068802,0.0236875235
2.426725,-0.949336,-9.998331,0.1237,0.0429074297,-0.4921564563,0.0396509008
2.427776,-0.713964,-7.922431,2.141181,0.0173660261,-0.5581384158,0.0268801989
2.428791,-0.497805,-10.38861,3.190751,0.023751377,-0.6464691036,0.0098525965
2.429841,0.174688,-11.255364,1.898603,0.0014026488,-0.6592398054,-0.0007896551
2.430892,0.90002,-8.377357,0.435929,-0.0688362114,-0.5698448925,-0.0146245821
2.431939,0.578184,-7.113141,1.048379,-0.1188547936,-0.476193079,-0.0220741581
2.432957,-0.091907,-9.521856,1.36301,-0.1156621181,-0.4676792777,-0.0135603569
2.434006,0.109841,-12.1724,-0.611239,-0.0879922642,-0.4719361784,-0.0018538802
2.435055,0.347615,-11.51156,-2.314088,-0.0550012844,-0.4155322452,-0.0007896551
2.436104,-0.468984,-8.995099,-1.728058,-0.0156249537,-0.3782843648,-0.007175006
2.437154,-1.451305,-9.30397,-0.596828,0.0258798273,-0.4336240728,-0.0029181054
2.438171,-1.328815,-11.463673,-0.555998,0.0609992574,-0.5006702575,0.0173021725
2.43922,-0.622697,-10.180302,-0.628051,0.058870807,-0.4985418072,0.0279444241
2.440272,-0.603483,-8.212147,0.344662,0.0216229267,-0.483642655,0.0183663977
2.441319,-1.004577,-9.615236,2.338125,0.0045953242,-0.5272758863,0.006659921
2.442337,-0.569858,-10.0965,2.736818,0.0003384236,-0.5953862962,0.0024030204
2.443386,0.604604,-8.597637,0.880255,-0.0252029801,-0.608156998,-0.0114319066
2.445484,0.42207,-9.93129,0.755364,-0.0837353635,-0.4815142047,-0.0295237342
2.444435,1.068144,-8.504258,0.195753,-0.0656435359,-0.5421750385,-0.0284595091
2.446502,0.100234,-10.678326,-1.533516,-0.0464874832,-0.4314956225,-0.0146245821
2.447551,-0.344092,-9.315942,-1.629586,-0.0337167813,-0.3942477421,-0.0061107808
2.4486,-1.018988,-9.878614,-0.555998,-0.0124322782,-0.4006330931,0.0055956959
2.449651,-1.302396,-11.458884,0.258199,0.0194944764,-0.4368167483,0.0162379474
2.450699,-0.949336,-10.146781,0.339859,0.0312009531,-0.4527801256,0.020494848
2.451716,-0.579465,-8.106796,0.284618,0.0141733506,-0.4240460464,0.0141094971
2.452768,-1.182307,-9.483546,1.58157,0.00991645,-0.420853371,0.0055956959
2.453815,-1.348029,-10.137204,2.141181,0.0014026488,-0.483642655,-0.0018538802
2.454864,-0.228808,-8.075669,0.894666,-0.0198818543,-0.5230189857,-0.0146245821
2.455881,0.165081,-9.318336,0.411912,-0.0305241059,-0.4996060324,-0.0316521845
2.456931,-0.099113,-11.604939,0.337457,-0.0443590329,-0.4740646287,-0.0391017606
2.45798,0.301982,-9.46918,-0.037218,-0.0432948077,-0.4538443507,-0.0401659857
2.459029,0.417266,-7.958346,-0.712113,-0.0379736819,-0.4176606955,-0.0359090851
2.460047,0.008967,-10.357484,-1.134823,-0.0486159335,-0.3846697158,-0.0135603569
2.461096,-0.127934,-12.131696,-0.644864,-0.0422305825,-0.3591283121,0.0119810468
2.462148,-0.377717,-11.140436,-0.164511,-0.0156249537,-0.3452933851,0.0130452719
2.463194,-0.651518,-9.620024,0.23178,-0.0007258016,-0.3559356366,0.0055956959
2.464243,-0.596277,-9.110028,0.359073,0.0109806751,-0.3506145108,0.0087883713
2.465261,-0.867677,-9.234534,0.452742,0.0184302512,-0.3335869084,0.0098525965
2.46631,-1.052612,-8.525807,0.733748,0.0024668739,-0.3484860605,0.0034672456
2.467359,-0.747588,-7.915248,0.839425,-0.0134965034,-0.3889266164,-0.0114319066
2.468409,-0.862873,-10.376638,1.048379,-0.0113680531,-0.4368167483,-0.0231383833
2.469426,-0.778811,-12.378314,0.820211,-0.0092396028,-0.4857711054,-0.0305879594
2.470475,0.102635,-9.658334,-0.130886,-0.017753404,-0.4942849066,-0.0433586612
2.471526,0.453293,-7.146662,-0.308617,-0.031588331,-0.4463947747,-0.0476155618
2.472574,0.261152,-12.222681,-0.037218,-0.0475517083,-0.3474218354,0.0002745701
2.473591,0.494123,-11.801276,-0.495954,-0.0422305825,-0.2910179022,0.006659921
2.474643,0.011368,-9.466786,-0.21735,-0.0369094568,-0.2495131212,-0.0082392311
2.475689,-0.54584,-9.299182,0.102084,-0.0262672052,-0.2452562206,-0.0146245821
2.476739,-0.77641,-10.441286,0.008416,0.0045953242,-0.254834247,-0.0039823305
2.477788,-0.886891,-9.059747,-0.4215,0.0301367279,-0.2814398759,0.0002745701
2.478805,-0.870078,-6.67737,-0.219752,0.0312009531,-0.3495502857,-0.0093034563
2.479855,-0.982961,-8.932846,0.728944,0.0322651782,-0.4368167483,-0.0146245821
2.480904,-1.115058,-13.024788,1.387027,0.0386505291,-0.5145051845,-0.0093034563
2.481953,-0.425752,-11.427757,0.87305,0.0131091254,-0.5560099655,-0.0146245821
2.482971,0.568577,-7.568067,0.049246,-0.0369094568,-0.5155694097,-0.0316521845
2.484022,0.424471,-8.523413,1.03637,-0.0720288868,-0.4261744968,-0.0337806348
2.485069,-0.019855,-11.442124,1.824148,-0.0773500126,-0.3708347888,-0.0156888072
2.486119,0.474908,-11.035084,0.49117,-0.0741573372,-0.3208162065,-0.0050465557
2.487136,0.650237,-9.033409,-0.628051,-0.0667077611,-0.24099932,-0.0114319066
2.488185,-0.120729,-9.325519,-0.510365,-0.0581939599,-0.1973660887,-0.0146245821
2.489235,-0.764401,-11.540292,-0.507963,-0.0347810065,-0.2165221415,-0.0093034563
2.490284,-0.70916,-10.247344,-0.726523,0.0131091254,-0.2558984722,-0.0029181054
2.491333,-0.670732,-6.248781,-0.611239,0.0556781316,-0.3208162065,-0.0114319066
2.493402,-1.299994,-13.450982,0.339859,0.0684488334,-0.4953491317,-0.0018538802
2.492351,-1.146281,-8.537779,-0.311019,0.072705734,-0.4165964704,-0.0167530324
2.494449,-0.562653,-10.948888,0.217369,0.0248156021,-0.5272758863,0.0013387952
2.495498,0.277964,-7.153845,0.692918,-0.0252029801,-0.5081198336,-0.0167530324
2.496518,0.076216,-9.093268,2.676774,-0.0283956555,-0.4570370262,-0.0252668336
2.497565,-0.0823,-11.281702,1.968254,-0.0379736819,-0.4134037949,-0.0156888072
2.498614,0.782334,-8.815523,0.049246,-0.0879922642,-0.2346139691,-0.0242026084
2.499663,-0.36811,-9.488335,-0.09486,-0.0879922642,-0.2122652409,-0.0199457078
2.500681,-0.742785,-11.358321,-0.344643,-0.0677719862,-0.254834247,-0.0050465557
2.50173,-0.471386,-10.474807,-1.346178,-0.0198818543,-0.2665407237,0.0024030204
2.502779,-0.579465,-7.759615,-1.461463,0.0205587015,-0.2835683262,-0.0050465557
2.503828,-1.124665,-8.346231,-0.159708,0.0556781316,-0.3591283121,-0.0093034563
2.504846,-1.379252,-11.976063,0.267806,0.0833479856,-0.4527801256,0.0013387952
2.505898,-0.70916,-11.425363,0.253395,0.0599350322,-0.4953491317,0.0098525965
2.506944,0.133858,-7.946375,0.544009,0.00991645,-0.4730004035,-0.0018538802
2.507993,-0.125532,-8.889748,2.54948,-0.0081753776,-0.4400094237,-0.0156888072
2.509042,-0.365708,-10.946493,3.017824,-0.0241387549,-0.4336240728,-0.0114319066
2.51006,0.767923,-9.83791,0.933094,-0.0603224102,-0.3804128151,-0.0114319066
2.511109,1.012903,-8.348625,0.539205,-0.0805426881,-0.2739902998,-0.021009933
2.512159,-0.260031,-8.925663,0.443135,-0.0858638138,-0.2441919955,-0.0199457078
2.513208,-0.44977,-11.729445,-0.837005,-0.0826711384,-0.2739902998,-0.0093034563
2.514225,0.04019,-12.196343,-2.206009,-0.0539370592,-0.2367424194,-0.0082392311
2.515277,-0.476189,-8.360597,-1.90819,-0.0156249537,-0.2090725654,-0.0167530324
2.516324,-1.29519,-7.175394,-0.361456,0.0226871518,-0.2899536771,-0.0156888072
2.517373,-1.501742,-10.855508,-0.118878,0.0716415089,-0.4080826691,0.006659921
2.518393,-0.992568,-11.535503,-0.534382,0.0737699592,-0.4719361784,0.0268801989
2.51944,-0.262432,-8.283978,0.596847,0.0290725027,-0.4910922311,0.0215590732
2.520489,-0.24562,-9.318336,2.93136,0.0258798273,-0.5134409594,0.0055956959
2.521538,-0.173567,-11.791698,2.727211,0.0205587015,-0.5208905354,-0.0050465557
2.522587,0.707879,-9.349463,0.784185,-0.0432948077,-0.4400094237,-0.0146245821
2.523605,0.765522,-6.658215,0.834622,-0.1028914163,-0.3112381802,-0.0252668336
2.524654,-0.168764,-12.598594,-0.147699,-0.0911849396,-0.3091097298,-0.0093034563
2.525703,0.201108,-12.770987,-1.93461,-0.0486159335,-0.2782472004,-0.007175006
2.526753,-0.28645,-8.8251,-2.210812,-0.0049827022,-0.2324855188,-0.0188814827
2.527773,-1.227941,-7.295112,-0.688095,0.0312009531,-0.2835683262,-0.0188814827
2.528819,-1.441698,-10.307202,-0.628051,0.0716415089,-0.3718990139,0.0045314707
2.529869,-0.925319,-11.580996,-1.060368,0.0833479856,-0.3974404176,0.0268801989
2.530918,-0.478591,-8.54975,0.118897,0.0407789794,-0.4016973182,0.0247517486
2.531935,-0.581867,-8.47792,2.364544,0.0184302512,-0.4612939268,0.0087883713
2.532984,-0.444966,-11.482827,3.145117,0.0280082776,-0.5325970121,0.0013387952
2.534034,0.652639,-10.711847,1.24052,-0.0071111525,-0.5102482839,-0.0050465557
2.535083,1.108974,-7.316661,0.743355,-0.0720288868,-0.393183517,-0.0199457078
2.536132,0.179492,-7.208915,1.463884,-0.0965060654,-0.3176235311,-0.0263310588
2.537152,-0.171166,-11.015929,0.399903,-0.0816069132,-0.3282657826,-0.0124961318
2.538199,0.325999,-12.838029,-1.656005,-0.0539370592,-0.3027243789,-0.0007896551
2.539249,0.011368,-10.125232,-2.537452,-0.0220103046,-0.2378066446,-0.0050465557
2.540298,-1.079032,-8.075669,-1.22609,0.0120449003,-0.2516415716,-0.0103676814
2.542364,-1.309601,-12.002401,-0.647265,0.086540661,-0.3782843648,0.0279444241
2.543414,-0.622697,-8.971156,-0.709711,0.051421231,-0.3633852127,0.0236875235
2.544463,-0.577063,-7.184972,1.451875,0.0109806751,-0.3740274642,0.0098525965
2.541315,-1.66266,-10.237766,-0.152502,0.0556781316,-0.3357153587,0.006659921
2.54548,-0.966149,-10.323963,3.253196,0.0280082776,-0.4421378741,0.0055956959
2.54653,-0.219201,-10.936916,1.953843,0.0248156021,-0.4985418072,0.0024030204
2.547579,1.065742,-8.228908,0.512786,-0.0188176292,-0.4666150526,-0.0146245821
2.548628,0.907226,-8.389329,0.342261,-0.0507443838,-0.37934859,-0.0284595091
2.549678,0.020975,-10.963254,0.570428,-0.059258185,-0.3399722593,-0.0263310588
2.550695,-0.055881,-9.13876,-1.610372,-0.0252029801,-0.3399722593,-0.0061107808
2.551744,-0.360905,-8.734115,-1.725657,-0.0188176292,-0.3091097298,0.0055956959
2.552793,-1.11746,-11.296068,-0.020405,0.0045953242,-0.3133666305,0.0226232983
2.553843,-1.129469,-12.131696,0.62807,0.037586304,-0.3559356366,0.0311370995
2.55486,-0.27204,-9.229745,-0.106869,0.037586304,-0.3569998618,0.0236875235
2.55591,-0.423351,-7.805108,0.426322,0.0205587015,-0.3229446568,0.0130452719
2.556959,-1.319208,-9.797206,2.206028,0.0184302512,-0.3580640869,0.0119810468
2.558008,-0.65392,-9.643968,1.689649,0.0088522248,-0.4325598477,0.0109168216
2.559028,0.458096,-8.511441,0.243788,-0.0081753776,-0.4400094237,-0.0029181054
2.560075,0.076216,-10.04143,0.575232,-0.0166891789,-0.4123395698,-0.0188814827
2.561124,-0.103916,-10.103683,0.397501,-0.031588331,-0.4229818213,-0.0252668336
2.562173,0.582988,-9.145943,-0.469535,-0.0358452316,-0.4251102716,-0.021009933
2.563191,0.602202,-10.221006,-0.959494,-0.0283956555,-0.3676421133,-0.007175006
2.56424,-0.130336,-11.068605,-1.101198,-0.0262672052,-0.3059170544,0.0119810468
2.565289,-0.725973,-10.776495,-0.145297,-0.0092396028,-0.3027243789,0.0215590732
2.566338,-0.805231,-10.505933,0.263003,0.0258798273,-0.3335869084,0.0236875235
2.567388,-0.596277,-10.108471,-0.046825,0.0407789794,-0.3399722593,0.0247517486
2.568405,-0.416145,-8.674257,0.1237,0.0216229267,-0.3144308556,0.0226232983
2.569454,-0.716366,-8.20257,0.841827,0.0077879997,-0.3144308556,0.0173021725
2.570503,-1.023791,-9.19383,1.71847,0.0077879997,-0.3782843648,0.0109168216
2.571553,-0.579465,-9.790023,1.050781,0.0024668739,-0.4549085759,0.0013387952
2.57257,-0.216799,-10.836353,0.570428,0.0014026488,-0.4868353305,-0.0114319066
2.573619,-0.151951,-10.283259,0.387894,0.0003384236,-0.4910922311,-0.0231383833
2.574669,0.179492,-7.869755,-0.359054,-0.0209460795,-0.483642655,-0.0295237342
2.576735,0.237134,-11.727051,-0.284599,-0.0262672052,-0.310173955,0.0236875235
2.577785,-0.111121,-10.084528,0.078067,-0.0166891789,-0.2995317035,0.0151737222
2.578834,-0.40894,-9.581715,0.202958,-0.003918477,-0.2995317035,0.0130452719
2.575718,0.448489,-8.870593,0.003612,-0.0390379071,-0.4389451986,-0.0167530324
2.579883,-0.6275,-9.869036,0.349466,0.0205587015,-0.282504101,0.0194306229
2.580932,-0.884489,-9.35904,-0.061235,0.0290725027,-0.2793114255,0.0226232983
2.58195,-0.826847,-7.342999,0.022826,0.0205587015,-0.3144308556,0.0162379474
2.582999,-0.982961,-7.83384,0.392698,0.0226871518,-0.3846697158,0.0045314707
2.584048,-1.266369,-12.148456,0.743355,0.0280082776,-0.4772573041,0.0002745701
2.585097,-0.591474,-12.780564,0.580035,0.0248156021,-0.5347254624,-0.0029181054
2.586115,0.244339,-8.401301,-0.277394,0.0067237745,-0.5145051845,-0.0178172575
2.587164,0.232331,-7.28314,0.392698,-0.0252029801,-0.4538443507,-0.0252668336
2.588213,0.201108,-10.125232,1.331787,-0.0390379071,-0.3953119673,-0.0039823305
2.589263,0.775129,-11.23621,0.507982,-0.0337167813,-0.3325226832,0.0183663977
2.59028,0.868797,-10.460441,-0.467133,-0.0369094568,-0.2601553728,0.0194306229
2.591329,0.141064,-10.024669,-0.150101,-0.0401021322,-0.2165221415,0.0141094971
2.592378,-0.579465,-10.580158,-0.034816,-0.0262672052,-0.2250359427,0.0109168216
2.593428,-0.894096,-10.740579,-0.620846,0.0088522248,-0.2558984722,0.0141094971
2.594477,-0.838855,-7.984684,-0.433508,0.0439716549,-0.2920821274,0.0151737222
2.595495,-1.071826,-6.586385,-0.234162,0.0663203831,-0.3591283121,0.0098525965
2.596544,-1.49934,-10.640017,0.54641,0.0705772837,-0.4474589998,0.0119810468
2.597593,-1.23995,-12.452539,1.317376,0.058870807,-0.5262116612,0.0162379474
2.598645,-0.240817,-9.110028,0.512786,0.0226871518,-0.5655879919,0.0024030204
2.59966,0.345213,-8.25764,1.238118,-0.0209460795,-0.5283401115,-0.0124961318
2.600709,0.011368,-10.374244,2.400571,-0.0411663574,-0.462358152,-0.007175006
2.601758,0.229929,-10.778889,1.310171,-0.0645793108,-0.4123395698,0.0045314707
2.602808,0.446087,-9.50749,-0.243769,-0.0794784629,-0.2505773464,-0.0007896551
2.603825,-0.305664,-10.158753,-0.51757,-0.0667077611,-0.2250359427,0.0055956959
2.604874,-0.509814,-11.023113,-0.909057,-0.0347810065,-0.2399350949,0.0098525965
2.605923,-0.425752,-9.217774,-1.543123,0.0141733506,-0.2590911476,0.0098525965
2.606973,-0.670732,-7.149056,-1.101198,0.0535496813,-0.3165593059,0.0077241462
2.608024,-1.155888,-9.6727,-0.311019,0.0844122107,-0.4155322452,0.0119810468
2.60904,-1.177504,-12.313666,-0.097262,0.0897333365,-0.4953491317,0.0247517486
2.610088,-0.406538,-9.517067,-0.042021,0.0482285555,-0.5187620851,0.0236875235
2.611138,0.011368,-8.137922,1.331787,0.0141733506,-0.5017344827,0.0087883713
2.612187,-0.44977,-11.044662,3.303633,0.0067237745,-0.4878995557,0.0045314707
2.613205,0.114644,-10.965648,2.061922,-0.0283956555,-0.4581012514,0.0087883713
2.614254,1.101768,-8.195387,0.440733,-0.0773500126,-0.3559356366,0.0002745701
2.615303,0.400454,-8.082852,0.700123,-0.0986345157,-0.2644122734,-0.007175006
2.616352,-0.493002,-11.097337,0.159727,-0.0922491648,-0.2697333992,0.0002745701
2.617369,-0.334485,-12.605777,-0.961896,-0.0571297347,-0.2761187501,0.0045314707
2.618419,-0.31287,-9.758896,-1.862557,-0.0081753776,-0.2527057967,-0.0029181054
2.619468,-0.795624,-6.979058,-1.295741,0.0312009531,-0.2910179022,-0.0093034563
2.62052,-1.163093,-8.880171,-0.683292,0.0641919328,-0.3814770403,0.0045314707
2.621567,-1.182307,-11.894655,-0.68089,0.0833479856,-0.448523225,0.0258159738
2.622584,-0.769204,-10.115654,0.419117,0.0599350322,-0.483642655,0.0311370995
2.623633,-0.248022,-8.157077,1.463884,0.0322651782,-0.51769786,0.0173021725
2.624682,-0.305664,-11.133253,2.736818,0.0343936285,-0.545367714,0.0045314707
2.625732,-0.043872,-11.643249,2.34533,0.0035310991,-0.51769786,0.0034672456
2.626749,0.784736,-7.333421,0.649686,-0.0667077611,-0.4144680201,-0.0061107808
2.627798,0.527747,-6.313429,0.942701,-0.1082125421,-0.3133666305,-0.0124961318
2.628847,0.160278,-13.992105,-1.288536,-0.0826711384,-0.2878252268,0.0087883713
2.629899,0.196304,-11.264942,-1.925003,-0.0326525562,-0.2367424194,-0.0007896551
2.630914,-0.656321,-6.73244,-1.473471,0.0152375758,-0.24099932,-0.0146245821
2.631963,-1.54017,-8.47792,-0.887442,0.0535496813,-0.3218804317,-0.0061107808
2.633012,-1.602616,-12.2993,-1.036351,0.0801553101,-0.3825412655,0.0236875235
2.634061,-0.925319,-9.639179,-0.438312,0.058870807,-0.407018444,0.0407151259
2.635079,-0.497805,-7.000607,1.67764,0.037586304,-0.4559728011,0.0311370995
2.636128,-0.565055,-11.073394,3.342062,0.0556781316,-0.5230189857,0.0194306229
2.637178,0.124251,-12.902676,2.441401,0.037586304,-0.5294043367,0.0151737222
2.638227,1.200241,-8.489892,0.740953,-0.0379736819,-0.4325598477,-0.007175006
2.639278,0.671853,-5.712447,0.923487,-0.1114052175,-0.3165593059,-0.0327164097
2.640293,-0.548242,-8.370174,1.737685,-0.1241759194,-0.3091097298,-0.0263310588
2.641342,-0.305664,-12.565073,0.114093,-0.0890564893,-0.3463576102,0.0002745701
2.642394,0.441284,-12.864367,-2.56147,-0.0528728341,-0.2952748029,0.0119810468
2.643441,-0.099113,-8.925663,-2.232428,-0.0188176292,-0.2388708697,0.0013387952
2.644458,-1.319208,-7.869755,-0.812987,0.0184302512,-0.3005959286,-0.0061107808
2.645507,-1.617026,-11.834797,-0.692899,0.0631277077,-0.3974404176,0.0109168216
2.646557,-0.829248,-11.499588,-1.149234,0.072705734,-0.4091468943,0.0311370995
2.647606,-0.399333,-6.73244,-0.440714,0.0280082776,-0.3825412655,0.0258159738
2.648623,-0.908507,-8.140317,2.724809,0.0184302512,-0.4272387219,0.0119810468
2.649672,-0.862873,-12.215498,3.459748,0.0418432046,-0.5145051845,0.0109168216
2.650722,0.566175,-10.163541,0.971522,0.0120449003,-0.5240832109,0.0013387952
2.651773,1.401989,-7.07962,0.438331,-0.045423258,-0.4378809734,-0.0242026084
2.65282,0.549363,-8.664679,0.882657,-0.0773500126,-0.3644494378,-0.03484486
2.653838,-0.202388,-11.863529,0.35427,-0.0773500126,-0.351678736,-0.0242026084
2.654887,-0.087104,-8.401301,-1.795308,-0.0347810065,-0.3027243789,0.0013387952
2.655936,-0.908507,-9.071718,-0.990717,-0.0220103046,-0.3154950808,0.0055956959
2.656985,-1.355234,-12.031133,0.238985,0.0109806751,-0.3729632391,0.0173021725
2.658003,-0.754794,-11.147619,0.263003,0.0397147543,-0.4006330931,0.0247517486
2.659052,-0.348896,-8.561722,0.186146,0.0343936285,-0.3846697158,0.0194306229
2.660101,-0.706758,-8.803551,1.166065,0.0163018009,-0.3846697158,0.0109168216
2.661153,-0.853266,-9.742136,2.234849,0.00991645,-0.434688298,0.0055956959
2.662168,0.037788,-8.767636,1.043575,-0.0103038279,-0.4698077281,-0.0093034563
2.663217,0.791941,-8.580877,0.106888,-0.0401021322,-0.434688298,-0.0295237342
2.664269,0.321196,-10.256921,0.813006,-0.0475517083,-0.3942477421,-0.0337806348
2.665316,0.059404,-10.915367,0.061255,-0.0401021322,-0.3942477421,-0.0242026084
2.666365,0.246741,-9.835516,-1.057967,-0.0241387549,-0.393183517,-0.0188814827
2.667382,-0.142344,-9.30397,-1.374999,-0.0145607286,-0.3804128151,-0.0103676814
2.668431,-0.553046,-10.644805,-0.945084,-0.0092396028,-0.3644494378,0.0087883713
2.669481,-0.819641,-11.794093,0.025228,0.0077879997,-0.3474218354,0.0194306229
2.67053,-0.946935,-10.613679,0.342261,0.0120449003,-0.3442291599,0.0173021725
2.671547,-0.524225,-8.166655,0.296627,-0.0092396028,-0.3218804317,0.0109168216
2.672596,-0.73558,-8.068486,0.877854,-0.0113680531,-0.3048528292,0.006659921
2.673648,-1.352833,-10.0965,1.742488,-0.0007258016,-0.3687063385,0.0034672456
2.674695,-0.656321,-9.421293,1.226109,-0.0017900267,-0.4549085759,-0.0029181054
2.675712,0.001761,-9.203408,0.275011,-0.0028542519,-0.4857711054,-0.0199457078
2.676762,-0.243218,-11.554658,0.524795,-0.0081753776,-0.4825784299,-0.0327164097
2.677811,0.004163,-10.271287,0.258199,-0.0209460795,-0.4602297017,-0.0316521845
2.67886,0.38124,-7.06286,-0.474338,-0.0358452316,-0.4187249207,-0.0295237342
2.679909,0.157876,-8.087641,-0.080449,-0.0518086089,-0.3867981661,-0.0167530324
2.680927,0.270759,-13.599432,-0.431107,-0.0294598807,-0.2984674783,0.0183663977
2.681976,-0.120729,-10.678326,-0.061235,-0.0188176292,-0.2654764986,0.0087883713
2.683027,-0.577063,-8.286372,0.299029,-0.0113680531,-0.2814398759,-0.0007896551
2.684074,-0.87248,-9.129183,0.066058,0.0152375758,-0.3048528292,-0.0007896551
2.685091,-0.978158,-8.820312,-0.190931,0.0216229267,-0.3325226832,0.0045314707
2.686143,-0.646714,-6.73244,0.258199,0.0024668739,-0.3782843648,0.0024030204
2.68719,-0.740383,-9.34228,0.880255,0.0077879997,-0.4421378741,-0.0050465557
2.688239,-1.004577,-13.829289,1.283751,0.0258798273,-0.5219547606,-0.0093034563
2.689256,-0.065488,-11.30804,0.289422,0.0109806751,-0.566652217,-0.0220741581
2.690306,0.835173,-6.514554,-0.731327,-0.0358452316,-0.5145051845,-0.0412302109
2.691355,0.268357,-7.965529,0.880255,-0.0645793108,-0.434688298,-0.0359090851
2.692403,-0.132737,-12.112541,1.439866,-0.059258185,-0.3953119673,-0.0061107808
2.693422,0.568577,-12.28254,-0.109271,-0.0464874832,-0.3399722593,0.0119810468
2.69447,0.623818,-9.251295,-0.58482,-0.0432948077,-0.2633480482,0.0045314707
2.695522,-0.296057,-8.734115,-0.116476,-0.0379736819,-0.2452562206,-0.0061107808
2.696569,-0.713964,-11.030296,-0.118878,-0.0198818543,-0.2761187501,-0.0029181054
2.697618,-0.581867,-9.988754,-0.512767,0.00991645,-0.2942105777,0.0045314707
2.698636,-0.836454,-6.624694,0.032433,0.0397147543,-0.3421007096,0.0002745701
2.699685,-1.412877,-8.394118,0.380689,0.0482285555,-0.4432020992,-0.0061107808
2.700734,-1.45851,-12.87155,0.726543,0.0471643304,-0.5325970121,0.0013387952
2.701784,-0.658723,-11.427757,0.743355,0.0269440524,-0.566652217,-0.0029181054
2.702801,0.244339,-7.316661,0.066058,-0.0283956555,-0.5357896876,-0.0263310588
2.70385,0.229929,-8.499469,1.747292,-0.0624508605,-0.4676792777,-0.0359090851
2.704902,0.049797,-11.458884,2.057119,-0.0699004365,-0.4112753446,-0.0199457078
2.705949,0.64063,-11.114098,0.349466,-0.0826711384,-0.3538071863,-0.0103676814
2.706966,0.594997,-9.363829,0.212566,-0.0805426881,-0.282504101,-0.0146245821
2.708015,-0.639509,-10.738185,-0.560802,-0.0528728341,-0.2803756507,-0.0082392311
2.709064,-0.346494,-11.351138,-1.108404,-0.017753404,-0.2931463525,-0.0007896551
2.710114,-0.24562,-7.843418,-1.367794,0.0184302512,-0.3048528292,-0.0050465557
2.711163,-0.87248,-7.072437,-0.368661,0.0407789794,-0.3708347888,-0.0124961318
2.71218,-1.432091,-11.681558,0.303832,0.0631277077,-0.4644866023,-0.0039823305
2.713229,-1.014184,-12.332821,0.248592,0.0535496813,-0.525147436,0.0045314707
2.714279,-0.127934,-8.133134,0.284618,0.0067237745,-0.531532787,-0.0093034563
2.715328,0.066609,-7.903276,2.023494,-0.0188176292,-0.497477582,-0.0242026084
2.716345,-0.329682,-10.865086,2.940967,-0.0241387549,-0.4666150526,-0.0146245821
2.717397,0.35482,-10.857902,1.375018,-0.0560655095,-0.4304313974,-0.0050465557
2.718444,1.101768,-8.940029,0.195753,-0.0911849396,-0.3399722593,-0.0156888072
2.719493,0.244339,-9.311153,-0.23176,-0.1082125421,-0.2633480482,-0.0252668336
2.72051,-0.517019,-11.624094,-0.407089,-0.100762966,-0.2516415716,-0.0199457078
2.72156,-0.4906,-11.25297,-1.151635,-0.059258185,-0.2463204458,-0.0156888072
2.722609,-0.617893,-7.864967,-1.696835,-0.0113680531,-0.2569626973,-0.0199457078
2.723658,-0.970952,-6.777932,-0.841808,0.0269440524,-0.3229446568,-0.0188814827
2.724707,-1.364841,-10.572975,-0.356652,0.0705772837,-0.4219175961,-0.0050465557
2.725724,-1.271173,-12.940986,-0.111672,0.0758984095,-0.4953491317,0.0087883713
2.726776,-0.303262,-9.143549,0.459947,0.0280082776,-0.5155694097,0.0087883713
2.727823,0.157876,-7.886516,1.74489,0.0088522248,-0.5145051845,-0.0082392311
2.728872,-0.252825,-11.243393,2.943369,0.0024668739,-0.5091840587,-0.0167530324
2.729889,0.338008,-10.359878,1.901004,-0.0443590329,-0.4602297017,-0.0114319066
2.730939,1.154607,-7.295112,0.560821,-0.0954418402,-0.351678736,-0.0178172575
2.731988,0.484516,-8.621581,0.383091,-0.1177905685,-0.2729260746,-0.0252668336
2.733037,-0.257629,-12.342399,-1.461463,-0.0656435359,-0.2867610016,-0.0135603569
2.734055,-0.375315,-9.224957,-2.230027,-0.0198818543,-0.2729260746,-0.0273952839
2.735104,-0.987765,-7.031733,-1.038753,0.0194944764,-0.3176235311,-0.0295237342
2.736154,-1.537768,-9.45242,-0.455124,0.058870807,-0.407018444,-0.007175006
2.737202,-1.391261,-12.126907,-0.616042,0.0737699592,-0.4602297017,0.0194306229
2.738251,-0.536233,-9.162704,-0.109271,0.0312009531,-0.4687435029,0.0215590732
2.739271,-0.16396,-7.793136,1.884192,0.0003384236,-0.5006702575,0.0002745701
2.740318,-0.40894,-11.856346,3.579836,0.0163018009,-0.5506888397,-0.0135603569
2.741367,0.29958,-11.549869,1.939433,-0.0113680531,-0.5357896876,-0.0167530324
2.742416,1.065742,-6.852157,0.716936,-0.0762857875,-0.4314956225,-0.0273952839
2.743434,0.407659,-6.533709,1.178074,-0.1103409924,-0.3474218354,-0.0337806348
2.744483,-0.178371,-11.178745,0.147718,-0.1114052175,-0.3495502857,-0.0231383833
2.745532,0.131456,-13.812529,-1.38941,-0.0837353635,-0.3399722593,-0.0135603569
2.746582,0.090627,-10.086922,-1.94902,-0.0347810065,-0.2867610016,-0.021009933
2.747598,-0.759597,-7.041311,-1.461463,0.0024668739,-0.2974032532,-0.0295237342
2.74865,-1.374448,-10.27847,-0.702506,0.0386505291,-0.3708347888,-0.0135603569
2.749697,-1.196718,-11.985641,-0.76255,0.065256158,-0.4091468943,0.0162379474
2.750746,-0.752392,-8.398906,-0.33984,0.0429074297,-0.4165964704,0.0215590732
2.751796,-0.634706,-7.783559,1.884192,0.0205587015,-0.4517159004,0.0087883713
2.752813,-0.639509,-11.015929,3.147519,0.0333294034,-0.5134409594,0.0013387952
2.753862,0.234732,-11.085366,1.603186,0.0077879997,-0.531532787,-0.0082392311
2.754911,1.173821,-8.580877,0.563223,-0.0550012844,-0.448523225,-0.0284595091
2.75596,0.561372,-7.939192,1.096414,-0.0975702905,-0.3474218354,-0.0412302109
2.756978,-0.339289,-9.768474,0.906675,-0.1018271912,-0.3421007096,-0.0380375354
2.758029,-0.185576,-11.559447,-0.536784,-0.0741573372,-0.365513663,-0.0273952839
2.759076,-0.601081,-8.635947,-1.718451,-0.0124322782,-0.2942105777,-0.0156888072
2.760126,-1.465715,-9.399744,-0.238966,0.0216229267,-0.3495502857,-0.0029181054
2.761145,-1.386457,-12.280146,-0.121279,0.0673846083,-0.4144680201,0.0183663977
2.762192,-0.536233,-10.965648,-0.748139,0.0673846083,-0.4006330931,0.0194306229
2.763241,-0.339289,-7.28314,-0.282197,0.0077879997,-0.3623209875,-0.0007896551
2.76429,-0.884489,-8.264823,2.282885,-0.0134965034,-0.3889266164,-0.0146245821
2.765307,-0.903703,-10.60889,2.945771,0.0035310991,-0.4666150526,-0.0114319066
2.766357,0.21792,-9.938473,1.009951,-0.0113680531,-0.5049271581,-0.0135603569
2.767407,1.084956,-8.734115,0.616062,-0.0358452316,-0.4570370262,-0.0273952839
2.768455,0.51814,-9.093268,0.375885,-0.0401021322,-0.4091468943,-0.0380375354
2.769504,-0.031863,-10.493961,-0.061235,-0.0401021322,-0.4187249207,-0.0359090851
2.770524,0.311589,-10.93931,-0.921066,-0.0390379071,-0.3942477421,-0.0231383833
2.771571,0.162679,-10.144387,-1.925003,-0.0401021322,-0.3154950808,-0.007175006
2.77262,-0.91331,-9.890586,-0.399884,-0.0358452316,-0.2899536771,0.006659921
2.773669,-1.446501,-10.915367,0.827417,-0.0028542519,-0.3495502857,0.0151737222
2.774686,-0.716366,-10.807621,0.471956,0.0343936285,-0.393183517,0.0162379474
2.775735,-0.113523,-8.305527,0.080469,0.0322651782,-0.3623209875,0.0087883713
2.776784,-0.737981,-8.171443,0.966719,0.0173660261,-0.3474218354,-0.0007896551
2.777834,-1.187111,-9.897769,2.061922,0.0109806751,-0.4112753446,-0.0029181054
2.778851,-0.344092,-9.256083,0.880255,-0.0081753776,-0.4719361784,-0.007175006
2.779903,0.201108,-9.897769,0.359073,-0.0241387549,-0.4772573041,-0.021009933
2.78095,-0.005444,-11.209872,0.419117,-0.0337167813,-0.462358152,-0.0337806348
2.781999,0.124251,-9.203408,-0.157306,-0.0390379071,-0.4527801256,-0.0391017606
2.783048,0.172286,-8.087641,-0.157306,-0.0358452316,-0.4368167483,-0.0337806348
2.784066,0.189099,-10.177907,-0.495954,-0.0358452316,-0.4016973182,-0.0093034563
2.785115,0.277964,-11.892261,-0.464731,-0.0241387549,-0.3484860605,0.0162379474
2.786164,-0.529028,-9.646362,0.116495,-0.0124322782,-0.3335869084,0.0077241462
2.787213,-0.339289,-9.2489,0.383091,-0.0017900267,-0.3399722593,0.0055956959
2.78823,-0.706758,-9.859459,0.299029,0.0152375758,-0.3410364845,0.0098525965
2.78928,-0.798025,-8.437216,0.35427,0.0077879997,-0.3772201397,0.0077241462
2.790329,-0.420949,-6.962297,0.27261,-0.0049827022,-0.4251102716,-0.0029181054
2.791378,-0.723571,-10.079739,0.837024,0.0024668739,-0.476193079,-0.0082392311
2.792398,-0.783615,-13.178026,0.978728,0.0152375758,-0.5357896876,-0.0103676814
2.793444,0.275562,-10.314385,-0.277394,0.0077879997,-0.5432392637,-0.0220741581
2.794493,0.693469,-7.043705,-0.200538,-0.0134965034,-0.4793857544,-0.03484486
2.795542,0.071412,-9.081296,0.714534,-0.0326525562,-0.4155322452,-0.0242026084
2.796592,0.059404,-12.452539,0.323047,-0.0369094568,-0.3612567624,0.0024030204
2.797609,0.335606,-11.569024,-0.229359,-0.0294598807,-0.2931463525,0.0151737222
2.798658,-0.168764,-8.501863,-0.003593,-0.0273314304,-0.2558984722,0.006659921
2.799708,-0.793222,-9.189041,0.142914,-0.0188176292,-0.2771829752,0.0013387952
2.800757,-0.889292,-11.030296,-0.020405,0.0131091254,-0.3080455047,0.0109168216
2.801777,-0.793222,-8.987916,-0.327831,0.0439716549,-0.3442291599,0.0130452719
2.802823,-0.819641,-6.962297,-0.267787,0.0503570058,-0.4155322452,0.0002745701
2.803872,-1.028595,-9.366223,0.419117,0.0492927807,-0.4985418072,-0.0061107808
2.804922,-1.093442,-12.442961,0.923487,0.0471643304,-0.5581384158,-0.0018538802
2.805939,-0.44977,-10.989592,0.604053,0.0205587015,-0.573037568,-0.007175006
2.806988,0.311589,-7.773981,0.351868,-0.0283956555,-0.5208905354,-0.0188814827
2.808037,0.287571,-8.374963,1.319778,-0.0603224102,-0.4506516753,-0.0178172575
2.809087,0.265955,-11.238604,1.576766,-0.0635150856,-0.4038257685,-0.0050465557
2.810136,0.671853,-11.710291,0.428724,-0.0550012844,-0.3442291599,0.0002745701
2.811155,0.465301,-9.502701,-0.17652,-0.0390379071,-0.2718618495,-0.0039823305
2.812202,-0.77641,-10.759734,-0.923468,-0.0156249537,-0.2665407237,0.006659921
2.813251,-0.577063,-10.802832,-1.34858,0.0141733506,-0.2750545249,0.0119810468
2.814301,-0.713964,-6.964692,-0.757746,0.0450358801,-0.3112381802,0.0034672456
2.815318,-1.338422,-7.862572,0.315841,0.0684488334,-0.4176606955,-0.0050465557
2.816367,-1.429689,-12.737466,0.757766,0.0897333365,-0.5304685618,0.0045314707
2.817416,-0.500207,-11.442124,0.229378,0.0705772837,-0.5687806673,0.0098525965
2.818465,0.386043,-7.721306,0.435929,0.0173660261,-0.5283401115,-0.0018538802
2.819483,0.138662,-8.777214,2.592712,-0.0124322782,-0.4719361784,-0.0061107808
2.820532,-0.10872,-10.831565,2.364544,-0.0358452316,-0.448523225,0.0002745701
2.821582,0.62622,-10.572975,0.839425,-0.0688362114,-0.3942477421,-0.0018538802
2.822631,0.674255,-9.076507,0.539205,-0.0826711384,-0.2995317035,-0.0103676814
2.82365,-0.224004,-9.040592,-0.21735,-0.0847995887,-0.2676049489,-0.0093034563
2.824697,-0.560251,-11.300857,-0.716916,-0.0699004365,-0.2835683262,0.0002745701
2.825747,-0.432958,-11.279308,-1.622381,-0.0241387549,-0.2718618495,0.0045314707
2.826796,-0.581867,-7.738066,-1.475873,0.0280082776,-0.2878252268,-0.0018538802
2.827845,-1.103049,-7.457927,-0.447919,0.0705772837,-0.3846697158,-0.0050465557
2.828863,-1.333618,-11.585784,-0.414294,0.0982471377,-0.490028006,0.0087883713
2.829912,-0.66833,-11.375082,-0.147699,0.0822837604,-0.5272758863,0.0247517486
2.830961,0.061805,-8.135528,0.529598,0.0418432046,-0.51769786,0.0173021725
2.83201,-0.156755,-9.567349,2.604721,0.0258798273,-0.5155694097,0.0034672456
2.83303,-0.202388,-11.360716,2.861709,0.0067237745,-0.5134409594,0.0045314707
2.834077,0.80395,-9.454814,0.870648,-0.0401021322,-0.4432020992,0.0013387952
2.835126,0.92644,-7.764404,0.527196,-0.0805426881,-0.3218804317,-0.0114319066
2.836175,-0.135139,-9.160309,0.519991,-0.0911849396,-0.2771829752,-0.0093034563
2.837193,-0.418547,-12.00719,-0.397482,-0.073093112,-0.2952748029,0.0024030204
2.838242,-0.680339,-8.190598,-1.857753,0.0120449003,-0.2707976243,-0.0103676814
2.839291,-1.261566,-7.328633,-0.416696,0.0535496813,-0.3527429611,-0.007175006
2.84034,-1.420082,-10.934522,-0.620846,0.0918617868,-0.4474589998,0.0173021725
2.84139,-0.946935,-11.626488,-0.515168,0.0876048862,-0.4847068802,0.0364582253
2.842407,-0.228808,-8.267217,0.743355,0.0429074297,-0.4996060324,0.0311370995
2.843456,-0.091907,-9.06693,2.722407,0.0343936285,-0.5325970121,0.0119810468
2.844506,-0.101514,-11.885078,3.034636,0.0322651782,-0.5517530649,0.0045314707
2.845555,0.758316,-9.608052,1.319778,-0.0220103046,-0.4910922311,0.0002745701
2.846572,1.012903,-6.809059,0.752962,-0.0773500126,-0.3729632391,-0.0114319066
2.847621,0.081019,-8.612003,0.940299,-0.0943776151,-0.3218804317,-0.0103676814
2.84867,-0.226406,-12.258596,-0.109271,-0.0762857875,-0.3399722593,0.0024030204
2.84972,-0.034265,-12.641692,-1.982645,-0.0358452316,-0.3176235311,0.0024030204
2.850737,-0.461779,-8.947212,-2.001859,0.0067237745,-0.2888894519,-0.007175006
2.851786,-1.244753,-7.273563,-0.743336,0.0407789794,-0.3410364845,-0.0061107808
2.852835,-1.609821,-10.745368,-0.481544,0.0769626347,-0.4197891458,0.0173021725
2.853885,-1.119862,-11.779727,-0.861022,0.0801553101,-0.434688298,0.0407151259
2.854934,-0.416145,-7.819474,-0.188529,0.0333294034,-0.4197891458,0.0353940002
2.855951,-0.596277,-8.104402,2.554284,0.023751377,-0.4612939268,0.0194306229
2.857,-0.646714,-11.743811,3.183545,0.0418432046,-0.5325970121,0.0130452719
2.858049,0.609407,-10.654383,1.067593,0.0077879997,-0.5219547606,0.0055956959
2.859098,1.238669,-7.582434,0.632874,-0.0486159335,-0.4155322452,-0.0082392311
2.860116,0.304383,-7.912854,1.053182,-0.0752215623,-0.3452933851,-0.0135603569
2.861165,-0.238415,-11.051845,0.486366,-0.0709646617,-0.3644494378,-0.0029181054
2.862214,0.117046,-12.462116,-1.223688,-0.045423258,-0.3569998618,0.0087883713
2.863264,-0.958944,-8.42285,-1.384606,0.0045953242,-0.2739902998,-0.0018538802
2.864282,-1.701088,-10.240161,0.037237,0.0546139064,-0.3399722593,0.0173021725
2.86533,-1.297592,-11.099732,-0.159708,0.1014398132,-0.4016973182,0.0385866756
2.86638,-0.502609,-8.755664,-0.642462,0.079091085,-0.420853371,0.034329775
2.867429,-0.377717,-8.154683,1.151655,0.0322651782,-0.4432020992,0.020494848
2.868478,-0.665929,-10.903395,3.193152,0.0354578537,-0.5017344827,0.0130452719
2.869496,0.001761,-11.109309,1.953843,0.0226871518,-0.5400465882,0.0077241462
2.870545,1.111375,-8.221725,0.474358,-0.031588331,-0.4825784299,-0.0061107808
2.871594,0.748709,-7.730883,0.647284,-0.0635150856,-0.393183517,-0.0178172575
2.872646,-0.12313,-10.264104,0.647284,-0.0613866353,-0.3804128151,-0.0124961318
2.87366,-0.010247,-11.559447,-0.378268,-0.0379736819,-0.393183517,-0.0039823305
2.87471,0.114644,-10.362272,-1.920199,-0.0166891789,-0.3569998618,-0.0029181054
2.875759,-0.514618,-9.418899,-1.492686,-0.0028542519,-0.3229446568,0.0024030204
2.876808,-1.333618,-10.355089,0.186146,0.0301367279,-0.3569998618,0.0215590732
2.877826,-1.25436,-11.274519,0.519991,0.0609992574,-0.4197891458,0.0396509008
2.878874,-0.281647,-9.349463,-0.087655,0.0524854561,-0.4134037949,0.0407151259
2.879924,-0.351298,-8.099613,0.536803,0.023751377,-0.3687063385,0.0279444241
2.880973,-1.275976,-10.170724,2.170002,0.0131091254,-0.4016973182,0.0173021725
2.882025,-0.574662,-9.840304,1.559954,-0.0007258016,-0.4698077281,0.0098525965
2.88304,0.489319,-8.102007,0.250994,-0.0156249537,-0.4634223771,-0.0061107808
2.884088,-0.039069,-9.804389,0.772176,-0.0166891789,-0.4357525231,-0.0178172575
2.885138,-0.168764,-10.872269,0.539205,-0.0209460795,-0.4495874501,-0.0178172575
2.886187,0.479712,-9.57932,-0.500758,-0.0156249537,-0.4474589998,-0.0114319066
2.887205,0.410061,-9.318336,-0.800978,-0.0113680531,-0.4123395698,-0.0007896551
2.888253,0.006565,-10.53706,-0.784166,-0.017753404,-0.3804128151,0.0151737222
2.889303,-0.28645,-11.619305,-0.311019,-0.0081753776,-0.3569998618,0.0268801989
2.890352,-0.632304,-9.143549,0.094879,0.0173660261,-0.3218804317,0.0236875235
2.891369,-0.942131,-9.016648,0.507982,0.0194944764,-0.3250731072,0.0226232983
2.892419,-1.170299,-9.033409,0.839425,0.0216229267,-0.3676421133,0.0226232983
2.893468,-0.903703,-8.360597,0.933094,0.0163018009,-0.4432020992,0.0141094971
2.894517,-0.543439,-8.995099,0.760167,0.0056595494,-0.5091840587,0.0034672456
2.895534,-0.399333,-11.255364,0.933094,0.0014026488,-0.5485603894,-0.0029181054
2.896584,-0.118327,-11.34635,0.524795,-0.0049827022,-0.5560099655,-0.0093034563
2.897633,0.393249,-8.513835,-0.551195,-0.0262672052,-0.511312509,-0.0146245821
2.898682,0.474908,-7.898488,-0.157306,-0.045423258,-0.4389451986,-0.0103676814
2.899731,0.297178,-10.522694,0.186146,-0.0464874832,-0.3836054906,0.0109168216
2.900749,0.448489,-12.366342,-0.279796,-0.0252029801,-0.3303942329,0.0279444241
2.901798,0.131456,-11.454095,-0.234162,0.0003384236,-0.2793114255,0.0236875235
2.902847,-0.485796,-8.999888,-0.010798,0.0056595494,-0.2697333992,0.0130452719
2.903898,-0.819641,-8.631158,0.19095,0.0163018009,-0.2878252268,0.0183663977
2.904914,-1.119862,-9.869036,0.049246,0.0386505291,-0.3154950808,0.0300728744
2.905963,-0.901301,-8.272006,-0.164511,0.0397147543,-0.365513663,0.0300728744
2.907012,-0.632304,-7.357365,0.219771,0.0312009531,-0.4283029471,0.0173021725
2.908061,-0.946935,-11.245787,1.115628,0.037586304,-0.497477582,0.0087883713
2.909079,-0.769204,-13.118168,1.082003,0.0365220788,-0.5602668661,0.0045314707
2.910128,0.155474,-9.234534,-0.0132,0.0014026488,-0.5560099655,-0.0103676814
2.911178,0.50373,-6.78751,0.36868,-0.0432948077,-0.4825784299,-0.0199457078
2.912226,0.117046,-9.457209,1.574365,-0.059258185,-0.4283029471,-0.0061107808
2.913278,0.417266,-12.136485,0.976326,-0.0539370592,-0.3974404176,0.0183663977
2.914293,0.921636,-11.128464,-0.416696,-0.045423258,-0.3303942329,0.0226232983
2.915342,0.301982,-9.093268,-0.563204,-0.0379736819,-0.2707976243,0.0119810468
2.916392,-0.77641,-10.623256,-0.594427,0.0067237745,-0.3186877562,0.0194306229
2.917441,-0.764401,-8.875382,-0.89945,0.0439716549,-0.3506145108,0.0215590732
2.918458,-0.978158,-7.031733,-0.500758,0.065256158,-0.4123395698,0.0119810468
2.919507,-1.367243,-10.04143,0.332654,0.0716415089,-0.5006702575,0.0109168216
2.920557,-1.299994,-12.656058,1.072396,0.0663203831,-0.5751660183,0.0173021725
2.921606,-0.365708,-9.78284,0.447938,0.0280082776,-0.5996431968,0.0077241462
2.922624,0.256348,-7.819474,0.904273,-0.0252029801,-0.5506888397,-0.0082392311
2.923672,-0.101514,-9.871431,2.647952,-0.045423258,-0.4847068802,-0.0050465557
2.924722,0.109841,-10.901001,1.680042,-0.0603224102,-0.4325598477,0.0045314707
2.925773,0.715085,-9.773263,0.320645,-0.0805426881,-0.3527429611,0.0013387952
2.92682,0.306785,-9.112422,0.198155,-0.0805426881,-0.2771829752,-0.0018538802
2.927838,-0.339289,-10.225794,-0.471937,-0.0699004365,-0.2622838231,0.0034672456
2.928887,-0.485796,-11.590573,-1.098797,-0.0411663574,-0.2676049489,0.0077241462
2.929936,-0.432958,-9.275238,-1.22609,0.0088522248,-0.2771829752,0.0098525965
2.930985,-0.656321,-6.682158,-0.971503,0.0482285555,-0.3389080342,0.0055956959
2.932003,-1.047809,-9.806783,-0.628051,0.072705734,-0.4325598477,0.0098525965
2.933052,-1.011782,-12.490848,-0.265385,0.0780268598,-0.4889637808,0.0226232983
2.934101,-0.519421,-9.557771,0.375885,0.0461001052,-0.5091840587,0.0215590732
2.935152,-0.183174,-8.269612,1.780916,0.0226871518,-0.5230189857,0.0077241462
2.936167,-0.284048,-10.740579,3.022627,0.0173660261,-0.5325970121,0.0045314707
2.937216,0.323597,-10.419737,2.064324,-0.0220103046,-0.5081198336,0.0077241462
2.938266,1.161812,-7.955952,0.577633,-0.0805426881,-0.4080826691,-0.0007896551
2.939315,0.578184,-8.451582,0.505581,-0.1167263433,-0.3059170544,-0.0061107808
2.940364,-0.324878,-11.451701,0.323047,-0.1135336678,-0.2910179022,0.0034672456
2.941382,-0.432958,-12.517186,-0.928271,-0.0762857875,-0.3027243789,0.0055956959
2.942431,-0.802829,-6.971875,-1.463864,0.0131091254,-0.3197519814,-0.0146245821
2.94348,-1.314404,-8.583271,-0.901852,0.0524854561,-0.4006330931,-0.0050465557
2.945547,-0.932524,-10.33354,0.181343,0.0620634825,-0.503862933,0.0353940002
2.944531,-1.422484,-11.961697,-0.774559,0.0780268598,-0.4708719532,0.020494848
2.946596,-0.322477,-8.030177,1.343796,0.0322651782,-0.5368539127,0.0236875235
2.947648,-0.293655,-10.769312,2.928959,0.0301367279,-0.566652217,0.0087883713
2.948694,-0.036667,-11.758178,2.657559,0.0035310991,-0.55281729,0.0045314707
2.949712,0.892815,-7.663841,0.767373,-0.0688362114,-0.4591654765,-0.0050465557
2.950761,0.698272,-6.162585,0.774578,-0.1220474691,-0.3474218354,-0.0167530324
2.95181,-0.166362,-10.517905,0.837024,-0.1231116942,-0.3208162065,-0.0093034563
2.95286,0.042591,-14.04478,-0.988316,-0.0890564893,-0.3197519814,0.0034672456
2.953877,0.208313,-11.592967,-2.405355,-0.0401021322,-0.2697333992,-0.0050465557
2.954926,-0.615492,-7.24483,-1.605568,0.0067237745,-0.2644122734,-0.0199457078
2.955975,-1.360038,-7.766798,-0.911459,0.0450358801,-0.3484860605,-0.0135603569
2.957027,-1.355234,-11.580996,-1.053163,0.0758984095,-0.4261744968,0.0173021725
2.958074,-0.85807,-10.745368,-0.431107,0.0684488334,-0.4581012514,0.0385866756
2.959091,-0.32728,-7.553701,0.918684,0.0301367279,-0.4985418072,0.0322013247
2.96014,-0.296057,-9.943261,3.027431,0.0312009531,-0.5613310913,0.0162379474
2.961189,-0.022256,-12.548313,3.046645,0.0343936285,-0.5836798195,0.0098525965
2.962238,0.909627,-9.241717,0.957112,-0.0241387549,-0.5123767342,-0.0039823305
2.963256,0.938449,-6.042867,0.70973,-0.0986345157,-0.393183517,-0.0263310588
2.964305,0.01377,-8.425244,1.24052,-0.1167263433,-0.3463576102,-0.0273952839
2.965354,-0.298459,-12.838029,0.058853,-0.0922491648,-0.3612567624,-0.0082392311
2.966406,-0.031863,-12.830846,-2.001859,-0.0539370592,-0.3346511335,0.0024030204
2.967421,-0.324878,-8.700594,-2.184393,-0.0134965034,-0.296339028,-0.0050465557
2.971618,-0.574662,-8.178626,2.359741,-0.0007258016,-0.4527801256,0.0098525965
2.972635,-0.728374,-11.602545,3.291625,0.0141733506,-0.5102482839,0.006659921
2.973684,0.371633,-10.470018,1.13244,-0.0071111525,-0.5187620851,-0.0029181054
2.969522,-1.055014,-11.590573,-0.752943,0.072705734,-0.4644866023,0.034329775
2.975784,0.309187,-8.614398,0.79139,-0.0688362114,-0.3697705636,-0.0316521845
2.9768,-0.308066,-10.635228,0.529598,-0.0699004365,-0.3836054906,-0.0231383833
2.974734,1.169018,-7.92722,0.700123,-0.0475517083,-0.4378809734,-0.0220741581
2.970569,-0.365708,-7.496237,-0.551195,0.023751377,-0.4378809734,0.0247517486
2.979948,-0.781213,-8.937635,-0.985914,-0.0305241059,-0.3357153587,0.006659921
2.980966,-1.41768,-10.580158,0.337457,0.0014026488,-0.3857339409,0.0173021725
2.982014,-0.925319,-11.966486,0.212566,0.0354578537,-0.4293671722,0.0247517486
2.983063,-0.010247,-8.925663,-0.390277,0.0248156021,-0.3995688679,0.0183663977
2.977849,-0.022256,-11.312829,-0.565605,-0.0518086089,-0.3942477421,-0.0103676814
2.985162,-1.103049,-10.024669,2.479829,0.0045953242,-0.4549085759,0.0013387952
2.986179,-0.118327,-9.943261,1.149253,-0.0092396028,-0.5166336348,-0.0007896551
2.987229,0.652639,-9.184253,0.399903,-0.0294598807,-0.4878995557,-0.0124961318
2.98828,0.196304,-9.938473,0.707329,-0.0443590329,-0.4410736489,-0.0252668336
2.989327,0.071412,-9.502701,0.188548,-0.0507443838,-0.4410736489,-0.0316521845
2.990344,0.29958,-9.280027,-0.226957,-0.045423258,-0.4421378741,-0.0231383833
2.991396,0.304383,-10.323963,-1.057967,-0.0411663574,-0.4048899937,-0.0029181054
2.984113,-0.459377,-7.52018,0.918684,0.0056595494,-0.3836054906,0.0045314707
2.993492,-0.884489,-11.166773,0.003612,-0.0198818543,-0.337843809,0.0194306229
2.994509,-0.639509,-9.08369,0.195753,0.0109806751,-0.3623209875,0.0162379474
2.992443,-0.0823,-11.410997,-1.122814,-0.0379736819,-0.351678736,0.0162379474
2.96847,-1.789953,-11.410997,-0.17652,0.0599350322,-0.4378809734,0.0151737222
2.978901,-0.0823,-10.137204,-1.97544,-0.0379736819,-0.3527429611,-0.0018538802
2.995559,-0.805231,-8.940029,0.426322,0.0194944764,-0.3548714115,0.0162379474
2.996608,-1.018988,-8.782002,0.760167,0.0088522248,-0.3921192918,0.0119810468
2.997657,-0.622697,-8.353414,0.897068,-0.0071111525,-0.4549085759,-0.0018538802
2.998706,-0.324878,-9.842699,0.599249,-0.0134965034,-0.4996060324,-0.0146245821
2.999723,-0.255227,-11.820431,0.839425,-0.0124322782,-0.5230189857,-0.0188814827
3.000775,0.066609,-10.221006,0.27261,-0.017753404,-0.5294043367,-0.0252668336
3.001822,0.407659,-7.776376,-0.311019,-0.0337167813,-0.503862933,-0.0263310588
3.002871,0.383642,-8.820312,0.008416,-0.0475517083,-0.4527801256,-0.0146245821
3.003889,0.419668,-11.717474,-0.426303,-0.0486159335,-0.3910550667,0.006659921
3.004938,0.366829,-12.059865,-0.450321,-0.0337167813,-0.3229446568,0.0183663977
3.007036,-0.689946,-8.966367,0.08287,-0.0081753776,-0.3197519814,0.0024030204
3.008054,-0.800427,-9.409322,0.282217,0.0152375758,-0.3421007096,0.0098525965
3.010154,-0.810034,-7.687785,0.238985,0.0280082776,-0.4495874501,0.0130452719
3.005987,-0.262432,-9.981571,-0.030012,-0.0166891789,-0.2952748029,0.0098525965
3.009103,-1.059818,-9.196225,0.267806,0.037586304,-0.3782843648,0.0194306229
3.011201,-0.517019,-8.561722,0.58724,0.0141733506,-0.511312509,0.0013387952
3.012251,-0.874882,-12.143668,1.259734,0.0131091254,-0.5613310913,-0.0039823305
3.013268,-0.579465,-12.059865,0.683311,-0.0049827022,-0.5953862962,-0.0114319066
3.014317,0.369231,-8.049332,-0.287001,-0.0401021322,-0.5474961643,-0.0284595091
3.015366,0.265955,-7.292717,0.601651,-0.0656435359,-0.4581012514,-0.0316521845
3.016416,-0.161558,-10.707059,1.466285,-0.0645793108,-0.4187249207,-0.0082392311
3.017433,0.412463,-12.265779,0.498375,-0.045423258,-0.3867981661,0.0109168216
3.018482,0.664648,-10.417342,-0.724122,-0.0347810065,-0.3154950808,0.0087883713
3.019532,-0.063086,-8.86341,-0.212546,-0.0337167813,-0.2739902998,0.0024030204
3.02058,-0.723571,-10.393399,-0.81779,0.0109806751,-0.3208162065,0.0119810468
3.021598,-0.745187,-7.857784,-0.433508,0.0386505291,-0.351678736,0.0109168216
3.022649,-1.07663,-7.419618,-0.186127,0.0492927807,-0.4261744968,0.0013387952
3.023696,-1.352833,-11.413391,0.592044,0.0503570058,-0.5198263103,0.0002745701
3.024745,-0.889292,-12.031133,1.086807,0.0365220788,-0.5815513692,0.0024030204
3.025763,-0.034265,-8.813129,0.356671,0.0003384236,-0.580487144,-0.0093034563
3.026812,0.196304,-8.432427,1.574365,-0.0379736819,-0.5230189857,-0.0188814827
3.027861,0.035386,-10.163541,2.049914,-0.0635150856,-0.4591654765,-0.0103676814
3.02891,0.393249,-10.869874,0.966719,-0.0826711384,-0.4038257685,-0.0029181054
3.029959,0.556568,-10.070162,0.534402,-0.0858638138,-0.3399722593,-0.007175006
3.030977,0.0546,-9.28721,-0.270189,-0.0762857875,-0.2984674783,-0.0103676814
3.032029,-0.329682,-10.182696,-0.673685,-0.0624508605,-0.2878252268,-0.0039823305
3.033076,-0.509814,-10.836353,-1.18526,-0.0283956555,-0.2888894519,0.0034672456
3.034125,-0.565055,-8.688623,-1.495087,0.0184302512,-0.3154950808,0.0013387952
3.035142,-0.747588,-7.275957,-0.851415,0.0567423567,-0.3910550667,-0.0018538802
3.036191,-1.167897,-10.503539,-0.236564,0.0844122107,-0.4921564563,0.0055956959
3.037241,-1.127067,-12.404652,0.195753,0.0780268598,-0.5623953164,0.0151737222
3.03829,-0.236013,-9.212985,0.299029,0.0301367279,-0.5741017931,0.0098525965
3.039307,0.234732,-8.20257,1.80013,-0.0007258016,-0.5432392637,-0.0018538802
3.040357,-0.137541,-10.364667,3.125903,-0.0124322782,-0.511312509,-0.0039823305
3.041407,0.434079,-10.276076,1.740086,-0.0496801586,-0.4666150526,-0.0018538802
3.042455,1.183428,-8.95679,0.54641,-0.0858638138,-0.3580640869,-0.007175006
3.043504,0.371633,-9.205802,0.195753,-0.0965060654,-0.2676049489,-0.0114319066
3.044524,-0.665929,-11.255364,-0.190931,-0.0890564893,-0.2739902998,-0.007175006
3.045571,-0.70916,-11.727051,-1.154037,-0.0528728341,-0.2942105777,-0.0039823305
3.046621,-0.949336,-6.928776,-0.935477,0.0290725027,-0.3506145108,-0.0093034563
3.047669,-1.444099,-10.273681,-0.4215,0.0684488334,-0.4549085759,0.006659921
3.048687,-1.194316,-12.435778,-0.433508,0.0833479856,-0.5283401115,0.0258159738
3.049736,-0.353699,-9.119605,0.282217,0.0492927807,-0.5517530649,0.0247517486
3.050785,-0.017453,-8.305527,1.706462,0.0312009531,-0.5613310913,0.0087883713
3.051835,-0.334485,-11.205083,3.075466,0.0269440524,-0.573037568,0.0013387952
3.052852,0.412463,-10.398188,1.716069,-0.0220103046,-0.538982363,0.0002745701
3.053904,1.399587,-8.032571,0.426322,-0.0794784629,-0.4112753446,-0.0103676814
3.054951,0.441284,-8.255246,0.942701,-0.0986345157,-0.310173955,-0.0156888072
3.056,-0.608286,-10.800438,0.198155,-0.0922491648,-0.337843809,-0.007175006
3.057049,-0.132737,-12.656058,-1.52631,-0.0613866353,-0.3559356366,-0.0007896551
3.058066,-0.003042,-10.197062,-2.424569,-0.0156249537,-0.3048528292,-0.0093034563
3.059116,-1.004577,-7.158634,-1.254911,0.0248156021,-0.3218804317,-0.0146245821
3.060165,-1.792355,-9.208196,0.126102,0.0695130586,-0.4293671722,0.0045314707
3.061214,-1.463314,-12.170006,-0.601632,0.0961186874,-0.5006702575,0.034329775
3.062231,-0.392128,-9.447631,-0.800978,0.0524854561,-0.490028006,0.0375224505
3.063283,-0.137541,-7.436378,1.708863,0.0120449003,-0.4889637808,0.0194306229
3.06433,-0.656321,-11.035084,3.642282,0.0280082776,-0.5400465882,0.0087883713
3.065379,0.121849,-11.688741,2.177207,0.0152375758,-0.5496246146,0.0055956959
3.066399,1.200241,-7.965529,0.834622,-0.0390379071,-0.4570370262,-0.0050465557
3.067446,0.587791,-7.280746,0.978728,-0.0784142378,-0.3623209875,-0.0156888072
3.068495,-0.281647,-10.740579,0.556018,-0.0826711384,-0.3591283121,-0.0103676814
3.069544,-0.195183,-12.775776,-0.652069,-0.0581939599,-0.365513663,-0.0007896551
3.070593,-0.16396,-10.496356,-2.244437,-0.0273314304,-0.3197519814,-0.0050465557
3.071611,-0.757195,-7.654264,-1.785701,0.0014026488,-0.3080455047,-0.0114319066
3.07266,-1.333618,-11.837191,-0.397482,0.0812195353,-0.4474589998,0.0311370995
3.073709,-0.622697,-10.814804,-0.656872,0.0716415089,-0.4612939268,0.0396509008
3.074758,-0.28645,-7.989473,0.443135,0.0248156021,-0.4655508274,0.0247517486
3.076825,-0.274441,-11.274519,2.511052,0.0216229267,-0.5687806673,0.006659921
3.075778,-0.589072,-9.888191,2.892932,0.0216229267,-0.51769786,0.0119810468
3.077874,0.851985,-8.465948,0.551214,-0.0241387549,-0.5283401115,-0.0039823305
3.078923,1.003296,-7.173,0.820211,-0.0613866353,-0.4240460464,-0.0156888072
3.079941,0.141064,-9.641573,0.738551,-0.0656435359,-0.3782843648,-0.0146245821
3.08099,-0.039069,-12.294512,-0.284599,-0.0475517083,-0.393183517,-0.0082392311
3.082039,0.131456,-11.662404,-1.502293,-0.017753404,-0.3708347888,-0.007175006
3.083088,-0.392128,-8.592849,-1.665612,0.0088522248,-0.3367795838,-0.0039823305
3.084106,-1.398466,-8.64313,-0.267787,0.0301367279,-0.3718990139,0.0098525965
3.085158,-1.693883,-11.846768,0.616062,0.065256158,-0.4410736489,0.034329775
3.086204,-0.69475,-10.862691,-0.025209,0.0684488334,-0.4527801256,0.0460362517
3.087253,-0.0823,-7.568067,-0.229359,0.0194944764,-0.4102111194,0.0290086492
3.088303,-0.764401,-9.050169,1.944236,-0.0028542519,-0.4091468943,0.0109168216
3.08932,-0.805231,-10.711847,2.561489,0.0003384236,-0.4698077281,0.006659921
3.090369,0.352419,-9.038198,0.70973,-0.0113680531,-0.497477582,-0.0029181054
3.091418,0.715085,-8.813129,0.426322,-0.0283956555,-0.4506516753,-0.0156888072
3.092468,0.035386,-10.110866,0.551214,-0.031588331,-0.4187249207,-0.0146245821
3.093485,-0.16396,-10.244949,0.02763,-0.0198818543,-0.4432020992,-0.0093034563
3.094535,0.184295,-9.773263,-0.985914,-0.0124322782,-0.4463947747,-0.0039823305
3.095583,0.253946,-9.881008,-1.821727,-0.0156249537,-0.3910550667,0.0087883713
3.096633,-0.363307,-10.465229,-0.740934,-0.0092396028,-0.3410364845,0.0247517486
3.097652,-1.136674,-11.238604,0.267806,0.0173660261,-0.3569998618,0.0322013247
3.098699,-0.219201,-8.458765,-0.255778,0.0365220788,-0.365513663,0.0236875235
3.099748,-0.956542,-7.852995,0.721739,0.0333294034,-0.3591283121,0.0173021725
3.100797,-1.472921,-9.90974,1.944236,0.0365220788,-0.4463947747,0.0194306229
3.101847,-0.382521,-9.46918,1.000344,0.0269440524,-0.5294043367,0.0194306229
3.102864,0.410061,-8.880171,0.296627,0.0067237745,-0.5400465882,0.0055956959
3.103914,0.167483,-10.728608,0.652088,-0.0134965034,-0.5187620851,-0.0103676814
3.104963,0.102635,-10.491567,0.390296,-0.0220103046,-0.497477582,-0.0146245821
3.106012,0.114644,-8.437216,-0.082851,-0.0252029801,-0.4730004035,-0.0135603569
3.107031,-0.00064,-9.165098,-0.260582,-0.0283956555,-0.448523225,0.0024030204
3.108078,0.251545,-11.801276,-0.438312,-0.0220103046,-0.4006330931,0.0279444241
3.109128,0.119448,-11.983246,-0.387875,-0.0049827022,-0.3389080342,0.034329775
3.110177,-0.440163,-9.797206,0.198155,0.0024668739,-0.3272015575,0.0279444241
3.111194,-0.524225,-8.60482,0.428724,0.0152375758,-0.3495502857,0.0258159738
3.112243,-0.81724,-9.203408,0.277413,0.0429074297,-0.3676421133,0.0290086492
3.113293,-1.074228,-9.102845,0.332654,0.0439716549,-0.4038257685,0.0290086492
3.114342,-0.538635,-7.94398,0.488768,0.0269440524,-0.4559728011,0.0226232983
3.115392,-0.493002,-9.52425,0.632874,0.0258798273,-0.5027987078,0.0141094971
3.116409,-0.853266,-12.316061,0.933094,0.023751377,-0.5581384158,0.006659921
3.117458,-0.260031,-10.568186,0.366278,0.0088522248,-0.5847440446,-0.0039823305
3.118507,0.426873,-7.33821,-0.447919,-0.017753404,-0.5347254624,-0.0146245821
3.119556,0.196304,-8.686228,0.606455,-0.0358452316,-0.4634223771,-0.0061107808
3.120574,0.131456,-11.667192,0.868247,-0.0294598807,-0.4187249207,0.0226232983
3.122672,0.434079,-9.864248,-0.529579,-0.0145607286,-0.3112381802,0.0226232983
3.121623,0.609407,-11.657615,-0.385473,-0.0188176292,-0.3697705636,0.0322013247
3.123721,-0.315271,-8.968761,-0.130886,-0.0028542519,-0.2910179022,0.0194306229
3.124739,-0.836454,-9.93129,-0.311019,0.0216229267,-0.3154950808,0.0258159738
3.125788,-0.987765,-7.237647,-0.147699,0.0609992574,-0.4123395698,0.0279444241
3.126837,-1.21353,-8.528201,0.359073,0.065256158,-0.5006702575,0.0194306229
3.127887,-1.333618,-12.883521,1.120432,0.0684488334,-0.5794229189,0.0226232983
3.128936,-0.53143,-11.422969,0.733748,0.0418432046,-0.6070927729,0.0141094971
3.129953,0.390847,-6.868918,0.078067,-0.0166891789,-0.5613310913,-0.007175006
3.131002,0.186697,-7.953558,2.107556,-0.0411663574,-0.4868353305,-0.007175006
3.132051,-0.029462,-11.657615,2.282885,-0.0358452316,-0.4453305495,0.0162379474
3.1331,0.748709,-11.887472,0.198155,-0.0464874832,-0.3899908415,0.0268801989
3.134118,0.782334,-9.581715,-0.078048,-0.0528728341,-0.3027243789,0.0162379474
3.135167,-0.236013,-8.616792,-0.330233,-0.0475517083,-0.2739902998,0.0087883713
3.136216,-0.673134,-10.690298,-0.688095,-0.0358452316,-0.3005959286,0.0151737222
3.137265,-0.464181,-10.968042,-0.841808,0.0088522248,-0.3091097298,0.0268801989
3.138283,-0.483395,-7.031733,-0.9667,0.0535496813,-0.3335869084,0.0258159738
3.139332,-1.11746,-7.422012,-0.159708,0.079091085,-0.4304313974,0.0173021725
3.140381,-1.472921,-12.737466,0.371082,0.0961186874,-0.5400465882,0.0258159738
3.14143,-0.665929,-11.707896,-0.111672,0.0705772837,-0.5783586937,0.0332655499
3.142479,0.114644,-7.5968,0.383091,0.023751377,-0.5560099655,0.0194306229
3.143497,-0.14955,-9.062141,2.657559,0.0067237745,-0.5272758863,0.0098525965
3.144546,-0.23121,-11.011141,2.448606,-0.0113680531,-0.5123767342,0.0162379474
3.145595,0.770325,-10.024669,0.570428,-0.0528728341,-0.4538443507,0.0173021725
3.147661,-0.151951,-9.529039,0.04204,-0.0762857875,-0.2974032532,0.0024030204
3.148711,-0.66833,-10.970437,-0.447919,-0.0571297347,-0.3325226832,0.0130452719
3.14976,-0.332084,-10.869874,-1.790504,-0.0188176292,-0.3314584581,0.0183663977
3.146644,1.015305,-9.093268,0.315841,-0.0784142378,-0.3410364845,0.0055956959
3.150809,-1.153486,-7.797925,-0.551195,0.0705772837,-0.3899908415,0.0151737222
3.151826,-1.552179,-11.150013,-0.109271,0.114210515,-0.5006702575,0.0290086492
3.152875,-0.95414,-11.961697,-0.38067,0.1056967138,-0.55281729,0.0375224505
3.153925,-0.077497,-8.343836,0.066058,0.0450358801,-0.5347254624,0.0258159738
3.154974,-0.14955,-8.530596,2.436597,0.023751377,-0.5198263103,0.0119810468
3.155991,-0.514618,-11.293674,3.637478,0.0258798273,-0.5347254624,0.0173021725
3.157041,0.474908,-9.87622,1.658426,-0.0134965034,-0.5102482839,0.0226232983
3.15809,1.224258,-7.623137,0.527196,-0.0581939599,-0.4091468943,0.0109168216
3.159138,0.25875,-9.124394,0.24619,-0.0837353635,-0.3357153587,0.0034672456
3.160188,-0.401735,-12.526763,-0.140494,-0.0805426881,-0.3357153587,0.0130452719
3.161206,-0.260031,-12.253808,-1.257313,-0.0369094568,-0.3165593059,0.0151737222
3.162254,-0.529028,-8.221725,-1.982645,0.0067237745,-0.296339028,0.0024030204
3.163303,-1.081433,-7.017367,-0.784166,0.0386505291,-0.3495502857,0.0034672456
3.164353,-1.345627,-10.558609,-0.628051,0.0801553101,-0.4283029471,0.0258159738
3.16537,-1.143879,-12.22747,-0.673685,0.0918617868,-0.4719361784,0.0460362517
3.166419,-0.512216,-8.650313,0.503179,0.0524854561,-0.4996060324,0.0428435762
3.167468,-0.161558,-7.963135,2.105154,0.0365220788,-0.5421750385,0.0268801989
3.168517,-0.233611,-11.863529,3.190751,0.0450358801,-0.5826155943,0.020494848
3.169535,0.484516,-11.21466,1.860174,0.0056595494,-0.5560099655,0.0194306229
3.170584,1.205044,-6.938354,0.599249,-0.0656435359,-0.4410736489,0.0045314707
3.171633,0.398052,-7.139479,1.09161,-0.1018271912,-0.3527429611,-0.0039823305
3.172683,-0.332084,-11.3248,0.500777,-0.0911849396,-0.3665778881,0.0098525965
3.173732,0.018574,-13.417461,-1.682425,-0.0539370592,-0.3676421133,0.0194306229
3.17475,-0.053479,-10.640017,-2.527845,-0.0103038279,-0.3133666305,0.0087883713
3.175798,-0.956542,-7.108353,-1.067574,0.0280082776,-0.3208162065,-0.0018538802
3.176848,-1.477724,-12.641692,-0.851415,0.0993113629,-0.4676792777,0.0439078014
3.177899,-0.656321,-9.6727,-1.005128,0.0609992574,-0.4538443507,0.0545500529
3.178914,-0.324878,-6.555258,1.305367,0.0131091254,-0.4655508274,0.0364582253
3.179963,-0.725973,-10.477201,3.62547,0.0290725027,-0.5411108133,0.020494848
3.181012,-0.0823,-12.493243,2.278081,0.0258798273,-0.5815513692,0.0183663977
3.182062,1.125786,-8.401301,0.640079,-0.0241387549,-0.5059913833,0.0045314707
3.183079,0.68146,-6.428358,0.743355,-0.0645793108,-0.4027615434,-0.0135603569
3.184128,-0.288852,-9.687066,0.861041,-0.0752215623,-0.4027615434,-0.007175006
3.185177,-0.017453,-12.77817,-0.397482,-0.059258185,-0.4293671722,0.0109168216
3.186227,0.335606,-11.595362,-2.326097,-0.0326525562,-0.3740274642,0.0173021725
3.187278,-0.444966,-8.446793,-1.68963,-0.0124322782,-0.3272015575,0.0130452719
3.188293,-1.453707,-8.887354,-0.142895,0.0194944764,-0.3804128151,0.020494848
3.189342,-1.400868,-12.086203,0.090076,0.0695130586,-0.4506516753,0.0407151259
3.190392,-0.507412,-10.580158,-0.570409,0.0748341844,-0.4432020992,0.0471004769
3.191441,-0.207192,-6.998212,-0.087655,0.0333294034,-0.4123395698,0.0322013247
3.192459,-0.846061,-8.880171,2.602319,0.023751377,-0.4506516753,0.0215590732
3.193508,-0.615492,-11.138041,2.619131,0.0280082776,-0.5262116612,0.020494848
3.194557,0.758316,-9.473969,0.618463,0.0003384236,-0.5325970121,0.0098525965
3.195606,1.024912,-8.432427,0.616062,-0.0347810065,-0.4602297017,-0.0061107808
3.196624,0.165081,-9.675094,0.606455,-0.0518086089,-0.4187249207,-0.0114319066
3.197673,-0.0823,-10.666355,0.1237,-0.045423258,-0.4378809734,-0.007175006
3.198722,0.157876,-10.364667,-1.072377,-0.0305241059,-0.4325598477,0.0034672456
3.199773,-0.039069,-9.758896,-1.836138,-0.0209460795,-0.3836054906,0.0194306229
3.200821,-0.846061,-10.240161,-0.534382,-0.0060469273,-0.3612567624,0.0322013247
3.201838,-1.292788,-11.221843,0.332654,0.0205587015,-0.3953119673,0.0396509008
3.202887,-0.461779,-8.451582,0.116495,0.0343936285,-0.3974404176,0.0322013247
3.203936,-0.951738,-8.73651,1.026763,0.0226871518,-0.4038257685,0.0258159738
3.204985,-1.05021,-9.423688,2.064324,0.0120449003,-0.4698077281,0.0215590732
3.206003,-0.315271,-8.887354,1.079602,-0.003918477,-0.5272758863,0.0141094971
3.207052,0.196304,-9.916923,0.565625,-0.0156249537,-0.5283401115,0.0013387952
3.208101,0.186697,-10.905789,0.519991,-0.0262672052,-0.503862933,-0.0103676814
3.209153,0.253946,-9.347068,0.056451,-0.0347810065,-0.483642655,-0.0135603569
3.210168,0.265955,-8.525807,-0.284599,-0.0358452316,-0.4581012514,-0.0050465557
3.211217,0.138662,-10.273681,-0.988316,-0.0379736819,-0.4219175961,0.0141094971
3.212266,0.011368,-12.064654,-0.625649,-0.0305241059,-0.3761559145,0.0322013247
3.213315,-0.473788,-11.331983,-0.003593,-0.0081753776,-0.3452933851,0.034329775
3.214333,-0.73558,-9.143549,-0.063637,0.0045953242,-0.3495502857,0.0279444241
3.215382,-0.574662,-8.32947,0.243788,0.0152375758,-0.3548714115,0.0258159738
3.216431,-0.908507,-9.268055,0.608856,0.0322651782,-0.3687063385,0.0322013247
3.21748,-1.083835,-9.485941,0.767373,0.0290725027,-0.4314956225,0.0322013247
3.218532,-0.432958,-8.250457,0.399903,0.0056595494,-0.497477582,0.0183663977
3.219547,-0.324878,-9.663123,0.604053,-0.0071111525,-0.5283401115,0.0055956959
3.220596,-0.66833,-12.222681,1.185279,-0.0049827022,-0.5613310913,-0.0018538802
3.221645,0.117046,-10.039035,-0.0132,-0.0166891789,-0.566652217,-0.0103676814
3.222694,0.741504,-7.084409,-0.337438,-0.0358452316,-0.5017344827,-0.0146245821
3.223712,0.191501,-8.899325,0.760167,-0.045423258,-0.4410736489,0.0013387952
3.224761,0.244339,-12.380708,0.210164,-0.0422305825,-0.4123395698,0.0279444241
3.22581,0.631023,-12.316061,-0.399884,-0.0241387549,-0.3591283121,0.0353940002
3.22686,-0.005444,-9.196225,-0.200538,-0.0156249537,-0.3133666305,0.0247517486
3.227877,-0.786017,-8.49468,-0.020405,-0.0156249537,-0.3208162065,0.0194306229
3.228926,-1.071826,-10.400582,0.022826,0.0109806751,-0.3452933851,0.0258159738
3.229975,-0.862873,-6.672581,-0.044423,0.0386505291,-0.4389451986,0.0215590732
3.231027,-0.944533,-9.114817,0.642481,0.0397147543,-0.5166336348,0.0109168216
3.232073,-1.074228,-13.065492,1.139646,0.0407789794,-0.5836798195,0.0087883713
3.233091,-0.401735,-11.138041,0.594446,0.0163018009,-0.608156998,-0.0007896551
3.23414,0.318794,-7.472294,0.135709,-0.0369094568,-0.5634595416,-0.0135603569
3.235189,0.189099,-8.228908,1.343796,-0.0709646617,-0.4910922311,-0.0050465557
3.236238,0.090627,-11.051845,1.586373,-0.0699004365,-0.4527801256,0.0162379474
3.237256,0.647835,-11.614517,0.351868,-0.0624508605,-0.4134037949,0.0215590732
3.238305,0.779932,-9.768474,-0.527177,-0.0581939599,-0.3357153587,0.0130452719
3.239354,-0.019855,-9.031014,-0.601632,-0.0507443838,-0.2856967765,0.0087883713
3.240406,-0.718767,-10.905789,-0.616042,-0.0305241059,-0.2974032532,0.0141094971
3.241421,-0.651518,-10.491567,-0.983512,0.0120449003,-0.3250731072,0.020494848
3.24247,-0.579465,-6.504977,-0.592025,0.0524854561,-0.3708347888,0.0162379474
3.243519,-1.163093,-7.654264,-0.123681,0.072705734,-0.4570370262,0.0109168216
3.244568,-1.535366,-13.161266,0.565625,0.0812195353,-0.5496246146,0.0215590732
3.245617,-0.774008,-11.851557,0.57283,0.0503570058,-0.6028358723,0.0268801989
3.246635,0.287571,-7.35497,0.428724,-0.0060469273,-0.5921936207,0.006659921
3.247684,0.174688,-8.544962,2.50865,-0.0326525562,-0.5368539127,-0.0050465557
3.248733,-0.103916,-11.109309,2.407776,-0.0486159335,-0.4889637808,0.0077241462
3.249785,0.662246,-10.611285,0.582437,-0.0762857875,-0.420853371,0.0130452719
3.2508,0.631023,-9.246506,0.236583,-0.0890564893,-0.3282657826,0.0013387952
3.251849,-0.365708,-9.411716,-0.162109,-0.086928039,-0.3016601538,-0.0007896551
3.2529,-0.610688,-10.999169,-0.570409,-0.0699004365,-0.3250731072,0.0077241462
3.253947,-0.437761,-10.731002,-1.670416,-0.0283956555,-0.3197519814,0.0141094971
3.254964,-0.658723,-8.006233,-1.461463,0.0173660261,-0.3367795838,0.0130452719
3.256013,-1.247155,-11.355927,-0.491151,0.0886691114,-0.5198263103,0.0215590732
3.257063,-0.752392,-11.530714,0.003612,0.0663203831,-0.5570741907,0.0279444241
3.258112,-0.175969,-8.597637,0.827417,0.0216229267,-0.5570741907,0.0194306229
3.259162,-0.144746,-9.165098,2.42699,0.0035310991,-0.5485603894,0.006659921
3.260178,-0.209594,-11.013535,3.13551,-0.0134965034,-0.5400465882,0.0055956959
3.261227,0.676657,-9.560166,1.475892,-0.059258185,-0.4889637808,0.0055956959
3.262278,0.98168,-8.008628,0.488768,-0.0996987408,-0.3846697158,-0.0018538802
3.263326,-0.017453,-9.651151,0.20536,-0.1092767672,-0.3335869084,-0.0007896551
3.264343,-0.365708,-12.002401,-0.4215,-0.0933133899,-0.3474218354,0.0077241462
3.265392,-0.211995,-11.43494,-1.860155,-0.0528728341,-0.3346511335,0.0034672456
3.266441,-0.560251,-8.576088,-1.910592,-0.0092396028,-0.3293300078,-0.007175006
3.269557,-0.992568,-11.504377,-0.50316,0.0695130586,-0.5198263103,0.0385866756
3.26749,-1.127067,-7.694968,-0.594427,0.0312009531,-0.3921192918,-0.0018538802
3.268508,-1.369645,-10.513116,-0.625649,0.0716415089,-0.4793857544,0.020494848
3.270606,-0.360905,-8.449188,0.553616,0.0258798273,-0.531532787,0.0332655499
3.271658,-0.252825,-8.872987,2.477427,0.0173660261,-0.5677164422,0.0173021725
3.272704,-0.27204,-11.808459,3.200358,0.0184302512,-0.5932578459,0.0098525965
3.273722,0.652639,-10.012697,1.523928,-0.0305241059,-0.5400465882,0.0077241462
3.27477,1.099367,-7.048494,0.692918,-0.0901207145,-0.4229818213,-0.0029181054
3.27582,0.172286,-8.410878,0.77698,-0.1177905685,-0.3591283121,-0.0061107808
3.276869,-0.255227,-12.136485,-0.099664,-0.1071483169,-0.3697705636,0.0055956959
3.277886,-0.005444,-12.732677,-1.920199,-0.0677719862,-0.3399722593,0.006659921
3.278935,-0.358503,-9.119605,-2.242035,-0.0188176292,-0.2984674783,-0.0061107808
3.279985,-1.143879,-7.046099,-0.901852,0.0226871518,-0.3484860605,-0.0093034563
3.281035,-1.112656,-12.205921,-0.863424,0.0822837604,-0.4666150526,0.0428435762
3.282051,-0.524225,-9.258478,0.08287,0.051421231,-0.4676792777,0.0460362517
3.2831,-0.476189,-8.262429,2.073931,0.0269440524,-0.5145051845,0.0258159738
3.284151,-0.485796,-10.92255,3.08027,0.0248156021,-0.5826155943,0.0130452719
3.285198,0.446087,-10.604102,1.684846,-0.0081753776,-0.5762302434,0.006659921
3.286215,1.094563,-7.800319,0.81781,-0.0677719862,-0.4783215293,-0.0061107808
3.287265,0.304383,-7.333421,1.250127,-0.1018271912,-0.4048899937,-0.0114319066
3.288314,-0.260031,-10.326357,0.54641,-0.0975702905,-0.4165964704,-0.0050465557
3.289363,0.189099,-13.027182,-1.67522,-0.0709646617,-0.4016973182,0.0024030204
3.290412,0.121849,-11.224238,-2.448587,-0.031588331,-0.3303942329,-0.0007896551
3.29143,-0.963747,-7.797925,-0.990717,0.0109806751,-0.3272015575,-0.0050465557
3.292479,-1.741918,-8.963973,-0.169315,0.0492927807,-0.4144680201,0.0098525965
3.29353,-1.369645,-11.956908,-0.23176,0.0780268598,-0.4772573041,0.0385866756
3.294577,-0.584269,-10.089317,-0.342242,0.0546139064,-0.4730004035,0.0460362517
3.295594,-0.348896,-7.730883,0.829818,-0.0017900267,-0.4740646287,0.0290086492
3.296643,-0.615492,-9.823544,3.130707,-0.0081753776,-0.5134409594,0.0151737222
3.297693,-0.276843,-10.70227,2.626337,-0.0007258016,-0.5538815152,0.0098525965
3.298742,0.743906,-8.633553,0.58724,-0.0337167813,-0.5272758863,-0.0018538802
3.299759,0.81836,-8.09243,0.515188,-0.0624508605,-0.4378809734,-0.0156888072
3.300808,0.011368,-9.742136,0.690516,-0.059258185,-0.3985046428,-0.0167530324
3.301857,-0.171166,-11.255364,-0.234162,-0.0486159335,-0.420853371,-0.0103676814
3.302909,0.004163,-11.075788,-1.543123,-0.0358452316,-0.4102111194,-0.0018538802
3.303955,-0.264834,-9.56256,-1.776094,-0.0252029801,-0.3740274642,0.0077241462
3.304973,-0.958944,-9.332702,-0.38067,-0.0060469273,-0.3857339409,0.020494848
3.306024,-1.196718,-11.264942,0.580035,0.0301367279,-0.4410736489,0.0375224505
3.307071,-0.36811,-10.742974,0.020425,0.0439716549,-0.4495874501,0.0428435762
3.30812,-1.0358,-8.554539,1.648819,0.0014026488,-0.4155322452,0.0151737222
3.309137,-1.0358,-10.163541,2.143582,0.0003384236,-0.4964133569,0.0119810468
3.310187,0.078618,-9.196225,0.539205,-0.017753404,-0.538982363,0.0034672456
3.311236,0.383642,-9.208196,0.488768,-0.0369094568,-0.51769786,-0.0103676814
3.312285,0.100234,-10.467624,0.510384,-0.0390379071,-0.4953491317,-0.0156888072
3.313302,0.268357,-10.017486,-0.262983,-0.0337167813,-0.483642655,-0.0124961318
3.314351,0.328401,-9.224957,-0.515168,-0.0262672052,-0.4581012514,-0.0018538802
3.315402,0.160278,-10.11326,-1.125216,-0.0283956555,-0.4176606955,0.0162379474
3.316449,-0.175969,-11.315223,-0.678488,-0.0209460795,-0.3718990139,0.0279444241
3.317498,-0.862873,-10.862691,0.114093,0.0014026488,-0.3601925372,0.0290086492
3.318516,-0.939729,-9.555377,0.152521,0.0163018009,-0.3804128151,0.0236875235
3.319565,-0.61309,-8.947212,0.306234,0.0258798273,-0.3857339409,0.0226232983
3.320614,-0.906105,-9.007071,0.676106,0.0333294034,-0.4006330931,0.0258159738
3.321663,-1.016586,-9.08369,1.19969,0.0269440524,-0.4655508274,0.0247517486
3.322681,-0.425752,-8.80834,0.726543,0.0077879997,-0.5283401115,0.0141094971
3.32373,-0.161558,-10.103683,0.673704,-0.0049827022,-0.5506888397,0.0024030204
3.324781,-0.219201,-11.348744,0.940299,-0.0113680531,-0.5560099655,-0.0093034563
3.325828,0.251545,-9.016648,-0.150101,-0.0283956555,-0.5336612373,-0.0188814827
3.326846,0.426873,-7.642292,-0.174118,-0.0411663574,-0.483642655,-0.0167530324
3.327895,0.131456,-10.300019,0.174137,-0.0401021322,-0.4432020992,0.0045314707
3.328944,0.261152,-12.591411,-0.35425,-0.0262672052,-0.4027615434,0.0268801989
3.329993,0.071412,-11.552264,-0.332634,-0.0028542519,-0.3612567624,0.0279444241
3.331042,-0.420949,-8.750876,-0.210145,0.0003384236,-0.3506145108,0.0194306229
3.33206,-0.622697,-8.121162,0.154923,0.0045953242,-0.3601925372,0.020494848
3.333109,-0.968551,-10.221006,0.342261,0.0290725027,-0.3761559145,0.0322013247
3.33416,-0.553046,-7.41004,0.200557,0.0301367279,-0.4708719532,0.0226232983
3.335207,-0.814838,-9.651151,0.820211,0.0301367279,-0.5283401115,0.0109168216
3.336224,-0.944533,-12.562679,1.238118,0.0333294034,-0.5826155943,0.006659921
3.337276,-0.248022,-10.141992,0.301431,0.00991645,-0.5932578459,-0.0007896551
3.338323,0.407659,-7.173,0.154923,-0.0337167813,-0.5357896876,-0.0103676814
3.339372,0.150671,-8.923269,1.264537,-0.0581939599,-0.4666150526,-0.0007896551
3.340389,0.107439,-12.019162,1.072396,-0.059258185,-0.4336240728,0.0194306229
3.341439,0.650237,-11.762966,-0.056432,-0.0475517083,-0.3846697158,0.0236875235
3.342488,0.38124,-9.13876,-0.431107,-0.0326525562,-0.3208162065,0.0162379474
3.343537,-0.428154,-8.758059,-0.274992,-0.0230745298,-0.3069812795,0.0151737222
3.344555,-0.706758,-10.912972,-0.628051,0.0014026488,-0.3282657826,0.0247517486
3.345604,-0.658723,-9.897769,-0.928271,0.037586304,-0.3452933851,0.0322013247
3.346656,-0.91331,-6.715679,-0.212546,0.0641919328,-0.4048899937,0.0236875235
3.347702,-1.314404,-9.014254,0.308636,0.0758984095,-0.5134409594,0.0151737222
3.348751,-1.151084,-12.883521,0.498375,0.0695130586,-0.5985789716,0.0194306229
3.349769,-0.360905,-10.666355,0.548812,0.0343936285,-0.6177350244,0.0151737222
3.350818,0.179492,-7.740461,1.017156,-0.0134965034,-0.5815513692,0.0024030204
3.351867,-0.010247,-8.822706,2.37175,-0.0379736819,-0.5357896876,0.0045314707
3.352917,0.174688,-10.606496,1.737685,-0.0496801586,-0.497477582,0.0183663977
3.353934,0.892815,-11.051845,0.356671,-0.0635150856,-0.4197891458,0.0173021725
3.354983,0.619014,-10.115654,0.135709,-0.0667077611,-0.3272015575,0.006659921
3.356035,-0.303262,-9.435659,-0.303813,-0.0613866353,-0.3027243789,0.0055956959
3.357082,-0.533832,-10.328751,-0.997923,-0.0401021322,-0.3218804317,0.0141094971
3.358099,-0.348896,-9.90974,-1.816923,-0.0007258016,-0.3218804317,0.0226232983
3.359151,-0.615492,-7.620743,-1.300545,0.0429074297,-0.3484860605,0.0226232983
3.360197,-1.566589,-12.696762,0.135709,0.1152747402,-0.559202641,0.0322013247
3.361247,-0.673134,-11.343955,-0.33984,0.0833479856,-0.5985789716,0.0311370995
3.362296,0.215518,-7.55849,0.337457,0.0258798273,-0.5687806673,0.0162379474
3.363313,-0.118327,-8.691017,2.940967,0.0109806751,-0.5379181379,0.0119810468
3.364362,-0.27204,-10.709453,3.104287,-0.0017900267,-0.5347254624,0.020494848
3.365413,0.948056,-9.823544,0.909077,-0.0379736819,-0.4751288538,0.0194306229
3.366461,1.238669,-8.97355,0.025228,-0.0667077611,-0.3495502857,0.0087883713
3.367478,-0.144746,-10.345512,-0.063637,-0.0794784629,-0.3048528292,0.0045314707
3.368529,-0.795624,-11.765361,-0.198136,-0.0613866353,-0.3474218354,0.0109168216
3.369577,-0.512216,-10.036641,-1.735264,-0.017753404,-0.3548714115,0.0119810468
3.370626,-0.66833,-7.587222,-1.821727,0.0194944764,-0.3548714115,0.0098525965
3.371643,-1.28078,-8.64313,-0.082851,0.0599350322,-0.420853371,0.0226232983
3.372692,-1.45851,-11.796487,-0.056432,0.0993113629,-0.5134409594,0.0417793511
3.373742,-0.730776,-11.073394,-0.020405,0.0822837604,-0.5581384158,0.0471004769
3.374791,0.049797,-7.87215,0.656892,0.0322651782,-0.5517530649,0.0322013247
3.37584,-0.183174,-9.438054,2.614328,0.0216229267,-0.55281729,0.0162379474
3.376858,-0.404136,-11.750994,3.387695,0.0141733506,-0.5687806673,0.0173021725
3.377909,0.676657,-9.234534,1.125235,-0.0305241059,-0.5219547606,0.0173021725
3.378956,1.118581,-7.13469,0.28702,-0.0741573372,-0.4059542188,0.0087883713
3.380005,-0.003042,-9.280027,0.539205,-0.0879922642,-0.3569998618,0.0077241462
3.381025,-0.392128,-12.646481,-0.493553,-0.0709646617,-0.3825412655,0.0173021725
3.382072,0.011368,-12.241836,-2.160375,-0.0273314304,-0.3538071863,0.0141094971
3.383121,-0.447368,-8.228908,-2.035484,0.0184302512,-0.3154950808,-0.0018538802
3.38417,-1.338422,-7.194549,-0.656872,0.0524854561,-0.3697705636,0.0002745701
3.385188,-1.614625,-10.972831,-0.560802,0.0907975617,-0.4538443507,0.0311370995
3.386237,-0.476189,-8.154683,0.169334,0.0365220788,-0.4964133569,0.0545500529
3.387286,-0.40894,-8.724538,2.880923,0.0248156021,-0.5570741907,0.0332655499
3.388335,-0.317673,-11.798881,3.279616,0.0397147543,-0.6145423489,0.0226232983
3.389384,0.741504,-9.904952,1.053182,-0.0028542519,-0.5645237667,0.0151737222
3.390404,0.964868,-6.519343,0.959514,-0.0656435359,-0.4463947747,0.0024030204
3.391451,0.088225,-8.116373,1.098816,-0.0901207145,-0.4038257685,-0.0018538802
3.3925,0.059404,-12.555496,-0.087655,-0.0752215623,-0.4229818213,0.0098525965
3.39355,0.371633,-12.691974,-1.795308,-0.0369094568,-0.3846697158,0.0183663977
3.394567,-0.202388,-9.007071,-2.352516,0.0003384236,-0.3293300078,0.0119810468
3.395616,-1.134272,-8.032571,-0.911459,0.0333294034,-0.3538071863,0.0119810468
3.396666,-1.494536,-10.532271,-0.147699,0.0812195353,-0.4251102716,0.0364582253
3.397715,-1.016586,-11.358321,-0.402286,0.1078251641,-0.462358152,0.0577427284
3.398732,-0.372914,-8.851438,-0.301412,0.0737699592,-0.4612939268,0.048164702
3.399784,-0.459377,-8.434822,1.384625,0.0322651782,-0.4804499796,0.0290086492
3.40083,-0.759597,-10.649594,2.996208,0.0290725027,-0.5368539127,0.0226232983
3.401879,-0.019855,-10.11326,1.713667,0.0141733506,-0.5613310913,0.0194306229
3.402929,0.90002,-8.135528,0.700123,-0.0262672052,-0.5102482839,0.0109168216
3.403946,0.525345,-8.315104,0.949907,-0.0486159335,-0.4463947747,0.006659921
3.404995,-0.012649,-10.101288,0.19095,-0.0518086089,-0.4421378741,0.0077241462
3.406044,0.213116,-11.69353,-1.086788,-0.0379736819,-0.4325598477,0.0098525965
3.407094,0.167483,-10.917761,-1.973038,-0.0113680531,-0.3718990139,0.0098525965
3.408111,-0.697151,-9.102845,-1.302946,0.0141733506,-0.3474218354,0.0151737222
3.409161,-1.475322,-9.766079,0.044442,0.0503570058,-0.3985046428,0.0332655499
3.410209,-1.232744,-11.264942,0.126102,0.092926012,-0.4474589998,0.0524216026
3.411258,-0.435359,-9.572137,-0.277394,0.0801553101,-0.4389451986,0.0545500529
3.412278,-1.009381,-9.943261,2.475025,0.0269440524,-0.4793857544,0.0268801989
3.413325,-0.603483,-10.436497,2.196421,0.0184302512,-0.5538815152,0.020494848
3.414374,0.554167,-8.499469,0.784185,-0.0103038279,-0.5613310913,0.0130452719
3.415424,0.573381,-8.920874,0.685713,-0.0294598807,-0.511312509,0.0034672456
3.416441,0.081019,-10.173119,0.495973,-0.0337167813,-0.4868353305,0.0013387952
3.41749,0.196304,-10.158753,-0.274992,-0.0241387549,-0.4783215293,0.0055956959
3.418539,0.31399,-9.974388,-1.120412,-0.0156249537,-0.4421378741,0.0130452719
3.419588,-0.072693,-10.750157,-1.535917,-0.0134965034,-0.3963761924,0.0236875235
3.420638,-0.697151,-11.154802,-0.308617,0.0024668739,-0.3750916894,0.0353940002
3.421658,-1.002175,-9.933684,0.623267,0.0290725027,-0.3974404176,0.0428435762
3.422704,-0.706758,-8.940029,0.435929,0.0461001052,-0.4251102716,0.0439078014
3.423753,-0.548242,-9.119605,0.556018,0.0439716549,-0.420853371,0.0449720265
3.426869,-0.115925,-8.386935,0.507982,-0.0060469273,-0.545367714,0.0130452719
3.427918,-0.10872,-10.070162,0.666499,-0.0156249537,-0.5379181379,0.0055956959
3.428967,-0.264834,-11.444518,0.532,-0.017753404,-0.5272758863,0.0024030204
3.429985,0.227527,-8.980733,-0.121279,-0.0188176292,-0.5070556084,-0.0018538802
3.431036,0.256348,-7.623137,0.00121,-0.0145607286,-0.4804499796,0.0013387952
3.432083,0.061805,-10.572975,-0.287001,-0.0145607286,-0.4602297017,0.0226232983
3.42582,-0.925319,-9.339885,1.245323,0.0194944764,-0.5091840587,0.0300728744
3.424803,-1.028595,-9.754108,1.187681,0.037586304,-0.4432020992,0.0428435762
3.433132,0.347615,-12.720706,-0.488749,-0.0060469273,-0.4176606955,0.0428435762
3.434181,0.124251,-10.881846,-0.397482,0.0003384236,-0.3687063385,0.0428435762
3.435199,-0.442565,-8.760453,-0.147699,-0.0060469273,-0.3569998618,0.0364582253
3.437297,-1.009381,-10.204245,-0.157306,0.0386505291,-0.3665778881,0.0385866756
3.438347,-0.584269,-7.196943,0.27261,0.0429074297,-0.4847068802,0.0194306229
3.436248,-0.673134,-9.256083,0.106888,0.0109806751,-0.3569998618,0.0375224505
3.439364,-1.009381,-11.078183,1.007549,0.0524854561,-0.5549457403,0.0141094971
3.440414,-0.836454,-12.735072,1.146851,0.0482285555,-0.6187992496,0.0151737222
3.441462,0.369231,-9.004677,-0.274992,0.0131091254,-0.6145423489,0.0055956959
3.442511,0.748709,-7.371731,0.142914,-0.0283956555,-0.5325970121,-0.0018538802
3.443531,0.153072,-9.766079,1.502312,-0.045423258,-0.4676792777,0.0141094971
3.444578,0.357222,-11.813248,0.656892,-0.045423258,-0.4325598477,0.034329775
3.445627,0.890413,-11.703108,-0.551195,-0.0347810065,-0.3559356366,0.0375224505
3.446676,0.210715,-9.529039,-0.361456,-0.0188176292,-0.2761187501,0.0290086492
3.447725,-0.889292,-8.827495,-0.123681,-0.003918477,-0.282504101,0.0236875235
3.448743,-1.13187,-10.192274,-0.392679,0.0312009531,-0.3389080342,0.0300728744
3.449792,-0.910908,-8.712566,-0.551195,0.0705772837,-0.3878623912,0.0375224505
3.450841,-1.07663,-7.204126,-0.234162,0.0822837604,-0.4602297017,0.0332655499
3.45189,-1.369645,-10.659172,0.964317,0.0780268598,-0.5602668661,0.0322013247
3.45291,-1.040603,-12.751832,1.346197,0.065256158,-0.6315699514,0.0332655499
3.453957,-0.115925,-9.691855,0.267806,0.0194944764,-0.635826852,0.0151737222
3.455006,0.38124,-7.685391,0.952308,-0.0369094568,-0.5698448925,-0.0007896551
3.456055,0.066609,-8.925663,2.311706,-0.0603224102,-0.5006702575,0.006659921
3.457073,0.203509,-11.008746,1.396634,-0.0624508605,-0.4581012514,0.0215590732
3.458122,0.827968,-11.26973,0.337457,-0.0581939599,-0.3899908415,0.0268801989
3.459171,0.496524,-9.478758,-0.414294,-0.0496801586,-0.3229446568,0.020494848
3.46022,-0.356101,-9.459603,-0.911459,-0.045423258,-0.3218804317,0.0194306229
3.46127,-0.61309,-10.826776,-1.041154,-0.0188176292,-0.3389080342,0.0279444241
3.462286,-0.593876,-9.495518,-1.586354,0.023751377,-0.3474218354,0.034329775
3.463336,-0.898899,-7.302295,-0.882638,0.058870807,-0.4016973182,0.0300728744
3.464385,-1.283181,-12.730283,0.24619,0.1025040383,-0.5879367201,0.0407151259
3.465435,-0.413744,-10.106077,-0.025209,0.0524854561,-0.6039000974,0.0353940002
3.466452,0.153072,-7.556096,1.086807,-0.0007258016,-0.5677164422,0.0173021725
3.467501,-0.332084,-9.658334,3.31324,-0.0124322782,-0.5443034888,0.0162379474
3.46855,-0.031863,-10.824382,2.364544,-0.031588331,-0.5357896876,0.0258159738
3.469599,1.120983,-9.725376,0.507982,-0.0613866353,-0.4570370262,0.0215590732
3.470616,0.671853,-9.136366,0.339859,-0.0773500126,-0.3463576102,0.0098525965
3.471666,-0.502609,-10.345512,0.049246,-0.0805426881,-0.3335869084,0.0119810468
3.472715,-0.440163,-11.45649,-0.704908,-0.0560655095,-0.3591283121,0.0183663977
3.473764,-0.178371,-9.694249,-2.09793,-0.0166891789,-0.3357153587,0.0173021725
3.474784,-0.677937,-7.594405,-1.475873,0.0205587015,-0.3463576102,0.0162379474
3.47583,-1.372047,-9.203408,0.056451,0.0663203831,-0.4474589998,0.0268801989
3.47688,-1.396064,-12.179583,-0.234162,0.100375588,-0.5570741907,0.0407151259
3.477929,-0.459377,-10.462835,-0.219752,0.0695130586,-0.5921936207,0.0428435762
3.478978,0.141064,-7.752432,0.923487,0.0216229267,-0.5709091176,0.0300728744
3.479995,-0.365708,-9.924107,3.085073,0.0163018009,-0.5709091176,0.020494848
3.481045,-0.14955,-10.948888,2.847299,-0.0017900267,-0.5741017931,0.0247517486
3.482094,1.058537,-8.401301,0.594446,-0.0528728341,-0.497477582,0.0183663977
3.483143,1.012903,-8.169049,0.347064,-0.0890564893,-0.3804128151,0.0087883713
3.484162,-0.019855,-10.692692,0.279815,-0.0943776151,-0.3474218354,0.0130452719
3.48521,-0.389726,-12.442961,-0.791371,-0.0709646617,-0.3729632391,0.0194306229
3.486259,-0.372914,-10.999169,-2.206009,-0.031588331,-0.3580640869,0.0130452719
3.487308,-0.721169,-7.673419,-1.855352,0.0077879997,-0.3452933851,0.0045314707
3.488325,-1.468117,-8.204964,-0.438312,0.0482285555,-0.4038257685,0.0141094971
3.489374,-1.696285,-11.791698,-0.416696,0.0854764359,-0.4772573041,0.0396509008
3.490423,-0.257629,-7.165817,0.786587,0.023751377,-0.5230189857,0.0417793511
3.491473,-0.70916,-10.467624,3.454944,0.0343936285,-0.5772944686,0.0268801989
3.492522,-0.476189,-12.521975,2.938566,0.0280082776,-0.6134781238,0.0236875235
3.493539,0.936047,-8.034965,0.659293,-0.0422305825,-0.5496246146,0.0141094971
3.494588,1.010501,-6.196106,1.096414,-0.0911849396,-0.4336240728,0.0002745701
3.495637,-0.111121,-10.161147,0.988335,-0.0996987408,-0.4006330931,0.0045314707
3.496686,0.004163,-13.192392,-0.411893,-0.0794784629,-0.4176606955,0.0194306229
3.497703,0.551765,-11.123675,-2.27566,-0.0411663574,-0.3676421133,0.0162379474
3.498752,-0.199987,-8.204964,-2.82086,-0.0145607286,-0.3133666305,0.0024030204
3.499801,-1.480126,-9.136366,-0.678488,0.0173660261,-0.3538071863,0.0098525965
3.50085,-1.801962,-11.150013,0.202958,0.072705734,-0.4474589998,0.0396509008
3.501868,-0.889292,-9.93129,-0.505561,0.0886691114,-0.5017344827,0.0556142781
3.502917,-0.132737,-8.104402,0.056451,0.0503570058,-0.5006702575,0.0449720265
3.503966,-0.550644,-10.007909,2.311706,0.0258798273,-0.5155694097,0.0322013247
3.505015,-0.567456,-11.300857,3.010618,0.0131091254,-0.5655879919,0.0258159738
3.506064,0.676657,-8.935241,1.103619,-0.0262672052,-0.5581384158,0.0109168216
3.507081,1.032117,-7.697362,0.743355,-0.0677719862,-0.4644866023,-0.0029181054
3.50813,0.04019,-8.899325,1.250127,-0.0847995887,-0.407018444,0.0002745701
3.50918,-0.228808,-10.857902,0.073263,-0.0773500126,-0.4283029471,0.0109168216
3.510229,0.186697,-11.837191,-1.639193,-0.0496801586,-0.4176606955,0.0130452719
3.511246,-0.125532,-9.713404,-2.035484,-0.0166891789,-0.3708347888,0.0109168216
3.512295,-1.107853,-8.719749,-0.849013,0.0120449003,-0.3878623912,0.0162379474
3.513344,-1.494536,-11.413391,0.099683,0.0556781316,-0.4549085759,0.0396509008
3.514394,-0.865275,-11.41818,-0.296608,0.079091085,-0.4772573041,0.0577427284
3.515412,-0.276843,-7.733278,-0.505561,0.0322651782,-0.4527801256,0.0471004769
3.51646,-0.908507,-10.944099,3.13551,0.0035310991,-0.5240832109,0.0226232983
3.517509,-0.024658,-10.259315,1.598382,-0.0049827022,-0.5762302434,0.0151737222
3.518558,0.928842,-8.355808,0.575232,-0.0369094568,-0.5379181379,0.0013387952
3.519607,0.359624,-8.875382,0.813006,-0.0528728341,-0.4783215293,-0.0039823305
3.520625,-0.23121,-10.170724,0.486366,-0.0539370592,-0.490028006,0.0024030204
3.521674,0.141064,-10.771706,-0.688095,-0.0496801586,-0.4985418072,0.0109168216
3.522723,0.306785,-10.264104,-1.864959,-0.0475517083,-0.4432020992,0.0151737222
3.523772,-0.324878,-9.778051,-1.161242,-0.0443590329,-0.393183517,0.0215590732
3.524789,-1.136674,-10.742974,0.138111,-0.0134965034,-0.4048899937,0.034329775
3.525838,-0.918114,-11.188323,0.253395,0.0290725027,-0.4325598477,0.0471004769
3.526887,-0.211995,-9.035803,-0.109271,0.0407789794,-0.4144680201,0.0449720265
3.527936,-0.656321,-7.893699,0.54641,0.0312009531,-0.4016973182,0.0364582253
3.528953,-1.355234,-9.691855,1.720872,0.023751377,-0.4655508274,0.0322013247
3.530003,-0.713964,-9.960022,1.166065,0.0045953242,-0.5411108133,0.0247517486
3.531052,0.0546,-9.054958,0.512786,-0.0252029801,-0.5506888397,0.0109168216
3.5321,-0.089506,-9.828333,1.03637,-0.0401021322,-0.5325970121,-0.0018538802
3.533152,0.04019,-9.94805,0.529598,-0.0443590329,-0.5272758863,-0.007175006
3.534167,0.486917,-8.971156,-0.104467,-0.0443590329,-0.5027987078,-0.0029181054
3.535216,0.446087,-9.6727,-0.483945,-0.0432948077,-0.4602297017,0.0109168216
3.536266,0.229929,-11.470856,-1.036351,-0.045423258,-0.4155322452,0.0279444241
3.537314,-0.221603,-11.504377,-0.592025,-0.0294598807,-0.37934859,0.0353940002
3.538332,-0.769204,-10.043824,-0.164511,-0.0092396028,-0.3740274642,0.0332655499
3.539381,-0.77641,-9.181858,0.159727,0.0035310991,-0.3867981661,0.034329775
3.54043,-0.81724,-9.222562,0.512786,0.0194944764,-0.3910550667,0.0396509008
3.541479,-0.999773,-9.088479,0.534402,0.0269440524,-0.4176606955,0.0407151259
3.542497,-0.646714,-8.298344,0.584839,0.0152375758,-0.4708719532,0.0279444241
3.543546,-0.69475,-11.580996,1.120432,0.0003384236,-0.5581384158,0.0098525965
3.544595,-0.399333,-11.377476,0.642481,-0.0071111525,-0.586872495,0.0024030204
3.545644,0.34041,-8.082852,-0.457526,-0.0326525562,-0.5570741907,-0.0082392311
3.546662,0.241938,-7.994262,0.390296,-0.0518086089,-0.4996060324,-0.0039823305
3.547711,0.107439,-11.118886,0.659293,-0.0581939599,-0.4612939268,0.0194306229
3.54876,0.621416,-12.292117,-0.344643,-0.0496801586,-0.4091468943,0.0353940002
3.549809,0.450891,-10.283259,-0.4215,-0.0347810065,-0.3442291599,0.0311370995
3.550858,-0.377717,-8.597637,-0.164511,-0.0220103046,-0.3261373323,0.0226232983
3.551875,-0.718767,-9.572137,-0.181323,0.0014026488,-0.3442291599,0.0258159738
3.552925,-0.838855,-10.05819,-0.438312,0.0312009531,-0.3623209875,0.0385866756
3.553973,-1.069425,-8.317499,-0.09486,0.051421231,-0.420853371,0.0375224505
3.555023,-1.191914,-8.552145,0.35427,0.051421231,-0.5240832109,0.0226232983
3.55604,-1.018988,-11.226632,0.813006,0.0386505291,-0.6049643226,0.0173021725
3.557089,-0.519421,-11.219449,1.026763,0.0163018009,-0.6305057263,0.0151737222
3.558139,0.069011,-8.75327,0.519991,-0.0283956555,-0.6028358723,0.0034672456
3.559187,0.160278,-8.343836,1.490303,-0.0624508605,-0.545367714,0.0034672456
3.560205,0.011368,-9.68946,1.896201,-0.0741573372,-0.4985418072,0.0162379474
3.561254,0.549363,-11.3248,0.474358,-0.0773500126,-0.4474589998,0.0226232983
3.562303,0.794343,-11.554658,-0.063637,-0.0667077611,-0.3633852127,0.0173021725
3.563352,-0.051077,-9.160309,-0.147699,-0.0528728341,-0.3123024053,0.0119810468
3.565419,-0.423351,-10.683115,-1.202072,-0.0113680531,-0.3580640869,0.0268801989
3.564403,-0.644313,-8.887354,-0.457526,-0.0401021322,-0.337843809,0.0141094971
3.566468,-0.442565,-9.047775,-1.396615,0.0184302512,-0.3601925372,0.034329775
3.567517,-1.127067,-7.489054,-0.130886,0.0407789794,-0.4325598477,0.0300728744
3.568566,-0.956542,-12.277751,0.174137,0.0663203831,-0.6326341766,0.0279444241
3.569584,-0.022256,-9.107634,0.15012,0.0173660261,-0.6230561502,0.0173021725
3.570632,0.21792,-8.305527,1.970655,-0.0220103046,-0.5772944686,0.0109168216
3.571682,-0.139943,-10.101288,3.020225,-0.0358452316,-0.5538815152,0.0173021725
3.57273,0.482114,-10.345512,1.257332,-0.0667077611,-0.5145051845,0.0215590732
3.573748,1.188232,-9.737347,0.279815,-0.0943776151,-0.3995688679,0.0151737222
3.574797,0.244339,-9.442842,0.255797,-0.0975702905,-0.3154950808,0.0098525965
3.575846,-0.754794,-10.529877,-0.174118,-0.0879922642,-0.3399722593,0.0141094971
3.576895,-0.584269,-11.202689,-0.997923,-0.0528728341,-0.365513663,0.0215590732
3.577945,-0.336887,-8.559328,-1.920199,-0.0092396028,-0.3548714115,0.0215590732
3.578962,-0.910908,-7.381308,-1.178055,0.0258798273,-0.4006330931,0.0183663977
3.580011,-1.561786,-11.092549,-0.267787,0.0684488334,-0.5006702575,0.0247517486
3.582109,-0.322477,-8.401301,-0.159708,0.0343936285,-0.5783586937,0.0322013247
3.58106,-1.261566,-12.438173,-0.431107,0.0801553101,-0.5698448925,0.0364582253
3.583126,-0.024658,-7.800319,1.70406,0.0056595494,-0.566652217,0.020494848
3.584176,-0.497805,-11.394237,3.478962,0.0163018009,-0.5783586937,0.0226232983
3.585225,0.227527,-10.654383,1.917817,-0.0134965034,-0.566652217,0.0258159738
3.586274,1.44522,-7.618349,0.147718,-0.0720288868,-0.4570370262,0.0119810468
3.587291,0.715085,-8.590454,0.443135,-0.100762966,-0.3495502857,0.0045314707
3.58834,-0.442565,-12.02395,0.102084,-0.0986345157,-0.3452933851,0.0141094971
3.589389,-0.428154,-12.488454,-1.057967,-0.0624508605,-0.3559356366,0.0194306229
3.590438,-0.411342,-8.585666,-2.028279,-0.017753404,-0.337843809,0.0109168216
3.591488,-0.956542,-6.713285,-1.408624,0.0120449003,-0.3708347888,0.0055956959
3.592505,-1.472921,-10.417342,-0.4215,0.0546139064,-0.4495874501,0.0215590732
3.593554,-1.379252,-12.61296,-0.692899,0.0844122107,-0.5091840587,0.0439078014
3.594603,-0.608286,-8.84665,0.116495,0.051421231,-0.5443034888,0.0460362517
3.595654,-0.459377,-11.624094,3.087475,0.0407789794,-0.6102854483,0.0268801989
3.596669,-0.031863,-11.382265,2.441401,0.0003384236,-0.6039000974,0.0236875235
3.597719,1.075349,-6.84258,0.589642,-0.073093112,-0.51769786,0.0077241462
3.599817,-0.175969,-11.590573,1.031566,-0.1092767672,-0.4027615434,0.006659921
3.600834,-0.065488,-13.424644,-1.009931,-0.0741573372,-0.4080826691,0.0236875235
3.601883,0.160278,-10.015092,-2.484613,-0.0294598807,-0.3591283121,0.0151737222
3.602933,-0.673134,-6.904833,-1.814522,0.0035310991,-0.3484860605,-0.0007896551
3.598768,0.820762,-7.036522,0.784185,-0.1135336678,-0.4165964704,-0.0061107808
3.603982,-1.588205,-9.306365,-0.361456,0.0418432046,-0.4229818213,0.0119810468
3.604999,-1.609821,-12.2993,-0.159708,0.0833479856,-0.4921564563,0.0449720265
3.606048,-0.819641,-9.902557,-0.616042,0.0695130586,-0.5049271581,0.0566785032
3.607097,-0.322477,-7.718911,0.89947,0.0216229267,-0.5081198336,0.0417793511
3.608146,-0.637107,-10.501145,3.255598,0.0184302512,-0.5560099655,0.0279444241
3.609196,-0.195183,-11.521137,2.472624,0.0088522248,-0.5996431968,0.020494848
3.610213,1.010501,-7.915248,0.563223,-0.0486159335,-0.531532787,0.006659921
3.611262,0.671853,-6.263147,1.082003,-0.0858638138,-0.4240460464,-0.0061107808
3.612311,-0.394529,-9.715798,1.238118,-0.0858638138,-0.4251102716,0.0013387952
3.61336,0.037788,-13.462954,-0.553597,-0.0645793108,-0.4570370262,0.0173021725
3.615427,-0.344092,-7.426801,-1.927405,-0.0103038279,-0.3623209875,0.0087883713
3.614378,0.566175,-11.430152,-2.145965,-0.031588331,-0.4016973182,0.0194306229
3.616476,-1.328815,-9.349463,-0.678488,0.0141733506,-0.4112753446,0.0151737222
3.617527,-1.235146,-12.488454,-0.447919,0.0620634825,-0.4538443507,0.0439078014
3.618542,-0.682741,-10.036641,-0.577614,0.0705772837,-0.4549085759,0.0566785032
3.619591,-0.483395,-7.649475,0.652088,0.0354578537,-0.4676792777,0.0417793511
3.62064,-0.783615,-9.971993,2.270876,0.0258798273,-0.5145051845,0.0268801989
3.62169,0.539756,-8.398906,0.993138,-0.0081753776,-0.5634595416,0.0141094971
3.622739,0.871199,-6.912016,0.16453,-0.0581939599,-0.4964133569,-0.0029181054
3.623756,0.0546,-9.409322,1.106021,-0.0752215623,-0.4666150526,-0.0029181054
3.624805,0.008967,-12.158034,0.229378,-0.0507443838,-0.4730004035,0.0098525965
3.625854,0.424471,-11.303251,-1.821727,-0.0230745298,-0.4325598477,0.0130452719
3.626905,-0.132737,-8.947212,-1.701639,-0.0060469273,-0.3846697158,0.0109168216
3.62792,-1.086237,-9.509884,-0.534382,0.0141733506,-0.4059542188,0.0215590732
3.62897,-1.187111,-11.523531,-0.037218,0.0418432046,-0.4570370262,0.0407151259
3.630019,-0.488198,-10.496356,0.061255,0.0503570058,-0.4549085759,0.0513573775
3.631068,-0.358503,-8.434822,0.551214,0.0354578537,-0.4144680201,0.0492289272
3.632085,-1.115058,-9.428476,1.708863,0.0258798273,-0.434688298,0.0385866756
3.633134,-1.119862,-10.362272,2.153189,0.0173660261,-0.51769786,0.0290086492
3.634184,0.035386,-8.434822,0.779381,-0.0060469273,-0.5496246146,0.0162379474
3.635232,0.287571,-8.382146,0.349466,-0.0262672052,-0.5134409594,0.0013387952
3.636284,-0.363307,-10.381427,1.144449,-0.031588331,-0.5059913833,-0.0029181054
3.637299,-0.003042,-9.794812,0.296627,-0.0273314304,-0.5283401115,-0.0018538802
3.638348,0.602202,-9.007071,-0.714515,-0.0220103046,-0.5081198336,0.0034672456
3.639397,0.325999,-10.807621,-0.921066,-0.0220103046,-0.4612939268,0.0173021725
3.640446,-0.055881,-12.052682,-0.971503,-0.0252029801,-0.4283029471,0.0311370995
3.641464,-0.372914,-10.656777,-0.31342,-0.0145607286,-0.4123395698,0.0353940002
3.642513,-0.610688,-9.502701,0.16453,0.0120449003,-0.4155322452,0.0375224505
3.643562,-0.4906,-9.478758,0.051647,0.0312009531,-0.4059542188,0.0439078014
3.644611,-0.747588,-8.999888,0.435929,0.0386505291,-0.393183517,0.0471004769
3.645628,-1.160692,-8.528201,1.043575,0.037586304,-0.4314956225,0.0396509008
3.646678,-0.874882,-8.386935,0.861041,0.0248156021,-0.5091840587,0.0236875235
3.647727,-0.466582,-11.863529,1.202092,0.0077879997,-0.6028358723,0.006659921
3.648778,0.04019,-9.85467,0.23178,-0.0060469273,-0.5996431968,-0.0007896551
3.649825,0.532551,-7.671024,-0.43591,-0.0347810065,-0.5474961643,-0.0039823305
3.650843,0.419668,-9.270449,0.289422,-0.0507443838,-0.4772573041,0.0109168216
3.651891,0.431677,-11.667192,-0.070842,-0.0432948077,-0.420853371,0.0322013247
3.652941,0.513337,-11.739023,-0.428705,-0.0241387549,-0.3676421133,0.0364582253
3.65399,-0.012649,-10.060584,-0.159708,-0.003918477,-0.3325226832,0.0322013247
3.655008,-0.615492,-8.971156,-0.022807,0.0141733506,-0.3410364845,0.0332655499
3.656057,-0.918114,-9.969599,-0.010798,0.0418432046,-0.3761559145,0.0364582253
3.657106,-0.867677,-9.57932,-0.38067,0.0546139064,-0.4102111194,0.0407151259
3.658157,-0.771606,-7.168211,-0.025209,0.0482285555,-0.4538443507,0.0364582253
3.659172,-1.153486,-8.975944,0.781783,0.0482285555,-0.5325970121,0.0268801989
3.660221,-1.141477,-12.521975,1.310171,0.0471643304,-0.6166707993,0.0236875235
3.66127,-0.238415,-10.623256,0.916282,0.0269440524,-0.6507260042,0.0151737222
3.66232,0.467703,-7.637504,0.24619,-0.0113680531,-0.6060285477,-0.0007896551
3.663369,0.287571,-9.016648,1.259734,-0.0411663574,-0.5272758863,0.0024030204
3.664386,0.133858,-11.188323,1.427857,-0.0507443838,-0.4793857544,0.0226232983
3.665435,0.650237,-11.219449,-0.032414,-0.0539370592,-0.4293671722,0.0279444241
3.666484,0.62622,-10.201851,-0.416696,-0.0464874832,-0.3559356366,0.0226232983
3.667536,-0.24562,-9.220168,-0.236564,-0.031588331,-0.3261373323,0.0247517486
3.668551,-0.759597,-9.775657,-0.604034,-0.0103038279,-0.3538071863,0.0300728744
3.6696,-0.673134,-9.883403,-1.014735,0.0280082776,-0.3825412655,0.0364582253
3.670649,-0.699553,-7.656658,-0.613641,0.0684488334,-0.4272387219,0.0353940002
3.671699,-1.196718,-8.851438,-0.020405,0.092926012,-0.5198263103,0.0300728744
3.672716,-1.343225,-12.866761,0.397501,0.0950544623,-0.608156998,0.0353940002
3.673765,0.081019,-7.419618,0.471956,-0.0007258016,-0.5964505213,0.0109168216
3.674814,-0.075095,-8.128345,2.434196,-0.0273314304,-0.5357896876,0.0055956959
3.675864,-0.28645,-10.589735,2.780049,-0.031588331,-0.503862933,0.0236875235
3.676881,0.563774,-10.776495,1.019558,-0.0443590329,-0.4676792777,0.0311370995
3.67793,0.948056,-9.758896,0.08287,-0.059258185,-0.3921192918,0.0162379474
3.678979,0.004163,-9.792417,-0.337438,-0.0645793108,-0.3506145108,0.0098525965
3.680031,-0.57226,-10.951282,-0.5584,-0.0539370592,-0.3580640869,0.0183663977
3.681078,-0.502609,-10.474807,-1.435043,-0.0198818543,-0.3495502857,0.0258159738
3.682095,-0.577063,-7.632715,-1.538319,0.0205587015,-0.3559356366,0.0258159738
3.683144,-1.026193,-7.563279,-0.308617,0.058870807,-0.4304313974,0.0258159738
3.684194,-1.427287,-11.875501,-0.0132,0.0971829126,-0.5336612373,0.0332655499
3.685243,-1.030996,-12.435778,-0.099664,0.0854764359,-0.5975147465,0.0385866756
3.68626,-0.048676,-7.972712,0.282217,0.0333294034,-0.600707422,0.0268801989
3.687309,0.008967,-8.125951,2.162796,0.0194944764,-0.5783586937,0.0141094971
3.688358,-0.459377,-11.145224,3.303633,0.0141733506,-0.573037568,0.0226232983
3.68941,0.604604,-9.981571,1.54074,-0.0262672052,-0.538982363,0.0311370995
3.690425,1.476443,-8.176232,0.008416,-0.0677719862,-0.4197891458,0.0183663977
3.691474,0.414864,-9.533828,-0.21735,-0.0911849396,-0.3335869084,0.0098525965
3.692523,-0.514618,-11.995218,-0.037218,-0.0837353635,-0.3495502857,0.0173021725
3.693572,-0.459377,-11.470856,-1.274125,-0.0379736819,-0.3601925372,0.020494848
3.694622,-0.500207,-8.226513,-2.181991,0.0109806751,-0.351678736,0.0141094971
3.695639,-1.110255,-7.43159,-0.904254,0.0492927807,-0.3974404176,0.0162379474
3.696688,-1.653053,-10.738185,-0.469535,0.092926012,-0.4825784299,0.0375224505
3.697737,-1.386457,-11.89705,-0.241368,0.1035682635,-0.5411108133,0.0545500529
3.698789,-0.480993,-8.401301,0.248592,0.0578065819,-0.5655879919,0.0449720265
3.699804,-0.524225,-11.707896,3.716737,0.0312009531,-0.6102854483,0.0215590732
3.700853,0.304383,-10.086922,1.901004,-0.0134965034,-0.5879367201,0.020494848
3.701904,1.289106,-6.595962,0.560821,-0.0709646617,-0.4751288538,0.0098525965
3.703968,-0.180773,-12.964929,-0.114074,-0.0826711384,-0.3985046428,0.0194306229
3.705017,0.261152,-12.586622,-1.581551,-0.0411663574,-0.3878623912,0.020494848
3.706067,-0.084702,-8.315104,-2.623916,-0.0007258016,-0.3495502857,0.006659921
3.702951,0.400454,-8.418061,0.748158,-0.0922491648,-0.3889266164,0.006659921
3.707116,-0.939729,-7.386097,-1.509498,0.0258798273,-0.3750916894,0.006659921
3.708164,-1.494536,-10.527482,-0.344643,0.0737699592,-0.4474589998,0.0322013247
3.709182,-1.400868,-11.880289,-0.301412,0.1035682635,-0.5123767342,0.0588069535
3.710231,-0.57226,-9.06693,0.411912,0.0737699592,-0.5496246146,0.0588069535
3.711283,-0.173567,-8.315104,1.372617,0.0386505291,-0.5698448925,0.0385866756
3.71233,-0.529028,-11.042267,2.984199,0.0280082776,-0.594322071,0.0268801989
3.713347,-0.022256,-10.589735,2.691184,0.0045953242,-0.600707422,0.020494848
3.714396,1.106572,-7.381308,0.479161,-0.0475517083,-0.5208905354,0.006659921
3.715445,0.710281,-7.127507,0.786587,-0.0858638138,-0.4112753446,-0.0007896551
3.716494,-0.332084,-10.814804,0.916282,-0.0837353635,-0.3974404176,0.0087883713
3.717511,-0.233611,-13.479714,-0.870629,-0.0518086089,-0.4219175961,0.0194306229
3.718561,0.001761,-10.580158,-1.915396,-0.0071111525,-0.3963761924,0.0173021725
3.71961,-0.742785,-7.247225,-1.538319,0.0269440524,-0.3953119673,0.0109168216
3.720662,-1.559384,-9.89298,-0.541588,0.0546139064,-0.4517159004,0.0247517486
3.721708,-1.355234,-12.555496,-0.536784,0.0780268598,-0.4868353305,0.0524216026
3.722726,-0.603483,-8.997494,-0.697702,0.0524854561,-0.4772573041,0.0566785032
3.723775,-0.529028,-7.065254,1.069995,0.0131091254,-0.4857711054,0.0375224505
3.724824,-1.052612,-10.991986,3.229179,0.0248156021,-0.5474961643,0.0279444241
3.725873,0.955261,-7.290323,0.219771,-0.0262672052,-0.5655879919,0.0077241462
3.72689,0.767923,-7.086803,0.752962,-0.0581939599,-0.4825784299,-0.0061107808
3.72794,-0.019855,-10.666355,0.921085,-0.0581939599,-0.4676792777,0.0045314707
3.728989,0.338008,-12.517186,-0.873031,-0.0464874832,-0.4687435029,0.0173021725
3.730039,0.534953,-10.781283,-2.254044,-0.0294598807,-0.4112753446,0.0141094971
3.731055,-0.339289,-8.702989,-1.939413,-0.0124322782,-0.3623209875,0.0109168216
3.732104,-1.343225,-9.866642,-0.344643,0.0194944764,-0.3889266164,0.0247517486
3.733156,-1.463314,-11.509165,0.507982,0.0641919328,-0.448523225,0.048164702
3.734202,-0.617893,-9.529039,0.08287,0.0673846083,-0.4687435029,0.0566785032
3.73522,-0.274441,-8.051726,0.640079,0.0439716549,-0.4570370262,0.0471004769
3.736269,-1.009381,-10.549031,2.316509,0.0397147543,-0.4878995557,0.0364582253
3.737318,-0.740383,-10.66396,2.246858,0.0248156021,-0.5506888397,0.0290086492
3.738367,0.458096,-7.781164,0.488768,-0.0156249537,-0.5464319391,0.0098525965
3.739417,0.294776,-8.456371,0.503179,-0.0464874832,-0.4825784299,-0.0082392311
3.740434,-0.339289,-10.44368,1.17327,-0.0539370592,-0.4644866023,-0.007175006
3.741483,0.025779,-9.794812,0.147718,-0.0390379071,-0.4910922311,-0.0007896551
3.742534,0.335606,-9.643968,-0.911459,-0.0241387549,-0.4910922311,0.0077241462
3.743581,0.061805,-11.231421,-1.262116,-0.0156249537,-0.4612939268,0.0226232983
3.744598,-0.32728,-11.331983,-0.800978,-0.0049827022,-0.4368167483,0.0322013247
3.745648,-0.637107,-9.921712,-0.018004,0.0077879997,-0.4410736489,0.0364582253
3.746697,-0.493002,-9.763685,0.299029,0.0248156021,-0.4432020992,0.0439078014
3.747746,-0.288852,-9.646362,0.217369,0.0280082776,-0.4155322452,0.0502931523
3.748764,-0.725973,-8.95679,0.486366,0.0152375758,-0.4102111194,0.0428435762
3.749813,-0.925319,-8.731721,1.182877,0.0067237745,-0.4559728011,0.0258159738
3.750862,-0.526626,-8.65989,0.853836,-0.0007258016,-0.5145051845,0.0109168216
3.751914,-0.310468,-11.219449,0.947505,0.0067237745,-0.5783586937,0.0098525965
3.75296,0.107439,-9.098056,-0.193332,-0.0049827022,-0.5751660183,0.0055956959
3.753977,0.474908,-8.09243,-0.39508,-0.0326525562,-0.5379181379,0.0045314707
3.755029,0.393249,-10.529877,-0.226957,-0.045423258,-0.4772573041,0.0183663977
3.756076,0.191501,-12.428595,-0.455124,-0.0422305825,-0.4165964704,0.0364582253
3.757125,0.008967,-10.807621,-0.404687,-0.0294598807,-0.3729632391,0.0375224505
3.758142,-0.375315,-8.837072,-0.003593,-0.0092396028,-0.3548714115,0.0322013247
3.759192,-0.81724,-9.416505,0.361475,0.0152375758,-0.3601925372,0.0353940002
3.760241,-1.1727,-10.31678,0.178941,0.0418432046,-0.3878623912,0.0439078014
3.761289,-1.086237,-8.870593,0.080469,0.0503570058,-0.4474589998,0.0396509008
3.762307,-0.634706,-7.153845,0.267806,0.0343936285,-0.5198263103,0.0236875235
3.763356,-0.692348,-9.708615,0.923487,0.0216229267,-0.5783586937,0.0183663977
3.764408,-0.853266,-12.854789,1.66323,0.0152375758,-0.6294415011,0.0194306229
3.765455,-0.046274,-10.434103,0.690516,-0.0081753776,-0.6432764281,0.0098525965
3.766504,0.688665,-7.132296,0.013219,-0.0475517083,-0.5783586937,-0.0050465557
3.767521,0.35482,-8.590454,1.094012,-0.073093112,-0.5006702575,0.0013387952
3.76857,0.330803,-11.643249,0.841827,-0.0688362114,-0.4602297017,0.0247517486
3.76962,0.808753,-11.736628,-0.433508,-0.0518086089,-0.4048899937,0.0385866756
3.770669,0.383642,-9.706221,-0.64006,-0.0369094568,-0.3442291599,0.0353940002
3.771686,-0.519421,-9.502701,-0.541588,-0.0230745298,-0.337843809,0.0300728744
3.772735,-0.879685,-10.769312,-0.606435,0.0077879997,-0.3644494378,0.0322013247
3.773787,-0.874882,-9.081296,-0.628051,0.0450358801,-0.3953119673,0.0353940002
3.774834,-0.862873,-6.366104,-0.371063,0.0631277077,-0.4495874501,0.0290086492
3.775851,-1.151084,-9.078901,0.469554,0.0684488334,-0.5304685618,0.0279444241
3.7769,-1.319208,-13.134928,1.259734,0.0663203831,-0.608156998,0.0353940002
3.77795,0.35482,-7.841023,0.620865,-0.0347810065,-0.5985789716,0.0045314707
3.778999,-0.10872,-8.968761,2.297295,-0.0603224102,-0.5347254624,0.0013387952
3.780048,-0.236013,-10.376638,2.064324,-0.0762857875,-0.5059913833,0.0162379474
3.781065,0.647835,-10.393399,0.560821,-0.0879922642,-0.4559728011,0.0258159738
3.782115,0.767923,-9.912135,-0.114074,-0.0858638138,-0.3697705636,0.0268801989
3.783165,-0.051077,-9.847487,-0.58482,-0.0805426881,-0.3303942329,0.0236875235
3.784213,-0.478591,-10.819593,-0.731327,-0.0571297347,-0.3452933851,0.0236875235
3.78523,-0.382521,-10.017486,-1.43024,-0.0060469273,-0.3580640869,0.0268801989
3.786282,-0.536233,-7.364548,-1.442249,0.0407789794,-0.3846697158,0.0247517486
3.787329,-1.201521,-8.633553,-0.397482,0.0716415089,-0.462358152,0.0247517486
3.788378,-1.593009,-12.524369,0.383091,0.0907975617,-0.5602668661,0.0375224505
3.789395,-0.956542,-11.18114,0.238985,0.0620634825,-0.6198634747,0.0396509008
3.790445,-0.019855,-7.728489,0.462349,0.0045953242,-0.6156065741,0.0194306229
3.791494,-0.142344,-8.530596,2.710398,-0.0209460795,-0.5815513692,0.0098525965
3.792543,-0.28645,-10.240161,2.948173,-0.0379736819,-0.5634595416,0.020494848
3.793592,0.849583,-10.268893,1.15886,-0.0635150856,-0.5145051845,0.0247517486
3.794609,1.195437,-9.576926,0.135709,-0.086928039,-0.4059542188,0.0173021725
3.795661,0.081019,-9.639179,-0.534382,-0.1039556415,-0.3452933851,0.0119810468
3.796707,-0.497805,-11.504377,-0.810585,-0.0986345157,-0.3495502857,0.0130452719
3.797757,-0.430556,-11.154802,-1.684827,-0.0528728341,-0.3410364845,0.0151737222
3.798774,-0.673134,-7.467505,-1.48548,0.0014026488,-0.3559356366,0.0130452719
3.799823,-1.237548,-7.381308,-0.505561,0.0450358801,-0.4421378741,0.0151737222
3.800873,-1.530563,-11.980852,-0.411893,0.0822837604,-0.538982363,0.034329775
3.801922,-0.982961,-12.009584,-0.183725,0.0748341844,-0.5826155943,0.0524216026
3.802939,-0.034265,-7.66863,0.467152,0.0301367279,-0.5826155943,0.0439078014
3.803988,-0.096711,-8.695806,2.777648,0.0194944764,-0.5900651704,0.0247517486
3.80504,0.808753,-9.572137,0.889862,-0.0443590329,-0.5474961643,0.0173021725
3.806087,1.212249,-7.254408,0.330252,-0.1060840918,-0.4006330931,0.0034672456
3.807104,-0.046274,-9.019043,0.813006,-0.1188547936,-0.3421007096,0.006659921
3.808156,-0.555447,-12.55789,-0.114074,-0.0986345157,-0.3963761924,0.0194306229
3.809202,-0.173567,-12.555496,-1.761683,-0.0539370592,-0.4080826691,0.0194306229
3.810252,-0.320075,-8.011022,-2.054698,-0.0017900267,-0.3846697158,0.0055956959
3.8113,-1.119862,-6.691736,-1.115609,0.0322651782,-0.4219175961,0.0045314707
3.812318,-1.549777,-11.320012,-0.671283,0.0641919328,-0.4889637808,0.0311370995
3.813367,-1.13187,-12.316061,-0.440714,0.0684488334,-0.5198263103,0.0577427284
3.814417,-0.53143,-8.236091,0.522393,0.0269440524,-0.5443034888,0.0534858278
3.815466,-0.351298,-8.49468,2.518257,0.0109806751,-0.594322071,0.034329775
3.816483,-0.216799,-11.056633,2.95778,0.0088522248,-0.6251846005,0.0226232983
3.817534,0.55897,-9.811572,1.711265,-0.0337167813,-0.5911293956,0.0151737222
3.818581,1.027314,-7.730883,1.266939,-0.0805426881,-0.4985418072,0.0055956959
3.81963,0.443686,-8.547356,0.793792,-0.100762966,-0.4272387219,0.0045314707
3.820647,-0.003042,-11.348744,-0.099664,-0.0943776151,-0.4144680201,0.0119810468
3.821697,0.01377,-12.00719,-1.725657,-0.0688362114,-0.3889266164,0.0151737222
3.822746,-0.444966,-9.96481,-2.280464,-0.0369094568,-0.3580640869,0.0098525965
3.823795,-1.184709,-8.283978,-0.84421,0.0003384236,-0.3963761924,0.0119810468
3.824844,-1.391261,-9.598475,-0.385473,0.0482285555,-0.4719361784,0.0300728744
3.825861,-1.069425,-11.614517,-0.241368,0.0716415089,-0.5102482839,0.0524216026
3.826913,-0.579465,-9.78284,-0.051628,0.037586304,-0.5102482839,0.0556142781
3.82796,-0.420949,-8.425244,1.343796,-0.0017900267,-0.5272758863,0.0396509008
3.829009,-0.536233,-10.07495,3.188349,-0.0017900267,-0.5751660183,0.0236875235
3.830026,0.227527,-9.928895,1.752095,-0.0198818543,-0.5879367201,0.0119810468
3.831075,0.4629,-8.458765,1.048379,-0.0858638138,-0.4219175961,-0.0018538802
3.832124,-0.228808,-10.146781,0.519991,-0.0805426881,-0.4357525231,0.0087883713
3.833174,0.141064,-11.631277,-1.30775,-0.0645793108,-0.4570370262,0.0098525965
3.834191,0.162679,-10.649594,-2.330901,-0.0390379071,-0.4134037949,0.0055956959
3.83524,-0.802829,-8.940029,-1.161242,-0.0081753776,-0.3974404176,0.0109168216
3.83629,-1.561786,-10.532271,-0.092458,0.0280082776,-0.4517159004,0.0290086492
3.837338,-1.086237,-11.382265,-0.236564,0.051421231,-0.4857711054,0.0502931523
3.838388,-0.493002,-8.564116,-0.066039,0.0312009531,-0.4655508274,0.0534858278
3.839407,-0.802829,-8.674257,1.528731,0.00991645,-0.4783215293,0.0385866756
3.840454,-0.956542,-11.305646,2.340527,0.0045953242,-0.5432392637,0.0258159738
3.841503,-0.161558,-9.620024,1.495107,-0.0198818543,-0.5762302434,0.0130452719
3.842553,0.47731,-7.21131,0.829818,-0.0507443838,-0.5411108133,-0.0039823305
3.84357,0.191501,-8.379752,0.724141,-0.0709646617,-0.4964133569,-0.0082392311
3.844619,0.011368,-10.194668,0.700123,-0.0709646617,-0.4921564563,0.0045314707
3.845668,0.455694,-10.889029,-0.740934,-0.0496801586,-0.4815142047,0.0130452719
3.846717,0.43648,-10.659172,-1.994654,-0.0379736819,-0.4442663244,0.0098525965
3.847734,-0.288852,-10.434103,-1.250108,-0.0294598807,-0.4325598477,0.0141094971
3.848786,-0.807633,-10.93931,-0.39508,0.0024668739,-0.4432020992,0.0300728744
3.849833,-0.824445,-11.059028,-0.027611,0.0322651782,-0.4453305495,0.0449720265
3.850882,-0.502609,-9.172281,0.169334,0.0269440524,-0.4240460464,0.0513573775
3.851931,-0.512216,-7.656658,0.556018,0.0120449003,-0.3953119673,0.0460362517
3.852948,-1.23995,-9.481152,1.692051,0.0120449003,-0.4272387219,0.034329775
3.853997,-1.064621,-10.213823,1.915415,0.0024668739,-0.5219547606,0.0247517486
3.855046,0.035386,-8.497075,0.58724,-0.0188176292,-0.5783586937,0.0119810468
3.856096,-0.300861,-11.521137,0.841827,-0.0379736819,-0.5836798195,-0.0061107808
3.857113,0.34041,-8.913691,-0.169315,-0.0518086089,-0.566652217,-0.0050465557
3.858165,0.414864,-7.477082,-0.17652,-0.0560655095,-0.5166336348,0.0024030204
3.859211,0.047395,-10.630439,-0.383071,-0.0613866353,-0.4815142047,0.0236875235
3.86026,0.287571,-13.271406,-0.697702,-0.0539370592,-0.4389451986,0.0407151259
3.86128,0.225125,-10.618468,-0.327831,-0.0326525562,-0.3836054906,0.0417793511
3.862326,-0.478591,-8.245668,0.032433,-0.0134965034,-0.3814770403,0.0332655499
3.863376,-0.910908,-10.161147,0.371082,0.0173660261,-0.4176606955,0.0332655499
3.864425,-1.045407,-10.161147,-0.034816,0.0407789794,-0.4432020992,0.0407151259
3.865442,-0.951738,-7.096381,-0.068441,0.0248156021,-0.4783215293,0.0353940002
3.866491,-0.807633,-7.829051,0.760167,0.0077879997,-0.531532787,0.0215590732
3.867541,-1.038202,-12.332821,1.430259,0.0109806751,-0.5921936207,0.0183663977
3.86859,-0.699553,-12.256202,1.19969,0.0035310991,-0.6485975539,0.0141094971
3.869639,0.465301,-7.50342,-0.243769,-0.0273314304,-0.6294415011,-0.0050465557
3.870658,0.631023,-6.85934,-0.109271,-0.0635150856,-0.5379181379,-0.0156888072
3.871705,-0.029462,-10.968042,1.314974,-0.0741573372,-0.4783215293,0.0077241462
3.872754,0.350017,-13.05352,0.462349,-0.0571297347,-0.4453305495,0.034329775
3.873803,0.703076,-10.786072,-0.601632,-0.0422305825,-0.3867981661,0.0332655499
3.874821,-0.10872,-7.838629,-0.056432,-0.0369094568,-0.3580640869,0.0226232983
3.87587,-0.723571,-9.488335,-0.114074,-0.0273314304,-0.3878623912,0.0247517486
3.876919,-0.529028,-12.033528,-0.685694,-0.0007258016,-0.4048899937,0.0364582253
3.877968,-0.339289,-8.358203,-0.740934,0.023751377,-0.4016973182,0.0385866756
3.878986,-0.903703,-5.779489,0.090076,0.0343936285,-0.4506516753,0.0247517486
3.880037,-1.583402,-10.817199,1.082003,0.0524854561,-0.55281729,0.0247517486
3.881084,-1.273574,-13.750276,0.784185,0.058870807,-0.6283772759,0.0311370995
3.882133,0.465301,-6.540892,0.745757,-0.0369094568,-0.5741017931,-0.0082392311
3.883182,0.016172,-9.785234,2.186814,-0.0550012844,-0.5123767342,-0.0029181054
3.884199,0.131456,-12.090992,1.559954,-0.0613866353,-0.4847068802,0.0215590732
3.885249,0.878405,-10.470018,-0.005995,-0.073093112,-0.4314956225,0.0279444241
3.886298,0.491721,-8.995099,-0.440714,-0.0784142378,-0.3623209875,0.0194306229
3.887347,-0.461779,-9.794812,-0.387875,-0.0752215623,-0.3452933851,0.0194306229
3.888364,-0.826847,-11.267336,-0.577614,-0.0422305825,-0.3676421133,0.0258159738
3.889416,-0.656321,-9.746925,-0.94028,0.0152375758,-0.3942477421,0.0268801989
3.890462,-0.591474,-6.34695,-0.877834,0.0556781316,-0.4442663244,0.0183663977
3.891512,-1.062219,-8.755664,-0.277394,0.0748341844,-0.525147436,0.0151737222
3.892531,-1.345627,-13.364785,0.630472,0.0780268598,-0.5953862962,0.0300728744
3.893578,-0.625099,-10.766917,0.551214,0.0365220788,-0.621991925,0.0364582253
3.894627,0.184295,-7.462716,1.089209,-0.0092396028,-0.6017716471,0.020494848
3.895676,-0.139943,-9.251295,2.964985,-0.0252029801,-0.566652217,0.0119810468
3.896726,-0.125532,-10.419737,2.407776,-0.0486159335,-0.5485603894,0.0194306229
3.897743,0.986484,-9.761291,0.592044,-0.0805426881,-0.4847068802,0.0183663977
3.898792,1.087358,-9.756502,-0.371063,-0.0954418402,-0.3676421133,0.0109168216
3.899841,-0.063086,-10.666355,-0.716916,-0.0986345157,-0.3112381802,0.0109168216
3.90089,-0.742785,-11.336772,-0.945084,-0.0752215623,-0.3229446568,0.0130452719
3.90191,-0.692348,-9.409322,-1.701639,-0.0188176292,-0.3410364845,0.0109168216
3.902957,-0.798025,-6.785115,-1.435043,0.0322651782,-0.3889266164,0.0098525965
3.904006,-1.251959,-8.882565,-0.757746,0.072705734,-0.4793857544,0.020494848
3.905055,-1.477724,-12.617749,-0.241368,0.0961186874,-0.5634595416,0.0417793511
3.906072,-0.846061,-10.489173,0.241387,0.0673846083,-0.6134781238,0.0492289272
3.907121,0.0546,-7.860178,1.038772,0.0280082776,-0.6315699514,0.034329775
3.908171,-0.039069,-10.180302,2.8497,0.0184302512,-0.6241203753,0.0226232983
3.90922,0.998493,-8.537779,1.149253,-0.073093112,-0.5059913833,0.0119810468
3.910269,0.772727,-8.09243,0.95471,-0.1018271912,-0.4038257685,0.0045314707
3.911289,-0.202388,-10.731002,0.219771,-0.1018271912,-0.3825412655,0.0098525965
3.912336,-0.320075,-12.589017,-0.769755,-0.0720288868,-0.3953119673,0.0162379474
3.913385,-0.317673,-10.120443,-1.93461,-0.0220103046,-0.3729632391,0.0098525965
3.914434,-0.85807,-7.014973,-1.639193,0.0184302512,-0.393183517,0.0013387952
3.915451,-1.223137,-8.834678,-0.709711,0.0524854561,-0.4740646287,0.0141094971
3.916501,-1.23995,-12.476482,-0.791371,0.0876048862,-0.5283401115,0.0428435762
3.91755,-0.927721,-10.661566,-0.25818,0.0716415089,-0.5464319391,0.0524216026
3.918599,-0.308066,-7.208915,1.139646,0.0280082776,-0.573037568,0.0364582253
3.919616,-0.284048,-9.78284,2.97219,0.0301367279,-0.6134781238,0.0183663977
3.920666,-0.209594,-12.016767,2.700791,0.0173660261,-0.6251846005,0.0162379474
3.921714,0.775129,-8.509046,0.901871,-0.0464874832,-0.55281729,0.0109168216
3.922764,0.895217,-6.818636,0.894666,-0.0922491648,-0.4400094237,-0.0007896551
3.923812,-0.055881,-9.897769,0.784185,-0.0954418402,-0.407018444,0.0024030204
3.92483,-0.240817,-12.921831,-0.894647,-0.0752215623,-0.4368167483,0.0119810468
3.925879,0.059404,-11.882684,-2.172384,-0.0358452316,-0.4176606955,0.0087883713
3.926928,-0.428154,-7.785953,-1.783299,0.0077879997,-0.3878623912,0.0002745701
3.927977,-1.326413,-7.802714,-0.58482,0.0407789794,-0.4325598477,0.0087883713
3.928995,-1.506545,-11.892261,-0.049227,0.0801553101,-0.4889637808,0.0396509008
3.930044,-0.894096,-11.193111,-0.500758,0.079091085,-0.4953491317,0.0588069535
3.931093,-0.375315,-7.39328,0.512786,0.0280082776,-0.5006702575,0.0439078014
3.932142,-0.610688,-9.021437,3.106689,0.023751377,-0.5485603894,0.0247517486
3.933162,-0.423351,-11.932965,2.772844,0.0290725027,-0.594322071,0.0194306229
3.934209,0.777531,-9.7996,0.815408,-0.0198818543,-0.5538815152,0.0098525965
3.935258,-0.091907,-8.437216,1.103619,-0.0890564893,-0.420853371,-0.0050465557
3.936307,-0.185576,-11.521137,0.234181,-0.0709646617,-0.4666150526,0.0098525965
3.937324,0.294776,-11.810853,-1.836138,-0.0422305825,-0.4527801256,0.0194306229
3.938374,-0.151951,-9.871431,-2.462998,-0.0166891789,-0.3942477421,0.0151737222
3.939423,-1.167897,-9.016648,-0.985914,0.0109806751,-0.3985046428,0.0173021725
3.940472,-1.544973,-10.661566,-0.164511,0.0567423567,-0.4538443507,0.034329775
3.941521,-1.05021,-11.296068,-0.147699,0.0886691114,-0.4772573041,0.0492289272
3.942541,-0.416145,-8.547356,-0.428705,0.0535496813,-0.4644866023,0.0417793511
3.943587,-0.507412,-7.869755,1.19969,0.0120449003,-0.4793857544,0.0236875235
3.944636,-0.906105,-10.467624,3.020225,0.0120449003,-0.5443034888,0.0151737222
3.945685,-0.091907,-10.290442,1.884192,-0.0007258016,-0.5985789716,0.0130452719
3.946703,0.972073,-8.544962,0.839425,-0.031588331,-0.5762302434,0.0034672456
3.947752,0.688665,-9.143549,0.505581,-0.0507443838,-0.5145051845,-0.0029181054
3.948801,0.174688,-10.091711,0.277413,-0.0539370592,-0.4921564563,0.0024030204
3.94985,0.133858,-10.204245,-0.522374,-0.045423258,-0.4932206814,0.0077241462
3.950867,0.179492,-10.616073,-1.845745,-0.0390379071,-0.4570370262,0.0141094971
3.951917,-0.173567,-10.6472,-1.281331,-0.0252029801,-0.393183517,0.0258159738
3.952965,-1.167897,-10.271287,-0.058834,0.0067237745,-0.393183517,0.0332655499
3.954015,-1.297592,-10.422131,0.507982,0.0386505291,-0.4591654765,0.0396509008
3.955064,-0.296057,-9.212985,0.222173,0.051421231,-0.4772573041,0.0449720265
3.956081,-0.500207,-8.568905,0.479161,0.0567423567,-0.4644866023,0.0407151259
3.95713,-1.191914,-9.957627,1.92262,0.0482285555,-0.5187620851,0.0322013247
3.958179,-0.305664,-9.179464,1.163663,0.0141733506,-0.580487144,0.0215590732
3.960246,-0.075095,-10.520299,1.084405,-0.0358452316,-0.5347254624,-0.0029181054
3.959228,0.328401,-8.743693,0.332654,-0.0198818543,-0.566652217,0.0055956959
3.961295,0.400454,-8.777214,-0.142895,-0.0337167813,-0.5145051845,-0.0029181054
3.962344,0.129055,-9.409322,-0.505561,-0.0262672052,-0.4921564563,0.0055956959
3.963393,-0.005444,-11.537897,-1.190064,-0.0209460795,-0.4570370262,0.0247517486
3.964413,-0.296057,-11.607334,-0.654471,-0.0049827022,-0.4123395698,0.0375224505
3.96546,-0.766803,-9.536222,-0.008397,0.0088522248,-0.407018444,0.0364582253
3.966509,-0.728374,-8.916086,0.349466,0.0184302512,-0.4357525231,0.0375224505
3.967558,-0.680339,-9.758896,0.447938,0.0312009531,-0.448523225,0.0407151259
3.968607,-1.033398,-9.699038,0.57283,0.037586304,-0.4719361784,0.0375224505
3.969624,-0.865275,-8.305527,0.616062,0.0173660261,-0.5208905354,0.0226232983
3.970673,-0.452172,-8.298344,0.435929,-0.003918477,-0.559202641,0.0098525965
3.971723,-0.673134,-11.070999,1.161262,0.0035310991,-0.5879367201,0.0055956959
3.972772,-0.442565,-11.521137,0.796194,0.0077879997,-0.6039000974,0.0045314707
3.973791,0.386043,-8.631158,-0.344643,-0.0060469273,-0.5677164422,-0.0039823305
3.974838,0.42207,-8.075669,0.24619,-0.0273314304,-0.5027987078,-0.0039823305
3.975887,0.165081,-10.857902,0.443135,-0.0422305825,-0.462358152,0.0141094971
3.976937,0.388445,-12.411835,-0.039619,-0.0390379071,-0.4187249207,0.0290086492
3.977954,0.222723,-10.225794,0.058853,-0.0294598807,-0.3644494378,0.0322013247
3.979003,-0.418547,-8.327076,0.10929,-0.0188176292,-0.3527429611,0.0300728744
3.980052,-0.79082,-9.785234,-0.005995,0.0045953242,-0.3729632391,0.0322013247
3.981101,-0.91331,-10.436497,-0.315822,0.0354578537,-0.3942477421,0.0375224505
3.98215,-0.949336,-7.893699,-0.114074,0.0535496813,-0.4421378741,0.0311370995
3.983167,-1.074228,-7.802714,0.342261,0.0524854561,-0.5230189857,0.0162379474
3.984217,-1.273574,-11.470856,1.048379,0.0461001052,-0.5964505213,0.0162379474
3.985265,-0.882087,-11.820431,1.216502,0.023751377,-0.6411479778,0.0141094971
3.986314,0.057002,-8.339048,0.263003,-0.0252029801,-0.6294415011,-0.0007896551
3.987332,0.131456,-10.697481,1.876987,-0.0667077611,-0.5240832109,0.0130452719
3.988381,0.68146,-11.504377,0.27261,-0.0656435359,-0.4804499796,0.0247517486
3.98943,1.036921,-10.225794,-0.620846,-0.059258185,-0.4027615434,0.0194306229
3.991496,-0.452172,-10.288047,-0.923468,-0.0390379071,-0.324008882,0.0183663977
3.990479,0.289973,-9.35904,-0.892245,-0.0507443838,-0.3346511335,0.0151737222
3.992546,-0.579465,-10.565792,-0.973905,0.0035310991,-0.3452933851,0.0236875235
3.993595,-0.557849,-7.690179,-1.036351,0.0524854561,-0.3878623912,0.0236875235
3.994644,-1.009381,-7.146662,-0.21735,0.086540661,-0.476193079,0.0215590732
3.995664,-1.511349,-11.741417,0.421519,0.1046324887,-0.5836798195,0.0300728744
3.996711,-1.103049,-12.672819,0.323047,0.0812195353,-0.6539186796,0.0364582253
3.997759,-0.039069,-8.365386,0.27261,0.0194944764,-0.6549829048,0.0183663977
3.998809,0.234732,-7.941586,1.901004,-0.0220103046,-0.6017716471,-0.0007896551
3.999858,-0.250424,-10.747762,3.111492,-0.0369094568,-0.5570741907,0.0087883713
4.000875,0.350017,-10.424525,1.595981,-0.0581939599,-0.5145051845,0.0226232983
4.001924,1.005698,-8.793974,0.222173,-0.0794784629,-0.420853371,0.0162379474
4.002973,0.174688,-9.670306,-0.063637,-0.0879922642,-0.3538071863,0.0098525965
4.004023,-0.529028,-11.537897,-0.246171,-0.0741573372,-0.3612567624,0.0151737222
4.005042,-0.562653,-11.195506,-1.122814,-0.0305241059,-0.3750916894,0.0162379474
4.006089,-0.553046,-8.121162,-1.583953,0.0173660261,-0.3953119673,0.0130452719
4.007138,-0.786017,-6.756383,-1.009931,0.051421231,-0.4602297017,0.0109168216
4.008188,-1.343225,-10.747762,-0.515168,0.079091085,-0.5443034888,0.0215590732
4.009205,-1.312003,-12.859578,0.337457,0.079091085,-0.600707422,0.0385866756
4.010254,-0.394529,-9.179464,0.486366,0.0407789794,-0.6198634747,0.034329775
4.011303,-0.022256,-8.358203,1.74489,0.0152375758,-0.6187992496,0.0151737222
4.013401,1.262686,-8.288766,0.469554,-0.0773500126,-0.4655508274,0.0077241462
4.012352,-0.356101,-10.357484,3.202759,0.0014026488,-0.6156065741,0.0130452719
4.014419,0.470105,-9.320731,0.130906,-0.0996987408,-0.3687063385,0.0055956959
4.015468,-0.317673,-12.002401,-0.659274,-0.0996987408,-0.3687063385,0.0130452719
4.016517,-0.288852,-12.378314,-1.43024,-0.0613866353,-0.3718990139,0.0119810468
4.017566,-0.512216,-8.418061,-1.910592,-0.0071111525,-0.365513663,0.0034672456
4.018584,-1.103049,-6.593568,-0.959494,0.0312009531,-0.4219175961,0.0045314707
4.019633,-1.549777,-10.453258,-0.35425,0.0748341844,-0.5027987078,0.0279444241
4.020682,-1.489733,-12.905071,-0.392679,0.092926012,-0.5464319391,0.0524216026
4.021731,-0.745187,-9.265661,0.435929,0.0429074297,-0.5634595416,0.0502931523
4.022748,-0.101514,-7.426801,1.927424,0.0077879997,-0.5794229189,0.0290086492
4.023797,-0.228808,-10.343118,3.322848,0.0141733506,-0.5964505213,0.0173021725
4.024847,0.201108,-10.695087,2.335723,-0.0156249537,-0.5847440446,0.0151737222
4.025896,1.200241,-8.228908,0.604053,-0.0762857875,-0.4847068802,0.0045314707
4.026945,0.758316,-8.221725,0.755364,-0.1092767672,-0.3729632391,-0.0029181054
4.027962,-0.425752,-11.178745,0.599249,-0.1028914163,-0.3750916894,0.0055956959
4.029011,-0.461779,-12.323244,-0.971503,-0.0677719862,-0.4197891458,0.0151737222
4.030061,-0.151951,-9.74453,-2.592693,-0.0273314304,-0.407018444,0.0119810468
4.03111,-0.661125,-7.536941,-2.037886,0.0045953242,-0.3942477421,0.0077241462
4.032127,-1.489733,-9.567349,-0.282197,0.0439716549,-0.4506516753,0.0215590732
4.033176,-1.49934,-12.770987,0.058853,0.086540661,-0.531532787,0.0449720265
4.034226,-0.452172,-10.48199,-0.697702,0.0631277077,-0.55281729,0.048164702
4.035275,0.129055,-7.194549,0.279815,-0.0017900267,-0.5325970121,0.0300728744
4.036293,-0.425752,-9.406927,3.368481,-0.0081753776,-0.5581384158,0.0194306229
4.037341,-0.252825,-11.140436,2.996208,-0.0007258016,-0.6113496735,0.0183663977
4.03839,0.904824,-8.487497,0.839425,-0.0411663574,-0.5783586937,0.0119810468
4.039439,0.244339,-10.132415,0.303832,-0.0879922642,-0.4463947747,0.006659921
4.040488,0.131456,-13.1469,-0.671283,-0.0826711384,-0.4506516753,0.0151737222
4.041506,0.032984,-10.929733,-1.562337,-0.0507443838,-0.420853371,0.0162379474
4.042555,-0.608286,-7.793136,-1.612774,-0.0220103046,-0.4016973182,0.0119810468
4.043604,-1.36244,-9.797206,-0.411893,0.00991645,-0.4314956225,0.0226232983
4.044653,-1.415278,-12.102964,0.188548,0.0492927807,-0.4793857544,0.0449720265
4.04567,-0.742785,-9.758896,0.147718,0.0482285555,-0.511312509,0.0524216026
4.04672,-0.320075,-8.075669,0.599249,0.0152375758,-0.5208905354,0.0385866756
4.047769,-0.649116,-10.106077,2.172403,0.0014026488,-0.5400465882,0.0268801989
4.048818,-0.555447,-10.563398,2.542275,-0.0103038279,-0.5836798195,0.020494848
4.049835,0.537354,-8.066092,0.637677,-0.045423258,-0.5772944686,0.006659921
4.050884,0.724692,-7.326238,0.188548,-0.0794784629,-0.5059913833,-0.0061107808
4.051933,-0.048676,-10.007909,1.067593,-0.0805426881,-0.476193079,0.0013387952
4.052983,0.100234,-11.889867,-0.138092,-0.0539370592,-0.4932206814,0.0141094971
4.054034,0.357222,-11.094943,-2.244437,-0.0337167813,-0.4730004035,0.0151737222
4.055049,-0.255227,-9.691855,-2.004261,-0.0230745298,-0.4336240728,0.0130452719
4.056098,-1.115058,-9.574532,-0.625649,-0.003918477,-0.4368167483,0.0236875235
4.057147,-1.393662,-11.329589,0.010818,0.0216229267,-0.4772573041,0.0417793511
4.058196,-0.553046,-10.31678,0.097281,0.0216229267,-0.4751288538,0.0524216026
4.059214,-0.199987,-7.417224,0.241387,0.0056595494,-0.4336240728,0.0460362517
4.060262,-1.119862,-9.263266,2.021092,0.0056595494,-0.4591654765,0.034329775
4.061312,-1.052612,-11.317617,2.506248,0.0045953242,-0.5485603894,0.0300728744
4.062361,0.201108,-8.758059,0.616062,-0.0241387549,-0.5815513692,0.0162379474
4.064427,-0.113523,-10.290442,1.204493,-0.0709646617,-0.5240832109,-0.0061107808
4.065476,0.460498,-9.409322,-0.72172,-0.0539370592,-0.4868353305,0.0119810468
4.063378,0.398052,-7.88891,0.592044,-0.0581939599,-0.5474961643,-0.0039823305
4.066526,0.239536,-10.197062,-1.178055,-0.0550012844,-0.4517159004,0.0183663977
4.067543,-0.159157,-11.408603,-0.834603,-0.045423258,-0.4240460464,0.0290086492
4.068592,-0.622697,-11.102126,-0.311019,-0.0156249537,-0.4144680201,0.0353940002
4.069641,-0.728374,-9.778051,0.154923,0.0077879997,-0.4219175961,0.0407151259
4.07069,-0.579465,-8.667073,0.263003,0.0205587015,-0.4219175961,0.0460362517
4.071739,-1.009381,-8.920874,0.54641,0.0280082776,-0.4400094237,0.0439078014
4.072756,-1.247155,-9.598475,0.940299,0.0141733506,-0.5017344827,0.0332655499
4.073806,-0.605884,-8.820312,0.659293,-0.0156249537,-0.5602668661,0.0183663977
4.074855,-0.360905,-9.337491,0.752962,-0.0358452316,-0.5858082698,0.006659921
4.075904,-0.40894,-10.898606,0.993138,-0.0432948077,-0.6039000974,0.0002745701
4.076921,0.215518,-9.586503,0.217369,-0.0475517083,-0.5953862962,-0.0039823305
4.07797,0.510935,-8.451582,-0.303813,-0.0528728341,-0.545367714,0.0002745701
4.079019,0.234732,-10.256921,-0.157306,-0.0571297347,-0.4953491317,0.0141094971
4.080068,0.350017,-11.794093,-0.630453,-0.0571297347,-0.4559728011,0.0258159738
4.081086,0.338008,-11.08776,-0.714515,-0.0432948077,-0.4059542188,0.0258159738
4.082135,-0.192781,-9.519462,-0.020405,-0.0252029801,-0.3708347888,0.0268801989
4.083184,-0.617893,-9.076507,0.31344,-0.0071111525,-0.3782843648,0.0353940002
4.084233,-0.922917,-9.758896,0.339859,0.0184302512,-0.4112753446,0.0439078014
4.085285,-1.016586,-9.076507,0.332654,0.0343936285,-0.4570370262,0.0428435762
4.0863,-0.85807,-7.671024,0.421519,0.0248156021,-0.5240832109,0.0268801989
4.087349,-1.016586,-9.926501,0.87305,0.00991645,-0.5879367201,0.0162379474
4.088398,-1.13187,-12.292117,1.557552,0.0003384236,-0.6315699514,0.0162379474
4.089447,-0.461779,-9.679883,0.724141,-0.0241387549,-0.6432764281,0.0045314707
4.090464,0.306785,-7.417224,0.121299,-0.0688362114,-0.5996431968,-0.0093034563
4.091514,0.225125,-9.332702,1.451875,-0.0933133899,-0.5304685618,-0.0007896551
4.092563,0.551765,-11.530714,-0.284599,-0.0784142378,-0.4549085759,0.0215590732
4.093612,0.429275,-8.980733,-0.347045,-0.0603224102,-0.3985046428,0.0151737222
4.094629,-0.161558,-8.796368,-0.757746,-0.0486159335,-0.3772201397,0.0162379474
4.095679,-0.442565,-11.097337,-0.995521,-0.031588331,-0.3782843648,0.0279444241
4.096728,-0.584269,-9.881008,-0.935477,0.0045953242,-0.3804128151,0.034329775
4.097777,-0.87248,-6.548075,-0.495954,0.0365220788,-0.4357525231,0.0247517486
4.098826,-1.259164,-8.95679,0.147718,0.0567423567,-0.5421750385,0.0173021725
4.099844,-1.302396,-13.2738,0.556018,0.0631277077,-0.6294415011,0.0258159738
4.100892,-0.579465,-11.035084,0.380689,0.0248156021,-0.6613682557,0.0247517486
4.101942,0.265955,-7.000607,0.594446,-0.0390379071,-0.6241203753,0.0077241462
4.102991,0.109841,-8.228908,2.49424,-0.0635150856,-0.566652217,0.0034672456
4.104008,-0.089506,-11.298463,2.695988,-0.0656435359,-0.5357896876,0.020494848
4.105057,0.808753,-11.018324,0.89947,-0.0816069132,-0.4772573041,0.0268801989
4.106106,0.964868,-9.46918,-0.277394,-0.1018271912,-0.3729632391,0.0141094971
4.107158,-0.118327,-9.679883,-0.332634,-0.1082125421,-0.3197519814,0.0087883713
4.108173,-0.713964,-10.814804,-0.548793,-0.0890564893,-0.3314584581,0.0151737222
4.109222,-0.634706,-10.352695,-1.490284,-0.0401021322,-0.3463576102,0.0183663977
4.110271,-0.591474,-7.184972,-1.084386,0.0120449003,-0.3846697158,0.0183663977
4.11132,-1.09104,-7.414829,-0.563204,0.0535496813,-0.4804499796,0.0173021725
4.112369,-1.633839,-12.952957,0.061255,0.0833479856,-0.5921936207,0.0268801989
4.113387,-1.016586,-12.866761,0.258199,0.0599350322,-0.6411479778,0.0385866756
4.115485,0.018574,-7.704545,2.650354,-0.0220103046,-0.5996431968,0.0077241462
4.114436,0.184295,-7.254408,-0.039619,-0.0017900267,-0.6209276999,0.0258159738
4.116536,-0.372914,-11.063816,3.373285,-0.0262672052,-0.6060285477,0.0130452719
4.117552,0.895217,-10.187485,0.772176,-0.0645793108,-0.5538815152,0.0173021725
4.118601,0.025779,-9.600869,-0.246171,-0.1156621181,-0.3633852127,-0.0007896551
4.11965,-0.644313,-11.885078,-0.452723,-0.1028914163,-0.4016973182,0.0087883713
4.120699,-0.459377,-11.099732,-1.708844,-0.0571297347,-0.4134037949,0.0141094971
4.121716,-0.562653,-7.625532,-1.81212,-0.0081753776,-0.4187249207,0.0098525965
4.122766,-1.165495,-7.819474,-0.568007,0.0333294034,-0.483642655,0.0141094971
4.123815,-1.439296,-11.813248,-0.507963,0.0705772837,-0.5538815152,0.0332655499
4.124865,-0.930122,-11.772544,-0.073244,0.0620634825,-0.573037568,0.048164702
4.125881,-0.27204,-7.948769,0.916282,0.0163018009,-0.5741017931,0.0396509008
4.12693,-0.216799,-8.501863,2.667166,0.0024668739,-0.5911293956,0.0226232983
4.127979,-0.262432,-11.513954,3.43573,-0.0007258016,-0.6070927729,0.0162379474
4.129029,0.784736,-10.386216,1.480696,-0.0486159335,-0.5549457403,0.0130452719
4.130078,1.219455,-7.524969,0.57283,-0.100762966,-0.4304313974,0.0013387952
4.131095,-0.103916,-8.061303,1.086807,-0.1156621181,-0.3804128151,0.0002745701
4.132144,-0.617893,-11.839585,0.066058,-0.1028914163,-0.4197891458,0.0141094971
4.133193,-0.055881,-12.924225,-1.840941,-0.0688362114,-0.4027615434,0.0194306229
4.134242,-0.339289,-8.664679,-2.119546,-0.0262672052,-0.3623209875,0.0077241462
4.13526,-1.251959,-6.674975,-0.882638,0.0045953242,-0.4187249207,0.0013387952
4.136309,-1.573795,-11.023113,-0.342242,0.0471643304,-0.5166336348,0.0226232983
4.137358,-1.062219,-12.890704,-1.036351,0.0599350322,-0.5464319391,0.0492289272
4.138409,-0.444966,-8.506652,-0.330233,0.0056595494,-0.5357896876,0.0460362517
4.139424,-0.512216,-7.718911,2.657559,-0.0156249537,-0.580487144,0.0279444241
4.140473,-0.605884,-11.375082,3.438132,0.0067237745,-0.6603040306,0.0194306229
4.141523,0.542158,-10.905789,1.430259,-0.017753404,-0.6560471299,0.0151737222
4.142572,1.303516,-7.163423,0.625669,-0.0741573372,-0.5379181379,0.0013387952
4.14362,-0.183174,-11.063816,0.306234,-0.1156621181,-0.4825784299,-0.0018538802
4.144638,0.453293,-13.908303,-1.497489,-0.0879922642,-0.4559728011,0.0173021725
4.145687,0.181894,-10.59213,-2.299678,-0.0486159335,-0.3750916894,0.020494848
4.146736,-0.997372,-7.237647,-0.863424,-0.0166891789,-0.3889266164,0.0119810468
4.147788,-1.528161,-9.711009,-0.171716,0.0280082776,-0.4783215293,0.0215590732
4.148803,-1.19912,-12.517186,-0.551195,0.065256158,-0.5145051845,0.0439078014
4.149852,-0.589072,-9.327914,-0.64006,0.0386505291,-0.4910922311,0.048164702
4.150901,-0.476189,-6.993424,1.266939,-0.0028542519,-0.4964133569,0.034329775
4.15195,-0.853266,-10.400582,3.200358,0.0077879997,-0.5602668661,0.0236875235
4.152968,-0.120729,-11.73184,1.893799,0.0024668739,-0.5996431968,0.0183663977
4.154017,1.065742,-8.245668,0.620865,-0.0443590329,-0.5400465882,0.0034672456
4.155066,0.58539,-6.923988,0.880255,-0.0794784629,-0.4687435029,-0.0103676814
4.156115,-0.185576,-10.012697,0.85864,-0.0826711384,-0.4815142047,-0.0050465557
4.157166,0.309187,-12.292117,-0.625649,-0.0635150856,-0.4857711054,0.0087883713
4.158181,0.508533,-11.025507,-2.218018,-0.045423258,-0.4176606955,0.0130452719
4.15923,-0.476189,-9.033409,-1.461463,-0.0294598807,-0.3836054906,0.0162379474
4.16028,-1.424885,-9.742136,-0.306215,0.0035310991,-0.4378809734,0.0279444241
4.161329,-1.273574,-11.537897,-0.082851,0.0418432046,-0.5006702575,0.0428435762
4.162346,-0.401735,-9.529039,-0.301412,0.0386505291,-0.497477582,0.0471004769
4.163395,-0.423351,-7.611166,0.40951,0.0141733506,-0.4804499796,0.0364582253
4.164445,-1.184709,-10.484384,2.321313,0.0131091254,-0.5347254624,0.0268801989
4.165494,-0.622697,-10.735791,2.028298,-0.0007258016,-0.6070927729,0.0236875235
4.166511,0.506131,-7.757221,0.500777,-0.0358452316,-0.600707422,0.0087883713
4.16756,0.333205,-8.592849,0.849033,-0.0603224102,-0.5474961643,-0.007175006
4.168609,-0.118327,-10.678326,1.012352,-0.0645793108,-0.5294043367,-0.0061107808
4.169661,0.287571,-9.61763,-0.964298,-0.0443590329,-0.4953491317,0.0024030204
4.170708,-0.022256,-10.93931,-1.338973,-0.0475517083,-0.4527801256,0.0141094971
4.171725,-0.485796,-11.255364,-0.327831,-0.0337167813,-0.4229818213,0.0300728744
4.172774,-0.970952,-10.254527,0.291824,-0.003918477,-0.4336240728,0.034329775
4.173823,-0.718767,-9.30397,0.159727,0.0109806751,-0.448523225,0.0375224505
4.174872,-0.493002,-8.619187,0.392698,0.0152375758,-0.4336240728,0.0396509008
4.175889,-1.194316,-9.485941,1.009951,0.0184302512,-0.4591654765,0.0353940002
4.177988,-0.14955,-8.358203,0.31344,-0.0156249537,-0.5783586937,0.0098525965
4.176939,-1.093442,-9.718193,1.310171,0.0067237745,-0.5379181379,0.0258159738
4.179039,-0.195183,-9.591292,0.57283,-0.0294598807,-0.5719733428,-0.0029181054
4.180054,-0.432958,-11.334378,0.933094,-0.0337167813,-0.5751660183,-0.0082392311
4.181103,0.220322,-9.497912,-0.147699,-0.0358452316,-0.5677164422,-0.0103676814
4.182152,0.470105,-8.159472,-0.147699,-0.0401021322,-0.5283401115,-0.0050465557
4.183201,0.167483,-10.546637,-0.306215,-0.0475517083,-0.4953491317,0.0119810468
4.184251,0.407659,-12.342399,-0.690497,-0.0486159335,-0.4538443507,0.0279444241
4.185268,0.268357,-10.532271,-0.500758,-0.0358452316,-0.3942477421,0.0279444241
4.186317,-0.466582,-8.669468,-0.0132,-0.017753404,-0.3782843648,0.0258159738
4.187366,-0.766803,-9.289604,0.299029,0.0067237745,-0.4027615434,0.0300728744
4.188418,-1.026193,-10.187485,-0.049227,0.0343936285,-0.4325598477,0.0364582253
4.189433,-1.05021,-8.616792,0.24619,0.0354578537,-0.4878995557,0.0322013247
4.190482,-0.781213,-7.790742,0.462349,0.0269440524,-0.5634595416,0.0162379474
4.191533,-0.932524,-10.901001,0.887461,0.0216229267,-0.6209276999,0.0087883713
4.19258,-0.805231,-11.873106,1.36301,0.0088522248,-0.6549829048,0.0055956959
4.193598,0.049797,-8.695806,0.279815,-0.0198818543,-0.6475333287,-0.007175006
4.194647,0.578184,-7.7237,0.416715,-0.0581939599,-0.5794229189,-0.0114319066
4.195696,0.335606,-10.216217,1.420652,-0.0709646617,-0.5059913833,0.0024030204
4.196745,0.676657,-10.898606,-0.315822,-0.0550012844,-0.4059542188,0.0173021725
4.197763,0.131456,-9.054958,-0.378268,-0.0369094568,-0.3580640869,0.0130452719
4.198811,-0.548242,-9.643968,-0.661676,-0.0230745298,-0.3527429611,0.0162379474
4.199861,-0.69475,-10.88424,-0.868227,0.0045953242,-0.365513663,0.0236875235
4.200912,-0.757195,-8.346231,-0.628051,0.0397147543,-0.3995688679,0.0236875235
4.201959,-1.033398,-6.727651,-0.200538,0.058870807,-0.4878995557,0.0141094971
4.202976,-1.326413,-10.759734,0.673704,0.0716415089,-0.5932578459,0.0173021725
4.204025,-1.153486,-13.10859,1.009951,0.0673846083,-0.663496706,0.0258159738
4.205075,-0.19038,-9.323125,0.224574,0.0131091254,-0.6730747324,0.0109168216
4.206124,0.424471,-6.801876,0.901871,-0.0496801586,-0.6092212232,-0.007175006
4.207141,-0.166362,-9.718193,2.813674,-0.0603224102,-0.5496246146,0.0013387952
4.20819,0.004163,-11.875501,2.076333,-0.0613866353,-0.5283401115,0.0194306229
4.209239,1.005698,-10.477201,-0.121279,-0.0773500126,-0.4655508274,0.0173021725
4.210291,0.631023,-9.050169,-0.43591,-0.0837353635,-0.3772201397,0.0045314707
4.211306,-0.437761,-9.691855,-0.378268,-0.0784142378,-0.3559356366,0.0034672456
4.212355,-0.706758,-11.375082,-0.937879,-0.0486159335,-0.3782843648,0.0130452719
4.213404,-0.495403,-9.615236,-1.031547,0.0067237745,-0.3963761924,0.020494848
4.214453,-0.673134,-6.392442,-1.00753,0.0503570058,-0.4495874501,0.0151737222
4.215502,-1.307199,-9.574532,-0.392679,0.0769626347,-0.5421750385,0.0130452719
4.21652,-1.41768,-13.510841,0.260601,0.0886691114,-0.6156065741,0.0268801989
4.217569,-0.493002,-9.835516,-0.287001,0.0461001052,-0.6326341766,0.0268801989
4.218618,0.148269,-6.801876,1.127637,-0.0017900267,-0.608156998,0.0077241462
4.219669,-0.284048,-9.787629,3.330053,-0.003918477,-0.5900651704,0.0034672456
4.220684,0.102635,-11.595362,2.042708,-0.0252029801,-0.573037568,0.0151737222
4.221733,1.18583,-9.691855,0.428724,-0.0688362114,-0.4847068802,0.0087883713
4.222785,-0.625099,-10.094105,0.02763,-0.0943776151,-0.3910550667,-0.0029181054
4.223832,-0.413744,-11.822825,-0.997923,-0.0720288868,-0.4123395698,0.0087883713
4.224849,-0.142344,-10.2234,-2.107537,-0.031588331,-0.3782843648,0.0098525965
4.225898,-0.699553,-7.223281,-1.173251,0.00991645,-0.3910550667,0.006659921
4.227997,-1.547375,-12.624932,-0.438312,0.0961186874,-0.5975147465,0.0279444241
4.226947,-1.444099,-8.521018,-0.246171,0.0578065819,-0.497477582,0.0141094971
4.230063,0.047395,-7.350182,0.844229,0.0216229267,-0.5932578459,0.0173021725
4.229047,-0.65392,-10.99438,-0.371063,0.0705772837,-0.6134781238,0.0311370995
4.231112,-0.411342,-9.696643,3.567827,0.0248156021,-0.608156998,0.0098525965
4.232163,-0.260031,-11.466067,3.032234,0.0163018009,-0.6273130508,0.0151737222
4.23321,1.140197,-8.521018,0.683311,-0.0464874832,-0.5581384158,0.0077241462
4.234228,1.303516,-7.297506,0.495973,-0.100762966,-0.4272387219,-0.007175006
4.235277,0.081019,-10.556215,0.35427,-0.1124694427,-0.3814770403,-0.007175006
4.236326,-0.485796,-13.161266,-0.099664,-0.0837353635,-0.4155322452,0.0045314707
4.237375,-0.348896,-10.709453,-1.617577,-0.0347810065,-0.4176606955,0.0077241462
4.238393,-0.514618,-7.003001,-2.052296,0.0024668739,-0.4091468943,0.0002745701
4.239442,-1.249557,-8.346231,-0.757746,0.0322651782,-0.4517159004,0.0077241462
4.240491,-1.708293,-12.605777,-0.330233,0.0695130586,-0.5219547606,0.0332655499
4.241543,-1.043005,-11.08776,-0.250975,0.0631277077,-0.5655879919,0.0449720265
4.242717,-0.10872,-6.904833,0.147718,0.0163018009,-0.5719733428,0.0279444241
4.243606,-0.23121,-9.057352,2.573498,0.0120449003,-0.580487144,0.0141094971
4.244659,-0.399333,-12.043105,3.332455,0.0163018009,-0.608156998,0.0141094971
4.245705,0.76312,-9.718193,1.187681,-0.0273314304,-0.5847440446,0.0077241462
4.246754,1.207446,-7.058071,0.683311,-0.073093112,-0.4804499796,-0.0093034563
4.247771,-0.04147,-8.583271,0.764971,-0.0911849396,-0.4304313974,-0.0124961318
4.248821,0.181894,-12.308878,-1.881771,-0.0475517083,-0.4410736489,0.0098525965
4.24987,-0.224004,-8.425244,-2.328499,-0.0188176292,-0.3836054906,0.0045314707
4.25092,-1.328815,-8.075669,-0.551195,0.0067237745,-0.4187249207,0.006659921
4.251936,-1.631437,-11.73184,-0.001191,0.0546139064,-0.5027987078,0.0268801989
4.252986,-0.992568,-11.487616,-0.654471,0.0673846083,-0.5357896876,0.0417793511
4.254037,-0.344092,-7.395674,-0.332634,0.0163018009,-0.5262116612,0.0311370995
4.255084,-0.646714,-8.250457,2.314107,0.0003384236,-0.5496246146,0.0162379474
4.256102,-0.937328,-11.894655,3.270009,0.0173660261,-0.6156065741,0.0130452719
4.25715,0.350017,-10.110866,1.069995,-0.0113680531,-0.6230561502,0.0055956959
4.2582,1.236267,-6.950326,0.49117,-0.0571297347,-0.5357896876,-0.0103676814
4.259249,0.393249,-8.300738,0.880255,-0.0784142378,-0.4751288538,-0.0156888072
4.260298,0.004163,-11.348744,0.186146,-0.0741573372,-0.490028006,-0.007175006
4.262365,0.138662,-10.16833,-2.429373,-0.0294598807,-0.4102111194,0.0055956959
4.261316,0.386043,-12.047894,-1.543123,-0.0528728341,-0.4740646287,0.0013387952
4.263417,-0.949336,-9.119605,-1.043556,-0.003918477,-0.4027615434,0.0119810468
4.264463,-1.653053,-10.446075,0.169334,0.0343936285,-0.4751288538,0.0279444241
4.265481,-0.949336,-10.55382,0.183744,0.0673846083,-0.5240832109,0.0428435762
4.26653,-0.192781,-8.741298,-0.190931,0.0556781316,-0.5049271581,0.0396509008
4.267579,-0.565055,-9.059747,1.180476,0.0248156021,-0.497477582,0.0258159738
4.268628,-0.87248,-10.484384,2.76804,0.0141733506,-0.5496246146,0.0194306229
4.269645,-0.0823,-9.229745,1.37742,-0.0092396028,-0.5911293956,0.0098525965
4.270694,0.561372,-8.408484,0.563223,-0.045423258,-0.5623953164,-0.0061107808
4.271744,0.129055,-9.670306,1.187681,-0.0603224102,-0.5230189857,-0.0135603569
4.272795,-0.075095,-9.816361,0.611258,-0.059258185,-0.5304685618,-0.0093034563
4.273842,0.275562,-9.890586,-0.524775,-0.0496801586,-0.531532787,-0.0039823305
4.274859,-0.28645,-10.685509,-1.293339,-0.0305241059,-0.4389451986,0.0173021725
4.275911,-0.930122,-10.218611,-0.260582,-0.0071111525,-0.4410736489,0.0268801989
4.276958,-0.925319,-10.42692,0.135709,0.0226871518,-0.4655508274,0.0322013247
4.278007,-0.36811,-9.371012,-0.068441,0.0301367279,-0.4517159004,0.0353940002
4.279024,-0.682741,-8.738904,0.599249,0.0290725027,-0.4357525231,0.0311370995
4.280074,-1.357636,-9.756502,1.619998,0.023751377,-0.4953491317,0.0226232983
4.281123,-0.733178,-8.853833,1.101218,-0.0017900267,-0.580487144,0.0130452719
4.282172,-0.031863,-8.528201,0.565625,-0.0283956555,-0.608156998,0.0013387952
4.283189,-0.211995,-10.601707,1.187681,-0.0369094568,-0.6028358723,-0.0061107808
4.284238,0.071412,-10.491567,0.435929,-0.0422305825,-0.600707422,-0.0082392311
4.285289,0.587791,-8.894537,-0.378268,-0.0475517083,-0.5623953164,-0.0093034563
4.286336,0.323597,-9.459603,-0.210145,-0.0475517083,-0.5049271581,-0.0029181054
4.287385,0.049797,-11.396631,-0.596828,-0.0507443838,-0.4655508274,0.0130452719
4.288403,-0.02706,-11.710291,-0.443116,-0.0411663574,-0.4219175961,0.0226232983
4.289452,-0.406538,-9.725376,-0.061235,-0.0209460795,-0.3910550667,0.0247517486
4.290501,-0.65392,-8.46116,0.371082,-0.0049827022,-0.3995688679,0.0279444241
4.29155,-0.874882,-9.737347,0.510384,0.0205587015,-0.4304313974,0.034329775
4.292568,-1.067023,-10.082134,0.229378,0.0322651782,-0.4740646287,0.0364582253
4.293617,-0.742785,-8.020599,0.419117,0.0184302512,-0.5325970121,0.0236875235
4.294668,-0.656321,-8.717355,0.495973,0.0024668739,-0.5858082698,0.0045314707
4.295715,-0.879685,-11.554658,1.206895,-0.0081753776,-0.621991925,-0.0007896551
4.296732,-0.452172,-10.668749,0.918684,-0.0188176292,-0.6368910772,-0.0050465557
4.297784,0.275562,-8.022994,-0.190931,-0.0422305825,-0.6017716471,-0.0135603569
4.298831,0.345213,-8.362991,0.563223,-0.0677719862,-0.5379181379,-0.0093034563
4.29988,0.215518,-11.264942,0.700123,-0.0720288868,-0.5027987078,0.0098525965
4.300929,0.532551,-10.127626,-0.54399,-0.0464874832,-0.4038257685,0.0151737222
4.301947,-0.252825,-8.506652,-0.31342,-0.0347810065,-0.3804128151,0.0130452719
4.302996,-0.673134,-9.801995,-0.255778,-0.0134965034,-0.3921192918,0.0226232983
4.304045,-0.713964,-10.393399,-0.716916,0.0152375758,-0.4027615434,0.0311370995
4.305094,-0.728374,-8.032571,-0.411893,0.0333294034,-0.4442663244,0.0236875235
4.306111,-0.978158,-7.776376,0.23178,0.0386505291,-0.5294043367,0.0141094971
4.307163,-1.232744,-11.470856,0.887461,0.0461001052,-0.6177350244,0.0151737222
4.30821,-0.800427,-12.083809,0.887461,0.0301367279,-0.663496706,0.0130452719
4.309259,0.078618,-8.442005,0.318243,-0.0198818543,-0.6390195275,-0.0018538802
4.310276,0.201108,-7.680602,1.545544,-0.0581939599,-0.573037568,-0.0103676814
4.311325,-0.183174,-10.228189,2.414981,-0.0709646617,-0.5379181379,0.0055956959
4.312374,0.460498,-11.274519,1.305367,-0.0805426881,-0.51769786,0.0236875235
4.313424,1.106572,-10.436497,-0.164511,-0.086928039,-0.4442663244,0.0194306229
4.314473,0.383642,-9.7996,-0.724122,-0.0901207145,-0.3612567624,0.0087883713
4.31549,-0.584269,-10.211428,-0.241368,-0.0784142378,-0.3442291599,0.0109168216
4.316542,-0.814838,-10.44368,-0.791371,-0.0379736819,-0.3676421133,0.0173021725
4.317588,-0.608286,-8.406089,-1.437445,0.0088522248,-0.4006330931,0.0173021725
4.318637,-0.802829,-6.900044,-0.913861,0.0429074297,-0.4676792777,0.0130452719
4.319655,-1.429689,-10.596918,0.078067,0.0705772837,-0.5762302434,0.0151737222
4.320704,-1.360038,-13.134928,0.743355,0.0695130586,-0.6688178318,0.0258159738
4.321753,-0.257629,-9.344674,0.118897,0.0184302512,-0.6858454342,0.0215590732
4.322802,0.225125,-7.766798,1.442268,-0.0273314304,-0.6390195275,0.006659921
4.32382,-0.267236,-10.285653,3.308437,-0.0443590329,-0.6028358723,0.0087883713
4.324869,0.29958,-10.314385,1.720872,-0.0752215623,-0.5634595416,0.0151737222
4.32592,1.123384,-9.007071,0.212566,-0.1092767672,-0.462358152,0.0077241462
4.326967,-0.493002,-11.288885,-0.440714,-0.1114052175,-0.3740274642,0.006659921
4.327984,-0.58667,-11.686347,-1.175653,-0.0677719862,-0.3974404176,0.0077241462
4.329036,-0.485796,-8.152289,-1.761683,-0.0134965034,-0.407018444,0.0055956959
4.330082,-0.853266,-6.813848,-1.435043,0.0194944764,-0.4581012514,0.0034672456
4.331131,-1.364841,-11.114098,-0.700104,0.0567423567,-0.5325970121,0.0194306229
4.332181,-1.420082,-12.854789,-0.347045,0.0748341844,-0.5826155943,0.0396509008
4.333198,-0.73558,-8.930452,0.419117,0.0397147543,-0.6113496735,0.0353940002
4.334247,-0.060684,-7.309478,1.780916,0.00991645,-0.6198634747,0.0151737222
4.335297,-0.27204,-10.244949,2.964985,0.0024668739,-0.621991925,0.0055956959
4.336346,0.191501,-10.936916,2.475025,-0.0305241059,-0.600707422,0.0077241462
4.337363,1.253079,-8.262429,0.769774,-0.0837353635,-0.4996060324,0.0002745701
4.338414,0.662246,-8.686228,0.433528,-0.1220474691,-0.4048899937,-0.0082392311
4.339461,-0.413744,-12.035922,0.423921,-0.1209832439,-0.4112753446,0.0024030204
4.342577,-0.891694,-7.125113,-1.202072,-0.0113680531,-0.4283029471,-0.0018538802
4.344675,-1.290387,-12.859578,-0.390277,0.0695130586,-0.5794229189,0.0385866756
4.341527,-0.298459,-8.813129,-2.539854,-0.0464874832,-0.407018444,0.0024030204
4.34051,-0.339289,-11.959303,-1.418231,-0.0847995887,-0.4283029471,0.0109168216
4.347793,-0.413744,-10.127626,3.33966,0.0077879997,-0.6049643226,0.0130452719
4.34884,0.119448,-10.929733,2.383759,-0.0145607286,-0.6187992496,0.0109168216
4.349889,1.169018,-7.896093,0.644883,-0.0773500126,-0.5304685618,0.0024030204
4.350906,0.753513,-7.647081,0.937898,-0.1199190188,-0.4229818213,-0.0061107808
4.351955,-0.279245,-11.066211,0.949907,-0.1231116942,-0.4134037949,0.0013387952
4.353005,-0.238415,-9.995937,-2.045091,-0.0528728341,-0.4325598477,0.0055956959
4.346741,-0.091907,-7.383703,1.447071,0.0035310991,-0.5645237667,0.0279444241
4.343626,-1.408073,-9.751713,-0.243769,0.037586304,-0.5155694097,0.0151737222
4.345724,-0.502609,-10.132415,-0.23176,0.0397147543,-0.5719733428,0.0460362517
4.354054,-0.793222,-7.467505,-1.670416,-0.0241387549,-0.4251102716,-0.0018538802
4.355071,-1.513751,-9.830727,-0.596828,0.0088522248,-0.4687435029,0.0151737222
4.35612,-1.492135,-11.91381,-0.133288,0.0482285555,-0.5219547606,0.0428435762
4.357171,-0.740383,-9.725376,-0.356652,0.0397147543,-0.5549457403,0.0460362517
4.358218,-0.168764,-8.317499,0.73615,-0.0081753776,-0.5698448925,0.0258159738
4.359268,-0.550644,-10.383821,2.76804,-0.0241387549,-0.5921936207,0.0119810468
4.360287,-0.519421,-10.335934,2.518257,-0.0358452316,-0.621991925,0.006659921
4.361334,0.527747,-7.5968,0.901871,-0.0741573372,-0.5975147465,-0.0029181054
4.362383,0.820762,-7.697362,0.947505,-0.0975702905,-0.5325970121,-0.0061107808
4.363432,0.364427,-10.690298,0.649686,-0.0975702905,-0.511312509,-0.0007896551
4.36445,0.417266,-12.375919,-1.005128,-0.0837353635,-0.5081198336,0.0055956959
4.365499,0.506131,-10.572975,-2.249241,-0.0581939599,-0.4527801256,0.0045314707
4.366548,-0.365708,-8.729327,-2.09793,-0.0369094568,-0.3995688679,0.0013387952
4.367597,-1.405671,-9.98636,-0.452723,-0.0156249537,-0.4240460464,0.0151737222
4.368614,-1.256762,-10.776495,0.279815,0.0205587015,-0.4815142047,0.0385866756
4.369666,-0.610688,-9.667911,0.188548,0.0439716549,-0.5059913833,0.0471004769
4.370713,-0.507412,-9.454814,0.800997,0.0258798273,-0.5123767342,0.0385866756
4.371762,-0.615492,-10.347906,1.70406,-0.0007258016,-0.538982363,0.0279444241
4.372811,-0.40894,-9.924107,1.941834,-0.0252029801,-0.5719733428,0.0151737222
4.373828,0.191501,-8.022994,0.983531,-0.0635150856,-0.566652217,0.0002745701
4.374878,0.345213,-7.862572,0.969121,-0.0922491648,-0.5294043367,-0.0082392311
4.375927,-0.034265,-9.682277,1.389429,-0.0933133899,-0.5230189857,-0.0007896551
4.376976,0.318794,-10.81241,0.10929,-0.0720288868,-0.5325970121,0.0098525965
4.377993,0.628621,-11.068605,-1.761683,-0.0528728341,-0.4942849066,0.0045314707
4.379045,-0.0823,-10.412554,-1.905789,-0.0422305825,-0.4453305495,0.0013387952
4.380092,-1.153486,-11.169168,-0.150101,0.0152375758,-0.4740646287,0.0332655499
4.381141,-0.728374,-10.462835,-0.359054,0.0226871518,-0.4676792777,0.0460362517
4.38216,-0.348896,-7.345393,0.085272,-0.003918477,-0.4336240728,0.0417793511
4.383207,-1.136674,-8.631158,1.523928,-0.0060469273,-0.4602297017,0.0258159738
4.384256,-1.492135,-11.513954,2.225242,-0.0007258016,-0.5645237667,0.0183663977
4.385305,-0.211995,-9.418899,0.909077,-0.0220103046,-0.6347626269,0.0109168216
4.386323,0.39565,-7.922431,0.481563,-0.045423258,-0.6156065741,-0.0039823305
4.387372,-0.094309,-9.701432,0.930692,-0.0645793108,-0.5847440446,-0.0103676814
4.388421,0.201108,-10.216217,0.284618,-0.0762857875,-0.5687806673,-0.0029181054
4.38947,0.724692,-9.493124,-0.327831,-0.0762857875,-0.525147436,0.0034672456
4.390519,0.388445,-10.091711,-0.676086,-0.0752215623,-0.4804499796,0.0077241462
4.391539,0.004163,-11.296068,-0.618444,-0.0677719862,-0.4634223771,0.0194306229
4.392585,-0.23121,-11.051845,-0.085253,-0.0401021322,-0.448523225,0.0290086492
4.393634,-0.589072,-9.938473,0.24619,-0.0156249537,-0.4421378741,0.0364582253
4.394683,-0.6275,-9.136366,0.402305,-0.0017900267,-0.4474589998,0.0439078014
4.395701,-0.836454,-8.999888,0.395099,0.00991645,-0.4527801256,0.0428435762
4.39675,-1.165495,-9.191436,0.580035,0.0045953242,-0.483642655,0.0332655499
4.397799,-0.812436,-8.884959,0.755364,-0.017753404,-0.5357896876,0.0173021725
4.398848,-0.54584,-9.447631,0.640079,-0.0337167813,-0.5762302434,0.006659921
4.399865,-0.723571,-11.245787,0.923487,-0.0347810065,-0.6124138986,0.0013387952
4.400916,-0.298459,-10.410159,0.556018,-0.0347810065,-0.6283772759,-0.0061107808
4.401964,0.292375,-7.836235,-0.241368,-0.0475517083,-0.5921936207,-0.0146245821
4.403012,0.191501,-8.442005,0.214967,-0.0699004365,-0.5443034888,-0.0061107808
4.404062,0.227527,-11.492405,0.054049,-0.0762857875,-0.511312509,0.0194306229
4.405079,0.594997,-12.18916,-0.541588,-0.0677719862,-0.4549085759,0.0332655499
4.406128,-0.389726,-8.647919,0.015621,-0.0475517083,-0.4016973182,0.0215590732
4.407177,-0.651518,-10.556215,-0.320626,-0.0166891789,-0.4219175961,0.0258159738
4.408226,-0.757195,-10.197062,-0.59923,0.0163018009,-0.4400094237,0.0300728744
4.409243,-0.834052,-6.950326,-0.306215,0.0205587015,-0.4815142047,0.0236875235
4.410295,-1.148683,-8.300738,0.716936,0.0216229267,-0.5538815152,0.0162379474
4.411342,-1.32161,-12.442961,1.314974,0.0290725027,-0.6326341766,0.0194306229
4.412391,-0.54584,-11.274519,0.796194,0.0056595494,-0.6720105072,0.0141094971
4.413408,0.297178,-7.812291,0.392698,-0.0443590329,-0.6379553023,-0.0039823305
4.414457,0.227527,-8.291161,1.399036,-0.0784142378,-0.5709091176,-0.0103676814
4.415506,0.109841,-10.893818,1.790523,-0.0901207145,-0.5283401115,0.0055956959
4.416555,0.633425,-11.590573,0.529598,-0.0911849396,-0.4793857544,0.0183663977
4.417604,0.659844,-10.161147,-0.371063,-0.0858638138,-0.3974404176,0.0162379474
4.418622,-0.195183,-8.91848,-0.320626,-0.0773500126,-0.3538071863,0.0119810468
4.419671,-0.716366,-9.758896,-0.402286,-0.0571297347,-0.37934859,0.0141094971
4.42072,-0.553046,-10.362272,-1.199671,-0.0166891789,-0.4102111194,0.020494848
4.421769,-0.584269,-8.319893,-1.166046,0.0205587015,-0.4432020992,0.0215590732
4.422789,-1.146281,-8.185809,-0.147699,0.0471643304,-0.5294043367,0.0183663977
4.423836,-1.429689,-11.844374,0.447938,0.065256158,-0.6390195275,0.0226232983
4.424884,-0.73558,-11.760572,0.128504,0.0386505291,-0.6815885336,0.0226232983
4.425934,0.172286,-7.963135,0.361475,-0.0209460795,-0.6454048784,0.0077241462
4.426951,0.004163,-8.343836,2.777648,-0.0432948077,-0.6049643226,0.0002745701
4.428,-0.168764,-10.563398,3.073064,-0.0496801586,-0.5975147465,0.0119810468
4.429049,0.871199,-9.993543,0.829818,-0.0816069132,-0.5485603894,0.0183663977
4.430099,1.18583,-9.641573,-0.063637,-0.1103409924,-0.4325598477,0.0098525965
4.431148,-0.699553,-10.865086,-0.404687,-0.0943776151,-0.3750916894,0.006659921
4.432167,-0.697151,-10.034247,-1.595961,-0.0518086089,-0.3889266164,0.0077241462
4.433214,-0.682741,-7.939192,-1.869762,-0.0092396028,-0.3985046428,0.0077241462
4.434263,-1.23995,-8.068486,-0.628051,0.0333294034,-0.4698077281,0.0119810468
4.435312,-1.669865,-11.667192,-0.087655,0.0716415089,-0.5815513692,0.0236875235
4.436329,-1.074228,-11.928176,-0.049227,0.065256158,-0.6454048784,0.0332655499
4.437379,-0.048676,-8.276795,-0.051628,0.0163018009,-0.6379553023,0.0226232983
4.438428,-0.106318,-8.664679,2.194019,-0.0092396028,-0.6166707993,0.0077241462
4.439477,-0.553046,-10.941705,3.589443,-0.0166891789,-0.6209276999,0.0098525965
4.440494,0.614211,-9.323125,1.293359,-0.059258185,-0.5815513692,0.0077241462
4.441546,1.411596,-7.955952,0.375885,-0.100762966,-0.4602297017,-0.0050465557
4.442592,0.263553,-9.888191,0.536803,-0.1124694427,-0.3867981661,-0.0061107808
4.443641,-0.471386,-12.359159,-0.171716,-0.100762966,-0.4112753446,0.0045314707
4.44469,-0.303262,-11.535503,-1.519105,-0.0603224102,-0.4229818213,0.006659921
4.445708,-0.488198,-7.807502,-2.189197,-0.0188176292,-0.4144680201,-0.0018538802
4.446757,-1.07663,-7.587222,-0.877834,0.0131091254,-0.4612939268,0.0002745701
4.447806,-1.427287,-11.569024,-0.510365,0.0556781316,-0.5304685618,0.0236875235
4.448855,-1.112656,-11.614517,-0.596828,0.0567423567,-0.5677164422,0.0396509008
4.449872,-0.411342,-7.570462,0.70973,0.0152375758,-0.5879367201,0.0300728744
4.450921,-0.303262,-8.746087,2.54948,0.0141733506,-0.6209276999,0.0173021725
4.451971,-0.485796,-12.397469,3.306035,0.0280082776,-0.6571113551,0.0162379474
4.453019,0.494123,-10.010303,1.37742,-0.0241387549,-0.6315699514,0.0077241462
4.454039,1.358757,-6.509765,0.145316,-0.1018271912,-0.5145051845,-0.0135603569
4.455086,0.501328,-8.485103,1.062789,-0.1294970451,-0.4283029471,-0.0199457078
4.456135,-0.305664,-12.440567,0.397501,-0.1114052175,-0.4463947747,-0.0018538802
4.457184,-0.034265,-12.495637,-1.547926,-0.0699004365,-0.4527801256,0.0077241462
4.458201,-0.930122,-7.196943,-1.641595,0.00991645,-0.4229818213,-0.007175006
4.45925,-1.705892,-11.047056,-0.092458,0.0524854561,-0.4942849066,0.0151737222
4.4603,-1.424885,-12.440567,-0.246171,0.079091085,-0.5517530649,0.0439078014
4.461349,-0.356101,-8.135528,-0.793773,0.0354578537,-0.5538815152,0.0396509008
4.462398,-0.24562,-7.642292,1.682444,-0.0017900267,-0.5581384158,0.0194306229
4.463417,-0.699553,-11.284097,3.46215,0.0056595494,-0.6060285477,0.0141094971
4.464464,0.203509,-10.833959,1.905808,-0.0124322782,-0.6241203753,0.0098525965
4.465513,1.157009,-8.130739,0.933094,-0.0550012844,-0.5485603894,-0.0050465557
4.466562,0.407659,-7.757221,1.043575,-0.0847995887,-0.4687435029,-0.0167530324
4.46758,-0.392128,-10.247344,0.594446,-0.0933133899,-0.4847068802,-0.0124961318
4.468629,-0.029462,-12.452539,-0.697702,-0.0709646617,-0.5006702575,-0.0018538802
4.469678,0.129055,-10.302414,-2.177188,-0.0390379071,-0.4463947747,0.0002745701
4.470727,-0.747588,-8.082852,-1.754478,-0.0230745298,-0.4176606955,-0.0007896551
4.471744,-1.523358,-10.055796,-0.020405,0.0120449003,-0.4655508274,0.0162379474
4.472796,-1.312003,-12.086203,0.323047,0.0641919328,-0.5240832109,0.0417793511
4.473842,-0.53143,-10.098894,-0.327831,0.058870807,-0.5421750385,0.0396509008
4.474891,-0.125532,-7.61356,0.219771,0.0056595494,-0.5336612373,0.0173021725
4.475941,-0.593876,-9.284815,2.184412,-0.0113680531,-0.5538815152,0.0034672456
4.476958,-0.677937,-10.814804,2.621533,-0.0145607286,-0.6039000974,0.0013387952
4.478007,0.441284,-8.655102,0.969121,-0.0411663574,-0.6060285477,-0.0039823305
4.480105,0.325999,-10.039035,0.553616,-0.0624508605,-0.525147436,-0.0061107808
4.479056,0.914431,-7.654264,0.433528,-0.0603224102,-0.5506888397,-0.0093034563
4.481123,0.249143,-11.964092,-0.618444,-0.0539370592,-0.5262116612,-0.0007896551
4.482172,0.318794,-11.111703,-1.680023,-0.0411663574,-0.4910922311,-0.0039823305
4.483221,-0.293655,-9.301576,-1.408624,-0.0294598807,-0.4442663244,-0.0029181054
4.48427,-1.352833,-10.956071,0.419117,0.0248156021,-0.4581012514,0.0322013247
4.48529,-0.922917,-9.658334,0.649686,0.0386505291,-0.4804499796,0.0417793511
4.486336,-0.521823,-7.989473,0.661695,0.0194944764,-0.5006702575,0.0322013247
4.487385,-0.908507,-9.983965,1.711265,0.0152375758,-0.5506888397,0.0151737222
4.488434,-0.70916,-10.956071,1.552749,0.0003384236,-0.608156998,0.0045314707
4.489483,0.249143,-8.597637,0.380689,-0.0422305825,-0.600707422,-0.0050465557
4.490501,0.148269,-8.758059,0.880255,-0.0603224102,-0.559202641,-0.0146245821
4.49155,-0.192781,-10.134809,0.863443,-0.0571297347,-0.5517530649,-0.0146245821
4.492599,0.328401,-9.059747,-0.25818,-0.0475517083,-0.5496246146,-0.0124961318
4.493648,0.498926,-9.45242,-0.709711,-0.0358452316,-0.5198263103,-0.007175006
4.494668,0.215518,-11.652826,-1.017137,-0.031588331,-0.4815142047,0.0045314707
4.495715,-0.159157,-11.420574,-0.748139,-0.017753404,-0.4602297017,0.0130452719
4.496764,-0.670732,-9.83791,-0.330233,-0.0017900267,-0.4644866023,0.0183663977
4.497813,-0.682741,-9.622419,-0.049227,0.0088522248,-0.4698077281,0.0247517486
4.49883,-0.644313,-9.466786,0.349466,0.0173660261,-0.4549085759,0.0322013247
4.499879,-1.059818,-8.987916,0.760167,0.0205587015,-0.4666150526,0.0300728744
4.500928,-1.100647,-8.91848,1.223707,0.0173660261,-0.5357896876,0.0162379474
4.501978,-0.526626,-8.889748,0.580035,-0.0017900267,-0.600707422,0.0002745701
4.503027,-0.260031,-10.118049,0.69532,-0.0198818543,-0.6166707993,-0.0082392311
4.504046,-0.411342,-11.161985,1.190083,-0.0209460795,-0.6166707993,-0.0114319066
4.505093,0.025779,-9.280027,-0.037218,-0.0347810065,-0.608156998,-0.0188814827
4.506142,0.501328,-8.001445,-0.044423,-0.0550012844,-0.566652217,-0.0199457078
4.507191,0.256348,-10.05819,0.54641,-0.0581939599,-0.51769786,-0.0018538802
4.508209,0.338008,-12.146062,-0.070842,-0.0496801586,-0.4804499796,0.0194306229
4.509258,0.491721,-11.229026,-0.325429,-0.0326525562,-0.434688298,0.0215590732
4.510307,-0.519421,-8.925663,-0.056432,-0.0124322782,-0.3942477421,0.0162379474
4.511356,-0.908507,-10.97762,-0.027611,0.0205587015,-0.4112753446,0.0247517486
4.512373,-0.980559,-9.330308,-0.164511,0.0450358801,-0.4527801256,0.0268801989
4.513422,-0.867677,-6.758778,0.015621,0.0439716549,-0.5230189857,0.0109168216
4.514472,-1.098246,-9.466786,0.928291,0.037586304,-0.5996431968,0.0013387952
4.515521,-1.129469,-12.423806,1.504714,0.0269440524,-0.663496706,0.0034672456
4.517587,0.301982,-7.984684,0.522393,-0.0528728341,-0.635826852,-0.0146245821
4.518636,0.189099,-8.892142,1.233314,-0.0911849396,-0.5655879919,-0.0114319066
4.519685,0.160278,-11.281702,1.19969,-0.0986345157,-0.5230189857,0.0034672456
4.51654,-0.401735,-10.419737,0.89947,-0.003918477,-0.6847812091,-0.0029181054
4.520734,0.633425,-11.480433,0.020425,-0.0826711384,-0.4676792777,0.0098525965
4.521751,0.498926,-9.318336,-0.628051,-0.0645793108,-0.3985046428,0.006659921
4.5228,-0.171166,-8.999888,-0.767353,-0.0518086089,-0.3740274642,0.0034672456
4.523849,-0.500207,-10.699875,-1.081984,-0.0241387549,-0.3825412655,0.0087883713
4.524898,-0.622697,-9.861853,-1.194867,0.0216229267,-0.4048899937,0.0162379474
4.525918,-0.906105,-7.441167,-0.577614,0.0631277077,-0.4772573041,0.0130452719
4.526965,-1.223137,-9.315942,0.015621,0.0854764359,-0.5836798195,0.0109168216
4.528014,-1.196718,-12.514792,0.486366,0.0801553101,-0.663496706,0.0151737222
4.529063,-0.471386,-10.309597,0.383091,0.0312009531,-0.6783958582,0.0087883713
4.53008,0.265955,-7.362153,1.017156,-0.0273314304,-0.6347626269,-0.007175006
4.53113,0.006565,-9.102845,3.109091,-0.0422305825,-0.5932578459,-0.007175006
4.532179,0.100234,-11.147619,2.465418,-0.0528728341,-0.573037568,0.006659921
4.533228,0.972073,-10.321568,0.452742,-0.0794784629,-0.5017344827,0.0055956959
4.534277,0.556568,-9.438054,0.080469,-0.0933133899,-0.4059542188,-0.0061107808
4.535297,-0.497805,-10.256921,-0.171716,-0.0911849396,-0.3804128151,-0.0039823305
4.536344,-0.577063,-9.493124,-1.48548,-0.0252029801,-0.3953119673,0.0045314707
4.537393,-0.701955,-6.746806,-0.997923,0.0173660261,-0.4474589998,0.0002745701
4.538442,-1.105451,-9.050169,-0.572811,0.0578065819,-0.5506888397,0.0024030204
4.539459,-1.275976,-13.283378,-0.390277,0.0801553101,-0.6251846005,0.0173021725
4.540509,-0.6275,-10.714242,-0.005995,0.0482285555,-0.6379553023,0.0226232983
4.541558,0.044993,-7.07962,0.947505,0.0088522248,-0.6273130508,0.0077241462
4.542607,-0.296057,-9.737347,3.161929,0.00991645,-0.6305057263,-0.0007896551
4.543624,-0.16396,-11.69353,2.799263,-0.0081753776,-0.6315699514,0.0045314707
4.544674,1.140197,-8.777214,0.459947,-0.0667077611,-0.55281729,-0.0018538802
4.545723,1.068144,-7.445956,0.128504,-0.114597893,-0.4251102716,-0.0146245821
4.546772,-0.291254,-10.709453,0.486366,-0.1241759194,-0.3921192918,-0.0093034563
4.547821,-0.605884,-12.854789,-0.383071,-0.0922491648,-0.4304313974,0.0045314707
4.548838,-0.300861,-9.94805,-2.03068,-0.0379736819,-0.4314956225,0.0013387952
4.549887,-0.620295,-6.880889,-2.040287,0.0024668739,-0.4314956225,-0.0103676814
4.550937,-1.453707,-8.963973,-0.949887,0.0407789794,-0.4857711054,-0.0018538802
4.551986,-1.919648,-12.660847,-0.507963,0.0822837604,-0.5655879919,0.0194306229
4.553003,-1.182307,-10.850719,-0.061235,0.0684488334,-0.6187992496,0.0290086492
4.554053,-0.096711,-7.319055,0.601651,0.0194944764,-0.6198634747,0.0162379474
4.555102,-0.228808,-9.270449,2.698389,0.0088522248,-0.6102854483,0.0034672456
4.556151,-0.363307,-11.410997,3.522194,-0.0028542519,-0.6209276999,0.0034672456
4.557171,0.950457,-9.165098,1.516722,-0.0475517083,-0.580487144,-0.0007896551
4.558217,1.375569,-7.460322,0.632874,-0.0922491648,-0.4676792777,-0.0146245821
4.559266,0.042591,-9.576926,0.6689,-0.1092767672,-0.4176606955,-0.0146245821
4.560315,-0.416145,-12.284934,-0.174118,-0.0922491648,-0.4495874501,-0.0018538802
4.561365,-0.005444,-11.655221,-2.189197,-0.059258185,-0.4325598477,0.0002745701
4.562382,-0.40894,-8.592849,-2.422168,-0.0273314304,-0.3910550667,-0.007175006
4.563431,-1.681874,-11.037479,-0.020405,0.0599350322,-0.5357896876,0.0215590732
4.56448,-1.030996,-12.160428,-0.546391,0.0748341844,-0.5836798195,0.0385866756
4.566548,-0.195183,-7.886516,2.100351,-0.0113680531,-0.5719733428,0.0077241462
4.565529,-0.101514,-8.262429,-0.431107,0.0205587015,-0.5655879919,0.0268801989
4.567596,-0.560251,-11.154802,3.870449,0.0024668739,-0.6273130508,0.0045314707
4.568645,0.398052,-10.513116,1.687247,-0.0156249537,-0.6347626269,0.0045314707
4.569694,1.248276,-7.479477,0.503179,-0.0699004365,-0.5421750385,-0.007175006
4.570712,0.537354,-7.809897,0.774578,-0.1028914163,-0.4655508274,-0.0156888072
4.57176,-0.12313,-11.45649,0.267806,-0.1028914163,-0.4825784299,-0.0103676814
4.572809,0.01377,-12.670424,-1.156439,-0.0773500126,-0.4857711054,-0.0018538802
4.573859,-0.099113,-9.423688,-2.052296,-0.0443590329,-0.4378809734,0.0002745701
4.574908,-0.922917,-7.903276,-1.072377,-0.0156249537,-0.4314956225,0.0034672456
4.575925,-1.544973,-10.865086,-0.147699,0.023751377,-0.490028006,0.0236875235
4.576974,-1.179906,-11.837191,-0.070842,0.051421231,-0.5432392637,0.0407151259
4.578024,-0.476189,-8.631158,-0.195734,0.0301367279,-0.5560099655,0.034329775
4.579073,-0.389726,-8.102007,1.031566,-0.0049827022,-0.5623953164,0.0162379474
4.58009,-0.725973,-10.606496,2.717603,-0.0145607286,-0.6028358723,0.0077241462
4.581139,-0.103916,-10.13002,1.90821,-0.031588331,-0.6400837526,0.0034672456
4.582188,0.916833,-8.272006,0.721739,-0.0581939599,-0.6017716471,-0.0061107808
4.583237,0.633425,-8.650313,0.77698,-0.073093112,-0.5400465882,-0.0114319066
4.584254,0.189099,-10.084528,0.279815,-0.0816069132,-0.5294043367,-0.0082392311
4.585304,0.448489,-11.152407,-1.18526,-0.0709646617,-0.5091840587,-0.0039823305
4.586353,0.109841,-10.738185,-2.169983,-0.0486159335,-0.4453305495,-0.0018538802
4.587402,-0.898899,-9.454814,-1.346178,-0.0305241059,-0.4219175961,0.0055956959
4.588423,-1.556982,-9.971993,-0.042021,0.0056595494,-0.4698077281,0.0194306229
4.589469,-0.4906,-9.715798,-0.090056,0.0386505291,-0.5219547606,0.0396509008
4.590518,-0.320075,-7.867361,0.416715,0.0035310991,-0.5059913833,0.0258159738
4.591567,-1.026193,-9.72777,2.278081,-0.0060469273,-0.5443034888,0.0109168216
4.592617,-0.677937,-9.758896,2.013887,-0.0241387549,-0.6028358723,0.0045314707
4.593634,0.35482,-8.238485,0.726543,-0.0518086089,-0.6017716471,-0.0018538802
4.594683,0.38124,-9.63439,1.019558,-0.0571297347,-0.5634595416,-0.0093034563
4.595732,0.256348,-10.434103,0.620865,-0.0560655095,-0.5538815152,-0.0103676814
4.596781,0.424471,-9.83791,-0.440714,-0.0560655095,-0.5506888397,-0.0082392311
4.597798,0.306785,-10.508328,-1.187662,-0.0539370592,-0.51769786,-0.0061107808
4.598848,0.016172,-10.951282,-1.365392,-0.0571297347,-0.4634223771,0.0045314707
4.599897,-0.656321,-10.326357,-0.29901,-0.0422305825,-0.4336240728,0.0173021725
4.600946,-1.055014,-9.907346,0.255797,-0.0071111525,-0.4506516753,0.0311370995
4.601964,-0.675536,-9.418899,0.277413,0.0173660261,-0.4666150526,0.0385866756
4.603013,-0.766803,-9.179464,0.707329,0.0269440524,-0.4751288538,0.0364582253
4.604062,-1.098246,-9.433265,1.03637,0.0184302512,-0.5198263103,0.0268801989
4.605111,-0.802829,-9.291998,0.933094,-0.0081753776,-0.580487144,0.0098525965
4.606163,-0.389726,-9.19383,0.551214,-0.0432948077,-0.6039000974,-0.0050465557
4.607178,-0.341691,-9.869036,1.110825,-0.0656435359,-0.594322071,-0.0124961318
4.608227,-0.344092,-10.237766,1.062789,-0.0613866353,-0.5911293956,-0.0135603569
4.609276,0.088225,-9.2489,-0.039619,-0.0560655095,-0.5794229189,-0.0135603569
4.610325,0.364427,-9.023831,-0.157306,-0.0571297347,-0.5496246146,-0.0114319066
4.611343,0.366829,-10.661566,-0.294206,-0.0635150856,-0.5240832109,0.0013387952
4.612392,0.467703,-11.67677,-0.474338,-0.059258185,-0.4857711054,0.0162379474
4.613441,0.037788,-10.623256,-0.250975,-0.0401021322,-0.4378809734,0.0194306229
4.61449,-0.656321,-9.361435,0.335055,-0.0230745298,-0.4293671722,0.0290086492
4.615507,-0.930122,-10.266498,0.142914,0.0003384236,-0.4527801256,0.0332655499
4.616556,-0.834052,-8.612003,0.085272,0.0067237745,-0.5049271581,0.0215590732
4.617605,-0.675536,-8.135528,0.359073,0.0045953242,-0.5645237667,0.0055956959
4.618655,-0.906105,-10.493961,0.798596,0.0003384236,-0.6102854483,0.0034672456
4.619704,-0.819641,-11.29128,0.921085,-0.0092396028,-0.6517902293,0.0013387952
4.620721,-0.101514,-9.332702,0.24619,-0.0401021322,-0.6560471299,-0.0093034563
4.62177,0.398052,-8.039754,0.457545,-0.0762857875,-0.6028358723,-0.0114319066
4.62282,0.205911,-9.754108,1.305367,-0.086928039,-0.559202641,0.0013387952
4.623869,0.434079,-11.992824,0.635276,-0.0826711384,-0.531532787,0.0173021725
4.624886,0.921636,-11.240998,-0.601632,-0.0720288868,-0.4602297017,0.020494848
4.625935,0.364427,-8.884959,-0.719318,-0.0581939599,-0.3846697158,0.0141094971
4.626985,-0.500207,-9.203408,-0.644864,-0.0464874832,-0.3676421133,0.0109168216
4.628034,-0.807633,-10.843536,-0.978708,-0.0156249537,-0.3825412655,0.0194306229
4.629051,-0.973354,-8.868199,-0.851415,0.023751377,-0.4219175961,0.0194306229
4.6301,-1.189513,-6.923988,-0.205341,0.0439716549,-0.51769786,0.0077241462
4.631149,-1.393662,-10.379033,0.949907,0.058870807,-0.6368910772,0.0098525965
4.632199,-1.249557,-12.974507,1.264537,0.0567423567,-0.718836414,0.020494848
4.633248,-0.262432,-9.797206,0.395099,0.0014026488,-0.7294786655,0.0098525965
4.634265,0.474908,-7.125113,0.937898,-0.0667077611,-0.6560471299,-0.0093034563
4.635314,0.028181,-8.954395,2.544677,-0.0943776151,-0.5836798195,-0.007175006
4.636364,0.059404,-11.609728,2.359741,-0.0986345157,-0.5538815152,0.0087883713
4.637415,0.84478,-11.224238,0.459947,-0.0996987408,-0.4868353305,0.0119810468
4.63843,0.573381,-8.947212,-0.623248,-0.0996987408,-0.4016973182,0.0024030204
4.639479,-0.293655,-9.143549,-0.846612,-0.0986345157,-0.3857339409,-0.0007896551
4.640528,-0.485796,-9.96481,-1.40382,-0.017753404,-0.407018444,0.0173021725
4.641578,-0.754794,-6.725257,-0.700104,0.037586304,-0.4687435029,0.0151737222
4.642595,-1.266369,-9.46918,-0.383071,0.0737699592,-0.5698448925,0.0151737222
4.643644,-1.297592,-13.620981,0.118897,0.0822837604,-0.6368910772,0.0279444241
4.644693,-0.284048,-9.801995,-0.409491,0.0290725027,-0.6283772759,0.0279444241
4.645742,0.232331,-6.481033,1.264537,-0.0220103046,-0.5953862962,0.0098525965
4.646759,-0.485796,-10.137204,4.043376,-0.0166891789,-0.6060285477,0.006659921
4.647809,0.066609,-11.7486,2.117163,-0.0401021322,-0.6039000974,0.0151737222
4.648857,1.358757,-9.301576,0.219771,-0.0933133899,-0.4953491317,0.0045314707
4.649907,0.587791,-8.135528,0.661695,-0.1199190188,-0.3857339409,-0.0082392311
4.650956,-0.898899,-9.957627,0.563223,-0.1231116942,-0.4134037949,-0.0029181054
4.651973,-0.966149,-12.026345,-0.371063,-0.0965060654,-0.4772573041,0.0109168216
4.653022,-0.346494,-9.991148,-1.740067,-0.0496801586,-0.4698077281,0.0130452719
4.654072,-0.517019,-7.347787,-1.432642,-0.0113680531,-0.4687435029,0.006659921
4.65512,-1.302396,-9.754108,-0.546391,0.0280082776,-0.5336612373,0.0130452719
4.656138,-1.453707,-12.65127,-0.522374,0.0524854561,-0.6060285477,0.0279444241
4.657187,-0.699553,-10.015092,-0.044423,0.0248156021,-0.6294415011,0.0279444241
4.658236,-0.070292,-7.364548,1.060388,-0.0145607286,-0.6145423489,0.0119810468
4.659285,-0.348896,-9.588898,3.109091,-0.0166891789,-0.6145423489,0.0045314707
4.660303,-0.087104,-10.93931,3.032234,-0.0273314304,-0.6305057263,0.0109168216
4.661352,1.284302,-8.870593,0.594446,-0.0699004365,-0.5677164422,0.006659921
4.662401,1.221857,-8.018205,0.279815,-0.1092767672,-0.4517159004,-0.0039823305
4.66345,-0.132737,-10.364667,0.522393,-0.1209832439,-0.4272387219,-0.0029181054
4.664499,-0.324878,-12.586622,-1.014735,-0.1039556415,-0.4474589998,0.0055956959
4.665516,-0.125532,-11.205083,-2.508631,-0.0688362114,-0.3995688679,0.0045314707
4.666565,-0.742785,-7.347787,-1.576747,-0.0294598807,-0.3750916894,-0.0018538802
4.667615,-1.475322,-12.213104,-0.385473,0.051421231,-0.5538815152,0.0290086492
4.668666,-0.771606,-11.882684,-0.46233,0.0503570058,-0.5762302434,0.0460362517
4.669681,-0.257629,-7.922431,0.342261,0.0014026488,-0.5794229189,0.0353940002
4.67073,-0.420949,-8.786791,2.986601,-0.0092396028,-0.6230561502,0.0194306229
4.671779,-0.303262,-11.202689,3.291625,-0.0028542519,-0.6698820569,0.0151737222
4.672828,0.791941,-9.473969,1.122833,-0.0486159335,-0.6273130508,0.0055956959
4.674895,0.083421,-8.635947,0.981129,-0.1305612703,-0.4644866023,-0.0146245821
4.673846,1.084956,-6.773144,0.716936,-0.1082125421,-0.5081198336,-0.0114319066
4.675944,-0.151951,-12.847606,0.159727,-0.1103409924,-0.4964133569,0.0002745701
4.676993,0.249143,-12.28254,-1.925003,-0.0709646617,-0.4708719532,0.0077241462
4.678045,-0.221603,-8.20257,-2.318892,-0.0379736819,-0.4251102716,0.0024030204
4.67906,-1.259164,-8.394118,-0.856219,-0.0092396028,-0.4570370262,0.0055956959
4.680109,-1.593009,-11.928176,-0.371063,0.0354578537,-0.5283401115,0.0268801989
4.681158,-1.016586,-11.205083,-0.522374,0.0482285555,-0.566652217,0.0417793511
4.682207,-0.387324,-7.819474,-0.200538,0.0067237745,-0.5698448925,0.0311370995
4.683224,-0.53143,-8.695806,1.804934,-0.0156249537,-0.580487144,0.0183663977
4.684273,-0.778811,-10.81241,3.061055,-0.0092396028,-0.6241203753,0.0151737222
4.685323,0.208313,-9.198619,1.360608,-0.0326525562,-0.6390195275,0.0087883713
4.686371,1.000894,-7.639898,0.421519,-0.0741573372,-0.5709091176,-0.0050465557
4.687389,0.34041,-9.418899,0.901871,-0.0901207145,-0.5102482839,-0.0082392311
4.688438,-0.007846,-11.688741,0.118897,-0.0826711384,-0.5091840587,-0.0029181054
4.689487,0.277964,-11.070999,-1.36299,-0.0635150856,-0.490028006,-0.0018538802
4.690538,-0.10872,-9.057352,-1.932208,-0.045423258,-0.4442663244,-0.0007896551
4.691586,-0.946935,-9.447631,-1.142028,-0.0262672052,-0.4368167483,0.0130452719
4.692603,-1.36244,-11.008746,0.106888,0.0088522248,-0.4740646287,0.0353940002
4.693652,-0.425752,-8.805946,0.469554,0.0194944764,-0.525147436,0.0396509008
4.694701,-0.54584,-9.315942,1.360608,0.0077879997,-0.5368539127,0.0258159738
4.69575,-0.987765,-11.171562,2.160395,0.0003384236,-0.586872495,0.0130452719
4.696767,-0.127934,-8.623975,1.014754,-0.0443590329,-0.608156998,0.0024030204
4.697817,0.614211,-6.777932,0.435929,-0.0752215623,-0.5655879919,-0.0093034563
4.698866,-0.012649,-10.00312,1.317376,-0.0688362114,-0.5432392637,-0.0103676814
4.699917,0.102635,-11.195506,0.459947,-0.0550012844,-0.5613310913,0.0013387952
4.700932,0.775129,-9.87622,-1.271723,-0.0432948077,-0.5411108133,-0.0018538802
4.701981,0.249143,-10.189879,-1.6488,-0.0432948077,-0.4942849066,-0.007175006
4.70303,-0.634706,-11.013535,-0.832201,-0.0486159335,-0.4847068802,0.0034672456
4.704079,-0.870078,-10.656777,0.090076,-0.0262672052,-0.497477582,0.0236875235
4.705129,-0.73558,-9.792417,0.291824,0.0077879997,-0.5017344827,0.0375224505
4.706146,-0.464181,-8.949607,0.294225,0.0088522248,-0.4910922311,0.0407151259
4.707195,-0.565055,-9.131577,0.880255,0.0014026488,-0.4825784299,0.034329775
4.708244,-1.105451,-10.309597,1.559954,0.0024668739,-0.5166336348,0.020494848
4.709296,-0.814838,-9.39735,1.182877,-0.0188176292,-0.580487144,0.0034672456
4.710311,-0.180773,-8.298344,0.522393,-0.0507443838,-0.5996431968,-0.0093034563
4.711359,-0.432958,-9.885797,1.038772,-0.0581939599,-0.5890009453,-0.0124961318
4.712409,-0.291254,-10.359878,0.505581,-0.0581939599,-0.5953862962,-0.0114319066
4.713458,0.448489,-9.023831,-0.611239,-0.059258185,-0.5794229189,-0.0124961318
4.714475,0.458096,-9.323125,-0.121279,-0.0507443838,-0.538982363,-0.0050465557
4.715524,0.189099,-11.351138,-0.443116,-0.0432948077,-0.511312509,0.0098525965
4.716574,0.160278,-12.083809,-0.788969,-0.0326525562,-0.4783215293,0.0173021725
4.717623,-0.091907,-9.801995,-0.248573,-0.0262672052,-0.4400094237,0.020494848
4.71864,-0.502609,-8.427639,0.128504,-0.0188176292,-0.4304313974,0.0226232983
4.719689,-0.822043,-9.773263,0.195753,0.0131091254,-0.4730004035,0.0290086492
4.720738,-0.786017,-7.814685,0.407108,0.0141733506,-0.5283401115,0.0162379474
4.72179,-0.728374,-8.683834,0.623267,0.0035310991,-0.6028358723,0.0034672456
4.722837,-0.855668,-11.387054,1.096414,-0.0028542519,-0.663496706,0.0034672456
4.723854,-0.697151,-11.281702,0.947505,-0.0124322782,-0.6954234606,-0.0007896551
4.724903,0.155474,-8.401301,-0.23176,-0.0464874832,-0.6645609312,-0.0156888072
4.725952,0.448489,-7.924825,0.423921,-0.0773500126,-0.586872495,-0.0167530324
4.727001,0.126653,-10.92255,1.161262,-0.0794784629,-0.531532787,0.0013387952
4.728019,0.582988,-12.292117,0.229378,-0.0667077611,-0.4868353305,0.0162379474
4.729068,0.777531,-10.273681,-0.527177,-0.0518086089,-0.4155322452,0.0162379474
4.730117,-0.137541,-8.521018,-0.35425,-0.0390379071,-0.3750916894,0.0119810468
4.731168,-0.862873,-9.890586,-0.327831,-0.0209460795,-0.393183517,0.0141094971
4.732183,-0.798025,-10.872269,-0.88504,0.0109806751,-0.4187249207,0.0183663977
4.733232,-0.661125,-7.886516,-0.620846,0.0418432046,-0.4538443507,0.0141094971
4.734282,-1.110255,-7.400463,0.006014,0.0556781316,-0.5304685618,0.0055956959
4.735331,-1.49934,-11.863529,0.853836,0.0609992574,-0.6241203753,0.0119810468
4.736379,-0.982961,-12.217892,0.880255,0.0386505291,-0.6826527588,0.0151737222
4.737397,-0.031863,-8.260034,0.282217,-0.0156249537,-0.6794600833,-0.0029181054
4.738446,0.198706,-7.738066,1.819344,-0.0560655095,-0.621991925,-0.0167530324
4.739495,-0.099113,-9.979177,2.446204,-0.0699004365,-0.566652217,-0.0050465557
4.740547,0.407659,-11.161985,1.17327,-0.0794784629,-0.5262116612,0.0087883713
4.741562,0.945654,-10.810015,0.08287,-0.0826711384,-0.4581012514,0.0087883713
4.74261,0.35482,-9.493124,-0.637658,-0.0816069132,-0.3953119673,0.0024030204
4.74366,-0.435359,-9.46918,-0.688095,-0.073093112,-0.3846697158,0.0013387952
4.744709,-0.639509,-10.802832,-1.44465,-0.0401021322,-0.3974404176,0.0077241462
4.745726,-0.925319,-7.247225,-0.457526,0.0535496813,-0.4942849066,0.0130452719
4.746775,-1.388859,-10.400582,0.166932,0.0886691114,-0.6060285477,0.0141094971
4.747824,-0.985363,-12.782959,0.40951,0.0876048862,-0.6815885336,0.0215590732
4.748873,0.004163,-9.059747,-0.118878,0.0354578537,-0.6762674079,0.0151737222
4.749925,0.17709,-7.398069,1.80013,-0.0103038279,-0.6336984017,-0.0029181054
4.75094,-0.31287,-10.209034,3.723942,-0.0262672052,-0.6273130508,-0.0007896551
4.751989,0.551765,-10.975226,1.740086,-0.0539370592,-0.6039000974,0.0087883713
4.75304,1.334739,-9.708615,0.176539,-0.0901207145,-0.4847068802,0.0002745701
4.754087,0.076216,-9.354252,0.366278,-0.1082125421,-0.3910550667,-0.0124961318
4.755105,-0.958944,-10.094105,0.27261,-0.1050198666,-0.4251102716,-0.0103676814
4.756154,-0.622697,-10.685509,-1.137225,-0.0709646617,-0.4602297017,-0.0007896551
4.757203,-0.305664,-9.361435,-2.290071,-0.0283956555,-0.4378809734,0.0055956959
4.758252,-0.822043,-7.857784,-1.192465,0.0109806751,-0.4634223771,0.006659921
4.759269,-1.501742,-10.017486,-0.025209,0.0620634825,-0.573037568,0.0162379474
4.760318,-1.374448,-12.811691,-0.279796,0.0918617868,-0.6645609312,0.0258159738
4.761367,-0.375315,-10.139598,-0.534382,0.0492927807,-0.6613682557,0.020494848
4.762419,0.121849,-7.457927,1.353403,0.0014026488,-0.6166707993,0.0045314707
4.763466,-0.608286,-9.620024,3.692719,0.0024668739,-0.6156065741,-0.0018538802
4.764483,-0.142344,-10.15157,2.616729,-0.0209460795,-0.6262488256,0.0045314707
4.765532,1.478845,-8.310316,0.769774,-0.0656435359,-0.5517530649,-0.0007896551
4.766581,1.128188,-8.959184,0.325448,-0.0901207145,-0.4442663244,-0.0135603569
4.76763,-0.24562,-11.504377,0.02763,-0.0965060654,-0.4325598477,-0.0135603569
4.768647,-0.507412,-12.35437,-0.98111,-0.0709646617,-0.4538443507,-0.0061107808
4.769696,-0.435359,-9.711009,-2.309285,-0.0358452316,-0.4304313974,-0.0039823305
4.770746,-0.884489,-6.945537,-1.516703,-0.0092396028,-0.4378809734,-0.0061107808
4.771797,-1.405671,-12.493243,-0.147699,0.0673846083,-0.573037568,0.0300728744
4.772812,-0.644313,-9.950444,-0.133288,0.0492927807,-0.5911293956,0.0311370995
4.773861,-0.137541,-7.548913,1.029165,0.00991645,-0.5985789716,0.0130452719
4.774911,-0.365708,-10.165936,3.265205,0.0141733506,-0.6241203753,0.0045314707
4.77596,-0.04147,-11.49001,2.532668,0.0067237745,-0.6379553023,0.0055956959
4.776977,0.972073,-8.954395,0.813006,-0.0486159335,-0.5709091176,-0.0039823305
4.778026,0.698272,-6.931171,0.993138,-0.0954418402,-0.4698077281,-0.0178172575
4.779075,-0.322477,-9.13876,0.659293,-0.1071483169,-0.4612939268,-0.0156888072
4.780125,-0.096711,-13.022394,-0.764952,-0.0879922642,-0.4825784299,-0.0029181054
4.781175,0.287571,-12.000007,-2.206009,-0.045423258,-0.4293671722,-0.0007896551
4.782191,-0.524225,-7.560884,-1.605568,-0.0028542519,-0.4006330931,-0.0103676814
4.78324,-1.480126,-8.161866,-0.337438,0.0333294034,-0.4708719532,-0.0029181054
4.784291,-1.518554,-12.529158,-0.781764,0.072705734,-0.5336612373,0.0236875235
4.785338,-0.886891,-11.188323,-1.182858,0.058870807,-0.538982363,0.0353940002
4.786355,-0.44977,-6.840185,0.469554,0.0035310991,-0.5538815152,0.0183663977
4.787405,-0.706758,-8.750876,3.029833,0.0056595494,-0.6177350244,0.0024030204
4.788454,-0.589072,-11.956908,2.91695,0.0173660261,-0.6783958582,0.0034672456
4.789503,0.621416,-9.438054,1.050781,-0.0252029801,-0.6528544545,-0.0007896551
4.79052,1.123384,-6.674975,0.738551,-0.0752215623,-0.5645237667,-0.0167530324
4.791569,0.275562,-9.033409,1.096414,-0.0911849396,-0.5368539127,-0.0231383833
4.792618,0.037788,-12.43099,0.169334,-0.0762857875,-0.5570741907,-0.0114319066
4.79367,0.58539,-11.67677,-1.941815,-0.0518086089,-0.5091840587,-0.0018538802
4.794717,0.241938,-8.892142,-2.515836,-0.0347810065,-0.4240460464,-0.0029181054
4.795734,-1.038202,-8.875382,-0.824996,-0.0124322782,-0.4187249207,0.0034672456
4.796783,-1.672267,-11.248181,0.339859,0.0343936285,-0.4921564563,0.0236875235
4.797832,-0.250424,-8.334259,-0.238966,0.0556781316,-0.5368539127,0.0279444241
4.798881,-0.517019,-8.748481,1.223707,0.0269440524,-0.5368539127,0.0119810468
4.799899,-0.812436,-10.620862,2.597515,0.0163018009,-0.580487144,0.0045314707
4.800948,-0.094309,-9.256083,1.406241,-0.0145607286,-0.6134781238,-0.0018538802
4.801997,0.592595,-8.410878,0.815408,-0.0486159335,-0.5815513692,-0.0156888072
4.803049,0.335606,-9.598475,1.019558,-0.0635150856,-0.5379181379,-0.0220741581
4.804063,0.037788,-9.890586,0.419117,-0.0624508605,-0.5432392637,-0.0178172575
4.805113,0.121849,-10.048613,-0.652069,-0.0464874832,-0.5506888397,-0.0124961318
4.806162,0.107439,-10.601707,-1.708844,-0.0347810065,-0.5187620851,-0.0061107808
4.807211,-0.363307,-10.848325,-1.391812,-0.0252029801,-0.4804499796,0.0055956959
4.80826,-1.016586,-10.649594,-0.29901,0.0045953242,-0.4804499796,0.0194306229
4.809277,-1.074228,-10.335934,0.222173,0.0354578537,-0.5123767342,0.0268801989
4.810326,-0.468984,-8.942424,0.152521,0.037586304,-0.5187620851,0.0290086492
4.811376,-0.507412,-8.226513,0.616062,0.0280082776,-0.5081198336,0.0226232983
4.812425,-1.203923,-10.134809,1.884192,0.0216229267,-0.5538815152,0.0119810468
4.813442,-0.649116,-9.921712,1.478294,0.0003384236,-0.6156065741,0.0013387952
4.814491,0.138662,-8.60482,0.632874,-0.0262672052,-0.6124138986,-0.0093034563
4.815543,-0.228808,-9.82115,1.175672,-0.0358452316,-0.5879367201,-0.0178172575
4.816589,-0.127934,-10.115654,0.404707,-0.0486159335,-0.5890009453,-0.0199457078
4.817607,0.460498,-8.925663,-0.407089,-0.0550012844,-0.5645237667,-0.0188814827
4.818656,0.318794,-9.682277,-0.190931,-0.0518086089,-0.5134409594,-0.0114319066
4.820754,-0.120729,-11.530714,-0.35425,-0.0358452316,-0.4538443507,0.0173021725
4.819705,0.020975,-11.794093,-0.507963,-0.0496801586,-0.476193079,0.0055956959
4.821803,-0.476189,-9.493124,-0.073244,-0.0145607286,-0.4517159004,0.0173021725
4.82282,-0.512216,-8.884959,0.154923,-0.0017900267,-0.4581012514,0.0215590732
4.82387,-1.016586,-9.660728,0.238985,0.0312009531,-0.4878995557,0.0226232983
4.824921,-0.73558,-8.623975,0.332654,0.0120449003,-0.5443034888,0.0055956959
4.825968,-0.466582,-8.722144,0.493572,-0.0028542519,-0.5858082698,-0.0082392311
4.826985,-0.884489,-11.166773,1.223707,0.0003384236,-0.6273130508,-0.0103676814
4.828034,-0.529028,-10.810015,1.202092,-0.0049827022,-0.6677536066,-0.0114319066
4.829083,0.383642,-7.989473,-0.121279,-0.0252029801,-0.6549829048,-0.0188814827
4.830132,0.438882,-8.647919,0.308636,-0.0550012844,-0.5985789716,-0.0167530324
4.83115,0.261152,-11.554658,0.481563,-0.0720288868,-0.5432392637,0.0013387952
4.832199,0.575782,-11.988035,-0.51757,-0.073093112,-0.4772573041,0.0119810468
4.833248,0.31399,-9.845093,-0.260582,-0.059258185,-0.407018444,0.0109168216
4.834299,-0.521823,-8.73651,-0.198136,-0.0390379071,-0.3878623912,0.0098525965
4.835346,-0.879685,-10.062979,-0.570409,-0.0103038279,-0.4102111194,0.0130452719
4.836364,-0.889292,-10.05819,-0.481544,0.0290725027,-0.4325598477,0.0183663977
4.837415,-0.915712,-7.48666,-0.190931,0.0546139064,-0.4847068802,0.0119810468
4.838461,-1.13187,-8.542567,0.212566,0.0567423567,-0.5815513692,0.0013387952
4.839511,-1.175102,-12.232259,0.928291,0.0535496813,-0.6613682557,0.006659921
4.840528,-0.622697,-11.200294,0.676106,0.0280082776,-0.69116656,0.0034672456
4.841577,0.085823,-8.094824,0.476759,-0.0262672052,-0.6666893815,-0.0156888072
4.842627,0.181894,-8.200176,2.030699,-0.0603224102,-0.608156998,-0.0231383833
4.843676,0.025779,-10.304808,1.953843,-0.073093112,-0.5602668661,-0.0082392311
4.844693,0.619014,-11.487616,0.755364,-0.0784142378,-0.511312509,0.0055956959
4.845742,0.823164,-10.376638,0.188548,-0.0709646617,-0.4474589998,0.0034672456
4.846793,-0.039069,-9.203408,-0.488749,-0.0645793108,-0.420853371,-0.0039823305
4.84784,-0.502609,-10.156358,-0.601632,-0.0518086089,-0.4325598477,0.0013387952
4.848858,-0.384922,-10.570581,-1.355785,-0.017753404,-0.4304313974,0.0119810468
4.849907,-0.529028,-8.341442,-1.574346,0.0152375758,-0.4421378741,0.0119810468
4.850956,-1.21353,-10.879452,0.301431,0.0737699592,-0.6262488256,0.0130452719
4.852005,-0.922917,-12.622537,0.299029,0.072705734,-0.69116656,0.0162379474
4.853054,-0.161558,-9.258478,0.260601,0.0205587015,-0.6837169839,0.0034672456
4.854071,0.035386,-7.920037,1.833755,-0.0188176292,-0.6368910772,-0.0103676814
4.85512,-0.339289,-9.902557,3.003413,-0.0347810065,-0.6039000974,-0.0050465557
4.856172,0.328401,-10.170724,1.804934,-0.0624508605,-0.5741017931,0.006659921
4.857218,1.072947,-9.007071,0.618463,-0.0922491648,-0.4932206814,0.0045314707
4.858235,0.386043,-9.766079,-0.157306,-0.1071483169,-0.4165964704,-0.0029181054
4.859285,-0.404136,-11.885078,-0.481544,-0.1018271912,-0.3985046428,-0.0018538802
4.860334,-0.553046,-11.284097,-1.182858,-0.0603224102,-0.3899908415,-0.0018538802
4.861383,-0.658723,-8.185809,-1.85295,-0.0092396028,-0.3995688679,-0.007175006
4.8624,-0.961345,-6.991029,-0.945084,0.0301367279,-0.4655508274,-0.0029181054
4.863449,-1.441698,-10.141992,-0.447919,0.0716415089,-0.5602668661,0.0130452719
4.864499,-1.547375,-12.76141,-0.128485,0.0844122107,-0.6294415011,0.0290086492
4.86555,-0.620295,-9.593686,0.435929,0.0407789794,-0.6507260042,0.0268801989
4.866597,0.047395,-7.826657,1.591177,0.0067237745,-0.6485975539,0.0087883713
4.867614,-0.293655,-10.453258,3.154724,-0.003918477,-0.6464691036,0.0002745701
4.868665,0.366829,-10.185091,2.021092,-0.045423258,-0.6145423489,0.0024030204
4.869712,1.373168,-8.207359,0.73615,-0.0922491648,-0.5155694097,-0.0050465557
4.870761,0.563774,-8.827495,0.685713,-0.1156621181,-0.4261744968,-0.0103676814
4.871778,-0.389726,-11.387054,-0.034816,-0.1156621181,-0.4314956225,-0.0007896551
4.872828,-0.211995,-12.375919,-1.262116,-0.0816069132,-0.4442663244,0.0034672456
4.873877,-0.199987,-9.337491,-2.412561,-0.0358452316,-0.4187249207,-0.007175006
4.874926,-0.903703,-6.739623,-1.127618,0.0024668739,-0.4495874501,-0.0114319066
4.875943,-1.429689,-9.426082,-0.174118,0.0471643304,-0.5443034888,0.0087883713
4.876992,-0.500207,-10.33354,-0.241368,0.0429074297,-0.600707422,0.0407151259
4.878044,-0.16396,-7.433984,1.615195,0.0056595494,-0.6060285477,0.0226232983
4.87909,-0.493002,-10.221006,3.498176,0.0141733506,-0.6464691036,0.0087883713
4.88014,-0.048676,-10.948888,2.720005,-0.0081753776,-0.6603040306,0.0055956959
4.881157,1.137795,-7.793136,0.721739,-0.0720288868,-0.5815513692,-0.0061107808
4.882206,0.801548,-7.323844,0.909077,-0.1167263433,-0.4751288538,-0.0156888072
4.883255,-0.288852,-10.70227,0.731346,-0.1209832439,-0.4612939268,-0.007175006
4.884305,-0.236013,-13.355208,-0.94028,-0.0922491648,-0.4783215293,0.0055956959
4.885322,-0.070292,-11.025507,-2.27566,-0.0518086089,-0.4400094237,0.0002745701
4.886371,-0.747588,-7.13469,-1.610372,-0.0166891789,-0.4314956225,-0.0103676814
4.887423,-1.494536,-8.544962,-0.387875,0.0194944764,-0.4985418072,0.0013387952
4.888469,-1.513751,-12.256202,-0.440714,0.0578065819,-0.5560099655,0.0322013247
4.889486,-0.74999,-10.563398,-0.661676,0.0450358801,-0.5645237667,0.0428435762
4.890535,-0.252825,-7.580039,0.666499,-0.0060469273,-0.5751660183,0.0258159738
4.891585,-0.579465,-9.555377,3.082671,-0.0071111525,-0.6262488256,0.0130452719
4.892634,-0.334485,-11.40142,2.604721,-0.0007258016,-0.6709462821,0.0087883713
4.893683,0.80395,-9.098056,0.863443,-0.0443590329,-0.6251846005,-0.0007896551
4.8947,0.936047,-6.813848,0.969121,-0.0879922642,-0.5230189857,-0.0124961318
4.895749,0.066609,-8.91848,0.757766,-0.1050198666,-0.4857711054,-0.0146245821
4.896801,-0.003042,-12.873944,-0.198136,-0.0933133899,-0.5017344827,-0.0029181054
4.897847,0.383642,-11.889867,-1.795308,-0.059258185,-0.4676792777,0.0055956959
4.898865,-0.202388,-8.267217,-2.386141,-0.031588331,-0.4197891458,-0.0007896551
4.899916,-1.345627,-9.06693,-0.928271,-0.0071111525,-0.4378809734,0.0055956959
4.900963,-1.667463,-11.564235,-0.015602,0.0365220788,-0.4921564563,0.0311370995
4.902012,-0.387324,-8.231302,0.116495,0.0205587015,-0.5485603894,0.0311370995
4.903029,-0.517019,-9.155521,1.764104,-0.0028542519,-0.5613310913,0.0194306229
4.904079,-0.649116,-10.264104,2.506248,-0.0113680531,-0.6017716471,0.0130452719
4.905127,0.234732,-9.299182,1.202092,-0.0369094568,-0.6145423489,0.0013387952
4.906176,0.751111,-8.58806,0.937898,-0.0613866353,-0.5613310913,-0.0103676814
4.907194,0.167483,-9.148338,0.793792,-0.0752215623,-0.5272758863,-0.0114319066
4.908243,0.107439,-10.640017,0.013219,-0.0773500126,-0.5357896876,-0.0061107808
4.909294,0.443686,-11.331983,-1.08919,-0.0624508605,-0.5049271581,-0.0039823305
4.910341,-0.031863,-10.149175,-1.735264,-0.045423258,-0.4581012514,-0.0007896551
4.911391,-0.769204,-9.363829,-0.498356,-0.0198818543,-0.4634223771,0.0119810468
4.912408,-1.016586,-10.534665,0.008416,0.0205587015,-0.4942849066,0.0290086492
4.913457,-0.769204,-10.944099,-0.130886,0.0365220788,-0.4996060324,0.0417793511
4.914506,-0.452172,-8.65989,0.375885,0.0131091254,-0.4847068802,0.0417793511
4.915555,-0.759597,-8.456371,1.086807,0.0014026488,-0.5123767342,0.0268801989
4.916573,-1.153486,-10.805227,1.860174,-0.0017900267,-0.586872495,0.0130452719
4.917622,-0.425752,-9.572137,1.19969,-0.0294598807,-0.6283772759,0.0055956959
4.918673,0.287571,-7.862572,0.416715,-0.0550012844,-0.6039000974,-0.0061107808
4.91972,-0.053479,-9.459603,0.760167,-0.0635150856,-0.5741017931,-0.0135603569
4.920737,-0.072693,-10.496356,0.469554,-0.0560655095,-0.5709091176,-0.0093034563
4.921786,0.388445,-9.919318,-0.611239,-0.045423258,-0.5560099655,-0.0061107808
4.922835,0.21792,-10.165936,-1.118011,-0.0475517083,-0.5294043367,-0.0018538802
4.923885,-0.091907,-11.169168,-0.72172,-0.0507443838,-0.511312509,0.0087883713
4.924934,-0.308066,-11.068605,-0.373464,-0.031588331,-0.4857711054,0.020494848
4.925952,-0.553046,-9.904952,0.152521,-0.0081753776,-0.4698077281,0.0290086492
4.927001,-0.413744,-8.628764,0.488768,0.0035310991,-0.4644866023,0.0364582253
4.928052,-0.639509,-8.959184,0.507982,0.0131091254,-0.4687435029,0.0364582253
4.929099,-0.644313,-9.06693,0.880255,-0.003918477,-0.5858082698,0.0151737222
4.930116,-0.214397,-9.01186,0.481563,-0.0252029801,-0.6134781238,-0.0007896551
4.931168,-0.605884,-10.769312,1.230913,-0.0337167813,-0.6209276999,-0.0061107808
4.932215,-0.332084,-10.144387,0.457545,-0.0443590329,-0.6230561502,-0.0103676814
4.933264,0.345213,-8.283978,-0.181323,-0.0613866353,-0.5847440446,-0.0156888072
4.934281,0.153072,-9.385378,0.640079,-0.0677719862,-0.5421750385,-0.0039823305
4.935331,0.088225,-11.762966,0.145316,-0.0613866353,-0.5198263103,0.0173021725
4.93638,0.318794,-11.837191,-0.616042,-0.045423258,-0.4815142047,0.020494848
4.937429,0.047395,-9.435659,-0.4215,-0.0401021322,-0.4378809734,0.0141094971
4.938478,-0.353699,-8.348625,-0.229359,-0.0358452316,-0.420853371,0.0173021725
4.939496,-0.675536,-10.26171,-0.308617,-0.0124322782,-0.4219175961,0.0236875235
4.940548,-0.889292,-10.228189,-0.363857,0.0131091254,-0.4400094237,0.0300728744
4.941594,-0.906105,-7.457927,0.08287,0.0280082776,-0.503862933,0.0226232983
4.942643,-1.07663,-8.647919,0.421519,0.0343936285,-0.6060285477,0.0077241462
4.943661,-1.105451,-12.268174,0.829818,0.0280082776,-0.6879738846,0.006659921
4.94471,-0.413744,-10.889029,0.697721,0.0003384236,-0.7081941625,0.0034672456
4.945759,0.321196,-7.639898,0.318243,-0.0475517083,-0.6603040306,-0.0082392311
4.947826,0.109841,-11.229026,1.848166,-0.0847995887,-0.5400465882,0.0119810468
4.948875,0.674255,-11.643249,0.428724,-0.0794784629,-0.4910922311,0.0173021725
4.949926,0.731897,-9.888191,-0.301412,-0.073093112,-0.4123395698,0.006659921
4.946808,0.225125,-8.521018,1.629605,-0.0816069132,-0.5858082698,-0.0061107808
4.950973,-0.091907,-8.767636,-0.404687,-0.0656435359,-0.3676421133,0.0024030204
4.952022,-0.70916,-10.101288,-0.491151,-0.0486159335,-0.3804128151,0.0109168216
4.953042,-0.685143,-10.917761,-1.209278,-0.0081753776,-0.4038257685,0.0215590732
4.954089,-0.622697,-7.908065,-1.045958,0.0312009531,-0.4378809734,0.020494848
4.955138,-1.532965,-11.992824,0.625669,0.0758984095,-0.6336984017,0.0173021725
4.956187,-0.879685,-12.373525,0.315841,0.0556781316,-0.6869096594,0.0194306229
4.957205,0.17709,-8.018205,0.142914,-0.0092396028,-0.6645609312,0.0055956959
4.958254,0.31399,-7.673419,2.434196,-0.0443590329,-0.6113496735,-0.0029181054
4.959304,-0.171166,-10.740579,2.967387,-0.0528728341,-0.5890009453,0.006659921
4.960352,0.549363,-11.059028,1.288555,-0.0794784629,-0.5634595416,0.0141094971
4.96137,1.140197,-9.409322,0.015621,-0.0996987408,-0.4687435029,0.0024030204
4.962421,0.081019,-9.306365,-0.404687,-0.1060840918,-0.3995688679,-0.0061107808
4.963468,-0.73558,-10.522694,-0.087655,-0.0965060654,-0.4155322452,0.0024030204
4.964517,-0.550644,-10.889029,-1.355785,-0.0571297347,-0.4336240728,0.0151737222
4.965566,-0.36811,-8.521018,-1.699237,-0.0071111525,-0.4389451986,0.0183663977
4.966583,-0.906105,-7.515392,-0.623248,0.037586304,-0.503862933,0.0151737222
4.967633,-1.40327,-11.427757,-0.260582,0.0737699592,-0.6102854483,0.0173021725
4.968681,-0.906105,-12.529158,-0.23176,0.0631277077,-0.6571113551,0.0236875235
4.969731,-0.048676,-8.181021,-0.037218,0.0120449003,-0.6262488256,0.0183663977
4.970748,-0.139943,-7.656658,2.50865,-0.0049827022,-0.5996431968,0.0098525965
4.9718,-0.58667,-10.790861,3.690317,-0.0028542519,-0.6241203753,0.0151737222
4.972847,0.522944,-10.486778,1.593579,-0.0401021322,-0.6156065741,0.0173021725
4.973896,1.401989,-8.374963,0.337457,-0.0858638138,-0.5059913833,-0.0007896551
4.974913,0.167483,-9.399744,0.142914,-0.1114052175,-0.4197891458,-0.0124961318
4.975962,-0.77641,-12.083809,0.238985,-0.1071483169,-0.4336240728,0.0002745701
4.977012,-0.473788,-11.025507,-1.254911,-0.0699004365,-0.4410736489,0.0077241462
4.978061,-0.454573,-7.589617,-2.446185,-0.0369094568,-0.4272387219,0.0002745701
4.979078,-0.956542,-7.644687,-1.026744,-0.0081753776,-0.4687435029,0.0024030204
4.980127,-1.465715,-11.497194,-0.486347,0.0429074297,-0.5549457403,0.0194306229
4.981177,-0.308066,-8.42285,0.030032,0.0301367279,-0.6422122029,0.0258159738
4.982225,0.162679,-7.690179,1.406241,0.0067237745,-0.6230561502,0.0162379474
4.983274,-0.493002,-11.334378,3.524596,0.0184302512,-0.6326341766,0.0162379474
4.984294,0.102635,-10.539454,2.359741,-0.0124322782,-0.6368910772,0.0151737222
4.985341,1.358757,-6.840185,0.445536,-0.0752215623,-0.5485603894,-0.0039823305
4.98639,0.693469,-7.972712,0.582437,-0.1071483169,-0.4432020992,-0.0178172575
4.987439,-0.372914,-12.660847,0.399903,-0.0996987408,-0.4378809734,-0.0061107808
4.988456,-0.281647,-13.338448,-0.997923,-0.0613866353,-0.4559728011,0.0045314707
4.989505,-0.260031,-8.528201,-1.999457,-0.0209460795,-0.4368167483,-0.0039823305
4.990554,-0.826847,-6.334978,-1.555131,-0.0007258016,-0.4432020992,-0.0082392311
4.991604,-1.49934,-10.575369,-0.654471,0.0301367279,-0.4910922311,0.0130452719
4.992621,-1.556982,-12.984084,-0.222153,0.0609992574,-0.5432392637,0.0396509008
4.993672,-0.598679,-8.837072,-0.157306,0.0343936285,-0.5783586937,0.0407151259
4.994719,-0.036667,-7.141873,1.168467,0.0024668739,-0.6017716471,0.0194306229
4.995768,-0.464181,-10.93931,3.068261,0.0088522248,-0.6336984017,0.0109168216
4.996817,0.030582,-11.367899,2.246858,-0.003918477,-0.6454048784,0.0098525965
4.997835,1.116179,-7.984684,0.57283,-0.0518086089,-0.5741017931,-0.0029181054
4.998884,0.667049,-7.26638,0.671302,-0.0911849396,-0.4815142047,-0.0167530324
4.999932,-0.255227,-10.323963,0.805801,-0.0965060654,-0.4815142047,-0.0114319066
5.000981,-0.077497,-12.902676,-0.59923,-0.0699004365,-0.5070556084,-0.0018538802
5.001999,0.184295,-10.946493,-2.155572,-0.0326525562,-0.462358152,0.0002745701
5.00305,-0.517019,-7.52018,-1.658407,-0.0028542519,-0.4283029471,-0.0029181054
5.004097,-1.530563,-8.942424,-0.371063,0.0258798273,-0.4772573041,0.0077241462
5.005146,-1.556982,-12.48606,0.118897,0.065256158,-0.5411108133,0.0322013247
5.006163,-0.701955,-10.752551,-0.241368,0.0609992574,-0.55281729,0.0407151259
5.007212,-0.747588,-9.258478,2.592712,-0.0103038279,-0.586872495,0.0045314707
5.008261,-0.713964,-10.817199,2.842495,-0.0081753776,-0.6443406533,0.0013387952
5.00931,0.554167,-8.537779,0.808203,-0.0358452316,-0.6390195275,-0.0050465557
5.01036,1.101768,-7.671024,0.616062,-0.0645793108,-0.559202641,-0.0156888072
5.011377,0.239536,-10.280864,0.692918,-0.0699004365,-0.511312509,-0.0135603569
5.012427,0.001761,-11.719868,-0.157306,-0.0550012844,-0.5240832109,-0.007175006
5.013475,0.21792,-10.596918,-1.631988,-0.0369094568,-0.5134409594,-0.0093034563
5.014524,-0.178371,-9.687066,-2.143563,-0.0305241059,-0.4655508274,-0.0061107808
5.015544,-0.930122,-9.631996,-0.5584,-0.0124322782,-0.4453305495,0.0130452719
5.01659,-1.374448,-10.618468,0.344662,0.0248156021,-0.4878995557,0.0311370995
5.017639,-0.57226,-10.472412,0.188548,0.0439716549,-0.5219547606,0.0396509008
5.018688,0.044993,-8.544962,0.174137,0.0397147543,-0.497477582,0.0322013247
5.019706,-0.855668,-9.624813,1.290957,0.0343936285,-0.511312509,0.0141094971
5.020755,-1.026193,-10.640017,2.023494,0.0141733506,-0.5826155943,0.0045314707
5.021805,0.037788,-8.190598,0.594446,-0.0188176292,-0.6028358723,-0.0018538802
5.023902,-0.23121,-10.527482,1.451875,-0.0486159335,-0.5623953164,-0.0093034563
5.024922,0.256348,-9.981571,0.08287,-0.0432948077,-0.5687806673,-0.007175006
5.025969,0.460498,-9.572137,-0.613641,-0.0369094568,-0.5432392637,-0.0114319066
5.027018,0.047395,-10.733396,-0.909057,-0.0390379071,-0.511312509,-0.0082392311
5.028067,-0.214397,-11.482827,-0.72172,-0.0337167813,-0.4825784299,0.0055956959
5.029084,-0.550644,-10.671143,-0.128485,-0.0092396028,-0.4591654765,0.0183663977
5.030133,-0.663527,-8.844255,0.051647,0.0088522248,-0.4570370262,0.0258159738
5.022853,0.148269,-8.418061,0.820211,-0.0411663574,-0.5687806673,-0.0103676814
5.031182,-0.567456,-8.556933,0.498375,0.0226871518,-0.4708719532,0.0300728744
5.032232,-0.870078,-10.125232,0.793792,0.0365220788,-0.5059913833,0.0300728744
5.033249,-0.485796,-8.683834,0.471956,-0.003918477,-0.6134781238,-0.0029181054
5.034301,-0.315271,-8.750876,0.637677,-0.031588331,-0.6294415011,-0.0146245821
5.035347,-0.495403,-10.419737,1.144449,-0.0305241059,-0.6400837526,-0.0124961318
5.036396,-0.099113,-10.04143,0.303832,-0.0220103046,-0.635826852,-0.0114319066
5.037414,0.479712,-8.820312,-0.311019,-0.031588331,-0.5921936207,-0.0135603569
5.038463,0.227527,-10.103683,0.121299,-0.0411663574,-0.5421750385,-0.007175006
5.039512,0.186697,-11.901838,-0.363857,-0.0411663574,-0.5006702575,0.0034672456
5.040561,0.321196,-10.970437,-0.464731,-0.0305241059,-0.448523225,0.0055956959
5.04161,-0.209594,-8.710172,0.162129,-0.017753404,-0.4176606955,0.0109168216
5.042627,-0.550644,-8.535384,0.154923,-0.0049827022,-0.4272387219,0.020494848
5.043677,-0.802829,-10.532271,0.015621,0.0184302512,-0.448523225,0.0268801989
5.044726,-1.09104,-10.472412,0.061255,0.037586304,-0.4857711054,0.0268801989
5.045774,-0.882087,-7.917642,0.10929,0.0365220788,-0.55281729,0.0098525965
5.046794,-0.891694,-8.722144,0.383091,0.0280082776,-0.6166707993,-0.0061107808
5.047841,-1.062219,-11.353533,1.331787,0.0248156021,-0.6581755802,-0.0050465557
5.048889,-0.473788,-9.897769,0.930692,0.0067237745,-0.6709462821,-0.0093034563
5.049939,0.357222,-7.932008,0.452742,-0.0347810065,-0.6336984017,-0.021009933
5.050956,0.35482,-9.818755,1.644016,-0.0571297347,-0.5751660183,-0.0167530324
5.052005,0.13626,-12.016767,0.966719,-0.0624508605,-0.5400465882,0.0002745701
5.053055,0.359624,-11.133253,-0.190931,-0.0656435359,-0.5070556084,0.0013387952
5.054104,0.285169,-8.777214,-0.337438,-0.0560655095,-0.4538443507,-0.0050465557
5.055153,-0.115925,-8.544962,-0.740934,-0.0475517083,-0.4187249207,-0.0007896551
5.056172,-0.40894,-10.845931,-0.9667,-0.0273314304,-0.4048899937,0.0109168216
5.057219,-0.497805,-10.501145,-1.175653,0.0152375758,-0.3995688679,0.0183663977
5.058268,-0.711562,-7.13469,-0.491151,0.0578065819,-0.4474589998,0.0119810468
5.059317,-1.446501,-13.027182,0.126102,0.0918617868,-0.6549829048,0.0045314707
5.060335,-0.452172,-10.323963,-0.044423,0.0471643304,-0.6709462821,0.0045314707
5.061384,0.318794,-6.84258,0.971522,-0.0017900267,-0.6283772759,-0.007175006
5.062433,-0.055881,-9.282421,3.3949,-0.0124322782,-0.5975147465,-0.0061107808
5.063482,0.114644,-11.497194,2.434196,-0.031588331,-0.5815513692,0.0098525965
5.064499,1.135393,-10.33354,0.507982,-0.0699004365,-0.5049271581,0.0077241462
5.06555,0.683862,-9.246506,0.399903,-0.0933133899,-0.3985046428,-0.0093034563
5.066597,-0.65392,-9.828333,0.452742,-0.0933133899,-0.3846697158,-0.0114319066
5.067646,-0.848462,-10.759734,-0.042021,-0.0677719862,-0.4251102716,0.0002745701
5.068695,-0.399333,-9.988754,-1.639193,-0.0252029801,-0.4251102716,0.0087883713
5.069712,-0.444966,-7.627926,-1.63439,0.0109806751,-0.4336240728,0.0087883713
5.070762,-1.136674,-8.60482,-0.673685,0.0471643304,-0.51769786,0.0045314707
5.071811,-1.441698,-12.459722,-0.219752,0.0833479856,-0.6241203753,0.0098525965
5.07286,-0.769204,-11.209872,-0.301412,0.0673846083,-0.6720105072,0.0130452719
5.073877,0.049797,-7.311872,0.224574,0.0194944764,-0.6624324809,0.0034672456
5.074928,-0.139943,-8.786791,2.940967,0.0184302512,-0.649661779,0.0024030204
5.075975,-0.296057,-11.422969,3.128305,0.0141733506,-0.6581755802,0.0151737222
5.077025,1.101768,-9.878614,0.839425,-0.0379736819,-0.6049643226,0.0130452719
5.078044,1.565309,-8.128345,0.022826,-0.0858638138,-0.4687435029,-0.0114319066
5.079091,0.008967,-9.916923,0.046844,-0.1050198666,-0.4006330931,-0.0199457078
5.08014,-0.716366,-12.368736,0.030032,-0.0901207145,-0.4261744968,-0.007175006
5.081189,-0.353699,-10.604102,-1.442249,-0.0401021322,-0.4251102716,0.0013387952
5.082238,-0.488198,-6.801876,-2.102733,0.0003384236,-0.4197891458,-0.0029181054
5.083256,-1.187111,-7.70694,-0.740934,0.0301367279,-0.4847068802,0.0002745701
5.084305,-1.561786,-12.495637,-0.327831,0.079091085,-0.5815513692,0.0183663977
5.085354,-0.192781,-7.733278,0.356671,0.0301367279,-0.621991925,0.0236875235
5.086403,-0.216799,-7.864967,2.424588,0.0141733506,-0.6166707993,0.0077241462
5.087422,-0.661125,-11.367899,3.709531,0.0216229267,-0.6443406533,0.006659921
5.088469,0.371633,-10.053401,1.915415,-0.017753404,-0.6347626269,0.0055956959
5.089518,1.498059,-7.295112,0.253395,-0.0762857875,-0.5208905354,-0.0114319066
5.090567,0.549363,-9.203408,0.568026,-0.100762966,-0.4261744968,-0.0220741581
5.091585,-0.601081,-12.811691,0.349466,-0.0879922642,-0.4442663244,-0.0114319066
5.092634,-0.425752,-11.983246,-1.365392,-0.045423258,-0.4687435029,0.0002745701
5.093683,-0.255227,-7.52018,-2.318892,-0.0049827022,-0.4527801256,-0.0050465557
5.094732,-0.855668,-6.689342,-1.677621,0.0141733506,-0.4666150526,-0.007175006
5.095781,-1.633839,-11.504377,-0.409491,0.0482285555,-0.5294043367,0.0151737222
5.096801,-1.547375,-13.410278,0.181343,0.0769626347,-0.5911293956,0.0375224505
5.097847,-0.396931,-9.126788,-0.320626,0.0407789794,-0.6092212232,0.0300728744
5.098896,-0.019855,-7.592011,1.389429,0.0024668739,-0.5985789716,0.0087883713
5.099945,-0.725973,-10.175513,3.337258,0.0045953242,-0.6113496735,-0.0007896551
5.100963,-0.209594,-9.682277,2.049914,-0.0156249537,-0.6273130508,-0.0050465557
5.102012,1.072947,-7.37652,0.897068,-0.0518086089,-0.5719733428,-0.0135603569
5.103061,0.938449,-8.631158,0.519991,-0.0709646617,-0.4878995557,-0.0199457078
5.10411,0.107439,-12.292117,-0.061235,-0.0741573372,-0.4708719532,-0.0135603569
5.105128,-0.079899,-12.931408,-0.990717,-0.0486159335,-0.4825784299,-0.0061107808
5.106178,-0.091907,-9.320731,-2.194,-0.0145607286,-0.4570370262,-0.007175006
5.107226,-0.766803,-7.443561,-1.754478,0.0014026488,-0.4357525231,-0.0050465557
5.108275,-1.609821,-10.158753,-0.005995,0.0322651782,-0.4730004035,0.0151737222
5.109295,-1.460912,-11.956908,0.529598,0.0705772837,-0.5294043367,0.0364582253
5.110342,-0.483395,-9.41411,-0.09486,0.0556781316,-0.5485603894,0.0322013247
5.11139,-0.288852,-8.2744,0.923487,0.0152375758,-0.5443034888,0.0109168216
5.11244,-0.577063,-9.794812,2.028298,-0.0103038279,-0.6336984017,-0.0082392311
5.113489,0.62622,-7.402857,0.443135,-0.0518086089,-0.6070927729,-0.021009933
5.114506,0.554167,-8.621581,1.072396,-0.0667077611,-0.5411108133,-0.0231383833
5.115556,0.0546,-11.08776,0.599249,-0.0656435359,-0.5379181379,-0.0135603569
5.116604,0.443686,-11.719868,-1.002726,-0.0539370592,-0.55281729,-0.0103676814
5.117653,0.619014,-10.450863,-2.162777,-0.0294598807,-0.5017344827,-0.0146245821
5.118673,-0.236013,-9.064535,-1.898583,-0.0103038279,-0.4421378741,-0.0093034563
5.11972,-1.215932,-10.017486,-0.109271,0.0184302512,-0.4602297017,0.0119810468
5.120769,-1.119862,-11.193111,0.366278,0.058870807,-0.5070556084,0.0364582253
5.121818,-0.375315,-9.481152,-0.123681,0.0609992574,-0.5027987078,0.0407151259
5.122835,-0.473788,-8.511441,0.673704,0.0322651782,-0.4921564563,0.0247517486
5.123884,-1.067023,-10.484384,1.956245,0.0194944764,-0.5400465882,0.0087883713
5.124934,-0.601081,-9.675094,1.564758,-0.0081753776,-0.6028358723,-0.0007896551
5.125983,0.282768,-7.400463,0.495973,-0.0464874832,-0.6102854483,-0.0114319066
5.127032,0.227527,-9.256083,1.156458,-0.0507443838,-0.580487144,-0.0156888072
5.128052,0.037788,-11.29128,1.024361,-0.0379736819,-0.5719733428,-0.0093034563
5.129098,0.431677,-10.13002,-0.169315,-0.0252029801,-0.5655879919,-0.0082392311
5.130147,0.35482,-9.406927,-0.820192,-0.0198818543,-0.5336612373,-0.0114319066
5.131196,-0.144746,-10.628045,-1.298143,-0.0305241059,-0.4964133569,-0.0029181054
5.132214,-0.404136,-10.81241,-0.344643,-0.0283956555,-0.4634223771,0.0119810468
5.133263,-0.766803,-9.967205,0.54641,-0.003918477,-0.462358152,0.0247517486
5.134312,-0.649116,-9.794812,0.548812,0.0194944764,-0.4857711054,0.034329775
5.135361,-0.358503,-9.670306,0.476759,0.0322651782,-0.4910922311,0.0353940002
5.136378,-0.915712,-9.797206,0.644883,0.0333294034,-0.511312509,0.0226232983
5.137428,-1.07663,-9.423688,0.981129,0.00991645,-0.5719733428,0.006659921
5.138477,-0.324878,-8.837072,0.697721,-0.0432948077,-0.6177350244,-0.0124961318
5.139526,-0.262432,-10.285653,1.242921,-0.0337167813,-0.6273130508,-0.0082392311
5.140575,0.458096,-9.734953,-0.044423,-0.0230745298,-0.6187992496,-0.007175006
5.141592,0.808753,-9.873825,-0.531981,-0.0283956555,-0.573037568,-0.0093034563
5.142642,0.282768,-11.504377,-0.404687,-0.0337167813,-0.531532787,-0.0050465557
5.143691,-0.079899,-11.710291,-0.654471,-0.0337167813,-0.5006702575,0.0045314707
5.14474,-0.159157,-9.624813,-0.563204,-0.0273314304,-0.4538443507,0.0119810468
5.145757,-0.468984,-7.728489,0.152521,-0.0198818543,-0.4219175961,0.0236875235
5.146806,-0.819641,-8.908903,0.784185,-0.0028542519,-0.4357525231,0.0353940002
5.149924,-0.69475,-8.21933,0.45034,0.0290725027,-0.5921936207,0.0045314707
5.148904,-0.901301,-10.197062,0.421519,0.037586304,-0.5347254624,0.0279444241
5.147855,-1.064621,-11.193111,0.503179,0.0269440524,-0.4783215293,0.0396509008
5.15202,-0.906105,-10.515511,1.03637,-0.003918477,-0.6368910772,-0.0061107808
5.153069,-0.236013,-8.513835,0.692918,-0.0273314304,-0.6305057263,-0.0103676814
5.150971,-0.925319,-9.588898,0.580035,0.0141733506,-0.6241203753,-0.0082392311
5.154118,0.328401,-8.413273,0.73615,-0.0528728341,-0.5953862962,-0.0146245821
5.155135,0.321196,-11.188323,1.103619,-0.0645793108,-0.5560099655,-0.0050465557
5.156185,0.484516,-12.249019,0.296627,-0.0699004365,-0.5198263103,0.0055956959
5.157234,0.611809,-10.31678,-0.541588,-0.0613866353,-0.4655508274,0.0034672456
5.158283,0.069011,-8.36778,-0.414294,-0.0443590329,-0.4176606955,0.0045314707
5.159303,-0.399333,-8.978339,-0.500758,-0.0326525562,-0.4038257685,0.0151737222
5.16035,-0.452172,-11.073394,-1.154037,-0.0060469273,-0.4006330931,0.0247517486
5.161399,-0.610688,-9.82115,-0.894647,0.0322651782,-0.4155322452,0.0247517486
5.162448,-0.956542,-7.108353,-0.21735,0.0556781316,-0.4964133569,0.0130452719
5.163465,-1.124665,-9.502701,0.385492,0.0663203831,-0.6070927729,0.0077241462
5.164514,-0.387324,-10.11326,0.387894,0.0269440524,-0.6858454342,0.0077241462
5.165564,0.196304,-7.261591,1.122833,-0.031588331,-0.6347626269,-0.007175006
5.166613,-0.23121,-8.980733,2.650354,-0.0507443838,-0.5836798195,-0.0061107808
5.16763,-0.120729,-11.580996,2.124368,-0.0560655095,-0.5655879919,0.0109168216
5.168679,0.878405,-10.769312,0.493572,-0.0699004365,-0.5059913833,0.0109168216
5.169728,0.578184,-8.983127,-0.236564,-0.0858638138,-0.4197891458,-0.0018538802
5.170778,-0.435359,-9.749319,-0.085253,-0.0922491648,-0.3963761924,-0.0018538802
5.171826,-0.593876,-11.171562,-0.738532,-0.0645793108,-0.4048899937,0.0087883713
5.172844,-0.384922,-9.701432,-1.684827,-0.0156249537,-0.4027615434,0.0141094971
5.173893,-0.629902,-6.981452,-1.065172,0.0269440524,-0.4432020992,0.0098525965
5.174942,-1.340824,-8.932846,-0.267787,0.065256158,-0.5549457403,0.0087883713
5.175991,-1.559384,-13.168449,-0.114074,0.0833479856,-0.6624324809,0.0162379474
5.177008,-0.54584,-10.999169,-0.178922,0.0461001052,-0.6805243085,0.0194306229
5.178057,0.318794,-6.655821,0.940299,-0.003918477,-0.6422122029,0.0098525965
5.179107,-0.072693,-8.391723,3.085073,-0.0113680531,-0.635826852,0.0024030204
5.180156,0.213116,-11.703108,2.511052,-0.0220103046,-0.6347626269,0.0141094971
5.181176,1.490854,-10.666355,0.435929,-0.0560655095,-0.5325970121,0.0130452719
5.182222,0.928842,-8.803551,-0.020405,-0.0890564893,-0.4016973182,-0.007175006
5.183271,-0.752392,-10.067767,0.54641,-0.100762966,-0.3942477421,-0.0103676814
5.184321,-0.841257,-11.30804,-0.35425,-0.0741573372,-0.4442663244,0.006659921
5.18537,-0.27204,-9.320731,-2.251642,-0.0369094568,-0.4378809734,0.0119810468
5.186387,-0.639509,-7.125113,-1.495087,-0.0081753776,-0.4453305495,0.0087883713
5.187436,-1.477724,-9.198619,-0.102065,0.0354578537,-0.5357896876,0.0173021725
5.188485,-1.780346,-13.436616,-0.222153,0.0854764359,-0.6464691036,0.0311370995
5.189535,-0.853266,-11.762966,-0.623248,0.0631277077,-0.6783958582,0.0300728744
5.190554,-0.151951,-8.073275,3.209965,-0.0028542519,-0.6028358723,0.0002745701
5.191601,-0.560251,-11.782121,3.673505,0.0088522248,-0.6273130508,0.0098525965
5.19265,0.796745,-9.63439,1.247725,-0.0358452316,-0.5932578459,0.0109168216
5.194716,0.325999,-10.42692,-0.114074,-0.1050198666,-0.4325598477,-0.0146245821
5.197864,-0.332084,-6.392442,-2.633523,-0.0113680531,-0.4740646287,0.0024030204
5.195765,-0.663527,-13.352814,-0.085253,-0.0911849396,-0.462358152,-0.0029181054
5.193699,1.507666,-7.405252,0.435929,-0.0805426881,-0.4868353305,-0.007175006
5.196814,-0.57226,-10.218611,-1.005128,-0.0411663574,-0.4878995557,0.0055956959
5.198913,-0.822043,-8.537779,-1.252509,0.0077879997,-0.4740646287,0.0098525965
5.19993,-1.691481,-12.804508,0.118897,0.0503570058,-0.5294043367,0.0322013247
5.200979,-1.331217,-11.813248,0.19095,0.0599350322,-0.5975147465,0.0428435762
5.202029,-0.087104,-7.836235,0.234181,0.0226871518,-0.6039000974,0.0300728744
5.203078,-0.034265,-8.511441,1.641614,0.0056595494,-0.5815513692,0.0119810468
5.204095,-0.593876,-11.099732,3.241188,0.0014026488,-0.600707422,0.006659921
5.205144,0.287571,-9.275238,1.795327,-0.0294598807,-0.6060285477,0.0055956959
5.206193,1.221857,-7.058071,0.378287,-0.0688362114,-0.5294043367,-0.0061107808
5.207242,0.441284,-9.655939,0.443135,-0.0890564893,-0.4559728011,-0.0114319066
5.208259,-0.300861,-12.895493,0.030032,-0.0805426881,-0.4602297017,0.0013387952
5.209308,-0.199987,-11.552264,-1.358187,-0.045423258,-0.4698077281,0.0077241462
5.210357,-0.387324,-7.910459,-2.340508,-0.017753404,-0.4432020992,0.0002745701
5.211407,-1.112656,-7.843418,-1.110805,-0.0007258016,-0.4442663244,0.0034672456
5.212456,-1.641044,-11.518743,0.335055,0.0461001052,-0.5017344827,0.0279444241
5.213473,-1.151084,-12.263385,-0.020405,0.072705734,-0.5602668661,0.0449720265
5.214522,-0.216799,-8.8251,-0.409491,0.0301367279,-0.5645237667,0.0364582253
5.215571,-0.315271,-8.334259,1.591177,-0.0060469273,-0.5602668661,0.0162379474
5.21662,-0.005444,-9.045381,1.701658,-0.031588331,-0.6411479778,0.0045314707
5.217638,1.02251,-7.44835,0.779381,-0.059258185,-0.5953862962,-0.0029181054
5.218687,0.698272,-9.466786,0.760167,-0.0709646617,-0.5347254624,-0.0050465557
5.219736,0.277964,-11.846768,0.092477,-0.0677719862,-0.5262116612,0.0002745701
5.220785,0.330803,-11.657615,-1.22609,-0.045423258,-0.5134409594,-0.0007896551
5.221805,0.088225,-9.572137,-2.31649,-0.0230745298,-0.4602297017,-0.0050465557
5.222852,-0.812436,-8.798763,-1.288536,-0.0060469273,-0.4325598477,0.0045314707
5.223901,-1.679472,-10.405371,0.265404,0.0248156021,-0.4740646287,0.0290086492
5.224949,-1.266369,-10.819593,0.476759,0.0535496813,-0.531532787,0.0471004769
5.225999,-0.322477,-9.150732,0.219771,0.0450358801,-0.5443034888,0.0417793511
5.227016,-0.502609,-9.725376,1.106021,0.023751377,-0.5485603894,0.0247517486
5.228065,-0.930122,-11.073394,2.347732,0.0088522248,-0.5932578459,0.0119810468
5.229114,-0.132737,-8.518624,1.127637,-0.0305241059,-0.6230561502,-0.0018538802
5.230163,0.621416,-6.730045,0.416715,-0.0688362114,-0.5847440446,-0.0114319066
5.231182,0.184295,-9.090873,1.341394,-0.0688362114,-0.5421750385,-0.007175006
5.23223,0.081019,-11.365504,0.459947,-0.0496801586,-0.5506888397,0.0034672456
5.233279,0.5998,-11.200294,-0.870629,-0.0273314304,-0.5538815152,-0.0007896551
5.234328,0.289973,-10.110866,-1.629586,-0.0156249537,-0.5262116612,-0.0093034563
5.235345,-0.483395,-10.187485,-1.48548,-0.0156249537,-0.5070556084,-0.0029181054
5.236394,-0.841257,-10.529877,-0.207743,0.0035310991,-0.497477582,0.0215590732
5.237444,-0.855668,-9.866642,0.323047,0.0258798273,-0.4942849066,0.0439078014
5.238492,-0.562653,-8.949607,0.495973,0.0280082776,-0.4932206814,0.048164702
5.23951,-0.632304,-9.371012,0.875452,0.0248156021,-0.4964133569,0.0375224505
5.240559,-1.1727,-10.807621,1.463884,0.0205587015,-0.5357896876,0.0215590732
5.241608,-0.836454,-9.550588,1.218904,-0.0049827022,-0.5975147465,0.0055956959
5.242657,-0.118327,-9.023831,1.005147,-0.0422305825,-0.5911293956,-0.0114319066
5.243706,-0.252825,-10.903395,0.906675,-0.0305241059,-0.5890009453,-0.0039823305
5.244723,0.441284,-9.904952,-0.423901,-0.0230745298,-0.5719733428,-0.0018538802
5.245772,0.520542,-9.57932,-0.654471,-0.0220103046,-0.531532787,-0.0061107808
5.246822,0.0546,-11.042267,-0.851415,-0.0294598807,-0.5049271581,0.0002745701
5.247871,-0.096711,-11.360716,-0.404687,-0.0230745298,-0.4815142047,0.0151737222
5.248888,-0.288852,-9.768474,0.135709,-0.0071111525,-0.4581012514,0.0258159738
5.249937,-0.413744,-8.640736,0.411912,0.0035310991,-0.448523225,0.0311370995
5.250986,-0.584269,-9.495518,0.683311,0.0205587015,-0.4474589998,0.0375224505
5.252035,-1.026193,-10.458046,0.534402,0.0397147543,-0.4740646287,0.0353940002
5.253055,-0.862873,-8.920874,0.315841,0.0258798273,-0.531532787,0.0173021725
5.254101,-0.567456,-7.989473,0.323047,0.0003384236,-0.5783586937,0.0002745701
5.255151,-0.956542,-10.33354,1.334188,-0.0028542519,-0.6134781238,0.0002745701
5.2562,-0.836454,-11.217055,1.202092,-0.003918477,-0.6528544545,0.0034672456
5.257249,0.160278,-8.851438,-0.092458,-0.0209460795,-0.6443406533,-0.0061107808
5.258266,0.386043,-8.161866,0.299029,-0.045423258,-0.5858082698,-0.0135603569
5.259315,-0.012649,-10.833959,0.769774,-0.0581939599,-0.5485603894,-0.0007896551
5.260364,0.359624,-12.512397,0.099683,-0.0528728341,-0.5123767342,0.0141094971
5.261413,0.501328,-10.230583,-0.498356,-0.0401021322,-0.4442663244,0.0141094971
5.26243,-0.161558,-7.527364,-0.087655,-0.031588331,-0.4112753446,0.0109168216
5.263479,-0.517019,-9.217774,-0.205341,-0.0188176292,-0.4272387219,0.0162379474
5.264529,-0.562653,-11.727051,-1.029145,0.0141733506,-0.434688298,0.0279444241
5.265577,-0.807633,-9.426082,-0.565605,0.0461001052,-0.462358152,0.0258159738
5.266595,-1.009381,-7.268774,-0.070842,0.0535496813,-0.5506888397,0.0087883713
5.267644,-0.966149,-10.103683,0.433528,0.0578065819,-0.6432764281,0.0045314707
5.268693,-0.072693,-8.992705,0.512786,0.0109806751,-0.677331633,0.0045314707
5.269742,0.374034,-7.821868,1.471089,-0.0209460795,-0.6368910772,-0.0039823305
5.270791,0.153072,-10.297625,2.040307,-0.0390379071,-0.5985789716,-0.0007896551
5.271808,0.506131,-11.877895,0.959514,-0.0624508605,-0.5443034888,0.0077241462
5.272857,0.81836,-10.675932,0.133307,-0.0709646617,-0.4474589998,0.0077241462
5.273906,-0.060684,-8.743693,0.128504,-0.0613866353,-0.3857339409,0.0034672456
5.274956,-0.793222,-8.980733,-0.037218,-0.0496801586,-0.4080826691,0.0098525965
5.275973,-0.536233,-10.740579,-1.170849,-0.0220103046,-0.4336240728,0.0162379474
5.277022,-0.161558,-9.708615,-1.81212,0.0173660261,-0.4229818213,0.0151737222
5.27807,-0.786017,-7.383703,-0.541588,0.0546139064,-0.4644866023,0.0119810468
5.27912,-1.751525,-10.20664,0.392698,0.0897333365,-0.5900651704,0.0130452719
5.280137,-1.398466,-13.087041,0.116495,0.0961186874,-0.6901023349,0.0194306229
5.281186,-0.154353,-9.265661,-0.174118,0.0482285555,-0.6847812091,0.0141094971
5.282235,0.052198,-7.220887,1.761702,0.0024668739,-0.6390195275,0.0002745701
5.283284,-0.538635,-9.895374,3.815209,-0.0081753776,-0.635826852,0.0045314707
5.285351,1.558103,-9.766079,0.061255,-0.0762857875,-0.5134409594,0.0024030204
5.2864,0.597398,-9.866642,0.455144,-0.0996987408,-0.4006330931,-0.0103676814
5.284334,0.364427,-10.484384,1.764104,-0.0347810065,-0.6241203753,0.0141094971
5.287449,-0.757195,-10.649594,0.099683,-0.0954418402,-0.4080826691,-0.0061107808
5.288498,-0.728374,-11.047056,-0.916263,-0.059258185,-0.4421378741,0.0055956959
5.289515,-0.360905,-8.600032,-2.165179,-0.0145607286,-0.4261744968,0.0077241462
5.290564,-0.805231,-6.940748,-1.418231,0.0184302512,-0.4570370262,0.0045314707
5.291614,-1.63624,-10.640017,0.010818,0.0663203831,-0.5655879919,0.0119810468
5.292663,-1.581,-13.819712,-0.500758,0.0971829126,-0.6571113551,0.0258159738
5.29368,-0.483395,-10.141992,-0.500758,0.058870807,-0.6656251563,0.0215590732
5.294729,0.100234,-6.672581,1.271743,0.0163018009,-0.6305057263,0.0034672456
5.295778,-0.187978,-10.13002,2.643149,0.0014026488,-0.6294415011,0.0002745701
5.296827,1.435613,-8.820312,0.863443,-0.0401021322,-0.559202641,0.0002745701
5.297845,1.327534,-9.794812,-0.037218,-0.0762857875,-0.4442663244,-0.0103676814
5.298894,-0.228808,-12.368736,-0.05403,-0.0847995887,-0.4176606955,-0.0103676814
5.299943,-0.687544,-11.822825,-0.596828,-0.0539370592,-0.4527801256,-0.0029181054
5.300992,-0.418547,-8.633553,-2.462998,-0.0188176292,-0.448523225,-0.0050465557
5.302041,-0.670732,-6.912016,-1.860155,0.0056595494,-0.4421378741,-0.0050465557
5.303059,-1.465715,-9.236928,0.013219,0.0471643304,-0.5049271581,0.0109168216
5.305157,-0.596277,-10.855508,-0.097262,0.0705772837,-0.6241203753,0.0353940002
5.304108,-1.693883,-12.811691,0.169334,0.0907975617,-0.5953862962,0.0322013247
5.306206,0.213116,-7.364548,0.781783,0.0269440524,-0.5996431968,0.0162379474
5.307223,-0.207192,-9.390167,3.017824,0.0280082776,-0.6060285477,0.0013387952
5.308272,0.023377,-11.118886,2.571096,0.0173660261,-0.6251846005,0.0002745701
5.309322,1.195437,-9.059747,0.726543,-0.0305241059,-0.559202641,-0.007175006
5.310371,0.996091,-8.216936,0.724141,-0.0677719862,-0.4410736489,-0.0178172575
5.311388,-0.269638,-10.256921,0.760167,-0.0752215623,-0.4197891458,-0.0135603569
5.312438,-0.577063,-11.607334,-0.114074,-0.0507443838,-0.476193079,-0.0007896551
5.313486,-0.339289,-10.07495,-2.03068,-0.0166891789,-0.4889637808,0.0002745701
5.314535,-0.620295,-8.087641,-2.025877,0.0088522248,-0.4740646287,-0.0018538802
5.315584,-1.381654,-9.363829,-0.327831,0.0429074297,-0.5059913833,0.0087883713
5.316602,-1.648249,-12.701551,-0.099664,0.0907975617,-0.5709091176,0.0279444241
5.317651,-0.737981,-11.521137,-0.661676,0.0822837604,-0.5932578459,0.0322013247
5.3187,0.011368,-7.366942,-0.375866,0.0141733506,-0.5655879919,0.0141094971
5.319749,-0.524225,-8.262429,2.333322,-0.0124322782,-0.5762302434,-0.0029181054
5.320766,-0.759597,-10.644805,3.505381,-0.0007258016,-0.6400837526,-0.0029181054
5.321815,1.161812,-7.922431,0.81781,-0.0411663574,-0.5932578459,-0.0093034563
5.322864,0.731897,-9.943261,0.419117,-0.0518086089,-0.5379181379,-0.0093034563
5.323914,0.277964,-11.942542,-0.467133,-0.0486159335,-0.5294043367,-0.007175006
5.32493,0.129055,-10.738185,-1.487882,-0.0326525562,-0.5027987078,-0.0061107808
5.32598,-0.329682,-8.6982,-1.716049,-0.0166891789,-0.4538443507,-0.0029181054
5.327029,-1.129469,-9.622419,-0.481544,0.0045953242,-0.4442663244,0.0130452719
5.328078,-1.386457,-11.40142,0.387894,0.0407789794,-0.4889637808,0.0311370995
5.329127,-0.826847,-10.580158,0.764971,0.0631277077,-0.5325970121,0.0364582253
5.330144,-0.329682,-8.95679,0.73615,0.0524854561,-0.545367714,0.0268801989
5.331193,-0.473788,-9.538616,1.190083,0.0290725027,-0.5560099655,0.0130452719
5.332242,-0.591474,-10.05819,2.042708,0.0056595494,-0.5847440446,0.0034672456
5.333291,0.035386,-8.252851,1.252529,-0.0252029801,-0.594322071,-0.0039823305
5.334309,0.494123,-7.436378,0.589642,-0.0550012844,-0.5655879919,-0.0114319066
5.335358,0.268357,-9.447631,0.803399,-0.0613866353,-0.5421750385,-0.0082392311
5.336407,0.34041,-11.389448,-0.05403,-0.0422305825,-0.5400465882,-0.0018538802
5.337456,0.458096,-11.542686,-1.658407,-0.0241387549,-0.5240832109,-0.007175006
5.338473,-0.055881,-10.412554,-1.824129,-0.0145607286,-0.5006702575,-0.0124961318
5.339522,-0.769204,-9.725376,-0.851415,0.0045953242,-0.4985418072,0.0013387952
5.340571,-1.115058,-10.534665,-0.359054,0.0333294034,-0.5102482839,0.0226232983
5.34162,-0.77641,-10.127626,0.06846,0.0450358801,-0.5027987078,0.0407151259
5.342672,-0.406538,-8.046937,0.375885,0.0301367279,-0.4751288538,0.0407151259
5.343686,-1.043005,-9.167492,1.456678,0.0290725027,-0.4985418072,0.0247517486
5.344736,-1.420082,-11.315223,2.021092,0.0290725027,-0.5911293956,0.0098525965
5.345785,-0.192781,-8.774819,0.510384,-0.003918477,-0.6379553023,-0.0029181054
5.346834,-0.50501,-10.280864,1.384625,-0.0305241059,-0.5932578459,-0.0167530324
5.347851,-0.024658,-10.862691,0.315841,-0.0241387549,-0.600707422,-0.0103676814
5.3489,0.647835,-9.189041,-0.647265,-0.0188176292,-0.5655879919,-0.0103676814
5.349949,0.347615,-9.536222,-0.661676,-0.0262672052,-0.5294043367,-0.0082392311
5.350998,0.105037,-11.880289,-0.738532,-0.0283956555,-0.5049271581,0.0034672456
5.352016,-0.099113,-11.691136,-0.250975,-0.0081753776,-0.4644866023,0.0173021725
5.354114,-0.50501,-8.272006,0.486366,0.0173660261,-0.462358152,0.0279444241
5.353065,-0.40894,-8.793974,0.229378,0.0067237745,-0.4474589998,0.0236875235
5.355163,-0.805231,-9.998331,0.745757,0.0386505291,-0.4804499796,0.0332655499
5.356212,-1.11746,-10.182696,0.495973,0.0450358801,-0.5187620851,0.0268801989
5.357229,-0.697151,-8.528201,0.296627,0.0173660261,-0.566652217,0.006659921
5.358278,-0.411342,-8.547356,0.469554,-0.0071111525,-0.5953862962,-0.0093034563
5.359327,-0.826847,-11.063816,1.33659,-0.0017900267,-0.6294415011,-0.0114319066
5.360377,-0.440163,-10.517905,0.973924,-0.0007258016,-0.6581755802,-0.0124961318
5.361394,0.539756,-7.48666,-0.306215,-0.0134965034,-0.6294415011,-0.0178172575
5.362443,0.400454,-8.90172,0.303832,-0.0273314304,-0.5741017931,-0.0135603569
5.363492,0.097832,-12.921831,0.075665,-0.0401021322,-0.5379181379,0.0034672456
5.364541,0.448489,-12.550707,-0.671283,-0.0401021322,-0.4847068802,0.0098525965
5.365558,0.100234,-8.65989,-0.157306,-0.0262672052,-0.4304313974,0.0055956959
5.366608,-0.605884,-7.450744,-0.049227,-0.0134965034,-0.4293671722,0.0077241462
5.367656,-0.764401,-9.828333,-0.13569,0.0077879997,-0.4527801256,0.0215590732
5.368705,-0.942131,-10.951282,-0.262983,0.0407789794,-0.476193079,0.0300728744
5.369723,-0.985363,-8.849044,-0.150101,0.0556781316,-0.5325970121,0.0162379474
5.370772,-0.896498,-8.667073,0.291824,0.0492927807,-0.600707422,-0.0018538802
5.371821,-1.018988,-11.030296,1.053182,0.0461001052,-0.6422122029,-0.0039823305
5.37287,-0.656321,-10.158753,0.813006,0.0269440524,-0.6560471299,-0.0061107808
5.373922,0.352419,-8.803551,1.564758,-0.0390379071,-0.580487144,-0.0156888072
5.374936,0.251545,-11.7486,1.346197,-0.0475517083,-0.5379181379,-0.0039823305
5.375986,0.510935,-12.373525,0.236583,-0.0571297347,-0.4932206814,0.0024030204
5.377035,0.338008,-9.955233,0.058853,-0.0464874832,-0.4421378741,-0.0018538802
5.378084,-0.339289,-7.690179,-0.327831,-0.0326525562,-0.4261744968,-0.0029181054
5.379101,-0.459377,-9.222562,-0.649667,-0.0252029801,-0.4357525231,0.006659921
5.38015,-0.288852,-11.221843,-1.132421,0.0077879997,-0.4261744968,0.020494848
5.381199,-0.567456,-8.887354,-0.870629,0.0450358801,-0.4432020992,0.020494848
5.382248,-1.167897,-7.948769,0.006014,0.0705772837,-0.5443034888,0.0087883713
5.383266,-1.340824,-11.777332,0.255797,0.0918617868,-0.6592398054,0.0045314707
5.384315,-0.603483,-11.63846,-0.154904,0.0695130586,-0.69116656,0.0034672456
5.385364,0.167483,-7.575251,0.315841,0.0173660261,-0.6549829048,-0.007175006
5.386413,-0.012649,-7.922431,2.811272,-0.0049827022,-0.6241203753,-0.0103676814
5.387462,-0.099113,-10.821987,2.837692,-0.0103038279,-0.6209276999,0.0055956959
5.388479,0.964868,-11.233815,0.616062,-0.0411663574,-0.5655879919,0.0098525965
5.389528,1.140197,-9.828333,0.135709,-0.0741573372,-0.4463947747,-0.0050465557
5.390578,-0.221603,-9.23214,0.301431,-0.0837353635,-0.3995688679,-0.0124961318
5.391627,-0.906105,-10.654383,-0.178922,-0.0709646617,-0.4336240728,-0.0029181054
5.392644,-0.632304,-11.051845,-1.456659,-0.0358452316,-0.4325598477,0.0087883713
5.393693,-0.509814,-7.812291,-1.451856,0.0067237745,-0.4261744968,0.0087883713
5.394742,-1.143879,-7.206521,-0.311019,0.0450358801,-0.5091840587,0.0045314707
5.395791,-1.715499,-12.093386,-0.087655,0.0833479856,-0.6326341766,0.0109168216
5.396809,-1.059818,-12.691974,-0.423901,0.0812195353,-0.6794600833,0.020494848
5.397858,-0.039069,-7.812291,0.010818,0.0343936285,-0.6475333287,0.0141094971
5.398907,-0.125532,-7.663841,2.599917,0.0152375758,-0.6283772759,0.0034672456
5.399956,0.799146,-10.731002,1.230913,-0.0252029801,-0.6283772759,0.0087883713
5.401005,1.572514,-8.717355,0.299029,-0.0688362114,-0.4985418072,-0.0093034563
5.402023,0.141064,-9.102845,0.294225,-0.0933133899,-0.4187249207,-0.0231383833
5.403072,-0.725973,-11.449307,0.270208,-0.086928039,-0.4538443507,-0.0082392311
5.40412,-0.147148,-11.094943,-1.480677,-0.0496801586,-0.4570370262,0.006659921
5.405172,-0.154353,-8.157077,-2.679156,-0.0188176292,-0.4187249207,0.0055956959
5.406187,-1.074228,-7.692574,-0.654471,0.0109806751,-0.4570370262,0.0077241462
5.407236,-1.67707,-11.123675,-0.09486,0.0705772837,-0.5645237667,0.0215590732
5.408285,-1.384055,-13.192392,-0.841808,0.0971829126,-0.6368910772,0.0279444241
5.409334,-0.360905,-9.186647,-0.587221,0.0461001052,-0.6294415011,0.0183663977
5.410351,0.148269,-6.507371,1.221306,0.0045953242,-0.5964505213,0.0055956959
5.411401,-0.507412,-10.268893,3.800798,0.0226871518,-0.6113496735,0.0087883713
5.41245,-0.178371,-11.521137,2.907343,0.0120449003,-0.6379553023,0.0183663977
5.413499,1.245874,-7.750038,0.594446,-0.0464874832,-0.5762302434,0.0045314707
5.41455,1.08976,-7.532152,0.229378,-0.0837353635,-0.476193079,-0.0178172575
5.415565,-0.20479,-12.136485,0.385492,-0.086928039,-0.4549085759,-0.0146245821
5.416615,-0.677937,-13.49408,-0.361456,-0.0539370592,-0.4730004035,0.0024030204
5.417663,-0.502609,-8.691017,-1.651202,-0.0092396028,-0.4644866023,0.0034672456
5.418712,-0.596277,-5.75794,-1.67522,0.0077879997,-0.462358152,-0.0018538802
5.41973,-1.151084,-10.153964,-0.652069,0.0290725027,-0.4910922311,0.0141094971
5.420779,-1.49934,-13.838866,0.092477,0.0599350322,-0.5400465882,0.0417793511
5.421828,-0.846061,-10.225794,0.255797,0.0461001052,-0.5815513692,0.0428435762
5.422877,-0.053479,-7.28314,0.808203,0.0109806751,-0.594322071,0.0194306229
5.423894,-0.310468,-9.703826,2.446204,0.0035310991,-0.6017716471,0.0055956959
5.424943,-0.288852,-10.323963,2.556685,-0.0103038279,-0.6262488256,0.0077241462
5.425993,1.092161,-8.061303,0.428724,-0.0613866353,-0.5379181379,-0.0082392311
5.427042,0.333205,-10.728608,0.102084,-0.0667077611,-0.4953491317,-0.0082392311
5.428059,0.097832,-12.826057,-1.086788,-0.0550012844,-0.4847068802,0.0002745701
5.429108,0.078618,-10.640017,-1.81212,-0.0230745298,-0.448523225,0.0034672456
5.430157,-0.677937,-7.433984,-1.528712,-0.0017900267,-0.4421378741,0.0034672456
5.431206,-1.494536,-8.995099,-0.061235,0.0258798273,-0.503862933,0.0194306229
5.432255,-1.436894,-12.090992,0.40951,0.0684488334,-0.5602668661,0.0439078014
5.433273,-0.725973,-10.989592,-0.190931,0.058870807,-0.5687806673,0.0492289272
5.434322,-0.382521,-8.542567,0.796194,0.0109806751,-0.5645237667,0.0332655499
5.43537,-0.761999,-9.308759,2.580703,-0.0028542519,-0.5953862962,0.0151737222
5.436422,-0.555447,-9.926501,2.254063,-0.0188176292,-0.6347626269,0.006659921
5.437437,0.594997,-8.2744,1.005147,-0.0518086089,-0.6039000974,-0.0007896551
5.438486,0.741504,-7.99905,0.909077,-0.0635150856,-0.5357896876,-0.0082392311
5.439535,-0.012649,-10.05819,0.692918,-0.0603224102,-0.5304685618,-0.0039823305
5.440584,0.174688,-11.430152,-0.515168,-0.0486159335,-0.5517530649,0.0024030204
5.441602,0.510935,-10.953676,-2.239634,-0.0326525562,-0.5134409594,0.0002745701
5.442651,-0.151951,-9.89298,-2.037886,-0.0209460795,-0.462358152,0.0024030204
5.4437,-1.153486,-9.794812,-0.330233,0.0045953242,-0.4772573041,0.020494848
5.444749,-1.333618,-10.683115,-0.068441,0.0439716549,-0.5230189857,0.0417793511
5.4458,-0.57226,-9.794812,-0.106869,0.0567423567,-0.5219547606,0.0492289272
5.446816,-0.411342,-8.425244,0.519991,0.037586304,-0.5006702575,0.0396509008
5.447865,-1.009381,-10.118049,1.687247,0.023751377,-0.5421750385,0.0236875235
5.448914,-0.800427,-10.692692,1.980262,0.0067237745,-0.6113496735,0.0119810468
5.449962,0.061805,-8.061303,0.642481,-0.0283956555,-0.6262488256,0.0002745701
5.45098,0.213116,-7.773981,0.781783,-0.0507443838,-0.5932578459,-0.0093034563
5.452029,0.186697,-10.721425,0.070862,-0.0283956555,-0.5890009453,0.0013387952
5.453078,0.539756,-10.007909,-1.122814,-0.0230745298,-0.5634595416,-0.0018538802
5.454127,0.076216,-10.477201,-1.497489,-0.0326525562,-0.525147436,-0.0018538802
5.455144,-0.375315,-11.43494,-0.695301,-0.0273314304,-0.4942849066,0.0141094971
5.456194,-0.656321,-10.453258,0.008416,0.0067237745,-0.4804499796,0.0290086492
5.457242,-0.728374,-8.954395,0.222173,0.0269440524,-0.4868353305,0.0353940002
5.458292,-0.53143,-8.837072,0.592044,0.0280082776,-0.483642655,0.0375224505
5.459341,-0.886891,-9.797206,1.096414,0.0343936285,-0.4964133569,0.0364582253
5.460358,-1.136674,-10.221006,1.341394,0.0269440524,-0.5613310913,0.0247517486
5.461407,-0.382521,-8.475526,0.767373,-0.0049827022,-0.6156065741,0.006659921
5.462456,-0.106318,-8.264823,0.495973,-0.031588331,-0.6209276999,-0.0050465557
5.463505,-0.483395,-10.872269,0.861041,-0.0347810065,-0.6251846005,-0.0082392311
5.464523,0.044993,-10.776495,0.178941,-0.0283956555,-0.6156065741,-0.0103676814
5.465572,0.460498,-8.521018,-0.23176,-0.0230745298,-0.5698448925,-0.0124961318
5.466621,-0.031863,-9.548194,0.135709,-0.0241387549,-0.5443034888,-0.0018538802
5.467672,0.049797,-11.985641,-0.277394,-0.0252029801,-0.5304685618,0.0173021725
5.468687,0.253946,-11.063816,-0.474338,-0.0188176292,-0.483642655,0.0247517486
5.469736,-0.175969,-8.695806,-0.005995,-0.0166891789,-0.4453305495,0.0226232983
5.470785,-0.396931,-8.980733,0.234181,-0.0113680531,-0.4378809734,0.0258159738
5.471835,-0.675536,-10.616073,0.078067,0.0152375758,-0.4400094237,0.0322013247
5.472884,-1.026193,-9.818755,-0.080449,0.0365220788,-0.4708719532,0.0290086492
5.473901,-0.848462,-7.656658,-0.087655,0.0343936285,-0.5347254624,0.0119810468
5.47495,-0.874882,-8.839467,0.371082,0.0280082776,-0.5996431968,0.0024030204
5.475999,-1.033398,-11.425363,1.182877,0.0258798273,-0.6560471299,0.0055956959
5.47705,-0.399333,-10.431708,0.863443,0.0120449003,-0.6890381097,0.0045314707
5.478065,0.402856,-8.386935,0.311038,-0.0241387549,-0.6603040306,-0.0039823305
5.479115,0.160278,-11.52832,1.137244,-0.0720288868,-0.5485603894,0.0130452719
5.480164,0.434079,-11.40142,0.075665,-0.0677719862,-0.4942849066,0.0151737222
5.481213,0.301982,-9.052564,-0.219752,-0.0539370592,-0.4304313974,0.0119810468
5.48223,-0.243218,-8.250457,-0.111672,-0.0326525562,-0.4038257685,0.0162379474
5.48328,-0.425752,-10.417342,-0.9667,-0.0071111525,-0.4102111194,0.0236875235
5.484329,-0.512216,-10.965648,-1.134823,0.0312009531,-0.4219175961,0.0279444241
5.485378,-0.836454,-7.886516,-0.255778,0.065256158,-0.4825784299,0.0215590732
5.486429,-1.206325,-8.561722,-0.058834,0.0801553101,-0.5932578459,0.0141094971
5.487444,-1.148683,-12.050288,0.54641,0.0780268598,-0.6762674079,0.0194306229
5.488493,-0.461779,-10.462835,0.54641,0.0450358801,-0.6975519109,0.020494848
5.489542,0.203509,-7.752432,0.851434,-0.0060469273,-0.6730747324,0.0077241462
5.490591,0.208313,-8.906508,2.571096,-0.031588331,-0.6336984017,0.0045314707
5.491609,0.321196,-11.102126,1.927424,-0.0486159335,-0.5953862962,0.0151737222
5.493707,0.434079,-9.500307,0.361475,-0.0752215623,-0.4421378741,0.006659921
5.492657,0.84478,-11.370293,0.558419,-0.0677719862,-0.5230189857,0.0173021725
5.494756,-0.500207,-8.374963,0.118897,-0.0709646617,-0.4357525231,0.0034672456
5.495773,-0.512216,-10.307202,-0.808183,-0.0560655095,-0.4570370262,0.0141094971
5.496822,-0.185576,-11.231421,-1.879369,-0.0252029801,-0.434688298,0.0247517486
5.497871,-0.413744,-8.231302,-1.031547,0.0163018009,-0.4389451986,0.0247517486
5.498922,-1.146281,-7.860178,-0.092458,0.058870807,-0.5347254624,0.020494848
5.499938,-1.556982,-12.136485,-0.037218,0.0961186874,-0.6549829048,0.0247517486
5.500987,-0.733178,-11.753389,-0.294206,0.0812195353,-0.7018088115,0.0290086492
5.502036,0.213116,-7.493843,0.226976,0.0290725027,-0.6666893815,0.0173021725
5.503085,-0.28645,-8.664679,3.185947,0.0163018009,-0.6347626269,0.0087883713
5.504134,0.945654,-9.72777,0.740953,-0.0443590329,-0.6017716471,0.0173021725
5.505151,1.358757,-8.410878,0.188548,-0.0879922642,-0.4708719532,0.0013387952
5.5062,-0.106318,-9.967205,0.279815,-0.1028914163,-0.4038257685,-0.0029181054
5.507249,-0.918114,-11.810853,0.070862,-0.0847995887,-0.4368167483,0.0087883713
5.508301,-0.639509,-10.582552,-1.473471,-0.0401021322,-0.4495874501,0.0141094971
5.509316,-0.541037,-7.70694,-2.239634,-0.0028542519,-0.4442663244,0.0109168216
5.510365,-1.206325,-8.283978,-0.85862,0.0312009531,-0.4996060324,0.0130452719
5.511414,-1.746722,-11.69353,-0.320626,0.0769626347,-0.5921936207,0.0279444241
5.512463,-1.21353,-11.648038,-0.126083,0.0833479856,-0.6485975539,0.034329775
5.513481,-0.118327,-8.185809,0.116495,0.0343936285,-0.6443406533,0.0258159738
5.51453,0.0546,-8.58806,1.905808,0.0109806751,-0.6230561502,0.0173021725
5.515579,-0.459377,-11.327195,3.642282,0.0163018009,-0.6368910772,0.0173021725
5.516628,0.470105,-9.694249,1.644016,-0.0198818543,-0.6230561502,0.0141094971
5.51768,1.500461,-7.21131,0.202958,-0.0677719862,-0.5123767342,-0.0007896551
5.518695,0.501328,-9.167492,0.503179,-0.0847995887,-0.4240460464,-0.0061107808
5.519743,-0.399333,-12.756621,-0.027611,-0.073093112,-0.4410736489,0.0055956959
5.520793,-0.161558,-11.789304,-1.178055,-0.0347810065,-0.4549085759,0.0119810468
5.521842,-0.279245,-7.501026,-2.290071,-0.0007258016,-0.4314956225,0.0045314707
5.522859,-0.992568,-7.797925,-1.521507,0.0184302512,-0.448523225,0.006659921
5.523909,-1.633839,-12.205921,-0.207743,0.0631277077,-0.5134409594,0.0300728744
5.524957,-1.384055,-12.102964,-0.337438,0.079091085,-0.5794229189,0.0449720265
5.526007,-0.305664,-7.529758,-0.061235,0.0354578537,-0.6070927729,0.0332655499
5.527024,-0.14955,-7.826657,1.997075,0.0205587015,-0.6187992496,0.0183663977
5.528073,-0.689946,-11.777332,3.54381,0.0354578537,-0.6571113551,0.0194306229
5.529122,0.239536,-10.434103,1.970655,0.0045953242,-0.663496706,0.0162379474
5.530174,0.43648,-8.425244,0.839425,-0.0847995887,-0.4921564563,-0.0167530324
5.532237,0.114644,-12.086203,-1.252509,-0.0443590329,-0.5166336348,0.0130452719
5.533286,0.126653,-8.212147,-2.559068,-0.017753404,-0.4655508274,0.006659921
5.53122,-0.310468,-12.902676,0.796194,-0.0762857875,-0.5102482839,-0.0007896551
5.534335,-0.860471,-7.934403,-1.521507,0.0003384236,-0.4463947747,0.006659921
5.535385,-1.727507,-11.351138,0.169334,0.0439716549,-0.511312509,0.0258159738
5.536402,-1.29519,-12.277751,0.291824,0.0833479856,-0.586872495,0.0428435762
5.537451,-0.178371,-8.741298,-0.637658,0.0578065819,-0.5911293956,0.0375224505
5.5385,-0.175969,-7.879333,0.947505,0.0194944764,-0.5677164422,0.0226232983
5.539552,-0.877284,-10.711847,3.130707,0.0184302512,-0.6039000974,0.0173021725
5.540566,-0.127934,-9.773263,1.879388,0.0024668739,-0.6475333287,0.0130452719
5.541615,1.041724,-7.295112,0.505581,-0.0326525562,-0.6092212232,-0.0007896551
5.542665,0.623818,-9.064535,0.820211,-0.0496801586,-0.5411108133,-0.0114319066
5.543714,0.047395,-11.597756,0.589642,-0.0507443838,-0.5272758863,-0.0039823305
5.544763,0.181894,-11.351138,-0.637658,-0.0337167813,-0.5294043367,0.0013387952
5.54578,-0.046274,-9.574532,-1.994654,-0.017753404,-0.497477582,-0.0018538802
5.546829,-0.766803,-9.090873,-1.776094,-0.0113680531,-0.4687435029,0.0034672456
5.547878,-1.357636,-10.44368,-0.037218,0.0226871518,-0.4847068802,0.0226232983
5.54893,-1.247155,-10.960859,0.553616,0.0641919328,-0.5325970121,0.0417793511
5.549945,-0.488198,-9.330308,0.171736,0.0641919328,-0.559202641,0.0460362517
5.550994,-0.322477,-8.856227,0.716936,0.0386505291,-0.5602668661,0.0322013247
5.554109,0.237134,-7.697362,0.688114,-0.0401021322,-0.6070927729,-0.0039823305
5.555158,0.186697,-9.454814,0.719337,-0.0443590329,-0.5762302434,-0.0061107808
5.553092,-0.468984,-9.366223,1.70406,-0.0124322782,-0.6156065741,0.0045314707
5.552043,-0.836454,-10.503539,1.756899,0.0194944764,-0.5836798195,0.0151737222
5.556207,0.107439,-10.654383,0.435929,-0.0358452316,-0.5655879919,-0.0018538802
5.557256,0.386043,-10.144387,-1.259715,0.0014026488,-0.5357896876,-0.0103676814
5.558274,-0.135139,-10.072556,-1.36299,0.0077879997,-0.4932206814,-0.0029181054
5.559323,-0.836454,-10.197062,-0.323027,0.0152375758,-0.4793857544,0.0173021725
5.560372,-1.011782,-10.400582,0.565625,0.0312009531,-0.4953491317,0.0364582253
5.561423,-0.632304,-9.976782,0.683311,0.0450358801,-0.5070556084,0.0439078014
5.56247,-0.493002,-9.56256,0.772176,0.0386505291,-0.5049271581,0.0353940002
5.563487,-0.922917,-9.93129,0.961915,0.0216229267,-0.525147436,0.0183663977
5.564536,-0.966149,-9.050169,1.069995,-0.0049827022,-0.5677164422,0.0024030204
5.565585,-0.406538,-7.424407,0.45034,-0.0283956555,-0.594322071,-0.0082392311
5.566634,-0.207192,-9.208196,0.933094,-0.0241387549,-0.6017716471,-0.007175006
5.567652,-0.202388,-11.530714,1.072396,0.0014026488,-0.6177350244,0.0013387952
5.568701,0.321196,-10.213823,-0.407089,0.0131091254,-0.621991925,-0.0050465557
5.56975,0.537354,-8.777214,-0.582418,0.0003384236,-0.5932578459,-0.0156888072
5.570801,0.17709,-10.232977,-0.397482,-0.017753404,-0.5623953164,-0.0050465557
5.571816,0.186697,-11.626488,-0.390277,-0.0262672052,-0.5198263103,0.0162379474
5.573915,-0.296057,-8.875382,0.359073,-0.0092396028,-0.434688298,0.0279444241
5.574964,-0.538635,-9.665517,0.512786,0.0109806751,-0.4421378741,0.0332655499
5.572866,0.09543,-10.314385,0.08287,-0.0188176292,-0.462358152,0.0258159738
5.576013,-0.939729,-10.735791,0.294225,0.0429074297,-0.4719361784,0.0311370995
5.57703,-0.879685,-8.889748,0.099683,0.0461001052,-0.5325970121,0.0151737222
5.57808,-0.456975,-7.125113,0.1237,0.0301367279,-0.5900651704,-0.0007896551
5.579129,-0.769204,-9.828333,0.798596,0.0226871518,-0.6251846005,0.0013387952
5.58018,-0.966149,-12.256202,1.233314,0.0173660261,-0.663496706,0.0077241462
5.581195,-0.106318,-9.845093,0.467152,-0.0007258016,-0.6730747324,-0.0007896551
5.582244,0.491721,-7.647081,0.342261,-0.0262672052,-0.6294415011,-0.0156888072
5.583294,0.256348,-12.129302,0.332654,-0.0539370592,-0.5283401115,0.0098525965
5.584343,0.376436,-11.054239,-0.224555,-0.0422305825,-0.4666150526,0.0194306229
5.585361,0.011368,-8.372569,-0.21735,-0.0252029801,-0.4240460464,0.0162379474
5.586409,-0.430556,-8.963973,-0.332634,-0.0081753776,-0.4229818213,0.0151737222
5.587458,-0.747588,-11.513954,-0.815389,0.0248156021,-0.434688298,0.0226232983
5.588508,-0.997372,-10.017486,-0.786568,0.0567423567,-0.4687435029,0.0215590732
5.589558,-0.978158,-6.720468,-0.459928,0.065256158,-0.5496246146,0.0055956959
5.590574,-1.016586,-8.966367,0.493572,0.0716415089,-0.6390195275,0.0013387952
5.591624,-1.155888,-12.5962,1.425455,0.0758984095,-0.7060657122,0.0130452719
5.592675,-0.344092,-10.247344,0.642481,0.0407789794,-0.7316071159,0.0098525965
5.593722,0.638228,-7.290323,0.54641,-0.0220103046,-0.6783958582,-0.0082392311
5.594739,0.244339,-9.567349,2.133975,-0.0496801586,-0.6017716471,-0.0103676814
5.595788,0.035386,-12.040711,1.879388,-0.0581939599,-0.5634595416,0.0045314707
5.596838,0.614211,-10.6472,0.519991,-0.0667077611,-0.51769786,0.0098525965
5.597887,0.42207,-8.691017,-0.121279,-0.0613866353,-0.4570370262,0.006659921
5.598904,-0.16396,-8.992705,-0.700104,-0.0560655095,-0.4251102716,0.0077241462
5.599953,-0.416145,-11.023113,-1.029145,-0.0358452316,-0.420853371,0.0130452719
5.601002,-0.418547,-10.762129,-1.115609,0.0163018009,-0.4272387219,0.0194306229
5.602054,-0.639509,-7.678208,-0.824996,0.0695130586,-0.4719361784,0.0151737222
5.603101,-1.331217,-8.5713,-0.229359,0.0993113629,-0.5634595416,0.0109168216
5.604118,-1.484929,-12.050288,0.349466,0.1046324887,-0.6517902293,0.0173021725
5.605167,-0.637107,-10.417342,0.121299,0.0663203831,-0.6794600833,0.0183663977
5.606216,-0.051077,-7.838629,1.069995,0.0173660261,-0.6613682557,0.0034672456
5.607265,-0.332084,-9.605658,3.337258,-0.0017900267,-0.6485975539,-0.0007896551
5.608282,0.088225,-11.085366,2.170002,-0.0262672052,-0.6262488256,0.0077241462
5.609331,0.414864,-8.726932,0.57283,-0.0879922642,-0.4314956225,-0.0082392311
5.610381,-0.673134,-9.691855,0.279815,-0.086928039,-0.4378809734,-0.0050465557
5.611432,-0.456975,-11.504377,-0.993119,-0.0624508605,-0.4666150526,0.0045314707
5.612447,-0.065488,-10.252132,-2.15317,-0.0209460795,-0.4336240728,0.0055956959
5.613496,-0.562653,-7.364548,-1.334169,0.0205587015,-0.4410736489,0.0034672456
5.614548,-1.283181,-8.896931,-0.440714,0.0641919328,-0.5432392637,0.0087883713
5.615595,-1.386457,-12.785353,-0.788969,0.0950544623,-0.6411479778,0.0226232983
5.616644,-0.692348,-10.932127,-0.495954,0.0684488334,-0.6539186796,0.0258159738
5.617661,-0.238415,-7.524969,1.329385,0.0322651782,-0.6400837526,0.0141094971
5.61871,-0.759597,-9.375801,3.608657,0.0450358801,-0.6698820569,0.0087883713
5.619759,-0.332084,-10.44368,2.604721,0.0258798273,-0.6964876858,0.0098525965
5.620809,1.457229,-8.250457,0.786587,-0.0390379071,-0.6156065741,0.0024030204
5.621826,1.613344,-8.509046,0.642481,-0.086928039,-0.4698077281,-0.0124961318
5.622875,0.081019,-11.645643,0.356671,-0.0986345157,-0.4155322452,-0.0103676814
5.623926,-0.579465,-12.900282,-0.279796,-0.0709646617,-0.4421378741,0.0024030204
5.624973,-0.31287,-9.976782,-2.309285,-0.0273314304,-0.4336240728,-0.0007896551
5.62599,-0.519421,-6.69413,-2.477408,0.0014026488,-0.4240460464,-0.0103676814
5.62704,-1.451305,-8.272006,-0.411893,0.0354578537,-0.4964133569,-0.0007896551
5.628089,-1.857203,-12.433384,-0.080449,0.0886691114,-0.6070927729,0.0268801989
5.629138,-0.973354,-11.463673,-0.673685,0.0918617868,-0.6539186796,0.0396509008
5.630155,0.047395,-7.240042,0.174137,0.0386505291,-0.6400837526,0.0279444241
5.631205,-0.079899,-8.559328,2.93136,0.0312009531,-0.6454048784,0.0162379474
5.633305,0.76312,-10.173119,1.086807,-0.0049827022,-0.6390195275,0.0002745701
5.632254,-0.317673,-12.246625,3.356472,0.0418432046,-0.6783958582,0.0119810468
5.634352,1.173821,-6.459484,0.349466,-0.0688362114,-0.5134409594,-0.0231383833
5.635369,-0.581867,-13.125351,0.635276,-0.0741573372,-0.5081198336,-0.0050465557
5.636418,-0.084702,-11.597756,-1.451856,-0.031588331,-0.5166336348,0.0119810468
5.637467,-0.16396,-6.959903,-2.249241,-0.0007258016,-0.4878995557,0.0034672456
5.638516,-1.016586,-7.836235,-1.017137,0.0226871518,-0.5134409594,0.0002745701
5.639534,-1.549777,-13.060703,-0.078048,0.0641919328,-0.5794229189,0.0226232983
5.640583,-0.937328,-12.505214,-0.500758,0.0748341844,-0.6039000974,0.0396509008
5.641632,-0.175969,-7.529758,-0.4215,0.0301367279,-0.5762302434,0.0290086492
5.642684,-0.562653,-7.891305,2.227644,0.0109806751,-0.5762302434,0.0109168216
5.643698,-0.860471,-10.941705,3.077868,0.0184302512,-0.6326341766,0.0055956959
5.644747,0.350017,-9.732559,1.439866,-0.003918477,-0.6485975539,0.0034672456
5.646846,0.431677,-8.65989,0.445536,-0.0560655095,-0.51769786,-0.0156888072
5.645799,1.195437,-7.220887,0.611258,-0.0369094568,-0.5751660183,-0.0093034563
5.647895,-0.135139,-11.923388,0.214967,-0.0539370592,-0.5283401115,-0.0039823305
5.648912,0.124251,-12.069443,-1.528712,-0.0326525562,-0.51769786,0.0055956959
5.649962,-0.096711,-9.28721,-2.15317,-0.0134965034,-0.4687435029,0.0002745701
5.651011,-1.052612,-8.226513,-0.707309,0.0024668739,-0.4644866023,0.0045314707
5.652059,-1.554581,-10.630439,0.19095,0.0407789794,-0.511312509,0.0268801989
5.653077,-1.098246,-11.846768,0.527196,0.0758984095,-0.5464319391,0.0428435762
5.654126,-0.394529,-9.35904,0.10929,0.0535496813,-0.5474961643,0.0375224505
5.655177,-0.416145,-8.468343,1.139646,0.0163018009,-0.5538815152,0.0194306229
5.656224,-0.95414,-10.302414,2.691184,0.0056595494,-0.5985789716,0.0055956959
5.657241,-0.322477,-9.263266,1.644016,-0.0198818543,-0.6379553023,-0.0007896551
5.65829,0.715085,-7.457927,0.906675,-0.0475517083,-0.6187992496,-0.0082392311
5.659339,0.4629,-8.805946,1.03637,-0.0518086089,-0.5879367201,-0.0082392311
5.660389,0.31399,-10.843536,0.318243,-0.0475517083,-0.5879367201,-0.0007896551
5.661438,0.414864,-10.532271,-2.201205,-0.0230745298,-0.497477582,-0.0029181054
5.662455,-0.512216,-10.00312,-1.401419,-0.017753404,-0.4634223771,0.0055956959
5.663504,-1.208727,-10.266498,-0.018004,0.0152375758,-0.4804499796,0.0236875235
5.664555,-1.124665,-10.391004,0.039639,0.0482285555,-0.5134409594,0.0385866756
5.665602,-0.413744,-9.052564,0.037237,0.0461001052,-0.5091840587,0.0417793511
5.66662,-0.692348,-8.851438,0.815408,0.0365220788,-0.5049271581,0.0332655499
5.667668,-1.432091,-10.465229,1.776113,0.0301367279,-0.5762302434,0.0215590732
5.668717,-0.656321,-9.323125,1.185279,0.0014026488,-0.6539186796,0.006659921
5.669767,0.184295,-7.932008,0.431126,-0.0283956555,-0.6485975539,-0.007175006
5.670784,-0.115925,-9.591292,1.103619,-0.0379736819,-0.6156065741,-0.0103676814
5.671833,0.008967,-10.611285,0.666499,-0.0358452316,-0.6092212232,-0.0050465557
5.672883,0.628621,-9.6727,-0.207743,-0.0252029801,-0.5921936207,-0.0039823305
5.673934,0.530149,-9.337491,-0.587221,-0.0198818543,-0.5549457403,-0.0039823305
5.674981,0.131456,-10.93931,-0.954691,-0.0241387549,-0.5240832109,0.0087883713
5.675998,-0.096711,-11.832402,-0.371063,-0.0113680531,-0.4910922311,0.0247517486
5.67705,-0.574662,-10.213823,0.075665,0.0067237745,-0.4751288538,0.0332655499
5.678096,-0.752392,-8.767636,0.503179,0.0131091254,-0.497477582,0.0375224505
5.679146,-0.61309,-9.059747,0.688114,0.0248156021,-0.51769786,0.0375224505
5.680163,-0.898899,-9.914529,0.433528,0.0365220788,-0.5368539127,0.0322013247
5.681212,-0.867677,-9.047775,0.678507,0.0205587015,-0.5751660183,0.0194306229
5.682261,-0.473788,-8.121162,0.32785,-0.0007258016,-0.6092212232,0.0055956959
5.683311,-0.689946,-10.520299,0.882657,-0.003918477,-0.635826852,0.0013387952
5.685377,0.347615,-8.331865,-0.359054,-0.0145607286,-0.6560471299,-0.0124961318
5.684327,-0.615492,-11.384659,1.120432,-0.0007258016,-0.6656251563,-0.0018538802
5.686428,0.498926,-8.090035,0.10929,-0.0326525562,-0.6028358723,-0.0124961318
5.687475,0.465301,-12.608171,-0.700104,-0.0432948077,-0.5102482839,0.0215590732
5.688492,0.398052,-9.586503,-0.349447,-0.0326525562,-0.4421378741,0.0226232983
5.689541,-0.423351,-8.042148,-0.025209,-0.0166891789,-0.4261744968,0.0226232983
5.69059,-0.608286,-9.960022,-0.130886,0.0056595494,-0.4474589998,0.0290086492
5.691639,-0.747588,-10.582552,-0.061235,0.0439716549,-0.4644866023,0.0375224505
5.692689,-1.074228,-8.580877,0.015621,0.0684488334,-0.5155694097,0.0311370995
5.693706,-1.026193,-8.365386,0.36868,0.0599350322,-0.5953862962,0.0151737222
5.694755,-1.052612,-10.740579,1.007549,0.0471643304,-0.6485975539,0.0119810468
5.695807,-0.939729,-11.001563,1.192484,0.0269440524,-0.6698820569,0.0109168216
5.696854,-0.195183,-8.353414,0.683311,-0.0134965034,-0.6592398054,-0.0007896551
5.697871,0.196304,-8.152289,1.079602,-0.0507443838,-0.6145423489,-0.007175006
5.69892,-0.06789,-11.264942,1.6224,-0.0635150856,-0.5741017931,0.0034672456
5.699969,0.114644,-12.694368,0.685713,-0.0635150856,-0.5400465882,0.0130452719
5.701018,0.412463,-9.955233,-0.219752,-0.0581939599,-0.4868353305,0.006659921
5.702036,-0.010247,-7.41004,-0.507963,-0.0518086089,-0.4463947747,0.0024030204
5.703085,-0.288852,-9.373406,-0.916263,-0.0432948077,-0.4368167483,0.0130452719
5.704133,-0.202388,-11.887472,-1.394213,-0.0113680531,-0.4293671722,0.0279444241
5.705185,-0.365708,-9.41411,-1.065172,0.0312009531,-0.4495874501,0.0279444241
5.706232,-0.747588,-6.6223,-0.186127,0.0631277077,-0.5379181379,0.0173021725
5.707249,-1.292788,-10.92255,0.337457,0.0971829126,-0.6560471299,0.0141094971
5.708301,-1.163093,-13.874782,0.27261,0.0993113629,-0.7209648643,0.0215590732
5.709348,0.105037,-8.331865,-0.318224,0.0333294034,-0.6932950103,0.0141094971
5.710397,0.551765,-5.530477,1.538338,-0.017753404,-0.6166707993,-0.0018538802
5.711414,-0.320075,-9.93129,3.514988,-0.0198818543,-0.5900651704,0.0055956959
5.712463,0.073814,-12.955352,1.872183,-0.0337167813,-0.5953862962,0.0226232983
5.713512,0.309187,-8.238485,0.025228,-0.0709646617,-0.4570370262,-0.007175006
5.714562,-0.728374,-9.461997,-0.210145,-0.0816069132,-0.4581012514,-0.0061107808
5.715578,-0.656321,-11.700713,-0.779362,-0.059258185,-0.4602297017,0.0141094971
5.716628,-0.392128,-9.220168,-1.531114,-0.0166891789,-0.4378809734,0.0279444241
5.717679,-0.793222,-6.339767,-0.481544,0.0226871518,-0.483642655,0.0236875235
5.718726,-1.470519,-9.995937,0.030032,0.0684488334,-0.5996431968,0.020494848
5.719775,-1.350431,-14.090273,-0.274992,0.0886691114,-0.6901023349,0.0247517486
5.720792,-0.151951,-9.873825,-0.289403,0.0471643304,-0.6847812091,0.0226232983
5.721842,0.496524,-6.045262,1.019558,0.00991645,-0.6283772759,0.0087883713
5.722891,-0.336887,-9.842699,3.445337,0.0141733506,-0.6198634747,0.0087883713
5.72394,-0.115925,-12.11733,2.357339,-0.0060469273,-0.6326341766,0.0226232983
5.724957,1.329936,-8.978339,0.075665,-0.0550012844,-0.5538815152,0.0130452719
5.726006,0.88561,-7.864967,0.049246,-0.0911849396,-0.4463947747,-0.0061107808
5.727058,-0.54584,-11.025507,0.433528,-0.0954418402,-0.4432020992,0.0002745701
5.728105,-0.706758,-12.232259,-0.551195,-0.0603224102,-0.476193079,0.0162379474
5.729122,-0.392128,-9.150732,-2.109938,-0.0145607286,-0.4676792777,0.0194306229
5.730171,-0.622697,-6.979058,-1.588756,0.0163018009,-0.4804499796,0.0162379474
5.73122,-1.287985,-9.943261,-0.897049,0.0524854561,-0.5432392637,0.0226232983
5.732269,-1.588205,-12.861972,-0.781764,0.0780268598,-0.6039000974,0.0332655499
5.733319,-0.901301,-9.82115,0.039639,0.0524854561,-0.6315699514,0.034329775
5.734336,-0.173567,-7.417224,1.430259,0.0258798273,-0.6422122029,0.0247517486
5.735385,-0.404136,-10.180302,3.284419,0.0343936285,-0.6656251563,0.0194306229
5.736435,-0.0823,-11.008746,2.784853,0.0131091254,-0.6794600833,0.0215590732
5.737483,1.219455,-7.867361,0.887461,-0.0475517083,-0.6070927729,0.0119810468
5.7385,1.152205,-7.582434,0.568026,-0.0933133899,-0.4910922311,-0.0029181054
5.739552,-0.243218,-13.034365,-0.378268,-0.0677719862,-0.4687435029,0.0130452719
5.740599,-0.151951,-9.17707,-2.045091,-0.0273314304,-0.4527801256,0.0109168216
5.741648,-0.601081,-7.005396,-2.061903,-0.0071111525,-0.4421378741,0.0055956959
5.742665,-1.37685,-9.682277,-0.455124,0.0290725027,-0.4889637808,0.0226232983
5.743715,-1.753927,-12.507609,0.289422,0.0822837604,-0.580487144,0.0471004769
5.744763,-0.862873,-10.604102,-0.152502,0.0758984095,-0.6400837526,0.0502931523
5.745813,0.114644,-7.750038,-0.056432,0.0216229267,-0.6198634747,0.034329775
5.746862,-0.36811,-9.174675,2.45341,0.0024668739,-0.6070927729,0.0236875235
5.747879,-0.591474,-10.728608,3.229179,0.0003384236,-0.6507260042,0.0226232983
5.748931,0.715085,-8.899325,1.25493,-0.031588331,-0.6422122029,0.0130452719
5.749977,1.243472,-7.618349,0.685713,-0.0635150856,-0.5485603894,-0.0007896551
5.751026,0.220322,-10.012697,0.536803,-0.0762857875,-0.4964133569,-0.0039823305
5.752044,-0.236013,-12.514792,-0.267787,-0.0667077611,-0.5145051845,0.0077241462
5.753093,-0.046274,-10.889029,-1.680023,-0.0390379071,-0.5091840587,0.0151737222
5.754142,-0.432958,-7.838629,-2.133956,-0.017753404,-0.4825784299,0.0119810468
5.755191,-1.1727,-8.664679,-0.709711,0.0035310991,-0.4985418072,0.0215590732
5.756208,-1.434492,-12.124513,0.366278,0.0556781316,-0.5474961643,0.0460362517
5.757258,-0.956542,-11.681558,0.140513,0.079091085,-0.5826155943,0.0577427284
5.758309,-0.291254,-7.915248,-0.318224,0.0290725027,-0.5815513692,0.0407151259
5.759356,-0.466582,-8.449188,1.634409,-0.0028542519,-0.5847440446,0.0194306229
5.760373,-0.896498,-11.094943,3.195554,0.0014026488,-0.6283772759,0.0141094971
5.761425,0.030582,-9.078901,1.334188,-0.0220103046,-0.6517902293,0.0087883713
5.762471,0.895217,-6.84258,0.423921,-0.0507443838,-0.5975147465,-0.0029181054
5.76352,0.338008,-9.117211,0.673704,-0.0560655095,-0.5474961643,-0.0007896551
5.764569,0.186697,-11.983246,-0.255778,-0.0464874832,-0.5538815152,0.0087883713
5.765587,0.510935,-11.856346,-1.624783,-0.0294598807,-0.5347254624,0.0087883713
5.766636,-0.939729,-9.143549,-1.106002,0.0056595494,-0.4570370262,0.0173021725
5.767685,-1.542572,-10.402976,0.174137,0.0386505291,-0.4921564563,0.0375224505
5.768734,-1.05021,-10.501145,0.435929,0.058870807,-0.5272758863,0.0534858278
5.769751,-0.315271,-8.485103,0.289422,0.0429074297,-0.5240832109,0.0502931523
5.770802,-0.783615,-9.366223,1.442268,0.0301367279,-0.545367714,0.0322013247
5.771849,-1.028595,-11.111703,2.388562,0.0184302512,-0.6113496735,0.0194306229
5.772898,0.0546,-8.621581,0.779381,-0.0166891789,-0.6305057263,0.0087883713
5.773916,0.484516,-7.340604,0.503179,-0.0443590329,-0.5921936207,-0.0018538802
5.774965,-0.087104,-9.78284,1.319778,-0.0443590329,-0.5794229189,-0.0007896551
5.776014,0.114644,-11.248181,0.248592,-0.031588331,-0.594322071,0.006659921
5.777063,0.611809,-10.417342,-0.781764,-0.0156249537,-0.5741017931,0.0034672456
5.778112,0.198706,-9.665517,-1.18526,-0.0124322782,-0.5347254624,0.0024030204
5.779129,-0.344092,-10.687904,-0.935477,-0.0113680531,-0.51769786,0.0183663977
5.780181,-0.473788,-10.889029,-0.222153,0.0056595494,-0.5059913833,0.0364582253
5.781227,-0.656321,-9.6727,0.195753,0.0216229267,-0.4996060324,0.0460362517
5.782277,-0.658723,-9.167492,0.685713,0.0280082776,-0.5081198336,0.048164702
5.783294,-0.843659,-9.718193,0.752962,0.0386505291,-0.5283401115,0.0417793511
5.784343,-1.232744,-10.2234,1.017156,0.0301367279,-0.5741017931,0.0279444241
5.785392,-0.781213,-8.451582,1.000344,-0.0028542519,-0.6251846005,0.0130452719
5.786441,-0.255227,-7.656658,0.344662,-0.0305241059,-0.6432764281,0.0024030204
5.787458,-0.365708,-10.419737,1.019558,-0.031588331,-0.6485975539,0.0013387952
5.788507,0.044993,-11.161985,0.54641,-0.0188176292,-0.6443406533,0.0034672456
5.789559,0.664648,-9.105239,-0.736131,-0.0134965034,-0.6017716471,-0.0007896551
5.790605,0.306785,-9.485941,-0.234162,-0.0188176292,-0.5570741907,-0.0007896551
5.791654,0.145867,-11.351138,-0.443116,-0.017753404,-0.4985418072,0.0258159738
5.792671,-0.144746,-9.169887,0.217369,-0.0092396028,-0.4634223771,0.0311370995
5.79372,-0.384922,-8.315104,0.486366,-0.0017900267,-0.4644866023,0.0396509008
5.79477,-0.502609,-9.967205,0.399903,0.0226871518,-0.4783215293,0.0460362517
5.795818,-0.968551,-10.92255,0.366278,0.0471643304,-0.5102482839,0.0449720265
5.796836,-0.805231,-8.676651,0.186146,0.0397147543,-0.5709091176,0.0268801989
5.797885,-0.555447,-8.068486,0.178941,0.0205587015,-0.6209276999,0.0077241462
5.798935,-0.966149,-10.584947,1.197288,0.0131091254,-0.649661779,0.0087883713
5.799983,-0.759597,-10.814804,1.137244,0.0056595494,-0.6762674079,0.0119810468
5.801,0.189099,-8.691017,0.263003,-0.0156249537,-0.663496706,0.0034672456
5.802052,0.364427,-8.79158,0.760167,-0.0432948077,-0.6145423489,-0.0007896551
5.803099,0.032984,-11.607334,0.829818,-0.059258185,-0.5794229189,0.0098525965
5.804148,0.316392,-12.052682,0.039639,-0.0571297347,-0.5347254624,0.0173021725
5.805197,0.263553,-8.868199,-0.330233,-0.045423258,-0.4708719532,0.0151737222
5.806214,-0.303262,-7.7237,-0.164511,-0.031588331,-0.448523225,0.0183663977
5.807264,-0.471386,-10.436497,-0.587221,-0.0113680531,-0.4549085759,0.0311370995
5.808313,-0.548242,-11.56663,-1.192465,0.0216229267,-0.4591654765,0.0353940002
5.809361,-0.733178,-8.513835,-0.510365,0.051421231,-0.5049271581,0.0247517486
5.810379,-0.95414,-7.687785,-0.078048,0.0695130586,-0.5996431968,0.0119810468
5.81143,-1.153486,-11.133253,0.493572,0.0812195353,-0.6805243085,0.0151737222
5.812477,-0.752392,-11.413391,0.769774,0.0599350322,-0.7124510631,0.0226232983
5.813526,0.196304,-8.099613,0.440733,0.0067237745,-0.6826527588,0.0130452719
5.814543,0.39565,-8.015811,1.884192,-0.0273314304,-0.6262488256,0.0045314707
5.815592,0.044993,-11.030296,2.400571,-0.0401021322,-0.5964505213,0.0151737222
5.816641,0.621416,-11.916205,1.031566,-0.0528728341,-0.5560099655,0.0236875235
5.81769,0.866396,-10.034247,0.00121,-0.0624508605,-0.4676792777,0.0151737222
5.818708,-0.70916,-9.718193,-0.200538,-0.0539370592,-0.407018444,0.0173021725
5.819757,-0.593876,-10.896212,-1.543123,-0.0209460795,-0.4112753446,0.0258159738
5.820808,-0.53143,-8.537779,-1.435043,0.0226871518,-0.4272387219,0.0236875235
5.821855,-1.059818,-7.21131,-0.198136,0.0641919328,-0.5145051845,0.0183663977
5.822904,-1.660258,-11.830008,0.212566,0.100375588,-0.6443406533,0.0226232983
5.823921,-1.018988,-13.326476,-0.085253,0.0886691114,-0.7103226128,0.0311370995
5.82497,0.119448,-7.862572,-0.099664,0.0312009531,-0.6826527588,0.0236875235
5.826019,-0.079899,-6.698919,2.583105,0.0067237745,-0.6485975539,0.0098525965
5.827069,-0.442565,-10.599313,3.514988,0.0003384236,-0.6603040306,0.0162379474
5.828086,0.914431,-11.209872,1.113226,-0.0326525562,-0.621991925,0.0236875235
5.829135,1.548496,-9.318336,0.08287,-0.0699004365,-0.4953491317,0.0098525965
5.830186,0.052198,-9.505095,0.24619,-0.0943776151,-0.4314956225,-0.0029181054
5.831233,-0.850864,-11.243393,0.263003,-0.086928039,-0.4751288538,0.0077241462
5.83225,-0.565055,-10.601707,-1.154037,-0.0443590329,-0.4953491317,0.0194306229
5.833302,-0.529028,-7.618349,-1.970636,-0.0060469273,-0.4847068802,0.020494848
5.834349,-1.059818,-7.673419,-0.774559,0.0269440524,-0.5336612373,0.020494848
5.835398,-1.588205,-11.853951,-0.214948,0.0748341844,-0.6294415011,0.0311370995
5.836447,-1.230343,-12.859578,-0.431107,0.0854764359,-0.6826527588,0.0364582253
5.837464,-0.113523,-8.36778,-0.327831,0.0312009531,-0.6613682557,0.0247517486
5.838513,0.028181,-7.316661,1.824148,0.0077879997,-0.6283772759,0.0109168216
5.839563,-0.65392,-10.97762,3.505381,0.0248156021,-0.6443406533,0.0119810468
5.841629,1.409194,-7.101169,0.435929,-0.0528728341,-0.5347254624,0.0034672456
5.84268,0.570979,-8.999888,0.419117,-0.0794784629,-0.4570370262,-0.0039823305
5.843726,-0.322477,-13.429433,-0.097262,-0.073093112,-0.4772573041,0.0055956959
5.844776,-0.27204,-6.957509,-2.335704,-0.0007258016,-0.4740646287,0.0013387952
5.845793,-0.704357,-6.708496,-1.682425,0.0067237745,-0.4804499796,0.0024030204
5.840611,0.268357,-10.395793,1.720872,-0.0017900267,-0.6347626269,0.0141094971
5.846842,-1.460912,-11.853951,-0.222153,0.0461001052,-0.5347254624,0.0279444241
5.847891,-1.552179,-13.077464,-0.010798,0.0812195353,-0.600707422,0.048164702
5.84894,-0.478591,-8.243274,0.171736,0.0535496813,-0.6336984017,0.0396509008
5.849989,-0.192781,-7.714123,2.025896,0.0386505291,-0.6454048784,0.020494848
5.851006,-0.949336,-11.569024,3.560622,0.0492927807,-0.6794600833,0.0141094971
5.852058,-0.147148,-9.703826,1.756899,0.0045953242,-0.69116656,0.0087883713
5.853105,1.293909,-5.705264,0.282217,-0.0645793108,-0.5996431968,-0.0093034563
5.854154,0.760718,-8.473131,0.904273,-0.0943776151,-0.497477582,-0.0188814827
5.855171,-0.276843,-14.241117,0.652088,-0.0858638138,-0.497477582,-0.0018538802
5.85622,0.001761,-13.424644,-0.644864,-0.0401021322,-0.5187620851,0.0151737222
5.857269,0.31399,-7.65187,-2.671951,0.0035310991,-0.4804499796,0.0045314707
5.858318,-0.480993,-6.533709,-2.703174,0.0152375758,-0.4463947747,-0.0050465557
5.859336,-1.693883,-10.656777,-0.154904,0.0450358801,-0.4878995557,0.0151737222
5.860385,-1.734713,-12.332821,0.551214,0.0897333365,-0.5772944686,0.0460362517
5.861436,-0.473788,-9.557771,-0.447919,0.0780268598,-0.6166707993,0.048164702
5.862483,-0.012649,-8.662285,0.512786,0.0280082776,-0.5964505213,0.0290086492
5.863532,-0.747588,-10.517905,2.955378,0.00991645,-0.6092212232,0.0194306229
5.864552,-0.502609,-9.423688,2.374151,-0.0049827022,-0.6571113551,0.0130452719
5.865598,0.876003,-7.139479,0.495973,-0.0401021322,-0.6241203753,-0.0018538802
5.866647,0.998493,-8.688623,0.863443,-0.059258185,-0.5272758863,-0.0103676814
5.867696,0.129055,-11.825219,0.784185,-0.0571297347,-0.4953491317,-0.0029181054
5.868714,-0.039069,-12.265779,-0.171716,-0.031588331,-0.5240832109,0.0013387952
5.869763,-0.055881,-9.550588,-1.480677,0.0003384236,-0.525147436,-0.0039823305
5.870812,-1.165495,-9.785234,-0.075646,0.0280082776,-0.5198263103,0.0236875235
5.871861,-1.266369,-12.119724,0.707329,0.058870807,-0.5687806673,0.0524216026
5.872878,-0.308066,-10.376638,-0.008397,0.0578065819,-0.5900651704,0.0545500529
5.87393,-0.058283,-8.597637,0.471956,0.0322651782,-0.573037568,0.0322013247
5.874977,-0.922917,-10.276076,1.917817,0.0131091254,-0.5975147465,0.0109168216
5.876025,-0.73558,-9.85467,1.982664,-0.0113680531,-0.6603040306,0.0024030204
5.877074,0.369231,-7.484265,0.592044,-0.0347810065,-0.6581755802,-0.0039823305
5.878091,0.479712,-8.255246,0.75056,-0.0432948077,-0.5985789716,-0.0039823305
5.879141,0.044993,-10.209034,0.743355,-0.0401021322,-0.5826155943,0.0077241462
5.88019,0.371633,-11.224238,-0.774559,-0.0283956555,-0.5890009453,0.0119810468
5.881239,0.619014,-11.238604,-1.821727,-0.0156249537,-0.5464319391,-0.0007896551
5.883307,-0.922917,-9.320731,-0.212546,0.0056595494,-0.4910922311,0.0098525965
5.884354,-1.273574,-10.611285,0.623267,0.0365220788,-0.51769786,0.0407151259
5.882256,-0.046274,-9.842699,-1.603167,-0.0081753776,-0.4953491317,-0.007175006
5.885403,-0.805231,-10.249738,0.666499,0.0546139064,-0.5304685618,0.0598711787
5.88642,-0.447368,-8.5713,0.659293,0.037586304,-0.5262116612,0.0502931523
5.887469,-1.098246,-9.945656,1.430259,0.0173660261,-0.559202641,0.0258159738
5.888518,-1.249557,-11.205083,1.821746,0.0014026488,-0.6251846005,0.0055956959
5.889568,-0.106318,-8.238485,0.459947,-0.0283956555,-0.6368910772,-0.0093034563
5.890585,0.21792,-7.161028,0.731346,-0.0432948077,-0.600707422,-0.0135603569
5.893732,0.914431,-10.077345,-1.118011,-0.0081753776,-0.5996431968,0.0002745701
5.894781,0.333205,-10.532271,-1.084386,-0.0188176292,-0.5538815152,-0.0029181054
5.895801,-0.144746,-11.176351,-0.820192,-0.0252029801,-0.5304685618,0.006659921
5.897897,-0.392128,-8.801157,0.58724,0.0194944764,-0.4953491317,0.0460362517
5.898946,-0.814838,-10.402976,0.659293,0.0322651782,-0.5155694097,0.0417793511
5.899963,-0.970952,-10.230583,0.813006,0.0322651782,-0.5645237667,0.0279444241
5.896847,-0.396931,-8.784397,0.399903,0.0035310991,-0.4996060324,0.0375224505
5.892686,0.321196,-10.941705,-0.061235,-0.0081753776,-0.6336984017,0.006659921
5.891634,-0.296057,-10.012697,1.447071,-0.0262672052,-0.6102854483,-0.0007896551
5.901012,-0.685143,-8.566511,0.431126,0.0205587015,-0.6092212232,0.006659921
5.902061,-0.697151,-9.038198,0.656892,-0.0017900267,-0.6347626269,-0.0050465557
5.903109,-0.769204,-10.273681,1.139646,-0.0134965034,-0.6539186796,-0.0029181054
5.904127,-0.202388,-9.263266,0.363877,-0.0220103046,-0.6485975539,-0.0039823305
5.906225,0.198706,-10.640017,0.481563,-0.0294598807,-0.573037568,0.0024030204
5.907274,0.191501,-12.598594,-0.214948,-0.0252029801,-0.5474961643,0.0141094971
5.905178,0.359624,-8.525807,0.1237,-0.031588331,-0.6070927729,-0.0061107808
5.908323,0.268357,-11.111703,-0.5584,-0.0188176292,-0.5027987078,0.0130452719
5.909341,-0.10872,-8.123556,-0.308617,-0.0156249537,-0.4602297017,0.0141094971
5.91039,-0.416145,-8.20257,-0.147699,-0.0103038279,-0.4378809734,0.0247517486
5.911439,-0.723571,-10.824382,-0.212546,0.0141733506,-0.4314956225,0.0364582253
5.912488,-0.901301,-10.228189,-0.409491,0.0397147543,-0.462358152,0.0364582253
5.913505,-0.891694,-7.671024,0.015621,0.0524854561,-0.545367714,0.0162379474
5.914556,-1.232744,-9.916923,0.589642,0.0620634825,-0.6464691036,0.0013387952
5.915603,-1.191914,-12.170006,0.712132,0.0503570058,-0.7071299373,0.0034672456
5.916652,-0.238415,-8.60482,0.267806,0.0109806751,-0.7103226128,-0.0029181054
5.91767,0.393249,-6.397231,0.889862,-0.0273314304,-0.6656251563,-0.0114319066
5.918719,0.064207,-9.995937,2.254063,-0.0379736819,-0.6230561502,0.0002745701
5.919768,0.157876,-13.556333,1.360608,-0.0411663574,-0.600707422,0.020494848
5.920817,0.808753,-11.700713,-0.037218,-0.0507443838,-0.545367714,0.0173021725
5.921866,0.458096,-8.025388,-0.332634,-0.0571297347,-0.4772573041,0.0013387952
5.922883,-0.32728,-8.276795,-0.150101,-0.0603224102,-0.4591654765,0.0034672456
5.923935,-0.529028,-10.529877,-1.118011,0.0056595494,-0.4644866023,0.0290086492
5.924982,-0.658723,-7.058071,-0.371063,0.0461001052,-0.5134409594,0.0215590732
5.92603,-1.136674,-8.5713,0.174137,0.0780268598,-0.6145423489,0.0141094971
5.927048,-1.40327,-13.529996,0.507982,0.0961186874,-0.7028730367,0.0194306229
5.928097,-0.495403,-11.109309,-0.070842,0.0567423567,-0.718836414,0.0194306229
5.929146,0.568577,-5.892023,0.092477,-0.0049827022,-0.6592398054,0.0002745701
5.930195,0.049797,-8.006233,2.681577,-0.0294598807,-0.6049643226,-0.007175006
5.931212,-0.324878,-12.514792,2.739219,-0.0369094568,-0.6017716471,0.0130452719
5.932261,0.731897,-12.033528,0.839425,-0.0496801586,-0.5677164422,0.0194306229
5.933312,0.758316,-8.765242,-0.166913,-0.0624508605,-0.4868353305,-0.0007896551
5.934359,-0.356101,-7.965529,-0.200538,-0.0741573372,-0.4666150526,-0.0093034563
5.935409,-0.58667,-10.819593,-0.731327,-0.0677719862,-0.4847068802,0.006659921
5.936428,-0.175969,-11.554658,-1.905789,-0.0305241059,-0.4591654765,0.0247517486
5.937475,-0.394529,-7.54173,-1.009931,0.0173660261,-0.4581012514,0.0279444241
5.938524,-1.266369,-7.819474,-0.359054,0.0609992574,-0.5560099655,0.0183663977
5.939573,-1.617026,-13.110985,-0.555998,0.0886691114,-0.6592398054,0.0194306229
5.94059,-0.884489,-11.760572,-0.202939,0.0684488334,-0.6794600833,0.0258159738
5.941639,-0.151951,-6.696525,0.949907,0.0333294034,-0.6677536066,0.0173021725
5.942689,-0.298459,-7.864967,3.03944,0.0290725027,-0.6783958582,0.0087883713
5.943738,0.071412,-11.145224,2.626337,0.0131091254,-0.6805243085,0.0162379474
5.944755,1.392382,-11.094943,0.774578,-0.0358452316,-0.5953862962,0.0151737222
5.945806,1.22666,-9.35904,0.325448,-0.0826711384,-0.4644866023,-0.0007896551
5.946853,-0.365708,-8.892142,0.707329,-0.0943776151,-0.4432020992,-0.007175006
5.947902,-0.879685,-10.833959,0.049246,-0.0773500126,-0.4964133569,0.0034672456
5.948919,-0.375315,-11.231421,-1.922601,-0.0432948077,-0.4815142047,0.0151737222
5.949968,-1.360038,-7.582434,-0.274992,0.0397147543,-0.525147436,0.0215590732
5.951017,-1.617026,-12.205921,-0.68089,0.0822837604,-0.6241203753,0.0353940002
5.952066,-0.978158,-12.624932,-0.861022,0.0769626347,-0.6485975539,0.0396509008
5.953116,-0.394529,-8.240879,0.226976,0.0216229267,-0.6347626269,0.0258159738
