Time (s), Acceleration X (m/s^2), Acceleration Y (m/s^2), Acceleration Z (m/s^2), Gyro X (rad/s), Gyro Y (rad/s), Gyro Z (rad/s)
0.000122,-0.211995,-9.792417,0.222173,0.0365220788,0.0378276702,0.034329775
0.000524,-0.211995,-9.792417,0.222173,0.0365220788,0.0378276702,0.034329775
0.001604,-0.211995,-9.794812,0.222173,0.0365220788,0.0388918954,0.034329775
0.002653,-0.209594,-9.7996,0.224574,0.0354578537,0.0388918954,0.034329775
0.003703,-0.219201,-9.780446,0.217369,0.0354578537,0.0378276702,0.0332655499
0.00472,-0.211995,-9.78284,0.219771,0.0365220788,0.0388918954,0.0332655499
0.005769,-0.192781,-9.792417,0.226976,0.0354578537,0.0388918954,0.034329775
0.006819,-0.19038,-9.794812,0.226976,0.0354578537,0.0388918954,0.034329775
0.007868,-0.202388,-9.7996,0.217369,0.0343936285,0.0410203457,0.034329775
0.008886,-0.207192,-9.7996,0.217369,0.0343936285,0.0410203457,0.0332655499
0.009938,-0.202388,-9.794812,0.224574,0.0365220788,0.0410203457,0.034329775
0.010985,-0.199987,-9.794812,0.224574,0.037586304,0.0420845709,0.034329775
0.012034,-0.199987,-9.797206,0.226976,0.0365220788,0.0399561205,0.0322013247
0.013054,-0.20479,-9.797206,0.229378,0.0343936285,0.0388918954,0.0322013247
0.014101,-0.209594,-9.804389,0.229378,0.0343936285,0.0388918954,0.0332655499
0.01515,-0.207192,-9.801995,0.226976,0.0354578537,0.0388918954,0.034329775
0.016199,-0.20479,-9.7996,0.217369,0.0354578537,0.0410203457,0.0332655499
0.017249,-0.202388,-9.7996,0.214967,0.0343936285,0.0399561205,0.0332655499
0.018267,-0.197585,-9.794812,0.226976,0.0343936285,0.0388918954,0.0332655499
0.019316,-0.197585,-9.794812,0.224574,0.0343936285,0.0388918954,0.0332655499
0.020366,-0.202388,-9.7996,0.219771,0.0343936285,0.0410203457,0.034329775
0.021415,-0.20479,-9.794812,0.222173,0.0343936285,0.0410203457,0.034329775
0.022435,-0.20479,-9.790023,0.229378,0.0343936285,0.0399561205,0.034329775
0.023482,-0.20479,-9.787629,0.226976,0.0343936285,0.0388918954,0.034329775
0.024531,-0.20479,-9.794812,0.219771,0.0343936285,0.0399561205,0.0332655499
0.025581,-0.20479,-9.794812,0.224574,0.0333294034,0.0399561205,0.0332655499
0.026598,-0.202388,-9.792417,0.234181,0.0333294034,0.0399561205,0.0332655499
0.027648,-0.211995,-9.794812,0.23178,0.0333294034,0.0399561205,0.034329775
0.028697,-0.219201,-9.794812,0.224574,0.0333294034,0.0399561205,0.0353940002
0.029746,-0.20479,-9.801995,0.212566,0.0322651782,0.0388918954,0.034329775
0.030795,-0.211995,-9.794812,0.217369,0.0322651782,0.0378276702,0.034329775
0.031813,-0.211995,-9.785234,0.217369,0.0333294034,0.0367634451,0.0353940002
0.032863,-0.202388,-9.787629,0.217369,0.0322651782,0.0388918954,0.034329775
0.033912,-0.202388,-9.7996,0.219771,0.0322651782,0.0399561205,0.0332655499
0.034962,-0.202388,-9.790023,0.229378,0.0322651782,0.0410203457,0.0332655499
0.035979,-0.202388,-9.770868,0.236583,0.0333294034,0.0410203457,0.034329775
0.037028,-0.211995,-9.773263,0.234181,0.0322651782,0.0399561205,0.0332655499
0.038078,-0.214397,-9.785234,0.229378,0.0312009531,0.0399561205,0.0332655499
0.039127,-0.214397,-9.790023,0.224574,0.0312009531,0.0399561205,0.0332655499
0.040145,-0.211995,-9.792417,0.219771,0.0312009531,0.0399561205,0.0332655499
0.041194,-0.207192,-9.794812,0.219771,0.0312009531,0.0399561205,0.0332655499
0.042244,-0.207192,-9.794812,0.226976,0.0312009531,0.0388918954,0.034329775
0.043293,-0.202388,-9.794812,0.229378,0.0301367279,0.0388918954,0.0353940002
0.044313,-0.209594,-9.797206,0.23178,0.0301367279,0.0388918954,0.0353940002
0.04536,-0.219201,-9.797206,0.236583,0.0322651782,0.0378276702,0.034329775
0.046409,-0.202388,-9.797206,0.229378,0.0322651782,0.0378276702,0.034329775
0.047459,-0.195183,-9.794812,0.214967,0.0322651782,0.0388918954,0.034329775
0.048508,-0.211995,-9.794812,0.212566,0.0301367279,0.0388918954,0.034329775
0.049525,-0.219201,-9.801995,0.219771,0.0290725027,0.0388918954,0.034329775
0.050575,-0.211995,-9.801995,0.234181,0.0290725027,0.0388918954,0.034329775
0.051624,-0.197585,-9.794812,0.238985,0.0301367279,0.0399561205,0.0353940002
0.052673,-0.192781,-9.794812,0.238985,0.0301367279,0.0399561205,0.0353940002
0.053691,-0.202388,-9.794812,0.23178,0.0301367279,0.0399561205,0.034329775
0.05474,-0.214397,-9.794812,0.222173,0.0290725027,0.0410203457,0.0332655499
0.05579,-0.195183,-9.780446,0.226976,0.0290725027,0.0388918954,0.0322013247
0.056839,-0.19038,-9.787629,0.226976,0.0301367279,0.0388918954,0.034329775
0.057857,-0.195183,-9.797206,0.222173,0.0290725027,0.0388918954,0.034329775
0.058906,-0.202388,-9.806783,0.217369,0.0290725027,0.0378276702,0.0332655499
0.059955,-0.211995,-9.806783,0.214967,0.0290725027,0.0399561205,0.0322013247
0.061005,-0.216799,-9.794812,0.219771,0.0290725027,0.0420845709,0.0332655499
0.062057,-0.216799,-9.792417,0.229378,0.0290725027,0.0410203457,0.0332655499
0.063072,-0.211995,-9.7996,0.229378,0.0280082776,0.0399561205,0.034329775
0.065171,-0.197585,-9.732559,0.210164,0.0269440524,0.0410203457,0.0353940002
0.064121,-0.209594,-9.792417,0.222173,0.0269440524,0.0388918954,0.034329775
0.06622,-0.115925,-9.438054,0.20536,0.0269440524,0.0399561205,0.034329775
0.067237,0.008967,-9.17707,0.200557,0.0258798273,0.0367634451,0.034329775
0.068287,0.107439,-9.289604,0.195753,0.0248156021,0.0314423193,0.0364582253
0.069336,-0.06789,-9.442842,0.236583,0.0226871518,0.0208000678,0.0428435762
0.070385,-0.502609,-9.974388,0.318243,0.0226871518,0.0005797899,0.0460362517
0.071403,-0.425752,-10.42692,0.315841,0.0194944764,-0.0217689384,0.0396509008
0.072452,0.102635,-9.471575,0.385492,0.0163018009,-0.0334754151,0.0311370995
0.073502,0.229929,-9.143549,0.690516,0.0141733506,-0.0430534414,0.0364582253
0.074553,0.097832,-11.116492,1.067593,0.0141733506,-0.0717875206,0.0545500529
0.0756,0.100234,-12.270568,1.413447,0.0173660261,-0.095200474,0.0630638542
0.076618,0.037788,-11.444518,1.012352,0.0205587015,-0.0983931494,0.0492289272
0.077667,0.083421,-10.465229,0.671302,0.0003384236,-0.0760444212,0.0290086492
0.078717,0.205911,-8.887354,1.09161,-0.0198818543,-0.0313469647,0.0258159738
0.079766,-0.012649,-7.070043,0.880255,-0.017753404,-0.0079340114,0.034329775
0.080783,-0.127934,-7.517786,0.656892,-0.0124322782,-0.0313469647,0.0407151259
0.081833,0.129055,-9.715798,0.419117,-0.0092396028,-0.0473103421,0.0471004769
0.082883,-0.980559,-11.250576,-0.59923,0.0056595494,-0.0111266868,0.034329775
0.083934,-1.780346,-11.231421,0.006014,0.0056595494,-0.0632737194,0.0247517486
0.08495,-1.124665,-9.895374,-0.371063,0.0014026488,-0.0983931494,0.0268801989
0.085998,-0.562653,-8.707777,-0.178922,0.0056595494,-0.0696590703,0.0311370995
0.087048,-0.425752,-9.186647,0.510384,-0.0028542519,-0.0345396402,0.0364582253
0.088097,0.376436,-9.928895,0.784185,-0.0124322782,-0.0143193623,0.0460362517
0.089147,0.902422,-9.828333,0.616062,0.0003384236,0.0090935911,0.0513573775
0.090164,0.868797,-9.505095,0.018023,0.0056595494,0.0356992199,0.0534858278
0.091213,0.892815,-8.916086,-0.238966,0.0077879997,0.0686901997,0.0609354038
0.092263,0.590193,-8.741298,-1.060368,0.0173660261,0.0963600537,0.0662565296
0.093313,0.076216,-10.211428,-1.992252,0.0163018009,0.1229656825,0.0630638542
0.09433,-0.185576,-11.094943,-1.824129,0.0194944764,0.167663139,0.0577427284
0.095379,-0.70916,-10.517905,-1.40382,0.0418432046,0.1846907414,0.0524216026
0.096431,-1.482528,-10.589735,-0.870629,0.0673846083,0.1442501856,0.0471004769
0.097478,-1.544973,-10.515511,-0.500758,0.0897333365,0.0867820273,0.0460362517
0.098496,-1.064621,-9.50749,-0.027611,0.1014398132,0.0335707696,0.0471004769
0.099545,-0.69475,-8.760453,0.428724,0.0918617868,-0.0175120377,0.0439078014
0.100594,-0.329682,-8.453976,0.493572,0.0631277077,-0.0622094942,0.0385866756
0.101644,0.028181,-8.506652,1.053182,0.0407789794,-0.0920077985,0.034329775
0.102662,0.21792,-9.038198,0.983531,0.0280082776,-0.1132923016,0.0322013247
0.103711,0.474908,-9.643968,0.294225,0.0163018009,-0.1249987783,0.034329775
0.10476,0.662246,-10.204245,0.234181,0.0184302512,-0.1132923016,0.0353940002
0.105812,0.508533,-10.501145,0.085272,0.0280082776,-0.0909435734,0.0364582253
0.106858,0.270759,-9.962416,-0.0132,0.0343936285,-0.0760444212,0.0385866756
0.107876,-0.115925,-9.921712,0.36868,0.0492927807,-0.0739159709,0.0396509008
0.108928,-0.574662,-10.53706,1.319778,0.0737699592,-0.0728517457,0.0545500529
0.109975,-0.632304,-9.224957,1.44467,0.072705734,-0.0568883684,0.0534858278
0.112042,-0.536233,-9.241717,1.283751,0.0343936285,-0.0313469647,0.0311370995
0.111024,-0.810034,-9.505095,1.569561,0.0609992574,-0.0483745672,0.0407151259
0.113091,-0.252825,-8.09243,0.877854,0.0109806751,0.0165431672,0.0268801989
0.11414,-0.356101,-8.406089,0.54641,-0.0007258016,0.07081865,0.0268801989
0.115191,-0.502609,-9.703826,0.078067,0.0024668739,0.1059380801,0.0279444241
0.116207,-0.805231,-10.944099,-0.385473,0.0216229267,0.1176445568,0.0268801989
0.117257,-1.057416,-11.355927,-0.688095,0.0322651782,0.0889104776,0.020494848
0.118308,-0.761999,-10.551426,-0.690497,0.0301367279,0.0442130212,0.0141094971
0.119355,-0.389726,-9.988754,-0.325429,0.0312009531,0.0261211936,0.0173021725
0.120405,-0.298459,-10.055796,0.147718,0.0269440524,0.029313869,0.0258159738
0.121422,-0.111121,-9.567349,0.380689,0.0120449003,0.0356992199,0.034329775
0.122471,0.047395,-8.849044,0.640079,0.0035310991,0.0378276702,0.0322013247
0.12352,-0.043872,-9.100451,0.808203,0.0035310991,0.0229285181,0.0236875235
0.12457,-0.079899,-9.56256,0.664097,0.0088522248,0.0027082402,0.0183663977
0.125587,-0.279245,-9.315942,0.399903,0.0184302512,-0.0089982365,0.0194306229
0.126636,-0.637107,-9.770868,0.070862,0.0205587015,-0.0164478126,0.020494848
0.127688,-0.641911,-10.769312,-0.030012,0.0163018009,-0.0047413359,0.0183663977
0.128735,-0.699553,-10.53706,0.106888,0.0141733506,0.0303780942,0.0130452719
0.129753,-0.819641,-9.995937,0.392698,0.0067237745,0.0495341469,0.0034672456
0.130804,-0.538635,-9.969599,0.841827,-0.0007258016,0.0537910475,0.0013387952
0.131851,-0.353699,-9.545799,1.185279,0.0067237745,0.0623048488,0.0077241462
0.132901,-0.399333,-9.497912,0.976326,0.0141733506,0.0516625972,0.0098525965
0.13395,0.064207,-9.500307,0.078067,0.0088522248,0.0452772463,0.006659921
0.134967,0.028181,-8.837072,-0.51757,0.0045953242,0.0559194979,0.0077241462
0.136016,0.241938,-9.485941,-0.568007,-0.003918477,0.0633690739,0.0087883713
0.137066,0.438882,-10.067767,-0.296608,0.0014026488,0.0814609015,0.0141094971
0.138115,0.306785,-9.995937,-0.17652,0.0077879997,0.0910389279,0.0194306229
0.139133,0.107439,-10.197062,0.195753,0.00991645,0.0793324512,0.0215590732
0.140185,-0.103916,-10.503539,0.299029,0.0184302512,0.0654975242,0.0236875235
0.141231,-0.199987,-10.323963,0.303832,0.0226871518,0.0537910475,0.0258159738
0.142281,-0.156755,-9.593686,0.488768,0.0152375758,0.0378276702,0.0247517486
0.143298,-0.142344,-9.282421,0.507982,0.0056595494,0.0239927432,0.0236875235
0.144348,-0.096711,-9.89298,0.764971,-0.0017900267,0.0090935911,0.0226232983
0.145397,-0.043872,-9.620024,0.745757,-0.0081753776,-0.0047413359,0.0215590732
0.146446,-0.10872,-8.506652,0.315841,-0.0081753776,-0.0228331635,0.0194306229
0.147496,-0.14955,-9.186647,0.19095,-0.003918477,-0.0441176666,0.0162379474
0.148513,0.112242,-10.290442,0.039639,0.0045953242,-0.0441176666,0.0183663977
0.149564,0.061805,-10.11326,-0.087655,0.0194944764,-0.026025839,0.0215590732
0.150612,-0.396931,-10.683115,-0.058834,0.023751377,-0.0281542893,0.0183663977
0.151661,-0.173567,-10.891423,-0.183725,0.0141733506,-0.0324111899,0.0141094971
0.152681,-0.060684,-9.258478,-0.097262,0.0109806751,-0.0047413359,0.0141094971
0.153728,-0.66833,-9.004677,0.133307,0.0152375758,-0.0004844353,0.0162379474
0.154778,-0.603483,-10.338329,0.116495,0.0131091254,-0.0302827396,0.020494848
0.155827,-0.058283,-9.497912,-0.092458,0.00991645,-0.0345396402,0.0268801989
0.156844,-0.228808,-8.374963,-0.198136,0.0152375758,-0.0334754151,0.0300728744
0.157894,-0.485796,-9.897769,-0.020405,0.0173660261,-0.0451818917,0.0322013247
0.158943,-0.144746,-10.120443,-0.371063,0.0163018009,-0.0228331635,0.0364582253
0.159993,-0.584269,-10.407765,-0.116476,0.00991645,0.0314423193,0.0247517486
0.162062,-0.02706,-9.572137,-0.030012,0.0152375758,0.0740113255,0.020494848
0.163109,-0.358503,-10.352695,0.62807,0.0333294034,0.07081865,0.0268801989
0.161042,-0.238415,-10.941705,-0.200538,0.0077879997,0.0442130212,0.0183663977
0.164158,-0.04147,-10.460441,0.337457,0.037586304,0.0474056966,0.0332655499
0.165207,0.21792,-8.623975,0.238985,0.037586304,0.0399561205,0.0353940002
0.166225,-0.125532,-8.940029,0.788988,0.0429074297,0.0186716175,0.0353940002
0.167274,0.078618,-9.691855,0.539205,0.0343936285,-0.0132551371,0.0407151259
0.168323,0.491721,-9.258478,0.20536,0.0290725027,-0.0249616138,0.0428435762
0.169373,0.400454,-9.847487,0.359073,0.0301367279,-0.0217689384,0.0385866756
0.17039,0.301982,-10.33354,-0.027611,0.0205587015,-0.0175120377,0.0332655499
0.171439,0.049797,-10.364667,-0.097262,0.0173660261,-0.0068697862,0.034329775
0.172489,-0.382521,-10.865086,0.325448,0.0343936285,-0.0068697862,0.0375224505
0.173538,-0.315271,-10.153964,-0.018004,0.0397147543,-0.0217689384,0.0353940002
0.174558,-0.185576,-9.088479,0.08287,0.0365220788,-0.0334754151,0.0332655499
0.175605,-0.262432,-9.256083,0.577633,0.0429074297,-0.0409249911,0.0364582253
0.176654,-0.034265,-9.282421,0.318243,0.0397147543,-0.0526314678,0.0417793511
0.177704,0.006565,-9.402139,0.308636,0.0343936285,-0.0579525936,0.0449720265
0.178753,-0.27204,-9.749319,0.152521,0.0312009531,-0.0568883684,0.0439078014
0.17977,-0.401735,-9.555377,-0.250975,0.0216229267,-0.0494387924,0.0375224505
0.18082,-0.61309,-9.974388,-0.140494,0.0226871518,-0.0345396402,0.0332655499
0.181869,-0.77641,-10.632834,-0.121279,0.0322651782,-0.0164478126,0.0322013247
0.182919,-0.644313,-10.254527,-0.070842,0.0386505291,-0.0015486604,0.0290086492
0.183939,-0.512216,-9.622419,0.238985,0.0461001052,0.0144147169,0.0268801989
0.184986,-0.543439,-9.497912,0.65449,0.0492927807,0.0218642929,0.0279444241
0.186035,-0.413744,-9.162704,1.156458,0.0365220788,0.0186716175,0.0407151259
0.187085,-0.360905,-8.987916,1.283751,0.0216229267,0.015478942,0.0385866756
0.188102,-0.27204,-9.294393,1.190083,-0.0007258016,0.0069651408,0.0364582253
0.189151,-0.139943,-10.012697,1.03637,-0.0113680531,0.0133504917,0.0375224505
0.190201,-0.091907,-10.630439,0.839425,-0.0134965034,0.0367634451,0.0353940002
0.19125,0.078618,-9.94805,0.342261,-0.0198818543,0.0729471003,0.0332655499
0.192299,-0.077497,-9.46918,0.308636,-0.0134965034,0.1091307555,0.0353940002
0.193317,-0.36811,-10.00312,0.35427,0.0035310991,0.1219014574,0.0396509008
0.194366,-0.055881,-9.354252,0.058853,0.0152375758,0.1229656825,0.0428435762
0.195415,-0.019855,-9.272844,0.061255,0.023751377,0.1155161065,0.0449720265
0.196465,-0.291254,-10.649594,0.037237,0.0301367279,0.098488504,0.0492289272
0.197482,-0.070292,-10.089317,-0.356652,0.0280082776,0.0974242788,0.0460362517
0.198532,-0.10872,-8.97355,-0.519972,0.0205587015,0.1027454046,0.0396509008
0.199581,-0.418547,-9.794812,-0.642462,0.0109806751,0.1038096298,0.0407151259
0.20063,-0.296057,-9.550588,-0.84421,0.0035310991,0.1208372322,0.0417793511
0.201648,-0.305664,-8.815523,-0.76255,0.0045953242,0.1368006095,0.0375224505
0.202698,-0.596277,-10.48199,-0.572811,0.0088522248,0.1304152586,0.0375224505
0.203747,-0.589072,-10.915367,-0.311019,0.0184302512,0.1101949807,0.0407151259
0.204796,-0.589072,-9.56256,-0.128485,0.0269440524,0.0825251267,0.0364582253
0.205845,-0.699553,-9.466786,0.284618,0.0184302512,0.0559194979,0.0322013247
0.206863,-0.500207,-9.253689,0.793792,0.0035310991,0.043148796,0.034329775
0.207912,-0.250424,-9.282421,1.538338,0.0024668739,0.0367634451,0.0385866756
0.208961,-0.024658,-10.106077,1.934629,0.0003384236,0.0367634451,0.0396509008
0.210011,0.398052,-9.806783,1.40384,-0.0134965034,0.0559194979,0.0396509008
0.211028,0.453293,-9.749319,1.468687,-0.0209460795,0.0867820273,0.034329775
0.212078,-0.00064,-10.177907,0.993138,-0.0209460795,0.1176445568,0.0268801989
0.213127,0.04019,-9.509884,1.120432,-0.0134965034,0.1229656825,0.0236875235
0.214179,-0.003042,-9.105239,0.870648,-0.0049827022,0.1197730071,0.0300728744
0.215194,0.04019,-8.97355,0.339859,-0.0028542519,0.1112592058,0.0439078014
0.216243,0.04019,-9.737347,-0.241368,0.0003384236,0.1133876562,0.0524216026
0.217293,-0.096711,-10.410159,-0.841808,0.0014026488,0.1272225831,0.0492289272
0.218342,-0.384922,-9.907346,-1.101198,-0.0028542519,0.1336079341,0.034329775
0.219391,-0.605884,-9.545799,-1.18526,-0.0017900267,0.126158358,0.0215590732
0.220409,-0.574662,-9.742136,-1.101198,0.0077879997,0.126158358,0.0215590732
0.221458,-0.605884,-9.263266,-1.002726,0.0163018009,0.1325437089,0.0279444241
0.222508,-0.656321,-9.031014,-1.074779,0.0120449003,0.1240299077,0.0364582253
0.223559,-0.761999,-10.27847,-0.755345,0.00991645,0.0974242788,0.0428435762
0.224575,-0.898899,-11.36311,-0.311019,0.0163018009,0.0644332991,0.0385866756
0.225624,-0.805231,-10.754945,-0.21735,0.0109806751,0.0442130212,0.0215590732
0.226673,-0.61309,-9.08369,0.311038,-0.0166891789,0.0474056966,0.0141094971
0.227722,-0.432958,-8.365386,1.425455,-0.0337167813,0.056983723,0.0236875235
0.22874,-0.363307,-9.591292,2.539873,-0.0230745298,0.0484699218,0.0396509008
0.229789,-0.091907,-10.417342,2.611926,-0.0113680531,0.0271854187,0.0513573775
0.230839,0.438882,-10.072556,1.461482,-0.0145607286,0.0325065445,0.0417793511
0.231888,0.287571,-10.357484,1.009951,-0.0188176292,0.0835893518,0.0162379474
0.232906,-0.425752,-10.379033,1.305367,-0.0252029801,0.1389290598,-0.0007896551
0.233955,-0.632304,-9.081296,1.302966,-0.0347810065,0.1602135629,0.0024030204
0.235004,-0.533832,-8.293555,1.166065,-0.0326525562,0.1516997617,0.0194306229
0.236056,-0.656321,-9.550588,0.721739,-0.0188176292,0.126158358,0.034329775
0.237103,-0.447368,-10.915367,-0.207743,-0.003918477,0.1197730071,0.034329775
0.23812,0.093028,-9.804389,-1.358187,0.0077879997,0.1602135629,0.020494848
0.23917,-0.161558,-10.314385,-1.502293,0.0088522248,0.1783053905,0.0183663977
0.240219,0.323597,-11.003958,-2.102733,-0.0017900267,0.1761769402,0.0428435762
0.241269,0.364427,-9.916923,-1.958627,-0.0166891789,0.1985256684,0.0556142781
0.242286,-0.243218,-9.995937,-1.274125,-0.0145607286,0.195332993,0.048164702
0.245437,0.083421,-8.54975,0.464751,0.0194944764,0.1197730071,0.0417793511
0.243335,-0.236013,-10.194668,-1.391812,0.0056595494,0.1804338408,0.0385866756
0.244385,0.064207,-8.999888,-1.182858,0.0173660261,0.1687273641,0.0332655499
0.246452,0.220322,-9.775657,1.802532,0.0386505291,0.0367634451,0.0609354038
0.247501,0.225125,-11.097337,2.025896,0.0535496813,-0.0207047132,0.075834556
0.24855,0.088225,-10.814804,1.888996,0.0354578537,-0.0334754151,0.0641280793
0.2496,0.042591,-9.567349,1.319778,-0.0028542519,-0.0036771108,0.0311370995
0.250649,-0.372914,-9.440448,1.514321,-0.0358452316,0.0484699218,0.0077241462
0.251667,-0.826847,-9.773263,2.191618,-0.0464874832,0.0772040009,0.0109168216
0.252716,-0.742785,-9.423688,1.850567,-0.0230745298,0.07081865,0.0236875235
0.253765,-0.512216,-9.327914,0.800997,0.0173660261,0.056983723,0.0279444241
0.254815,-0.310468,-9.758896,-0.193332,0.0429074297,0.0527268224,0.0258159738
0.255832,-0.221603,-10.551426,-0.378268,0.0546139064,0.0527268224,0.0236875235
0.256881,-0.351298,-10.824382,-0.248573,0.0503570058,0.043148796,0.0311370995
0.257933,-0.178371,-9.289604,-0.58482,0.0131091254,0.0314423193,0.0417793511
0.25898,0.232331,-8.499469,-0.611239,-0.0230745298,0.0303780942,0.0502931523
0.259998,0.513337,-9.933684,-0.512767,-0.031588331,0.0495341469,0.0588069535
0.261047,0.878405,-10.750157,-1.197269,-0.031588331,0.1016811795,0.0662565296
0.262096,0.876003,-10.419737,-0.928271,-0.0273314304,0.1559566623,0.0662565296
0.263146,0.438882,-9.658334,-0.142895,-0.0124322782,0.1665989138,0.0598711787
0.264195,0.004163,-9.440448,0.36868,0.0322651782,0.1942687678,0.0513573775
0.265212,-0.716366,-9.428476,0.678507,0.051421231,0.2336450985,0.0513573775
0.266262,-1.593009,-10.417342,1.031566,0.0524854561,0.2315166482,0.0471004769
0.267314,-2.063754,-10.771706,1.648819,0.037586304,0.1889476421,0.0375224505
0.268361,-1.609821,-8.940029,0.993138,0.0088522248,0.1527639868,0.0247517486
0.269378,-0.841257,-7.977501,0.580035,-0.0188176292,0.1612777881,0.0215590732
0.27043,-0.69475,-10.242555,1.502312,-0.0103038279,0.1665989138,0.0375224505
0.271477,-0.533832,-12.215498,1.742488,0.0120449003,0.139993285,0.0545500529
0.272526,0.028181,-10.470018,0.697721,0.0077879997,0.1282868083,0.0534858278
0.273543,0.105037,-8.113979,0.673704,-0.0103038279,0.1336079341,0.0439078014
0.274593,0.011368,-8.226513,0.676106,-0.0188176292,0.1144518813,0.0460362517
0.275642,0.453293,-9.859459,-0.342242,-0.0273314304,0.0931673782,0.0609354038
0.276692,0.856789,-11.193111,-0.683292,-0.0379736819,0.1165803316,0.0715776554
0.277741,0.751111,-10.580158,-0.613641,-0.0401021322,0.1740484899,0.061999629
0.278758,0.241938,-9.813966,-0.527177,-0.0252029801,0.2166174961,0.0364582253
0.27981,-0.226406,-9.974388,-0.022807,0.0109806751,0.2357735488,0.0226232983
0.280857,-0.348896,-8.820312,-0.423901,0.0386505291,0.2634434028,0.0226232983
0.281906,-0.661125,-7.807502,-0.656872,0.0365220788,0.3017555083,0.0236875235
0.282924,-1.398466,-9.160309,0.517589,0.0216229267,0.3145262102,0.0279444241
0.283973,-1.7179,-11.439729,0.863443,0.0173660261,0.2825994556,0.0353940002
0.285022,-1.175102,-11.604939,0.416715,0.0109806751,0.2389662243,0.0396509008
0.286072,-0.485796,-9.057352,-0.162109,-0.0166891789,0.2357735488,0.0396509008
0.287089,-0.341691,-7.776376,-0.171716,-0.0496801586,0.2751498795,0.0396509008
0.288138,-0.279245,-9.040592,0.774578,-0.0581939599,0.3081408593,0.0534858278
0.28919,0.126653,-11.025507,0.856238,-0.0305241059,0.3006912832,0.0726418805
0.290237,0.450891,-9.363829,-0.419098,0.0163018009,0.2432231249,0.0534858278
0.291286,0.155474,-7.783559,0.094879,0.0343936285,0.2155532709,0.0279444241
0.292306,-0.238415,-10.022275,0.714534,0.0631277077,0.1889476421,0.0258159738
0.293353,-0.406538,-11.722262,0.558419,0.072705734,0.1783053905,0.0375224505
0.294402,-0.24562,-9.464392,0.676106,0.0397147543,0.1921403175,0.0300728744
0.295452,-0.173567,-7.15624,1.024361,-0.003918477,0.2081036948,0.0077241462
0.296469,-0.541037,-9.169887,1.45908,-0.0124322782,0.2176817212,0.0013387952
0.297518,-0.591474,-11.961697,1.000344,-0.0124322782,0.2442873501,0.0151737222
0.298568,-0.132737,-10.589735,0.046844,-0.0209460795,0.2911132568,0.0236875235
0.299617,-0.252825,-8.068486,-0.164511,-0.031588331,0.3049481838,0.020494848
0.300634,-0.437761,-9.098056,-0.570409,-0.045423258,0.278342555,0.0311370995
0.301686,0.131456,-11.257759,-1.014735,-0.0475517083,0.2836636807,0.0545500529
0.302733,0.179492,-10.786072,-1.300545,-0.0283956555,0.3230400114,0.0630638542
0.303782,-0.533832,-8.473131,-0.851415,-0.0071111525,0.3092050844,0.0460362517
0.3048,-0.870078,-8.204964,0.102084,0.0216229267,0.2251312973,0.0279444241
0.305849,-0.661125,-10.932127,0.563223,0.0663203831,0.153828212,0.0290086492
0.306898,-0.399333,-11.686347,0.692918,0.0748341844,0.1453144108,0.0396509008
0.307948,-0.281647,-8.793974,0.83222,0.0290725027,0.1644704635,0.034329775
0.308997,-0.464181,-7.805108,1.869781,-0.0028542519,0.1868191918,0.0162379474
0.310014,-0.632304,-10.616073,2.251662,-0.0113680531,0.2251312973,0.0087883713
0.311065,-0.017453,-11.384659,1.25493,-0.0337167813,0.2964343826,0.0098525965
0.312113,0.265955,-8.693411,0.589642,-0.0518086089,0.3783797194,0.0055956959
0.313163,-0.291254,-7.809897,0.229378,-0.0539370592,0.4049853483,0.006659921
0.314182,-0.27204,-10.769312,-0.611239,-0.0528728341,0.3985999973,0.0236875235
0.315229,-0.087104,-13.42225,-1.48548,-0.0347810065,0.4252056262,0.0407151259
0.316278,-0.819641,-6.330189,-0.824996,0.0365220788,0.3464529648,0.0055956959
0.317327,-0.769204,-7.886516,-0.387875,0.058870807,0.2421588997,-0.0018538802
0.318345,-0.476189,-11.094943,0.462349,0.0758984095,0.2006541188,0.0290086492
0.319394,0.042591,-10.173119,0.589642,0.0620634825,0.1963972181,0.0534858278
0.320443,0.554167,-9.229745,1.338992,0.0301367279,0.1878834169,0.0492289272
0.321493,0.438882,-10.668749,1.879388,0.0077879997,0.1910760924,0.034329775
0.322542,0.376436,-11.284097,0.483965,-0.0273314304,0.2517369261,0.0215590732
0.323562,0.443686,-9.957627,0.10929,-0.0656435359,0.3709301433,0.0087883713
0.324609,-0.219201,-8.451582,0.601651,-0.073093112,0.4539397053,0.006659921
0.325658,-0.639509,-9.433265,-0.111672,-0.059258185,0.4528754802,0.0194306229
0.326707,-0.36811,-11.753389,-1.365392,-0.0337167813,0.4624535066,0.0300728744
0.327725,-0.416145,-10.33354,-1.627184,0.0077879997,0.493316036,0.0258159738
0.328774,-1.112656,-7.390886,-0.255778,0.051421231,0.4220129507,0.0098525965
0.329823,-1.823578,-9.981571,0.87305,0.1025040383,0.2528011513,0.0087883713
0.330873,-1.396064,-12.129302,0.407108,0.114210515,0.139993285,0.0236875235
0.33189,-0.005444,-8.233696,-0.294206,0.0546139064,0.1495713114,0.0290086492
0.332941,0.489319,-7.41004,1.713667,0.0163018009,0.1963972181,0.0236875235
0.335038,0.691067,-12.055077,1.122833,0.0109806751,0.250672701,0.0407151259
0.336088,1.59413,-9.174675,-0.688095,-0.0262672052,0.3762512691,0.0162379474
0.333989,0.011368,-11.43494,3.149921,0.0184302512,0.2112963703,0.034329775
0.337105,0.691067,-9.155521,-0.534382,-0.0709646617,0.4709673078,-0.0029181054
0.338155,-0.192781,-11.727051,0.202958,-0.0709646617,0.4592608311,0.0055956959
0.339204,-0.214397,-11.109309,-0.945084,-0.0273314304,0.4592608311,0.0194306229
0.340253,-0.598679,-7.204126,-0.976307,0.0173660261,0.4560681556,0.0173021725
0.34127,-1.352833,-7.331027,0.606455,0.0578065819,0.3517740906,0.0141094971
0.34232,-0.622697,-11.499588,0.039639,0.079091085,0.1793696157,0.0492289272
0.343369,0.371633,-7.575251,0.527196,0.0280082776,0.2261955224,0.0460362517
0.344418,-0.16396,-9.100451,2.614328,0.0131091254,0.2570580519,0.0279444241
0.345438,-0.12313,-11.734234,1.980262,0.0035310991,0.278342555,0.0183663977
0.346485,1.101768,-10.726213,-0.342242,-0.0198818543,0.3879577458,0.0034672456
0.347534,0.707879,-9.529039,-0.214948,-0.0337167813,0.5177932145,-0.0114319066
0.348584,-0.423351,-10.302414,-0.104467,-0.0379736819,0.5135363139,-0.007175006
0.349633,-0.360905,-11.30804,-0.604034,-0.0209460795,0.4613892814,0.0109168216
0.35065,-0.423351,-9.153126,-1.187662,0.0141733506,0.465646182,0.0215590732
0.3517,-1.319208,-7.086803,-0.092458,0.0492927807,0.410306474,0.0194306229
0.352749,-2.037335,-10.173119,1.502312,0.0876048862,0.2687645286,0.0268801989
0.353798,-1.287985,-11.327195,0.387894,0.0886691114,0.1836265163,0.0428435762
0.354816,0.088225,-7.7237,-0.157306,0.0322651782,0.1995898936,0.0353940002
0.355865,0.203509,-8.913691,1.600784,-0.0017900267,0.2421588997,0.0162379474
0.356914,0.165081,-12.39268,1.94904,-0.0113680531,0.3038839587,0.0098525965
0.357964,0.775129,-11.030296,0.128504,-0.0209460795,0.4166918249,0.0024030204
0.358981,0.655041,-9.08369,-0.337438,-0.0294598807,0.5294996912,-0.0103676814
0.36003,-0.005444,-10.031852,-0.25818,-0.0369094568,0.5571695452,-0.0093034563
0.36108,-0.281647,-11.205083,-1.283732,-0.0262672052,0.5401419428,0.0002745701
0.362128,-0.444966,-9.251295,-1.18526,0.0088522248,0.5422703931,0.0002745701
0.363146,-1.105451,-7.077226,0.162129,0.0492927807,0.4773526587,-0.0029181054
0.364195,-2.020522,-10.017486,1.408643,0.0886691114,0.3155904353,0.0098525965
0.365245,-1.532965,-11.353533,1.497508,0.1014398132,0.1846907414,0.0364582253
0.366294,0.17709,-7.831446,0.40951,0.0663203831,0.1644704635,0.0417793511
0.367343,0.467703,-9.033409,1.490303,0.0312009531,0.20916792,0.0279444241
0.36836,0.17709,-11.717474,2.402973,0.0014026488,0.2740856544,0.0194306229
0.36941,1.495657,-9.859459,-0.923468,-0.0613866353,0.5741971477,-0.0156888072
0.370459,0.25875,-11.03269,-0.447919,-0.0603224102,0.6603993851,-0.021009933
0.371508,-0.730776,-11.34635,-0.620846,-0.0326525562,0.6252799551,-0.0188814827
0.372525,-0.829248,-8.322287,-0.565605,0.0248156021,0.5731329225,-0.0188814827
0.373575,-1.071826,-5.628645,-0.897049,0.0673846083,0.5167289894,-0.0220741581
0.374624,-2.046942,-9.555377,0.892264,0.0897333365,0.3932788716,-0.0039823305
0.375673,-1.773141,-11.633671,2.434196,0.106760939,0.2474800255,0.0428435762
0.376691,0.004163,-8.47792,0.983531,0.0939902371,0.1687273641,0.0609354038
0.37774,0.72229,-10.05819,0.688114,0.0482285555,0.1772411654,0.0385866756
0.378789,0.796745,-12.217892,0.779381,-0.0188176292,0.2815352304,0.0130452719
0.379839,1.005698,-9.785234,0.006014,-0.0688362114,0.4571323808,-0.0124961318
0.380888,0.338008,-9.172281,0.126102,-0.0720288868,0.5848393992,-0.0252668336
0.381905,-0.159157,-10.496356,-0.620846,-0.0550012844,0.6125092532,-0.0199457078
0.382954,-0.284048,-10.862691,-1.67522,-0.0252029801,0.6284726305,-0.0146245821
0.384004,-0.915712,-8.446793,-0.774559,0.0248156021,0.6252799551,-0.0178172575
0.385055,-1.669865,-6.246387,0.366278,0.0769626347,0.5082151882,-0.0231383833
0.38712,-1.681874,-11.18114,2.239653,0.1152747402,0.1665989138,0.0332655499
0.38607,-2.318341,-9.900163,1.391831,0.1099536144,0.3187831108,-0.0061107808
0.388169,0.268357,-8.377357,0.822613,0.0897333365,0.1091307555,0.048164702
0.389218,1.298713,-10.204245,0.090076,0.0333294034,0.1783053905,0.0290086492
0.390235,1.286704,-11.815642,0.263003,-0.0411663574,0.3539025409,0.0055956959
0.391285,1.072947,-10.453258,-0.320626,-0.0699004365,0.5454630685,-0.0167530324
0.392334,0.347615,-9.912135,-0.212546,-0.0507443838,0.6657205109,-0.0305879594
0.393383,-0.440163,-10.429314,-0.954691,-0.031588331,0.6816838882,-0.0327164097
0.394435,-1.086237,-6.794693,-0.147699,0.0556781316,0.6071881274,-0.0295237342
0.39545,-1.833185,-6.167374,0.769774,0.0897333365,0.479481109,-0.0252668336
0.3965,-2.147816,-10.218611,2.614328,0.1078251641,0.306012409,0.0130452719
0.397549,-1.139076,-10.666355,2.563891,0.1120820647,0.1580851126,0.0566785032
0.398598,0.76312,-10.817199,0.767373,0.0854764359,0.0899747028,0.0588069535
0.399615,2.100901,-11.815642,-0.534382,0.0258798273,0.2070394697,0.0290086492
0.401714,0.275562,-10.127626,0.238985,-0.0699004365,0.6412433324,-0.0284595091
0.400665,1.625353,-10.185091,-1.142028,-0.0432948077,0.4635177317,-0.0093034563
0.402763,-0.276843,-10.656777,-0.027611,-0.0464874832,0.6901976894,-0.0263310588
0.403781,-0.584269,-10.273681,-1.540721,-0.0209460795,0.7114821925,-0.0305879594
0.40483,-1.045407,-8.013416,-0.126083,0.0131091254,0.6965830404,-0.0433586612
0.405879,-1.494536,-5.391605,0.416715,0.0524854561,0.5731329225,-0.0497440121
0.406931,-2.116593,-8.537779,1.547945,0.079091085,0.3922146464,-0.0220741581
0.407978,-1.864408,-11.23621,3.35407,0.1056967138,0.2410946746,0.0407151259
0.408995,-0.389726,-10.563398,1.728077,0.1088893893,0.1219014574,0.0747703308
0.410044,1.341945,-12.239442,-0.05403,0.065256158,0.0974242788,0.0556142781
0.411094,2.19457,-11.906627,-1.711246,-0.0028542519,0.2825994556,0.0141094971
0.412143,1.428408,-9.131577,-1.48548,-0.0603224102,0.5539768698,-0.0252668336
0.41316,0.107439,-9.196225,0.229378,-0.0741573372,0.7029683913,-0.0391017606
0.41421,-0.579465,-10.632834,-0.748139,-0.0518086089,0.728509795,-0.0337806348
0.41631,-1.237548,-6.591173,0.692918,0.0556781316,0.6348579814,-0.0337806348
0.415259,-0.846061,-9.622419,-0.001191,-0.0028542519,0.7114821925,-0.0305879594
0.417326,-1.938862,-7.608771,0.678507,0.0907975617,0.4741599832,-0.0231383833
0.418375,-2.227074,-10.666355,2.97219,0.1099536144,0.2932417071,0.0215590732
0.419424,-1.232744,-10.232977,2.119565,0.114210515,0.1442501856,0.0577427284
0.420473,2.441952,-13.079858,-1.754478,0.0216229267,0.2517369261,0.0194306229
0.421523,2.064875,-10.455652,-2.215616,-0.0475517083,0.5699402471,-0.0167530324
0.42254,0.265955,-8.631158,0.483965,-0.0709646617,0.7540511987,-0.0337806348
0.42359,-0.692348,-9.871431,-0.224555,-0.0401021322,0.7615007747,-0.0337806348
0.424639,-0.915712,-10.273681,-0.649667,0.0024668739,0.7455373974,-0.03484486
0.42569,-1.235146,-7.149056,0.981129,0.0471643304,0.6987114907,-0.0433586612
0.426705,-1.74432,-6.58399,0.829818,0.0833479856,0.5539768698,-0.0380375354
0.427755,-2.082968,-9.845093,2.679175,0.1046324887,0.3645447924,0.006659921
0.428806,-1.408073,-10.790861,2.756032,0.114210515,0.1942687678,0.0545500529
0.429853,0.227527,-12.076626,0.87305,0.092926012,0.0899747028,0.0630638542
0.43087,2.040857,-13.187604,-0.988316,0.0386505291,0.1740484899,0.0375224505
0.43192,2.552433,-10.819593,-3.068242,-0.0369094568,0.4645819569,-0.0029181054
0.432969,0.878405,-8.688623,-0.414294,-0.0837353635,0.7242528943,-0.0327164097
0.434018,-1.052612,-8.889748,1.180476,-0.0624508605,0.7785283772,-0.0369733103
0.435036,-1.470519,-9.890586,0.330252,-0.0071111525,0.7168033183,-0.0316521845
0.436085,-1.110255,-8.094824,0.909077,0.0450358801,0.645500233,-0.03484486
0.437134,-1.319208,-7.24483,0.640079,0.072705734,0.5284354661,-0.0337806348
0.438186,-1.931657,-9.797206,2.321313,0.0897333365,0.361352117,0.0002745701
0.439233,-1.600214,-10.086922,2.664765,0.1025040383,0.2070394697,0.0449720265
0.44025,0.093028,-11.161985,0.166932,0.079091085,0.1197730071,0.0556142781
0.441299,2.264221,-13.65929,-2.085921,0.0216229267,0.2293881979,0.0290086492
0.442348,2.598066,-12.531552,-3.306016,-0.0486159335,0.5507841943,-0.0124961318
0.443398,0.467703,-9.215379,-0.044423,-0.0762857875,0.8093909066,-0.0359090851
0.444415,-1.225539,-7.422012,1.062789,-0.0411663574,0.8232258336,-0.0391017606
0.445464,-1.244753,-8.717355,-0.438312,0.0067237745,0.7412804968,-0.0337806348
0.446514,-1.153486,-7.263985,0.99554,0.0833479856,0.5986743262,-0.0135603569
0.447565,-1.845194,-9.220168,2.069128,0.0961186874,0.4273340765,0.0173021725
0.44858,-1.566589,-10.525088,2.842495,0.1025040383,0.2432231249,0.0534858278
0.449629,0.227527,-12.167611,0.147718,0.079091085,0.1506355365,0.0588069535
0.450681,2.293042,-13.738304,-2.088323,0.0226871518,0.2698287537,0.0279444241
0.451728,2.124919,-11.947331,-3.12108,-0.0475517083,0.5635548961,-0.0156888072
0.452777,0.020975,-9.196225,0.214967,-0.0762857875,0.7785283772,-0.0369733103
0.453794,-1.235146,-7.491448,1.435062,-0.0347810065,0.805134006,-0.03484486
0.454844,-1.338422,-8.406089,-0.17652,0.0163018009,0.7551154238,-0.0316521845
0.455893,-1.129469,-8.236091,1.725676,0.0535496813,0.6827481134,-0.0284595091
0.456942,-1.07663,-7.120324,1.211699,0.0737699592,0.5550410949,-0.0199457078
0.457959,-1.436894,-9.191436,2.141181,0.0822837604,0.3847650703,0.006659921
0.459008,-1.299994,-10.42692,3.001011,0.0907975617,0.2187459464,0.0417793511
0.46006,0.345213,-12.744649,-0.606435,0.0663203831,0.1368006095,0.0513573775
0.461107,2.369899,-14.873225,-2.840074,0.0088522248,0.278342555,0.0322013247
0.462124,2.062473,-11.387054,-3.332435,-0.0550012844,0.5944174256,-0.0029181054
0.463174,-0.091907,-7.304689,0.1237,-0.0784142378,0.79768443,-0.0327164097
0.464223,-1.412877,-6.775538,1.619998,-0.0347810065,0.791299079,-0.0391017606
0.465272,-1.600214,-9.002282,0.519991,0.0173660261,0.722124444,-0.0263310588
0.466322,-1.196718,-8.458765,2.08594,0.0524854561,0.6529498091,-0.0103676814
0.467339,-0.918114,-7.101169,1.13244,0.0705772837,0.5305639164,-0.0007896551
0.468388,-1.194316,-9.272844,2.191618,0.0801553101,0.3666732427,0.0183663977
0.46944,-0.889292,-11.487616,2.54948,0.0833479856,0.2251312973,0.0439078014
0.470487,1.020108,-13.817317,-1.456659,0.0546139064,0.2123605954,0.0502931523
0.471504,2.564442,-12.957746,-3.608638,-0.0081753776,0.4337194274,0.0236875235
0.472553,-1.115058,-8.851438,1.33659,-0.0826711384,0.8338680852,-0.0422944361
0.473602,-1.299994,-6.459484,1.603186,-0.0220103046,0.7859779533,-0.0327164097
0.474651,-1.249557,-7.261591,0.570428,0.0354578537,0.7189317686,-0.021009933
0.475668,-1.179906,-8.60482,2.544677,0.0663203831,0.6391148821,0.0013387952
0.476718,-0.824445,-8.192992,1.619998,0.0822837604,0.5060867378,0.0226232983
0.477767,-0.846061,-9.694249,2.451008,0.086540661,0.3368749384,0.0364582253
0.478817,-0.279245,-11.909022,1.610391,0.0758984095,0.2027825691,0.0428435762
0.479865,1.755048,-14.035203,-3.046626,0.0280082776,0.2570580519,0.0322013247
0.480883,2.405925,-12.572256,-4.454058,-0.045423258,0.5539768698,0.0034672456
0.481935,-0.16396,-9.636785,-1.651202,-0.0911849396,0.8008771054,-0.0273952839
0.482981,-1.86681,-8.142711,1.862576,-0.0656435359,0.8040697809,-0.03484486
0.484031,-1.247155,-6.263147,0.527196,0.0014026488,0.7306382453,-0.0252668336
0.485048,-1.067023,-6.900044,0.89947,0.0407789794,0.6816838882,-0.0103676814
0.486098,-1.136674,-8.501863,3.058654,0.0631277077,0.5890962998,0.0130452719
0.487146,-0.733178,-9.323125,2.148386,0.0822837604,0.4443616789,0.0353940002
0.488196,-0.54584,-10.369455,2.883325,0.0833479856,0.2943059323,0.0428435762
0.489213,0.270759,-12.763804,0.392698,0.0599350322,0.20916792,0.0322013247
0.490262,2.088893,-14.52365,-3.762351,0.0109806751,0.3443245145,0.0119810468
0.491314,1.745441,-11.3248,-4.36039,-0.0518086089,0.6859407888,-0.0178172575
0.492361,-1.086237,-8.595243,-0.757746,-0.0890564893,0.8817582171,-0.0412302109
0.494428,-1.29519,-6.531315,0.541607,0.0163018009,0.6987114907,-0.0167530324
0.495477,-0.932524,-7.738066,1.756899,0.0492927807,0.6412433324,0.0045314707
0.493378,-2.164628,-7.572856,2.700791,-0.0518086089,0.8083266815,-0.0337806348
0.496526,-0.807633,-8.20257,3.154724,0.0641919328,0.5465272937,0.0290086492
0.497575,-0.500207,-9.105239,2.042708,0.0716415089,0.3996642225,0.0417793511
0.498593,-0.243218,-11.96888,2.717603,0.0705772837,0.264507628,0.0407151259
0.499642,2.749377,-12.639298,-5.061704,-0.0145607286,0.5039582875,0.0055956959
0.500692,0.957663,-9.785234,-3.663879,-0.086928039,0.8179047079,-0.0273952839
0.50174,-2.046942,-9.93129,0.661695,-0.0996987408,0.874308641,-0.0422944361
0.502758,-1.862006,-7.766798,1.944236,-0.0326525562,0.7583080993,-0.0327164097
0.503809,-0.949336,-5.365267,0.152521,0.0312009531,0.6891334643,-0.0199457078
0.504856,-1.232744,-7.726094,2.741621,0.0578065819,0.6337937563,0.0077241462
0.505905,-1.033398,-9.196225,3.397302,0.0758984095,0.5188574397,0.048164702
0.506923,-0.336887,-9.327914,2.258867,0.0769626347,0.3709301433,0.0651923045
0.507972,0.321196,-12.510003,1.934629,0.0631277077,0.2528011513,0.0460362517
0.509021,1.745441,-15.586741,-2.43898,0.0248156021,0.3092050844,0.0162379474
0.51007,2.425139,-12.51958,-5.174587,-0.0422305825,0.6188946041,-0.0103676814
0.511119,-0.094309,-8.607215,-2.388543,-0.0933133899,0.8955931441,-0.0412302109
0.512136,-2.416813,-8.200176,1.375018,-0.0784142378,0.8785655416,-0.0497440121
0.513188,-1.833185,-6.636666,1.300564,-0.0156249537,0.7402162717,-0.03484486
0.514235,-1.163093,-6.217655,1.163663,0.0312009531,0.6603993851,-0.0103676814
0.515284,-1.189513,-8.501863,3.488569,0.0556781316,0.5880320747,0.0290086492
0.516302,-0.824445,-9.742136,3.248393,0.0705772837,0.4709673078,0.0662565296
0.517351,-0.288852,-11.399025,2.34533,0.0705772837,0.3379391636,0.0715776554
0.5184,0.734299,-14.025626,0.308636,0.0524854561,0.2804710053,0.0439078014
0.51945,2.333872,-13.254645,-4.463665,-0.0049827022,0.4390405532,0.0077241462
0.520467,1.937582,-9.842699,-5.371531,-0.0826711384,0.7689503508,-0.0295237342
0.521516,-1.045407,-9.677489,-1.175653,-0.1124694427,0.9466759515,-0.0550651379
0.522568,-2.347162,-9.131577,1.67764,-0.0613866353,0.8615379392,-0.048679787
0.523615,-1.343225,-5.360478,1.072396,0.0131091254,0.7402162717,-0.0359090851
0.524664,-1.559384,-10.094105,4.254731,0.0716415089,0.5561053201,0.0375224505
0.525684,-0.910908,-10.628045,3.707129,0.0886691114,0.4198845004,0.0843483572
0.52673,0.131456,-10.946493,2.054717,0.0812195353,0.2794067801,0.0811556818
0.527779,1.685397,-13.479714,-1.603167,0.0354578537,0.2549296016,0.0396509008
0.528829,3.06641,-13.017605,-5.510834,-0.0411663574,0.507150963,-0.0029181054
0.529846,1.353953,-10.276076,-4.004929,-0.1071483169,0.8508956876,-0.0369733103
0.530896,-1.777944,-10.170724,0.032433,-0.1082125421,0.9307125742,-0.0571935882
0.531945,-1.811569,-8.113979,1.653623,-0.0464874832,0.8040697809,-0.0540009127
0.532993,-0.975756,-4.567949,1.567159,0.0248156021,0.7168033183,-0.0433586612
0.534011,-1.626633,-6.684553,3.037038,0.0535496813,0.6508213587,-0.0124961318
0.535062,-1.669865,-10.369455,4.723075,0.065256158,0.534820817,0.048164702
0.53611,-0.766803,-10.857902,3.6663,0.079091085,0.3996642225,0.0949906088
0.537159,0.328401,-12.198738,1.050781,0.0641919328,0.2825994556,0.0907337082
0.538208,2.103303,-13.699994,-3.599031,0.0003384236,0.327296912,0.0524216026
0.539225,2.855055,-11.822825,-6.752545,-0.0794784629,0.6231515048,0.0013387952
0.540275,0.160278,-10.165936,-3.40689,-0.1231116942,0.8892077932,-0.0529366876
0.541324,-2.200655,-9.203408,1.082003,-0.100762966,0.874308641,-0.0795423164
0.542373,-1.518554,-6.303851,2.059521,-0.0209460795,0.7593723244,-0.0710285152
0.54339,-1.273574,-5.848925,2.266072,0.0471643304,0.7125464177,-0.0422944361
0.544442,-1.859604,-8.906508,3.851235,0.0748341844,0.6508213587,0.0151737222
0.545489,-1.37685,-10.118049,4.562157,0.0876048862,0.5358850422,0.0790272315
0.546538,-0.236013,-10.347906,2.674372,0.0822837604,0.3922146464,0.1013759597
0.547558,1.248276,-13.484503,-1.466266,0.0354578537,0.3070766341,0.0705134302
0.548605,2.82143,-14.581115,-5.570878,-0.045423258,0.4688388575,0.0247517486
0.549654,2.076884,-10.046218,-5.285068,-0.1114052175,0.8072624563,-0.0199457078
0.550703,-2.030129,-8.142711,1.552749,-0.0709646617,0.8349323103,-0.076349641
0.551752,-1.119862,-7.161028,2.326116,0.0109806751,0.7306382453,-0.0497440121
0.55277,-1.23995,-7.443561,3.113894,0.0663203831,0.687005014,-0.0050465557
0.55382,-1.568991,-9.679883,4.838359,0.0844122107,0.6008027765,0.0534858278
0.554868,-1.030996,-10.82917,4.492506,0.092926012,0.4805453342,0.1003117345
0.555917,-0.0823,-12.181977,1.468687,0.0812195353,0.368801693,0.0960548339
0.556937,1.529282,-13.534784,-3.87043,0.0152375758,0.3879577458,0.0428435762
0.557984,2.691735,-11.442124,-6.558002,-0.0794784629,0.6540140342,-0.0156888072
0.559033,0.633425,-8.090035,-3.462131,-0.1294970451,0.9200703226,-0.0614504888
0.560082,-2.16703,-8.295949,-0.05403,-0.1156621181,0.9083638459,-0.0816707667
0.5611,-1.770739,-8.226513,2.237251,-0.045423258,0.770014576,-0.0614504888
0.562149,-0.910908,-6.667792,2.717603,0.0365220788,0.6976472655,-0.0242026084
0.563198,-1.470519,-8.228908,3.478962,0.0705772837,0.6220872796,0.0236875235
0.564247,-1.477724,-11.109309,5.239454,0.0801553101,0.5028940624,0.0822199069
0.565265,-0.346494,-12.368736,3.579836,0.0950544623,0.3943430967,0.1141466615
0.566316,1.514871,-12.505214,-1.692032,0.0673846083,0.3560309912,0.0726418805
0.567363,2.994357,-11.667192,-6.865428,-0.0326525562,0.5231143403,-0.0093034563
0.568412,1.863127,-8.880171,-5.193801,-0.1167263433,0.8434461116,-0.0678358397
0.569462,-1.249557,-7.826657,-0.983512,-0.1124694427,0.97115313,-0.083799217
0.570479,-2.234279,-9.423688,0.861041,-0.0539370592,0.846638787,-0.0635789391
0.571528,-1.206325,-7.94398,2.520659,0.0173660261,0.7189317686,-0.0242026084
0.572578,-1.19912,-6.691736,2.888129,0.0641919328,0.6391148821,0.0109168216
0.573627,-1.54017,-9.560166,4.725477,0.0758984095,0.5358850422,0.0545500529
0.574644,-1.002175,-13.027182,5.169803,0.0897333365,0.4369121029,0.1003117345
0.575693,0.525345,-12.991267,1.473491,0.0876048862,0.3805081697,0.0960548339
0.576742,2.343479,-10.932127,-4.595762,0.0077879997,0.465646182,0.020494848
0.577791,0.0546,-7.886516,-2.052296,-0.1252401445,1.0062725601,-0.0944414686
0.578811,-2.349564,-7.424407,-0.188529,-0.0911849396,0.9647677791,-0.0880561177
0.579858,-2.183842,-8.937635,2.006682,-0.0252029801,0.7987486551,-0.0444228864
0.580908,-1.25436,-7.750038,3.214768,0.0407789794,0.6763627624,0.0087883713
0.581956,-1.372047,-8.614398,3.027431,0.0567423567,0.5401419428,0.048164702
0.583006,-1.163093,-12.203526,5.863912,0.0620634825,0.4092422489,0.089669483
0.584023,0.088225,-13.496475,3.46215,0.079091085,0.3517740906,0.10350441
0.585072,1.94959,-11.949725,-2.585487,0.0439716549,0.3975357722,0.0407151259
0.586121,2.809421,-10.213823,-6.368263,-0.0475517083,0.6306010808,-0.0582578134
0.587171,1.075349,-7.544124,-4.024143,-0.1071483169,0.9445475012,-0.1125332962
0.58819,-1.638642,-6.325401,-0.390277,-0.0901207145,1.040327765,-0.1082763956
0.589237,-2.380787,-8.767636,0.383091,-0.0305241059,0.8945289189,-0.0635789391
0.590286,-1.554581,-8.985522,2.237251,0.0312009531,0.7242528943,-0.0029181054
0.591336,-1.273574,-8.425244,2.679175,0.0620634825,0.576325598,0.0428435762
0.592353,-1.033398,-11.193111,4.326784,0.0695130586,0.4273340765,0.0800914566
0.593402,-0.274441,-14.202807,4.927225,0.0801553101,0.3507098654,0.1077613106
0.594451,1.397185,-12.770987,-0.109271,0.0609992574,0.3890219709,0.0832841321
0.5955,3.126454,-8.925663,-6.33704,-0.0326525562,0.617830379,-0.0188814827
0.596549,1.663781,-8.171443,-5.472405,-0.1231116942,0.9743458055,-0.1157259717
0.597568,-1.429689,-7.55849,0.375885,-0.1050198666,1.1275942276,-0.131689349
0.598616,-2.570526,-7.366942,-0.066039,-0.0305241059,0.9924376331,-0.0944414686
0.599665,-2.135807,-9.258478,0.77698,0.0290725027,0.805134006,-0.0369733103
0.600714,-1.600214,-9.758896,3.212366,0.0737699592,0.6327295311,0.0290086492
0.601732,-1.326413,-9.969599,3.161929,0.086540661,0.4411690035,0.0779630063
0.602781,-0.752392,-11.853951,4.941635,0.086540661,0.306012409,0.10350441
0.60383,3.164882,-11.461278,-4.542924,0.0056595494,0.4922518109,0.0173021725
0.604879,2.859858,-9.392561,-6.015204,-0.0986345157,0.8924004686,-0.0869918925
0.605896,-0.58667,-7.307083,-0.378268,-0.1135336678,1.1552640816,-0.1338177993
0.606946,-2.596945,-6.392442,1.120432,-0.0411663574,1.0839609963,-0.1189186471
0.607995,-2.363974,-8.674257,-0.411893,0.0226871518,0.8913362435,-0.0731569655
0.609044,-1.898033,-9.96481,2.537471,0.065256158,0.7029683913,-0.0103676814
0.61022,-1.650651,-9.797206,3.041841,0.0812195353,0.4826737845,0.0471004769
0.611111,-1.009381,-10.75734,4.122634,0.0758984095,0.2932417071,0.0875410327
0.61216,0.289973,-13.204364,4.038573,0.0769626347,0.2315166482,0.1045686351
0.613209,2.583656,-13.228308,-2.129153,0.0407789794,0.3741228188,0.0662565296
0.614258,3.57078,-9.904952,-6.752545,-0.059258185,0.7508585232,-0.0359090851
0.615276,0.54456,-7.570462,-2.787235,-0.1241759194,1.0924747975,-0.1306251238
0.616325,-2.24869,-6.064417,1.82655,-0.0837353635,1.116951976,-0.152973852
0.617374,-2.337555,-7.275957,-0.154904,-0.0028542519,0.9594466533,-0.1199828723
0.618423,-2.027728,-9.828333,1.346197,0.0556781316,0.8008771054,-0.0561293631
0.619443,-1.821176,-10.055796,2.996208,0.0897333365,0.5965458759,0.0151737222
0.62049,-1.444099,-10.496356,2.895334,0.0897333365,0.361352117,0.0726418805
0.62154,-0.392128,-12.624932,4.466086,0.086540661,0.2144890457,0.1141466615
0.622588,2.122517,-14.166892,-0.121279,0.0684488334,0.2687645286,0.1130824364
0.623606,4.190435,-11.516348,-6.185729,-0.0124322782,0.6061239023,0.0311370995
0.624655,1.863127,-7.359759,-4.869563,-0.1156621181,1.0296855134,-0.0965699189
0.625704,-1.765936,-5.247944,1.672837,-0.1220474691,1.1701632337,-0.1646803287
0.626754,-2.239083,-6.107515,1.917817,-0.0283956555,1.0573553674,-0.1551023023
0.627803,-1.934059,-10.264104,-0.150101,0.0503570058,0.9168776472,-0.0955056937
0.62882,-2.063754,-11.607334,2.979396,0.092926012,0.7327666956,-0.0093034563
0.629869,-0.733178,-11.164379,3.015422,0.0993113629,0.2634434028,0.0992475094
0.630918,1.152205,-14.166892,2.318911,0.0886691114,0.2102321451,0.1109539861
0.631968,3.630824,-12.797325,-4.49729,0.0322651782,0.4486185796,0.0683849799
0.632985,3.143266,-7.87215,-6.281799,-0.0784142378,0.901978495,-0.0412302109
0.634034,-0.649116,-5.176113,-0.169315,-0.1326897206,1.1616494325,-0.1359462496
0.635083,-2.258297,-6.014135,2.97219,-0.0677719862,1.0999243736,-0.1497811766
0.636132,-1.917247,-9.031014,0.452742,0.0312009531,0.9700889048,-0.1050837201
0.63715,-2.104584,-10.989592,1.480696,0.0844122107,0.8179047079,-0.03484486
0.638199,-1.974889,-11.130858,3.224375,0.1078251641,0.5816467238,0.0353940002
0.639248,-1.110255,-11.877895,2.715202,0.114210515,0.3358107133,0.0875410327
0.640297,0.429275,-13.307321,2.206028,0.106760939,0.2017183439,0.1013759597
0.641346,2.982348,-12.936197,-2.450989,0.0620634825,0.327296912,0.061999629
0.642364,3.887813,-8.975944,-6.09206,-0.0390379071,0.7529869735,-0.0263310588
0.643413,0.398052,-5.59273,-1.555131,-0.1241759194,1.130786903,-0.1125332962
0.644462,-2.361573,-5.578364,3.366079,-0.0943776151,1.1627136577,-0.1348820244
0.645511,-1.938862,-7.821868,1.206895,0.0077879997,1.0328781889,-0.1061479453
0.646529,-1.833185,-10.343118,0.632874,0.0716415089,0.8945289189,-0.0529366876
0.647578,-2.121396,-10.860297,2.984199,0.0961186874,0.6827481134,0.0077241462
0.648628,-1.631437,-12.045499,2.335723,0.106760939,0.4198845004,0.0566785032
0.649676,-0.276843,-14.34168,2.179609,0.1110178396,0.2240670721,0.0843483572
0.650694,2.122517,-13.412672,-1.250108,0.0876048862,0.258122277,0.0662565296
0.651744,3.921437,-8.963973,-5.861491,-0.0049827022,0.6231515048,-0.0007896551
0.652792,1.582121,-5.432309,-2.64313,-0.0996987408,1.0584195926,-0.076349641
0.653842,-1.876417,-5.535265,2.479829,-0.1018271912,1.1829339356,-0.1061479453
0.654891,-1.576196,-9.095662,0.700123,0.0482285555,0.9339052496,-0.0540009127
0.655908,-1.979692,-10.44368,2.201225,0.0748341844,0.742344722,-0.0082392311
0.656958,-1.842792,-13.051126,2.703193,0.086540661,0.4901233605,0.0322013247
0.658007,-0.800427,-15.871668,1.913013,0.1078251641,0.2804710053,0.0630638542
0.659058,1.265088,-13.515629,-0.33984,0.1078251641,0.2485442507,0.048164702
0.660074,3.287372,-8.358203,-4.754279,0.0333294034,0.5135363139,-0.0146245821
0.661123,2.249811,-5.192874,-3.66628,-0.0677719862,0.9615751036,-0.0720927404
0.662172,-1.151084,-5.631039,1.218904,-0.0975702905,1.2127322399,-0.0880561177
0.663221,-2.24869,-7.381308,2.93136,-0.0390379071,1.1478145055,-0.0689000649
0.665288,-1.504144,-9.742136,1.334188,0.0599350322,0.7955559796,-0.0146245821
0.668437,0.371633,-13.000844,0.568026,0.1237885414,0.2549296016,0.0364582253
0.666337,-1.600214,-13.537179,2.667166,0.0758984095,0.5443988434,0.0119810468
0.664239,-1.535366,-8.185809,1.257332,0.0301367279,0.9871165073,-0.0422944361
0.667386,-1.146281,-16.874901,2.061922,0.1056967138,0.3304895875,0.0385866756
0.669453,2.489987,-7.175394,-3.894448,0.0758984095,0.4220129507,-0.0188814827
0.670502,2.578852,-6.36371,-5.12415,-0.031588331,0.8498314625,-0.0678358397
0.671551,-0.219201,-6.670187,-0.140494,-0.0890564893,1.1957046374,-0.0731569655
0.6726,-2.20786,-7.041311,2.715202,-0.0507443838,1.1829339356,-0.0540009127
0.673618,-1.684276,-8.006233,1.985066,0.0141733506,1.0105294607,-0.0337806348
0.674667,-1.263967,-9.981571,1.454277,0.0535496813,0.8232258336,-0.0114319066
0.675716,-1.412877,-12.457327,2.26367,0.0684488334,0.5827109489,0.0045314707
0.676765,-1.0358,-14.870831,2.090744,0.079091085,0.361352117,0.0141094971
0.677783,0.225125,-14.147737,0.87305,0.1078251641,0.2666360783,0.0130452719
0.678832,1.980813,-9.533828,-3.077849,0.0993113629,0.4092422489,-0.0252668336
0.679881,2.232998,-6.679764,-5.268256,0.00991645,0.8030055557,-0.0699642901
0.68093,0.032984,-5.707659,-0.714515,-0.0560655095,1.1456860552,-0.0774138661
0.681979,-1.75873,-7.960741,2.477427,0.0131091254,1.0147863613,-0.0263310588
0.682997,-1.143879,-9.34228,2.261269,0.0450358801,0.8402534361,-0.0018538802
0.684046,-1.055014,-11.875501,2.26367,0.0556781316,0.6242157299,0.0087883713
0.685095,-0.87248,-15.48139,2.463017,0.0641919328,0.4124349243,0.0024030204
0.686144,-0.264834,-14.746325,1.480696,0.092926012,0.3038839587,-0.0039823305
0.687161,1.380373,-8.889748,-1.81212,0.1035682635,0.3815723949,-0.0284595091
0.68821,2.453961,-7.165817,-5.731796,0.0312009531,0.7029683913,-0.0678358397
0.689259,0.799146,-7.852995,-2.736798,-0.0550012844,1.0850252214,-0.0774138661
0.690311,-1.506545,-6.109909,1.756899,-0.0635150856,1.199961538,-0.0614504888
0.691326,-1.833185,-6.413991,2.691184,-0.0124322782,1.0648049435,-0.0433586612
0.692375,-1.386457,-9.325519,2.715202,0.0333294034,0.8987858195,-0.0156888072
0.693424,-1.119862,-11.571418,2.299697,0.0578065819,0.7136106428,0.0173021725
0.694474,-0.747588,-13.486897,1.901004,0.0748341844,0.4975729366,0.0226232983
0.695491,-0.211995,-14.882802,0.957112,0.0993113629,0.3570952163,0.006659921
0.69654,1.193035,-11.765361,-1.545524,0.1184674157,0.3985999973,-0.0199457078
0.697589,2.216186,-8.137922,-5.38354,0.072705734,0.6752985373,-0.0667716146
0.698638,0.710281,-7.599194,-3.416497,-0.0113680531,1.0254286128,-0.0944414686
0.69969,-1.528161,-6.172162,1.644016,-0.0305241059,1.1488787307,-0.0827349919
0.700704,-2.032531,-5.71963,2.638345,0.0120449003,1.0350066392,-0.0571935882
0.701754,-1.547375,-8.291161,3.154724,0.0450358801,0.8987858195,-0.021009933
0.702803,-1.052612,-10.759734,3.294026,0.0599350322,0.7583080993,0.0258159738
0.703852,-0.493002,-12.524369,2.201225,0.0684488334,0.5720686974,0.0449720265
0.704869,-0.106318,-15.392799,1.2141,0.0748341844,0.424141401,0.0290086492
0.705919,0.979279,-13.695206,-1.137225,0.0833479856,0.4294625268,0.0024030204
0.706968,2.064875,-8.279189,-5.316291,0.0535496813,0.6497571336,-0.0529366876
0.708017,-1.405671,-7.304689,1.415848,-0.0518086089,1.0786398705,-0.1072121704
0.709034,-1.823578,-5.453858,2.7128,0.0035310991,0.9945660834,-0.0795423164
0.710083,-1.568991,-7.364548,2.95778,0.0535496813,0.8934646938,-0.0444228864
0.711133,-1.21353,-10.163541,3.738352,0.072705734,0.791299079,0.0077241462
0.712184,-0.512216,-11.765361,2.784853,0.0812195353,0.6274084054,0.0492289272
0.713231,0.0546,-14.04478,1.411045,0.0833479856,0.4667104072,0.0534858278
0.714248,1.193035,-14.696043,-2.249241,0.072705734,0.4539397053,0.0332655499
0.715298,2.530817,-10.326357,-5.945553,0.0322651782,0.6838123385,-0.021009933
0.716347,0.76312,-6.916805,-4.348381,-0.0358452316,0.9690246797,-0.097634144
0.717396,-1.823578,-7.031733,1.523928,-0.0518086089,1.0190432619,-0.1231755477
0.718413,-1.777944,-6.878495,2.991404,0.0205587015,0.9062353956,-0.0891203428
0.719463,-1.326413,-7.7237,2.071529,0.0801553101,0.8381249858,-0.0391017606
0.720512,-1.266369,-9.773263,4.158661,0.0950544623,0.777464152,0.0183663977
0.721563,-0.502609,-11.171562,3.711933,0.1046324887,0.6625278354,0.0641280793
0.722578,0.371633,-12.804508,1.283751,0.0971829126,0.5422703931,0.0630638542
0.723628,1.320329,-14.068724,-2.623916,0.0524854561,0.5475915188,0.0247517486
0.724677,2.13933,-11.880289,-5.940749,-0.0113680531,0.7827852778,-0.0242026084
0.725726,0.455694,-8.176232,-3.731128,-0.0667077611,1.0520342417,-0.0848634422
0.726775,-1.84039,-6.7492,0.62807,-0.0826711384,1.0658691687,-0.125303998
0.727792,-1.732311,-6.562441,2.681577,-0.0134965034,0.9232629981,-0.1125332962
0.728841,-1.364841,-7.611166,2.402973,0.0748341844,0.8530241379,-0.062514714
0.729891,-1.482528,-9.758896,3.877655,0.1099536144,0.8030055557,0.0055956959
0.730942,-0.951738,-11.233815,4.703861,0.1237885414,0.687005014,0.0683849799
0.731957,-0.048676,-11.834797,2.451008,0.1291096672,0.5433346182,0.0843483572
0.733007,1.255481,-12.598594,-2.069109,0.0854764359,0.4890591354,0.0407151259
0.734055,1.490854,-9.315942,-4.871965,-0.0741573372,1.0084010104,-0.0784780913
0.735105,-1.583402,-7.390886,-0.404687,-0.0911849396,1.1020528239,-0.1189186471
0.736122,-2.068558,-7.94398,2.645551,-0.0358452316,0.9637035539,-0.1072121704
0.737171,-1.275976,-7.350182,2.854504,0.0556781316,0.8657948398,-0.0603862637
0.73822,-1.631437,-8.418061,2.95778,0.0993113629,0.8030055557,-0.0039823305
0.73927,-1.573795,-10.628045,5.162597,0.1110178396,0.6923261397,0.0513573775
0.740319,-0.356101,-11.909022,3.759968,0.1227243163,0.5731329225,0.0822199069
0.741336,1.329936,-13.048731,-1.142028,0.0886691114,0.5135363139,0.0524216026
0.742385,2.670119,-12.55789,-6.329835,-0.0017900267,0.6540140342,-0.0167530324
0.743437,1.903957,-8.717355,-6.216952,-0.0762857875,0.9903091828,-0.076349641
0.744484,-0.966149,-6.36371,-1.32216,-0.0890564893,1.1776128098,-0.1093406207
0.745501,-2.390394,-8.561722,1.696855,-0.0464874832,1.067997619,-0.0933772434
0.74655,-1.633839,-8.887354,2.95778,0.0333294034,0.9094280711,-0.0444228864
0.7476,-1.381654,-8.032571,3.034636,0.0876048862,0.8083266815,0.0045314707
0.748649,-1.415278,-10.422131,4.651022,0.1025040383,0.6933903649,0.0471004769
0.749666,-0.541037,-13.427039,5.049715,0.1237885414,0.5890962998,0.0715776554
0.750716,0.484516,-12.586622,0.923487,0.1195316408,0.5337565918,0.0396509008
0.751765,1.622951,-10.053401,-4.430041,0.0407789794,0.5986743262,-0.0337806348
0.752816,2.103303,-8.947212,-6.726125,-0.0550012844,0.8849508926,-0.0880561177
0.753831,0.083421,-7.699757,-3.635057,-0.0965060654,1.1701632337,-0.1061479453
0.75488,-2.102182,-8.197781,0.582437,-0.0773500126,1.1541998564,-0.0923130183
0.755929,-1.773141,-8.216936,2.892932,-0.0049827022,0.9605108785,-0.0550651379
0.756979,-1.232744,-8.358203,2.619131,0.0609992574,0.8019413306,-0.0124961318
0.758028,-1.324011,-11.353533,4.233115,0.0886691114,0.6657205109,0.0417793511
0.759046,-0.548242,-13.051126,5.522862,0.1110178396,0.5571695452,0.0864768075
0.760095,1.702209,-10.393399,-3.231561,0.079091085,0.5646191213,-0.0124961318
0.761144,2.43955,-7.991867,-6.85582,-0.0188176292,0.8306754097,-0.0997625944
0.762195,0.527747,-6.801876,-3.695101,-0.0890564893,1.1563283067,-0.1295608987
0.763211,-2.277511,-8.307921,0.142914,-0.0688362114,1.2159249153,-0.097634144
0.76426,-2.351966,-10.051007,1.293359,0.0014026488,1.0254286128,-0.0401659857
0.765311,-1.348029,-8.777214,2.674372,0.0578065819,0.8296111846,0.0109168216
0.766358,-1.088639,-9.493124,3.630273,0.0844122107,0.6795554379,0.0449720265
0.767376,-0.548242,-13.276195,5.203427,0.0950544623,0.562490671,0.0662565296
0.768425,0.184295,-13.668868,3.671103,0.0918617868,0.5177932145,0.0598711787
0.769474,1.582121,-9.849882,-2.136358,0.0578065819,0.5890962998,-0.0039823305
0.770523,2.648503,-7.580039,-6.658876,-0.0262672052,0.8657948398,-0.0944414686
0.771572,0.655041,-7.21131,-3.776761,-0.0911849396,1.1935761871,-0.1370104747
0.772589,-2.111789,-7.647081,0.23178,-0.0667077611,1.2478516699,-0.1199828723
0.773639,-2.210262,-9.275238,0.589642,0.0045953242,1.0594838178,-0.0699642901
0.77469,-1.412877,-9.593686,2.018691,0.0556781316,0.8519599128,-0.0156888072
0.775737,-1.412877,-10.031852,3.250795,0.0769626347,0.6625278354,0.0332655499
0.776754,-0.992568,-11.91381,4.514122,0.086540661,0.5018298372,0.0705134302
0.777803,0.081019,-13.479714,4.077001,0.0950544623,0.437976328,0.0790272315
0.778853,1.839109,-11.341561,-0.94028,0.0705772837,0.5167289894,0.0279444241
0.779902,3.126454,-7.843418,-6.188131,-0.0166891789,0.8072624563,-0.0731569655
0.780919,1.140197,-7.445956,-3.940081,-0.0922491648,1.1776128098,-0.1433958257
0.781969,-1.910041,-7.374125,0.544009,-0.0709646617,1.2978702522,-0.1423316005
0.783018,-2.647382,-8.298344,-0.025209,-0.0049827022,1.1329153534,-0.097634144
0.784069,-2.092575,-9.399744,1.439866,0.0482285555,0.9136849717,-0.0401659857
0.785116,-1.74432,-9.871431,2.878522,0.0758984095,0.7104179674,0.0162379474
0.786134,-0.04147,-13.479714,4.439667,0.0950544623,0.4230771759,0.0971190591
0.787185,2.100901,-11.909022,-0.531981,0.0748341844,0.507150963,0.0662565296
0.788232,3.517941,-9.409322,-5.988784,-0.0134965034,0.8306754097,-0.0337806348
0.789281,1.265088,-7.33821,-4.408425,-0.1018271912,1.2180533656,-0.1370104747
0.790298,-1.953273,-6.004558,1.343796,-0.0847995887,1.3255401062,-0.1700014545
0.791348,-2.484062,-7.331027,0.745757,0.0024668739,1.186126611,-0.1402031502
0.792397,-1.914845,-9.730164,0.339859,0.0631277077,1.0115936858,-0.0795423164
0.793447,-1.900434,-10.795649,3.034636,0.0897333365,0.8019413306,-0.0082392311
0.794464,-1.693883,-11.410997,3.09468,0.0971829126,0.5635548961,0.0598711787
0.795513,-0.476189,-11.997612,4.139447,0.0971829126,0.4028568979,0.10350441
0.796564,1.747842,-12.747044,1.257332,0.0758984095,0.4028568979,0.0971190591
0.797611,3.880607,-11.432546,-5.38354,-0.0071111525,0.6742343121,0.0183663977
0.79866,2.444353,-7.886516,-5.273059,-0.1124694427,1.1222731018,-0.1029552698
0.799678,-1.220736,-5.348506,1.002745,-0.1241759194,1.3468246092,-0.1721299048
0.800727,-2.440831,-6.385259,1.78572,-0.0411663574,1.2563654712,-0.1614876533
0.801776,-2.193449,-9.754108,0.078067,0.0354578537,1.0807683208,-0.1050837201
0.802825,-2.16703,-11.025507,2.434196,0.0769626347,0.8721801907,-0.0273952839
0.803843,-1.874015,-10.661566,3.145117,0.0939902371,0.6263441802,0.0449720265
0.804892,-0.87248,-11.760572,3.438132,0.092926012,0.4198845004,0.0949906088
0.805944,1.084956,-14.090273,1.987468,0.086540661,0.3496456403,0.1024401848
0.80699,3.647636,-12.510003,-3.89685,0.037586304,0.5635548961,0.0471004769
0.808008,3.342613,-6.998212,-6.387477,-0.0752215623,1.026492838,-0.0646431643
0.809056,-0.579465,-4.553583,-0.219752,-0.1390750715,1.3180905301,-0.1519096269
0.810106,-2.460045,-6.193711,3.318044,-0.0752215623,1.269136173,-0.1582949778
0.811155,-1.965282,-9.849882,0.099683,0.0194944764,1.123337327,-0.1093406207
0.812204,-2.008514,-10.879452,2.97219,0.0918617868,0.7199959937,0.0290086492
0.813222,-1.119862,-12.581833,2.33092,0.0971829126,0.4805453342,0.0737061057
0.814271,0.604604,-13.810134,2.297295,0.0961186874,0.3645447924,0.0886052578
0.81532,2.989553,-11.559447,-2.94335,0.0492927807,0.5199216648,0.0460362517
0.816369,3.320997,-7.747644,-5.80625,-0.0560655095,0.9445475012,-0.0508082373
0.817386,0.032984,-5.535265,-0.901852,-0.12843282,1.2819068749,-0.131689349
0.818438,-2.16703,-5.860897,2.964985,-0.0943776151,1.2882922258,-0.1444600508
0.819485,-1.797159,-8.401301,1.106021,-0.003918477,1.151007181,-0.111469071
0.820534,-1.713097,-10.889029,0.89947,0.0503570058,0.9977587588,-0.0529366876
0.821551,-1.950871,-11.6217,2.914548,0.072705734,0.777464152,0.0098525965
0.8226,-1.444099,-13.187604,2.381357,0.0876048862,0.5294996912,0.0630638542
0.823649,0.088225,-14.470975,1.6224,0.0982471377,0.3698659182,0.0832841321
0.824699,2.547629,-11.801276,-2.206009,0.0663203831,0.4645819569,0.0439078014
0.825716,3.705279,-6.586385,-5.364326,-0.031588331,0.8700517404,-0.03484486
0.826765,0.827968,-4.383584,-1.132421,-0.114597893,1.2563654712,-0.1018910447
0.827817,-2.063754,-6.648638,2.864111,-0.0996987408,1.3053198282,-0.1135975214
0.83093,-1.720302,-11.209872,2.220439,0.0631277077,0.818968933,-0.0029181054
0.828863,-1.823578,-9.256083,1.860174,-0.0188176292,1.1690990086,-0.083799217
0.829913,-1.506545,-10.11326,0.820211,0.0407789794,1.0243643877,-0.0412302109
0.833028,-0.435359,-15.385616,1.454277,0.0961186874,0.4305267519,0.0385866756
0.831979,-1.463314,-14.763085,2.482231,0.0780268598,0.5784540483,0.0268801989
0.834077,1.63496,-10.319174,-1.586354,0.0769626347,0.4965087115,0.0045314707
0.835094,3.068812,-6.25357,-5.285068,-0.0166891789,0.8498314625,-0.0561293631
0.836144,1.166616,-5.801038,-2.635924,-0.1082125421,1.2680719479,-0.0944414686
0.837195,-1.900434,-6.849763,2.1676,-0.1103409924,1.3872651651,-0.0923130183
0.838242,-1.472921,-9.256083,1.32218,0.0131091254,1.0594838178,-0.0433586612
0.839259,-1.542572,-11.710291,2.227644,0.0461001052,0.8349323103,-0.0124961318
0.840311,-1.456108,-14.961816,2.475025,0.065256158,0.576325598,0.0141094971
0.841357,-0.665929,-15.366461,1.593579,0.0939902371,0.3975357722,0.0258159738
0.842407,1.161812,-10.132415,-0.865826,0.1025040383,0.4039211231,-0.0039823305
0.843456,2.80702,-6.598356,-4.929607,0.0312009531,0.6997757158,-0.0582578134
0.844473,1.60854,-6.323006,-3.068242,-0.0624508605,1.1467502804,-0.0827349919
0.845522,-1.439296,-6.945537,1.692051,-0.0773500126,1.3478888344,-0.0731569655
0.846573,-2.174235,-7.759615,2.614328,-0.0305241059,1.241466319,-0.0518724624
0.847621,-1.29519,-8.178626,1.603186,0.0131091254,1.0722545196,-0.0337806348
0.848638,-1.151084,-10.850719,1.660828,0.0312009531,0.8775013165,-0.0199457078
0.84969,-1.155888,-15.797444,2.278081,0.0429074297,0.6486929084,-0.0114319066
0.850736,-0.605884,-16.199694,1.836157,0.072705734,0.4975729366,-0.0050465557
0.851786,0.98168,-9.770868,-0.654471,0.0939902371,0.5103436385,-0.021009933
0.852803,2.391515,-6.433146,-4.711047,0.037586304,0.7604365496,-0.0646431643
0.853852,1.341945,-7.407646,-3.606236,-0.0550012844,1.1499429558,-0.0859276674
0.854901,-1.07663,-6.485822,1.194886,-0.0816069132,1.3340539074,-0.0742211907
0.85595,-1.941264,-6.097937,2.559087,-0.0379736819,1.2297598423,-0.0550651379
0.856999,-1.468117,-8.451582,2.105154,0.0067237745,1.0605480429,-0.0359090851
0.858017,-1.103049,-11.537897,2.105154,0.0322651782,0.8732444159,-0.0093034563
0.859068,-0.886891,-14.449425,1.901004,0.0482285555,0.6529498091,0.0013387952
0.860115,-0.471386,-15.354489,1.511919,0.0705772837,0.5082151882,-0.007175006
0.861164,0.827968,-11.327195,-0.416696,0.092926012,0.5167289894,-0.0252668336
0.862182,2.196972,-8.022994,-4.63419,0.0524854561,0.7551154238,-0.0667716146
0.863231,1.293909,-7.994262,-4.026545,-0.0337167813,1.14462183,-0.0955056937
0.86428,-1.998907,-4.951044,2.611926,-0.0252029801,1.2425305442,-0.0752854158
0.865329,-1.573795,-8.133134,2.619131,0.00991645,1.0828967711,-0.048679787
0.866346,-1.175102,-11.382265,3.089877,0.0301367279,0.9221987729,-0.0029181054
0.867395,-0.812436,-12.73986,2.674372,0.0471643304,0.7178675434,0.0236875235
0.868446,-0.437761,-14.408721,1.442268,0.0578065819,0.548655744,0.0141094971
0.869494,0.698272,-13.800557,-0.447919,0.072705734,0.5082151882,-0.0135603569
0.870543,2.237802,-9.936078,-4.290739,0.0546139064,0.6976472655,-0.0678358397
0.871562,1.522077,-7.757221,-4.900786,-0.0166891789,1.0594838178,-0.1221113226
0.872609,-0.937328,-6.038079,0.692918,-0.0528728341,1.2702003982,-0.1284966735
0.873658,-2.123798,-5.034847,2.604721,-0.0124322782,1.2010257632,-0.1050837201
0.874707,-1.816373,-7.443561,2.232448,0.0301367279,1.0637407184,-0.0699642901
0.875724,-1.271173,-10.350301,3.325249,0.0503570058,0.9370979251,-0.0146245821
0.876774,-0.713964,-11.23621,2.547078,0.058870807,0.7625649999,0.0322013247
0.877823,-0.262432,-13.170843,1.302966,0.0609992574,0.5784540483,0.0417793511
0.878872,1.166616,-14.916323,-1.588756,0.0631277077,0.5284354661,0.0268801989
0.879889,2.790207,-11.521137,-5.62852,0.0354578537,0.7434089471,-0.0273952839
0.880941,1.082554,-7.819474,-4.350783,-0.0326525562,1.0669333938,-0.1093406207
0.881987,-1.583402,-6.399625,1.492705,-0.0539370592,1.178677035,-0.1433958257
0.883037,-1.818774,-6.107515,2.611926,0.0077879997,1.0967316981,-0.1199828723
0.884054,-1.472921,-7.929614,2.129172,0.065256158,1.0254286128,-0.0731569655
0.885103,-1.223137,-9.186647,3.711933,0.086540661,0.9562539778,-0.0178172575
0.886152,-0.512216,-9.687066,2.940967,0.0907975617,0.8210973833,0.0236875235
0.887202,0.006565,-12.749438,1.63681,0.0833479856,0.6710416367,0.0300728744
0.888251,0.904824,-16.403214,-1.692032,0.0620634825,0.6465644581,0.020494848
0.889268,2.297846,-13.242674,-5.445986,0.0194944764,0.8700517404,-0.0124961318
0.89032,0.945654,-6.526526,-4.257114,-0.0496801586,1.1605852073,-0.0933772434
0.891367,-2.020522,-6.562441,3.209965,-0.0103038279,1.0722545196,-0.1380746999
0.892415,-1.506545,-8.396512,2.155591,0.0673846083,1.0084010104,-0.0806065416
0.893435,-1.36244,-9.955233,4.002546,0.0961186874,0.9605108785,-0.0135603569
0.894482,-0.663527,-10.297625,4.012153,0.1078251641,0.8370607606,0.0396509008
0.895531,0.020975,-11.662404,1.838559,0.106760939,0.687005014,0.0471004769
0.89658,0.948056,-14.265061,-1.466266,0.0737699592,0.6327295311,0.0183663977
0.897598,2.396318,-13.702389,-6.108872,0.0077879997,0.8232258336,-0.021009933
0.898647,1.52688,-8.458765,-5.186596,-0.0656435359,1.1478145055,-0.0891203428
0.899696,-1.381654,-5.494562,-0.363857,-0.0996987408,1.2489158951,-0.1519096269
0.901794,-1.713097,-8.245668,2.657559,0.0620634825,1.0137221361,-0.0848634422
0.902814,-1.583402,-9.172281,3.197956,0.1046324887,0.9530613024,-0.0199457078
0.900745,-2.174235,-6.935959,3.111492,-0.0358452316,1.1148235257,-0.1444600508
0.903861,-0.999773,-10.453258,4.956046,0.1195316408,0.8317396349,0.034329775
0.90491,-0.072693,-12.390286,2.844897,0.1269812169,0.6859407888,0.0545500529
0.905959,1.094563,-13.031971,-0.604034,0.1035682635,0.6157019287,0.0247517486
0.906976,2.269025,-11.47325,-5.429174,0.0301367279,0.7540511987,-0.0273952839
0.908025,1.642165,-9.600869,-6.183327,-0.0528728341,1.0733187447,-0.0848634422
0.909075,-0.915712,-8.331865,-1.451856,-0.0965060654,1.2499801203,-0.1327535741
0.910124,-2.030129,-7.714123,2.220439,-0.0635150856,1.1499429558,-0.1348820244
0.911141,-1.484929,-7.005396,3.238786,0.0397147543,1.0296855134,-0.097634144
0.912192,-1.49934,-8.104402,2.760835,0.1014398132,0.9764742558,-0.0433586612
0.913239,-1.451305,-10.824382,4.581371,0.1131462899,0.8732444159,0.0183663977
0.914288,-0.485796,-12.653664,4.362811,0.1312381175,0.7444731723,0.0609354038
0.915338,0.902422,-12.641692,-0.097262,0.1237885414,0.6710416367,0.0439078014
0.916355,2.309855,-11.664798,-5.256247,0.0524854561,0.7593723244,-0.0252668336
0.917404,-0.111121,-6.919199,-2.506229,-0.0762857875,1.2840353252,-0.1348820244
0.918453,-2.145414,-7.809897,1.502312,-0.045423258,1.2191175908,-0.1284966735
0.919502,-1.693883,-8.904114,2.933762,0.0397147543,1.0722545196,-0.0806065416
0.92052,-1.302396,-9.01186,2.866513,0.100375588,0.9786027061,-0.0242026084
0.921571,-1.45851,-10.367061,4.158661,0.1184674157,0.8668590649,0.0279444241
0.922618,-0.725973,-11.973669,4.970456,0.1365592433,0.749794298,0.0577427284
0.923666,0.347615,-12.332821,1.413447,0.1333665678,0.6763627624,0.0311370995
0.924687,1.538889,-10.999169,-3.555799,0.072705734,0.728509795,-0.0454871115
0.925733,2.055268,-9.52425,-6.490753,-0.0134965034,1.0020156595,-0.1104048459
0.926782,0.037788,-7.661447,-3.623049,-0.0688362114,1.2914849012,-0.1338177993
0.927831,-2.28952,-7.893699,0.467152,-0.0613866353,1.2904206761,-0.1210470974
0.92888,-1.92205,-8.664679,2.520659,0.0088522248,1.0988601484,-0.0795423164
0.929898,-1.179906,-8.396512,2.782451,0.072705734,0.9519970772,-0.0327164097
0.930946,-1.220736,-10.302414,3.978529,0.0993113629,0.8349323103,0.0130452719
0.931996,-0.591474,-13.031971,5.407577,0.1259169917,0.722124444,0.0471004769
0.933045,0.338008,-13.149294,2.53507,0.141880369,0.6635920606,0.0364582253
0.934065,1.507666,-10.450863,-2.475006,0.0993113629,0.7114821925,-0.0369733103
0.935112,2.362694,-8.77003,-6.461931,0.0131091254,0.9509328521,-0.1189186471
0.936161,0.700674,-7.271168,-4.302747,-0.0518086089,1.2680719479,-0.1508454017
0.93721,-2.030129,-7.161028,-0.320626,-0.045423258,1.3478888344,-0.1359462496
0.938227,-2.229476,-9.198619,1.619998,0.0205587015,1.1733559092,-0.0880561177
0.939276,-1.338422,-9.131577,2.42699,0.0801553101,0.9807311564,-0.0327164097
0.940325,-1.235146,-9.50749,2.847299,0.0993113629,0.8200331582,0.0141094971
0.941374,-0.644313,-12.636903,4.886395,0.1088893893,0.6880692391,0.0502931523
0.942423,1.714218,-11.293674,-1.836138,0.1120820647,0.7412804968,-0.0039823305
0.943443,2.362694,-6.998212,-6.166515,0.023751377,1.0009514343,-0.1061479453
0.94449,0.484516,-6.682158,-3.596629,-0.0528728341,1.2999987025,-0.1636161036
0.945538,-2.152619,-7.50342,0.428724,-0.0326525562,1.3627879865,-0.1487169514
0.946587,-2.450438,-9.02862,0.229378,0.0312009531,1.1882550613,-0.1008268195
0.947605,-1.617026,-10.108471,2.117163,0.0833479856,0.9881807325,-0.0433586612
0.948654,-1.268771,-10.012697,3.205161,0.1131462899,0.8157762576,0.0098525965
0.949703,-0.706758,-11.444518,3.877655,0.1195316408,0.6657205109,0.0460362517
0.950752,0.184295,-14.054358,4.293159,0.128045442,0.6018670017,0.0566785032
0.95177,1.855922,-11.973669,-0.786568,0.1099536144,0.6901976894,0.0151737222
0.952821,3.12165,-7.467505,-6.17372,0.0184302512,0.9892449576,-0.0869918925
0.953868,0.955261,-7.000607,-3.757547,-0.0635150856,1.3436319338,-0.1678730042
0.954917,-2.054147,-7.129902,0.81781,-0.0401021322,1.4319626215,-0.1721299048
0.955937,-2.457643,-8.013416,0.106888,0.0312009531,1.2638150473,-0.1327535741
0.956983,-1.869211,-9.897769,1.324581,0.0844122107,1.0584195926,-0.0742211907
0.958032,-1.737114,-10.467624,3.025029,0.1152747402,0.8572810386,-0.007175006
0.959081,-1.333618,-11.547475,3.402106,0.1237885414,0.6572067097,0.0492289272
0.960131,-0.031863,-13.043943,4.252329,0.1291096672,0.548655744,0.0790272315
0.961148,2.122517,-12.380708,0.034835,0.114210515,0.617830379,0.0534858278
0.962197,3.537155,-9.153126,-5.818259,0.0322651782,0.9243272232,-0.0476155618
0.963246,1.43081,-7.07962,-4.389211,-0.0581939599,1.3127694043,-0.1551023023
0.964296,-1.753927,-6.576807,1.247725,-0.045423258,1.448990224,-0.1849006066
0.965315,-2.419215,-7.548913,0.647284,0.0322651782,1.3202189804,-0.152973852
0.966361,-2.006112,-9.72777,0.407108,0.0886691114,1.1329153534,-0.0965699189
0.967411,-1.878818,-10.400582,2.919351,0.120595866,0.9328410245,-0.0284595091
0.96846,-1.561786,-10.683115,3.145117,0.1269812169,0.714674868,0.0332655499
0.969478,1.577317,-14.049569,1.365411,0.1184674157,0.5443988434,0.0726418805
0.970527,3.854188,-10.209034,-4.562138,0.0599350322,0.8242900588,-0.0029181054
0.971576,2.545227,-6.150613,-5.527646,-0.0518086089,1.2638150473,-0.1210470974
0.972625,-1.223137,-5.662166,0.894666,-0.086928039,1.4745316277,-0.1817079312
0.973674,-2.469652,-6.868918,2.22284,-0.0081753776,1.3744944632,-0.1657445539
0.974694,-2.006112,-9.861853,-0.21735,0.0684488334,1.1988973129,-0.111469071
0.97574,-2.032531,-11.41818,2.503847,0.1088893893,1.0052083349,-0.0412302109
0.976789,-1.84039,-11.367899,2.866513,0.128045442,0.7657576753,0.0279444241
0.977838,-0.77641,-12.689579,2.868914,0.1323023427,0.5592979955,0.0737061057
0.978855,1.128188,-13.668868,1.776113,0.1333665678,0.5018298372,0.075834556
0.979905,3.36663,-10.92255,-4.103401,0.0844122107,0.7380878213,0.0151737222
0.980954,2.761386,-6.442724,-5.76542,-0.0209460795,1.1967688626,-0.0965699189
0.982003,-0.865275,-5.202451,0.08287,-0.0773500126,1.4649536013,-0.1742583551
0.98302,-2.287118,-6.579201,2.904941,-0.0198818543,1.3979074166,-0.1721299048
0.984072,-1.7179,-8.877776,0.15012,0.0620634825,1.2393378687,-0.1274324483
0.985118,-1.86681,-10.709453,1.612793,0.100375588,1.0648049435,-0.0667716146
0.986167,-2.030129,-12.462116,3.282018,0.1195316408,0.8285469594,0.006659921
0.987217,-1.256762,-13.75267,2.784853,0.134430793,0.5965458759,0.0737061057
0.988234,0.799146,-13.008028,1.66323,0.1333665678,0.4773526587,0.0864768075
0.989283,3.390648,-11.035084,-3.613442,0.079091085,0.6444360078,0.0247517486
0.990332,3.347416,-6.981452,-5.321094,-0.0220103046,1.0988601484,-0.0795423164
0.991381,-0.151951,-4.670906,-0.090056,-0.0773500126,1.4372837473,-0.152973852
0.992399,-2.159825,-6.555258,2.804067,-0.031588331,1.4266414958,-0.1551023023
0.993447,-1.794757,-9.35904,0.666499,0.0503570058,1.2776499742,-0.1146617465
0.994497,-1.809167,-10.680721,0.940299,0.0961186874,1.1073739497,-0.0614504888
0.995546,-1.492135,-13.980133,2.194019,0.1301738923,0.6433717827,0.0407151259
0.996566,0.162679,-14.942661,1.783318,0.1440088193,0.5167289894,0.0556142781
0.997612,2.69894,-10.704664,-2.364525,0.1110178396,0.6550782594,0.0141094971
0.998661,3.409862,-6.186528,-5.527646,0.0056595494,1.0786398705,-0.0657073894
0.99971,0.35482,-5.305408,-0.863424,-0.0762857875,1.448990224,-0.1284966735
1.000759,-2.212663,-7.122719,2.79446,-0.0550012844,1.4798527534,-0.1359462496
1.001777,-1.811569,-8.580877,1.629605,0.0269440524,1.3308612319,-0.1093406207
1.002826,-1.528161,-9.603264,0.940299,0.0812195353,1.172291684,-0.0689000649
1.003875,-1.917247,-11.463673,2.342929,0.0993113629,0.9519970772,-0.0231383833
1.004924,-1.648249,-14.662522,2.511052,0.1174031905,0.6880692391,0.0183663977
1.005944,-0.468984,-14.849282,1.430259,0.1397519187,0.5114078636,0.0364582253
1.006991,1.680593,-10.381427,-1.509498,0.1195316408,0.5646191213,0.0034672456
1.008039,3.248944,-6.691736,-4.667815,0.0354578537,0.9179418723,-0.0571935882
1.009089,1.298713,-5.877657,-2.13876,-0.0496801586,1.3393750332,-0.1082763956
1.010106,-1.79956,-6.979058,2.1676,-0.0635150856,1.4702747271,-0.1189186471
1.011155,-1.982094,-7.735672,2.676774,-0.0017900267,1.3436319338,-0.097634144
1.012204,-1.331217,-8.686228,1.048379,0.0567423567,1.172291684,-0.0699642901
1.013253,-1.528161,-11.894655,1.836157,0.0737699592,0.9626393288,-0.0369733103
1.014271,-1.393662,-15.818993,2.703193,0.092926012,0.7253171195,0.0034672456
1.015322,-0.274441,-15.05759,1.122833,0.1301738923,0.5720686974,0.0236875235
1.016369,1.719021,-9.734953,-1.920199,0.1227243163,0.6135734784,-0.0135603569
1.017418,2.838242,-6.435541,-4.720654,0.0407789794,0.929648349,-0.0742211907
1.018467,1.053733,-5.894418,-1.932208,-0.0347810065,1.3191547552,-0.1050837201
1.019484,-1.763534,-7.194549,1.939433,-0.0358452316,1.4404764228,-0.0965699189
1.020533,-2.109388,-8.178626,2.323714,0.0120449003,1.3255401062,-0.0699642901
1.021583,-1.148683,-11.442124,1.644016,0.0780268598,0.9892449576,-0.0295237342
1.022631,-1.09104,-15.694487,2.246858,0.0876048862,0.7721430263,-0.0178172575
1.023649,-0.430556,-15.189279,1.735283,0.1120820647,0.6433717827,-0.0124961318
1.024697,1.351552,-9.74453,-1.776094,0.1163389653,0.6933903649,-0.0391017606
1.025747,2.487585,-6.928776,-5.210613,0.0418432046,0.9828596067,-0.0869918925
1.026796,0.791941,-6.73244,-2.213214,-0.0443590329,1.3446961589,-0.1029552698
1.027815,-1.576196,-6.186528,1.756899,-0.0464874832,1.4564398001,-0.0869918925
1.028862,-1.931657,-7.043705,2.261269,0.0056595494,1.3297970068,-0.062514714
1.029911,-1.37685,-9.212985,2.350134,0.0503570058,1.1627136577,-0.0401659857
1.03096,-1.115058,-11.947331,2.021092,0.0758984095,0.9626393288,-0.0188814827
1.032009,-0.87248,-14.499707,1.90821,0.0833479856,0.7402162717,-0.0167530324
1.033027,-0.315271,-14.535622,1.562356,0.1046324887,0.603995452,-0.0284595091
1.034076,1.241071,-10.572975,-1.358187,0.1216600911,0.6529498091,-0.0518724624
1.035125,2.43955,-7.611166,-5.349916,0.0620634825,0.9488044018,-0.090184568
1.036174,0.892815,-7.347787,-2.99859,-0.0220103046,1.3223474307,-0.1050837201
1.037193,-1.456108,-6.356527,1.713667,-0.0305241059,1.4521828994,-0.090184568
1.03824,-1.849997,-6.493005,2.196421,0.0109806751,1.338310808,-0.0678358397
1.039289,-1.343225,-8.597637,2.79446,0.0439716549,1.1893192865,-0.0422944361
1.040338,-1.165495,-11.478039,2.799263,0.0684488334,1.0115936858,-0.0146245821
1.041356,-0.922917,-13.676051,2.061922,0.0780268598,0.7902348539,-0.0093034563
1.042404,-0.411342,-14.17647,1.71847,0.0822837604,0.6359222066,-0.0284595091
1.043454,1.056135,-12.316061,-1.012333,0.1014398132,0.6550782594,-0.0529366876
1.044503,2.384309,-9.023831,-5.467602,0.0673846083,0.9317767993,-0.0923130183
1.045552,0.90002,-7.201732,-3.99292,-0.0134965034,1.3053198282,-0.1284966735
1.046572,-1.439296,-5.705264,1.836157,-0.0262672052,1.4383479725,-0.1242397729
1.047619,-1.472921,-8.64313,2.669568,0.0503570058,1.1818697104,-0.0582578134
1.048667,-1.009381,-10.55382,3.699924,0.0663203831,1.0435204404,-0.0093034563
1.049717,-0.392128,-11.779727,2.023494,0.072705734,0.8626021643,0.0173021725
1.050734,0.023377,-14.851676,1.439866,0.0769626347,0.7061610667,0.0077241462
1.051783,0.883208,-14.729564,-0.997923,0.0876048862,0.6955188152,-0.0178172575
1.052832,2.156142,-8.693411,-5.201006,0.0535496813,0.9232629981,-0.0710285152
1.053881,1.017707,-5.86808,-4.473272,-0.0262672052,1.2606223718,-0.1306251238
1.054898,-1.37685,-6.998212,1.283751,-0.0486159335,1.393650516,-0.1338177993
1.055948,-2.018121,-7.00779,2.907343,0.0077879997,1.2936133516,-0.0965699189
1.056996,-1.624232,-7.704545,2.477427,0.051421231,1.1754843595,-0.0561293631
1.058046,-1.227941,-10.024669,4.257133,0.0684488334,1.0690618441,-0.0124961318
1.059095,-0.682741,-12.476482,3.116296,0.0822837604,0.9072996208,0.0194306229
1.060112,-0.12313,-13.551545,1.262136,0.0833479856,0.742344722,0.0119810468
1.061161,0.96727,-12.859578,-1.677621,0.0663203831,0.7072252919,-0.0263310588
1.06221,2.223391,-10.331146,-5.998391,0.0280082776,0.9253914484,-0.076349641
1.063259,0.808753,-7.896093,-4.814323,-0.0401021322,1.2542370209,-0.1284966735
1.064276,-1.746722,-7.453139,1.082003,-0.0571297347,1.3564026356,-0.139138925
1.065325,-1.828381,-6.876101,2.943369,0.0152375758,1.2446589945,-0.1093406207
1.066374,-1.21353,-6.967086,1.975459,0.0748341844,1.151007181,-0.0699642901
1.067423,-1.268771,-9.337491,4.08901,0.086540661,1.0648049435,-0.0231383833
1.068443,-0.66833,-11.739023,4.189884,0.0993113629,0.9349694748,0.0236875235
1.06949,0.316392,-13.046337,1.687247,0.1035682635,0.805134006,0.0322013247
1.070539,1.495657,-13.462954,-2.45339,0.0705772837,0.7753357017,-0.007175006
1.071588,2.492389,-11.226632,-6.531583,0.0056595494,0.9828596067,-0.0646431643
1.072637,0.888012,-7.489054,-4.3748,-0.0560655095,1.2882922258,-0.1263682232
1.073655,-1.681874,-7.170606,0.512786,-0.0645793108,1.3595953111,-0.1519096269
1.074704,-1.309601,-8.183415,2.575899,0.0780268598,1.1382364791,-0.0699642901
1.075753,-1.369645,-8.614398,3.618264,0.1046324887,1.0743829699,-0.0199457078
1.076802,-0.901301,-10.213823,4.55255,0.1131462899,0.9594466533,0.0183663977
1.077821,-0.151951,-13.089435,2.530266,0.114210515,0.8338680852,0.0194306229
1.078868,0.924038,-13.594643,-1.125216,0.0801553101,0.7955559796,-0.0156888072
1.079917,2.045661,-10.874663,-5.594895,0.0088522248,0.9615751036,-0.0614504888
1.080966,1.096965,-8.351019,-5.518039,-0.059258185,1.2563654712,-0.1125332962
1.081984,-1.367243,-7.776376,-1.211679,-0.0890564893,1.3713017878,-0.1465885011
1.083033,-2.046942,-7.771587,2.487034,-0.0422305825,1.2478516699,-0.1348820244
1.084082,-1.446501,-7.048494,3.164331,0.051421231,1.1297226779,-0.0923130183
1.085131,-1.513751,-8.86341,3.1211,0.0961186874,1.0552269171,-0.0380375354
1.086148,-1.203923,-12.052682,5.148187,0.1078251641,0.9413548257,0.0258159738
1.087198,0.083421,-12.828451,3.832021,0.1301738923,0.8359965355,0.0566785032
1.088246,1.529282,-11.985641,-1.336571,0.1078251641,0.8061982312,0.0119810468
1.089295,2.550031,-10.88424,-6.0104,0.0184302512,0.9424190508,-0.0699642901
1.090344,1.618147,-8.315104,-5.568476,-0.0624508605,1.2425305442,-0.1284966735
1.091361,-1.021389,-6.892861,-1.206876,-0.0741573372,1.4191919197,-0.1465885011
1.092411,-2.179039,-9.02862,1.37742,-0.0273314304,1.3212832055,-0.117854422
1.09346,-1.537768,-9.102845,2.707996,0.0461001052,1.1541998564,-0.0657073894
1.094509,-1.271173,-8.204964,3.106689,0.0918617868,1.0445846656,-0.0188814827
1.095526,-1.105451,-11.195506,4.699057,0.106760939,0.9488044018,0.0226232983
1.096575,-0.370512,-14.485341,4.883993,0.1259169917,0.8732444159,0.0428435762
1.097624,0.655041,-11.624094,0.315841,0.1131462899,0.8519599128,0.0013387952
1.098673,1.903957,-7.606377,-4.977642,0.0258798273,0.9615751036,-0.0859276674
1.099693,1.493256,-8.882565,-5.784635,-0.0699004365,1.2446589945,-0.1412673753
1.10074,-2.294323,-8.671862,0.423921,-0.0518086089,1.3457603841,-0.1231755477
1.101789,-1.506545,-7.932008,2.311706,0.0301367279,1.1659063331,-0.0891203428
1.102838,-1.316806,-8.664679,2.674372,0.0876048862,1.0360708644,-0.0433586612
1.103887,-1.384055,-11.391842,4.146652,0.1099536144,0.9051711705,0.0098525965
1.104904,-0.452172,-12.974507,5.143383,0.1301738923,0.8093909066,0.0471004769
1.105953,1.084956,-11.91381,1.031566,0.1291096672,0.7966202048,0.0258159738
1.107002,2.622084,-9.435659,-4.708645,0.0609992574,0.9285841239,-0.0646431643
1.108052,2.22099,-8.300738,-6.615644,-0.0411663574,1.2318882926,-0.1540380772
1.109072,-0.593876,-8.212147,-1.747272,-0.0762857875,1.4596324755,-0.1742583551
1.110118,-2.491268,-8.870593,0.659293,-0.0252029801,1.4053569927,-0.1370104747
1.111167,-1.994103,-9.375801,1.012352,0.0418432046,1.2159249153,-0.083799217
1.112216,-1.504144,-8.947212,2.885727,0.0844122107,1.0467131159,-0.0327164097
1.113233,-1.357636,-9.655939,3.72154,0.1046324887,0.9030427202,0.0098525965
1.114283,-0.502609,-12.402257,5.042509,0.1174031905,0.8072624563,0.0375224505
1.115331,0.724692,-13.369574,2.717603,0.1184674157,0.7944917545,0.0268801989
1.116381,2.319462,-10.314385,-3.555799,0.0641919328,0.9317767993,-0.0465513367
1.11743,2.39872,-8.612003,-6.209746,-0.0369094568,1.2542370209,-0.1370104747
1.118448,-0.305664,-7.783559,-1.910592,-0.0773500126,1.518164859,-0.1721299048
1.119496,-2.402403,-6.957509,0.608856,-0.0294598807,1.4883665547,-0.1582949778
1.120546,-2.04454,-8.403695,0.666499,0.0397147543,1.296806027,-0.1189186471
1.121595,-1.480126,-9.845093,2.366946,0.0844122107,1.1063097245,-0.0614504888
1.122612,-1.444099,-10.805227,3.349267,0.1046324887,0.9126207465,-0.0018538802
1.123661,-0.759597,-12.026345,4.56696,0.1110178396,0.7572438741,0.0439078014
1.124711,0.645434,-13.084647,3.322848,0.1152747402,0.7157390931,0.0534858278
1.12576,3.112043,-8.722144,-6.839008,-0.0188176292,1.178677035,-0.1231755477
1.126777,0.265955,-7.208915,-2.206009,-0.0720288868,1.4979445811,-0.1955428582
1.127826,-2.436027,-6.433146,1.367813,-0.0241387549,1.5234859847,-0.1902217324
1.128876,-2.524892,-8.030177,-0.323027,0.0418432046,1.3436319338,-0.1433958257
1.129925,-2.078165,-9.981571,1.831353,0.0844122107,1.137172254,-0.0784780913
1.130974,-1.883622,-10.393399,3.001011,0.1078251641,0.9317767993,-0.0082392311
1.131991,-1.189513,-11.334378,3.805602,0.1110178396,0.756179649,0.0492289272
1.13304,0.359624,-13.609009,3.908877,0.1163389653,0.6838123385,0.0747703308
1.134089,2.756583,-13.25704,-1.749674,0.0886691114,0.8072624563,0.0332655499
1.135138,3.599601,-8.86341,-6.466735,-0.0081753776,1.1669705583,-0.0806065416
1.136155,0.703076,-5.681321,-2.782432,-0.0826711384,1.5192290841,-0.1859648318
1.137205,-2.143012,-5.484984,2.021092,-0.0475517083,1.580954143,-0.2093777852
1.138254,-2.49367,-8.370174,0.092477,0.0354578537,1.4298341712,-0.1678730042
1.139303,-2.22227,-11.188323,1.096414,0.0907975617,1.2446589945,-0.0944414686
1.140323,-1.977291,-10.680721,3.140314,0.120595866,1.0318139638,-0.0156888072
1.14137,-1.309601,-10.496356,2.698389,0.1248527666,0.8008771054,0.0417793511
1.142419,-0.022256,-12.754227,3.923288,0.1227243163,0.6550782594,0.0694492051
1.143468,2.312257,-13.848444,0.06846,0.100375588,0.7136106428,0.0534858278
1.144485,4.180827,-10.144387,-6.111274,0.0141733506,1.0616122681,-0.0369733103
1.145534,1.899153,-5.587941,-3.932876,-0.0784142378,1.4883665547,-0.1582949778
1.146583,-1.741918,-4.996537,2.297295,-0.0688362114,1.6192662486,-0.2093777852
1.147633,-2.46725,-7.860178,1.370215,0.0184302512,1.4841096541,-0.180643706
1.148682,-2.16703,-10.716636,0.200557,0.0822837604,1.2978702522,-0.1157259717
1.149699,-2.224672,-11.430152,2.820879,0.1131462899,1.0701260693,-0.0412302109
1.150748,-1.849997,-11.200294,2.955378,0.1312381175,0.8147120324,0.0300728744
1.151797,-0.689946,-11.698319,3.044243,0.1354950181,0.6210230544,0.0715776554
1.152846,3.890214,-10.999169,-5.004062,0.0535496813,0.9221987729,-0.0050465557
1.153863,2.254614,-5.973431,-4.792707,-0.0550012844,1.3904578405,-0.1104048459
1.154913,-1.480126,-4.860059,1.547945,-0.0890564893,1.5841468185,-0.1753225803
1.155961,-2.1262,-7.046099,2.364544,-0.0081753776,1.4787885283,-0.1678730042
1.15701,-1.643446,-10.209034,-0.253376,0.0684488334,1.3234116559,-0.1221113226
1.158028,-1.943666,-11.377476,2.244456,0.1078251641,1.1403649294,-0.0603862637
1.159077,-1.734713,-11.937754,2.580703,0.1301738923,0.9041069453,0.0013387952
1.160126,-0.798025,-14.221962,2.477427,0.141880369,0.6997757158,0.0492289272
1.161175,1.205044,-13.609009,1.017156,0.141880369,0.65933516,0.0566785032
1.162224,3.681261,-8.868199,-4.759082,0.0780268598,0.9211345478,-0.0018538802
1.163241,2.730163,-5.039635,-4.735065,-0.0347810065,1.3766229135,-0.104019495
1.16429,-1.002175,-5.382027,0.856238,-0.0805426881,1.628844275,-0.166808779
1.165339,-2.215065,-7.745249,2.87612,-0.0156249537,1.55966964,-0.1551023023
1.166388,-1.7179,-9.631996,0.683311,0.0695130586,1.3979074166,-0.1093406207
1.167405,-1.888425,-10.735791,1.535936,0.1035682635,1.2084753393,-0.0561293631
1.168455,-1.965282,-12.469299,3.17634,0.120595866,0.9551897527,-0.0018538802
1.169504,-1.208727,-14.719987,2.407776,0.141880369,0.7199959937,0.0428435762
1.170553,0.455694,-13.582671,1.144449,0.1514583954,0.6274084054,0.0396509008
1.171572,2.770993,-8.837072,-3.226758,0.1046324887,0.8083266815,-0.0188814827
1.172619,3.10724,-5.283859,-5.157775,0.0014026488,1.2521085706,-0.0955056937
1.173668,-0.135139,-5.817799,-0.097262,-0.0645793108,1.5937248449,-0.139138925
1.174717,-2.275109,-7.690179,3.099484,-0.0326525562,1.5745687921,-0.1306251238
1.175766,-1.79956,-8.880171,1.235716,0.0461001052,1.4021643172,-0.0997625944
1.176783,-1.710695,-10.146781,1.19969,0.0897333365,1.2265671669,-0.0603862637
1.177833,-1.811569,-12.531552,2.407776,0.106760939,0.9924376331,-0.021009933
1.178882,0.229929,-13.795768,1.043575,0.1525226206,0.6603993851,0.0141094971
1.179931,2.413131,-8.195387,-2.892913,0.1174031905,0.8136478073,-0.0359090851
1.180949,2.895885,-6.047656,-4.775894,0.0184302512,1.2265671669,-0.0933772434
1.184095,-1.823578,-7.678208,1.761702,0.0354578537,1.4277057209,-0.0891203428
1.185113,-1.408073,-9.529039,1.399036,0.0758984095,1.2499801203,-0.0635789391
1.181998,0.078618,-6.63906,-0.325429,-0.0443590329,1.5841468185,-0.1167901968
1.183046,-2.243886,-7.278351,2.604721,-0.0241387549,1.5969175203,-0.1072121704
1.186162,-1.54017,-13.070281,2.107556,0.0950544623,1.0275570631,-0.0316521845
1.187211,-1.079032,-16.185328,2.073931,0.1184674157,0.8040697809,-0.0029181054
1.18826,0.04019,-13.838866,0.822613,0.1514583954,0.6976472655,-0.0007896551
1.189308,1.788672,-7.721306,-2.662344,0.1323023427,0.8104551318,-0.0465513367
1.190326,2.451559,-6.306246,-4.552531,0.0407789794,1.1744201343,-0.0933772434
1.191375,0.268357,-7.785953,-0.54399,-0.0262672052,1.5213575344,-0.1029552698
1.192424,-1.938862,-7.532152,2.448606,-0.0145607286,1.55966964,-0.090184568
1.193473,-1.657856,-7.199338,2.124368,0.0333294034,1.4138707939,-0.0784780913
1.19449,-1.093442,-8.726932,1.754497,0.0769626347,1.2627508221,-0.0614504888
1.195539,-1.011782,-11.707896,1.716069,0.0950544623,1.0669333938,-0.0412302109
1.196589,-0.761999,-15.785472,1.850567,0.1078251641,0.8519599128,-0.0263310588
1.197637,0.006565,-15.431108,0.959514,0.141880369,0.7466016226,-0.0167530324
1.198655,1.779065,-9.663123,-2.950555,0.1365592433,0.8636663895,-0.0444228864
1.199704,2.338676,-6.730045,-5.405156,0.051421231,1.2244387166,-0.097634144
1.200753,0.064207,-6.176951,-0.875433,-0.0145607286,1.5479631633,-0.1157259717
1.201802,-2.066156,-5.75794,2.688782,0.0035310991,1.5586054148,-0.0986983692
1.202851,-1.919648,-7.048494,2.33092,0.0482285555,1.4042927675,-0.0742211907
1.203868,-1.316806,-9.924107,2.49424,0.0769626347,1.2467874448,-0.0433586612
1.204917,-0.58667,-14.822944,1.747292,0.1025040383,0.8359965355,-0.0146245821
1.205966,0.083421,-15.038435,1.021959,0.1291096672,0.7444731723,-0.0263310588
1.207015,1.536487,-10.244949,-2.309285,0.1376234684,0.8498314625,-0.0603862637
1.208032,2.096098,-7.070043,-5.525244,0.0641919328,1.1808054853,-0.1146617465
1.209081,0.150671,-6.509765,-1.36299,-0.0081753776,1.5011372565,-0.131689349
1.210131,-1.926854,-5.595124,2.405374,0.0014026488,1.539449362,-0.1104048459
1.21118,-1.974889,-7.036522,2.225242,0.0461001052,1.4032285424,-0.0816707667
1.212199,-1.333618,-9.94805,3.01302,0.0780268598,1.2712646233,-0.0391017606
1.213246,-0.766803,-11.138041,2.460615,0.0971829126,1.1052454994,0.0002745701
1.214295,-0.228808,-12.94338,1.353403,0.1035682635,0.9041069453,0.0024030204
1.215344,0.150671,-15.548431,0.676106,0.1216600911,0.7763999269,-0.0199457078
1.216361,1.452426,-12.718311,-2.477408,0.134430793,0.8551525882,-0.0540009127
1.21741,2.336274,-7.718911,-5.726992,0.079091085,1.1776128098,-0.1072121704
1.218459,0.328401,-6.323006,-2.15317,0.00991645,1.4947519056,-0.139138925
1.219508,-1.970085,-6.002163,2.395767,0.0152375758,1.5309355608,-0.1274324483
1.220557,-2.104584,-6.785115,2.270876,0.0620634825,1.3872651651,-0.0933772434
1.221574,-1.489733,-8.446793,3.245991,0.0918617868,1.2638150473,-0.048679787
1.222624,-0.968551,-9.907346,3.404507,0.1046324887,1.1329153534,-0.0039823305
1.223672,-0.435359,-12.756621,1.987468,0.1078251641,0.9594466533,0.0151737222
1.224722,0.057002,-15.881246,0.834622,0.1163389653,0.8296111846,0.006659921
1.225739,1.380373,-14.133371,-2.760816,0.1184674157,0.8764370913,-0.0242026084
1.226788,2.175356,-8.111585,-6.046427,0.0641919328,1.1499429558,-0.0965699189
1.227837,0.011368,-5.549632,-2.518238,-0.0060469273,1.42132037,-0.1614876533
1.228886,-2.080566,-6.323006,3.077868,0.0067237745,1.4468617737,-0.1551023023
1.229903,-2.015719,-7.201732,2.484633,0.0705772837,1.338310808,-0.1072121704
1.230952,-0.906105,-9.998331,4.43006,0.1163389653,1.1424933797,0.0045314707
1.232001,0.020975,-10.915367,2.153189,0.1184674157,0.9892449576,0.0300728744
1.23305,0.679058,-14.164498,0.359073,0.1088893893,0.8540883631,0.0151737222
1.2341,1.803083,-15.088716,-3.281998,0.0918617868,0.8966573692,-0.0188814827
1.235117,2.288239,-9.598475,-6.606037,0.0450358801,1.1893192865,-0.076349641
1.236166,-0.053479,-5.654983,-2.645531,-0.0113680531,1.4543113498,-0.1412673753
1.237215,-2.008514,-6.646243,2.390964,0.0003384236,1.4404764228,-0.152973852
1.238264,-1.693883,-8.121162,2.482231,0.0780268598,1.3138336295,-0.111469071
1.239281,-1.415278,-8.437216,2.83529,0.1301738923,1.2425305442,-0.0561293631
1.24033,-1.11746,-9.064535,4.264338,0.1397519187,1.1659063331,-0.0050465557
1.241379,-0.279245,-11.497194,3.31324,0.141880369,1.0413919901,0.0247517486
1.242428,0.393249,-14.119005,0.813006,0.1323023427,0.9221987729,0.0173021725
1.243448,1.536487,-13.716755,-3.572612,0.0886691114,0.9583824282,-0.0146245821
1.244495,2.396318,-9.306365,-6.490753,0.023751377,1.2350809681,-0.0667716146
1.245543,0.321196,-6.562441,-3.817591,-0.0358452316,1.4926234553,-0.1359462496
1.246592,-2.106986,-8.022994,1.40384,-0.0401021322,1.4649536013,-0.159359203
1.247642,-1.874015,-7.797925,3.334856,0.0492927807,1.3159620798,-0.1231755477
1.248659,-1.513751,-7.740461,2.511052,0.1269812169,1.2393378687,-0.0699642901
1.249708,-1.54017,-10.11326,4.509318,0.1472014948,1.1605852073,-0.007175006
1.250757,-0.639509,-11.537897,4.725477,0.1674217727,1.040327765,0.0428435762
1.251806,0.378838,-12.438173,1.278948,0.1674217727,0.9275198987,0.0332655499
1.252825,1.514871,-12.77817,-3.176321,0.1110178396,0.9232629981,-0.0231383833
1.253872,2.509201,-10.584947,-6.85582,0.0301367279,1.1627136577,-0.0795423164
1.254921,0.827968,-7.386097,-4.511701,-0.0347810065,1.4777243031,-0.1295608987
1.255971,-1.96288,-7.673419,0.618463,-0.045423258,1.5171006338,-0.1444600508
1.256987,-2.102182,-8.465948,3.068261,0.0301367279,1.3489530595,-0.1104048459
1.258037,-1.393662,-9.311153,3.935297,0.134430793,1.1467502804,-0.0114319066
1.259086,-0.810034,-12.093386,5.587709,0.1525226206,1.0339424141,0.0311370995
1.261184,1.084956,-11.454095,-1.68963,0.1269812169,0.9370979251,-0.0220741581
1.260135,0.141064,-13.300138,3.202759,0.1663575476,0.9477401766,0.0322013247
1.262202,2.22099,-9.394955,-6.47394,0.0386505291,1.1116308503,-0.090184568
1.26325,1.262686,-8.729327,-5.666948,-0.0347810065,1.4383479725,-0.1370104747
1.264299,-1.549777,-8.525807,-1.069975,-0.0571297347,1.5724403418,-0.1497811766
1.265348,-2.171833,-8.169049,2.513454,-0.0081753776,1.4202561448,-0.1242397729
1.266366,-1.372047,-7.460322,3.075466,0.0822837604,1.255301246,-0.0827349919
1.267415,-1.429689,-9.160309,3.029833,0.1269812169,1.1541998564,-0.0305879594
1.268464,-1.139076,-12.016767,5.388363,0.1450730445,1.0445846656,0.0300728744
1.269513,-0.031863,-13.034365,3.901672,0.1706144482,0.9530613024,0.0545500529
1.27053,1.320329,-11.810853,-1.223688,0.1514583954,0.9328410245,0.0077241462
1.271579,2.509201,-9.847487,-5.76542,0.0663203831,1.0860894466,-0.0752854158
1.272628,1.603737,-7.699757,-6.058435,-0.0230745298,1.3989716418,-0.1348820244
1.273677,-1.232744,-7.091592,-1.420633,-0.0486159335,1.5586054148,-0.152973852
1.274697,-2.368778,-9.141155,1.807336,0.0024668739,1.4319626215,-0.1210470974
1.275744,-1.609821,-9.399744,2.388562,0.0812195353,1.2595581466,-0.0657073894
1.276793,-1.223137,-9.172281,2.816076,0.120595866,1.1403649294,-0.0135603569
1.277841,-0.87248,-11.334378,4.768708,0.1376234684,1.0286212883,0.0258159738
1.278891,-0.147148,-13.767036,4.52613,0.1578437463,0.9679604545,0.0407151259
1.279908,0.996091,-12.205921,0.138111,0.1440088193,0.9913734079,0.0013387952
1.280957,2.281034,-8.47792,-5.22022,0.0673846083,1.1552640816,-0.0891203428
1.282005,1.34915,-7.960741,-5.875902,-0.0230745298,1.4521828994,-0.1614876533
1.283055,-2.457643,-7.886516,0.781783,0.0152375758,1.4958161307,-0.1348820244
1.284074,-1.751525,-8.79158,1.617596,0.0769626347,1.2925491264,-0.0848634422
1.285121,-1.379252,-9.715798,3.09468,0.1152747402,1.1275942276,-0.0273952839
1.28617,-1.110255,-11.449307,4.067394,0.134430793,0.9796669312,0.0226232983
1.287219,-0.219201,-13.539573,4.581371,0.1503941703,0.8902720183,0.0492289272
1.288236,1.248276,-12.43099,1.019558,0.1461372696,0.9083638459,0.0236875235
1.289285,2.809421,-8.894537,-5.064106,0.0737699592,1.0914105724,-0.0699642901
1.290334,1.89435,-7.881727,-5.702975,-0.0252029801,1.4245130455,-0.1646803287
1.291383,-1.100647,-7.309478,-0.440714,-0.0379736819,1.6299085001,-0.1859648318
1.292432,-2.563321,-7.750038,0.640079,0.0226871518,1.5479631633,-0.1508454017
1.29345,-2.032531,-9.313548,0.70973,0.0833479856,1.3510815099,-0.0955056937
1.294499,-1.585803,-9.859459,2.410178,0.1163389653,1.1541998564,-0.0369733103
1.295547,-1.36244,-11.202689,3.493373,0.1291096672,0.9647677791,0.0183663977
1.296597,-0.32728,-12.715917,4.699057,0.1397519187,0.8594094889,0.0534858278
1.297614,1.281901,-13.242674,1.809737,0.1365592433,0.888143568,0.0396509008
1.298663,2.869465,-10.745368,-4.276328,0.0780268598,1.1020528239,-0.0454871115
1.299711,2.245007,-6.854552,-5.79184,-0.0241387549,1.4713389522,-0.1614876533
1.300761,-0.882087,-5.824982,-0.001191,-0.0464874832,1.6969546848,-0.2136346858
1.301778,-2.805899,-7.625532,1.190083,0.0216229267,1.6245873743,-0.1849006066
1.302827,-2.49367,-9.675094,-0.234162,0.0833479856,1.4266414958,-0.1210470974
1.303876,-1.931657,-10.398188,2.41258,0.1163389653,1.213796465,-0.0508082373
1.304925,-1.605018,-10.786072,3.061055,0.1312381175,0.9903091828,0.0162379474
1.305974,-0.682741,-11.918599,3.971323,0.1333665678,0.818968933,0.0630638542
1.306991,1.060938,-13.446193,2.904941,0.1301738923,0.7870421784,0.0662565296
1.30804,3.371434,-11.430152,-3.517371,0.0822837604,0.9998872091,0.0024030204
1.309089,3.246542,-7.199338,-6.666081,-0.0252029801,1.4287699461,-0.117854422
1.310139,-2.529696,-6.904833,2.390964,-0.0166891789,1.6660921553,-0.1955428582
1.311156,-1.910041,-8.60482,-0.459928,0.0695130586,1.4894307798,-0.1487169514
1.312205,-1.746722,-10.956071,1.689649,0.1163389653,1.2978702522,-0.0848634422
1.313254,-1.883622,-11.851557,3.445337,0.1429445942,1.0648049435,-0.0082392311
1.314303,-1.1727,-11.425363,3.21717,0.1525226206,0.846638787,0.0524216026
1.315323,0.386043,-12.648875,2.79446,0.1461372696,0.7370235962,0.0715776554
1.316369,3.059205,-12.512397,-2.515836,0.1035682635,0.8806939919,0.0311370995
1.317418,4.118382,-7.793136,-6.762152,0.0024668739,1.3212832055,-0.076349641
1.318467,0.491721,-5.542449,-1.973038,-0.0762857875,1.7033400357,-0.1774510306
1.319516,-2.500875,-6.452301,3.041841,-0.0347810065,1.7235603136,-0.1934144079
1.320534,-2.246288,-8.360597,0.24619,0.0609992574,1.5522200639,-0.152973852
1.321583,-2.118995,-10.778889,0.844229,0.1131462899,1.3606595362,-0.0933772434
1.322632,-2.265502,-11.573813,3.378088,0.1397519187,1.123337327,-0.0231383833
1.323681,-1.516152,-12.246625,2.796862,0.1514583954,0.8775013165,0.0407151259
1.3247,0.097832,-13.051126,2.974592,0.1546510709,0.7348951459,0.0651923045
1.325747,2.497192,-12.153245,-1.435043,0.128045442,0.8338680852,0.0279444241
1.326796,3.722091,-8.597637,-5.880705,0.0343936285,1.2244387166,-0.0646431643
1.327845,0.770325,-5.743574,-2.292472,-0.0613866353,1.6128808977,-0.1582949778
1.328863,-2.200655,-5.848925,2.621533,-0.0571297347,1.6788628572,-0.1880932821
1.329912,-1.893229,-7.869755,1.559954,0.0301367279,1.5437062627,-0.159359203
1.33096,-1.585803,-10.01988,0.620865,0.0939902371,1.3957789663,-0.1072121704
1.332009,-2.025326,-11.260153,2.724809,0.1184674157,1.1988973129,-0.0454871115
1.333059,-1.725106,-12.969718,2.804067,0.1365592433,0.9551897527,0.0194306229
1.334075,-0.363307,-13.829289,2.318911,0.1525226206,0.7710788011,0.0588069535
1.335125,2.069679,-12.332821,-0.861022,0.1301738923,0.7987486551,0.0396509008
1.336174,1.579719,-5.81301,-2.964966,-0.0486159335,1.5681834412,-0.1327535741
1.337223,-1.763534,-5.458646,2.29009,-0.0635150856,1.7033400357,-0.1785152557
1.33824,-1.92205,-7.120324,2.239653,0.0152375758,1.5926606197,-0.1625518784
1.339289,-1.629035,-9.378195,0.435929,0.0854764359,1.4511186743,-0.1167901968
1.340338,-2.010915,-11.226632,2.150788,0.1088893893,1.2627508221,-0.0571935882
1.341387,-1.842792,-13.534784,2.772844,0.128045442,1.0179790368,0.0087883713
1.342404,-0.77641,-14.621818,1.917817,0.1461372696,0.8179047079,0.0556142781
1.343453,1.800681,-12.320849,-1.017137,0.1291096672,0.8147120324,0.0407151259
1.344502,3.868598,-8.748481,-5.157775,0.051421231,1.1318511282,-0.0369733103
1.345551,1.805485,-5.654983,-2.671951,-0.0422305825,1.5564769645,-0.1199828723
1.346571,-1.729909,-5.595124,2.342929,-0.0645793108,1.7033400357,-0.1561665275
1.347618,-2.162226,-7.352576,2.691184,0.0014026488,1.5990459707,-0.1423316005
1.348666,-1.614625,-9.160309,0.81781,0.0673846083,1.4575040252,-0.104019495
1.349715,-1.874015,-11.116492,1.850567,0.092926012,1.2744572988,-0.0529366876
1.350764,-1.818774,-13.271406,2.837692,0.1099536144,1.0381993147,-0.0039823305
1.351782,-0.937328,-14.942661,1.576766,0.1354950181,0.8434461116,0.0236875235
1.352831,1.123384,-12.579439,-0.733729,0.1397519187,0.8210973833,-0.0007896551
1.35388,2.979946,-8.442005,-4.506897,0.072705734,1.081832546,-0.0635789391
1.354929,1.865529,-5.918361,-3.135491,-0.0209460795,1.4958161307,-0.1167901968
1.355949,-1.153486,-5.815404,1.468687,-0.0496801586,1.7044042609,-0.1327535741
1.356995,-2.253493,-7.680602,2.463017,-0.0060469273,1.6267158246,-0.1167901968
1.358044,-1.59541,-8.762847,1.71847,0.0546139064,1.4734674025,-0.0869918925
1.359093,-1.218334,-9.478758,1.384625,0.086540661,1.2946775767,-0.0571935882
1.36011,-1.225539,-13.16366,1.913013,0.0950544623,1.0626764932,-0.0337806348
1.361159,-0.826847,-16.580396,2.023494,0.1248527666,0.8753728662,-0.0061107808
1.362208,2.989553,-8.46116,-5.174587,0.0886691114,1.1126950754,-0.0657073894
1.363258,1.779065,-6.25357,-3.546192,-0.0081753776,1.5224217596,-0.1199828723
1.364306,-1.215932,-4.907946,1.725676,-0.0337167813,1.7267529891,-0.1295608987
1.365326,-2.236681,-6.466667,2.880923,0.0120449003,1.636293851,-0.1093406207
1.366372,-1.686677,-9.110028,2.102752,0.058870807,1.4819812038,-0.0742211907
1.367421,-1.235146,-10.405371,1.891397,0.0812195353,1.3010629276,-0.0380375354
1.368471,-0.862873,-12.368736,1.816943,0.0897333365,1.0605480429,-0.0220741581
1.369488,-0.555447,-15.99378,1.833755,0.106760939,0.8721801907,-0.0188814827
1.370536,0.424471,-14.418299,0.294225,0.1376234684,0.8381249858,-0.0242026084
1.371586,2.007233,-8.027782,-3.995322,0.1120820647,1.0286212883,-0.0699642901
1.372635,1.752646,-5.925544,-4.53812,0.0131091254,1.4106781185,-0.1167901968
1.373652,-0.651518,-6.437935,0.522393,-0.0390379071,1.6767344069,-0.1157259717
1.374701,-2.243886,-6.560047,2.652756,-0.0092396028,1.636293851,-0.0923130183
1.37575,-1.804364,-7.776376,2.448606,0.0333294034,1.4755958528,-0.0689000649
1.376799,-1.069425,-10.077345,2.63114,0.0620634825,1.3074482786,-0.0433586612
1.377848,-0.764401,-13.089435,2.100351,0.0758984095,1.0999243736,-0.0327164097
1.378865,-0.536233,-15.840542,1.627203,0.092926012,0.9243272232,-0.0380375354
1.379914,0.294776,-13.716755,0.385492,0.134430793,0.8796297668,-0.048679787
1.380963,1.882341,-8.717355,-3.930474,0.1248527666,1.0520342417,-0.0880561177
1.382012,1.843913,-7.52018,-5.515637,0.0365220788,1.4170634694,-0.1327535741
1.383029,-0.493002,-6.466667,-0.005995,-0.0103038279,1.6554499038,-0.1380746999
1.384078,-2.106986,-5.429914,2.554284,0.0194944764,1.5979817455,-0.1157259717
1.385128,-1.753927,-7.656658,2.42699,0.0578065819,1.4596324755,-0.0816707667
1.386177,-1.124665,-9.981571,3.181144,0.0822837604,1.3372465829,-0.0316521845
1.387196,-0.69475,-11.29128,2.210832,0.0897333365,1.1690990086,0.0055956959
1.388243,0.76312,-15.208434,-0.126083,0.1131462899,0.9477401766,-0.007175006
1.389292,2.187365,-10.81241,-4.153838,0.1025040383,1.1052454994,-0.0593220385
1.390341,1.610942,-7.340604,-5.04249,0.0280082776,1.4234488203,-0.1338177993
1.391389,-0.990166,-7.132296,0.342261,-0.0134965034,1.6096882222,-0.159359203
1.392407,-2.162226,-6.129064,2.813674,0.0290725027,1.5490273884,-0.1327535741
1.393456,-1.809167,-6.964692,1.917817,0.0737699592,1.4266414958,-0.0933772434
1.394505,-1.32161,-9.691855,3.767174,0.0907975617,1.3223474307,-0.0391017606
1.395554,-0.634706,-10.661566,3.570229,0.1014398132,1.1882550613,0.0098525965
1.396574,-0.111121,-12.524369,1.615195,0.100375588,1.0360708644,0.0194306229
1.39762,0.755915,-15.431108,-0.865826,0.0971829126,0.9626393288,0.0002745701
1.398669,2.237802,-12.553101,-5.100132,0.0748341844,1.1148235257,-0.0433586612
1.399718,1.361159,-7.477082,-5.755813,0.0014026488,1.4287699461,-0.1263682232
1.400735,-1.379252,-6.742017,-0.044423,-0.0390379071,1.5703118915,-0.17319413
1.401784,-2.090173,-6.758778,3.169135,0.023751377,1.4819812038,-0.1519096269
1.402833,-1.657856,-7.41004,2.088342,0.0971829126,1.3947147412,-0.104019495
1.403883,-1.45851,-9.483546,3.783986,0.1269812169,1.338310808,-0.0422944361
1.4049,-0.807633,-10.082134,4.096215,0.1408161439,1.2223102663,0.0141094971
1.405951,-0.060684,-10.563398,2.124368,0.1333665678,1.0648049435,0.0300728744
1.406998,0.972073,-13.71436,-0.841808,0.0971829126,0.9743458055,0.0109168216
1.408047,2.516406,-14.973788,-5.460397,0.0471643304,1.1190804264,-0.0252668336
1.409096,1.714218,-10.383821,-5.681359,-0.0156249537,1.4511186743,-0.1008268195
1.410113,-1.201521,-6.430752,-0.690497,-0.0603224102,1.6064955467,-0.17319413
1.412211,-1.84039,-6.904833,2.410178,0.0812195353,1.4000358669,-0.1274324483
1.41326,-1.70349,-9.2489,3.402106,0.1248527666,1.3585310859,-0.0561293631
1.414278,-0.946935,-10.086922,5.143383,0.1461372696,1.2712646233,0.0119810468
1.411162,-2.114191,-5.801038,3.178742,-0.0124322782,1.5000730314,-0.1774510306
1.415326,0.705478,-12.873944,-0.102065,0.1259169917,1.0254286128,0.0311370995
1.416376,2.11291,-15.220406,-5.030481,0.0673846083,1.0701260693,-0.0093034563
1.417425,2.288239,-11.260153,-6.959096,-0.0071111525,1.3564026356,-0.0827349919
1.418444,-0.279245,-5.585547,-2.03068,-0.0624508605,1.5756330173,-0.1657445539
1.419491,-2.171833,-5.860897,2.700791,-0.031588331,1.5085868326,-0.1849006066
1.42054,-2.143012,-8.262429,2.940967,0.0695130586,1.3840724896,-0.131689349
1.421589,-1.917247,-9.497912,2.813674,0.1312381175,1.3351181325,-0.0508082373
1.422638,-1.326413,-9.691855,4.835958,0.1525226206,1.2648792724,0.020494848
1.423656,-0.298459,-10.438891,3.589443,0.162100647,1.1488787307,0.0545500529
1.424705,0.854387,-12.474088,0.078067,0.141880369,1.0520342417,0.0322013247
1.425754,2.105705,-13.735909,-4.437246,0.072705734,1.1031170491,-0.0188814827
1.426803,2.184963,-11.121281,-6.505163,-0.0113680531,1.3649164368,-0.0752854158
1.427822,-0.039069,-6.737229,-2.756012,-0.0603224102,1.59478907,-0.1402031502
1.428869,-1.926854,-7.151451,1.439866,-0.0432948077,1.5628623154,-0.1636161036
1.429918,-1.732311,-8.305527,3.212366,0.0492927807,1.4277057209,-0.125303998
1.430967,-1.561786,-8.142711,2.487034,0.120595866,1.3564026356,-0.062514714
1.431984,-1.547375,-9.873825,4.516523,0.141880369,1.2882922258,0.0002745701
1.433033,-0.66833,-11.832402,5.306703,0.1631648721,1.1850623859,0.048164702
1.434082,0.522944,-12.239442,1.262136,0.1631648721,1.0935390227,0.0417793511
1.435131,1.622951,-11.753389,-3.476541,0.1014398132,1.1105666251,-0.0220741581
1.43618,2.110509,-10.975226,-6.735732,0.00991645,1.3212832055,-0.0912487931
1.4372,0.532551,-7.750038,-3.918465,-0.0486159335,1.5745687921,-0.1433958257
1.438247,-1.773141,-6.80427,0.315841,-0.045423258,1.6022386461,-0.1614876533
1.439295,-1.876417,-8.767636,2.945771,0.0365220788,1.4638893761,-0.1231755477
1.440344,-1.513751,-9.450025,3.164331,0.1376234684,1.2457232196,-0.0039823305
1.441362,-1.021389,-11.89705,5.340328,0.1472014948,1.1201446515,0.0460362517
1.442411,0.424471,-13.132534,2.537471,0.162100647,1.0530984668,0.0545500529
1.44346,1.97601,-11.535503,-3.272391,0.120595866,1.1158877509,-0.0050465557
1.444509,2.526013,-9.136366,-6.84141,0.0216229267,1.3553384105,-0.0891203428
1.445526,0.542158,-7.046099,-3.791172,-0.045423258,1.6118166725,-0.1412673753
1.446577,-2.027728,-7.235253,0.186146,-0.0347810065,1.6320369504,-0.1444600508
1.447624,-2.097379,-9.483546,1.63681,0.0343936285,1.4734674025,-0.1082763956
1.448673,-1.343225,-9.871431,2.861709,0.1078251641,1.3351181325,-0.048679787
1.449722,-1.360038,-9.641573,3.387695,0.1408161439,1.2223102663,0.0087883713
1.450739,-0.886891,-11.305646,4.946439,0.1535868457,1.1105666251,0.0439078014
1.451788,0.09543,-13.53239,3.644684,0.1663575476,1.0562911423,0.0407151259
1.452837,1.435613,-11.475644,-1.68963,0.134430793,1.1190804264,-0.0199457078
1.453886,2.473175,-8.336653,-6.298612,0.0386505291,1.352145735,-0.1135975214
1.454903,0.806352,-7.797925,-4.141829,-0.0390379071,1.650128778,-0.1657445539
1.455953,-1.970085,-7.287929,0.169334,-0.0305241059,1.7288814394,-0.1551023023
1.457001,-2.33035,-8.283978,0.85864,0.0312009531,1.5607338651,-0.1125332962
1.458051,-1.549777,-9.45242,2.246858,0.0907975617,1.3670448872,-0.0582578134
1.45907,-1.415278,-10.048613,3.145117,0.1216600911,1.206346889,-0.0018538802
1.460117,-0.937328,-11.865923,4.182678,0.1354950181,1.0520342417,0.0428435762
1.461165,0.157876,-13.403095,3.988136,0.1514583954,0.9647677791,0.0545500529
1.462214,1.795878,-11.257759,-0.894647,0.1365592433,1.0243643877,0.0087883713
1.463263,2.970339,-8.118768,-5.947954,0.0567423567,1.2861637755,-0.0880561177
1.46428,1.212249,-7.939192,-4.451657,-0.0220103046,1.6352296259,-0.1561665275
1.46533,-1.720302,-7.740461,0.097281,-0.0134965034,1.7661293198,-0.1551023023
1.466379,-2.486464,-7.979895,0.392698,0.0503570058,1.6213946989,-0.1167901968
1.467427,-1.641044,-11.085366,3.111492,0.1365592433,1.2372094184,-0.0135603569
1.468447,-1.112656,-12.196343,4.028966,0.1525226206,1.0648049435,0.0407151259
1.469493,-0.039069,-12.232259,4.028966,0.1525226206,0.9732815803,0.0588069535
1.470543,1.735834,-11.439729,0.104486,0.1323023427,1.0413919901,0.0162379474
1.471591,3.042392,-9.299182,-5.311487,0.0631277077,1.3255401062,-0.0816707667
1.472609,1.212249,-7.867361,-4.444451,-0.0198818543,1.6937620093,-0.1689372293
1.473657,-1.746722,-6.550469,0.885059,-0.0103038279,1.8353039548,-0.1859648318
1.474707,-2.584937,-7.11793,0.099683,0.0567423567,1.6990831351,-0.1540380772
1.475756,-2.217467,-10.007909,0.452742,0.1025040383,1.4841096541,-0.0965699189
1.476773,-1.960478,-11.047056,3.125903,0.1354950181,1.2680719479,-0.0242026084
1.477824,-1.475322,-11.138041,2.8497,0.1450730445,1.0499057914,0.0396509008
1.478871,-0.209594,-12.18916,4.038573,0.141880369,0.8998500447,0.0737061057
1.47992,1.848716,-12.756621,1.139646,0.1333665678,0.9243272232,0.0566785032
1.480968,3.702877,-10.716636,-5.056901,0.0684488334,1.213796465,-0.0284595091
1.481986,2.218588,-7.544124,-4.735065,-0.0209460795,1.6373580762,-0.1348820244
1.483035,-1.266369,-5.446675,1.031566,-0.0230745298,1.8353039548,-0.1849006066
1.484084,-2.433625,-6.574413,1.302966,0.0503570058,1.7363310155,-0.1700014545
1.485133,-2.145414,-9.933684,-0.142895,0.1046324887,1.5479631633,-0.117854422
1.48615,-2.020522,-11.298463,2.511052,0.1323023427,1.3319254571,-0.0465513367
1.487201,-1.638642,-11.403814,2.974592,0.1461372696,1.0935390227,0.020494848
1.488248,-0.634706,-12.105358,3.445337,0.14826572,0.9126207465,0.0662565296
1.489297,1.265088,-13.178026,1.961048,0.1440088193,0.8892077932,0.0694492051
1.490317,3.419469,-11.628883,-3.973706,0.092926012,1.1403649294,0.0098525965
1.491363,2.569245,-7.196943,-5.50603,-0.0103038279,1.580954143,-0.1008268195
1.492412,-0.894096,-4.814567,0.308636,-0.0550012844,1.8267901535,-0.1817079312
1.493461,-1.801962,-9.682277,0.092477,0.0918617868,1.6022386461,-0.1359462496
1.49451,-1.977291,-11.580996,1.934629,0.1354950181,1.4159992442,-0.0646431643
1.495527,-1.910041,-11.743811,2.981797,0.1578437463,1.172291684,0.0077241462
1.496577,-0.982961,-12.136485,2.828085,0.162100647,0.943483276,0.0651923045
1.497625,0.849583,-12.780564,1.901004,0.1567795212,0.8455745619,0.0768987812
1.498674,3.400255,-11.504377,-3.226758,0.1110178396,1.0339424141,0.0247517486
1.499694,3.409862,-7.742855,-5.808652,0.0067237745,1.4873023295,-0.0752854158
1.50074,-0.192781,-5.379633,-0.488749,-0.0603224102,1.8129552265,-0.1561665275
1.501789,-2.106986,-5.999769,3.137912,-0.0124322782,1.7959276241,-0.1678730042
1.502838,-1.70349,-9.059747,0.267806,0.0748341844,1.6469361026,-0.131689349
1.503855,-1.871613,-11.070999,1.168467,0.1259169917,1.4819812038,-0.0710285152
1.504904,-2.034933,-11.138041,2.691184,0.1503941703,1.2521085706,-0.0114319066
1.505954,-1.427287,-13.319293,2.042708,0.1599721966,1.0094652355,0.0375224505
1.507002,0.035386,-14.509284,2.220439,0.1716786733,0.8785655416,0.0630638542
1.508051,2.610075,-11.209872,-2.583086,0.1376234684,1.0073367852,0.0311370995
1.509071,3.503531,-6.955114,-5.835072,0.0322651782,1.42132037,-0.0571935882
1.510117,0.292375,-5.183296,-0.796175,-0.0496801586,1.7810284719,-0.1370104747
1.512215,-1.811569,-8.116373,1.423054,0.058870807,1.6767344069,-0.1274324483
1.511166,-2.169432,-5.875263,3.207563,-0.0262672052,1.8076341008,-0.1551023023
1.513232,-1.746722,-10.434103,1.026763,0.1099536144,1.5266786602,-0.076349641
1.514281,-2.034933,-12.076626,2.823281,0.1291096672,1.3095767289,-0.0167530324
1.51533,-1.568991,-14.219568,2.393366,0.1525226206,1.0594838178,0.0353940002
1.516379,-0.04147,-14.190836,1.523928,0.1716786733,0.8955931441,0.0524216026
1.517396,2.345881,-10.963254,-1.941815,0.141880369,0.9679604545,0.0098525965
1.518447,3.597199,-7.125113,-4.975241,0.0450358801,1.3457603841,-0.0614504888
1.519494,-1.924452,-6.507371,2.544677,-0.0283956555,1.8480746566,-0.125303998
1.520543,-1.998907,-8.767636,2.299697,0.0418432046,1.7161107376,-0.0944414686
1.521592,-1.508947,-9.212985,0.774578,0.0907975617,1.5405135872,-0.0603862637
1.522609,-1.643446,-11.078183,1.879388,0.1035682635,1.3180905301,-0.0305879594
1.523658,-1.448903,-15.390404,2.614328,0.1227243163,1.0775756454,0.0013387952
1.524707,-0.589072,-15.55322,1.264537,0.1589079715,0.9232629981,0.0183663977
1.525756,1.202642,-9.569743,-1.367794,0.155715296,0.9605108785,-0.0156888072
1.527824,1.322731,-6.34695,-2.268455,-0.0134965034,1.6788628572,-0.0997625944
1.526773,2.722958,-6.191317,-4.533316,0.0716415089,1.2723288485,-0.0710285152
1.528871,-1.667463,-7.247225,1.884192,-0.0241387549,1.8204048026,-0.1008268195
1.52992,-2.102182,-8.020599,2.539873,0.0248156021,1.6969546848,-0.0848634422
1.530937,-1.139076,-8.135528,1.451875,0.079091085,1.5362566866,-0.062514714
1.531986,-1.052612,-10.412554,1.351001,0.0982471377,1.3489530595,-0.0433586612
1.533036,-1.184709,-15.713641,2.184412,0.1110178396,1.1286584527,-0.0242026084
1.534084,-0.6275,-16.63786,1.588775,0.1546510709,0.9881807325,-0.0018538802
1.535101,1.140197,-10.118049,-1.619979,0.1674217727,1.0243643877,-0.0167530324
1.53615,2.542826,-6.239204,-5.12415,0.0897333365,1.3074482786,-0.0720927404
1.537201,1.125786,-6.564835,-2.655138,0.0014026488,1.6895051087,-0.1008268195
1.538248,-1.576196,-6.483428,1.711265,-0.0103038279,1.8278543787,-0.0912487931
1.539297,-2.051745,-6.715679,2.573498,0.0312009531,1.7065327112,-0.0731569655
1.540317,-1.259164,-8.200176,2.230046,0.0748341844,1.5426420375,-0.0550651379
1.541363,-1.151084,-11.78691,2.073931,0.0982471377,1.3457603841,-0.03484486
1.542412,-1.088639,-15.919555,2.429392,0.1088893893,1.1244015521,-0.0178172575
1.543461,-0.423351,-15.450263,1.766506,0.1386876936,0.9881807325,-0.0093034563
1.544478,1.368364,-9.936078,-1.550328,0.1578437463,1.0179790368,-0.0327164097
1.545527,0.868797,-7.493843,-2.472605,0.0056595494,1.6533214535,-0.1167901968
1.546578,-1.511349,-5.985403,2.018691,0.0035310991,1.774643121,-0.0997625944
1.547625,-1.936461,-6.208077,2.006682,0.0471643304,1.6628994799,-0.0784780913
1.548642,-1.424885,-9.078901,2.499043,0.0769626347,1.5277428854,-0.0465513367
1.549694,-0.939729,-10.872269,2.407776,0.0950544623,1.3702375626,-0.0114319066
1.55074,-0.608286,-13.529996,1.54074,0.1025040383,1.1733559092,-0.007175006
1.551789,-0.375315,-15.82857,1.780916,0.1237885414,1.040327765,-0.0167530324
1.552838,1.000894,-11.686347,-1.240501,0.1472014948,1.0658691687,-0.0359090851
1.553855,2.437148,-7.675813,-5.654939,0.0961186874,1.3191547552,-0.0955056937
1.554904,0.976877,-8.425244,-3.423702,0.0120449003,1.6714132811,-0.1359462496
1.555953,-1.511349,-6.610328,1.720872,0.0024668739,1.7980560744,-0.1231755477
1.557002,-2.159825,-5.049213,2.362143,0.0450358801,1.6724775063,-0.0986983692
1.558019,-1.78515,-8.075669,2.789656,0.0748341844,1.5213575344,-0.0657073894
1.55907,-1.299994,-10.845931,3.459748,0.092926012,1.3755586884,-0.0124961318
1.560117,-0.629902,-11.58339,2.335723,0.1025040383,1.1903835117,0.0183663977
1.561166,-0.075095,-14.123794,1.197288,0.1088893893,1.040327765,0.0087883713
1.562183,0.972073,-14.789423,-1.252509,0.120595866,1.0413919901,-0.0178172575
1.563232,2.208981,-10.419737,-5.140962,0.0950544623,1.2648792724,-0.076349641
1.564281,1.058537,-7.843418,-4.475674,0.023751377,1.5926606197,-0.1412673753
1.56533,-1.307199,-6.526526,1.346197,-0.0017900267,1.7427163664,-0.1497811766
1.566379,-2.063754,-5.149775,2.948173,0.0482285555,1.6671563805,-0.1231755477
1.567396,-1.722704,-7.010184,2.604721,0.0886691114,1.5607338651,-0.0848634422
1.568447,-1.273574,-9.998331,3.985734,0.1014398132,1.4564398001,-0.0284595091
1.569494,-0.605884,-11.128464,3.034636,0.1131462899,1.2978702522,0.0215590732
1.570543,-0.003042,-12.950563,1.331787,0.1152747402,1.130786903,0.0279444241
1.57156,0.98168,-15.680121,-1.622381,0.1099536144,1.0701260693,0.006659921
1.572609,1.409194,-7.323844,-5.174587,0.0056595494,1.5660549909,-0.1433958257
1.573658,-1.501742,-5.654983,1.228511,-0.0220103046,1.6799270823,-0.1849006066
1.574707,-2.30393,-6.078783,3.411713,0.0482285555,1.59478907,-0.1540380772
1.575723,-1.830783,-7.44835,2.165198,0.106760939,1.5213575344,-0.0965699189
1.576773,-1.496938,-9.63439,4.158661,0.1195316408,1.4436690982,-0.0284595091
1.577824,-0.713964,-10.453258,3.747959,0.1301738923,1.3138336295,0.0300728744
1.578871,0.191501,-11.439729,1.54074,0.1237885414,1.1680347834,0.0449720265
1.57992,1.284302,-15.045618,-2.013868,0.0876048862,1.1009885987,0.0226232983
1.580937,2.48038,-14.629002,-6.140095,0.037586304,1.2797784246,-0.0284595091
1.581985,1.140197,-7.920037,-4.763886,-0.0283956555,1.5990459707,-0.1221113226
1.583035,-1.576196,-4.850482,0.486366,-0.0581939599,1.7012115854,-0.1902217324
1.584084,-2.131003,-6.811453,3.418918,0.0173660261,1.5862752688,-0.1721299048
1.585101,-1.806766,-8.671862,2.46782,0.1046324887,1.504329932,-0.104019495
1.58615,-1.549777,-9.588898,3.851235,0.1354950181,1.4585682504,-0.0295237342
1.587202,-0.656321,-9.768474,4.643817,0.1535868457,1.3617237614,0.0279444241
1.588248,0.184295,-11.023113,1.961048,0.1503941703,1.220181816,0.0396509008
1.589265,1.087358,-14.28661,-1.475873,0.1120820647,1.1222731018,0.0119810468
1.590314,2.571647,-13.805346,-5.945553,0.0439716549,1.255301246,-0.0220741581
1.591363,2.074482,-7.479477,-5.998391,-0.0337167813,1.5852110437,-0.0944414686
1.592412,-0.836454,-5.60949,-1.161242,-0.0762857875,1.7405879161,-0.1657445539
1.59346,-2.080566,-9.071718,3.193152,-0.0198818543,1.6245873743,-0.1540380772
1.594478,-1.607419,-9.153126,3.21717,0.086540661,1.5064583823,-0.0869918925
1.595527,-1.532965,-8.305527,3.104287,0.134430793,1.4553755749,-0.0263310588
1.596578,-1.232744,-10.144387,5.229847,0.14826572,1.3670448872,0.0236875235
1.597625,0.741504,-12.857184,-0.849013,0.1461372696,1.1659063331,0.0045314707
1.598642,2.021643,-11.588179,-5.289872,0.0716415089,1.2478516699,-0.0593220385
1.599693,1.774262,-8.221725,-6.560404,-0.0134965034,1.5405135872,-0.1146617465
1.60074,-0.769204,-7.151451,-2.215616,-0.0581939599,1.7459090419,-0.1487169514
1.601789,-2.270306,-9.165098,2.352536,-0.0273314304,1.6554499038,-0.1284966735
1.602806,-1.633839,-8.317499,3.130707,0.0599350322,1.4947519056,-0.0774138661
1.603855,-1.393662,-7.963135,2.900137,0.1099536144,1.4064212178,-0.0305879594
1.604904,-1.251959,-11.111703,5.203427,0.1248527666,1.310640954,0.0162379474
1.605953,-0.257629,-13.412672,4.473292,0.1535868457,1.2255029417,0.0417793511
1.60697,0.671853,-11.870712,0.399903,0.1535868457,1.1829339356,0.0002745701
1.608019,1.695004,-9.83791,-4.437246,0.0822837604,1.2435947693,-0.0795423164
1.60907,1.932778,-9.447631,-6.666081,-0.0092396028,1.504329932,-0.1338177993
1.610117,-0.315271,-8.449188,-3.058635,-0.0518086089,1.7597439689,-0.152973852
1.611165,-2.205458,-8.334259,0.87305,-0.031588331,1.7363310155,-0.1380746999
1.612183,-1.609821,-7.623137,2.919351,0.0450358801,1.567119216,-0.0986983692
1.613232,-1.360038,-8.006233,2.63114,0.1035682635,1.4394121976,-0.0518724624
1.614281,-1.54017,-11.30804,4.345998,0.1184674157,1.3308612319,0.006659921
1.61533,-0.562653,-13.249857,5.458014,0.1429445942,1.2372094184,0.0588069535
1.616347,0.779932,-12.289723,1.17327,0.155715296,1.1850623859,0.0428435762
1.617396,2.07208,-9.603264,-4.057768,0.0950544623,1.2404020939,-0.0497440121
1.618447,2.249811,-8.272006,-6.373066,-0.0049827022,1.4830454289,-0.1359462496
1.619494,-0.00064,-7.891305,-2.751209,-0.0496801586,1.7448448167,-0.1604234281
1.620511,-2.219869,-8.722144,0.318243,-0.0241387549,1.7661293198,-0.1338177993
1.62156,-1.958077,-9.670306,1.961048,0.0386505291,1.5979817455,-0.0827349919
1.622609,-1.343225,-8.547356,2.967387,0.0961186874,1.4330268467,-0.0337806348
1.623658,-1.220736,-9.627207,3.402106,0.1184674157,1.2989344773,0.0045314707
1.624706,0.465301,-13.668868,2.825683,0.1397519187,1.1850623859,0.0247517486
1.625724,1.817494,-9.87622,-3.241168,0.0961186874,1.2840353252,-0.0422944361
1.626773,2.403523,-7.76201,-6.764554,0.0014026488,1.5607338651,-0.1295608987
1.627824,0.133858,-7.390886,-3.061036,-0.0539370592,1.8246617032,-0.1678730042
1.628871,-2.260699,-7.254408,0.335055,-0.0230745298,1.816147902,-0.1551023023
1.629888,-2.109388,-9.038198,0.62807,0.0439716549,1.6245873743,-0.111469071
1.630937,-1.460912,-10.249738,2.744023,0.100375588,1.4457975485,-0.0508082373
1.631986,-1.448903,-10.359878,3.397302,0.1291096672,1.2808426497,0.0098525965
1.633035,-0.843659,-11.604939,4.295561,0.1376234684,1.1403649294,0.0502931523
1.634053,0.39565,-13.546756,3.524596,0.1493299451,1.0946032478,0.0492289272
1.635101,2.314658,-11.391842,-2.499024,0.1184674157,1.2191175908,-0.0167530324
1.63615,3.095231,-7.742855,-6.795776,0.0120449003,1.545834713,-0.1263682232
1.637202,0.342812,-7.252013,-2.386141,-0.0560655095,1.8555242327,-0.1880932821
1.638248,-2.496071,-7.158634,1.283751,-0.017753404,1.8757445106,-0.1721299048
1.639265,-2.544107,-8.255246,-0.097262,0.0450358801,1.6831197578,-0.125303998
1.640315,-1.958077,-10.103683,2.150788,0.0886691114,1.4787885283,-0.0646431643
1.641364,-1.75873,-10.795649,3.433329,0.1163389653,1.2893564509,0.0024030204
1.642412,-0.992568,-11.51156,3.810405,0.1237885414,1.1180162012,0.0524216026
1.643429,0.378838,-12.756621,4.137045,0.128045442,1.0392635398,0.0609354038
1.644479,2.189767,-11.643249,-0.971503,0.1078251641,1.1361080288,0.006659921
1.645528,3.176891,-8.47792,-5.741403,0.0258798273,1.4575040252,-0.0986983692
1.646579,1.032117,-7.326238,-3.459729,-0.0496801586,1.8204048026,-0.1774510306
1.647593,-1.859604,-7.151451,0.743355,-0.031588331,1.9172492916,-0.1827721563
1.648643,-2.520089,-8.355808,0.219771,0.0343936285,1.7522943928,-0.1444600508
1.649694,-2.080566,-9.96481,1.144449,0.086540661,1.545834713,-0.0880561177
1.65074,-1.244753,-11.420574,3.101885,0.1248527666,1.1499429558,0.0279444241
1.65179,-0.070292,-13.450982,3.88486,0.1291096672,1.0286212883,0.0566785032
1.652807,2.055268,-12.708734,0.289422,0.1227243163,1.1009885987,0.0353940002
1.653856,3.674056,-8.161866,-5.479611,0.051421231,1.4234488203,-0.0550651379
1.654904,1.620549,-6.176951,-4.283533,-0.045423258,1.8140194517,-0.1604234281
1.655954,-1.681874,-6.835397,1.653623,-0.045423258,1.9427906953,-0.1902217324
1.656971,-2.37118,-7.797925,0.752962,0.0280082776,1.8076341008,-0.1572307527
1.65802,-1.994103,-9.761291,0.121299,0.0801553101,1.6235231492,-0.104019495
1.659071,-2.099781,-11.336772,2.993806,0.1088893893,1.4202561448,-0.0359090851
1.660118,-1.797159,-12.24423,2.801665,0.1237885414,1.1914477368,0.0322013247
1.662184,1.615746,-12.294512,0.733748,0.1237885414,1.040327765,0.0471004769
1.661135,-0.509814,-12.627326,3.442936,0.1301738923,1.0318139638,0.0683849799
1.663233,3.501129,-9.691855,-4.891179,0.0567423567,1.3180905301,-0.0380375354
1.664282,2.021643,-6.801876,-4.314756,-0.0411663574,1.7459090419,-0.1423316005
1.665299,-1.328815,-5.887235,1.17327,-0.0550012844,1.9491760462,-0.1859648318
1.666348,-2.219869,-7.105958,1.509517,0.0184302512,1.8608453585,-0.1689372293
1.667398,-1.773141,-9.852276,0.118897,0.0833479856,1.6937620093,-0.1210470974
1.668449,-1.912443,-11.173956,2.352536,0.1163389653,1.4958161307,-0.0571935882
1.669495,-1.833185,-11.765361,2.614328,0.1301738923,1.2499801203,0.0098525965
1.670513,-0.795624,-12.62972,2.861709,0.1333665678,1.0381993147,0.0577427284
1.671562,1.344346,-13.254645,1.041173,0.1269812169,0.9903091828,0.0566785032
1.672611,3.654842,-10.81241,-4.081785,0.0716415089,1.255301246,-0.0039823305
1.67366,2.526013,-6.260753,-4.70144,-0.0262672052,1.7097253866,-0.1018910447
1.674677,-1.151084,-5.429914,0.793792,-0.0645793108,1.9374695695,-0.1646803287
1.675726,-2.104584,-6.991029,2.664765,-0.0007258016,1.857652683,-0.1582949778
1.676775,-1.833185,-10.601707,1.824148,0.1078251641,1.5405135872,-0.0667716146
1.677827,-2.037335,-12.098175,2.780049,0.1237885414,1.3042556031,-0.0093034563
1.678842,-1.242351,-14.435059,2.210832,0.1376234684,1.0743829699,0.0428435762
1.67989,0.734299,-13.922669,1.415848,0.1472014948,0.9839238318,0.0534858278
1.680939,3.316193,-10.247344,-3.560603,0.0961186874,1.1765485847,0.0034672456
1.681989,3.24414,-6.08836,-4.703842,-0.0103038279,1.6203304737,-0.0806065416
1.683038,-0.219201,-4.910341,0.008416,-0.073093112,1.9449191456,-0.1433958257
1.684055,-2.104584,-6.95272,3.097082,-0.0305241059,1.9332126689,-0.1444600508
1.685104,-1.773141,-9.040592,1.283751,0.0535496813,1.7831569222,-0.1072121704
1.686153,-1.809167,-10.297625,0.829818,0.092926012,1.6107524473,-0.0614504888
1.687204,-1.917247,-11.801276,2.830486,0.1078251641,1.3723660129,-0.0167530324
1.688219,-1.446501,-14.923506,2.064324,0.128045442,1.1265300024,0.0247517486
1.689268,-0.043872,-14.607452,1.33659,0.1525226206,0.9935018582,0.0385866756
1.69032,2.259418,-9.421293,-2.100331,0.1248527666,1.0977959233,-0.0029181054
1.691366,3.200909,-5.997375,-5.044892,0.0248156021,1.4873023295,-0.0752854158
1.692383,0.525345,-6.18174,-0.937879,-0.0581939599,1.8725518351,-0.125303998
1.693432,-2.097379,-7.232859,2.811272,-0.0443590329,1.9289557683,-0.1274324483
1.694481,-1.806766,-7.869755,2.069128,0.0322651782,1.7810284719,-0.1050837201
1.69553,-1.446501,-9.332702,0.863443,0.079091085,1.608623997,-0.0731569655
1.696579,-1.689079,-11.956908,2.109958,0.0886691114,1.3893936154,-0.0327164097
1.697596,-1.309601,-15.584347,2.33092,0.1110178396,1.158456757,0.0087883713
1.698645,-0.031863,-15.055196,0.889862,0.14826572,1.0243643877,0.0258159738
1.699697,2.05767,-9.174675,-2.342909,0.1354950181,1.1095024,-0.0146245821
1.700743,3.023178,-5.894418,-4.835939,0.0407789794,1.4670820516,-0.0774138661
1.70176,0.80395,-6.375682,-1.081984,-0.0379736819,1.8363681799,-0.1093406207
1.702809,-1.859604,-7.852995,2.340527,-0.0294598807,1.912992391,-0.0997625944
1.703858,-1.227941,-8.106796,1.394233,0.0748341844,1.6480003277,-0.0550651379
1.704907,-1.352833,-11.001563,1.550347,0.0918617868,1.4564398001,-0.03484486
1.705924,-1.223137,-15.555614,2.378955,0.106760939,1.241466319,-0.0146245821
1.706974,-0.428154,-15.950682,1.180476,0.141880369,1.1158877509,0.0002745701
1.708022,1.392382,-10.156358,-2.227625,0.141880369,1.1808054853,-0.0284595091
1.709074,2.470773,-5.846531,-5.08332,0.0556781316,1.4883665547,-0.0848634422
1.71012,0.568577,-6.176951,-1.442249,-0.0262672052,1.8342397296,-0.1061479453
1.711138,-1.893229,-7.146662,2.438999,-0.0209460795,1.9225704174,-0.0869918925
1.712187,-1.934059,-7.496237,2.381357,0.0269440524,1.7959276241,-0.0614504888
1.713236,-1.307199,-8.578483,2.3045,0.0609992574,1.6331011756,-0.0412302109
1.714285,-1.129469,-11.224238,1.956245,0.0780268598,1.435155297,-0.0252668336
1.715302,-0.819641,-14.949844,2.013887,0.0907975617,1.2212460411,-0.0231383833
1.716351,-0.303262,-15.469418,1.353403,0.1227243163,1.0914105724,-0.0263310588
1.7174,1.200241,-10.529877,-1.521507,0.1386876936,1.1350438037,-0.0465513367
1.718452,2.374702,-7.2999,-5.186596,0.0812195353,1.4255772706,-0.0869918925
1.719466,0.842378,-7.220887,-3.099464,-0.0017900267,1.7980560744,-0.1008268195
1.720515,-1.573795,-6.200894,2.081136,-0.0134965034,1.9119281658,-0.083799217
1.721564,-1.953273,-6.220049,2.527864,0.0301367279,1.7778357965,-0.0657073894
1.722613,-1.360038,-8.837072,2.458213,0.0620634825,1.6277800498,-0.0433586612
1.723662,-1.033398,-11.41818,2.707996,0.0833479856,1.4606967007,-0.0124961318
1.724679,-0.610688,-13.470137,1.579168,0.092926012,1.2574296963,-0.007175006
1.725728,-0.192781,-14.849282,1.182877,0.1099536144,1.1244015521,-0.0242026084
1.726777,0.98168,-11.844374,-1.571944,0.1312381175,1.1563283067,-0.048679787
1.727829,2.074482,-8.473131,-5.563672,0.0886691114,1.4245130455,-0.0912487931
1.728844,0.604604,-8.197781,-3.142696,0.0120449003,1.7767715713,-0.117854422
1.729893,-1.926854,-5.197662,2.530266,0.0397147543,1.7810284719,-0.083799217
1.730944,-1.396064,-8.090035,2.895334,0.0716415089,1.6522572283,-0.0540009127
1.73199,-0.853266,-10.836353,3.452543,0.086540661,1.5192290841,-0.007175006
1.733008,-0.425752,-12.280146,2.352536,0.0939902371,1.3404392583,0.0151737222
1.735106,0.948056,-14.085484,-1.396615,0.1195316408,1.1776128098,-0.0242026084
1.734057,-0.14955,-14.650551,1.103619,0.1025040383,1.1914477368,0.0045314707
1.736154,2.175356,-9.387772,-5.582887,0.0939902371,1.3883293902,-0.0827349919
1.737172,0.960064,-6.634272,-4.357988,0.0205587015,1.7129180621,-0.1423316005
1.738221,-1.465715,-5.99498,1.619998,0.0014026488,1.8374324051,-0.1465885011
1.73927,-2.313537,-6.85934,2.955378,0.0503570058,1.7278172142,-0.1082763956
1.740321,-1.84039,-8.935241,3.051448,0.0907975617,1.6118166725,-0.0508082373
1.741368,-1.028595,-9.229745,3.882458,0.1088893893,1.5160364087,0.0034672456
1.742385,-0.24562,-9.754108,2.393366,0.1046324887,1.3606595362,0.0258159738
1.743434,0.169885,-13.76943,1.204493,0.0918617868,1.2042184386,0.0151737222
1.744483,1.118581,-15.780683,-1.483079,0.0897333365,1.1935761871,0.0002745701
1.745532,2.228195,-11.161985,-5.611708,0.0609992574,1.4245130455,-0.0476155618
1.746549,0.695871,-7.24483,-4.466067,-0.0124322782,1.7235603136,-0.1295608987
1.747598,-1.741918,-6.493005,1.612793,-0.0326525562,1.788478048,-0.1614876533
1.748646,-2.097379,-5.889629,2.909744,0.0386505291,1.6735417314,-0.1348820244
1.749697,-1.780346,-7.77877,2.33092,0.0950544623,1.6022386461,-0.0816707667
1.750713,-1.386457,-10.38861,4.653424,0.1152747402,1.545834713,-0.0093034563
1.751761,-0.416145,-10.503539,3.442936,0.128045442,1.4287699461,0.0460362517
1.75281,0.448489,-11.358321,1.163663,0.1184674157,1.2914849012,0.0449720265
1.753859,1.452426,-14.368018,-2.285267,0.0876048862,1.2446589945,0.0087883713
1.754909,2.372301,-13.453376,-6.332236,0.0407789794,1.4266414958,-0.0454871115
1.755925,-1.729909,-6.18174,0.976326,-0.0358452316,1.7640008695,-0.1689372293
1.756974,-1.890827,-6.34695,3.051448,0.0343936285,1.6511930032,-0.1476527263
1.758024,-1.655455,-7.972712,2.309304,0.106760939,1.5852110437,-0.0891203428
1.759075,-1.566589,-9.725376,4.22591,0.1333665678,1.5437062627,-0.0188814827
1.76009,-0.682741,-9.933684,4.461283,0.1440088193,1.4468617737,0.0407151259
1.761138,0.39565,-10.783678,1.533535,0.1333665678,1.3127694043,0.0534858278
1.762187,1.726227,-13.872387,-2.628719,0.0844122107,1.2606223718,0.020494848
1.763236,2.691735,-14.257877,-6.757348,0.0131091254,1.4575040252,-0.0273952839
1.764253,1.0081,-8.90172,-4.63419,-0.045423258,1.7640008695,-0.097634144
1.765302,-1.641044,-5.741179,0.066058,-0.0550012844,1.8384966302,-0.1582949778
1.766351,-1.934059,-7.390886,2.782451,0.0163018009,1.7097253866,-0.1508454017
1.7674,-1.585803,-8.90172,2.87612,0.106760939,1.6182020234,-0.0880561177
1.768451,-1.653053,-9.01186,3.704728,0.14826572,1.5660549909,-0.0178172575
1.769466,-1.21353,-9.205802,5.169803,0.1631648721,1.4702747271,0.0322013247
1.770515,-0.384922,-11.683953,3.020225,0.1652933224,1.3446961589,0.0502931523
1.771564,0.979279,-14.061541,-0.697702,0.1323023427,1.2670077227,0.0247517486
1.772613,2.307453,-13.118168,-5.854286,0.0556781316,1.379815589,-0.0316521845
1.77363,1.615746,-8.676651,-6.476342,-0.0305241059,1.6746059566,-0.1061479453
1.774679,-0.891694,-5.748363,-1.43024,-0.0741573372,1.829982829,-0.1646803287
1.775728,-2.063754,-7.644687,2.436597,-0.0294598807,1.7224960885,-0.1561665275
1.776777,-1.665062,-8.90172,3.123501,0.0684488334,1.5969175203,-0.0965699189
1.777794,-1.532965,-9.253689,2.99861,0.1195316408,1.5277428854,-0.0263310588
1.778843,-1.302396,-10.453258,5.241855,0.134430793,1.4340910718,0.0364582253
1.779892,-0.293655,-11.700713,4.14425,0.1567795212,1.3340539074,0.0651923045
1.780941,1.024912,-12.73986,-0.387875,0.1461372696,1.2680719479,0.0290086492
1.78199,2.019242,-8.319893,-6.301013,-0.0145607286,1.608623997,-0.111469071
1.783007,-0.565055,-7.194549,-2.412561,-0.059258185,1.8353039548,-0.1487169514
1.784056,-2.265502,-9.495518,1.413447,-0.0273314304,1.788478048,-0.1306251238
1.785105,-1.619428,-9.131577,2.655158,0.0599350322,1.6352296259,-0.0752854158
1.786153,-1.256762,-7.556096,2.640747,0.1152747402,1.5351924614,-0.0263310588
1.787171,-1.165495,-10.05819,4.456479,0.1237885414,1.4447333234,0.0194306229
1.78822,-0.384922,-13.132534,5.17941,0.1440088193,1.3702375626,0.0545500529
1.789269,0.698272,-13.082252,0.834622,0.1493299451,1.3457603841,0.034329775
1.79032,2.050464,-10.699875,-4.559736,0.0844122107,1.4362195221,-0.0433586612
1.791335,2.043259,-7.915248,-6.144899,-0.0092396028,1.6895051087,-0.1242397729
1.792384,-0.442565,-7.046099,-2.412561,-0.0496801586,1.899157464,-0.1625518784
1.793433,-2.42642,-9.366223,0.57283,-0.0156249537,1.8544600075,-0.1423316005
1.797597,-0.608286,-12.150851,5.323515,0.1301738923,1.2776499742,0.0534858278
1.798646,0.655041,-13.582671,2.069128,0.1450730445,1.2606223718,0.0492289272
1.794482,-1.96288,-9.663123,2.095547,0.0578065819,1.6735417314,-0.0869918925
1.795499,-1.441698,-8.130739,2.583105,0.1088893893,1.5107152829,-0.0369733103
1.796548,-1.420082,-9.596081,3.786388,0.1174031905,1.3691733375,0.0109168216
1.799697,2.225793,-11.446912,-3.575013,0.100375588,1.365980662,-0.0273952839
1.800712,2.586057,-7.656658,-6.47394,0.0024668739,1.6458718774,-0.1284966735
1.801761,0.148269,-6.109909,-2.206009,-0.0475517083,1.8917078879,-0.180643706
1.80281,-2.486464,-8.018205,0.505581,-0.0145607286,1.8651022591,-0.1614876533
1.803859,-2.623365,-10.817199,0.608856,0.0492927807,1.6746059566,-0.0955056937
1.804876,-1.773141,-9.768474,2.880923,0.1025040383,1.4958161307,-0.0242026084
1.805925,-1.388859,-9.133971,2.981797,0.1237885414,1.3329896822,0.0226232983
1.806974,-0.596277,-12.028739,4.651022,0.1269812169,1.2180533656,0.0513573775
1.808022,2.886278,-10.848325,-3.690298,0.0961186874,1.3915220657,-0.0178172575
1.80904,3.109642,-8.135528,-6.788571,-0.0092396028,1.7416521412,-0.131689349
1.810089,-0.159157,-7.108353,-1.439847,-0.0518086089,2.0087726548,-0.1923501827
1.811138,-2.635374,-6.821031,1.125235,0.0088522248,1.9736532247,-0.1785152557
1.812187,-2.438429,-9.409322,-0.431107,0.0737699592,1.7831569222,-0.1263682232
1.813236,-1.972487,-11.164379,2.261269,0.1163389653,1.5884037191,-0.0518724624
1.814253,-1.775543,-9.572137,3.109091,0.1365592433,1.3862009399,0.0162379474
1.815302,-0.939729,-10.072556,3.402106,0.1259169917,1.2116680147,0.0545500529
1.81635,0.578184,-13.431827,4.305168,0.1237885414,1.1499429558,0.0630638542
1.817399,2.518808,-12.663241,-1.396615,0.1014398132,1.2829711,0.0194306229
1.818416,3.301783,-8.485103,-6.543591,0.0077879997,1.6352296259,-0.0869918925
1.819466,0.590193,-7.120324,-2.631121,-0.0603224102,1.9736532247,-0.1742583551
1.820514,-2.246288,-6.69413,1.449473,-0.0209460795,2.0066442045,-0.187029057
1.821563,-2.438429,-7.673419,-0.207743,0.051421231,1.8257259284,-0.152973852
1.82258,-2.140611,-10.077345,1.353403,0.0982471377,1.628844275,-0.0923130183
1.823629,-2.030129,-10.738185,3.197956,0.1248527666,1.4170634694,-0.0199457078
1.824678,-1.429689,-11.231421,3.238786,0.128045442,1.2074111141,0.0407151259
1.825727,0.032984,-12.917042,4.197089,0.128045442,1.1009885987,0.0726418805
1.826776,2.391515,-13.25704,-0.183725,0.1120820647,1.1946404123,0.0471004769
1.827793,3.810956,-10.230583,-6.068043,0.0312009531,1.539449362,-0.0540009127
1.828842,1.536487,-6.720468,-4.03375,-0.0613866353,1.9438549204,-0.1721299048
1.829891,-1.737114,-5.046818,1.756899,-0.0518086089,2.072626164,-0.2157631361
1.830939,-2.570526,-6.854552,0.966719,0.0322651782,1.9427906953,-0.1902217324
1.831958,-2.337555,-10.137204,0.599249,0.0907975617,1.7597439689,-0.125303998
1.833006,-2.227074,-10.915367,3.267607,0.1195316408,1.5437062627,-0.0412302109
1.834055,-1.823578,-11.001563,2.974592,0.1269812169,1.2978702522,0.034329775
1.835104,1.752646,-13.563516,1.216502,0.1120820647,1.0807683208,0.0822199069
1.836121,4.272094,-11.626488,-5.136159,0.051421231,1.3532099602,0.0045314707
1.83717,2.939116,-6.888072,-5.26105,-0.0496801586,1.8129552265,-0.1221113226
1.838219,-0.999773,-4.637385,1.180476,-0.0677719862,2.0406994094,-0.2019282091
1.839268,-2.347162,-6.514554,2.083538,0.0120449003,1.9576898474,-0.1997997588
1.840316,-2.162226,-10.410159,-0.025209,0.0812195353,1.7916707235,-0.1433958257
1.841334,-2.287118,-11.49001,2.438999,0.114210515,1.5958532952,-0.0635789391
1.842383,-2.00371,-10.745368,2.76804,0.128045442,1.3595953111,0.0098525965
1.845498,3.616413,-12.146062,-4.098598,0.065256158,1.3234116559,0.0236875235
1.843432,-1.021389,-11.798881,2.609524,0.1248527666,1.1499429558,0.0609354038
1.84448,1.017707,-14.039992,1.466285,0.1163389653,1.0828967711,0.0737061057
1.846546,3.011169,-5.877657,-5.803849,-0.0422305825,1.774643121,-0.0880561177
1.847595,-0.786017,-4.206402,0.404707,-0.0975702905,2.0162222309,-0.1785152557
1.848644,-2.162226,-7.103564,3.274812,-0.0273314304,1.9502402714,-0.1827721563
1.85071,-1.917247,-11.329589,1.956245,0.1056967138,1.6533214535,-0.0646431643
1.849661,-1.657856,-10.252132,0.154923,0.0620634825,1.816147902,-0.131689349
1.851759,-1.991701,-10.932127,2.99861,0.1269812169,1.4202561448,-0.0050465557
1.852808,-1.23995,-12.787747,2.047512,0.1365592433,1.192511962,0.0385866756
1.853857,0.474908,-14.111822,1.886594,0.1450730445,1.0903463472,0.048164702
1.854874,3.056803,-11.195506,-3.330034,0.1014398132,1.2648792724,0.0045314707
1.855923,3.357023,-6.579201,-5.633324,-0.0081753776,1.6969546848,-0.0869918925
1.856972,-0.214397,-5.508928,-0.320626,-0.0847995887,2.0140937806,-0.1625518784
1.858021,-2.260699,-6.847369,3.308437,-0.0475517083,1.9970661781,-0.1678730042
1.859038,-1.669865,-8.183415,1.101218,0.0418432046,1.8533957824,-0.1348820244
1.860087,-1.653053,-10.091711,1.103619,0.086540661,1.6980189099,-0.0848634422
1.861136,-1.549777,-14.032809,2.22284,0.1269812169,1.2404020939,0.0300728744
1.862186,0.126653,-14.157315,1.065191,0.1408161439,1.0935390227,0.0513573775
1.863205,2.927108,-11.145224,-2.957761,0.1099536144,1.2052826638,0.0055956959
1.864251,3.515539,-6.672581,-5.561271,0.0131091254,1.6213946989,-0.0806065416
1.8653,0.191501,-4.752314,-0.604034,-0.0635150856,1.9917450524,-0.1423316005
1.866349,-2.349564,-6.955114,3.291625,-0.0358452316,2.0162222309,-0.1402031502
1.867366,-2.030129,-8.899325,1.670435,0.0397147543,1.8651022591,-0.104019495
1.868416,-1.686677,-9.483546,0.772176,0.0748341844,1.6958904596,-0.0657073894
1.869464,-1.633839,-11.30804,2.614328,0.0854764359,1.4809169786,-0.0337806348
1.870513,-1.184709,-15.040829,2.460615,0.1046324887,1.2702003982,-0.007175006
1.871562,-0.279245,-15.486178,1.305367,0.1312381175,1.1531356313,0.0045314707
1.872581,1.574916,-10.144387,-1.528712,0.1184674157,1.2297598423,-0.0295237342
1.873628,2.855055,-5.638222,-4.843144,0.0280082776,1.5703118915,-0.0880561177
1.874677,0.76312,-5.786672,-1.48548,-0.0613866353,1.9513044965,-0.1242397729
1.875726,-2.092575,-7.802714,2.676774,-0.0613866353,2.0406994094,-0.1189186471
1.876743,-2.063754,-8.42285,2.422187,-0.003918477,1.9044785898,-0.0933772434
1.877792,-1.309601,-8.765242,1.449473,0.0482285555,1.7373952406,-0.0678358397
1.878841,-1.1727,-10.675932,1.612793,0.0695130586,1.5256144351,-0.0476155618
1.87989,-1.014184,-14.830127,1.913013,0.0876048862,1.2882922258,-0.0359090851
1.880907,-0.480993,-15.86688,1.250127,0.1259169917,1.1467502804,-0.0242026084
1.881956,1.397185,-10.453258,-1.785701,0.134430793,1.2074111141,-0.0380375354
1.883005,2.852653,-6.569624,-5.395549,0.0599350322,1.5362566866,-0.083799217
1.884054,0.988886,-6.406808,-2.659942,-0.0283956555,1.9353411192,-0.1125332962
1.885103,-1.862006,-6.96948,2.364544,-0.0401021322,2.0470847603,-0.1029552698
1.88612,-2.056549,-7.091592,2.799263,0.0088522248,1.8980932388,-0.0827349919
1.887169,-1.182307,-11.734234,2.220439,0.0578065819,1.5288071105,-0.0444228864
1.888218,-0.819641,-15.01928,2.191618,0.0758984095,1.324475881,-0.0295237342
1.889266,-0.305664,-15.457446,1.096414,0.1099536144,1.2031542135,-0.0284595091
1.890284,1.080153,-11.348744,-1.228492,0.1301738923,1.2382736436,-0.0540009127
1.891333,2.353086,-7.407646,-5.256247,0.0769626347,1.5128437332,-0.104019495
1.892382,0.964868,-6.0716,-3.099464,-0.0060469273,1.8800014112,-0.1359462496
1.893431,-1.561786,-5.559209,2.182011,-0.0209460795,1.9981304033,-0.1274324483
1.89445,-2.094977,-7.022156,2.532668,0.0184302512,1.87148761,-0.0955056937
1.895497,-1.420082,-9.46918,2.720005,0.0503570058,1.7246245388,-0.0550651379
1.896545,-0.920515,-10.896212,2.840093,0.0663203831,1.567119216,-0.0199457078
1.897595,-0.495403,-13.225913,1.874585,0.0684488334,1.3744944632,-0.0082392311
1.898644,-0.075095,-15.067167,1.523928,0.0833479856,1.2382736436,-0.0188814827
1.899661,1.092161,-12.047894,-1.562337,0.1056967138,1.2489158951,-0.0518724624
1.90071,2.19457,-8.418061,-5.080918,0.065256158,1.4841096541,-0.1093406207
1.901759,0.902422,-7.527364,-2.928939,-0.0060469273,1.8246617032,-0.139138925
1.902807,-1.482528,-6.464273,1.250127,-0.0188176292,1.9651394235,-0.1242397729
1.903827,-2.102182,-6.349344,2.436597,0.0216229267,1.8672307094,-0.0955056937
1.904874,-1.465715,-7.867361,2.592712,0.0524854561,1.7256887639,-0.0635789391
1.905923,-0.903703,-9.813966,2.789656,0.0641919328,1.5798899179,-0.0295237342
1.907988,-0.211995,-15.337729,1.274144,0.0822837604,1.2914849012,-0.0146245821
1.906971,-0.500207,-12.375919,2.465418,0.0705772837,1.4138707939,-0.0114319066
1.909038,0.962466,-14.820549,-1.737665,0.100375588,1.3031913779,-0.0327164097
1.910087,2.189767,-9.627207,-5.544458,0.0716415089,1.5277428854,-0.0955056937
1.911136,0.671853,-6.217655,-3.863225,-0.0071111525,1.8321112793,-0.166808779
1.912185,-1.713097,-5.650194,2.258867,-0.0241387549,1.9321484437,-0.1753225803
1.913204,-1.756329,-8.978339,2.727211,0.0631277077,1.7182391879,-0.0752854158
1.914251,-1.069425,-9.651151,4.278749,0.0801553101,1.6203304737,-0.0124961318
1.9153,-0.322477,-8.837072,2.109958,0.0801553101,1.4660178264,0.0151737222
1.916348,0.047395,-13.175632,1.079602,0.0641919328,1.296806027,0.0024030204
1.917366,1.065742,-17.370531,-1.245304,0.0673846083,1.2638150473,-0.0103676814
1.918415,2.523612,-12.428595,-5.907124,0.0461001052,1.4883665547,-0.0529366876
1.919463,1.108974,-6.279908,-4.70144,-0.0273314304,1.8044414253,-0.1412673753
1.920512,-1.532965,-5.583152,1.411045,-0.0528728341,1.8980932388,-0.1838363815
1.921529,-2.082968,-6.23681,3.190751,0.0163018009,1.7948633989,-0.1540380772
1.922581,-1.893229,-7.498631,2.318911,0.072705734,1.7097253866,-0.1008268195
1.923627,-1.482528,-9.921712,4.261937,0.0939902371,1.6405507516,-0.0369733103
1.924676,-0.473788,-10.831565,3.793593,0.1088893893,1.5139079584,0.020494848
1.925696,0.261152,-11.956908,0.983531,0.0982471377,1.3542741853,0.0279444241
1.926742,1.197839,-15.088716,-2.066707,0.072705734,1.296806027,0.0002745701
1.927792,2.456362,-12.909859,-5.712582,0.0386505291,1.4936876804,-0.0508082373
1.928841,1.077751,-7.177789,-5.131355,-0.0305241059,1.7980560744,-0.1359462496
1.929889,-1.696285,-6.337372,0.813006,-0.0688362114,1.87148761,-0.187029057
1.930907,-2.056549,-7.467505,3.430927,0.0003384236,1.7480374922,-0.1625518784
1.931956,-1.54017,-8.133134,2.3045,0.0769626347,1.6767344069,-0.0997625944
1.933004,-1.350431,-8.774819,4.249928,0.1025040383,1.6458718774,-0.0337806348
1.934054,-0.634706,-9.363829,4.139447,0.114210515,1.5649907657,0.0151737222
1.935073,0.126653,-11.964092,1.86738,0.1110178396,1.4415406479,0.0268801989
1.93612,1.075349,-14.904352,-1.708844,0.0801553101,1.3723660129,0.0034672456
1.937169,2.204177,-13.072675,-6.54119,0.0248156021,1.531999786,-0.0422944361
1.938217,1.036921,-8.020599,-5.155373,-0.0464874832,1.8289186038,-0.1210470974
1.939235,-1.561786,-6.459484,-0.070842,-0.0858638138,1.9087354904,-0.1827721563
1.940284,-1.566589,-8.116373,2.837692,0.0631277077,1.6682206056,-0.1146617465
1.941333,-1.581,-9.584109,3.798396,0.1056967138,1.6352296259,-0.0401659857
1.942382,-1.016586,-9.981571,5.15299,0.1237885414,1.5607338651,0.0258159738
1.94343,0.01377,-10.604102,2.544677,0.1312381175,1.4415406479,0.0428435762
1.94445,1.214651,-13.290561,-1.199671,0.1035682635,1.3574668608,0.0024030204
1.945497,2.384309,-13.671262,-5.527646,0.0397147543,1.4713389522,-0.0529366876
1.946545,1.719021,-8.947212,-5.868696,-0.0326525562,1.7757073462,-0.1125332962
1.947595,-0.978158,-6.555258,-1.34858,-0.0752215623,1.9385337947,-0.166808779
1.948612,-2.152619,-8.614398,2.280483,-0.0379736819,1.8235974781,-0.1625518784
1.949661,-1.590607,-8.044543,2.871316,0.0524854561,1.6746059566,-0.1104048459
1.95071,-1.552179,-7.544124,2.727211,0.0971829126,1.6022386461,-0.0529366876
1.951758,-1.304797,-10.374244,5.109759,0.1078251641,1.5234859847,0.0045314707
1.952776,-0.183174,-12.411835,4.360409,0.1291096672,1.4383479725,0.0460362517
1.953827,1.255481,-12.39268,-0.491151,0.1237885414,1.3968431915,0.0268801989
1.954874,2.39872,-11.851557,-5.325898,0.0546139064,1.4979445811,-0.0444228864
1.955923,1.714218,-9.658334,-6.303415,-0.0337167813,1.7586797437,-0.1199828723
1.956972,-0.807633,-7.345393,-2.033082,-0.0752215623,1.9332126689,-0.1700014545
1.957989,-2.260699,-8.413273,1.523928,-0.0401021322,1.8672307094,-0.1625518784
1.959038,-1.720302,-8.75327,2.796862,0.0439716549,1.7299456646,-0.1104048459
1.960087,-1.432091,-8.262429,2.751228,0.0961186874,1.6299085001,-0.0529366876
1.961136,-1.482528,-9.682277,4.4853,0.1046324887,1.5256144351,0.0013387952
1.962153,-0.589072,-11.73184,4.984867,0.1184674157,1.4383479725,0.0428435762
1.963204,0.787138,-12.924225,0.983531,0.1237885414,1.3989716418,0.0322013247
1.964251,2.172954,-11.554658,-4.369997,0.0695130586,1.4734674025,-0.0380375354
1.965299,-0.425752,-7.295112,-2.395748,-0.059258185,1.9364053444,-0.1678730042
1.966317,-2.375983,-8.370174,0.724141,-0.0379736819,1.8917078879,-0.1636161036
1.967365,-1.934059,-9.665517,2.133975,0.0301367279,1.7214318633,-0.1135975214
1.968414,-1.340824,-8.664679,3.056252,0.0886691114,1.59478907,-0.0550651379
1.969463,-1.331217,-9.332702,3.522194,0.1014398132,1.4862381044,-0.0039823305
1.970512,-0.629902,-11.691136,5.203427,0.1099536144,1.3957789663,0.0375224505
1.971529,0.791941,-12.818874,2.270876,0.120595866,1.3776871387,0.0396509008
1.972581,2.470773,-12.280146,-4.230694,0.0716415089,1.4990088062,-0.0284595091
1.973627,2.653307,-9.519462,-6.594028,-0.0188176292,1.7874138229,-0.1284966735
1.974676,0.016172,-5.805827,-2.35732,-0.0581939599,2.0151580057,-0.1934144079
1.975696,-2.484062,-6.993424,0.680909,-0.0230745298,1.9789743505,-0.1902217324
1.976742,-2.510482,-10.347906,1.259734,0.0450358801,1.7937991738,-0.125303998
1.977791,-1.830783,-10.110866,2.354937,0.0950544623,1.615009348,-0.0465513367
1.97884,-1.472921,-9.229745,3.390097,0.1078251641,1.4564398001,0.0141094971
1.979857,-0.57226,-10.685509,4.778315,0.1099536144,1.3436319338,0.0534858278
1.980906,0.72229,-13.386335,3.197956,0.1131462899,1.3212832055,0.0577427284
1.981957,2.381908,-12.555496,-2.590291,0.0758984095,1.4500544491,-0.0018538802
1.983004,3.023178,-9.033409,-6.812589,-0.0156249537,1.7671935449,-0.1104048459
1.984053,0.434079,-6.425963,-2.56147,-0.0720288868,2.0534701113,-0.1912859576
1.985073,-2.380787,-6.327795,1.03637,-0.0390379071,2.0534701113,-0.2019282091
1.986119,-2.656989,-9.533828,0.392698,0.0290725027,1.8651022591,-0.1519096269
1.987168,-2.121396,-10.917761,2.451008,0.0854764359,1.6682206056,-0.0710285152
1.988217,-1.756329,-9.567349,3.03944,0.1078251641,1.4745316277,-0.0007896551
1.989234,-0.982961,-10.213823,4.08901,0.1014398132,1.3031913779,0.0439078014
1.990283,0.441284,-12.964929,4.228312,0.1088893893,1.2404020939,0.0630638542
1.991332,2.600468,-12.864367,-1.610372,0.0950544623,1.3617237614,0.0183663977
1.992381,1.000894,-6.885678,-3.322828,-0.0613866353,2.0438920849,-0.1923501827
1.993398,-2.135807,-6.145824,1.329385,-0.0337167813,2.0949748923,-0.2136346858
1.994449,-2.851532,-8.882565,0.188548,0.037586304,1.9246988677,-0.1689372293
1.995496,-2.568124,-10.821987,1.370215,0.092926012,1.7310098897,-0.090184568
1.996545,-2.020522,-9.46918,2.943369,0.1195316408,1.5256144351,-0.0146245821
1.997562,-1.316806,-9.687066,3.130707,0.1099536144,1.3148978546,0.0364582253
1.998611,-0.029462,-12.718311,4.40364,0.1035682635,1.199961538,0.0683849799
1.99966,2.554835,-13.450982,-0.181323,0.0950544623,1.2989344773,0.0534858278
2.000709,4.233666,-9.919318,-6.680492,0.0163018009,1.6607710296,-0.0454871115
2.001758,1.658977,-7.058071,-4.245105,-0.0784142378,2.0534701113,-0.1636161036
2.002775,-1.857203,-5.903995,1.807336,-0.0645793108,2.1396723487,-0.2093777852
2.003826,-2.544107,-7.726094,0.683311,0.0205587015,1.9885523769,-0.1849006066
2.004873,-2.260699,-11.231421,0.786587,0.086540661,1.8204048026,-0.1167901968
2.005922,-2.080566,-11.035084,3.205161,0.1237885414,1.6203304737,-0.0337806348
2.006939,-1.633839,-9.596081,2.664765,0.1291096672,1.3808798142,0.0258159738
2.009037,1.48605,-13.855627,1.430259,0.1078251641,1.2212460411,0.0524216026
2.010085,3.580387,-11.683953,-5.167382,0.0471643304,1.5011372565,-0.0188814827
2.007987,-0.598679,-11.375082,3.800798,0.1184674157,1.213796465,0.0556142781
2.011103,2.269025,-7.196943,-5.208212,-0.0486159335,1.9300199934,-0.1380746999
2.012152,-1.261566,-4.646962,1.300564,-0.0624508605,2.127965872,-0.20831356
2.013203,-2.517687,-5.822587,1.607989,0.00991645,2.0258002573,-0.2040566594
2.014249,-2.366376,-10.31678,0.152521,0.0673846083,1.8502031069,-0.1487169514
2.015298,-2.320743,-12.478876,3.097082,0.1035682635,1.656514129,-0.0582578134
2.016315,-1.780346,-11.161985,2.76804,0.1237885414,1.4181276945,0.0236875235
2.017364,-0.658723,-11.013535,2.784853,0.1110178396,1.2052826638,0.0651923045
2.018413,3.786938,-11.992824,-4.076982,0.0461001052,1.407485443,0.0034672456
2.019462,2.881474,-7.22807,-5.678957,-0.0496801586,1.8800014112,-0.1072121704
2.020479,-0.836454,-5.109071,0.282217,-0.0933133899,2.1396723487,-0.187029057
2.021528,-2.195851,-5.784278,2.751228,-0.0273314304,2.065176588,-0.1934144079
2.02258,-1.845194,-9.201013,-0.114074,0.051421231,1.9044785898,-0.1551023023
2.023626,-2.010915,-12.07902,2.280483,0.0971829126,1.7352667903,-0.0806065416
2.024643,-1.926854,-11.901838,3.361276,0.1237885414,1.5117795081,-0.0007896551
2.025692,-1.110255,-11.875501,2.275679,0.128045442,1.2872280006,0.0534858278
2.026741,0.664648,-12.57465,2.105154,0.1269812169,1.1818697104,0.0609354038
2.02779,3.068812,-11.853951,-3.257981,0.0886691114,1.352145735,0.0098525965
2.028839,3.064008,-8.228908,-5.604502,-0.0113680531,1.7789000216,-0.0912487931
2.029856,-0.31287,-5.396393,-0.243769,-0.0805426881,2.0907179916,-0.1763868054
2.030904,-2.162226,-5.767517,2.989003,-0.0390379071,2.0747546143,-0.1902217324
2.031956,-1.883622,-8.509046,0.829818,0.0450358801,1.9374695695,-0.1540380772
2.033003,-2.030129,-10.999169,1.252529,0.0897333365,1.7852853725,-0.090184568
2.034019,-2.051745,-11.501982,3.068261,0.1099536144,1.5681834412,-0.0199457078
2.035068,-1.316806,-12.265779,2.023494,0.1195316408,1.3276685565,0.0375224505
2.036117,0.602202,-13.585066,1.103619,0.1163389653,1.1850623859,0.0566785032
2.037166,3.371434,-12.828451,-3.053831,0.0812195353,1.3202189804,0.0173021725
2.038183,3.801349,-7.587222,-5.748608,-0.0081753776,1.7597439689,-0.0689000649
2.039232,0.287571,-4.072318,-0.529579,-0.0773500126,2.1173236205,-0.1444600508
2.040282,-2.24869,-6.066811,3.327651,-0.0432948077,2.1247731966,-0.1540380772
2.041332,-1.931657,-8.868199,1.194886,0.0365220788,1.9747174499,-0.1221113226
2.042379,-1.806766,-10.92255,0.937898,0.0812195353,1.8044414253,-0.0752854158
2.043396,-1.883622,-11.772544,3.008217,0.1035682635,1.587339494,-0.0252668336
2.044447,-0.125532,-14.315342,1.454277,0.1323023427,1.2116680147,0.0226232983
2.045494,1.94959,-10.886635,-1.588756,0.1120820647,1.2872280006,-0.0188814827
2.046543,3.124052,-7.02455,-5.133757,0.0269440524,1.6597068044,-0.0859276674
2.04756,0.715085,-5.513716,-1.302946,-0.0560655095,2.0577270119,-0.1338177993
2.048609,-2.200655,-6.765961,3.029833,-0.0550012844,2.1396723487,-0.1370104747
2.049658,-2.133405,-8.204964,2.390964,0.0056595494,1.996001953,-0.1125332962
2.050708,-1.436894,-9.30397,1.096414,0.0492927807,1.8204048026,-0.0806065416
2.051724,-1.333618,-10.817199,2.157993,0.0673846083,1.6064955467,-0.0476155618
2.052773,-1.155888,-14.39675,2.184412,0.0833479856,1.3713017878,-0.0242026084
2.053824,-0.521823,-16.321806,1.221306,0.1174031905,1.2148606902,-0.0061107808
2.054871,1.274695,-11.130858,-1.319759,0.1291096672,1.2542370209,-0.0252668336
2.055888,2.90309,-6.397231,-5.371531,0.0567423567,1.5703118915,-0.0827349919
2.056937,1.38998,-5.619068,-3.020206,-0.0411663574,1.9864239266,-0.1263682232
2.057986,-1.643446,-5.980614,1.901004,-0.0624508605,2.141800799,-0.1284966735
2.059035,-2.186244,-7.307083,2.940967,-0.0060469273,2.0162222309,-0.1072121704
2.060084,-1.496938,-9.718193,1.852969,0.0482285555,1.8384966302,-0.0752854158
2.061101,-1.266369,-12.325638,2.201225,0.0716415089,1.6437434271,-0.0380375354
2.062149,-0.946935,-14.1214,2.443803,0.0854764359,1.42132037,-0.0146245821
2.0632,-0.224004,-14.662522,0.793792,0.1110178396,1.2627508221,-0.0146245821
2.064247,1.291508,-11.561841,-1.459061,0.1291096672,1.2882922258,-0.0508082373
2.065264,2.417934,-7.151451,-4.624583,0.0758984095,1.5788256927,-0.1093406207
2.066313,0.979279,-5.341323,-2.462998,-0.0071111525,1.9555613971,-0.1402031502
2.067362,-1.698686,-6.655821,2.078735,-0.0209460795,2.0896537665,-0.1231755477
2.068411,-2.270306,-8.822706,2.688782,0.0184302512,1.982167026,-0.0784780913
2.069429,-1.324011,-8.580877,2.378955,0.0482285555,1.8353039548,-0.0401659857
2.070477,-0.70916,-8.954395,1.632007,0.0524854561,1.656514129,-0.0284595091
2.071526,-0.32728,-17.131096,1.711265,0.0812195353,1.3319254571,-0.0497440121
2.072577,0.827968,-12.77817,-1.142028,0.1174031905,1.3755586884,-0.0603862637
2.073624,2.062473,-7.074832,-5.013669,0.0812195353,1.6139451228,-0.104019495
2.074641,0.94085,-6.356527,-3.663879,-0.0028542519,1.9364053444,-0.1402031502
2.07569,-1.352833,-6.117092,1.483098,-0.0252029801,2.0609196873,-0.1327535741
2.076739,-2.140611,-6.320612,2.595114,0.0173660261,1.9534329468,-0.104019495
2.077788,-1.607419,-8.90172,2.76804,0.0556781316,1.8225332529,-0.0646431643
2.078805,-0.85807,-10.857902,2.979396,0.072705734,1.6831197578,-0.021009933
2.079854,-0.372914,-12.648875,1.54074,0.0769626347,1.4968803559,-0.0082392311
2.080903,-0.070292,-14.94745,1.038772,0.0907975617,1.3564026356,-0.0252668336
2.081954,1.125786,-12.933803,-1.514301,0.1056967138,1.3638522117,-0.0571935882
2.082969,2.257016,-8.702989,-5.445986,0.0641919328,1.5969175203,-0.1157259717
2.084018,0.734299,-7.620743,-3.154705,-0.0081753776,1.926827318,-0.1572307527
2.085066,-1.713097,-6.840185,2.141181,-0.0145607286,2.0438920849,-0.1423316005
2.086115,-2.234279,-6.239204,2.614328,0.0343936285,1.9374695695,-0.1072121704
2.087165,-1.626633,-7.88891,2.844897,0.065256158,1.8204048026,-0.0689000649
2.088181,-0.970952,-9.890586,3.767174,0.0737699592,1.6926977842,-0.0284595091
2.090279,-0.012649,-14.13816,1.617596,0.0695130586,1.365980662,-0.0295237342
2.089231,-0.284048,-11.873106,2.640747,0.0716415089,1.5117795081,-0.0124961318
2.091331,0.719888,-13.865204,-1.146832,0.0737699592,1.3574668608,-0.0540009127
2.092345,1.93518,-10.465229,-5.277863,0.051421231,1.5681834412,-0.0986983692
2.093394,0.775129,-7.824263,-4.61978,-0.0145607286,1.8789371861,-0.159359203
2.094443,-1.585803,-6.433146,1.180476,-0.0379736819,1.982167026,-0.1785152557
2.095492,-2.068558,-5.987797,2.883325,0.0194944764,1.8757445106,-0.1487169514
2.096509,-1.624232,-8.05412,2.321313,0.0673846083,1.7757073462,-0.097634144
2.097558,-0.24562,-10.221006,3.056252,0.100375588,1.5660549909,0.006659921
2.098606,0.424471,-12.328033,0.841827,0.0950544623,1.4415406479,0.0045314707
2.099655,1.399587,-15.344912,-2.376534,0.079091085,1.4340910718,-0.0220741581
2.100706,2.331471,-12.691974,-6.21455,0.037586304,1.650128778,-0.0742211907
2.101721,0.527747,-7.673419,-4.273926,-0.0305241059,1.9161850664,-0.1572307527
2.10277,-1.835587,-5.619068,1.334188,-0.0486159335,1.9502402714,-0.2019282091
2.103819,-1.893229,-5.834559,2.904941,0.0258798273,1.8331755045,-0.1785152557
2.104868,-1.715499,-8.616792,2.390964,0.0918617868,1.7735788959,-0.1167901968
2.105885,-1.552179,-10.915367,4.590978,0.1174031905,1.7299456646,-0.03484486
2.106933,-0.603483,-9.588898,3.954511,0.1323023427,1.6235231492,0.0236875235
2.107983,0.359624,-9.878614,1.079602,0.1110178396,1.4734674025,0.0194306229
2.109031,1.601335,-14.265061,-2.376534,0.0609992574,1.4096138933,-0.021009933
2.110049,2.6437,-14.612241,-6.17372,0.0067237745,1.6001101958,-0.0657073894
2.111098,1.024912,-8.997494,-4.437246,-0.0464874832,1.9076712652,-0.1338177993
2.112147,-1.609821,-6.148219,0.265404,-0.0656435359,1.9928092775,-0.1912859576
2.113198,-1.967684,-6.679764,3.03944,0.0003384236,1.8725518351,-0.1827721563
2.114244,-1.727507,-7.462716,2.80887,0.0844122107,1.7895422732,-0.1284966735
2.115261,-1.782748,-9.435659,4.012153,0.1174031905,1.7437805916,-0.0593220385
2.11631,-1.067023,-10.635228,5.4388,0.134430793,1.6511930032,0.0077241462
2.117359,0.052198,-10.623256,2.513454,0.1386876936,1.5202933093,0.0300728744
2.118408,1.243472,-13.154083,-1.833736,0.0982471377,1.4277057209,-0.0114319066
2.119425,2.389113,-14.516467,-6.041623,0.0280082776,1.545834713,-0.0689000649
2.120474,1.586924,-8.73651,-5.734198,-0.0411663574,1.8523315572,-0.1348820244
2.121523,-1.160692,-5.085128,-1.043556,-0.0741573372,2.0013230787,-0.1912859576
2.122575,-2.193449,-8.152289,2.864111,-0.0230745298,1.8970290137,-0.1785152557
2.123589,-1.441698,-8.262429,2.948173,0.106760939,1.7129180621,-0.0529366876
2.124638,-1.227941,-9.749319,5.330721,0.1163389653,1.6299085001,-0.0050465557
2.125687,-0.228808,-12.531552,3.860842,0.1312381175,1.539449362,0.0215590732
2.126736,1.060938,-13.759853,-0.649667,0.1131462899,1.4755958528,-0.0082392311
2.127753,2.192168,-12.081415,-5.436379,0.0397147543,1.5575411897,-0.0806065416
2.128802,1.702209,-8.09243,-6.562806,-0.0443590329,1.8384966302,-0.1508454017
2.129851,-0.771606,-5.70287,-1.840941,-0.0794784629,2.0353782837,-0.1902217324
2.1309,-2.28952,-7.783559,1.713667,-0.0390379071,1.9513044965,-0.17319413
2.131951,-1.883622,-9.533828,2.693586,0.0418432046,1.7874138229,-0.1146617465
2.132966,-1.508947,-9.797206,3.09468,0.0897333365,1.6756701817,-0.048679787
2.134015,-1.182307,-10.833959,4.972858,0.1088893893,1.573504567,0.006659921
2.135064,-0.199987,-12.131696,4.723075,0.1323023427,1.4968803559,0.0279444241
2.136113,0.777531,-11.901838,0.560821,0.1259169917,1.4532471246,-0.0167530324
2.13713,1.879939,-10.355089,-4.204275,0.0599350322,1.5075226074,-0.1072121704
2.138179,2.129723,-8.765242,-6.358656,-0.0241387549,1.7714504455,-0.1753225803
2.139228,-0.209594,-7.551307,-2.936145,-0.0635150856,2.0502774358,-0.1912859576
2.140276,-2.421617,-8.849044,0.796194,-0.0390379071,2.0460205352,-0.1614876533
2.141294,-1.994103,-9.30397,2.237251,0.0269440524,1.8523315572,-0.1072121704
2.142343,-1.37685,-8.192992,2.407776,0.0758984095,1.6895051087,-0.0593220385
2.143392,-1.191914,-9.830727,4.122634,0.0939902371,1.5724403418,-0.0156888072
2.14444,-0.279245,-13.292955,5.217838,0.1152747402,1.4990088062,0.0162379474
2.145489,0.659844,-13.632953,1.84096,0.1291096672,1.4841096541,0.0002745701
2.146507,1.85352,-9.631996,-3.466934,0.0822837604,1.5681834412,-0.0784780913
2.147556,2.242605,-7.417224,-6.615644,-0.0071111525,1.8182763523,-0.166808779
2.148604,-0.022256,-7.532152,-3.070643,-0.0560655095,2.0641123628,-0.200863984
2.149654,-2.140611,-9.6727,1.634409,0.0386505291,1.8778729609,-0.1199828723
2.150671,-1.427287,-9.380589,2.717603,0.0907975617,1.7001473603,-0.0646431643
2.151719,-1.307199,-10.053401,3.560622,0.1056967138,1.531999786,-0.0188814827
2.152768,-0.485796,-12.210709,5.09775,0.1088893893,1.4191919197,0.0119810468
2.153817,0.775129,-12.986478,2.897736,0.114210515,1.4181276945,0.0055956959
2.154836,2.336274,-10.656777,-3.173919,0.0822837604,1.553284289,-0.0667716146
2.155883,2.819028,-8.480314,-6.714117,-0.0081753776,1.8619095836,-0.1678730042
2.156933,0.181894,-7.443561,-2.242035,-0.0560655095,2.1354154481,-0.2178915864
2.157981,-2.584937,-7.120324,0.532,-0.0145607286,2.1226447463,-0.2051208846
2.159031,-2.738649,-9.311153,0.02763,0.0418432046,1.9215061922,-0.1508454017
2.160048,-2.090173,-10.307202,2.734416,0.0854764359,1.7171749627,-0.0784780913
2.161097,-1.696285,-9.643968,2.950574,0.1046324887,1.5224217596,-0.0167530324
2.162145,-0.805231,-11.262547,4.309972,0.1056967138,1.3649164368,0.0215590732
2.163194,0.587791,-13.2738,4.338793,0.1152747402,1.3351181325,0.0268801989
2.164211,2.473175,-11.614517,-2.213214,0.0833479856,1.4798527534,-0.0284595091
2.165261,3.172087,-8.832284,-6.416298,-0.0113680531,1.8065698756,-0.1380746999
2.16631,0.501328,-7.369337,-2.90252,-0.0688362114,2.1194520708,-0.2210842619
2.167358,-2.275109,-6.581596,1.108423,-0.0347810065,2.1524430506,-0.2285338379
2.168376,-2.520089,-8.322287,0.289422,0.0343936285,1.9811028008,-0.1849006066
2.169424,-2.073361,-10.642411,1.533535,0.086540661,1.7937991738,-0.1146617465
2.170474,-1.849997,-10.762129,3.308437,0.1131462899,1.59478907,-0.0401659857
2.171522,-1.208727,-10.441286,3.486167,0.1120820647,1.3979074166,0.0173021725
2.172574,0.203509,-12.375919,4.110626,0.1088893893,1.3010629276,0.0396509008
2.173589,2.475576,-13.041548,-0.392679,0.0918617868,1.3968431915,0.0055956959
2.174638,3.794144,-9.694249,-6.423503,0.0109806751,1.7320741149,-0.1008268195
2.175687,-1.888425,-5.875263,1.84096,-0.0411663574,2.2067185334,-0.2413045398
2.176736,-2.604151,-7.493843,0.222173,0.0322651782,2.0470847603,-0.2104420103
2.177753,-2.498473,-10.726213,0.933094,0.079091085,1.8470104315,-0.1412673753
2.178802,-2.246288,-11.281702,3.301232,0.1056967138,1.6352296259,-0.0561293631
2.179851,-1.477724,-10.249738,2.801665,0.1099536144,1.4085496681,0.0087883713
2.1809,-0.175969,-11.272125,3.735951,0.0993113629,1.2563654712,0.0353940002
2.181917,1.978412,-13.745487,0.652088,0.0844122107,1.2978702522,0.0194306229
2.182966,3.717287,-11.916205,-5.064106,0.0290725027,1.615009348,-0.0561293631
2.184015,1.925573,-7.22807,-4.670217,-0.0581939599,2.0385709591,-0.1710656796
2.185064,-1.292788,-4.608653,0.769774,-0.0699004365,2.2077827585,-0.2423687649
2.186084,-2.159825,-5.947093,1.456678,0.0045953242,2.0971033426,-0.2413045398
2.18713,-2.106986,-10.209034,0.371082,0.0684488334,1.9310842186,-0.1827721563
2.188179,-2.174235,-12.435778,2.991404,0.1056967138,1.7501659425,-0.0880561177
2.189228,-1.70349,-11.351138,3.073064,0.1259169917,1.531999786,0.0024030204
2.190277,-0.665929,-10.747762,2.703193,0.1184674157,1.3372465829,0.0502931523
2.191294,1.387578,-12.828451,0.798596,0.0993113629,1.2808426497,0.0460362517
2.192343,3.803751,-11.980852,-4.737466,0.0461001052,1.5288071105,-0.0199457078
2.194441,-0.978158,-4.936678,0.73615,-0.0805426881,2.2003331825,-0.2104420103
2.195459,-2.063754,-6.119487,2.451008,-0.0134965034,2.1120024947,-0.222148487
2.193392,2.686931,-7.381308,-5.3283,-0.0486159335,1.9779101254,-0.1306251238
2.196507,-1.823578,-10.302414,0.241387,0.0620634825,1.9566256223,-0.1774510306
2.197556,-2.106986,-12.148456,2.50865,0.1078251641,1.7863495977,-0.0997625944
2.198605,-1.857203,-10.991986,3.015422,0.128045442,1.5607338651,-0.0263310588
2.199622,-0.932524,-11.547475,2.501445,0.1248527666,1.3415034835,0.0173021725
2.200671,0.72229,-13.565911,1.694453,0.1152747402,1.2584939215,0.0226232983
2.20172,3.090427,-12.39268,-3.66628,0.0705772837,1.4649536013,-0.0220741581
2.202768,-0.596277,-4.426682,-0.061235,-0.0933133899,2.1790486794,-0.2029924343
2.203818,-2.210262,-6.205683,3.428525,-0.0496801586,2.1300943223,-0.2115062355
2.204835,-1.753927,-9.136366,0.764971,0.0365220788,1.9906808272,-0.1710656796
2.205883,-1.919648,-11.367899,1.555151,0.0822837604,1.8374324051,-0.1082763956
2.206933,-2.046942,-11.978458,3.471757,0.1035682635,1.6160735731,-0.0369733103
2.207981,-1.333618,-12.572256,2.095547,0.1163389653,1.3830082645,0.0183663977
2.208999,0.501328,-13.149294,1.41825,0.1184674157,1.255301246,0.0268801989
2.210047,3.097633,-12.265779,-3.020206,0.0833479856,1.4011000921,-0.0220741581
2.211096,3.493924,-7.874544,-5.501227,-0.0049827022,1.8416893057,-0.1104048459
2.212145,0.023377,-4.429076,-0.323027,-0.0773500126,2.1896909309,-0.1849006066
2.213162,-2.277511,-5.705264,3.253196,-0.0518086089,2.18330558,-0.1955428582
2.214211,-1.92205,-8.851438,1.420652,0.0269440524,2.037506734,-0.1614876533
2.21526,-1.934059,-11.094943,1.082003,0.072705734,1.8800014112,-0.104019495
2.216309,-1.94847,-11.449307,2.828085,0.0897333365,1.6607710296,-0.0465513367
2.217358,-1.307199,-12.818874,2.073931,0.1014398132,1.4159992442,-0.0050465557
2.218375,0.196304,-14.090273,0.91388,0.1110178396,1.2606223718,0.006659921
2.219424,2.586057,-11.837191,-2.419766,0.0876048862,1.3670448872,-0.0305879594
2.220473,3.31139,-7.580039,-5.277863,0.0077879997,1.774643121,-0.1018910447
2.221522,0.38124,-5.269493,-1.122814,-0.0667077611,2.1481861499,-0.1625518784
2.222539,-2.243886,-6.507371,3.1211,-0.0539370592,2.1864982555,-0.1700014545
2.223588,-2.04454,-8.197781,2.059521,0.0184302512,2.0406994094,-0.1444600508
2.224637,-1.653053,-9.541011,0.781783,0.0620634825,1.8757445106,-0.1061479453
2.225686,-1.566589,-11.157196,2.261269,0.0758984095,1.6628994799,-0.0657073894
2.226706,-1.069425,-14.08309,2.196421,0.0950544623,1.4372837473,-0.0327164097
2.227752,0.001761,-15.270687,0.798596,0.1237885414,1.3095767289,-0.0178172575
2.228801,2.874269,-7.014973,-5.268256,0.0365220788,1.7512301676,-0.1072121704
2.22985,0.676657,-5.087522,-1.535917,-0.0486159335,2.1205162959,-0.1519096269
2.230899,-2.037335,-6.167374,2.727211,-0.0486159335,2.1918193812,-0.1519096269
2.231916,-2.162226,-8.351019,2.741621,0.00991645,2.0577270119,-0.1210470974
2.232965,-1.410475,-9.56256,1.728077,0.0535496813,1.8970290137,-0.0827349919
2.234013,-1.062219,-11.367899,1.874585,0.0663203831,1.6937620093,-0.0550651379
2.235063,-0.721169,-14.269849,2.455811,0.0812195353,1.4819812038,-0.0444228864
2.236082,-0.183174,-14.83731,0.897068,0.1131462899,1.3595953111,-0.0454871115
2.237129,1.277097,-11.518743,-2.095528,0.1184674157,1.4117423436,-0.0742211907
2.238177,2.408327,-8.042148,-4.862358,0.0567423567,1.7203676382,-0.1210470974
2.239227,0.688665,-5.458646,-2.359722,-0.017753404,2.0885895413,-0.1497811766
2.240243,-2.008514,-5.528082,2.354937,-0.0252029801,2.1822413549,-0.1444600508
2.241293,-2.188646,-7.362153,2.912146,0.0248156021,2.0492132106,-0.1146617465
2.242342,-1.290387,-8.880171,1.927424,0.0524854561,1.8821298615,-0.0806065416
2.243391,-0.879685,-11.035084,2.278081,0.0535496813,1.6788628572,-0.0540009127
2.244439,-0.577063,-14.018443,2.400571,0.0641919328,1.4862381044,-0.0444228864
2.245459,-0.243218,-16.113498,1.269341,0.092926012,1.3925862908,-0.0433586612
2.246505,1.173821,-12.756621,-1.516703,0.1152747402,1.4362195221,-0.0678358397
2.247554,2.374702,-7.702151,-5.388344,0.0684488334,1.6831197578,-0.1327535741
2.248603,0.758316,-5.801038,-2.825664,-0.0092396028,2.0087726548,-0.180643706
2.24962,-1.770739,-5.149775,2.076333,-0.0220103046,2.1173236205,-0.1742583551
2.250669,-2.34476,-6.725257,2.37175,0.0141733506,2.0087726548,-0.1338177993
2.251718,-1.67707,-9.399744,2.93136,0.0439716549,1.8736160603,-0.0795423164
2.252767,-0.949336,-10.237766,2.611926,0.058870807,1.7267529891,-0.0295237342
2.253784,-0.392128,-11.722262,1.732881,0.0599350322,1.5500916136,-0.0103676814
2.254835,1.565309,-14.511678,-2.506229,0.0939902371,1.4511186743,-0.048679787
2.255882,2.60287,-9.021437,-5.309086,0.0556781316,1.7086611615,-0.1274324483
2.25795,-1.900434,-6.167374,2.234849,-0.0017900267,2.1045529186,-0.1817079312
2.258997,-2.373581,-6.904833,2.275679,0.0418432046,2.0119653303,-0.1402031502
2.260046,-1.813971,-8.295949,2.99861,0.0673846083,1.8917078879,-0.0880561177
2.256931,0.55897,-6.562441,-1.881771,-0.003918477,2.00983688,-0.187029057
2.261094,-0.925319,-8.77003,3.171537,0.0684488334,1.7544228431,-0.0422944361
2.262144,-0.281647,-10.649594,2.292492,0.0578065819,1.5777614676,-0.0231383833
2.263161,-0.005444,-14.925901,1.439866,0.0578065819,1.4447333234,-0.021009933
2.26421,1.236267,-16.199694,-2.376534,0.065256158,1.4809169786,-0.0337806348
2.265259,2.377104,-11.130858,-6.11848,0.037586304,1.7363310155,-0.0997625944
2.266308,0.530149,-6.097937,-3.54379,-0.0283956555,2.003451529,-0.1934144079
2.267327,-1.86681,-5.159353,2.451008,-0.0347810065,2.0364425088,-0.222148487
2.268374,-2.191048,-6.502582,2.784853,0.0386505291,1.9310842186,-0.1838363815
2.269422,-1.751525,-8.856227,2.366946,0.0886691114,1.8512673321,-0.1157259717
2.270471,-1.055014,-9.955233,4.194687,0.106760939,1.7544228431,-0.0422944361
2.271488,-0.175969,-9.485941,2.722407,0.1120820647,1.615009348,0.0024030204
2.272537,0.383642,-12.531552,0.724141,0.0939902371,1.4947519056,0.0087883713
2.273587,1.769458,-16.319412,-3.272391,0.0641919328,1.5234859847,0.0002745701
2.274635,2.82143,-12.55789,-7.324164,0.0163018009,1.7874138229,-0.062514714
2.275684,0.398052,-6.775538,-3.54379,-0.0581939599,2.031121383,-0.1753225803
2.276703,-2.080566,-5.008509,2.628738,-0.0688362114,2.0045157542,-0.2285338379
2.27775,-2.063754,-6.057233,2.796862,0.0269440524,1.8863867621,-0.1976713085
2.278798,-2.078165,-9.718193,2.715202,0.1025040383,1.8384966302,-0.1221113226
2.279847,-1.74432,-11.463673,5.100152,0.1333665678,1.7852853725,-0.0284595091
2.280865,-0.384922,-9.014254,3.894467,0.1503941703,1.677798632,0.0300728744
2.281914,1.5533,-15.026463,-3.339641,0.0578065819,1.476660078,-0.0359090851
2.282963,2.538022,-15.11266,-6.452324,0.0024668739,1.6969546848,-0.0816707667
2.284012,0.698272,-8.262429,-3.95209,-0.0475517083,2.0045157542,-0.1561665275
2.285029,-1.804364,-5.518505,1.127637,-0.0624508605,2.04495631,-0.2104420103
2.28608,-1.970085,-6.888072,3.325249,0.0088522248,1.9034143646,-0.1891575073
2.287127,-1.804364,-8.118768,2.501445,0.0886691114,1.8321112793,-0.1263682232
2.288176,-1.653053,-9.325519,4.639013,0.120595866,1.8044414253,-0.0540009127
2.289225,-0.754794,-10.007909,5.05692,0.1397519187,1.7235603136,0.0055956959
2.290242,0.282768,-10.594524,1.901004,0.134430793,1.59478907,0.0162379474
2.291291,1.36356,-13.676051,-2.285267,0.0854764359,1.5288071105,-0.0231383833
2.29234,2.405925,-15.134209,-6.735732,0.0141733506,1.6841839829,-0.0784780913
2.293389,1.30832,-8.961578,-5.150569,-0.0539370592,1.9693963241,-0.152973852
2.294406,-1.393662,-4.89358,-0.154904,-0.0837353635,2.051341661,-0.2157631361
2.295457,-2.179039,-7.199338,3.173938,-0.0156249537,1.9278915431,-0.1987355336
2.296504,-1.869211,-8.667073,2.585507,0.0758984095,1.8310470542,-0.1284966735
2.297553,-1.75873,-9.658334,3.327651,0.1099536144,1.7725146707,-0.0529366876
2.29857,-1.018988,-10.297625,5.64295,0.1291096672,1.6948262345,0.0130452719
2.299619,0.232331,-10.855508,2.734416,0.1386876936,1.6022386461,0.0322013247
2.300668,1.500461,-12.984084,-1.374999,0.106760939,1.5341282363,-0.0178172575
2.301717,2.432345,-13.247462,-5.662145,0.037586304,1.6341654007,-0.0912487931
2.302766,1.565309,-8.68144,-5.707778,-0.0390379071,1.9236346425,-0.1582949778
2.303783,-1.119862,-5.789066,-0.988316,-0.0699004365,2.1024244683,-0.2040566594
2.304834,-2.2631,-8.501863,2.143582,-0.0262672052,2.0119653303,-0.1880932821
2.305881,-1.641044,-9.605658,3.082671,0.0535496813,1.8587169081,-0.1231755477
2.30693,-1.278378,-9.548194,4.98967,0.1078251641,1.6628994799,-0.0135603569
2.30795,-0.322477,-12.419018,4.497309,0.1259169917,1.5788256927,0.0141094971
2.308996,1.070546,-13.848444,-0.414294,0.1195316408,1.5437062627,-0.0124961318
2.310045,2.369899,-11.537897,-5.253845,0.0535496813,1.6586425793,-0.0859276674
2.311094,1.805485,-7.484265,-6.361057,-0.0326525562,1.9427906953,-0.1636161036
2.312111,-0.663527,-5.599913,-1.932208,-0.0677719862,2.1300943223,-0.2051208846
2.31316,-2.251092,-8.185809,1.228511,-0.0294598807,2.0460205352,-0.1849006066
2.314211,-1.90764,-10.017486,2.383759,0.0461001052,1.8704233848,-0.1221113226
2.315257,-1.405671,-9.93129,2.969788,0.0939902371,1.7437805916,-0.0561293631
2.316275,-1.127067,-11.059028,4.492506,0.1120820647,1.6384223013,0.0013387952
2.317326,-0.279245,-12.371131,4.773512,0.1312381175,1.5692476664,0.0279444241
2.318372,0.924038,-11.777332,0.553616,0.1312381175,1.5543485142,-0.0093034563
2.319421,2.242605,-9.598475,-4.482879,0.0684488334,1.6597068044,-0.104019495
2.32047,2.024045,-8.449188,-6.041623,-0.0230745298,1.9310842186,-0.1849006066
2.321487,-0.605884,-7.601588,-1.857753,-0.0539370592,2.1471219248,-0.2061851097
2.322536,-2.553714,-8.777214,0.719337,-0.0124322782,2.0960391174,-0.17319413
2.323585,-2.04454,-9.878614,1.627203,0.0556781316,1.9087354904,-0.1125332962
2.324634,-1.463314,-8.46116,2.751228,0.0971829126,1.7342025652,-0.0593220385
2.325651,-1.285583,-10.108471,3.755165,0.1046324887,1.580954143,-0.021009933
2.326702,-0.267236,-13.077464,5.477228,0.114210515,1.4979445811,0.0077241462
2.327749,1.015305,-12.249019,2.054717,0.1195316408,1.5139079584,-0.0050465557
2.328798,2.463568,-9.96481,-4.348381,0.0705772837,1.6628994799,-0.0859276674
2.329815,2.396318,-8.820312,-6.101667,-0.0188176292,1.9704605493,-0.180643706
2.330863,-0.413744,-7.386097,-1.56714,-0.0475517083,2.1950120567,-0.222148487
2.331913,-2.587338,-7.477082,0.563223,-0.0007258016,2.1364796732,-0.2051208846
2.332962,-2.366376,-9.45242,0.519991,0.058870807,1.9470475959,-0.1465885011
2.33401,-1.559384,-9.737347,3.05385,0.1088893893,1.5703118915,-0.0199457078
2.335027,-0.663527,-11.427757,4.30757,0.106760939,1.4404764228,0.0194306229
2.336079,0.993689,-13.280983,3.229179,0.1163389653,1.4447333234,0.0247517486
2.337125,2.982348,-11.312829,-3.575013,0.0769626347,1.6256515995,-0.0433586612
2.338174,3.06641,-8.896931,-6.85582,-0.0209460795,1.982167026,-0.1614876533
2.339191,-0.099113,-6.96948,-1.202072,-0.0571297347,2.2620582414,-0.2295980631
2.34024,-2.618561,-5.987797,1.144449,-0.003918477,2.2418379635,-0.2274696128
2.341289,-2.760265,-9.004677,-0.001191,0.0609992574,2.0534701113,-0.1795794809
2.342338,-2.428822,-11.231421,2.369348,0.1078251641,1.843817756,-0.0986983692
2.343355,-1.994103,-10.742974,2.828085,0.1269812169,1.6096882222,-0.0220741581
2.344404,-1.011782,-10.750157,3.995341,0.1237885414,1.4096138933,0.0268801989
2.345455,0.604604,-12.210709,3.973725,0.1248527666,1.3468246092,0.0353940002
2.346502,2.826234,-12.306483,-1.761683,0.0971829126,1.5000730314,-0.0167530324
2.347551,3.580387,-9.778051,-6.370665,0.0077879997,1.8768087358,-0.1306251238
2.348568,0.650237,-6.945537,-2.816057,-0.0518086089,2.2226819107,-0.2317265134
2.349617,-2.200655,-5.552026,1.804934,-0.0134965034,2.2599297911,-0.2583321422
2.350666,-2.558517,-8.020599,0.166932,0.0567423567,2.0949748923,-0.2189558116
2.351714,-2.448036,-10.965648,1.473491,0.1014398132,1.9034143646,-0.1380746999
2.352732,-2.205458,-10.927339,3.137912,0.1248527666,1.6809913075,-0.0508082373
2.353781,-1.37685,-10.493961,2.751228,0.1237885414,1.4479259988,0.0151737222
2.354832,0.076216,-11.590573,3.978529,0.1174031905,1.3127694043,0.0492289272
2.355879,2.485183,-13.21873,-0.483945,0.0939902371,1.3883293902,0.0322013247
2.360042,-2.219869,-11.135647,0.637677,0.0918617868,1.9736532247,-0.1710656796
2.361091,-2.272707,-12.675213,3.106689,0.1227243163,1.7799642468,-0.0784780913
2.362108,-1.657856,-11.284097,3.207563,0.1365592433,1.5511558387,0.0013387952
2.363157,-0.442565,-10.453258,2.866513,0.1227243163,1.3670448872,0.0385866756
2.364208,1.750244,-12.548313,0.556018,0.0961186874,1.3564026356,0.0226232983
2.357945,1.572514,-6.883284,-3.363658,-0.059258185,2.1407365739,-0.1827721563
2.358993,-1.609821,-4.230346,1.965852,-0.0496801586,2.2535444402,-0.2508825662
2.356896,4.027115,-11.521137,-6.075248,0.0173660261,1.7405879161,-0.0593220385
2.365255,3.810956,-12.093386,-4.883974,0.037586304,1.6586425793,-0.0454871115
2.366272,2.091294,-7.400463,-4.593361,-0.0496801586,2.1024244683,-0.1487169514
2.367321,-1.343225,-4.189642,1.456678,-0.0677719862,2.2737647181,-0.2242769373
2.368369,-2.046942,-6.325401,1.699256,0.0045953242,2.155635726,-0.2317265134
2.369418,-1.893229,-11.147619,0.330252,0.0769626347,1.9970661781,-0.1774510306
2.370435,-2.171833,-11.961697,2.669568,0.1227243163,1.8204048026,-0.0933772434
2.371484,-1.811569,-10.92255,2.424588,0.1397519187,1.5862752688,-0.0242026084
2.372533,-0.649116,-11.664798,2.686381,0.1354950181,1.3787513638,0.0194306229
2.373585,1.5533,-13.1469,0.656892,0.1227243163,1.3468246092,0.0236875235
2.374631,3.741305,-12.040711,-4.862358,0.065256158,1.6267158246,-0.0305879594
2.375648,2.353086,-7.072437,-4.583753,-0.0326525562,2.0641123628,-0.131689349
2.376697,-1.13187,-4.369218,0.933094,-0.0794784629,2.2609940162,-0.2125704606
2.377746,-1.926854,-5.86808,2.900137,-0.0188176292,2.1737275536,-0.222148487
2.378795,-1.741918,-9.541011,0.359073,0.065256158,2.0396351843,-0.1795794809
2.379812,-2.16703,-12.184372,1.992271,0.1110178396,1.8895794376,-0.1072121704
2.380861,-2.054147,-12.397469,3.248393,0.1376234684,1.6671563805,-0.0295237342
2.381909,-1.134272,-12.385497,1.660828,0.1461372696,1.4330268467,0.0194306229
2.382961,0.962466,-12.864367,0.666499,0.1386876936,1.3287327816,0.0119810468
2.383976,3.306586,-11.760572,-3.776761,0.0918617868,1.5266786602,-0.048679787
2.385025,2.715753,-6.912016,-4.542924,0.0024668739,1.9672678738,-0.1338177993
2.386076,-2.159825,-6.323006,3.017824,-0.0134965034,2.2045900831,-0.194478633
2.387122,-1.849997,-9.344674,1.0772,0.0535496813,2.0577270119,-0.1572307527
2.388139,-1.919648,-11.118886,1.495107,0.0886691114,1.8917078879,-0.1018910447
2.389188,-1.818774,-12.150851,2.880923,0.1056967138,1.6724775063,-0.0476155618
2.390237,-1.13187,-13.913091,1.934629,0.120595866,1.4564398001,-0.007175006
2.391286,0.787138,-13.446193,0.359073,0.1291096672,1.3617237614,-0.0082392311
2.392336,3.085624,-10.589735,-3.565406,0.0886691114,1.5362566866,-0.0678358397
2.393352,2.662914,-7.103564,-4.461264,0.0035310991,1.9566256223,-0.1412673753
2.394401,-0.452172,-4.919918,0.474358,-0.0464874832,2.2631224665,-0.1795794809
2.395452,-2.229476,-6.45709,2.693586,-0.0113680531,2.2439664138,-0.1721299048
2.396499,-1.876417,-8.693411,1.504714,0.0482285555,2.0832684156,-0.1412673753
2.397516,-1.571393,-10.005514,1.370215,0.079091085,1.9044785898,-0.1008268195
2.398565,-1.480126,-11.930571,2.602319,0.0939902371,1.6895051087,-0.0603862637
2.399614,-1.014184,-14.643368,2.326116,0.1152747402,1.4777243031,-0.0273952839
2.400663,0.232331,-14.423088,0.306234,0.1386876936,1.3670448872,-0.0231383833
2.40168,2.230597,-10.754945,-2.868895,0.1174031905,1.4883665547,-0.0710285152
2.402729,2.566843,-6.885678,-4.610173,0.0386505291,1.8651022591,-0.1359462496
2.403778,-0.048676,-4.603864,-0.637658,-0.0220103046,2.1992689573,-0.17319413
2.404829,-2.174235,-6.215261,2.950574,-0.0060469273,2.2237461358,-0.1678730042
2.405876,-1.970085,-8.760453,2.177207,0.0471643304,2.0779472898,-0.131689349
2.406893,-1.415278,-9.869036,1.413447,0.0748341844,1.9076712652,-0.0912487931
2.407942,-1.069425,-11.52832,2.133975,0.0801553101,1.6948262345,-0.0657073894
2.408991,-0.66833,-14.712804,1.994673,0.0918617868,1.4968803559,-0.0529366876
2.41004,0.208313,-15.127026,0.426322,0.120595866,1.4096138933,-0.0529366876
2.411057,1.951992,-10.81241,-3.029813,0.1163389653,1.5277428854,-0.090184568
2.412105,2.386711,-7.13469,-4.98725,0.0471643304,1.8778729609,-0.1476527263
2.413154,-2.243886,-5.872869,2.460615,0.0056595494,2.2184250101,-0.1582949778
2.414205,-2.16703,-8.106796,2.451008,0.0503570058,2.079011515,-0.1210470974
2.41522,-1.316806,-9.203408,2.174805,0.0769626347,1.9183135168,-0.0816707667
2.41627,-0.778811,-10.889029,1.946638,0.0801553101,1.7182391879,-0.0614504888
2.417318,-0.483395,-14.83731,2.220439,0.0897333365,1.5383851369,-0.0571935882
2.418367,0.047395,-15.86688,1.019558,0.1259169917,1.4660178264,-0.0571935882
2.419416,1.562907,-10.924944,-2.61671,0.1354950181,1.5522200639,-0.0955056937
2.420433,2.122517,-7.450744,-5.22022,0.0663203831,1.8331755045,-0.1646803287
2.421482,-0.00064,-6.531315,-0.971503,0.0014026488,2.1151951702,-0.1955428582
2.422531,-2.152619,-5.903995,2.811272,0.0120449003,2.1588284015,-0.1742583551
2.423582,-2.183842,-7.067649,2.537471,0.051421231,2.0492132106,-0.1348820244
2.424597,-1.40327,-8.793974,2.878522,0.0716415089,1.9236346425,-0.090184568
2.425646,-0.692348,-9.962416,2.275679,0.0737699592,1.7565512934,-0.0550651379
2.426695,-0.168764,-12.890704,1.694453,0.0705772837,1.5798899179,-0.0454871115
2.427744,0.333205,-16.113498,0.803399,0.0897333365,1.4862381044,-0.0465513367
2.428761,1.709414,-13.333659,-3.058635,0.1056967138,1.5660549909,-0.076349641
2.42981,2.208981,-8.628764,-5.664546,0.0524854561,1.8470104315,-0.1497811766
2.430859,-0.005444,-6.892861,-1.276527,-0.0028542519,2.1109382696,-0.1966070833
2.431908,-1.994103,-5.343718,2.595114,0.0173660261,2.1407365739,-0.187029057
2.432959,-2.056549,-5.733996,2.061922,0.0641919328,2.0332498333,-0.1561665275
2.433974,-1.600214,-9.062141,3.049047,0.086540661,1.9257630928,-0.1082763956
2.435023,-0.922917,-10.865086,3.351669,0.0993113629,1.7969918492,-0.048679787
2.436071,-0.159157,-11.274519,1.953843,0.1014398132,1.6416149768,-0.0242026084
2.43712,0.330803,-14.332102,0.332654,0.0971829126,1.5309355608,-0.0369733103
2.438137,1.373168,-15.356884,-3.238767,0.092926012,1.5915963946,-0.0678358397
2.439186,-0.332084,-6.416386,-2.162777,-0.017753404,2.0832684156,-0.2200200367
2.440235,-2.032531,-4.816961,2.813674,-0.0134965034,2.0779472898,-0.2349191889
2.441284,-2.037335,-5.971037,2.561489,0.0556781316,1.989616602,-0.1955428582
2.442301,-1.849997,-9.392561,3.034636,0.0993113629,1.9278915431,-0.125303998
2.44335,-1.146281,-10.395793,4.329186,0.1152747402,1.8310470542,-0.0465513367
2.444399,-0.079899,-8.95679,2.405374,0.1163389653,1.6756701817,-0.0093034563
2.445448,0.64063,-12.466905,-0.027611,0.0897333365,1.5234859847,-0.021009933
2.446465,2.064875,-17.250813,-3.394881,0.0620634825,1.545834713,-0.0433586612
2.447514,2.68453,-13.058309,-6.212148,0.0290725027,1.829982829,-0.0997625944
2.448563,0.208313,-6.097937,-3.08025,-0.0305241059,2.0853968659,-0.1976713085
2.449612,-1.813971,-4.39795,2.583105,-0.0337167813,2.0662408131,-0.2466256656
2.450661,-1.874015,-6.6223,2.940967,0.0546139064,1.9598182977,-0.2136346858
2.451677,-1.910041,-9.52425,2.751228,0.1216600911,1.9172492916,-0.1370104747
2.452727,-1.422484,-10.118049,4.71587,0.1440088193,1.857652683,-0.0561293631
2.453775,-0.334485,-9.426082,3.387695,0.1514583954,1.7373952406,-0.0061107808
2.454827,0.453293,-11.41818,0.685713,0.1291096672,1.6001101958,-0.0061107808
2.455841,1.81269,-15.320968,-3.795976,0.072705734,1.587339494,-0.0337806348
2.45689,2.742172,-13.2738,-6.59643,0.0088522248,1.8342397296,-0.0891203428
2.45794,0.479712,-6.873706,-3.06584,-0.0475517083,2.0885895413,-0.1827721563
2.458988,-1.943666,-5.662166,1.531133,-0.0550012844,2.0630481376,-0.2381118643
2.460005,-1.96288,-7.795531,3.202759,0.0312009531,1.9310842186,-0.2093777852
2.461054,-1.895631,-9.009465,2.76804,0.1120820647,1.8831940867,-0.1359462496
2.462103,-1.749123,-9.888191,4.492506,0.1365592433,1.8416893057,-0.0582578134
2.463152,-0.706758,-9.734953,4.63421,0.1535868457,1.7405879161,-0.0018538802
2.464203,0.412463,-10.297625,1.053182,0.1408161439,1.6192662486,-0.0050465557
2.465218,2.475576,-13.992105,-6.584421,0.0152375758,1.8118910014,-0.111469071
2.466267,0.570979,-8.197781,-3.930474,-0.0390379071,2.0853968659,-0.1795794809
2.467316,-1.917247,-6.131458,0.601651,-0.045423258,2.1120024947,-0.2264053876
2.468365,-1.977291,-7.515392,2.587908,0.0248156021,1.9747174499,-0.2051208846
2.469382,-1.631437,-7.946375,2.547078,0.100375588,1.8831940867,-0.145524276
2.470431,-1.686677,-9.552982,3.9401,0.1269812169,1.8235974781,-0.0774138661
2.47148,-0.978158,-10.948888,5.532469,0.1472014948,1.7533586179,-0.0103676814
2.472528,0.227527,-11.36311,2.527864,0.1546510709,1.6671563805,0.0119810468
2.473546,1.728628,-13.204364,-2.823262,0.1056967138,1.6341654007,-0.0337806348
2.474595,2.653307,-12.912254,-6.615644,0.0163018009,1.8055056505,-0.1104048459
2.475643,0.936047,-7.592011,-4.31956,-0.0518086089,2.0736903892,-0.1859648318
2.476692,-1.667463,-5.398788,0.289422,-0.0518086089,2.1375438984,-0.2274696128
2.477741,-1.989299,-8.382146,2.215635,0.0163018009,2.0077084297,-0.1997997588
2.478758,-1.489733,-9.708615,2.643149,0.0876048862,1.8874509873,-0.1327535741
2.479807,-1.523358,-9.596081,3.579836,0.1195316408,1.7969918492,-0.0657073894
2.480856,-1.067023,-10.59213,5.256266,0.1333665678,1.7086611615,-0.0093034563
2.481905,0.081019,-12.059865,3.522194,0.1440088193,1.636293851,0.0098525965
2.482922,1.591728,-11.961697,-1.696835,0.114210515,1.6118166725,-0.0391017606
2.483971,2.65811,-10.783678,-6.435512,0.023751377,1.7597439689,-0.1295608987
2.485019,1.248276,-8.717355,-4.804716,-0.0507443838,2.0470847603,-0.1976713085
2.486068,-1.554581,-7.261591,-0.438312,-0.045423258,2.1896909309,-0.2146989109
2.487088,-2.354367,-8.8251,1.101218,0.0152375758,2.0896537665,-0.1817079312
2.488134,-1.775543,-8.978339,2.299697,0.0854764359,1.9236346425,-0.1263682232
2.489183,-1.667463,-8.511441,2.662363,0.1163389653,1.7799642468,-0.0731569655
2.490232,-1.160692,-10.781283,4.886395,0.1259169917,1.6650279302,-0.0231383833
2.49128,1.454827,-12.296906,-0.644864,0.1354950181,1.622458924,-0.0273952839
2.492298,2.790207,-10.472412,-5.775028,0.0524854561,1.7937991738,-0.1167901968
2.493347,1.574916,-8.396512,-5.443584,-0.031588331,2.0896537665,-0.1987355336
2.494396,-1.405671,-6.912016,-0.68089,-0.0390379071,2.2301314868,-0.2285338379
2.495445,-2.510482,-8.475526,0.966719,0.0205587015,2.1269016469,-0.200863984
2.496462,-1.967684,-9.447631,1.658426,0.086540661,1.9523687217,-0.1402031502
2.497511,-1.70349,-9.131577,2.559087,0.1163389653,1.7767715713,-0.0795423164
2.498559,-1.324011,-10.357484,4.158661,0.1237885414,1.6245873743,-0.0263310588
2.499608,-0.236013,-12.213104,5.246659,0.1365592433,1.5607338651,0.0119810468
2.500625,1.370766,-12.806902,0.95471,0.1333665678,1.5820183682,-0.0029181054
2.501674,3.090427,-10.766917,-5.280265,0.0673846083,1.7522943928,-0.0986983692
2.502723,2.365095,-8.473131,-5.957561,-0.0262672052,2.0843326407,-0.2061851097
2.503772,-0.802829,-6.691736,-0.097262,-0.0379736819,2.2865354199,-0.2455614404
2.504821,-2.678605,-7.304689,0.671302,0.0216229267,2.1982047322,-0.2210842619
2.505839,-2.522491,-10.338329,0.522393,0.0758984095,2.0013230787,-0.1561665275
2.506887,-1.994103,-10.486778,3.1211,0.1195316408,1.8129552265,-0.0752854158
2.507936,-1.530563,-9.112422,2.751228,0.1323023427,1.6267158246,-0.0146245821
2.508984,-0.577063,-10.855508,4.550148,0.1269812169,1.4979445811,0.0130452719
2.510002,1.128188,-13.156477,3.025029,0.1301738923,1.4915592301,0.0055956959
2.51105,3.011169,-11.990429,-4.108205,0.0822837604,1.6863124333,-0.062514714
2.512099,2.6437,-9.375801,-6.219354,-0.0156249537,2.0630481376,-0.1710656796
2.513148,-0.493002,-6.739623,-1.319759,-0.0528728341,2.3142052739,-0.2423687649
2.514165,-2.544107,-6.035684,1.086807,-0.0060469273,2.2556728905,-0.2466256656
2.516263,-2.131003,-10.805227,2.417383,0.1025040383,1.8863867621,-0.1199828723
2.515214,-2.433625,-8.552145,0.529598,0.0578065819,2.0704977137,-0.1997997588
2.517312,-1.84039,-10.953676,3.591845,0.1248527666,1.6831197578,-0.0380375354
2.518331,0.633425,-12.208315,3.322848,0.1248527666,1.4596324755,0.0332655499
2.519378,2.754181,-13.101407,-2.426971,0.092926012,1.5798899179,-0.0199457078
2.520427,3.373835,-10.201851,-6.610841,0.0035310991,1.9236346425,-0.1295608987
2.521476,0.443686,-6.136247,-1.922601,-0.0528728341,2.2460948641,-0.2295980631
2.522525,-2.157423,-4.946256,1.80013,-0.0156249537,2.2758931684,-0.2615248177
2.523542,-2.325546,-8.784397,0.241387,0.0535496813,2.1194520708,-0.2242769373
2.524591,-2.176637,-11.437335,1.848166,0.1078251641,1.9427906953,-0.1433958257
2.52564,-1.936461,-10.13002,2.842495,0.1333665678,1.7395236909,-0.0614504888
2.526688,-1.273574,-10.369455,3.260402,0.1237885414,1.5330640111,0.0013387952
2.527708,0.191501,-12.718311,3.942502,0.1174031905,1.4202561448,0.0407151259
2.528754,2.883876,-13.242674,-1.432642,0.092926012,1.5213575344,0.0236875235
2.529803,4.089561,-10.400582,-7.151237,0.0045953242,1.8927721131,-0.0784780913
2.530852,0.993689,-6.591173,-3.265186,-0.0784142378,2.2609940162,-0.200863984
2.531869,-1.972487,-4.532033,2.580703,-0.0518086089,2.3110125984,-0.2572679171
2.532918,-2.063754,-7.493843,0.575232,0.0418432046,2.1737275536,-0.2402403146
2.533967,-2.075763,-11.892261,0.990736,0.1099536144,2.023671807,-0.1678730042
2.535016,-2.260699,-11.791698,3.200358,0.1450730445,1.8193405775,-0.0731569655
2.536065,-1.645847,-10.153964,2.561489,0.1546510709,1.5894679443,-0.0018538802
2.537084,-0.404136,-10.956071,3.430927,0.1450730445,1.435155297,0.034329775
2.538131,1.889546,-13.120562,-0.250975,0.1174031905,1.4660178264,0.0258159738
2.539179,3.878205,-11.703108,-5.835072,0.0418432046,1.7927349486,-0.048679787
2.540228,1.769458,-7.031733,-3.819993,-0.0518086089,2.2088469837,-0.1625518784
2.541246,-1.566589,-4.227951,1.953843,-0.0656435359,2.3344255518,-0.2338549637
2.542295,-2.010915,-6.471456,1.824148,0.0131091254,2.2120396592,-0.2349191889
2.543343,-1.874015,-11.044662,0.488768,0.086540661,2.0598554622,-0.1785152557
2.544393,-1.787551,-11.755783,3.058654,0.1503941703,1.6394865265,-0.0135603569
2.54541,-0.692348,-11.229026,2.491838,0.1493299451,1.4383479725,0.0300728744
2.546461,1.529282,-12.196343,-0.018004,0.1312381175,1.4106781185,0.0151737222
2.547508,3.842179,-11.205083,-5.354719,0.0684488334,1.7033400357,-0.0540009127
2.548556,2.103303,-7.26638,-4.341176,-0.0283956555,2.1492503751,-0.1519096269
2.549605,-1.590607,-5.140198,1.720872,-0.0613866353,2.32165485,-0.2157631361
2.550622,-2.080566,-6.497794,2.359741,0.0067237745,2.2131038843,-0.2189558116
2.551671,-1.70349,-10.340723,0.383091,0.0833479856,2.0779472898,-0.17319413
2.55272,-2.013317,-11.619305,2.429392,0.1269812169,1.9236346425,-0.097634144
2.553769,-1.768337,-10.877057,2.669568,0.1429445942,1.6937620093,-0.0316521845
2.554786,-0.903703,-12.205921,2.141181,0.1429445942,1.4692105019,0.0087883713
2.555837,1.075349,-13.65929,0.853836,0.1386876936,1.4159992442,0.0109168216
2.556884,3.397853,-12.002401,-4.345979,0.092926012,1.6714132811,-0.0391017606
2.557933,2.377104,-7.163423,-4.559736,-0.0060469273,2.1045529186,-0.1359462496
2.558953,-1.189513,-4.776257,1.082003,-0.0656435359,2.3237833003,-0.2115062355
2.559999,-2.234279,-5.784278,3.356472,-0.0134965034,2.2514159898,-0.2178915864
2.561048,-1.917247,-8.485103,0.820211,0.0673846083,2.1173236205,-0.1774510306
2.562097,-2.193449,-11.408603,1.713667,0.1025040383,1.9619467481,-0.1104048459
2.563146,-2.046942,-12.44775,3.42132,0.1227243163,1.73313834,-0.0380375354
2.564163,-1.045407,-13.034365,1.71847,0.1365592433,1.4947519056,0.0130452719
2.565213,1.243472,-13.326476,0.267806,0.1333665678,1.3862009399,0.0162379474
2.566261,3.81576,-11.782121,-3.776761,0.0939902371,1.5884037191,-0.0412302109
2.567309,3.102436,-7.364548,-4.711047,0.0077879997,2.04495631,-0.1263682232
2.568329,-0.680339,-4.632596,0.909077,-0.0486159335,2.3376182273,-0.1838363815
2.569375,-2.383188,-6.009347,3.282018,-0.0049827022,2.2961134463,-0.1859648318
2.570424,-1.924452,-10.716636,1.228511,0.0961186874,1.9768459002,-0.1029552698
2.571473,-1.722704,-11.614517,2.724809,0.114210515,1.7501659425,-0.0518724624
2.57249,-1.064621,-13.779008,1.816943,0.128045442,1.5288071105,-0.0178172575
2.573539,0.472507,-14.566748,0.575232,0.1408161439,1.4362195221,-0.0114319066
2.574588,2.629289,-11.30804,-3.171517,0.1174031905,1.6043670964,-0.0561293631
2.575637,2.662914,-6.945537,-5.008865,0.0290725027,2.0087726548,-0.1263682232
2.576654,-0.298459,-4.740342,0.135709,-0.045423258,2.3110125984,-0.1721299048
2.577705,-2.279913,-6.1985,3.404507,-0.0209460795,2.293984996,-0.1700014545
2.578752,-1.938862,-8.413273,1.901004,0.0439716549,2.141800799,-0.139138925
2.579801,-1.520956,-10.187485,1.269341,0.0758984095,1.9779101254,-0.0955056937
2.58085,-1.283181,-12.050288,2.511052,0.092926012,1.7693219952,-0.0529366876
2.581867,-0.860471,-14.047175,1.92262,0.1174031905,1.5649907657,-0.0273952839
2.582916,0.289973,-14.128583,-0.037218,0.1440088193,1.4564398001,-0.0316521845
2.583965,2.266623,-11.293674,-3.02501,0.1333665678,1.5703118915,-0.0784780913
2.585014,2.619682,-7.867361,-4.965634,0.0641919328,1.9417264701,-0.1380746999
2.586031,0.037788,-5.054001,-0.637658,0.0067237745,2.2716362678,-0.1689372293
2.587082,-2.287118,-5.616673,2.940967,0.0184302512,2.293984996,-0.159359203
2.588128,-2.121396,-8.140317,2.340527,0.0641919328,2.1566999512,-0.1221113226
2.589177,-1.292788,-9.612841,1.764104,0.0897333365,1.9949377278,-0.0784780913
2.590195,-0.807633,-11.15959,2.028298,0.0918617868,1.7863495977,-0.0518724624
2.591244,-0.562653,-14.214779,2.1676,0.100375588,1.6001101958,-0.0444228864
2.592293,0.061805,-14.933084,0.692918,0.1301738923,1.518164859,-0.0433586612
2.593341,1.798279,-11.607334,-3.056233,0.1312381175,1.6139451228,-0.0816707667
2.59439,2.309855,-8.865804,-5.179391,0.0663203831,1.9257630928,-0.1465885011
2.595407,-0.075095,-5.920756,-0.524775,0.00991645,2.2099112089,-0.1774510306
2.596459,-2.114191,-7.084409,2.3045,0.0663203831,2.1151951702,-0.1359462496
2.597505,-1.247155,-9.529039,2.657559,0.0897333365,1.9874881517,-0.0869918925
2.598554,-0.730776,-10.412554,2.470222,0.0907975617,1.8097625511,-0.0454871115
2.599571,-0.507412,-13.197181,2.141181,0.0897333365,1.6352296259,-0.0252668336
2.60062,0.157876,-16.051245,0.661695,0.1163389653,1.5511558387,-0.0156888072
2.601669,2.156142,-13.060703,-3.89685,0.1216600911,1.6490645529,-0.0571935882
2.602718,2.499594,-8.437216,-5.746206,0.0546139064,1.9459833707,-0.152973852
2.603735,-0.437761,-6.03329,0.224574,0.0077879997,2.1811771297,-0.2093777852
2.604784,-2.433625,-4.816961,3.185947,0.0418432046,2.1801129045,-0.1976713085
2.605835,-2.37118,-7.319055,1.802532,0.086540661,2.0832684156,-0.1508454017
2.606881,-1.854801,-10.194668,3.258,0.1088893893,1.9747174499,-0.0795423164
2.60793,-0.891694,-9.330308,2.614328,0.1131462899,1.8225332529,-0.0242026084
2.608948,-0.166362,-10.304808,1.610391,0.0961186874,1.6543856786,-0.0156888072
2.609996,0.570979,-15.026463,0.315841,0.0876048862,1.55966964,-0.0231383833
2.611045,2.100901,-15.490967,-4.408425,0.0769626347,1.6788628572,-0.0476155618
2.612094,1.959197,-10.70227,-5.782233,0.0226871518,1.9885523769,-0.125303998
2.613111,-0.649116,-6.452301,-0.620846,-0.0209460795,2.1801129045,-0.200863984
2.61416,-2.058951,-4.570343,3.089877,0.0163018009,2.141800799,-0.2125704606
2.615211,-2.025326,-6.306246,2.38616,0.0886691114,2.0704977137,-0.1753225803
2.616258,-1.813971,-9.663123,3.346865,0.1301738923,2.0109011051,-0.1061479453
2.617275,-0.934926,-10.098894,4.074599,0.1461372696,1.8874509873,-0.0369733103
2.618324,-0.113523,-9.502701,2.275679,0.1397519187,1.7161107376,-0.0061107808
2.619373,0.556568,-13.122956,-0.008397,0.1088893893,1.5766972424,-0.0082392311
2.620422,2.247409,-16.259553,-4.079383,0.0737699592,1.636293851,-0.0252668336
2.621471,2.574049,-12.009584,-6.58202,0.0216229267,1.9427906953,-0.0944414686
2.622488,-0.180773,-6.164979,-1.888976,-0.0390379071,2.1662779776,-0.1923501827
2.623537,-1.970085,-7.13469,2.619131,0.0769626347,2.0289929327,-0.187029057
2.624588,-1.874015,-9.979177,2.940967,0.1408161439,2.0002588536,-0.1093406207
2.625634,-1.184709,-9.866642,4.509318,0.162100647,1.9257630928,-0.0316521845
2.626651,-0.180773,-9.220168,2.619131,0.1631648721,1.7927349486,0.0034672456
2.627703,0.551765,-12.493243,0.31344,0.134430793,1.6586425793,-0.0093034563
2.628749,1.855922,-15.474207,-4.216284,0.0822837604,1.6788628572,-0.0391017606
2.629798,2.254614,-11.906627,-6.764554,0.0205587015,1.9417264701,-0.0944414686
2.630815,-0.233611,-6.782721,-2.230027,-0.0347810065,2.1620210769,-0.1774510306
2.631864,-2.08537,-5.599913,2.42699,-0.0326525562,2.1120024947,-0.2157631361
2.632913,-1.886024,-6.742017,2.864111,0.0492927807,1.989616602,-0.1880932821
2.633963,-1.895631,-9.313548,3.020225,0.1174031905,1.9459833707,-0.1199828723
2.635011,-1.484929,-11.322406,4.953644,0.14826572,1.9055428149,-0.0359090851
2.636028,-0.24562,-10.355089,4.218705,0.1716786733,1.8097625511,0.0183663977
2.637079,0.736701,-10.601707,0.315841,0.1514583954,1.6820555326,-0.0018538802
2.638126,1.863127,-14.001682,-4.240302,0.0822837604,1.6628994799,-0.0614504888
2.639175,2.489987,-12.627326,-6.54119,0.0152375758,1.8895794376,-0.1189186471
2.640192,0.448489,-7.065254,-3.416497,-0.0220103046,2.1609568518,-0.1795794809
2.641241,-1.854801,-6.296668,1.233314,-0.0145607286,2.1790486794,-0.2061851097
2.64229,-1.854801,-7.845812,2.76804,0.0599350322,2.0396351843,-0.1689372293
2.643338,-1.643446,-8.537779,2.647952,0.128045442,1.9587540726,-0.1072121704
2.644356,-1.523358,-9.974388,4.682245,0.1546510709,1.9172492916,-0.0412302109
2.645405,-0.639509,-11.185928,5.01609,0.1727428985,1.8363681799,0.0098525965
2.646456,0.31399,-11.923388,1.71847,0.1674217727,1.7246245388,0.0045314707
2.647503,1.44522,-12.385497,-2.90252,0.1078251641,1.6937620093,-0.0593220385
2.648519,2.290641,-11.231421,-6.632457,0.0205587015,1.8885152124,-0.1284966735
2.649568,-2.135807,-7.589617,0.111692,-0.0305241059,2.2258745862,-0.1976713085
2.650617,-2.193449,-8.413273,2.150788,0.0333294034,2.0715619389,-0.1657445539
2.651666,-1.477724,-7.37652,2.760835,0.1078251641,1.9417264701,-0.1146617465
2.652716,-1.669865,-9.047775,3.560622,0.134430793,1.8523315572,-0.0603862637
2.653732,-1.030996,-12.294512,5.72461,0.1535868457,1.7565512934,0.0013387952
2.654781,0.460498,-12.598594,3.128305,0.1727428985,1.677798632,0.020494848
2.655832,1.858323,-11.34635,-2.6023,0.134430793,1.6714132811,-0.0444228864
2.656879,2.583656,-10.546637,-6.140095,0.0471643304,1.8374324051,-0.1359462496
2.657896,1.04893,-8.358203,-4.514102,-0.0166891789,2.1109382696,-0.194478633
2.658945,-1.732311,-7.493843,-0.443116,-0.0198818543,2.2216176855,-0.2051208846
2.659994,-2.351966,-9.241717,1.701658,0.0386505291,2.1120024947,-0.166808779
2.661042,-1.655455,-8.583271,2.451008,0.1110178396,1.9619467481,-0.1093406207
2.662059,-1.655455,-8.485103,2.777648,0.1365592433,1.8363681799,-0.0582578134
2.663109,-1.083835,-11.025507,5.167401,0.141880369,1.7352667903,-0.0103676814
2.664157,0.213116,-12.787747,4.480497,0.1599721966,1.6937620093,0.0109168216
2.665209,1.606138,-11.95212,-1.125216,0.1408161439,1.7214318633,-0.0337806348
2.666255,2.629289,-10.134809,-5.835072,0.058870807,1.8831940867,-0.1231755477
2.667272,1.298713,-8.564116,-5.249042,-0.0198818543,2.1588284015,-0.1966070833
2.668321,-1.384055,-7.527364,-0.98111,-0.031588331,2.2918565457,-0.2189558116
2.66937,-2.433625,-8.760453,1.163663,0.0248156021,2.1811771297,-0.1849006066
2.670419,-1.94847,-8.937635,2.186814,0.0982471377,2.0002588536,-0.1242397729
2.671436,-1.593009,-8.817917,2.698389,0.1312381175,1.8363681799,-0.0689000649
2.672485,-1.182307,-10.845931,4.641415,0.141880369,1.7001473603,-0.0167530324
2.673534,-0.063086,-12.414229,5.080937,0.1642290973,1.6394865265,0.0183663977
2.674585,1.447622,-12.174794,0.159727,0.1546510709,1.6543856786,-0.0050465557
2.6756,2.831037,-10.505933,-5.30188,0.0812195353,1.8055056505,-0.0944414686
2.676648,-1.043005,-7.003001,-0.659274,-0.0166891789,2.2982418966,-0.2274696128
2.677698,-2.604151,-8.442005,1.2141,0.0450358801,2.2184250101,-0.1966070833
2.678746,-2.159825,-9.335097,0.839425,0.1078251641,2.0396351843,-0.1359462496
2.679795,-1.732311,-9.502701,2.438999,0.1323023427,1.8523315572,-0.0774138661
2.680812,-1.384055,-10.872269,4.127438,0.1376234684,1.6809913075,-0.0199457078
2.681861,-0.284048,-12.067049,5.042509,0.1493299451,1.6171377983,0.0215590732
2.68291,1.483649,-12.426201,1.70406,0.1525226206,1.6586425793,0.0087883713
2.683962,3.193703,-11.066211,-5.311487,0.0918617868,1.8342397296,-0.0869918925
2.684976,2.362694,-8.803551,-6.046427,-0.0049827022,2.155635726,-0.2061851097
2.686025,-0.812436,-6.378076,0.06846,-0.0124322782,2.3652880813,-0.2604605926
2.687074,-2.729042,-6.964692,0.383091,0.0524854561,2.3056914727,-0.2423687649
2.688123,-2.656989,-10.04143,0.616062,0.1078251641,2.1247731966,-0.1742583551
2.68914,-2.198253,-10.182696,2.80887,0.141880369,1.9193777419,-0.090184568
2.690189,-1.768337,-9.332702,2.496641,0.1461372696,1.7044042609,-0.0242026084
2.691238,-0.737981,-10.860297,4.833556,0.1386876936,1.5522200639,0.0236875235
2.692286,1.140197,-13.103801,3.308437,0.1376234684,1.5266786602,0.0428435762
2.693464,3.40746,-12.088598,-3.599031,0.0886691114,1.7086611615,-0.0114319066
2.694353,3.296979,-8.537779,-6.5556,-0.0103038279,2.0939106671,-0.131689349
2.695401,-0.168764,-6.497794,-1.34858,-0.0496801586,2.3663523064,-0.2242769373
2.69645,-2.407206,-7.031733,2.013887,0.00991645,2.3269759758,-0.235983414
2.697499,-2.255895,-9.323125,0.097281,0.0876048862,2.1577641763,-0.1902217324
2.698516,-2.082968,-10.92255,1.896201,0.134430793,1.975781675,-0.117854422
2.699565,-1.874015,-10.910578,3.416516,0.1567795212,1.7629366443,-0.0444228864
2.700614,-1.047809,-11.03269,3.606255,0.162100647,1.5841468185,0.0087883713
2.701663,2.523612,-12.06226,-2.133956,0.1248527666,1.6469361026,-0.0220741581
2.70268,3.289774,-10.429314,-6.867829,0.0248156021,2.00983688,-0.1306251238
2.703729,0.460498,-7.108353,-2.266053,-0.045423258,2.3482604788,-0.2295980631
2.704777,-2.145414,-4.642173,2.011485,-0.0092396028,2.3865725844,-0.2625890429
2.705829,-2.380787,-7.656658,0.599249,0.0695130586,2.2429021886,-0.2295980631
2.706843,-2.287118,-11.123675,1.699256,0.1237885414,2.0704977137,-0.1497811766
2.707893,-2.143012,-11.195506,2.854504,0.1493299451,1.843817756,-0.0614504888
2.708941,-1.444099,-11.066211,2.99861,0.1525226206,1.6064955467,0.0087883713
2.70999,0.037788,-11.504377,3.623068,0.1472014948,1.4575040252,0.0460362517
2.711039,2.540424,-12.524369,-0.851415,0.120595866,1.5064583823,0.0247517486
2.712056,4.123185,-11.205083,-6.058435,0.0471643304,1.8491388818,-0.0646431643
2.713105,1.529282,-7.125113,-3.512568,-0.0358452316,2.2620582414,-0.1795794809
2.714154,-1.739516,-4.608653,2.001878,-0.0337167813,2.3759303328,-0.2434329901
2.71622,-2.179039,-11.3248,0.685713,0.120595866,2.1013602432,-0.17319413
2.715205,-2.186244,-6.938354,1.262136,0.0535496813,2.2546086653,-0.2370476392
2.717269,-2.270306,-12.316061,3.058654,0.1525226206,1.9108639407,-0.0816707667
2.718318,-1.633839,-10.987197,2.789656,0.1674217727,1.6863124333,-0.0050465557
2.719367,-0.356101,-11.23621,2.688782,0.1599721966,1.5160364087,0.0332655499
2.720384,1.973608,-12.672819,0.118897,0.1333665678,1.5298713357,0.0215590732
2.721433,3.796546,-11.157196,-5.210613,0.0663203831,1.8459462063,-0.0508082373
2.722482,1.546094,-7.18976,-4.108205,-0.0273314304,2.2588655659,-0.1604234281
2.72353,-1.701088,-4.833721,1.684846,-0.0528728341,2.3865725844,-0.2338549637
2.724582,-1.893229,-6.557652,2.114761,0.0258798273,2.2727004929,-0.235983414
2.725597,-1.768337,-10.422131,0.57283,0.106760939,2.1407365739,-0.1817079312
2.726645,-2.234279,-11.717474,2.583105,0.1450730445,1.9715247744,-0.1018910447
2.727695,-1.924452,-11.810853,2.986601,0.1663575476,1.7352667903,-0.0263310588
2.728743,1.714218,-12.014373,0.032433,0.14826572,1.4745316277,0.0236875235
2.72976,3.935848,-11.468461,-4.737466,0.0758984095,1.746973267,-0.0401659857
2.730809,2.216186,-7.7237,-3.680691,-0.0134965034,2.1811771297,-0.1338177993
2.731858,-1.352833,-4.951044,1.49991,-0.0486159335,2.3620954058,-0.2029924343
2.732907,-1.94847,-6.191317,2.542275,0.0088522248,2.2641866917,-0.2136346858
2.733924,-1.660258,-9.438054,0.656892,0.0854764359,2.1332869978,-0.1753225803
2.734973,-2.075763,-11.494799,1.920218,0.1259169917,1.9842954763,-0.1082763956
2.736022,-2.030129,-12.294512,3.08027,0.14826572,1.7735788959,-0.03484486
2.737071,-1.098246,-12.859578,1.816943,0.1652933224,1.567119216,0.0173021725
2.73812,1.377971,-12.804508,-0.344643,0.1514583954,1.5096510577,0.0130452719
2.739137,3.650038,-11.410997,-4.45646,0.0907975617,1.760808194,-0.048679787
2.740186,2.189767,-6.916805,-3.745538,0.0024668739,2.1886267058,-0.1338177993
2.741235,-1.268771,-4.417105,1.423054,-0.0369094568,2.390829485,-0.1923501827
2.742283,-2.193449,-6.603145,2.597515,0.0152375758,2.307819923,-0.194478633
2.743301,-1.739516,-9.426082,1.096414,0.0854764359,2.1652137524,-0.1561665275
2.74435,-1.883622,-10.697481,1.593579,0.1174031905,1.9991946284,-0.0997625944
2.746448,-0.999773,-14.02802,2.114761,0.1503941703,1.5820183682,-0.0007896551
2.745399,-1.828381,-11.937754,2.734416,0.1323023427,1.7842211474,-0.0444228864
2.747464,1.217053,-13.881965,-0.548793,0.1567795212,1.5128437332,-0.0029181054
2.748514,3.443487,-11.082971,-4.487683,0.1078251641,1.7342025652,-0.0699642901
2.749563,2.293042,-6.469061,-3.714316,0.0194944764,2.1566999512,-0.1476527263
2.750612,-1.05021,-4.189642,1.463884,-0.017753404,2.3972148359,-0.1849006066
2.75166,-2.34476,-6.610328,2.964985,0.0269440524,2.3365540021,-0.1721299048
2.752678,-1.90764,-9.514673,1.394233,0.0769626347,2.1779844542,-0.1327535741
2.753727,-1.520956,-10.393399,1.67764,0.1025040383,2.0002588536,-0.0848634422
2.754775,-0.898899,-14.576326,1.855371,0.1291096672,1.601174421,-0.0327164097
2.755824,0.426873,-14.739142,0.469554,0.1535868457,1.5256144351,-0.0284595091
2.756842,2.511603,-10.431708,-3.668682,0.1291096672,1.6788628572,-0.0742211907
2.757891,2.379506,-7.086803,-4.977642,0.0386505291,2.0704977137,-0.139138925
2.758939,-0.541037,-5.125832,0.383091,-0.017753404,2.376994558,-0.1657445539
2.759988,-2.450438,-5.97822,3.125903,0.0163018009,2.3620954058,-0.1497811766
2.761005,-2.022924,-8.216936,1.961048,0.0716415089,2.2077827585,-0.1189186471
2.764152,-0.77641,-14.583509,2.107556,0.1163389653,1.6267158246,-0.0454871115
2.763103,-1.023791,-12.093386,2.328518,0.1046324887,1.8108267762,-0.0593220385
2.765201,0.220322,-14.638579,0.279815,0.1450730445,1.5500916136,-0.0465513367
2.762054,-1.319208,-9.938473,1.70406,0.0971829126,2.0300571579,-0.0848634422
2.766218,2.069679,-11.449307,-3.464532,0.1397519187,1.6746059566,-0.0923130183
2.767267,2.27623,-7.721306,-5.152971,0.0663203831,2.0321856082,-0.1572307527
2.768316,-0.300861,-4.809778,-0.066039,0.0088522248,2.3269759758,-0.1849006066
2.769365,-2.354367,-5.015692,3.214768,0.0258798273,2.3248475254,-0.1657445539
2.770382,-2.051745,-7.783559,2.210832,0.0641919328,2.1875624806,-0.125303998
2.771431,-1.251959,-9.861853,2.53507,0.0854764359,2.0406994094,-0.076349641
2.77248,-0.685143,-10.714242,2.268474,0.0918617868,1.8544600075,-0.0391017606
2.773529,-0.341691,-13.786191,1.646418,0.0982471377,1.6820555326,-0.0295237342
2.774546,0.234732,-16.10392,0.798596,0.128045442,1.5969175203,-0.0305879594
2.775594,1.872734,-12.378314,-3.190731,0.1365592433,1.6841839829,-0.0689000649
2.776644,2.259418,-8.10919,-5.188998,0.0737699592,1.975781675,-0.1465885011
2.777692,-0.115925,-5.532871,-0.531981,0.0141733506,2.2492875395,-0.1966070833
2.778712,-2.22227,-4.903157,2.67197,0.0258798273,2.2854711948,-0.1902217324
2.779758,-2.327948,-7.383703,2.638345,0.0705772837,2.18330558,-0.1465885011
2.780807,-0.798025,-9.981571,2.501445,0.0961186874,1.8906436628,-0.0337806348
2.781856,-0.344092,-12.225076,1.816943,0.0907975617,1.7118538369,-0.0124961318
2.782905,0.609407,-15.92195,-0.114074,0.1025040383,1.6309727253,-0.0114319066
2.783922,2.278632,-14.150132,-3.91126,0.1110178396,1.7586797437,-0.0508082373
2.784971,1.915966,-8.880171,-5.724591,0.0524854561,2.0524058861,-0.1444600508
2.78602,-0.699553,-5.688504,-0.106869,-0.0007258016,2.2333241622,-0.2104420103
2.787069,-2.123798,-5.221606,3.149921,0.0365220788,2.2045900831,-0.2051208846
2.788088,-2.090173,-7.699757,1.961048,0.0971829126,2.1258374217,-0.1540380772
2.789134,-1.63624,-9.394955,3.43573,0.1259169917,2.04495631,-0.0827349919
2.790184,-0.759597,-8.963973,2.984199,0.1312381175,1.9108639407,-0.0273952839
2.791232,-0.091907,-10.496356,2.018691,0.1195316408,1.7480374922,-0.0093034563
2.792249,0.664648,-14.547594,0.010818,0.1056967138,1.6554499038,-0.007175006
2.793298,2.201775,-15.778289,-4.804716,0.0801553101,1.7778357965,-0.0252668336
2.794348,1.851118,-11.576207,-5.830268,0.0131091254,2.0843326407,-0.1082763956
2.795396,-0.769204,-5.966248,-0.774559,-0.0464874832,2.2439664138,-0.2029924343
2.796445,-1.934059,-3.988516,3.406909,-0.0081753776,2.1652137524,-0.2295980631
2.797464,-2.013317,-7.046099,2.575899,0.0854764359,2.0960391174,-0.1859648318
2.798511,-1.934059,-10.256921,3.373285,0.1376234684,2.0641123628,-0.104019495
2.79956,-1.052612,-9.852276,4.338793,0.1589079715,1.954497172,-0.0263310588
2.800609,-0.118327,-8.820312,2.400571,0.1567795212,1.7906064983,0.0045314707
2.801626,0.686264,-11.949725,-0.005995,0.1216600911,1.656514129,-0.0018538802
2.802675,2.401122,-16.178145,-4.71585,0.0695130586,1.7150465124,-0.021009933
2.803724,2.590861,-13.364785,-6.702108,0.0141733506,2.0204791315,-0.0859276674
2.804773,-0.370512,-7.177789,-1.961029,-0.045423258,2.2343883874,-0.1838363815
2.80579,-1.979692,-4.737947,3.070663,-0.0294598807,2.169470653,-0.2253411625
2.80684,-1.849997,-6.301457,2.945771,0.0758984095,2.0758188395,-0.1923501827
2.807888,-1.453707,-10.572975,4.93443,0.169550223,1.9811028008,-0.0263310588
2.809985,0.76312,-10.156358,-0.344643,0.1472014948,1.7267529891,-0.0039823305
2.811002,1.983215,-16.228426,-4.247507,0.0812195353,1.7501659425,-0.0337806348
2.812051,2.367497,-14.985759,-6.409093,0.0184302512,2.0130295554,-0.0710285152
2.808936,-0.211995,-8.298344,3.142715,0.1801924746,1.8533957824,0.0162379474
2.8131,0.167483,-6.916805,-2.936145,-0.0390379071,2.2492875395,-0.1551023023
2.815166,-2.171833,-7.048494,3.551015,0.0439716549,2.0875253162,-0.1955428582
2.814149,-1.967684,-4.515273,1.71847,-0.0464874832,2.2141681095,-0.2189558116
2.816215,-2.080566,-9.500307,2.811272,0.1269812169,2.0385709591,-0.1157259717
2.817264,-1.631437,-10.470018,4.816744,0.1578437463,1.996001953,-0.0305879594
2.818313,-0.507412,-9.404533,4.912814,0.1791282494,1.8970290137,0.0258159738
2.819332,0.515738,-10.290442,0.839425,0.1642290973,1.7703862204,0.0173021725
2.820378,1.577317,-14.281821,-3.053831,0.1056967138,1.7384594658,-0.0316521845
2.821428,2.35789,-13.925063,-6.39228,0.0407789794,1.9246988677,-0.083799217
2.822476,0.724692,-7.735672,-4.31956,-0.0230745298,2.1843698052,-0.1614876533
2.823525,-1.749123,-5.710053,0.676106,-0.0464874832,2.2237461358,-0.2189558116
2.824542,-2.013317,-7.862572,3.409311,0.0280082776,2.0896537665,-0.1934144079
2.825592,-1.789953,-8.803551,2.969788,0.1131462899,2.0023873039,-0.1189186471
2.82664,-1.794757,-9.82115,3.9401,0.1386876936,1.9534329468,-0.0412302109
2.827689,-0.822043,-10.400582,5.414782,0.1578437463,1.8768087358,0.0215590732
2.828709,0.671853,-10.467624,1.88179,0.1642290973,1.7895422732,0.0311370995
2.829755,2.040857,-12.363948,-3.382872,0.1099536144,1.7714504455,-0.0242026084
2.830804,2.6437,-12.766198,-6.416298,0.0226871518,1.940662245,-0.0912487931
2.831853,0.933645,-8.434822,-4.25231,-0.0337167813,2.1928836064,-0.1508454017
2.83287,-1.7179,-6.916805,-0.500758,-0.0390379071,2.2556728905,-0.1934144079
2.833919,-1.689079,-8.798763,2.79446,0.1163389653,2.0055799793,-0.1082763956
2.834969,-1.763534,-9.224957,3.104287,0.1525226206,1.9353411192,-0.0422944361
2.836018,-1.189513,-10.857902,5.556486,0.1674217727,1.8661664842,0.0194306229
2.837034,0.016172,-11.042267,3.229179,0.1791282494,1.7959276241,0.0353940002
2.838086,1.589326,-11.523531,-2.823262,0.134430793,1.7969918492,-0.0316521845
2.839132,2.679726,-11.576207,-5.976776,0.0407789794,1.9842954763,-0.1210470974
2.840181,1.015305,-8.741298,-3.887242,-0.0230745298,2.2482233144,-0.1763868054
2.84123,-1.833185,-7.527364,-0.596828,-0.0220103046,2.3173979494,-0.1934144079
2.842248,-2.243886,-9.457209,1.305367,0.0301367279,2.1790486794,-0.166808779
2.843297,-1.532965,-8.861016,2.854504,0.0982471377,2.0247360321,-0.1125332962
2.844346,-1.643446,-8.374963,3.164331,0.1312381175,1.9087354904,-0.0561293631
2.845394,-1.307199,-10.472412,5.140981,0.1408161439,1.8108267762,-0.0007896551
2.846411,-0.159157,-11.973669,4.773512,0.1567795212,1.7437805916,0.0353940002
2.847463,1.707012,-11.909022,-0.877834,0.1408161439,1.7501659425,0.0034672456
2.848509,3.232131,-10.927339,-6.005597,0.0609992574,1.9364053444,-0.0891203428
2.849558,1.704611,-8.434822,-4.972839,-0.0166891789,2.2418379635,-0.1700014545
2.850575,-1.360038,-6.452301,-0.397482,-0.0241387549,2.3642238561,-0.2019282091
2.851624,-2.618561,-8.803551,0.834622,0.0301367279,2.2301314868,-0.17319413
2.852673,-2.241485,-10.417342,1.910611,0.0971829126,2.04495631,-0.1061479453
2.853722,-1.746722,-9.512279,2.811272,0.1333665678,1.8800014112,-0.0412302109
2.854771,-1.223137,-10.398188,3.868048,0.1397519187,1.73313834,0.0077241462
2.855788,-0.099113,-12.112541,4.886395,0.1503941703,1.6671563805,0.034329775
2.856839,1.762253,-11.640854,0.085272,0.1408161439,1.7299456646,0.0034672456
2.857886,3.100035,-10.407765,-6.202541,0.0641919328,1.9640751984,-0.0944414686
2.858935,1.433212,-9.517067,-5.064106,-0.0209460795,2.2929207708,-0.1902217324
2.859955,-2.647382,-6.777932,0.378287,0.0397147543,2.3227190751,-0.1997997588
2.861001,-2.409608,-10.077345,1.353403,0.0993113629,2.1364796732,-0.1370104747
2.86205,-2.063754,-10.742974,3.001011,0.1386876936,1.9449191456,-0.0561293631
2.863099,-1.609821,-10.161147,3.349267,0.1429445942,1.7491017173,0.0098525965
2.864116,-0.40894,-11.157196,4.896002,0.141880369,1.6320369504,0.048164702
2.865165,1.548496,-11.966486,1.946638,0.1376234684,1.6394865265,0.0375224505
2.866216,3.347416,-11.035084,-4.723056,0.0758984095,1.8278543787,-0.0476155618
2.867263,2.590861,-9.811572,-5.880705,-0.0156249537,2.1886267058,-0.1625518784
2.868312,-0.569858,-6.854552,-0.29901,-0.0305241059,2.4312700408,-0.2232127122
2.869332,-2.50808,-6.243993,1.045977,0.0290725027,2.3855083592,-0.2189558116
2.870378,-2.512884,-9.390167,0.757766,0.0950544623,2.2141681095,-0.1636161036
2.871427,-2.253493,-10.60889,2.402973,0.1354950181,2.0119653303,-0.0827349919
2.872476,-1.900434,-10.826776,2.717603,0.1450730445,1.7863495977,-0.0093034563
2.873493,-0.747588,-11.463673,4.478095,0.1461372696,1.6213946989,0.0428435762
2.874542,1.202642,-11.992824,2.715202,0.1450730445,1.5894679443,0.0545500529
2.875591,3.31139,-11.595362,-3.690298,0.092926012,1.7618724192,-0.0082392311
2.876639,2.989553,-9.665517,-6.409093,-0.0028542519,2.1354154481,-0.1274324483
2.877656,-0.257629,-6.495399,-1.202072,-0.0432948077,2.4163708887,-0.2189558116
2.878708,-2.191048,-5.305408,1.88179,0.0088522248,2.4025359617,-0.2391760895
2.879754,-2.227074,-8.930452,0.277413,0.0844122107,2.2503517647,-0.1976713085
2.880803,-2.335153,-11.956908,2.143582,0.1354950181,2.0747546143,-0.1125332962
2.881852,-2.135807,-11.238604,3.051448,0.1610364218,1.8597811333,-0.0242026084
2.882869,-1.249557,-10.209034,3.061055,0.1610364218,1.6522572283,0.0385866756
2.883918,0.522944,-11.097337,3.1211,0.1461372696,1.539449362,0.061999629
2.886016,0.400454,-6.7492,-1.636791,-0.0518086089,2.4089213126,-0.1795794809
2.884968,3.208114,-12.375919,-2.244437,0.0961186874,1.656514129,0.0247517486
2.887033,-1.991701,-4.39795,2.323714,-0.0188176292,2.4333984911,-0.2274696128
2.888085,-1.926854,-8.137922,0.726543,0.0641919328,2.293984996,-0.20831356
2.889131,-2.037335,-11.827614,1.557552,0.1237885414,2.1343512229,-0.1359462496
2.89018,-2.070959,-11.710291,2.952976,0.1493299451,1.9236346425,-0.048679787
2.891197,-1.393662,-11.013535,3.073064,0.1567795212,1.6980189099,0.0194306229
2.892246,-0.077497,-11.485222,3.017824,0.1525226206,1.5554127394,0.048164702
2.893295,2.283435,-12.380708,-0.971503,0.1184674157,1.6235231492,0.0258159738
2.894344,3.628422,-10.118049,-5.371531,0.0429074297,1.9704605493,-0.0497440121
2.895393,0.912029,-6.536103,-3.022608,-0.0337167813,2.3322971015,-0.1497811766
2.89641,-1.823578,-5.154564,2.064324,-0.0347810065,2.3993432862,-0.2061851097
2.897461,-1.756329,-7.407646,1.432661,0.0386505291,2.2758931684,-0.1987355336
2.898508,-1.816373,-11.092549,0.863443,0.1035682635,2.141800799,-0.1423316005
2.899557,-2.099781,-12.098175,2.864111,0.141880369,1.9693963241,-0.0646431643
2.900574,-1.532965,-12.047894,2.419785,0.1610364218,1.7448448167,0.0045314707
2.901623,-0.197585,-12.026345,2.201225,0.1610364218,1.5745687921,0.0417793511
2.902672,2.208981,-11.91381,-1.242902,0.1301738923,1.6256515995,0.0215590732
2.903721,3.726894,-10.268893,-5.698171,0.051421231,1.9800385757,-0.0571935882
2.904738,1.125786,-7.005396,-2.547059,-0.0326525562,2.3716734322,-0.152973852
2.905787,-1.926854,-5.429914,2.321313,-0.0358452316,2.4546829942,-0.1997997588
2.906839,-1.902836,-6.533709,1.860174,0.0429074297,2.3312328764,-0.1902217324
2.907885,-1.763534,-9.57932,0.536803,0.1078251641,2.1992689573,-0.145524276
2.908902,-2.179039,-11.832402,2.49424,0.1354950181,2.0215433567,-0.0742211907
2.909951,-1.847596,-12.586622,2.880923,0.155715296,1.7852853725,-0.0007896551
2.911,-0.519421,-13.017605,1.675239,0.1642290973,1.5841468185,0.0407151259
2.912049,3.871,-10.139598,-4.876768,0.0737699592,1.9119281658,-0.0444228864
2.913098,1.798279,-5.089917,-2.808851,-0.0103038279,2.3418751279,-0.1295608987
2.914115,-1.806766,-5.125832,2.239653,-0.0337167813,2.4717105967,-0.1763868054
2.915164,-2.171833,-7.836235,2.751228,0.023751377,2.3514531543,-0.166808779
2.916215,-1.66266,-9.538616,1.065191,0.0886691114,2.2099112089,-0.1242397729
2.917262,-2.006112,-10.905789,2.102752,0.1174031905,2.0385709591,-0.0699642901
2.918279,-1.84039,-12.830846,2.87612,0.1333665678,1.8097625511,-0.0178172575
2.919327,-0.759597,-14.681677,1.557552,0.1546510709,1.6043670964,0.0151737222
2.920376,1.457229,-12.92662,-0.788969,0.1546510709,1.573504567,-0.007175006
2.921426,3.258551,-8.813129,-4.410827,0.0939902371,1.8321112793,-0.0742211907
2.922443,1.791074,-5.681321,-3.017805,0.0035310991,2.2322599371,-0.1359462496
2.923492,-1.331217,-5.999769,1.639212,-0.0230745298,2.4355269414,-0.1572307527
2.92454,-2.157423,-8.066092,2.501445,0.0280082776,2.3684807567,-0.139138925
2.925591,-1.523358,-8.544962,1.360608,0.0822837604,2.2152323346,-0.1082763956
2.926638,-1.393662,-9.387772,1.507115,0.1014398132,2.0343140585,-0.0774138661
2.927655,-1.439296,-12.895493,2.491838,0.1099536144,1.8193405775,-0.0454871115
2.928707,-0.819641,-15.912372,1.845764,0.141880369,1.6437434271,-0.0114319066
2.929753,1.120983,-13.597037,-0.976307,0.1599721966,1.6128808977,-0.0135603569
2.930802,2.946322,-8.829889,-4.593361,0.1078251641,1.8310470542,-0.0742211907
2.932868,-1.307199,-5.326957,1.627203,-0.0028542519,2.4376553917,-0.152973852
2.933917,-2.335153,-7.407646,2.904941,0.0418432046,2.3716734322,-0.125303998
2.934966,-1.698686,-8.894537,1.761702,0.0844122107,2.2194892352,-0.0880561177
2.931819,1.728628,-5.578364,-3.450122,0.0226871518,2.2194892352,-0.1380746999
2.935983,-1.139076,-10.108471,1.812139,0.0993113629,2.0481489855,-0.0582578134
2.937032,-0.793222,-12.936197,2.1676,0.106760939,1.8470104315,-0.0422944361
2.938084,-0.553046,-15.510122,1.749693,0.1301738923,1.6905693339,-0.0359090851
2.93913,2.134526,-8.920874,-3.966501,0.1237885414,1.8097625511,-0.0965699189
2.940179,1.692602,-7.553701,-4.216284,0.0407789794,2.1918193812,-0.1423316005
2.941196,-0.978158,-6.12667,0.764971,-0.0028542519,2.4525545439,-0.1465885011
2.942245,-2.464848,-6.200894,3.282018,0.0301367279,2.398279061,-0.1210470974
2.943294,-1.84039,-7.429195,2.254063,0.0716415089,2.2343883874,-0.0912487931
2.944344,-1.115058,-9.643968,1.970655,0.0822837604,2.051341661,-0.0614504888
2.94536,-0.697151,-12.68479,2.429392,0.0907975617,1.8331755045,-0.0422944361
2.94641,-0.310468,-15.306602,1.977861,0.1110178396,1.6820555326,-0.03484486
2.947461,0.498926,-14.521256,0.294225,0.1472014948,1.6511930032,-0.0380375354
2.948507,2.019242,-9.94805,-3.832002,0.1429445942,1.7895422732,-0.0827349919
2.949524,1.959197,-7.091592,-5.270657,0.065256158,2.1151951702,-0.1519096269
2.950573,-0.58667,-5.990192,0.171736,0.0120449003,2.363159631,-0.1753225803
2.951622,-2.402403,-5.611885,2.952976,0.0386505291,2.3408109028,-0.1519096269
2.952671,-2.070959,-7.467505,2.402973,0.0769626347,2.2120396592,-0.111469071
2.95372,-1.225539,-10.137204,2.936164,0.0918617868,2.0800757401,-0.0571935882
2.954737,-0.553046,-11.21466,2.547078,0.100375588,1.9172492916,-0.0156888072
2.955786,-0.168764,-13.233096,1.413447,0.1099536144,1.7703862204,-0.0082392311
2.956837,0.664648,-15.00252,-0.58482,0.1291096672,1.7161107376,-0.0220741581
2.957884,2.045661,-12.445356,-4.33397,0.1216600911,1.8523315572,-0.076349641
2.958901,1.399587,-9.01186,-4.881572,0.0546139064,2.1449934745,-0.1604234281
2.95995,-0.978158,-5.824982,0.419117,0.0067237745,2.3237833003,-0.2029924343
2.960999,-2.217467,-4.620624,2.676774,0.0471643304,2.293984996,-0.1880932821
2.962048,-2.183842,-6.976663,2.400571,0.1035682635,2.2099112089,-0.139138925
2.963065,-1.59541,-9.538616,3.188349,0.120595866,2.1024244683,-0.0710285152
2.964114,-0.728374,-10.453258,3.044243,0.1237885414,1.9417264701,-0.0114319066
2.965163,1.06334,-14.851676,-1.197269,0.1078251641,1.7203676382,0.0151737222
2.966214,2.73977,-13.54915,-5.53245,0.0812195353,1.8736160603,-0.0295237342
2.967229,1.519675,-9.162704,-5.234631,0.0173660261,2.1545715009,-0.1327535741
2.968278,-1.393662,-6.761172,0.856238,-0.0134965034,2.2567371156,-0.2029924343
2.969326,-1.924452,-5.99498,3.382892,0.051421231,2.1854340303,-0.1955428582
2.970375,-1.612223,-7.580039,2.131573,0.1237885414,2.1407365739,-0.1444600508
2.971424,-1.573795,-9.665517,3.711933,0.1514583954,2.0960391174,-0.0731569655
2.972442,-0.79082,-9.050169,3.702326,0.1631648721,1.9949377278,-0.0135603569
2.97349,-0.06789,-9.428476,1.896201,0.1514583954,1.8619095836,0.0024030204
2.974539,0.936047,-14.147737,-1.636791,0.1078251641,1.7799642468,-0.007175006
2.975591,2.422738,-16.070399,-5.570878,0.0546139064,1.9193777419,-0.0305879594
2.976605,1.358757,-11.229026,-4.874367,-0.0007258016,2.2099112089,-0.1082763956
2.977654,-1.338422,-6.073994,-0.601632,-0.0443590329,2.307819923,-0.1997997588
2.978703,-1.994103,-4.565554,3.207563,0.0003384236,2.1950120567,-0.2232127122
2.979752,-2.054147,-7.065254,3.029833,0.0993113629,2.127965872,-0.1753225803
2.980769,-2.133405,-10.623256,3.84403,0.1514583954,2.1045529186,-0.0859276674
2.981818,-1.155888,-10.347906,5.100152,0.1769997991,2.00983688,0.0002745701
2.982867,-0.024658,-7.845812,2.501445,0.1769997991,1.8619095836,0.0279444241
2.983916,1.06334,-11.274519,-1.168448,0.1259169917,1.7405879161,-0.0007896551
2.984967,2.881474,-17.162222,-5.594895,0.0546139064,1.8267901535,-0.0295237342
2.985981,2.650905,-13.206758,-6.125685,0.0003384236,2.1535072757,-0.0784780913
2.98703,-0.629902,-6.047656,-1.420633,-0.0390379071,2.3514531543,-0.1625518784
2.988082,-2.109388,-5.202451,2.763237,-0.0198818543,2.2535444402,-0.200863984
2.989128,-1.876417,-6.921593,3.049047,0.0748341844,2.1162593953,-0.1689372293
2.990145,-2.056549,-9.210591,3.082671,0.1376234684,2.058791237,-0.0965699189
2.991194,-0.111121,-10.177907,4.050581,0.1812566997,1.9119281658,0.034329775
2.992243,0.88561,-11.3248,-0.31342,0.1578437463,1.8193405775,0.0162379474
2.993292,1.927975,-14.300976,-4.711047,0.0876048862,1.8555242327,-0.0327164097
2.994309,2.024045,-12.198738,-6.524377,0.0141733506,2.0928464419,-0.0933772434
2.995358,-0.211995,-7.204126,-2.813655,-0.0411663574,2.2822785193,-0.17319413
2.996407,-2.04454,-6.962297,1.723274,-0.0326525562,2.2258745862,-0.20831356
2.997458,-1.852399,-7.740461,3.193152,0.058870807,2.1013602432,-0.1689372293
2.998504,-1.749123,-8.351019,2.520659,0.128045442,2.0438920849,-0.097634144
2.999522,-1.633839,-10.302414,4.696655,0.1493299451,1.9928092775,-0.0220741581
3.000571,-0.536233,-10.630439,5.109759,0.1727428985,1.9204419671,0.0364582253
3.00162,0.895217,-10.683115,0.565625,0.1631648721,1.8544600075,0.0300728744
3.002669,2.156142,-12.708734,-4.44205,0.0918617868,1.8917078879,-0.0337806348
3.003686,2.096098,-12.421412,-6.774161,0.0077879997,2.1024244683,-0.1050837201
3.004734,-0.137541,-8.178626,-3.157107,-0.0411663574,2.2929207708,-0.17319413
3.005783,-2.013317,-7.091592,0.781783,-0.0283956555,2.2620582414,-0.2040566594
3.006834,-1.782748,-8.667073,2.597515,0.0556781316,2.1322227726,-0.1678730042
3.007849,-1.494536,-8.865804,2.928959,0.1291096672,2.051341661,-0.0997625944
3.008898,-1.650651,-9.552982,3.956913,0.1525226206,1.982167026,-0.0305879594
3.009947,-0.970952,-10.228189,5.506049,0.1674217727,1.9108639407,0.0268801989
3.010996,0.472507,-11.030296,2.145984,0.1663575476,1.8682949345,0.0353940002
3.012045,2.309855,-12.624932,-3.743137,0.106760939,1.912992391,-0.0231383833
3.013062,2.708547,-11.624094,-6.550797,0.0131091254,2.1247731966,-0.1082763956
3.014111,0.138662,-7.491448,-2.823262,-0.0379736819,2.3312328764,-0.1753225803
3.015159,-2.239083,-6.885678,0.563223,-0.0166891789,2.3152694991,-0.1966070833
3.016211,-2.020522,-9.351857,1.449473,0.0535496813,2.169470653,-0.159359203
3.017226,-1.482528,-9.404533,2.95778,0.1163389653,2.0460205352,-0.0933772434
3.018275,-0.918114,-10.980014,5.131374,0.1503941703,1.8565884578,0.0258159738
3.019323,0.309187,-11.762966,3.265205,0.1610364218,1.8225332529,0.0385866756
3.020372,2.216186,-12.064654,-3.613442,0.1131462899,1.8938363382,-0.0252668336
3.021389,3.037589,-10.764523,-6.836606,0.0131091254,2.1481861499,-0.1295608987
3.022439,0.352419,-7.302295,-2.587889,-0.0379736819,2.3993432862,-0.2040566594
3.023487,-2.404804,-6.375682,0.647284,-0.0049827022,2.404664412,-0.2168273613
3.024536,-2.544107,-9.382984,0.767373,0.0663203831,2.2460948641,-0.1678730042
3.025587,-2.034933,-10.010303,2.201225,0.1216600911,2.065176588,-0.0933772434
3.026602,-1.75873,-9.476363,3.008217,0.1354950181,1.8746802855,-0.0263310588
3.027651,-0.922917,-10.441286,4.826351,0.1354950181,1.7395236909,0.0247517486
3.028699,0.474908,-11.863529,4.480497,0.1472014948,1.7182391879,0.0460362517
3.029748,2.389113,-12.368736,-1.944217,0.1152747402,1.8193405775,0.0055956959
3.030766,3.513138,-10.93931,-7.192067,0.0173660261,2.1066813689,-0.0997625944
3.031814,1.116179,-7.963135,-3.832002,-0.0464874832,2.439783842,-0.1997997588
3.032863,-2.020522,-5.707659,0.885059,-0.0188176292,2.5164080531,-0.2349191889
3.033912,-2.805899,-8.398906,0.640079,0.0535496813,2.363159631,-0.1987355336
3.034929,-2.563321,-10.857902,2.013887,0.1195316408,2.1705348782,-0.1167901968
3.035978,-2.203056,-9.921712,2.777648,0.1472014948,1.9555613971,-0.03484486
3.037027,-1.496938,-9.82115,3.805602,0.1440088193,1.7576155185,0.0226232983
3.038076,-0.007846,-11.406208,5.047313,0.14826572,1.6692848308,0.0502931523
3.039092,2.07208,-12.747044,0.145316,0.1365592433,1.7256887639,0.0226232983
3.040142,3.445888,-11.478039,-5.818259,0.0609992574,1.9789743505,-0.0720927404
3.041191,1.769458,-8.216936,-5.049695,-0.0294598807,2.3461320285,-0.1849006066
3.042239,-1.355234,-5.602307,0.385492,-0.0337167813,2.5068300267,-0.2413045398
3.043288,-2.392796,-10.350301,1.168467,0.0961186874,2.2162965598,-0.152973852
3.044306,-2.066156,-10.381427,2.801665,0.1301738923,2.0162222309,-0.0667716146
3.045355,-1.530563,-10.034247,3.337258,0.1365592433,1.802312975,0.0013387952
3.046403,-0.519421,-11.478039,4.569362,0.1354950181,1.6671563805,0.048164702
3.047452,1.495657,-13.058309,1.771309,0.1301738923,1.663963705,0.0566785032
3.04847,3.983883,-11.427757,-5.208212,0.0716415089,1.8810656364,-0.0167530324
3.049518,3.208114,-8.693411,-6.632457,-0.031588331,2.2929207708,-0.1487169514
3.050567,-0.521823,-5.753151,0.371082,-0.0581939599,2.5440779071,-0.2349191889
3.051616,-2.416813,-5.602307,1.888996,0.0131091254,2.4791601727,-0.2402403146
3.052633,-2.505678,-9.897769,0.224574,0.0854764359,2.3024987972,-0.1849006066
3.053682,-2.515285,-12.009584,2.83529,0.128045442,2.0992317929,-0.090184568
3.054731,-2.123798,-10.980014,3.010618,0.14826572,1.8704233848,-0.0029181054
3.055779,-1.093442,-10.568186,3.740754,0.1472014948,1.6873766584,0.0545500529
3.056828,0.808753,-11.920993,2.547078,0.1397519187,1.6192662486,0.0662565296
3.057846,3.388246,-12.081415,-3.776761,0.0918617868,1.7959276241,0.0045314707
3.058894,3.296979,-9.256083,-6.238568,-0.0060469273,2.210975434,-0.1146617465
3.059943,-0.360905,-5.748363,-0.772157,-0.0550012844,2.4929950997,-0.2115062355
3.060992,-2.450438,-5.566392,2.422187,-0.0071111525,2.4514903187,-0.2370476392
3.06201,-2.258297,-9.809178,0.556018,0.0705772837,2.3003703469,-0.1934144079
3.063058,-2.255895,-11.887472,2.141181,0.1216600911,2.1375438984,-0.1082763956
3.064107,-2.073361,-10.640017,2.95778,0.1429445942,1.9193777419,-0.0284595091
3.065156,-1.163093,-10.675932,2.782451,0.1397519187,1.7065327112,0.0236875235
3.066173,0.51814,-12.521975,2.789656,0.1333665678,1.615009348,0.0449720265
3.067222,3.047196,-12.397469,-2.679156,0.0950544623,1.7778357965,0.0141094971
3.068271,3.450692,-8.889748,-6.401887,0.0003384236,2.1822413549,-0.083799217
3.06932,0.035386,-6.01653,-1.206876,-0.0677719862,2.481288623,-0.1849006066
3.070368,-1.696285,-8.305527,0.760167,0.0524854561,2.3344255518,-0.1923501827
3.071386,-1.919648,-11.463673,1.483098,0.114210515,2.1918193812,-0.1242397729
3.072434,-2.097379,-12.105358,2.974592,0.1429445942,1.9853597014,-0.0433586612
3.073483,-1.333618,-11.863529,2.465418,0.155715296,1.746973267,0.0226232983
3.074532,0.304383,-11.966486,1.824148,0.1535868457,1.6033028713,0.0439078014
3.075549,2.843046,-12.083809,-2.306883,0.1174031905,1.7171749627,0.006659921
3.076598,3.580387,-9.263266,-5.273059,0.0333294034,2.1109382696,-0.0752854158
3.077647,0.249143,-5.836953,-1.290938,-0.0411663574,2.4451049678,-0.1614876533
3.078696,-2.157423,-5.631039,2.907343,-0.0294598807,2.4589398948,-0.1955428582
3.079716,-1.713097,-8.094824,1.389429,0.0492927807,2.3333613267,-0.17319413
3.080762,-1.763534,-10.292836,0.91388,0.1025040383,2.2077827585,-0.117854422
3.08181,-2.082968,-11.260153,2.760835,0.1216600911,2.0204791315,-0.0561293631
3.082859,-1.655455,-13.166055,2.323714,0.1365592433,1.7980560744,-0.0007896551
3.083908,-0.10872,-14.111822,1.257332,0.1472014948,1.6533214535,0.0279444241
3.084925,2.653307,-12.22747,-2.626317,0.1195316408,1.7405879161,-0.007175006
3.085974,3.592396,-7.864967,-5.525244,0.0290725027,2.1194520708,-0.0944414686
3.087023,0.414864,-4.960622,-0.889843,-0.0464874832,2.4717105967,-0.1678730042
3.088072,-2.361573,-6.41878,3.241188,-0.0230745298,2.5100227022,-0.1763868054
3.089091,-2.080566,-8.2744,1.696855,0.0503570058,2.3801872334,-0.1444600508
3.090138,-1.701088,-9.711009,0.906675,0.0907975617,2.2194892352,-0.1029552698
3.091187,-1.78515,-11.111703,2.705595,0.1056967138,2.0087726548,-0.0540009127
3.092236,-1.360038,-13.333659,2.455811,0.1216600911,1.7863495977,-0.0114319066
3.093253,-0.156755,-14.866042,1.353403,0.1440088193,1.6352296259,0.0077241462
3.094302,1.97601,-12.076626,-1.495087,0.134430793,1.6841839829,-0.021009933
3.095351,3.349818,-7.453139,-5.085722,0.0567423567,2.0258002573,-0.0859276674
3.096399,-2.056549,-6.809059,2.595114,-0.0358452316,2.5430136819,-0.152973852
3.097417,-2.219869,-9.009465,2.645551,0.023751377,2.4131782132,-0.1242397729
3.098468,-1.343225,-8.73651,1.468687,0.0705772837,2.2450306389,-0.0912487931
3.099514,-1.312003,-10.04143,1.886594,0.0812195353,2.0460205352,-0.0646431643
3.100563,-1.268771,-13.949007,2.628738,0.0939902371,1.8214690278,-0.0391017606
3.101612,-0.54584,-15.392799,1.348599,0.1301738923,1.6650279302,-0.0167530324
3.102629,1.418801,-12.368736,-1.802513,0.1365592433,1.6852482081,-0.0337806348
3.103678,2.90309,-8.904114,-4.948821,0.0780268598,1.9725889996,-0.0933772434
3.104727,1.123384,-5.159353,-2.691165,0.0024668739,2.3589027304,-0.1487169514
3.105776,-1.893229,-4.781046,2.090744,-0.0166891789,2.501508901,-0.1625518784
3.106793,-2.448036,-8.128345,3.137912,0.0365220788,2.398279061,-0.1274324483
3.107843,-1.602616,-9.050169,1.809737,0.0801553101,2.2439664138,-0.0795423164
3.108891,-1.146281,-9.629602,1.6224,0.0758984095,2.04495631,-0.0476155618
3.10994,-0.829248,-13.338448,2.340527,0.0716415089,1.8331755045,-0.0316521845
3.110959,-0.161558,-16.084765,1.682444,0.1056967138,1.7214318633,-0.0167530324
3.112005,1.274695,-12.974507,-1.278929,0.1323023427,1.746973267,-0.0316521845
3.113055,2.465969,-8.679045,-4.857554,0.0876048862,1.9672678738,-0.0965699189
3.114103,1.253079,-6.385259,-2.969769,0.0077879997,2.3099483733,-0.1551023023
3.115153,-1.388859,-5.484984,1.28135,-0.017753404,2.4791601727,-0.1636161036
3.116169,-2.392796,-7.098775,2.8497,0.0248156021,2.4089213126,-0.1295608987
3.117218,-1.768337,-8.327076,2.741621,0.0716415089,2.2758931684,-0.083799217
3.118268,-1.018988,-9.332702,1.939433,0.0780268598,2.1034886935,-0.0465513367
3.119316,-0.589072,-12.22747,2.484633,0.079091085,1.9044785898,-0.0273952839
3.120336,-0.281647,-15.464629,1.535936,0.1025040383,1.7725146707,-0.0146245821
3.121382,1.169018,-14.447031,-1.696835,0.1237885414,1.774643121,-0.0242026084
3.122431,1.068144,-7.477082,-3.750342,0.0248156021,2.2833427445,-0.1710656796
3.12348,-1.496938,-5.099494,1.944236,0.0024668739,2.4302058157,-0.1891575073
3.124498,-2.347162,-5.295831,2.700791,0.0546139064,2.3684807567,-0.1604234281
3.125546,-1.953273,-8.406089,2.563891,0.0939902371,2.2641866917,-0.1072121704
3.126595,-1.242351,-10.185091,3.195554,0.1025040383,2.1332869978,-0.0422944361
3.127644,-0.622697,-10.247344,2.213233,0.1014398132,1.9523687217,-0.0018538802
3.128693,-0.260031,-13.027182,1.413447,0.0961186874,1.7937991738,0.0077241462
3.129712,1.137795,-15.613079,-1.802513,0.0961186874,1.7693219952,0.0002745701
3.130759,2.57645,-12.553101,-5.767822,0.0695130586,1.975781675,-0.0593220385
3.131808,0.808753,-8.058909,-3.538987,0.0024668739,2.2641866917,-0.1540380772
3.132856,-1.70349,-4.912735,2.148386,-0.0220103046,2.3642238561,-0.1987355336
3.133874,-2.183842,-5.252732,2.902539,0.0386505291,2.2982418966,-0.1785152557
3.134922,-1.991701,-8.750876,2.604721,0.0950544623,2.224810361,-0.1189186471
3.135971,-1.328815,-10.357484,3.690317,0.1152747402,2.1300943223,-0.0422944361
3.13702,-0.291254,-9.315942,3.101885,0.120595866,1.9874881517,0.006659921
3.138038,0.191501,-11.248181,1.399036,0.1025040383,1.843817756,0.0119810468
3.139088,1.332338,-15.790261,-2.511033,0.0748341844,1.8204048026,0.0024030204
3.140135,2.60287,-14.2483,-5.868696,0.0439716549,2.0417636346,-0.0412302109
3.141184,0.698272,-8.528201,-4.139427,-0.0188176292,2.3131410488,-0.1402031502
3.142233,-1.797159,-4.781046,1.471089,-0.0507443838,2.3376182273,-0.2136346858
3.14325,-2.042138,-5.185691,3.272411,0.0248156021,2.2301314868,-0.20831356
3.144299,-2.018121,-9.275238,2.674372,0.1078251641,2.1928836064,-0.1380746999
3.145348,-1.66266,-10.666355,4.422855,0.1429445942,2.141800799,-0.0433586612
3.146397,-0.57226,-8.262429,3.442936,0.1514583954,2.00983688,0.0119810468
3.147414,0.160278,-9.095662,1.689649,0.1301738923,1.8587169081,0.0109168216
3.148465,1.224258,-14.899563,-2.049894,0.0844122107,1.8012487498,-0.0018538802
3.149512,1.67579,-10.2234,-4.845546,-0.0401021322,2.2993061218,-0.1104048459
3.150561,-1.324011,-5.458646,0.443135,-0.0794784629,2.3695449819,-0.1966070833
3.151578,-1.934059,-5.291042,3.563024,-0.0124322782,2.2407737383,-0.2061851097
3.152627,-1.986898,-7.457927,2.573498,0.0897333365,2.1747917788,-0.1508454017
3.153676,-2.102182,-9.888191,3.711933,0.1376234684,2.1407365739,-0.0667716146
3.154725,-1.119862,-10.218611,4.999278,0.1652933224,2.0470847603,0.0098525965
3.156791,1.22666,-12.517186,-2.076314,0.1184674157,1.857652683,0.0109168216
3.155774,0.114644,-9.165098,2.24926,0.169550223,1.9215061922,0.0364582253
3.157842,2.629289,-16.898844,-6.497958,0.0503570058,1.9981304033,-0.0316521845
3.158888,1.800681,-11.875501,-5.818259,-0.0166891789,2.2844069696,-0.1104048459
3.159938,-1.165495,-4.840904,-0.774559,-0.0677719862,2.3887010347,-0.1997997588
3.160955,-2.135807,-4.996537,3.409311,-0.017753404,2.2748289432,-0.2168273613
3.162004,-2.020522,-8.154683,2.991404,0.086540661,2.1928836064,-0.1582949778
3.163052,-2.157423,-10.170724,3.294026,0.1386876936,2.1524430506,-0.0689000649
3.164102,-1.333618,-9.916923,5.513255,0.1631648721,2.0662408131,0.0119810468
3.165119,0.059404,-9.41411,3.241188,0.1706144482,1.954497172,0.0460362517
3.166167,1.202642,-11.825219,-0.827397,0.1312381175,1.8682949345,0.020494848
3.167218,2.278632,-14.933084,-5.561271,0.058870807,1.940662245,-0.0252668336
3.168265,1.971206,-11.547475,-6.39228,-0.0145607286,2.197140507,-0.0933772434
3.169282,-0.447368,-6.210472,-1.821727,-0.0667077611,2.3557100549,-0.1827721563
3.170333,-1.94847,-7.055677,2.350134,-0.0379736819,2.2748289432,-0.2093777852
3.17138,-1.830783,-8.568905,3.378088,0.0673846083,2.1705348782,-0.1561665275
3.172429,-1.82598,-9.289604,2.676774,0.1323023427,2.127965872,-0.0752854158
3.173478,-1.494536,-10.314385,5.095348,0.1493299451,2.0662408131,0.0013387952
3.174495,-0.36811,-9.916923,4.542943,0.1642290973,1.9789743505,0.0439078014
3.175543,2.148937,-13.170843,-4.398818,0.0716415089,1.9800385757,-0.0497440121
3.176593,1.899153,-10.05819,-5.895116,-0.0092396028,2.2035258579,-0.1125332962
3.177642,-0.57226,-6.902439,-2.532649,-0.0581939599,2.3727376574,-0.1710656796
3.178658,-2.227074,-8.597637,1.113226,-0.0411663574,2.3152694991,-0.1849006066
3.17971,-1.7179,-9.382984,2.729612,0.0450358801,2.1747917788,-0.1402031502
3.180756,-1.446501,-8.777214,3.017824,0.1163389653,2.0853968659,-0.076349641
3.181805,-1.496938,-10.115654,4.319579,0.1365592433,2.0119653303,-0.0114319066
3.182822,-0.713964,-11.140436,5.15299,0.1472014948,1.9427906953,0.0353940002
3.183871,0.753513,-11.667192,0.99554,0.1472014948,1.9193777419,0.0215590732
3.18492,2.526013,-11.523531,-4.924804,0.086540661,2.0289929327,-0.0571935882
3.185969,2.468371,-9.220168,-6.248175,-0.0113680531,2.2886638702,-0.1444600508
3.187018,-0.332084,-7.11793,-1.855352,-0.0539370592,2.4706463715,-0.1902217324
3.188035,-2.517687,-8.640736,0.443135,-0.0166891789,2.4036001868,-0.1795794809
3.189086,-2.203056,-10.175513,1.45908,0.0524854561,2.2237461358,-0.1263682232
3.190133,-1.612223,-9.189041,2.964985,0.106760939,2.0662408131,-0.0657073894
3.191181,-1.472921,-9.35904,3.546211,0.1269812169,1.9332126689,-0.0103676814
3.192199,-0.593876,-11.238604,5.196222,0.1376234684,1.8480746566,0.0300728744
3.193248,0.753513,-12.512397,2.741621,0.1472014948,1.8406250805,0.0247517486
3.194297,2.389113,-11.231421,-4.079383,0.1014398132,1.9651394235,-0.048679787
3.195346,2.775797,-8.952001,-6.365861,0.0035310991,2.252480215,-0.1444600508
3.196362,0.229929,-7.115536,-1.980243,-0.0443590329,2.4866097488,-0.1976713085
3.197411,-2.363974,-7.656658,0.118897,-0.0134965034,2.4589398948,-0.1934144079
3.198462,-2.539303,-10.197062,0.933094,0.0492927807,2.2822785193,-0.1370104747
3.199509,-1.900434,-9.849882,2.960181,0.1046324887,2.1077455941,-0.0657073894
3.200558,-1.605018,-9.495518,3.017824,0.1227243163,1.9321484437,-0.0135603569
3.201575,0.655041,-12.378314,3.892065,0.134430793,1.7937991738,0.0290086492
3.202624,2.425139,-11.336772,-3.034617,0.1046324887,1.9374695695,-0.03484486
3.203673,3.056803,-9.778051,-6.84141,0.0131091254,2.2546086653,-0.1433958257
3.204721,0.4629,-7.381308,-2.43898,-0.0326525562,2.5483348077,-0.2189558116
3.205738,-2.351966,-6.035684,0.65449,0.0045953242,2.5611055096,-0.2285338379
3.206787,-2.88996,-8.985522,0.183744,0.0609992574,2.3812514586,-0.1774510306
3.207838,-2.481661,-10.742974,2.482231,0.1120820647,2.1843698052,-0.0923130183
3.208885,-1.943666,-9.912135,2.801665,0.1323023427,1.9715247744,-0.0178172575
3.209902,-1.103049,-10.821987,3.959314,0.1237885414,1.7842211474,0.034329775
3.210951,0.42207,-12.498031,4.792726,0.1291096672,1.7182391879,0.0577427284
3.212,2.650905,-11.89705,-1.288536,0.1078251641,1.8214690278,0.0183663977
3.213049,3.621217,-9.416505,-6.425905,0.0194944764,2.1226447463,-0.0955056937
3.214098,0.945654,-7.623137,-3.40689,-0.0528728341,2.4568114445,-0.2051208846
3.215115,-2.018121,-6.698919,1.396634,-0.0273314304,2.5440779071,-0.2349191889
3.216164,-2.428822,-8.044543,0.532,0.0471643304,2.412113988,-0.1976713085
3.217215,-2.157423,-10.101288,0.978728,0.1014398132,2.2397095132,-0.1295608987
3.218261,-1.970085,-10.769312,2.926557,0.128045442,2.037506734,-0.0540009127
3.219278,-1.412877,-11.116492,3.325249,0.1333665678,1.8321112793,0.0130452719
3.220327,-0.142344,-12.038316,4.312374,0.1354950181,1.7235603136,0.0524216026
3.221376,2.175356,-12.466905,0.260601,0.120595866,1.7810284719,0.034329775
3.222425,3.854188,-10.491567,-6.334638,0.037586304,2.0758188395,-0.0657073894
3.223442,1.714218,-7.656658,-4.283533,-0.0528728341,2.4631967954,-0.1891575073
3.224491,-1.590607,-5.26231,1.752095,-0.0401021322,2.5994176151,-0.2487541159
3.22554,-2.457643,-6.844974,0.798596,0.037586304,2.4855455236,-0.2338549637
3.226591,-2.491268,-10.795649,0.880255,0.0971829126,2.3195263997,-0.1646803287
3.227606,-2.517687,-11.45649,2.984199,0.1323023427,2.1088098193,-0.0699642901
3.228654,-0.689946,-10.948888,3.805602,0.134430793,1.691633559,0.0545500529
3.230752,4.077552,-11.992824,-4.975241,0.0503570058,1.9651394235,-0.0167530324
3.231801,2.499594,-7.912854,-4.883974,-0.0422305825,2.3887010347,-0.1359462496
3.232818,-1.103049,-4.795412,0.952308,-0.0645793108,2.5791973372,-0.222148487
3.229703,1.781467,-12.433384,0.983531,0.1163389653,1.6884408836,0.0534858278
3.233867,-2.106986,-6.176951,2.230046,0.0077879997,2.4961877752,-0.2327907386
3.234916,-1.92205,-10.335934,0.121299,0.0833479856,2.3503889291,-0.180643706
3.235967,-2.080566,-12.232259,2.294893,0.1269812169,2.1662779776,-0.0944414686
3.236981,-1.794757,-11.837191,3.130707,0.1503941703,1.9374695695,-0.0114319066
3.23803,-0.903703,-11.193111,2.871316,0.1546510709,1.7501659425,0.0428435762
3.239079,1.072947,-12.009584,1.079602,0.1333665678,1.7086611615,0.0513573775
3.240128,3.717287,-11.853951,-4.939214,0.0748341844,1.9566256223,-0.0039823305
3.241145,2.886278,-7.754827,-5.837473,-0.0230745298,2.3940221604,-0.1189186471
3.242194,-0.949336,-4.879214,0.544009,-0.073093112,2.5951607145,-0.2136346858
3.243243,-2.169432,-5.963854,2.8497,-0.0103038279,2.4919308746,-0.2317265134
3.244291,-1.883622,-9.969599,0.527196,0.079091085,2.3525173794,-0.1849006066
3.245343,-2.241485,-12.380708,2.309304,0.1312381175,2.2024616328,-0.1008268195
3.246357,-2.032531,-11.29128,3.363677,0.1578437463,1.9715247744,-0.0220741581
3.247406,-1.064621,-11.12607,2.414981,0.1546510709,1.7288814394,0.0258159738
3.248455,0.698272,-12.79493,1.754497,0.1376234684,1.622458924,0.0322013247
3.249504,3.308988,-12.225076,-3.190731,0.0971829126,1.8289186038,-0.0124961318
3.250521,3.330604,-8.166655,-5.642931,0.0045953242,2.2854711948,-0.104019495
3.25157,-0.514618,-5.741179,0.049246,-0.0720288868,2.5728119862,-0.1849006066
3.252619,-2.356769,-5.822587,3.567827,-0.0432948077,2.5185365034,-0.2051208846
3.253668,-2.032531,-10.860297,1.583972,0.1014398132,2.2439664138,-0.1157259717
3.254685,-2.099781,-11.039873,2.912146,0.128045442,2.0428278597,-0.048679787
3.255733,-1.453707,-13.269012,1.901004,0.1408161439,1.8140194517,0.0013387952
3.256782,0.297178,-14.605058,1.559954,0.1535868457,1.6905693339,0.0226232983
3.257834,2.891081,-11.284097,-2.981778,0.1269812169,1.8289186038,-0.0188814827
3.25888,3.246542,-7.115536,-5.510834,0.0290725027,2.224810361,-0.1072121704
3.259897,-0.0823,-5.753151,-0.323027,-0.0539370592,2.5387567813,-0.1763868054
3.260946,-2.320743,-6.354133,3.116296,-0.0358452316,2.5281145298,-0.1891575073
3.261995,-1.926854,-7.996656,1.699256,0.0386505291,2.3876368095,-0.166808779
3.263043,-1.746722,-10.170724,1.33659,0.086540661,2.2556728905,-0.1189186471
3.264061,-1.823578,-11.331983,2.679175,0.1056967138,2.0683692634,-0.0603862637
3.26511,-1.374448,-13.443799,2.100351,0.1216600911,1.8395608554,-0.0146245821
3.266158,0.229929,-14.487735,0.62807,0.1333665678,1.6948262345,0.0024030204
3.26721,2.737368,-11.554658,-2.777628,0.1088893893,1.8086983259,-0.03484486
3.268224,3.176891,-7.548913,-5.112141,0.023751377,2.2088469837,-0.1104048459
3.269273,0.097832,-5.650194,-0.440714,-0.0443590329,2.5557843838,-0.1636161036
3.270322,-2.380787,-6.325401,3.219572,-0.0241387549,2.5823900126,-0.1657445539
3.271371,-2.131003,-7.740461,1.920218,0.0343936285,2.4440407427,-0.1444600508
3.27242,-1.638642,-9.694249,1.435062,0.0695130586,2.2865354199,-0.1093406207
3.273437,-1.472921,-11.188323,2.294893,0.0876048862,2.0843326407,-0.0678358397
3.276586,1.560505,-11.765361,-2.001859,0.1376234684,1.8150836768,-0.0571935882
3.274486,-1.098246,-13.798163,2.081136,0.1035682635,1.87148761,-0.0422944361
3.275535,-0.298459,-15.519699,1.2141,0.1323023427,1.746973267,-0.0305879594
3.277601,2.751779,-7.366942,-5.378737,0.0673846083,2.1364796732,-0.1221113226
3.27865,0.647835,-5.326957,-1.874566,-0.0198818543,2.4940593249,-0.1689372293
3.279699,-2.111789,-5.808221,2.784853,-0.0283956555,2.5717477611,-0.1636161036
3.280747,-1.256762,-8.8251,1.672837,0.0567423567,2.2673793671,-0.0986983692
3.281765,-1.07663,-11.710291,2.511052,0.0684488334,2.0779472898,-0.0603862637
3.282813,-0.81724,-14.28661,2.299697,0.0907975617,1.8917078879,-0.0295237342
3.283862,0.025779,-15.37125,0.347064,0.1237885414,1.7842211474,-0.0220741581
3.284911,1.925573,-12.751832,-2.578282,0.134430793,1.8406250805,-0.0614504888
3.285962,2.804618,-8.240879,-5.395549,0.0780268598,2.1226447463,-0.1402031502
3.286977,0.539756,-4.843299,-1.358187,0.0109806751,2.4291415905,-0.1934144079
3.288026,-2.042138,-4.630202,2.22284,0.0120449003,2.501508901,-0.1934144079
3.289075,-2.33035,-8.049332,2.306902,0.0556781316,2.398279061,-0.1476527263
3.290124,-1.619428,-9.591292,2.940967,0.0844122107,2.2599297911,-0.0827349919
3.291141,-0.968551,-9.169887,2.013887,0.0822837604,2.0917822168,-0.0369733103
3.292189,-0.502609,-12.031133,2.37175,0.0748341844,1.9172492916,-0.0178172575
3.293238,0.141064,-16.360116,1.045977,0.0939902371,1.8118910014,-0.0050465557
3.294287,1.937582,-14.897169,-3.370864,0.1046324887,1.8778729609,-0.0284595091
3.295304,2.646101,-8.928057,-5.268256,0.0524854561,2.1471219248,-0.1210470974
3.296353,0.131456,-5.161747,-1.408624,-0.0134965034,2.4004075114,-0.2051208846
3.297402,-2.073361,-5.063579,2.741621,-0.0017900267,2.446169193,-0.2168273613
3.298451,-2.255895,-7.742855,2.626337,0.065256158,2.3684807567,-0.1710656796
3.29947,-1.849997,-9.715798,2.940967,0.1035682635,2.2652509168,-0.0997625944
3.300516,-1.129469,-9.148338,3.265205,0.106760939,2.1215805211,-0.0380375354
3.301565,-0.565055,-9.514673,2.148386,0.0961186874,1.9449191456,-0.0114319066
3.302614,0.047395,-13.774219,0.580035,0.0854764359,1.8097625511,-0.0061107808
3.303663,1.791074,-16.350538,-3.200338,0.0780268598,1.857652683,-0.0167530324
3.30468,2.420336,-12.124513,-6.183327,0.0365220788,2.1396723487,-0.0848634422
3.305729,-0.130336,-6.574413,-2.299678,-0.0390379071,2.3833799089,-0.1817079312
3.306777,-1.977291,-6.615117,2.840093,0.0567423567,2.3227190751,-0.1880932821
3.307826,-1.806766,-9.502701,2.888129,0.1195316408,2.2865354199,-0.117854422
3.308845,-1.122263,-9.169887,3.868048,0.1312381175,2.1886267058,-0.0454871115
3.309892,-0.252825,-8.691017,2.679175,0.128045442,2.0396351843,-0.0135603569
3.310941,0.342812,-12.864367,0.606455,0.1088893893,1.9119281658,-0.0135603569
3.31199,1.769458,-17.272362,-3.495755,0.0801553101,1.9342768941,-0.0178172575
3.313007,2.552433,-13.520418,-6.497958,0.0333294034,2.1854340303,-0.0699642901
3.314056,0.268357,-6.667792,-3.08025,-0.0411663574,2.4110497629,-0.1753225803
3.315104,-1.84039,-4.098656,2.520659,-0.0528728341,2.3833799089,-0.2349191889
3.316153,-1.998907,-5.86808,3.068261,0.0397147543,2.2875996451,-0.2125704606
3.317202,-2.106986,-9.572137,2.912146,0.114210515,2.2588655659,-0.1348820244
3.31822,-1.67707,-10.355089,4.627004,0.141880369,2.1950120567,-0.0444228864
3.319268,-0.444966,-8.619187,3.248393,0.1567795212,2.0683692634,0.006659921
3.320316,0.515738,-10.618468,0.577633,0.1354950181,1.9342768941,0.0013387952
3.321366,1.726227,-15.797444,-3.526978,0.0822837604,1.9172492916,-0.0199457078
3.322383,2.504398,-15.299419,-6.521976,0.0205587015,2.1311585475,-0.0635789391
3.323432,0.453293,-8.676651,-3.390078,-0.0443590329,2.376994558,-0.1582949778
3.324481,-1.75873,-4.41471,1.507115,-0.0667077611,2.3759303328,-0.2327907386
3.32553,-1.998907,-5.650194,3.296428,0.0184302512,2.2652509168,-0.2253411625
3.326546,-2.164628,-9.234534,2.844897,0.1110178396,2.2375810628,-0.1519096269
3.327595,-1.821176,-10.580158,4.237919,0.1472014948,2.2099112089,-0.0561293631
3.328644,-0.562653,-8.963973,4.398837,0.1631648721,2.1109382696,0.0098525965
3.329692,0.474908,-9.272844,1.430259,0.1450730445,1.9874881517,0.0119810468
3.330742,1.5533,-14.140554,-2.892913,0.0822837604,1.9523687217,-0.021009933
3.331759,2.593263,-15.531671,-6.365861,0.0173660261,2.1364796732,-0.0603862637
3.332807,0.972073,-9.797206,-4.427639,-0.0358452316,2.390829485,-0.1423316005
3.333856,-1.938862,-6.330189,3.349267,-0.0124322782,2.2705720426,-0.2338549637
3.334905,-1.864408,-8.001445,3.08027,0.0876048862,2.1992689573,-0.17319413
3.335922,-2.00371,-10.122837,3.947306,0.1386876936,2.1747917788,-0.083799217
3.336973,-1.074228,-10.11326,5.27548,0.1663575476,2.1045529186,-0.0039823305
3.33802,0.227527,-9.019043,2.463017,0.1684859979,1.996001953,0.020494848
3.339069,1.584523,-11.91381,-2.652737,0.106760939,1.9502402714,-0.0156888072
3.340089,2.646101,-15.299419,-6.449923,0.0163018009,2.100296018,-0.062514714
