Time (s), Acceleration X (m/s^2), Acceleration Y (m/s^2), Acceleration Z (m/s^2), Gyro X (rad/s), Gyro Y (rad/s), Gyro Z (rad/s)
0.00015,-0.211995,-9.828333,0.224574,0.0024668739,-0.0302827396,0.0130452719
0.000549,-0.211995,-9.828333,0.229378,0.0003384236,-0.0302827396,0.0130452719
0.001597,-0.211995,-9.825938,0.229378,0.0003384236,-0.0302827396,0.0141094971
0.002615,-0.214397,-9.828333,0.222173,0.0014026488,-0.0302827396,0.0151737222
0.003665,-0.219201,-9.828333,0.212566,0.0003384236,-0.0281542893,0.0151737222
0.004714,-0.211995,-9.830727,0.217369,-0.0007258016,-0.0270900641,0.0151737222
0.005763,-0.202388,-9.825938,0.229378,-0.0007258016,-0.0281542893,0.0151737222
0.006781,-0.20479,-9.816361,0.234181,-0.0017900267,-0.0281542893,0.0151737222
0.007833,-0.207192,-9.818755,0.243788,-0.0028542519,-0.0292185144,0.0162379474
0.00888,-0.20479,-9.818755,0.260601,-0.003918477,-0.0292185144,0.0162379474
0.009929,-0.209594,-9.816361,0.250994,-0.003918477,-0.0281542893,0.0162379474
0.010947,-0.209594,-9.818755,0.229378,-0.003918477,-0.0281542893,0.0162379474
0.011996,-0.209594,-9.82115,0.229378,-0.003918477,-0.0292185144,0.0173021725
0.013046,-0.214397,-9.818755,0.236583,-0.0049827022,-0.0281542893,0.0183663977
0.014095,-0.214397,-9.816361,0.226976,-0.0049827022,-0.0281542893,0.0183663977
0.015145,-0.20479,-9.818755,0.219771,-0.0060469273,-0.0281542893,0.0183663977
0.016162,-0.209594,-9.823544,0.226976,-0.0060469273,-0.0281542893,0.0173021725
0.017211,-0.219201,-9.816361,0.226976,-0.0060469273,-0.0249616138,0.0162379474
0.018261,-0.20479,-9.818755,0.226976,-0.0081753776,-0.0249616138,0.0183663977
0.01931,-0.211995,-9.818755,0.23178,-0.0081753776,-0.026025839,0.0183663977
0.02033,-0.211995,-9.809178,0.236583,-0.0081753776,-0.0270900641,0.0183663977
0.021378,-0.202388,-9.7996,0.234181,-0.0092396028,-0.0270900641,0.0194306229
0.022427,-0.202388,-9.794812,0.229378,-0.0103038279,-0.0249616138,0.0194306229
0.023476,-0.216799,-9.790023,0.229378,-0.0103038279,-0.026025839,0.0194306229
0.024494,-0.216799,-9.78284,0.219771,-0.0092396028,-0.0281542893,0.0194306229
0.025544,-0.211995,-9.780446,0.219771,-0.0092396028,-0.0270900641,0.020494848
0.026593,-0.207192,-9.78284,0.229378,-0.0113680531,-0.0249616138,0.020494848
0.027642,-0.199987,-9.780446,0.236583,-0.0124322782,-0.0249616138,0.0215590732
0.028692,-0.20479,-9.785234,0.234181,-0.0124322782,-0.0249616138,0.0215590732
0.029711,-0.216799,-9.778051,0.222173,-0.0113680531,-0.0238973887,0.020494848
0.030759,-0.219201,-9.761291,0.217369,-0.0113680531,-0.0228331635,0.0215590732
0.031808,-0.207192,-9.763685,0.224574,-0.0134965034,-0.0228331635,0.0226232983
0.032857,-0.202388,-9.773263,0.219771,-0.0134965034,-0.0249616138,0.0226232983
0.033875,-0.20479,-9.768474,0.210164,-0.0124322782,-0.026025839,0.0226232983
0.034924,-0.20479,-9.768474,0.214967,-0.0134965034,-0.0249616138,0.0226232983
0.035974,-0.211995,-9.778051,0.229378,-0.0145607286,-0.0238973887,0.0226232983
0.037023,-0.219201,-9.775657,0.236583,-0.0145607286,-0.0249616138,0.0215590732
0.038041,-0.211995,-9.761291,0.234181,-0.0156249537,-0.0249616138,0.0226232983
0.03909,-0.207192,-9.754108,0.222173,-0.017753404,-0.0249616138,0.0236875235
0.04014,-0.207192,-9.751713,0.212566,-0.0188176292,-0.026025839,0.0236875235
0.041189,-0.197585,-9.754108,0.219771,-0.0166891789,-0.0249616138,0.0258159738
0.042209,-0.197585,-9.761291,0.226976,-0.0145607286,-0.0249616138,0.0268801989
0.043256,-0.202388,-9.761291,0.219771,-0.0156249537,-0.0249616138,0.0247517486
0.044305,-0.202388,-9.761291,0.224574,-0.0166891789,-0.026025839,0.0247517486
0.045355,-0.207192,-9.763685,0.236583,-0.017753404,-0.0249616138,0.0268801989
0.046404,-0.207192,-9.763685,0.234181,-0.0198818543,-0.0238973887,0.0268801989
0.048471,-0.20479,-9.754108,0.222173,-0.0198818543,-0.0238973887,0.0247517486
0.047422,-0.207192,-9.758896,0.222173,-0.0198818543,-0.0228331635,0.0258159738
0.04952,-0.202388,-9.758896,0.226976,-0.0198818543,-0.026025839,0.0247517486
0.05057,-0.20479,-9.763685,0.217369,-0.0198818543,-0.0249616138,0.0258159738
0.051588,-0.211995,-9.754108,0.214967,-0.0209460795,-0.0249616138,0.0268801989
0.052637,-0.219201,-9.751713,0.224574,-0.0209460795,-0.026025839,0.0268801989
0.053687,-0.226406,-9.758896,0.229378,-0.0220103046,-0.026025839,0.0279444241
0.054736,-0.219201,-9.758896,0.229378,-0.0209460795,-0.0249616138,0.0290086492
0.055753,-0.197585,-9.74453,0.236583,-0.0198818543,-0.0238973887,0.0290086492
0.056803,-0.20479,-9.737347,0.238985,-0.0198818543,-0.0249616138,0.0290086492
0.057852,-0.219201,-9.742136,0.229378,-0.0209460795,-0.0249616138,0.0300728744
0.058902,-0.20479,-9.756502,0.222173,-0.0209460795,-0.0249616138,0.0300728744
0.059953,-0.192781,-9.768474,0.217369,-0.0209460795,-0.0238973887,0.0290086492
0.060969,-0.192781,-9.770868,0.217369,-0.0209460795,-0.0249616138,0.0290086492
0.062018,-0.199987,-9.768474,0.217369,-0.0220103046,-0.0249616138,0.0300728744
0.064117,-0.202388,-9.756502,0.214967,-0.0220103046,-0.0228331635,0.0311370995
0.065135,-0.207192,-9.761291,0.212566,-0.0230745298,-0.0217689384,0.0290086492
0.063067,-0.202388,-9.758896,0.212566,-0.0220103046,-0.0238973887,0.0311370995
0.066184,-0.219201,-9.778051,0.212566,-0.0230745298,-0.0217689384,0.0290086492
0.067233,-0.224004,-9.785234,0.219771,-0.0241387549,-0.0217689384,0.0300728744
0.068283,-0.219201,-9.78284,0.222173,-0.0252029801,-0.0228331635,0.0311370995
0.069301,-0.20479,-9.780446,0.224574,-0.0241387549,-0.0228331635,0.0311370995
0.07035,-0.199987,-9.787629,0.224574,-0.0241387549,-0.0228331635,0.0322013247
0.071399,-0.199987,-9.792417,0.241387,-0.0230745298,-0.0238973887,0.0311370995
0.072451,-0.202388,-9.790023,0.253395,-0.0230745298,-0.0228331635,0.0300728744
0.073498,-0.211995,-9.787629,0.24619,-0.0241387549,-0.0228331635,0.0300728744
0.074516,-0.197585,-9.739742,0.238985,-0.0252029801,-0.0228331635,0.0300728744
0.077664,-0.240817,-9.74453,0.229378,-0.0230745298,-0.0324111899,0.0268801989
0.076614,-0.372914,-9.93129,0.224574,-0.0230745298,-0.0249616138,0.0322013247
0.078681,-0.144746,-9.315942,0.243788,-0.0230745298,-0.039860766,0.0258159738
0.079731,-0.27204,-9.406927,0.303832,-0.0230745298,-0.0473103421,0.0322013247
0.08078,-0.221603,-9.572137,0.263003,-0.0273314304,-0.0568883684,0.0332655499
0.081832,-0.214397,-9.167492,0.217369,-0.0305241059,-0.0654021697,0.0290086492
0.082847,-0.447368,-9.301576,0.279815,-0.031588331,-0.0717875206,0.0258159738
0.075565,-0.27204,-9.770868,0.222173,-0.0241387549,-0.0217689384,0.0322013247
0.083896,-0.365708,-10.383821,0.311038,-0.0358452316,-0.0771086464,0.0226232983
0.084946,-0.199987,-10.651988,0.31344,-0.0337167813,-0.0824297721,0.0173021725
0.088062,-0.005444,-11.267336,0.519991,-0.0145607286,-0.0983931494,0.0215590732
0.087044,-0.384922,-10.446075,0.462349,-0.017753404,-0.10265005,0.0215590732
0.085995,-0.392128,-10.034247,0.335055,-0.0241387549,-0.0909435734,0.0183663977
0.089111,0.090627,-10.776495,0.565625,-0.0113680531,-0.0707232954,0.0215590732
0.09016,-0.031863,-9.998331,0.779381,-0.0145607286,-0.0505030175,0.0236875235
0.091212,0.369231,-9.330308,0.58724,-0.0347810065,-0.0451818917,0.0247517486
0.092228,0.662246,-7.910459,0.325448,-0.0528728341,-0.0334754151,0.0268801989
0.093277,0.119448,-7.862572,0.349466,-0.0550012844,-0.0356038654,0.034329775
0.094329,-0.344092,-9.926501,0.063656,-0.0486159335,-0.0526314678,0.0396509008
0.095376,-1.045407,-10.290442,-0.383071,-0.0379736819,-0.061145269,0.034329775
0.096393,-1.1727,-10.510722,-0.50316,-0.031588331,-0.0739159709,0.0311370995
0.097442,-0.829248,-10.513116,-0.034816,-0.0220103046,-0.0685948451,0.0311370995
0.098492,-0.493002,-9.835516,0.332654,-0.0124322782,-0.0515672427,0.0311370995
0.099541,-0.012649,-9.45242,0.488768,-0.0103038279,-0.0334754151,0.0279444241
0.100559,0.467703,-9.349463,0.61366,-0.0113680531,-0.0111266868,0.0268801989
0.101608,0.491721,-9.715798,0.421519,-0.0103038279,0.0080293659,0.0375224505
0.102657,0.405257,-10.307202,-0.073244,-0.0071111525,0.0186716175,0.0534858278
0.103709,0.491721,-9.490729,-0.918664,-0.0060469273,0.0250569684,0.0556142781
0.104756,0.376436,-8.547356,-1.425436,-0.0134965034,0.0346349948,0.0460362517
0.105773,0.023377,-9.873825,-1.149234,-0.0113680531,0.043148796,0.0449720265
0.106823,-0.010247,-10.70227,-0.873031,-0.0049827022,0.0463414715,0.0502931523
0.107873,-0.154353,-9.72777,-0.666479,0.0056595494,0.0367634451,0.0534858278
0.108922,-0.754794,-10.27847,-0.265385,0.0226871518,-0.0004844353,0.0556142781
0.109939,-0.733178,-10.814804,0.032433,0.0312009531,-0.0526314678,0.0545500529
0.110989,-0.519421,-9.19383,0.238985,0.0322651782,-0.0994573746,0.0449720265
0.112038,-0.680339,-9.095662,0.714534,0.0269440524,-0.1484117316,0.0396509008
0.113087,-0.178371,-10.149175,1.079602,0.0152375758,-0.1760815856,0.0417793511
0.114105,0.616612,-8.700594,0.877854,-0.0017900267,-0.1526686323,0.0428435762
0.115155,0.767923,-7.752432,1.029165,-0.0166891789,-0.1175492022,0.0428435762
0.116206,0.695871,-9.41411,1.161262,-0.0241387549,-0.1015858249,0.0460362517
0.117253,0.76312,-10.015092,0.532,-0.0241387549,-0.0739159709,0.0513573775
0.118303,0.306785,-10.42692,0.092477,-0.0103038279,-0.0387965408,0.048164702
0.11932,-0.413744,-11.760572,-0.051628,0.0035310991,-0.0292185144,0.0460362517
0.12037,-0.464181,-10.187485,-0.070842,0.0109806751,-0.0366680905,0.0492289272
0.121419,-0.560251,-8.58806,0.147718,0.0194944764,-0.0473103421,0.0513573775
0.122468,-0.351298,-11.138041,1.062789,0.0312009531,-0.0600810439,0.0641280793
0.123486,-0.132737,-8.025388,0.928291,0.0248156021,-0.0505030175,0.0609354038
0.124535,-0.358503,-7.83384,1.041173,0.0045953242,-0.0547599181,0.0524216026
0.125587,-0.260031,-9.742136,0.880255,-0.0156249537,-0.0505030175,0.0502931523
0.126634,-0.28645,-9.643968,0.332654,-0.0262672052,-0.0249616138,0.0492289272
0.127651,-0.771606,-9.428476,-0.063637,-0.0358452316,-0.0143193623,0.0385866756
0.128703,-0.874882,-9.857065,-0.049227,-0.045423258,-0.0249616138,0.0290086492
0.12975,-0.69475,-10.007909,-0.051628,-0.0422305825,-0.0207047132,0.0258159738
0.130799,-0.83165,-11.231421,-0.140494,-0.0262672052,-0.0026128856,0.0247517486
0.131848,-0.843659,-11.513954,0.226976,-0.0124322782,0.0059009156,0.0247517486
0.132866,-0.637107,-9.074113,0.349466,-0.0060469273,-0.0185762629,0.020494848
0.133915,-0.502609,-8.537779,0.366278,-0.0081753776,-0.0707232954,0.0151737222
0.134965,-0.192781,-10.731002,0.738551,-0.003918477,-0.0973289243,0.020494848
0.136014,0.071412,-10.374244,0.373484,0.0120449003,-0.0728517457,0.0290086492
0.137031,-0.060684,-8.061303,-0.229359,0.0077879997,-0.0366680905,0.0268801989
0.138083,-0.240817,-8.011022,-0.13569,-0.0081753776,-0.0100624617,0.0183663977
0.13913,-0.399333,-9.552982,-0.164511,-0.0145607286,0.0208000678,0.0151737222
0.14018,-0.704357,-10.968042,-0.058834,-0.017753404,0.0452772463,0.0141094971
0.141197,-0.874882,-11.154802,0.294225,-0.017753404,0.0505983721,0.0109168216
0.142247,-0.968551,-10.101288,0.106888,-0.0166891789,0.0474056966,0.006659921
0.143296,-1.045407,-10.197062,0.073263,-0.017753404,0.0474056966,0.0013387952
0.144345,-0.742785,-10.680721,0.323047,-0.0220103046,0.0644332991,0.0034672456
0.145395,-0.382521,-9.636785,0.32785,-0.0198818543,0.0899747028,0.0077241462
0.146412,-0.192781,-8.485103,0.495973,-0.0198818543,0.084653577,0.0034672456
0.147463,0.201108,-8.444399,0.527196,-0.0230745298,0.0601763985,-0.0050465557
0.148511,0.169885,-9.825938,0.584839,0.0152375758,0.0654975242,0.0077241462
0.14956,-0.137541,-10.606496,0.527196,0.0269440524,0.0367634451,0.0119810468
0.15058,-0.096711,-10.376638,0.102084,0.0163018009,0.0090935911,0.0055956959
0.151627,-0.211995,-10.216217,0.323047,-0.003918477,-0.0004844353,-0.0018538802
0.152677,-0.195183,-10.584947,0.604053,-0.0220103046,-0.0047413359,-0.0007896551
0.153726,-0.031863,-10.00312,0.666499,-0.0358452316,0.0037724653,0.0045314707
0.154743,-0.199987,-9.291998,0.769774,-0.0411663574,-0.0004844353,0.0045314707
0.155793,-0.012649,-9.478758,0.383091,-0.0401021322,-0.0217689384,-0.0018538802
0.156842,0.232331,-9.387772,0.19095,-0.0305241059,-0.0281542893,-0.0039823305
0.157892,-0.159157,-9.30397,0.04204,-0.0113680531,-0.0366680905,-0.0018538802
0.158941,-0.202388,-9.476363,-0.423901,-0.0092396028,-0.0579525936,0.0024030204
0.159961,-0.039069,-8.758059,-0.404687,-0.0092396028,-0.0600810439,0.006659921
0.161008,-0.435359,-9.598475,-0.392679,-0.003918477,-0.0600810439,0.0045314707
0.162057,-0.468984,-11.590573,-0.037218,-0.0134965034,-0.0654021697,-0.0039823305
0.163107,-0.192781,-10.098894,0.563223,-0.0230745298,-0.0473103421,-0.0050465557
0.164124,-0.557849,-9.042986,0.885059,-0.017753404,-0.0377323157,-0.0029181054
0.165173,-0.79082,-11.118886,1.216502,-0.0209460795,-0.0579525936,0.0002745701
0.166222,-0.127934,-9.816361,0.846631,-0.0401021322,-0.0515672427,0.0077241462
0.167272,-0.00064,-7.98229,1.024361,-0.0411663574,-0.0334754151,0.0034672456
0.16829,-0.565055,-10.311991,1.351001,-0.0369094568,-0.0590168187,-0.0029181054
0.16934,0.042591,-9.845093,0.299029,-0.0496801586,-0.0696590703,0.0034672456
0.170388,0.638228,-7.891305,-0.030012,-0.045423258,-0.0356038654,0.0034672456
0.171437,0.184295,-9.845093,0.159727,-0.0401021322,-0.0143193623,-0.0007896551
0.172457,0.215518,-10.517905,-0.090056,-0.0464874832,-0.0058055611,0.0034672456
0.173505,0.109841,-10.01988,0.097281,-0.0241387549,0.0101578162,0.0045314707
0.174554,0.145867,-10.221006,-0.260582,-0.0060469273,-0.012190912,0.0034672456
0.175603,0.251545,-8.418061,0.018023,-0.0081753776,-0.0047413359,0.0034672456
0.176652,-0.240817,-9.816361,0.419117,-0.0103038279,-0.0036771108,0.0077241462
0.17767,-0.024658,-9.871431,0.159727,-0.0252029801,-0.0164478126,0.0151737222
0.178719,0.124251,-8.602426,0.133307,-0.0283956555,-0.0228331635,0.0130452719
0.179769,-0.257629,-9.260872,0.202958,-0.0283956555,-0.0345396402,0.0087883713
0.180818,-0.288852,-9.598475,-0.140494,-0.0273314304,-0.0483745672,0.0130452719
0.181838,-0.125532,-9.646362,-0.186127,-0.0113680531,-0.0462461169,0.0130452719
0.182885,-0.063086,-10.276076,-0.27259,-0.0028542519,-0.0270900641,0.0151737222
0.183934,0.112242,-9.919318,-0.361456,-0.0092396028,0.0059009156,0.0226232983
0.184984,0.073814,-9.703826,-0.09486,-0.0103038279,0.0399561205,0.0247517486
0.186001,-0.012649,-10.177907,-0.037218,-0.0092396028,0.0718828752,0.0268801989
0.18705,-0.017453,-10.103683,-0.032414,-0.0049827022,0.1091307555,0.0322013247
0.188099,-0.216799,-9.550588,0.08287,0.0088522248,0.126158358,0.0364582253
0.189149,-0.147148,-9.169887,-0.224555,0.0131091254,0.1155161065,0.0375224505
0.190198,0.057002,-9.545799,-0.493553,0.0184302512,0.1059380801,0.0417793511
0.191215,-0.031863,-9.902557,-0.491151,0.0322651782,0.0995527292,0.0460362517
0.192265,-0.058283,-9.792417,-0.841808,0.0407789794,0.0857178022,0.0449720265
0.193314,-0.058283,-10.034247,-0.76255,0.0439716549,0.0782682261,0.0396509008
0.194364,-0.296057,-10.256921,-0.368661,0.0492927807,0.07081865,0.0332655499
0.195381,-0.471386,-9.924107,-0.246171,0.0482285555,0.0505983721,0.0258159738
0.19643,-0.351298,-9.143549,0.282217,0.0418432046,0.0197358426,0.0194306229
0.19748,-0.168764,-8.612003,0.551214,0.0397147543,-0.0207047132,0.0215590732
0.198529,-0.065488,-9.296787,0.481563,0.0429074297,-0.0643379445,0.0300728744
0.199546,0.143465,-10.161147,0.577633,0.0482285555,-0.0962646991,0.034329775
0.200596,0.165081,-10.716636,-0.147699,0.0301367279,-0.0920077985,0.0258159738
0.201645,-0.125532,-10.872269,0.092477,0.0226871518,-0.0728517457,0.0162379474
0.202694,-0.305664,-9.526645,0.006014,0.0269440524,-0.0345396402,0.0098525965
0.203743,-0.850864,-8.887354,0.23178,0.0397147543,0.0048366905,0.0109168216
0.204761,-1.141477,-9.13876,0.659293,0.0609992574,0.0165431672,0.0130452719
0.205811,-0.990166,-9.315942,0.652088,0.0833479856,0.0090935911,0.0141094971
0.20686,-1.033398,-10.218611,0.606455,0.0939902371,-0.0004844353,0.0173021725
0.207909,-1.011782,-10.778889,0.380689,0.0876048862,-0.0036771108,0.0141094971
0.208926,-0.834052,-10.520299,-0.157306,0.065256158,0.0176073923,0.0055956959
0.209976,-0.61309,-10.134809,-0.349447,0.0301367279,0.0665617494,-0.0018538802
0.211025,-0.180773,-8.952001,-0.21735,0.0014026488,0.1304152586,-0.0018538802
0.212075,0.117046,-8.362991,0.056451,-0.0007258016,0.1868191918,0.0087883713
0.213092,0.121849,-9.624813,0.411912,0.0226871518,0.2102321451,0.0258159738
0.214142,0.201108,-11.025507,-0.046825,0.051421231,0.2006541188,0.0364582253
0.215191,0.237134,-11.310434,-0.361456,0.0716415089,0.1719200396,0.0311370995
0.216241,-0.04147,-10.908184,0.193351,0.0758984095,0.1431859605,0.0194306229
0.217289,-0.485796,-10.436497,0.764971,0.065256158,0.1187087819,0.0098525965
0.218307,-0.670732,-8.691017,1.03637,0.0407789794,0.1112592058,0.0034672456
0.219357,-0.452172,-6.581596,1.09161,0.0120449003,0.1165803316,-0.0039823305
0.220406,-0.721169,-8.31271,1.675239,0.0109806751,0.1038096298,-0.0061107808
0.221457,-1.549777,-12.419018,1.454277,0.0333294034,0.0474056966,-0.0093034563
0.222473,-1.84039,-12.900282,0.726543,0.0482285555,-0.039860766,-0.0316521845
0.223522,-1.602616,-9.555377,1.002745,0.0439716549,-0.1175492022,-0.0699642901
0.224571,-1.412877,-8.149894,1.33659,0.0258798273,-0.150540182,-0.090184568
0.22562,-1.07663,-9.68946,2.314107,-0.0358452316,-0.1132923016,-0.0401659857
0.226638,-0.10872,-8.355808,2.157993,-0.0613866353,-0.1345768047,-0.021009933
0.227687,1.080153,-10.589735,1.127637,-0.0741573372,-0.150540182,-0.0252668336
0.228737,1.71662,-12.76141,-0.332634,-0.0805426881,-0.0590168187,-0.0380375354
0.229786,1.082554,-10.110866,-0.659274,-0.0720288868,0.1101949807,-0.0550651379
0.230804,-0.154353,-7.043705,-0.092458,-0.0550012844,0.2134248206,-0.0657073894
0.231853,-0.281647,-7.505814,-0.35425,-0.0496801586,0.2570580519,-0.0454871115
0.232902,0.162679,-9.869036,-0.712113,-0.0464874832,0.3155904353,-0.0061107808
0.233954,-0.28645,-11.578601,0.267806,-0.0241387549,0.3379391636,0.0194306229
0.235001,-0.57226,-11.640854,0.118897,0.00991645,0.278342555,0.0173021725
0.236018,0.004163,-10.726213,-0.933075,0.0343936285,0.2400304494,-0.0103676814
0.237067,0.328401,-8.870593,-1.331768,0.0248156021,0.3070766341,-0.0412302109
0.238117,0.162679,-7.192155,-0.692899,-0.0145607286,0.4028568979,-0.0454871115
0.239166,-0.476189,-8.370174,1.130039,-0.0145607286,0.4124349243,-0.0220741581
0.240184,-1.324011,-11.437335,0.997942,0.0216229267,0.3315538127,-0.0050465557
0.241233,-1.218334,-11.822825,-0.181323,0.0333294034,0.2176817212,-0.0220741581
0.242282,-0.769204,-9.675094,0.126102,0.0258798273,0.0942316034,-0.0571935882
0.243334,-0.939729,-9.335097,0.435929,0.0035310991,-0.0281542893,-0.0678358397
0.244349,-0.824445,-9.557771,0.443135,-0.0369094568,-0.1132923016,-0.0391017606
0.245398,-0.262432,-8.097219,1.343796,-0.0656435359,-0.171824685,-0.0007896551
0.246448,0.448489,-8.947212,1.24052,-0.0667077611,-0.2335497439,0.0119810468
0.247497,1.34915,-12.000007,-0.534382,-0.0613866353,-0.213329466,-0.0093034563
0.248546,1.248276,-10.821987,-0.671283,-0.0571297347,-0.081365547,-0.0433586612
0.249564,-0.034265,-7.232859,0.483965,-0.0464874832,0.001644015,-0.0667716146
0.250613,-0.682741,-7.424407,1.079602,-0.0230745298,-0.0590168187,-0.0571935882
0.251662,-0.039069,-10.031852,-0.058834,-0.0113680531,-0.1249987783,-0.0146245821
0.252714,0.265955,-12.122119,-1.34858,-0.0081753776,0.0388918954,0.0268801989
0.253729,-0.260031,-10.604102,-2.100331,0.0088522248,0.1165803316,-0.0061107808
0.254778,-0.267236,-7.936797,-1.612774,0.0226871518,0.1485070862,-0.0412302109
0.25583,-0.305664,-6.660609,-0.224555,0.0386505291,0.1485070862,-0.048679787
0.256877,-0.396931,-8.60482,0.524795,0.0503570058,0.1219014574,-0.0242026084
0.257895,-0.310468,-11.102126,1.70406,0.0631277077,0.084653577,0.0130452719
0.258944,0.020975,-11.116492,1.819344,0.0673846083,0.0388918954,0.0300728744
0.259993,0.405257,-10.381427,1.103619,0.0269440524,-0.0036771108,0.0130452719
0.261042,0.352419,-10.077345,1.094012,-0.045423258,-0.0089982365,-0.0061107808
0.262092,0.282768,-8.655102,1.682444,-0.0954418402,0.0208000678,-0.0007896551
0.263109,0.472507,-7.314267,2.121966,-0.0975702905,0.0654975242,0.0194306229
0.264159,0.616612,-8.183415,1.175672,-0.0794784629,0.1038096298,0.0385866756
0.26521,0.739102,-10.793255,-0.335036,-0.0581939599,0.1368006095,0.0471004769
0.266257,0.328401,-12.806902,-0.947486,-0.0188176292,0.1612777881,0.0332655499
0.267274,-0.356101,-11.535503,-0.892245,0.0354578537,0.1516997617,0.0045314707
0.268324,-0.363307,-8.154683,-1.029145,0.0833479856,0.1229656825,-0.0114319066
0.269373,-0.216799,-7.232859,-1.850548,0.1056967138,0.1389290598,-0.0007896551
0.270422,-0.651518,-9.39735,-1.941815,0.0982471377,0.1751127151,0.0279444241
0.27144,-1.333618,-11.394237,-0.35425,0.0822837604,0.1240299077,0.0449720265
0.272489,-1.170299,-10.501145,0.551214,0.0641919328,-0.0207047132,0.0311370995
0.273538,0.04019,-8.298344,-0.359054,0.0205587015,-0.1058427255,0.0013387952
0.274589,0.371633,-9.210591,0.616062,-0.017753404,-0.0654021697,-0.0050465557
0.275637,-0.692348,-11.45649,3.025029,-0.0188176292,-0.0270900641,0.0173021725
0.276655,-0.682741,-10.017486,2.333322,-0.0209460795,-0.0356038654,0.0311370995
0.277706,0.345213,-7.019762,0.383091,-0.0401021322,0.0122862666,0.0130452719
0.278753,-0.922917,-11.21466,0.142914,-0.0475517083,0.1389290598,-0.0018538802
0.279802,-0.894096,-11.743811,-0.901852,-0.0134965034,0.1421217353,0.0162379474
0.28082,-0.982961,-9.971993,-1.557533,0.0216229267,0.1495713114,0.0141094971
0.281869,-1.230343,-8.834678,-0.243769,0.0492927807,0.1431859605,0.0034672456
0.282919,-1.119862,-9.61763,0.764971,0.0812195353,0.1208372322,0.0151737222
0.283968,-0.649116,-10.510722,0.803399,0.1110178396,0.1187087819,0.0439078014
0.284985,-0.137541,-9.842699,0.24619,0.1046324887,0.1516997617,0.0492289272
0.286034,0.227527,-8.700594,0.070862,0.0365220788,0.2017183439,0.0236875235
0.287086,-0.06789,-10.082134,1.845764,-0.0241387549,0.2283239727,0.0024030204
0.288133,-0.980559,-13.300138,3.226777,-0.0188176292,0.1772411654,0.0013387952
0.289182,-0.721169,-10.999169,1.977861,-0.0092396028,0.084653577,-0.0050465557
0.2902,0.42207,-4.682877,0.57283,-0.0241387549,0.043148796,-0.0359090851
0.291249,0.364427,-4.539216,0.594446,-0.0347810065,0.0654975242,-0.0571935882
0.292298,-0.202388,-10.051007,0.356671,-0.0326525562,0.0931673782,-0.0359090851
0.293347,0.167483,-12.957746,-1.02194,-0.0198818543,0.1101949807,0.0098525965
0.294365,0.530149,-11.753389,-2.760816,-0.0049827022,0.1091307555,0.0353940002
0.295414,-0.099113,-10.956071,-3.193133,0.0024668739,0.0729471003,0.0268801989
0.296464,-0.745187,-11.135647,-2.124349,0.0248156021,0.0335707696,0.0087883713
0.297513,-0.629902,-9.998331,-1.483079,0.0546139064,0.0516625972,0.006659921
0.29853,-0.320075,-8.31271,-0.921066,0.0673846083,0.1495713114,0.0194306229
0.299582,-0.934926,-9.026226,0.993138,0.0737699592,0.2432231249,0.034329775
0.300629,-2.056549,-10.520299,3.070663,0.0758984095,0.2166174961,0.0407151259
0.301678,-1.78515,-8.908903,3.188349,0.0609992574,0.0952958285,0.0236875235
0.302695,-0.478591,-7.182577,1.860174,0.0301367279,0.0176073923,-0.0146245821
0.303745,-0.031863,-9.34228,1.096414,-0.0049827022,0.0325065445,-0.0391017606
0.304794,-0.168764,-10.606496,0.666499,-0.0422305825,0.07081865,-0.0401659857
0.305844,0.076216,-9.447631,-0.104467,-0.0411663574,0.0537910475,-0.0359090851
0.306893,0.277964,-10.503539,-0.793773,-0.0443590329,0.0750755506,-0.0124961318
0.30791,0.491721,-11.185928,-1.02194,-0.0241387549,0.1570208875,0.0077241462
0.308962,-0.003042,-9.928895,-0.207743,0.00991645,0.2198101715,0.0151737222
0.310009,-0.420949,-8.760453,0.702525,0.0407789794,0.2166174961,0.0258159738
0.311058,-0.288852,-10.357484,0.332654,0.0833479856,0.223002847,0.0300728744
0.312075,-0.428154,-10.649594,-0.695301,0.0748341844,0.278342555,0.0162379474
0.313125,-0.629902,-6.962297,-0.563204,0.00991645,0.3230400114,-0.0018538802
0.314174,-1.23995,-7.048494,1.031566,0.0014026488,0.285792131,-0.0135603569
0.315223,-1.900434,-11.487616,1.314974,0.0312009531,0.1548924371,-0.0124961318
0.316241,-1.033398,-11.358321,0.31344,0.0280082776,0.0133504917,-0.0146245821
0.31729,0.227527,-8.868199,-0.301412,0.0088522248,-0.0558241433,-0.0188814827
0.318339,0.700674,-10.517905,-0.17652,-0.0124322782,-0.0494387924,0.0002745701
0.319389,0.931243,-12.258596,0.202958,-0.0337167813,0.0101578162,0.0258159738
0.320438,1.101768,-9.768474,-0.279796,-0.0550012844,0.1176445568,0.0322013247
0.321457,0.876003,-8.243274,-0.05403,-0.0539370592,0.2336450985,0.0226232983
0.322504,0.059404,-11.070999,-0.154904,-0.0252029801,0.3241042366,0.0098525965
0.323554,-0.536233,-10.731002,-0.491151,-0.0081753776,0.3879577458,0.0013387952
0.324603,-1.07663,-6.742017,1.089209,0.0216229267,0.3911504213,-0.0039823305
0.32562,-2.253493,-8.427639,1.764104,0.0907975617,0.2889848065,-0.0007896551
0.32667,-2.683409,-11.655221,1.03637,0.1110178396,0.1219014574,0.0109168216
0.327719,-1.28078,-9.323125,0.342261,0.051421231,0.0027082402,0.0109168216
0.328768,0.371633,-8.91848,0.556018,-0.0007258016,0.0059009156,0.006659921
0.329786,0.679058,-12.160428,1.886594,-0.0273314304,0.0793324512,0.0173021725
0.330838,1.375569,-8.954395,-0.05403,-0.0752215623,0.2474800255,0.0162379474
0.331884,1.615746,-9.584109,-1.221286,-0.0890564893,0.3709301433,-0.0103676814
0.332933,0.621416,-11.580996,-1.468668,-0.086928039,0.4475543544,-0.0316521845
0.333983,-0.697151,-9.339885,-0.301412,-0.0464874832,0.4592608311,-0.0316521845
0.335,-1.84039,-6.526526,0.174137,0.0152375758,0.3922146464,-0.0114319066
0.33605,-2.484062,-8.451582,0.27261,0.0620634825,0.2400304494,0.020494848
0.337099,-2.013317,-10.671143,0.678507,0.0780268598,0.0601763985,0.0524216026
0.338148,-0.519421,-10.53706,0.865845,0.0716415089,-0.0664663948,0.0651923045
0.339166,0.993689,-10.709453,0.443135,0.0343936285,-0.0664663948,0.0524216026
0.340214,1.699807,-11.231421,-0.409491,-0.045423258,0.0803966764,0.0247517486
0.341264,1.47164,-11.564235,-0.260582,-0.1039556415,0.3219757863,0.006659921
0.342314,0.68146,-10.398188,0.102084,-0.0954418402,0.5412061679,-0.0050465557
0.34438,-1.081433,-8.185809,0.013219,0.0120449003,0.5539768698,-0.0305879594
0.34543,-1.314404,-7.795531,0.10929,0.065256158,0.4305267519,-0.0188814827
0.346479,-2.087772,-10.66396,0.359073,0.0833479856,0.2666360783,0.0013387952
0.347528,-1.780346,-10.697481,1.300564,0.051421231,0.0974242788,0.0322013247
0.343333,-0.456975,-9.148338,-0.214948,-0.0464874832,0.6167661538,-0.0252668336
0.348545,-0.692348,-8.044543,1.761702,0.0258798273,-0.0387965408,0.0513573775
0.349595,-0.279245,-9.881008,1.807336,0.0045953242,-0.1143565267,0.0588069535
0.350644,0.847182,-12.526763,0.152521,-0.0507443838,-0.0302827396,0.0609354038
0.351693,1.805485,-12.246625,-1.278929,-0.0954418402,0.2336450985,0.0407151259
0.352713,0.787138,-10.077345,-1.382205,-0.1028914163,0.4997013869,-0.007175006
0.35376,-0.805231,-8.394118,-1.302946,-0.0837353635,0.6061239023,-0.0540009127
0.354809,-1.415278,-8.389329,0.058853,-0.0262672052,0.5773898231,-0.0550651379
0.355859,-2.174235,-9.960022,0.015621,0.0716415089,0.3251684617,-0.0018538802
0.356876,-1.974889,-8.47792,2.066726,0.0418432046,0.1240299077,0.0162379474
0.357925,-1.237548,-8.233696,3.027431,0.0482285555,-0.0664663948,0.0385866756
0.358974,-0.394529,-11.121281,2.837692,0.0439716549,-0.185659612,0.0651923045
0.360024,1.442819,-12.883521,0.45034,-0.0145607286,-0.1430906059,0.0726418805
0.361041,3.27056,-12.047894,-3.579817,-0.0879922642,0.1665989138,0.0332655499
0.362092,1.959197,-9.301576,-3.767154,-0.1497173231,0.5795182735,-0.03484486
0.36314,-1.189513,-8.607215,-0.277394,-0.1454604225,0.735959371,-0.0667716146
0.364189,-2.049344,-9.979177,1.014754,-0.0464874832,0.6210230544,-0.0444228864
0.365238,-1.633839,-9.239323,-1.168448,0.0450358801,0.4571323808,-0.0220741581
0.366256,-1.520956,-7.580039,-0.075646,0.058870807,0.2911132568,-0.0188814827
0.367305,-1.343225,-7.577645,3.469355,0.072705734,0.112323431,0.0002745701
0.368355,-1.32161,-10.49875,3.84403,0.106760939,-0.0462461169,0.048164702
0.369404,-0.58667,-12.313666,3.606255,0.0907975617,-0.1516044071,0.0939263836
0.370421,1.584523,-11.607334,0.222173,0.0258798273,-0.1132923016,0.0960548339
0.371471,3.690868,-10.606496,-5.76542,-0.0645793108,0.2027825691,0.0311370995
0.37252,2.045661,-9.684672,-4.857554,-0.1592953494,0.6369864317,-0.0540009127
0.373569,-1.456108,-9.761291,1.399036,-0.1507815482,0.7902348539,-0.0699642901
0.374589,-2.030129,-8.691017,0.923487,-0.0411663574,0.6635920606,-0.0422944361
0.375636,-1.412877,-7.862572,-1.610372,0.0226871518,0.5135363139,-0.0284595091
0.376685,-1.429689,-8.580877,2.520659,0.0471643304,0.3602878918,-0.007175006
0.377735,-1.626633,-9.778051,4.199491,0.0971829126,0.1612777881,0.0332655499
0.378784,-1.49934,-11.020718,4.040974,0.0971829126,-0.0302827396,0.0726418805
0.379802,-0.728374,-11.171562,4.199491,0.0503570058,-0.1601182083,0.0854125824
0.38085,1.392382,-10.484384,-0.611239,0.023751377,-0.1345768047,0.0577427284
0.3819,3.345014,-9.682277,-6.363459,-0.0528728341,0.2006541188,-0.0061107808
0.382949,-1.989299,-10.084528,0.863443,-0.1092767672,0.7136106428,-0.048679787
0.383967,-1.936461,-6.96948,-1.286134,-0.0358452316,0.5475915188,-0.0465513367
0.385016,-1.292788,-7.766798,0.282217,0.0152375758,0.4049853483,-0.0305879594
0.386066,-1.374448,-9.382984,3.964118,0.0695130586,0.2900490317,0.020494848
0.387114,-1.273574,-10.532271,3.01302,0.0971829126,0.1346721592,0.0662565296
0.389181,0.659844,-10.319174,1.821746,0.0599350322,-0.0441176666,0.0694492051
0.390231,2.415532,-8.595243,-4.749475,-0.0007258016,0.1165803316,0.0024030204
0.388132,-0.699553,-11.973669,4.499711,0.0812195353,-0.0036771108,0.0886052578
0.39128,1.848716,-11.727051,-5.614109,-0.0922491648,0.4752242084,-0.0497440121
0.392332,-1.057416,-12.239442,-1.480677,-0.1103409924,0.7072252919,-0.0529366876
0.393346,-2.224672,-7.498631,-0.498356,-0.0762857875,0.6274084054,-0.0540009127
0.394396,-1.386457,-6.023713,0.500777,-0.0262672052,0.4613892814,-0.0497440121
0.395445,-1.266369,-7.759615,3.38049,0.0397147543,0.3719943685,-0.0050465557
0.396495,-1.463314,-10.182696,2.844897,0.0748341844,0.2634434028,0.0556142781
0.397512,-0.651518,-12.28254,4.420453,0.0833479856,0.1155161065,0.0928621585
0.398561,0.208313,-10.872269,3.308437,0.0812195353,0.0176073923,0.0800914566
0.399611,1.068144,-8.801157,-2.13876,0.0301367279,0.0229285181,0.0173021725
0.40066,1.59413,-12.806902,-4.63419,-0.0347810065,0.2166174961,-0.0380375354
0.401677,0.239536,-14.267455,-4.081785,-0.0667077611,0.534820817,-0.0561293631
0.402726,-1.422484,-7.22807,-1.423034,-0.0975702905,0.6582709348,-0.076349641
0.403775,-1.698686,-3.672462,2.184412,-0.0762857875,0.5273712409,-0.0859276674
0.404824,-1.59541,-6.114698,3.363677,0.0088522248,0.4092422489,-0.0465513367
0.405874,-1.468117,-10.043824,2.335723,0.0503570058,0.3358107133,0.0258159738
0.406892,-0.509814,-12.404652,4.302766,0.065256158,0.2049110194,0.0949906088
0.40794,0.688665,-10.879452,2.859307,0.0822837604,0.084653577,0.1130824364
0.40899,1.52688,-15.062379,-4.571745,-0.0049827022,0.1442501856,-0.0082392311
0.410039,0.508533,-13.994499,-5.076115,-0.0411663574,0.4177560501,-0.0646431643
0.411056,-1.119862,-5.453858,-1.598363,-0.0847995887,0.5880320747,-0.1125332962
0.412105,-1.989299,-2.741061,2.729612,-0.0603224102,0.5263070158,-0.1199828723
0.413154,-2.251092,-6.629483,3.161929,0.0258798273,0.4486185796,-0.0635789391
0.414206,-1.75873,-10.383821,2.87612,0.0684488334,0.4156275998,0.0279444241
0.415221,-0.526626,-10.795649,4.201892,0.0822837604,0.3230400114,0.1066970855
0.41627,0.496524,-9.725376,1.927424,0.0780268598,0.1729842648,0.1237246879
0.41732,1.272294,-13.776613,-2.11234,0.0248156021,0.0623048488,0.0811556818
0.418369,1.944787,-17.056871,-4.372398,-0.0252029801,0.1474428611,0.0183663977
0.419418,0.943252,-10.60889,-4.874367,-0.0656435359,0.4124349243,-0.0571935882
0.420436,-1.189513,-4.091473,-0.164511,-0.0933133899,0.5646191213,-0.1125332962
0.421485,-2.090173,-4.740342,3.368481,-0.0422305825,0.5146005391,-0.097634144
0.422534,-1.917247,-7.261591,2.191618,0.0343936285,0.4464901292,-0.0369733103
0.423585,-1.299994,-9.921712,2.83529,0.0631277077,0.3858292955,0.0322013247
0.4246,-0.168764,-11.205083,3.995341,0.079091085,0.2825994556,0.089669483
0.42565,0.508533,-11.533109,1.483098,0.072705734,0.1580851126,0.1013759597
0.426699,0.972073,-14.976182,-2.232428,0.0269440524,0.0782682261,0.0630638542
0.427748,1.769458,-16.137441,-5.073713,-0.0103038279,0.2017183439,-0.0039823305
0.428766,0.90002,-8.741298,-4.699038,-0.0613866353,0.4975729366,-0.0848634422
0.429814,-1.434492,-2.43219,0.719337,-0.0965060654,0.6486929084,-0.1327535741
0.430864,-2.599347,-4.235134,3.755165,-0.031588331,0.5784540483,-0.1082763956
0.431913,-2.327948,-8.631158,2.054717,0.0397147543,0.4816095593,-0.0327164097
0.432931,-1.436894,-11.051845,2.900137,0.0684488334,0.3762512691,0.0534858278
0.43398,-0.14955,-10.26171,3.01302,0.0876048862,0.2155532709,0.1098897609
0.435029,1.313123,-18.687422,-1.965833,0.0386505291,0.0208000678,0.0598711787
0.43608,2.172954,-14.332102,-5.16498,0.0088522248,0.2389662243,-0.0146245821
0.437128,0.700674,-3.734715,-3.356453,-0.0518086089,0.5454630685,-0.1050837201
0.438145,-2.061352,-1.972475,2.97219,-0.0645793108,0.6486929084,-0.1327535741
0.439194,-2.880353,-6.14343,2.912146,-0.0017900267,0.5784540483,-0.0816707667
0.440244,-2.133405,-9.82115,1.588775,0.0386505291,0.4784168839,-0.0029181054
0.441293,-0.886891,-11.011141,3.260402,0.0524854561,0.341131839,0.0715776554
0.442311,0.25875,-11.796487,1.939433,0.0524854561,0.1857549666,0.1045686351
0.44336,0.424471,-16.47265,0.226976,0.0397147543,0.0740113255,0.0864768075
0.444409,0.988886,-17.257996,-2.018672,0.0429074297,0.098488504,0.0332655499
0.44546,1.815092,-8.590454,-5.232229,0.0152375758,0.3421960642,-0.0561293631
0.446476,0.047395,-2.168811,-1.483079,-0.0443590329,0.6242157299,-0.1274324483
0.447525,-2.560919,-3.713166,3.378088,-0.0411663574,0.6838123385,-0.117854422
0.448574,-2.736248,-7.544124,2.105154,0.0045953242,0.5773898231,-0.0550651379
0.449624,-1.549777,-10.460441,2.090744,0.0333294034,0.4432974538,0.0173021725
0.450673,-0.363307,-10.927339,2.751228,0.0439716549,0.2868563562,0.0779630063
0.45169,0.246741,-13.448588,0.716936,0.0343936285,0.1165803316,0.0939263836
0.452739,0.597398,-18.318693,-0.200538,0.037586304,0.0165431672,0.0694492051
0.453789,1.71662,-14.787029,-3.176321,0.0450358801,0.1336079341,0.0098525965
0.45484,1.64937,-4.900763,-4.403621,-0.0103038279,0.4550039305,-0.0731569655
0.455855,-0.865275,-1.41938,1.096414,-0.0613866353,0.6859407888,-0.1167901968
0.456905,-2.640177,-4.582315,2.967387,-0.0326525562,0.6752985373,-0.0891203428
0.457956,-2.145414,-8.691017,1.271743,0.0120449003,0.5539768698,-0.0284595091
0.459003,-0.896498,-11.399025,2.047512,0.0429074297,0.4049853483,0.0407151259
0.46002,0.107439,-13.041548,1.408643,0.058870807,0.2315166482,0.0864768075
0.46107,0.611809,-17.178983,-1.245304,0.0599350322,0.0580479482,0.0385866756
0.462119,1.670986,-9.615236,-3.839207,0.0407789794,0.2847279059,-0.0380375354
0.463168,0.390847,-2.199938,-1.598363,-0.0145607286,0.6082523526,-0.1008268195
0.464218,-2.147816,-1.747406,2.732014,-0.0294598807,0.7391520465,-0.111469071
0.465235,-2.757863,-5.963854,2.102752,-0.0049827022,0.6582709348,-0.0710285152
0.466284,-1.818774,-10.496356,1.792925,0.0163018009,0.507150963,-0.0018538802
0.467335,-0.533832,-12.57465,2.090744,0.0365220788,0.3209115611,0.0662565296
0.468382,0.184295,-15.416742,0.471956,0.0429074297,0.1250941328,0.0939263836
0.4694,0.189099,-18.498269,-0.070842,0.0578065819,0.0101578162,0.0715776554
0.470449,0.974475,-13.455771,-2.261249,0.0748341844,0.0899747028,0.0087883713
0.471498,1.622951,-3.746687,-4.081785,0.0216229267,0.4028568979,-0.0742211907
0.472547,-0.276843,-0.63164,0.289422,-0.0443590329,0.7061610667,-0.1210470974
0.473565,-2.484062,-4.072318,2.852102,-0.0337167813,0.7412804968,-0.104019495
0.474614,-2.114191,-8.394118,1.478294,0.0067237745,0.5933532004,-0.0497440121
0.475663,-0.802829,-11.116492,1.740086,0.0343936285,0.4188202753,0.0162379474
0.476715,-0.046274,-14.856465,1.274144,0.0461001052,0.2315166482,0.0768987812
0.477761,0.198706,-19.017843,0.85864,0.0631277077,0.0654975242,0.1066970855
0.478779,0.775129,-14.736747,-0.92587,0.092926012,0.0165431672,0.0747703308
0.479831,2.062473,-4.749919,-4.492487,0.0599350322,0.1974614433,-0.0220741581
0.480878,1.13059,-1.376282,-1.828932,-0.0230745298,0.5316281415,-0.1061479453
0.481927,-1.624232,-3.928658,2.969788,-0.0390379071,0.7061610667,-0.1135975214
0.482944,-2.210262,-6.670187,2.186814,0.0014026488,0.6295368557,-0.0720927404
0.483993,-1.244753,-9.538616,1.439866,0.0290725027,0.4752242084,-0.0188814827
0.485043,-0.646714,-13.326476,2.165198,0.0429074297,0.3145262102,0.0407151259
0.486093,-0.444966,-17.39208,1.331787,0.0609992574,0.1570208875,0.0843483572
0.487109,0.960064,-8.861016,-2.890511,0.0737699592,0.1570208875,0.0141094971
0.488159,1.231464,-1.52952,-2.967368,-0.0017900267,0.4688388575,-0.0646431643
0.48921,-1.09104,-1.311635,1.387027,-0.0539370592,0.7402162717,-0.0986983692
0.490257,-2.654588,-5.714842,2.46782,-0.0358452316,0.7476658477,-0.0742211907
0.491275,-1.782748,-10.077345,1.423054,0.0088522248,0.5954816508,-0.0199457078
0.492324,-0.461779,-12.43099,1.571963,0.0439716549,0.4156275998,0.0428435762
0.493373,0.090627,-15.483784,0.659293,0.0578065819,0.2357735488,0.0790272315
0.494422,0.011368,-17.720106,0.10929,0.079091085,0.1240299077,0.0683849799
0.495472,0.628621,-12.636903,-1.660809,0.1014398132,0.1878834169,0.0162379474
0.496489,1.361159,-3.828095,-3.550996,0.0471643304,0.4720315329,-0.0529366876
0.497538,-0.211995,-0.669949,-0.114074,-0.0283956555,0.770014576,-0.0933772434
0.49859,-2.270306,-3.629364,2.746425,-0.0337167813,0.8157762576,-0.083799217
0.499637,-1.900434,-8.286372,1.329385,-0.0007258016,0.6646562857,-0.0444228864
0.500654,-0.565055,-11.499588,1.370215,0.0312009531,0.4730957581,0.0119810468
0.501705,0.016172,-14.957027,1.379822,0.0524854561,0.258122277,0.0609354038
0.502752,-0.24562,-19.851076,0.563223,0.0695130586,0.0644332991,0.075834556
0.503802,-0.308066,-16.338566,0.380689,0.0971829126,-0.0036771108,0.0524216026
0.504819,0.878405,-4.548794,-2.499024,0.0758984095,0.1410575101,-0.0146245821
0.505868,1.118581,0.203988,-2.359722,-0.017753404,0.4752242084,-0.0816707667
0.506918,-0.961345,-3.023594,2.021092,-0.0699004365,0.7199959937,-0.0912487931
0.507967,-2.123798,-7.208915,1.927424,-0.0496801586,0.6838123385,-0.0603862637
0.509016,-1.033398,-11.427757,1.300564,-0.0028542519,0.5114078636,-0.0124961318
0.510034,-0.031863,-16.08716,1.454277,0.0450358801,0.3283611372,0.0407151259
0.511085,-0.10872,-19.432065,0.102084,0.0663203831,0.1431859605,0.0705134302
0.512132,-0.353699,-16.08716,0.092477,0.0833479856,0.0239927432,0.0513573775
0.513181,1.298713,-1.711491,-3.020206,0.0248156021,0.4773526587,-0.0582578134
0.514199,-0.581867,-1.397831,0.659293,-0.0496801586,0.8104551318,-0.0806065416
0.515248,-2.022924,-5.489773,2.46782,-0.0422305825,0.8221616085,-0.0699642901
0.516297,-1.143879,-10.66396,1.290957,0.0003384236,0.6306010808,-0.0327164097
0.517346,-0.226406,-14.839704,1.050781,0.0407789794,0.424141401,0.0173021725
0.518364,-0.214397,-18.388129,0.935496,0.0705772837,0.2389662243,0.0524216026
0.519413,-0.870078,-18.910097,0.435929,0.1025040383,0.1101949807,0.0471004769
0.520464,-0.581867,-11.774938,-0.738532,0.1216600911,0.1144518813,0.0024030204
0.521511,0.717486,-1.670787,-3.008198,0.058870807,0.354966766,-0.0614504888
0.52256,-0.216799,0.807364,-0.507963,-0.0273314304,0.6880692391,-0.1018910447
0.52358,-2.051745,-3.686828,2.984199,-0.0358452316,0.79768443,-0.090184568
0.524627,-1.547375,-9.392561,1.370215,-0.0071111525,0.6678489612,-0.0454871115
0.525676,-0.274441,-14.794212,1.223707,0.0194944764,0.4826737845,0.0215590732
0.526725,0.025779,-19.276432,1.163663,0.0556781316,0.2943059323,0.0907337082
0.527742,-0.264834,-19.491924,-0.09486,0.0812195353,0.1197730071,0.1077613106
0.528791,0.29958,-11.992824,-0.834603,0.0769626347,0.0793324512,0.0588069535
0.529841,1.315525,-3.162466,-2.364525,0.0301367279,0.3092050844,-0.0178172575
0.53089,0.160278,-0.583753,-0.387875,-0.0390379071,0.6795554379,-0.0774138661
0.531907,-1.746722,-3.133734,2.273277,-0.0656435359,0.8402534361,-0.0933772434
0.532959,-1.496938,-8.365386,1.411045,-0.031588331,0.7295740201,-0.0720927404
0.534006,-0.392128,-14.219568,1.009951,0.0226871518,0.5369492673,-0.0156888072
0.535054,-0.219201,-19.089673,0.846631,0.0705772837,0.3390033887,0.0566785032
0.536104,-0.495403,-19.89178,0.229378,0.1035682635,0.1516997617,0.0917979333
0.537121,0.268357,-13.929852,-1.093993,0.1184674157,0.0857178022,0.0556142781
0.53817,1.560505,-5.365267,-3.356453,0.0631277077,0.2943059323,-0.021009933
0.539219,-1.900434,-1.148819,3.005815,-0.0539370592,0.8104551318,-0.1061479453
0.540269,-2.087772,-7.041311,1.747292,-0.0134965034,0.7125464177,-0.0869918925
0.542338,-0.591474,-18.409678,1.670435,0.0556781316,0.3358107133,0.0588069535
0.541286,-0.980559,-13.620981,0.988335,0.0216229267,0.5401419428,-0.0252668336
0.543384,-0.733178,-20.358678,0.589642,0.0833479856,0.1208372322,0.1077613106
0.544434,-0.416145,-15.692092,-0.214948,0.0886691114,0.0090935911,0.0822199069
0.545451,1.152205,-5.724419,-2.237232,0.0503570058,0.1527639868,0.0034672456
0.5465,1.293909,0.409902,-2.052296,-0.0390379071,0.534820817,-0.0752854158
0.547549,-1.086237,-1.534309,2.157993,-0.0922491648,0.8083266815,-0.1082763956
0.548598,-1.857203,-7.271168,2.446204,-0.059258185,0.7817210526,-0.0891203428
0.549647,-0.658723,-12.490848,0.964317,-0.0049827022,0.6220872796,-0.0327164097
0.550665,-0.199987,-17.535741,1.346197,0.0386505291,0.4369121029,0.0439078014
0.551716,-0.54584,-20.595718,0.625669,0.0844122107,0.2347093237,0.1003117345
0.552763,-0.596277,-16.408003,-0.260582,0.1163389653,0.0878462525,0.089669483
0.553812,0.784736,-6.646243,-2.251642,0.0897333365,0.153828212,0.0226232983
0.554832,1.459631,0.170467,-2.6023,0.0024668739,0.4911875857,-0.0540009127
0.555879,-0.639509,-0.38981,1.245323,-0.0635150856,0.805134006,-0.0965699189
0.556928,-1.849997,-6.083571,2.112359,-0.0528728341,0.8253542839,-0.090184568
0.557977,-0.639509,-12.033528,1.144449,-0.0028542519,0.6646562857,-0.0433586612
0.558995,0.174688,-16.475044,1.310171,0.0407789794,0.4741599832,0.0279444241
0.560044,-0.276843,-20.083328,0.65449,0.0758984095,0.271957204,0.089669483
0.561093,-0.889292,-18.031371,0.692918,0.106760939,0.112323431,0.0992475094
0.562143,0.109841,-8.379752,-1.605568,0.0939902371,0.1453144108,0.0471004769
0.56316,1.281901,0.256664,-2.938546,0.0088522248,0.4496828047,-0.03484486
0.564211,-0.348896,0.843279,1.115628,-0.0709646617,0.770014576,-0.0933772434
0.565259,-1.052612,-11.157196,1.163663,-0.0220103046,0.680619663,-0.0550651379
0.566308,-0.322477,-16.755183,1.250127,0.0301367279,0.5060867378,0.020494848
0.568374,-1.283181,-17.94278,0.35427,0.0993113629,0.1165803316,0.10350441
0.567357,-0.692348,-20.124032,0.752962,0.072705734,0.3017555083,0.0917979333
0.569424,-0.360905,-9.478758,-1.017137,0.0939902371,0.1059380801,0.0513573775
0.570473,1.181027,-0.559809,-2.789637,0.0194944764,0.3954073219,-0.0284595091
0.571522,0.124251,2.160171,0.006014,-0.0699004365,0.7668219005,-0.0912487931
0.572539,-1.564188,-2.681202,2.472624,-0.0858638138,0.8700517404,-0.1050837201
0.573591,-1.081433,-10.628045,1.17327,-0.0443590329,0.7380878213,-0.0699642901
0.574638,-0.228808,-17.150251,1.250127,0.0131091254,0.5603622207,0.0098525965
0.575687,-0.399333,-20.499944,0.961915,0.0684488334,0.3624163421,0.0949906088
0.576706,-0.877284,-17.825457,-0.154904,0.1035682635,0.1612777881,0.1184035621
0.577753,-0.207192,-9.483546,-0.724122,0.100375588,0.0942316034,0.0662565296
0.578803,1.149804,-0.918961,-2.335704,0.0354578537,0.319847336,-0.0146245821
0.579852,0.390847,2.378057,-0.611239,-0.0560655095,0.6955188152,-0.0827349919
0.580901,-1.343225,-2.192755,2.201225,-0.0805426881,0.8498314625,-0.1093406207
0.581918,-1.127067,-10.470018,1.266939,-0.0390379071,0.7412804968,-0.0806065416
0.582969,-0.14955,-16.601945,0.889862,0.0163018009,0.5646191213,-0.0050465557
0.584017,-0.132737,-19.482346,0.904273,0.0663203831,0.3794439446,0.0800914566
0.585066,-0.980559,-18.222919,0.577633,0.1088893893,0.2027825691,0.1184035621
0.586086,-0.829248,-10.932127,-0.294206,0.120595866,0.1378648347,0.0832841321
0.587132,0.888012,-1.302057,-3.08025,0.0450358801,0.3326180378,-0.0018538802
0.588182,0.619014,2.481014,-0.89945,-0.0624508605,0.6763627624,-0.0816707667
0.589231,-1.420082,-1.704308,2.878522,-0.0858638138,0.8264185091,-0.1093406207
0.590248,-1.393662,-9.203408,1.086807,-0.0475517083,0.7348951459,-0.0816707667
0.591297,-0.175969,-19.434459,1.163663,0.0620634825,0.4039211231,0.0886052578
0.592347,-0.949336,-19.714598,0.16453,0.1120820647,0.2144890457,0.131174264
0.593396,-0.77641,-11.889867,0.032433,0.1195316408,0.1314794838,0.0981832842
0.594445,1.070546,-0.660372,-2.662344,0.0556781316,0.3155904353,0.0141094971
0.595465,0.897619,2.509746,-1.324562,-0.0422305825,0.6880692391,-0.0689000649
0.596511,-1.203923,-2.149657,2.518257,-0.0794784629,0.8860151177,-0.1008268195
0.59756,-1.237548,-8.547356,1.194886,-0.0507443838,0.7987486551,-0.0816707667
0.59861,-0.288852,-15.174913,0.764971,-0.0007258016,0.6114450281,-0.0199457078
0.599627,-0.375315,-20.86628,1.134842,0.0609992574,0.4145633746,0.0683849799
0.600676,-1.009381,-19.568543,0.479161,0.1088893893,0.2272597476,0.1226604628
0.601726,-0.795624,-10.556215,0.063656,0.1216600911,0.1378648347,0.0992475094
0.602775,0.741504,-2.168811,-2.268455,0.0716415089,0.2974986077,0.0236875235
0.603792,0.727094,0.972574,-1.310152,-0.0326525562,0.6401791072,-0.0582578134
0.604842,-1.059818,-1.36431,2.316509,-0.0890564893,0.8253542839,-0.1050837201
0.60589,-1.170299,-7.675813,1.528731,-0.059258185,0.7572438741,-0.0997625944
0.60694,-0.209594,-14.696043,0.471956,-0.0071111525,0.5986743262,-0.0369733103
0.607989,-0.101514,-20.234172,0.904273,0.0407789794,0.4156275998,0.0630638542
0.609006,-0.725973,-20.313185,0.882657,0.1025040383,0.2389662243,0.1396880652
0.610056,-0.83165,-12.155639,0.152521,0.1354950181,0.1548924371,0.1354311646
0.611105,0.719888,-2.781765,-2.979376,0.065256158,0.306012409,0.0545500529
0.612154,1.029716,0.905532,-1.588756,-0.0550012844,0.6529498091,-0.0433586612
0.613171,-0.898899,-0.691498,2.67197,-0.1092767672,0.8551525882,-0.1029552698
0.614221,-1.422484,-7.180183,1.63681,-0.0805426881,0.7870421784,-0.1072121704
0.61527,-0.596277,-15.510122,1.365411,-0.017753404,0.6391148821,-0.0401659857
0.616319,-0.396931,-20.950082,1.660828,0.0546139064,0.4826737845,0.0737061057
0.617339,-1.067023,-12.222681,0.169334,0.1333665678,0.1612777881,0.131174264
0.618386,0.38124,-3.689223,-2.607103,0.072705734,0.271957204,0.0460362517
0.619435,1.092161,1.051588,-2.213214,-0.0475517083,0.6284726305,-0.0497440121
0.620484,-0.632304,-0.526288,1.672837,-0.1167263433,0.8785655416,-0.1082763956
0.621502,-1.427287,-7.905671,1.6224,-0.0890564893,0.8317396349,-0.104019495
0.622551,-0.541037,-15.189279,0.849033,-0.0241387549,0.6625278354,-0.0369733103
0.6236,-0.219201,-19.930089,1.029165,0.0407789794,0.4858664599,0.0651923045
0.624649,-0.901301,-20.602901,0.764971,0.1056967138,0.3028197335,0.1418165155
0.625698,-1.223137,-14.140554,0.23178,0.1472014948,0.167663139,0.1364953898
0.626717,0.424471,-3.861616,-2.652737,0.0918617868,0.2549296016,0.0513573775
0.627765,1.418801,2.176931,-2.669549,-0.0401021322,0.5954816508,-0.0508082373
0.628814,-0.423351,-0.346712,1.632007,-0.1103409924,0.8540883631,-0.1072121704
0.629863,-1.463314,-8.056515,1.96345,-0.0805426881,0.8210973833,-0.0933772434
0.630881,-0.58667,-15.285053,0.993138,-0.0166891789,0.6625278354,-0.0231383833
0.63193,-0.221603,-20.49755,1.449473,0.0524854561,0.4975729366,0.0811556818
0.632979,-0.896498,-20.909378,0.856238,0.1163389653,0.3145262102,0.1524587671
0.634028,-1.203923,-13.779008,0.010818,0.1408161439,0.1697915893,0.1354311646
0.636095,1.159411,1.844117,-1.706442,-0.0326525562,0.5965458759,-0.0444228864
0.635046,0.35482,-3.892742,-2.306883,0.0822837604,0.2528011513,0.0502931523
0.637144,-0.629902,-0.159953,1.773711,-0.100762966,0.860473714,-0.1018910447
0.638193,-1.422484,-7.996656,1.680042,-0.0826711384,0.8349323103,-0.0944414686
0.639242,-0.384922,-15.651388,1.310171,-0.017753404,0.6774269876,-0.0231383833
0.64026,0.078618,-20.341917,1.343796,0.0482285555,0.5103436385,0.0790272315
0.641309,-0.656321,-20.363466,0.87305,0.1014398132,0.3368749384,0.1460734161
0.642358,-1.232744,-13.898725,0.580035,0.1333665678,0.2059752445,0.131174264
0.643407,1.075349,1.31736,-2.359722,-0.0411663574,0.6008027765,-0.0444228864
0.644424,-0.538635,0.223143,1.71847,-0.1071483169,0.8551525882,-0.0965699189
0.645474,-1.405671,-6.923988,1.732881,-0.0805426881,0.8370607606,-0.090184568
0.646523,-0.524225,-15.31618,0.690516,-0.0209460795,0.680619663,-0.0242026084
0.647572,-0.151951,-20.86628,1.396634,0.0503570058,0.5039582875,0.0790272315
0.648592,-0.665929,-20.322763,0.548812,0.1110178396,0.3166546605,0.1471376413
0.649639,-1.033398,-13.20197,-0.015602,0.128045442,0.1740484899,0.1258531382
0.650688,0.131456,-4.35964,-1.569542,0.0758984095,0.250672701,0.0460362517
0.651737,1.012903,0.577507,-1.93461,-0.031588331,0.5795182735,-0.0401659857
0.652787,-0.468984,-0.866286,1.382224,-0.0996987408,0.8455745619,-0.0912487931
0.653804,-1.256762,-6.816242,1.773711,-0.0837353635,0.8381249858,-0.0891203428
0.654853,-0.221603,-13.47732,0.697721,-0.0252029801,0.6891334643,-0.0337806348
0.655902,0.169885,-19.355446,0.976326,0.0343936285,0.5294996912,0.0598711787
0.656952,-0.737981,-21.524726,1.060388,0.100375588,0.368801693,0.1418165155
0.657969,-1.386457,-14.849282,0.690516,0.1440088193,0.2421588997,0.1471376413
0.659019,0.124251,-3.555139,-2.518238,0.0886691114,0.3006912832,0.0662565296
0.660068,1.279499,1.968623,-2.369329,-0.0273314304,0.5986743262,-0.0327164097
0.661117,-0.44977,-0.301219,1.86738,-0.0922491648,0.8508956876,-0.0859276674
0.662135,-1.489733,-6.775538,1.783318,-0.0826711384,0.8402534361,-0.0816707667
0.663183,-0.502609,-14.265061,1.317376,-0.031588331,0.6965830404,-0.0231383833
0.664233,-0.089506,-20.51431,1.523928,0.0397147543,0.5401419428,0.0715776554
0.665282,-0.819641,-20.990786,0.426322,0.100375588,0.3645447924,0.1386238401
0.666334,-1.314404,-12.804508,0.039639,0.1237885414,0.2176817212,0.1237246879
0.667349,-0.010247,-3.011622,-2.001859,0.079091085,0.2772783298,0.0471004769
0.668398,0.938449,1.082714,-1.956226,-0.0198818543,0.5933532004,-0.0359090851
0.669447,-1.179906,-6.823425,1.521526,-0.0752215623,0.8445103367,-0.0848634422
0.670496,-0.142344,-13.376757,0.87305,-0.0145607286,0.700839941,-0.0359090851
0.671514,0.263553,-19.087279,0.865845,0.0450358801,0.5369492673,0.0502931523
0.672563,-0.593876,-21.1967,0.997942,0.1025040383,0.368801693,0.1269173634
0.673612,-1.369645,-14.667311,0.808203,0.14826572,0.2421588997,0.1333027143
0.674661,-0.04147,-3.152889,-2.455792,0.0961186874,0.2964343826,0.0577427284
0.675679,1.075349,2.51214,-2.359722,-0.0294598807,0.5859036244,-0.0380375354
0.676728,-0.519421,-0.155164,1.783318,-0.0922491648,0.8402534361,-0.0880561177
0.677777,-1.429689,-6.536103,1.44467,-0.0752215623,0.8359965355,-0.0806065416
0.678826,-0.464181,-13.616192,0.805801,-0.0230745298,0.6923261397,-0.0252668336
0.679875,-0.075095,-19.913329,1.473491,0.0471643304,0.5337565918,0.0651923045
0.680893,-0.788418,-21.215855,0.592044,0.1088893893,0.3677374679,0.1322384891
0.681942,-1.290387,-13.692811,0.23178,0.1333665678,0.2379019991,0.1226604628
0.682991,-0.022256,-3.121762,-1.896182,0.0886691114,0.306012409,0.048164702
0.684041,0.916833,2.241579,-1.941815,-0.0103038279,0.6135734784,-0.0391017606
0.685058,-0.524225,0.17765,1.471089,-0.0773500126,0.8721801907,-0.0912487931
0.686107,-1.244753,-6.988635,1.768907,-0.0677719862,0.8647306146,-0.0891203428
0.687156,-0.171166,-14.387172,1.11803,-0.0145607286,0.7168033183,-0.0305879594
0.688208,0.31399,-19.535022,1.014754,0.0461001052,0.5582337704,0.0609354038
0.689223,-0.661125,-20.396987,0.779381,0.1046324887,0.3954073219,0.1290458137
0.690272,-1.523358,-13.872387,0.70973,0.1440088193,0.2623791777,0.1237246879
0.691321,-0.214397,-3.488097,-1.845745,0.0961186874,0.306012409,0.0502931523
0.692371,0.952859,2.303832,-2.042689,-0.0156249537,0.5827109489,-0.0391017606
0.693388,-0.476189,0.400325,1.389429,-0.0784142378,0.8359965355,-0.0944414686
0.694437,-1.391261,-6.545681,1.471089,-0.0699004365,0.8487672373,-0.0944414686
0.695486,0.049797,-20.009103,1.053182,0.0503570058,0.5284354661,0.0566785032
0.696536,-0.670732,-21.110503,0.515188,0.1056967138,0.3464529648,0.1247889131
0.697587,-1.223137,-14.166892,0.474358,0.1365592433,0.2261955224,0.1215962376
0.698602,0.13626,-3.591054,-2.009064,0.0961186874,0.3177188857,0.0524216026
0.699651,1.036921,2.246367,-2.126751,-0.0156249537,0.6423075575,-0.0433586612
0.7007,-0.673134,0.069905,1.845764,-0.0890564893,0.8828224422,-0.1050837201
0.70175,-1.489733,-6.861735,1.812139,-0.0699004365,0.8519599128,-0.1050837201
0.702767,-0.468984,-13.903514,0.517589,-0.0103038279,0.7072252919,-0.0454871115
0.703816,0.01377,-19.499107,0.942701,0.0546139064,0.5550410949,0.0545500529
0.704865,-0.673134,-21.211066,0.940299,0.1237885414,0.3900861961,0.1364953898
0.706932,0.234732,-3.270212,-2.587889,0.1014398132,0.3453887396,0.0577427284
0.707981,1.260285,2.38524,-2.206009,-0.0252029801,0.6497571336,-0.0476155618
0.705915,-1.273574,-14.607452,0.440733,0.1652933224,0.2687645286,0.1386238401
0.70903,-0.512216,-0.346712,1.920218,-0.0879922642,0.8913362435,-0.1093406207
0.710082,-1.41768,-7.225676,1.627203,-0.0667077611,0.8721801907,-0.1082763956
0.711129,-0.500207,-14.595481,1.017156,-0.003918477,0.7242528943,-0.0465513367
0.712146,-0.096711,-20.543043,1.221306,0.0695130586,0.5582337704,0.0556142781
0.713195,-0.692348,-21.036278,0.825015,0.1312381175,0.3794439446,0.1343669395
0.714245,-1.086237,-13.166055,0.236583,0.1535868457,0.2474800255,0.1301100388
0.715294,0.304383,-3.521618,-2.599898,0.1025040383,0.3294253623,0.0524216026
0.716311,1.128188,0.757083,-1.752076,0.0003384236,0.6476286833,-0.0433586612
0.71736,-0.54584,-0.83037,1.521526,-0.073093112,0.8860151177,-0.1093406207
0.71841,-1.328815,-6.854552,1.526329,-0.0699004365,0.8540883631,-0.1189186471
0.719461,-0.392128,-14.111822,1.067593,-0.0124322782,0.7019041661,-0.0614504888
0.720476,0.035386,-19.973188,0.659293,0.0503570058,0.5443988434,0.0460362517
0.721525,-0.634706,-21.120081,1.567159,0.1237885414,0.3911504213,0.1428807407
0.722575,0.028181,-3.710772,-2.707977,0.120595866,0.3241042366,0.0705134302
0.723624,1.145,0.21596,-2.186795,-0.0230745298,0.6103808029,-0.0433586612
0.724673,-0.161558,-0.68671,1.420652,-0.1018271912,0.8626021643,-0.1157259717
0.72569,-1.21353,-6.18174,1.70406,-0.0858638138,0.8647306146,-0.1242397729
0.72674,-0.752392,-15.040829,1.619998,-0.0209460795,0.735959371,-0.0593220385
0.727789,-0.360905,-21.52712,1.471089,0.0641919328,0.5965458759,0.0588069535
0.72884,-0.81724,-20.725013,0.853836,0.1429445942,0.4337194274,0.1471376413
0.729855,-1.25436,-12.521975,0.099683,0.1716786733,0.2804710053,0.1343669395
0.730905,-0.019855,-3.373169,-2.189197,0.1014398132,0.3219757863,0.0439078014
0.731954,0.895217,0.929476,-1.785701,-0.0241387549,0.6103808029,-0.0593220385
0.733003,-0.493002,-1.349944,1.041173,-0.0922491648,0.8508956876,-0.1210470974
0.734021,-1.189513,-8.042148,1.559954,-0.0677719862,0.8445103367,-0.1135975214
0.73507,-0.332084,-14.581115,0.988335,-0.0017900267,0.7061610667,-0.0465513367
0.736119,-0.024658,-20.004314,0.532,0.0631277077,0.5497199691,0.0534858278
0.737168,-0.692348,-21.03149,1.139646,0.134430793,0.4134991495,0.1343669395
0.738345,-0.992568,-13.206758,0.092477,0.1738071236,0.3443245145,0.1354311646
0.739235,0.225125,-2.901482,-3.200338,0.0961186874,0.4475543544,0.0502931523
0.740284,0.607005,1.073137,-1.187662,-0.0283956555,0.7029683913,-0.0561293631
0.741335,-0.884489,-1.498394,2.157993,-0.0709646617,0.8615379392,-0.1135975214
0.742382,-1.25436,-7.508209,1.228511,-0.0443590329,0.8179047079,-0.1093406207
0.7434,-0.387324,-15.07435,1.106021,0.0056595494,0.6891334643,-0.0412302109
0.744449,-0.053479,-21.345149,1.314974,0.0769626347,0.5443988434,0.0662565296
0.745498,-0.658723,-20.51431,0.774578,0.1440088193,0.3954073219,0.1386238401
0.746547,-0.992568,-11.650432,-0.46233,0.1535868457,0.306012409,0.1205320125
0.747564,0.261152,-2.968524,-2.662344,0.079091085,0.4305267519,0.0322013247
0.748613,-0.920515,-1.330789,1.872183,-0.0858638138,0.9285841239,-0.1242397729
0.749662,-1.07663,-7.582434,1.632007,-0.0550012844,0.8753728662,-0.1231755477
0.750714,-0.024658,-14.585903,0.993138,0.0131091254,0.7402162717,-0.0571935882
0.751729,0.155474,-20.396987,0.589642,0.0769626347,0.5859036244,0.0460362517
0.752778,-0.805231,-21.014729,1.353403,0.1493299451,0.4156275998,0.1343669395
0.753827,-1.25436,-12.33761,0.270208,0.1908347261,0.3006912832,0.1418165155
0.754876,0.333205,-2.003601,-3.387676,0.1120820647,0.3890219709,0.0577427284
0.755925,1.0081,1.463415,-1.896182,-0.0305241059,0.680619663,-0.0529366876
0.756943,-0.620295,-1.337972,1.913013,-0.0965060654,0.8785655416,-0.1167901968
0.757992,-1.163093,-7.876938,1.901004,-0.0656435359,0.8349323103,-0.111469071
0.759041,-0.351298,-15.960259,1.502312,0.0077879997,0.7050968416,-0.0391017606
0.760093,-0.132737,-21.627683,1.420652,0.0876048862,0.5795182735,0.0705134302
0.761108,-0.922917,-19.424882,0.904273,0.1535868457,0.4337194274,0.1396880652
0.762157,-1.266369,-10.072556,-0.447919,0.1642290973,0.3166546605,0.1141466615
0.763209,0.133858,-2.238247,-2.784834,0.0886691114,0.4081780237,0.0215590732
0.764255,0.54456,0.338072,-1.298143,-0.0209460795,0.7072252919,-0.0710285152
0.765273,-0.874882,-1.651632,1.384625,-0.0784142378,0.9030427202,-0.1263682232
0.766322,-1.016586,-8.008628,1.535936,-0.0539370592,0.8626021643,-0.1231755477
0.767371,-0.017453,-15.012097,1.223707,0.0131091254,0.7263813447,-0.0518724624
0.76842,0.251545,-19.590092,0.606455,0.0737699592,0.5827109489,0.0566785032
0.76947,-0.769204,-19.709809,1.576766,0.1461372696,0.4347836526,0.1396880652
0.770487,-1.412877,-12.256202,0.447938,0.1887062758,0.333682263,0.1396880652
0.771536,0.186697,-1.99163,-3.255579,0.106760939,0.4209487256,0.0502931523
0.772587,0.815959,2.057214,-1.305348,-0.0241387549,0.6880692391,-0.062514714
0.773634,-1.064621,-8.386935,1.480696,-0.0518086089,0.8115193569,-0.1199828723
0.774651,-0.211995,-16.010541,1.375018,0.00991645,0.6891334643,-0.0422944361
0.775701,0.071412,-20.545437,0.981129,0.0812195353,0.5635548961,0.0694492051
0.77675,-0.74999,-19.408121,0.721739,0.14826572,0.4305267519,0.1407522904
0.777799,-1.220736,-11.006352,-0.289403,0.1610364218,0.3560309912,0.1215962376
0.778817,0.222723,-1.517549,-3.094661,0.0684488334,0.4858664599,0.0268801989
0.779866,0.570979,1.90637,-0.736131,-0.0475517083,0.7732072514,-0.0742211907
0.780915,-0.946935,-1.302057,2.203626,-0.0858638138,0.9243272232,-0.1274324483
0.781967,-1.033398,-8.841861,1.252529,-0.0518086089,0.8583452637,-0.1146617465
0.783013,-0.084702,-15.936316,1.19969,0.0141733506,0.7231886692,-0.03484486
0.78403,-0.012649,-20.346706,0.716936,0.0854764359,0.5773898231,0.0715776554
0.78508,-0.896498,-19.654739,1.233314,0.1546510709,0.4294625268,0.1364953898
0.786129,-1.083835,-10.402976,0.186146,0.1769997991,0.3507098654,0.1184035621
0.787178,0.520542,-0.550232,-3.320427,0.0918617868,0.4762884335,0.0258159738
0.788195,0.748709,1.638203,-1.029145,-0.0347810065,0.7668219005,-0.0731569655
0.789245,-0.982961,-2.096981,1.925022,-0.0890564893,0.9221987729,-0.1221113226
0.790294,-1.211129,-9.059747,1.475892,-0.0571297347,0.8455745619,-0.1093406207
0.791343,-0.389726,-16.80307,1.550347,0.00991645,0.7050968416,-0.0316521845
0.79236,-0.27204,-21.766555,0.997942,0.0822837604,0.5614264458,0.0811556818
0.79341,-0.882087,-18.412072,1.072396,0.1440088193,0.410306474,0.1418165155
0.794461,-0.944533,-8.406089,-0.383071,0.1503941703,0.3262326869,0.1077613106
0.795508,0.398052,-1.187128,-2.931341,0.0705772837,0.4709673078,0.0109168216
0.796557,0.542158,0.675675,-1.199671,-0.0390379071,0.7891706287,-0.0816707667
0.797575,-0.903703,-2.604583,1.305367,-0.0901207145,0.9541255275,-0.1295608987
0.798624,-1.009381,-9.675094,1.680042,-0.0550012844,0.8764370913,-0.111469071
0.799673,0.016172,-20.49755,0.366278,0.0833479856,0.576325598,0.0747703308
0.800722,-0.985363,-19.570937,1.485499,0.162100647,0.4337194274,0.1418165155
0.801739,-0.980559,-9.737347,-0.671283,0.1812566997,0.3773154943,0.1215962376
0.802788,0.717486,0.357226,-3.423702,0.0780268598,0.5241785655,0.0215590732
0.80384,0.515738,1.338909,-0.289403,-0.0401021322,0.7934275293,-0.076349641
0.804887,-1.167897,-3.629364,2.306902,-0.0677719862,0.9115565214,-0.1104048459
0.805904,-0.939729,-9.770868,1.358206,-0.031588331,0.8296111846,-0.0869918925
0.806954,-0.0823,-17.035322,1.490303,0.0290725027,0.6933903649,-0.0124961318
0.808003,-0.195183,-22.525563,1.096414,0.100375588,0.5592979955,0.0854125824
0.809052,-0.83165,-18.747281,0.27261,0.1503941703,0.4432974538,0.1301100388
0.810101,-0.656321,-7.443561,-1.34858,0.1248527666,0.4252056262,0.0875410327
0.811119,0.268357,-0.495162,-2.061903,0.0354578537,0.5944174256,-0.0007896551
0.812167,-0.336887,-0.016292,0.820211,-0.0379736819,0.8338680852,-0.0752854158
0.813219,-1.340824,-2.987679,1.420652,-0.0603224102,0.9104922962,-0.1125332962
0.814266,-0.752392,-9.885797,1.055584,-0.0337167813,0.8147120324,-0.0965699189
0.815283,-0.00064,-17.107152,1.142047,0.0280082776,0.6657205109,-0.0156888072
0.816335,-0.031863,-21.646837,0.551214,0.0886691114,0.5124720888,0.0886052578
0.818431,-0.396931,-8.382146,-1.206876,0.155715296,0.4230771759,0.1194677873
0.817382,-0.562653,-19.010659,1.562356,0.1546510709,0.4081780237,0.1513945419
0.819448,0.590193,-0.478401,-3.130687,0.0312009531,0.6050596771,0.0109168216
0.820497,0.004163,0.393142,0.841827,-0.0858638138,0.8413176613,-0.0859276674
0.821547,-1.367243,-3.20317,2.071529,-0.0954418402,0.9094280711,-0.1263682232
0.822596,-1.095844,-10.474807,1.24052,-0.0411663574,0.8083266815,-0.1008268195
0.823613,-0.255227,-18.09123,1.228511,0.0269440524,0.6752985373,-0.007175006
0.824662,-0.147148,-21.452895,0.808203,0.100375588,0.5358850422,0.1045686351
0.825714,-0.701955,-17.46391,0.435929,0.155715296,0.4081780237,0.1535229922
0.826761,0.611809,-1.0722,-2.532649,0.0205587015,0.6082523526,0.006659921
0.82781,-0.012649,0.630182,0.697721,-0.073093112,0.8562168134,-0.0827349919
0.828827,-1.194316,-3.703589,2.097949,-0.0847995887,0.9264556735,-0.117854422
0.829877,-0.682741,-11.061422,1.300564,-0.0358452316,0.8381249858,-0.0869918925
0.830926,0.174688,-17.583628,1.060388,0.0301367279,0.708289517,0.0013387952
0.831975,-0.017453,-21.390642,0.935496,0.0971829126,0.5678117968,0.1024401848
0.832992,-0.91331,-18.177426,0.740953,0.1589079715,0.4432974538,0.1471376413
0.834041,-0.442565,-7.848206,-2.191598,0.141880369,0.4422332286,0.1024401848
0.835093,0.808753,-0.05939,-3.286802,0.023751377,0.645500233,-0.0007896551
0.836139,-0.233611,0.168073,1.110825,-0.0699004365,0.8806939919,-0.0827349919
0.837157,-1.583402,-4.357246,2.201225,-0.0741573372,0.9168776472,-0.1050837201
0.838208,-0.812436,-10.929733,1.069995,-0.0273314304,0.8104551318,-0.0710285152
0.839255,0.114644,-17.471093,1.36301,0.0365220788,0.6816838882,0.0130452719
0.840304,-0.101514,-21.258953,0.647284,0.1035682635,0.5337565918,0.1066970855
0.841354,-0.949336,-17.638698,0.325448,0.1503941703,0.4017926728,0.1407522904
0.842371,-0.61309,-7.819474,-1.704041,0.1259169917,0.4145633746,0.0939263836
0.84342,0.573381,-0.437697,-2.669549,0.0194944764,0.6465644581,0.0013387952
0.844469,-0.262432,0.448212,0.786587,-0.0762857875,0.9030427202,-0.0795423164
0.845519,-1.410475,-4.074713,2.297295,-0.0837353635,0.9509328521,-0.1061479453
0.846536,-0.57226,-10.901001,1.33659,-0.0283956555,0.8498314625,-0.0731569655
0.847587,0.29958,-17.83264,1.17327,0.0397147543,0.7231886692,0.0098525965
0.848634,-0.168764,-21.864723,1.202092,0.1046324887,0.5752613728,0.1003117345
0.849683,-1.163093,-17.073631,0.688114,0.14826572,0.4358478777,0.1333027143
0.850701,-0.61309,-6.957509,-1.668014,0.128045442,0.424141401,0.0864768075
0.85175,0.631023,-0.155164,-2.499024,0.0290725027,0.6359222066,-0.0018538802
0.852799,-1.439296,-4.113022,2.398169,-0.0816069132,0.9275198987,-0.0986983692
0.853848,-0.553046,-11.463673,1.586373,-0.0305241059,0.8221616085,-0.0614504888
0.854898,0.362026,-18.337848,1.161262,0.0343936285,0.7040326164,0.0236875235
0.855915,-0.031863,-21.512754,0.781783,0.0907975617,0.5720686974,0.1120182112
0.856967,-0.956542,-15.852514,0.20536,0.1269812169,0.4475543544,0.1386238401
0.858014,-0.786017,-6.495399,-1.864959,0.1014398132,0.4411690035,0.0843483572
0.859062,0.268357,-0.847131,-2.43898,-0.0049827022,0.6433717827,-0.0039823305
0.86008,-0.16396,0.781026,0.404707,-0.0933133899,0.8913362435,-0.076349641
0.861129,-1.083835,-3.255846,1.816943,-0.0933133899,0.9509328521,-0.1072121704
0.862178,-0.497805,-11.911416,1.439866,-0.0347810065,0.8562168134,-0.0720927404
0.863228,0.318794,-19.427276,1.278948,0.0429074297,0.7327666956,0.0236875235
0.864244,0.025779,-20.842336,0.863443,0.114210515,0.5944174256,0.1215962376
0.865294,-0.915712,-15.062379,-0.063637,0.1578437463,0.4603250562,0.1439449658
0.866344,-0.579465,-6.684553,-2.376534,0.1216600911,0.4581966059,0.0811556818
0.867392,0.419668,-0.440092,-2.280464,0.0120449003,0.6614636103,-0.0124961318
0.868441,-0.497805,0.7499,1.17327,-0.0635150856,0.8753728662,-0.0848634422
0.869461,-1.482528,-4.244712,1.925022,-0.0667077611,0.901978495,-0.1029552698
0.870508,-0.591474,-11.69353,1.230913,-0.0220103046,0.805134006,-0.0593220385
0.871557,0.239536,-17.744049,1.101218,0.0407789794,0.6880692391,0.0322013247
0.872606,-0.055881,-20.725013,0.673704,0.1014398132,0.5614264458,0.1247889131
0.873623,-0.812436,-16.147019,0.510384,0.14826572,0.4635177317,0.1524587671
0.874673,-0.464181,-5.92315,-2.035484,0.1046324887,0.4986371618,0.0907337082
0.875721,0.542158,-0.212629,-2.573479,-0.0156249537,0.7136106428,-0.0114319066
0.876771,-0.348896,-0.382627,1.382224,-0.086928039,0.9285841239,-0.0827349919
0.877788,-1.36244,-3.897531,1.802532,-0.0837353635,0.9466759515,-0.104019495
0.87884,0.157876,-18.773619,1.872183,0.0407789794,0.7199959937,0.0290086492
0.879886,-0.252825,-21.371487,0.796194,0.1152747402,0.5827109489,0.1279815885
0.880936,-0.906105,-15.486178,0.250994,0.1610364218,0.4550039305,0.1513945419
0.881953,-0.099113,-4.663723,-2.040287,0.1248527666,0.4667104072,0.0864768075
0.883002,0.868797,0.769054,-2.542256,0.0184302512,0.6795554379,-0.021009933
0.884051,-0.416145,-0.942905,1.384625,-0.059258185,0.8902720183,-0.0944414686
0.8851,-1.379252,-5.659772,2.030699,-0.0624508605,0.901978495,-0.1072121704
0.886149,-0.442565,-12.138879,1.391831,-0.0156249537,0.7998128803,-0.0646431643
0.887167,0.244339,-17.839823,1.197288,0.0397147543,0.69445459,0.0311370995
0.888218,-0.202388,-20.121637,0.647284,0.0971829126,0.5731329225,0.1290458137
0.889265,-1.0358,-15.445474,0.481563,0.1440088193,0.4720315329,0.1599083431
0.890314,-0.375315,-5.611885,-2.342909,0.0971829126,0.5082151882,0.1013759597
0.891334,0.657442,-0.145587,-2.302079,-0.0230745298,0.7263813447,-0.0050465557
0.89238,-0.442565,-0.49995,1.329385,-0.100762966,0.9370979251,-0.0869918925
0.89343,-1.465715,-4.905552,1.483098,-0.0986345157,0.9477401766,-0.1125332962
0.894479,-0.814838,-12.39268,1.559954,-0.0401021322,0.8338680852,-0.0678358397
0.895496,-0.151951,-18.534184,1.754497,0.0386505291,0.7104179674,0.0375224505
0.896545,-0.483395,-20.406565,0.81781,0.1088893893,0.5720686974,0.1322384891
0.898644,-0.175969,-5.963854,-2.258848,0.120595866,0.4784168839,0.0779630063
0.899693,0.808753,0.065116,-2.652737,0.0035310991,0.7327666956,-0.0273952839
0.897595,-1.112656,-15.311391,0.647284,0.155715296,0.4454259041,0.1482018664
0.900712,-0.567456,0.117792,1.610391,-0.0784142378,0.9626393288,-0.1029552698
0.901759,-1.501742,-5.161747,1.944236,-0.073093112,0.9583824282,-0.117854422
0.902808,-0.61309,-12.945774,1.146851,-0.0188176292,0.8317396349,-0.0657073894
0.903857,0.090627,-18.708972,1.228511,0.0439716549,0.7061610667,0.0396509008
0.904875,-0.596277,-15.308997,-0.020405,0.1546510709,0.4911875857,0.1599083431
0.905924,-0.151951,-6.078783,-2.792039,0.1035682635,0.5454630685,0.0917979333
0.906973,0.561372,-0.356289,-2.338106,-0.0198818543,0.7604365496,-0.0178172575
0.908022,-0.526626,-0.021081,1.394233,-0.0901207145,0.943483276,-0.1008268195
0.90904,-1.415278,-4.895974,1.511919,-0.0784142378,0.9392263754,-0.1231755477
0.910091,-0.822043,-13.197181,1.408643,-0.0209460795,0.8200331582,-0.0678358397
0.911138,-0.216799,-19.74333,1.516722,0.051421231,0.687005014,0.0492289272
0.912187,-0.238415,-20.586141,0.961915,0.1248527666,0.5635548961,0.1524587671
0.913236,-0.646714,-14.061541,0.130906,0.1642290973,0.4816095593,0.1641652438
0.914253,-0.178371,-5.516111,-2.400552,0.106760939,0.5358850422,0.0822199069
0.915303,0.470105,-0.634034,-1.547926,-0.0124322782,0.7551154238,-0.0327164097
0.916352,-0.529028,-0.456852,1.228511,-0.0911849396,0.9530613024,-0.1189186471
0.917401,-1.29519,-5.973431,1.809737,-0.0858638138,0.957318203,-0.1359462496
0.918419,-0.565055,-13.685628,1.884192,-0.0188176292,0.8423818864,-0.0731569655
0.91947,0.13626,-18.943618,0.762569,0.0503570058,0.7168033183,0.0407151259
0.920517,-0.28645,-19.910935,1.139646,0.1237885414,0.5859036244,0.1439449658
0.921566,-0.920515,-14.418299,0.289422,0.1812566997,0.4816095593,0.1694863695
0.922586,0.083421,-5.915967,-3.277195,0.1195316408,0.5390777176,0.0971190591
0.923632,0.775129,-0.600513,-1.737665,-0.0188176292,0.7742714766,-0.0199457078
0.924681,-0.54584,0.053144,1.651221,-0.0975702905,0.9488044018,-0.1104048459
0.925731,-1.326413,-5.449069,1.684846,-0.0837353635,0.915813422,-0.1327535741
0.92678,-0.697151,-14.324919,1.495107,-0.0220103046,0.7923633042,-0.0699642901
0.927797,0.011368,-19.944455,1.300564,0.0492927807,0.6774269876,0.0534858278
0.928847,-0.113523,-20.042624,0.649686,0.1248527666,0.5656833465,0.1513945419
0.929895,-0.699553,-14.159709,-0.637658,0.1589079715,0.5028940624,0.1556514425
0.930944,0.321196,0.309339,-1.295741,-0.0252029801,0.8242900588,-0.0422944361
0.931964,-0.846061,-0.396993,1.802532,-0.0784142378,0.9732815803,-0.1221113226
0.933011,-1.340824,-6.605539,1.612793,-0.0603224102,0.9370979251,-0.1306251238
0.93406,-0.480993,-14.171681,1.461482,-0.0028542519,0.8136478073,-0.0635789391
0.935109,0.153072,-19.384178,1.223707,0.058870807,0.6891334643,0.0524216026
0.936127,-0.308066,-20.346706,1.262136,0.1301738923,0.562490671,0.1513945419
0.937176,-0.879685,-14.111822,0.092477,0.1791282494,0.4773526587,0.1631010186
0.938225,0.311589,-4.072318,-3.517371,0.0993113629,0.5688760219,0.0790272315
0.939274,0.791941,0.575112,-1.545524,-0.0411663574,0.8264185091,-0.0369733103
0.940324,-0.91331,-1.005158,2.438999,-0.0986345157,0.9871165073,-0.1093406207
0.941343,-1.372047,-6.380471,1.516722,-0.0773500126,0.9424190508,-0.1167901968
0.94239,-0.452172,-14.140554,1.312573,-0.0188176292,0.8232258336,-0.0550651379
0.943439,-0.096711,-20.521493,1.574365,0.0546139064,0.7029683913,0.0577427284
0.944488,-0.665929,-21.302051,0.969121,0.1323023427,0.5731329225,0.1460734161
0.945505,-0.944533,-12.421412,-0.560802,0.1567795212,0.4954444863,0.1396880652
0.946555,0.419668,-1.888673,-3.265186,0.0780268598,0.5965458759,0.0471004769
0.947604,0.566175,0.129763,-0.767353,-0.0252029801,0.8391892109,-0.0603862637
0.948653,-1.107853,-2.44895,2.064324,-0.0752215623,0.9764742558,-0.1199828723
0.94967,-1.122263,-7.141873,1.33659,-0.0613866353,0.9190060975,-0.1231755477
0.952818,-0.442565,-19.958822,1.161262,0.1312381175,0.5710044722,0.145009191
0.95072,-0.034265,-13.996893,1.427857,0.0014026488,0.805134006,-0.0614504888
0.951769,0.261152,-19.367417,0.764971,0.0631277077,0.6955188152,0.0502931523
0.953837,-0.894096,-12.988873,-0.373464,0.1716786733,0.5028940624,0.1545872174
0.954884,0.402856,-2.94458,-3.875234,0.0897333365,0.6306010808,0.0683849799
0.955933,0.633425,1.468204,-1.194867,-0.0379736819,0.888143568,-0.0476155618
0.956982,-1.398466,-8.05412,1.595981,-0.0528728341,0.9307125742,-0.1082763956
0.958031,-0.356101,-15.747162,1.420652,0.0120449003,0.8125835821,-0.0327164097
0.959049,0.028181,-20.483184,1.432661,0.0844122107,0.7029683913,0.0800914566
0.960098,-0.562653,-18.905308,0.551214,0.1450730445,0.5816467238,0.1460734161
0.961147,-0.968551,-10.850719,-1.30775,0.14826572,0.5124720888,0.1141466615
0.962196,-0.007846,-3.040354,-2.772825,0.0684488334,0.6263441802,0.0183663977
0.963217,0.117046,0.148918,-0.678488,-0.0283956555,0.8838866674,-0.0731569655
0.964263,-1.160692,-1.534309,1.480696,-0.0699004365,1.0328781889,-0.1231755477
0.965312,-1.119862,-7.77877,1.740086,-0.0432948077,0.9881807325,-0.117854422
0.966361,-0.058283,-14.645762,1.490303,0.023751377,0.8711159656,-0.0454871115
0.967379,0.17709,-19.226151,0.781783,0.0876048862,0.7380878213,0.0641280793
0.968428,-0.689946,-19.190236,1.156458,0.1525226206,0.5837751741,0.1407522904
0.969477,-0.951738,-11.614517,-0.72172,0.1801924746,0.4784168839,0.1301100388
0.970526,0.371633,-3.47852,-3.296409,0.1099536144,0.5699402471,0.0407151259
0.971575,0.335606,-0.784878,-0.865826,-0.0007258016,0.8264185091,-0.0593220385
0.972595,-1.129469,-1.105721,1.646418,-0.0645793108,0.9796669312,-0.1242397729
0.973642,-1.136674,-5.951882,1.824148,-0.0518086089,0.9307125742,-0.1338177993
0.974691,-0.411342,-14.356046,1.74489,0.0077879997,0.8200331582,-0.0646431643
0.97574,-0.202388,-20.51431,1.33659,0.0748341844,0.714674868,0.0609354038
0.976758,-0.634706,-19.539811,1.300564,0.1472014948,0.6008027765,0.1567156677
0.977807,-0.629902,-10.956071,-0.988316,0.1684859979,0.5337565918,0.1482018664
0.978856,0.508533,-2.915848,-3.140294,0.079091085,0.6348579814,0.0460362517
0.979905,0.323597,-0.435303,-0.229359,-0.0411663574,0.8487672373,-0.0731569655
0.980922,-1.069425,-2.096981,2.191618,-0.0847995887,0.9445475012,-0.1476527263
0.981973,-0.937328,-7.649475,1.833755,-0.0432948077,0.8902720183,-0.1487169514
0.983021,0.0546,-19.190236,0.894666,0.0876048862,0.7231886692,0.0534858278
0.98407,-0.423351,-18.613198,1.065191,0.1525226206,0.6263441802,0.1503303168
0.985119,-0.521823,-11.171562,-1.254911,0.1663575476,0.6082523526,0.1567156677
0.986137,0.350017,-3.10979,-3.385274,0.0684488334,0.7380878213,0.0673207548
0.987186,-0.012649,-0.684315,0.092477,-0.0401021322,0.9136849717,-0.0529366876
0.988235,-1.256762,-1.807265,2.131573,-0.073093112,0.9551897527,-0.1359462496
0.989284,-1.100647,-7.050888,1.101218,-0.045423258,0.8700517404,-0.1508454017
0.990302,-0.57226,-15.402376,1.523928,0.0184302512,0.770014576,-0.0752854158
0.991351,-0.264834,-20.533465,1.190083,0.0886691114,0.6657205109,0.0598711787
0.9924,-0.296057,-18.761647,0.62807,0.155715296,0.5720686974,0.1609725683
0.99345,-0.298459,-10.364667,-1.437445,0.1642290973,0.5752613728,0.1545872174
0.994469,0.424471,-2.867961,-3.58462,0.0599350322,0.7327666956,0.0492289272
0.995516,0.004163,-0.839948,-0.234162,-0.0550012844,0.9477401766,-0.0784780913
0.996566,-1.153486,-2.235853,2.083538,-0.0858638138,1.0211717122,-0.1572307527
0.997614,-0.966149,-8.307921,1.379822,-0.0432948077,0.9402906005,-0.1561665275
0.998663,-0.324878,-15.668149,1.728077,0.0354578537,0.8317396349,-0.0689000649
0.999681,-0.183174,-19.036997,0.983531,0.1099536144,0.7178675434,0.0609354038
1.00073,-0.634706,-17.823063,0.933094,0.1812566997,0.590160525,0.1556514425
1.001779,-0.584269,-11.343955,-1.156439,0.2078623286,0.5422703931,0.1599083431
1.002828,0.779932,-3.380352,-4.36039,0.1046324887,0.6965830404,0.0630638542
1.003845,0.551765,0.103425,-0.697702,-0.0390379071,0.943483276,-0.0635789391
1.004895,-1.218334,-2.147262,2.780049,-0.0805426881,1.0190432619,-0.1359462496
1.006993,-0.370512,-16.065611,1.449473,0.0397147543,0.8200331582,-0.0454871115
1.00801,-0.32728,-20.629239,1.420652,0.1152747402,0.7072252919,0.0705134302
1.005944,-1.19912,-8.6982,1.711265,-0.0294598807,0.9253914484,-0.1295608987
1.00906,-0.622697,-9.93129,-1.423034,0.1706144482,0.5475915188,0.1088255358
1.010109,0.398052,-2.341204,-2.991385,0.0684488334,0.7136106428,0.0109168216
1.011158,-0.111121,-0.217417,0.015621,-0.0379736819,0.9562539778,-0.0891203428
1.012175,-1.348029,-2.640498,1.970655,-0.0752215623,1.0318139638,-0.1433958257
1.014274,-0.019855,-16.039273,1.310171,0.0343936285,0.8136478073,-0.0401659857
1.015322,0.008967,-20.207834,1.055584,0.0993113629,0.687005014,0.075834556
1.013224,-0.939729,-9.318336,1.555151,-0.0358452316,0.9381621502,-0.1284966735
1.016372,-0.752392,-18.699394,1.468687,0.169550223,0.5592979955,0.1513945419
1.017389,-0.442565,-9.610447,-1.468668,0.1855136003,0.5241785655,0.1290458137
1.018438,0.933645,-1.84318,-3.601433,0.0876048862,0.6912619146,0.0236875235
1.019487,0.234732,-0.646006,0.02763,-0.0294598807,0.9519970772,-0.0859276674
1.020536,-1.412877,-3.023594,2.12677,-0.0699004365,1.0445846656,-0.1380746999
1.021554,-1.23995,-8.911297,1.812139,-0.0347810065,0.9498686269,-0.1199828723
1.022603,-0.44977,-16.815042,1.552749,0.0290725027,0.8221616085,-0.0295237342
1.023652,-0.308066,-21.225432,1.264537,0.0993113629,0.700839941,0.0907337082
1.024701,-0.639509,-17.588416,0.685713,0.1642290973,0.5848393992,0.1524587671
1.025721,-0.284048,-8.777214,-2.001859,0.1493299451,0.5710044722,0.1077613106
1.026767,0.568577,-2.573456,-2.431775,0.0482285555,0.742344722,0.0024030204
1.027817,-0.125532,-0.866286,0.426322,-0.045423258,0.9679604545,-0.0944414686
1.028866,-1.175102,-3.136128,1.732881,-0.0688362114,1.0371350895,-0.1423316005
1.029915,-0.74999,-9.301576,1.771309,-0.0241387549,0.957318203,-0.1231755477
1.030932,0.011368,-16.190117,1.110825,0.0429074297,0.8434461116,-0.0359090851
1.031981,-0.039069,-20.198256,1.182877,0.1088893893,0.7263813447,0.0800914566
1.033031,-0.675536,-17.681796,0.849033,0.1769997991,0.6125092532,0.1535229922
1.03408,-0.358503,-9.56256,-2.571077,0.1663575476,0.5986743262,0.1258531382
1.035098,0.575782,-2.554301,-2.904922,0.0524854561,0.7593723244,0.0183663977
1.036146,-1.504144,-2.755427,1.927424,-0.0656435359,0.984988057,-0.1433958257
1.037195,-1.136674,-9.737347,1.708863,-0.0188176292,0.8924004686,-0.1199828723
1.038244,-0.348896,-16.652226,1.194886,0.0471643304,0.7806568275,-0.0231383833
1.039262,-0.185576,-20.653183,0.767373,0.1120820647,0.6635920606,0.0949906088
1.040311,-0.468984,-18.2732,0.301431,0.1727428985,0.5773898231,0.1556514425
1.04136,-0.111121,-8.949607,-3.020206,0.1440088193,0.6231515048,0.1109539861
1.042409,0.527747,-1.108115,-2.751209,0.0258798273,0.8168404827,-0.0007896551
1.043461,-0.512216,0.117792,1.516722,-0.0475517083,0.998822984,-0.0986983692
1.044476,-1.398466,-3.282183,1.80013,-0.0464874832,1.0275570631,-0.1402031502
1.045525,-0.632304,-9.926501,1.28135,-0.0060469273,0.9466759515,-0.1157259717
1.046574,0.157876,-16.949125,1.427857,0.0578065819,0.8434461116,-0.0242026084
1.047624,0.044993,-20.830364,1.175672,0.1259169917,0.722124444,0.089669483
1.048641,-0.795624,-17.404052,0.937898,0.1865778255,0.5933532004,0.1471376413
1.04969,-0.346494,-8.099613,-2.232428,0.1642290973,0.5805824986,0.1088255358
1.050739,0.791941,-1.481633,-2.746405,0.051421231,0.7795926023,0.0077241462
1.051788,-0.303262,0.048355,1.206895,-0.0486159335,1.0147863613,-0.0891203428
1.052806,-1.501742,-2.875144,2.251662,-0.0720288868,1.0530984668,-0.1348820244
1.053855,-0.766803,-10.170724,1.780916,-0.0252029801,0.9530613024,-0.111469071
1.054904,0.088225,-17.396869,1.471089,0.0439716549,0.8498314625,-0.0146245821
1.055953,-0.077497,-20.610084,0.839425,0.1088893893,0.7263813447,0.0971190591
1.057002,-0.95414,-17.121518,0.606455,0.169550223,0.5880320747,0.1471376413
1.05802,-0.622697,-7.994262,-2.232428,0.1535868457,0.5635548961,0.1003117345
1.059069,0.611809,-0.947694,-3.193133,0.0429074297,0.7508585232,-0.007175006
1.060118,-0.211995,0.182439,0.522393,-0.0539370592,0.9924376331,-0.097634144
1.061167,-0.807633,-10.350301,1.725676,-0.0198818543,0.9615751036,-0.0965699189
1.062185,0.069011,-16.867717,1.338992,0.0450358801,0.846638787,-0.0050465557
1.063234,-0.226406,-20.710647,0.897068,0.1152747402,0.7157390931,0.0981832842
1.064283,-1.045407,-17.164617,0.673704,0.1738071236,0.5816467238,0.1396880652
1.065332,-0.476189,-7.477082,-2.035484,0.1503941703,0.5688760219,0.0917979333
1.066349,0.563774,-1.187128,-2.669549,0.0450358801,0.7657576753,-0.0082392311
1.067399,-0.389726,-0.05939,0.719337,-0.0496801586,1.0062725601,-0.0944414686
1.068447,-1.429689,-3.09303,1.927424,-0.0688362114,1.0584195926,-0.1338177993
1.069497,-0.769204,-10.125232,1.749693,-0.0230745298,0.9637035539,-0.1072121704
1.070546,0.088225,-17.087998,1.149253,0.0365220788,0.8498314625,-0.0135603569
1.071563,-0.039069,-20.847125,0.940299,0.100375588,0.7263813447,0.0971190591
1.072613,-0.793222,-17.550107,0.743355,0.1663575476,0.6135734784,0.1492660916
1.073662,-0.27204,-7.742855,-2.527845,0.1503941703,0.6199588293,0.1024401848
1.074713,0.743906,-0.315586,-2.823262,0.0365220788,0.8125835821,-0.0093034563
1.075728,-0.329682,0.572718,1.113226,-0.0571297347,1.0222359374,-0.104019495
1.076778,-1.424885,-3.46176,2.071529,-0.0624508605,1.0530984668,-0.1359462496
1.077827,-0.783615,-10.680721,1.507115,-0.0124322782,0.9541255275,-0.097634144
1.078876,-0.125532,-18.019399,1.394233,0.0482285555,0.8338680852,0.0013387952
1.079893,-0.202388,-21.467261,0.89947,0.1184674157,0.708289517,0.1109539861
1.080942,-0.493002,-16.285891,-0.008397,0.169550223,0.6167661538,0.1492660916
1.081991,-0.036667,-6.409203,-2.56147,0.128045442,0.6486929084,0.0907337082
1.08304,0.345213,-1.56783,-1.855352,0.0216229267,0.8274827343,-0.0188814827
1.084058,-0.675536,-1.306846,1.163663,-0.0486159335,1.0115936858,-0.1104048459
1.085107,-1.227941,-3.36838,1.396634,-0.0539370592,1.0424562153,-0.1497811766
1.086156,-0.569858,-9.557771,1.463884,-0.0071111525,0.9498686269,-0.1242397729
1.087205,-0.12313,-20.859097,1.329385,0.1152747402,0.6933903649,0.1013759597
1.088255,-0.413744,-16.173356,1.033968,0.1823209249,0.6071881274,0.1769359456
1.089272,0.155474,-7.419618,-3.003394,0.1525226206,0.6603993851,0.1407522904
1.090321,0.72229,-2.317261,-2.655138,0.0194944764,0.860473714,0.0183663977
1.09137,-0.495403,-0.59333,1.713667,-0.0837353635,1.0137221361,-0.104019495
1.09242,-1.333618,-2.867961,2.124368,-0.0879922642,0.9903091828,-0.1657445539
1.093437,-0.788418,-10.927339,1.610391,-0.0230745298,0.901978495,-0.1348820244
1.094486,-0.384922,-18.577282,1.665632,0.0556781316,0.8242900588,-0.0156888072
1.095535,-0.348896,-20.365861,0.978728,0.1301738923,0.7242528943,0.1184035621
1.096587,-0.629902,-15.328151,0.015621,0.1844493752,0.6433717827,0.1748074953
1.097602,-0.274441,-7.048494,-2.842476,0.1323023427,0.6912619146,0.1205320125
1.098651,0.268357,-1.833603,-2.148367,0.0045953242,0.8764370913,0.0002745701
1.0997,-0.663527,-0.715442,1.396634,-0.0816069132,1.0318139638,-0.1104048459
1.100749,-1.266369,-4.043586,1.463884,-0.0858638138,1.0275570631,-0.1614876533
1.101799,-0.646714,-11.501982,1.720872,-0.0230745298,0.9328410245,-0.1274324483
1.102816,-0.185576,-18.072075,1.278948,0.0535496813,0.8349323103,-0.0146245821
1.103865,-0.267236,-20.423325,0.745757,0.1248527666,0.7242528943,0.1120182112
1.104914,-0.704357,-16.010541,0.625669,0.1887062758,0.631665306,0.172679045
1.105965,-0.019855,-6.844974,-3.541389,0.1440088193,0.687005014,0.1226604628
1.106981,0.700674,-0.72023,-2.94335,-0.0017900267,0.901978495,0.0002745701
1.10803,-0.543439,0.048355,2.107556,-0.0901207145,1.0637407184,-0.1061479453
1.109079,-1.28078,-4.376401,1.816943,-0.0826711384,1.0456488908,-0.145524276
1.110128,-0.682741,-12.68479,1.557552,-0.0230745298,0.9466759515,-0.0986983692
1.111146,-0.252825,-19.254883,1.848166,0.0556781316,0.846638787,0.020494848
1.112195,-0.348896,-20.899801,0.81781,0.1333665678,0.728509795,0.1343669395
1.113244,-0.812436,-15.337729,0.06846,0.1823209249,0.6242157299,0.158844118
1.114293,0.55897,-0.119249,-2.018672,0.0003384236,0.9009142699,-0.0337806348
1.115345,-0.951738,-0.911778,2.170002,-0.0656435359,1.0754471951,-0.117854422
1.116359,-1.465715,-5.384422,1.583972,-0.0635150856,1.0552269171,-0.1423316005
1.117409,-0.382521,-13.027182,1.559954,-0.0092396028,0.9488044018,-0.0955056937
1.118458,0.25875,-18.613198,1.396634,0.0578065819,0.8402534361,0.0173021725
1.119507,-0.142344,-20.109666,0.57283,0.1195316408,0.714674868,0.1247889131
1.120524,-0.882087,-15.984203,0.404707,0.169550223,0.6157019287,0.1577798928
1.121573,0.112242,-5.997375,-3.123482,0.1184674157,0.6784912127,0.0917979333
1.122623,0.96727,1.092291,-2.518238,-0.0166891789,0.9126207465,-0.0316521845
1.123672,-0.579465,0.091454,1.953843,-0.0954418402,1.0924747975,-0.1210470974
1.124689,-1.439296,-6.006952,1.905808,-0.0794784629,1.0690618441,-0.1327535741
1.125738,-0.692348,-13.731121,1.326983,-0.017753404,0.943483276,-0.0689000649
1.126787,-0.132737,-19.527839,1.665632,0.0556781316,0.8242900588,0.0471004769
1.127839,-0.430556,-20.646,1.050781,0.1376234684,0.7072252919,0.1407522904
1.128886,-0.908507,-14.674494,-0.575212,0.175935574,0.6157019287,0.1407522904
1.129903,0.097832,-4.60147,-3.022608,0.1025040383,0.6816838882,0.0534858278
1.130952,0.546961,0.613422,-1.08919,-0.0060469273,0.9126207465,-0.0561293631
1.132001,-1.023791,-0.736991,1.941834,-0.0656435359,1.0839609963,-0.1263682232
1.13305,-1.453707,-6.306246,1.485499,-0.0667077611,1.0658691687,-0.1348820244
1.134067,-0.346494,-13.506052,1.764104,-0.0113680531,0.9519970772,-0.0752854158
1.135117,0.38124,-18.622775,1.09161,0.0492927807,0.8296111846,0.0322013247
1.136166,-0.132737,-20.143186,0.971522,0.1099536144,0.700839941,0.1279815885
1.137218,-0.786017,-14.822944,0.291824,0.1589079715,0.6135734784,0.1482018664
1.138232,0.441284,-5.264704,-3.635057,0.1025040383,0.7040326164,0.0737061057
1.139281,0.84478,-0.083334,-1.836138,-0.0166891789,0.9519970772,-0.0401659857
1.14033,-1.396064,-5.073156,1.326983,-0.0645793108,1.067997619,-0.1444600508
1.14138,-0.665929,-13.563516,1.45908,-0.0060469273,0.957318203,-0.0869918925
1.142397,-0.238415,-19.867836,1.326983,0.0620634825,0.8423818864,0.0364582253
1.143446,-0.372914,-20.406565,0.805801,0.1323023427,0.7157390931,0.1418165155
1.144495,-0.740383,-13.369574,-0.495954,0.1652933224,0.6380506569,0.1545872174
1.145545,0.042591,-4.467386,-3.591826,0.0961186874,0.7263813447,0.0683849799
1.146597,0.330803,-0.784878,-1.158841,-0.0156249537,0.9519970772,-0.0476155618
1.147611,-0.985363,-1.258959,1.82655,-0.0720288868,1.0935390227,-0.1306251238
1.148661,-1.194316,-5.631039,1.353403,-0.059258185,1.0690618441,-0.152973852
1.149712,-0.291254,-12.57465,1.855371,0.0056595494,0.9828596067,-0.097634144
1.150759,0.073814,-18.756859,0.846631,0.0695130586,0.8870793429,0.0194306229
1.151776,-0.567456,-20.947688,1.252529,0.1386876936,0.763629225,0.1333027143
1.152825,-1.028595,-13.671262,0.19095,0.1844493752,0.6699774115,0.1652294689
1.153874,0.234732,-3.389929,-4.15624,0.1046324887,0.7466016226,0.0875410327
1.154923,0.479712,-0.229389,-1.406222,-0.0294598807,0.9647677791,-0.0369733103
1.155941,-1.105451,-1.357127,2.580703,-0.0943776151,1.0722545196,-0.1263682232
1.156989,-1.21353,-6.052445,1.70406,-0.0762857875,1.0052083349,-0.1476527263
1.158039,-0.262432,-13.745487,1.797729,-0.0081753776,0.9190060975,-0.0859276674
1.15909,0.081019,-19.41291,1.319778,0.0609992574,0.8402534361,0.0364582253
1.160137,-0.437761,-19.942061,1.03637,0.1291096672,0.7210602189,0.1386238401
1.161154,-0.970952,-12.945774,-0.138092,0.1652933224,0.6284726305,0.1492660916
1.162203,0.121849,-3.73711,-3.382872,0.0897333365,0.7178675434,0.0630638542
1.163252,0.597398,0.148918,-1.396615,-0.0326525562,0.9860522821,-0.0550651379
1.164301,-0.805231,-1.414592,1.732881,-0.0954418402,1.1680347834,-0.1348820244
1.165319,-1.136674,-6.945537,1.583972,-0.0805426881,1.123337327,-0.1433958257
1.166368,0.112242,-18.687422,1.017156,0.0492927807,0.8657948398,0.0290086492
1.167417,-0.569858,-20.181496,1.163663,0.128045442,0.7317024704,0.1215962376
1.168469,-1.069425,-13.386335,0.171736,0.1780640243,0.6274084054,0.1386238401
1.169484,0.357222,-3.215142,-3.478943,0.1120820647,0.7019041661,0.0588069535
1.170532,0.825566,0.395536,-1.684827,-0.0071111525,0.9488044018,-0.0529366876
1.171582,-0.889292,-1.132058,1.927424,-0.0752215623,1.1073739497,-0.1284966735
1.172631,-1.415278,-6.727651,1.665632,-0.0677719862,1.0594838178,-0.1402031502
1.17368,-0.591474,-14.516467,1.689649,-0.0049827022,0.9392263754,-0.0731569655
1.174697,-0.051077,-19.422487,1.000344,0.0620634825,0.8306754097,0.0449720265
1.175746,-0.502609,-20.253326,0.618463,0.1291096672,0.7178675434,0.1375596149
1.176795,-0.906105,-13.154083,-0.654471,0.1610364218,0.6603993851,0.1375596149
1.177847,0.251545,-2.372331,-3.685494,0.0758984095,0.7753357017,0.0428435762
1.178861,0.414864,0.989334,-0.769755,-0.031588331,1.0062725601,-0.0742211907
1.179911,-1.146281,-2.13529,2.160395,-0.0613866353,1.1222731018,-0.139138925
1.180962,-1.19912,-7.81708,0.707329,-0.0401021322,1.0616122681,-0.1380746999
1.182009,-0.154353,-14.19323,1.137244,0.0131091254,0.943483276,-0.0731569655
1.183026,0.193902,-18.811929,1.072396,0.0705772837,0.8242900588,0.0353940002
1.184075,-0.529028,-20.143186,1.278948,0.1365592433,0.7040326164,0.1205320125
1.185124,-0.882087,-13.178026,-0.020405,0.1716786733,0.6540140342,0.1301100388
1.186173,0.619014,-2.499231,-3.642263,0.0886691114,0.7902348539,0.0492289272
1.187222,0.594997,0.692435,-0.644864,-0.0305241059,1.0371350895,-0.0635789391
1.188239,-1.208727,-2.049094,2.563891,-0.0805426881,1.1350438037,-0.1338177993
1.189289,-1.136674,-7.546518,1.259734,-0.0560655095,1.0509700165,-0.1359462496
1.19034,-0.276843,-14.68886,1.552749,0.0120449003,0.943483276,-0.0657073894
1.191387,-0.16396,-20.090511,1.293359,0.0812195353,0.8434461116,0.0492289272
1.192404,-0.646714,-11.255364,-0.628051,0.1631648721,0.6667847361,0.1322384891
1.193453,0.551765,-2.331627,-3.65187,0.0684488334,0.79768443,0.034329775
1.194502,0.338008,-0.408965,-0.051628,-0.0432948077,1.0424562153,-0.0752854158
1.195551,-1.215932,-1.977263,2.460615,-0.0847995887,1.1403649294,-0.1348820244
1.196569,-1.103049,-7.738066,1.096414,-0.0581939599,1.0573553674,-0.1338177993
1.197618,-0.175969,-15.488573,1.583972,0.00991645,0.9466759515,-0.0582578134
1.198667,0.047395,-20.152764,1.031566,0.0801553101,0.8391892109,0.0566785032
1.199718,-0.598679,-19.721781,0.779381,0.1461372696,0.7189317686,0.1322384891
1.200765,-0.610688,-11.015929,-1.038753,0.155715296,0.6710416367,0.1162751118
1.201782,0.748709,-1.52952,-3.892046,0.0578065819,0.818968933,0.0183663977
1.202831,0.311589,-0.329952,-0.38067,-0.045423258,1.0648049435,-0.0827349919
1.203881,-1.456108,-3.579083,2.434196,-0.0688362114,1.1552640816,-0.1274324483
1.20493,-1.223137,-8.171443,1.310171,-0.0358452316,1.0690618441,-0.1157259717
1.205947,-0.24562,-13.893937,1.319778,0.0205587015,0.9477401766,-0.0476155618
1.206996,-0.228808,-19.74333,0.911478,0.0833479856,0.8125835821,0.0545500529
1.208045,-0.826847,-20.748957,0.889862,0.1514583954,0.6752985373,0.1279815885
1.209096,-0.574662,-11.504377,-1.156439,0.1599721966,0.6444360078,0.1130824364
1.210111,0.791941,-1.385859,-3.860823,0.0620634825,0.8264185091,0.0151737222
1.21116,0.229929,0.220749,-0.181323,-0.0432948077,1.0999243736,-0.083799217
1.212212,-1.518554,-3.334859,2.722407,-0.0709646617,1.1903835117,-0.1231755477
1.213259,-1.155888,-8.679045,1.468687,-0.0347810065,1.0967316981,-0.1050837201
1.214276,-0.010247,-14.207596,1.326983,0.0248156021,0.9722173552,-0.0369733103
1.215325,-0.005444,-19.896568,0.901871,0.0876048862,0.8338680852,0.0524216026
1.216374,-1.009381,-21.414585,0.935496,0.1567795212,0.6859407888,0.1066970855
1.217423,-0.843659,-11.573813,-1.012333,0.1674217727,0.6423075575,0.0822199069
1.218473,0.297178,1.386796,-0.174118,-0.0262672052,1.0977959233,-0.0955056937
1.21949,-1.813971,-4.022037,3.077868,-0.0464874832,1.1776128098,-0.1199828723
1.220538,-1.170299,-9.529039,1.423054,-0.0145607286,1.0722545196,-0.0923130183
1.22159,0.304383,-14.346468,1.108423,0.0354578537,0.9402906005,-0.0295237342
1.222637,0.131456,-20.339523,0.89947,0.0897333365,0.7891706287,0.0471004769
1.223654,-0.939729,-21.491205,0.839425,0.1376234684,0.6380506569,0.0949906088
1.224703,-0.493002,-10.680721,-0.993119,0.1365592433,0.617830379,0.0790272315
1.225752,1.197839,0.536803,-3.318025,0.0620634825,0.8359965355,-0.0018538802
1.226801,0.191501,1.322149,0.015621,-0.0283956555,1.130786903,-0.0869918925
1.227818,-1.900434,-3.928658,2.695988,-0.0624508605,1.206346889,-0.1210470974
1.228867,-1.179906,-9.687066,1.653623,-0.0241387549,1.0882178969,-0.0997625944
1.229916,0.244339,-15.045618,0.757766,0.037586304,0.9530613024,-0.0327164097
1.230968,0.213116,-20.109666,0.846631,0.0918617868,0.8147120324,0.0524216026
1.233032,-1.062219,-11.264942,-1.314955,0.1652933224,0.6433717827,0.0822199069
1.234081,0.801548,-0.013898,-3.490952,0.0705772837,0.8349323103,-0.0061107808
1.232014,-1.014184,-20.358678,1.36301,0.1525226206,0.6774269876,0.1045686351
1.23513,0.277964,2.258339,0.010818,-0.0369094568,1.1297226779,-0.0923130183
1.236179,-1.679472,-3.306127,2.643149,-0.0635150856,1.2329525178,-0.117854422
1.237197,-1.074228,-9.881008,1.473491,-0.0252029801,1.1318511282,-0.0880561177
1.238245,0.246741,-16.154202,1.002745,0.0407789794,0.9913734079,-0.0231383833
1.239295,0.088225,-21.287685,0.916282,0.1056967138,0.8445103367,0.0524216026
1.240346,-1.093442,-19.432065,0.507982,0.155715296,0.6901976894,0.0854125824
1.241361,-0.944533,-9.294393,-1.355785,0.1546510709,0.6337937563,0.0502931523
1.24241,0.62622,-0.480796,-3.24357,0.0758984095,0.8147120324,-0.0263310588
1.243459,-0.012649,0.850462,-0.152502,-0.0134965034,1.0967316981,-0.0923130183
1.244508,-0.87248,-8.983127,1.101218,-0.0145607286,1.0967316981,-0.097634144
1.246574,0.093028,-21.903033,0.863443,0.1131462899,0.8210973833,0.0651923045
1.247623,-0.843659,-20.423325,0.87305,0.1727428985,0.6955188152,0.1141466615
1.245557,0.309187,-15.92195,1.062789,0.0471643304,0.9605108785,-0.0263310588
1.248673,-0.468984,-8.135528,-1.605568,0.1599721966,0.6774269876,0.075834556
1.249723,0.712683,0.709196,-3.022608,0.0609992574,0.8562168134,-0.0252668336
1.250739,-0.284048,-0.375444,1.146851,-0.0134965034,1.1041812742,-0.1029552698
1.251787,-1.62183,-3.318099,2.078735,-0.0283956555,1.1818697104,-0.1295608987
1.252839,-0.79082,-8.169049,1.002745,-0.0017900267,1.0903463472,-0.1157259717
1.253886,0.172286,-16.132652,1.586373,0.0482285555,0.9658320042,-0.0412302109
1.254903,0.004163,-22.403451,1.062789,0.1120820647,0.8338680852,0.0705134302
1.257001,-0.317673,-7.556096,-1.718451,0.1599721966,0.6901976894,0.0939263836
1.255952,-0.673134,-19.204602,0.985933,0.1748713488,0.708289517,0.1343669395
1.25805,0.746308,-0.545443,-3.154705,0.0599350322,0.8817582171,-0.0156888072
1.2591,-0.151951,-0.725019,0.659293,-0.0294598807,1.1424933797,-0.1061479453
1.260117,-1.45851,-3.629364,2.00428,-0.0507443838,1.2116680147,-0.1433958257
1.261166,-0.778811,-9.143549,1.456678,-0.0103038279,1.1084381748,-0.125303998
1.262217,0.145867,-15.086322,1.012352,0.0524854561,0.9839238318,-0.0465513367
1.263264,-0.151951,-20.308396,0.62807,0.1163389653,0.8551525882,0.0545500529
1.264281,-1.143879,-19.683471,1.495107,0.1887062758,0.7253171195,0.1184035621
1.26533,-0.69475,-8.671862,-1.490284,0.18338515,0.6997757158,0.0939263836
1.266379,0.849583,0.153707,-3.728726,0.0673846083,0.8732444159,-0.0093034563
1.267428,0.011368,-0.586147,0.512786,-0.0347810065,1.1116308503,-0.1008268195
1.268445,-1.468117,-3.866405,2.275679,-0.0571297347,1.1712274589,-0.1348820244
1.269494,-0.841257,-8.837072,1.305367,-0.0230745298,1.0669333938,-0.117854422
1.270543,-0.31287,-21.81923,1.40384,0.106760939,0.8306754097,0.0715776554
1.271595,-1.028595,-18.912491,1.130039,0.1738071236,0.7019041661,0.131174264
1.27261,-0.411342,-7.161028,-1.581551,0.1610364218,0.6667847361,0.0875410327
1.273658,0.902422,0.17765,-3.178723,0.0620634825,0.8583452637,-0.0242026084
1.274708,-0.031863,-0.729808,0.495973,-0.0283956555,1.137172254,-0.1146617465
1.275757,-1.49934,-4.347669,1.920218,-0.0581939599,1.213796465,-0.145524276
1.276806,-0.925319,-10.084528,1.502312,-0.0220103046,1.0967316981,-0.1210470974
1.277823,0.066609,-15.737585,1.15886,0.0397147543,0.9594466533,-0.0391017606
1.278872,-0.10872,-20.150369,0.469554,0.1014398132,0.8296111846,0.0598711787
1.279921,-0.843659,-19.036997,1.33659,0.175935574,0.7178675434,0.1194677873
1.280972,-0.24562,-8.65989,-1.735264,0.1823209249,0.7295740201,0.0917979333
1.281987,1.041724,0.244692,-3.731128,0.0769626347,0.9339052496,-0.0114319066
1.283036,0.01377,0.78342,0.479161,-0.0241387549,1.1733559092,-0.1125332962
1.284088,-1.556982,-3.97415,1.735283,-0.0422305825,1.2159249153,-0.1497811766
1.285134,-1.103049,-10.956071,1.360608,0.0014026488,1.0977959233,-0.1167901968
1.286152,-0.296057,-17.394474,1.353403,0.0663203831,0.9605108785,-0.0220741581
1.287201,-0.365708,-21.385853,0.70973,0.1312381175,0.8210973833,0.0854125824
1.28825,-0.906105,-17.396869,0.779381,0.1865778255,0.7040326164,0.1269173634
1.289299,-0.423351,-7.038916,-2.222821,0.1578437463,0.7189317686,0.0715776554
1.290348,0.534953,-0.696287,-2.611907,0.0450358801,0.9317767993,-0.03484486
1.291365,-0.399333,-0.203051,1.144449,-0.0390379071,1.1765485847,-0.1210470974
1.292414,-1.410475,-3.978939,1.701658,-0.0475517083,1.2244387166,-0.1540380772
1.293465,-0.639509,-10.6472,1.442268,-0.003918477,1.1158877509,-0.1231755477
1.294512,0.198706,-16.683353,0.997942,0.0556781316,0.9828596067,-0.0337806348
1.296579,-1.112656,-18.570099,1.617596,0.1982843022,0.7125464177,0.1247889131
1.295529,-0.120729,-20.962054,0.937898,0.1237885414,0.8434461116,0.0694492051
1.297628,1.173821,0.424268,-3.219553,0.058870807,0.9051711705,-0.0231383833
1.298677,0.01377,0.306945,1.086807,-0.0390379071,1.1520714061,-0.117854422
1.299694,-1.568991,-4.06753,2.333322,-0.0528728341,1.1946404123,-0.1465885011
1.300743,-0.932524,-10.869874,1.468687,-0.0103038279,1.081832546,-0.1125332962
1.301792,-0.161558,-18.335453,1.648819,0.051421231,0.9541255275,-0.0156888072
1.302843,-0.344092,-22.147256,0.925889,0.1227243163,0.8200331582,0.089669483
1.30389,-0.889292,-16.853351,0.176539,0.1748713488,0.6976472655,0.1237246879
1.304908,-0.236013,-5.937516,-2.292472,0.1376234684,0.7178675434,0.0662565296
1.305956,0.741504,0.170467,-2.431775,0.0312009531,0.957318203,-0.0369733103
1.307006,-0.425752,-0.322769,1.0772,-0.0475517083,1.2116680147,-0.1199828723
1.308055,-1.496938,-4.936678,1.54074,-0.0539370592,1.2478516699,-0.1476527263
1.309072,-0.605884,-11.40142,1.146851,-0.0028542519,1.1254657773,-0.1135975214
1.310121,0.232331,-17.255602,0.620865,0.0599350322,0.9722173552,-0.0252668336
1.31117,-0.142344,-21.565429,0.469554,0.1269812169,0.8200331582,0.0737061057
1.312221,-1.021389,-18.194187,1.379822,0.1982843022,0.7104179674,0.1205320125
1.313236,-0.269638,-6.466667,-2.352516,0.1716786733,0.7466016226,0.075834556
1.314285,0.98168,1.360459,-3.358855,0.0386505291,0.9817953815,-0.0337806348
1.315334,-0.372914,0.359621,1.71847,-0.0486159335,1.213796465,-0.1189186471
1.316383,-1.660258,-4.869637,2.198823,-0.0443590329,1.2223102663,-0.1412673753
1.317433,-0.742785,-11.427757,1.144449,-0.0017900267,1.0935390227,-0.1061479453
1.31845,0.047395,-18.701789,1.564758,0.0567423567,0.9519970772,-0.0124961318
1.319499,-0.370512,-22.705139,1.045977,0.1227243163,0.8019413306,0.089669483
1.320548,-1.093442,-16.862929,0.743355,0.1716786733,0.6742343121,0.1215962376
1.321598,-0.161558,-5.125832,-2.059501,0.1397519187,0.7072252919,0.0609354038
1.322614,0.988886,1.429895,-2.719986,0.0269440524,0.9700889048,-0.0508082373
1.323663,-1.439296,-5.765123,2.234849,-0.0528728341,1.2329525178,-0.1519096269
1.324714,-0.387324,-12.076626,1.007549,-0.0007258016,1.1084381748,-0.1050837201
1.325761,0.448489,-17.890104,0.635276,0.0524854561,0.9743458055,-0.0103676814
1.326778,-0.099113,-21.541486,1.180476,0.1216600911,0.8359965355,0.0907337082
1.327827,-1.146281,-17.39208,0.863443,0.1950916267,0.7210602189,0.131174264
1.328876,-0.211995,-5.477801,-2.703174,0.1599721966,0.749794298,0.0715776554
1.329925,1.108974,2.064397,-2.94335,0.0258798273,0.9903091828,-0.0465513367
1.330976,-0.348896,0.350043,1.538338,-0.0635150856,1.2297598423,-0.1327535741
1.331992,-1.643446,-5.425125,2.138779,-0.0645793108,1.241466319,-0.1497811766
1.333041,-0.836454,-12.792536,1.074798,-0.0103038279,1.1095024,-0.1008268195
1.334092,-0.094309,-19.568543,1.480696,0.0631277077,0.9679604545,0.0034672456
1.335139,-0.557849,-21.69233,0.918684,0.1365592433,0.8221616085,0.0981832842
1.336156,-1.244753,-15.428714,0.183744,0.1769997991,0.6912619146,0.1120182112
1.337205,-0.228808,-4.76668,-2.213214,0.1291096672,0.7242528943,0.0428435762
1.338254,0.748709,0.967785,-2.22042,0.0194944764,0.9871165073,-0.062514714
1.339303,-0.584269,0.115397,1.283751,-0.0613866353,1.2393378687,-0.1412673753
1.340321,-1.412877,-5.176113,1.730479,-0.0635150856,1.2606223718,-0.1604234281
1.34137,-0.464181,-12.83324,1.228511,-0.0049827022,1.1361080288,-0.1104048459
1.342419,0.256348,-19.195024,0.887461,0.0599350322,0.9977587588,-0.0018538802
1.34347,-0.252825,-21.189517,1.079602,0.1323023427,0.8636663895,0.10350441
1.344485,-1.247155,-15.486178,1.029165,0.1929631764,0.7455373974,0.1364953898
1.345534,-0.394529,-4.936678,-2.542256,0.1514583954,0.7593723244,0.0673207548
1.346583,0.916833,1.116235,-2.758414,0.023751377,0.9775384809,-0.0518724624
1.347632,-0.127934,0.218354,0.885059,-0.0624508605,1.2031542135,-0.139138925
1.348681,-0.670732,-13.261828,1.579168,-0.0060469273,1.1190804264,-0.1072121704
1.349698,-0.005444,-20.265298,1.19969,0.065256158,0.9977587588,0.0119810468
1.350747,-0.28645,-21.065011,1.079602,0.141880369,0.8679232901,0.1205320125
1.351796,-0.934926,-13.76943,-0.085253,0.1855136003,0.7487300729,0.1301100388
1.352848,-0.168764,-4.714004,-2.986582,0.1237885414,0.7902348539,0.0428435762
1.353862,0.465301,-0.133615,-1.509498,0.0045953242,1.026492838,-0.0699642901
1.354912,-0.680339,0.014835,1.37742,-0.0613866353,1.220181816,-0.1519096269
1.355963,-1.28078,-5.322168,1.485499,-0.0539370592,1.2223102663,-0.17319413
1.357009,-0.555447,-13.278589,1.761702,0.0035310991,1.1137593006,-0.1125332962
1.358027,0.042591,-18.773619,0.772176,0.0663203831,0.9807311564,0.0045314707
1.359075,-0.384922,-20.638817,1.163663,0.1333665678,0.8402534361,0.1120182112
1.360125,-0.987765,-14.940267,1.127637,0.197220077,0.7295740201,0.1460734161
1.361174,0.102635,-4.551188,-3.10667,0.1429445942,0.7785283772,0.0726418805
1.362224,0.96727,0.591873,-2.462998,-0.0060469273,1.0233001625,-0.0561293631
1.36324,-0.416145,-0.066573,1.92262,-0.0901207145,1.2255029417,-0.1508454017
1.36534,-0.757195,-13.980133,1.456678,-0.0113680531,1.0977959233,-0.1125332962
1.364289,-1.350431,-5.305408,1.910611,-0.0720288868,1.213796465,-0.17319413
1.366387,-0.159157,-20.07375,1.627203,0.058870807,0.9743458055,0.0119810468
1.367404,-0.459377,-20.260509,1.082003,0.134430793,0.8381249858,0.1184035621
1.368454,-1.043005,-13.805346,0.27261,0.1791282494,0.7253171195,0.131174264
1.369503,0.020975,-4.431471,-2.72479,0.1216600911,0.783849503,0.0471004769
1.370551,0.912029,0.622999,-2.318892,-0.0017900267,1.0435204404,-0.0720927404
1.371569,-0.500207,-0.926144,1.341394,-0.0805426881,1.2510443454,-0.1540380772
1.372618,-1.290387,-6.780327,1.831353,-0.0677719862,1.2393378687,-0.1646803287
1.373667,-0.375315,-13.005633,1.216502,-0.0028542519,1.1137593006,-0.1061479453
1.374718,0.169885,-18.01461,0.632874,0.0556781316,0.9754100306,-0.0018538802
1.375765,-1.074228,-15.194068,1.0772,0.1855136003,0.7572438741,0.1364953898
1.376782,0.201108,-4.086685,-3.089857,0.134430793,0.8306754097,0.0694492051
1.377831,0.960064,1.142573,-2.523042,-0.0028542519,1.0690618441,-0.0603862637
1.37888,-0.577063,-0.61009,1.848166,-0.0826711384,1.2361451933,-0.1540380772
1.379929,-1.408073,-6.176951,1.716069,-0.0656435359,1.2020899883,-0.1700014545
1.380946,-0.795624,-14.020837,1.106021,-0.0049827022,1.081832546,-0.1061479453
1.381995,-0.344092,-20.406565,1.288555,0.065256158,0.9530613024,0.0162379474
1.383044,-0.665929,-20.97642,0.930692,0.1408161439,0.8168404827,0.1184035621
1.384095,-0.975756,-13.070281,-0.207743,0.1780640243,0.728509795,0.1258531382
1.385111,0.121849,-3.040354,-2.993787,0.1099536144,0.8200331582,0.0364582253
1.38616,0.633425,0.733139,-1.598363,-0.0156249537,1.0946032478,-0.0848634422
1.387208,-0.771606,-1.522337,1.619998,-0.086928039,1.2946775767,-0.1625518784
1.388258,-1.28078,-7.26638,1.658426,-0.0656435359,1.2744572988,-0.166808779
1.389306,-0.399333,-13.75267,1.300564,0.0024668739,1.1478145055,-0.1008268195
1.390324,-0.012649,-19.163898,0.582437,0.065256158,1.0030798846,0.0077241462
1.391373,-0.769204,-21.117686,1.408643,0.1408161439,0.8487672373,0.10350441
1.392422,-1.220736,-13.788585,0.733748,0.1950916267,0.7402162717,0.1247889131
1.393474,0.335606,-2.513598,-3.26999,0.128045442,0.8061982312,0.0449720265
1.394488,1.015305,1.180882,-1.862557,-0.0017900267,1.0616122681,-0.0774138661
1.395537,-0.641911,-1.378676,1.816943,-0.0741573372,1.2521085706,-0.1572307527
1.396589,-1.247155,-6.935959,1.696855,-0.0635150856,1.2233744914,-0.166808779
1.397635,-0.442565,-14.918718,1.535936,-0.0007258016,1.1052454994,-0.097634144
1.398653,-0.051077,-21.299657,1.274144,0.0748341844,0.9871165073,0.0236875235
1.399702,-0.665929,-20.952476,1.096414,0.1472014948,0.8498314625,0.1152108867
1.400751,-1.006979,-11.494799,-0.330233,0.1663575476,0.7519227483,0.1120182112
1.4018,0.5998,0.045961,-0.861022,-0.0273314304,1.1095024,-0.0923130183
1.402817,-0.906105,-2.422612,1.670435,-0.0784142378,1.2744572988,-0.1614876533
1.403866,-1.129469,-7.474688,1.425455,-0.059258185,1.2329525178,-0.1689372293
1.404916,-0.125532,-13.886753,1.293359,0.0045953242,1.1137593006,-0.1029552698
1.405967,0.198706,-19.252489,0.445536,0.0631277077,0.9786027061,0.0119810468
1.407014,-0.733178,-20.667549,1.526329,0.1333665678,0.8274827343,0.1109539861
1.408031,-1.304797,-13.371969,0.676106,0.1855136003,0.728509795,0.1301100388
1.40908,0.241938,-2.903876,-3.476541,0.1110178396,0.8200331582,0.0460362517
1.410129,1.012903,1.279051,-2.126751,-0.0337167813,1.0977959233,-0.0827349919
1.411178,-0.461779,-1.069805,1.780916,-0.1060840918,1.2893564509,-0.1646803287
1.412195,-1.19912,-7.733278,2.182011,-0.0752215623,1.2595581466,-0.1646803287
1.413245,-0.620295,-15.440686,1.567159,-0.0049827022,1.1424933797,-0.0859276674
1.414293,-0.262432,-20.789661,1.216502,0.072705734,1.0147863613,0.0353940002
1.415345,-0.898899,-20.150369,0.978728,0.1525226206,0.8519599128,0.1162751118
1.41636,-1.23995,-11.851557,-0.58482,0.175935574,0.7125464177,0.0981832842
1.417409,0.280366,-2.353176,-2.837672,0.0993113629,0.7881064036,0.0024030204
1.418458,0.90002,1.549612,-1.451856,-0.0134965034,1.0924747975,-0.1018910447
1.419507,-0.754794,-1.69473,1.264537,-0.0720288868,1.3127694043,-0.1572307527
1.420556,-1.23995,-8.908903,1.627203,-0.0507443838,1.2840353252,-0.1444600508
1.421574,-0.147148,-14.863648,1.057986,0.0120449003,1.1350438037,-0.0731569655
1.422622,0.184295,-19.511078,0.584839,0.0705772837,0.9732815803,0.0194306229
1.423672,-0.812436,-20.736985,1.480696,0.1397519187,0.8274827343,0.0886052578
1.424723,-1.232744,-12.610566,0.383091,0.1812566997,0.7476658477,0.0907337082
1.425738,0.398052,-1.675576,-3.185928,0.106760939,0.8540883631,0.0087883713
1.426787,0.883208,1.654963,-1.423034,-0.0188176292,1.1254657773,-0.097634144
1.427839,-1.285583,-8.255246,1.651221,-0.0496801586,1.2255029417,-0.145524276
1.428885,-0.228808,-15.392799,1.151655,0.00991645,1.0977959233,-0.0742211907
1.429903,0.081019,-20.902195,1.086807,0.0822837604,0.9690246797,0.0322013247
1.430952,-0.771606,-20.157552,0.916282,0.1503941703,0.818968933,0.1024401848
1.432001,-1.129469,-11.037479,-0.332634,0.1631648721,0.7210602189,0.0843483572
1.43305,0.390847,-1.67797,-2.921734,0.0844122107,0.8434461116,-0.0050465557
1.434099,0.758316,1.061165,-1.033949,-0.0220103046,1.1541998564,-0.1008268195
1.435116,-0.932524,-1.950926,1.850567,-0.0699004365,1.338310808,-0.152973852
1.436166,-1.148683,-8.358203,1.543142,-0.0432948077,1.2840353252,-0.1465885011
1.437217,0.025779,-14.894774,1.13244,0.0194944764,1.1531356313,-0.0795423164
1.438264,0.186697,-20.23896,0.692918,0.0844122107,1.0115936858,0.020494848
1.439281,-1.043005,-20.966842,1.44467,0.155715296,0.8562168134,0.0971190591
1.44033,-1.439296,-12.038316,0.28702,0.1876420506,0.7519227483,0.0939263836
1.441379,0.383642,-0.794455,-3.320427,0.100375588,0.8477030122,0.0002745701
1.442428,0.84478,2.361296,-1.555131,-0.031588331,1.1361080288,-0.1093406207
1.443446,-0.982961,-1.857546,2.006682,-0.0816069132,1.3202189804,-0.159359203
1.444495,-1.316806,-8.983127,1.593579,-0.0464874832,1.2712646233,-0.139138925
1.445543,-0.252825,-15.689698,1.086807,0.023751377,1.1382364791,-0.0614504888
1.446595,-0.091907,-20.806421,0.841827,0.0993113629,0.9881807325,0.0385866756
1.447642,-1.093442,-20.586141,0.606455,0.1642290973,0.8200331582,0.0960548339
1.448659,-1.232744,-11.097337,-0.433508,0.1727428985,0.7231886692,0.0715776554
1.449708,0.467703,-0.322769,-2.710379,0.0918617868,0.8626021643,-0.0156888072
1.450757,0.594997,2.299043,-0.745738,-0.0145607286,1.1829339356,-0.1061479453
1.451806,-1.170299,-2.226276,2.138779,-0.0603224102,1.3585310859,-0.145524276
1.452823,-1.163093,-9.093268,1.276546,-0.0326525562,1.2861637755,-0.1274324483
1.453873,0.107439,-21.373882,0.904273,0.0971829126,0.957318203,0.0247517486
1.454922,-1.016586,-20.808815,1.156458,0.1535868457,0.8040697809,0.0779630063
1.455973,-1.098246,-10.527482,0.085272,0.1663575476,0.742344722,0.0566785032
1.456988,0.698272,0.429057,-3.130687,0.086540661,0.8966573692,-0.0295237342
1.458037,0.621416,1.877638,-0.714515,-0.0103038279,1.192511962,-0.1146617465
1.459086,-1.21353,-2.595005,2.417383,-0.0401021322,1.3372465829,-0.1476527263
1.460135,-1.055014,-8.705383,0.997942,-0.0220103046,1.2616865969,-0.1306251238
1.461184,0.076216,-15.962654,0.95471,0.0248156021,1.1073739497,-0.062514714
1.462202,0.059404,-22.010778,0.945103,0.0918617868,0.943483276,0.0364582253
1.463251,-0.894096,-20.947688,0.849033,0.1535868457,0.791299079,0.0992475094
1.4643,-0.778811,-9.409322,-0.546391,0.1599721966,0.7412804968,0.0737061057
1.46535,0.770325,0.895955,-3.08025,0.0822837604,0.9094280711,-0.0242026084
1.466366,0.390847,0.903138,-0.169315,-0.0060469273,1.199961538,-0.1189186471
1.467415,-1.326413,-3.413873,1.953843,-0.0379736819,1.3319254571,-0.1561665275
1.468466,-1.014184,-8.755664,0.54641,-0.0188176292,1.2680719479,-0.1423316005
1.469513,0.004163,-15.311391,0.863443,0.0269440524,1.1403649294,-0.0742211907
1.470531,-0.094309,-21.385853,1.002745,0.0876048862,0.9817953815,0.0290086492
1.47158,-1.014184,-20.930927,1.670435,0.1589079715,0.8253542839,0.1024401848
1.472629,-0.992568,-9.902557,0.145316,0.1769997991,0.763629225,0.0854125824
1.473678,0.770325,0.350043,-3.267588,0.0907975617,0.9168776472,-0.0146245821
1.474695,0.674255,1.226375,-0.714515,-0.0220103046,1.2191175908,-0.1199828723
1.475744,-1.21353,-2.894299,2.314107,-0.0656435359,1.3574668608,-0.1689372293
1.476793,-1.095844,-9.382984,1.379822,-0.0294598807,1.2659434976,-0.1540380772
1.477845,-0.046274,-16.336172,1.264537,0.0386505291,1.1265300024,-0.0742211907
1.478891,-0.132737,-21.230221,0.937898,0.106760939,0.9807311564,0.0375224505
1.479909,-1.023791,-19.566148,1.142047,0.1727428985,0.8210973833,0.1066970855
1.480958,0.631023,-0.624456,-3.536585,0.0939902371,0.9094280711,-0.0167530324
1.482007,0.719888,1.142573,-1.002726,-0.0283956555,1.2244387166,-0.1210470974
1.483056,-1.103049,-2.465711,2.37175,-0.0656435359,1.365980662,-0.1700014545
1.484073,-1.259164,-9.543405,1.317376,-0.0230745298,1.2744572988,-0.152973852
1.485122,-0.219201,-16.704902,0.825015,0.0418432046,1.1244015521,-0.0710285152
1.486172,-0.23121,-21.893455,0.666499,0.114210515,0.9700889048,0.0375224505
1.487223,-1.115058,-20.365861,1.086807,0.1844493752,0.8242900588,0.10350441
1.488238,-0.77641,-8.798763,-0.793773,0.1865778255,0.7795926023,0.0790272315
1.489287,0.931243,1.192854,-3.8296,0.0844122107,0.9583824282,-0.0263310588
1.490336,0.563774,1.077925,-0.267787,-0.0220103046,1.2531727957,-0.1263682232
1.491385,-1.266369,-3.856827,2.203626,-0.0422305825,1.3691733375,-0.1625518784
1.492434,-1.083835,-9.87622,0.937898,-0.0049827022,1.2702003982,-0.1412673753
1.493452,-0.04147,-16.616311,1.33659,0.0524854561,1.1244015521,-0.0646431643
1.494501,-0.211995,-22.389085,1.021959,0.1227243163,0.9764742558,0.0439078014
1.49555,-1.163093,-19.755302,1.24052,0.1876420506,0.8317396349,0.1109539861
1.4966,-0.810034,-7.5968,-0.688095,0.1908347261,0.7870421784,0.0832841321
1.497616,0.791941,0.642154,-3.394881,0.0897333365,0.9764742558,-0.0242026084
1.498665,0.297178,0.433846,-0.008397,-0.0358452316,1.2776499742,-0.131689349
1.499716,-1.299994,-3.444999,2.309304,-0.0699004365,1.379815589,-0.1774510306
1.500763,-0.939729,-10.185091,1.276546,-0.0145607286,1.2744572988,-0.1540380772
1.501781,0.001761,-17.44715,1.156458,0.0599350322,1.1382364791,-0.0635789391
1.50283,-0.192781,-21.723456,0.942701,0.1312381175,0.9892449576,0.0524216026
1.503879,-1.151084,-18.325876,1.538338,0.1982843022,0.8285469594,0.117339337
1.504928,-0.850864,-7.886516,-0.808183,0.197220077,0.7646934502,0.0800914566
1.505977,0.566175,0.115397,-0.38067,-0.0305241059,1.2340167429,-0.1412673753
1.506994,-1.13187,-3.114579,2.054717,-0.0613866353,1.3489530595,-0.1880932821
1.508043,-0.992568,-9.943261,1.514321,-0.0156249537,1.255301246,-0.1636161036
1.509094,-0.127934,-16.862929,1.038772,0.0482285555,1.1201446515,-0.0678358397
1.510142,-0.296057,-21.167968,0.925889,0.120595866,0.9796669312,0.0556142781
1.513257,1.092161,0.033989,-3.678289,0.0769626347,0.957318203,-0.0156888072
1.511159,-1.15829,-18.943618,1.773711,0.1961558519,0.8317396349,0.131174264
1.512208,-0.625099,-8.142711,-0.851415,0.1918989513,0.7806568275,0.1045686351
1.514306,0.597398,-0.147981,0.030032,-0.0337167813,1.2372094184,-0.1348820244
1.515323,-1.040603,-3.579083,2.069128,-0.0624508605,1.3404392583,-0.1891575073
1.516372,-0.915712,-9.529039,1.15886,-0.0252029801,1.2521085706,-0.1710656796
1.517421,-0.209594,-16.824619,1.156458,0.0354578537,1.1180162012,-0.076349641
1.518473,-0.365708,-22.099369,0.906675,0.1099536144,0.9881807325,0.0534858278
1.51952,-1.232744,-19.206996,1.896201,0.1961558519,0.8615379392,0.1396880652
1.520537,-0.793222,-7.06286,-0.827397,0.2004127525,0.8157762576,0.1152108867
1.521586,0.988886,0.8768,-3.714316,0.0918617868,0.9828596067,-0.0146245821
1.522635,0.580586,-0.37305,-0.181323,-0.0220103046,1.2680719479,-0.1444600508
1.523684,-1.05021,-4.239923,1.660828,-0.059258185,1.3840724896,-0.2019282091
1.524702,-0.966149,-10.175513,1.408643,-0.0188176292,1.2861637755,-0.180643706
1.52575,-0.305664,-17.044899,1.139646,0.0482285555,1.1329153534,-0.0827349919
1.526799,-0.493002,-21.309234,0.637677,0.1174031905,0.984988057,0.048164702
1.52785,-1.328815,-18.096018,2.150788,0.2025412028,0.8487672373,0.1375596149
1.528866,-0.889292,-7.213704,-0.849013,0.2099907789,0.8030055557,0.1162751118
1.529915,0.88561,0.038778,-4.016938,0.086540661,0.9679604545,-0.0103676814
1.530966,0.621416,-0.023475,-0.250975,-0.0422305825,1.2467874448,-0.1444600508
1.532013,-0.930122,-3.662885,1.680042,-0.0762857875,1.3574668608,-0.2061851097
1.533031,-0.202388,-17.665036,1.370215,0.0578065819,1.1414291546,-0.0689000649
1.534079,-0.370512,-20.665154,0.702525,0.134430793,1.0201074871,0.0598711787
1.535129,-1.360038,-17.600388,1.807336,0.211055004,0.8838866674,0.1375596149
1.536178,-1.011782,-7.663841,-1.014735,0.2078623286,0.83280386,0.1077613106
1.540344,-0.932524,-11.327195,1.564758,-0.0134965034,1.2776499742,-0.1710656796
1.541391,-0.137541,-18.148694,1.115628,0.0524854561,1.1435576049,-0.0657073894
1.542408,-0.296057,-21.227826,0.774578,0.128045442,1.0052083349,0.0598711787
1.543457,-1.372047,-17.380108,2.040307,0.2067981034,0.8668590649,0.131174264
1.544506,-0.942131,-6.971875,-1.134823,0.1982843022,0.8232258336,0.0981832842
1.545555,1.005698,0.903138,-3.675887,0.072705734,1.0009514343,-0.0273952839
1.546573,0.717486,0.888772,-0.171716,-0.0464874832,1.2787141994,-0.1519096269
1.547622,-0.956542,-4.567949,1.67764,-0.0645793108,1.3840724896,-0.1966070833
1.548671,-0.930122,-11.770149,1.583972,-0.0092396028,1.2882922258,-0.1572307527
1.549722,-0.192781,-18.134328,0.928291,0.058870807,1.1403649294,-0.0550651379
1.550769,-0.497805,-21.941342,0.829818,0.1354950181,0.9956303085,0.0609354038
1.551786,-1.415278,-16.965886,1.63681,0.2067981034,0.8572810386,0.1226604628
1.552835,-0.740383,-5.106677,-1.290938,0.1918989513,0.8157762576,0.0832841321
1.553884,0.938449,0.781026,-2.931341,0.0801553101,1.0030798846,-0.0380375354
1.554933,0.448489,-0.119249,-0.123681,-0.0305241059,1.2914849012,-0.1561665275
1.55595,-1.004577,-4.110628,1.639212,-0.0603224102,1.3851367148,-0.2029924343
1.556999,-0.906105,-11.837191,1.788122,-0.0113680531,1.2733930736,-0.1636161036
1.558048,-0.161558,-19.242911,1.019558,0.0578065819,1.1244015521,-0.048679787
1.539293,-0.927721,-3.811334,1.90821,-0.0624508605,1.3617237614,-0.2051208846
1.537227,0.837575,0.261452,-3.85602,0.0854764359,0.9956303085,-0.0220741581
1.538244,0.667049,0.797787,-0.010798,-0.0379736819,1.2584939215,-0.1519096269
1.5591,-1.384055,-15.948288,1.740086,0.2078623286,0.860473714,0.1418165155
1.560114,-0.829248,-6.334978,-1.619979,0.1855136003,0.8338680852,0.0832841321
1.561163,0.888012,0.599056,-3.022608,0.0599350322,1.0201074871,-0.0529366876
1.562215,0.491721,1.434683,-0.005995,-0.0518086089,1.2829711,-0.1753225803
1.563261,-0.99497,-4.790623,1.761702,-0.0688362114,1.365980662,-0.2136346858
1.564311,-0.956542,-13.338448,1.583972,-0.0166891789,1.2616865969,-0.1561665275
1.565328,-0.159157,-18.998688,0.544009,0.0503570058,1.1105666251,-0.0369733103
1.566377,-0.262432,-20.801632,0.930692,0.1291096672,0.9626393288,0.0822199069
1.567426,-1.059818,-15.558009,1.271743,0.2036054279,0.8338680852,0.1333027143
1.568476,-0.339289,-5.37245,-1.920199,0.1748713488,0.8359965355,0.0779630063
1.569492,1.06334,0.225537,-2.65754,0.0556781316,1.0530984668,-0.0508082373
1.570541,0.251545,-0.559809,0.471956,-0.0305241059,1.3031913779,-0.1646803287
1.571593,-0.946935,-4.970199,1.478294,-0.0443590329,1.365980662,-0.2072493349
1.572639,-0.656321,-12.136485,1.218904,0.0003384236,1.2755215239,-0.166808779
1.573656,-0.187978,-18.953195,0.752962,0.0641919328,1.1435576049,-0.0518724624
1.574705,-0.495403,-21.357121,1.394233,0.1440088193,0.9998872091,0.0779630063
1.575754,-1.307199,-15.431108,2.057119,0.2185045801,0.8636663895,0.1396880652
1.576803,-0.562653,-5.092311,-1.864959,0.1780640243,0.8540883631,0.0854125824
1.577853,1.034519,0.158496,-2.936145,0.0343936285,1.0637407184,-0.0497440121
1.57887,0.294776,-0.509528,0.894666,-0.0635150856,1.3117051792,-0.1678730042
1.579918,-1.062219,-5.257521,1.545544,-0.0688362114,1.3606595362,-0.20831356
1.58097,-0.771606,-12.663241,1.411045,-0.0071111525,1.2521085706,-0.1614876533
1.582017,-0.262432,-18.486297,0.985933,0.0716415089,1.1201446515,-0.048679787
1.583034,-0.673134,-20.985997,0.810604,0.1472014948,0.9796669312,0.0705134302
1.584082,-1.386457,-15.902795,1.70406,0.2131834543,0.8551525882,0.1301100388
1.585132,1.159411,0.56314,-3.716717,0.0482285555,1.1148235257,-0.0497440121
1.586181,0.105037,-1.136847,0.909077,-0.0528728341,1.3553384105,-0.1657445539
1.587198,-1.103049,-5.595124,1.535936,-0.0603224102,1.3808798142,-0.2040566594
1.588247,-0.632304,-12.205921,1.211699,-0.0007258016,1.2638150473,-0.1604234281
1.589296,-0.209594,-18.656296,0.997942,0.0695130586,1.1297226779,-0.048679787
1.590347,-0.716366,-21.402614,1.069995,0.1493299451,0.9924376331,0.075834556
1.591394,-1.45851,-15.522094,2.054717,0.224889931,0.8636663895,0.1333027143
1.592411,-0.452172,-4.577526,-2.124349,0.1812566997,0.8615379392,0.0747703308
1.59346,1.087358,0.570323,-3.368462,0.0343936285,1.0828967711,-0.0635789391
1.594509,0.167483,-0.986003,1.041173,-0.0656435359,1.3372465829,-0.1742583551
1.595558,-1.146281,-5.86808,1.905808,-0.0656435359,1.3925862908,-0.2019282091
1.596576,-0.682741,-12.581833,1.595981,-0.0071111525,1.2936133516,-0.1508454017
1.597624,-0.015051,-18.469537,1.09161,0.0567423567,1.1541998564,-0.0412302109
1.598674,-0.579465,-20.997969,1.288555,0.1269812169,0.9956303085,0.0737061057
1.599725,-1.78515,-15.814204,1.980262,0.1908347261,0.8402534361,0.1237246879
1.600739,-0.802829,-5.180902,-1.692032,0.1610364218,0.818968933,0.0673207548
1.601788,1.277097,1.121024,-3.092259,0.0429074297,1.0488415662,-0.0657073894
1.60284,0.506131,0.311734,0.195753,-0.0518086089,1.3404392583,-0.1795794809
1.603887,-1.059818,-5.688504,1.615195,-0.0677719862,1.4181276945,-0.2093777852
1.604904,-0.822043,-13.692811,1.66323,-0.0145607286,1.2957418019,-0.1497811766
1.605953,-0.219201,-19.934878,1.009951,0.058870807,1.1297226779,-0.0295237342
1.607002,-0.548242,-21.290079,1.154056,0.1323023427,0.9775384809,0.0843483572
1.608051,-1.28078,-14.217174,1.286153,0.1929631764,0.8519599128,0.1205320125
1.609101,-0.332084,-4.41471,-2.206009,0.1546510709,0.8594094889,0.0513573775
1.610117,1.219455,0.567929,-2.856887,0.0269440524,1.1041812742,-0.0784780913
1.611166,-1.129469,-5.449069,1.641614,-0.0677719862,1.4191919197,-0.2146989109
1.612218,-0.812436,-14.171681,1.305367,-0.0049827022,1.2882922258,-0.1497811766
1.613264,-0.23121,-20.873463,0.825015,0.0705772837,1.1350438037,-0.0199457078
1.614281,-0.617893,-20.808815,1.156458,0.1525226206,0.9807311564,0.0981832842
1.61533,-1.292788,-12.984084,0.940299,0.2046696531,0.846638787,0.1269173634
1.61638,-0.418547,-4.56316,-2.181991,0.1450730445,0.860473714,0.048164702
1.617429,0.851985,-0.112066,-2.232428,0.0141733506,1.0871536717,-0.0816707667
1.618446,0.114644,0.321311,0.65449,-0.0656435359,1.3255401062,-0.1891575073
1.619495,-0.915712,-5.216817,1.331787,-0.0603224102,1.3723660129,-0.222148487
1.620544,-0.646714,-14.360834,1.329385,-0.0071111525,1.2755215239,-0.1582949778
1.621595,-0.147148,-21.017124,0.969121,0.0631277077,1.1318511282,-0.0242026084
1.622642,-0.483395,-20.784872,1.206895,0.1493299451,0.9807311564,0.0971190591
1.62366,-1.062219,-12.55789,0.940299,0.2036054279,0.8626021643,0.1290458137
1.624709,-0.015051,-3.028382,-2.407757,0.141880369,0.8934646938,0.0513573775
1.625758,0.933645,0.254269,-1.915396,0.0205587015,1.1126950754,-0.0827349919
1.626807,-0.185576,-1.311635,1.370215,-0.0443590329,1.3031913779,-0.187029057
1.627824,-0.867677,-6.634272,0.897068,-0.0432948077,1.3223474307,-0.2125704606
1.628873,-0.358503,-14.571537,1.178074,0.0014026488,1.2531727957,-0.1476527263
1.629922,-0.072693,-19.762485,1.057986,0.0673846083,1.1467502804,-0.0188814827
1.630973,-0.661125,-19.982765,1.127637,0.1429445942,1.0094652355,0.0960548339
1.631988,-1.405671,-13.359997,1.456678,0.2036054279,0.8998500447,0.1301100388
1.633037,-0.221603,-3.179226,-2.86169,0.141880369,0.9498686269,0.0545500529
1.634086,0.936047,1.231164,-2.547059,-0.0081753776,1.1914477368,-0.0848634422
1.635135,-0.236013,-0.959665,1.778514,-0.0826711384,1.3925862908,-0.1849006066
1.636185,-1.057416,-6.888072,1.379822,-0.0581939599,1.3830082645,-0.200863984
1.637202,-0.509814,-14.612241,1.180476,0.0056595494,1.2574296963,-0.1370104747
1.638251,-0.896498,-20.696281,1.144449,0.1610364218,0.9690246797,0.0875410327
1.6393,-1.607419,-12.950563,1.012352,0.2014769776,0.8423818864,0.1098897609
1.640352,-0.091907,-2.772187,-2.818458,0.1376234684,0.8998500447,0.0290086492
1.641366,1.161812,1.578344,-2.27566,0.0035310991,1.1829339356,-0.1029552698
1.642415,-0.310468,-0.727413,1.653623,-0.0762857875,1.4096138933,-0.1934144079
1.643466,-1.266369,-7.443561,1.682444,-0.0581939599,1.4021643172,-0.2029924343
1.644513,-0.557849,-14.882802,1.194886,0.0088522248,1.2733930736,-0.1306251238
1.64553,-0.142344,-20.121637,0.553616,0.0801553101,1.1201446515,-0.0093034563
1.646579,-0.841257,-20.66276,1.399036,0.1546510709,0.9605108785,0.0939263836
1.647629,-1.566589,-12.725494,1.483098,0.2046696531,0.8359965355,0.1130824364
1.648677,-0.106318,-2.405852,-3.02501,0.1333665678,0.8913362435,0.0247517486
1.649727,1.313123,1.305388,-2.912127,-0.0081753776,1.186126611,-0.1104048459
1.650743,-0.151951,-0.995581,1.274144,-0.073093112,1.4372837473,-0.1976713085
1.651793,-1.338422,-7.13469,1.670435,-0.0518086089,1.4340910718,-0.2051208846
1.652844,-0.699553,-14.911535,1.175672,0.0056595494,1.2904206761,-0.131689349
1.65389,-0.305664,-21.124869,0.942701,0.0822837604,1.1244015521,-0.0050465557
1.654908,-0.81724,-20.842336,1.274144,0.1599721966,0.9615751036,0.1013759597
1.655957,-1.237548,-11.710291,0.973924,0.2036054279,0.8306754097,0.1141466615
1.657006,0.0546,-2.226276,-2.472605,0.141880369,0.8796297668,0.0194306229
1.658055,1.358757,0.840885,-2.43898,0.0088522248,1.178677035,-0.1157259717
1.659072,0.066609,-1.294874,1.069995,-0.0645793108,1.4436690982,-0.2029924343
1.660121,-1.160692,-7.527364,1.610391,-0.0464874832,1.448990224,-0.2104420103
1.66117,-0.538635,-15.215617,1.235716,0.0141733506,1.310640954,-0.1370104747
1.662221,-0.106318,-20.48079,0.916282,0.0854764359,1.151007181,-0.0124961318
1.663236,-0.908507,-20.080933,1.644016,0.1642290973,0.9881807325,0.0939263836
1.664285,-0.127934,-2.738666,-2.503827,0.1376234684,0.8934646938,0.0236875235
1.665334,1.317927,1.489753,-2.419766,-0.0028542519,1.164842108,-0.1135975214
1.666384,-0.127934,-0.734597,1.156458,-0.073093112,1.4042927675,-0.2093777852
1.667433,-1.396064,-7.869755,1.478294,-0.059258185,1.3979074166,-0.2146989109
1.66845,-0.853266,-15.7735,1.293359,0.0003384236,1.2467874448,-0.131689349
1.669499,-0.238415,-20.499944,0.656892,0.0758984095,1.0828967711,-0.0018538802
1.670548,-0.740383,-20.313185,1.139646,0.1589079715,0.9349694748,0.1013759597
1.671599,-1.244753,-12.641692,1.156458,0.2067981034,0.8381249858,0.1141466615
1.672614,0.287571,-1.831208,-2.890511,0.1323023427,0.9275198987,0.0194306229
1.673663,1.233865,2.282283,-2.165179,-0.0007258016,1.2116680147,-0.1210470974
1.674712,-0.19038,-1.503182,1.495107,-0.0571297347,1.4191919197,-0.2093777852
1.675761,-0.939729,-8.786791,1.074798,-0.0358452316,1.3979074166,-0.2104420103
1.676779,-0.353699,-16.178145,0.942701,0.0152375758,1.2648792724,-0.1295608987
1.677828,0.028181,-20.631634,0.73615,0.0854764359,1.1297226779,-0.0018538802
1.678877,-0.716366,-19.851076,1.67764,0.169550223,1.0030798846,0.10350441
1.679926,-1.251959,-11.636066,1.125235,0.2121192292,0.9126207465,0.1215962376
1.680977,0.268357,-1.342761,-2.940948,0.1269812169,0.9860522821,0.0268801989
1.681992,0.96727,2.040454,-1.519105,-0.0092396028,1.2499801203,-0.1189186471
1.683041,-0.538635,-1.536703,1.387027,-0.0709646617,1.4511186743,-0.2104420103
1.684093,-1.271173,-9.052564,1.521526,-0.0486159335,1.4234488203,-0.20831356
1.685139,-0.682741,-16.831802,1.442268,0.0152375758,1.2680719479,-0.1210470974
1.686156,-0.257629,-21.227826,0.402305,0.0886691114,1.1041812742,0.0087883713
1.687205,-0.992568,-19.604458,1.761702,0.1716786733,0.9530613024,0.10350441
1.688254,-1.49934,-10.819593,0.894666,0.2089265537,0.8540883631,0.1045686351
1.689303,0.008967,-1.80487,-3.185928,0.1216600911,0.9530613024,0.0013387952
1.69032,-0.332084,-0.816004,1.043575,-0.0645793108,1.4617609258,-0.2210842619
1.69137,-1.103049,-9.033409,1.024361,-0.045423258,1.4372837473,-0.2146989109
1.692419,-0.560251,-17.327432,1.351001,0.0163018009,1.2819068749,-0.117854422
1.69347,-0.075095,-20.935716,0.652088,0.092926012,1.1180162012,0.0162379474
1.694517,-0.841257,-19.149532,1.713667,0.175935574,0.9690246797,0.1120182112
1.695534,-1.343225,-10.723819,1.03637,0.211055004,0.8679232901,0.1098897609
1.696583,0.330803,-1.436141,-3.173919,0.1237885414,0.9594466533,-0.0018538802
1.697632,1.190634,1.633414,-1.495087,-0.0060469273,1.241466319,-0.1412673753
1.698681,-0.310468,-1.706702,1.456678,-0.0560655095,1.4383479725,-0.2146989109
1.699698,-1.083835,-9.323125,1.079602,-0.0347810065,1.4064212178,-0.2061851097
1.700748,-0.497805,-17.181377,1.120432,0.0226871518,1.2638150473,-0.1157259717
1.701797,-0.137541,-21.397825,0.457545,0.1035682635,1.1158877509,0.0183663977
1.702848,-0.83165,-19.2477,1.533535,0.1844493752,0.9796669312,0.1162751118
1.703863,-1.09104,-9.801995,0.306234,0.2089265537,0.9009142699,0.1088255358
1.704912,0.551765,-0.440092,-3.48855,0.1120820647,1.0233001625,-0.0029181054
1.705961,1.015305,1.657358,-1.101198,-0.0209460795,1.3095767289,-0.1359462496
1.70701,-0.620295,-2.611766,1.627203,-0.0603224102,1.4670820516,-0.2061851097
1.708059,-1.103049,-10.110866,1.49991,-0.0198818543,1.4000358669,-0.1934144079
1.709076,-0.298459,-17.346587,1.259734,0.0418432046,1.2574296963,-0.1018910447
1.710126,-0.106318,-21.194305,0.659293,0.1184674157,1.1126950754,0.0247517486
1.711175,-1.223137,-18.653902,1.965852,0.197220077,0.9605108785,0.1066970855
1.712226,-1.523358,-9.349463,0.282217,0.2099907789,0.8657948398,0.0907337082
1.713241,0.426873,-0.037841,-3.111473,0.1088893893,0.9913734079,-0.0178172575
1.71429,1.058537,2.07158,-1.012333,-0.0145607286,1.3031913779,-0.1412673753
1.715342,-0.596277,-3.078664,1.259734,-0.0571297347,1.4883665547,-0.2040566594
1.716388,-0.16396,-17.2987,0.928291,0.0354578537,1.2521085706,-0.0923130183
1.717406,0.088225,-20.301213,0.323047,0.1088893893,1.0882178969,0.0173021725
1.718455,-1.194316,-19.214179,2.059521,0.1855136003,0.9413548257,0.0864768075
1.719504,-1.506545,-10.04143,0.731346,0.2078623286,0.8679232901,0.0737061057
1.720552,0.501328,0.469761,-3.193133,0.1174031905,1.0041441098,-0.0295237342
1.721602,1.101768,2.279888,-1.547926,-0.0007258016,1.3180905301,-0.1444600508
1.722619,-0.50501,-2.803314,0.978728,-0.0507443838,1.5117795081,-0.1976713085
1.723668,-1.107853,-10.266498,1.391831,-0.0305241059,1.4457975485,-0.1785152557
1.724719,-0.392128,-17.882921,1.49991,0.0290725027,1.2723288485,-0.0880561177
1.725766,-0.183174,-22.135284,1.007549,0.1078251641,1.1137593006,0.0364582253
1.726783,-1.095844,-18.141511,1.84096,0.18338515,0.9647677791,0.1098897609
1.727832,-1.326413,-7.690179,0.503179,0.1940274016,0.8572810386,0.0779630063
1.728881,0.328401,-0.320374,-2.222821,0.1088893893,0.9519970772,-0.0369733103
1.72993,1.149804,1.006095,-0.971503,0.00991645,1.2542370209,-0.1519096269
1.730947,-0.209594,-2.55909,0.404707,-0.0305241059,1.4713389522,-0.2061851097
1.731997,-1.103049,-10.920156,1.411045,-0.017753404,1.4415406479,-0.180643706
1.733045,-0.488198,-18.42165,1.545544,0.0397147543,1.2808426497,-0.0784780913
1.734097,-0.094309,-20.770506,0.275011,0.1131462899,1.1180162012,0.0439078014
1.735112,-1.122263,-17.437572,1.735283,0.1855136003,0.9754100306,0.1109539861
1.736161,-1.384055,-8.717355,0.003612,0.1918989513,0.8966573692,0.0800914566
1.73721,0.460498,-0.430514,-3.159509,0.086540661,1.026492838,-0.03484486
1.738259,0.904824,1.75792,-0.531981,-0.0209460795,1.3212832055,-0.1540380772
1.739308,-0.665929,-2.765004,1.057986,-0.0464874832,1.4926234553,-0.20831356
1.740325,-1.081433,-11.111703,0.688114,-0.0113680531,1.4266414958,-0.1817079312
1.741375,-0.356101,-18.187004,1.014754,0.0556781316,1.2521085706,-0.0827349919
1.742424,-1.023791,-17.830246,1.63681,0.2046696531,0.9413548257,0.1003117345
1.743475,-0.946935,-7.455533,0.08287,0.2099907789,0.9030427202,0.0683849799
1.74449,0.669451,0.175256,-3.490952,0.1014398132,1.0754471951,-0.0444228864
1.745539,0.667049,0.814547,-0.311019,-0.017753404,1.3564026356,-0.1551023023
1.746589,-0.819641,-3.279789,1.94904,-0.0443590329,1.4681462768,-0.2029924343
1.747637,-0.841257,-10.855508,0.930692,-0.003918477,1.3819440393,-0.1795794809
1.748655,-0.022256,-18.481508,1.338992,0.058870807,1.2531727957,-0.0784780913
1.749704,-0.142344,-21.517542,0.969121,0.1376234684,1.123337327,0.0471004769
1.750753,-1.25436,-17.377714,1.78572,0.2099907789,0.9743458055,0.1109539861
1.751802,-1.23995,-7.608771,-0.051628,0.1982843022,0.8998500447,0.0726418805
1.752852,0.561372,0.412296,-3.24357,0.079091085,1.0616122681,-0.0433586612
1.753868,0.748709,1.489753,-0.270189,-0.0252029801,1.3627879865,-0.1540380772
1.754917,-0.91331,-3.564717,1.415848,-0.0422305825,1.5032657068,-0.1966070833
1.755968,-1.232744,-11.624094,0.957112,-0.0092396028,1.4170634694,-0.166808779
1.757015,-0.356101,-18.835872,1.319778,0.0524854561,1.2435947693,-0.0710285152
1.758032,-0.199987,-21.934159,0.560821,0.1301738923,1.0754471951,0.0428435762
1.759081,-1.079032,-16.84138,1.689649,0.1982843022,0.9275198987,0.0971190591
1.76013,-0.882087,-6.490611,-0.130886,0.1993485273,0.8721801907,0.0566785032
1.761179,0.90002,-0.068968,-3.133089,0.100375588,1.0605480429,-0.0508082373
1.762196,0.936047,0.500887,-0.568007,-0.0049827022,1.3925862908,-0.152973852
1.763245,-0.651518,-3.763448,1.03637,-0.0358452316,1.5415778124,-0.1997997588
1.764294,-0.877284,-11.537897,1.03637,-0.0007258016,1.448990224,-0.1721299048
1.768459,0.669451,1.04201,-2.969769,0.1014398132,1.0743829699,-0.048679787
1.766393,-0.36811,-21.673175,0.289422,0.1429445942,1.1084381748,0.0385866756
1.76741,-1.477724,-17.595599,1.632007,0.2142476795,0.9562539778,0.0960548339
1.765346,-0.168764,-18.419255,0.964317,0.065256158,1.2776499742,-0.0731569655
1.769507,0.448489,0.63976,0.152521,-0.0007258016,1.3723660129,-0.1540380772
1.770557,-1.083835,-3.820912,1.632007,-0.0294598807,1.4979445811,-0.194478633
1.771574,-1.086237,-11.221843,1.146851,0.0024668739,1.4011000921,-0.1625518784
1.772623,-0.356101,-19.092067,1.314974,0.0641919328,1.227631392,-0.062514714
1.773672,-0.372914,-22.781759,1.007549,0.134430793,1.0616122681,0.0577427284
1.774724,-1.124665,-17.210109,1.920218,0.1982843022,0.9253914484,0.1109539861
1.775738,-0.70916,-5.930333,-0.404687,0.1844493752,0.8987858195,0.0566785032
1.776787,0.88561,1.049193,-2.825664,0.0758984095,1.1020528239,-0.0657073894
1.777836,0.621416,1.185671,-0.044423,-0.0188176292,1.4064212178,-0.1742583551
1.778885,-0.793222,-4.165698,1.187681,-0.0390379071,1.5224217596,-0.2146989109
1.779934,-0.810034,-12.718311,1.09161,-0.003918477,1.4181276945,-0.1763868054
1.780952,0.016172,-19.829527,1.050781,0.058870807,1.2510443454,-0.0646431643
1.78305,-1.189513,-15.548431,1.771309,0.2121192292,0.943483276,0.1162751118
1.784102,-0.836454,-6.323006,-0.798576,0.1940274016,0.8892077932,0.0651923045
1.785116,1.087358,0.141735,-3.037019,0.0769626347,1.0807683208,-0.0582578134
1.782001,-0.039069,-21.321206,0.707329,0.1376234684,1.095667473,0.0609354038
1.786165,0.813557,1.15215,-0.375866,-0.0166891789,1.3893936154,-0.17319413
1.787217,-0.958944,-4.072318,0.887461,-0.0369094568,1.5213575344,-0.2178915864
1.788263,-1.206325,-12.967324,1.437464,0.0035310991,1.4234488203,-0.1710656796
1.789281,-0.416145,-19.515867,0.978728,0.0758984095,1.2489158951,-0.0508082373
1.791379,-1.268771,-15.979414,1.915415,0.2238257059,0.9456117263,0.117339337
1.790329,-0.305664,-20.847125,0.356671,0.1525226206,1.0892821221,0.0683849799
1.792428,-0.982961,-6.674975,-0.98111,0.2025412028,0.9083638459,0.0630638542
1.793445,0.787138,0.407508,-3.128286,0.0695130586,1.1095024,-0.0646431643
1.794494,0.568577,1.022855,0.474358,-0.0294598807,1.4064212178,-0.1742583551
1.795543,-0.834052,-12.622537,1.134842,0.0045953242,1.4372837473,-0.1678730042
1.796594,-0.132737,-19.841498,1.382224,0.072705734,1.2808426497,-0.0561293631
1.797641,-0.372914,-21.658809,1.106021,0.1546510709,1.1244015521,0.0641280793
1.798658,-1.549777,-15.70167,1.876987,0.2174403549,0.9668962294,0.1109539861
1.799707,-1.038202,-5.295831,-0.904254,0.1897705009,0.9136849717,0.0534858278
1.800756,0.948056,0.898349,-3.029813,0.0780268598,1.1073739497,-0.0752854158
1.801805,0.645434,0.318917,0.138111,-0.0081753776,1.4021643172,-0.1795794809
1.802823,-0.949336,-4.816961,0.949907,-0.0305241059,1.5139079584,-0.2093777852
1.803872,-0.956542,-12.66803,1.206895,0.0035310991,1.4106781185,-0.1657445539
1.804921,-0.135139,-19.400938,1.072396,0.0705772837,1.2425305442,-0.0561293631
1.805972,-0.264834,-21.663598,0.347064,0.1461372696,1.0903463472,0.0641280793
1.806987,-1.283181,-16.036879,2.210832,0.2163761298,0.9551897527,0.117339337
1.808036,-0.723571,-5.082734,-1.192465,0.1876420506,0.929648349,0.061999629
1.809085,1.04893,1.389191,-3.459729,0.0546139064,1.1435576049,-0.0689000649
1.810134,0.587791,0.615816,0.606455,-0.0358452316,1.4362195221,-0.1763868054
1.811183,-0.918114,-4.857665,1.103619,-0.0358452316,1.5298713357,-0.20831356
1.8122,-0.939729,-13.20197,1.062789,0.00991645,1.4159992442,-0.1636161036
1.813249,-0.394529,-20.837547,1.216502,0.086540661,1.2478516699,-0.0476155618
1.814298,-0.632304,-22.149651,0.798596,0.1738071236,1.0924747975,0.0726418805
1.81535,-1.412877,-14.078301,1.523928,0.2291468316,0.9466759515,0.1109539861
1.816365,-0.605884,-3.782602,-1.499891,0.1908347261,0.9200703226,0.0407151259
1.817414,0.957663,0.534408,-2.49422,0.0716415089,1.1488787307,-0.0880561177
1.818463,0.268357,-0.272487,0.551214,-0.0230745298,1.4426048731,-0.1912859576
1.819512,-1.021389,-5.094705,1.242921,-0.0358452316,1.5309355608,-0.2200200367
1.820529,-0.79082,-13.067886,1.353403,0.0120449003,1.4245130455,-0.1678730042
1.821578,-0.322477,-21.134447,1.139646,0.1546510709,1.095667473,0.0779630063
1.822627,-1.475322,-15.660966,2.460615,0.2312752819,0.9615751036,0.1279815885
1.823676,-0.807633,-5.180902,-1.504694,0.1918989513,0.9498686269,0.0630638542
1.824728,1.068144,2.239184,-3.18833,0.0492927807,1.1605852073,-0.0827349919
1.825742,0.424471,1.544823,0.685713,-0.0411663574,1.4287699461,-0.1987355336
1.826791,-1.030996,-5.547237,1.394233,-0.0422305825,1.4979445811,-0.2253411625
1.827842,-0.843659,-14.889986,1.033968,0.0045953242,1.3787513638,-0.1636161036
1.828889,-0.106318,-21.14163,1.110825,0.0812195353,1.2212460411,-0.0327164097
1.829906,-0.36811,-21.139235,0.760167,0.1631648721,1.0765114202,0.089669483
1.830955,-1.319208,-14.255483,1.312573,0.2163761298,0.9413548257,0.1247889131
1.832004,-0.32728,-3.598237,-1.843343,0.169550223,0.9541255275,0.0492289272
1.833053,1.332338,2.562422,-2.852083,0.0482285555,1.2148606902,-0.0912487931
1.83407,0.347615,0.359621,0.70973,-0.0252029801,1.4873023295,-0.1997997588
1.835119,-1.086237,-6.931171,1.334188,-0.0241387549,1.5277428854,-0.2200200367
1.836168,-0.814838,-15.016886,1.252529,0.0216229267,1.3947147412,-0.1540380772
1.83722,-0.161558,-20.545437,0.685713,0.0854764359,1.227631392,-0.0273952839
1.838267,-0.485796,-20.602901,1.387027,0.1631648721,1.0765114202,0.089669483
1.839284,-1.489733,-13.350419,2.239653,0.2259541562,0.9477401766,0.1215962376
1.840333,-0.646714,-3.823306,-1.994654,0.1706144482,0.9626393288,0.0417793511
1.841381,1.04893,1.068348,-2.43898,0.0333294034,1.2212460411,-0.0965699189
1.842431,0.287571,0.613422,0.930692,-0.0464874832,1.4958161307,-0.2051208846
1.843447,-1.103049,-5.971037,1.033968,-0.0464874832,1.5330640111,-0.2349191889
1.844496,-0.918114,-15.641811,1.550347,0.0088522248,1.3989716418,-0.1657445539
1.845545,-0.233611,-20.971631,0.827417,0.0907975617,1.2393378687,-0.0273952839
1.846597,-1.554581,-13.668868,1.886594,0.2291468316,0.9264556735,0.1215962376
1.847612,-0.411342,-3.504858,-2.568675,0.1716786733,0.9466759515,0.0385866756
1.84866,1.555701,2.081157,-3.308418,0.0258798273,1.2329525178,-0.104019495
1.849709,0.494123,0.031595,0.853836,-0.0486159335,1.5288071105,-0.2061851097
1.850759,-1.179906,-6.928776,1.206895,-0.0411663574,1.573504567,-0.222148487
1.851807,-0.932524,-15.299419,1.283751,0.0088522248,1.4234488203,-0.1508454017
1.852825,-0.28645,-20.851914,0.969121,0.086540661,1.2457232196,-0.0199457078
1.853874,-0.725973,-20.533465,1.351001,0.1748713488,1.0860894466,0.0939263836
1.854923,-1.729909,-13.211547,2.157993,0.2344679574,0.9381621502,0.1141466615
1.855974,-0.596277,-2.961341,-1.89378,0.1738071236,0.9339052496,0.0247517486
1.856989,1.387578,2.378057,-2.47981,0.0397147543,1.1797412601,-0.1135975214
1.858038,0.590193,-0.16953,0.498375,-0.0347810065,1.4660178264,-0.2061851097
1.859087,-0.958944,-7.898488,0.844229,-0.0411663574,1.531999786,-0.2146989109
1.860136,-0.778811,-16.14223,1.937031,0.0024668739,1.4053569927,-0.1402031502
1.861153,-0.070292,-20.847125,0.901871,0.0801553101,1.2478516699,-0.0124961318
1.862202,-0.601081,-20.226989,1.014754,0.162100647,1.1031170491,0.0907337082
1.863251,-1.710695,-13.197181,1.7593,0.2163761298,0.9658320042,0.0992475094
1.8643,-0.4906,-2.690779,-2.374132,0.1525226206,0.9903091828,0.0087883713
1.865317,1.260285,3.074812,-2.01627,0.0216229267,1.2542370209,-0.117854422
1.866366,0.145867,0.132158,0.83222,-0.0358452316,1.5053941571,-0.1976713085
1.867415,-1.249557,-8.408484,0.640079,-0.0305241059,1.5266786602,-0.1966070833
1.868464,-0.73558,-16.618705,1.264537,0.0184302512,1.3755586884,-0.1157259717
1.869513,-0.036667,-20.86628,0.529598,0.0982471377,1.1903835117,0.0013387952
1.87053,-0.692348,-20.210228,1.082003,0.1716786733,1.0318139638,0.0811556818
1.871579,-1.420082,-12.718311,1.627203,0.2078623286,0.9264556735,0.0768987812
1.872628,-0.012649,-2.214304,-2.395748,0.1386876936,1.0233001625,-0.0114319066
1.873677,-0.315271,-0.523894,1.807336,-0.0518086089,1.5777614676,-0.1997997588
1.874694,-1.115058,-8.123556,0.87305,-0.0358452316,1.5575411897,-0.1987355336
1.875743,-0.382521,-16.077582,0.846631,0.0152375758,1.3957789663,-0.1263682232
1.876792,0.011368,-21.505571,0.743355,0.0907975617,1.2127322399,-0.0093034563
1.877843,-0.721169,-20.981208,1.11803,0.1738071236,1.0456488908,0.0822199069
1.879907,-0.029462,-1.148819,-2.676754,0.1440088193,0.9839238318,-0.0103676814
1.878858,-1.415278,-11.80367,1.341394,0.2153119046,0.9179418723,0.0822199069
1.880956,1.30832,2.454676,-2.299678,0.0226871518,1.2978702522,-0.125303998
1.882005,-0.099113,-0.861497,1.067593,-0.0337167813,1.55966964,-0.1912859576
1.883055,-1.37685,-8.322287,1.230913,-0.0283956555,1.553284289,-0.187029057
1.884071,-0.759597,-16.714479,1.67764,0.0184302512,1.3904578405,-0.1125332962
1.88512,-0.207192,-22.322044,0.952308,0.0918617868,1.206346889,0.0055956959
1.886169,-0.843659,-20.250932,1.300564,0.1599721966,1.0381993147,0.0843483572
1.88722,-1.451305,-10.331146,1.384625,0.1823209249,0.9168776472,0.0683849799
1.888235,-0.079899,-0.899807,-2.001859,0.1163389653,0.9924376331,-0.0284595091
1.889284,1.135393,2.105101,-1.562337,0.0152375758,1.2957418019,-0.1348820244
1.890333,-0.111121,-1.682759,0.512786,-0.0390379071,1.5405135872,-0.1934144079
1.891382,-0.978158,-9.327914,0.923487,-0.0294598807,1.5330640111,-0.187029057
1.892399,-0.166362,-16.616311,1.206895,0.0269440524,1.3776871387,-0.1146617465
1.893448,0.251545,-21.610922,0.195753,0.0993113629,1.2095395644,-0.0039823305
1.894497,-0.730776,-20.013892,1.487901,0.1706144482,1.0626764932,0.0768987812
1.895546,-1.386457,-10.266498,0.973924,0.2067981034,0.9605108785,0.0726418805
1.896597,0.061805,-0.897412,-2.967368,0.1333665678,1.0594838178,-0.021009933
1.897612,0.933645,1.844117,-1.507096,0.0120449003,1.3713017878,-0.1327535741
1.898661,-0.485796,-1.081777,1.127637,-0.0358452316,1.587339494,-0.1966070833
1.89971,-0.622697,-17.552501,1.326983,0.0301367279,1.3713017878,-0.1135975214
1.900759,-0.175969,-22.278945,1.096414,0.1078251641,1.1903835117,0.0130452719
1.901776,-0.870078,-19.116011,1.468687,0.1823209249,1.0286212883,0.0907337082
1.902825,-1.492135,-10.15157,1.206895,0.1993485273,0.9200703226,0.0683849799
1.903874,-0.022256,-1.318818,-2.410159,0.114210515,1.0211717122,-0.0316521845
1.904923,1.04893,2.224818,-1.509498,-0.0017900267,1.3361823577,-0.1433958257
1.90594,-0.324878,-1.275719,1.463884,-0.0486159335,1.5617980903,-0.2019282091
1.906989,-1.062219,-9.325519,1.03637,-0.0347810065,1.5383851369,-0.1923501827
1.908038,-0.209594,-17.159828,1.24052,0.0194944764,1.3893936154,-0.1104048459
1.909087,0.097832,-21.658809,0.604053,0.0993113629,1.2265671669,0.0077241462
1.910136,-0.975756,-19.807978,1.235716,0.1738071236,1.0648049435,0.0886052578
1.911153,-1.585803,-10.350301,1.106021,0.2014769776,0.9456117263,0.0737061057
1.912202,0.090627,-0.413754,-2.921734,0.1227243163,1.0339424141,-0.0327164097
1.913251,1.255481,2.615097,-1.684827,0.0024668739,1.3436319338,-0.1444600508
1.9143,-0.183174,-1.172762,1.014754,-0.0379736819,1.573504567,-0.1976713085
1.915318,-1.21353,-9.442842,0.796194,-0.0220103046,1.5511558387,-0.180643706
1.916367,-0.591474,-18.574888,1.70406,0.0312009531,1.3872651651,-0.0912487931
1.917416,-0.120729,-22.709928,0.906675,0.1174031905,1.2095395644,0.0300728744
1.918465,-0.810034,-18.258834,1.057986,0.1812566997,1.0424562153,0.089669483
1.919482,-1.297592,-8.837072,0.728944,0.1876420506,0.9307125742,0.0471004769
1.920531,0.090627,-0.816004,-2.335704,0.1088893893,1.0499057914,-0.0571935882
1.92158,0.921636,2.255945,-1.074779,0.0014026488,1.3808798142,-0.1561665275
1.922629,-0.478591,-2.240642,1.125235,-0.0422305825,1.5862752688,-0.2019282091
1.923646,-1.079032,-10.869874,1.026763,-0.0156249537,1.5341282363,-0.1763868054
1.924695,-0.091907,-17.327432,0.918684,0.0471643304,1.3702375626,-0.0891203428
1.926793,-1.451305,-9.938473,0.690516,0.2121192292,0.9424190508,0.0577427284
1.925744,-0.99497,-19.092067,1.535936,0.1908347261,1.0328781889,0.0790272315
1.927844,0.297178,-0.176713,-3.099464,0.114210515,1.0892821221,-0.0433586612
1.928859,0.921636,2.888053,-1.1036,-0.0071111525,1.4223845951,-0.1519096269
1.929908,-0.788418,-1.929376,1.612793,-0.0390379071,1.6096882222,-0.1976713085
1.930957,-1.331217,-10.656777,0.997942,-0.0134965034,1.5373209117,-0.1710656796
1.932006,-0.365708,-18.266017,1.163663,0.0386505291,1.352145735,-0.0806065416
1.933023,-0.029462,-21.919793,0.760167,0.1131462899,1.164842108,0.0268801989
1.934072,-0.997372,-19.345868,1.370215,0.18338515,1.0073367852,0.0790272315
1.935121,-1.249557,-9.272844,0.767373,0.1929631764,0.9328410245,0.0396509008
1.93617,0.546961,1.544823,-2.499024,0.1046324887,1.0828967711,-0.0678358397
1.937187,0.984082,2.911996,-0.98111,0.0035310991,1.4064212178,-0.1657445539
1.938236,-0.685143,-3.866405,1.439866,-0.0262672052,1.5969175203,-0.1923501827
1.939285,-0.966149,-11.229026,0.916282,-0.0049827022,1.5330640111,-0.159359203
1.940334,0.073814,-17.442361,1.127637,0.0461001052,1.3595953111,-0.0795423164
1.941383,0.148269,-21.931765,0.892264,0.1152747402,1.1903835117,0.020494848
1.9424,-1.119862,-19.183053,1.701658,0.1780640243,1.0371350895,0.0790272315
1.94345,-1.297592,-8.166655,0.721739,0.1801924746,0.9541255275,0.0513573775
1.944499,0.537354,1.013278,-2.477408,0.0939902371,1.095667473,-0.048679787
1.945548,0.938449,2.160171,-0.846612,-0.0028542519,1.4181276945,-0.1497811766
1.946564,-0.661125,-2.66923,0.868247,-0.0464874832,1.6054313216,-0.1955428582
1.947614,-1.215932,-11.298463,0.841827,-0.0294598807,1.531999786,-0.17319413
1.948662,-0.454573,-19.403333,1.367813,0.0418432046,1.3436319338,-0.0784780913
1.949712,-0.144746,-22.185566,0.347064,0.1216600911,1.1627136577,0.0332655499
1.950729,-1.026193,-17.600388,1.40384,0.1844493752,1.0094652355,0.0822199069
1.951778,-1.242351,-7.994262,0.325448,0.1940274016,0.9488044018,0.0364582253
1.952827,0.758316,2.33017,-0.736131,-0.0156249537,1.4787885283,-0.1636161036
1.953876,-0.81724,-2.805708,1.456678,-0.0443590329,1.6458718774,-0.1987355336
1.954925,-1.103049,-11.501982,0.760167,-0.0145607286,1.5543485142,-0.1678730042
1.955942,-0.221603,-18.924463,1.29576,0.0461001052,1.3649164368,-0.0731569655
1.956991,-0.106318,-21.701907,0.868247,0.1248527666,1.1903835117,0.0385866756
1.95804,-1.237548,-17.902076,1.387027,0.1950916267,1.0243643877,0.0886052578
1.959089,-1.504144,-8.528201,0.604053,0.197220077,0.9264556735,0.0407151259
1.960107,0.441284,0.730745,-2.703174,0.0950544623,1.0775756454,-0.0742211907
1.961156,1.149804,2.964672,-1.13002,-0.003918477,1.4128065688,-0.1763868054
1.962204,-0.538635,-3.284578,0.853836,-0.0294598807,1.6096882222,-0.2093777852
1.963253,-1.19912,-12.809297,0.973924,-0.0060469273,1.553284289,-0.1646803287
1.96532,0.145867,-20.583747,0.181343,0.128045442,1.2020899883,0.0502931523
1.964271,-0.195183,-18.857421,1.569561,0.0556781316,1.3776871387,-0.0593220385
1.966369,-1.011782,-17.868555,1.538338,0.1950916267,1.0467131159,0.0939263836
1.967418,-1.170299,-8.351019,0.539205,0.1950916267,0.9743458055,0.0460362517
1.968469,0.741504,1.370036,-3.017805,0.0907975617,1.1297226779,-0.0657073894
1.969484,1.077751,2.509746,-0.35425,-0.0049827022,1.4479259988,-0.1614876533
1.970533,-0.625099,-4.007671,1.079602,-0.0294598807,1.6256515995,-0.1880932821
1.971582,-1.002175,-12.510003,0.841827,-0.0049827022,1.5490273884,-0.145524276
1.972631,-0.168764,-19.190236,1.603186,0.065256158,1.3627879865,-0.0518724624
1.973649,-0.255227,-21.85754,0.32785,0.1450730445,1.1818697104,0.0396509008
1.974698,-1.460912,-17.365742,1.113226,0.2004127525,1.0190432619,0.0630638542
1.975746,-1.314404,-6.959903,0.19095,0.197220077,0.9626393288,0.0109168216
1.976796,0.5998,1.288628,-2.777628,0.106760939,1.172291684,-0.083799217
1.977813,0.515738,1.774681,-0.363857,0.0067237745,1.4990088062,-0.1614876533
1.978862,-0.908507,-11.990429,0.692918,0.0131091254,1.5000730314,-0.1444600508
1.979911,0.155474,-18.452776,0.928291,0.0748341844,1.3202189804,-0.0571935882
1.98096,-0.127934,-22.51838,0.676106,0.1450730445,1.1531356313,0.0375224505
1.982009,-1.191914,-18.129539,1.610391,0.2046696531,1.012657911,0.075834556
1.983026,-0.798025,-5.568786,-0.145297,0.18338515,0.9903091828,0.0247517486
1.984075,0.72229,2.210452,-2.859288,0.0758984095,1.2127322399,-0.083799217
1.985124,0.229929,1.130601,0.683311,-0.003918477,1.5149721835,-0.1646803287
1.986173,-1.304797,-4.527245,1.687247,-0.0156249537,1.5894679443,-0.1849006066
1.98719,-1.002175,-12.531552,0.611258,0.0088522248,1.4596324755,-0.1487169514
1.988239,0.023377,-19.52305,1.528731,0.0673846083,1.2925491264,-0.0518724624
1.989289,-0.048676,-22.197537,0.416715,0.1376234684,1.1329153534,0.0492289272
1.990337,-1.069425,-17.090392,1.348599,0.1897705009,0.9881807325,0.0811556818
1.991355,-0.733178,-5.793855,-0.375866,0.1716786733,0.9732815803,0.0236875235
1.992404,1.132991,2.485802,-3.507764,0.065256158,1.2318882926,-0.0827349919
1.993453,0.633425,1.808202,0.16453,-0.0188176292,1.5745687921,-0.1625518784
1.994502,-1.235146,-5.501745,1.680042,-0.0188176292,1.6714132811,-0.1753225803
1.995519,-0.795624,-13.649713,0.786587,0.0205587015,1.5373209117,-0.1274324483
1.996568,0.239536,-19.432065,1.202092,0.0854764359,1.3425677086,-0.0369733103
1.997617,-0.300861,-21.586979,0.443135,0.14826572,1.1531356313,0.0428435762
1.998666,-1.448903,-16.503776,1.672837,0.1908347261,0.9977587588,0.0609354038
1.999715,-0.891694,-5.221606,-0.042021,0.1823209249,0.9817953815,0.0055956959
2.000732,0.912029,2.488197,-2.957761,0.0918617868,1.2180533656,-0.090184568
2.001781,0.484516,1.168911,-0.21735,-0.0017900267,1.545834713,-0.1604234281
2.002831,-1.086237,-5.468224,1.178074,-0.0294598807,1.6575783541,-0.1700014545
2.003879,-0.742785,-13.067886,0.978728,0.0056595494,1.5245502099,-0.1274324483
2.004896,-0.358503,-22.724294,0.901871,0.1514583954,1.1552640816,0.048164702
2.005946,-1.547375,-16.230821,1.67764,0.2078623286,1.0062725601,0.0683849799
2.006995,-1.064621,-4.793017,-0.577614,0.1908347261,0.9871165073,0.0045314707
2.009061,0.277964,1.968623,0.279815,-0.0007258016,1.5405135872,-0.1753225803
2.008044,0.772727,2.653407,-2.837672,0.0854764359,1.2318882926,-0.0997625944
2.01011,-1.299994,-5.295831,1.086807,-0.0188176292,1.6192662486,-0.1880932821
2.011159,-0.932524,-14.332102,0.719337,0.0088522248,1.4862381044,-0.1327535741
2.012208,0.0546,-20.320368,1.283751,0.0758984095,1.2989344773,-0.0252668336
2.013257,-0.154353,-21.261347,0.349466,0.1472014948,1.1318511282,0.0662565296
2.014275,-1.299994,-16.024907,1.680042,0.2057338783,0.998822984,0.0811556818
2.015323,-0.829248,-5.281465,-0.43591,0.1844493752,0.9977587588,0.0109168216
2.016372,1.060938,3.237628,-3.133089,0.0684488334,1.2478516699,-0.1050837201
2.017421,0.453293,1.784258,0.375885,-0.0113680531,1.5617980903,-0.1859648318
2.018439,-1.242351,-6.45709,1.161262,-0.0124322782,1.6469361026,-0.1934144079
2.019488,-0.788418,-14.72717,0.733748,0.0258798273,1.518164859,-0.1338177993
2.020537,0.239536,-20.236566,1.235716,0.0939902371,1.3404392583,-0.0263310588
2.021586,-0.20479,-21.25177,0.452742,0.1684859979,1.178677035,0.0694492051
2.022605,-1.45851,-15.579558,1.360608,0.2216972556,1.0307497386,0.0854125824
2.023652,-0.704357,-4.474569,-1.04836,0.18338515,1.0201074871,0.0141094971
2.024701,1.161812,3.390866,-2.700772,0.0631277077,1.2680719479,-0.0986983692
2.02575,0.345213,1.585527,0.719337,-0.0134965034,1.567119216,-0.1774510306
2.026799,-1.283181,-6.765961,1.228511,-0.017753404,1.6394865265,-0.180643706
2.027816,-0.800427,-15.146181,1.178074,0.0258798273,1.5085868326,-0.1157259717
2.028865,0.088225,-20.282059,1.163663,0.1025040383,1.324475881,-0.0114319066
2.029914,-0.454573,-21.390642,0.623267,0.1748713488,1.1573925319,0.0662565296
2.030963,-0.625099,-3.361197,-1.120412,0.1823209249,1.0350066392,-0.0061107808
2.03198,0.808753,2.378057,-2.43898,0.072705734,1.2872280006,-0.1125332962
2.033029,-0.075095,0.476944,0.940299,-0.003918477,1.5639265406,-0.1817079312
2.034078,-1.256762,-6.279908,0.933094,-0.0166891789,1.6022386461,-0.1880932821
2.035127,-0.596277,-15.088716,1.03637,0.0184302512,1.4564398001,-0.1284966735
2.036145,0.309187,-20.768111,1.394233,0.0876048862,1.2872280006,-0.0114319066
2.037193,-0.211995,-20.758534,0.57283,0.1567795212,1.1361080288,0.0864768075
2.038242,-1.424885,-14.298581,1.490303,0.2078623286,1.0030798846,0.0949906088
2.039291,-0.603483,-4.136966,-1.346178,0.1716786733,1.0275570631,0.0109168216
2.040341,1.164214,2.562422,-3.082652,0.0524854561,1.3127694043,-0.1104048459
2.041358,0.184295,0.943842,0.757766,-0.0166891789,1.6054313216,-0.1912859576
2.042407,-1.460912,-7.101169,1.497508,-0.0049827022,1.6373580762,-0.1934144079
2.043456,-0.956542,-15.452657,0.769774,0.0418432046,1.4873023295,-0.1199828723
2.044505,-0.02706,-19.872625,1.074798,0.1046324887,1.3085125037,-0.0029181054
2.046571,-1.304797,-14.602664,1.365411,0.2153119046,0.9945660834,0.0875410327
2.04762,-0.252825,-3.500069,-1.262116,0.162100647,1.0243643877,-0.0007896551
2.045522,-0.425752,-20.385016,0.6689,0.1727428985,1.1350438037,0.0854125824
2.048669,1.380373,2.564816,-2.662344,0.0439716549,1.3074482786,-0.1167901968
2.049686,0.311589,0.026806,1.178074,-0.017753404,1.5969175203,-0.1838363815
2.050735,-1.153486,-7.517786,1.209297,-0.0103038279,1.6299085001,-0.1827721563
2.051784,-0.480993,-15.668149,1.115628,0.0386505291,1.490495005,-0.1135975214
2.052833,0.239536,-20.226989,1.644016,0.114210515,1.3319254571,-0.0018538802
2.0549,-1.626633,-13.747881,1.19969,0.2142476795,1.012657911,0.0747703308
2.055948,-0.541037,-3.842461,-1.598363,0.1706144482,1.0328781889,-0.0093034563
2.056997,-0.060684,0.230326,1.250127,-0.0283956555,1.6096882222,-0.187029057
2.053853,-0.58667,-20.07375,0.426322,0.1791282494,1.1680347834,0.0790272315
2.058046,-1.511349,-7.357365,1.682444,-0.0166891789,1.6299085001,-0.1859648318
2.059063,-0.733178,-15.282659,0.882657,0.0343936285,1.4798527534,-0.1146617465
2.060113,0.167483,-19.491924,1.014754,0.0971829126,1.3031913779,-0.0018538802
2.061162,-0.452172,-19.805583,0.889862,0.169550223,1.130786903,0.0822199069
2.062211,-1.648249,-14.796606,1.644016,0.2227614807,0.9956303085,0.0832841321
2.063231,-0.620295,-4.481752,-1.519105,0.1706144482,1.0318139638,-0.0018538802
2.064277,1.329936,2.670167,-3.133089,0.0471643304,1.3148978546,-0.1221113226
2.065326,0.321196,0.464972,0.623267,-0.0166891789,1.5990459707,-0.1987355336
2.066375,-1.32161,-7.788348,1.319778,-0.0134965034,1.6277800498,-0.1966070833
2.067392,-0.682741,-15.651388,1.170869,0.0322651782,1.4851738792,-0.1221113226
2.068441,0.27316,-19.525444,1.259734,0.1056967138,1.3361823577,-0.0050465557
2.06949,-0.468984,-19.932484,0.599249,0.175935574,1.1882550613,0.0854125824
2.070539,-1.537768,-14.28661,1.406241,0.2227614807,1.040327765,0.0917979333
2.071588,-0.382521,-3.686828,-1.658407,0.1738071236,1.0584195926,0.006659921
2.072605,1.214651,2.425944,-2.823262,0.0461001052,1.3308612319,-0.117854422
2.073655,0.222723,0.433846,1.031566,-0.0262672052,1.5990459707,-0.1987355336
2.074704,-1.297592,-7.852995,1.290957,-0.0188176292,1.6256515995,-0.1987355336
2.075753,-0.834052,-16.422369,1.550347,0.0343936285,1.4936876804,-0.1157259717
2.07677,0.037788,-19.714598,1.343796,0.1099536144,1.338310808,0.0098525965
2.077819,-0.641911,-19.266855,0.606455,0.1780640243,1.178677035,0.0939263836
2.078868,-1.655455,-13.850838,1.454277,0.2206330304,1.0307497386,0.0907337082
2.079917,-0.447368,-3.892742,-1.944217,0.169550223,1.0499057914,0.0002745701
2.080934,1.375569,2.722843,-2.78003,0.0386505291,1.3351181325,-0.1231755477
2.081983,0.311589,0.785815,0.933094,-0.0390379071,1.6256515995,-0.2029924343
2.083032,-0.812436,-16.889267,1.641614,0.0290725027,1.5022014817,-0.1135975214
2.084081,-0.031863,-21.663598,1.435062,0.1110178396,1.3340539074,0.0141094971
2.08513,-0.716366,-19.927695,0.976326,0.18338515,1.1552640816,0.1003117345
2.086147,-1.59541,-11.856346,0.993138,0.2131834543,0.9977587588,0.0854125824
2.087196,-0.372914,-2.781765,-1.922601,0.1567795212,1.0371350895,-0.0146245821
2.088245,1.241071,2.581576,-2.335704,0.0439716549,1.3372465829,-0.1327535741
2.089294,0.083421,0.400325,0.515188,-0.0294598807,1.6054313216,-0.20831356
2.090311,-1.333618,-9.023831,1.413447,-0.0273314304,1.6043670964,-0.2029924343
2.09136,-0.644313,-17.269968,1.360608,0.0301367279,1.4447333234,-0.1093406207
2.092409,0.244339,-19.992342,0.306234,0.1014398132,1.2850995503,0.020494848
2.093458,-0.332084,-19.034603,1.002745,0.1801924746,1.1488787307,0.10350441
2.094478,-1.352833,-13.297744,1.36301,0.2302110568,1.0445846656,0.0960548339
2.095525,-0.183174,-2.911059,-2.203607,0.1525226206,1.1073739497,-0.0018538802
2.096573,1.221857,3.656639,-2.033082,0.0173660261,1.3851367148,-0.1348820244
2.097622,-0.142344,0.184833,1.163663,-0.031588331,1.6118166725,-0.2178915864
2.098671,-1.41768,-9.485941,1.283751,-0.0113680531,1.5884037191,-0.20831356
2.099689,-0.77641,-17.990667,1.175672,0.0397147543,1.4266414958,-0.111469071
2.100738,0.112242,-20.741774,0.861041,0.114210515,1.2670077227,0.0247517486
2.101787,-0.452172,-18.337848,0.940299,0.1908347261,1.1212088767,0.1077613106
2.102836,-1.439296,-12.481271,0.769774,0.2227614807,1.012657911,0.0907337082
2.103855,-0.091907,-3.282183,-2.496622,0.141880369,1.1095024,-0.0124961318
2.104902,1.250678,3.750018,-1.905789,0.0120449003,1.4287699461,-0.1423316005
2.105951,-0.168764,0.484127,1.420652,-0.0401021322,1.663963705,-0.222148487
2.107,-1.32161,-10.290442,1.557552,-0.0166891789,1.6480003277,-0.2061851097
2.108017,-0.488198,-17.973907,1.40384,0.0461001052,1.5032657068,-0.1018910447
2.109066,0.169885,-19.39615,0.565625,0.1174031905,1.338310808,0.0236875235
2.110115,-1.789953,-13.106196,1.550347,0.2312752819,1.0190432619,0.0864768075
2.111164,-0.125532,-2.92782,-2.652737,0.1461372696,1.0797040957,-0.0135603569
2.112212,1.474042,3.536921,-2.196402,0.0109806751,1.3766229135,-0.1433958257
2.11323,-0.063086,0.208777,1.2141,-0.0443590329,1.6203304737,-0.2168273613
2.114279,-1.482528,-9.739742,1.24052,-0.0241387549,1.615009348,-0.1976713085
2.115328,-0.716366,-17.875738,1.84096,0.0407789794,1.4755958528,-0.0944414686
2.116377,0.008967,-20.502339,0.949907,0.120595866,1.3180905301,0.0322013247
2.117394,-0.829248,-19.09925,0.683311,0.1876420506,1.1478145055,0.1003117345
2.118442,-1.612223,-12.119724,1.127637,0.211055004,1.0158505865,0.0737061057
2.119492,-0.12313,-1.665998,-2.419766,0.1333665678,1.1009885987,-0.03484486
2.120541,1.120983,3.477063,-1.905789,0.00991645,1.4223845951,-0.1582949778
2.121558,-0.224004,-0.969243,1.302966,-0.0422305825,1.6575783541,-0.2210842619
2.122608,-1.25436,-10.407765,1.096414,-0.0241387549,1.6245873743,-0.1987355336
2.123656,-0.437761,-17.356165,1.394233,0.0301367279,1.462825151,-0.1008268195
2.124705,0.191501,-19.757696,0.81781,0.0993113629,1.2978702522,0.0226232983
2.125724,-0.822043,-18.924463,1.334188,0.1738071236,1.1393007043,0.1003117345
2.126771,-1.617026,-12.304089,1.32218,0.211055004,1.0275570631,0.0864768075
2.12782,0.124251,-1.783321,-2.712781,0.1354950181,1.116951976,-0.0199457078
2.128869,1.413997,3.618329,-2.088323,0.0173660261,1.4234488203,-0.1519096269
2.129917,-0.137541,-0.626851,0.894666,-0.0358452316,1.6554499038,-0.2242769373
2.130935,-1.369645,-10.546637,1.360608,-0.0198818543,1.6277800498,-0.2040566594
2.131984,-0.675536,-18.175032,1.670435,0.0429074297,1.4649536013,-0.0986983692
2.133033,-0.00064,-20.851914,0.471956,0.1184674157,1.2999987025,0.0311370995
2.134081,-0.91331,-19.125588,1.053182,0.1876420506,1.1414291546,0.1013759597
2.135101,-1.530563,-11.226632,0.495973,0.2121192292,1.0339424141,0.0715776554
2.136148,1.221857,4.128326,-1.48548,0.0003384236,1.4787885283,-0.1646803287
2.137196,-0.464181,-1.0722,1.63681,-0.0475517083,1.6799270823,-0.2274696128
2.138245,-1.292788,-11.351138,1.533535,-0.0156249537,1.6182020234,-0.1966070833
2.139262,-0.435359,-18.890942,1.017156,0.0492927807,1.4500544491,-0.0859276674
2.140311,0.059404,-20.906984,0.813006,0.1259169917,1.2765857491,0.0396509008
2.14136,-0.946935,-18.574888,1.593579,0.2067981034,1.1116308503,0.0992475094
2.142409,-1.436894,-11.068605,0.57283,0.2185045801,1.0211717122,0.061999629
2.143458,0.434079,0.153707,-2.462998,0.1110178396,1.158456757,-0.0518724624
2.144478,1.084956,4.674237,-1.235697,-0.0103038279,1.4798527534,-0.1763868054
2.145524,-0.701955,-2.164023,1.670435,-0.0560655095,1.6692848308,-0.2306622883
2.146573,-1.33602,-12.181977,1.653623,-0.0326525562,1.5915963946,-0.1902217324
2.147622,-0.346494,-18.627564,0.846631,0.0269440524,1.4117423436,-0.0806065416
2.148639,0.239536,-20.885434,0.534402,0.1025040383,1.2531727957,0.0449720265
2.149688,-0.74999,-18.507846,1.564758,0.1908347261,1.1073739497,0.1098897609
2.150737,-1.312003,-10.355089,0.291824,0.211055004,1.0286212883,0.0747703308
2.151786,0.51814,-0.212629,-2.952957,0.106760939,1.1797412601,-0.0433586612
2.152803,1.315525,4.173818,-1.290938,-0.003918477,1.5085868326,-0.1721299048
2.153855,-0.428154,-1.105721,0.945103,-0.0390379071,1.6948262345,-0.2381118643
2.154901,-1.41768,-12.411835,1.387027,-0.0156249537,1.6213946989,-0.2051208846
2.15595,-0.629902,-20.540648,1.754497,0.0503570058,1.448990224,-0.0795423164
2.156999,0.016172,-21.127264,0.54641,0.128045442,1.2872280006,0.0630638542
2.158016,-0.829248,-16.467861,1.375018,0.2004127525,1.1318511282,0.1237246879
2.159065,-1.182307,-8.789185,0.039639,0.2067981034,1.0499057914,0.0705134302
2.160114,0.434079,-0.566992,-2.892913,0.0950544623,1.1935761871,-0.0571935882
2.161163,0.950457,3.275937,-0.469535,-0.0241387549,1.4873023295,-0.1849006066
2.16218,-1.292788,-13.197181,1.497508,-0.0113680531,1.5777614676,-0.1923501827
2.163231,-0.396931,-19.681077,1.413447,0.0641919328,1.4362195221,-0.0635789391
2.164278,0.100234,-20.004314,0.00121,0.1376234684,1.2914849012,0.0673207548
2.165327,-0.973354,-16.862929,1.050781,0.2057338783,1.1456860552,0.1194677873
2.166347,-1.40327,-9.526645,-0.577614,0.2036054279,1.0903463472,0.0651923045
2.167393,0.410061,-0.296431,-3.565406,0.0801553101,1.2670077227,-0.0657073894
2.168442,0.895217,3.412415,-0.433508,-0.0347810065,1.567119216,-0.1880932821
2.169491,-0.77641,-2.073037,1.639212,-0.0464874832,1.691633559,-0.2370476392
2.17054,-1.340824,-12.931408,1.226109,-0.0060469273,1.5894679443,-0.1923501827
2.171557,-0.497805,-20.653183,1.925022,0.0620634825,1.4277057209,-0.0603862637
2.172606,-0.084702,-20.643605,1.122833,0.14826572,1.2755215239,0.0790272315
2.173655,-1.069425,-15.751951,1.266939,0.2195688053,1.1073739497,0.1226604628
2.174704,-1.271173,-8.358203,0.140513,0.2078623286,1.012657911,0.0545500529
2.175724,0.707879,-0.001926,-2.703174,0.0907975617,1.1712274589,-0.076349641
2.17677,1.22666,2.758758,-0.997923,-0.0220103046,1.504329932,-0.194478633
2.177819,-0.560251,-3.80894,1.545544,-0.0518086089,1.6809913075,-0.235983414
2.178868,-1.179906,-13.637741,1.795327,-0.0156249537,1.6001101958,-0.1827721563
2.179885,-0.192781,-19.262066,1.346197,0.0503570058,1.4426048731,-0.0603862637
2.180934,-0.031863,-19.637979,0.692918,0.1237885414,1.2957418019,0.0609354038
2.181983,-1.427287,-16.40082,1.559954,0.1982843022,1.1350438037,0.1098897609
2.183032,-1.381654,-8.487497,-0.226957,0.1918989513,1.0530984668,0.0577427284
2.184049,0.835173,0.510465,-3.116277,0.0758984095,1.213796465,-0.0678358397
2.1851,1.080153,2.629463,-0.72172,-0.0220103046,1.5171006338,-0.1838363815
2.186147,-0.774008,-3.871193,1.266939,-0.0432948077,1.6628994799,-0.2200200367
2.187196,-1.283181,-13.79098,1.456678,-0.0113680531,1.573504567,-0.1646803287
2.188245,-0.10872,-19.903752,0.568026,0.1386876936,1.2712646233,0.0747703308
2.189262,-1.15829,-15.792655,1.000344,0.2025412028,1.1318511282,0.0992475094
2.190311,-1.122263,-7.773981,-0.54399,0.1801924746,1.0807683208,0.0279444241
2.19136,0.604604,0.328494,-2.467801,0.0663203831,1.2659434976,-0.0933772434
2.192408,0.575782,2.2751,0.097281,-0.0252029801,1.567119216,-0.194478633
2.193426,-0.95414,-4.091473,1.343796,-0.0422305825,1.6841839829,-0.2264053876
2.194477,-0.956542,-13.84605,1.300564,-0.003918477,1.5766972424,-0.1753225803
2.195524,0.141064,-19.168686,1.106021,0.0631277077,1.4149350191,-0.0593220385
2.196572,0.131456,-19.551782,0.40951,0.1312381175,1.2659434976,0.0524216026
2.197589,-1.223137,-16.513354,1.713667,0.1993485273,1.1158877509,0.0960548339
2.198638,-1.07663,-8.408484,-0.678488,0.1929631764,1.0722545196,0.048164702
2.199688,0.964868,0.812153,-3.483746,0.0748341844,1.269136173,-0.0710285152
2.200737,0.892815,3.453119,-0.392679,-0.0305241059,1.5628623154,-0.1859648318
2.201785,-1.059818,-3.705983,1.317376,-0.0496801586,1.6628994799,-0.2306622883
2.202802,-1.37685,-14.758296,1.526329,-0.003918477,1.5500916136,-0.17319413
2.203854,-0.334485,-20.363466,1.485499,0.0705772837,1.3989716418,-0.0380375354
2.2049,-0.099113,-19.719387,0.452742,0.1472014948,1.2563654712,0.0811556818
2.205949,-1.170299,-15.428714,1.288555,0.2121192292,1.1031170491,0.1077613106
2.208015,0.876003,0.828913,-2.969769,0.0631277077,1.2882922258,-0.0944414686
2.206966,-1.014184,-7.263985,-0.791371,0.1887062758,1.0637407184,0.0332655499
2.209064,0.753513,2.124256,0.159727,-0.0305241059,1.6160735731,-0.1966070833
2.210113,-0.944533,-4.831327,1.603186,-0.0422305825,1.7288814394,-0.2232127122
2.21113,-0.910908,-14.382384,1.387027,-0.003918477,1.6192662486,-0.1636161036
2.212179,0.201108,-19.101645,1.535936,0.065256158,1.4724031774,-0.0444228864
2.21323,-0.142344,-19.324319,0.779381,0.1429445942,1.3191547552,0.0609354038
2.214277,-1.516152,-7.831446,-0.178922,0.1865778255,1.0499057914,0.0311370995
2.215326,0.94085,1.540035,-2.885708,0.0780268598,1.2393378687,-0.0859276674
2.216343,1.003296,3.031714,-0.54399,-0.0124322782,1.5617980903,-0.1859648318
2.217392,-0.987765,-4.8002,1.319778,-0.0401021322,1.691633559,-0.2125704606
2.218441,-1.129469,-14.870831,1.543142,-0.003918477,1.580954143,-0.1497811766
2.21949,0.023377,-19.432065,1.619998,0.0705772837,1.4117423436,-0.0305879594
2.220507,-0.072693,-19.994737,0.375885,0.1365592433,1.2510443454,0.0651923045
2.221556,-1.283181,-16.233215,1.180476,0.1855136003,1.095667473,0.0854125824
2.222607,-0.99497,-6.713285,-0.568007,0.1748713488,1.0648049435,0.0215590732
2.223654,0.85919,1.425106,-3.349248,0.0737699592,1.2978702522,-0.0965699189
2.224671,0.659844,2.157777,-0.157306,-0.0273314304,1.6171377983,-0.194478633
2.225722,-1.021389,-4.850482,1.708863,-0.0443590329,1.6990831351,-0.2189558116
2.226769,-0.898899,-14.269849,1.235716,0.0035310991,1.5639265406,-0.1572307527
2.227818,0.097832,-19.669105,1.367813,0.0705772837,1.4128065688,-0.0337806348
2.228867,-0.228808,-20.373044,0.719337,0.1472014948,1.2712646233,0.0800914566
2.229884,-1.444099,-16.211666,1.307769,0.2142476795,1.1158877509,0.1098897609
2.230933,-0.889292,-6.595962,-1.033949,0.1876420506,1.0860894466,0.0353940002
2.231981,1.116179,2.368479,-3.387676,0.0599350322,1.3170263049,-0.097634144
2.233031,0.631023,2.588759,0.142914,-0.0358452316,1.6203304737,-0.200863984
2.234048,-1.36244,-6.047656,1.838559,-0.0379736819,1.6958904596,-0.2168273613
2.235099,-1.227941,-15.256321,1.334188,0.0141733506,1.5607338651,-0.1423316005
2.236146,-0.022256,-19.151926,1.057986,0.0801553101,1.3893936154,-0.0167530324
2.237195,-0.180773,-19.89178,0.570428,0.14826572,1.2265671669,0.0822199069
2.238212,-1.283181,-16.180539,1.523928,0.211055004,1.0807683208,0.1013759597
2.239261,-0.622697,-5.947093,-0.760148,0.1823209249,1.0786398705,0.0322013247
2.24031,1.212249,2.552844,-2.744004,0.058870807,1.3329896822,-0.0923130183
2.241359,-1.069425,-6.1985,1.45908,-0.0401021322,1.7044042609,-0.2136346858
2.242408,-0.83165,-15.538854,1.146851,0.0067237745,1.5543485142,-0.1465885011
2.243425,0.073814,-20.380227,1.283751,0.0801553101,1.3883293902,-0.0242026084
2.244476,-0.224004,-19.997131,0.973924,0.1589079715,1.2446589945,0.0790272315
2.245522,-1.436894,-14.741536,1.360608,0.2216972556,1.1063097245,0.1013759597
2.246572,-0.870078,-5.815404,-1.293339,0.1897705009,1.1020528239,0.0279444241
2.247589,1.027314,1.844117,-3.051429,0.0641919328,1.3510815099,-0.0986983692
2.248638,0.441284,2.334958,0.195753,-0.0326525562,1.6437434271,-0.2019282091
2.249687,-1.343225,-5.738785,1.723274,-0.0432948077,1.6980189099,-0.2232127122
2.250736,-1.1727,-15.948288,1.514321,0.0077879997,1.5543485142,-0.1476527263
2.251753,-0.063086,-20.449663,1.069995,0.0822837604,1.3904578405,-0.0082392311
2.252802,-0.14955,-19.312347,0.83222,0.1599721966,1.2404020939,0.1056328603
2.253853,-1.283181,-14.72717,1.379822,0.2195688053,1.1009885987,0.1269173634
2.2549,-0.699553,-6.040473,-1.475873,0.175935574,1.1095024,0.0460362517
2.255916,1.072947,2.095524,-2.763218,0.0461001052,1.352145735,-0.0923130183
2.256966,0.539756,2.203269,0.479161,-0.0326525562,1.6213946989,-0.2029924343
2.258015,-0.990166,-6.526526,1.490303,-0.031588331,1.6724775063,-0.2253411625
2.259063,-0.956542,-16.65462,1.550347,0.0205587015,1.5479631633,-0.1433958257
2.260112,-0.139943,-21.002758,1.266939,0.0971829126,1.4042927675,0.0002745701
2.26113,-0.392128,-19.884597,0.690516,0.1780640243,1.2723288485,0.1098897609
2.262178,-1.439296,-13.405489,0.961915,0.2270183813,1.1361080288,0.1184035621
2.26323,-0.502609,-3.102607,-1.855352,0.1599721966,1.1393007043,0.0236875235
2.264277,1.053733,2.571999,-2.119546,0.0322651782,1.3830082645,-0.1093406207
2.265294,0.093028,-0.11446,1.103619,-0.031588331,1.6373580762,-0.1923501827
2.266343,-1.206325,-8.300738,1.03637,-0.0283956555,1.6628994799,-0.1912859576
2.267391,0.109841,-19.740936,0.973924,0.0982471377,1.3702375626,0.0098525965
2.26844,-0.500207,-19.602064,0.435929,0.1727428985,1.2286956172,0.089669483
2.269458,-1.513751,-14.061541,1.28135,0.2216972556,1.1105666251,0.0854125824
2.270506,-0.452172,-3.914291,-2.064305,0.1663575476,1.1690990086,-0.0007896551
2.271555,0.880806,2.624675,-2.640728,0.0386505291,1.4692105019,-0.1189186471
2.272607,-0.224004,0.98694,1.290957,-0.0294598807,1.7278172142,-0.1955428582
2.273653,-1.374448,-7.898488,1.406241,-0.0188176292,1.7129180621,-0.194478633
2.274671,-0.517019,-16.745606,1.41825,0.0312009531,1.5511558387,-0.111469071
2.275722,0.501328,-19.594881,1.326983,0.0993113629,1.3925862908,0.0130452719
2.276769,-0.31287,-18.902914,0.462349,0.1663575476,1.2308240675,0.0971190591
2.277817,-1.708293,-14.447031,1.228511,0.2142476795,1.081832546,0.0960548339
2.278835,-0.682741,-4.816961,-1.545524,0.1716786733,1.1041812742,0.0109168216
2.279884,1.303516,3.110727,-3.034617,0.0556781316,1.3851367148,-0.1157259717
2.280933,0.378838,1.132995,0.486366,-0.0230745298,1.6735417314,-0.2040566594
2.281982,-1.369645,-8.975944,2.100351,-0.0209460795,1.7065327112,-0.1955428582
2.282999,-0.697151,-16.886872,1.720872,0.0386505291,1.5692476664,-0.1008268195
2.284048,0.352419,-18.529395,0.685713,0.1078251641,1.4181276945,0.0183663977
2.285099,-0.565055,-18.364185,0.800997,0.1727428985,1.2531727957,0.0939263836
2.286146,-1.813971,-14.356046,1.391831,0.211055004,1.0903463472,0.0939263836
2.287195,-0.553046,-4.431471,-1.581551,0.1514583954,1.1009885987,0.0119810468
2.288212,1.289106,2.651012,-2.470203,0.0354578537,1.3744944632,-0.1061479453
2.289261,0.275562,0.328494,0.532,-0.0337167813,1.6586425793,-0.1849006066
2.29031,-1.271173,-8.755664,1.788122,-0.0305241059,1.6873766584,-0.180643706
2.29136,-0.639509,-16.422369,1.778514,0.0258798273,1.545834713,-0.0955056937
2.292376,0.251545,-19.499107,1.019558,0.100375588,1.3947147412,0.0183663977
2.293425,-1.568991,-13.2738,0.95471,0.2078623286,1.1041812742,0.0768987812
2.294476,-0.288852,-2.54233,-1.624783,0.1525226206,1.1573925319,-0.0103676814
2.295523,1.020108,2.560027,-1.927405,0.0503570058,1.4543113498,-0.117854422
2.29654,-0.125532,-0.753751,0.544009,-0.0145607286,1.7161107376,-0.180643706
2.297589,-1.290387,-9.040592,1.300564,-0.017753404,1.6990831351,-0.17319413
2.298638,-0.464181,-15.854908,1.235716,0.0301367279,1.5192290841,-0.0965699189
2.299687,0.35482,-19.070518,0.560821,0.0950544623,1.3542741853,0.006659921
2.300736,-0.637107,-20.368255,1.206895,0.1674217727,1.2223102663,0.0811556818
2.301753,-1.465715,-14.063935,1.103619,0.2131834543,1.130786903,0.0843483572
2.302802,0.057002,-2.061066,-2.515836,0.1525226206,1.2095395644,-0.0018538802
2.303854,1.152205,3.647061,-2.22042,0.0322651782,1.4915592301,-0.1231755477
2.3049,-0.300861,-0.045024,0.990736,-0.031588331,1.7097253866,-0.1955428582
2.305917,-1.446501,-8.963973,1.511919,-0.017753404,1.6703490559,-0.187029057
2.306966,-0.74999,-17.253208,1.480696,0.0365220788,1.504329932,-0.0997625944
2.308015,-0.003042,-21.342755,0.976326,0.106760939,1.3532099602,0.0322013247
2.309064,-0.656321,-19.599669,1.156458,0.1823209249,1.2106037896,0.1215962376
2.310081,-1.352833,-11.660009,0.457545,0.2163761298,1.0977959233,0.10350441
2.31113,-0.051077,-2.32205,-2.566273,0.1450730445,1.1808054853,-0.0050465557
2.312179,1.101768,3.383683,-1.708844,0.0216229267,1.4926234553,-0.1327535741
2.313231,-0.216799,0.706801,0.966719,-0.0432948077,1.7267529891,-0.2125704606
2.314245,-1.463314,-10.051007,1.595981,-0.0230745298,1.6990831351,-0.1987355336
2.315294,-0.745187,-18.955589,1.583972,0.0471643304,1.5447704878,-0.0891203428
2.316343,0.201108,-20.713041,0.6689,0.120595866,1.3830082645,0.0471004769
2.317392,-0.442565,-17.672219,1.216502,0.1929631764,1.2180533656,0.1194677873
2.318441,-1.465715,-11.619305,0.863443,0.2280826065,1.0914105724,0.0886052578
2.319458,-0.248022,-3.373169,-2.117144,0.1461372696,1.1680347834,-0.0178172575
2.320507,0.064207,1.056376,0.79139,-0.0475517083,1.7129180621,-0.2242769373
2.321557,-1.297592,-10.42692,1.644016,-0.0358452316,1.6788628572,-0.2104420103
2.322607,-0.58667,-19.618824,1.752095,0.0301367279,1.5234859847,-0.0944414686
2.323623,0.328401,-20.210228,0.937898,0.1131462899,1.3819440393,0.0524216026
2.324672,-0.581867,-16.831802,0.575232,0.1865778255,1.2169891405,0.1269173634
2.325723,-1.593009,-12.270568,0.515188,0.2195688053,1.0850252214,0.0971190591
2.32677,-0.031863,-3.229508,-2.467801,0.1365592433,1.1808054853,-0.0135603569
2.327787,1.291508,4.355789,-2.157974,0.0056595494,1.4851738792,-0.1476527263
2.328836,-0.260031,0.278213,1.646418,-0.0432948077,1.6820555326,-0.2264053876
2.329885,-1.523358,-11.497194,1.732881,-0.0188176292,1.6309727253,-0.1955428582
2.330934,-0.74999,-19.556571,1.680042,0.0429074297,1.4862381044,-0.0731569655
2.331983,0.143465,-19.807978,1.264537,0.1216600911,1.3627879865,0.0651923045
2.333,-0.577063,-16.920393,0.452742,0.1908347261,1.2425305442,0.1269173634
2.334049,-1.384055,-11.375082,0.330252,0.2025412028,1.1541998564,0.0822199069
2.3351,-0.031863,-2.185572,-2.249241,0.1078251641,1.2350809681,-0.0391017606
2.336147,0.92644,3.237628,-1.391812,-0.0071111525,1.4990088062,-0.166808779
2.337164,-0.40894,-0.935722,1.293359,-0.045423258,1.6969546848,-0.2317265134
2.338213,-1.386457,-11.513954,1.480696,-0.0188176292,1.6586425793,-0.1955428582
2.339262,-0.639509,-19.168686,1.788122,0.0471643304,1.504329932,-0.0731569655
2.340311,0.131456,-19.542205,0.803399,0.1237885414,1.3617237614,0.0630638542
2.341328,-0.716366,-16.56603,0.580035,0.1940274016,1.2127322399,0.1258531382
2.342377,-1.273574,-11.569024,-0.327831,0.2142476795,1.1201446515,0.0832841321
2.343426,0.282768,-3.030777,-2.969769,0.1216600911,1.2542370209,-0.0337806348
2.344477,0.919234,3.608752,-1.211679,-0.0071111525,1.5511558387,-0.166808779
2.345524,-1.278378,-11.834797,1.478294,-0.017753404,1.642679202,-0.2093777852
2.346541,-0.541037,-19.307559,1.396634,0.0599350322,1.5022014817,-0.0827349919
2.34759,0.107439,-19.314742,0.769774,0.1323023427,1.3638522117,0.0534858278
2.348639,-0.757195,-16.779127,1.175672,0.2046696531,1.2180533656,0.1184035621
2.349688,-1.249557,-11.597756,-0.070842,0.2206330304,1.151007181,0.0875410327
2.350705,0.51814,-1.907827,-3.344444,0.1056967138,1.3053198282,-0.0273952839
2.351754,0.998493,4.022974,-0.94028,-0.0283956555,1.5798899179,-0.159359203
2.352803,-0.781213,-1.215861,2.50865,-0.0581939599,1.6948262345,-0.2253411625
2.353854,-1.283181,-12.419018,1.725676,-0.0156249537,1.6043670964,-0.187029057
2.354869,-0.288852,-19.932484,1.588775,0.0524854561,1.4755958528,-0.0635789391
2.355918,0.129055,-20.234172,1.2141,0.134430793,1.3510815099,0.0683849799
2.356967,-0.932524,-16.611522,0.493572,0.2014769776,1.1957046374,0.1152108867
2.358016,-1.1727,-9.761291,-0.287001,0.197220077,1.123337327,0.0641280793
2.359065,0.580586,-0.617273,-2.393346,0.0993113629,1.2957418019,-0.0508082373
2.360082,0.787138,3.144248,-0.904254,-0.0145607286,1.6043670964,-0.1678730042
2.361131,-0.853266,-2.858384,1.836157,-0.0528728341,1.7416521412,-0.2189558116
2.36218,-1.187111,-12.770987,1.735283,-0.0156249537,1.6405507516,-0.1795794809
2.363231,-0.118327,-18.644324,0.990736,0.0461001052,1.4777243031,-0.0678358397
2.364246,0.311589,-19.434459,0.743355,0.1131462899,1.3308612319,0.0492289272
2.365295,-0.951738,-17.396869,1.442268,0.1929631764,1.1839981607,0.1003117345
2.366344,-1.302396,-10.544243,-0.255778,0.2036054279,1.1222731018,0.0577427284
2.367393,0.647835,-0.416148,-3.145098,0.0897333365,1.2946775767,-0.0571935882
2.36841,0.957663,3.826638,-0.928271,-0.0262672052,1.6022386461,-0.1753225803
2.369459,-0.846061,-2.120924,1.696855,-0.0560655095,1.7363310155,-0.2264053876
2.370508,-1.367243,-13.21873,1.387027,-0.0209460795,1.6341654007,-0.180643706
2.371557,0.064207,-19.111222,0.558419,0.1301738923,1.3276685565,0.0694492051
2.372608,-1.237548,-16.956308,0.35427,0.1961558519,1.1541998564,0.1077613106
2.373623,-1.506545,-11.209872,-0.404687,0.1993485273,1.0839609963,0.0566785032
2.374672,0.712683,-0.006715,-3.149901,0.0971829126,1.2861637755,-0.0614504888
2.375723,0.938449,5.200994,-0.793773,-0.0188176292,1.6192662486,-0.1880932821
2.376769,-1.100647,-2.911059,2.203626,-0.0507443838,1.7512301676,-0.235983414
2.377787,-1.384055,-14.552382,1.819344,-0.0049827022,1.650128778,-0.17319413
2.378836,-0.125532,-19.010659,1.250127,0.065256158,1.504329932,-0.0454871115
2.379885,0.244339,-18.433621,0.452742,0.128045442,1.3564026356,0.0662565296
2.380934,-1.115058,-17.416023,1.40384,0.1993485273,1.1829339356,0.10350441
2.381951,-1.434492,-11.128464,-0.022807,0.2014769776,1.1020528239,0.0502931523
2.383,0.758316,0.249481,-3.262784,0.0801553101,1.2787141994,-0.0689000649
2.384049,1.101768,4.944798,-0.654471,-0.0273314304,1.6107524473,-0.187029057
2.3851,-0.91331,-2.32205,1.665632,-0.0496801586,1.7629366443,-0.2317265134
2.386115,-1.429689,-14.327314,1.555151,-0.0198818543,1.6533214535,-0.1774510306
2.387164,-0.248022,-20.12882,2.028298,0.0556781316,1.490495005,-0.0454871115
2.388212,0.268357,-19.123194,0.54641,0.1333665678,1.3436319338,0.0747703308
2.389262,-1.103049,-16.781521,0.716936,0.1940274016,1.1701632337,0.1066970855
2.39031,-1.429689,-10.189879,0.034835,0.1940274016,1.0828967711,0.0471004769
2.391328,0.731897,0.141735,-2.960162,0.0886691114,1.2606223718,-0.0699642901
2.392376,1.128188,4.4779,-0.954691,-0.0262672052,1.601174421,-0.1859648318
2.393425,-0.742785,-2.532752,1.619998,-0.059258185,1.7629366443,-0.2338549637
2.394476,-1.237548,-14.272244,1.615195,-0.017753404,1.6671563805,-0.1795794809
2.395491,-0.168764,-20.100088,1.516722,0.0578065819,1.5053941571,-0.0497440121
2.39654,0.121849,-19.635584,0.656892,0.134430793,1.3510815099,0.0683849799
2.397589,-1.218334,-16.561241,1.209297,0.2004127525,1.1957046374,0.1045686351
2.398638,0.729495,0.606239,-2.98418,0.0886691114,1.3319254571,-0.0774138661
2.399655,0.770325,3.852975,-0.363857,-0.0241387549,1.6213946989,-0.1955428582
2.400704,-1.105451,-3.318099,1.816943,-0.0550012844,1.7150465124,-0.2381118643
2.401753,-1.396064,-14.351257,1.768907,-0.0134965034,1.5894679443,-0.1785152557
2.402802,-0.296057,-20.432903,1.564758,0.0546139064,1.4362195221,-0.0422944361
2.403853,0.184295,-19.997131,0.623267,0.1259169917,1.3053198282,0.0864768075
2.404868,-0.673134,-15.27787,0.70973,0.1908347261,1.178677035,0.1205320125
2.405917,-0.759597,-7.836235,-1.146832,0.1727428985,1.1680347834,0.0471004769
2.406966,0.631023,0.242298,-2.816057,0.0546139064,1.3893936154,-0.083799217
2.408015,0.398052,2.871292,0.104486,-0.0358452316,1.6660921553,-0.1997997588
2.409032,-1.119862,-4.306965,1.819344,-0.0411663574,1.7299456646,-0.2381118643
2.410081,-1.223137,-14.753508,1.497508,0.0024668739,1.6033028713,-0.1742583551
2.41113,-0.185576,-19.745725,1.238118,0.065256158,1.448990224,-0.0412302109
2.412179,0.184295,-19.087279,0.459947,0.1365592433,1.3117051792,0.075834556
2.413196,-0.826847,-15.665754,0.875452,0.2004127525,1.1871908362,0.1066970855
2.414245,-0.733178,-8.20257,-1.02194,0.1738071236,1.1839981607,0.0417793511
2.415294,0.878405,1.142573,-3.128286,0.0429074297,1.407485443,-0.0848634422
2.416343,0.474908,3.256783,0.224574,-0.0486159335,1.6746059566,-0.1966070833
2.417391,-1.148683,-4.544005,2.064324,-0.0443590329,1.7256887639,-0.2274696128
2.418409,-1.129469,-15.225194,1.24052,0.0056595494,1.59478907,-0.1604234281
2.419458,-0.175969,-20.423325,1.574365,0.0758984095,1.4468617737,-0.0252668336
2.420507,-0.209594,-19.494318,0.880255,0.1525226206,1.3031913779,0.0875410327
2.421556,-1.338422,-15.749557,0.505581,0.2089265537,1.1499429558,0.1013759597
2.422573,-0.819641,-7.656658,-1.411026,0.169550223,1.1435576049,0.0194306229
2.423622,1.044126,1.86806,-2.921734,0.0397147543,1.4117423436,-0.1061479453
2.424671,-1.369645,-5.403576,1.876987,-0.0603224102,1.7895422732,-0.2317265134
2.42572,-1.112656,-16.03209,1.413447,-0.003918477,1.6469361026,-0.1551023023
2.426737,0.037788,-19.573331,1.290957,0.0716415089,1.4809169786,-0.0231383833
2.427786,-0.135139,-18.337848,0.423921,0.1450730445,1.3117051792,0.0768987812
2.428835,-1.631437,-16.350538,1.286153,0.2089265537,1.14462183,0.0928621585
2.429884,-1.189513,-8.884959,-0.736131,0.1908347261,1.123337327,0.0247517486
2.430933,1.142598,2.560027,-3.053831,0.072705734,1.3542741853,-0.104019495
2.43195,0.643032,4.324662,0.099683,-0.0337167813,1.6533214535,-0.2189558116
2.432999,-1.379252,-5.927939,2.287688,-0.0539370592,1.7342025652,-0.2370476392
2.434048,-1.23995,-16.276313,1.893799,-0.003918477,1.6171377983,-0.1497811766
2.435099,0.035386,-19.432065,1.242921,0.065256158,1.4745316277,-0.0114319066
2.436114,0.078618,-18.558128,0.469554,0.1291096672,1.324475881,0.0875410327
2.437163,-1.314404,-16.233215,0.942701,0.1876420506,1.1627136577,0.1013759597
2.438212,-0.774008,-7.979895,-0.978708,0.155715296,1.1541998564,0.0332655499
2.439261,1.212249,2.591154,-2.818458,0.0312009531,1.4096138933,-0.0912487931
2.440278,0.424471,3.546499,0.435929,-0.0496801586,1.691633559,-0.2051208846
2.441327,-1.292788,-6.119487,1.896201,-0.0496801586,1.7299456646,-0.2317265134
2.442376,-0.980559,-16.317017,1.341394,0.0035310991,1.59478907,-0.1540380772
2.443425,0.186697,-19.585303,1.180476,0.0748341844,1.4521828994,-0.0199457078
2.444442,0.090627,-18.984322,0.375885,0.1397519187,1.3127694043,0.0832841321
2.445491,-1.170299,-16.089554,0.933094,0.197220077,1.1818697104,0.0992475094
2.44654,-0.488198,-6.502582,-1.495087,0.1599721966,1.2042184386,0.0290086492
2.447589,1.265088,3.278332,-3.212347,0.0269440524,1.4660178264,-0.0965699189
2.448638,0.277964,2.708477,0.877854,-0.0571297347,1.7363310155,-0.1976713085
2.449655,-1.45851,-6.935959,1.968254,-0.0528728341,1.7533586179,-0.2104420103
2.450704,0.004163,-20.430508,1.615195,0.0758984095,1.4447333234,0.0055956959
2.451753,-0.365708,-18.87897,0.339859,0.1525226206,1.2861637755,0.0939263836
2.452802,-1.511349,-14.315342,0.349466,0.1961558519,1.1329153534,0.0832841321
2.453819,-0.716366,-5.638222,-1.514301,0.155715296,1.1627136577,-0.0050465557
2.454868,0.914431,2.433127,-2.590291,0.0492927807,1.4596324755,-0.1221113226
2.455917,0.008967,2.08834,0.637677,-0.0369094568,1.7576155185,-0.2061851097
2.456966,-1.578598,-7.457927,1.852969,-0.0507443838,1.7820926971,-0.2104420103
2.457984,-0.966149,-16.714479,1.713667,0.0024668739,1.6160735731,-0.1242397729
2.459032,0.414864,-19.056152,0.916282,0.0673846083,1.4457975485,-0.0007896551
2.460081,0.0546,-18.562916,0.678507,0.134430793,1.2872280006,0.0790272315
2.46113,-1.504144,-15.665754,1.639212,0.197220077,1.14462183,0.075834556
2.462179,-0.802829,-6.148219,-1.221286,0.1578437463,1.1573925319,-0.0061107808
2.463196,1.183428,3.256783,-2.770423,0.0301367279,1.4128065688,-0.1274324483
2.464245,0.371633,2.337353,0.616062,-0.0443590329,1.6948262345,-0.2146989109
2.465294,-1.393662,-7.340604,1.893799,-0.0443590329,1.7342025652,-0.2125704606
2.466343,-1.026193,-16.810253,1.80013,0.0024668739,1.5915963946,-0.1221113226
2.467361,0.21792,-19.580514,1.480696,0.0758984095,1.448990224,0.0109168216
2.468409,-0.055881,-18.254045,0.126102,0.141880369,1.3021271528,0.0981832842
2.469458,-1.263967,-15.273081,0.135709,0.1780640243,1.1541998564,0.0917979333
2.470507,-0.284048,-5.901601,-1.828932,0.1291096672,1.1935761871,0.0077241462
2.471524,1.214651,3.790722,-2.258848,0.0184302512,1.462825151,-0.1135975214
2.472573,0.071412,1.83454,1.096414,-0.0401021322,1.7033400357,-0.1997997588
2.473622,-1.230343,-8.930452,1.521526,-0.031588331,1.7182391879,-0.1955428582
2.474671,-0.632304,-17.164617,1.411045,0.0205587015,1.5894679443,-0.1050837201
2.47572,0.304383,-18.534184,1.089209,0.0907975617,1.4500544491,0.0109168216
2.476737,-0.392128,-18.524607,0.512786,0.1567795212,1.3127694043,0.0800914566
2.477786,-0.298459,-4.431471,-2.302079,0.1312381175,1.2627508221,-0.0114319066
2.478836,0.873601,3.043686,-2.412561,-0.0017900267,1.5468989381,-0.1284966735
2.479885,-0.603483,0.69483,2.037905,-0.0581939599,1.7703862204,-0.1976713085
2.480901,-1.619428,-7.690179,1.504714,-0.0401021322,1.7288814394,-0.194478633
2.48195,-0.730776,-16.568424,1.094012,0.0088522248,1.5649907657,-0.1146617465
2.483,0.232331,-19.819949,1.619998,0.0833479856,1.4159992442,0.0098525965
2.484048,-0.310468,-18.953195,0.36868,0.1578437463,1.2606223718,0.0886052578
2.485066,-1.470519,-14.85407,0.733748,0.197220077,1.1286584527,0.0768987812
2.486115,-0.317673,-4.46978,-1.881771,0.1440088193,1.1967688626,-0.0103676814
2.487164,1.217053,4.07565,-2.895315,0.0226871518,1.5085868326,-0.131689349
2.488213,-0.214397,1.109052,1.28135,-0.0475517083,1.7661293198,-0.20831356
2.489261,-1.645847,-9.399744,2.021092,-0.0347810065,1.7480374922,-0.1923501827
2.490279,-0.680339,-16.982646,1.348599,0.0226871518,1.5926606197,-0.097634144
2.491328,0.491721,-18.450382,0.880255,0.0812195353,1.4404764228,0.0215590732
2.492377,-0.202388,-18.479114,0.474358,0.1440088193,1.2850995503,0.089669483
2.493426,-1.535366,-15.265898,1.127637,0.1929631764,1.1499429558,0.0779630063
2.494443,-0.339289,-4.895974,-2.01627,0.1323023427,1.2020899883,-0.007175006
2.495492,1.394783,4.09241,-2.799244,0.0035310991,1.5139079584,-0.1284966735
2.496541,0.04019,1.865666,1.190083,-0.0603224102,1.7948633989,-0.20831356
2.49759,-1.532965,-8.940029,1.824148,-0.0496801586,1.7895422732,-0.1976713085
2.498609,-0.85807,-17.961935,1.804934,0.0088522248,1.6267158246,-0.097634144
2.499657,0.114644,-20.047412,1.471089,0.0897333365,1.4660178264,0.0311370995
2.500706,-0.473788,-18.297144,0.332654,0.1599721966,1.2882922258,0.0981832842
2.501754,-1.689079,-13.606615,0.865845,0.1918989513,1.1180162012,0.0694492051
2.502803,1.233865,3.350162,-2.215616,0.0248156021,1.4468617737,-0.131689349
2.50382,0.09543,1.698062,0.515188,-0.0496801586,1.7427163664,-0.2072493349
2.504869,-1.448903,-9.150732,1.58157,-0.0496801586,1.760808194,-0.1987355336
2.505918,-0.742785,-17.954752,1.656025,0.0120449003,1.6043670964,-0.097634144
2.506967,0.388445,-19.259672,0.726543,0.0833479856,1.4394121976,0.0279444241
2.507984,-0.228808,-18.005033,0.529598,0.1503941703,1.2776499742,0.0928621585
2.509033,-1.408073,-14.569143,1.017156,0.1940274016,1.1573925319,0.0715776554
2.510082,-0.137541,-4.551188,-1.970636,0.1323023427,1.2361451933,-0.0156888072
2.511131,1.272294,4.358183,-2.203607,0.0109806751,1.5266786602,-0.1327535741
2.512148,-0.228808,1.195248,1.206895,-0.0432948077,1.7437805916,-0.2104420103
2.513197,-1.578598,-9.739742,1.502312,-0.0294598807,1.705468486,-0.1934144079
2.514246,-0.853266,-18.048131,1.439866,0.0248156021,1.5511558387,-0.0891203428
2.515295,0.306785,-19.863048,1.009951,0.0971829126,1.4138707939,0.0417793511
2.516312,-0.161558,-18.289961,-0.099664,0.1663575476,1.2765857491,0.1109539861
2.517362,-1.21353,-13.582671,-0.104467,0.1823209249,1.186126611,0.0843483572
2.51841,0.049797,-2.968524,-2.160375,0.0950544623,1.3010629276,-0.0135603569
2.519459,0.880806,4.616773,-1.286134,-0.0060469273,1.5905321694,-0.1327535741
2.520508,-0.793222,-0.15277,1.968254,-0.0294598807,1.7618724192,-0.1997997588
2.521526,-1.532965,-11.173956,1.437464,-0.0049827022,1.6958904596,-0.1763868054
2.522574,-0.406538,-17.83264,1.266939,0.0450358801,1.5405135872,-0.076349641
2.523624,0.479712,-18.749675,0.839425,0.1035682635,1.3925862908,0.0385866756
2.524672,-0.466582,-18.720943,0.697721,0.1663575476,1.2489158951,0.0939263836
2.525689,-1.393662,-14.01126,0.70973,0.1950916267,1.1712274589,0.0683849799
2.526738,0.287571,-2.238247,-2.849681,0.1025040383,1.3148978546,-0.0295237342
2.527787,1.02251,4.520999,-1.492686,-0.0230745298,1.636293851,-0.1465885011
2.528836,-1.002175,-0.320374,2.563891,-0.0518086089,1.8065698756,-0.2029924343
2.529856,-0.560251,-17.94278,1.495107,0.0312009531,1.5479631633,-0.0678358397
2.530903,0.277964,-19.422487,1.24052,0.0982471377,1.3808798142,0.0502931523
2.531952,-0.596277,-18.864604,0.080469,0.1567795212,1.2042184386,0.1003117345
2.533001,-1.393662,-13.609009,0.661695,0.1844493752,1.1052454994,0.0630638542
2.534049,0.388445,-2.073037,-2.68396,0.120595866,1.255301246,-0.0380375354
2.535067,1.43081,4.906489,-2.621514,-0.0017900267,1.6256515995,-0.1540380772
2.536115,-0.507412,-0.138404,1.98987,-0.0613866353,1.8587169081,-0.2125704606
2.537165,-1.571393,-11.209872,1.910611,-0.0379736819,1.7874138229,-0.1774510306
2.538214,-0.464181,-18.294749,1.483098,0.023751377,1.6096882222,-0.0667716146
2.539233,0.256348,-19.305164,1.144449,0.0950544623,1.4436690982,0.0545500529
2.54028,-0.87248,-18.776013,0.659293,0.1663575476,1.2648792724,0.1088255358
2.541329,-1.746722,-13.223519,1.026763,0.2014769776,1.1297226779,0.0726418805
2.542378,0.117046,-1.103326,-2.266053,0.1259169917,1.2074111141,-0.0369733103
2.543395,1.380373,4.695786,-2.109938,0.00991645,1.5139079584,-0.1551023023
2.544444,-0.437761,-1.56783,1.54074,-0.0390379071,1.7501659425,-0.2051208846
2.545493,-1.617026,-11.937754,1.492705,-0.0230745298,1.7171749627,-0.1646803287
2.546542,-0.54584,-17.50222,1.689649,0.0312009531,1.5607338651,-0.0582578134
2.547591,0.253946,-18.49348,0.570428,0.0950544623,1.4053569927,0.0492289272
2.54861,-0.711562,-19.156715,-0.070842,0.1525226206,1.2499801203,0.0928621585
2.549657,-1.15829,-13.031971,0.411912,0.1738071236,1.178677035,0.0609354038
2.550706,0.448489,-0.942905,-2.626317,0.1014398132,1.3329896822,-0.0369733103
2.551755,0.695871,4.061284,-0.98111,0.0024668739,1.642679202,-0.1465885011
2.552772,-1.09104,-1.51276,2.206028,-0.031588331,1.788478048,-0.1976713085
2.553821,-1.492135,-11.698319,1.086807,-0.0060469273,1.6841839829,-0.1657445539
2.55487,-0.252825,-17.717711,1.348599,0.0482285555,1.5213575344,-0.0657073894
2.555919,-0.358503,-18.354608,0.649686,0.155715296,1.2478516699,0.0928621585
2.556936,-1.086237,-12.359159,0.351868,0.1738071236,1.199961538,0.061999629
2.557985,0.277964,-2.010784,-2.837672,0.0907975617,1.3585310859,-0.0380375354
2.559034,0.760718,3.352557,-1.005128,-0.0252029801,1.6650279302,-0.1508454017
2.560083,-0.853266,-0.952482,1.910611,-0.0571297347,1.8225332529,-0.2093777852
2.561132,-1.480126,-11.061422,1.610391,-0.0188176292,1.7320741149,-0.1795794809
2.562149,-0.435359,-18.239679,1.466285,0.0429074297,1.573504567,-0.0710285152
2.563198,0.323597,-19.19263,0.844229,0.1099536144,1.4170634694,0.0513573775
2.564247,-0.629902,-17.068843,0.803399,0.1727428985,1.2329525178,0.1066970855
2.565296,-1.40327,-11.73184,0.078067,0.1876420506,1.1137593006,0.0705134302
2.566313,0.201108,-3.200776,-2.662344,0.1025040383,1.2478516699,-0.0305879594
2.567362,1.142598,2.469042,-1.759281,-0.0113680531,1.5926606197,-0.1433958257
2.568411,-0.365708,-0.660372,1.401438,-0.059258185,1.8044414253,-0.2061851097
2.56946,-1.273574,-10.642411,2.033101,-0.0358452316,1.7480374922,-0.1817079312
2.57048,-0.471386,-17.823063,1.807336,0.0290725027,1.6001101958,-0.0752854158
2.571526,0.069011,-19.305164,0.906675,0.0982471377,1.4511186743,0.0460362517
2.572575,-0.999773,-18.244468,1.190083,0.1663575476,1.2787141994,0.1077613106
2.573624,-1.583402,-11.851557,0.488768,0.1876420506,1.1563283067,0.0747703308
2.574641,0.131456,-1.539098,-2.789637,0.0982471377,1.2542370209,-0.0380375354
2.57569,0.938449,3.386077,-1.36299,-0.0124322782,1.5522200639,-0.1582949778
2.576739,-0.581867,-1.261353,1.483098,-0.0475517083,1.7459090419,-0.2115062355
2.577788,-1.388859,-11.276913,1.435062,-0.0241387549,1.6895051087,-0.1742583551
2.578837,-0.54584,-18.567705,1.932227,0.0322651782,1.539449362,-0.0603862637
2.579857,0.141064,-20.076145,0.945103,0.1014398132,1.3968431915,0.0641280793
2.580903,-0.574662,-17.691373,0.217369,0.1599721966,1.2563654712,0.1141466615
2.581952,0.405257,-1.268536,-2.53505,0.0854764359,1.379815589,-0.0454871115
2.583001,0.587791,3.498612,-0.577614,-0.0220103046,1.6703490559,-0.1625518784
2.584018,-0.826847,-1.869518,1.78572,-0.0528728341,1.7916707235,-0.2168273613
2.585067,-1.196718,-12.138879,1.24052,-0.0156249537,1.6980189099,-0.1763868054
2.586116,-0.332084,-18.402495,0.935496,0.0471643304,1.5351924614,-0.0603862637
2.587165,0.157876,-19.736147,0.471956,0.1131462899,1.3744944632,0.0577427284
2.588182,-0.444966,-17.320249,0.813006,0.1844493752,1.2446589945,0.1098897609
2.589234,-0.608286,-10.285653,-0.791371,0.1918989513,1.2297598423,0.0651923045
2.59028,0.527747,-1.318818,-3.145098,0.0780268598,1.42132037,-0.0508082373
2.591329,0.393249,2.516929,-0.277394,-0.0432948077,1.6958904596,-0.1636161036
2.592378,-1.098246,-2.247825,2.465418,-0.0613866353,1.7874138229,-0.2115062355
2.593395,-1.40327,-11.727051,1.559954,-0.0156249537,1.6767344069,-0.1742583551
2.594444,-0.493002,-19.048969,1.389429,0.0439716549,1.5309355608,-0.0582578134
2.595493,0.018574,-19.621218,1.310171,0.1195316408,1.3830082645,0.0694492051
2.596542,-0.999773,-16.175751,0.366278,0.18338515,1.2042184386,0.1098897609
2.597559,-1.348029,-10.819593,-0.601632,0.1727428985,1.1318511282,0.0556142781
2.59861,0.414864,-1.464873,-2.232428,0.0758984095,1.3297970068,-0.0561293631
2.599656,0.741504,3.884102,-1.326964,-0.0230745298,1.6511930032,-0.1763868054
2.600706,-0.91331,-2.994862,1.82655,-0.0486159335,1.7767715713,-0.2285338379
2.601725,-1.259164,-13.506052,2.328518,-0.0060469273,1.6746059566,-0.17319413
2.602772,-0.120729,-17.906865,1.149253,0.051421231,1.5245502099,-0.0561293631
2.603821,0.229929,-18.711366,0.969121,0.106760939,1.3840724896,0.0545500529
2.604869,-0.786017,-17.727289,1.218904,0.1706144482,1.2521085706,0.10350441
2.605919,-0.646714,-10.496356,-1.086788,0.1706144482,1.2404020939,0.0641280793
2.606936,0.847182,-0.054602,-3.015403,0.0609992574,1.4319626215,-0.0497440121
2.607985,0.501328,3.9272,0.106888,-0.0411663574,1.6746059566,-0.1678730042
2.609034,-1.237548,-13.915486,1.420652,-0.0188176292,1.628844275,-0.1689372293
2.610082,-0.334485,-20.3491,1.689649,0.0503570058,1.4883665547,-0.0359090851
2.611102,0.141064,-19.599669,0.692918,0.1259169917,1.3574668608,0.0864768075
2.612149,-0.485796,-15.42632,0.236583,0.1844493752,1.2435947693,0.1120182112
2.613197,-0.50501,-8.868199,-1.411026,0.1631648721,1.2659434976,0.0417793511
2.614246,0.551765,-1.009947,-2.460596,0.0503570058,1.5085868326,-0.0752854158
2.615264,0.071412,2.555238,0.570428,-0.0464874832,1.7810284719,-0.180643706
2.616313,-1.283181,-3.167255,1.980262,-0.0571297347,1.829982829,-0.222148487
2.617362,-1.196718,-13.290561,1.235716,-0.0071111525,1.6948262345,-0.1742583551
2.61841,-0.281647,-19.202207,0.959514,0.0599350322,1.531999786,-0.0550651379
2.619459,0.004163,-19.546994,0.760167,0.1323023427,1.3681091123,0.0630638542
2.620479,-0.992568,-15.771106,1.120432,0.197220077,1.2052826638,0.1045686351
2.621526,-1.100647,-8.65989,-0.911459,0.1812566997,1.1712274589,0.0502931523
2.622575,0.652639,-0.835159,-3.387676,0.0620634825,1.3957789663,-0.0657073894
2.623623,0.715085,2.528901,-0.676086,-0.0496801586,1.7118538369,-0.1742583551
2.624641,-0.958944,-3.105002,2.033101,-0.0656435359,1.8076341008,-0.2157631361
2.62569,-1.261566,-13.582671,1.917817,-0.017753404,1.6895051087,-0.1636161036
2.626739,-0.394529,-19.942061,1.824148,0.0482285555,1.5522200639,-0.0359090851
2.627788,-0.197585,-19.74333,1.045977,0.128045442,1.4106781185,0.0843483572
2.628805,-1.21353,-15.20604,0.539205,0.1876420506,1.2286956172,0.1098897609
2.629857,-1.127067,-7.857784,-0.894647,0.1567795212,1.1520714061,0.0300728744
2.630903,0.652639,-0.248544,-2.489417,0.0482285555,1.3510815099,-0.0944414686
2.631952,0.664648,2.014116,-0.397482,-0.0390379071,1.6735417314,-0.1923501827
2.633001,-0.918114,-4.850482,1.71847,-0.0539370592,1.7927349486,-0.2157631361
2.634018,-0.95414,-14.183653,2.025896,-0.0103038279,1.6884408836,-0.1508454017
2.635067,0.249143,-18.294749,0.570428,0.1152747402,1.4042927675,0.0577427284
2.636116,-1.165495,-16.824619,1.130039,0.1801924746,1.255301246,0.0800914566
2.637165,-1.028595,-9.450025,-0.954691,0.169550223,1.2212460411,0.0226232983
2.638182,0.861592,0.668492,-3.159509,0.0567423567,1.4234488203,-0.0912487931
2.639234,0.510935,3.06284,-0.056432,-0.0390379071,1.7033400357,-0.1934144079
2.64028,-1.324011,-4.567949,2.107556,-0.0486159335,1.7767715713,-0.2157631361
2.641329,-1.299994,-14.037597,1.619998,-0.0060469273,1.656514129,-0.1487169514
2.642346,-0.187978,-18.883759,1.54074,0.0556781316,1.5139079584,-0.0263310588
2.643395,-0.005444,-19.039392,0.813006,0.1216600911,1.3681091123,0.0768987812
2.644444,-0.949336,-15.797444,0.423921,0.1706144482,1.2169891405,0.0928621585
2.645493,-0.769204,-8.71496,-1.173251,0.1429445942,1.2127322399,0.0194306229
2.646511,0.724692,0.211171,-2.592693,0.0322651782,1.4575040252,-0.097634144
2.647559,0.359624,2.873687,0.097281,-0.0581939599,1.7373952406,-0.1997997588
2.648611,-1.170299,-4.970199,1.985066,-0.0581939599,1.7927349486,-0.2274696128
2.649657,-0.992568,-14.777451,1.576766,-0.0017900267,1.6714132811,-0.159359203
2.650706,0.090627,-18.512635,1.048379,0.0609992574,1.5309355608,-0.0337806348
2.651725,0.037788,-18.285172,0.781783,0.1269812169,1.3851367148,0.0705134302
2.652772,-1.122263,-16.091949,1.137244,0.1876420506,1.2425305442,0.0971190591
2.653821,-0.718767,-8.46116,-1.358187,0.1610364218,1.2457232196,0.0322013247
2.65487,0.991287,1.137784,-3.255579,0.0354578537,1.4809169786,-0.0933772434
2.655887,0.301982,2.287071,0.323047,-0.0528728341,1.7437805916,-0.1987355336
2.656936,-1.448903,-5.492167,2.316509,-0.0496801586,1.7842211474,-0.2189558116
2.657986,-1.285583,-14.391961,1.415848,-0.003918477,1.6511930032,-0.1508454017
2.659034,-0.276843,-19.1208,1.396634,0.0535496813,1.4979445811,-0.0305879594
2.660051,-0.308066,-19.630796,0.77698,0.1237885414,1.3436319338,0.0673207548
2.661102,-0.57226,-6.406808,-1.353383,0.1386876936,1.2297598423,0.0098525965
2.662149,0.962466,1.494542,-2.669549,0.0343936285,1.5032657068,-0.1008268195
2.663197,0.157876,1.386796,0.212566,-0.0475517083,1.7863495977,-0.1880932821
2.664246,-1.316806,-6.138641,1.94904,-0.059258185,1.8118910014,-0.2040566594
2.665263,-0.814838,-14.72717,1.509517,-0.0103038279,1.6660921553,-0.139138925
2.666313,0.311589,-18.876576,1.252529,0.0578065819,1.5213575344,-0.0252668336
2.667361,-0.031863,-19.336291,0.906675,0.128045442,1.3734302381,0.0598711787
2.66841,-1.343225,-15.744768,0.95471,0.1865778255,1.2255029417,0.061999629
2.669427,-0.759597,-6.722862,-1.125216,0.1546510709,1.2265671669,-0.0124961318
2.670478,1.044126,1.832145,-2.592693,0.0418432046,1.4830454289,-0.1199828723
2.671525,0.374034,2.05482,0.142914,-0.0475517083,1.7789000216,-0.2029924343
2.672574,-1.364841,-6.227232,1.953843,-0.0581939599,1.8246617032,-0.2115062355
2.673591,-1.021389,-15.083928,1.603186,-0.0060469273,1.6788628572,-0.1370104747
2.67464,0.114644,-19.127983,1.069995,0.0620634825,1.5213575344,-0.0167530324
2.675689,-0.202388,-19.695443,0.570428,0.1323023427,1.3585310859,0.075834556
2.677787,-0.502609,-6.026107,-1.891378,0.1429445942,1.2095395644,-0.007175006
2.676738,-1.348029,-15.950682,0.383091,0.1855136003,1.1967688626,0.0779630063
2.678804,1.145,3.287909,-2.65754,0.0269440524,1.4809169786,-0.1295608987
2.679855,0.030582,2.22003,0.666499,-0.0379736819,1.7491017173,-0.2157631361
2.680902,-1.578598,-7.967924,1.86738,-0.031588331,1.7640008695,-0.2125704606
2.681951,-0.982961,-16.6211,1.809737,0.0152375758,1.6235231492,-0.1210470974
2.682968,0.157876,-18.773619,1.33659,0.072705734,1.4862381044,0.0045314707
2.684017,-0.087104,-18.428833,0.474358,0.1312381175,1.3425677086,0.0854125824
2.685066,-1.182307,-15.323363,0.89947,0.1791282494,1.2116680147,0.0768987812
2.686114,-0.279245,-5.82977,-1.694434,0.1248527666,1.2584939215,-0.0082392311
2.687132,1.159411,3.275937,-2.458194,-0.0049827022,1.5447704878,-0.1284966735
2.688181,-1.665062,-8.518624,2.028298,-0.0464874832,1.7725146707,-0.20831356
2.689232,-0.786017,-17.107152,1.449473,0.0067237745,1.6182020234,-0.1157259717
2.690278,0.362026,-18.723338,1.437464,0.072705734,1.4798527534,0.0077241462
2.691328,-0.159157,-18.09123,0.342261,0.1365592433,1.3308612319,0.0768987812
2.692344,-1.343225,-15.732796,0.544009,0.1823209249,1.2020899883,0.0566785032
2.693393,-0.175969,-6.117092,-1.749674,0.1333665678,1.2680719479,-0.0316521845
2.694442,1.428408,3.922412,-2.76562,0.0131091254,1.573504567,-0.1465885011
2.695491,-0.125532,2.380451,1.204493,-0.0528728341,1.8310470542,-0.2232127122
2.696508,-1.833185,-8.702989,2.021092,-0.045423258,1.8076341008,-0.2104420103
2.697557,-1.033398,-17.66743,1.456678,0.0088522248,1.6416149768,-0.1093406207
2.698609,0.165081,-18.764042,1.535936,0.0780268598,1.4926234553,0.0226232983
2.699655,-0.310468,-17.372925,0.440733,0.1397519187,1.3319254571,0.0949906088
2.700672,-1.408073,-14.916323,0.767373,0.1769997991,1.1829339356,0.0747703308
2.701721,-0.28645,-6.045262,-1.571944,0.120595866,1.2297598423,-0.0156888072
2.70277,1.296311,3.247205,-2.691165,-0.003918477,1.5266786602,-0.139138925
2.703819,0.025779,1.801019,1.257332,-0.0762857875,1.7969918492,-0.2242769373
2.704836,-1.535366,-9.004677,1.901004,-0.0656435359,1.7980560744,-0.2146989109
2.705885,-0.906105,-17.772781,1.627203,-0.0028542519,1.6511930032,-0.111469071
2.706934,0.09543,-19.068124,1.226109,0.0769626347,1.5085868326,0.0151737222
2.707985,-0.440163,-17.641092,-0.178922,0.1440088193,1.3446961589,0.0811556818
2.709031,-1.343225,-13.680839,0.411912,0.175935574,1.1967688626,0.0566785032
2.710049,-0.236013,-5.228789,-1.605568,0.128045442,1.2467874448,-0.0316521845
2.711097,0.921636,1.714822,-2.131554,0.023751377,1.5341282363,-0.1359462496
2.712146,-0.255227,0.737928,0.863443,-0.0432948077,1.7874138229,-0.2061851097
2.713195,-0.759597,-16.439129,1.780916,0.0088522248,1.628844275,-0.1189186471
2.714212,0.253946,-19.063335,0.868247,0.0716415089,1.4862381044,0.0002745701
2.715262,-0.159157,-18.627564,0.652088,0.1397519187,1.3446961589,0.0747703308
2.71631,-1.07663,-14.315342,0.62807,0.18338515,1.2297598423,0.061999629
2.717361,-0.031863,-4.479358,-2.302079,0.114210515,1.2989344773,-0.0295237342
2.718376,0.957663,2.828194,-1.631988,-0.0060469273,1.5692476664,-0.1423316005
2.719425,-0.425752,0.388353,1.559954,-0.0496801586,1.7789000216,-0.2093777852
2.720477,-1.405671,-8.817917,1.54074,-0.031588331,1.7576155185,-0.1966070833
2.721523,-0.50501,-16.604339,1.610391,0.0152375758,1.6245873743,-0.1072121704
2.722572,0.43648,-18.981927,1.125235,0.0769626347,1.4894307798,0.0098525965
2.723589,-0.24562,-18.184609,0.193351,0.1386876936,1.3372465829,0.0747703308
2.724638,-1.319208,-14.289004,-0.090056,0.1706144482,1.2297598423,0.0534858278
2.725687,-0.255227,-5.312591,-2.506229,0.1056967138,1.3415034835,-0.0359090851
2.726736,0.731897,3.22805,-1.792906,-0.0113680531,1.6480003277,-0.1508454017
2.727753,-0.651518,1.24553,1.927424,-0.0624508605,1.8395608554,-0.2264053876
2.728802,-1.648249,-9.670306,2.028298,-0.0347810065,1.7767715713,-0.2072493349
2.729853,-0.754794,-17.080815,1.497508,0.0248156021,1.6267158246,-0.1029552698
2.7309,0.201108,-17.715317,1.019558,0.0844122107,1.4787885283,0.0141094971
2.731917,-0.574662,-18.258834,0.539205,0.1472014948,1.3063840534,0.075834556
2.732966,-1.585803,-15.735191,0.808203,0.18338515,1.1744201343,0.0588069535
2.734015,0.088225,-4.134572,-2.383739,0.106760939,1.2659434976,-0.0305879594
2.735064,1.397185,4.743673,-2.568675,-0.0188176292,1.5841468185,-0.152973852
2.736114,-0.444966,0.63976,2.184412,-0.0635150856,1.8086983259,-0.222148487
2.73713,-1.59541,-9.787629,2.133975,-0.0432948077,1.7671935449,-0.1966070833
2.738179,-0.620295,-17.293912,1.600784,0.0067237745,1.6299085001,-0.0955056937
2.73923,0.124251,-19.41291,1.463884,0.0758984095,1.4915592301,0.0247517486
2.740277,-1.405671,-13.635347,0.560821,0.1578437463,1.1627136577,0.0588069535
2.741294,0.390847,-1.855152,-2.362123,0.0844122107,1.2648792724,-0.0433586612
2.742343,1.375569,4.161846,-2.081117,-0.0209460795,1.6096882222,-0.1551023023
2.743392,-0.442565,-1.141636,1.874585,-0.0613866353,1.8544600075,-0.2072493349
2.744441,-1.364841,-10.93931,1.29576,-0.0432948077,1.8044414253,-0.1763868054
2.745458,-0.305664,-16.882084,1.408643,0.00991645,1.6341654007,-0.083799217
2.746507,0.398052,-18.771225,0.652088,0.0801553101,1.4819812038,0.0151737222
2.747556,-0.639509,-19.657134,0.253395,0.1503941703,1.3266043313,0.0630638542
2.748607,-1.343225,-13.735909,0.87305,0.18338515,1.2244387166,0.0407151259
2.749654,0.362026,-1.330789,-2.645531,0.114210515,1.3446961589,-0.0497440121
2.750671,0.996091,4.616773,-1.903387,0.0003384236,1.6714132811,-0.1572307527
2.75172,-0.973354,-0.823187,1.958647,-0.0464874832,1.8693591597,-0.20831356
2.752769,-1.773141,-10.788466,1.523928,-0.0273314304,1.7831569222,-0.1763868054
2.753818,-0.661125,-17.456727,1.120432,0.0205587015,1.5990459707,-0.0752854158
2.754835,0.148269,-19.654739,0.714534,0.0844122107,1.4308983964,0.0375224505
2.755884,-0.697151,-19.750513,0.608856,0.1546510709,1.2659434976,0.0864768075
2.756933,-1.184709,-13.113379,0.154923,0.1727428985,1.1839981607,0.0460362517
2.757984,0.635827,-0.344318,-2.700772,0.0801553101,1.3468246092,-0.0614504888
2.758999,1.020108,4.837053,-1.096395,-0.0262672052,1.6895051087,-0.1753225803
2.760048,-1.093442,-2.192755,2.177207,-0.0518086089,1.8725518351,-0.2157631361
2.761097,-1.590607,-12.033528,1.562356,-0.0220103046,1.7852853725,-0.1700014545
2.762145,-0.209594,-16.793493,1.163663,0.0354578537,1.6213946989,-0.0689000649
2.763195,0.38124,-18.450382,0.57283,0.0971829126,1.4585682504,0.0311370995
2.764212,-0.908507,-19.659528,0.825015,0.1610364218,1.2733930736,0.0768987812
2.765261,-1.348029,-13.213941,0.335055,0.175935574,1.1669705583,0.0449720265
2.76631,1.029716,4.748462,-0.942682,-0.0198818543,1.6554499038,-0.166808779
2.767361,-1.071826,-2.077826,2.237251,-0.0486159335,1.8342397296,-0.2072493349
2.768376,-1.487331,-12.301695,1.692051,-0.0241387549,1.7576155185,-0.1636161036
2.769425,-0.276843,-17.839823,1.824148,0.0301367279,1.6107524473,-0.0571935882
2.770476,0.366829,-18.840661,0.57283,0.0886691114,1.4660178264,0.0492289272
2.771523,-0.716366,-18.732915,0.553616,0.1493299451,1.2914849012,0.0886052578
2.77254,-1.261566,-12.495637,0.080469,0.162100647,1.1935761871,0.0460362517
2.773589,0.633425,-0.413754,-3.094661,0.0631277077,1.3617237614,-0.0603862637
2.774638,0.90002,4.659871,-0.623248,-0.0411663574,1.7001473603,-0.1678730042
2.775687,-1.177504,-2.302895,2.261269,-0.0560655095,1.8597811333,-0.2072493349
2.776704,-1.463314,-12.770987,1.358206,-0.0209460795,1.7640008695,-0.1572307527
2.777753,-0.072693,-17.674613,1.379822,0.0343936285,1.6054313216,-0.0497440121
2.778802,0.414864,-18.464748,0.359073,0.0950544623,1.4479259988,0.0471004769
2.779854,-0.934926,-19.535022,0.769774,0.1589079715,1.2797784246,0.0779630063
2.7809,-1.23995,-13.022394,0.116495,0.1716786733,1.213796465,0.0353940002
2.781918,0.948056,0.476944,-3.493353,0.0684488334,1.4053569927,-0.0731569655
2.782967,0.948056,4.980714,-0.731327,-0.0369094568,1.7384594658,-0.180643706
2.784015,-1.36244,-2.475288,2.499043,-0.0528728341,1.8757445106,-0.2125704606
2.785064,-1.686677,-12.644087,1.278948,-0.0209460795,1.760808194,-0.1582949778
2.786082,-0.466582,-18.09123,1.45908,0.0343936285,1.5915963946,-0.0433586612
2.787131,0.049797,-19.087279,0.637677,0.1014398132,1.4287699461,0.0683849799
2.78818,-0.937328,-18.462354,0.476759,0.162100647,1.2510443454,0.10350441
2.789231,-1.057416,-11.777332,-0.195734,0.1652933224,1.172291684,0.0545500529
2.790246,0.936047,-0.332346,-3.058635,0.0695130586,1.3670448872,-0.0561293631
2.791295,1.015305,4.415647,-0.810585,-0.0347810065,1.7267529891,-0.1700014545
2.792344,-1.556982,-13.472531,1.903406,-0.0337167813,1.7916707235,-0.1625518784
2.793392,-0.322477,-18.316298,1.63681,0.0333294034,1.6309727253,-0.0454871115
2.794442,0.208313,-18.349819,0.282217,0.0993113629,1.4745316277,0.0556142781
2.795458,-1.05021,-18.471931,1.067593,0.1663575476,1.2989344773,0.0843483572
2.796508,-1.331217,-11.518743,0.344662,0.1748713488,1.2116680147,0.034329775
2.797556,0.777531,0.836096,-2.916931,0.0695130586,1.3617237614,-0.076349641
2.798608,0.890413,3.675794,-0.596828,-0.0283956555,1.6724775063,-0.1742583551
2.799623,-1.136674,-3.940629,1.884192,-0.045423258,1.8353039548,-0.1955428582
2.800672,-1.256762,-12.680002,1.420652,-0.0209460795,1.7480374922,-0.1402031502
2.80172,0.064207,-17.432784,1.598382,0.0280082776,1.5862752688,-0.0401659857
2.802769,0.407659,-19.348263,0.54641,0.0897333365,1.4372837473,0.0524216026
2.803787,-0.961345,-18.826295,0.933094,0.1546510709,1.2776499742,0.0811556818
2.804836,-1.15829,-10.379033,-0.130886,0.1535868457,1.2106037896,0.0300728744
2.805884,0.933645,1.219192,-3.164312,0.0482285555,1.4096138933,-0.0795423164
2.806934,0.851985,3.584808,-0.250975,-0.0443590329,1.746973267,-0.1742583551
2.807985,-1.256762,-4.041192,2.052315,-0.0581939599,1.8746802855,-0.1966070833
2.809,-1.386457,-13.427039,1.09161,-0.0220103046,1.7576155185,-0.1412673753
2.810049,-0.14955,-17.643486,1.32218,0.0429074297,1.5958532952,-0.0337806348
2.811097,0.0546,-19.149532,0.121299,0.1088893893,1.4372837473,0.0577427284
2.812146,-1.09104,-18.723338,0.527196,0.1716786733,1.2744572988,0.0800914566
2.813164,-0.87248,-9.794812,-0.560802,0.1674217727,1.2318882926,0.0247517486
2.814213,0.945654,1.223981,-3.193133,0.058870807,1.4468617737,-0.0816707667
2.815262,0.405257,3.254388,0.536803,-0.0294598807,1.7650650946,-0.17319413
2.816311,-1.446501,-3.64373,2.287688,-0.0411663574,1.8693591597,-0.1955428582
2.817328,-1.249557,-13.359997,1.29576,-0.0134965034,1.7533586179,-0.1423316005
2.818376,-0.019855,-18.215736,1.84096,0.0429074297,1.6022386461,-0.0337806348
2.819425,-1.290387,-18.627564,0.745757,0.1535868457,1.2606223718,0.0779630063
2.820477,-1.067023,-9.761291,-0.359054,0.1429445942,1.2095395644,0.0141094971
2.82165,1.000894,1.927919,-3.070643,0.0450358801,1.4277057209,-0.097634144
2.822541,0.561372,3.69016,-0.087655,-0.0401021322,1.760808194,-0.1891575073
2.823589,-1.492135,-4.582315,1.670435,-0.0496801586,1.8789371861,-0.2029924343
2.827753,-1.201521,-17.796725,0.820211,0.1589079715,1.2574296963,0.0790272315
2.825688,0.018574,-18.122356,1.756899,0.0418432046,1.59478907,-0.0231383833
2.828802,-0.980559,-9.955233,-0.428705,0.1429445942,1.1893192865,0.0087883713
2.826704,0.227527,-18.512635,0.623267,0.1025040383,1.4372837473,0.0694492051
2.824639,-1.391261,-14.092667,1.466285,-0.0124322782,1.7554870682,-0.139138925
2.829854,1.197839,1.856089,-2.532649,0.0450358801,1.3904578405,-0.104019495
2.830869,0.76312,3.718892,-0.210145,-0.0369094568,1.7246245388,-0.1934144079
2.831918,-1.25436,-5.501745,1.756899,-0.0560655095,1.87148761,-0.2019282091
2.832967,-1.163093,-14.765479,1.725676,-0.017753404,1.7799642468,-0.1263682232
2.834016,0.117046,-17.157434,1.384625,0.0461001052,1.6267158246,-0.0156888072
2.835033,0.131456,-17.839823,0.130906,0.1035682635,1.4670820516,0.061999629
2.836082,-1.446501,-18.285172,0.839425,0.1599721966,1.2882922258,0.0705134302
2.837131,-1.232744,-10.280864,-0.712113,0.1503941703,1.2308240675,0.0098525965
2.83818,0.98168,1.348487,-3.296409,0.0429074297,1.448990224,-0.0997625944
2.839231,0.525345,3.678188,0.16453,-0.0443590329,1.7735788959,-0.1912859576
2.840246,-1.573795,-4.338091,2.109958,-0.0528728341,1.8778729609,-0.2061851097
2.841295,-1.444099,-14.186047,1.439866,-0.0113680531,1.7565512934,-0.1370104747
2.842344,-0.099113,-17.827851,1.680042,0.0503570058,1.5979817455,-0.0199457078
2.843393,0.09543,-18.131934,-0.030012,0.1088893893,1.4277057209,0.0641280793
2.84441,-1.103049,-18.251651,0.469554,0.1610364218,1.2489158951,0.0726418805
2.845459,1.195437,1.908764,-3.301212,0.0503570058,1.4468617737,-0.1018910447
2.846508,0.609407,3.59678,-0.140494,-0.0411663574,1.7693219952,-0.2019282091
2.848574,-1.093442,-14.315342,1.612793,0.0035310991,1.7448448167,-0.1444600508
2.850672,0.198706,-17.772781,0.495973,0.1088893893,1.4404764228,0.061999629
2.851721,-0.956542,-17.33701,0.760167,0.1631648721,1.2861637755,0.0875410327
2.847557,-1.386457,-5.492167,2.515855,-0.0432948077,1.8661664842,-0.2157631361
2.849623,0.155474,-17.341799,1.389429,0.0556781316,1.5926606197,-0.0327164097
2.85277,-0.793222,-10.795649,-0.810585,0.1589079715,1.2606223718,0.034329775
2.853787,0.950457,0.21596,-3.118679,0.0535496813,1.4713389522,-0.0795423164
2.854836,0.607005,4.135509,-0.039619,-0.0518086089,1.7501659425,-0.1934144079
2.855885,-1.271173,-3.739504,2.109958,-0.0645793108,1.8289186038,-0.2285338379
2.856934,-1.468117,-14.772662,1.855371,-0.0134965034,1.7203676382,-0.1572307527
2.857951,-0.310468,-18.910097,1.675239,0.0503570058,1.5766972424,-0.0231383833
2.859,0.057002,-18.088835,0.476759,0.114210515,1.4266414958,0.0790272315
2.860049,-0.999773,-16.683353,0.875452,0.1738071236,1.2787141994,0.0917979333
2.861098,-0.697151,-9.770868,-0.861022,0.1599721966,1.2733930736,0.0247517486
2.862115,1.094563,0.989334,-3.099464,0.0461001052,1.5171006338,-0.0923130183
2.863164,0.448489,3.378894,0.200557,-0.0496801586,1.8140194517,-0.194478633
2.864214,-1.420082,-4.903157,2.287688,-0.0603224102,1.8789371861,-0.2146989109
2.865262,-1.314404,-14.547594,1.730479,-0.0220103046,1.7395236909,-0.145524276
2.866312,-0.214397,-19.132771,1.692051,0.0365220788,1.5777614676,-0.0242026084
2.867329,-0.079899,-19.214179,0.664097,0.1078251641,1.4170634694,0.0737061057
2.868378,-1.115058,-15.488573,0.349466,0.1684859979,1.2467874448,0.0800914566
2.869426,-0.802829,-7.852995,-1.009931,0.1493299451,1.2169891405,0.0013387952
2.870478,0.35482,2.083552,-0.104467,-0.0283956555,1.7852853725,-0.1976713085
2.871493,-1.316806,-4.620624,1.884192,-0.045423258,1.8629738088,-0.2200200367
2.872542,-1.249557,-14.566748,1.852969,-0.0092396028,1.7182391879,-0.1572307527
2.873591,-0.187978,-18.969956,1.507115,0.0503570058,1.55966964,-0.0327164097
2.87464,0.083421,-18.268411,0.339859,0.1120820647,1.4159992442,0.0694492051
2.875657,-0.725973,-15.759134,0.431126,0.1674217727,1.2787141994,0.0843483572
2.876706,-0.480993,-8.937635,-1.423034,0.1429445942,1.2840353252,0.0109168216
2.877755,0.784736,0.263847,-2.837672,0.023751377,1.5117795081,-0.1082763956
2.878804,0.059404,2.749181,1.057986,-0.0496801586,1.7554870682,-0.2029924343
2.879855,-1.436894,-4.608653,1.956245,-0.031588331,1.7874138229,-0.2242769373
2.88087,-1.211129,-14.851676,1.007549,0.0152375758,1.6746059566,-0.1519096269
2.881919,-0.151951,-18.960378,1.780916,0.079091085,1.5522200639,-0.0188814827
2.882968,0.126653,-18.289961,-0.070842,0.1440088193,1.4245130455,0.0779630063
2.884017,-0.721169,-16.67617,-0.443116,0.18338515,1.3148978546,0.0811556818
2.885034,-0.432958,-8.432427,-1.504694,0.1312381175,1.3574668608,0.0055956959
2.886083,0.933645,2.289466,-2.988983,0.0067237745,1.6022386461,-0.1125332962
2.887132,-0.039069,2.382845,1.065191,-0.0560655095,1.8416893057,-0.2040566594
2.888181,-1.602616,-6.514554,2.323714,-0.0347810065,1.8597811333,-0.2093777852
2.889198,-0.95414,-14.90914,1.096414,0.0141733506,1.7246245388,-0.1370104747
2.890247,0.114644,-18.797562,1.891397,0.0748341844,1.5798899179,-0.0188814827
2.891296,-0.202388,-18.91728,0.829818,0.1450730445,1.4170634694,0.0694492051
2.892345,-1.412877,-15.974625,0.457545,0.1897705009,1.2489158951,0.0662565296
2.893394,-0.725973,-7.984684,-0.928271,0.1525226206,1.2425305442,-0.0156888072
2.894411,1.077751,1.563978,-2.455792,0.0471643304,1.5085868326,-0.1274324483
2.89546,0.112242,2.955095,0.647284,-0.0411663574,1.816147902,-0.2146989109
2.896509,-1.653053,-5.856108,2.189216,-0.0550012844,1.8672307094,-0.2253411625
2.897558,0.0546,-18.778408,1.740086,0.051421231,1.5756330173,-0.021009933
2.898575,-0.084702,-17.851795,0.311038,0.1035682635,1.4096138933,0.0694492051
2.899624,-1.287985,-15.984203,1.012352,0.1546510709,1.2404020939,0.0747703308
2.900673,-0.795624,-8.899325,-0.459928,0.1440088193,1.2212460411,0.0013387952
2.901722,1.219455,0.972574,-3.075447,0.0354578537,1.4649536013,-0.1210470974
2.90274,0.789539,3.127488,0.10929,-0.059258185,1.7831569222,-0.2210842619
2.903788,-1.143879,-5.255127,2.100351,-0.0635150856,1.8757445106,-0.235983414
2.904837,-1.208727,-15.560403,1.696855,-0.0145607286,1.7597439689,-0.1519096269
2.909001,-0.838855,-8.995099,-0.635257,0.14826572,1.269136173,-0.0050465557
2.91005,1.034519,1.745949,-3.130687,0.0407789794,1.5234859847,-0.1242397729
2.911099,0.369231,3.307064,0.440733,-0.0496801586,1.7991202995,-0.2285338379
2.912117,-1.374448,-6.447512,2.246858,-0.0496801586,1.8342397296,-0.2434329901
2.905886,-0.099113,-18.91728,1.670435,0.0546139064,1.6075597719,-0.0199457078
2.914214,0.0546,-18.337848,1.226109,0.0673846083,1.5649907657,-0.0305879594
2.915263,-0.065488,-18.481508,-0.236564,0.1312381175,1.4245130455,0.0577427284
2.916281,-1.023791,-16.388848,0.152521,0.175935574,1.3010629276,0.0694492051
2.913165,-1.07663,-15.907584,1.430259,0.0024668739,1.7012115854,-0.1582949778
2.918378,1.04893,3.295092,-3.058635,0.0131091254,1.608623997,-0.117854422
2.919428,-0.279245,0.879194,1.776113,-0.0401021322,1.816147902,-0.200863984
2.906903,-0.072693,-17.756021,-0.13569,0.1174031905,1.4383479725,0.0683849799
2.91733,-0.168764,-6.124275,-1.94902,0.1312381175,1.352145735,0.0013387952
2.921493,-0.761999,-14.973788,0.928291,0.0205587015,1.6618352547,-0.1284966735
2.920444,-1.49934,-7.802714,2.013887,-0.0198818543,1.7980560744,-0.1987355336
2.907953,-1.299994,-16.130258,0.462349,0.1652933224,1.2702003982,0.0673207548
2.922542,0.081019,-19.123194,1.692051,0.0801553101,1.5224217596,-0.0242026084
2.923591,-1.098246,-15.572375,0.217369,0.1812566997,1.2882922258,0.0311370995
2.92464,0.100234,-3.58866,-2.342909,0.1152747402,1.3925862908,-0.0540009127
2.925657,0.878405,3.764385,-2.085921,0.0045953242,1.6980189099,-0.159359203
2.926706,-1.009381,0.139341,2.369348,-0.0305241059,1.9044785898,-0.2115062355
2.927755,-1.765936,-8.46116,1.567159,-0.0092396028,1.8491388818,-0.1934144079
2.928804,-0.425752,-15.287447,1.146851,0.023751377,1.6831197578,-0.1199828723
2.929821,0.460498,-18.790379,1.370215,0.072705734,1.5128437332,-0.0188814827
2.93087,-0.23121,-19.961216,0.462349,0.1333665678,1.3351181325,0.0449720265
2.93192,-1.465715,-15.555614,1.101218,0.1791282494,1.199961538,0.0332655499
2.932968,-0.293655,-4.378795,-1.886575,0.1291096672,1.2702003982,-0.0465513367
2.933988,1.339543,4.341423,-2.772825,0.00991645,1.6033028713,-0.152973852
2.935034,-0.303262,1.449049,1.252529,-0.0571297347,1.8917078879,-0.2210842619
2.936083,-1.86681,-9.306365,2.201225,-0.0475517083,1.8874509873,-0.2019282091
2.937132,-0.795624,-16.748,1.876987,0.0056595494,1.7288814394,-0.1061479453
2.938181,0.277964,-18.567705,1.161262,0.0673846083,1.5649907657,0.0055956959
2.939198,-0.464181,-19.226151,0.236583,0.1248527666,1.3819440393,0.0588069535
2.940247,-1.463314,-15.318574,0.688114,0.1631648721,1.2223102663,0.0247517486
2.941296,-0.168764,-4.273444,-1.278929,0.1152747402,1.2648792724,-0.0678358397
2.942345,1.255481,4.154663,-1.925003,0.0141733506,1.5745687921,-0.1700014545
2.943363,-0.288852,0.888772,0.964317,-0.0411663574,1.8640380339,-0.2242769373
2.944412,-1.729909,-9.423688,2.030699,-0.0379736819,1.8661664842,-0.1966070833
2.94546,-0.810034,-16.37927,1.925022,0.0035310991,1.6990831351,-0.1008268195
2.946509,0.253946,-18.431227,1.072396,0.0567423567,1.5405135872,0.0098525965
2.947526,-0.31287,-18.977139,0.279815,0.114210515,1.3808798142,0.0683849799
2.948575,-1.232744,-14.705621,0.476759,0.1546510709,1.2435947693,0.0417793511
2.949624,1.243472,3.271149,-2.011466,-0.0017900267,1.5915963946,-0.1636161036
2.950673,-0.159157,0.115397,1.074798,-0.0464874832,1.8502031069,-0.2232127122
2.951722,-1.432091,-9.337491,1.25493,-0.0358452316,1.8427535308,-0.200863984
2.952739,-0.740383,-16.76476,1.576766,0.0109806751,1.6841839829,-0.1082763956
2.953788,0.205911,-18.653902,1.106021,0.0769626347,1.5330640111,0.006659921
2.954837,-0.180773,-17.866161,-0.270189,0.1408161439,1.3925862908,0.0662565296
2.955886,-0.922917,-14.463791,-0.114074,0.1727428985,1.3053198282,0.0364582253
2.956903,0.044993,-5.176113,-2.287669,0.1078251641,1.4085496681,-0.0593220385
2.957952,0.748709,3.460302,-1.627184,0.0003384236,1.6788628572,-0.1742583551
2.959001,-0.807633,0.76666,1.973057,-0.0326525562,1.8523315572,-0.2423687649
2.96005,-1.770739,-10.007909,1.583972,-0.003918477,1.7991202995,-0.2157631361
2.961067,-0.793222,-17.277151,1.312573,0.0450358801,1.6522572283,-0.1093406207
2.962116,0.268357,-17.439967,1.106021,0.1025040383,1.5139079584,0.0119810468
2.963165,-0.10872,-17.016167,-0.09486,0.155715296,1.3755586884,0.0705134302
2.964214,-0.987765,-15.505333,0.104486,0.1801924746,1.3010629276,0.0492289272
2.965233,0.073814,-5.628645,-2.318892,0.0971829126,1.4308983964,-0.0380375354
2.96628,0.945654,3.896074,-1.898583,-0.0273314304,1.7182391879,-0.1561665275
2.967329,-0.699553,0.919898,2.784853,-0.0571297347,1.8874509873,-0.2306622883
2.968378,-1.583402,-9.612841,2.141181,-0.0241387549,1.8331755045,-0.2104420103
2.969427,-0.485796,-16.934759,1.406241,0.023751377,1.7001473603,-0.1125332962
2.970444,0.191501,-18.634747,1.555151,0.0907975617,1.55966964,0.0002745701
2.971493,-0.896498,-19.384178,0.032433,0.1535868457,1.3766229135,0.0566785032
2.972542,-1.542572,-14.693649,0.349466,0.1748713488,1.2361451933,0.0311370995
2.973591,0.393249,-1.986841,-2.412561,0.100375588,1.3319254571,-0.0593220385
2.97461,1.053733,4.169029,-1.783299,-0.0060469273,1.6437434271,-0.1646803287
2.975657,-0.946935,-1.51276,2.657559,-0.0411663574,1.8480746566,-0.2072493349
2.976706,-0.24562,-16.070399,1.593579,0.0184302512,1.6543856786,-0.0986983692
2.977755,0.364427,-19.719387,1.382224,0.0758984095,1.5117795081,-0.0018538802
2.978772,-0.601081,-20.226989,0.330252,0.1301738923,1.3595953111,0.0502931523
2.979821,-1.249557,-13.027182,0.455144,0.1503941703,1.2616865969,0.0236875235
2.98087,0.388445,-1.302057,-2.907324,0.0812195353,1.3989716418,-0.0667716146
2.981919,0.847182,3.723681,-1.495087,-0.0241387549,1.7384594658,-0.1636161036
2.982968,-1.112656,-1.421775,2.573498,-0.0581939599,1.9236346425,-0.1997997588
2.983988,-1.528161,-10.295231,1.204493,-0.031588331,1.843817756,-0.1646803287
2.985034,-0.257629,-16.475044,1.110825,0.0194944764,1.6820555326,-0.0795423164
2.986083,0.215518,-19.815161,0.87305,0.0844122107,1.5128437332,0.0109168216
2.987132,-0.788418,-20.521493,0.135709,0.1450730445,1.338310808,0.0460362517
2.988149,-1.25436,-13.187604,0.126102,0.1652933224,1.2606223718,0.0024030204
2.989198,0.467703,-0.308402,-2.964966,0.0918617868,1.4362195221,-0.0986983692
2.990247,0.647835,4.631139,-1.377401,-0.0071111525,1.7789000216,-0.1966070833
2.991296,-1.564188,-2.355571,2.63114,-0.0326525562,1.9353411192,-0.2232127122
2.992313,-1.804364,-11.719868,1.379822,-0.0028542519,1.8267901535,-0.1710656796
2.993364,-0.252825,-16.003358,0.930692,0.0397147543,1.656514129,-0.0710285152
2.994411,0.371633,-18.481508,0.606455,0.0907975617,1.4915592301,0.0226232983
2.99546,-0.673134,-20.636422,0.248592,0.1535868457,1.3138336295,0.0630638542
2.996509,-0.990166,-13.336053,0.015621,0.1684859979,1.2286956172,0.0279444241
2.997526,1.02251,0.414691,-3.526978,0.0695130586,1.407485443,-0.0784780913
2.998575,1.075349,4.55452,-1.137225,-0.0411663574,1.7533586179,-0.1891575073
2.999624,-1.37685,-3.030777,3.221974,-0.0518086089,1.9108639407,-0.2189558116
3.000673,-1.617026,-12.217892,1.478294,-0.0071111525,1.8193405775,-0.1636161036
3.00169,-0.087104,-16.348144,1.579168,0.0461001052,1.6820555326,-0.0635789391
3.002739,-0.889292,-20.013892,0.186146,0.1525226206,1.3393750332,0.0630638542
3.003788,-0.99497,-12.46451,0.371082,0.1589079715,1.2457232196,0.0236875235
3.004837,0.972073,0.426663,-3.005796,0.0822837604,1.4032285424,-0.076349641
3.005857,0.919234,3.848187,-1.286134,-0.0092396028,1.7278172142,-0.17319413
3.006903,-1.155888,-3.471337,2.153189,-0.0347810065,1.8938363382,-0.2019282091
3.007952,-1.227941,-12.131696,1.790523,-0.0071111525,1.8129552265,-0.152973852
3.009001,0.155474,-16.235609,1.819344,0.0407789794,1.663963705,-0.0582578134
3.01005,0.458096,-18.953195,0.89947,0.092926012,1.518164859,0.0279444241
3.011067,-0.891694,-19.597275,1.103619,0.1493299451,1.3606595362,0.0577427284
3.012116,-1.352833,-11.832402,0.28702,0.1642290973,1.2765857491,0.0162379474
3.013165,0.482114,-0.44488,-2.792039,0.0844122107,1.4340910718,-0.0816707667
3.014214,0.698272,3.843398,-1.067574,-0.0209460795,1.7640008695,-0.1795794809
3.015233,-1.338422,-2.243036,1.992271,-0.0581939599,1.9204419671,-0.2136346858
3.01628,-1.653053,-11.973669,1.807336,-0.0305241059,1.8182763523,-0.1646803287
3.017329,-0.334485,-17.284334,1.262136,0.0226871518,1.6511930032,-0.0593220385
3.018378,0.208313,-18.864604,0.556018,0.0780268598,1.4851738792,0.0417793511
3.019395,-0.786017,-18.742492,0.560821,0.1429445942,1.3180905301,0.075834556
3.020444,-1.059818,-12.304089,-0.183725,0.1631648721,1.2542370209,0.0268801989
3.021493,0.868797,-0.394599,-2.842476,0.0769626347,1.435155297,-0.0784780913
3.022542,0.916833,4.437196,-1.074779,-0.0230745298,1.7586797437,-0.1838363815
3.023591,-1.398466,-3.097819,2.357339,-0.0422305825,1.9087354904,-0.2136346858
3.02461,-1.650651,-12.763804,1.953843,-0.0049827022,1.8267901535,-0.1540380772
3.025657,-0.288852,-16.865323,1.310171,0.0450358801,1.677798632,-0.0454871115
3.026706,0.141064,-18.708972,0.32785,0.0961186874,1.5117795081,0.0502931523
3.027755,-0.771606,-18.8239,0.255797,0.1546510709,1.338310808,0.0768987812
3.028772,0.878405,-0.001926,-3.20274,0.0556781316,1.4947519056,-0.0816707667
3.029821,0.467703,3.309458,-0.058834,-0.0369094568,1.8044414253,-0.1742583551
3.03087,-1.653053,-3.174438,2.662363,-0.0390379071,1.9002216891,-0.1997997588
3.031919,-1.463314,-12.153245,1.130039,-0.0017900267,1.7831569222,-0.1497811766
3.032936,-0.070292,-16.973069,1.629605,0.0461001052,1.6405507516,-0.0444228864
3.033988,0.277964,-18.606015,0.558419,0.0971829126,1.4926234553,0.0502931523
3.035034,-0.759597,-19.010659,0.226976,0.1514583954,1.338310808,0.0737061057
3.036083,-0.956542,-12.325638,-0.178922,0.1589079715,1.3031913779,0.0194306229
3.0371,0.827968,0.065116,-3.577415,0.0599350322,1.5213575344,-0.090184568
3.038149,0.566175,4.334239,-0.606435,-0.045423258,1.8427535308,-0.194478633
3.039198,-1.581,-3.124156,3.267607,-0.0464874832,1.940662245,-0.2189558116
3.040248,-1.528161,-12.766198,1.408643,-0.0017900267,1.8140194517,-0.1551023023
3.041296,-0.130336,-17.413629,1.538338,0.0492927807,1.6650279302,-0.0391017606
3.042314,0.21792,-18.234891,1.002745,0.1088893893,1.5096510577,0.0641280793
3.043364,-0.920515,-18.088835,-0.034816,0.1610364218,1.3180905301,0.0886052578
3.044411,-1.018988,-11.954514,-0.123681,0.1599721966,1.2255029417,0.0322013247
3.04546,1.027314,-0.5215,-3.099464,0.0716415089,1.4149350191,-0.0774138661
3.04648,1.053733,4.106776,-1.139627,-0.031588331,1.7757073462,-0.1817079312
3.047527,-1.07663,-2.726695,2.688782,-0.0645793108,1.9449191456,-0.2157631361
3.048575,-1.379252,-13.503658,1.905808,-0.0326525562,1.8427535308,-0.1582949778
3.049624,-0.211995,-18.208553,1.78572,0.0280082776,1.6820555326,-0.0422944361
3.050642,0.097832,-17.756021,0.726543,0.0897333365,1.5362566866,0.0577427284
3.051691,-0.944533,-17.095181,0.692918,0.1503941703,1.3713017878,0.0864768075
3.05274,-1.249557,-11.240998,0.325448,0.1674217727,1.2712646233,0.0322013247
3.053788,0.513337,-1.208678,-2.986582,0.0748341844,1.3957789663,-0.0816707667
3.054838,-1.021389,-2.578245,1.850567,-0.0581939599,1.8778729609,-0.2178915864
3.055857,-1.605018,-12.744649,1.845764,-0.0273314304,1.8001845247,-0.1646803287
3.056904,-0.442565,-19.005871,2.359741,0.0269440524,1.6490645529,-0.0412302109
3.057953,0.311589,-17.952357,0.925889,0.0897333365,1.5213575344,0.0715776554
3.059002,-0.502609,-15.572375,-0.133288,0.1408161439,1.3808798142,0.0917979333
3.061068,0.64063,-2.331627,-2.676754,0.0631277077,1.5000730314,-0.0891203428
3.060019,-0.889292,-11.844374,-0.712113,0.1440088193,1.3234116559,0.0258159738
3.062117,0.650237,3.788328,-0.81779,-0.0283956555,1.7799642468,-0.200863984
3.063166,-1.244753,-2.741061,2.033101,-0.0390379071,1.8789371861,-0.2402403146
3.064183,-1.583402,-13.65929,1.901004,0.0088522248,1.7799642468,-0.1742583551
3.065234,-0.517019,-17.99785,1.516722,0.0641919328,1.6384223013,-0.0412302109
3.066281,0.203509,-16.771944,0.568026,0.1088893893,1.504329932,0.0737061057
3.067329,-0.399333,-15.967442,0.270208,0.1567795212,1.3819440393,0.1056328603
3.068379,-0.692348,-11.942542,-0.820192,0.1493299451,1.3638522117,0.0502931523
3.069396,0.856789,-1.850363,-3.315623,0.023751377,1.5511558387,-0.0667716146
3.070444,0.784736,3.00777,-0.219752,-0.0784142378,1.8097625511,-0.180643706
3.071494,-1.139076,-3.315704,2.640747,-0.0677719862,1.8874509873,-0.2157631361
3.072543,-1.386457,-13.154083,1.326983,-0.0145607286,1.7820926971,-0.1572307527
3.07356,-0.447368,-18.131934,2.037905,0.0556781316,1.6522572283,-0.0369733103
3.074611,-0.296057,-18.821506,0.733748,0.1397519187,1.5128437332,0.0641280793
3.075657,-1.081433,-17.2987,-0.512767,0.1982843022,1.352145735,0.0768987812
3.076707,-0.591474,-9.272844,-1.387008,0.1663575476,1.3276685565,0.0034672456
3.077723,0.928842,0.539197,-3.435711,0.0524854561,1.5649907657,-0.1072121704
3.078773,0.004163,1.853694,0.716936,-0.0230745298,1.8523315572,-0.1859648318
3.079822,-1.684276,-4.939073,2.676774,-0.0262672052,1.9023501394,-0.1923501827
3.080871,0.018574,-16.862929,1.994673,0.0471643304,1.6203304737,-0.0369733103
3.08192,-0.106318,-19.50629,0.532,0.1088893893,1.4670820516,0.0460362517
3.082937,-1.235146,-19.183053,0.937898,0.1599721966,1.310640954,0.0651923045
3.083988,-0.536233,-8.135528,-0.568007,0.141880369,1.296806027,0.0034672456
3.085035,1.36356,3.340585,-3.390078,0.0439716549,1.5330640111,-0.111469071
3.086083,0.131456,2.026087,0.808203,-0.0326525562,1.8267901535,-0.1955428582
3.0871,-1.813971,-6.813848,2.49424,-0.031588331,1.8810656364,-0.1902217324
3.08815,-1.030996,-13.90112,1.278948,0.0088522248,1.7395236909,-0.1189186471
3.089198,0.213116,-17.121518,1.619998,0.0556781316,1.5884037191,-0.0199457078
3.090247,0.064207,-19.762485,0.279815,0.1110178396,1.4415406479,0.0534858278
3.091264,-0.786017,-18.158271,0.385492,0.1567795212,1.3031913779,0.0566785032
3.092313,-0.065488,-7.484265,-1.636791,0.1291096672,1.3287327816,-0.0188814827
3.093365,1.293909,2.483408,-2.921734,0.0280082776,1.6107524473,-0.131689349
3.094411,-0.14955,1.870455,1.375018,-0.0369094568,1.9055428149,-0.2040566594
3.095428,-1.926854,-6.986241,2.064324,-0.0273314304,1.9342768941,-0.1966070833
3.096479,-1.086237,-14.432665,1.264537,0.0194944764,1.7842211474,-0.1210470974
3.097526,0.172286,-15.900401,1.005147,0.0684488334,1.6245873743,-0.0188814827
3.098575,-0.065488,-17.691373,-0.09486,0.1174031905,1.4596324755,0.0524216026
3.099624,-1.427287,-18.742492,1.367813,0.1823209249,1.3021271528,0.0641280793
3.100641,-0.925319,-9.957627,-1.235697,0.1674217727,1.296806027,0.0045314707
3.10169,1.22666,2.145805,-3.978509,0.0343936285,1.5607338651,-0.1146617465
3.10274,0.345213,3.405232,0.798596,-0.0613866353,1.8821298615,-0.2104420103
3.103788,-1.787551,-5.602307,2.717603,-0.0539370592,1.9470475959,-0.2136346858
3.104805,-1.372047,-14.655339,1.648819,-0.0049827022,1.8097625511,-0.1338177993
3.105856,-0.137541,-17.8494,1.997075,0.0546139064,1.6650279302,-0.0135603569
3.106903,-0.195183,-18.953195,0.435929,0.1227243163,1.5053941571,0.0694492051
3.107952,-0.50501,-8.269612,-0.750541,0.1514583954,1.2840353252,-0.0188814827
3.108969,1.44522,3.33819,-2.727191,0.0599350322,1.5085868326,-0.1370104747
3.110018,0.424471,2.648618,-0.020405,-0.0166891789,1.816147902,-0.2189558116
3.111067,-1.49934,-7.125113,1.694453,-0.031588331,1.9097997155,-0.20831356
3.112116,-1.07663,-15.004914,1.761702,0.0077879997,1.788478048,-0.1199828723
3.113165,0.198706,-16.872506,1.439866,0.0620634825,1.6331011756,-0.007175006
3.114182,0.008967,-18.117567,0.332654,0.1174031905,1.4819812038,0.0651923045
3.115233,-1.273574,-18.189398,1.218904,0.1727428985,1.3372465829,0.0683849799
3.11628,-0.346494,-8.185809,-1.077181,0.1461372696,1.3393750332,-0.0018538802
3.117329,1.498059,3.335796,-3.075447,0.0301367279,1.580954143,-0.1242397729
3.118346,0.093028,2.370874,1.420652,-0.0422305825,1.8480746566,-0.2104420103
3.119395,-1.715499,-7.043705,2.215635,-0.0358452316,1.8768087358,-0.2051208846
3.120444,-1.047809,-15.27787,1.115628,0.0045953242,1.7395236909,-0.125303998
3.121493,0.064207,-18.048131,1.773711,0.0641919328,1.5979817455,-0.0103676814
3.12251,-0.02706,-18.584465,-0.17652,0.1259169917,1.4511186743,0.0662565296
3.123559,-0.922917,-16.961097,-0.049227,0.169550223,1.3276685565,0.0598711787
3.12461,-0.243218,-7.702151,-1.701639,0.1333665678,1.3851367148,-0.0199457078
3.125657,1.041724,2.62228,-2.760816,0.0312009531,1.6682206056,-0.131689349
3.126706,-0.276843,2.775519,1.483098,-0.0283956555,1.9300199934,-0.2136346858
3.127724,-1.823578,-6.63906,1.816943,-0.0209460795,1.9364053444,-0.2146989109
3.128772,-1.146281,-15.830965,1.387027,0.0226871518,1.7778357965,-0.131689349
3.129821,0.030582,-18.42165,1.456678,0.079091085,1.615009348,-0.0082392311
3.13087,-0.036667,-18.002639,0.226976,0.1365592433,1.4543113498,0.0737061057
3.131887,-1.136674,-16.065611,1.15886,0.1918989513,1.3127694043,0.0673207548
3.132937,-0.473788,-8.145105,-1.646398,0.1546510709,1.338310808,-0.0167530324
3.133988,-0.02706,2.895236,1.278948,-0.0528728341,1.8970290137,-0.222148487
3.135034,-1.886024,-6.390048,2.090744,-0.0443590329,1.9119281658,-0.2242769373
3.136051,-1.360038,-15.823781,1.961048,0.0035310991,1.7629366443,-0.1348820244
3.1371,-0.043872,-18.1463,1.735283,0.0641919328,1.6171377983,-0.007175006
3.138149,-0.10872,-17.878133,0.135709,0.120595866,1.4596324755,0.0715776554
3.139199,-1.268771,-16.728845,0.568026,0.1706144482,1.2999987025,0.0630638542
3.140247,-0.380119,-8.221725,-1.523909,0.1440088193,1.3138336295,-0.021009933
3.141265,1.438015,2.66059,-2.948153,0.0365220788,1.5852110437,-0.1444600508
3.142314,0.167483,2.655801,0.846631,-0.0347810065,1.8651022591,-0.2317265134
3.143365,-1.609821,-7.014973,2.270876,-0.0273314304,1.8980932388,-0.2242769373
3.144411,-1.067023,-15.488573,1.593579,0.0194944764,1.7629366443,-0.1338177993
3.145429,-0.005444,-18.452776,1.533535,0.0748341844,1.622458924,-0.007175006
3.14648,-0.10872,-18.208553,0.604053,0.1376234684,1.4787885283,0.0779630063
3.147527,-1.103049,-15.780683,0.27261,0.1855136003,1.3457603841,0.0715776554
3.148576,-0.456975,-7.843418,-1.807316,0.1408161439,1.3755586884,-0.0167530324
3.149593,1.04893,2.519323,-2.566273,0.0184302512,1.6373580762,-0.1444600508
3.150642,-0.075095,2.921574,1.278948,-0.0539370592,1.8778729609,-0.2381118643
3.151691,-1.741918,-7.776376,2.340527,-0.0390379071,1.8789371861,-0.2349191889
3.15274,-1.189513,-16.908421,1.603186,0.0163018009,1.7459090419,-0.1338177993
3.153789,0.032984,-18.390523,1.406241,0.0780268598,1.6139451228,-0.0007896551
3.154806,-0.022256,-17.174194,-0.020405,0.1376234684,1.4681462768,0.0768987812
3.155857,-1.023791,-15.383221,-0.049227,0.1823209249,1.3446961589,0.0609354038
3.156904,-0.315271,-7.682996,-2.093126,0.1365592433,1.4053569927,-0.0273952839
3.157953,1.082554,2.485802,-3.10667,0.0131091254,1.6873766584,-0.1508454017
3.15897,-0.156755,2.322987,1.319778,-0.0496801586,1.9225704174,-0.2391760895
3.160019,-1.009381,-16.855746,1.668033,0.0280082776,1.7576155185,-0.1263682232
3.161068,0.0546,-18.419255,1.891397,0.0907975617,1.622458924,0.0045314707
3.162118,-0.130336,-16.96828,0.166932,0.155715296,1.4724031774,0.0800914566
3.163134,-1.026193,-14.72717,0.10929,0.2025412028,1.3351181325,0.0577427284
3.164183,-0.151951,-7.084409,-1.917797,0.1525226206,1.3819440393,-0.0369733103
3.165235,1.065742,2.229607,-2.907324,0.0216229267,1.6522572283,-0.1614876533
3.166282,-0.356101,1.365247,1.728077,-0.0422305825,1.8693591597,-0.2444972153
3.167298,-1.686677,-8.894537,2.446204,-0.0166891789,1.8448819811,-0.2274696128
3.168348,-0.85807,-17.083209,1.720872,0.0343936285,1.7118538369,-0.1221113226
3.169396,0.208313,-17.621937,1.910611,0.0918617868,1.5915963946,0.0045314707
3.170446,-0.053479,-16.154202,-0.181323,0.14826572,1.4521828994,0.0705134302
3.171495,-0.769204,-14.952239,-0.140494,0.1769997991,1.3500172847,0.048164702
3.172512,0.234732,-6.868918,-2.035484,0.1184674157,1.4564398001,-0.03484486
3.173561,1.0081,2.689322,-2.362123,0.0077879997,1.7363310155,-0.1465885011
3.174612,-0.682741,0.857645,2.237251,-0.0326525562,1.9044785898,-0.2200200367
3.175659,-1.7179,-9.45242,1.937031,-0.0071111525,1.8384966302,-0.2019282091
3.176676,-0.769204,-16.585184,1.37742,0.0397147543,1.6948262345,-0.1050837201
3.177725,0.107439,-17.590811,1.788122,0.0961186874,1.573504567,0.0077241462
3.178774,-0.557849,-18.25644,0.152521,0.1610364218,1.4383479725,0.0609354038
3.179823,-1.299994,-15.196462,0.085272,0.1918989513,1.3361823577,0.0247517486
3.18084,0.393249,-3.981333,-2.854485,0.114210515,1.4543113498,-0.0784780913
3.181889,1.125786,3.10115,-2.263651,0.0003384236,1.7767715713,-0.187029057
3.182938,-1.09104,-1.055439,2.732014,-0.0305241059,1.9736532247,-0.2274696128
3.18399,-1.883622,-9.622419,1.884192,-0.0071111525,1.8949005634,-0.1902217324
3.185036,-0.639509,-15.723219,1.632007,0.0312009531,1.7310098897,-0.097634144
3.186054,-0.577063,-18.610803,-0.152502,0.1503941703,1.4234488203,0.0598711787
3.187102,-1.292788,-15.395193,0.075665,0.1801924746,1.2893564509,0.0247517486
3.188151,0.419668,-3.722744,-2.530247,0.1163389653,1.3840724896,-0.0752854158
3.191266,-1.926854,-11.422969,2.174805,-0.0071111525,1.8842583118,-0.1880932821
3.192316,-0.54584,-16.041667,1.54074,0.0439716549,1.73313834,-0.0795423164
3.193366,0.338008,-16.08716,0.784185,0.092926012,1.5915963946,0.0151737222
3.1892,1.26749,4.451563,-2.213214,0.0120449003,1.7075969363,-0.1902217324
3.190217,-0.970952,-0.861497,2.359741,-0.0305241059,1.9321484437,-0.2391760895
3.194381,-0.57226,-18.637141,0.032433,0.1472014948,1.4266414958,0.0502931523
3.19543,-1.230343,-16.283496,0.700123,0.1812566997,1.3117051792,0.0194306229
3.196482,0.604604,-3.255846,-2.722388,0.1088893893,1.4266414958,-0.0752854158
3.197528,1.277097,4.602407,-1.997056,-0.0060469273,1.7395236909,-0.1923501827
3.198577,-1.006979,-1.242198,2.669568,-0.0337167813,1.9289557683,-0.2413045398
3.199594,-1.777944,-11.042267,1.884192,0.0014026488,1.8619095836,-0.1934144079
3.200643,-0.476189,-16.273919,1.670435,0.0524854561,1.7235603136,-0.0880561177
3.201692,0.277964,-17.339404,1.252529,0.1046324887,1.6022386461,0.020494848
3.202741,-0.399333,-17.98109,-0.068441,0.1589079715,1.4468617737,0.0683849799
3.203758,-0.949336,-14.171681,-0.130886,0.1791282494,1.3287327816,0.0332655499
3.204807,0.556568,-3.500069,-3.063438,0.0961186874,1.435155297,-0.0667716146
3.205858,1.195437,3.546499,-1.615175,-0.0156249537,1.7427163664,-0.1774510306
3.206905,-0.677937,-1.041073,2.270876,-0.0443590329,1.9417264701,-0.2264053876
3.207922,-1.504144,-11.559447,1.603186,-0.0124322782,1.8970290137,-0.1827721563
3.208971,-0.452172,-16.934759,2.009084,0.0471643304,1.7576155185,-0.0742211907
3.21002,0.112242,-16.977858,0.885059,0.1120820647,1.6171377983,0.0247517486
3.211069,-0.822043,-17.514192,0.049246,0.1716786733,1.4511186743,0.0534858278
3.212118,0.251545,-3.840067,-2.945752,0.1248527666,1.4404764228,-0.0869918925
3.213135,0.787138,2.674956,-1.612774,0.0184302512,1.7448448167,-0.1827721563
3.214184,-1.136674,-0.97882,2.114761,-0.0283956555,1.9332126689,-0.2253411625
3.215235,-1.765936,-10.410159,1.932227,-0.0124322782,1.8640380339,-0.1849006066
3.216282,-0.608286,-16.348144,1.86738,0.0397147543,1.7139822872,-0.0816707667
3.217299,0.184295,-17.44715,1.096414,0.0971829126,1.5820183682,0.020494848
3.218348,-0.589072,-18.567705,0.419117,0.1535868457,1.4308983964,0.0566785032
3.219396,-0.999773,-14.102245,-0.118878,0.1727428985,1.3372465829,0.0173021725
3.220446,0.801548,-2.001207,-2.707977,0.0961186874,1.4724031774,-0.0827349919
3.221463,0.964868,3.553682,-1.223688,-0.0007258016,1.7714504455,-0.1849006066
3.222512,-1.285583,-2.575851,2.359741,-0.0252029801,1.9300199934,-0.2168273613
3.22356,-1.686677,-11.420574,1.855371,0.0035310991,1.8555242327,-0.1657445539
3.224612,-0.324878,-15.81181,1.559954,0.051421231,1.7107896118,-0.0667716146
3.225626,0.275562,-17.380108,1.15886,0.100375588,1.5713761167,0.0236875235
3.226675,-0.730776,-19.005871,0.193351,0.1525226206,1.4138707939,0.0545500529
3.227724,-0.841257,-13.326476,-0.894647,0.1567795212,1.3436319338,0.0109168216
3.228773,1.082554,-0.952482,-3.358855,0.0758984095,1.5202933093,-0.090184568
3.229822,0.628621,3.345374,-0.255778,-0.0049827022,1.8140194517,-0.1859648318
3.230839,-1.691481,-3.732321,3.306035,-0.0145607286,1.912992391,-0.2061851097
3.231888,-1.492135,-12.289723,1.619998,0.0205587015,1.8044414253,-0.1465885011
3.232937,-0.015051,-15.421531,1.442268,0.0663203831,1.6724775063,-0.0508082373
3.233988,0.338008,-17.145462,0.45034,0.1078251641,1.539449362,0.0258159738
3.235003,-0.581867,-19.420093,-0.05403,0.1503941703,1.3947147412,0.0439078014
3.236052,-0.83165,-13.125351,-0.707309,0.1514583954,1.3574668608,-0.0018538802
3.237101,0.758316,-0.622062,-3.678289,0.0567423567,1.5575411897,-0.0997625944
3.23815,-1.686677,-3.411478,2.866513,-0.0411663574,2.0045157542,-0.2019282091
3.239167,-1.701088,-12.028739,1.435062,0.0014026488,1.8842583118,-0.1423316005
3.240216,-0.260031,-15.684909,1.732881,0.0578065819,1.7256887639,-0.0444228864
3.241265,0.083421,-17.595599,0.803399,0.1184674157,1.5681834412,0.0364582253
3.242314,-0.980559,-19.712204,0.270208,0.1748713488,1.3830082645,0.0524216026
3.243365,-1.018988,-13.810134,-0.296608,0.1855136003,1.2914849012,-0.0050465557
3.24438,1.080153,-0.710653,-3.306016,0.1046324887,1.4724031774,-0.1135975214
3.245429,0.851985,4.568886,-0.824996,-0.0028542519,1.8267901535,-0.2115062355
3.24648,-1.701088,-3.090636,2.914548,-0.0337167813,1.989616602,-0.2317265134
3.247527,-1.813971,-12.821268,2.275679,0.0035310991,1.8885152124,-0.1625518784
3.248544,-0.221603,-15.538854,1.790523,0.0556781316,1.7373952406,-0.0529366876
3.249593,0.244339,-16.403214,0.426322,0.0961186874,1.5777614676,0.0364582253
3.250642,-0.802829,-19.594881,0.411912,0.1440088193,1.3840724896,0.0694492051
3.251691,-0.786017,-14.391961,0.02763,0.1642290973,1.2819068749,0.0375224505
3.252708,1.375569,-0.66516,-3.476541,0.0833479856,1.4436690982,-0.062514714
3.253757,1.205044,4.762828,-0.733729,-0.0081753776,1.760808194,-0.1742583551
3.254806,-1.25436,-2.956552,2.734416,-0.0273314304,1.9034143646,-0.2104420103
3.255857,-1.537768,-13.072675,1.632007,0.0045953242,1.8193405775,-0.1508454017
3.256904,-0.317673,-16.810253,1.84096,0.0620634825,1.6969546848,-0.0401659857
3.257921,0.109841,-18.074469,0.253395,0.1174031905,1.5724403418,0.0502931523
3.25897,-0.721169,-18.981927,-0.080449,0.1652933224,1.4362195221,0.0683849799
3.260019,-0.896498,-11.657615,-0.731327,0.1514583954,1.4011000921,0.0077241462
3.261068,0.604604,0.124975,-2.94335,0.0461001052,1.5788256927,-0.0997625944
3.262085,0.311589,3.199318,0.323047,-0.031588331,1.8629738088,-0.187029057
3.263134,-1.602616,-4.120205,2.160395,-0.0273314304,1.9779101254,-0.1997997588
3.264183,-1.554581,-12.859578,1.353403,0.0077879997,1.8736160603,-0.1370104747
3.265234,0.191501,-18.325876,0.08287,0.1248527666,1.5415778124,0.0407151259
3.266249,-0.769204,-19.3746,0.118897,0.1823209249,1.3766229135,0.0513573775
3.267298,-0.517019,-10.975226,-1.235697,0.1727428985,1.3489530595,-0.0082392311
3.268347,1.058537,0.690041,-3.303614,0.0801553101,1.5841468185,-0.1082763956
3.269396,-0.012649,2.739603,0.630472,0.0067237745,1.8949005634,-0.1838363815
3.270445,-2.020522,-4.330908,2.782451,0.0003384236,1.9672678738,-0.1902217324
3.271462,-1.513751,-12.419018,1.612793,0.0280082776,1.8289186038,-0.1295608987
3.272511,-0.111121,-15.845331,1.696855,0.0620634825,1.6714132811,-0.0316521845
3.27356,0.234732,-18.378551,0.676106,0.1014398132,1.5213575344,0.0502931523
3.274612,-0.541037,-19.645162,0.774578,0.14826572,1.3776871387,0.0694492051
3.275626,-0.166362,-11.03269,-0.877834,0.1429445942,1.3627879865,0.0109168216
3.276675,1.286704,1.037221,-2.976975,0.051421231,1.580954143,-0.1029552698
3.277724,0.148269,3.129882,1.024361,-0.0262672052,1.8661664842,-0.194478633
3.278773,-1.874015,-4.6733,2.782451,-0.0241387549,1.9332126689,-0.2051208846
3.27979,-1.405671,-13.539573,1.346197,0.0163018009,1.8044414253,-0.1359462496
3.280839,0.004163,-16.762366,1.680042,0.0631277077,1.6628994799,-0.0242026084
3.281888,0.280366,-17.11673,0.49117,0.1131462899,1.5192290841,0.061999629
3.282937,-0.598679,-17.847006,-0.255778,0.155715296,1.3787513638,0.0694492051
3.283988,-0.322477,-12.213104,-1.603167,0.1440088193,1.3904578405,0.0055956959
3.285003,1.070546,-0.250938,-2.813655,0.051421231,1.6331011756,-0.1008268195
3.286052,0.085823,4.025369,0.743355,-0.0283956555,1.9044785898,-0.1934144079
3.287101,-1.813971,-4.132177,2.640747,-0.0262672052,1.9555613971,-0.2072493349
3.288149,-1.45851,-13.764642,1.528731,0.0205587015,1.8342397296,-0.131689349
3.289167,-0.243218,-16.941942,1.312573,0.0684488334,1.6873766584,-0.0135603569
3.290216,0.047395,-17.080815,0.507982,0.1163389653,1.5277428854,0.0737061057
3.291265,-0.276843,-12.280146,-1.768888,0.1450730445,1.3883293902,0.0098525965
3.292314,1.173821,-0.83037,-3.195535,0.0354578537,1.650128778,-0.0997625944
3.293331,-0.005444,3.85537,1.045977,-0.0390379071,1.9374695695,-0.194478633
3.29438,-2.123798,-3.555139,3.125903,-0.0326525562,1.975781675,-0.2146989109
3.295429,-1.753927,-13.501263,1.80013,0.0035310991,1.8384966302,-0.1444600508
3.296478,-0.293655,-17.109547,1.783318,0.0556781316,1.6926977842,-0.0242026084
3.297495,0.220322,-17.044899,0.464751,0.1078251641,1.539449362,0.0683849799
3.298544,-0.687544,-17.791936,0.118897,0.1546510709,1.3819440393,0.0811556818
3.299593,-0.440163,-12.198738,-1.269322,0.1525226206,1.3670448872,0.020494848
3.300642,1.337141,0.031595,-3.73353,0.058870807,1.6075597719,-0.0923130183
3.301691,0.393249,3.769173,0.306234,-0.031588331,1.8938363382,-0.1955428582
3.302708,-1.708293,-4.498513,3.085073,-0.031588331,1.9385337947,-0.2115062355
3.303757,-1.312003,-13.893937,1.610391,0.0173660261,1.8086983259,-0.1359462496
3.304805,-0.10872,-17.02335,1.980262,0.0737699592,1.691633559,-0.021009933
3.305857,-0.046274,-17.595599,0.447938,0.128045442,1.5660549909,0.0694492051
3.306872,-0.725973,-17.928414,-0.563204,0.1684859979,1.4138707939,0.0864768075
3.307921,0.042591,-10.005514,-1.953824,0.1408161439,1.4117423436,0.0247517486
3.30897,1.229062,1.396374,-3.493353,0.0280082776,1.6480003277,-0.0912487931
3.310019,-0.322477,2.284677,1.492705,-0.0432948077,1.8842583118,-0.1817079312
3.311036,-1.818774,-5.817799,3.025029,-0.017753404,1.8938363382,-0.187029057
3.312085,-0.958944,-13.877176,1.024361,0.0290725027,1.7661293198,-0.117854422
3.313134,0.090627,-17.200532,2.232448,0.0737699592,1.650128778,-0.0093034563
3.314183,-0.043872,-18.160666,0.79139,0.1301738923,1.5309355608,0.0726418805
3.315234,-1.033398,-17.509403,-0.246171,0.1769997991,1.4053569927,0.0715776554
3.316249,-0.517019,-9.682277,-1.896182,0.14826572,1.4181276945,-0.0135603569
3.317298,-0.233611,2.564816,1.156458,-0.0443590329,1.9630109732,-0.2115062355
3.318346,-2.054147,-5.281465,2.705595,-0.0326525562,1.9991946284,-0.2061851097
3.319395,-1.463314,-14.02802,1.379822,0.0184302512,1.8565884578,-0.1242397729
3.320413,-0.199987,-16.393636,1.723274,0.072705734,1.7075969363,-0.0082392311
3.321462,-0.166362,-17.174194,0.306234,0.1259169917,1.5383851369,0.0715776554
3.32251,-1.07663,-18.524607,0.642481,0.1727428985,1.3627879865,0.0747703308
3.32356,-0.305664,-10.81241,-1.00753,0.162100647,1.3404392583,0.0034672456
3.324577,1.584523,1.396374,-3.531782,0.0716415089,1.5852110437,-0.1135975214
3.325626,0.388445,2.900025,0.580035,-0.0145607286,1.9012859143,-0.2061851097
3.326674,-1.821176,-5.846531,2.7128,-0.0305241059,1.9725889996,-0.2051208846
3.327724,-1.338422,-14.008865,1.872183,0.0077879997,1.8416893057,-0.125303998
3.328772,-0.031863,-16.036879,2.073931,0.0599350322,1.7097253866,-0.0167530324
3.32979,-0.187978,-17.978695,0.15012,0.1088893893,1.5660549909,0.0609354038
3.330839,-1.256762,-19.036997,0.616062,0.155715296,1.393650516,0.0737061057
3.331888,-0.262432,-8.971156,-0.856219,0.1397519187,1.3574668608,0.0119810468
3.332936,1.60854,2.706082,-3.363658,0.0407789794,1.587339494,-0.1029552698
3.333954,0.222723,1.760315,1.36301,-0.031588331,1.8768087358,-0.1849006066
3.335002,-1.617026,-6.768355,2.321313,-0.0294598807,1.9257630928,-0.180643706
3.336052,-0.973354,-13.805346,0.966719,0.0077879997,1.7916707235,-0.1104048459
3.337101,0.025779,-17.037716,1.764104,0.065256158,1.6586425793,-0.0146245821
3.338117,-0.103916,-19.68826,-0.174118,0.1269812169,1.5341282363,0.0524216026
3.339167,-0.944533,-18.246862,-0.025209,0.1684859979,1.4298341712,0.048164702
3.340216,-0.219201,-6.500188,-1.788102,0.1323023427,1.4692105019,-0.0295237342
3.341264,1.029716,3.675794,-2.784834,0.0258798273,1.7129180621,-0.1402031502
3.342313,-0.562653,0.579901,1.716069,-0.0273314304,1.9555613971,-0.1987355336
3.343331,-2.150218,-8.525807,2.170002,-0.003918477,1.9693963241,-0.1700014545
3.34438,0.167483,-15.785472,1.24052,0.0812195353,1.6650279302,0.0055956959
3.345429,-0.087104,-19.199813,-0.015602,0.1312381175,1.5011372565,0.061999629
3.346478,-0.915712,-18.541367,-0.027611,0.1769997991,1.3734302381,0.0502931523
3.347495,0.239536,-6.986241,-2.573479,0.1333665678,1.4447333234,-0.0305879594
3.348544,1.205044,3.659033,-2.782432,0.0248156021,1.7512301676,-0.1476527263
3.349592,-0.982961,1.032433,2.280483,-0.0188176292,1.9917450524,-0.2136346858
3.350641,-2.337555,-8.8251,2.501445,0.0088522248,1.9672678738,-0.1827721563
3.352708,0.294776,-14.72717,1.314974,0.0876048862,1.6799270823,0.0055956959
3.351659,-0.982961,-14.202807,1.543142,0.0535496813,1.8246617032,-0.090184568
3.353756,-0.051077,-18.546156,0.284618,0.1259169917,1.5160364087,0.0598711787
3.354805,-1.052612,-19.587698,1.230913,0.1748713488,1.3776871387,0.0598711787
3.355822,0.338008,-7.582434,-2.227625,0.1408161439,1.4223845951,-0.0124961318
3.356871,1.714218,3.941566,-3.219553,0.0258798273,1.6969546848,-0.1370104747
3.35792,-0.488198,1.322149,2.326116,-0.0326525562,1.9289557683,-0.2157631361
3.358969,-2.034933,-8.391723,2.398169,-0.0113680531,1.9066070401,-0.1934144079
3.360019,-0.906105,-14.978576,1.653623,0.037586304,1.7767715713,-0.0986983692
3.361035,0.184295,-16.185328,1.934629,0.0897333365,1.6660921553,0.0119810468
3.362084,-0.255227,-17.698556,-0.183725,0.1429445942,1.5202933093,0.0747703308
3.363134,-1.09104,-17.803908,-0.070842,0.1791282494,1.3734302381,0.0609354038
3.364182,0.388445,-7.83384,-2.566273,0.1323023427,1.435155297,-0.0220741581
3.365199,1.498059,3.244811,-2.888109,0.0258798273,1.7363310155,-0.1423316005
3.366248,-0.661125,1.602288,2.270876,-0.0294598807,1.9715247744,-0.2146989109
3.367297,-2.037335,-8.688623,2.350134,-0.0113680531,1.9502402714,-0.1891575073
3.368346,-0.963747,-15.584347,1.576766,0.037586304,1.8097625511,-0.0880561177
3.369366,0.088225,-15.814204,1.411045,0.086540661,1.6682206056,0.0226232983
3.370412,-1.160692,-17.609966,0.306234,0.1812566997,1.3766229135,0.0534858278
3.371461,0.350017,-8.149894,-2.57588,0.1397519187,1.4543113498,-0.0305879594
3.37251,1.310722,2.540872,-2.686361,0.037586304,1.7640008695,-0.1487169514
3.373559,-0.980559,1.64778,2.503847,-0.0156249537,1.9970661781,-0.2210842619
3.374576,-2.404804,-7.809897,2.417383,-0.0017900267,1.9523687217,-0.1997997588
3.375625,-1.33602,-15.48139,1.63681,0.0450358801,1.7948633989,-0.104019495
3.376674,-0.063086,-16.446312,1.756899,0.0907975617,1.6575783541,0.0130452719
3.377723,-0.147148,-16.688141,0.022826,0.1312381175,1.5000730314,0.0800914566
3.378742,-0.850864,-17.037716,0.303832,0.1674217727,1.3670448872,0.0662565296
3.379788,0.467703,-8.887354,-2.261249,0.1354950181,1.448990224,-0.0135603569
3.380837,1.606138,1.980595,-3.166714,0.0280082776,1.7661293198,-0.1274324483
3.381886,-0.370512,2.203269,1.946638,-0.0379736819,2.0077084297,-0.20831356
3.382903,-1.917247,-7.132296,2.381357,-0.0209460795,1.9672678738,-0.2019282091
3.383953,-1.134272,-15.754345,1.413447,0.0312009531,1.8076341008,-0.111469071
3.385001,-0.127934,-17.66743,2.040307,0.0918617868,1.6746059566,0.0098525965
3.38605,-0.236013,-17.054477,0.277413,0.1525226206,1.5277428854,0.0800914566
3.387099,-0.733178,-15.761528,-0.335036,0.1865778255,1.3947147412,0.0588069535
3.388117,0.561372,-8.068486,-2.619112,0.1429445942,1.4543113498,-0.0327164097
3.389165,1.313123,1.322149,-2.412561,0.0471643304,1.7342025652,-0.1433958257
3.390214,-0.723571,1.382008,2.294893,-0.0103038279,1.9449191456,-0.2115062355
3.391263,-1.876417,-7.290323,2.102752,0.0003384236,1.9108639407,-0.1966070833
3.39228,-0.978158,-15.241955,1.728077,0.0450358801,1.7714504455,-0.1050837201
3.393329,-0.022256,-17.241236,1.776113,0.0918617868,1.6522572283,0.0151737222
3.394378,-0.279245,-17.61236,0.178941,0.1429445942,1.5277428854,0.0854125824
3.395427,-1.182307,-16.498988,0.159727,0.1865778255,1.4170634694,0.0651923045
3.396444,1.281901,2.782702,-2.926538,0.0035310991,1.7682577701,-0.1540380772
3.397492,-0.680339,0.979757,2.395767,-0.0432948077,1.982167026,-0.2189558116
3.398542,-2.025326,-8.286372,2.381357,-0.0134965034,1.9438549204,-0.1880932821
3.399591,-0.982961,-15.517305,1.528731,0.0354578537,1.8044414253,-0.0923130183
3.40064,-0.003042,-17.222081,1.944236,0.0961186874,1.6767344069,0.020494848
3.401657,-0.420949,-17.978695,0.018023,0.1578437463,1.5192290841,0.0768987812
3.402706,-0.999773,-16.281102,-0.174118,0.1876420506,1.3819440393,0.0460362517
3.403755,0.561372,-5.947093,-2.242035,0.1365592433,1.4500544491,-0.0465513367
3.404804,1.301115,3.043686,-2.506229,0.0397147543,1.7491017173,-0.1551023023
3.405821,-0.848462,0.41948,2.040307,-0.0156249537,1.9800385757,-0.2157631361
3.407919,-0.689946,-15.99378,1.747292,0.0450358801,1.7831569222,-0.0912487931
3.408968,0.289973,-16.745606,1.816943,0.0982471377,1.6671563805,0.0173021725
3.40687,-1.864408,-9.145943,2.105154,-0.003918477,1.9364053444,-0.1880932821
3.409987,-0.346494,-17.305883,-0.106869,0.1493299451,1.5288071105,0.0694492051
3.411034,-0.973354,-15.965048,-0.255778,0.1780640243,1.4106781185,0.0428435762
3.412083,0.498926,-6.58399,-2.460596,0.1301738923,1.5000730314,-0.0422944361
3.413132,0.998493,2.545661,-1.946619,0.0343936285,1.7810284719,-0.1497811766
3.41418,-1.062219,1.116235,2.194019,-0.0166891789,1.9630109732,-0.2178915864
3.415197,-2.090173,-8.810734,1.970655,0.0024668739,1.9012859143,-0.1955428582
3.416246,-1.09104,-16.381665,1.773711,0.0556781316,1.7522943928,-0.0912487931
3.417295,0.030582,-16.946731,1.430259,0.1046324887,1.6245873743,0.0279444241
3.418344,-0.10872,-16.949125,-0.234162,0.1514583954,1.4883665547,0.0790272315
3.419364,-0.670732,-15.507727,-0.536784,0.1780640243,1.4021643172,0.0428435762
3.42041,0.268357,-6.888072,-2.626317,0.120595866,1.5128437332,-0.0518724624
3.421459,0.823164,1.959046,-1.90819,0.0131091254,1.788478048,-0.1636161036
3.422508,-1.751525,-8.861016,2.210832,0.0088522248,1.926827318,-0.1997997588
3.423525,-0.829248,-16.120681,1.915415,0.0673846083,1.8076341008,-0.0955056937
3.424574,0.138662,-16.657015,1.569561,0.1216600911,1.691633559,0.0236875235
3.425623,-0.216799,-15.996175,-0.236564,0.1684859979,1.5309355608,0.0822199069
3.426672,-0.747588,-15.538854,-0.760148,0.1940274016,1.4053569927,0.0524216026
3.42874,1.041724,1.951863,-2.309285,0.0152375758,1.8193405775,-0.1551023023
3.429787,-0.894096,1.681301,2.551882,-0.0337167813,2.0045157542,-0.2274696128
3.430836,-2.030129,-8.952001,2.602319,0.0045953242,1.9427906953,-0.1997997588
3.427689,0.458096,-8.370174,-3.013001,0.134430793,1.5128437332,-0.0401659857
3.431885,-1.074228,-16.515748,1.973057,0.065256158,1.8140194517,-0.0880561177
3.432902,-0.075095,-16.525326,1.970655,0.1184674157,1.691633559,0.0322013247
3.433951,-0.257629,-15.93871,-0.008397,0.1642290973,1.5266786602,0.0832841321
3.435,-0.802829,-15.637022,-0.443116,0.1908347261,1.3947147412,0.0460362517
3.436048,0.301982,-8.327076,-2.424569,0.1429445942,1.4819812038,-0.0454871115
3.437066,0.972073,1.745949,-2.136358,0.0343936285,1.7682577701,-0.1551023023
3.438117,-0.795624,1.279051,2.431794,-0.0252029801,1.9491760462,-0.2253411625
3.439163,-1.720302,-8.585666,2.703193,-0.0007258016,1.8917078879,-0.200863984
3.440212,-0.761999,-15.962654,2.061922,0.0546139064,1.774643121,-0.0955056937
3.441229,0.083421,-16.712085,1.886594,0.1088893893,1.6735417314,0.0236875235
3.442278,-0.248022,-16.539692,-0.207743,0.1546510709,1.5213575344,0.0800914566
3.443327,-0.601081,-15.93871,-1.098797,0.175935574,1.4106781185,0.0513573775
3.444376,0.686264,-7.529758,-3.02501,0.120595866,1.5405135872,-0.0369733103
3.445425,0.921636,2.481014,-1.992252,0.0194944764,1.8321112793,-0.1476527263
3.446442,-1.069425,0.895955,2.487034,-0.0166891789,1.9704605493,-0.2157631361
3.447493,-1.806766,-8.841861,2.133975,0.0173660261,1.8842583118,-0.1902217324
3.44854,-0.144746,-17.387291,1.696855,0.1163389653,1.6235231492,0.0258159738
3.449589,-0.199987,-17.657853,0.24619,0.1738071236,1.5000730314,0.0864768075
3.450608,-0.401735,-15.016886,-0.995521,0.1950916267,1.4457975485,0.0556142781
3.451655,0.698272,-5.425125,-3.296409,0.1056967138,1.5990459707,-0.0444228864
3.452703,0.688665,2.373268,-1.274125,-0.0124322782,1.8778729609,-0.1540380772
3.453752,-1.340824,-0.476007,3.296428,-0.0305241059,2.0077084297,-0.2072493349
3.45477,-1.849997,-9.435659,1.879388,0.0109806751,1.9215061922,-0.1753225803
3.455819,-0.718767,-15.842936,1.615195,0.0609992574,1.7831569222,-0.0795423164
3.456868,0.059404,-17.396869,1.689649,0.1184674157,1.6522572283,0.0258159738
3.457916,-0.332084,-17.679402,-0.267787,0.175935574,1.4968803559,0.0705134302
3.458966,-0.853266,-14.803789,-0.397482,0.1993485273,1.3979074166,0.0332655499
3.459985,0.484516,-5.355689,-2.916931,0.1376234684,1.5256144351,-0.0561293631
3.461031,0.883208,2.442704,-2.095528,0.0290725027,1.843817756,-0.1551023023
3.46208,-1.182307,-0.061785,2.342929,-0.0166891789,2.0247360321,-0.2051208846
3.463129,-1.82598,-9.169887,2.052315,0.0109806751,1.9481118211,-0.17319413
3.464146,-0.670732,-15.912372,1.941834,0.058870807,1.7980560744,-0.0784780913
3.465195,0.083421,-17.892499,1.74489,0.1035682635,1.663963705,0.0311370995
3.466243,-0.332084,-18.175032,0.138111,0.1599721966,1.5117795081,0.0822199069
3.467293,-0.728374,-14.751113,-0.620846,0.1897705009,1.4085496681,0.0407151259
3.46831,0.683862,-4.706821,-3.063438,0.1237885414,1.5202933093,-0.0646431643
3.469361,0.907226,3.369317,-1.461463,0.0194944764,1.8065698756,-0.1785152557
3.470408,-1.299994,-0.466429,2.691184,-0.0134965034,1.9608825229,-0.2274696128
3.471456,-1.982094,-10.92255,2.064324,0.0205587015,1.8863867621,-0.1753225803
3.472505,-0.757195,-16.257159,2.009084,0.0737699592,1.7586797437,-0.0571935882
3.473522,0.114644,-15.900401,1.317376,0.1174031905,1.636293851,0.0492289272
3.474571,-0.392128,-17.33701,-0.347045,0.1535868457,1.4809169786,0.0854125824
3.475621,0.909627,-4.400344,-3.24357,0.0939902371,1.5607338651,-0.0540009127
3.476669,0.837575,3.208896,-1.081984,-0.0156249537,1.8597811333,-0.1646803287
3.477686,-1.487331,-1.7498,3.781584,-0.0252029801,1.9864239266,-0.2061851097
3.478737,-1.720302,-10.376638,1.545544,0.023751377,1.9055428149,-0.159359203
3.479784,-0.370512,-14.861253,1.314974,0.0695130586,1.7874138229,-0.0635789391
3.480833,0.121849,-16.630677,1.478294,0.120595866,1.663963705,0.0258159738
3.48185,-0.745187,-19.949244,-0.253376,0.1727428985,1.5064583823,0.0609354038
3.482899,-0.798025,-15.728008,-0.949887,0.1801924746,1.4415406479,0.0268801989
3.483948,1.22666,-1.416986,-4.19707,0.0918617868,1.636293851,-0.0752854158
3.484997,0.724692,4.300719,-0.877834,-0.0081753776,1.9364053444,-0.1849006066
3.486014,-1.92205,-2.942186,3.894467,-0.0209460795,2.0226075818,-0.20831356
3.487063,-1.854801,-11.221843,1.583972,0.0226871518,1.9002216891,-0.1497811766
3.488114,-0.382521,-14.866042,1.768907,0.0737699592,1.7661293198,-0.0518724624
3.489161,0.153072,-17.087998,1.379822,0.120595866,1.636293851,0.0417793511
3.49021,-0.598679,-19.843893,0.080469,0.169550223,1.4724031774,0.0800914566
3.491227,-0.54584,-14.274638,-0.997923,0.1780640243,1.3915220657,0.0407151259
3.492276,1.478845,-1.084171,-4.257114,0.0907975617,1.5766972424,-0.0646431643
3.493325,0.895217,3.850581,-0.495954,-0.0060469273,1.9034143646,-0.1700014545
3.494374,-1.813971,-3.260634,3.46215,-0.0230745298,2.0215433567,-0.194478633
3.49539,-1.801962,-12.167611,1.514321,0.0173660261,1.9183135168,-0.1338177993
3.496439,-0.329682,-14.930689,1.651221,0.0748341844,1.7842211474,-0.03484486
3.497491,0.030582,-16.410397,0.680909,0.1237885414,1.6341654007,0.0364582253
3.498537,-0.898899,-20.255721,0.399903,0.1674217727,1.462825151,0.0513573775
3.499555,-0.867677,-14.949844,-0.150101,0.1769997991,1.4064212178,0.0077241462
3.500603,1.135393,-0.969243,-3.589424,0.1025040383,1.6064955467,-0.0912487931
3.501652,-2.039736,-2.829652,3.070663,-0.0134965034,2.0534701113,-0.2115062355
3.502701,-2.073361,-11.966486,2.215635,0.0226871518,1.9236346425,-0.1465885011
3.50375,-0.416145,-15.340123,1.495107,0.0716415089,1.7693219952,-0.0401659857
3.504767,0.263553,-16.530114,0.966719,0.1099536144,1.6267158246,0.0524216026
3.505816,-0.519421,-19.240517,0.253395,0.1546510709,1.4575040252,0.0832841321
3.506867,-0.485796,-14.808578,-0.853817,0.1674217727,1.3883293902,0.0417793511
3.507914,1.418801,-1.45769,-3.315623,0.0886691114,1.5798899179,-0.0614504888
3.508931,0.960064,4.911278,-0.911459,-0.0103038279,1.9012859143,-0.1774510306
3.50998,-1.653053,-2.83444,3.181144,-0.0294598807,2.0247360321,-0.2146989109
3.511029,-1.782748,-13.161266,2.112359,0.0173660261,1.9236346425,-0.1476527263
3.512078,-0.228808,-16.305046,1.480696,0.0705772837,1.7906064983,-0.0316521845
3.513095,0.208313,-16.075188,1.074798,0.1131462899,1.6543856786,0.0588069535
3.514143,-0.663527,-17.906865,0.106888,0.1578437463,1.4979445811,0.0800914566
3.515192,-0.519421,-14.595481,-1.036351,0.1642290973,1.4500544491,0.0311370995
3.516244,1.166616,-2.645287,-3.137893,0.0822837604,1.642679202,-0.0710285152
3.51729,0.508533,4.152269,-0.078048,-0.0071111525,1.9225704174,-0.1763868054
3.518308,-1.837988,-2.092192,2.991404,-0.0252029801,1.9938735027,-0.2115062355
3.519359,-1.938862,-12.325638,1.869781,0.00991645,1.8682949345,-0.1476527263
3.520405,-0.656321,-16.585184,1.901004,0.0641919328,1.73313834,-0.0284595091
3.521454,0.025779,-16.690536,0.870648,0.1131462899,1.601174421,0.0694492051
3.522471,-0.495403,-17.863767,-0.246171,0.1567795212,1.4521828994,0.0886052578
3.52352,-0.416145,-14.200413,-1.528712,0.162100647,1.4223845951,0.0236875235
3.524569,1.183428,-2.793736,-3.647066,0.079091085,1.656514129,-0.090184568
3.525619,0.55897,3.999031,-0.246171,-0.0156249537,1.9842954763,-0.1934144079
3.526635,-1.847596,-1.883884,3.169135,-0.0305241059,2.0758188395,-0.2200200367
3.527684,-0.70916,-16.633071,1.629605,0.0620634825,1.7874138229,-0.0359090851
3.528735,0.006565,-16.443918,0.89947,0.114210515,1.6384223013,0.0683849799
3.529782,-0.567456,-17.820668,-0.157306,0.1599721966,1.4692105019,0.0971190591
3.530831,-0.404136,-14.135766,-0.916263,0.1663575476,1.4064212178,0.048164702
3.531848,1.334739,-1.807265,-3.52938,0.0822837604,1.5990459707,-0.0593220385
3.532897,0.621416,3.908045,-0.671283,-0.0166891789,1.8980932388,-0.1721299048
3.533946,-1.746722,-3.488097,3.608657,-0.0241387549,1.9928092775,-0.2029924343
3.536012,-0.051077,-15.972231,1.639212,0.0695130586,1.7650650946,-0.0337806348
3.534995,-1.532965,-12.787747,1.86738,0.0216229267,1.8842583118,-0.139138925
3.537061,0.138662,-17.114335,1.180476,0.120595866,1.650128778,0.0492289272
3.538112,-0.769204,-18.869393,-0.05403,0.1652933224,1.5128437332,0.0705134302
3.539159,-0.329682,-12.440567,-1.166046,0.1525226206,1.4841096541,0.0226232983
3.540175,1.236267,-0.490373,-3.731128,0.0641919328,1.6926977842,-0.0774138661
3.541225,0.201108,2.725237,0.145316,-0.017753404,1.9651394235,-0.166808779
3.542273,-1.898033,-3.830489,2.919351,-0.0252029801,2.0119653303,-0.1827721563
3.543322,-1.516152,-12.086203,1.101218,0.0077879997,1.8725518351,-0.1263682232
3.544371,-0.159157,-16.187722,2.011485,0.0567423567,1.7320741149,-0.0263310588
3.545389,0.129055,-17.621937,0.892264,0.1152747402,1.5990459707,0.0588069535
3.546437,-0.793222,-18.804746,0.126102,0.169550223,1.4617609258,0.075834556
3.547489,-0.536233,-12.402257,-0.969101,0.169550223,1.4457975485,0.0183663977
3.548535,1.289106,0.031595,-3.656673,0.0812195353,1.6756701817,-0.090184568
3.549553,0.335606,3.189741,-0.010798,-0.0092396028,1.9779101254,-0.1838363815
3.550601,-2.04454,-4.843299,3.370883,-0.017753404,2.051341661,-0.1902217324
3.55165,-1.655455,-12.735072,1.857773,0.0226871518,1.9246988677,-0.1157259717
3.552699,-0.154353,-15.203645,1.480696,0.0631277077,1.7842211474,-0.0146245821
3.554765,-0.536233,-12.658453,-1.175653,0.1397519187,1.4096138933,0.0151737222
3.553716,0.011368,-17.097575,0.901871,0.1056967138,1.6320369504,0.0609354038
3.555814,1.447622,0.460183,-3.137893,0.0620634825,1.636293851,-0.0933772434
3.556865,0.376436,3.59678,-0.070842,-0.0134965034,1.9534329468,-0.1859648318
3.55788,-2.102182,-4.78344,2.909744,-0.0220103046,2.0406994094,-0.1902217324
3.558929,-1.729909,-12.917042,1.94904,0.0205587015,1.9193777419,-0.1135975214
