Time (s), Acceleration X (m/s^2), Acceleration Y (m/s^2), Acceleration Z (m/s^2), Gyro X (rad/s), Gyro Y (rad/s), Gyro Z (rad/s)
0.000122,-0.209594,-9.794812,0.243788,-0.0049827022,-0.0164478126,-0.0061107808
0.001081,-0.209594,-9.794812,0.236583,-0.0049827022,-0.0175120377,-0.0061107808
0.003147,-0.214397,-9.801995,0.219771,-0.003918477,-0.0185762629,-0.0061107808
0.002098,-0.207192,-9.7996,0.224574,-0.0049827022,-0.0185762629,-0.0061107808
0.004198,-0.219201,-9.794812,0.219771,-0.0049827022,-0.0185762629,-0.0061107808
0.005246,-0.211995,-9.792417,0.219771,-0.0049827022,-0.0185762629,-0.0050465557
0.006264,-0.202388,-9.785234,0.222173,-0.0049827022,-0.0185762629,-0.0050465557
0.008363,-0.209594,-9.778051,0.229378,-0.0060469273,-0.0175120377,-0.0061107808
0.009412,-0.214397,-9.78284,0.229378,-0.0049827022,-0.0196404881,-0.0050465557
0.007316,-0.202388,-9.775657,0.222173,-0.0049827022,-0.0185762629,-0.0050465557
0.01148,-0.211995,-9.785234,0.222173,-0.0071111525,-0.0185762629,-0.0050465557
0.010462,-0.214397,-9.78284,0.219771,-0.0060469273,-0.0196404881,-0.0039823305
0.012529,-0.202388,-9.797206,0.222173,-0.0071111525,-0.0175120377,-0.0061107808
0.013579,-0.195183,-9.797206,0.212566,-0.0060469273,-0.0164478126,-0.0050465557
0.014629,-0.209594,-9.785234,0.207762,-0.0060469273,-0.0175120377,-0.0039823305
0.015646,-0.221603,-9.778051,0.219771,-0.0071111525,-0.0185762629,-0.0050465557
0.016695,-0.219201,-9.778051,0.229378,-0.0081753776,-0.0185762629,-0.0050465557
0.017745,-0.224004,-9.780446,0.222173,-0.0081753776,-0.0175120377,-0.0061107808
0.018795,-0.228808,-9.7996,0.219771,-0.0081753776,-0.0185762629,-0.0061107808
0.019815,-0.224004,-9.804389,0.229378,-0.0092396028,-0.0164478126,-0.0050465557
0.020862,-0.216799,-9.787629,0.238985,-0.0092396028,-0.0164478126,-0.0050465557
0.021911,-0.216799,-9.778051,0.238985,-0.0081753776,-0.0175120377,-0.0039823305
0.022961,-0.216799,-9.778051,0.23178,-0.0081753776,-0.0185762629,-0.0039823305
0.02401,-0.219201,-9.785234,0.226976,-0.0081753776,-0.0164478126,-0.0050465557
0.025028,-0.226406,-9.787629,0.224574,-0.0081753776,-0.0164478126,-0.0050465557
0.026077,-0.219201,-9.778051,0.226976,-0.0081753776,-0.0175120377,-0.0061107808
0.027127,-0.207192,-9.778051,0.234181,-0.0081753776,-0.0196404881,-0.0050465557
0.028176,-0.216799,-9.790023,0.229378,-0.0092396028,-0.0196404881,-0.0039823305
0.029196,-0.221603,-9.790023,0.222173,-0.0081753776,-0.0185762629,-0.0039823305
0.030243,-0.216799,-9.787629,0.229378,-0.0081753776,-0.0185762629,-0.0039823305
0.031293,-0.219201,-9.792417,0.236583,-0.0092396028,-0.0175120377,-0.0050465557
0.032343,-0.228808,-9.794812,0.229378,-0.0103038279,-0.0164478126,-0.0039823305
0.03336,-0.221603,-9.797206,0.226976,-0.0103038279,-0.0153835874,-0.0039823305
0.034409,-0.192781,-9.7996,0.229378,-0.0092396028,-0.0164478126,-0.0039823305
0.035459,-0.192781,-9.794812,0.224574,-0.0092396028,-0.0175120377,-0.0050465557
0.036508,-0.209594,-9.785234,0.219771,-0.0092396028,-0.0175120377,-0.0050465557
0.03756,-0.202388,-9.78284,0.222173,-0.0081753776,-0.0175120377,-0.0039823305
0.038576,-0.202388,-9.785234,0.229378,-0.0103038279,-0.0153835874,-0.0029181054
0.039625,-0.211995,-9.792417,0.229378,-0.0103038279,-0.0143193623,-0.0050465557
0.041724,-0.219201,-9.785234,0.224574,-0.0103038279,-0.0175120377,-0.0050465557
0.042742,-0.219201,-9.778051,0.222173,-0.0113680531,-0.0153835874,-0.0039823305
0.043791,-0.211995,-9.801995,0.23178,-0.0113680531,-0.0175120377,-0.0050465557
0.044841,-0.20479,-9.7996,0.229378,-0.0113680531,-0.0175120377,-0.0039823305
0.045891,-0.20479,-9.790023,0.23178,-0.0103038279,-0.0164478126,-0.0039823305
0.040675,-0.214397,-9.797206,0.226976,-0.0103038279,-0.0164478126,-0.0061107808
0.046908,-0.211995,-9.785234,0.234181,-0.0103038279,-0.0153835874,-0.0039823305
0.047958,-0.211995,-9.778051,0.229378,-0.0103038279,-0.0153835874,-0.0029181054
0.049007,-0.197585,-9.773263,0.219771,-0.0103038279,-0.0175120377,-0.0029181054
0.050057,-0.197585,-9.778051,0.226976,-0.0113680531,-0.0175120377,-0.0029181054
0.051074,-0.211995,-9.792417,0.224574,-0.0124322782,-0.0153835874,-0.0029181054
0.052124,-0.211995,-9.801995,0.212566,-0.0113680531,-0.0164478126,-0.0029181054
0.053174,-0.211995,-9.797206,0.210164,-0.0113680531,-0.0175120377,-0.0029181054
0.054223,-0.207192,-9.785234,0.219771,-0.0124322782,-0.0164478126,-0.0029181054
0.055272,-0.202388,-9.778051,0.229378,-0.0134965034,-0.0153835874,-0.0039823305
0.057339,-0.216799,-9.78284,0.222173,-0.0134965034,-0.0175120377,-0.0029181054
0.05629,-0.20479,-9.780446,0.224574,-0.0134965034,-0.0164478126,-0.0039823305
0.058389,-0.224004,-9.778051,0.234181,-0.0124322782,-0.0164478126,-0.0018538802
0.059441,-0.221603,-9.780446,0.241387,-0.0124322782,-0.0164478126,-0.0018538802
0.060456,-0.214397,-9.787629,0.23178,-0.0134965034,-0.0153835874,-0.0018538802
0.061506,-0.209594,-9.7996,0.222173,-0.0124322782,-0.0153835874,-0.0018538802
0.064622,-0.219201,-9.794812,0.202958,-0.0134965034,-0.0164478126,-0.0018538802
0.062555,-0.214397,-9.813966,0.219771,-0.0134965034,-0.0153835874,-0.0018538802
0.065672,-0.219201,-9.785234,0.210164,-0.0134965034,-0.0153835874,-0.0018538802
0.066721,-0.211995,-9.78284,0.212566,-0.0134965034,-0.0143193623,-0.0018538802
0.063605,-0.219201,-9.811572,0.212566,-0.0145607286,-0.0164478126,-0.0018538802
0.067771,-0.209594,-9.78284,0.212566,-0.0134965034,-0.0153835874,-0.0018538802
0.068821,-0.219201,-9.773263,0.224574,-0.0134965034,-0.0153835874,-0.0018538802
0.069838,-0.211995,-9.787629,0.222173,-0.0134965034,-0.0143193623,-0.0029181054
0.070887,-0.216799,-9.797206,0.219771,-0.0134965034,-0.0153835874,-0.0018538802
0.071939,-0.219201,-9.794812,0.207762,-0.0145607286,-0.0164478126,-0.0018538802
0.072986,-0.228808,-9.85467,0.210164,-0.0156249537,-0.0153835874,-0.0018538802
0.074004,-0.214397,-9.988754,0.306234,-0.0145607286,-0.0164478126,-0.0018538802
0.075053,-0.137541,-9.852276,0.344662,-0.0124322782,-0.0164478126,0.0002745701
0.076103,0.023377,-9.555377,0.24619,-0.0145607286,-0.0132551371,0.0013387952
0.077152,0.167483,-9.624813,0.188548,-0.0156249537,0.001644015,0.0055956959
0.07817,0.287571,-8.992705,-0.025209,-0.0188176292,0.029313869,0.0119810468
0.079219,0.362026,-7.864967,-0.375866,-0.0273314304,0.0601763985,0.0162379474
0.080269,-0.036667,-9.35904,-0.428705,-0.0252029801,0.0750755506,0.0173021725
0.08132,-0.605884,-11.734234,-0.625649,-0.0081753776,0.0835893518,0.0173021725
0.082368,-0.896498,-10.695087,-1.252509,0.0163018009,0.0974242788,0.0109168216
0.083385,-1.256762,-9.840304,-1.473471,0.0365220788,0.1016811795,-0.0018538802
0.084437,-1.45851,-12.081415,-0.832201,0.0546139064,0.0952958285,-0.007175006
0.085484,-1.15829,-12.086203,-0.267787,0.0684488334,0.0803966764,-0.007175006
0.086534,-0.548242,-8.085247,-0.507963,0.0535496813,0.0484699218,-0.0188814827
0.088601,0.13626,-9.076507,1.384625,0.0290725027,-0.0036771108,0.0013387952
0.087551,-0.029462,-6.313429,-0.102065,0.0258798273,0.0197358426,-0.021009933
0.0907,0.919234,-9.615236,0.018023,0.0301367279,-0.0441176666,0.0279444241
0.093818,0.410061,-10.563398,-0.010798,-0.0571297347,-0.0026128856,-0.007175006
0.091717,0.671853,-9.928895,-0.222153,-0.0028542519,-0.0419892163,0.006659921
0.08965,0.470105,-10.675932,1.367813,0.0439716549,-0.0324111899,0.0279444241
0.094866,-0.175969,-8.521018,0.676106,-0.0017900267,0.0516625972,0.0162379474
0.095915,-0.27204,-9.471575,0.459947,0.0365220788,0.0325065445,0.0226232983
0.096935,-0.57226,-11.205083,0.743355,0.0748341844,0.0059009156,0.0258159738
0.097982,-0.605884,-10.323963,0.930692,0.0876048862,-0.0185762629,0.020494848
0.099032,-0.363307,-8.075669,0.688114,0.0663203831,-0.0313469647,0.0098525965
0.100081,-0.305664,-8.489892,1.074798,0.0343936285,-0.0207047132,0.0013387952
0.092767,0.328401,-11.090154,-0.058834,-0.0411663574,-0.0345396402,-0.0082392311
0.101099,-0.154353,-9.790023,1.269341,-0.0007258016,0.015478942,0.0002745701
0.102149,-0.096711,-9.557771,1.060388,-0.0369094568,0.0559194979,0.0013387952
0.103198,-0.360905,-10.115654,1.146851,-0.0486159335,0.0686901997,0.0024030204
0.104247,-0.348896,-10.776495,0.644883,-0.0475517083,0.0505983721,-0.0018538802
0.105265,-0.199987,-9.921712,0.06846,-0.0443590329,0.0325065445,-0.0061107808
0.106317,-0.375315,-10.173119,0.238985,-0.0294598807,0.0165431672,-0.0061107808
0.107364,-0.401735,-11.039873,0.142914,-0.0188176292,-0.0026128856,-0.0029181054
0.108413,-0.202388,-10.055796,-0.0132,-0.0188176292,-0.012190912,0.0055956959
0.109431,-0.118327,-8.954395,0.459947,-0.0209460795,-0.0164478126,0.0109168216
0.110481,-0.022256,-9.153126,0.803399,-0.0273314304,-0.0217689384,0.0077241462
0.11153,-0.017453,-9.315942,0.837024,-0.0358452316,-0.0143193623,0.006659921
0.113629,-0.754794,-9.610447,0.459947,-0.0369094568,0.0346349948,0.0002745701
0.11258,-0.291254,-9.131577,0.767373,-0.0379736819,0.0101578162,0.0055956959
0.114647,-1.203923,-10.589735,-0.056432,-0.0401021322,0.0505983721,-0.007175006
0.115696,-1.372047,-10.778889,-0.373464,-0.0432948077,0.0591121733,-0.0146245821
0.116746,-1.328815,-10.505933,-0.351849,-0.0443590329,0.0633690739,-0.021009933
0.117795,-0.982961,-10.486778,-0.246171,-0.0432948077,0.0654975242,-0.0242026084
0.118815,-0.279245,-9.813966,0.063656,-0.0358452316,0.0782682261,-0.0231383833
0.119862,0.225125,-9.02862,0.188548,-0.0241387549,0.0952958285,-0.0178172575
0.120912,0.443686,-9.260872,0.359073,-0.0081753776,0.1101949807,-0.0018538802
0.121961,0.29958,-9.505095,0.056451,-0.0071111525,0.1112592058,-0.0018538802
0.122979,0.191501,-9.526645,-0.051628,-0.0166891789,0.1165803316,-0.0050465557
0.124028,-0.058283,-9.160309,-0.070842,-0.0283956555,0.1208372322,-0.0061107808
0.125078,-0.363307,-9.928895,-0.082851,-0.0379736819,0.1091307555,-0.0039823305
0.126127,-0.233611,-10.290442,0.183744,-0.0464874832,0.0963600537,-0.0007896551
0.127177,-0.399333,-10.0965,0.258199,-0.0390379071,0.0889104776,-0.0029181054
0.128196,-0.752392,-11.042267,0.469554,-0.0294598807,0.0676259745,-0.007175006
0.129243,-0.456975,-10.369455,0.712132,-0.0262672052,0.0442130212,-0.0114319066
0.130293,-0.209594,-8.430033,0.580035,-0.0220103046,0.029313869,-0.0146245821
0.131342,-0.185576,-8.870593,0.700123,-0.0198818543,0.0048366905,-0.0114319066
0.13236,0.306785,-9.658334,0.83222,-0.0252029801,-0.0153835874,-0.0093034563
0.133409,0.688665,-9.179464,0.524795,-0.0326525562,-0.0153835874,-0.0124961318
0.134459,0.42207,-9.502701,0.505581,-0.045423258,-0.0153835874,-0.0167530324
0.135508,0.165081,-10.137204,0.568026,-0.0550012844,-0.0270900641,-0.0124961318
0.136526,0.006565,-10.187485,0.277413,-0.0539370592,-0.0334754151,-0.0061107808
0.137575,-0.171166,-9.878614,0.214967,-0.0550012844,-0.0324111899,-0.007175006
0.138625,-0.125532,-9.596081,0.226976,-0.0571297347,-0.0292185144,-0.0114319066
0.139674,-0.151951,-10.323963,0.428724,-0.0528728341,-0.0196404881,-0.0103676814
0.140724,-0.228808,-10.558609,0.599249,-0.0486159335,-0.0089982365,-0.0061107808
0.141741,-0.236013,-9.253689,0.375885,-0.0539370592,0.001644015,-0.0018538802
0.14279,-0.478591,-8.777214,0.519991,-0.0550012844,0.0080293659,-0.0007896551
0.14384,-0.711562,-9.473969,0.49117,-0.0560655095,-0.0036771108,-0.0018538802
0.144889,-0.632304,-9.622419,0.387894,-0.0603224102,-0.0196404881,-0.0029181054
0.145906,-0.507412,-9.46918,0.359073,-0.0624508605,-0.0175120377,-0.0050465557
0.146956,-0.022256,-9.950444,0.018023,-0.0677719862,0.0442130212,-0.0093034563
0.148006,-0.022256,-9.914529,0.15012,-0.0635150856,0.0878462525,-0.0082392311
0.149055,-0.279245,-10.027063,0.152521,-0.0603224102,0.1080665304,-0.0039823305
0.150074,-0.336887,-10.575369,0.32785,-0.059258185,0.1006169543,-0.0039823305
0.151122,-0.178371,-9.969599,0.392698,-0.0539370592,0.0878462525,-0.0061107808
0.152172,-0.175969,-8.662285,0.258199,-0.0507443838,0.0729471003,-0.0050465557
0.153221,-0.202388,-9.361435,0.178941,-0.0528728341,0.0505983721,-0.0007896551
0.15427,0.069011,-10.13002,0.126102,-0.0539370592,0.0452772463,0.006659921
0.155288,0.052198,-9.069324,-0.205341,-0.0528728341,0.0591121733,0.0098525965
0.156338,-0.363307,-9.500307,-0.277394,-0.0518086089,0.056983723,0.0024030204
0.157387,-0.432958,-10.905789,0.02763,-0.0496801586,0.0527268224,-0.0029181054
0.158439,-0.288852,-9.787629,0.126102,-0.0401021322,0.0654975242,-0.0029181054
0.159454,-0.406538,-8.966367,0.289422,-0.0347810065,0.0686901997,-0.0039823305
0.160503,-0.485796,-10.525088,0.846631,-0.0390379071,0.0580479482,-0.0007896551
0.161553,-0.211995,-10.156358,0.875452,-0.0390379071,0.0644332991,0.0034672456
0.162602,-0.219201,-8.250457,0.263003,-0.0464874832,0.0803966764,-0.0039823305
0.16362,-0.622697,-9.691855,0.366278,-0.0613866353,0.0782682261,-0.0082392311
0.164669,-0.372914,-11.097337,0.00121,-0.0613866353,0.0803966764,-0.0050465557
0.165719,0.011368,-8.995099,-1.118011,-0.0539370592,0.1091307555,-0.0114319066
0.166768,-0.363307,-8.865804,-1.190064,-0.0422305825,0.1176445568,-0.0178172575
0.16782,-0.27204,-11.169168,-1.504694,-0.0188176292,0.1187087819,-0.0135603569
0.168835,0.093028,-10.699875,-1.862557,0.0141733506,0.1453144108,-0.007175006
0.169885,-0.171166,-9.112422,-1.516703,0.0354578537,0.1453144108,-0.0061107808
0.170936,-0.00064,-9.734953,-1.113207,0.0407789794,0.1133876562,-0.0039823305
0.171984,0.198706,-10.503539,-0.323027,0.0482285555,0.1006169543,0.0077241462
0.173001,-0.072693,-9.366223,0.202958,0.0109806751,0.0474056966,0.0119810468
0.17405,-0.010247,-9.08369,0.507982,-0.0166891789,0.0367634451,0.0055956959
0.1751,-0.23121,-9.888191,0.556018,-0.0358452316,0.0442130212,0.0055956959
0.176149,-0.197585,-10.127626,0.909077,-0.0422305825,0.0516625972,0.0013387952
0.177167,-0.211995,-9.220168,0.452742,-0.0347810065,0.0548552727,-0.0039823305
0.178216,-0.377717,-9.861853,0.428724,-0.0134965034,0.0463414715,-0.0039823305
0.179266,-0.341691,-10.405371,0.731346,0.0163018009,0.0325065445,-0.0018538802
0.180318,-0.358503,-9.85467,0.378287,0.0397147543,0.015478942,-0.0029181054
0.181333,-0.478591,-10.175513,0.961915,0.0482285555,-0.012190912,-0.0018538802
0.182382,-0.228808,-9.833121,1.307769,0.0418432046,-0.0334754151,0.0002745701
0.183432,0.047395,-9.117211,1.021959,0.0258798273,-0.0302827396,0.0024030204
0.184481,-0.079899,-9.675094,1.487901,0.0088522248,-0.0185762629,0.0077241462
0.18553,-0.00064,-9.622419,1.250127,-0.0081753776,-0.0164478126,0.0130452719
0.186549,0.268357,-9.406927,0.435929,-0.0209460795,-0.0079340114,0.0077241462
0.187597,0.191501,-10.170724,0.1237,-0.0262672052,0.0282496439,0.0034672456
0.188647,-0.00064,-9.938473,-0.33984,-0.0283956555,0.0814609015,0.0045314707
0.189697,-0.372914,-9.265661,-0.474338,-0.0273314304,0.1176445568,0.006659921
0.190714,-0.87248,-9.78284,-0.260582,-0.0230745298,0.1240299077,0.0109168216
0.191763,-0.853266,-9.919318,-0.226957,-0.0134965034,0.1197730071,0.0141094971
0.192815,-0.567456,-9.141155,0.034835,-0.0060469273,0.1229656825,0.0098525965
0.193862,-0.670732,-9.722981,0.366278,-0.0017900267,0.1293510335,0.006659921
0.19488,-0.673134,-10.795649,0.303832,0.0003384236,0.1336079341,0.0087883713
0.195929,-0.375315,-9.734953,0.02763,-0.0007258016,0.1485070862,0.0087883713
0.196978,-0.435359,-9.06693,-0.174118,-0.0017900267,0.1623420132,0.0055956959
0.198028,-0.432958,-9.809178,-0.05403,0.0003384236,0.1623420132,0.0024030204
0.199077,-0.348896,-10.15157,0.238985,0.0088522248,0.1357363844,0.0034672456
0.200095,-0.024658,-9.409322,0.534402,0.0067237745,0.1187087819,0.0034672456
0.201144,0.076216,-8.8251,0.61366,0.0003384236,0.1144518813,0.0077241462
0.202196,-0.115925,-10.510722,0.923487,-0.0060469273,0.1112592058,0.0162379474
0.203243,0.371633,-10.460441,0.486366,-0.0188176292,0.1293510335,0.0194306229
0.20426,0.515738,-9.174675,0.128504,-0.0305241059,0.1644704635,0.0130452719
0.205312,-0.005444,-10.139598,0.532,-0.0401021322,0.1697915893,0.0087883713
0.206359,-0.029462,-10.493961,0.414314,-0.0432948077,0.1516997617,0.0098525965
0.207408,-0.048676,-9.653545,0.616062,-0.0273314304,0.1368006095,0.0109168216
0.208426,-0.324878,-9.306365,0.923487,-0.0113680531,0.1144518813,0.0119810468
0.209475,-0.284048,-8.91848,0.781783,-0.0060469273,0.0889104776,0.0130452719
0.210525,-0.224004,-9.318336,0.904273,-0.003918477,0.07081865,0.0151737222
0.211575,-0.103916,-10.141992,0.623267,-0.0113680531,0.0644332991,0.0173021725
0.212624,-0.094309,-9.950444,0.022826,-0.0220103046,0.0782682261,0.0173021725
0.213642,-0.596277,-10.091711,-0.169315,-0.0273314304,0.0952958285,0.0119810468
0.214693,-0.896498,-10.833959,-0.241368,-0.0241387549,0.1038096298,0.0013387952
0.21574,-0.685143,-10.161147,-0.371063,-0.0134965034,0.1187087819,-0.0114319066
0.21679,-0.425752,-8.398906,-0.311019,-0.0007258016,0.1325437089,-0.0178172575
0.217807,-0.154353,-8.133134,-0.130886,0.0067237745,0.1368006095,-0.0103676814
0.218857,0.081019,-9.706221,-0.287001,0.00991645,0.139993285,0.0098525965
0.219906,0.004163,-10.793255,-0.361456,0.0120449003,0.1357363844,0.0236875235
0.220956,-0.24562,-10.82917,-0.459928,0.0024668739,0.1165803316,0.020494848
0.221973,-0.473788,-10.55382,-0.534382,-0.0134965034,0.1016811795,0.0087883713
0.223023,-0.596277,-9.715798,0.214967,-0.0273314304,0.1070023052,0.0013387952
0.224073,-0.315271,-8.554539,0.70973,-0.0411663574,0.1240299077,0.0024030204
0.225122,0.011368,-9.998331,2.013887,-0.0337167813,0.1219014574,0.0353940002
0.226171,-0.236013,-11.837191,1.353403,-0.0134965034,0.084653577,0.0385866756
0.227191,-0.260031,-11.171562,0.577633,-0.0113680531,0.07081865,0.0151737222
0.228238,-0.629902,-9.045381,0.700123,-0.0209460795,0.0825251267,-0.0167530324
0.229288,-1.07663,-8.573694,0.923487,-0.0326525562,0.0910389279,-0.0231383833
0.230336,-0.934926,-9.476363,1.425455,-0.0390379071,0.0963600537,-0.007175006
0.231354,-0.644313,-9.778051,1.053182,-0.0379736819,0.1006169543,0.0013387952
0.232403,-0.562653,-9.792417,0.169334,-0.0390379071,0.1038096298,-0.0103676814
0.233453,-0.656321,-10.16833,-0.459928,-0.0262672052,0.112323431,-0.0337806348
0.234503,-0.704357,-9.83791,-1.057967,-0.0071111525,0.1357363844,-0.0508082373
0.23552,-0.649116,-8.767636,-0.784166,0.0056595494,0.1495713114,-0.0454871115
0.236572,-0.605884,-9.339885,-1.014735,0.0067237745,0.1176445568,-0.021009933
0.237619,-0.240817,-11.123675,-1.235697,-0.0081753776,0.0793324512,0.0077241462
0.238668,0.338008,-10.410159,-0.731327,-0.0241387549,0.0910389279,0.020494848
0.239688,0.51814,-9.071718,-0.81779,-0.0358452316,0.1304152586,0.0109168216
0.240735,0.268357,-9.591292,-0.070842,-0.0358452316,0.1591493378,-0.0018538802
0.241785,0.241938,-8.980733,0.275011,-0.031588331,0.1900118672,0.0013387952
0.242834,0.570979,-8.453976,0.532,-0.0273314304,0.223002847,0.0194306229
0.243883,0.542158,-10.752551,1.716069,-0.0049827022,0.2240670721,0.0439078014
0.244901,0.25875,-12.785353,0.796194,0.0194944764,0.2102321451,0.0471004769
0.245951,0.208313,-10.953676,-0.59923,0.0141733506,0.2453515752,0.0098525965
0.247,-0.031863,-7.603983,-0.222153,-0.0113680531,0.3102693096,-0.0380375354
0.248049,-0.906105,-8.09243,1.756899,-0.0124322782,0.3092050844,-0.048679787
0.24907,-1.494536,-9.981571,2.695988,0.0163018009,0.2304524231,-0.0146245821
0.250116,-0.966149,-8.913691,1.209297,0.0343936285,0.1389290598,0.0151737222
0.251165,-0.651518,-11.480433,-0.21735,0.0322651782,0.0176073923,-0.0146245821
0.252215,-0.680339,-11.880289,-0.877834,0.0014026488,0.0144147169,-0.0305879594
0.253232,-0.507412,-9.007071,-0.349447,-0.0326525562,0.0271854187,-0.0295237342
0.254282,-0.396931,-7.66863,-0.224555,-0.045423258,-0.0004844353,-0.0082392311
0.255331,-0.031863,-9.263266,-0.234162,-0.0528728341,-0.0579525936,0.0247517486
0.25638,1.209848,-10.764523,-1.081984,-0.0571297347,-0.0462461169,0.0460362517
0.25743,1.906359,-10.819593,-1.473471,-0.0401021322,0.0612406236,0.0375224505
0.258448,0.784736,-10.606496,-0.822594,-0.0145607286,0.1485070862,0.0141094971
0.259497,-0.161558,-10.182696,-0.4215,0.0067237745,0.1527639868,0.0034672456
0.260546,0.249143,-8.391723,-0.440714,0.0354578537,0.1570208875,0.0077241462
0.262613,-0.464181,-9.335097,0.813006,0.0599350322,0.2538653764,0.0279444241
0.261595,0.491721,-7.115536,-0.594427,0.0535496813,0.2112963703,0.0194306229
0.263662,-1.833185,-12.917042,2.141181,0.0716415089,0.223002847,0.0258159738
0.264712,-2.097379,-12.584228,1.521526,0.0578065819,0.1463786359,0.0013387952
0.26576,-1.268771,-8.195387,0.707329,0.0056595494,0.1133876562,-0.0359090851
0.266778,-0.987765,-5.781883,0.930692,-0.0358452316,0.1485070862,-0.0454871115
0.267828,-1.328815,-8.027782,2.076333,-0.031588331,0.167663139,-0.0093034563
0.268877,-0.77641,-11.40142,1.804934,-0.0060469273,0.1304152586,0.0385866756
0.269926,0.700674,-12.112541,0.248592,0.0014026488,0.1048738549,0.0545500529
0.270976,1.334739,-10.460441,-0.411893,-0.0081753776,0.1229656825,0.0353940002
0.271993,0.664648,-8.961578,-0.39508,-0.0198818543,0.1336079341,0.0162379474
0.273043,0.167483,-8.884959,-0.491151,-0.0273314304,0.1197730071,0.0226232983
0.274092,0.232331,-10.38861,-0.923468,-0.0241387549,0.1197730071,0.0407151259
0.275141,0.277964,-10.470018,-1.127618,-0.0166891789,0.1474428611,0.0428435762
0.277208,-0.437761,-9.912135,0.426322,0.0876048862,0.1336079341,0.0183663977
0.278258,-0.589072,-10.6472,-0.611239,0.0971829126,0.1325437089,0.0098525965
0.279307,-0.425752,-9.179464,0.188548,0.0439716549,0.1868191918,-0.0103676814
0.276159,0.131456,-8.789185,-0.822594,-0.0092396028,0.1697915893,0.0226232983
0.280325,-0.901301,-9.019043,1.824148,0.0077879997,0.2357735488,-0.0178172575
0.281374,-1.506545,-11.245787,1.644016,-0.0007258016,0.2134248206,0.0013387952
0.282424,-0.605884,-10.137204,0.202958,-0.0124322782,0.1857549666,0.0236875235
0.283473,0.316392,-7.263985,-0.152502,-0.0220103046,0.2155532709,0.0226232983
0.284522,0.17709,-9.23214,0.032433,-0.0379736819,0.2496084758,0.0173021725
0.28554,0.165081,-12.878733,0.407108,-0.0369094568,0.2528011513,0.0322013247
0.286589,0.097832,-11.796487,0.212566,0.0014026488,0.2496084758,0.0513573775
0.287638,-0.396931,-7.687785,-0.637658,0.0322651782,0.2347093237,0.0449720265
0.28869,-0.699553,-5.676532,-0.291805,0.0354578537,0.1995898936,0.0236875235
0.289705,-1.016586,-9.318336,0.596847,0.0471643304,0.1580851126,0.0173021725
0.290755,-1.364841,-14.906746,1.144449,0.0705772837,0.1208372322,0.0258159738
0.291804,-0.677937,-12.112541,0.452742,0.0429074297,0.1080665304,0.0130452719
0.292853,0.097832,-5.398788,0.419117,-0.0230745298,0.1282868083,-0.0252668336
0.293871,-0.356101,-6.006952,2.402973,-0.0411663574,0.1634062384,-0.0380375354
0.29492,-0.716366,-10.539454,1.896201,-0.0252029801,0.2027825691,-0.0093034563
0.29597,0.006565,-11.770149,0.423921,-0.0145607286,0.2421588997,0.0194306229
0.297019,0.614211,-9.83791,-0.72172,-0.017753404,0.2751498795,0.0215590732
0.298071,0.289973,-10.807621,-2.285267,-0.0390379071,0.2762141047,0.0109168216
0.299086,-0.14955,-12.751832,-1.610372,-0.031588331,0.2687645286,0.0109168216
0.300135,-0.332084,-9.016648,-1.711246,0.00991645,0.2879205814,0.0119810468
0.301184,-0.617893,-5.049213,-1.329366,0.0333294034,0.2879205814,0.0109168216
0.302234,-1.37685,-12.332821,1.764104,0.0844122107,0.1091307555,0.0534858278
0.303251,-0.757195,-11.837191,2.021092,0.0854764359,-0.0058055611,0.0630638542
0.3043,0.494123,-9.447631,0.837024,0.0471643304,-0.0249616138,0.0364582253
0.30535,0.561372,-8.849044,0.764971,-0.0230745298,0.0665617494,-0.0029181054
0.306399,-0.252825,-9.557771,1.430259,-0.0943776151,0.1580851126,-0.0178172575
0.307417,-0.257629,-10.268893,2.1676,-0.100762966,0.2187459464,-0.0082392311
0.309515,0.076216,-9.622419,-1.735264,-0.0624508605,0.3581594415,0.0034672456
0.308466,0.028181,-9.495518,1.082003,-0.073093112,0.2868563562,0.0045314707
0.310566,-0.24562,-10.620862,-1.629586,-0.0337167813,0.4198845004,-0.0082392311
0.311582,-1.064621,-9.308759,-1.139627,0.023751377,0.4092422489,-0.0135603569
0.312631,-1.780346,-9.059747,-0.411893,0.0780268598,0.2751498795,-0.0061107808
0.313681,-1.842792,-10.886635,0.212566,0.1120820647,0.098488504,0.0119810468
0.31473,-0.610688,-9.378195,-1.127618,0.0780268598,0.0144147169,0.0290086492
0.315779,0.292375,-8.580877,0.856238,0.0322651782,0.0261211936,0.0322013247
0.316796,-0.118327,-11.183534,3.668701,0.0269440524,0.0208000678,0.0353940002
0.317846,0.621416,-10.209034,1.660828,-0.0113680531,0.0176073923,0.0290086492
0.318895,1.740637,-8.46116,0.097281,-0.0571297347,0.1314794838,0.0045314707
0.319947,1.120983,-9.169887,0.556018,-0.0709646617,0.292177482,-0.0050465557
0.320962,0.289973,-10.122837,-0.740934,-0.0784142378,0.3507098654,-0.0039823305
0.322011,0.210715,-11.111703,-1.682425,-0.0667077611,0.3815723949,-0.0007896551
0.323063,-0.468984,-10.314385,-1.497489,-0.0262672052,0.4347836526,0.0087883713
0.32411,-2.318341,-11.193111,-0.551195,0.0258798273,0.3602878918,0.0119810468
0.325127,-2.870746,-11.40142,0.452742,0.0471643304,0.1793696157,0.0141094971
0.326176,-1.263967,-6.940748,0.325448,0.0290725027,0.0793324512,0.0151737222
0.327226,-0.617893,-7.292717,2.700791,0.0471643304,0.0612406236,0.0226232983
0.328275,-0.716366,-10.379033,3.812807,0.0567423567,0.0484699218,0.0460362517
0.329326,1.983215,-10.656777,0.373484,-0.0432948077,0.2389662243,0.0109168216
0.330342,0.902422,-10.762129,-0.202939,-0.0550012844,0.3805081697,-0.0252668336
0.331391,-0.584269,-10.230583,-0.697702,-0.0528728341,0.3762512691,-0.0454871115
0.332443,-0.550644,-9.890586,-0.985914,-0.031588331,0.3230400114,-0.0295237342
0.33349,-0.293655,-10.486778,-2.506229,-0.0156249537,0.3028197335,-0.0018538802
0.334507,-1.456108,-12.538735,-0.342242,-0.0209460795,0.2293881979,0.020494848
0.335557,-1.763534,-9.239323,1.45908,-0.0252029801,0.0952958285,0.0396509008
0.336606,-0.975756,-6.854552,1.507115,0.0163018009,-0.0047413359,0.0428435762
0.337655,-0.906105,-9.196225,2.796862,0.0354578537,-0.0356038654,0.048164702
0.338672,0.239536,-8.087641,0.976326,-0.0220103046,0.0122862666,0.0524216026
0.339722,1.709414,-8.710172,-0.174118,-0.0603224102,0.1612777881,0.0311370995
0.340771,1.13059,-12.138879,-0.661676,-0.0656435359,0.327296912,-0.0007896551
0.341823,0.165081,-12.73986,-2.09793,-0.0667077611,0.3890219709,-0.0295237342
0.342869,0.133858,-11.013535,-1.495087,-0.0390379071,0.3922146464,-0.0369733103
0.343887,-0.324878,-10.16833,-2.215616,0.0024668739,0.3847650703,-0.0242026084
0.344939,-1.585803,-11.861135,-1.031547,0.0163018009,0.3166546605,0.0002745701
0.345986,-1.638642,-9.280027,1.84096,0.0216229267,0.2102321451,0.0290086492
0.347035,-0.963747,-5.671743,2.46782,0.0631277077,0.1048738549,0.0417793511
0.348052,-1.107853,-8.279189,3.620666,0.0769626347,0.0218642929,0.0524216026
0.349102,-0.303262,-10.144387,2.914548,0.0333294034,0.0027082402,0.0705134302
0.350151,1.543693,-9.881008,0.58724,-0.0081753776,0.0889104776,0.0609354038
0.351201,1.848716,-10.568186,-1.394213,-0.0571297347,0.258122277,0.0173021725
0.352218,0.287571,-11.873106,-1.468668,-0.1039556415,0.3592236666,-0.0199457078
0.353268,-0.783615,-11.806065,-0.205341,-0.0922491648,0.3464529648,-0.0178172575
0.354319,-0.877284,-10.872269,-2.362123,-0.0507443838,0.3092050844,-0.0061107808
0.355367,-1.273574,-8.789185,1.449473,-0.0113680531,0.195332993,0.0173021725
0.356415,-1.268771,-6.818636,2.323714,0.0471643304,0.1176445568,0.0332655499
0.357433,-1.472921,-7.829051,3.385293,0.0673846083,0.0612406236,0.0524216026
0.358482,-0.432958,-7.960741,2.544677,0.0429074297,0.0314423193,0.0651923045
0.359532,1.334739,-8.980733,0.289422,0.0216229267,0.0548552727,0.0513573775
0.360581,1.783869,-12.682396,-2.266053,-0.031588331,0.167663139,0.0119810468
0.361598,0.849583,-15.189279,-2.194,-0.0826711384,0.2868563562,-0.0146245821
0.362648,-0.039069,-12.316061,-1.113207,-0.0762857875,0.3262326869,-0.0167530324
0.363699,-0.54584,-9.679883,-2.369329,-0.0624508605,0.3145262102,-0.0167530324
0.364746,-0.891694,-9.485941,-0.342242,-0.0379736819,0.3155904353,0.0055956959
0.365764,-1.256762,-6.725257,1.355804,0.0120449003,0.3113335347,0.0364582253
0.366816,-1.643446,-5.209634,1.932227,0.0354578537,0.2474800255,0.0439078014
0.367862,-1.23995,-7.754827,3.707129,0.0386505291,0.1612777881,0.048164702
0.368912,-0.310468,-10.436497,2.703193,0.0567423567,0.0921031531,0.0534858278
0.369929,0.311589,-11.727051,0.949907,0.0418432046,0.0314423193,0.0417793511
0.370979,0.770325,-13.479714,-0.764952,-0.0049827022,0.0239927432,0.0183663977
0.372028,0.996091,-12.92662,-2.731995,-0.0486159335,0.1378648347,0.0055956959
0.373077,0.083421,-10.302414,-3.046626,-0.1039556415,0.3006912832,-0.0061107808
0.374127,-1.408073,-10.20664,-0.097262,-0.1177905685,0.3783797194,-0.0114319066
0.375144,-1.823578,-8.382146,1.449473,-0.0539370592,0.3730585936,0.0034672456
0.376196,-1.475322,-4.955833,0.275011,-0.003918477,0.3453887396,0.0087883713
0.377242,-1.095844,-6.030896,2.33092,0.0152375758,0.2911132568,0.0130452719
0.378292,-0.605884,-9.660728,2.967387,0.0524854561,0.1985256684,0.0385866756
0.379309,-0.053479,-11.042267,1.430259,0.065256158,0.0814609015,0.0545500529
0.380359,0.342812,-12.567467,1.0772,0.0429074297,-0.0494387924,0.0396509008
0.381408,1.301115,-11.394237,-3.54379,-0.0358452316,0.0527268224,0.0045314707
0.382457,0.088225,-10.225794,-2.386141,-0.1092767672,0.285792131,-0.0050465557
0.383474,-1.11746,-8.97355,0.57283,-0.114597893,0.4464901292,-0.0018538802
0.384524,-1.369645,-4.527245,0.402305,-0.0699004365,0.4858664599,-0.0082392311
0.385574,-1.415278,-4.675694,1.029165,-0.0273314304,0.437976328,-0.0156888072
0.386623,-1.338422,-9.280027,2.105154,0.0194944764,0.3326180378,0.0087883713
0.387672,-0.973354,-11.657615,1.420652,0.0503570058,0.1655346887,0.0492289272
0.388692,-0.512216,-12.730283,2.472624,0.058870807,-0.0324111899,0.0588069535
0.389739,-0.060684,-13.087041,1.749693,0.0461001052,-0.1845953869,0.0449720265
0.390788,0.876003,-11.219449,-0.971503,0.0056595494,-0.185659612,0.0268801989
0.391837,1.596531,-10.675932,-3.03942,-0.0528728341,0.0633690739,0.0034672456
0.392855,0.522944,-9.670306,-2.443783,-0.1124694427,0.4369121029,-0.0199457078
0.393905,-1.40327,-5.432309,0.344662,-0.1358823961,0.6274084054,-0.0380375354
0.394954,-1.931657,-4.390767,1.71847,-0.0847995887,0.5678117968,-0.0369733103
0.396003,-1.487331,-7.989473,0.87305,-0.003918477,0.4369121029,-0.0082392311
0.397021,-1.179906,-11.200294,0.23178,0.0322651782,0.2698287537,0.034329775
0.398072,-0.565055,-12.380708,2.811272,0.0609992574,0.0399561205,0.0662565296
0.399119,0.020975,-13.096618,2.599917,0.0812195353,-0.1728889102,0.0683849799
0.400169,0.587791,-13.017605,0.479161,0.0461001052,-0.2761187501,0.0502931523
0.401218,1.899153,-10.905789,-0.868227,0.0056595494,-0.1281914537,0.0215590732
0.402236,2.309855,-6.864129,-4.71585,-0.0581939599,0.313461985,-0.0199457078
0.403285,0.025779,-5.05879,-2.467801,-0.1412035218,0.7050968416,-0.0497440121
0.404334,-2.594544,-8.116373,2.537471,-0.1135336678,0.7295740201,-0.0316521845
0.405383,-2.604151,-9.382984,0.241387,-0.0230745298,0.5401419428,0.0013387952
0.406401,-1.513751,-9.265661,-0.769755,0.0067237745,0.3155904353,0.0162379474
0.40745,-1.153486,-13.300138,3.514988,0.0812195353,-0.1963018636,0.061999629
0.408499,-0.562653,-11.059028,2.133975,0.0524854561,-0.3410364845,0.0641280793
0.409549,1.392382,-8.913691,1.115628,0.0354578537,-0.2867610016,0.0407151259
0.410568,3.390648,-7.529758,-5.04249,-0.0124322782,0.1091307555,-0.0029181054
0.411615,1.67579,-8.262429,-4.87917,-0.1167263433,0.617830379,-0.0305879594
0.412665,-1.869211,-9.428476,0.985933,-0.1231116942,0.791299079,-0.0188814827
0.413714,-2.359171,-8.91848,0.003612,-0.0432948077,0.6188946041,-0.0093034563
0.414763,-1.227941,-9.61763,-0.128485,0.0024668739,0.375187044,-0.0082392311
0.415781,-1.513751,-12.213104,3.366079,0.0471643304,0.1442501856,0.0183663977
0.41683,-1.924452,-11.69353,3.771977,0.0769626347,-0.0834939973,0.0556142781
0.417879,-1.261566,-9.502701,3.430927,0.0492927807,-0.2633480482,0.0694492051
0.418928,0.539756,-8.487497,2.79446,0.0386505291,-0.2974032532,0.0630638542
0.419948,2.922304,-8.204964,-3.490952,0.0067237745,-0.0441176666,0.0311370995
0.420995,2.379506,-11.200294,-6.298612,-0.0847995887,0.4145633746,-0.0082392311
0.422045,-1.059818,-11.777332,-1.053163,-0.1252401445,0.6901976894,-0.0231383833
0.423094,-2.227074,-7.462716,0.219771,-0.0954418402,0.5954816508,-0.03484486
0.424112,-1.412877,-8.2744,1.156458,-0.0273314304,0.361352117,-0.0380375354
0.425161,-1.729909,-12.000007,3.250795,0.037586304,0.1942687678,0.0055956959
0.42621,-1.813971,-10.163541,2.607122,0.0461001052,0.0367634451,0.0566785032
0.427259,-0.920515,-7.979895,3.815209,0.0482285555,-0.1473475065,0.0779630063
0.428309,0.21792,-8.861016,2.422187,0.0578065819,-0.2452562206,0.075834556
0.429327,2.050464,-11.549869,-3.135491,0.0109806751,-0.122870328,0.0492289272
0.430375,2.742172,-14.339285,-5.986383,-0.0496801586,0.2379019991,0.0087883713
0.431425,0.402856,-10.824382,-3.832002,-0.0901207145,0.5688760219,-0.03484486
0.432474,-1.821176,-7.390886,3.008217,-0.0464874832,0.3900861961,-0.0391017606
0.433491,-1.480126,-8.650313,2.604721,0.0322651782,0.2762141047,0.0194306229
0.434541,-1.319208,-9.205802,3.017824,0.0482285555,0.1612777881,0.0726418805
0.43559,-0.61309,-10.158753,4.036171,0.0535496813,-0.0068697862,0.0981832842
0.436639,0.155474,-10.932127,1.732881,0.0450358801,-0.1260630034,0.0928621585
0.437657,1.322731,-13.398306,-2.121947,0.00991645,-0.1239345531,0.0577427284
0.438706,2.165749,-14.394355,-5.861491,-0.0252029801,0.1048738549,0.006659921
0.439755,0.412463,-9.971993,-4.300346,-0.0762857875,0.4337194274,-0.0433586612
0.440804,-1.982094,-5.611885,1.634409,-0.0965060654,0.5146005391,-0.0593220385
0.441824,-2.200655,-5.221606,3.116296,-0.0241387549,0.3868935206,-0.0305879594
0.442871,-1.641044,-7.077226,2.170002,0.0365220788,0.3006912832,0.0183663977
0.443921,-1.07663,-9.818755,3.21717,0.051421231,0.20916792,0.0715776554
0.44497,-0.058283,-11.461278,2.715202,0.0599350322,0.0495341469,0.1066970855
0.446019,0.506131,-13.992105,0.176539,0.0450358801,-0.0983931494,0.0981832842
0.447036,1.269892,-16.503776,-2.756012,0.0184302512,-0.1005215997,0.0566785032
0.448086,1.947189,-11.837191,-5.445986,-0.017753404,0.1442501856,-0.0018538802
0.449135,0.069011,-5.707659,-2.667147,-0.0635150856,0.4358478777,-0.0508082373
0.450184,-2.409608,-5.439492,2.484633,-0.0528728341,0.4890591354,-0.0444228864
0.451202,-2.582535,-5.805827,2.215635,0.0014026488,0.3805081697,0.0002745701
0.452251,-1.480126,-6.660609,1.6224,0.023751377,0.271957204,0.0407151259
0.4533,-0.228808,-9.828333,3.231581,0.037586304,0.1474428611,0.0768987812
0.45435,0.621416,-13.565911,2.198823,0.0439716549,0.0144147169,0.0981832842
0.455367,0.683862,-17.360953,0.255797,0.0386505291,-0.0834939973,0.0864768075
0.456416,1.135393,-15.55322,-2.129153,0.0471643304,-0.0696590703,0.0460362517
0.457466,1.699807,-7.675813,-4.626985,0.0088522248,0.1495713114,-0.0156888072
0.458515,-0.039069,-3.349225,-1.752076,-0.0667077611,0.4347836526,-0.0593220385
0.459567,-2.284716,-5.281465,2.206028,-0.0230745298,0.424141401,-0.0199457078
0.460582,-1.427287,-8.650313,1.543142,0.0045953242,0.2740856544,0.020494848
0.461631,-0.699553,-11.607334,2.76804,0.0248156021,0.0952958285,0.0694492051
0.46268,-0.197585,-15.127026,1.624802,0.0407789794,-0.1015858249,0.1003117345
0.46373,-0.250424,-17.643486,0.556018,0.0609992574,-0.2346139691,0.0992475094
0.464747,0.369231,-12.50282,-1.050761,0.0716415089,-0.1888522875,0.0630638542
0.465796,1.108974,-4.697243,-4.271524,0.0109806751,0.112323431,0.0002745701
0.466846,-0.236013,-2.326838,-2.09793,-0.0837353635,0.4997013869,-0.048679787
0.467895,-2.169432,-4.010065,2.321313,-0.1039556415,0.6380506569,-0.0476155618
0.468912,-2.018121,-6.801876,1.711265,-0.0496801586,0.5241785655,-0.0146245821
0.469962,-0.908507,-9.94805,0.690516,-0.0007258016,0.3645447924,0.0364582253
0.471011,-0.267236,-13.630558,1.595981,0.0333294034,0.1655346887,0.089669483
0.47206,-0.132737,-17.559684,0.834622,0.0567423567,-0.061145269,0.117339337
0.473109,-0.099113,-16.48941,0.505581,0.0748341844,-0.1803384863,0.1003117345
0.474127,0.972073,-8.521018,-1.002726,0.0833479856,-0.074980196,0.0428435762
0.475176,1.510068,-1.989235,-3.644664,0.0226871518,0.2762141047,-0.0295237342
0.476225,-0.392128,-2.791342,-0.123681,-0.0507443838,0.6071881274,-0.062514714
0.477275,-1.859604,-6.260753,2.544677,-0.0443590329,0.6306010808,-0.0391017606
0.478292,-1.232744,-8.252851,0.152521,-0.0071111525,0.4411690035,-0.0050465557
0.479341,-0.509814,-11.494799,0.721739,0.0109806751,0.2123605954,0.0322013247
0.480391,-0.442565,-16.812647,2.100351,0.0343936285,-0.0345396402,0.0800914566
0.481442,-0.562653,-18.737704,1.6224,0.0546139064,-0.2516415716,0.1109539861
0.482458,-0.24562,-13.403095,1.504714,0.0641919328,-0.3272015575,0.0971190591
0.483507,1.195437,-3.725138,-1.060368,0.0535496813,-0.136705255,0.0353940002
0.484556,1.6902,0.907927,-3.466934,-0.0379736819,0.2911132568,-0.0369733103
0.485605,-1.614625,-10.141992,1.156458,-0.1124694427,0.6082523526,-0.0114319066
0.486654,-1.062219,-12.929014,0.058853,-0.0443590329,0.3719943685,0.0364582253
0.487672,-0.867677,-16.096737,1.593579,0.0141733506,0.098488504,0.0641280793
0.488722,-1.420082,-17.344193,1.828951,0.0397147543,-0.1473475065,0.0843483572
0.489771,-1.765936,-14.154921,2.705595,0.0620634825,-0.324008882,0.0864768075
0.490822,-0.502609,-6.552864,1.66323,0.0982471377,-0.2942105777,0.0449720265
0.491837,1.81269,-0.126432,-3.342042,0.0492927807,0.0548552727,-0.0188814827
0.492887,1.817494,-3.416267,-3.459729,-0.0656435359,0.548655744,-0.0540009127
0.493936,-0.262432,-10.66396,-0.214948,-0.1050198666,0.7934275293,-0.0327164097
0.494985,-0.949336,-12.620143,0.522393,-0.0635150856,0.6614636103,0.0087883713
0.496003,-0.425752,-12.342399,1.2141,0.0003384236,0.3794439446,0.0322013247
0.497052,-1.340824,-14.593086,1.761702,0.0546139064,0.098488504,0.0460362517
0.498101,-2.697819,-16.647437,2.225242,0.0716415089,-0.1792742611,0.061999629
0.49915,-2.164628,-11.84198,3.361276,0.0833479856,-0.3559356366,0.0534858278
0.500168,0.241938,-2.108953,0.27261,0.0822837604,-0.2601553728,0.0077241462
0.501217,2.35789,-0.385022,-4.502094,0.0003384236,0.1346721592,-0.0327164097
0.502266,1.598933,-7.881727,-3.344444,-0.0975702905,0.5837751741,-0.0199457078
0.503318,-0.584269,-13.110985,0.260601,-0.0933133899,0.7199959937,0.0311370995
0.504365,-1.146281,-14.006471,1.463884,-0.0113680531,0.4911875857,0.0673207548
0.505382,-1.059818,-14.281821,1.206895,0.037586304,0.1740484899,0.0598711787
0.506431,-1.761132,-14.63379,2.025896,0.0354578537,-0.10265005,0.0407151259
0.507481,-2.015719,-12.095781,3.618264,0.051421231,-0.3069812795,0.0353940002
0.50853,-0.461779,-5.180902,1.795327,0.0801553101,-0.282504101,0.0236875235
0.509547,2.218588,-2.55909,-3.034617,0.0429074297,0.0495341469,0.0077241462
0.510597,2.489987,-8.46116,-4.92,-0.0528728341,0.5316281415,0.0024030204
0.511646,-1.364841,-12.316061,1.360608,-0.0443590329,0.6306010808,0.0300728744
0.512698,-1.309601,-12.284934,1.060388,0.0269440524,0.3102693096,0.0290086492
0.513712,-1.75873,-12.821268,2.145984,0.0567423567,0.0527268224,0.0322013247
0.514762,-2.075763,-12.265779,3.798396,0.079091085,-0.1686320096,0.0439078014
0.515811,-1.381654,-7.979895,2.91695,0.092926012,-0.2835683262,0.0417793511
0.51686,0.888012,-4.979777,-0.560802,0.0663203831,-0.1622466586,0.0258159738
0.517909,2.785404,-9.631996,-5.24664,-0.0081753776,0.2198101715,0.0130452719
0.518927,1.193035,-12.569862,-4.687029,-0.1082125421,0.6125092532,0.0034672456
0.519976,-1.009381,-9.438054,1.146851,-0.1294970451,0.6476286833,0.0055956959
0.521026,-1.155888,-9.392561,2.926557,-0.0273314304,0.4124349243,0.0151737222
0.522075,-1.32161,-12.505214,2.095547,0.0567423567,0.2070394697,0.0311370995
0.523092,-1.958077,-13.154083,3.286821,0.0705772837,0.0037724653,0.0502931523
0.524141,-1.801962,-9.409322,3.200358,0.0780268598,-0.2197148169,0.0513573775
0.525193,-0.137541,-6.502582,1.072396,0.0705772837,-0.3027243789,0.034329775
0.52624,2.396318,-10.731002,-3.474139,0.0333294034,-0.0973289243,0.0247517486
0.527257,2.672521,-12.873944,-6.658876,-0.0528728341,0.368801693,0.0183663977
0.528306,-0.096711,-8.861016,-1.336571,-0.1114052175,0.6603993851,0.0077241462
0.529356,-1.931657,-7.699757,3.699924,-0.0475517083,0.5390777176,0.0130452719
0.530405,-1.626633,-8.944818,1.732881,0.0269440524,0.333682263,0.0279444241
0.531454,-1.420082,-10.376638,2.525462,0.0578065819,0.1729842648,0.0439078014
0.532471,-1.372047,-11.221843,4.295561,0.0801553101,-0.0228331635,0.0598711787
0.534572,1.135393,-13.788585,-1.06277,0.0439716549,-0.1516044071,0.0534858278
0.535619,2.6437,-11.820431,-6.111274,0.0056595494,0.153828212,0.0268801989
0.536636,0.892815,-5.652589,-4.427639,-0.0773500126,0.5305639164,-0.0167530324
0.537685,-2.337555,-7.218493,2.3045,-0.0209460795,0.3858292955,0.0098525965
0.533521,-0.6275,-11.41818,1.920218,0.0620634825,-0.1707604599,0.061999629
0.538735,-1.554581,-10.742974,1.848166,0.0258798273,0.2325808734,0.0449720265
0.540801,-0.401735,-12.201132,1.156458,0.0418432046,-0.0771086464,0.0907337082
0.54185,0.369231,-14.224357,0.126102,0.0290725027,-0.1963018636,0.0641280793
0.539784,-1.136674,-12.883521,3.961716,0.0578065819,0.0857178022,0.0811556818
0.5429,1.409194,-13.573094,-3.659075,0.0407789794,-0.088815123,0.0236875235
0.54395,1.433212,-5.779489,-5.611708,-0.0081753776,0.2762141047,-0.0273952839
0.544998,-1.107853,-2.772187,1.019558,-0.0528728341,0.5305639164,-0.0476155618
0.546016,-2.832318,-5.607096,2.962583,-0.0230745298,0.4837380096,-0.0146245821
0.547068,-2.1262,-8.231302,1.000344,0.0131091254,0.327296912,0.0290086492
0.548114,-1.088639,-10.209034,2.318911,0.0301367279,0.1697915893,0.0705134302
0.549163,-0.039069,-13.089435,1.802532,0.0354578537,0.0027082402,0.1024401848
0.550181,0.609407,-18.517424,0.455144,0.0407789794,-0.1313841292,0.1056328603
0.55123,1.099367,-16.989829,-1.937012,0.0556781316,-0.1100996261,0.0715776554
0.552279,1.632558,-5.38921,-4.437246,0.0248156021,0.1410575101,-0.0007896551
0.553328,0.071412,0.52962,-0.613641,-0.0390379071,0.4305267519,-0.0635789391
0.554346,-2.332751,-3.42345,3.262803,-0.0464874832,0.5092794133,-0.0571935882
0.555395,-2.503277,-8.082852,2.124368,-0.0071111525,0.4049853483,-0.0050465557
0.556447,-1.179906,-9.849882,1.531133,0.0194944764,0.2442873501,0.048164702
0.557494,0.025779,-11.604939,1.831353,0.0205587015,0.0623048488,0.0928621585
0.558543,0.39565,-17.76081,0.933094,0.0258798273,-0.1143565267,0.1269173634
0.55956,0.662246,-19.942061,-0.431107,0.0599350322,-0.1814027114,0.1364953898
0.560609,1.697405,-9.212985,-3.526978,0.0556781316,-0.0079340114,0.0854125824
0.561659,1.106572,0.76666,-2.98418,-0.0241387549,0.3315538127,-0.0124961318
0.562708,-1.508947,-0.509528,2.383759,-0.0645793108,0.5273712409,-0.0614504888
0.563725,-1.773141,-9.531433,0.87305,-0.0017900267,0.285792131,-0.0061107808
0.564775,-0.53143,-13.223519,1.824148,0.0141733506,0.0963600537,0.0630638542
0.565826,0.246741,-17.593205,0.748158,0.0418432046,-0.0845582224,0.1333027143
0.566873,0.220322,-20.023469,0.058853,0.0833479856,-0.1931091881,0.1631010186
0.56789,0.835173,-12.459722,-1.804915,0.100375588,-0.109035401,0.1258531382
0.568942,1.260285,-1.060228,-3.687896,0.0205587015,0.2081036948,0.0247517486
0.569989,-0.557849,1.748343,0.438331,-0.0773500126,0.5135363139,-0.0678358397
0.575203,-0.175969,-19.02742,0.85864,0.0737699592,-0.2250359427,0.1960919984
0.576253,-0.031863,-14.45182,0.126102,0.106760939,-0.2580269225,0.1790643959
0.573105,-1.112656,-13.893937,0.897068,-0.0156249537,0.1740484899,0.0268801989
0.571038,-2.351966,-2.537541,3.022627,-0.0794784629,0.548655744,-0.090184568
0.572056,-2.138209,-8.592849,0.849033,-0.0411663574,0.3858292955,-0.0550651379
0.579368,-1.227941,0.634971,2.434196,-0.0858638138,0.548655744,-0.1263682232
0.580417,-2.00371,-7.843418,1.773711,-0.0720288868,0.4730957581,-0.1135975214
0.574154,-0.27204,-17.847006,1.375018,0.0205587015,-0.0473103421,0.1301100388
0.578322,0.753513,2.057214,-1.694434,-0.0305241059,0.354966766,-0.0497440121
0.57727,1.04893,-5.298225,-2.751209,0.0663203831,-0.0270900641,0.0790272315
0.584582,-0.637107,-15.071956,1.802532,0.0971829126,-0.268669174,0.2301472033
0.5856,0.936047,-9.299182,-2.496622,0.065256158,-0.1388337053,0.1641652438
0.583533,-0.144746,-16.714479,1.19969,0.0535496813,-0.1420263807,0.1939635481
0.587701,0.121849,2.114678,1.701658,-0.1060840918,0.5848393992,-0.1082763956
0.588748,-1.710695,-5.202451,2.150788,-0.0901207145,0.5678117968,-0.1370104747
0.586649,2.405925,-0.265304,-3.904055,-0.0432948077,0.2708929789,0.0173021725
0.582484,-0.348896,-17.135885,0.659293,0.0056595494,0.0676259745,0.0949906088
0.581435,-1.312003,-14.849282,0.616062,-0.0347810065,0.285792131,-0.0252668336
0.589797,-0.761999,-18.697,0.909077,0.0194944764,0.1729842648,0.0630638542
0.590817,-0.456975,-17.28194,1.17327,0.0758984095,-0.0409249911,0.1854497468
0.591863,-1.086237,-14.849282,2.095547,0.1227243163,-0.2303570685,0.2397252297
0.592913,-0.142344,-9.598475,-0.419098,0.1025040383,-0.2261001679,0.1971562235
0.593962,2.314658,-0.516711,-4.062571,-0.0166891789,0.1101949807,0.0609354038
0.594979,1.253079,2.059608,-0.344643,-0.1220474691,0.5146005391,-0.0710285152
0.596028,-1.283181,-5.791461,1.910611,-0.1305612703,0.6231515048,-0.1050837201
0.597078,-1.386457,-14.815761,0.32785,-0.073093112,0.4667104072,-0.0444228864
0.598127,-0.713964,-18.148694,0.820211,0.0077879997,0.2421588997,0.0630638542
0.599144,-0.949336,-17.823063,1.283751,0.0812195353,0.0112220414,0.1556514425
0.600195,-2.025326,-16.003358,2.511052,0.1216600911,-0.2122652409,0.1928993229
0.601243,-1.492135,-8.77003,1.547945,0.1110178396,-0.3069812795,0.1535229922
0.602292,1.188232,0.261452,-2.847279,0.0312009531,-0.0856224476,0.0502931523
0.603341,1.94959,0.479338,-2.907324,-0.0826711384,0.3783797194,-0.0380375354
0.604358,-0.125532,-6.833002,-0.31342,-0.1539742237,0.6848765637,-0.0508082373
0.605408,-1.360038,-13.668868,0.887461,-0.1252401445,0.6199588293,-0.0018538802
0.606457,-0.701955,-17.214898,1.387027,-0.017753404,0.3592236666,0.0683849799
0.607506,-0.639509,-17.509403,0.966719,0.0567423567,0.098488504,0.1215962376
0.608523,-1.926854,-16.084765,2.734416,0.0844122107,-0.1494759568,0.1375596149
0.609575,-2.380787,-10.53706,3.255598,0.1110178396,-0.3293300078,0.10350441
0.610621,-0.267236,-1.302057,-0.760148,0.086540661,-0.2452562206,0.0300728744
0.611671,2.429943,0.857645,-3.630254,-0.0049827022,0.1623420132,-0.0252668336
0.612691,1.728628,-6.164979,-3.66628,-0.1156621181,0.6295368557,-0.0263310588
0.613738,-0.829248,-13.484503,-0.022807,-0.1443961973,0.756179649,0.0236875235
0.614787,-0.886891,-15.763923,2.273277,-0.0475517083,0.5114078636,0.0949906088
0.615836,-1.835587,-16.501382,2.383759,0.0716415089,-0.088815123,0.1247889131
0.616885,-2.294323,-12.026345,3.596648,0.0769626347,-0.3303942329,0.0907337082
0.617902,-0.512216,-2.269374,1.283751,0.0780268598,-0.3665778881,0.0279444241
0.618951,1.992822,0.007652,-2.302079,0.0312009531,-0.0834939973,-0.0156888072
0.620001,2.391515,-7.026945,-5.116945,-0.0773500126,0.4134991495,-0.0039823305
0.62105,0.191501,-13.197181,-1.168448,-0.1273685948,0.7189317686,0.0502931523
0.62207,-1.119862,-14.557171,2.422187,-0.0507443838,0.590160525,0.1088255358
0.623117,-1.021389,-14.23154,0.87305,0.0248156021,0.2708929789,0.1237246879
0.624166,-1.67707,-14.475763,2.38616,0.0365220788,-0.0196404881,0.1045686351
0.625215,-2.145414,-11.40142,3.673505,0.0439716549,-0.2527057967,0.0726418805
0.626232,-1.211129,-4.936678,2.095547,0.058870807,-0.3442291599,0.0258159738
0.627281,1.02251,-3.33007,-0.25818,0.0567423567,-0.1877880623,0.0055956959
0.628331,2.689333,-7.656658,-5.16498,-0.0188176292,0.2389662243,0.0268801989
0.62938,1.145,-12.016767,-3.171517,-0.1018271912,0.6359222066,0.0630638542
0.630397,-1.237548,-13.130139,2.443803,-0.0603224102,0.6252799551,0.0992475094
0.631449,-1.316806,-11.327195,0.560821,0.0045953242,0.3485814151,0.1045686351
0.632495,-1.103049,-11.116492,1.559954,0.0205587015,0.0995527292,0.0779630063
0.633545,-1.789953,-12.141273,3.928092,0.051421231,-0.0920077985,0.0609354038
0.634594,-1.686677,-8.849044,1.382224,0.0705772837,-0.2090725654,0.0492289272
0.635611,0.270759,-6.203289,-0.349447,0.0695130586,-0.1675677844,0.0428435762
0.636661,2.583656,-8.726932,-4.912795,0.0163018009,0.1485070862,0.0492289272
0.637709,1.817494,-10.247344,-5.088124,-0.1039556415,0.5741971477,0.0492289272
0.638758,-0.987765,-9.687066,2.213233,-0.1231116942,0.6657205109,0.0534858278
0.639776,-1.693883,-9.605658,2.525462,-0.0337167813,0.4507470299,0.0662565296
0.640826,-1.333618,-10.575369,2.061922,0.023751377,0.2400304494,0.0747703308
0.641874,-1.583402,-9.567349,1.624802,0.0641919328,-0.1814027114,0.0843483572
0.642923,-0.19038,-9.495518,0.957112,0.0546139064,-0.2920821274,0.0641280793
0.643943,2.079286,-12.18916,-3.459729,0.0482285555,-0.1196776525,0.0556142781
0.64499,2.60287,-8.394118,-7.023944,-0.0241387549,0.3347464881,0.0385866756
0.646039,-0.632304,-5.240761,0.892264,-0.0699004365,0.5859036244,0.0226232983
0.647088,-2.594544,-7.594405,3.870449,-0.0209460795,0.4581966059,0.0428435762
0.648137,-1.617026,-9.950444,1.463884,0.0269440524,0.2889848065,0.0705134302
0.649155,-1.23995,-11.573813,3.243589,0.0567423567,0.1474428611,0.0886052578
0.650204,-1.225539,-11.274519,1.78572,0.0492927807,-0.0324111899,0.0907337082
0.651253,-0.699553,-13.16366,0.978728,0.0216229267,-0.1867238372,0.0779630063
0.652302,0.895217,-13.738304,-1.139627,0.0301367279,-0.1558613077,0.0694492051
0.653322,2.148937,-5.947093,-5.947954,-0.0113680531,0.1527639868,0.0417793511
0.654369,-0.007846,-2.671625,-0.628051,-0.0794784629,0.4326552022,0.0087883713
0.655418,-2.157423,-6.619905,3.555818,-0.0581939599,0.4432974538,0.0258159738
0.656467,-1.520956,-8.80834,1.209297,-0.0113680531,0.3432602893,0.0630638542
0.657484,-0.786017,-10.70227,2.597515,0.0216229267,0.2283239727,0.0886052578
0.658534,-0.394529,-13.067886,1.586373,0.037586304,0.0782682261,0.1098897609
0.659583,-0.142344,-15.579558,0.512786,0.0354578537,-0.0728517457,0.1152108867
0.660632,0.330803,-14.78224,-1.110805,0.0567423567,-0.1154207519,0.0886052578
0.661682,1.397185,-6.998212,-5.431576,0.0333294034,0.0814609015,0.0322013247
0.662701,0.203509,-1.728251,-1.286134,-0.0283956555,0.3570952163,-0.0156888072
0.663748,-2.145414,-3.710772,3.274812,-0.0283956555,0.4273340765,-0.0093034563
0.664797,-2.186244,-7.433984,1.675239,0.0024668739,0.3262326869,0.0268801989
0.665846,-1.189513,-9.900163,1.915415,0.0258798273,0.1836265163,0.0662565296
0.666863,-0.31287,-12.155639,1.538338,0.0354578537,0.0186716175,0.1077613106
0.667913,0.772727,-18.907702,-0.743336,0.0631277077,-0.1707604599,0.1375596149
0.668962,1.733432,-7.287929,-4.711047,0.0333294034,0.0186716175,0.0790272315
0.670011,0.775129,0.613422,-2.186795,-0.0464874832,0.319847336,-0.0061107808
0.671028,-1.893229,-2.50402,3.200358,-0.0656435359,0.4635177317,-0.0305879594
0.672079,-2.652186,-6.490611,1.857773,-0.0262672052,0.3922146464,-0.0050465557
0.673127,-1.633839,-8.980733,1.062789,0.0067237745,0.2272597476,0.0300728744
0.674176,-0.605884,-13.42225,2.095547,0.023751377,0.0420845709,0.089669483
0.675225,0.071412,-19.573331,1.106021,0.0503570058,-0.1281914537,0.1567156677
0.676243,0.494123,-19.269249,0.157325,0.0982471377,-0.2090725654,0.1811928462
0.677292,1.488452,-8.631158,-3.18833,0.0961186874,-0.0856224476,0.1226604628
0.678341,1.438015,-0.523894,-3.217151,0.0120449003,0.2421588997,0.0194306229
0.67939,-1.093442,-1.397831,2.182011,-0.0486159335,0.4858664599,-0.0422944361
0.680408,-2.568124,-4.71161,2.566292,-0.0411663574,0.4443616789,-0.0508082373
0.681457,-1.737114,-8.887354,1.194886,-0.0145607286,0.2698287537,-0.0242026084
0.682506,-0.716366,-13.563516,1.768907,0.0067237745,0.0931673782,0.048164702
0.683555,-0.015051,-18.574888,0.815408,0.0301367279,-0.0962646991,0.1428807407
0.684575,0.035386,-20.124032,0.918684,0.0812195353,-0.2356781942,0.2035415744
0.685622,0.669451,-11.906627,-1.387008,0.1099536144,-0.1750173605,0.1833212965
0.686671,1.351552,-2.259797,-4.410827,0.0269440524,0.1410575101,0.0715776554
0.687721,-0.334485,0.261452,0.234181,-0.0847995887,0.4550039305,-0.0433586612
0.68877,-1.934059,-1.998813,3.152322,-0.0943776151,0.4773526587,-0.0955056937
0.689787,-1.751525,-8.341442,0.865845,-0.0539370592,0.3038839587,-0.083799217
0.690836,-1.163093,-15.620262,1.463884,-0.0188176292,0.1176445568,0.0024030204
0.691886,-0.31287,-19.173475,1.331787,0.0343936285,-0.0654021697,0.1364953898
0.692935,-0.055881,-18.936435,0.89947,0.100375588,-0.2250359427,0.2322756536
0.693952,0.424471,-13.443799,-0.111672,0.1386876936,-0.2367424194,0.2301472033
0.695001,0.717486,1.37243,-1.168448,-0.0741573372,0.4145633746,-0.0316521845
0.696051,-1.441698,-0.772906,3.589443,-0.1156621181,0.5443988434,-0.111469071
0.6971,-1.708293,-8.47792,1.043575,-0.0667077611,0.4134991495,-0.0997625944
0.698117,-1.235146,-15.416742,0.335055,-0.0198818543,0.2155532709,-0.0124961318
0.699167,-0.639509,-18.919674,0.721739,0.0301367279,0.0101578162,0.1162751118
0.700216,-0.524225,-19.815161,1.360608,0.0993113629,-0.1675677844,0.2226976272
0.701265,-0.514618,-14.648156,1.567159,0.1599721966,-0.2292928433,0.249303256
0.702282,1.125786,-4.670906,-4.067375,0.0993113629,-0.0356038654,0.1460734161
0.703331,1.38998,1.24553,-3.205142,-0.0624508605,0.3560309912,-0.0231383833
0.704381,-0.846061,-0.387416,3.229179,-0.1294970451,0.5752613728,-0.1210470974
0.70543,-1.70349,-7.050888,1.463884,-0.0933133899,0.4890591354,-0.1221113226
0.706479,-1.189513,-15.522094,0.092477,-0.0443590329,0.285792131,-0.0454871115
0.707497,-0.584269,-20.124032,1.351001,0.0216229267,0.0729471003,0.0917979333
0.708546,-0.447368,-18.962773,1.411045,0.0971829126,-0.1292556789,0.2152480511
0.709595,-0.942131,-14.346468,2.021092,0.1503941703,-0.268669174,0.2524959315
0.710644,0.628621,-5.659772,-2.393346,0.1078251641,-0.178210036,0.1705505947
0.711662,2.254614,1.839328,-3.54379,-0.0166891789,0.1900118672,0.0141094971
0.712711,0.280366,0.153707,1.495107,-0.0922491648,0.5082151882,-0.0912487931
0.71376,-1.523358,-7.912854,0.993138,-0.0911849396,0.5103436385,-0.0986983692
0.714809,-1.055014,-15.795049,0.392698,-0.0496801586,0.3092050844,-0.0295237342
0.715827,-0.36811,-19.712204,1.053182,0.0173660261,0.0942316034,0.0886052578
0.716876,-0.742785,-19.551782,1.480696,0.0939902371,-0.0898793482,0.1918350977
0.717925,-1.806766,-15.045618,2.811272,0.1503941703,-0.2388708697,0.2152480511
0.718974,-0.468984,-4.723581,-1.528712,0.1046324887,-0.2026872145,0.1343669395
0.720023,0.573381,0.01244,0.510384,-0.1114052175,0.4975729366,-0.0784780913
0.72104,-1.415278,-9.598475,0.383091,-0.1220474691,0.5656833465,-0.0678358397
0.72209,-1.033398,-16.029695,0.863443,-0.0688362114,0.3805081697,0.006659921
0.723139,-0.022256,-17.461516,0.479161,0.0173660261,0.1442501856,0.0949906088
0.724188,-0.711562,-18.54855,0.957112,0.0854764359,-0.0877508979,0.1513945419
0.725205,-2.335153,-16.546875,3.368481,0.1248527666,-0.2974032532,0.1577798928
0.726255,-1.33602,-5.722025,0.40951,0.1110178396,-0.3261373323,0.0960548339
0.727304,1.421203,3.711709,-2.703174,0.0258798273,-0.0281542893,-0.0114319066
0.728353,1.502863,0.17765,-2.085921,-0.0762857875,0.4252056262,-0.0720927404
0.72937,-0.502609,-9.598475,-0.632855,-0.1241759194,0.645500233,-0.0508082373
0.730419,-0.973354,-14.913929,1.259734,-0.0816069132,0.5156647642,0.0215590732
0.731468,0.001761,-15.818993,0.596847,0.0056595494,0.2623791777,0.0971190591
0.732518,-0.730776,-18.189398,1.024361,0.0780268598,0.0186716175,0.1471376413
0.733569,-2.580133,-17.22687,3.536604,0.1216600911,-0.2335497439,0.1577798928
0.734584,-1.806766,-6.16019,1.490303,0.1120820647,-0.3814770403,0.0960548339
0.735634,1.178625,2.900025,-1.586354,0.0546139064,-0.2250359427,-0.0093034563
0.736683,2.60287,-0.746568,-3.615843,-0.0326525562,0.2283239727,-0.0646431643
0.737732,0.888012,-9.56256,-2.787235,-0.1114052175,0.6157019287,-0.0401659857
0.738749,-0.901301,-14.298581,1.713667,-0.0954418402,0.6210230544,0.0300728744
0.739798,-0.392128,-14.619424,1.314974,-0.0017900267,0.3847650703,0.1003117345
0.740847,-0.769204,-16.374482,1.043575,0.0758984095,0.1357363844,0.1386238401
0.741896,-2.517687,-16.36251,3.623068,0.1110178396,-0.1281914537,0.1418165155
0.742913,-2.150218,-7.103564,1.876987,0.0961186874,-0.337843809,0.0843483572
0.743963,0.289973,1.19046,0.383091,0.0684488334,-0.3059170544,-0.007175006
0.745012,2.43955,-1.551069,-3.128286,0.0216229267,0.0474056966,-0.0465513367
0.746061,-0.704357,-14.514073,1.331787,-0.0890564893,0.6380506569,0.048164702
0.74711,-1.227941,-15.225194,2.390964,0.00991645,0.4092422489,0.1152108867
0.748127,-1.146281,-14.13816,0.592044,0.0631277077,0.1336079341,0.131174264
0.749177,-1.953273,-12.359159,3.62547,0.0748341844,-0.0824297721,0.1120182112
0.750226,-1.919648,-6.689342,2.400571,0.092926012,-0.2473846709,0.0630638542
0.751274,-0.358503,-2.276557,0.755364,0.0844122107,-0.2654764986,0.0034672456
0.752292,2.038456,-5.180902,-2.076314,0.0439716549,-0.0238973887,-0.0103676814
0.753341,2.410729,-9.962416,-5.50603,-0.0528728341,0.4039211231,0.0130452719
0.75439,-0.103916,-13.110985,0.054049,-0.0933133899,0.603995452,0.0492289272
0.755442,-1.600214,-13.573094,2.616729,-0.0145607286,0.4166918249,0.0832841321
0.756457,-1.369645,-11.257759,0.498375,0.0333294034,0.1559566623,0.0854125824
0.757506,-1.722704,-10.460441,3.349267,0.0546139064,-0.0313469647,0.0694492051
0.758555,-2.114191,-9.102845,2.763237,0.0854764359,-0.1750173605,0.0534858278
0.759604,-0.829248,-5.956671,0.601651,0.0897333365,-0.2229074924,0.0353940002
0.760621,1.906359,-6.588779,-2.162777,0.0663203831,-0.0664663948,0.0258159738
0.76167,2.898287,-9.366223,-6.197738,-0.0326525562,0.3230400114,0.0226232983
0.762719,0.38124,-10.764523,-0.752943,-0.1039556415,0.5848393992,0.0322013247
0.763768,-1.780346,-11.164379,3.363677,-0.0411663574,0.4645819569,0.0556142781
0.76482,-1.63624,-10.82917,1.466285,0.0226871518,0.2272597476,0.0705134302
0.765835,-1.809167,-11.090154,3.459748,0.0535496813,0.0261211936,0.0790272315
0.766884,-2.099781,-9.126788,2.638345,0.0684488334,-0.171824685,0.0779630063
0.767933,-0.891694,-6.947931,0.889862,0.0578065819,-0.296339028,0.0577427284
0.768982,1.666183,-10.587341,-1.305348,0.0567423567,-0.2069441151,0.0439078014
0.77,3.200909,-11.734234,-6.305817,0.0014026488,0.1985256684,0.0375224505
0.771049,0.628621,-8.161866,-1.826531,-0.0603224102,0.5646191213,0.0268801989
0.772098,-2.157423,-8.049332,1.487901,0.0194944764,0.3081408593,0.0417793511
0.773147,-1.504144,-10.268893,2.527864,0.0535496813,0.1410575101,0.0588069535
0.774164,-1.645847,-11.657615,2.813674,0.0758984095,-0.0419892163,0.0811556818
0.775213,-1.023791,-12.052682,0.803399,0.0620634825,-0.2069441151,0.0875410327
0.776262,0.851985,-13.546756,-1.019538,0.0631277077,-0.2175863666,0.075834556
0.777312,2.57645,-9.950444,-6.281799,0.0269440524,0.0686901997,0.0375224505
0.778361,0.801548,-4.915129,-2.789637,-0.0379736819,0.4039211231,-0.0018538802
0.779378,-2.150218,-4.965411,3.880056,-0.0188176292,0.4262698513,-0.0007896551
0.780427,-2.133405,-7.216098,1.33659,0.0258798273,0.2825994556,0.0268801989
0.781477,-1.261566,-10.651988,2.052315,0.0546139064,0.1644704635,0.0630638542
0.782526,-0.937328,-13.003239,2.844897,0.0801553101,0.029313869,0.1077613106
0.783543,-0.519421,-15.356884,0.616062,0.072705734,-0.1207418777,0.1258531382
0.784592,0.405257,-16.238004,-0.46233,0.0716415089,-0.1824669366,0.10350441
0.785641,1.805485,-8.767636,-5.225024,0.0397147543,-0.0036771108,0.0407151259
0.786693,0.976877,-2.44895,-2.967368,-0.0401021322,0.2964343826,-0.0273952839
0.787708,-1.710695,-4.354852,3.59905,-0.0507443838,0.4134991495,-0.0295237342
0.788757,-2.227074,-6.979058,2.081136,-0.0081753776,0.3421960642,0.0141094971
0.789806,-1.206325,-8.79158,1.641614,0.0269440524,0.2272597476,0.0524216026
0.790855,-0.663527,-12.102964,2.434196,0.0503570058,0.0803966764,0.0949906088
0.791904,-0.372914,-18.969956,1.425455,0.065256158,-0.0877508979,0.1343669395
0.792921,-0.130336,-20.622056,0.73615,0.0993113629,-0.1941734133,0.1418165155
0.793971,1.209848,-8.43961,-3.675887,0.0918617868,-0.1196776525,0.0864768075
0.79502,1.903957,0.86004,-4.081785,-0.0017900267,0.1623420132,-0.007175006
0.796072,-0.610688,-2.403458,1.629605,-0.0688362114,0.4166918249,-0.0465513367
0.797086,-2.693016,-6.981452,2.681577,-0.0581939599,0.4145633746,-0.021009933
0.798136,-1.941264,-9.392561,1.884192,-0.0145607286,0.2421588997,0.020494848
0.799185,-0.151951,-19.750513,1.259734,0.0407789794,-0.1196776525,0.1482018664
0.800234,-0.005444,-20.97642,0.479161,0.0961186874,-0.2378066446,0.1758717204
0.801251,0.96727,-9.208196,-2.424569,0.114210515,-0.1824669366,0.1269173634
0.8023,1.723825,0.946236,-3.402087,0.0461001052,0.0921031531,0.0236875235
0.80335,-0.464181,-1.1991,0.70973,-0.0283956555,0.3868935206,-0.0465513367
0.804399,-2.49367,-6.133853,2.210832,-0.0464874832,0.4209487256,-0.0529366876
0.80545,-1.929255,-9.708615,1.310171,-0.0230745298,0.2304524231,-0.021009933
0.806465,-0.812436,-13.616192,1.562356,0.0024668739,0.0239927432,0.048164702
0.807514,-0.055881,-19.089673,0.921085,0.0280082776,-0.1398979304,0.1375596149
0.808564,0.417266,-20.871068,0.337457,0.0833479856,-0.2218432673,0.1982204487
0.809613,1.289106,-11.018324,-2.045091,0.1110178396,-0.1058427255,0.1758717204
0.81063,1.176223,-0.674738,-3.257981,0.0418432046,0.1910760924,0.0683849799
0.811679,-1.098246,-0.322769,1.312573,-0.0369094568,0.410306474,-0.0380375354
0.812729,-2.200655,-3.667674,2.424588,-0.0401021322,0.3762512691,-0.0827349919
0.813778,-1.561786,-8.68144,0.361475,-0.0124322782,0.1963972181,-0.0710285152
0.814795,-0.886891,-15.414348,1.290957,0.0131091254,0.0144147169,0.0119810468
0.815844,0.057002,-19.697838,0.997942,0.0556781316,-0.1409621556,0.1375596149
0.816893,0.51814,-19.139954,0.015621,0.1110178396,-0.2197148169,0.2237618524
0.817945,0.868797,-12.361553,-2.037886,0.120595866,-0.1186134273,0.2120553757
0.818992,1.039323,-2.836835,-3.596629,0.0205587015,0.1751127151,0.1003117345
0.820009,-0.529028,1.365247,0.774578,-0.0922491648,0.437976328,-0.0273952839
0.821058,-1.809167,-1.665998,3.193152,-0.086928039,0.4645819569,-0.090184568
0.822108,-1.420082,-8.480314,0.714534,-0.0337167813,0.3347464881,-0.0752854158
0.823157,-0.819641,-15.807021,0.813006,0.0003384236,0.1527639868,0.0098525965
0.824174,-0.255227,-20.576563,1.15886,0.0567423567,-0.0547599181,0.1364953898
0.825223,-0.209594,-12.39268,-0.097262,0.1663575476,-0.2452562206,0.2184407266
0.826272,0.921636,-2.824863,-3.901653,0.0886691114,-0.0100624617,0.1066970855
0.827324,0.393249,1.772286,-1.036351,-0.0475517083,0.3517740906,-0.0284595091
0.828339,-1.292788,-1.019524,3.510185,-0.100762966,0.5007656121,-0.0944414686
0.829388,-1.355234,-7.960741,1.334188,-0.0656435359,0.3954073219,-0.0869918925
0.830437,-0.673134,-15.253927,0.714534,-0.0230745298,0.2144890457,-0.0135603569
0.831486,-0.166362,-20.234172,1.206895,0.0269440524,0.0197358426,0.1120182112
0.832504,-0.375315,-19.786428,1.730479,0.0982471377,-0.1611824335,0.2258903027
0.833553,-0.798025,-12.780564,1.269341,0.1472014948,-0.2580269225,0.2482390309
0.834602,0.68146,-3.691617,-3.853618,0.0854764359,-0.116484977,0.1471376413
0.835651,1.426006,0.984546,-2.645531,-0.0379736819,0.2613149525,-0.0007896551
0.836703,-0.625099,-0.150375,2.49424,-0.086928039,0.5092794133,-0.0912487931
0.837718,-1.626633,-6.337372,0.73615,-0.0752215623,0.4347836526,-0.1008268195
0.838767,-1.110255,-15.241955,0.383091,-0.0369094568,0.223002847,-0.0305879594
0.839818,-0.675536,-20.499944,1.197288,0.0290725027,0.0101578162,0.1045686351
0.840865,-0.656321,-19.314742,1.519124,0.100375588,-0.1760815856,0.2312114284
0.841882,-1.112656,-13.175632,2.366946,0.1503941703,-0.296339028,0.2673950837
0.842932,0.39565,-4.022037,-2.811253,0.0971829126,-0.1963018636,0.1769359456
0.843981,1.920769,1.973412,-3.149901,-0.0347810065,0.1687273641,0.020494848
0.84503,0.085823,-0.33474,2.030699,-0.1018271912,0.4784168839,-0.0784780913
0.846047,-1.343225,-7.570462,0.592044,-0.0954418402,0.4730957581,-0.0848634422
0.848145,-0.209594,-19.216573,0.755364,0.0131091254,0.056983723,0.0886052578
0.847096,-0.747588,-15.045618,0.010818,-0.0571297347,0.271957204,-0.0231383833
0.849197,-0.677937,-19.221362,1.28135,0.0918617868,-0.1292556789,0.1939635481
0.850243,-0.65392,-2.894299,-1.02194,0.120595866,-0.2452562206,0.1673579192
0.851261,1.63496,2.734815,-3.678289,0.0056595494,0.0591121733,0.0311370995
0.85231,0.835173,-2.298106,-0.301412,-0.0826711384,0.4305267519,-0.0550651379
0.853359,-1.018988,-8.614398,-0.23176,-0.1124694427,0.52098589,-0.0593220385
0.854408,-0.848462,-13.551545,0.659293,-0.0773500126,0.3347464881,-0.0124961318
0.855426,-0.0823,-17.356165,1.24052,0.0003384236,0.1144518813,0.075834556
0.856475,-0.783615,-19.211785,1.495107,0.0801553101,-0.0792370967,0.1684221444
0.857524,-2.224672,-15.526882,3.880056,0.1408161439,-0.2729260746,0.2077984751
0.858575,-1.470519,-3.617392,0.712132,0.1259169917,-0.3442291599,0.1460734161
0.85959,1.145,3.936778,-2.085921,0.0407789794,-0.1388337053,0.0236875235
0.86064,2.074482,-1.337972,-2.371731,-0.0550012844,0.2804710053,-0.0465513367
0.861689,0.417266,-10.55382,-2.242035,-0.1199190188,0.5571695452,-0.0327164097
0.862738,-0.786017,-15.069562,1.600784,-0.0975702905,0.4709673078,0.0279444241
0.863787,-0.175969,-15.428714,1.180476,-0.0081753776,0.2187459464,0.0960548339
0.864804,-0.850864,-17.24363,0.719337,0.0631277077,-0.0068697862,0.1407522904
0.865854,-2.661793,-16.403214,3.820012,0.1120820647,-0.2175863666,0.1567156677
0.866903,-2.051745,-5.398788,1.737685,0.1227243163,-0.3410364845,0.1077613106
0.867954,0.587791,3.493823,-1.161242,0.072705734,-0.2122652409,0.0087883713
0.868969,2.158544,-1.187128,-3.279597,-0.0124322782,0.1793696157,-0.0401659857
0.870018,0.813557,-10.386216,-3.426104,-0.0954418402,0.534820817,-0.0135603569
0.87107,-0.949336,-15.014492,1.521526,-0.0890564893,0.5337565918,0.0556142781
0.872116,-0.649116,-15.397587,1.776113,0.0056595494,0.2708929789,0.1215962376
0.873134,-1.021389,-16.156596,0.676106,0.0673846083,0.0027082402,0.1482018664
0.874183,-2.363974,-15.00252,3.563024,0.0854764359,-0.2186505918,0.1386238401
0.875232,-1.849997,-5.824982,2.052315,0.0907975617,-0.3442291599,0.0790272315
0.876281,0.311589,1.195248,-0.234162,0.065256158,-0.2484488961,-0.0029181054
0.87733,1.416399,-10.572975,-4.084187,-0.0847995887,0.5114078636,0.0087883713
0.878348,-0.584269,-14.748719,1.221306,-0.0847995887,0.5827109489,0.0705134302
0.879397,-0.999773,-15.107871,1.783318,0.0067237745,0.3315538127,0.117339337
0.880449,-1.086237,-13.599432,0.178941,0.0471643304,0.0484699218,0.1226604628
0.881495,-1.828381,-12.165217,3.757566,0.0599350322,-0.1601182083,0.1056328603
0.882513,-1.88122,-7.287929,2.79446,0.0907975617,-0.2739902998,0.0715776554
0.883562,-0.358503,-2.932609,-0.063637,0.0822837604,-0.2356781942,0.0279444241
0.884611,2.148937,-5.128226,-3.111473,0.0258798273,0.0197358426,0.0162379474
0.88566,2.252212,-9.631996,-5.217819,-0.0752215623,0.4145633746,0.0322013247
0.886678,-0.406538,-13.855627,0.798596,-0.0996987408,0.5710044722,0.0662565296
0.887726,-1.741918,-14.04478,3.385293,-0.0230745298,0.3645447924,0.1024401848
0.889828,-2.210262,-10.577764,5.993607,-0.0092396028,-0.1239345531,0.0822199069
0.888776,-1.701088,-10.256921,2.475025,-0.0060469273,0.0899747028,0.1003117345
0.890842,-2.066156,-9.220168,4.562157,0.0141733506,-0.2622838231,0.0715776554
0.891892,-0.526626,-2.563879,1.420652,0.0386505291,-0.2920821274,0.0332655499
0.892943,1.915966,-3.962178,-3.524576,0.0407789794,-0.1494759568,-0.007175006
0.89399,3.071213,-13.082252,-7.864561,-0.0528728341,0.2357735488,0.0141094971
0.895039,0.912029,-15.162941,-1.468668,-0.1177905685,0.5263070158,0.0832841321
0.896056,-1.112656,-8.710172,0.282217,-0.0635150856,0.3985999973,0.117339337
0.897105,-0.886891,-5.367661,-1.708844,0.0141733506,0.1240299077,0.0907337082
0.898155,-1.023791,-10.297625,1.860174,0.1046324887,-0.0334754151,0.0683849799
0.899203,-1.585803,-14.068724,0.688114,0.1791282494,-0.1335125795,0.0768987812
0.900221,-0.550644,-10.158753,-0.577614,0.2036054279,-0.1814027114,0.089669483
0.90127,2.002429,-6.157796,-3.505362,0.1876420506,-0.026025839,0.0822199069
0.902322,2.365095,-7.005396,-7.528314,0.065256158,0.3517740906,0.0502931523
0.903368,-2.784283,-9.957627,4.492506,0.0365220788,0.4390405532,0.0396509008
0.904386,-1.965282,-7.795531,0.916282,0.0620634825,0.2442873501,0.0311370995
0.905435,-1.989299,-9.780446,4.85277,0.0822837604,0.0910389279,0.0417793511
0.906484,-2.392796,-11.339167,4.261937,0.0982471377,-0.0792370967,0.0843483572
0.907533,-1.36244,-10.805227,1.776113,0.0546139064,-0.2388708697,0.1056328603
0.908582,0.4629,-12.040711,1.250127,0.0578065819,-0.3027243789,0.0886052578
0.909599,1.968805,-9.864248,-3.858421,0.0407789794,-0.1175492022,0.0513573775
0.910649,0.674255,-6.672581,-0.301412,-0.0198818543,0.1570208875,0.0173021725
0.9117,-1.86681,-7.101169,4.590978,-0.0220103046,0.2102321451,0.0162379474
0.912747,-1.556982,-7.965529,2.201225,-0.0145607286,0.1229656825,0.0322013247
0.913764,-0.6275,-8.892142,3.55822,-0.0028542519,0.0527268224,0.0502931523
0.914813,-0.91331,-11.231421,2.124368,0.0131091254,-0.0313469647,0.0811556818
0.915862,-0.322477,-16.003358,0.061255,0.0077879997,-0.1356410298,0.1088255358
0.916912,1.644567,-15.929133,-1.365392,0.0077879997,-0.1239345531,0.1045686351
0.917929,2.667717,-7.728489,-5.835072,-0.0379736819,0.0910389279,0.0471004769
0.918978,0.575782,-3.945418,-1.161242,-0.086928039,0.2708929789,-0.0124961318
0.920027,-1.590607,-5.865686,3.008217,-0.0475517083,0.2357735488,-0.0103676814
0.921078,-1.237548,-6.516948,0.291824,0.0088522248,0.1240299077,0.0151737222
0.922126,-0.70916,-8.583271,1.144449,0.0397147543,0.0218642929,0.0396509008
0.923143,-0.608286,-12.773381,1.696855,0.0673846083,-0.0866866727,0.0917979333
0.924195,0.121849,-17.46391,0.325448,0.0876048862,-0.178210036,0.145009191
0.925242,1.507666,-18.687422,-3.661477,0.0822837604,-0.1281914537,0.1471376413
0.926291,2.141731,-10.264104,-6.50036,0.0194944764,0.1634062384,0.0811556818
0.927308,0.119448,-1.148819,-0.596828,-0.0358452316,0.4486185796,-0.0029181054
0.928357,-2.299127,-0.861497,3.3949,-0.0103038279,0.4816095593,-0.0380375354
0.929406,-2.30393,-11.494799,1.490303,0.058870807,0.2134248206,0.0290086492
0.930456,-1.729909,-16.053639,2.422187,0.0854764359,-0.012190912,0.117339337
0.931473,-0.870078,-19.312347,1.048379,0.1174031905,-0.2207790421,0.1822570714
0.932522,-0.055881,-16.551663,-0.325429,0.1503941703,-0.2984674783,0.1662936941
0.933573,1.080153,-7.242436,-3.2844,0.1365592433,-0.130319904,0.0715776554
0.93462,0.50373,-3.389929,-2.282865,0.065256158,0.2325808734,-0.0242026084
0.93567,-1.864408,-4.065135,1.891397,-0.0071111525,0.4720315329,-0.0646431643
0.936687,-2.318341,-3.952601,2.08594,-0.0273314304,0.4113706992,-0.0731569655
0.937736,-1.134272,-7.508209,2.052315,0.0024668739,0.2304524231,-0.0571935882
0.938785,-0.440163,-15.330546,2.400571,0.0258798273,0.0633690739,0.0215590732
0.939834,0.133858,-20.971631,1.644016,0.0599350322,-0.1186134273,0.1396880652
0.940852,0.667049,-18.459959,0.202958,0.1248527666,-0.2665407237,0.2035415744
0.941901,1.555701,-10.297625,-2.717584,0.1461372696,-0.2324855188,0.1662936941
0.942953,1.495657,-3.31331,-2.511033,0.0695130586,0.0122862666,0.0609354038
0.943999,-0.70916,-0.054602,1.790523,-0.0337167813,0.2251312973,-0.0433586612
0.946068,-1.004577,-9.040592,1.874585,-0.0103038279,0.0857178022,-0.0752854158
0.947115,-0.670732,-15.450263,1.211699,0.0258798273,-0.0409249911,0.0141094971
0.945016,-1.727507,-2.171206,3.238786,-0.0539370592,0.2123605954,-0.0955056937
0.948164,-0.197585,-20.947688,0.279815,0.0663203831,-0.1654393341,0.1301100388
0.949213,0.525345,-21.59895,-0.43591,0.1237885414,-0.2037514396,0.2109911505
0.950231,1.065742,-11.08776,-3.31082,0.1174031905,-0.0622094942,0.1843855217
0.95128,0.607005,0.134552,-3.671084,0.0024668739,0.181498066,0.0566785032
0.952329,-1.11746,1.975806,2.251662,-0.0635150856,0.3464529648,-0.0646431643
0.953378,-1.725106,-2.43219,1.860174,-0.0220103046,0.3464529648,-0.1157259717
0.954395,-1.369645,-11.233815,-1.02194,0.023751377,0.2123605954,-0.0923130183
0.955447,-0.593876,-20.825576,1.089209,0.128045442,-0.2175863666,0.1524587671
0.956494,-0.151951,-17.147856,1.223707,0.1748713488,-0.324008882,0.2205691769
0.957543,0.525345,-9.830727,-0.198136,0.1663575476,-0.2143936912,0.1801286211
0.958561,0.988886,-2.372331,-3.536585,0.0482285555,0.1389290598,0.0471004769
0.95961,-0.819641,-0.277276,1.764104,-0.0890564893,0.4699030826,-0.0784780913
0.960659,-1.90764,-2.83444,3.827218,-0.1018271912,0.5060867378,-0.1284966735
0.962726,-0.949336,-16.144624,0.933094,-0.0230745298,0.0963600537,-0.0359090851
0.961708,-1.119862,-8.58806,-0.118878,-0.0571297347,0.3294253623,-0.1157259717
0.963775,-0.742785,-20.775294,1.523928,0.037586304,-0.1377694801,0.1024401848
0.964826,-0.541037,-18.80714,2.314107,0.1184674157,-0.3069812795,0.221633402
0.965873,0.112242,-11.281702,0.957112,0.1663575476,-0.3303942329,0.2333398787
0.966922,2.22099,-3.761053,-4.357988,0.1163389653,-0.0973289243,0.1120182112
0.96794,1.94959,-0.337135,-1.331768,0.0205587015,0.2964343826,-0.0433586612
0.968989,-0.54584,-1.227832,2.227644,-0.0209460795,0.493316036,-0.131689349
0.970038,-1.237548,-7.850601,-0.236564,-0.0230745298,0.3741228188,-0.139138925
0.971087,-1.129469,-17.241236,0.512786,0.0056595494,0.1219014574,-0.0582578134
0.972105,-1.043005,-21.345149,0.865845,0.0609992574,-0.1069069507,0.0928621585
0.973154,-1.009381,-18.625169,2.165198,0.1301738923,-0.2558984722,0.228018753
0.974205,-0.310468,-10.675932,1.507115,0.169550223,-0.2867610016,0.2524959315
0.975253,1.711816,-1.926982,-4.651003,0.079091085,-0.0760444212,0.1215962376
0.97627,1.303516,0.328494,-1.252509,-0.0645793108,0.3006912832,-0.0497440121
0.977322,-0.846061,-2.300501,2.955378,-0.1028914163,0.5050225127,-0.131689349
0.978368,-1.100647,-8.463554,-0.54399,-0.0720288868,0.4092422489,-0.1338177993
0.979418,-0.898899,-17.492642,0.620865,-0.0188176292,0.1687273641,-0.0550651379
0.980467,-0.934926,-20.911772,1.09161,0.0641919328,-0.061145269,0.089669483
0.981484,-1.672267,-12.11733,2.143582,0.2099907789,-0.3495502857,0.2131196008
0.982533,0.261152,-2.575851,-2.90252,0.1450730445,-0.2388708697,0.0960548339
0.983582,1.966403,3.280726,-2.340508,0.0120449003,0.1346721592,-0.0571935882
0.984631,0.229929,-1.273325,0.961915,-0.0603224102,0.4571323808,-0.1338177993
0.985649,-1.333618,-10.628045,0.27261,-0.0581939599,0.4432974538,-0.111469071
0.986701,-0.812436,-17.380108,1.026763,-0.0049827022,0.2081036948,-0.0242026084
0.987747,-0.16396,-18.979533,1.000344,0.065256158,-0.012190912,0.0864768075
0.988796,-1.143879,-18.42165,2.246858,0.1354950181,-0.1909807378,0.1641652438
0.989814,-2.414411,-13.582671,3.171537,0.1748713488,-0.3314584581,0.1641652438
0.990863,-0.716366,-1.416986,-1.132421,0.1237885414,-0.2888894519,0.0683849799
0.991912,1.985617,5.34226,-2.559068,0.0163018009,0.0218642929,-0.0614504888
0.992962,1.495657,-1.56783,-1.713648,-0.0847995887,0.4060495734,-0.1199828723
0.99401,-0.589072,-12.294512,-0.414294,-0.1167263433,0.5284354661,-0.0848634422
0.995028,-0.673134,-17.147856,1.816943,-0.0475517083,0.3421960642,0.0087883713
0.996079,-0.024658,-17.533346,0.318243,0.0471643304,0.1006169543,0.10350441
0.997126,-1.480126,-18.368974,1.848166,0.1323023427,-0.1175492022,0.1577798928
0.998174,-2.921183,-13.546756,3.318044,0.1748713488,-0.3282657826,0.1418165155
0.999194,-1.21353,-0.423331,-0.046825,0.1323023427,-0.3761559145,0.0407151259
1.000241,1.534086,4.992685,-1.442249,0.0663203831,-0.122870328,-0.0720927404
1.00129,1.788672,-3.581477,-3.6927,-0.0198818543,0.3155904353,-0.1018910447
1.002339,-0.175969,-13.570699,-1.795308,-0.0816069132,0.5656833465,-0.0465513367
1.003357,-1.030996,-16.070399,2.523061,-0.0262672052,0.4326552022,0.0439078014
1.004406,-0.54584,-15.131815,0.476759,0.0631277077,0.1453144108,0.1077613106
1.005454,-1.561786,-16.745606,2.177207,0.1152747402,-0.109035401,0.1269173634
1.006504,-2.63057,-12.962535,3.920886,0.1333665678,-0.3176235311,0.1024401848
1.007553,1.272294,2.703688,-0.4215,0.0578065819,-0.1814027114,-0.0646431643
1.008573,2.036054,-5.501745,-4.245105,-0.0188176292,0.2315166482,-0.076349641
1.009619,0.628621,-13.410278,-2.756012,-0.0794784629,0.5199216648,-0.0199457078
1.010668,-0.4906,-14.411116,2.107556,-0.0326525562,0.4262698513,0.0577427284
1.011718,-0.452172,-13.496475,0.788988,0.051421231,0.1368006095,0.1045686351
1.012735,-1.372047,-15.395193,1.980262,0.0950544623,-0.1122280764,0.1130824364
1.013784,-2.231877,-12.653664,3.738352,0.1099536144,-0.2888894519,0.0875410327
1.014833,-1.148683,-3.524013,1.082003,0.1046324887,-0.3442291599,0.0151737222
1.015882,1.041724,-0.203051,-0.661676,0.0918617868,-0.185659612,-0.0518724624
1.0169,2.216186,-5.288648,-4.454058,0.023751377,0.195332993,-0.0582578134
1.017951,0.772727,-11.671981,-3.613442,-0.0624508605,0.5199216648,-0.0156888072
1.018998,-1.0358,-14.590692,2.520659,-0.031588331,0.4709673078,0.0492289272
1.020047,-1.115058,-13.891542,1.115628,0.0503570058,0.1846907414,0.0949906088
1.021064,-1.290387,-12.993661,1.511919,0.0780268598,-0.06753062,0.1013759597
1.022113,-1.821176,-10.292836,3.9401,0.0939902371,-0.2484488961,0.0811556818
1.023163,-1.333618,-4.69006,1.437464,0.1014398132,-0.3335869084,0.0322013247
1.025261,2.458764,-8.530596,-4.002527,0.0248156021,0.0644332991,-0.0167530324
1.024212,0.561372,-3.761053,0.219771,0.086540661,-0.2558984722,-0.0114319066
1.026278,1.435613,-12.069443,-4.391613,-0.0656435359,0.4454259041,0.0013387952
1.02733,-1.115058,-12.785353,2.153189,-0.0550012844,0.4911875857,0.0311370995
1.028376,-1.710695,-11.26973,1.838559,0.0216229267,0.2549296016,0.0513573775
1.029425,-1.393662,-10.000726,1.780916,0.0556781316,0.0346349948,0.0513573775
1.030445,-1.82598,-9.916923,4.098617,0.0897333365,-0.1335125795,0.0492289272
1.031492,-2.015719,-8.315104,1.531133,0.0993113629,-0.2739902998,0.0407151259
1.032541,-0.10872,-8.413273,0.476759,0.0907975617,-0.3229446568,0.0311370995
1.03359,2.850251,-9.770868,-6.651671,-0.0294598807,0.3507098654,0.006659921
1.034607,-0.622697,-9.840304,2.117163,-0.0496801586,0.5252427906,0.0055956959
1.035656,-2.008514,-9.445237,3.137912,0.0205587015,0.3453887396,0.0258159738
1.036706,-1.523358,-9.660728,1.588775,0.0620634825,0.1442501856,0.0396509008
1.037755,-2.118995,-10.944099,4.319579,0.0876048862,-0.026025839,0.0588069535
1.038804,-2.16703,-9.478758,1.358206,0.0822837604,-0.2154579163,0.0694492051
1.039823,-0.401735,-10.93931,0.462349,0.0620634825,-0.3399722593,0.0598711787
1.04087,2.093696,-13.450982,-2.859288,0.0471643304,-0.2037514396,0.0417793511
1.041919,2.417934,-8.801157,-5.871098,-0.0188176292,0.1889476421,0.006659921
1.042969,-0.622697,-4.953439,1.370215,-0.0528728341,0.4060495734,-0.0188814827
1.043986,-2.390394,-6.789904,3.274812,-0.0092396028,0.299627058,0.0002745701
1.045035,-1.650651,-10.486778,1.980262,0.0365220788,0.1485070862,0.0439078014
1.046084,-1.415278,-12.294512,3.272411,0.0705772837,0.0133504917,0.0854125824
1.047133,-1.191914,-11.449307,0.851434,0.058870807,-0.1590539832,0.1003117345
1.04815,-0.156755,-14.976182,0.214967,0.0386505291,-0.2910179022,0.0822199069
1.049202,1.498059,-15.505333,-2.801646,0.0461001052,-0.1899165126,0.0460362517
1.050249,1.855922,-5.863291,-5.467602,0.0003384236,0.1516997617,-0.0156888072
1.051298,-0.677937,-1.507971,1.067593,-0.0390379071,0.368801693,-0.0582578134
1.052346,-2.484062,-5.688504,3.342062,-0.0028542519,0.3219757863,-0.0284595091
1.053364,-1.883622,-9.794812,1.439866,0.0365220788,0.2059752445,0.034329775
1.054413,-1.069425,-12.124513,2.787255,0.0567423567,0.0750755506,0.0981832842
1.055462,-0.380119,-14.109428,1.355804,0.058870807,-0.0941362488,0.1396880652
1.056512,0.38124,-17.734472,-0.291805,0.0524854561,-0.2441919955,0.1343669395
1.057529,1.481247,-15.210828,-2.695968,0.0578065819,-0.2303570685,0.0843483572
1.05858,1.920769,-4.611047,-4.482879,0.0152375758,0.0218642929,0.0034672456
1.059627,-2.380787,-4.996537,3.332455,-0.0230745298,0.3081408593,-0.0380375354
1.060676,-2.133405,-10.101288,1.523928,0.0205587015,0.2070394697,0.0194306229
1.061696,-1.155888,-11.954514,2.040307,0.051421231,0.0665617494,0.0832841321
1.062743,-0.468984,-14.463791,1.319778,0.0556781316,-0.1058427255,0.1290458137
1.063792,-0.022256,-19.987554,0.111692,0.0631277077,-0.2473846709,0.1418165155
1.064841,0.912029,-16.044062,-1.951422,0.0822837604,-0.2261001679,0.1120182112
1.06589,1.767057,-3.172043,-4.468469,0.0312009531,0.0144147169,0.0290086492
1.066908,0.150671,0.634971,-0.25818,-0.0464874832,0.2868563562,-0.0465513367
1.067957,-2.236681,-4.364429,3.243589,-0.0496801586,0.3570952163,-0.0465513367
1.069006,-2.241485,-8.748481,1.63681,-0.0145607286,0.2421588997,-0.0029181054
1.070055,-1.079032,-11.559447,1.860174,0.00991645,0.0750755506,0.0524216026
1.071075,-0.358503,-16.352933,1.773711,0.0226871518,-0.1069069507,0.1184035621
1.072121,-0.063086,-21.062616,0.91388,0.0535496813,-0.2633480482,0.1631010186
1.07317,0.434079,-15.625051,-0.51757,0.0971829126,-0.2974032532,0.1439449658
1.074219,1.40439,-4.151332,-3.159509,0.0758984095,-0.1079711758,0.0609354038
1.075237,0.667049,0.551169,-1.425436,-0.0103038279,0.2325808734,-0.0252668336
1.076286,-1.600214,-1.857546,2.294893,-0.0645793108,0.4092422489,-0.0614504888
1.077335,-2.176637,-7.041311,2.155591,-0.0528728341,0.2974986077,-0.0497440121
1.078384,-1.278378,-12.318455,1.41825,-0.0252029801,0.0910389279,0.0034672456
1.079433,-0.404136,-17.28194,1.442268,-0.0071111525,-0.1079711758,0.0939263836
1.080453,0.018574,-20.739379,0.716936,0.0343936285,-0.2835683262,0.172679045
1.0815,0.35482,-16.45589,-0.104467,0.0918617868,-0.3410364845,0.1822570714
1.082549,1.317927,-5.458646,-2.309285,0.0844122107,-0.171824685,0.1098897609
1.083598,0.861592,1.501725,-1.692032,0.0003384236,0.1665989138,0.0045314707
1.084615,-1.244753,0.005257,2.150788,-0.0613866353,0.3783797194,-0.0657073894
1.085664,-1.960478,-6.246387,1.848166,-0.059258185,0.3070766341,-0.0742211907
1.086714,-0.459377,-17.969118,0.981129,-0.0220103046,-0.1111638513,0.075834556
1.087763,-0.003042,-21.132052,0.459947,0.0248156021,-0.2761187501,0.1716148198
1.08878,0.032984,-16.441523,0.392698,0.0897333365,-0.3069812795,0.2046057996
1.08983,0.813557,-5.001326,-2.590291,0.0822837604,-0.1281914537,0.1439449658
1.090879,0.472507,1.140178,-2.299678,-0.0209460795,0.1889476421,0.020494848
1.091928,-1.32161,-0.461641,2.455811,-0.086928039,0.3783797194,-0.0720927404
1.092947,-1.568991,-4.874425,1.120432,-0.0656435359,0.3304895875,-0.1008268195
1.093994,-0.927721,-11.521137,-0.092458,-0.0273314304,0.1708558144,-0.0657073894
1.095043,-0.512216,-18.515029,0.767373,0.0088522248,-0.0196404881,0.0407151259
1.096093,-0.185576,-20.899801,0.339859,0.0684488334,-0.2090725654,0.1662936941
1.097142,-0.471386,-16.288285,1.226109,0.134430793,-0.3176235311,0.2290829781
1.098159,0.448489,-7.402857,-2.487015,0.1174031905,-0.2037514396,0.1811928462
1.099208,1.315525,0.524831,-3.875234,-0.0156249537,0.1485070862,0.0449720265
1.100257,-0.461779,2.160171,2.309304,-0.1263043697,0.4262698513,-0.0774138661
1.101307,-1.619428,-3.500069,2.49424,-0.1167263433,0.4124349243,-0.1157259717
1.102326,-1.127067,-12.014373,0.126102,-0.059258185,0.2453515752,-0.0752854158
1.103373,-0.673134,-18.764042,1.163663,-0.0017900267,0.0442130212,0.034329775
1.104422,-0.358503,-20.787266,1.060388,0.0663203831,-0.171824685,0.1684221444
1.105471,-0.836454,-16.707296,2.203626,0.1376234684,-0.3452933851,0.24185368
1.106488,-0.219201,-8.075669,-0.58482,0.1376234684,-0.337843809,0.1982204487
1.107538,1.788672,0.752294,-3.819993,0.0322651782,-0.0473103421,0.0588069535
1.108587,1.0081,2.71566,0.724141,-0.0709646617,0.3262326869,-0.0731569655
1.109636,-1.014184,-3.727532,2.04511,-0.0954418402,0.4475543544,-0.1157259717
1.110685,-1.071826,-12.641692,0.361475,-0.0699004365,0.3006912832,-0.0742211907
1.111705,-0.394529,-18.900519,1.24052,-0.0188176292,0.0793324512,0.0311370995
1.112751,-1.247155,-15.962654,2.518257,0.1110178396,-0.2942105777,0.2301472033
1.1138,-1.146281,-8.947212,0.700123,0.1216600911,-0.3303942329,0.200348899
1.11485,1.190634,-0.327557,-3.31082,0.0290725027,-0.0898793482,0.0737061057
1.115867,1.313123,3.070023,-0.459928,-0.0741573372,0.2836636807,-0.0571935882
1.116916,-0.70916,-2.769793,0.70973,-0.1156621181,0.4528754802,-0.111469071
1.117965,-1.372047,-12.766198,-0.440714,-0.1028914163,0.3219757863,-0.0752854158
1.119015,-0.946935,-19.125588,1.014754,-0.0358452316,0.0676259745,0.0311370995
1.120032,-0.596277,-19.508684,0.563223,0.0429074297,-0.1537328574,0.1524587671
1.121081,-1.316806,-16.498988,2.42699,0.1110178396,-0.3186877562,0.2184407266
1.12213,-1.369645,-9.426082,1.257332,0.134430793,-0.3697705636,0.1833212965
1.123179,0.883208,-0.164742,-3.459729,0.051421231,-0.157989758,0.0566785032
1.124229,1.615746,2.62228,-0.822594,-0.0550012844,0.2357735488,-0.0657073894
1.125246,-0.224004,-3.456971,0.433528,-0.1039556415,0.465646182,-0.1082763956
1.126295,-1.220736,-12.366342,-0.320626,-0.0954418402,0.3698659182,-0.0720927404
1.127344,-0.761999,-18.131934,1.190083,-0.0283956555,0.1219014574,0.0236875235
1.128394,-0.399333,-19.259672,0.748158,0.0492927807,-0.1047785003,0.1343669395
1.129411,-1.331217,-16.891661,2.912146,0.1152747402,-0.296339028,0.1960919984
1.13046,-1.986898,-9.315942,2.506248,0.1333665678,-0.4176606955,0.1652294689
1.131509,0.006565,0.275819,-1.850548,0.0609992574,-0.3144308556,0.0502931523
1.132558,2.257016,1.501725,-2.148367,-0.0379736819,0.0516625972,-0.0518724624
1.133578,1.325132,-5.513716,-1.977842,-0.1167263433,0.4209487256,-0.0731569655
1.134625,-0.682741,-12.675213,-0.246171,-0.1337539458,0.4826737845,-0.0337806348
1.135673,-0.644313,-16.635466,1.968254,-0.0539370592,0.271957204,0.0428435762
1.136723,-0.519421,-18.033765,0.803399,0.0482285555,0.0335707696,0.1184035621
1.137772,-2.448036,-9.560166,2.895334,0.1237885414,-0.3825412655,0.1152108867
1.139838,1.819895,0.225537,-2.052296,0.0407789794,-0.0600810439,-0.0444228864
1.138789,-0.512216,-0.11446,-0.070842,0.092926012,-0.3729632391,0.0226232983
1.141937,-0.252825,-13.084647,-0.947486,-0.114597893,0.5401419428,-0.0018538802
1.140888,1.807886,-6.682158,-4.273926,-0.0581939599,0.3730585936,-0.0454871115
1.142956,-0.841257,-15.929133,2.729612,-0.0422305825,0.3379391636,0.0588069535
1.144003,-0.622697,-16.293074,0.764971,0.0354578537,0.0548552727,0.0971190591
1.145052,-1.998907,-16.336172,2.820879,0.0695130586,-0.1739531353,0.1045686351
1.146101,-2.6714,-10.31678,3.596648,0.0971829126,-0.3580640869,0.0779630063
1.147118,-0.951738,-0.418543,0.700123,0.0918617868,-0.3772201397,0.0045314707
1.148168,1.469238,-0.430514,-1.091591,0.0524854561,-0.1430906059,-0.048679787
1.149216,2.043259,-8.195387,-4.516504,-0.0379736819,0.2485442507,-0.0369733103
1.150265,0.251545,-14.04478,-1.708844,-0.0996987408,0.4762884335,0.0130452719
1.151283,-1.002175,-15.893218,2.700791,-0.0379736819,0.3464529648,0.0768987812
1.152332,-0.949336,-14.159709,0.606455,0.0354578537,0.0644332991,0.1066970855
1.153381,-1.554581,-12.490848,2.179609,0.0492927807,-0.1814027114,0.089669483
1.15443,-1.986898,-9.368618,3.678308,0.0599350322,-0.3442291599,0.0502931523
1.155479,-0.723571,-4.048375,1.190083,0.0695130586,-0.3452933851,0.0034672456
1.156496,1.52688,-4.476963,-1.197269,0.0567423567,-0.130319904,-0.0199457078
1.157545,2.326667,-9.912135,-4.982446,-0.0188176292,0.250672701,-0.007175006
1.158594,0.386043,-13.120562,-1.977842,-0.0943776151,0.5103436385,0.0194306229
1.159643,-1.420082,-12.687185,2.823281,-0.0518086089,0.4028568979,0.048164702
1.16066,-1.415278,-11.588179,0.534402,0.0194944764,0.1282868083,0.0598711787
1.16171,-1.554581,-12.155639,2.314107,0.0567423567,-0.0983931494,0.0609354038
1.162759,-2.010915,-10.07495,3.368481,0.0822837604,-0.2707976243,0.0502931523
1.163808,-1.21353,-5.595124,0.661695,0.0769626347,-0.3463576102,0.0215590732
1.164827,2.607673,-11.710291,-5.599699,-0.0081753776,0.1282868083,0.0045314707
1.165874,0.979279,-11.592967,-3.159509,-0.1050198666,0.4581966059,0.0045314707
1.166923,-1.340824,-9.430871,3.385293,-0.0667077611,0.4252056262,0.0162379474
1.167972,-1.511349,-8.726932,1.266939,0.0141733506,0.20916792,0.0258159738
1.169021,-1.489733,-11.422969,2.657559,0.0609992574,0.0261211936,0.0396509008
1.170039,-2.118995,-11.633671,3.692719,0.0961186874,-0.1590539832,0.0545500529
1.171088,-1.585803,-8.133134,0.829818,0.0748341844,-0.3335869084,0.0428435762
1.173186,3.042392,-12.426201,-5.275461,0.0439716549,-0.1207418777,0.0119810468
1.174206,1.939983,-9.078901,-4.70144,-0.0283956555,0.2985628329,-0.0039823305
1.172137,0.657442,-10.161147,0.330252,0.065256158,-0.3846697158,0.0226232983
1.175252,-1.319208,-6.768355,3.351669,-0.0305241059,0.4156275998,-0.0082392311
1.176301,-1.970085,-7.082015,2.585507,0.0163018009,0.2602507274,0.006659921
1.17735,-1.520956,-9.993543,2.383759,0.0429074297,0.1016811795,0.0279444241
1.178368,-1.782748,-12.40944,3.272411,0.065256158,-0.0526314678,0.0545500529
1.179417,-1.251959,-11.439729,0.743355,0.0546139064,-0.2282286182,0.0662565296
1.180466,0.265955,-12.948169,0.229378,0.0482285555,-0.3410364845,0.0502931523
1.181515,1.939983,-12.718311,-4.141829,0.0365220788,-0.1984303139,0.0151737222
1.182564,1.332338,-6.734834,-4.120213,-0.0113680531,0.1282868083,-0.0263310588
1.183581,-1.271173,-3.873588,2.597515,-0.0103038279,0.2549296016,-0.0412302109
1.18463,-1.830783,-5.808221,2.013887,0.0290725027,0.1655346887,-0.0199457078
1.18568,-0.980559,-8.980733,1.574365,0.051421231,0.0740113255,0.0162379474
1.186729,-0.949336,-11.671981,2.659961,0.0695130586,-0.0228331635,0.061999629
1.187746,-0.786017,-14.801395,0.666499,0.0705772837,-0.1633108838,0.0981832842
1.188795,0.31399,-17.50222,-0.471937,0.0684488334,-0.2622838231,0.0928621585
1.189844,1.937582,-12.213104,-4.888777,0.0461001052,-0.1377694801,0.0279444241
1.190893,-1.314404,-1.517549,3.320446,-0.0230745298,0.3038839587,-0.0806065416
1.191911,-2.212663,-4.409922,2.230046,0.0216229267,0.2464158004,-0.0529366876
1.19296,-1.641044,-8.669468,1.168467,0.0461001052,0.1421217353,-0.0093034563
1.194009,-1.302396,-12.830846,2.897736,0.0673846083,0.0080293659,0.0556142781
1.195058,-0.589072,-16.633071,1.139646,0.0854764359,-0.1590539832,0.1162751118
1.196107,0.174688,-18.960378,0.219771,0.1046324887,-0.2920821274,0.1226604628
1.197124,1.305918,-12.7231,-3.111473,0.1056967138,-0.2558984722,0.0641280793
1.198173,1.815092,-2.219093,-3.759949,0.0407789794,0.0080293659,-0.0263310588
1.199222,-0.413744,0.314128,1.353403,-0.0220103046,0.278342555,-0.0848634422
1.200271,-2.397599,-3.880771,2.470222,-0.0209460795,0.3209115611,-0.0806065416
1.201288,-1.982094,-8.73651,1.790523,0.0088522248,0.1910760924,-0.0433586612
1.202337,-1.13187,-12.419018,2.215635,0.0343936285,0.0239927432,0.0173021725
1.203386,-0.502609,-17.035322,1.439866,0.0546139064,-0.1484117316,0.089669483
1.204436,-0.099113,-20.341917,0.75056,0.0950544623,-0.282504101,0.1269173634
1.206502,1.368364,-2.468105,-3.113875,0.0886691114,-0.0728517457,-0.0029181054
1.205455,0.609407,-13.537179,-1.442249,0.128045442,-0.2803756507,0.0907337082
1.207551,-0.091907,0.47455,-0.214948,0.0109806751,0.2155532709,-0.0891203428
1.209649,-2.063754,-7.084409,1.523928,-0.0103038279,0.1761769402,-0.1050837201
1.2086,-2.16703,-2.571062,2.340527,-0.0252029801,0.3123977599,-0.1199828723
1.210666,-1.201521,-12.742255,1.319778,0.0109806751,-0.0185762629,-0.0422944361
1.211715,-0.536233,-18.340242,1.591177,0.0354578537,-0.2037514396,0.0662565296
1.212764,0.090627,-20.423325,0.61366,0.0833479856,-0.3410364845,0.1513945419
1.213813,1.120983,-13.443799,-1.432642,0.1184674157,-0.2995317035,0.1471376413
1.214831,1.685397,-3.169649,-3.135491,0.0812195353,-0.0366680905,0.0502931523
1.21588,-0.207192,0.211171,0.034835,0.0035310991,0.236837774,-0.0678358397
1.216929,-1.432091,-6.497794,0.813006,-0.0071111525,0.1336079341,-0.1519096269
1.217978,-1.098246,-13.441405,0.971522,0.0216229267,-0.0409249911,-0.090184568
1.218995,-0.752392,-19.46798,1.329385,0.0578065819,-0.2069441151,0.0407151259
1.220044,0.093028,-20.004314,0.89947,0.1163389653,-0.3229446568,0.1631010186
1.221093,1.325132,-12.689579,-1.175653,0.1503941703,-0.2612195979,0.186513972
1.222142,1.721423,-4.630202,-3.880037,0.0833479856,0.015478942,0.089669483
1.223159,-0.27204,-1.167974,-0.102065,-0.0358452316,0.2943059323,-0.0518724624
1.224209,-1.725106,-0.770512,2.969788,-0.0720288868,0.3390033887,-0.1540380772
1.225258,-1.119862,-5.065973,0.680909,-0.0273314304,0.2102321451,-0.1880932821
1.226307,-1.026193,-13.723938,0.503179,0.0173660261,0.0420845709,-0.1295608987
1.227356,-1.016586,-20.193468,1.113226,0.0716415089,-0.1473475065,0.0130452719
1.228374,-0.44977,-19.434459,1.466285,0.1514583954,-0.3091097298,0.1567156677
1.229422,0.371633,-12.811691,0.118897,0.2014769776,-0.3399722593,0.2109911505
1.230471,1.719021,-5.671743,-4.367595,0.1386876936,-0.1175492022,0.1322384891
1.231521,0.868797,-1.433746,-2.551863,-0.0145607286,0.2453515752,-0.0242026084
1.232538,-1.345627,-0.780089,3.248393,-0.0986345157,0.4039211231,-0.1380746999
1.233587,-1.324011,-4.591892,1.92262,-0.059258185,0.3028197335,-0.1721299048
1.234636,-0.83165,-12.725494,-0.051628,0.0014026488,0.1272225831,-0.1263682232
1.235685,-0.963747,-20.396987,1.425455,0.0599350322,-0.0696590703,0.0034672456
1.236705,-0.915712,-21.165573,1.816943,0.14826572,-0.2612195979,0.1492660916
1.237752,-0.819641,-14.360834,1.591177,0.2185045801,-0.3697705636,0.2077984751
1.2388,0.823164,-5.037241,-2.695968,0.1748713488,-0.254834247,0.1237246879
1.23985,1.822297,0.790604,-3.555799,0.0269440524,0.1101949807,-0.0422944361
1.240899,-0.416145,-0.454458,2.717603,-0.0667077611,0.4007284476,-0.1497811766
1.241916,-1.720302,-6.34695,2.037905,-0.0550012844,0.3794439446,-0.1604234281
1.242965,-0.882087,-19.30277,1.29576,0.0312009531,-0.0717875206,0.0098525965
1.244014,-0.802829,-20.444874,1.471089,0.1035682635,-0.2739902998,0.1290458137
1.245064,-1.25436,-15.988992,2.503847,0.1706144482,-0.4006330931,0.1780001708
1.246082,-0.139943,-6.164979,-1.204474,0.155715296,-0.3452933851,0.1109539861
1.24713,1.872734,2.492985,-3.466934,0.0397147543,-0.0207047132,-0.03484486
1.248179,0.68146,0.927081,0.820211,-0.0613866353,0.3432602893,-0.1402031502
1.249228,-1.23995,-7.103564,1.074798,-0.0752215623,0.4230771759,-0.1487169514
1.250245,-1.059818,-14.142949,0.092477,-0.0369094568,0.2283239727,-0.0891203428
1.251294,-0.541037,-19.171081,0.796194,0.0280082776,-0.0313469647,0.0109168216
1.252344,-0.759597,-20.66276,1.394233,0.0982471377,-0.2473846709,0.1130824364
1.253392,-1.496938,-16.156596,2.578301,0.1567795212,-0.4059542188,0.1545872174
1.254442,-0.596277,-6.212866,-0.688095,0.1503941703,-0.4027615434,0.0917979333
1.255459,1.620549,2.315804,-3.135491,0.0461001052,-0.0994573746,-0.0359090851
1.256508,1.262686,1.585527,-0.279796,-0.0507443838,0.3145262102,-0.1274324483
1.257557,-0.764401,-6.871312,0.147718,-0.0794784629,0.4677746323,-0.1370104747
1.258606,-1.177504,-15.620262,0.375885,-0.0401021322,0.3028197335,-0.0742211907
1.259624,-0.392128,-18.914886,1.086807,0.0482285555,0.0452772463,0.0290086492
1.260672,-0.625099,-18.25644,0.882657,0.1216600911,-0.1814027114,0.1077613106
1.261721,-2.056549,-15.945893,2.873718,0.1567795212,-0.3910550667,0.1258531382
1.26277,-1.619428,-7.364548,1.178074,0.1450730445,-0.4730004035,0.0673207548
1.263788,1.02251,2.349324,-2.434176,0.0684488334,-0.2463204458,-0.0433586612
1.264837,1.882341,1.214403,-2.162777,-0.0326525562,0.20916792,-0.1189186471
1.265886,0.093028,-7.769193,-0.997923,-0.0943776151,0.5050225127,-0.1146617465
1.266935,-1.086237,-15.172519,1.0772,-0.0645793108,0.4145633746,-0.0518724624
1.267984,-0.519421,-17.882921,1.379822,0.0280082776,0.1431859605,0.0300728744
1.269002,-0.697151,-17.847006,0.882657,0.0993113629,-0.1047785003,0.0886052578
1.27005,-2.080566,-7.417224,2.052315,0.1546510709,-0.4985418072,0.0385866756
1.271099,0.43648,1.980595,-0.961896,0.1035682635,-0.3836054906,-0.062514714
1.272148,2.468371,0.596661,-3.070643,0.0163018009,0.0271854187,-0.1210470974
1.273166,1.320329,-8.861016,-3.445318,-0.0762857875,0.4369121029,-0.104019495
1.274215,-0.754794,-15.694487,1.012352,-0.0805426881,0.4911875857,-0.0295237342
1.275264,-0.569858,-15.847725,2.030699,0.0173660261,0.2496084758,0.0556142781
1.276313,-0.644313,-14.729564,0.61366,0.0939902371,-0.0207047132,0.0981832842
1.277332,-2.253493,-15.009703,3.310839,0.1227243163,-0.2633480482,0.0928621585
1.278379,-2.284716,-8.631158,2.933762,0.1195316408,-0.4421378741,0.0385866756
1.279428,-0.147148,0.362015,0.332654,0.092926012,-0.4144680201,-0.0497440121
1.280477,2.122517,-0.971637,-2.650335,0.0397147543,-0.1047785003,-0.0986983692
1.281495,1.884743,-9.327914,-4.79751,-0.0613866353,0.3304895875,-0.076349641
1.282544,-0.339289,-14.997731,0.073263,-0.0858638138,0.5039582875,-0.0103676814
1.283593,-1.196718,-15.158153,2.717603,0.0109806751,0.3070766341,0.0524216026
1.284642,-1.302396,-13.647319,0.743355,0.0716415089,0.0165431672,0.0683849799
1.285691,-2.140611,-13.225913,3.106689,0.0833479856,-0.2250359427,0.0502931523
1.286709,-2.30393,-8.360597,3.260402,0.1014398132,-0.3942477421,0.0055956959
1.287757,-0.855668,-2.056277,1.000344,0.100375588,-0.4134037949,-0.0540009127
1.288806,1.687798,-3.619787,-1.528712,0.0673846083,-0.1973660887,-0.0752854158
1.289856,2.506799,-9.313548,-5.681359,-0.0273314304,0.2112963703,-0.0518724624
1.290872,0.402856,-13.331265,-1.221286,-0.0826711384,0.4528754802,-0.0061107808
1.291921,-1.319208,-14.178864,2.770442,-0.0049827022,0.3006912832,0.0375224505
1.29297,-1.352833,-11.928176,0.075665,0.0461001052,0.0197358426,0.0449720265
1.29402,-1.408073,-10.438891,2.907343,0.0524854561,-0.1877880623,0.0268801989
1.295037,-1.722704,-8.554539,3.541408,0.086540661,-0.3186877562,0.0055956959
1.296086,1.469238,-7.438773,-1.759281,0.0801553101,-0.199494539,-0.0231383833
1.297135,3.059205,-9.981571,-6.512369,0.0035310991,0.1878834169,-0.0199457078
1.298184,0.832771,-10.201851,-2.323695,-0.0784142378,0.5018298372,-0.0178172575
1.299233,-1.643446,-10.386216,3.572631,-0.0443590329,0.4283983016,-0.0050465557
1.30025,-1.693883,-10.587341,1.610391,0.0258798273,0.1910760924,0.0098525965
1.301299,-1.991701,-11.444518,3.38049,0.0705772837,-0.0228331635,0.0247517486
1.302348,-2.498473,-9.660728,3.171537,0.0876048862,-0.2420635452,0.0322013247
1.303398,-1.456108,-7.070043,1.211699,0.0705772837,-0.3995688679,0.0194306229
1.304415,0.976877,-10.470018,0.058853,0.0748341844,-0.3708347888,0.006659921
1.305464,2.991955,-11.822825,-5.803849,0.037586304,-0.0505030175,-0.0050465557
1.306513,1.353953,-8.001445,-2.938546,-0.0326525562,0.3123977599,-0.0263310588
1.307562,-1.681874,-6.871312,3.644684,-0.0198818543,0.3443245145,-0.0284595091
1.308582,-1.833185,-8.032571,2.076333,0.023751377,0.1740484899,-0.0103676814
1.309628,-1.41768,-10.917761,2.868914,0.0546139064,0.0101578162,0.0130452719
1.310677,-1.749123,-11.91381,3.116296,0.058870807,-0.1633108838,0.0375224505
1.311726,-1.062219,-10.323963,0.83222,0.0194944764,-0.3303942329,0.0396509008
1.312775,0.784736,-12.68479,-0.692899,0.0120449003,-0.3665778881,0.0226232983
1.313792,2.27623,-12.002401,-5.179391,-0.0007258016,-0.1196776525,-0.0050465557
1.314841,0.832771,-5.980614,-2.679156,-0.0390379071,0.1921403175,-0.0359090851
1.31589,-1.626633,-4.124994,3.113894,-0.017753404,0.2261955224,-0.0433586612
1.316939,-1.720302,-6.600751,1.33659,0.0205587015,0.1027454046,-0.0252668336
1.317958,-1.1727,-10.92255,1.862576,0.0439716549,-0.0079340114,0.0045314707
1.319005,-0.99497,-13.53239,2.763237,0.0631277077,-0.1335125795,0.0460362517
1.320055,-0.452172,-13.666473,0.452742,0.0524854561,-0.2654764986,0.0641280793
1.321103,0.731897,-14.913929,-1.665612,0.0407789794,-0.2931463525,0.0396509008
1.322121,0.770325,-3.346831,-2.338106,-0.0475517083,0.2549296016,-0.0635789391
1.323169,-1.886024,-2.15684,3.428525,-0.0358452316,0.3187831108,-0.0742211907
1.324219,-2.210262,-6.425963,1.816943,0.0131091254,0.2134248206,-0.0422944361
1.325268,-1.501742,-10.42692,1.876987,0.0418432046,0.1027454046,0.0077241462
1.326317,-1.11746,-13.197181,2.520659,0.0609992574,-0.0462461169,0.0641280793
1.327335,-0.562653,-17.181377,0.786587,0.0695130586,-0.2250359427,0.0992475094
1.328383,0.157876,-18.373763,-0.551195,0.0907975617,-0.3272015575,0.0864768075
1.329432,1.558103,-9.160309,-4.187463,0.079091085,-0.2143936912,0.020494848
1.330482,1.478845,-0.140798,-3.390078,-0.0049827022,0.0867820273,-0.0646431643
1.331499,-1.220736,-2.286134,2.109958,-0.0603224102,0.3006912832,-0.0923130183
1.332548,-2.517687,-7.369337,2.813674,-0.0401021322,0.2772783298,-0.0571935882
1.333597,-1.669865,-9.665517,1.658426,-0.0017900267,0.126158358,-0.0093034563
1.334646,-0.819641,-12.512397,2.021092,0.0216229267,-0.0483745672,0.0417793511
1.335663,-0.32728,-18.80714,1.716069,0.0461001052,-0.2229074924,0.089669483
1.336712,-0.269638,-21.194305,0.644883,0.0876048862,-0.3367795838,0.1056328603
1.337762,0.710281,-10.311991,-1.982645,0.0982471377,-0.2952748029,0.0566785032
1.338811,1.738235,1.46581,-3.063438,0.0365220788,-0.0558241433,-0.0380375354
1.33986,-0.111121,0.086665,0.214967,-0.0422305825,0.2251312973,-0.0955056937
1.340877,-2.191048,-6.550469,2.46782,-0.0528728341,0.292177482,-0.0806065416
1.341926,-1.648249,-9.665517,1.644016,-0.0209460795,0.1325437089,-0.0380375354
1.342975,-0.526626,-13.280983,1.24052,-0.0113680531,-0.0781728715,0.0173021725
1.344024,-0.178371,-20.313185,1.490303,0.0088522248,-0.2580269225,0.0875410327
1.345041,-0.055881,-21.280502,0.359073,0.0609992574,-0.3591283121,0.1247889131
1.346091,0.948056,-10.350301,-1.968235,0.0780268598,-0.2835683262,0.0832841321
1.34714,1.493256,-0.045024,-2.033082,0.0290725027,-0.0047413359,-0.0103676814
1.348189,-2.169432,-4.215979,2.275679,-0.0571297347,0.3358107133,-0.1093406207
1.349208,-1.583402,-9.227351,1.480696,-0.0401021322,0.1580851126,-0.0880561177
1.350255,-0.922917,-14.45182,0.596847,-0.0283956555,-0.0792370967,-0.0199457078
1.351304,-0.329682,-20.16713,0.781783,-0.0103038279,-0.2910179022,0.0800914566
1.352353,0.205911,-20.559803,0.89947,0.0482285555,-0.3995688679,0.1471376413
1.35337,0.878405,-11.909022,-1.55273,0.0822837604,-0.3037886041,0.1247889131
1.354419,1.13059,-2.204727,-2.583086,0.0226871518,-0.0026128856,0.0247517486
1.355468,-0.473788,1.501725,0.940299,-0.0613866353,0.2868563562,-0.0806065416
1.356518,-1.763534,-1.30924,2.537471,-0.0762857875,0.341131839,-0.1380746999
1.357567,-1.441698,-8.444399,0.611258,-0.0475517083,0.2017183439,-0.1338177993
1.358583,-1.052612,-15.840542,0.238985,-0.0220103046,-0.0079340114,-0.0561293631
1.359633,-0.514618,-20.595718,0.647284,0.0152375758,-0.24099932,0.0715776554
1.360682,-0.039069,-19.496712,0.87305,0.0748341844,-0.4112753446,0.1684221444
1.361731,0.434079,-12.701551,-0.54399,0.1120820647,-0.3942477421,0.1641652438
1.362748,1.332338,-4.488935,-3.776761,0.0439716549,-0.1100996261,0.0566785032
1.363797,0.460498,1.470599,-0.861022,-0.086928039,0.2602507274,-0.0806065416
1.364846,-1.290387,0.56314,3.55822,-0.1252401445,0.4007284476,-0.1614876533
1.365895,-1.360038,-7.333421,0.906675,-0.0773500126,0.2985628329,-0.1646803287
1.366912,-1.006979,-16.056033,0.178941,-0.031588331,0.1080665304,-0.0880561177
1.367962,-0.617893,-20.373044,1.079602,0.0258798273,-0.1175492022,0.0471004769
1.369011,-0.382521,-18.874182,0.690516,0.0961186874,-0.3335869084,0.1609725683
1.37006,-0.452172,-13.333659,0.933094,0.1386876936,-0.4378809734,0.1854497468
1.371109,1.101768,-5.159353,-3.454925,0.0833479856,-0.2665407237,0.1003117345
1.372126,1.697405,1.772286,-2.715183,-0.0496801586,0.1346721592,-0.0444228864
1.373175,-0.442565,0.831307,2.991404,-0.1135336678,0.3890219709,-0.1423316005
1.374225,-0.968551,-15.306602,0.6689,-0.0443590329,0.1591493378,-0.0816707667
1.375273,-0.774008,-21.194305,1.550347,0.0194944764,-0.0505030175,0.0407151259
1.37629,-0.990166,-20.732196,1.29576,0.092926012,-0.2527057967,0.1513945419
1.377339,-1.511349,-12.641692,2.374151,0.1354950181,-0.393183517,0.1705505947
1.378388,-0.168764,-3.277395,-2.258848,0.086540661,-0.3165593059,0.0747703308
1.379437,1.368364,1.587922,-2.633523,-0.031588331,0.0356992199,-0.0657073894
1.380457,-0.077497,0.103425,2.078735,-0.100762966,0.3432602893,-0.1508454017
1.381504,-1.381654,-6.823425,0.291824,-0.1028914163,0.3379391636,-0.1561665275
1.382553,-0.879685,-14.930689,0.301431,-0.0709646617,0.1346721592,-0.0912487931
1.383602,-0.339289,-19.987554,1.086807,-0.0092396028,-0.0877508979,0.0279444241
1.384651,-0.44977,-19.575726,1.331787,0.0599350322,-0.2739902998,0.1418165155
1.385668,-1.331217,-13.836472,3.061055,0.120595866,-0.4080826691,0.1748074953
1.386717,-0.468984,-4.395556,-1.312553,0.0950544623,-0.3718990139,0.0939263836
1.387766,1.695004,2.691716,-3.099464,-0.0252029801,-0.0568883684,-0.048679787
1.388815,0.991287,0.218354,0.214967,-0.1103409924,0.3166546605,-0.1402031502
1.389833,-0.886891,-8.178626,-0.150101,-0.1241759194,0.4113706992,-0.1380746999
1.390881,-0.920515,-15.048013,0.378287,-0.0858638138,0.2315166482,-0.0720927404
1.39193,-0.339289,-18.43841,1.082003,-0.0049827022,-0.0079340114,0.0279444241
1.39298,-0.898899,-19.029814,1.33659,0.072705734,-0.2218432673,0.1141466615
1.393997,-2.171833,-14.705621,3.085073,0.120595866,-0.4112753446,0.1354311646
1.395045,-1.348029,-4.30457,0.263003,0.1046324887,-0.4581012514,0.061999629
1.396095,1.188232,2.907208,-2.376534,0.0194944764,-0.2048156648,-0.0550651379
1.397143,1.64937,-0.363472,-1.742469,-0.0752215623,0.2272597476,-0.1221113226
1.398193,-0.130336,-8.772425,-1.288536,-0.1305612703,0.4581966059,-0.1125332962
1.399211,-0.992568,-15.194068,1.103619,-0.0996987408,0.3262326869,-0.0540009127
1.400259,-1.0358,-17.914048,1.033968,0.0631277077,-0.1888522875,0.0747703308
1.401308,-2.354367,-14.439848,3.356472,0.0982471377,-0.3985046428,0.0822199069
1.402357,-1.665062,-4.654145,1.891397,0.1088893893,-0.4985418072,0.0258159738
1.403374,0.698272,2.090735,-1.194867,0.0631277077,-0.3303942329,-0.0657073894
1.404423,2.165749,-1.718674,-3.308418,-0.0262672052,0.0825251267,-0.1135975214
1.405472,0.976877,-9.643968,-3.277195,-0.1114052175,0.4273340765,-0.097634144
1.406521,-0.761999,-14.85407,1.079602,-0.1071483169,0.4039211231,-0.0401659857
1.407538,-0.617893,-16.08716,1.80013,-0.017753404,0.1357363844,0.0236875235
1.408588,-0.951738,-16.039273,1.038772,0.0524854561,-0.1132923016,0.0588069535
1.409636,-2.306332,-13.932246,3.707129,0.0844122107,-0.3197519814,0.0577427284
1.410685,-2.032531,-5.726813,2.446204,0.0939902371,-0.462358152,0.006659921
1.411705,0.102635,0.71159,0.145316,0.0780268598,-0.4059542188,-0.0710285152
1.412752,2.410729,-2.674019,-2.967368,0.0194944764,-0.0739159709,-0.1029552698
1.4138,2.127321,-10.479595,-5.140962,-0.0826711384,0.354966766,-0.0795423164
1.414849,-0.358503,-15.814204,0.945103,-0.0986345157,0.4816095593,-0.0242026084
1.415898,-1.23995,-15.507727,2.42699,-0.0103038279,0.2485442507,0.0300728744
1.416916,-1.124665,-12.785353,0.275011,0.0386505291,-0.0345396402,0.0417793511
1.417965,-1.862006,-11.21466,3.781584,0.0663203831,-0.2463204458,0.0247517486
1.419014,-2.082968,-7.11793,2.775246,0.092926012,-0.3804128151,-0.0124961318
1.420063,-0.663527,-3.349225,0.825015,0.0854764359,-0.3718990139,-0.0571935882
1.421083,1.875136,-5.530477,-1.843343,0.0546139064,-0.1452190562,-0.0710285152
1.422129,2.353086,-10.618468,-6.212148,-0.0443590329,0.2442873501,-0.0603862637
1.423178,-0.252825,-14.336891,-0.200538,-0.0986345157,0.4273340765,-0.0337806348
1.424228,-1.86681,-13.010422,2.974592,-0.0326525562,0.2400304494,-0.0018538802
1.425245,-1.552179,-10.323963,0.596847,0.0194944764,-0.0249616138,0.0013387952
1.426294,-1.816373,-11.274519,3.908877,0.0556781316,-0.2112010157,-0.0029181054
1.427343,-0.944533,-5.669349,0.419117,0.0748341844,-0.3804128151,-0.0422944361
1.428392,1.867931,-7.970318,-1.583953,0.0599350322,-0.2261001679,-0.0508082373
1.429441,2.713351,-10.980014,-6.481146,-0.0230745298,0.1474428611,-0.0518724624
1.430458,0.037788,-11.681558,-0.76255,-0.0890564893,0.3858292955,-0.0529366876
1.431507,-1.924452,-10.692692,3.474159,-0.0326525562,0.2613149525,-0.0369733103
1.432556,-1.420082,-9.110028,0.993138,0.0301367279,0.0474056966,-0.0220741581
1.433605,-1.472921,-10.434103,3.3949,0.072705734,-0.1218061028,-0.0082392311
1.434622,-1.898033,-10.379033,2.458213,0.0961186874,-0.2814398759,0.0034672456
1.435671,-0.649116,-8.365386,0.474358,0.0758984095,-0.3697705636,-0.0029181054
1.43672,2.002429,-10.855508,-2.294874,0.0535496813,-0.2612195979,-0.0242026084
1.437769,3.027982,-12.351976,-6.872633,-0.0220103046,0.1165803316,-0.0571935882
1.438786,0.205911,-9.588898,-0.656872,-0.0826711384,0.4081780237,-0.076349641
1.439836,-2.200655,-7.110747,4.201892,-0.0230745298,0.333682263,-0.0635789391
1.440885,-1.816373,-6.933565,1.298162,0.037586304,0.1485070862,-0.0433586612
1.441934,-1.674669,-10.510722,3.219572,0.072705734,-0.0228331635,-0.0146245821
1.442983,-1.830783,-12.040711,3.032234,0.092926012,-0.2282286182,0.0141094971
1.444,-0.879685,-11.750994,0.635276,0.0663203831,-0.4006330931,0.0173021725
1.445049,1.296311,-13.719149,-0.983512,0.0599350322,-0.4134037949,-0.0018538802
1.446098,2.696538,-11.106915,-6.056034,0.0248156021,-0.1377694801,-0.0454871115
1.447147,0.431677,-6.782721,-2.004261,-0.0347810065,0.167663139,-0.0859276674
1.448164,-2.215065,-5.209634,4.22591,-0.0081753776,0.181498066,-0.0816707667
1.449213,-1.830783,-5.068368,1.096414,0.0301367279,0.0516625972,-0.0646431643
1.450262,-1.1727,-10.077345,2.357339,0.0471643304,-0.0558241433,-0.0422944361
1.451312,-1.07663,-14.629002,3.327651,0.0716415089,-0.1665035593,0.0119810468
1.452331,-0.310468,-14.973788,0.512786,0.0716415089,-0.282504101,0.048164702
1.453378,2.242605,-10.441286,-5.016071,0.0333294034,-0.1292556789,-0.0422944361
1.454427,0.590193,-4.474569,-1.547926,-0.017753404,0.1442501856,-0.0955056937
1.455476,-1.94847,-3.20317,3.301232,-0.0145607286,0.2166174961,-0.1050837201
1.456525,-2.097379,-5.183296,1.264537,0.0109806751,0.1250941328,-0.0891203428
1.457542,-1.420082,-8.841861,1.876987,0.0290725027,-0.0015486604,-0.0571935882
1.458591,-1.160692,-13.458165,2.258867,0.0461001052,-0.1462832813,0.0034672456
1.45964,-0.519421,-18.773619,1.28135,0.0673846083,-0.2803756507,0.0630638542
1.460689,0.81836,-18.565311,-0.668881,0.100375588,-0.3208162065,0.0715776554
1.461709,2.228195,-8.65989,-5.011267,0.0716415089,-0.1537328574,0.0013387952
1.462756,1.044126,-1.654026,-2.189197,-0.0071111525,0.1304152586,-0.0955056937
1.463805,-1.801962,-2.585428,3.044243,-0.031588331,0.258122277,-0.1348820244
1.464854,-2.279913,-4.529639,1.790523,-0.0103038279,0.1868191918,-0.1284966735
1.465871,-1.542572,-8.473131,1.487901,0.0152375758,0.0505983721,-0.1008268195
1.46692,-1.256762,-14.767874,2.734416,0.0397147543,-0.1037142752,-0.0231383833
1.467969,-0.641911,-19.817555,1.749693,0.072705734,-0.268669174,0.0737061057
1.469018,0.261152,-18.055314,-0.315822,0.1131462899,-0.3804128151,0.1066970855
1.470067,1.495657,-8.724538,-3.560603,0.1025040383,-0.3091097298,0.0417793511
1.471084,1.255481,-2.39388,-2.801646,0.0290725027,-0.0345396402,-0.0699642901
1.472133,-1.093442,-1.900644,1.461482,-0.0432948077,0.1963972181,-0.1508454017
1.473182,-2.087772,-3.272606,2.035503,-0.0539370592,0.1921403175,-0.1817079312
1.474231,-1.40327,-7.948769,1.583972,-0.0081753776,0.0537910475,-0.1614876533
1.475248,-0.980559,-14.542805,1.71847,0.0280082776,-0.1037142752,-0.0784780913
1.476298,-0.459377,-19.252489,1.413447,0.0567423567,-0.2761187501,0.0460362517
1.477346,0.388445,-18.479114,0.584839,0.1110178396,-0.3836054906,0.1322384891
1.478395,1.317927,-3.267817,-3.783967,0.0482285555,0.0271854187,-0.0061107808
1.479413,-0.975756,0.117792,1.264537,-0.0507443838,0.2421588997,-0.1306251238
1.480462,-1.857203,-1.297268,2.991404,-0.0496801586,0.2049110194,-0.1966070833
1.481511,-1.343225,-7.682996,0.69532,-0.0007258016,0.0559194979,-0.1912859576
1.48256,-1.36244,-16.223638,1.396634,0.0322651782,-0.10265005,-0.0955056937
1.483579,-0.834052,-20.729802,1.63681,0.0822837604,-0.2718618495,0.0566785032
1.484626,0.129055,-18.084047,0.387894,0.1461372696,-0.3782843648,0.1567156677
1.485675,1.183428,-10.340723,-2.169983,0.1535868457,-0.2856967765,0.1279815885
1.486724,1.22666,-3.1481,-4.08899,0.0503570058,0.0250569684,-0.0082392311
1.487773,-0.999773,-0.147981,1.432661,-0.0688362114,0.2943059323,-0.1465885011
1.48879,-1.989299,-1.256565,3.445337,-0.0752215623,0.3049481838,-0.2200200367
1.48984,-1.088639,-7.366942,0.058853,-0.0273314304,0.1559566623,-0.2200200367
1.490889,-0.956542,-16.206877,0.997942,0.0088522248,-0.0302827396,-0.131689349
1.491938,-0.622697,-20.851914,1.060388,0.0673846083,-0.2314212936,0.020494848
1.492957,-0.305664,-17.90447,1.413447,0.1440088193,-0.3889266164,0.1418165155
1.494004,0.294776,-10.735791,-0.39508,0.1812566997,-0.3963761924,0.1567156677
1.495053,1.59413,-3.667674,-4.895983,0.100375588,-0.1462832813,0.0428435762
1.496102,0.369231,0.539197,-0.916263,-0.0518086089,0.1857549666,-0.1189186471
1.49712,-1.429689,-0.614879,3.099484,-0.1092767672,0.2762141047,-0.2168273613
1.498169,-1.062219,-7.271168,0.933094,-0.0581939599,0.1559566623,-0.2253411625
1.499218,-0.982961,-16.154202,0.625669,0.0045953242,-0.0143193623,-0.1423316005
1.500267,-0.968551,-21.424163,1.202092,0.0737699592,-0.2016229893,0.0109168216
1.501316,-0.778811,-18.646719,2.232448,0.162100647,-0.3718990139,0.1460734161
1.502334,-0.404136,-11.078183,0.594446,0.2014769776,-0.434688298,0.1694863695
1.503382,1.514871,-3.768236,-4.562138,0.1120820647,-0.227164393,0.0534858278
1.504432,1.558103,1.307783,-1.672818,-0.0358452316,0.1708558144,-0.1157259717
1.505481,-1.352833,-7.972712,0.752962,-0.0688362114,0.2762141047,-0.2189558116
1.506498,-0.958944,-16.843774,0.524795,-0.0188176292,0.07081865,-0.1370104747
1.507547,-0.742785,-20.928533,1.456678,0.0471643304,-0.1430906059,0.0055956959
1.508596,-0.819641,-18.242074,2.025896,0.1248527666,-0.3282657826,0.131174264
1.509645,-1.163093,-11.41818,2.338125,0.1748713488,-0.4325598477,0.1577798928
1.510662,0.55897,-3.73711,-2.7392,0.1216600911,-0.3080455047,0.0566785032
1.511711,1.985617,1.52088,-2.477408,-0.0007258016,0.0623048488,-0.1029552698
1.512761,0.037788,-0.310797,1.819344,-0.0699004365,0.3432602893,-0.2051208846
1.51381,-1.511349,-8.815523,0.392698,-0.0720288868,0.3049481838,-0.20831356
1.514859,-1.146281,-16.975463,0.647284,-0.0294598807,0.0761397758,-0.1284966735
1.515876,-0.639509,-19.606852,0.719337,0.037586304,-0.1611824335,-0.0007896551
1.516925,-0.862873,-17.952357,1.425455,0.1035682635,-0.3506145108,0.1045686351
1.517974,-1.643446,-13.130139,2.969788,0.1546510709,-0.4634223771,0.1301100388
1.519023,-0.322477,-3.636547,-2.011466,0.1184674157,-0.3676421133,0.0524216026
1.520041,1.774262,3.273543,-3.029813,-0.0028542519,-0.0185762629,-0.083799217
1.52109,0.791941,-1.294874,-0.104467,-0.0922491648,0.313461985,-0.1689372293
1.522139,-0.95414,-10.790861,-0.397482,-0.1018271912,0.3528383157,-0.1561665275
1.523188,-0.730776,-15.907584,0.868247,-0.0422305825,0.1516997617,-0.0827349919
1.524208,-0.262432,-18.057709,0.961915,0.0482285555,-0.081365547,0.0013387952
1.525254,-1.451305,-19.458403,1.860174,0.1216600911,-0.2814398759,0.0630638542
1.526304,-2.724239,-14.289004,3.668701,0.1567795212,-0.4506516753,0.0673207548
1.527353,-1.103049,-1.922193,-0.474338,0.128045442,-0.4474589998,-0.0114319066
1.528402,1.582121,3.788328,-3.294007,0.0354578537,-0.1388337053,-0.1167901968
1.529419,1.51247,-2.798525,-2.407757,-0.0720288868,0.2953701574,-0.1561665275
1.530468,-0.300861,-11.549869,-1.04836,-0.1199190188,0.4720315329,-0.1199828723
1.532566,-1.374448,-17.617149,1.619998,0.0950544623,-0.2229074924,0.0449720265
1.531518,-0.12313,-17.207715,1.334188,0.0312009531,0.0218642929,0.0141094971
1.533584,-2.755462,-13.553939,3.870449,0.1237885414,-0.4506516753,0.0353940002
1.534633,-1.54017,-3.16486,1.680042,0.1259169917,-0.5506888397,-0.0273952839
1.535682,1.087358,2.540872,-1.252509,0.0886691114,-0.3676421133,-0.1061479453
1.536731,2.422738,-3.306127,-4.696636,-0.0103038279,0.084653577,-0.1306251238
1.537749,1.010501,-12.450144,-3.195535,-0.1060840918,0.4613892814,-0.0912487931
1.538798,-0.836454,-16.695324,2.604721,-0.0773500126,0.4124349243,-0.0231383833
1.539847,-0.860471,-15.7735,1.125235,0.0109806751,0.098488504,0.0236875235
1.540896,-1.249557,-14.52365,1.492705,0.051421231,-0.1803384863,0.0279444241
1.541913,-2.203056,-11.880289,4.456479,0.0812195353,-0.3867981661,0.0077241462
1.542962,-1.773141,-4.57992,2.150788,0.0982471377,-0.4910922311,-0.0412302109
1.544012,0.246741,-0.904595,0.594446,0.0876048862,-0.4027615434,-0.0912487931
1.54506,2.662914,-5.118649,-4.004929,0.0205587015,-0.0568883684,-0.0965699189
1.54611,2.081687,-11.894655,-5.136159,-0.0837353635,0.3496456403,-0.0731569655
1.547127,-0.829248,-16.077582,2.133975,-0.0794784629,0.4060495734,-0.0263310588
1.548176,-1.681874,-14.391961,1.749693,-0.0049827022,0.1293510335,0.0077241462
1.549225,-1.480126,-12.043105,1.024361,0.0280082776,-0.1484117316,0.0045314707
1.550274,-1.991701,-10.558609,4.391632,0.0599350322,-0.3229446568,-0.0135603569
1.551292,-1.90764,-5.880052,1.792925,0.0780268598,-0.4080826691,-0.0454871115
1.552341,-0.250424,-4.309359,0.656892,0.0748341844,-0.3772201397,-0.0742211907
1.55339,2.389113,-7.663841,-2.852083,0.0365220788,-0.1313841292,-0.0710285152
1.555458,-0.44977,-13.518024,1.216502,-0.0996987408,0.38263662,-0.0412302109
1.554439,2.422738,-11.260153,-5.971972,-0.0677719862,0.2549296016,-0.0593220385
1.556505,-1.78515,-11.89705,2.218037,-0.0347810065,0.1729842648,-0.021009933
1.557554,-1.787551,-10.853114,4.22591,0.0556781316,-0.2367424194,-0.0135603569
1.558603,-2.020522,-7.809897,1.567159,0.079091085,-0.3527429611,-0.0199457078
1.559653,-0.221603,-6.765961,0.104486,0.0684488334,-0.3846697158,-0.0369733103
1.56067,2.696538,-10.082134,-3.159509,0.0407789794,-0.1792742611,-0.0433586612
1.561719,2.648503,-10.845931,-6.423503,-0.0528728341,0.2325808734,-0.0593220385
1.562768,-0.507412,-9.325519,1.009951,-0.100762966,0.4113706992,-0.0699642901
1.563817,-1.929255,-8.805946,3.147519,-0.0358452316,0.2474800255,-0.0571935882
1.564835,-1.45851,-10.584947,1.941834,0.0322651782,0.0537910475,-0.0327164097
1.565883,-1.789953,-11.660009,4.17067,0.072705734,-0.1196776525,-0.0018538802
1.566932,-1.859604,-8.68144,1.439866,0.0599350322,-0.3250731072,0.0045314707
1.567982,-0.476189,-9.330308,0.714534,0.0322651782,-0.4687435029,-0.0135603569
1.568999,1.920769,-13.470137,-2.6023,0.0322651782,-0.3591283121,-0.0284595091
1.570048,2.754181,-10.513116,-6.644465,-0.0241387549,0.0505983721,-0.0540009127
1.571097,-0.043872,-5.329352,0.556018,-0.0709646617,0.3315538127,-0.0784780913
1.572146,-2.308734,-5.49935,3.582238,-0.0305241059,0.2453515752,-0.0720927404
1.573195,-1.859604,-9.212985,1.711265,0.0163018009,0.0740113255,-0.0401659857
1.574212,-1.576196,-12.469299,3.62547,0.0492927807,-0.0600810439,-0.0007896551
1.575262,-1.36244,-11.772544,1.605588,0.0471643304,-0.2250359427,0.020494848
1.576311,-0.509814,-12.88831,0.1237,0.0248156021,-0.393183517,0.0055956959
1.57736,1.0081,-14.485341,-2.172384,0.0258798273,-0.3782843648,-0.0295237342
1.578377,1.863127,-8.295949,-5.582887,-0.0124322782,-0.0866866727,-0.0731569655
1.579426,-0.183174,-2.568668,0.099683,-0.0518086089,0.1602135629,-0.1061479453
1.580475,-2.051745,-3.610209,3.145117,-0.0262672052,0.1516997617,-0.0965699189
1.581524,-1.600214,-8.200176,1.274144,0.0035310991,0.0548552727,-0.0593220385
1.582541,-1.086237,-12.785353,3.1211,0.0312009531,-0.0409249911,-0.0039823305
1.583591,-0.248022,-15.328151,-0.073244,0.0258798273,-0.3272015575,0.0545500529
1.58464,0.842378,-15.720824,-2.318892,0.0226871518,-0.3484860605,0.0055956959
1.585689,1.89435,-7.776376,-5.208212,-0.0134965034,-0.1058427255,-0.0678358397
1.586738,0.246741,-0.85192,-0.109271,-0.0635150856,0.1729842648,-0.1221113226
1.587755,-2.010915,-1.943743,3.188349,-0.0528728341,0.2325808734,-0.1242397729
1.588804,-2.054147,-6.909622,1.250127,-0.0220103046,0.1389290598,-0.0912487931
1.589853,-1.477724,-11.794093,2.621533,0.0035310991,0.0080293659,-0.0327164097
1.590902,-0.867677,-15.18449,2.556685,0.0269440524,-0.1430906059,0.0428435762
1.591919,-0.142344,-18.744887,0.719337,0.0461001052,-0.310173955,0.0843483572
1.592968,0.68146,-16.898844,-1.5119,0.0599350322,-0.3867981661,0.0566785032
1.594018,1.882341,-6.437935,-4.216284,0.0226871518,-0.2197148169,-0.0263310588
1.595067,0.92644,0.886377,-1.053163,-0.045423258,0.0878462525,-0.111469071
1.596085,-1.756329,-1.440929,2.561489,-0.0677719862,0.2357735488,-0.1433958257
1.597133,-2.351966,-7.242436,1.941834,-0.0475517083,0.1580851126,-0.1221113226
1.598182,-1.556982,-11.075788,1.98987,-0.0198818543,-0.0089982365,-0.0678358397
1.599231,-0.83165,-15.148575,1.480696,-0.0071111525,-0.1952376384,0.0098525965
1.60028,-0.034265,-20.301213,1.03637,0.0194944764,-0.3623209875,0.0779630063
1.601297,0.724692,-18.03616,-0.810585,0.065256158,-0.4027615434,0.0832841321
1.602347,1.762253,-7.005396,-3.759949,0.051421231,-0.2058798899,0.0141094971
1.603396,0.871199,0.795392,-1.281331,-0.0209460795,0.1219014574,-0.0880561177
1.604444,-1.722704,-0.231783,2.369348,-0.0656435359,0.271957204,-0.1519096269
1.605462,-2.217467,-5.228789,1.612793,-0.059258185,0.1687273641,-0.1614876533
1.606511,-1.54017,-10.807621,0.937898,-0.0401021322,-0.0196404881,-0.1221113226
1.607561,-1.033398,-17.020956,1.665632,-0.0241387549,-0.2112010157,-0.0263310588
1.608609,-0.262432,-21.203883,1.413447,0.0173660261,-0.3825412655,0.0875410327
1.609626,0.628621,-17.538135,-0.253376,0.0737699592,-0.434688298,0.1279815885
1.610676,0.842378,-0.191079,-2.129153,-0.0347810065,0.1133876562,-0.0667716146
1.611724,-1.631437,0.685252,3.061055,-0.0954418402,0.2943059323,-0.1614876533
1.612774,-1.946068,-3.861616,1.7593,-0.0816069132,0.20916792,-0.194478633
1.613791,-1.36244,-11.573813,0.279815,-0.0507443838,0.0208000678,-0.1604234281
1.61484,-1.016586,-17.930808,1.63681,-0.0188176292,-0.1867238372,-0.0508082373
1.615889,-0.197585,-19.542205,0.760167,0.0269440524,-0.3804128151,0.0790272315
1.616938,0.241938,-16.898844,0.880255,0.0812195353,-0.4751288538,0.145009191
1.617987,1.161812,-10.256921,-2.218018,0.0886691114,-0.3282657826,0.1056328603
1.619004,1.47164,-1.601351,-4.187463,-0.0198818543,0.043148796,-0.0252668336
1.620054,-0.591474,2.152988,1.888996,-0.1316254955,0.3145262102,-0.1551023023
1.621102,-1.679472,-2.357965,2.80887,-0.1209832439,0.2964343826,-0.20831356
1.622151,-1.163093,-11.221843,0.078067,-0.0688362114,0.1346721592,-0.1774510306
1.623169,-0.896498,-18.594043,1.175672,-0.0273314304,-0.0643379445,-0.0689000649
1.624218,-0.488198,-20.947688,0.997942,0.0397147543,-0.2761187501,0.0694492051
1.625267,-0.608286,-17.380108,1.408643,0.1110178396,-0.4336240728,0.1503303168
1.626316,0.018574,-9.143549,-1.000324,0.120595866,-0.4123395698,0.1162751118
1.627335,1.440417,-1.299663,-4.031348,0.0226871518,-0.1207418777,-0.0156888072
1.628382,0.220322,1.26229,0.618463,-0.1018271912,0.2261955224,-0.1519096269
1.629431,-1.434492,-2.44895,2.436597,-0.1348181709,0.3166546605,-0.2093777852
1.630481,-1.155888,-10.520299,0.604053,-0.0965060654,0.1761769402,-0.1838363815
1.631529,-0.800427,-18.32827,1.298162,-0.0432948077,-0.0228331635,-0.0827349919
1.632547,-0.543439,-21.167968,1.106021,0.0226871518,-0.2175863666,0.0545500529
1.633596,-0.819641,-17.238842,2.160395,0.0961186874,-0.3878623912,0.1460734161
1.634645,-0.404136,-9.210591,-0.061235,0.1099536144,-0.4442663244,0.1152108867
1.635694,1.058537,0.888772,0.277413,-0.0911849396,0.1506355365,-0.1551023023
1.636712,-1.033398,-2.226276,2.335723,-0.1177905685,0.3294253623,-0.2072493349
1.63776,-1.333618,-10.094105,-0.106869,-0.0986345157,0.2144890457,-0.187029057
1.638809,-0.91331,-17.933203,0.827417,-0.0539370592,-0.012190912,-0.0923130183
1.639858,-0.541037,-20.037835,0.918684,0.0109806751,-0.2282286182,0.0407151259
1.640875,-0.922917,-17.205321,1.850567,0.0769626347,-0.4006330931,0.1301100388
1.641924,-0.848462,-11.154802,1.233314,0.1035682635,-0.4581012514,0.1247889131
1.642973,1.224258,-1.967686,-3.771958,0.0290725027,-0.254834247,0.0087883713
1.644022,1.495657,2.186509,-1.776094,-0.0805426881,0.1336079341,-0.1359462496
1.645071,-0.533832,-2.738666,1.701658,-0.1220474691,0.3592236666,-0.1955428582
1.646089,-1.232744,-10.472412,-0.164511,-0.100762966,0.2762141047,-0.1678730042
1.647138,-0.879685,-16.89645,0.471956,-0.0464874832,0.0452772463,-0.083799217
1.648186,-0.689946,-19.786428,1.326983,0.0269440524,-0.171824685,0.0311370995
1.649236,-1.379252,-18.134328,2.275679,0.0993113629,-0.3591283121,0.1130824364
1.650253,-1.818774,-11.231421,1.951441,0.120595866,-0.4815142047,0.0960548339
1.651302,0.229929,-1.371493,-2.515836,0.0461001052,-0.3591283121,-0.0167530324
1.652351,1.860725,2.272705,-1.970636,-0.0656435359,0.0367634451,-0.1348820244
1.6534,0.39565,-3.210353,0.202958,-0.1369466212,0.3698659182,-0.1774510306
1.654417,-1.13187,-11.260153,-0.070842,-0.1380108464,0.3677374679,-0.1444600508
1.655466,-0.65392,-16.135047,1.286153,-0.0645793108,0.1431859605,-0.0678358397
1.656515,-0.382521,-18.086441,1.000344,0.0248156021,-0.1037142752,0.0109168216
1.657565,-1.797159,-18.577282,2.194019,0.0812195353,-0.3431649348,0.0524216026
1.658614,-2.652186,-12.615354,3.51739,0.0950544623,-0.5443034888,0.0353940002
1.659631,-0.733178,-1.055439,-0.063637,0.0663203831,-0.5411108133,-0.0497440121
1.660679,1.954394,2.981433,-2.729593,-0.0092396028,-0.2101367906,-0.139138925
1.661729,1.795878,-3.62697,-3.013001,-0.1103409924,0.2442873501,-0.1636161036
1.662778,-0.850864,-15.632234,1.956245,-0.0943776151,0.2442873501,-0.0571935882
1.663795,-0.296057,-17.430389,0.921085,0.0003384236,-0.026025839,0.0141094971
1.664844,-1.36244,-17.456727,1.888996,0.0631277077,-0.268669174,0.0502931523
1.665893,-2.486464,-11.961697,3.416516,0.0876048862,-0.4953491317,0.0311370995
1.667961,1.632558,1.57595,-1.199671,0.0333294034,-0.3538071863,-0.1306251238
1.666942,-1.105451,-1.515154,0.808203,0.0748341844,-0.573037568,-0.0508082373
1.669008,2.68453,-5.580758,-4.622182,-0.0550012844,0.1187087819,-0.1433958257
1.671106,-1.129469,-15.258715,2.933762,-0.0890564893,0.3922146464,-0.0337806348
1.672124,-1.215932,-15.122237,1.125235,0.0067237745,0.0825251267,0.0087883713
1.673173,-1.741918,-15.275476,2.042708,0.0482285555,-0.1739531353,0.0119810468
1.674222,-2.440831,-10.896212,3.92569,0.0673846083,-0.37934859,-0.0156888072
1.675271,-1.564188,-2.456133,1.175672,0.0705772837,-0.4825784299,-0.0806065416
1.670057,0.796745,-12.866761,-2.936145,-0.1348181709,0.4752242084,-0.0997625944
1.67632,0.5998,-1.203889,0.301431,0.0578065819,-0.3697705636,-0.1284966735
1.677338,2.429943,-6.761172,-4.511701,-0.0145607286,-0.012190912,-0.117854422
1.678386,1.329936,-12.18916,-3.839207,-0.1050198666,0.3304895875,-0.0816707667
1.679435,-1.038202,-15.292236,2.784853,-0.0699004365,0.3028197335,-0.0369733103
1.680484,-1.374448,-14.02802,0.659293,0.0024668739,0.0261211936,-0.0135603569
1.681501,-1.191914,-11.470856,1.408643,0.0216229267,-0.2175863666,-0.0231383833
1.68255,-1.689079,-9.45242,4.449274,0.0546139064,-0.3814770403,-0.0401659857
1.6836,-1.63624,-5.777095,1.382224,0.0705772837,-0.4517159004,-0.0678358397
1.684648,0.29958,-5.365267,-0.140494,0.0609992574,-0.3782843648,-0.0912487931
1.685666,2.886278,-8.959184,-4.514102,0.00991645,-0.0696590703,-0.0912487931
1.686715,1.942385,-11.394237,-5.436379,-0.0996987408,0.3187831108,-0.0859276674
1.687764,-1.175102,-11.870712,2.198823,-0.1114052175,0.3730585936,-0.0678358397
1.688813,-1.374448,-10.163541,1.588775,0.0205587015,-0.0728517457,-0.0412302109
1.689862,-2.025326,-11.21466,4.432462,0.0620634825,-0.2505773464,-0.0327164097
1.69088,-1.943666,-8.125951,1.399036,0.072705734,-0.4038257685,-0.0401659857
1.691928,0.020975,-7.70694,0.479161,0.0673846083,-0.4634223771,-0.0593220385
1.692977,2.713351,-11.535503,-3.78877,0.0461001052,-0.2558984722,-0.0699642901
1.694026,2.610075,-10.841142,-6.024811,-0.0422305825,0.1889476421,-0.0827349919
1.695043,-0.682741,-7.987078,1.876987,-0.0794784629,0.3943430967,-0.0880561177
1.696093,-2.155021,-7.472294,3.125903,-0.0230745298,0.2357735488,-0.0742211907
1.697142,-1.624232,-9.694249,2.489436,0.0322651782,0.0378276702,-0.0529366876
1.698191,-2.027728,-12.071837,4.004948,0.0599350322,-0.1324483543,-0.0295237342
1.69921,-1.878818,-10.110866,1.266939,0.0365220788,-0.3218804317,-0.0252668336
1.700257,-0.31287,-10.745368,0.856238,0.0194944764,-0.462358152,-0.0444228864
1.701306,1.678191,-13.975344,-3.133089,0.0226871518,-0.3612567624,-0.0667716146
1.702355,1.985617,-9.696643,-5.494021,-0.0252029801,-0.0036771108,-0.0955056937
1.703404,-0.569858,-4.089079,1.586373,-0.0443590329,0.1995898936,-0.1157259717
1.704421,-2.082968,-4.474569,2.652756,-0.0060469273,0.1027454046,-0.1072121704
1.70547,-1.496938,-9.136366,1.24052,0.0205587015,-0.0377323157,-0.0795423164
1.706519,-1.182307,-13.110985,3.243589,0.0450358801,-0.1494759568,-0.0327164097
1.707568,-0.723571,-12.181977,1.32218,0.0482285555,-0.2814398759,0.0034672456
1.708586,0.141064,-13.6976,-0.315822,0.0216229267,-0.4165964704,-0.0029181054
1.709635,1.642165,-16.072794,-3.423702,0.0024668739,-0.3633852127,-0.0391017606
1.710684,2.105705,-8.827495,-5.20581,-0.0369094568,-0.0356038654,-0.0923130183
1.711733,-0.298459,-1.498394,1.122833,-0.0560655095,0.2112963703,-0.1359462496
1.71275,-2.183842,-2.70754,3.085073,-0.017753404,0.1932045427,-0.1348820244
1.713799,-1.979692,-7.304689,1.074798,0.0184302512,0.0878462525,-0.1018910447
1.714848,-0.862873,-15.38801,2.064324,0.0599350322,-0.2026872145,0.020494848
1.715897,0.076216,-17.933203,0.392698,0.0758984095,-0.3389080342,0.0428435762
1.716946,1.178625,-15.759134,-2.736798,0.0737699592,-0.3484860605,0.0013387952
1.717963,1.848716,-6.78751,-4.478076,0.0205587015,-0.130319904,-0.0795423164
1.719012,-0.077497,-1.112904,0.351868,-0.0369094568,0.1336079341,-0.1444600508
1.720061,-2.33035,-2.159234,2.909744,-0.0443590329,0.1995898936,-0.1582949778
1.722128,-1.535366,-11.068605,2.141181,0.0131091254,-0.0387965408,-0.0859276674
1.72111,-2.198253,-6.047656,1.720872,-0.0188176292,0.1038096298,-0.1370104747
1.723176,-0.901301,-16.659409,2.145984,0.0322651782,-0.2005587642,-0.0018538802
1.724226,-0.072693,-20.373044,1.442268,0.0631277077,-0.3495502857,0.0630638542
1.726291,1.560505,-6.433146,-3.925671,0.0567423567,-0.2601553728,-0.0412302109
1.725275,0.705478,-15.97702,-1.658407,0.092926012,-0.4048899937,0.0471004769
1.727341,0.582988,-0.940511,-1.04836,-0.017753404,0.0335707696,-0.1348820244
1.72839,-1.593009,-0.844737,1.692051,-0.059258185,0.1995898936,-0.1880932821
1.729439,-2.04454,-5.355689,1.997075,-0.045423258,0.126158358,-0.1912859576
1.730488,-1.446501,-11.806065,1.888996,-0.0081753776,-0.0419892163,-0.139138925
1.731505,-0.733178,-17.092786,1.747292,0.0163018009,-0.2175863666,-0.0359090851
1.732554,0.097832,-20.035441,1.257332,0.0546139064,-0.3782843648,0.0630638542
1.733603,0.974475,-16.187722,-0.988316,0.0993113629,-0.4197891458,0.0907337082
1.734652,1.795878,-6.940748,-3.469336,0.0758984095,-0.2282286182,0.0258159738
1.735669,0.347615,-1.388254,-1.218885,-0.0071111525,0.0750755506,-0.0880561177
1.736718,-2.006112,-1.156002,2.707996,-0.0656435359,0.1910760924,-0.1827721563
1.737767,-1.837988,-4.005277,1.624802,-0.0518086089,0.0803966764,-0.2264053876
1.738816,-1.201521,-10.350301,0.519991,-0.0134965034,-0.0834939973,-0.1987355336
1.739836,-1.095844,-17.540529,1.463884,0.0152375758,-0.2537700219,-0.0869918925
1.740882,0.676657,-16.685747,0.291824,0.1110178396,-0.4165964704,0.1428807407
1.741931,1.548496,-8.097219,-3.577415,0.0907975617,-0.1920449629,0.089669483
1.74298,0.724692,-1.97008,-3.178723,-0.0443590329,0.1314794838,-0.0646431643
1.743997,-1.299994,0.28779,3.056252,-0.1348181709,0.278342555,-0.194478633
1.745047,-1.511349,-2.029939,2.107556,-0.0943776151,0.2027825691,-0.2487541159
1.746096,-1.119862,-10.654383,-0.193332,-0.0379736819,0.0505983721,-0.2210842619
1.747145,-1.223137,-19.774457,1.711265,0.0120449003,-0.1345768047,-0.0955056937
1.748193,-0.677937,-21.314023,1.069995,0.0897333365,-0.3389080342,0.0651923045
1.749211,-0.219201,-15.512516,0.880255,0.155715296,-0.4772573041,0.1460734161
1.75026,0.84478,-7.517786,-1.855352,0.1450730445,-0.4102111194,0.0960548339
1.751309,1.409194,-1.919799,-4.002527,0.0269440524,-0.0845582224,-0.0518724624
1.752358,-0.459377,0.022018,1.437464,-0.1018271912,0.2304524231,-0.1934144079
1.753375,-1.355234,-2.664442,2.38616,-0.1252401445,0.2751498795,-0.2572679171
1.754424,-0.829248,-10.276076,0.623267,-0.0709646617,0.1282868083,-0.235983414
1.755473,-0.867677,-18.467142,1.187681,-0.0145607286,-0.0707232954,-0.1274324483
1.756522,-0.625099,-20.978814,1.069995,0.0546139064,-0.2676049489,0.0268801989
1.757539,-0.730776,-15.771106,2.614328,0.1365592433,-0.4197891458,0.1375596149
1.758589,-0.084702,-8.75327,-0.985914,0.1493299451,-0.4251102716,0.1290458137
1.759637,1.702209,-2.755427,-4.989651,0.0397147543,-0.1601182083,-0.0061107808
1.760686,0.861592,1.511302,0.051647,-0.0826711384,0.1900118672,-0.1646803287
1.761735,-1.081433,-1.342761,2.463017,-0.1060840918,0.2879205814,-0.2423687649
1.762752,-1.33602,-10.71903,0.411912,-0.0709646617,0.1421217353,-0.2210842619
1.763801,-1.153486,-19.1208,1.048379,-0.0198818543,-0.0685948451,-0.1082763956
1.76485,-0.742785,-20.837547,1.314974,0.0503570058,-0.2697333992,0.0417793511
1.765899,-1.016586,-16.54448,2.275679,0.1269812169,-0.4272387219,0.1333027143
1.766917,-0.70916,-9.229745,0.447938,0.1376234684,-0.4517159004,0.1056328603
1.767966,1.272294,1.810596,-0.229359,-0.0773500126,0.181498066,-0.1721299048
1.769015,-0.846061,-2.259797,2.210832,-0.1018271912,0.3464529648,-0.2306622883
1.770064,-1.182307,-10.910578,-0.553597,-0.0784142378,0.2166174961,-0.20831356
1.771083,-0.812436,-18.388129,0.844229,-0.0273314304,-0.0111266868,-0.111469071
1.77213,-0.65392,-20.456846,1.069995,0.0429074297,-0.2250359427,0.0236875235
1.773179,-1.263967,-16.975463,2.100351,0.1120820647,-0.4134037949,0.1184035621
1.774228,-1.422484,-8.963973,1.641614,0.134430793,-0.5102482839,0.1013759597
1.775277,0.775129,-0.478401,-3.238767,0.0461001052,-0.3463576102,-0.0220741581
1.776294,1.81269,1.681301,-1.656005,-0.0773500126,0.0548552727,-0.1508454017
1.777343,-0.10872,-3.689223,0.580035,-0.1316254955,0.3283611372,-0.200863984
1.778392,-1.316806,-11.853951,-0.099664,-0.114597893,0.2570580519,-0.1689372293
1.780461,-0.567456,-18.857421,1.139646,0.0397147543,-0.1973660887,0.0151737222
1.779441,-0.769204,-17.396869,1.204493,-0.0443590329,0.0218642929,-0.0816707667
1.781507,-1.686677,-17.437572,2.359741,0.1025040383,-0.3985046428,0.0683849799
1.782556,-2.179039,-10.122837,2.33092,0.1184674157,-0.538982363,0.0375224505
1.783606,-0.0823,0.34286,-1.449454,0.0663203831,-0.4378809734,-0.0667716146
1.784623,1.988019,2.603125,-2.45339,-0.031588331,-0.0558241433,-0.159359203
1.785672,1.051331,-5.264704,-2.160375,-0.1263043697,0.3262326869,-0.1763868054
1.78672,-0.644313,-13.795768,-0.075646,-0.142267747,0.3868935206,-0.1231755477
1.78777,-0.461779,-16.690536,2.100351,-0.0550012844,0.1665989138,-0.0412302109
1.788946,-0.54584,-17.040111,0.993138,0.0343936285,-0.0983931494,0.0183663977
1.789837,-2.147816,-16.522931,2.527864,0.0758984095,-0.3431649348,0.0364582253
1.790885,-2.520089,-9.643968,3.46215,0.0886691114,-0.5421750385,0.0002745701
1.791934,-0.591474,0.079482,0.495973,0.0716415089,-0.5506888397,-0.0848634422
1.792983,2.15374,-6.483428,-4.552531,-0.0858638138,0.1793696157,-0.1465885011
1.794,0.227527,-13.446193,-1.43024,-0.142267747,0.4198845004,-0.0933772434
1.795049,-0.932524,-16.463073,2.513454,-0.0699004365,0.2591865022,-0.0231383833
1.796098,-0.898899,-15.771106,0.839425,0.0152375758,-0.0366680905,0.020494848
1.797147,-1.667463,-14.796606,2.201225,0.0535496813,-0.2888894519,0.0258159738
1.798164,-2.234279,-10.204245,3.752763,0.0780268598,-0.4868353305,-0.0082392311
1.799214,-1.033398,-1.790504,1.182877,0.0684488334,-0.5325970121,-0.0827349919
1.800262,1.413997,-1.012341,-0.757746,0.0386505291,-0.3410364845,-0.1380746999
1.801311,2.708547,-7.412435,-5.097731,-0.0432948077,0.0793324512,-0.1327535741
1.802331,0.998493,-13.154083,-2.924136,-0.1252401445,0.4124349243,-0.0880561177
1.803377,-1.13187,-15.265898,3.104287,-0.0762857875,0.3315538127,-0.0263310588
1.804427,-1.422484,-13.374363,0.700123,-0.003918477,0.0325065445,0.0087883713
1.805476,-1.653053,-12.371131,2.239653,0.0248156021,-0.2207790421,0.0034672456
1.806525,-2.191048,-10.256921,4.149054,0.0556781316,-0.3995688679,-0.0252668336
1.807542,-1.597812,-4.843299,1.134842,0.0524854561,-0.4772573041,-0.0774138661
1.808591,0.638228,-4.747525,0.282217,0.0429074297,-0.3953119673,-0.1072121704
1.80964,2.893483,-9.34228,-5.359523,-0.0103038279,-0.053695693,-0.0965699189
1.810689,1.774262,-11.703108,-4.980044,-0.1156621181,0.3464529648,-0.0752854158
1.811708,-0.992568,-11.410997,2.638345,-0.1092767672,0.3783797194,-0.048679787
1.812755,-1.617026,-11.094943,1.687247,-0.0262672052,0.1240299077,-0.0316521845
1.813804,-1.737114,-12.826057,2.578301,0.0290725027,-0.1047785003,-0.0273952839
1.814853,-2.433625,-11.482827,3.769575,0.0546139064,-0.2899536771,-0.0337806348
1.815871,-1.926854,-5.947093,0.793792,0.0482285555,-0.4453305495,-0.062514714
1.816919,0.292375,-6.25357,0.35427,0.0471643304,-0.4644866023,-0.0859276674
1.817969,2.751779,-10.996775,-4.682226,0.0045953242,-0.1899165126,-0.0731569655
1.819018,2.079286,-11.535503,-4.600566,-0.0890564893,0.236837774,-0.0593220385
1.820066,-1.737114,-8.638341,2.088342,-0.0369094568,0.1474428611,-0.0561293631
1.821086,-1.472921,-10.728608,2.496641,-0.0028542519,-0.0558241433,-0.0508082373
1.822133,-1.94847,-11.540292,3.841628,0.0386505291,-0.2239717176,-0.0295237342
1.823182,-1.665062,-8.887354,0.851434,0.0322651782,-0.3857339409,-0.0273952839
1.824231,0.121849,-11.097337,-0.092458,0.0163018009,-0.4570370262,-0.0391017606
1.825248,2.353086,-12.682396,-4.324363,-0.0007258016,-0.2590911476,-0.048679787
1.826297,1.769458,-7.996656,-4.787903,-0.0613866353,0.1048738549,-0.076349641
1.830462,-1.535366,-13.082252,3.548613,0.0280082776,-0.1686320096,-0.0242026084
1.828395,-1.806766,-7.000607,2.67197,-0.0241387549,0.1016811795,-0.0816707667
1.827345,-1.107853,-6.356527,2.525462,-0.0688362114,0.2251312973,-0.0944414686
1.829411,-1.299994,-9.308759,1.86738,0.0067237745,-0.0356038654,-0.062514714
1.83151,-1.218334,-12.375919,1.17327,0.0226871518,-0.3176235311,0.0098525965
1.832558,0.328401,-12.88831,-0.873031,0.0056595494,-0.4123395698,-0.0007896551
1.833608,2.216186,-13.86281,-5.037687,-0.0252029801,-0.2463204458,-0.0433586612
1.834625,1.406792,-7.501026,-4.057768,-0.0847995887,0.1080665304,-0.090184568
1.835674,-1.506545,-1.99163,2.945771,-0.086928039,0.2379019991,-0.1167901968
1.836723,-2.299127,-4.306965,2.124368,-0.0390379071,0.1304152586,-0.111469071
1.837772,-1.583402,-9.670306,1.771309,-0.0049827022,0.0144147169,-0.0720927404
1.838789,-1.182307,-12.531552,3.08027,0.0226871518,-0.1196776525,-0.0114319066
1.839837,-0.533832,-14.241117,1.144449,0.0269440524,-0.2846325513,0.0322013247
1.840887,0.035386,-18.050526,0.402305,0.0301367279,-0.4155322452,0.0300728744
1.841936,1.26749,-15.122237,-3.476541,0.0301367279,-0.365513663,-0.0146245821
1.842956,1.911162,-4.381189,-4.75668,-0.031588331,-0.0803013218,-0.0880561177
1.844002,-0.478591,-0.037841,1.391831,-0.0879922642,0.1655346887,-0.1370104747
1.845051,-2.33035,-2.855989,3.161929,-0.073093112,0.1825622911,-0.1295608987
1.8461,-1.23995,-13.110985,2.681577,-0.0241387549,-0.0717875206,-0.0369733103
1.847149,-0.418547,-17.76081,2.270876,-0.0007258016,-0.2431277703,0.0364582253
1.848166,0.181894,-19.453614,0.397501,0.0226871518,-0.3963761924,0.0651923045
1.849215,0.758316,-13.719149,-1.663211,0.0397147543,-0.4336240728,0.0226232983
1.850264,1.558103,-4.395556,-3.438113,0.0088522248,-0.2420635452,-0.062514714
1.851313,0.287571,-0.49995,-0.887442,-0.0613866353,0.0686901997,-0.1338177993
1.852333,-1.823578,-2.147262,2.016289,-0.1028914163,0.2049110194,-0.159359203
1.853379,-1.931657,-6.770749,1.836157,-0.0837353635,0.1059380801,-0.1444600508
1.854428,-1.23995,-11.863529,1.639212,-0.0443590329,-0.0654021697,-0.090184568
1.855477,-0.677937,-17.056871,1.324581,-0.0198818543,-0.2399350949,-0.0007896551
1.857543,0.76312,-15.38801,-0.841808,0.0673846083,-0.4091468943,0.0917979333
1.856495,-0.046274,-21.007546,0.937898,0.0226871518,-0.3899908415,0.0811556818
1.858593,1.462033,-4.338091,-3.673486,0.0322651782,-0.2048156648,0.0087883713
1.859642,0.105037,0.089059,-1.199671,-0.0667077611,0.1006169543,-0.1082763956
1.86069,-1.833185,-1.299663,2.657559,-0.114597893,0.2166174961,-0.1785152557
1.86171,-1.789953,-5.484984,1.694453,-0.0943776151,0.0963600537,-0.1880932821
1.862757,-1.285583,-12.014373,1.180476,-0.0677719862,-0.0803013218,-0.1359462496
1.863806,-0.802829,-18.907702,1.850567,-0.0422305825,-0.2495131212,-0.0178172575
1.864855,-0.183174,-21.407402,1.329385,0.0109806751,-0.393183517,0.1003117345
1.865872,0.465301,-14.408721,-0.154904,0.065256158,-0.4187249207,0.1290458137
1.866921,1.30832,-4.486541,-3.450122,0.0333294034,-0.2314212936,0.0417793511
1.86797,0.304383,-0.310797,-1.756879,-0.0805426881,0.0782682261,-0.0965699189
1.869019,-1.480126,-0.914173,2.902539,-0.1465246476,0.2261955224,-0.1923501827
1.870036,-1.412877,-5.322168,1.557552,-0.1199190188,0.1378648347,-0.2168273613
1.871087,-0.922917,-12.402257,0.486366,-0.0773500126,-0.0345396402,-0.166808779
1.872134,-0.252825,-19.975582,1.218904,0.0258798273,-0.3985046428,0.0854125824
1.873183,0.100234,-14.933084,1.086807,0.0939902371,-0.4612939268,0.1535229922
1.874203,1.435613,-6.868918,-3.582219,0.0673846083,-0.2793114255,0.0928621585
1.875249,1.229062,-0.667555,-3.61104,-0.0773500126,0.0814609015,-0.062514714
1.876298,-1.038202,0.658914,2.710398,-0.1731302764,0.2794067801,-0.1912859576
1.877347,-1.434492,-3.507252,1.94904,-0.1412035218,0.2059752445,-0.2349191889
1.878396,-0.949336,-12.160428,-0.342242,-0.0837353635,0.0325065445,-0.1976713085
1.879414,-1.028595,-20.502339,1.283751,-0.0273314304,-0.1622466586,-0.0678358397
1.880463,-0.665929,-21.14163,1.610391,0.0556781316,-0.3452933851,0.0939263836
1.881511,-0.553046,-14.198019,1.656025,0.128045442,-0.4602297017,0.1748074953
1.88358,1.546094,-1.08896,-4.189864,-0.0475517083,-0.0132551371,-0.0508082373
1.882561,0.575782,-6.296668,-2.635924,0.0961186874,-0.3676421133,0.1109539861
1.884626,-0.293655,0.441029,2.04511,-0.1582311243,0.2815352304,-0.1891575073
1.885676,-1.40327,-3.181621,1.82655,-0.1624880249,0.2794067801,-0.2423687649
1.886725,-0.982961,-12.170006,0.142914,-0.1124694427,0.1059380801,-0.2061851097
1.887742,-1.016586,-20.464029,1.432661,-0.0411663574,-0.0962646991,-0.0774138661
1.888791,-0.824445,-20.555014,1.274144,0.037586304,-0.2846325513,0.0800914566
1.88984,-1.026193,-14.214779,2.640747,0.1131462899,-0.4378809734,0.1652294689
1.890889,-0.151951,-7.429195,-1.269322,0.1078251641,-0.4357525231,0.117339337
1.891937,1.988019,-1.1991,-4.173052,-0.0103038279,-0.1484117316,-0.0337806348
1.892957,1.113777,1.475387,0.680909,-0.1135336678,0.2123605954,-0.17319413
1.894004,-1.071826,-3.389929,1.33659,-0.1401392967,0.306012409,-0.2253411625
1.895053,-1.37685,-12.7231,0.270208,-0.1220474691,0.1357363844,-0.1891575073
1.896102,-0.999773,-19.994737,1.19969,-0.0635150856,-0.0994573746,-0.0731569655
1.897119,-0.77641,-20.60769,1.555151,0.0173660261,-0.2920821274,0.0662565296
1.898168,-1.28078,-6.861735,0.371082,0.0907975617,-0.4878995557,0.0981832842
1.899217,1.217053,1.111446,-3.109072,-0.0241387549,-0.2750545249,-0.0422944361
1.900266,1.541291,0.903138,-0.764952,-0.1316254955,0.0995527292,-0.1646803287
1.901283,-0.315271,-6.373288,0.162129,-0.1678091507,0.3081408593,-0.1891575073
1.902335,-0.956542,-13.297744,0.157325,-0.1401392967,0.2219386218,-0.1402031502
1.903381,-0.423351,-17.327432,1.17327,-0.0645793108,-0.0058055611,-0.0529366876
1.905479,-1.998907,-17.322644,2.89053,0.0801553101,-0.4165964704,0.0811556818
1.906496,-2.037335,-8.566511,1.610391,0.092926012,-0.5187620851,0.0375224505
1.907546,0.366829,1.458627,-2.374132,0.0194944764,-0.3591283121,-0.0795423164
1.908594,1.779065,1.903976,-2.23483,-0.0805426881,0.0388918954,-0.1700014545
1.909643,0.386043,-5.836953,-1.716049,-0.1507815482,0.3379391636,-0.1795794809
1.90443,-0.605884,-19.218968,1.017156,0.0152375758,-0.2250359427,0.0364582253
1.910661,-1.0358,-13.240279,-0.174118,-0.1475888728,0.2974986077,-0.1263682232
1.911712,-0.560251,-17.176588,1.687247,-0.0688362114,0.0484699218,-0.0401659857
1.912759,-0.476189,-18.677845,0.971522,0.0184302512,-0.1952376384,0.0375224505
1.913808,-1.857203,-16.965886,2.568694,0.0737699592,-0.4091468943,0.0705134302
1.914827,-1.94847,-8.456371,2.46782,0.0822837604,-0.5581384158,0.0332655499
1.915874,0.220322,0.560746,-0.997923,0.0439716549,-0.4730004035,-0.0635789391
1.916923,2.283435,0.211171,-2.633523,-0.0283956555,-0.1069069507,-0.1370104747
1.917972,1.666183,-7.074832,-3.478943,-0.1263043697,0.2953701574,-0.1423316005
1.919021,-0.452172,-13.798163,0.08287,-0.1550384488,0.3900861961,-0.097634144
1.920038,-0.978158,-16.36251,2.717603,-0.0677719862,0.1644704635,-0.03484486
1.921088,-1.047809,-16.460678,0.894666,0.00991645,-0.1047785003,0.0045314707
1.922136,-2.080566,-14.794212,3.286821,0.0397147543,-0.3272015575,0.0151737222
1.923185,-2.224672,-8.173838,3.445337,0.0609992574,-0.503862933,-0.0178172575
1.924204,-0.757195,-1.51276,0.760167,0.0567423567,-0.5123767342,-0.0859276674
1.925251,2.530817,-7.649475,-5.397951,-0.0911849396,0.1453144108,-0.1157259717
1.9263,0.561372,-12.87155,-1.254911,-0.1518457734,0.3783797194,-0.0816707667
1.927349,-1.026193,-15.768711,2.924155,-0.0784142378,0.2251312973,-0.0327164097
1.928366,-1.079032,-14.643368,0.443135,-0.0134965034,-0.0547599181,-0.0050465557
1.929416,-1.612223,-12.751832,2.784853,0.0184302512,-0.2707976243,-0.007175006
1.930465,-2.246288,-8.664679,3.265205,0.0609992574,-0.4357525231,-0.0337806348
1.931513,-1.379252,-3.286972,0.661695,0.058870807,-0.4889637808,-0.0816707667
1.932531,1.293909,-4.663723,-1.04836,0.0333294034,-0.3314584581,-0.1061479453
1.933582,2.960732,-9.873825,-6.053632,-0.0486159335,0.0686901997,-0.0944414686
1.934629,0.743906,-13.283378,-2.621514,-0.1348181709,0.3805081697,-0.0710285152
1.935678,-1.705892,-12.883521,3.166733,-0.0996987408,0.2825994556,-0.0454871115
1.936727,-1.576196,-10.446075,0.820211,-0.0347810065,0.0069651408,-0.0337806348
1.937744,-1.605018,-11.195506,3.197956,0.0141733506,-0.2016229893,-0.0305879594
1.938793,-2.157423,-9.957627,3.3949,0.0471643304,-0.3527429611,-0.0305879594
1.939842,-1.513751,-5.980614,0.793792,0.0386505291,-0.4495874501,-0.0550651379
1.940891,0.909627,-7.675813,0.138111,0.0354578537,-0.407018444,-0.0774138661
1.942959,1.181027,-11.846768,-2.825664,-0.0996987408,0.2623791777,-0.083799217
1.944006,-1.768337,-10.158753,3.238786,-0.0858638138,0.2708929789,-0.0720927404
1.941908,3.02558,-11.497194,-5.407558,-0.0156249537,-0.0941362488,-0.0827349919
1.945055,-1.722704,-8.228908,1.526329,-0.0262672052,0.0601763985,-0.0614504888
1.946072,-1.369645,-9.174675,2.880923,0.0109806751,-0.1196776525,-0.0518724624
1.947121,-1.946068,-10.331146,3.3949,0.0343936285,-0.2729260746,-0.0337806348
1.94817,-1.520956,-9.476363,0.822613,0.0216229267,-0.4091468943,-0.0284595091
1.949219,0.936047,-11.604939,-0.990717,0.0152375758,-0.4272387219,-0.0369733103
1.950268,1.281901,-9.059747,-3.510166,-0.0943776151,0.2219386218,-0.0944414686
1.951286,-2.025326,-6.042867,3.409311,-0.0805426881,0.258122277,-0.1029552698
1.952337,-2.104584,-5.971037,1.706462,-0.0230745298,0.0835893518,-0.0933772434
1.953383,-1.420082,-9.63439,2.112359,0.0131091254,-0.0600810439,-0.0667716146
1.954433,-1.513751,-12.009584,3.315642,0.0418432046,-0.199494539,-0.0199457078
1.95545,-1.069425,-11.614517,0.820211,0.0322651782,-0.3623209875,0.0077241462
1.956498,0.546961,-14.559565,-0.50316,0.0194944764,-0.4549085759,-0.0050465557
1.957548,2.408327,-13.788585,-4.922402,-0.0007258016,-0.2782472004,-0.0476155618
1.958596,1.207446,-6.560047,-3.483746,-0.0539370592,0.0601763985,-0.0997625944
1.959614,-1.775543,-2.925426,3.209965,-0.0550012844,0.1857549666,-0.125303998
1.960663,-2.231877,-4.335697,2.00428,-0.0230745298,0.0921031531,-0.1167901968
1.961713,-1.475322,-8.511441,1.898603,-0.0081753776,-0.0292185144,-0.0880561177
1.962761,-1.290387,-12.402257,3.31324,0.0109806751,-0.1494759568,-0.0327164097
1.96381,-0.85807,-15.069562,1.370215,0.0205587015,-0.2888894519,0.0215590732
1.96483,0.073814,-18.098413,0.054049,0.0280082776,-0.4123395698,0.0236875235
1.965876,1.692602,-14.025626,-4.016938,0.0141733506,-0.3484860605,-0.0305879594
1.966924,1.81269,-3.751476,-3.716717,-0.0464874832,-0.0739159709,-0.1018910447
1.967974,-0.774008,0.259058,2.359741,-0.0762857875,0.1282868083,-0.1423316005
1.968991,-2.193449,-3.057115,2.376553,-0.0571297347,0.1219014574,-0.1380746999
1.97004,-1.643446,-8.817917,1.396634,-0.0347810065,0.0048366905,-0.1050837201
1.971088,-1.167897,-13.506052,2.287688,-0.0081753776,-0.1473475065,-0.0391017606
1.972138,-0.456975,-17.509403,1.36301,0.0173660261,-0.3059170544,0.0322013247
1.973156,0.527747,-19.927695,0.126102,0.0461001052,-0.4187249207,0.0598711787
1.974207,1.743039,-12.986478,-3.32523,0.0429074297,-0.3538071863,0.0183663977
1.975254,1.728628,-2.317261,-3.190731,-0.0156249537,-0.0792370967,-0.0689000649
1.976302,-0.802829,0.314128,1.644016,-0.0624508605,0.1580851126,-0.139138925
1.977351,-1.732311,-7.501026,1.127637,-0.0422305825,0.0335707696,-0.145524276
1.978369,-1.343225,-14.008865,1.740086,-0.0220103046,-0.144154831,-0.0774138661
1.979418,-0.658723,-19.432065,1.567159,0.0024668739,-0.3293300078,0.0268801989
1.980467,0.287571,-20.07375,0.40951,0.0482285555,-0.4463947747,0.0907337082
1.981516,1.315525,-12.615354,-2.462998,0.065256158,-0.3676421133,0.0630638542
1.982533,1.411596,-3.229508,-3.046626,0.0163018009,-0.0739159709,-0.0369733103
1.983584,-0.937328,0.081876,0.89947,-0.0528728341,0.1921403175,-0.1444600508
1.984631,-2.359171,-1.505577,2.530266,-0.0784142378,0.2059752445,-0.2051208846
1.98568,-1.665062,-6.634272,1.17327,-0.0528728341,0.0548552727,-0.2051208846
1.986697,-1.331217,-14.236328,1.053182,-0.0273314304,-0.1335125795,-0.131689349
1.987746,-0.716366,-19.733753,1.420652,0.0014026488,-0.3335869084,-0.0007896551
1.988795,0.186697,-18.957984,0.959514,0.0546139064,-0.4740646287,0.1141466615
1.989843,1.154607,-12.548313,-1.732862,0.0822837604,-0.4219175961,0.1301100388
1.990893,1.440417,-5.298225,-3.637459,0.0226871518,-0.1398979304,0.0279444241
1.99191,-0.444966,-0.20784,0.152521,-0.086928039,0.1431859605,-0.1146617465
1.992961,-1.648249,0.388353,3.032234,-0.1209832439,0.1900118672,-0.2104420103
1.994008,-1.151084,-5.743574,1.021959,-0.073093112,0.0676259745,-0.2306622883
1.995057,-1.105451,-15.383221,0.649686,-0.0337167813,-0.1100996261,-0.1625518784
1.996074,-0.77641,-21.603739,1.557552,0.0120449003,-0.3091097298,-0.0156888072
1.997123,-0.065488,-19.491924,1.288555,0.0844122107,-0.4559728011,0.1226604628
1.998172,0.717486,-12.179583,-0.957093,0.1237885414,-0.4357525231,0.1513945419
1.999221,1.692602,-5.142592,-4.907991,0.0461001052,-0.157989758,0.0417793511
2.000238,0.498926,0.180045,-1.341375,-0.1082125421,0.1825622911,-0.1210470974
2.001288,-1.489733,0.498493,4.187482,-0.1518457734,0.271957204,-0.222148487
2.002338,-1.398466,-5.659772,0.997942,-0.0879922642,0.1612777881,-0.235983414
2.003386,-0.963747,-21.448106,1.509517,0.0152375758,-0.2282286182,-0.0220741581
2.004402,-0.608286,-20.030652,1.492705,0.0982471377,-0.4187249207,0.117339337
2.005454,-0.284048,-12.481271,1.259734,0.1514583954,-0.4815142047,0.1577798928
2.0065,1.255481,-4.340486,-3.803181,0.0897333365,-0.2888894519,0.0609354038
2.00755,1.058537,-0.363472,-2.537452,-0.0624508605,0.0910389279,-0.104019495
2.008599,-1.23995,-0.789667,3.469355,-0.1443961973,0.2868563562,-0.2168273613
2.009616,-1.388859,-5.032452,0.923487,-0.1294970451,0.1963972181,-0.2476898907
2.010665,-0.956542,-13.984922,0.515188,-0.0773500126,0.0090935911,-0.1934144079
2.011714,-1.043005,-21.610922,1.641614,-0.0071111525,-0.1877880623,-0.0465513367
2.012763,-0.673134,-19.757696,1.562356,0.072705734,-0.3601925372,0.1098897609
2.01378,-0.716366,-11.683953,2.309304,0.134430793,-0.4676792777,0.1684221444
2.014832,0.799146,-5.623856,-3.474139,0.092926012,-0.3665778881,0.0822199069
2.015878,2.204177,-1.680364,-3.399685,-0.0358452316,-0.0036771108,-0.0816707667
2.016927,0.109841,0.091454,2.520659,-0.1103409924,0.2868563562,-0.2051208846
2.017945,-1.456108,-4.462597,0.697721,-0.114597893,0.2634434028,-0.2434329901
2.018993,-1.196718,-14.078301,0.15012,-0.0826711384,0.0612406236,-0.1891575073
2.020043,-0.982961,-20.823181,1.235716,-0.017753404,-0.1601182083,-0.0497440121
2.021092,-0.810034,-19.594881,1.375018,0.0535496813,-0.3463576102,0.0981832842
2.02214,-1.19912,-13.223519,2.736818,0.1163389653,-0.4698077281,0.1631010186
2.023158,0.042591,-5.741179,-1.980243,0.0897333365,-0.4016973182,0.0949906088
2.024209,2.052866,0.022018,-4.060169,-0.0326525562,-0.0654021697,-0.0635789391
2.025256,0.633425,0.28779,1.067593,-0.1114052175,0.2591865022,-0.1849006066
2.026304,-1.338422,-5.698081,0.755364,-0.1156621181,0.2815352304,-0.2136346858
2.027321,-1.275976,-14.394355,-0.097262,-0.0858638138,0.0782682261,-0.1604234281
2.028371,-0.927721,-20.147975,1.466285,-0.0209460795,-0.1462832813,-0.0369733103
2.02942,-1.806766,-13.95619,2.940967,0.1184674157,-0.4878995557,0.1322384891
2.030469,-1.163093,-4.479358,-0.541588,0.0876048862,-0.5145051845,0.0524216026
2.031485,1.416399,1.532852,-2.991385,-0.0283956555,-0.2473846709,-0.083799217
2.032535,1.658977,-1.261353,-0.527177,-0.1252401445,0.167663139,-0.1646803287
2.033586,-0.219201,-7.977501,-0.642462,-0.1614237998,0.3560309912,-0.1657445539
2.034633,-0.874882,-13.987316,0.599249,-0.1263043697,0.2208743967,-0.1135975214
2.035682,-0.473788,-17.8494,1.723274,-0.0294598807,-0.0238973887,-0.0337806348
2.036699,-1.124665,-19.017843,1.379822,0.0535496813,-0.2527057967,0.0375224505
2.037748,-2.479259,-15.124632,3.409311,0.0886691114,-0.4772573041,0.0577427284
2.038797,-1.823578,-4.35964,1.893799,0.0812195353,-0.5985789716,0.0013387952
2.039846,0.770325,2.215241,-1.728058,0.023751377,-0.4421378741,-0.0923130183
2.040863,2.343479,-2.305289,-3.378069,-0.073093112,-0.0153835874,-0.1348820244
2.041912,1.154607,-9.514673,-3.149901,-0.1614237998,0.3443245145,-0.117854422
2.042964,-0.632304,-14.336891,1.180476,-0.1486530979,0.3155904353,-0.0689000649
2.04401,-0.625099,-16.283496,2.059521,-0.0528728341,0.0452772463,-0.0146245821
2.045027,-1.014184,-17.028139,0.880255,0.0152375758,-0.1952376384,0.0183663977
2.046078,-2.342359,-14.770268,3.702326,0.058870807,-0.4006330931,0.0226232983
2.047125,-2.099781,-5.204845,2.172403,0.0822837604,-0.5443034888,-0.0263310588
2.048174,-0.007846,1.384402,-0.464731,0.0567423567,-0.483642655,-0.1050837201
2.049223,2.355488,-2.932609,-2.974573,-0.0103038279,-0.1462832813,-0.1327535741
2.05024,2.067277,-10.453258,-4.980044,-0.1156621181,0.271957204,-0.104019495
2.05129,-0.305664,-15.158153,1.156458,-0.1358823961,0.3730585936,-0.0444228864
2.052339,-1.052612,-15.431108,2.609524,-0.0475517083,0.1325437089,0.0151737222
2.053387,-1.112656,-13.654502,0.73615,0.0024668739,-0.1345768047,0.034329775
2.054405,-1.931657,-11.837191,3.990537,0.0216229267,-0.3367795838,0.0183663977
2.055456,-0.533832,-2.482471,0.786587,0.0333294034,-0.4698077281,-0.0891203428
2.056503,1.882341,-4.781046,-2.03068,0.0024668739,-0.24099932,-0.1008268195
2.057552,2.43955,-10.321568,-6.161711,-0.0911849396,0.1602135629,-0.0784780913
2.058569,-0.127934,-15.081533,0.229378,-0.12843282,0.3560309912,-0.0401659857
2.059618,-1.789953,-14.157315,2.659961,-0.0613866353,0.1708558144,-0.0029181054
2.060667,-1.374448,-10.568186,0.500777,-0.0198818543,-0.0994573746,-0.0029181054
2.061716,-1.573795,-10.345512,3.85844,0.0173660261,-0.2846325513,-0.0167530324
2.062734,-2.030129,-8.188204,2.275679,0.0492927807,-0.4080826691,-0.0316521845
2.063782,-0.754794,-5.532871,0.435929,0.0354578537,-0.4410736489,-0.0571935882
2.064833,1.97601,-8.341442,-1.944217,0.0131091254,-0.2644122734,-0.0678358397
2.06588,2.696538,-10.917761,-6.272192,-0.0762857875,0.1250941328,-0.0678358397
2.06693,0.076216,-10.807621,-0.318224,-0.1390750715,0.3443245145,-0.0657073894
2.067947,-1.749123,-10.383821,3.183545,-0.0762857875,0.1995898936,-0.0508082373
2.068996,-1.408073,-10.118049,1.310171,-0.0145607286,-0.0164478126,-0.0327164097
2.070045,-1.770739,-10.963254,3.92569,0.0248156021,-0.1888522875,-0.0146245821
2.071094,-2.361573,-9.476363,2.328518,0.0333294034,-0.365513663,-0.0114319066
2.072111,-1.023791,-7.92722,0.644883,0.0067237745,-0.4815142047,-0.0252668336
2.07316,1.887145,-11.001563,-1.843343,-0.0007258016,-0.3857339409,-0.03484486
2.074212,3.133659,-11.801276,-6.591627,-0.0624508605,-0.0036771108,-0.048679787
2.075258,0.424471,-8.427639,-0.671283,-0.1263043697,0.2974986077,-0.0657073894
2.076275,-2.027728,-6.200894,3.608657,-0.0911849396,0.2325808734,-0.0699642901
2.077325,-1.739516,-8.135528,1.742488,-0.0369094568,0.0495341469,-0.0582578134
2.078373,-1.660258,-12.411835,3.841628,0.00991645,-0.0962646991,-0.0231383833
2.079422,-1.751525,-11.116492,2.335723,0.0226871518,-0.2654764986,0.0098525965
2.080471,-1.014184,-9.50749,0.366278,-0.0081753776,-0.4453305495,0.0024030204
2.081489,0.827968,-14.724775,-1.521507,-0.0134965034,-0.4708719532,-0.0167530324
2.082538,0.991287,-4.081896,-1.802513,-0.0954418402,0.1985256684,-0.0795423164
2.083589,-1.953273,-2.061066,3.294026,-0.0816069132,0.223002847,-0.0986983692
2.084636,-2.010915,-7.22807,1.828951,-0.0390379071,0.0772040009,-0.076349641
2.085653,-1.23995,-12.069443,2.844897,-0.0071111525,-0.0483745672,-0.0220741581
2.086704,-0.884489,-12.964929,2.734416,0.00991645,-0.1888522875,0.0332655499
2.087751,-0.500207,-14.78224,0.335055,-0.0007258016,-0.3591283121,0.048164702
2.0888,0.431677,-17.530952,-1.252509,0.0014026488,-0.4453305495,0.0194306229
2.089817,1.872734,-10.187485,-4.454058,-0.0156249537,-0.2803756507,-0.0422944361
2.090866,0.897619,-0.315586,-2.052296,-0.0752215623,0.0059009156,-0.1135975214
2.091915,-1.794757,-1.218255,3.001011,-0.0890564893,0.1176445568,-0.1348820244
2.092965,-2.42642,-7.297506,2.052315,-0.0539370592,0.0537910475,-0.0955056937
2.094013,-1.66266,-11.312829,1.901004,-0.0252029801,-0.0664663948,-0.0305879594
2.09503,-0.838855,-13.611403,2.00428,-0.0134965034,-0.2143936912,0.0396509008
2.096081,0.057002,-17.540529,0.623267,-0.0071111525,-0.3633852127,0.0800914566
2.097128,0.92644,-18.833478,-1.173251,0.0141733506,-0.4272387219,0.0630638542
2.098177,1.956796,-10.0965,-4.425237,-0.003918477,-0.2707976243,-0.0082392311
2.099195,1.113777,-0.440092,-1.838539,-0.0667077611,0.0399561205,-0.0933772434
2.100244,-1.475322,0.261452,2.520659,-0.0901207145,0.2166174961,-0.1348820244
2.101292,-2.359171,-4.675694,1.850567,-0.0752215623,0.1644704635,-0.1263682232
2.102342,-1.886024,-11.025507,1.956245,-0.0539370592,0.0112220414,-0.076349641
2.103359,-1.232744,-15.694487,2.434196,-0.031588331,-0.1633108838,0.0141094971
2.104408,-0.240817,-18.474325,1.33659,-0.0007258016,-0.3325226832,0.0949906088
2.105459,0.498926,-18.407284,-0.748139,0.0333294034,-0.4272387219,0.10350441
2.106506,1.428408,-11.066211,-3.522175,0.023751377,-0.3165593059,0.0322013247
2.107555,-1.408073,1.528063,2.242055,-0.0858638138,0.1761769402,-0.1444600508
2.108573,-2.363974,-3.686828,2.177207,-0.0805426881,0.1453144108,-0.1604234281
2.109622,-1.691481,-10.273681,1.226109,-0.0581939599,-0.0111266868,-0.1167901968
2.110671,-0.951738,-15.218011,1.408643,-0.0464874832,-0.2069441151,-0.0263310588
2.11172,-0.072693,-19.597275,1.033968,-0.0262672052,-0.3963761924,0.0768987812
2.112737,0.527747,-19.235728,0.383091,0.0205587015,-0.4825784299,0.1354311646
2.113786,1.137795,-11.135647,-2.583086,0.0322651782,-0.3506145108,0.1013759597
2.114837,0.861592,-2.386697,-3.262784,-0.0443590329,-0.039860766,-0.0135603569
2.115884,-0.987765,1.24553,1.490303,-0.1294970451,0.1836265163,-0.1295608987
2.116901,-1.823578,-1.405014,2.604721,-0.1294970451,0.1644704635,-0.1880932821
2.11795,-1.463314,-9.059747,0.820211,-0.0858638138,0.0239927432,-0.1721299048
2.118999,-1.170299,-16.879689,1.437464,-0.0528728341,-0.1601182083,-0.0752854158
2.120048,-0.418547,-20.614873,1.233314,-0.0103038279,-0.3740274642,0.0641280793
2.121098,0.165081,-18.143905,1.000344,0.0492927807,-0.5219547606,0.1567156677
2.122115,1.053733,-11.090154,-1.521507,0.0695130586,-0.4549085759,0.1428807407
2.123164,1.67579,-3.413873,-4.21148,-0.0134965034,-0.1249987783,0.0226232983
2.124215,-0.211995,0.883983,0.539205,-0.1401392967,0.2027825691,-0.1199828723
2.125262,-1.602616,-0.916567,3.243589,-0.1646164752,0.2517369261,-0.1955428582
2.126279,-1.045407,-7.903276,0.65449,-0.1177905685,0.1133876562,-0.1912859576
2.127331,-0.973354,-16.688141,0.707329,-0.0784142378,-0.0707232954,-0.104019495
2.128377,-0.814838,-21.761766,1.134842,-0.017753404,-0.2739902998,0.0439078014
2.129426,-0.596277,-18.938829,1.956245,0.0663203831,-0.4283029471,0.1620367934
2.130444,0.028181,-10.146781,-0.020405,0.0971829126,-0.4378809734,0.1694863695
2.131493,1.325132,-2.635709,-4.427639,0.0088522248,-0.2101367906,0.0502931523
2.133591,-1.319208,-1.158396,2.527864,-0.1603595746,0.250672701,-0.1997997588
2.134608,-1.004577,-16.503776,1.060388,-0.0858638138,-0.0387965408,-0.1433958257
2.132542,0.289973,-0.413754,-0.551195,-0.1177905685,0.1187087819,-0.1050837201
2.135657,-0.860471,-22.2981,1.057986,-0.0134965034,-0.2388708697,0.0194306229
2.136709,-0.567456,-17.995456,2.107556,0.0641919328,-0.4048899937,0.1684221444
2.137755,-0.214397,-9.495518,1.106021,0.1056967138,-0.4687435029,0.2035415744
2.138804,1.625353,-4.093868,-4.394014,0.0312009531,-0.2761187501,0.0886052578
2.139821,1.776664,-0.72023,-1.67522,-0.1103409924,0.1155161065,-0.0806065416
2.140871,-0.459377,-0.507133,2.587908,-0.1752587268,0.3209115611,-0.1891575073
2.14192,-1.266369,-6.861735,0.707329,-0.1507815482,0.2144890457,-0.20831356
2.142969,-1.098246,-16.80307,0.395099,-0.1018271912,-0.0079340114,-0.131689349
2.143986,-0.829248,-21.7474,1.266939,-0.0294598807,-0.2143936912,0.0215590732
2.145035,-0.867677,-17.748838,2.218037,0.0599350322,-0.3814770403,0.1535229922
2.146086,-1.405671,-10.853114,1.713667,0.1088893893,-0.4804499796,0.1769359456
2.147133,0.174688,-3.454577,-2.907324,0.0439716549,-0.3601925372,0.0726418805
2.14815,1.639763,2.22003,-2.455792,-0.0837353635,-0.0111266868,-0.0784780913
2.149199,-0.039069,-1.148819,1.372617,-0.1507815482,0.2421588997,-0.1657445539
2.150248,-1.261566,-10.072556,0.23178,-0.1465246476,0.20916792,-0.1551023023
2.151297,-0.742785,-16.647437,0.726543,-0.0986345157,0.0090935911,-0.076349641
2.152346,-0.461779,-19.537416,1.271743,-0.0209460795,-0.2058798899,0.0279444241
2.153364,-1.184709,-18.584465,1.737685,0.0450358801,-0.3889266164,0.1045686351
2.154412,-2.022924,-11.980852,3.068261,0.0737699592,-0.5198263103,0.1066970855
2.155464,-0.502609,-1.481633,-1.631988,0.0269440524,-0.4474589998,0.0173021725
2.15651,1.577317,3.067629,-3.075447,-0.0847995887,-0.0909435734,-0.097634144
2.157528,0.767923,-2.748244,-0.481544,-0.169937601,0.2804710053,-0.1412673753
2.158577,-0.807633,-11.205083,-0.582418,-0.1848367531,0.3539025409,-0.1104048459
2.159625,-0.617893,-16.941942,1.473491,-0.1156621181,0.1527639868,-0.0422944361
2.160675,-1.249557,-16.882084,1.233314,0.0301367279,-0.3389080342,0.0715776554
2.161692,-2.253493,-11.590573,3.546211,0.0673846083,-0.5432392637,0.0588069535
2.162741,-0.990166,-2.111347,0.433528,0.0705772837,-0.5677164422,-0.0114319066
2.16379,1.51247,2.351719,-2.527845,0.0014026488,-0.3005959286,-0.0944414686
2.16484,2.067277,-3.234296,-3.390078,-0.1082125421,0.1368006095,-0.1231755477
2.165888,0.184295,-11.760572,-1.922601,-0.1752587268,0.3868935206,-0.0891203428
2.166905,-1.191914,-17.720106,2.477427,-0.1177905685,0.250672701,-0.0178172575
2.167956,-1.006979,-17.772781,1.420652,-0.0198818543,-0.0366680905,0.0471004769
2.170052,-2.188646,-10.503539,3.875253,0.0429074297,-0.4910922311,0.0322013247
2.17107,-1.400868,-3.284578,1.84096,0.0492927807,-0.5538815152,-0.0337806348
2.172119,0.847182,0.187228,-1.139627,0.0216229267,-0.3772201397,-0.0955056937
2.173168,2.451559,-4.872031,-4.451657,-0.0656435359,0.0090935911,-0.1072121704
2.169004,-1.400868,-14.442242,1.192484,0.0226871518,-0.2856967765,0.061999629
2.174217,1.238669,-11.698319,-3.358855,-0.1603595746,0.3390033887,-0.0752854158
2.175234,-0.903703,-15.950682,2.460615,-0.1294970451,0.3102693096,-0.0135603569
2.176283,-1.299994,-15.852514,1.735283,-0.0326525562,0.043148796,0.0428435762
2.177334,-1.513751,-13.795768,1.413447,0.0120449003,-0.213329466,0.0556142781
2.178381,-2.102182,-10.474807,3.846432,0.0280082776,-0.4240460464,0.0268801989
2.17943,-1.609821,-4.227951,2.071529,0.0312009531,-0.5336612373,-0.0359090851
2.180447,0.386043,-2.527964,0.414314,0.0226871518,-0.4474589998,-0.0859276674
2.181496,2.691735,-7.417224,-3.904055,-0.031588331,-0.116484977,-0.0806065416
2.182545,2.07208,-11.992824,-4.963232,-0.1316254955,0.2772783298,-0.0497440121
2.183594,-0.730776,-13.8245,1.632007,-0.1326897206,0.3507098654,-0.0156888072
2.184611,-1.650651,-12.572256,1.824148,-0.0560655095,0.1112592058,0.0098525965
2.18566,-1.506545,-11.370293,1.490303,-0.0092396028,-0.1388337053,0.0141094971
2.186712,-1.970085,-6.840185,1.646418,0.0386505291,-0.448523225,-0.0263310588
2.187758,-0.089506,-6.006952,0.474358,0.0290725027,-0.4495874501,-0.0561293631
2.188775,2.487585,-9.888191,-3.414095,0.0024668739,-0.2069441151,-0.0582578134
2.189824,2.302649,-11.41818,-5.964767,-0.1018271912,0.1995898936,-0.0561293631
2.190873,-0.65392,-10.671143,1.463884,-0.1401392967,0.3453887396,-0.048679787
2.191922,-1.917247,-9.435659,2.503847,-0.0677719862,0.1548924371,-0.0337806348
2.192939,-1.477724,-9.90974,1.142047,-0.017753404,-0.0590168187,-0.0220741581
2.193988,-1.888425,-11.427757,4.165866,0.0216229267,-0.2356781942,-0.0007896551
2.195037,-1.986898,-9.035803,1.610391,0.0354578537,-0.4048899937,0.0098525965
2.196088,-0.447368,-8.760453,0.70973,0.0194944764,-0.4996060324,-0.0007896551
2.197135,2.165749,-12.342399,-2.499024,0.0077879997,-0.3644494378,-0.0135603569
2.198152,2.912697,-10.879452,-6.66368,-0.0613866353,0.0410203457,-0.0412302109
2.199201,-0.079899,-7.218493,0.589642,-0.1071483169,0.3038839587,-0.0646431643
2.20025,-2.318341,-6.646243,3.541408,-0.059258185,0.2102321451,-0.0571935882
2.201299,-1.737114,-8.930452,1.94904,-0.0081753776,0.0388918954,-0.0316521845
2.202316,-1.63624,-12.18916,3.671103,0.0226871518,-0.109035401,-0.0018538802
2.203365,-1.602616,-11.267336,1.413447,0.0173660261,-0.2878252268,0.0162379474
2.204414,-0.298459,-11.322406,0.347064,-0.0071111525,-0.4474589998,0.0024030204
2.205466,1.565309,-14.449425,-2.669549,-0.0113680531,-0.4027615434,-0.0252668336
2.206481,2.088893,-10.525088,-5.400353,-0.0518086089,-0.0771086464,-0.0540009127
2.20753,-0.392128,-3.90232,1.041173,-0.0773500126,0.1612777881,-0.0774138661
2.208581,-2.246288,-3.583871,2.900137,-0.0401021322,0.098488504,-0.076349641
2.209628,-1.566589,-7.754827,1.233314,-0.0092396028,-0.0302827396,-0.0518724624
2.210677,-1.136674,-11.89705,3.063457,0.0131091254,-0.1356410298,-0.0061107808
2.211693,-0.87248,-13.352814,1.603186,0.0194944764,-0.2750545249,0.0396509008
2.212743,1.207446,-16.714479,-3.133089,0.0014026488,-0.3974404176,0.0098525965
2.213792,1.961599,-8.614398,-5.674154,-0.0464874832,-0.1143565267,-0.0657073894
2.214841,-0.199987,-1.029101,0.911478,-0.0837353635,0.1389290598,-0.125303998
2.215858,-2.359171,-1.644449,3.608657,-0.0496801586,0.1421217353,-0.1231755477
2.216907,-2.090173,-6.63906,1.043575,-0.0156249537,0.043148796,-0.0869918925
2.217958,-1.470519,-11.698319,2.537471,0.0024668739,-0.0824297721,-0.0242026084
2.219005,-0.814838,-14.540411,2.021092,0.0205587015,-0.2505773464,0.0545500529
2.220022,0.261152,-17.892499,0.402305,0.0312009531,-0.407018444,0.0971190591
2.221071,1.582121,-18.028977,-2.13876,0.0397147543,-0.420853371,0.0800914566
2.22212,2.49479,-8.60482,-4.917598,-0.0007258016,-0.1739531353,0.006659921
2.223169,0.609407,0.52962,-0.534382,-0.0677719862,0.1293510335,-0.0859276674
2.224218,-2.097379,0.182439,3.195554,-0.0837353635,0.1995898936,-0.1370104747
2.225235,-2.287118,-6.026107,1.944236,-0.0581939599,0.0942316034,-0.1274324483
2.226284,-1.806766,-12.411835,1.915415,-0.0198818543,-0.0494387924,-0.0646431643
2.227335,-1.244753,-16.463073,2.256465,0.0120449003,-0.2186505918,0.0332655499
2.228382,-0.332084,-19.666711,1.468687,0.0471643304,-0.3889266164,0.1109539861
2.229399,0.371633,-17.315461,-0.868227,0.0822837604,-0.4655508274,0.1141466615
2.230448,1.490854,-7.194549,-3.450122,0.0535496813,-0.3176235311,0.0353940002
2.231497,0.912029,-0.035447,-1.754478,-0.0262672052,0.0090935911,-0.0731569655
2.232546,-1.477724,-0.025869,1.627203,-0.0858638138,0.2059752445,-0.1519096269
2.233563,-2.094977,-4.388373,1.824148,-0.0954418402,0.1293510335,-0.1742583551
2.234612,-1.54017,-11.43494,1.627203,-0.0635150856,-0.0579525936,-0.1284966735
2.235661,-0.968551,-17.51898,1.689649,-0.0305241059,-0.2463204458,-0.0135603569
2.236712,-0.211995,-20.009103,1.15886,0.0141733506,-0.4219175961,0.1120182112
2.237759,0.431677,-16.429552,0.142914,0.0705772837,-0.5006702575,0.1620367934
2.238776,1.51247,-8.133134,-2.950555,0.0684488334,-0.3463576102,0.10350441
2.239825,-1.33602,0.211171,2.105154,-0.0986345157,0.1687273641,-0.1412673753
2.240874,-1.537768,-2.968524,1.958647,-0.0954418402,0.1165803316,-0.1987355336
2.241923,-1.043005,-10.563398,0.743355,-0.0528728341,-0.0462461169,-0.1700014545
2.24294,-1.057416,-17.897287,1.360608,-0.0220103046,-0.2250359427,-0.0518724624
2.243989,-0.488198,-21.060222,1.250127,0.0301367279,-0.3836054906,0.1013759597
2.245038,0.498926,-16.259553,0.997942,0.0982471377,-0.4410736489,0.1950277732
2.246089,1.678191,-7.127507,-3.272391,0.0737699592,-0.2782472004,0.1503303168
2.247104,1.024912,-2.645287,-3.66628,-0.0667077611,0.0463414715,-0.0018538802
2.248153,-1.309601,-1.273325,3.022627,-0.156102674,0.2357735488,-0.1359462496
2.249202,-1.508947,-1.589379,2.26367,-0.1241759194,0.1825622911,-0.2019282091
2.250251,-0.802829,-8.992705,-0.171716,-0.0699004365,0.0367634451,-0.194478633
2.2513,-1.129469,-19.106433,1.538338,-0.0198818543,-0.1452190562,-0.0795423164
2.252317,-0.855668,-21.48881,1.180476,0.0567423567,-0.3421007096,0.0886052578
2.253366,-0.425752,-15.2228,1.773711,0.1312381175,-0.4815142047,0.1982204487
2.254415,0.671853,-7.836235,-1.461463,0.1301738923,-0.4283029471,0.1769359456
2.255466,1.755048,-3.294155,-4.934411,-0.0007258016,-0.1015858249,0.0311370995
2.256481,-0.04147,-0.880652,0.726543,-0.1550384488,0.2187459464,-0.1263682232
2.25753,-1.463314,-2.120924,3.1211,-0.1731302764,0.2442873501,-0.2029924343
2.258581,-0.829248,-8.700594,0.073263,-0.0986345157,0.0867820273,-0.1955428582
2.259628,-0.85807,-17.576445,0.416715,-0.0369094568,-0.1037142752,-0.1008268195
2.260646,-0.939729,-21.625288,1.471089,0.037586304,-0.2910179022,0.0577427284
2.261694,-0.975756,-16.860534,2.501445,0.1354950181,-0.4304313974,0.1875781971
2.262744,-0.111121,-8.238485,-0.361456,0.162100647,-0.4378809734,0.1918350977
2.263793,1.968805,-2.259797,-5.208212,0.0492927807,-0.1750173605,0.0534858278
2.26481,1.178625,-0.037841,-0.623248,-0.1050198666,0.2017183439,-0.111469071
2.265858,-1.348029,-9.52425,0.04204,-0.1156621181,0.1644704635,-0.1774510306
2.266908,-1.122263,-18.431227,0.983531,-0.0560655095,-0.0547599181,-0.0806065416
2.267959,-0.853266,-20.957265,1.511919,0.0173660261,-0.2516415716,0.0705134302
2.269006,-1.251959,-16.460678,2.489436,0.1025040383,-0.4123395698,0.1737432701
2.270023,-1.386457,-9.404533,1.300564,0.1312381175,-0.483642655,0.158844118
2.271072,0.799146,-1.711491,-3.44772,0.037586304,-0.3112381802,0.0332655499
2.272121,1.60854,2.078763,-0.993119,-0.0794784629,0.0665617494,-0.1072121704
2.27317,-0.401735,-2.647681,1.190083,-0.12843282,0.2985628329,-0.1689372293
2.274188,-1.319208,-11.597756,0.145316,-0.1199190188,0.2134248206,-0.1402031502
2.275236,-0.629902,-17.516586,1.353403,-0.0613866353,-0.0164478126,-0.0465513367
2.276285,-0.329682,-19.329108,0.599249,0.0088522248,-0.2367424194,0.0641280793
2.277336,-1.343225,-17.94278,2.20843,0.0769626347,-0.4325598477,0.1333027143
2.278351,-2.013317,-11.061422,2.280483,0.1110178396,-0.5506888397,0.1184035621
2.2794,-0.089506,-0.418543,-2.302079,0.0407789794,-0.4283029471,0.0151737222
2.280449,1.776664,3.41481,-2.052296,-0.0752215623,-0.0473103421,-0.0965699189
2.281498,0.667049,-3.677251,-0.796175,-0.1497173231,0.2847279059,-0.1359462496
2.282547,-0.906105,-12.433384,-0.248573,-0.1507815482,0.2943059323,-0.097634144
2.283565,-0.596277,-16.623494,1.314974,-0.0741573372,0.0654975242,-0.0167530324
2.284614,-0.305664,-18.512635,0.784185,0.0131091254,-0.1771458108,0.0630638542
2.285662,-1.585803,-18.967561,2.121966,0.0737699592,-0.3846697158,0.1056328603
2.286714,-2.212663,-11.614517,2.599917,0.1014398132,-0.5496246146,0.0790272315
2.287729,-0.308066,0.666097,-1.163644,0.058870807,-0.5017344827,-0.021009933
2.288778,1.889546,2.847349,-2.506229,-0.0326525562,-0.1516044071,-0.1135975214
2.289827,1.339543,-5.049213,-2.090724,-0.1199190188,0.2496084758,-0.125303998
2.290876,-0.54584,-12.251413,-0.479142,-0.1443961973,0.3496456403,-0.0774138661
2.291893,-0.27204,-17.095181,1.312573,0.0131091254,-0.0983931494,0.0726418805
2.292942,-1.886024,-18.129539,2.674372,0.072705734,-0.3431649348,0.1088255358
2.293991,-2.594544,-11.853951,3.402106,0.0705772837,-0.5709091176,0.0800914566
2.29504,-0.593876,0.072299,0.544009,0.0333294034,-0.6166707993,-0.0178172575
2.296091,1.978412,1.501725,-2.155572,-0.0124322782,-0.3431649348,-0.1018910447
2.297106,2.319462,-7.295112,-4.626985,-0.100762966,0.1389290598,-0.1029552698
2.298155,0.244339,-13.374363,-1.36299,-0.1582311243,0.410306474,-0.0465513367
2.299207,-0.860471,-14.317736,2.760835,-0.0954418402,0.2591865022,0.0183663977
2.300253,-0.680339,-14.662522,0.69532,-0.0134965034,-0.0302827396,0.0588069535
2.301271,-1.571393,-15.625051,2.566292,0.0322651782,-0.2569626973,0.0747703308
2.30232,-2.241485,-11.025507,3.783986,0.0631277077,-0.4506516753,0.0577427284
2.303369,-1.319208,-2.595005,0.923487,0.0556781316,-0.5464319391,-0.0114319066
2.304418,0.955261,-1.558252,-0.126083,0.0269440524,-0.4261744968,-0.0689000649
2.305435,2.90309,-7.632715,-5.169783,-0.0486159335,-0.0345396402,-0.0667716146
2.306484,1.522077,-13.1469,-4.016938,-0.1412035218,0.354966766,-0.0305879594
2.307533,-1.124665,-14.28661,2.976994,-0.1114052175,0.3400676139,0.0162379474
2.308584,-1.653053,-12.861972,1.326983,-0.0273314304,0.0495341469,0.0396509008
2.309631,-1.753927,-12.680002,2.194019,0.0109806751,-0.1963018636,0.0353940002
2.310648,-2.30393,-10.616073,4.072197,0.0386505291,-0.3623209875,0.0226232983
2.311697,-1.914845,-5.520899,1.266939,0.0503570058,-0.4634223771,-0.0135603569
2.312746,0.225125,-4.548794,0.24619,0.0407789794,-0.4314956225,-0.0422944361
2.313795,2.73977,-8.789185,-4.86476,-0.0241387549,-0.1409621556,-0.0401659857
2.314812,2.064875,-11.95212,-5.044892,-0.1305612703,0.2613149525,-0.0242026084
2.315861,-0.87248,-11.791698,2.297295,-0.1263043697,0.3368749384,-0.0018538802
2.31691,-1.833185,-10.764523,1.843362,-0.0496801586,0.0974242788,0.0130452719
2.317961,-2.169432,-10.410159,4.067394,0.0312009531,-0.3080455047,0.0258159738
2.318977,-2.082968,-7.671024,1.182877,0.0322651782,-0.4527801256,0.0141094971
2.320025,0.044993,-8.779608,0.275011,0.0226871518,-0.4921564563,0.0034672456
2.321074,2.874269,-11.640854,-4.288337,-0.0060469273,-0.2484488961,-0.0007896551
2.322123,2.456362,-10.017486,-5.719787,-0.1018271912,0.1942687678,-0.0199457078
2.323141,-0.879685,-7.766798,2.153189,-0.1241759194,0.3666732427,-0.0305879594
2.324189,-2.102182,-8.111585,2.83529,-0.0560655095,0.1995898936,-0.0199457078
2.325238,-1.489733,-10.467624,2.246858,-0.0049827022,-0.0015486604,0.0013387952
2.326287,-1.749123,-11.69353,4.038573,0.0226871518,-0.1845953869,0.0322013247
2.327339,-1.696285,-9.363829,1.33659,0.0109806751,-0.3772201397,0.0439078014
2.328353,-0.296057,-11.298463,0.630472,0.0003384236,-0.5091840587,0.0353940002
2.330451,2.213784,-8.523413,-5.213015,-0.059258185,-0.0356038654,-0.0103676814
2.329402,1.925573,-14.200413,-2.991385,-0.0017900267,-0.3985046428,0.0226232983
2.3315,-0.677937,-3.799363,1.351001,-0.0911849396,0.1697915893,-0.0433586612
2.332518,-2.236681,-5.681321,3.051448,-0.0550012844,0.0835893518,-0.0359090851
2.333566,-1.37685,-9.813966,1.730479,-0.0166891789,-0.0483745672,-0.0018538802
2.334615,-0.978158,-12.411835,2.80887,0.0067237745,-0.1622466586,0.0396509008
2.335664,-0.836454,-11.983246,1.120432,-0.0060469273,-0.3069812795,0.0662565296
2.336682,-0.195183,-14.992943,-0.507963,-0.0220103046,-0.4378809734,0.0588069535
2.337731,1.341945,-15.864485,-3.671084,-0.0241387549,-0.3644494378,0.0247517486
2.338779,1.762253,-7.029339,-4.989651,-0.0677719862,-0.0441176666,-0.0305879594
2.339828,-0.622697,-0.667555,1.307769,-0.0911849396,0.1751127151,-0.0710285152
2.340877,-2.2631,-2.518386,2.919351,-0.0550012844,0.1421217353,-0.0667716146
2.341895,-1.878818,-8.298344,0.983531,-0.0241387549,0.029313869,-0.0316521845
2.342943,-1.316806,-13.271406,2.897736,0.0014026488,-0.1058427255,0.034329775
2.343992,0.364427,-17.578839,-0.212546,0.023751377,-0.420853371,0.1141466615
2.345041,1.505264,-16.37927,-2.842476,0.0205587015,-0.4165964704,0.0715776554
2.346059,2.088893,-5.985403,-4.235498,-0.0262672052,-0.1654393341,-0.007175006
2.347107,-0.022256,1.336515,1.043575,-0.0805426881,0.1038096298,-0.076349641
2.348156,-2.337555,-1.764166,3.303633,-0.0794784629,0.1612777881,-0.0891203428
2.349208,-2.270306,-8.001445,1.749693,-0.0475517083,0.0686901997,-0.0518724624
2.350222,-1.480126,-12.162822,2.059521,-0.0262672052,-0.0856224476,0.0098525965
2.351272,-0.589072,-16.247581,1.927424,-0.0230745298,-0.2729260746,0.0875410327
2.35232,0.126653,-20.18389,1.250127,0.0003384236,-0.4251102716,0.1375596149
2.35337,0.633425,-16.465467,-1.459061,0.0322651782,-0.448523225,0.1194677873
2.354418,1.416399,-5.846531,-3.759949,0.0014026488,-0.2527057967,0.0364582253
2.355435,0.398052,0.740322,-0.971503,-0.0720288868,0.0612406236,-0.0593220385
2.356484,-1.655455,-0.064179,2.023494,-0.1177905685,0.2123605954,-0.1082763956
2.357533,-2.015719,-5.425125,1.768907,-0.1103409924,0.126158358,-0.1082763956
2.358585,-1.520956,-12.237047,1.771309,-0.0773500126,-0.0515672427,-0.0550651379
2.3596,-0.721169,-18.225313,1.809737,-0.0464874832,-0.2473846709,0.0534858278
2.360649,-0.00064,-20.696281,1.101218,0.0003384236,-0.4219175961,0.1556514425
2.361698,0.414864,-16.108709,-0.402286,0.0546139064,-0.4825784299,0.172679045
2.362747,1.157009,-6.883284,-3.257981,0.0397147543,-0.3208162065,0.0939263836
2.363764,0.289973,-0.006715,-1.677621,-0.0539370592,-0.0196404881,-0.0295237342
2.364813,-1.549777,0.690041,2.585507,-0.1188547936,0.1421217353,-0.1221113226
2.365862,-1.669865,-4.280627,1.874585,-0.1050198666,0.0825251267,-0.1497811766
2.366911,-1.23995,-11.671981,0.767373,-0.0752215623,-0.0781728715,-0.1029552698
2.367962,-0.807633,-18.560522,1.120432,-0.0518086089,-0.2697333992,0.0162379474
2.368977,-0.06789,-21.132052,1.187681,0.0024668739,-0.4293671722,0.1545872174
2.370026,0.638228,-15.933922,0.529598,0.0641919328,-0.4570370262,0.221633402
2.371075,0.628621,-1.371493,-2.859288,-0.1028914163,0.0814609015,0.0002745701
2.372123,-1.446501,0.113003,3.152322,-0.1688733758,0.2400304494,-0.1274324483
2.373141,-1.571393,-2.578245,1.687247,-0.1263043697,0.1634062384,-0.1785152557
2.37419,-1.148683,-10.750157,-0.164511,-0.0794784629,0.0069651408,-0.1465885011
2.375239,-1.232744,-19.913329,1.435062,-0.0347810065,-0.1867238372,-0.0156888072
2.376287,-0.661125,-21.201488,1.048379,0.0407789794,-0.3867981661,0.1556514425
2.377305,-0.019855,-13.800557,1.250127,0.1110178396,-0.5006702575,0.255688607
2.378354,1.123384,-7.314267,-2.844878,0.0961186874,-0.3857339409,0.2131196008
2.379402,1.495657,-3.938235,-4.79751,-0.045423258,-0.0217689384,0.0545500529
2.380452,-0.298459,-0.119249,1.641614,-0.1912221041,0.2591865022,-0.1082763956
2.3815,-1.127067,-1.45769,2.626337,-0.1901578789,0.2442873501,-0.1880932821
2.382518,-0.822043,-10.776495,0.296627,-0.1039556415,0.098488504,-0.166808779
2.383567,-0.906105,-20.037835,0.985933,-0.0305241059,-0.0717875206,-0.0412302109
2.384616,-0.581867,-20.871068,1.24052,0.0524854561,-0.2676049489,0.1237246879
2.385665,-0.725973,-14.181258,2.117163,0.1354950181,-0.4410736489,0.2258903027
2.386682,-0.055881,-7.757221,-1.319759,0.1312381175,-0.4559728011,0.2024773493
2.387731,1.939983,-3.538379,-5.037687,0.0024668739,-0.1675677844,0.0609354038
2.38878,0.950457,-0.313191,0.238985,-0.1273685948,0.2038467942,-0.0923130183
2.389831,-1.283181,-1.876701,2.635944,-0.1454604225,0.2868563562,-0.1636161036
2.390846,-1.444099,-10.036641,0.263003,-0.1082125421,0.1112592058,-0.1476527263
2.391896,-1.215932,-19.132771,1.454277,-0.0613866353,-0.1143565267,-0.0391017606
2.392944,-0.970952,-20.99318,1.937031,0.0088522248,-0.3133666305,0.117339337
2.393993,-1.316806,-15.593924,3.214768,0.0833479856,-0.4655508274,0.221633402
2.39501,-1.086237,-8.204964,1.439866,0.0918617868,-0.5059913833,0.2046057996
2.396059,1.137795,-1.52952,-3.536585,-0.0060469273,-0.2995317035,0.0651923045
2.397109,-0.536233,-3.751476,1.338992,-0.1635522501,0.2666360783,-0.1433958257
2.398157,-1.273574,-11.059028,0.039639,-0.1592953494,0.1516997617,-0.1189186471
2.399208,-0.862873,-17.413629,1.156458,-0.1050198666,-0.0824297721,-0.0252668336
2.400223,-0.589072,-19.707415,1.127637,-0.0283956555,-0.2676049489,0.10350441
2.401273,-1.384055,-17.516586,2.974592,0.0556781316,-0.4123395698,0.1960919984
2.402322,-1.708293,-9.519462,1.987468,0.0876048862,-0.5006702575,0.1843855217
2.40337,0.532551,0.553563,-3.159509,0.00991645,-0.3750916894,0.0577427284
2.404388,2.105705,1.8513,-2.172384,-0.0943776151,-0.0185762629,-0.0731569655
2.405436,0.724692,-5.032452,-0.921066,-0.1592953494,0.2804710053,-0.1157259717
2.406486,-0.877284,-12.648875,-0.743336,-0.169937601,0.2634434028,-0.0859276674
2.407535,-0.865275,-17.976301,1.792925,-0.0943776151,0.0197358426,-0.0039823305
2.408552,-0.577063,-18.795168,0.815408,-0.0071111525,-0.2090725654,0.0949906088
2.409601,-1.49934,-16.221243,2.237251,0.0535496813,-0.393183517,0.1513945419
2.41065,-2.116593,-8.908903,2.873718,0.0886691114,-0.5368539127,0.1247889131
2.411699,-0.262432,0.493704,-1.749674,0.0354578537,-0.4772573041,0.0226232983
2.412748,2.172954,0.76666,-2.282865,-0.0581939599,-0.1473475065,-0.0667716146
2.413765,1.719021,-6.552864,-2.808851,-0.1454604225,0.2336450985,-0.0806065416
2.414814,-0.591474,-13.589854,-0.839406,-0.1784514022,0.327296912,-0.0391017606
2.415863,-1.093442,-17.104758,2.83529,-0.0975702905,0.1112592058,0.034329775
2.416912,-0.769204,-16.266736,0.623267,0.0014026488,-0.1377694801,0.0917979333
2.417929,-1.972487,-14.746325,2.518257,0.0535496813,-0.3431649348,0.1013759597
2.418978,-2.654588,-9.306365,3.591845,0.072705734,-0.5123767342,0.0641280793
2.420027,-0.939729,-0.878257,0.224574,0.0567423567,-0.5123767342,-0.0093034563
2.421076,1.702209,-0.842342,-1.790504,0.0077879997,-0.2537700219,-0.0582578134
2.422095,2.245007,-7.855389,-5.16498,-0.0986345157,0.1602135629,-0.048679787
2.423143,-0.927721,-15.361672,3.334856,-0.0879922642,0.2272597476,0.0566785032
2.424192,-0.91331,-15.052801,0.719337,-0.0092396028,-0.0622094942,0.0843483572
2.425241,-1.720302,-13.838866,2.710398,0.0120449003,-0.2931463525,0.0747703308
2.42629,-2.159825,-8.231302,3.481364,0.0333294034,-0.4612939268,0.0364582253
2.427307,-1.227941,-1.838391,0.882657,0.0429074297,-0.5081198336,-0.0284595091
2.428356,0.909627,-4.156121,-0.750541,0.0290725027,-0.3538071863,-0.0550651379
2.429405,2.586057,-9.900163,-5.225024,-0.0475517083,0.0197358426,-0.0242026084
2.430454,1.200241,-12.744649,-2.731995,-0.1305612703,0.3368749384,0.0173021725
2.431471,-1.045407,-13.541967,2.792058,-0.0986345157,0.2677003034,0.0502931523
2.43252,-1.338422,-12.06226,0.712132,-0.0411663574,-0.0185762629,0.0588069535
2.433569,-1.460912,-11.741417,2.501445,-0.0049827022,-0.2558984722,0.0471004769
2.434619,-2.082968,-9.773263,3.952109,0.0290725027,-0.4123395698,0.0311370995
2.435636,-1.600214,-5.051607,1.13244,0.0258798273,-0.490028006,0.0034672456
2.436684,0.736701,-6.751595,0.19095,0.0226871518,-0.4187249207,-0.0093034563
2.437733,2.910295,-11.106915,-5.373933,-0.0283956555,-0.081365547,0.0013387952
2.438782,1.47164,-10.525088,-4.221087,-0.1252401445,0.2836636807,0.006659921
2.439833,-1.273574,-8.880171,3.034636,-0.1156621181,0.2825994556,0.0109168216
2.440848,-1.770739,-10.666355,2.00428,-0.0401021322,0.0548552727,0.0215590732
2.441898,-1.902836,-13.836472,3.140314,0.0131091254,-0.136705255,0.0439078014
2.442947,-2.351966,-10.477201,3.133108,0.0312009531,-0.3186877562,0.0513573775
2.443996,-1.657856,-5.468224,0.126102,0.00991645,-0.4932206814,0.0173021725
2.445013,0.551765,-9.869036,0.128504,0.00991645,-0.5240832109,-0.0007896551
2.446062,3.015973,-13.027182,-4.821528,-0.0145607286,-0.2261001679,0.0151737222
2.447111,1.964001,-8.980733,-4.064973,-0.0911849396,0.2081036948,0.0119810468
2.44816,-1.463314,-7.02455,3.034636,-0.0901207145,0.3113335347,-0.0007896551
2.449177,-2.1262,-7.491448,1.934629,-0.0390379071,0.1240299077,-0.0007896551
2.450226,-1.734713,-11.810853,3.531801,0.0290725027,-0.2261001679,0.0396509008
2.451275,-1.451305,-10.769312,0.712132,0.0173660261,-0.3878623912,0.0556142781
2.452324,0.162679,-13.357602,-0.097262,0.0141733506,-0.4868353305,0.0534858278
2.453343,2.288239,-13.539573,-4.672619,-0.0017900267,-0.3186877562,0.034329775
2.45439,1.699807,-7.005396,-4.718252,-0.0667077611,0.0325065445,-0.0050465557
2.455439,-1.110255,-3.263029,2.734416,-0.0709646617,0.1580851126,-0.0305879594
2.456488,-1.773141,-4.740342,1.812139,-0.0230745298,0.056983723,-0.0295237342
2.457537,-1.067023,-9.869036,1.290957,0.00991645,-0.0494387924,-0.0007896551
2.458554,-0.867677,-13.228308,3.452543,0.0397147543,-0.1601182083,0.0577427284
2.459603,-0.502609,-13.855627,0.69532,0.0397147543,-0.3016601538,0.0992475094
2.460652,0.234732,-16.458284,-0.344643,0.0354578537,-0.4080826691,0.0928621585
2.462718,1.483649,-4.93189,-4.44205,-0.0347810065,0.0048366905,-0.0199457078
2.461701,1.673388,-13.585066,-3.956894,0.0269440524,-0.3048528292,0.0460362517
2.463767,-1.367243,-1.244593,2.650354,-0.0677719862,0.1921403175,-0.0603862637
2.464817,-2.601749,-3.064298,2.724809,-0.045423258,0.1474428611,-0.0582578134
2.465865,-1.886024,-8.106796,1.526329,-0.0252029801,0.0261211936,-0.0284595091
2.466883,-1.528161,-13.611403,3.041841,-0.0017900267,-0.116484977,0.0385866756
2.467931,-0.79082,-17.284334,1.915415,0.0216229267,-0.2782472004,0.1152108867
2.468981,0.083421,-18.866999,0.875452,0.0461001052,-0.420853371,0.1386238401
2.470029,0.907226,-13.113379,-2.306883,0.051421231,-0.4378809734,0.0875410327
2.471078,1.428408,-3.557534,-3.020206,0.0056595494,-0.2378066446,-0.0018538802
2.472095,-0.260031,-0.423331,0.632874,-0.0539370592,0.0420845709,-0.0731569655
2.473145,-2.203056,-2.911059,2.133975,-0.0805426881,0.1442501856,-0.0912487931
2.474194,-1.970085,-7.592011,1.901004,-0.0571297347,0.0410203457,-0.0699642901
2.475242,-0.372914,-17.437572,1.480696,-0.0092396028,-0.2995317035,0.0843483572
2.47626,0.285169,-20.064173,0.743355,0.0258798273,-0.4389451986,0.1545872174
2.477308,1.293909,-13.90112,-1.937012,0.0620634825,-0.4144680201,0.1524587671
2.478357,1.779065,-4.797806,-3.995322,0.023751377,-0.1696962347,0.0705134302
2.479407,-0.142344,-1.002764,-0.505561,-0.0581939599,0.0974242788,-0.0380375354
2.480424,-1.806766,-0.897412,2.239653,-0.0890564893,0.1495713114,-0.1135975214
2.481473,-1.444099,-5.501745,0.971522,-0.0571297347,0.0239927432,-0.1295608987
2.482522,-1.223137,-13.518024,1.293359,-0.0145607286,-0.136705255,-0.0635789391
2.483571,-0.874882,-19.520656,1.394233,0.023751377,-0.3037886041,0.0726418805
2.48462,0.102635,-20.004314,0.743355,0.0801553101,-0.4261744968,0.1939635481
2.485637,1.406792,-12.931408,-1.533516,0.1099536144,-0.3772201397,0.214183826
2.486686,1.666183,-4.63499,-4.149035,0.0343936285,-0.109035401,0.1141466615
2.487735,-0.639509,-1.414592,0.10929,-0.0858638138,0.1623420132,-0.0284595091
2.488784,-2.087772,-1.225438,3.406909,-0.1124694427,0.2006541188,-0.1221113226
2.489802,-1.287985,-4.936678,0.906675,-0.0677719862,0.0761397758,-0.1497811766
2.490851,-1.129469,-13.065492,0.85864,-0.0369094568,-0.0941362488,-0.0944414686
2.4919,-1.064621,-20.3491,1.583972,0.0003384236,-0.2995317035,0.0471004769
2.492949,-0.442565,-20.487973,1.653623,0.072705734,-0.4708719532,0.1918350977
2.493968,0.311589,-13.003239,0.524795,0.1312381175,-0.5017344827,0.2397252297
2.495015,1.394783,-5.109071,-3.863225,0.0876048862,-0.2899536771,0.1460734161
2.496064,0.482114,-1.062622,-2.328499,-0.0518086089,0.0633690739,-0.0231383833
2.497113,-1.350431,-0.260516,3.205161,-0.1358823961,0.2261955224,-0.1433958257
2.498162,-1.189513,-4.709215,1.658426,-0.1050198666,0.1357363844,-0.1763868054
2.499179,-0.874882,-13.819712,0.229378,-0.0550012844,-0.0409249911,-0.117854422
2.500228,-0.853266,-20.698675,1.266939,-0.0049827022,-0.2335497439,0.0258159738
2.501277,-0.063086,-12.445356,1.396634,0.1450730445,-0.4772573041,0.2514317064
2.502326,1.303516,-5.801038,-3.517371,0.1025040383,-0.324008882,0.1833212965
2.503343,1.60854,-1.337972,-3.935278,-0.0603224102,0.0495341469,0.020494848
2.504392,-0.432958,0.23272,2.575899,-0.1656807004,0.2836636807,-0.1135975214
2.505441,-1.299994,-4.395556,1.999477,-0.1348181709,0.2144890457,-0.159359203
2.50649,-0.999773,-13.841261,0.15012,-0.0699004365,0.0325065445,-0.1104048459
2.507507,-0.982961,-21.026701,1.408643,0.0003384236,-0.1622466586,0.0247517486
2.508556,-0.745187,-20.133609,1.574365,0.0907975617,-0.351678736,0.172679045
2.509605,-1.018988,-13.592249,2.201225,0.1610364218,-0.4825784299,0.2365325542
2.510654,0.239536,-5.920756,-2.270857,0.1216600911,-0.4080826691,0.1684221444
2.511703,2.062473,0.448212,-4.050562,-0.0220103046,-0.0547599181,0.0130452719
2.512721,0.215518,0.28779,1.992271,-0.1103409924,0.2623791777,-0.1093406207
2.513769,-1.54017,-5.942305,1.543142,-0.1071483169,0.264507628,-0.1348820244
2.514818,-1.033398,-13.38394,-0.05403,-0.0741573372,0.0644332991,-0.0848634422
2.515867,-0.769204,-19.252489,1.394233,-0.0220103046,-0.1547970826,0.0279444241
2.516884,-0.910908,-19.829527,1.533535,0.0471643304,-0.3346511335,0.1577798928
2.517933,-1.641044,-14.889986,3.111492,0.1216600911,-0.4698077281,0.221633402
2.518982,-0.786017,-6.23681,-0.861022,0.106760939,-0.4612939268,0.1609725683
2.520031,1.51247,1.379613,-3.601433,-0.0230745298,-0.1888522875,0.0098525965
2.521048,0.964868,0.570323,0.666499,-0.1177905685,0.1634062384,-0.104019495
2.522097,-0.939729,-6.835397,0.323047,-0.1316254955,0.278342555,-0.1157259717
2.523146,-1.062219,-14.102245,0.102084,-0.0996987408,0.1219014574,-0.0561293631
2.524195,-0.315271,-17.868555,1.055584,-0.0262672052,-0.1100996261,0.0439078014
2.525215,-0.466582,-18.732915,0.700123,0.0524854561,-0.3080455047,0.1375596149
2.526262,-1.946068,-16.611522,2.854504,0.1195316408,-0.4825784299,0.1748074953
2.527311,-1.501742,-6.976663,0.051647,0.1152747402,-0.5357896876,0.1226604628
2.52836,1.791074,0.895955,-1.728058,-0.0816069132,0.1133876562,-0.0720927404
2.529409,-0.007846,-8.525807,-0.894647,-0.1326897206,0.361352117,-0.0678358397
2.530426,-0.889292,-15.172519,1.302966,-0.0996987408,0.2677003034,-0.007175006
2.531475,-0.336887,-17.523769,1.605588,-0.0017900267,0.0101578162,0.0673207548
2.532524,-0.747588,-17.490248,0.580035,0.0631277077,-0.2420635452,0.1120182112
2.533573,-2.308734,-14.995337,3.399704,0.092926012,-0.4772573041,0.1141466615
2.534592,-1.914845,-6.579201,2.362143,0.1025040383,-0.6017716471,0.0673207548
2.535638,0.611809,1.954257,-1.550328,0.0503570058,-0.4378809734,-0.0103676814
2.536687,1.99042,-0.085728,-3.082652,-0.0486159335,-0.0217689384,-0.0561293631
2.537736,0.633425,-9.042986,-2.508631,-0.1358823961,0.3209115611,-0.0391017606
2.538754,-0.992568,-15.289842,1.394233,-0.1199190188,0.3113335347,0.0215590732
2.539803,-0.800427,-16.932365,2.114761,-0.0145607286,0.0495341469,0.0811556818
2.540852,-0.889292,-16.611522,0.659293,0.0439716549,-0.227164393,0.10350441
2.541901,-1.890827,-13.465348,3.551015,0.0524854561,-0.4538443507,0.0928621585
2.542949,-1.917247,-5.889629,3.296428,0.0780268598,-0.5890009453,0.0492289272
2.543969,-0.252825,-0.464035,-0.05403,0.0748341844,-0.5155694097,-0.0093034563
2.545016,2.302649,-2.966129,-3.346846,0.0056595494,-0.1877880623,-0.0327164097
2.546065,2.410729,-9.143549,-5.258649,-0.1050198666,0.2410946746,-0.0167530324
2.547114,-0.130336,-14.140554,0.085272,-0.1348181709,0.3954073219,0.0258159738
2.548131,-1.360038,-15.82857,2.482231,-0.0486159335,0.1857549666,0.0790272315
2.54918,-1.249557,-13.977739,0.339859,0.0120449003,-0.0930720237,0.1003117345
2.550229,-1.75873,-11.578601,3.332455,0.0461001052,-0.3176235311,0.0864768075
2.551278,-2.145414,-7.532152,3.097082,0.0758984095,-0.483642655,0.0471004769
2.552295,-1.038202,-3.622181,0.935496,0.0705772837,-0.5123767342,0.0002745701
2.553344,1.71662,-5.530477,-1.310152,0.0524854561,-0.3176235311,-0.0103676814
2.554393,0.727094,-12.07902,-1.790504,-0.1412035218,0.3890219709,0.0258159738
2.555442,-1.504144,-13.194787,3.757566,-0.0773500126,0.2496084758,0.0577427284
2.556491,-1.631437,-12.670424,1.151655,-0.0017900267,-0.0270900641,0.0737061057
2.557508,-1.910041,-12.146062,3.577434,0.0205587015,-0.2346139691,0.075834556
2.558557,-2.251092,-8.576088,3.433329,0.0482285555,-0.4123395698,0.0630638542
2.559606,-1.316806,-4.345274,0.889862,0.051421231,-0.5187620851,0.0268801989
2.560655,1.229062,-7.941586,-0.659274,0.0439716549,-0.4421378741,0.006659921
2.561672,3.333005,-11.894655,-6.224157,-0.0166891789,-0.074980196,0.0141094971
2.562721,1.488452,-10.146781,-3.087456,-0.0933133899,0.2974986077,0.0183663977
2.56377,-1.619428,-9.725376,3.279616,-0.0613866353,0.2794067801,0.0290086492
2.564819,-1.857203,-11.08776,2.076333,0.0056595494,0.056983723,0.0502931523
2.565838,-1.448903,-10.991986,3.181144,0.0439716549,-0.1207418777,0.0705134302
2.566885,-1.974889,-8.793974,2.748826,0.0546139064,-0.3016601538,0.0705134302
2.567934,-1.554581,-8.152289,0.620865,0.0248156021,-0.4634223771,0.0534858278
2.568983,0.98168,-12.02395,-0.64006,0.0131091254,-0.4421378741,0.0471004769
2.570032,3.03999,-12.404652,-6.015204,-0.0283956555,-0.1069069507,0.0385866756
2.571049,1.070546,-7.472294,-2.818458,-0.0943776151,0.2442873501,0.0141094971
2.572098,-1.835587,-5.666955,3.454944,-0.0720288868,0.236837774,0.0045314707
2.573147,-1.910041,-8.31271,1.86738,-0.0166891789,0.0516625972,0.0236875235
2.574196,-1.453707,-11.873106,3.315642,0.0258798273,-0.0898793482,0.0609354038
2.575216,-1.465715,-11.391842,2.763237,0.0471643304,-0.2420635452,0.0907337082
2.576262,-0.949336,-10.450863,0.061255,0.0184302512,-0.4229818213,0.0875410327
2.577311,0.441284,-15.220406,-0.805782,0.0131091254,-0.4964133569,0.0662565296
2.57836,2.151338,-13.635347,-5.361924,-0.0028542519,-0.2590911476,0.0353940002
2.579377,0.998493,-4.431471,-3.082652,-0.0581939599,0.0963600537,-0.0124961318
2.580426,-2.229476,-6.339767,2.186814,-0.0071111525,0.0761397758,0.0002745701
2.581475,-1.360038,-10.144387,2.121966,0.0184302512,-0.0313469647,0.0534858278
2.582524,-0.944533,-11.772544,2.960181,0.0269440524,-0.1728889102,0.1056328603
2.583541,-0.601081,-15.474207,0.969121,0.0163018009,-0.3452933851,0.1322384891
2.584593,0.117046,-19.314742,-0.123681,0.0226871518,-0.4549085759,0.1215962376
2.585639,1.632558,-11.700713,-4.076982,0.0141733506,-0.3484860605,0.0630638542
2.586688,1.507666,-0.895018,-3.555799,-0.0539370592,-0.0739159709,-0.0220741581
2.587737,-1.086237,-0.892624,2.698389,-0.0847995887,0.0931673782,-0.0561293631
2.588754,-2.354367,-5.848925,2.580703,-0.0507443838,0.0750755506,-0.0252668336
2.589803,-1.763534,-10.106077,1.740086,-0.0156249537,-0.0217689384,0.0311370995
2.590852,-0.915712,-13.592249,2.501445,0.0067237745,-0.1537328574,0.0981832842
2.591901,0.0546,-16.985041,0.957112,0.0184302512,-0.3112381802,0.1556514425
2.592918,0.739102,-18.730521,-0.945084,0.0354578537,-0.4229818213,0.1567156677
2.593969,1.64937,-12.433384,-3.807984,0.0322651782,-0.3367795838,0.0949906088
2.595016,1.495657,-2.199938,-2.676754,-0.0209460795,-0.0419892163,0.006659921
2.596065,-0.91331,0.795392,1.869781,-0.0624508605,0.1900118672,-0.0497440121
2.597084,-2.397599,-3.868799,2.448606,-0.0571297347,0.1825622911,-0.0540009127
2.598131,-1.950871,-9.706221,1.300564,-0.0305241059,0.0314423193,-0.0135603569
2.59918,-1.218334,-13.10859,1.696855,-0.0113680531,-0.1569255329,0.0545500529
2.600229,-0.461779,-17.370531,1.740086,0.0035310991,-0.3399722593,0.131174264
2.601278,0.126653,-21.08656,0.779381,0.0429074297,-0.4527801256,0.1822570714
2.602295,1.274695,-14.08309,-2.489417,0.0599350322,-0.3708347888,0.1599083431
2.603344,1.793476,-1.51276,-4.016938,-0.0092396028,-0.0707232954,0.0566785032
2.604393,-0.517019,2.51214,1.33659,-0.0837353635,0.1910760924,-0.0476155618
2.605442,-2.351966,-1.91501,3.164331,-0.0879922642,0.1878834169,-0.0859276674
2.606461,-1.924452,-9.280027,0.548812,-0.0613866353,0.0250569684,-0.0614504888
2.607508,-0.432958,-19.008265,1.396634,-0.0028542519,-0.365513663,0.1407522904
2.608557,0.17709,-19.90854,0.404707,0.0386505291,-0.5059913833,0.2109911505
2.609605,0.801548,-13.271406,-0.9667,0.0758984095,-0.4740646287,0.1918350977
2.610623,1.392382,-3.064298,-3.716717,0.0333294034,-0.2016229893,0.0917979333
2.611672,-0.051077,1.621443,-0.351849,-0.0688362114,0.1378648347,-0.0273952839
2.612722,-1.638642,-0.351501,2.554284,-0.1124694427,0.2421588997,-0.0965699189
2.61377,-1.59541,-7.489054,0.894666,-0.0847995887,0.1048738549,-0.097634144
2.614819,-1.196718,-15.593924,1.072396,-0.0464874832,-0.0920077985,-0.0178172575
2.615838,-0.562653,-20.408959,1.084405,-0.0049827022,-0.2942105777,0.117339337
2.616885,-0.236013,-19.635584,1.0772,0.0546139064,-0.4666150526,0.2237618524
2.617934,-0.015051,-12.821268,-0.121279,0.1035682635,-0.5081198336,0.2258903027
2.618983,0.90002,-4.670906,-3.541389,0.0482285555,-0.3037886041,0.1162751118
2.62,0.455694,0.558352,-1.502293,-0.0837353635,0.0516625972,-0.0242026084
2.621049,-1.067023,0.702013,2.527864,-0.1326897206,0.2464158004,-0.1135975214
2.622098,-1.352833,-5.927939,1.298162,-0.0986345157,0.1836265163,-0.1263682232
2.623147,-1.033398,-15.617868,0.779381,-0.0613866353,0.0069651408,-0.0508082373
2.624164,-0.512216,-20.895012,1.451875,-0.0071111525,-0.1963018636,0.0928621585
2.625215,-0.240817,-18.589254,1.252529,0.0641919328,-0.3889266164,0.2226976272
2.626262,-0.425752,-12.498031,1.218904,0.1099536144,-0.4996060324,0.2535601567
2.627311,0.921636,-6.524131,-2.974573,0.0620634825,-0.3676421133,0.1609725683
2.62836,1.64937,-0.765723,-3.000992,-0.0635150856,-0.0004844353,0.0034672456
2.629377,-0.413744,1.137784,2.844897,-0.1337539458,0.2538653764,-0.1093406207
2.630426,-1.581,-4.584709,1.516722,-0.114597893,0.2144890457,-0.1370104747
2.631475,-1.319208,-14.679283,0.188548,-0.073093112,0.0335707696,-0.0742211907
2.632524,-0.617893,-19.036997,1.360608,0.058870807,-0.3495502857,0.2205691769
2.633541,-0.692348,-12.313666,2.009084,0.1131462899,-0.4772573041,0.2705877591
2.634592,0.643032,-6.100332,-2.472605,0.0684488334,-0.4059542188,0.1854497468
2.635638,2.225793,-0.507133,-3.65187,-0.0720288868,-0.061145269,0.0268801989
2.636687,0.410061,0.417085,2.114761,-0.142267747,0.2410946746,-0.0891203428
2.637704,-1.369645,-5.688504,0.839425,-0.1252401445,0.2474800255,-0.1135975214
2.638753,-1.112656,-14.794212,0.02763,-0.0858638138,0.0612406236,-0.0550651379
2.639802,-0.740383,-20.191073,1.406241,-0.0166891789,-0.1547970826,0.0694492051
2.640851,-0.77641,-18.87897,0.923487,0.0631277077,-0.3410364845,0.1928993229
2.6419,-1.532965,-13.529996,2.664765,0.1259169917,-0.483642655,0.2375967794
2.642918,-0.442565,-5.66456,-1.564738,0.0950544623,-0.4549085759,0.1673579192
2.643969,1.769458,0.955814,-3.74794,-0.0347810065,-0.1420263807,0.0247517486
2.645015,0.671853,0.014835,1.017156,-0.1263043697,0.2038467942,-0.0774138661
2.646064,-1.249557,-6.895256,0.479161,-0.1369466212,0.2708929789,-0.0891203428
2.647081,-1.059818,-14.198019,0.037237,-0.0996987408,0.0921031531,-0.0295237342
2.64813,-0.382521,-18.704183,0.95471,-0.0273314304,-0.1335125795,0.0737061057
2.649179,-0.867677,-19.312347,1.312573,0.0524854561,-0.3346511335,0.1694863695
2.650228,-2.270306,-15.395193,3.270009,0.1078251641,-0.5123767342,0.2067342499
2.651245,-1.352833,-4.72837,0.522393,0.0918617868,-0.5474961643,0.1535229922
2.652294,1.478845,3.587203,-2.957761,-0.0017900267,-0.2920821274,0.0332655499
2.653345,1.795878,-1.352338,-1.93461,-0.1060840918,0.126158358,-0.0508082373
2.654392,-0.046274,-9.916923,-0.628051,-0.1624880249,0.3528383157,-0.0476155618
2.655409,-0.769204,-14.363229,0.981129,-0.1316254955,0.2442873501,0.0034672456
2.65646,-0.36811,-17.734472,1.802532,-0.0283956555,-0.0036771108,0.0705134302
2.657507,-1.052612,-18.469537,1.528731,0.0524854561,-0.2292928433,0.131174264
2.658556,-2.30393,-13.759853,3.137912,0.0876048862,-0.4517159004,0.1503303168
2.659605,0.652639,2.011721,-1.682425,0.0492927807,-0.4634223771,0.0109168216
2.660622,2.485183,-3.05472,-3.435711,-0.0496801586,-0.0526314678,-0.0242026084
2.661671,1.464434,-10.170724,-2.972171,-0.1454604225,0.3347464881,-0.0029181054
2.66272,-0.70916,-14.925901,0.993138,-0.1369466212,0.3496456403,0.0417793511
2.663769,-1.13187,-17.018561,2.29009,-0.0347810065,0.0750755506,0.0875410327
2.664786,-1.324011,-15.589135,0.616062,0.023751377,-0.2037514396,0.10350441
2.665837,-2.183842,-12.62972,3.531801,0.0471643304,-0.4240460464,0.0949906088
2.666884,-2.205458,-6.155402,3.358874,0.0801553101,-0.5570741907,0.0588069535
2.667933,-0.476189,-0.61009,-0.33984,0.0737699592,-0.5059913833,0.0045314707
2.66895,2.26182,-3.246268,-3.54379,0.0014026488,-0.2090725654,-0.0146245821
2.669999,2.482782,-9.471575,-5.558869,-0.1156621181,0.2038467942,0.0034672456
2.671048,-0.115925,-14.425482,0.279815,-0.1475888728,0.3570952163,0.0460362517
2.672097,-1.523358,-15.97702,3.236384,-0.0581939599,0.1506355365,0.1024401848
2.673146,-1.705892,-14.224357,1.139646,0.0056595494,-0.1260630034,0.1258531382
2.674163,-2.270306,-11.901838,3.671103,0.0258798273,-0.3452933851,0.1109539861
2.675214,-2.140611,-6.351738,2.95778,0.0450358801,-0.503862933,0.0630638542
2.676261,-0.721169,-1.95332,1.005147,0.0524854561,-0.5187620851,0.0013387952
2.67731,1.762253,-6.397231,-1.732862,0.037586304,-0.3069812795,-0.0135603569
2.678327,2.934313,-12.057471,-6.248175,-0.0507443838,0.1091307555,0.0162379474
2.679376,0.707879,-12.984084,-1.391812,-0.1156621181,0.3762512691,0.048164702
2.680426,-1.566589,-12.181977,2.575899,-0.0613866353,0.2379019991,0.0726418805
2.681474,-1.585803,-11.008746,0.91388,-0.0017900267,-0.0324111899,0.0811556818
2.682492,-1.496938,-10.666355,3.149921,0.0354578537,-0.2282286182,0.0790272315
2.68354,-1.79956,-8.623975,2.602319,0.0641919328,-0.3804128151,0.0683849799
2.684592,-0.949336,-6.193711,0.419117,0.058870807,-0.4634223771,0.0417793511
2.685638,3.092829,-13.055914,-6.156908,-0.0209460795,0.0133504917,0.0268801989
2.686687,0.801548,-9.411716,-1.888976,-0.0986345157,0.3294253623,0.0183663977
2.687704,-1.643446,-6.730045,3.334856,-0.0667077611,0.2698287537,0.0236875235
2.688753,-1.729909,-9.059747,2.254063,0.0120449003,0.0665617494,0.0492289272
2.689802,-1.86681,-12.237047,3.728745,0.0631277077,-0.1111638513,0.0864768075
2.690851,-2.143012,-10.295231,2.597515,0.058870807,-0.3261373323,0.1003117345
2.691869,-1.119862,-8.537779,0.640079,0.0184302512,-0.51769786,0.0737061057
2.692918,1.265088,-13.886753,-0.85862,0.0184302512,-0.5123767342,0.0502931523
2.693969,2.881474,-13.788585,-5.664546,-0.0103038279,-0.1760815856,0.034329775
2.695015,0.727094,-5.638222,-1.735264,-0.0667077611,0.1868191918,0.0087883713
2.696033,-2.138209,-3.468943,3.781584,-0.0411663574,0.2059752445,0.0013387952
2.697082,-2.025326,-7.450744,1.898603,0.0077879997,0.0644332991,0.0300728744
2.698131,-1.299994,-10.606496,2.811272,0.0386505291,-0.0547599181,0.075834556
2.699179,-1.225539,-11.320012,2.321313,0.0397147543,-0.2165221415,0.1077613106
2.700229,-0.894096,-14.207596,0.469554,0.0024668739,-0.4027615434,0.1109539861
2.701245,0.453293,-17.674613,-0.483945,0.0109806751,-0.476193079,0.0907337082
2.702295,2.05767,-11.686347,-5.371531,0.0024668739,-0.2739902998,0.0385866756
2.703345,0.753513,-2.822469,-2.669549,-0.0550012844,0.0463414715,-0.0199457078
2.704393,-1.910041,-1.644449,3.59905,-0.0475517083,0.1559566623,-0.0295237342
2.70541,-2.193449,-5.212028,1.423054,-0.0092396028,0.0782682261,-0.0029181054
2.706461,-1.472921,-10.204245,1.71847,0.0067237745,-0.0451818917,0.0407151259
2.707508,-0.966149,-13.79098,2.741621,0.023751377,-0.1909807378,0.1066970855
2.708557,-0.211995,-16.80307,0.65449,0.0343936285,-0.3474218354,0.1524587671
2.709574,0.835173,-18.019399,-1.019538,0.0492927807,-0.4378809734,0.1386238401
2.710623,1.99042,-10.810015,-4.744672,0.0280082776,-0.3186877562,0.0694492051
2.711672,-1.705892,-1.438535,3.142715,-0.0443590329,0.1144518813,-0.0433586612
2.712721,-2.354367,-4.026826,1.713667,-0.031588331,0.0899747028,-0.0380375354
2.713738,-1.655455,-8.980733,1.838559,-0.0017900267,-0.0270900641,-0.0039823305
2.714787,-1.112656,-13.427039,2.090744,0.0269440524,-0.1835311617,0.0651923045
2.715838,-0.274441,-17.547712,1.360608,0.0386505291,-0.3421007096,0.145009191
2.716885,0.772727,-19.750513,-0.202939,0.0684488334,-0.4219175961,0.186513972
2.717933,1.985617,-12.39268,-4.276328,0.0620634825,-0.2856967765,0.1482018664
2.718951,1.255481,-2.525569,-2.784834,-0.0049827022,0.0048366905,0.048164702
2.72,-1.489733,0.117792,2.201225,-0.0571297347,0.1655346887,-0.0433586612
2.721049,-2.229476,-1.958109,2.203626,-0.0603224102,0.112323431,-0.090184568
2.722098,-1.508947,-7.900882,1.233314,-0.0273314304,-0.0249616138,-0.0784780913
2.723115,-1.21353,-15.196462,2.078735,0.00991645,-0.1792742611,0.0109168216
2.724163,-0.432958,-19.391361,1.680042,0.0429074297,-0.3484860605,0.1418165155
2.725214,0.458096,-19.111222,0.121299,0.0897333365,-0.4612939268,0.2258903027
2.726261,1.586924,-12.538735,-2.849681,0.1056967138,-0.3687063385,0.2056700247
2.727279,1.67579,-3.31331,-3.836805,0.0333294034,-0.0558241433,0.0928621585
2.728327,-0.77641,0.848068,0.91388,-0.0635150856,0.1942687678,-0.0337806348
2.729377,-2.080566,-1.203889,3.185947,-0.0773500126,0.1793696157,-0.1050837201
2.730426,-1.434492,-7.429195,0.570428,-0.0369094568,0.0176073923,-0.1061479453
2.731474,-1.309601,-15.012097,0.947505,-0.0060469273,-0.1728889102,-0.0295237342
2.732492,-0.855668,-20.191073,1.689649,0.0354578537,-0.3750916894,0.1077613106
2.733541,-0.219201,-20.107271,1.310171,0.1014398132,-0.5134409594,0.2269545278
2.734592,0.755915,-12.459722,-0.541588,0.1408161439,-0.4676792777,0.2439821303
2.735639,1.711816,-2.925426,-4.550129,0.0663203831,-0.1750173605,0.1290458137
2.736656,-0.051077,0.747505,-0.719318,-0.0784142378,0.1644704635,-0.0263310588
2.737704,-1.806766,-0.727413,3.808003,-0.1220474691,0.2559938267,-0.1125332962
2.738753,-1.09104,-16.091949,0.772176,-0.0379736819,-0.0803013218,-0.0454871115
2.739802,-0.841257,-22.041905,1.713667,0.0184302512,-0.2846325513,0.1066970855
2.741869,-0.031863,-10.690298,0.294225,0.1535868457,-0.4825784299,0.2514317064
2.74082,-0.365708,-19.2477,1.317376,0.1035682635,-0.4432020992,0.2365325542
2.742918,0.998493,-3.363591,-3.565406,0.0939902371,-0.2899536771,0.1343669395
2.743969,0.484516,-0.713047,-1.605568,-0.0379736819,0.0623048488,-0.0263310588
2.745015,-1.045407,-1.175157,2.525462,-0.1060840918,0.2517369261,-0.125303998
2.746032,-1.093442,-5.889629,0.77698,-0.0826711384,0.1740484899,-0.1444600508
2.747081,-0.968551,-14.851676,0.527196,-0.0337167813,-0.0228331635,-0.0774138661
2.74813,-0.802829,-21.012335,1.19969,0.0258798273,-0.2218432673,0.0673207548
2.74918,-0.497805,-18.689817,2.069128,0.0982471377,-0.3772201397,0.2163122763
2.750196,-0.276843,-11.485222,1.665632,0.1503941703,-0.4517159004,0.2727162094
2.751246,1.43081,-5.523294,-3.827198,0.0961186874,-0.3080455047,0.186513972
2.752294,2.009635,-1.196706,-2.816057,-0.0443590329,0.0527268224,0.0215590732
2.753346,-0.209594,0.268636,2.7128,-0.1199190188,0.2836636807,-0.1008268195
2.754361,-1.266369,-4.970199,0.865845,-0.1018271912,0.2081036948,-0.1380746999
2.75541,-1.103049,-15.713641,-0.171716,-0.0539370592,-0.0089982365,-0.0795423164
2.756461,-1.081433,-22.125707,1.387027,0.0216229267,-0.2239717176,0.0705134302
2.757508,-0.814838,-18.148694,1.600784,0.1088893893,-0.3857339409,0.2173765014
2.758557,-0.901301,-10.896212,2.177207,0.1652933224,-0.4772573041,0.2652666333
2.759574,0.525345,-5.178508,-2.292472,0.120595866,-0.3708347888,0.1811928462
2.760623,2.060072,-0.650794,-3.582219,-0.0113680531,-0.0111266868,0.0215590732
2.761672,0.241938,-0.734597,1.797729,-0.0922491648,0.2900490317,-0.0912487931
2.763738,-1.033398,-14.57872,-0.238966,-0.0603224102,0.0697544249,-0.0582578134
2.762721,-1.369645,-6.220049,0.976326,-0.0943776151,0.2804710053,-0.1135975214
2.764786,-0.975756,-19.166292,1.816943,0.0918617868,-0.3303942329,0.1971562235
2.765838,-1.857203,-12.696762,2.974592,0.1525226206,-0.476193079,0.2450463554
2.766884,-0.956542,-4.204008,-0.933075,0.1216600911,-0.4730004035,0.1673579192
2.767902,1.534086,1.472993,-3.603835,0.0120449003,-0.1931091881,0.0215590732
2.768951,1.346748,-0.799244,-0.957093,-0.0826711384,0.1857549666,-0.0731569655
2.769999,-0.634706,-8.192992,-0.311019,-0.1209832439,0.3241042366,-0.0752854158
2.771048,-1.129469,-15.507727,1.098816,-0.0826711384,0.1634062384,-0.0103676814
2.772098,-0.610688,-19.295587,1.756899,0.0131091254,-0.0803013218,0.0875410327
2.773115,-1.182307,-19.015448,1.40384,0.092926012,-0.2920821274,0.1662936941
2.774163,-2.325546,-13.668868,2.964985,0.1323023427,-0.4910922311,0.1780001708
2.775214,-1.396064,-2.791342,0.918684,0.1216600911,-0.573037568,0.10350441
2.776261,1.068144,2.852138,-1.982645,0.0492927807,-0.3697705636,-0.0029181054
2.777279,2.110509,-2.884722,-2.748807,-0.0507443838,0.0548552727,-0.0465513367
2.778328,0.839976,-10.503539,-2.021073,-0.1199190188,0.3453887396,-0.021009933
2.779376,-0.538635,-14.894774,1.178074,-0.0933133899,0.271957204,0.034329775
2.780425,-0.589072,-17.102364,1.598382,0.0045953242,0.0048366905,0.0960548339
2.781442,-1.244753,-17.114335,1.516722,0.0758984095,-0.2452562206,0.1354311646
2.782491,-2.450438,-13.637741,3.608657,0.1056967138,-0.4698077281,0.1322384891
2.78354,-1.883622,-4.431471,2.177207,0.1088893893,-0.5964505213,0.0715776554
2.784592,0.448489,1.712428,-0.990717,0.0769626347,-0.4740646287,-0.0103676814
2.785606,2.465969,-3.301338,-4.199472,-0.0092396028,-0.0792370967,-0.0369733103
2.786656,1.452426,-11.118886,-3.827198,-0.1050198666,0.3102693096,-0.0039823305
2.787705,-0.978158,-15.0959,1.852969,-0.0933133899,0.327296912,0.0545500529
2.788753,-1.307199,-15.950682,2.08594,0.0014026488,0.0516625972,0.1056328603
2.789803,-1.196718,-14.708015,1.113226,0.051421231,-0.2080083403,0.1205320125
2.79082,-1.883622,-5.645406,2.583105,0.0907975617,-0.5464319391,0.0630638542
2.791869,-0.291254,-1.553464,0.54641,0.079091085,-0.5134409594,0.0055956959
2.792918,2.384309,-5.391605,-2.991385,0.0322651782,-0.2282286182,-0.007175006
2.79397,2.619682,-11.652826,-6.003195,-0.0699004365,0.2176817212,0.0194306229
2.794984,-0.27204,-14.284215,0.27261,-0.1071483169,0.4092422489,0.0577427284
2.796033,-1.797159,-12.77817,2.244456,-0.0390379071,0.2017183439,0.0917979333
2.797082,-1.463314,-11.185928,0.77698,0.0226871518,-0.0771086464,0.0981832842
2.798131,-1.849997,-11.956908,4.019359,0.0758984095,-0.2793114255,0.0907337082
2.800197,-0.704357,-4.493724,0.798596,0.0844122107,-0.4719361784,0.0268801989
2.799149,-2.152619,-8.944818,2.369348,0.100375588,-0.4293671722,0.0651923045
2.801246,2.091294,-7.287929,-2.047493,0.0684488334,-0.296339028,0.0130452719
2.802296,3.011169,-11.602545,-7.160844,-0.0273314304,0.1219014574,0.0215590732
2.803346,0.506131,-10.850719,-1.005128,-0.1071483169,0.3890219709,0.0364582253
2.804361,-1.54017,-9.349463,3.42132,-0.0422305825,0.2496084758,0.0577427284
2.80541,-1.648249,-11.255364,1.564758,0.0418432046,0.0005797899,0.0768987812
2.806462,-2.131003,-13.271406,3.908877,0.079091085,-0.1963018636,0.0939263836
2.807508,-2.287118,-9.042986,2.227644,0.079091085,-0.3995688679,0.0854125824
2.808526,-0.968551,-5.38921,0.6689,0.0631277077,-0.5496246146,0.0492289272
2.809575,1.507666,-10.731002,-1.214081,0.0567423567,-0.4708719532,0.0375224505
2.810624,3.03999,-13.120562,-6.159309,-0.0092396028,-0.06753062,0.0449720265
2.811673,0.775129,-7.687785,-1.067574,-0.0784142378,0.2889848065,0.0375224505
2.81269,-1.900434,-6.318217,3.430927,-0.0411663574,0.2389662243,0.0332655499
2.813739,-1.653053,-10.04143,2.215635,0.0226871518,0.0420845709,0.0524216026
2.814788,-1.427287,-12.18916,3.839226,0.0631277077,-0.1122280764,0.0822199069
2.815839,-1.713097,-10.094105,2.009084,0.058870807,-0.2974032532,0.0917979333
2.816886,1.034519,-14.166892,-1.502293,0.0226871518,-0.4644866023,0.0705134302
2.817903,2.540424,-13.16366,-6.144899,-0.0124322782,-0.1324483543,0.0566785032
2.818953,0.575782,-5.030058,-1.310152,-0.0603224102,0.2049110194,0.0279444241
2.820001,-1.967684,-2.00839,3.368481,-0.0294598807,0.1995898936,0.0130452719
2.821051,-1.804364,-6.698919,1.269341,0.0141733506,0.0548552727,0.0290086492
2.822068,-1.119862,-12.838029,3.286821,0.0503570058,-0.0632737194,0.0800914566
2.823117,-0.774008,-13.443799,2.883325,0.065256158,-0.2026872145,0.131174264
2.824166,-0.562653,-13.455771,0.087674,0.037586304,-0.365513663,0.1375596149
2.825217,0.527747,-16.69293,-1.600765,0.0365220788,-0.4400094237,0.10350441
2.826232,2.088893,-11.691136,-5.62852,0.0152375758,-0.2324855188,0.0492289272
2.827281,0.592595,-1.766561,-1.391812,-0.0411663574,0.0782682261,-0.0093034563
2.82833,-2.186244,-0.459246,3.738352,-0.0358452316,0.1602135629,-0.0284595091
2.829378,-2.510482,-6.172162,1.545544,-0.0017900267,0.0803966764,0.0013387952
2.830428,-1.833185,-11.286491,2.491838,0.0205587015,-0.0409249911,0.0630638542
2.831444,-1.026193,-13.10859,2.040307,0.0343936285,-0.2101367906,0.1301100388
2.832494,-0.101514,-16.58279,0.656892,0.0386505291,-0.3846697158,0.1662936941
2.833542,0.277964,-19.075307,-0.13569,0.0631277077,-0.490028006,0.1535229922
2.834594,1.332338,-11.322406,-4.300346,0.0524854561,-0.393183517,0.0864768075
2.835609,1.51247,-1.460084,-2.926538,-0.0145607286,-0.0962646991,-0.0007896551
2.836657,-0.903703,-0.260516,1.776113,-0.0603224102,0.1431859605,-0.0476155618
2.837706,-2.424018,-4.431471,2.306902,-0.0571297347,0.1548924371,-0.0391017606
2.838755,-1.878818,-9.306365,1.884192,-0.0198818543,0.0250569684,0.0002745701
2.839772,-1.095844,-13.755064,1.891397,0.0120449003,-0.1409621556,0.0726418805
2.840821,-0.28645,-18.402495,1.82655,0.0333294034,-0.3154950808,0.1609725683
2.841871,0.21792,-19.494318,0.371082,0.0769626347,-0.4474589998,0.2077984751
2.842919,1.762253,-2.300501,-3.632656,0.0290725027,-0.122870328,0.0705134302
2.843936,-0.365708,1.173699,0.945103,-0.0475517083,0.1336079341,-0.0252668336
2.844985,-1.970085,-2.207121,2.604721,-0.0667077611,0.1453144108,-0.0678358397
2.846035,-1.542572,-9.464392,1.146851,-0.0294598807,0.0069651408,-0.0465513367
2.847085,-0.973354,-15.311391,1.855371,0.0173660261,-0.1430906059,0.0396509008
2.848132,-0.291254,-19.036997,1.305367,0.0524854561,-0.2995317035,0.1524587671
2.84915,0.285169,-19.89178,0.337457,0.0939902371,-0.4155322452,0.221633402
2.850198,1.315525,-12.124513,-2.222821,0.1056967138,-0.3357153587,0.200348899
2.851247,1.44522,-1.773744,-3.880037,0.0301367279,-0.0334754151,0.0971190591
2.852296,-1.030996,1.003701,1.735283,-0.0539370592,0.2081036948,-0.0135603569
2.853314,-2.210262,-1.450507,2.8497,-0.0603224102,0.1751127151,-0.0742211907
2.854362,-1.408073,-7.489054,-0.306215,-0.0379736819,-0.0004844353,-0.0806065416
2.855411,-1.227941,-16.223638,1.615195,-0.0166891789,-0.1984303139,-0.0018538802
2.856463,-0.637107,-21.682753,1.564758,0.0248156021,-0.3985046428,0.145009191
2.857477,0.037788,-19.252489,1.144449,0.0844122107,-0.5230189857,0.2546243818
2.858526,0.688665,-10.628045,-0.440714,0.1195316408,-0.4730004035,0.2450463554
2.859575,1.279499,-3.53359,-4.149035,0.0556781316,-0.185659612,0.1184035621
2.860624,-0.207192,-0.303614,-0.210145,-0.0741573372,0.1570208875,-0.0337806348
2.861673,-1.544973,-0.387416,3.245991,-0.1188547936,0.2570580519,-0.1199828723
2.86269,-1.290387,-6.586385,0.825015,-0.0752215623,0.1293510335,-0.1263682232
2.863739,-1.201521,-16.094343,0.635276,-0.0347810065,-0.0600810439,-0.0401659857
2.864788,-0.812436,-21.146418,1.24052,0.0194944764,-0.2697333992,0.1184035621
2.865839,-0.461779,-18.167849,1.684846,0.0950544623,-0.4559728011,0.2546243818
2.866854,0.004163,-11.51156,0.414314,0.1397519187,-0.51769786,0.283358461
2.867903,1.709414,-5.130621,-4.036152,0.0748341844,-0.3123024053,0.1758717204
2.868952,-0.598679,0.620605,2.674372,-0.1305612703,0.285792131,-0.104019495
2.870001,-1.285583,-6.722862,1.430259,-0.0911849396,0.1985256684,-0.1221113226
2.871018,-1.064621,-16.838985,0.399903,-0.0422305825,0.0027082402,-0.0433586612
2.872067,-0.932524,-21.804864,1.773711,0.023751377,-0.1963018636,0.1130824364
2.873116,-0.810034,-18.244468,1.850567,0.1056967138,-0.3708347888,0.249303256
2.874165,-0.829248,-11.193111,1.425455,0.1472014948,-0.4687435029,0.2727162094
2.875216,0.938449,-4.697243,-3.181124,0.0801553101,-0.337843809,0.1652294689
2.876231,1.942385,0.211171,-2.669549,-0.0507443838,0.0271854187,0.0034672456
2.87728,-0.315271,-0.495162,2.770442,-0.1124694427,0.2804710053,-0.0965699189
2.878329,-1.602616,-7.216098,0.784185,-0.100762966,0.2304524231,-0.1050837201
2.879378,-1.1727,-15.581952,0.178941,-0.0645793108,0.0186716175,-0.0359090851
2.880395,-0.824445,-20.150369,1.353403,-0.0017900267,-0.2069441151,0.0960548339
2.881444,-0.812436,-17.909259,1.617596,0.0705772837,-0.3857339409,0.2195049517
2.882492,-1.316806,-12.402257,2.782451,0.1269812169,-0.4953491317,0.2610097327
2.883541,0.143465,-5.235972,-2.03068,0.0939902371,-0.4102111194,0.1822570714
2.884558,1.99042,0.730745,-3.286802,-0.0262672052,-0.074980196,0.0332655499
2.885608,0.542158,-0.667555,0.95471,-0.1092767672,0.236837774,-0.0720927404
2.886657,-1.139076,-7.630321,0.128504,-0.1231116942,0.2666360783,-0.0859276674
2.887705,-1.086237,-15.218011,0.323047,-0.0816069132,0.0740113255,-0.0252668336
2.888755,-0.682741,-19.28601,1.252529,-0.003918477,-0.150540182,0.0875410327
2.889771,-1.057416,-18.606015,1.447071,0.0769626347,-0.3367795838,0.1907708726
2.893935,1.519675,-1.869518,-1.384606,-0.1018271912,0.1729842648,-0.0391017606
2.894984,-0.159157,-9.500307,-1.151635,-0.1390750715,0.3592236666,-0.0263310588
2.890821,-2.157423,-13.565911,2.823281,0.1291096672,-0.4985418072,0.2195049517
2.89187,-1.004577,-3.705983,-0.731327,0.0939902371,-0.5059913833,0.1471376413
2.892918,1.555701,2.382845,-2.7392,-0.0103038279,-0.2292928433,0.0258159738
2.896033,-0.305664,-18.175032,1.49991,0.0109806751,-0.0345396402,0.0992475094
2.897082,-1.211129,-18.969956,1.293359,0.0822837604,-0.2644122734,0.1428807407
2.898099,-2.625766,-13.994499,3.514988,0.1088893893,-0.4825784299,0.1396880652
2.899148,-1.561786,-2.585428,1.319778,0.1056967138,-0.573037568,0.0790272315
2.900197,0.988886,2.964672,-2.061903,0.0503570058,-0.3676421133,-0.0018538802
2.901246,1.942385,-3.116973,-3.522175,-0.0539370592,0.0740113255,-0.0252668336
2.902295,0.513337,-10.675932,-2.145965,-0.1305612703,0.3730585936,0.0077241462
2.904361,-0.752392,-17.396869,1.391831,-0.003918477,-0.0356038654,0.1077613106
2.903312,-0.91331,-15.325757,1.7593,-0.0954418402,0.264507628,0.0598711787
2.90541,-0.992568,-15.900401,1.161262,0.0439716549,-0.2835683262,0.1279815885
2.906462,-1.953273,-11.796487,3.952109,0.0769626347,-0.4815142047,0.1184035621
2.907476,-1.862006,-4.699638,2.446204,0.1014398132,-0.5836798195,0.0705134302
2.908525,0.066609,-0.20784,-0.43591,0.0833479856,-0.4878995557,0.0119810468
2.909574,2.650905,-4.081896,-4.072178,0.0088522248,-0.1324483543,-0.0039823305
2.910623,2.314658,-11.068605,-5.414763,-0.0965060654,0.3092050844,0.0183663977
2.91164,-0.6275,-15.577164,1.25493,-0.1050198666,0.4124349243,0.061999629
2.912689,-1.818774,-15.6466,2.53507,-0.0188176292,0.1410575101,0.0992475094
2.913738,-1.506545,-13.09183,0.724141,0.0258798273,-0.1537328574,0.1003117345
2.914787,-1.833185,-10.048613,4.237919,0.0546139064,-0.3538071863,0.0864768075
2.915804,-2.073361,-5.530477,2.832888,0.0876048862,-0.4804499796,0.0609354038
2.916854,-0.805231,-3.911897,1.005147,0.0907975617,-0.490028006,0.0311370995
2.917902,2.223391,-7.50342,-2.388543,0.0631277077,-0.2856967765,0.0247517486
2.918951,3.385844,-10.97762,-7.153639,-0.0443590329,0.1463786359,0.0279444241
2.92,0.400454,-12.732677,-0.445517,-0.1103409924,0.3975357722,0.0417793511
2.921017,-2.131003,-12.615354,3.337258,-0.0496801586,0.2144890457,0.0705134302
2.922066,-2.075763,-10.927339,4.125036,0.0535496813,-0.2739902998,0.0886052578
2.923115,-2.188646,-7.287929,2.297295,0.0663203831,-0.4293671722,0.0630638542
2.924164,-0.980559,-5.877657,0.983531,0.0567423567,-0.503862933,0.0290086492
2.925181,1.743039,-10.053401,-0.906656,0.0599350322,-0.37934859,0.0322013247
2.92623,3.268158,-11.276913,-6.766955,-0.0124322782,0.0027082402,0.0396509008
2.927279,0.758316,-9.761291,-1.091591,-0.0805426881,0.2847279059,0.034329775
2.928328,-1.849997,-9.739742,3.531801,-0.0326525562,0.1878834169,0.0417793511
2.929348,-1.561786,-10.541848,1.156458,0.0226871518,-0.0281542893,0.0577427284
2.930394,-1.415278,-10.97762,3.548613,0.0524854561,-0.1899165126,0.075834556
2.931443,-1.763534,-8.458765,1.987468,0.0641919328,-0.3452933851,0.0800914566
2.932492,-0.826847,-8.087641,0.087674,0.0471643304,-0.4655508274,0.0683849799
2.933541,1.60854,-13.180421,-1.747272,0.0343936285,-0.3910550667,0.0598711787
2.934558,2.960732,-12.94338,-6.365861,-0.0198818543,-0.0185762629,0.0417793511
2.935607,0.294776,-7.060466,-0.92587,-0.0699004365,0.2900490317,0.0173021725
2.936655,-2.332751,-5.032452,3.654291,-0.0305241059,0.2304524231,0.0119810468
2.937704,-1.943666,-7.929614,1.509517,0.0248156021,0.0516625972,0.0290086492
2.938723,-1.523358,-11.808459,3.541408,0.0609992574,-0.088815123,0.0694492051
2.939771,-1.40327,-11.248181,2.688782,0.0684488334,-0.2527057967,0.1056328603
2.94082,-0.69475,-11.43494,0.375885,0.0407789794,-0.4272387219,0.1066970855
2.941868,0.921636,-15.965048,-1.663211,0.0407789794,-0.4687435029,0.0854125824
2.942885,2.482782,-12.256202,-5.868696,0.0248156021,-0.2026872145,0.0492289272
2.943935,0.739102,-3.081058,-1.264518,-0.0166891789,0.1250941328,0.0045314707
2.944983,-2.087772,-1.718674,3.551015,-0.0103038279,0.1751127151,-0.0114319066
2.946032,-2.140611,-6.825819,1.36301,0.0173660261,0.0580479482,0.0119810468
2.947081,-1.367243,-12.076626,2.828085,0.0461001052,-0.0654021697,0.0630638542
2.948098,-0.442565,-15.385616,0.325448,0.0397147543,-0.3548714115,0.131174264
2.949147,0.438882,-17.001801,-0.937879,0.0567423567,-0.4304313974,0.1013759597
2.950196,1.610942,-10.07495,-4.852751,0.0450358801,-0.2793114255,0.0417793511
2.951245,0.758316,-2.161628,-2.09793,-0.0145607286,0.0048366905,-0.0178172575
2.952263,-1.775543,-1.244593,2.828085,-0.0283956555,0.1421217353,-0.03484486
2.953312,-2.380787,-4.891186,1.509517,-0.0124322782,0.0835893518,-0.0188814827
2.95436,-1.525759,-10.470018,2.049914,0.0120449003,-0.0494387924,0.0247517486
2.955409,-0.834052,-14.241117,2.225242,0.0439716549,-0.1909807378,0.0960548339
2.956426,-0.233611,-18.507846,0.935496,0.0631277077,-0.3410364845,0.1535229922
2.957475,0.393249,-19.30277,-0.315822,0.0907975617,-0.4336240728,0.158844118
2.958524,1.538889,-9.203408,-4.055366,0.0737699592,-0.3186877562,0.0949906088
2.959573,1.195437,-0.49995,-2.482212,-0.0007258016,-0.0249616138,-0.0007896551
2.960622,-1.367243,-1.079383,2.727211,-0.0422305825,0.1697915893,-0.0508082373
2.961639,-2.335153,-4.429076,2.001878,-0.0358452316,0.1325437089,-0.0529366876
2.962688,-1.429689,-8.853833,1.266939,-0.0060469273,-0.0185762629,-0.0295237342
2.963737,-0.781213,-14.72717,2.3045,0.0163018009,-0.1941734133,0.0407151259
2.964786,-0.166362,-20.119243,1.480696,0.0386505291,-0.3750916894,0.1418165155
2.965803,0.410061,-19.106433,0.697721,0.0897333365,-0.4857711054,0.2014131241
2.966852,1.375569,-10.137204,-2.491819,0.106760939,-0.3889266164,0.1673579192
2.967901,1.406792,-2.312472,-3.18833,0.037586304,-0.0898793482,0.0598711787
2.96895,-0.721169,0.273424,1.382224,-0.0539370592,0.1453144108,-0.0508082373
2.969969,-1.737114,-1.78811,2.054717,-0.0720288868,0.1293510335,-0.1135975214
2.971016,-1.32161,-8.894537,1.127637,-0.0305241059,-0.0270900641,-0.1029552698
2.972065,-1.182307,-16.41758,1.495107,0.0120449003,-0.1984303139,-0.0061107808
2.973114,-0.565055,-20.42572,1.086807,0.0556781316,-0.3676421133,0.1354311646
2.97518,1.52688,-2.54233,-4.072178,0.0333294034,-0.0845582224,0.0928621585
2.974131,0.277964,-18.491086,0.885059,0.1152747402,-0.476193079,0.235468329
2.976229,-0.699553,-0.009109,1.247725,-0.0752215623,0.1783053905,-0.0433586612
2.977277,-1.686677,-1.299663,2.760835,-0.0762857875,0.1921403175,-0.1146617465
2.978326,-1.124665,-8.097219,0.147718,-0.031588331,0.0420845709,-0.117854422
2.979346,-1.21353,-17.198138,1.146851,0.0056595494,-0.1516044071,-0.0305879594
2.980393,-0.918114,-21.321206,1.230913,0.0705772837,-0.3484860605,0.1226604628
2.981442,-0.396931,-18.103201,1.043575,0.1461372696,-0.4847068802,0.2375967794
2.98249,0.563774,-9.890586,-0.649667,0.1706144482,-0.4357525231,0.2365325542
2.983507,1.416399,-3.030777,-4.367595,0.0854764359,-0.1377694801,0.1098897609
2.984557,-0.394529,-0.849525,-0.159708,-0.0581939599,0.1825622911,-0.0508082373
2.985606,-1.746722,-1.369099,3.123501,-0.1028914163,0.2442873501,-0.1433958257
2.986654,-1.018988,-6.734834,0.142914,-0.0539370592,0.0995527292,-0.1582949778
2.987671,-0.975756,-16.293074,0.798596,-0.0028542519,-0.088815123,-0.0774138661
2.988723,-0.879685,-21.467261,1.684846,0.0599350322,-0.2707976243,0.0864768075
2.989769,-0.536233,-17.708134,2.326116,0.1397519187,-0.4123395698,0.2375967794
2.990818,0.083421,-10.01988,0.70973,0.1801924746,-0.4549085759,0.2759088849
2.991867,1.822297,-4.603864,-4.874367,0.1056967138,-0.2495131212,0.1641652438
2.992884,1.452426,-0.847131,-2.189197,-0.0422305825,0.1325437089,-0.0114319066
2.993934,-0.802829,0.007652,2.837692,-0.1060840918,0.3038839587,-0.1284966735
2.994982,-1.312003,-6.861735,0.935496,-0.073093112,0.1783053905,-0.1508454017
2.996031,-1.163093,-17.511797,0.851434,-0.0145607286,-0.0270900641,-0.0667716146
2.997048,-1.006979,-21.390642,1.653623,0.0609992574,-0.2165221415,0.0928621585
2.998098,-1.030996,-17.104758,2.030699,0.1429445942,-0.3857339409,0.2248260775
2.999146,-1.261566,-11.039873,1.994673,0.1812566997,-0.4910922311,0.249303256
3.000195,1.915966,1.149756,-2.542256,-0.0124322782,0.0239927432,-0.0093034563
3.001215,-0.084702,-0.760934,1.838559,-0.0847995887,0.2900490317,-0.1072121704
3.002261,-1.355234,-8.389329,0.207762,-0.0911849396,0.2336450985,-0.1125332962
3.00331,-0.906105,-16.242792,0.760167,-0.0475517083,0.0122862666,-0.0380375354
3.00436,-0.620295,-20.566986,1.283751,0.0290725027,-0.2016229893,0.0886052578
3.005408,-1.196718,-19.257277,2.021092,0.1099536144,-0.3687063385,0.200348899
3.006425,-1.943666,-11.928176,3.152322,0.1610364218,-0.4921564563,0.221633402
3.007475,-0.23121,-1.917405,-2.232428,0.1131462899,-0.4389451986,0.1215962376
3.008523,1.851118,2.464253,-2.763218,0.0014026488,-0.122870328,-0.021009933
3.009572,0.775129,-1.850363,0.159727,-0.0741573372,0.2112963703,-0.0944414686
3.010592,-0.908507,-9.68946,-0.764952,-0.0943776151,0.2666360783,-0.083799217
3.011638,-0.874882,-16.659409,1.235716,-0.0507443838,0.0644332991,-0.0135603569
3.012687,-0.329682,-19.721781,1.209297,0.0333294034,-0.1739531353,0.089669483
3.013736,-0.932524,-17.830246,1.353403,0.1056967138,-0.3750916894,0.1662936941
3.014753,-2.068558,-12.021556,3.248393,0.1493299451,-0.5538815152,0.1684221444
3.015802,-0.910908,-3.073875,-0.611239,0.120595866,-0.5506888397,0.0864768075
3.016851,1.6902,2.382845,-2.400552,0.0290725027,-0.24099932,-0.0178172575
3.0179,1.884743,-1.721068,-2.309285,-0.0667077611,0.1868191918,-0.0699642901
3.018949,-0.127934,-10.855508,-1.788102,-0.1188547936,0.3677374679,-0.0518724624
3.019969,-1.045407,-17.308278,2.206028,-0.0613866353,0.2006541188,0.0194306229
3.021015,-0.65392,-18.189398,1.238118,0.0461001052,-0.0739159709,0.0960548339
3.022064,-1.271173,-16.242792,1.005147,0.1056967138,-0.3080455047,0.1322384891
3.023113,-2.215065,-11.56663,3.608657,0.1376234684,-0.5145051845,0.1162751118
3.02413,-1.232744,-3.217536,1.242921,0.1386876936,-0.5836798195,0.0492289272
3.025179,1.06334,1.223981,-1.093993,0.0822837604,-0.3836054906,-0.0220741581
3.026228,2.136928,-3.152889,-3.738333,-0.0209460795,0.0261211936,-0.0433586612
3.027277,-0.975756,-17.217292,2.475025,-0.0550012844,0.2655718531,0.0524216026
3.028294,-1.206325,-16.724057,1.264537,0.0386505291,-0.012190912,0.1045686351
3.029345,-1.33602,-13.843655,1.096414,0.0780268598,-0.2644122734,0.1109539861
3.030392,-2.013317,-10.60889,4.02176,0.1056967138,-0.4634223771,0.0854125824
3.03144,-1.641044,-4.479358,1.946638,0.1163389653,-0.5517530649,0.0311370995
3.03249,0.458096,-1.527126,-0.337438,0.0918617868,-0.4357525231,-0.0156888072
3.033507,2.696538,-5.310197,-4.247507,0.0216229267,-0.0803013218,-0.0199457078
3.034556,1.848716,-11.446912,-4.71585,-0.0773500126,0.306012409,0.0055956959
3.035604,-0.870078,-15.555614,2.117163,-0.0656435359,0.3507098654,0.0545500529
3.036653,-1.626633,-14.265061,1.7593,0.0194944764,0.0878462525,0.0971190591
3.037671,-1.494536,-12.22747,0.961915,0.058870807,-0.1760815856,0.1003117345
3.038722,-1.994103,-10.790861,4.576567,0.0918617868,-0.3665778881,0.0822199069
3.039769,-1.96288,-5.805827,1.903406,0.1046324887,-0.4793857544,0.0396509008
3.040817,-0.363307,-4.208796,0.335055,0.0982471377,-0.4612939268,-0.0018538802
3.041834,2.343479,-8.530596,-3.099464,0.0716415089,-0.2080083403,-0.0007896551
3.042883,2.737368,-11.123675,-6.829401,-0.0411663574,0.2293881979,0.0130452719
3.043932,-0.072693,-10.975226,0.779381,-0.1018271912,0.4209487256,0.0311370995
3.044981,-1.90764,-11.212266,3.3949,-0.0283956555,0.2123605954,0.0588069535
3.045998,-1.926854,-13.187604,1.886594,0.0439716549,-0.0685948451,0.0779630063
3.047047,-2.2631,-12.385497,4.3484,0.079091085,-0.2878252268,0.0832841321
3.048098,-2.138209,-6.057233,1.843362,0.0758984095,-0.4751288538,0.0513573775
3.049145,-0.574662,-5.319774,1.331787,0.0737699592,-0.573037568,0.0119810468
3.050193,2.021643,-11.746206,-2.095528,0.079091085,-0.4229818213,0.0151737222
3.051213,3.232131,-12.131696,-7.396217,0.0045953242,0.0261211936,0.0300728744
3.05226,0.628621,-7.958346,-0.757746,-0.0539370592,0.3390033887,0.0290086492
3.053309,-1.809167,-10.824382,1.910611,0.0546139064,0.0005797899,0.0513573775
3.054358,-1.789953,-12.397469,3.522194,0.086540661,-0.1824669366,0.0715776554
3.055375,-1.857203,-9.031014,1.413447,0.0780268598,-0.3740274642,0.0683849799
3.056424,-0.601081,-8.49468,0.700123,0.051421231,-0.5187620851,0.0471004769
3.057474,1.64937,-13.822106,-1.925003,0.0450358801,-0.4261744968,0.0439078014
3.058522,2.619682,-12.208315,-5.885509,0.0003384236,-0.0366680905,0.0385866756
3.059539,0.186697,-4.924707,0.169334,-0.0347810065,0.2421588997,0.0173021725
3.06059,-2.037335,-4.153726,2.964985,0.0024668739,0.1644704635,0.006659921
3.061636,-1.650651,-9.136366,1.668033,0.0439716549,0.0069651408,0.0279444241
3.062685,-1.364841,-12.835634,3.572631,0.0780268598,-0.1175492022,0.0694492051
3.063734,-1.364841,-11.96888,1.32218,0.0812195353,-0.2803756507,0.0928621585
3.064751,-0.569858,-12.39268,0.351868,0.0546139064,-0.4527801256,0.0886052578
3.0658,1.101768,-15.115054,-1.768888,0.0492927807,-0.4559728011,0.0694492051
3.066849,2.208981,-10.49875,-5.599699,0.0035310991,-0.1452190562,0.0311370995
3.067898,0.126653,-2.827257,-0.121279,-0.0432948077,0.1602135629,-0.0061107808
3.068915,-2.150218,-1.586985,3.325249,-0.0156249537,0.1612777881,-0.0156888072
3.069966,-1.773141,-6.641455,1.338992,0.0141733506,0.0325065445,0.0024030204
3.071013,-1.052612,-12.804508,3.258,0.0386505291,-0.0866866727,0.0566785032
3.072062,-0.54584,-14.171681,2.232448,0.0620634825,-0.2261001679,0.1205320125
3.073079,-0.192781,-16.570818,-0.284599,0.0663203831,-0.3836054906,0.131174264
3.074128,0.371633,-18.852632,-1.350982,0.0876048862,-0.4602297017,0.0949906088
3.075177,1.658977,-8.870593,-4.290739,0.072705734,-0.3016601538,0.0300728744
3.076226,0.902422,1.571161,-1.98985,-0.0007258016,0.001644015,-0.0465513367
3.077274,-1.753927,-0.68671,2.655158,-0.0305241059,0.1719200396,-0.0667716146
3.078292,-2.582535,-6.900044,2.407776,-0.003918477,0.1368006095,-0.0242026084
3.079343,-0.949336,-14.169287,1.970655,0.0439716549,-0.1899165126,0.1109539861
3.080389,-0.279245,-19.19263,1.423054,0.0620634825,-0.3718990139,0.1662936941
3.081439,0.129055,-19.661922,-0.390277,0.0918617868,-0.4793857544,0.1673579192
3.082455,1.279499,-9.172281,-3.183526,0.0769626347,-0.3772201397,0.0981832842
3.083504,1.433212,1.24553,-2.232428,0.0067237745,-0.074980196,-0.0029181054
3.084554,-0.836454,1.212009,1.735283,-0.0464874832,0.1559566623,-0.0667716146
3.085602,-2.176637,-5.413154,2.306902,-0.045423258,0.1389290598,-0.0689000649
3.086619,-1.523358,-11.798881,1.54074,-0.0134965034,-0.0132551371,-0.0178172575
3.08872,-0.089506,-20.080933,0.784185,0.0492927807,-0.3591283121,0.158844118
3.087668,-0.625099,-16.10392,1.63681,0.0152375758,-0.1867238372,0.0715776554
3.089766,0.256348,-18.797562,-0.207743,0.0993113629,-0.4453305495,0.1886424223
3.090815,1.200241,-8.540173,-2.580684,0.0993113629,-0.310173955,0.1375596149
3.091832,0.779932,0.409902,-2.100331,0.0258798273,-0.012190912,0.0290086492
3.092881,-1.422484,0.642154,2.078735,-0.0379736819,0.1772411654,-0.062514714
3.09393,-1.934059,-3.959784,1.720872,-0.0422305825,0.126158358,-0.0965699189
3.094979,-1.28078,-10.292836,0.54641,-0.0188176292,-0.0547599181,-0.0699642901
3.095996,-0.79082,-17.102364,1.329385,0.0077879997,-0.2505773464,0.0258159738
3.097045,-0.065488,-21.201488,1.180476,0.0535496813,-0.4091468943,0.1545872174
3.098096,0.496524,-18.122356,0.678507,0.114210515,-0.4676792777,0.2290829781
3.099143,1.334739,-8.521018,-3.063438,0.1099536144,-0.3208162065,0.1854497468
3.10016,0.883208,-1.036284,-3.40689,-0.0017900267,-0.0015486604,0.0534858278
3.101209,-1.189513,0.86004,2.46782,-0.0943776151,0.2144890457,-0.0635789391
3.102258,-1.653053,-1.517549,2.148386,-0.0805426881,0.1846907414,-0.1199828723
3.103306,-1.225539,-9.825938,0.092477,-0.0369094568,0.0282496439,-0.1072121704
3.104324,-1.153486,-19.439248,1.790523,0.0045953242,-0.171824685,0.0045314707
3.105372,-0.456975,-21.991624,1.089209,0.0705772837,-0.3772201397,0.158844118
3.106422,0.470105,-8.923269,-1.591158,0.1461372696,-0.4612939268,0.2088627002
3.107473,1.421203,-1.926982,-3.973706,0.0492927807,-0.1516044071,0.0715776554
3.108519,-0.039069,1.386796,0.764971,-0.0741573372,0.1708558144,-0.0699642901
3.109536,-1.355234,-1.440929,2.520659,-0.0965060654,0.2389662243,-0.139138925
3.110585,-0.982961,-9.751713,0.402305,-0.0464874832,0.1038096298,-0.1210470974
3.111634,-0.853266,-18.656296,0.772176,0.0003384236,-0.0973289243,-0.0178172575
3.112683,-0.567456,-21.615711,1.326983,0.0631277077,-0.3005959286,0.1375596149
3.1137,-0.502609,-16.125469,2.244456,0.1386876936,-0.4570370262,0.249303256
3.114749,0.030582,-9.100451,-0.399884,0.1567795212,-0.4708719532,0.2365325542
3.115798,1.843913,-4.49133,-4.759082,0.0567423567,-0.2069441151,0.1003117345
3.116849,1.289106,0.323706,-0.618444,-0.0741573372,0.1772411654,-0.062514714
3.117864,-0.968551,0.093848,3.089877,-0.1018271912,0.3155904353,-0.1519096269
3.118913,-1.484929,-9.078901,0.351868,-0.0656435359,0.181498066,-0.145524276
3.119964,-1.266369,-19.063335,0.839425,-0.0145607286,-0.0387965408,-0.0380375354
3.121011,-0.894096,-20.67952,1.610391,0.058870807,-0.2569626973,0.1226604628
3.122059,-0.889292,-15.421531,1.973057,0.1269812169,-0.4304313974,0.2397252297
3.123077,-0.764401,-9.502701,1.680042,0.1546510709,-0.5049271581,0.249303256
3.124126,1.260285,-4.034009,-3.483746,0.0886691114,-0.3357153587,0.1322384891
3.125174,1.867931,-0.425726,-2.119546,-0.0273314304,0.0378276702,-0.0284595091
3.126224,-0.269638,-1.507971,1.939433,-0.0879922642,0.2687645286,-0.1199828723
3.12724,-1.388859,-8.269612,-0.05403,-0.086928039,0.1932045427,-0.1231755477
3.128289,-1.251959,-17.499826,1.033968,-0.0390379071,-0.0228331635,-0.0369733103
3.129341,-0.951738,-20.696281,1.747292,0.0407789794,-0.2122652409,0.1109539861
3.130387,-1.415278,-16.937154,2.057119,0.1184674157,-0.365513663,0.2226976272
3.131404,-1.979692,-10.769312,2.1676,0.14826572,-0.4751288538,0.2237618524
3.132453,1.834306,1.750737,-2.261249,-0.045423258,-0.0334754151,-0.0316521845
3.133502,0.347615,-2.544724,0.289422,-0.1177905685,0.2655718531,-0.0965699189
3.134551,-1.11746,-10.367061,-0.433508,-0.1188547936,0.2687645286,-0.0752854158
3.135599,-0.77641,-16.328989,1.2141,-0.0518086089,0.0601763985,0.0024030204
3.136617,-0.432958,-18.809534,1.055584,0.0386505291,-0.1622466586,0.0992475094
3.137665,-1.523358,-18.072075,2.117163,0.1131462899,-0.3623209875,0.1662936941
3.138717,-2.474455,-11.894655,3.116296,0.141880369,-0.5421750385,0.158844118
3.139763,-0.745187,-1.136847,-1.06277,0.0939902371,-0.5357896876,0.0641280793
3.14078,1.831904,2.366085,-2.419766,-0.0017900267,-0.2218432673,-0.0380375354
3.141829,1.776664,-4.158515,-2.102733,-0.100762966,0.2038467942,-0.0667716146
3.142878,-0.137541,-11.657615,-1.057967,-0.1412035218,0.3581594415,-0.03484486
3.143927,-0.737981,-16.506171,2.280483,-0.0741573372,0.1634062384,0.0279444241
3.144944,-0.396931,-17.643486,1.358206,0.0184302512,-0.0994573746,0.0917979333
3.145993,-1.391261,-16.111103,1.70406,0.0748341844,-0.3229446568,0.1226604628
3.147042,-2.368778,-10.879452,3.596648,0.1110178396,-0.5336612373,0.10350441
3.148093,-1.189513,-1.99163,0.911478,0.1056967138,-0.6028358723,0.0332655499
3.149139,1.305918,0.654126,-1.411026,0.0599350322,-0.4059542188,-0.0316521845
3.150157,2.509201,-4.963016,-4.514102,-0.0347810065,0.0218642929,-0.0412302109
3.151206,0.81836,-12.316061,-3.075447,-0.1177905685,0.3453887396,-0.0082392311
3.152255,-1.11746,-16.85814,2.847299,-0.0720288868,0.2666360783,0.0556142781
3.153303,-1.021389,-15.416742,1.180476,0.0194944764,-0.0153835874,0.1066970855
3.154321,-1.220736,-12.876338,1.259734,0.058870807,-0.2558984722,0.1088255358
3.15537,-2.094977,-10.75734,3.923288,0.086540661,-0.4389451986,0.0800914566
3.156419,-1.600214,-4.678089,1.523928,0.0982471377,-0.5091840587,0.0236875235
3.15747,0.573381,-1.790504,-0.4215,0.0769626347,-0.3836054906,-0.0273952839
3.158484,1.603737,-11.679164,-4.014536,-0.0922491648,0.3251684617,0.0045314707
3.159533,-0.841257,-14.566748,2.484633,-0.0677719862,0.3209115611,0.0556142781
3.160582,-1.520956,-14.119005,1.941834,0.0216229267,0.0463414715,0.0907337082
3.161631,-1.600214,-12.680002,1.790523,0.0524854561,-0.2101367906,0.0864768075
3.16268,-1.977291,-10.158753,3.817611,0.0641919328,-0.4038257685,0.0609354038
3.163697,-1.641044,-5.11386,1.507115,0.0780268598,-0.5155694097,0.0119810468
3.164746,0.097832,-4.965411,0.078067,0.0822837604,-0.4708719532,-0.021009933
3.165795,2.538022,-9.155521,-4.062571,0.0354578537,-0.1771458108,-0.0061107808
3.166846,2.208981,-10.910578,-5.251443,-0.0656435359,0.2208743967,0.0151737222
3.16786,-0.730776,-11.734234,1.778514,-0.0752215623,0.306012409,0.0268801989
3.16891,-1.914845,-11.846768,2.182011,-0.0081753776,0.0750755506,0.0407151259
3.169958,-1.513751,-11.334378,1.833755,0.0354578537,-0.1526686323,0.0524216026
3.171007,-1.92205,-10.163541,4.180277,0.0801553101,-0.3250731072,0.0545500529
3.172024,-1.991701,-7.00779,1.28135,0.0876048862,-0.4570370262,0.0375224505
3.173073,-0.053479,-7.627926,0.299029,0.0748341844,-0.4783215293,0.020494848
3.174122,2.646101,-11.851557,-4.002527,0.0461001052,-0.2505773464,0.0173021725
3.175171,2.422738,-11.683953,-6.142497,-0.0486159335,0.1655346887,0.0077241462
3.176188,-0.692348,-8.228908,1.665632,-0.0826711384,0.3390033887,0.0024030204
3.177237,-2.070959,-6.852157,2.79446,-0.0156249537,0.1783053905,0.0098525965
3.178286,-1.698686,-10.022275,2.1676,0.0482285555,-0.0143193623,0.0290086492
3.179335,-2.020522,-12.711128,4.372418,0.0886691114,-0.1824669366,0.0609354038
3.180384,-1.864408,-9.440448,1.338992,0.0780268598,-0.3687063385,0.0683849799
3.181401,-0.346494,-9.960022,0.383091,0.0535496813,-0.5091840587,0.048164702
3.18245,1.956796,-14.509284,-3.169116,0.051421231,-0.3942477421,0.0332655499
3.183499,2.427541,-10.685509,-6.308219,-0.0017900267,0.0176073923,0.0055956959
3.184548,-2.416813,-4.448231,3.188349,0.0024668739,0.1697915893,-0.0263310588
3.185565,-1.708293,-8.544962,1.430259,0.0407789794,0.0059009156,0.0002745701
3.186614,-1.352833,-12.289723,3.702326,0.0663203831,-0.1313841292,0.0471004769
3.187663,-1.074228,-12.059865,1.913013,0.065256158,-0.2974032532,0.0875410327
3.188714,-0.255227,-13.872387,0.596847,0.0439716549,-0.4687435029,0.089669483
3.189729,1.315525,-16.393636,-2.309285,0.0461001052,-0.4804499796,0.0641280793
3.190778,2.417934,-9.253689,-5.568476,0.0120449003,-0.1984303139,0.0162379474
3.191827,0.297178,-1.416986,0.219771,-0.0369094568,0.0878462525,-0.0337806348
3.192876,-2.068558,-2.312472,2.974592,-0.0220103046,0.1144518813,-0.0433586612
3.193925,-1.789953,-7.477082,1.372617,0.0088522248,0.0090935911,-0.0124961318
3.194942,-1.081433,-12.524369,2.945771,0.0333294034,-0.1047785003,0.0428435762
3.195991,-0.65392,-15.11266,1.783318,0.0567423567,-0.2250359427,0.1013759597
3.197039,-0.130336,-17.310672,0.130906,0.0705772837,-0.3591283121,0.1184035621
3.198091,0.861592,-15.97702,-2.227625,0.079091085,-0.4038257685,0.0800914566
3.199106,1.805485,-7.285534,-4.521308,0.0386505291,-0.2175863666,0.0034672456
3.200154,0.133858,-0.92375,0.032433,-0.0124322782,0.0484699218,-0.0603862637
3.201203,-2.287118,-1.982052,2.784853,-0.0103038279,0.1357363844,-0.0731569655
3.202252,-2.24869,-6.591173,1.379822,0.00991645,0.0474056966,-0.048679787
3.203269,-1.436894,-11.205083,2.001878,0.0290725027,-0.109035401,0.0055956959
3.204318,-0.846061,-14.437454,1.953843,0.0407789794,-0.2803756507,0.0822199069
3.205367,-0.012649,-18.876576,1.387027,0.0578065819,-0.4272387219,0.1407522904
3.206416,1.101768,-18.395312,-1.115609,0.0886691114,-0.448523225,0.1418165155
3.207468,2.156142,-7.972712,-4.144231,0.0609992574,-0.2399350949,0.0683849799
3.208482,0.727094,0.211171,-1.206876,-0.0124322782,0.0623048488,-0.0369733103
3.209531,-1.895631,-0.337135,2.599917,-0.0443590329,0.1783053905,-0.0997625944
3.21058,-1.681874,-11.633671,1.293359,0.0024668739,-0.0983931494,-0.0540009127
3.211629,-1.11746,-16.882084,2.206028,0.0290725027,-0.2793114255,0.0502931523
3.212646,-0.072693,-19.080096,1.223707,0.0695130586,-0.4421378741,0.1524587671
3.213695,0.902422,-16.67617,-0.9667,0.1120820647,-0.4953491317,0.1780001708
3.214744,1.899153,-9.110028,-3.481345,0.100375588,-0.3048528292,0.1120182112
3.215793,0.830369,-1.484028,-2.246839,0.0141733506,0.0420845709,-0.0029181054
3.21681,-1.511349,0.974968,2.393366,-0.0560655095,0.2155532709,-0.0986983692
3.217859,-1.869211,-3.354014,2.059521,-0.0432948077,0.1293510335,-0.1380746999
3.218908,-1.410475,-11.458884,0.640079,-0.0007258016,-0.0473103421,-0.1018910447
3.219957,-1.016586,-17.631515,1.648819,0.0333294034,-0.2346139691,0.0109168216
3.221006,-0.351298,-19.901357,1.069995,0.0833479856,-0.4091468943,0.1396880652
3.222022,0.277964,-16.932365,0.40951,0.1354950181,-0.4889637808,0.2024773493
3.223071,1.325132,-8.760453,-2.883306,0.1248527666,-0.3495502857,0.1535229922
3.22412,0.878405,-1.989235,-3.459729,0.0216229267,-0.0164478126,0.0236875235
3.225169,-1.292788,0.493704,2.160395,-0.073093112,0.20916792,-0.0955056937
3.226187,-1.75873,-1.270931,2.088342,-0.0699004365,0.1751127151,-0.1604234281
3.227235,-1.304797,-9.766079,0.481563,-0.0294598807,0.0112220414,-0.1476527263
3.228284,-1.316806,-19.779245,1.905808,0.0141733506,-0.1867238372,-0.0252668336
3.229333,-0.677937,-21.73064,1.473491,0.0854764359,-0.3782843648,0.1428807407
3.23035,-0.279245,-15.397587,1.511919,0.1546510709,-0.503862933,0.2386610045
3.231399,0.474908,-8.442005,-1.713648,0.1567795212,-0.4506516753,0.1928993229
3.232448,1.245874,-3.579083,-4.014536,0.0503570058,-0.1494759568,0.0322013247
3.233497,-0.248022,0.182439,1.019558,-0.0773500126,0.1570208875,-0.1242397729
3.234514,-1.367243,-0.856708,2.599917,-0.0965060654,0.2102321451,-0.1987355336
3.235563,-1.026193,-9.416505,0.498375,-0.0422305825,0.0761397758,-0.1795794809
3.236612,-0.934926,-19.106433,0.937898,0.0109806751,-0.1111638513,-0.0603862637
3.237661,-0.310468,-14.545199,2.22284,0.1493299451,-0.4251102716,0.2290829781
3.23871,0.398052,-8.786791,-0.628051,0.1589079715,-0.4240460464,0.2333398787
3.239728,2.120116,-4.790623,-4.571745,0.0546139064,-0.1590539832,0.1066970855
3.240776,1.202642,-0.112066,-0.356652,-0.0837353635,0.1889476421,-0.0593220385
3.241825,-0.937328,-0.061785,2.438999,-0.1209832439,0.2730214292,-0.166808779
3.242874,-1.23995,-9.074113,0.128504,-0.0741573372,0.1133876562,-0.1774510306
3.243891,-1.206325,-20.07375,0.87305,-0.0028542519,-0.1005215997,-0.0720927404
3.24494,-1.006979,-21.828808,1.389429,0.0854764359,-0.296339028,0.0992475094
3.245989,-1.043005,-15.079139,1.994673,0.1663575476,-0.448523225,0.2131196008
3.247038,-0.632304,-8.46116,0.363877,0.1812566997,-0.4878995557,0.2024773493
3.248055,1.522077,-3.184015,-4.317158,0.0876048862,-0.2622838231,0.0747703308
3.249104,1.476443,0.500887,-1.312553,-0.0369094568,0.1282868083,-0.0784780913
3.250153,-0.826847,-1.661209,2.035503,-0.0911849396,0.3092050844,-0.1561665275
3.251202,-1.530563,-9.660728,0.238985,-0.0688362114,0.1783053905,-0.1444600508
3.252251,-1.235146,-18.017005,1.009951,-0.0134965034,-0.0547599181,-0.0518724624
3.253268,-0.963747,-20.902195,1.557552,0.0524854561,-0.2612195979,0.0907337082
3.254317,-1.355234,-16.956308,2.897736,0.1291096672,-0.4389451986,0.1960919984
3.255366,-1.756329,-9.19383,2.194019,0.1567795212,-0.5474961643,0.1822570714
3.256414,0.088225,-1.050651,-2.323695,0.0833479856,-0.4421378741,0.0566785032
3.257431,1.831904,2.267917,-1.778495,-0.0198818543,-0.1015858249,-0.076349641
3.25848,0.68146,-3.145706,-0.916263,-0.0965060654,0.2112963703,-0.1338177993
3.25953,-0.920515,-12.993661,-0.479142,-0.1092767672,0.2389662243,-0.1008268195
3.260578,-0.692348,-18.91728,1.927424,-0.0305241059,0.0346349948,-0.0018538802
3.261598,-0.296057,-18.481508,0.757766,0.0663203831,-0.1899165126,0.0939263836
3.262644,-1.492135,-15.807021,1.706462,0.1237885414,-0.3910550667,0.1343669395
3.263693,-0.183174,-0.523894,-1.223688,0.1056967138,-0.4719361784,0.0087883713
3.264742,2.048063,2.459465,-2.813655,0.0173660261,-0.1079711758,-0.0795423164
3.266808,-0.553046,-13.393518,-0.72172,-0.1060840918,0.3719943685,-0.0529366876
3.265791,1.351552,-4.754708,-2.760816,-0.0816069132,0.285792131,-0.0986983692
3.267857,-0.805231,-17.621937,1.994673,-0.0166891789,0.1431859605,0.0247517486
3.268906,-0.793222,-17.966723,1.226109,0.0801553101,-0.1345768047,0.089669483
3.269955,-2.022924,-16.3242,2.530266,0.1259169917,-0.3676421133,0.1109539861
3.270975,-2.448036,-9.857065,3.500578,0.141880369,-0.5581384158,0.0737061057
3.272021,-0.699553,0.201594,0.395099,0.1248527666,-0.5677164422,-0.0178172575
3.27307,1.817494,1.508908,-2.472605,0.0578065819,-0.296339028,-0.0923130183
3.274119,2.206579,-6.493005,-4.15624,-0.0539370592,0.1368006095,-0.0891203428
3.275136,0.141064,-13.415067,-0.921066,-0.1124694427,0.3666732427,-0.0305879594
3.276185,-1.059818,-16.532509,2.950574,-0.0411663574,0.2070394697,0.0460362517
3.277234,-1.093442,-16.403214,1.555151,0.0546139064,-0.0803013218,0.1003117345
3.278283,-1.849997,-14.317736,2.643149,0.0961186874,-0.3218804317,0.1066970855
3.279332,-2.210262,-9.126788,3.759968,0.0961186874,-0.5240832109,0.0609354038
3.280351,-1.023791,-2.037122,1.40384,0.079091085,-0.5900651704,-0.0220741581
3.281398,1.255481,-2.216698,-1.142028,0.0663203831,-0.4165964704,-0.0742211907
3.282446,2.713351,-8.54975,-5.537253,-0.0103038279,-0.0036771108,-0.0561293631
3.283496,1.149804,-13.027182,-3.20274,-0.0911849396,0.3507098654,-0.0082392311
3.284513,-1.266369,-14.518861,2.623935,-0.045423258,0.299627058,0.0385866756
3.285562,-1.63624,-12.92662,0.772176,0.0269440524,0.0144147169,0.0630638542
3.286611,-1.619428,-11.782121,2.302099,0.065256158,-0.2292928433,0.0588069535
3.287659,-2.140611,-9.993543,4.141848,0.1046324887,-0.4112753446,0.0375224505
3.288677,-1.576196,-4.879214,1.089209,0.1046324887,-0.5049271581,-0.0061107808
3.289726,2.975143,-10.745368,-5.239435,0.037586304,-0.088815123,-0.0337806348
3.290774,1.93518,-12.026345,-5.273059,-0.0752215623,0.3113335347,-0.021009933
3.291823,-0.973354,-10.855508,2.554284,-0.0720288868,0.3443245145,0.0013387952
3.292872,-1.756329,-9.904952,2.088342,0.0184302512,0.1038096298,0.0279444241
3.293889,-1.660258,-10.999169,2.294893,0.0748341844,-0.1100996261,0.0449720265
3.294938,-2.231877,-10.927339,4.187482,0.0993113629,-0.3027243789,0.0471004769
3.295987,-1.86681,-7.060466,1.166065,0.0812195353,-0.4783215293,0.0215590732
3.297036,0.220322,-8.748481,0.544009,0.072705734,-0.5379181379,-0.0050465557
3.301199,-2.157423,-7.630321,3.005815,0.0152375758,0.1336079341,-0.0135603569
3.302219,-1.463314,-10.335934,2.102752,0.0620634825,-0.0302827396,0.0173021725
3.299102,2.252212,-10.491567,-5.508432,-0.0241387549,0.1250941328,-0.0178172575
3.300151,-0.949336,-6.691736,2.407776,-0.0443590329,0.2868563562,-0.0295237342
3.298053,2.730163,-13.290561,-3.935278,0.0567423567,-0.3069812795,-0.007175006
3.303265,-1.549777,-10.75734,3.637478,0.0769626347,-0.1888522875,0.0428435762
3.304314,-1.549777,-9.718193,0.947505,0.0471643304,-0.3804128151,0.0439078014
3.305363,-0.120729,-13.106196,0.623267,0.0312009531,-0.5070556084,0.034329775
3.30638,2.086491,-14.619424,-3.361257,0.0333294034,-0.3687063385,0.0194306229
3.307429,2.045661,-8.281583,-5.525244,-0.017753404,0.0048366905,-0.0178172575
3.308478,-0.805231,-3.500069,1.80013,-0.0358452316,0.1963972181,-0.0433586612
3.309527,-2.210262,-4.587103,2.561489,0.0056595494,0.1059380801,-0.0316521845
3.311595,-1.127067,-13.022394,3.452543,0.0673846083,-0.1324483543,0.0471004769
3.310576,-1.518554,-9.119605,1.644016,0.0386505291,-0.0217689384,-0.0007896551
3.312642,-0.74999,-13.213941,1.062789,0.0695130586,-0.2771829752,0.0832841321
3.313691,-0.051077,-15.160547,-0.200538,0.0556781316,-0.4219175961,0.0715776554
3.31474,1.178625,-14.988154,-3.577415,0.0429074297,-0.3857339409,0.0236875235
3.315757,1.522077,-6.459484,-4.617378,-0.0028542519,-0.1047785003,-0.0380375354
3.316806,-2.277511,-3.389929,2.705595,0.0067237745,0.1091307555,-0.0646431643
3.317855,-1.746722,-8.509046,1.653623,0.0354578537,0.0037724653,-0.0199457078
3.318904,-1.043005,-12.292117,2.729612,0.0503570058,-0.1324483543,0.0407151259
3.319921,-0.435359,-15.165336,1.665632,0.0567423567,-0.2846325513,0.0971190591
3.320972,0.143465,-18.840661,0.222173,0.0705772837,-0.4123395698,0.1077613106
3.322018,1.152205,-15.692092,-3.092259,0.0758984095,-0.4006330931,0.0577427284
3.323067,1.767057,-4.778651,-4.004929,0.0248156021,-0.1760815856,-0.0252668336
3.324116,-0.16396,0.929476,0.889862,-0.0262672052,0.0686901997,-0.0880561177
3.325133,-2.2631,-1.857546,2.691184,-0.0241387549,0.1282868083,-0.0944414686
3.327231,-1.532965,-13.228308,2.00428,0.023751377,-0.1186134273,0.0119810468
3.326182,-2.227074,-7.876938,1.768907,0.0003384236,0.0346349948,-0.0571935882
3.32828,-0.569858,-16.704902,1.836157,0.0439716549,-0.2867610016,0.0971190591
3.329297,0.335606,-19.159109,0.359073,0.0737699592,-0.4251102716,0.1428807407
3.330349,1.207446,-15.890823,-2.933743,0.0876048862,-0.4080826691,0.1088255358
3.331395,1.867931,-5.295831,-3.764753,0.0450358801,-0.144154831,0.0173021725
3.332444,0.018574,1.973412,0.351868,-0.0124322782,0.1463786359,-0.076349641
3.33346,-2.335153,-0.820793,2.818477,-0.0241387549,0.195332993,-0.1199828723
3.33451,-2.234279,-8.116373,1.447071,0.0045953242,0.0654975242,-0.1008268195
3.335559,-1.386457,-13.235491,1.331787,0.0269440524,-0.109035401,-0.0305879594
3.336608,-0.509814,-16.872506,1.451875,0.0343936285,-0.310173955,0.0662565296
3.337656,0.237134,-19.951638,0.625669,0.0684488334,-0.4719361784,0.1407522904
3.338674,0.868797,-16.091949,-1.122814,0.1056967138,-0.4602297017,0.1471376413
3.339725,1.639763,-5.38921,-3.776761,0.0716415089,-0.2005587642,0.0705134302
3.340772,0.150671,1.176094,-0.81779,-0.0166891789,0.1176445568,-0.0422944361
3.34182,-1.893229,-6.038079,1.228511,-0.0379736819,0.0740113255,-0.1327535741
3.342837,-1.343225,-12.945774,0.89947,-0.0060469273,-0.095200474,-0.0816707667
3.343886,-0.862873,-18.737704,1.833755,0.0269440524,-0.2920821274,0.0300728744
3.344935,-0.156755,-20.504733,1.005147,0.0716415089,-0.4815142047,0.1407522904
3.345984,0.398052,-14.703226,0.707329,0.114210515,-0.538982363,0.1748074953
3.347001,1.392382,-6.035684,-3.099464,0.0876048862,-0.3506145108,0.1013759597
3.34805,0.895217,-0.847131,-2.378936,-0.0230745298,0.0122862666,-0.0295237342
3.349102,-1.139076,0.378776,2.904941,-0.1018271912,0.2240670721,-0.1306251238
3.350148,-1.597812,-4.180064,1.644016,-0.0816069132,0.1591493378,-0.1646803287
3.351197,-1.098246,-12.565073,0.616062,-0.031588331,-0.0079340114,-0.1189186471
3.352217,-0.747588,-19.41291,1.115628,0.0141733506,-0.2048156648,0.0024030204
3.353263,-0.28645,-20.768111,1.014754,0.072705734,-0.4112753446,0.1418165155
3.354312,-0.211995,-14.918718,1.78572,0.1354950181,-0.5272758863,0.2109911505
3.355361,0.753513,-7.038916,-2.64313,0.128045442,-0.4112753446,0.1513945419
3.356378,1.519675,-1.575013,-4.396416,0.0067237745,-0.0558241433,-0.0007896551
3.357427,-0.180773,1.049193,1.439866,-0.1039556415,0.2347093237,-0.1402031502
3.358476,-1.352833,-2.252614,2.059521,-0.1050198666,0.2315166482,-0.200863984
3.359525,-1.127067,-11.973669,0.385492,-0.0539370592,0.0644332991,-0.1646803287
3.360542,-1.103049,-20.966842,1.675239,0.0088522248,-0.1239345531,-0.0284595091
3.361593,-0.771606,-21.069799,1.668033,0.0876048862,-0.3091097298,0.1439449658
3.36264,-0.651518,-13.589854,1.848166,0.1535868457,-0.4687435029,0.2365325542
3.363689,0.542158,-7.019762,-1.862557,0.1365592433,-0.4559728011,0.186513972
3.364706,2.129723,-2.81768,-4.454058,0.0173660261,-0.1473475065,0.0290086492
3.365755,0.50373,0.687647,1.060388,-0.0847995887,0.1900118672,-0.1210470974
3.366804,-1.285583,-1.745012,1.728077,-0.100762966,0.2325808734,-0.1934144079
3.367854,-1.232744,-12.572256,-0.015602,-0.0645793108,0.056983723,-0.1657445539
3.368902,-0.747588,-19.491924,1.276546,0.0854764359,-0.3123024053,0.1322384891
3.369919,-1.038202,-13.019999,2.402973,0.1472014948,-0.4453305495,0.2120553757
3.37097,-0.637107,-8.458765,0.277413,0.1440088193,-0.4538443507,0.172679045
3.372017,1.692602,-2.360359,-4.201873,0.0354578537,-0.1952376384,0.034329775
3.373065,1.322731,1.511302,-0.575212,-0.0784142378,0.1634062384,-0.1104048459
3.374083,-0.982961,-3.030777,1.449473,-0.1124694427,0.2804710053,-0.1721299048
3.375132,-1.41768,-12.361553,-0.188529,-0.0879922642,0.1240299077,-0.139138925
3.376181,-0.990166,-19.580514,1.060388,-0.0230745298,-0.10265005,-0.0252668336
3.37723,-0.819641,-19.987554,1.644016,0.0599350322,-0.2899536771,0.1152108867
3.378247,-1.653053,-15.20604,2.746425,0.1376234684,-0.4538443507,0.1939635481
3.379295,-1.70349,-7.764404,1.250127,0.1440088193,-0.5357896876,0.1513945419
3.380347,0.775129,0.005257,-3.113875,0.0439716549,-0.3644494378,0.0130452719
3.381393,1.906359,0.725956,-1.840941,-0.0645793108,0.0282496439,-0.1072121704
3.382442,0.196304,-5.860897,-0.359054,-0.1252401445,0.3123977599,-0.139138925
3.38346,-0.966149,-13.295349,0.169334,-0.1209832439,0.2708929789,-0.0965699189
3.384508,-0.497805,-17.456727,2.030699,-0.0369094568,0.0452772463,-0.007175006
3.385557,-0.57226,-17.748838,1.170869,0.0556781316,-0.1750173605,0.0800914566
3.386606,-2.092575,-15.876457,2.686381,0.1163389653,-0.3953119673,0.1215962376
3.387624,-2.488866,-8.60482,2.840093,0.1259169917,-0.580487144,0.0843483572
3.388672,-0.236013,0.795392,-0.88504,0.072705734,-0.55281729,-0.0178172575
3.389723,2.184963,0.61821,-2.462998,-0.0124322782,-0.2250359427,-0.0912487931
3.39077,1.817494,-7.132296,-3.613442,-0.1156621181,0.2038467942,-0.0880561177
3.391787,-0.380119,-14.068724,-0.390277,-0.1475888728,0.3432602893,-0.0380375354
3.392836,-1.182307,-17.657853,3.01302,-0.0528728341,0.1187087819,0.0290086492
3.393885,-1.124665,-16.980252,0.988335,0.0322651782,-0.1665035593,0.0715776554
3.394934,-2.131003,-7.807502,3.373285,0.0897333365,-0.5560099655,0.0258159738
3.395983,-0.557849,-0.854314,0.32785,0.0897333365,-0.5421750385,-0.0454871115
3.397,1.855922,-1.194311,-2.292472,0.0418432046,-0.2707976243,-0.0869918925
3.398049,2.470773,-7.654264,-5.203408,-0.0624508605,0.1516997617,-0.0752854158
3.399101,0.410061,-13.805346,-1.415829,-0.1199190188,0.3741228188,-0.0284595091
3.400147,-1.290387,-16.721662,3.003413,-0.045423258,0.2017183439,0.034329775
3.401164,-1.412877,-15.160547,0.647284,0.0312009531,-0.0962646991,0.0705134302
3.402213,-1.593009,-11.992824,2.657559,0.0599350322,-0.3208162065,0.0651923045
3.403262,-1.910041,-7.76201,3.85844,0.0844122107,-0.4751288538,0.0258159738
3.404311,-1.079032,-3.157677,1.007549,0.0822837604,-0.5049271581,-0.0327164097
3.405328,1.368364,-4.211191,-0.861022,0.058870807,-0.3389080342,-0.0603862637
3.406377,2.912697,-9.143549,-5.79184,-0.0305241059,0.0474056966,-0.0497440121
3.407426,1.092161,-12.854789,-2.991385,-0.1209832439,0.3634805673,-0.0231383833
3.408477,-1.40327,-13.838866,3.260402,-0.0741573372,0.2751498795,0.0119810468
3.409524,-1.852399,-12.701551,1.096414,0.0024668739,-0.0132551371,0.0322013247
3.410541,-1.809167,-12.433384,2.926557,0.0418432046,-0.2346139691,0.034329775
3.411592,-2.061352,-8.987916,3.690317,0.0769626347,-0.3985046428,0.0141094971
3.412639,-1.441698,-4.192036,0.402305,0.0769626347,-0.4953491317,-0.03484486
3.413688,0.851985,-7.177789,-0.385473,0.0695130586,-0.4283029471,-0.0550651379
3.414705,3.136061,-11.190717,-5.604502,0.0163018009,-0.0930720237,-0.0359090851
3.415754,1.822297,-10.422131,-4.427639,-0.0784142378,0.2804710053,-0.0295237342
3.416803,-1.292788,-10.237766,2.883325,-0.0699004365,0.2911132568,-0.0231383833
3.417852,-1.943666,-10.932127,2.218037,0.0088522248,0.0527268224,-0.0018538802
3.418869,-1.765936,-11.609728,2.799263,0.065256158,-0.1547970826,0.0173021725
3.419918,-2.277511,-10.051007,3.582238,0.0844122107,-0.3346511335,0.0215590732
3.42097,0.611809,-9.648756,-0.23176,0.051421231,-0.4942849066,-0.0188814827
3.422016,2.939116,-13.144505,-5.234631,0.0173660261,-0.1888522875,-0.0220741581
3.423065,1.483649,-9.725376,-3.627852,-0.0560655095,0.2070394697,-0.0305879594
3.424082,-1.583402,-6.58399,3.111492,-0.0507443838,0.2602507274,-0.0359090851
3.425131,-1.828381,-7.144268,2.083538,0.0003384236,0.0793324512,-0.0295237342
3.42618,-1.391261,-10.493961,2.996208,0.0407789794,-0.0728517457,-0.0093034563
3.427229,-1.751525,-12.043105,3.524596,0.0609992574,-0.227164393,0.0183663977
3.428246,-1.364841,-10.496356,0.428724,0.0365220788,-0.4048899937,0.0258159738
3.429295,0.398052,-13.170843,-0.070842,0.0343936285,-0.4996060324,0.0141094971
3.430347,2.583656,-13.779008,-4.984848,0.0205587015,-0.2867610016,-0.0103676814
3.431393,1.531684,-6.691736,-4.420434,-0.0422305825,0.1144518813,-0.0518724624
3.432411,-1.66266,-2.551907,3.051448,-0.0422305825,0.2400304494,-0.0784780913
3.43346,-2.255895,-5.487379,1.831353,0.0067237745,0.0952958285,-0.0667716146
3.434509,-1.400868,-10.513116,1.910611,0.0397147543,-0.0441176666,-0.0252668336
3.435558,-1.124665,-12.701551,3.361276,0.065256158,-0.171824685,0.0322013247
3.436575,-0.829248,-13.302532,0.580035,0.0609992574,-0.3442291599,0.0662565296
3.437624,-0.0823,-16.733634,-0.140494,0.0556781316,-0.4942849066,0.0524216026
3.438672,1.642165,-14.375201,-3.89685,0.0524854561,-0.4144680201,0.0077241462
3.439724,1.824699,-3.928658,-4.266721,-0.0071111525,-0.0898793482,-0.0540009127
3.440771,-1.023791,-0.253332,2.213233,-0.0443590329,0.1325437089,-0.0955056937
3.441788,-2.462447,-4.584709,2.758433,-0.0166891789,0.1133876562,-0.0806065416
3.442837,-1.605018,-9.06693,1.516722,0.0120449003,0.0080293659,-0.0359090851
3.443886,-0.91331,-12.316061,2.306902,0.0312009531,-0.1218061028,0.0162379474
3.444935,-0.346494,-16.539692,1.238118,0.0439716549,-0.2729260746,0.0630638542
3.445952,-0.139943,-20.114454,0.500777,0.0673846083,-0.4059542188,0.0747703308
3.447001,0.611809,-14.614635,-2.515836,0.0822837604,-0.3974404176,0.0290086492
3.44805,-0.120729,1.990172,0.58724,-0.0390379071,0.1378648347,-0.1221113226
3.449102,-2.325546,-2.238247,2.664765,-0.0464874832,0.2006541188,-0.1306251238
3.450116,-2.174235,-9.093268,1.843362,-0.0220103046,0.0665617494,-0.0912487931
3.451165,-1.273574,-13.683234,2.150788,0.0035310991,-0.122870328,-0.0167530324
3.452214,-0.375315,-17.085603,1.886594,0.0226871518,-0.3186877562,0.0694492051
3.453263,0.350017,-20.102482,0.849033,0.0546139064,-0.4751288538,0.1184035621
3.454312,1.015305,-15.170124,-1.271723,0.0876048862,-0.483642655,0.0949906088
3.455329,1.680593,-3.468943,-3.082652,0.0599350322,-0.2644122734,0.0045314707
3.456378,0.328401,2.026087,-0.555998,-0.0145607286,0.0484699218,-0.0997625944
3.457427,-1.70349,-1.649238,2.287688,-0.0496801586,0.1708558144,-0.1465885011
3.458477,-1.823578,-8.121162,1.435062,-0.0326525562,0.0559194979,-0.131689349
3.459493,-1.191914,-13.441405,1.026763,-0.0103038279,-0.1335125795,-0.0667716146
3.460542,-0.493002,-18.141511,1.242921,0.0131091254,-0.3133666305,0.0364582253
3.461594,0.020975,-20.672337,0.779381,0.0641919328,-0.4378809734,0.1226604628
3.462641,0.849583,-14.638579,-0.942682,0.1056967138,-0.4016973182,0.1301100388
3.463658,1.490854,-4.065135,-3.73353,0.0535496813,-0.144154831,0.0396509008
3.464706,-0.322477,0.493704,-0.356652,-0.0496801586,0.1389290598,-0.0848634422
3.465755,-1.929255,-0.636428,3.370883,-0.0816069132,0.1963972181,-0.1625518784
3.466804,-1.487331,-5.518505,0.435929,-0.0486159335,0.0686901997,-0.1838363815
3.467852,-1.316806,-13.740698,0.541607,-0.0145607286,-0.1175492022,-0.1295608987
3.46887,-0.944533,-20.468818,1.632007,0.0301367279,-0.3261373323,0.006659921
3.469919,-0.16396,-20.16713,1.026763,0.0939902371,-0.490028006,0.1407522904
3.470971,0.604604,-12.845212,0.212566,0.1397519187,-0.5102482839,0.1758717204
3.472017,1.498059,-5.607096,-3.757547,0.092926012,-0.2920821274,0.0811556818
3.473034,0.474908,-1.448112,-1.788102,-0.0411663574,0.0580479482,-0.0752854158
3.474083,-1.184709,-3.749081,1.168467,-0.086928039,0.1580851126,-0.222148487
3.475132,-1.057416,-13.738304,0.551214,-0.0337167813,-0.0026128856,-0.1636161036
3.476181,-1.016586,-21.445712,1.427857,0.0226871518,-0.1909807378,-0.0135603569
3.477198,-0.622697,-19.834315,1.567159,0.1025040383,-0.3687063385,0.1439449658
3.478247,-0.303262,-12.445356,1.026763,0.1631648721,-0.4719361784,0.2035415744
3.479296,1.072947,-6.380471,-3.394881,0.1248527666,-0.3527429611,0.1247889131
3.480348,1.48605,-1.381071,-3.322828,-0.0166891789,-0.0079340114,-0.0380375354
3.481394,-0.459377,0.807364,1.939433,-0.1199190188,0.2304524231,-0.1742583551
3.482411,-1.299994,-4.124994,1.766506,-0.1039556415,0.1900118672,-0.2200200367
3.48346,-0.961345,-14.08309,0.339859,-0.0390379071,0.0229285181,-0.1678730042
3.484509,-0.860471,-21.330783,1.353403,0.0312009531,-0.1601182083,-0.0263310588
3.485558,-0.658723,-19.580514,1.766506,0.1120820647,-0.3282657826,0.1290458137
3.486575,-0.896498,-12.368736,1.927424,0.1738071236,-0.4495874501,0.1939635481
3.487624,0.311589,-6.471456,-2.638326,0.1312381175,-0.3804128151,0.1205320125
3.488672,1.896752,-1.618111,-4.204275,-0.0049827022,-0.0356038654,-0.0380375354
3.489724,0.102635,0.646943,1.728077,-0.0933133899,0.2730214292,-0.1689372293
3.490739,-1.59541,-3.933446,1.610391,-0.0975702905,0.264507628,-0.2136346858
3.491787,-1.285583,-13.556333,0.159727,-0.0613866353,0.0644332991,-0.1646803287
3.492836,-1.004577,-20.689098,1.67764,0.0077879997,-0.150540182,-0.0327164097
3.493885,-0.793222,-19.721781,1.653623,0.0833479856,-0.3421007096,0.1152108867
3.494902,-1.316806,-13.676051,3.085073,0.1472014948,-0.4921564563,0.1833212965
3.495951,-0.610688,-6.390048,-0.250975,0.1376234684,-0.497477582,0.1237246879
3.497,1.77186,-0.092911,-3.966501,0.0226871518,-0.2282286182,-0.0273952839
3.498049,1.440417,0.570323,-0.433508,-0.0794784629,0.1474428611,-0.152973852
3.499101,-0.634706,-5.16893,0.445536,-0.1114052175,0.2868563562,-0.1902217324
3.500115,-0.793222,-19.901357,1.838559,-0.0124322782,-0.0824297721,-0.0242026084
3.501164,-0.822043,-19.424882,1.675239,0.0748341844,-0.2676049489,0.1013759597
3.502213,-1.780346,-14.142949,2.760835,0.1354950181,-0.4453305495,0.1524587671
3.503262,-1.369645,-5.85132,0.707329,0.128045442,-0.5304685618,0.0875410327
3.504279,0.998493,0.412296,-2.568675,0.0407789794,-0.3452933851,-0.0476155618
3.505328,1.884743,-0.282065,-1.754478,-0.0550012844,0.0505983721,-0.1423316005
3.506377,0.27316,-6.471456,-1.521507,-0.1167263433,0.3102693096,-0.1582949778
3.507426,-1.069425,-14.116611,0.426322,-0.1039556415,0.2283239727,-0.1061479453
3.508443,-0.711562,-17.8494,1.807336,-0.0134965034,-0.0164478126,-0.0103676814
3.509492,-0.891694,-17.729683,1.180476,0.0769626347,-0.2399350949,0.0705134302
3.510541,-2.234279,-15.416742,3.010618,0.1248527666,-0.448523225,0.0939263836
3.511592,-1.943666,-7.105958,2.001878,0.1216600911,-0.5815513692,0.0407151259
3.512639,0.453293,1.109052,-1.170849,0.072705734,-0.4644866023,-0.0603862637
3.513656,2.369899,-0.377839,-3.176321,-0.0113680531,-0.0792370967,-0.1231755477
3.514705,1.34915,-7.728489,-3.301212,-0.1103409924,0.2900490317,-0.117854422
3.515754,-0.81724,-14.107034,0.779381,-0.1156621181,0.3145262102,-0.0667716146
3.516803,-1.021389,-17.147856,2.213233,-0.0113680531,0.0591121733,0.0013387952
3.51782,-1.1727,-17.205321,1.000344,0.0684488334,-0.1973660887,0.0449720265
3.518869,-2.205458,-14.181258,3.065859,0.0961186874,-0.4080826691,0.0502931523
3.519918,-1.991701,-6.390048,2.760835,0.1152747402,-0.5581384158,0.0055956959
3.52097,-0.135139,0.352438,-0.260582,0.0971829126,-0.5006702575,-0.0689000649
3.521984,2.170553,-2.132896,-3.178723,0.0205587015,-0.1750173605,-0.1050837201
3.523033,2.069679,-9.56256,-4.622182,-0.0847995887,0.2410946746,-0.0859276674
3.524082,-0.274441,-14.602664,0.359073,-0.1028914163,0.3783797194,-0.0369733103
3.525131,-1.203923,-15.423925,2.599917,-0.017753404,0.1559566623,0.006659921
3.52618,-1.953273,-12.644087,3.918485,0.058870807,-0.3410364845,0.0183663977
3.527197,-2.150218,-7.814685,3.457346,0.0950544623,-0.4889637808,-0.0093034563
3.529294,1.723825,-4.881608,-1.338973,0.0663203831,-0.3229446568,-0.0784780913
3.530346,3.253747,-9.768474,-6.488351,-0.0262672052,0.098488504,-0.0635789391
3.528246,-0.978158,-2.781765,0.683311,0.0907975617,-0.511312509,-0.0603862637
3.531361,0.904824,-13.170843,-1.925003,-0.1092767672,0.4060495734,-0.0412302109
3.53241,-1.751525,-13.319293,3.161929,-0.0667077611,0.2879205814,-0.0124961318
3.533459,-1.739516,-10.838748,0.623267,-0.0071111525,-0.0047413359,-0.0007896551
3.534508,-1.669865,-11.068605,3.488569,0.0482285555,-0.2229074924,-0.0007896551
3.535525,-2.282314,-9.804389,3.385293,0.092926012,-0.3846697158,-0.0061107808
3.536573,-1.67707,-5.865686,1.007549,0.0769626347,-0.4942849066,-0.0316521845
3.537623,1.041724,-7.527364,-0.015602,0.0705772837,-0.4517159004,-0.0518724624
3.538671,3.503531,-11.231421,-6.483547,0.0163018009,-0.1047785003,-0.0571935882
3.539722,1.673388,-11.090154,-3.841609,-0.0762857875,0.2911132568,-0.0582578134
3.540737,-1.561786,-9.229745,3.361276,-0.0603224102,0.3006912832,-0.0444228864
3.541786,-1.943666,-9.081296,2.189216,0.0056595494,0.0644332991,-0.0263310588
3.542836,-1.862006,-11.985641,3.375686,0.0503570058,-0.1388337053,-0.0082392311
3.543884,-2.308734,-11.123675,3.077868,0.0609992574,-0.3218804317,0.0002745701
3.544901,-1.506545,-7.37652,0.829818,0.0343936285,-0.4910922311,-0.0188814827
3.54595,0.837575,-10.027063,0.097281,0.0354578537,-0.5219547606,-0.0327164097
3.546999,2.864662,-12.119724,-5.3283,0.0035310991,-0.2346139691,-0.03484486
3.548048,1.334739,-8.772425,-3.185928,-0.0624508605,0.1527639868,-0.0465513367
3.549065,-1.655455,-6.895256,3.310839,-0.0401021322,0.2070394697,-0.0518724624
3.550114,-1.890827,-7.742855,1.70406,0.00991645,0.029313869,-0.0454871115
3.551163,-1.206325,-10.70227,2.496641,0.0365220788,-0.1154207519,-0.0284595091
3.552212,-0.896498,-10.484384,0.224574,0.0407789794,-0.3878623912,0.0098525965
3.553261,0.724692,-13.573094,-1.084386,0.0184302512,-0.4474589998,-0.0007896551
3.554278,2.65811,-13.309715,-5.457995,-0.0188176292,-0.2069441151,-0.0284595091
3.555327,1.164214,-6.409203,-3.109072,-0.0720288868,0.1485070862,-0.0689000649
3.556376,-1.809167,-3.294155,3.464551,-0.0496801586,0.2123605954,-0.0869918925
3.557424,-1.967684,-5.619068,1.862576,0.0056595494,0.0825251267,-0.0699642901
3.558442,-1.153486,-9.490729,2.150788,0.0354578537,-0.0324111899,-0.0316521845
3.559491,-1.026193,-12.351976,3.356472,0.0546139064,-0.171824685,0.0173021725
3.560539,-0.805231,-15.153364,1.197288,0.0556781316,-0.3463576102,0.0524216026
3.561589,0.008967,-17.803908,0.075665,0.065256158,-0.4698077281,0.0439078014
3.562605,1.646968,-12.351976,-4.386809,0.0524854561,-0.365513663,-0.0114319066
3.563654,1.601335,-2.578245,-4.050562,-0.0252029801,-0.0494387924,-0.0848634422
3.564703,-1.208727,-0.748963,2.506248,-0.0603224102,0.1453144108,-0.1189186471
3.565752,-2.608954,-4.979777,2.688782,-0.0294598807,0.1048738549,-0.0965699189
3.56677,-1.893229,-9.102845,1.997075,0.0035310991,-0.0068697862,-0.0476155618
3.567818,-1.227941,-12.87155,2.410178,0.0248156021,-0.144154831,0.0173021725
3.568867,-0.324878,-17.756021,1.069995,0.037586304,-0.3197519814,0.0747703308
3.569916,0.443686,-19.831921,-0.070842,0.0620634825,-0.4506516753,0.0779630063
3.570965,1.313123,-12.505214,-3.344444,0.0631277077,-0.3953119673,0.0215590732
3.571982,1.548496,-1.615717,-3.008198,0.00991645,-0.122870328,-0.0646431643
3.573031,-0.670732,0.869617,1.194886,-0.0379736819,0.1304152586,-0.1231755477
3.57408,-2.448036,-4.321331,2.141181,-0.0358452316,0.153828212,-0.1210470974
3.575129,-1.874015,-9.294393,1.610391,-0.0113680531,0.0186716175,-0.0806065416
3.576146,-0.985363,-13.029577,1.588775,-0.0028542519,-0.157989758,-0.0146245821
3.577194,-0.221603,-18.297144,1.495107,0.00991645,-0.3282657826,0.0630638542
3.578243,0.51814,-20.200651,0.188548,0.0546139064,-0.4251102716,0.1013759597
3.579292,1.274695,-2.714723,-3.152303,0.0173660261,-0.0558241433,-0.03484486
3.580309,-0.980559,1.082714,1.125235,-0.0369094568,0.1836265163,-0.1242397729
3.581358,-2.443233,-1.864729,2.45341,-0.0411663574,0.1697915893,-0.1625518784
3.582407,-1.837988,-8.513835,0.969121,-0.017753404,0.0122862666,-0.139138925
3.583456,-1.122263,-14.787029,1.648819,0.0035310991,-0.1686320096,-0.0540009127
3.584505,-0.260031,-18.981927,1.401438,0.0258798273,-0.365513663,0.0588069535
3.585522,0.371633,-19.563754,0.532,0.0684488334,-0.4985418072,0.1269173634
3.58657,0.976877,-13.479714,-1.38941,0.0939902371,-0.4293671722,0.1077613106
3.587619,1.40439,-3.849644,-3.913662,0.0258798273,-0.1207418777,0.0077241462
3.588668,-0.348896,1.784258,0.375885,-0.0826711384,0.1825622911,-0.1104048459
3.589685,-2.063754,-0.423331,3.716737,-0.1028914163,0.2240670721,-0.1774510306
3.590734,-1.698686,-7.826657,0.834622,-0.0624508605,0.0921031531,-0.17319413
3.591783,-1.189513,-15.232377,1.065191,-0.0305241059,-0.0909435734,-0.0944414686
3.592832,-0.598679,-20.090511,1.33659,0.00991645,-0.3218804317,0.0332655499
3.593852,-0.12313,-19.851076,1.017156,0.0684488334,-0.5059913833,0.1322384891
3.594898,0.234732,-12.945774,0.49117,0.1152747402,-0.5166336348,0.1386238401
3.595947,1.272294,-4.412316,-3.745538,0.0705772837,-0.2739902998,0.0385866756
3.596996,0.542158,0.390747,-1.528712,-0.0581939599,0.0889104776,-0.1050837201
3.598045,-1.343225,0.110609,3.085073,-0.1231116942,0.2496084758,-0.1976713085
3.599062,-1.364841,-5.729208,0.901871,-0.0943776151,0.1495713114,-0.2136346858
3.600111,-1.033398,-14.906746,0.616062,-0.0496801586,-0.0366680905,-0.1476527263
3.601159,-0.81724,-21.620499,1.420652,0.0056595494,-0.2367424194,-0.0029181054
3.602208,-0.401735,-19.700232,1.535936,0.079091085,-0.4187249207,0.1418165155
3.603229,-0.120729,-11.988035,1.098816,0.1323023427,-0.5059913833,0.1854497468
3.604275,1.317927,-5.597519,-3.865627,0.079091085,-0.3421007096,0.089669483
3.605323,-0.502609,1.57595,2.95778,-0.1454604225,0.2496084758,-0.1955428582
3.606372,-1.237548,-5.070762,0.841827,-0.1114052175,0.181498066,-0.2317265134
3.607389,-1.074228,-16.463073,-0.010798,-0.0539370592,-0.0015486604,-0.1646803287
3.608438,-0.992568,-22.202326,1.379822,0.0205587015,-0.2037514396,-0.0103676814
3.609487,-0.605884,-18.258834,0.981129,0.1025040383,-0.3814770403,0.1343669395
3.610536,-0.718767,-11.482827,2.035503,0.1525226206,-0.4889637808,0.1833212965
3.611585,0.688665,-6.045262,-2.856887,0.1025040383,-0.3665778881,0.0981832842
3.612604,2.148937,-0.358684,-4.394014,-0.0475517083,0.0314423193,-0.0667716146
3.613651,0.165081,1.329332,2.251662,-0.1348181709,0.333682263,-0.1880932821
3.6147,-1.552179,-5.348506,1.413447,-0.1188547936,0.2932417071,-0.2157631361
3.615748,-1.259164,-16.03209,0.176539,-0.0752215623,0.0793324512,-0.1487169514
3.616765,-0.877284,-21.728245,2.028298,-0.0017900267,-0.1335125795,-0.0018538802
3.617814,-0.898899,-18.953195,1.7593,0.0876048862,-0.3176235311,0.1354311646
3.618863,-1.753927,-12.414229,2.782451,0.14826572,-0.4740646287,0.1694863695
3.619912,-0.920515,-4.670906,-1.110805,0.1099536144,-0.4815142047,0.0747703308
3.620929,1.505264,1.343698,-3.478943,-0.0134965034,-0.2058798899,-0.0806065416
3.621979,1.072947,-0.035447,-0.027611,-0.1028914163,0.1665989138,-0.1795794809
3.623027,-0.937328,-7.544124,-0.102065,-0.1326897206,0.2953701574,-0.1827721563
3.624076,-1.11746,-15.268293,0.952308,-0.1018271912,0.1389290598,-0.1125332962
3.625095,-0.382521,-19.072913,1.612793,-0.0188176292,-0.0856224476,-0.0018538802
3.626141,-0.879685,-18.893336,1.242921,0.0578065819,-0.2814398759,0.0917979333
3.627191,-2.205458,-14.346468,3.294026,0.1078251641,-0.4708719532,0.1162751118
3.628239,-1.446501,-4.716398,0.529598,0.0918617868,-0.538982363,0.0417793511
3.629288,1.084956,2.023693,-2.261249,0.0035310991,-0.3293300078,-0.0827349919
3.630306,1.867931,-0.490373,-1.980243,-0.0922491648,0.0644332991,-0.1551023023
3.631354,-0.963747,-15.079139,1.089209,-0.1358823961,0.2081036948,-0.0933772434
3.632403,-0.822043,-18.938829,2.040307,-0.0347810065,-0.0494387924,-0.0007896551
3.633452,-1.119862,-18.189398,1.475892,0.0546139064,-0.2718618495,0.0726418805
3.634472,-2.193449,-13.49408,3.428525,0.0993113629,-0.4644866023,0.0800914566
3.635518,-1.660258,-4.534428,1.70406,0.0939902371,-0.5762302434,0.006659921
3.636567,0.755915,1.35567,-1.199671,0.0397147543,-0.4432020992,-0.0955056937
3.637616,2.670119,-2.389091,-3.334837,-0.0507443838,-0.0430534414,-0.1412673753
3.638633,1.574916,-9.622419,-3.680691,-0.1465246476,0.327296912,-0.1231755477
3.639682,-0.649116,-13.853233,1.149253,-0.1486530979,0.3368749384,-0.0689000649
3.640731,-1.009381,-15.751951,1.994673,-0.0475517083,0.0825251267,-0.0018538802
3.641779,-1.463314,-17.559684,1.358206,0.0418432046,-0.1665035593,0.0460362517
3.642829,-2.498473,-14.676889,3.892065,0.079091085,-0.3761559145,0.0556142781
3.643848,-1.960478,-4.345274,2.141181,0.0769626347,-0.5283401115,-0.0039823305
3.644894,0.088225,1.221586,-0.001191,0.0556781316,-0.490028006,-0.0912487931
3.645943,2.319462,-4.192036,-3.277195,0.0045953242,-0.1803384863,-0.1199828723
3.646992,2.156142,-11.152407,-5.489218,-0.0965060654,0.2389662243,-0.0923130183
3.648009,-0.135139,-14.28661,0.625669,-0.1231116942,0.3719943685,-0.0422944361
3.649058,-1.196718,-14.61703,2.407776,-0.0390379071,0.1453144108,0.0045314707
3.650107,-1.561786,-14.50689,0.952308,0.0173660261,-0.1292556789,0.0215590732
3.651156,-2.246288,-12.591411,3.952109,0.0503570058,-0.3261373323,0.0173021725
3.652173,-1.979692,-5.245549,2.460615,0.0716415089,-0.4591654765,-0.0242026084
3.653224,-0.468984,-1.543886,0.356671,0.058870807,-0.462358152,-0.0859276674
3.65427,1.911162,-7.388491,-2.162777,0.0322651782,-0.2441919955,-0.0965699189
3.65532,2.619682,-12.39268,-5.945553,-0.0581939599,0.1570208875,-0.0678358397
3.656368,0.386043,-12.351976,-0.644864,-0.1209832439,0.3762512691,-0.0412302109
3.657385,-1.453707,-11.358321,2.866513,-0.0613866353,0.2070394697,-0.021009933
3.658435,-1.804364,-12.232259,3.726344,0.0450358801,-0.2697333992,-0.0050465557
3.659483,-1.996505,-7.984684,2.561489,0.058870807,-0.4155322452,-0.0231383833
3.660532,-0.922917,-4.680483,0.877854,0.0439716549,-0.4857711054,-0.0582578134
3.661549,1.697405,-8.858621,-1.490284,0.0301367279,-0.3474218354,-0.0699642901
3.662601,2.898287,-12.462116,-6.349049,-0.0475517083,0.0527268224,-0.0646431643
3.663648,0.38124,-10.948888,-1.017137,-0.1124694427,0.3390033887,-0.0582578134
3.664696,-1.914845,-8.509046,3.481364,-0.059258185,0.236837774,-0.048679787
3.665713,-1.768337,-9.016648,1.533535,-0.0017900267,0.0122862666,-0.0401659857
3.666762,-1.849997,-12.016767,3.812807,0.0354578537,-0.1707604599,-0.0220741581
3.667811,-2.133405,-10.340723,2.465418,0.0503570058,-0.3527429611,-0.0135603569
3.66886,-1.11746,-8.142711,0.493572,0.023751377,-0.5070556084,-0.0305879594
3.669909,1.344346,-11.976063,-1.290938,0.0131091254,-0.4708719532,-0.0433586612
3.670926,3.032785,-11.89705,-6.589225,-0.0369094568,-0.1058427255,-0.0550651379
3.671977,0.832771,-6.816242,-1.752076,-0.0975702905,0.2453515752,-0.0752854158
3.673024,-2.013317,-5.398788,3.62547,-0.0635150856,0.2261955224,-0.0795423164
3.674073,-1.936461,-8.501863,1.958647,-0.0071111525,0.0495341469,-0.0593220385
3.675089,-1.460912,-12.605777,3.555818,0.0312009531,-0.0930720237,-0.0231383833
3.676139,-1.448903,-11.873106,2.112359,0.0439716549,-0.2505773464,0.0045314707
3.677187,-0.932524,-11.042267,0.291824,0.0216229267,-0.4336240728,0.0013387952
3.678236,0.736701,-14.023231,-0.649667,0.0194944764,-0.4932206814,-0.0156888072
3.679254,2.417934,-10.879452,-5.462798,-0.0166891789,-0.2378066446,-0.0476155618
3.680303,0.671853,-5.164141,-2.085921,-0.0762857875,0.1038096298,-0.0869918925
3.681354,-2.027728,-4.450626,3.351669,-0.0635150856,0.1687273641,-0.0955056937
3.6824,-1.794757,-5.801038,1.509517,-0.0283956555,0.0548552727,-0.0795423164
3.683449,-0.788418,-13.661685,2.868914,0.0280082776,-0.1792742611,0.0034672456
3.684469,-0.324878,-16.079977,0.469554,0.0343936285,-0.3303942329,0.0375224505
3.685515,0.587791,-17.523769,-1.413427,0.0418432046,-0.4144680201,0.020494848
3.686564,1.968805,-10.580158,-5.138561,0.0216229267,-0.2558984722,-0.0391017606
3.687613,1.072947,-1.294874,-2.571077,-0.0411663574,0.0452772463,-0.1104048459
3.68863,-1.626633,-0.827976,2.76804,-0.0518086089,0.1772411654,-0.1380746999
3.689679,-2.337555,-5.731602,2.071529,-0.0188176292,0.1091307555,-0.1104048459
3.69073,-1.696285,-10.288047,2.26367,0.0035310991,-0.0238973887,-0.0571935882
3.691777,-1.033398,-14.399144,2.261269,0.0205587015,-0.178210036,0.0119810468
3.692794,-0.202388,-18.740098,1.142047,0.0418432046,-0.3314584581,0.0651923045
3.693845,0.508533,-18.301932,-0.534382,0.0695130586,-0.4187249207,0.0566785032
3.694891,1.481247,-9.687066,-4.213882,0.0482285555,-0.3069812795,-0.0178172575
3.69594,0.880806,-1.414592,-1.973038,-0.0220103046,-0.0217689384,-0.1072121704
3.696958,-1.756329,-0.356289,2.717603,-0.0560655095,0.1570208875,-0.1551023023
3.698007,-2.647382,-4.160909,1.92262,-0.0475517083,0.1091307555,-0.1572307527
3.699055,-1.741918,-9.35904,1.610391,-0.0241387549,-0.0324111899,-0.1199828723
3.700105,-1.004577,-14.41351,2.162796,-0.0081753776,-0.1973660887,-0.0391017606
3.701153,-0.147148,-19.405727,1.478294,0.0067237745,-0.3708347888,0.0577427284
3.70217,0.635827,-19.599669,0.45034,0.0503570058,-0.4666150526,0.1024401848
3.703221,1.64937,-11.264942,-3.279597,0.0599350322,-0.3538071863,0.0524216026
3.704268,1.524479,-1.864729,-3.253177,-0.0081753776,-0.0387965408,-0.0603862637
3.705317,-0.956542,1.343698,1.874585,-0.0699004365,0.1900118672,-0.1614876533
3.706333,-2.193449,-1.907827,2.12677,-0.0699004365,0.1527639868,-0.2061851097
3.707383,-1.645847,-9.356646,0.760167,-0.0379736819,-0.0036771108,-0.180643706
3.708431,-1.23995,-16.525326,1.807336,-0.0060469273,-0.171824685,-0.0795423164
3.70948,-0.428154,-20.037835,1.228511,0.0333294034,-0.3527429611,0.0556142781
3.710497,1.353953,-11.25297,-2.261249,0.0950544623,-0.3836054906,0.1013759597
3.711546,1.344346,-3.856827,-3.851216,0.0014026488,-0.061145269,-0.0199457078
3.712598,-0.697151,1.164122,1.413447,-0.1156621181,0.2102321451,-0.1487169514
3.713644,-1.780346,-0.121643,3.056252,-0.1241759194,0.2049110194,-0.2210842619
3.714693,-1.41768,-8.468343,0.212566,-0.0720288868,0.0559194979,-0.2168273613
3.71571,-1.372047,-17.703345,1.29576,-0.0262672052,-0.1249987783,-0.1157259717
3.716758,-0.752392,-21.041067,1.531133,0.0354578537,-0.3293300078,0.0407151259
3.717807,-0.099113,-17.250813,1.163663,0.100375588,-0.4857711054,0.1482018664
3.718857,0.570979,-10.367061,-0.541588,0.1227243163,-0.4687435029,0.1375596149
3.719873,1.478845,-4.45302,-4.199472,0.0397147543,-0.1824669366,0.0151737222
3.720922,0.114644,-0.377839,-0.366259,-0.0975702905,0.1687273641,-0.1370104747
3.721973,-1.532965,0.144129,3.077868,-0.1390750715,0.2602507274,-0.2370476392
3.72302,-1.206325,-6.670187,0.378287,-0.0975702905,0.1240299077,-0.2551394668
3.724037,-1.1727,-17.528558,0.942701,-0.045423258,-0.0654021697,-0.1636161036
3.725086,-1.016586,-22.262185,1.567159,0.0269440524,-0.2633480482,0.0087883713
3.726135,-0.476189,-16.827014,1.848166,0.1035682635,-0.4293671722,0.1503303168
3.727184,0.184295,-9.002282,0.813006,0.1354950181,-0.4783215293,0.1684221444
3.729249,1.253079,-1.986841,-1.94902,-0.0709646617,0.1048738549,-0.1082763956
3.728232,1.668584,-5.286253,-4.29314,0.0641919328,-0.2697333992,0.0534858278
3.730298,-0.759597,0.290185,2.50865,-0.1337539458,0.2751498795,-0.2232127122
3.731349,-1.153486,-5.422731,0.493572,-0.114597893,0.1623420132,-0.2562036919
3.732396,-1.153486,-16.894055,0.813006,-0.0645793108,-0.0334754151,-0.1795794809
3.733413,-1.230343,-22.647675,1.735283,0.0173660261,-0.2122652409,-0.0103676814
3.734462,-0.975756,-17.681796,2.061922,0.1078251641,-0.3623209875,0.1418165155
3.73551,-0.677937,-9.531433,1.564758,0.1461372696,-0.4538443507,0.1758717204
3.73656,2.093696,-0.344318,-2.477408,-0.0635150856,0.0463414715,-0.097634144
3.737576,-0.075095,-0.92375,2.239653,-0.1220474691,0.2815352304,-0.2029924343
3.738625,-1.299994,-7.441167,0.104486,-0.1092767672,0.2123605954,-0.2189558116
3.739674,-1.047809,-16.408003,0.347064,-0.0667077611,0.0069651408,-0.1487169514
3.740725,-0.819641,-21.364304,1.559954,0.0067237745,-0.1920449629,-0.007175006
3.741772,-1.016586,-18.357002,1.953843,0.0897333365,-0.3548714115,0.1205320125
3.742789,-1.655455,-10.745368,2.619131,0.1386876936,-0.4687435029,0.1439449658
3.743838,-0.132737,-2.901482,-2.405355,0.079091085,-0.3867981661,0.0385866756
3.744886,1.822297,1.233558,-2.986582,-0.0486159335,-0.0419892163,-0.1125332962
3.745935,0.414864,-1.716279,0.6689,-0.1220474691,0.2772783298,-0.1997997588
3.746953,-1.314404,-9.268055,-0.058834,-0.1241759194,0.2932417071,-0.1934144079
3.748001,-0.968551,-16.029695,0.851434,-0.0752215623,0.0857178022,-0.1167901968
3.74905,-0.53143,-19.130377,1.223707,0.0056595494,-0.1462832813,-0.007175006
3.750102,-1.360038,-18.282778,1.809737,0.0780268598,-0.3538071863,0.0790272315
3.751117,-2.28952,-12.378314,3.200358,0.1131462899,-0.5294043367,0.0907337082
3.752165,-0.920515,-2.456133,-0.479142,0.0833479856,-0.538982363,0.0055956959
3.753214,1.632558,2.38524,-2.717584,-0.0103038279,-0.2527057967,-0.1104048459
3.754263,1.855922,-2.688385,-2.482212,-0.114597893,0.1719200396,-0.1646803287
3.75528,0.016172,-10.901001,-1.250108,-0.1614237998,0.3709301433,-0.1402031502
3.756329,-0.87248,-16.491805,2.230046,-0.1018271912,0.223002847,-0.0710285152
3.757378,-0.692348,-17.830246,1.588775,-0.0017900267,-0.039860766,-0.0029181054
3.759478,-2.563321,-12.272962,3.810405,0.0876048862,-0.4910922311,0.0194306229
3.760493,-1.472921,-3.267817,1.37742,0.0897333365,-0.5751660183,-0.0454871115
3.761541,0.993689,1.736371,-1.615175,0.0471643304,-0.3942477421,-0.1221113226
3.758427,-1.581,-16.549269,1.442268,0.0567423567,-0.2761187501,0.0311370995
3.76259,1.17142,-11.389448,-3.409292,-0.1518457734,0.3730585936,-0.1125332962
3.763639,-0.841257,-16.343355,2.804067,-0.1177905685,0.3155904353,-0.0454871115
3.764656,-1.15829,-17.241236,1.932227,-0.0092396028,0.0261211936,0.0130452719
3.765705,-1.475322,-15.287447,1.406241,0.0386505291,-0.2335497439,0.0332655499
3.766754,-1.986898,-10.335934,4.00735,0.0556781316,-0.4389451986,0.0109168216
3.767803,-1.518554,-3.64373,2.037905,0.0758984095,-0.5464319391,-0.0529366876
3.76882,0.265955,-1.158396,0.212566,0.0641919328,-0.4517159004,-0.1104048459
3.769869,2.624486,-5.259915,-4.307551,-0.0103038279,-0.109035401,-0.117854422
3.770918,2.124919,-11.765361,-5.215417,-0.1167263433,0.2964343826,-0.0912487931
3.77197,-0.793222,-15.917161,1.483098,-0.1188547936,0.3730585936,-0.0422944361
3.773016,-1.862006,-14.602664,1.768907,-0.0379736819,0.1112592058,-0.0018538802
3.774033,-1.705892,-11.885078,1.15886,0.0109806751,-0.1633108838,0.0002745701
3.775082,-1.970085,-10.522694,4.079403,0.0471643304,-0.3442291599,-0.0188814827
3.776131,-1.761132,-6.349344,2.201225,0.0663203831,-0.4463947747,-0.0550651379
3.77718,-0.159157,-4.062741,0.459947,0.0641919328,-0.4251102716,-0.090184568
3.778197,2.499594,-7.603983,-3.265186,0.0258798273,-0.1803384863,-0.0912487931
3.779246,2.722958,-11.262547,-6.243371,-0.0816069132,0.2283239727,-0.076349641
3.780295,-0.175969,-12.694368,0.805801,-0.1199190188,0.3954073219,-0.0561293631
3.781346,-1.934059,-11.877895,2.854504,-0.0528728341,0.1878834169,-0.0337806348
3.782361,-1.813971,-11.317617,1.298162,-0.0017900267,-0.0792370967,-0.0231383833
3.78341,-2.020522,-10.953676,4.569362,0.0397147543,-0.2676049489,-0.0178172575
3.784459,-2.106986,-7.208915,2.009084,0.0524854561,-0.4176606955,-0.0316521845
3.785508,-0.58667,-6.701313,0.440733,0.0439716549,-0.4953491317,-0.0561293631
3.786556,2.297846,-10.786072,-2.196402,0.0322651782,-0.3421007096,-0.062514714
3.787574,3.155275,-11.123675,-6.990319,-0.0581939599,0.0867820273,-0.0710285152
3.788622,0.150671,-9.485941,0.162129,-0.1177905685,0.3656090176,-0.0774138661
3.789671,-1.837988,-9.485941,1.711265,0.0003384236,0.0218642929,-0.0454871115
3.790723,-1.823578,-11.686347,4.084206,0.0343936285,-0.1569255329,-0.0242026084
3.791738,-1.797159,-9.586503,1.987468,0.0354578537,-0.3431649348,-0.0124961318
3.792786,-0.476189,-9.550588,0.45034,0.0120449003,-0.4985418072,-0.0273952839
3.793835,1.740637,-14.030414,-2.150768,0.0088522248,-0.434688298,-0.0412302109
3.794884,2.722958,-11.027901,-6.305817,-0.0337167813,-0.0685948451,-0.062514714
3.795902,0.129055,-5.231183,-0.034816,-0.0677719862,0.2102321451,-0.0933772434
3.79695,-2.282314,-5.288648,3.35407,-0.0294598807,0.1516997617,-0.0955056937
3.797999,-1.782748,-8.16426,1.437464,0.0067237745,0.0101578162,-0.0689000649
3.799048,-1.259164,-10.991986,3.077868,0.0322651782,-0.1015858249,-0.0284595091
3.800099,-1.098246,-12.105358,1.559954,0.037586304,-0.2537700219,0.0077241462
3.801114,-0.365708,-14.959422,0.342261,0.0141733506,-0.4112753446,0.0162379474
3.802163,1.277097,-16.056033,-2.225223,0.0056595494,-0.3942477421,-0.0103676814
3.803212,2.182561,-8.762847,-5.904723,-0.0411663574,-0.1037142752,-0.0731569655
3.804261,-0.142344,-2.635709,-0.104467,-0.086928039,0.1634062384,-0.1274324483
3.805277,-2.313537,-2.765004,3.378088,-0.0581939599,0.1697915893,-0.1263682232
3.806327,-1.994103,-5.908784,1.247725,-0.0230745298,0.0654975242,-0.0965699189
3.807376,-1.525759,-11.339167,2.76804,-0.0007258016,-0.0473103421,-0.0444228864
3.808424,-0.925319,-14.808578,2.42699,0.0301367279,-0.1941734133,0.0290086492
3.809442,-0.130336,-17.167011,0.75056,0.0450358801,-0.365513663,0.061999629
3.81049,0.671853,-17.380108,-1.915396,0.0429074297,-0.448523225,0.0268801989
3.811539,1.920769,-8.942424,-4.70144,0.0024668739,-0.2718618495,-0.0454871115
3.812588,0.919234,-0.052207,-1.04836,-0.059258185,0.0505983721,-0.1167901968
3.813637,-1.749123,-0.171925,2.573498,-0.0752215623,0.1963972181,-0.1433958257
3.814655,-2.287118,-5.836953,2.145984,-0.0496801586,0.1197730071,-0.1210470974
3.815703,-1.002175,-16.245187,2.246858,0.0056595494,-0.1899165126,0.0183663977
3.816752,0.001761,-19.647556,1.269341,0.0386505291,-0.3452933851,0.075834556
3.817801,0.748709,-17.044899,-1.374999,0.065256158,-0.4229818213,0.0566785032
3.818818,1.517273,-8.161866,-3.476541,0.0439716549,-0.2899536771,-0.0242026084
3.819867,0.715085,-0.660372,-1.451856,-0.0166891789,0.0197358426,-0.1135975214
3.820916,-1.684276,0.541591,1.312573,-0.0688362114,0.2155532709,-0.1700014545
3.821965,-2.392796,-4.347669,1.831353,-0.0741573372,0.1548924371,-0.1763868054
3.822983,-1.780346,-11.075788,1.651221,-0.0507443838,-0.0313469647,-0.125303998
3.824031,-0.968551,-16.484622,1.665632,-0.0379736819,-0.2314212936,-0.0220741581
3.82508,0.153072,-19.365023,1.795327,-0.0049827022,-0.3963761924,0.0886052578
3.826129,0.820762,-17.73926,-0.080449,0.0535496813,-0.4527801256,0.1247889131
3.827146,1.555701,-10.520299,-3.219553,0.058870807,-0.2974032532,0.0609354038
3.828195,1.084956,-0.935722,-2.278062,-0.017753404,0.0133504917,-0.0657073894
3.829244,-1.143879,2.406789,2.292492,-0.0847995887,0.1910760924,-0.1763868054
3.830293,-1.883622,-3.116973,2.340527,-0.0720288868,0.1325437089,-0.2146989109
3.831341,-1.537768,-11.367899,0.459947,-0.0401021322,-0.0164478126,-0.1721299048
3.832359,-1.244753,-17.559684,1.742488,-0.017753404,-0.1931091881,-0.0614504888
3.833407,-0.348896,-19.937272,1.154056,0.0205587015,-0.3740274642,0.0705134302
3.834457,0.441284,-16.977858,0.289422,0.0631277077,-0.4527801256,0.1439449658
3.835506,1.507666,-9.315942,-2.482212,0.0482285555,-0.2995317035,0.1045686351
3.836523,1.190634,-2.120924,-3.577415,-0.0571297347,0.0335707696,-0.0284595091
3.837572,-1.15829,0.500887,2.599917,-0.1433319721,0.2389662243,-0.1519096269
3.838621,-1.660258,-1.891067,2.254063,-0.1252401445,0.1910760924,-0.2104420103
3.839669,-1.052612,-9.758896,-0.512767,-0.0784142378,0.0335707696,-0.1987355336
3.840686,-1.155888,-18.697,1.70406,-0.0347810065,-0.1611824335,-0.0912487931
3.841735,-0.099113,-16.360116,1.17327,0.1056967138,-0.4878995557,0.1599083431
3.842785,0.693469,-8.987916,-1.334169,0.1184674157,-0.4155322452,0.1301100388
3.843834,1.582121,-3.1481,-4.970437,0.0035310991,-0.0707232954,-0.0103676814
3.844882,-0.115925,0.577507,0.788988,-0.1465246476,0.2634434028,-0.159359203
3.845899,-1.494536,-0.552626,3.092278,-0.1667449255,0.299627058,-0.235983414
3.846948,-1.136674,-9.186647,0.181343,-0.1039556415,0.1463786359,-0.2253411625
3.847997,-1.165495,-19.17587,1.326983,-0.0432948077,-0.0419892163,-0.1157259717
3.849046,-0.826847,-21.560641,1.509517,0.0343936285,-0.24099932,0.048164702
3.850063,-0.77641,-15.81181,2.030699,0.1110178396,-0.4229818213,0.1609725683
3.851112,-0.452172,-9.593686,0.075665,0.1248527666,-0.4878995557,0.1482018664
3.852161,1.719021,-4.206402,-4.804716,0.0290725027,-0.2590911476,0.0141094971
3.85321,1.63496,1.125812,-1.221286,-0.0975702905,0.1421217353,-0.1465885011
3.85423,-0.870078,-0.387416,2.820879,-0.1358823961,0.3092050844,-0.2295980631
3.855276,-1.453707,-9.224957,0.721739,-0.1103409924,0.1846907414,-0.2168273613
3.856325,-1.043005,-18.567705,1.069995,-0.0656435359,-0.0292185144,-0.1135975214
3.857374,-0.66833,-21.067405,1.790523,0.0024668739,-0.2282286182,0.0407151259
3.858423,-0.889292,-16.352933,2.172403,0.0780268598,-0.3878623912,0.1503303168
3.85944,-0.956542,-10.218611,1.096414,0.0993113629,-0.4602297017,0.1482018664
3.860489,1.166616,-3.739504,-3.608638,0.0194944764,-0.2878252268,0.0279444241
3.861538,1.661379,0.953419,-1.401419,-0.0901207145,0.0782682261,-0.125303998
3.862587,-0.471386,-0.866286,1.903406,-0.142267747,0.285792131,-0.2115062355
3.863606,-1.324011,-9.08369,-0.205341,-0.1348181709,0.2006541188,-0.20831356
3.864653,-1.004577,-17.935597,1.113226,-0.0752215623,-0.0068697862,-0.1157259717
3.865702,-0.622697,-20.392199,1.346197,0.0067237745,-0.2048156648,0.0247517486
3.866751,-1.069425,-17.011378,1.850567,0.0737699592,-0.3697705636,0.1269173634
3.867768,-1.566589,-10.838748,2.266072,0.1056967138,-0.4708719532,0.131174264
3.868817,1.848716,0.745111,-2.873699,-0.0677719862,0.0165431672,-0.1274324483
3.869866,0.213116,-1.840786,0.606455,-0.1337539458,0.3113335347,-0.200863984
3.870915,-1.326413,-8.537779,-0.664078,-0.1412035218,0.2868563562,-0.194478633
3.872091,-1.249557,-16.762366,1.029165,-0.0922491648,0.0516625972,-0.1157259717
3.872981,-0.915712,-20.75614,1.937031,-0.003918477,-0.1750173605,0.0141094971
3.87403,-1.424885,-17.882921,2.410178,0.0748341844,-0.3527429611,0.1152108867
3.875079,-1.974889,-9.555377,2.775246,0.1025040383,-0.5049271581,0.1120182112
3.876128,-0.423351,-1.036284,-1.418231,0.051421231,-0.4889637808,-0.0029181054
3.877145,1.959197,-0.241361,-2.542256,-0.045423258,-0.185659612,-0.1242397729
3.878194,1.783869,-4.939073,-1.958627,-0.1369466212,0.2198101715,-0.1678730042
3.879243,-0.262432,-10.05819,-1.204474,-0.1805798525,0.3677374679,-0.1476527263
3.880292,-1.047809,-15.972231,2.254063,-0.1220474691,0.1974614433,-0.083799217
3.881309,-0.95414,-18.910097,1.992271,-0.0113680531,-0.0387965408,0.0055956959
3.882359,-1.842792,-16.163779,2.194019,0.0599350322,-0.2505773464,0.0609354038
3.883406,-2.484062,-9.23214,3.678308,0.072705734,-0.4591654765,0.0428435762
3.884456,-1.271173,-1.359522,1.170869,0.051421231,-0.5443034888,-0.0401659857
3.885475,1.255481,-0.250938,-1.564738,0.0077879997,-0.3697705636,-0.1125332962
3.886521,2.696538,-6.29188,-4.711047,-0.0890564893,0.0463414715,-0.1242397729
3.88757,1.068144,-12.356765,-2.695968,-0.1752587268,0.3677374679,-0.0955056937
3.888619,-1.069425,-16.209272,2.943369,-0.12843282,0.2825994556,-0.048679787
3.889668,-1.352833,-16.345749,1.314974,-0.0432948077,-0.0058055611,-0.0124961318
3.890685,-1.547375,-13.577882,1.696855,-0.0092396028,-0.24099932,0.0002745701
3.891734,-2.054147,-9.584109,4.122634,0.0397147543,-0.4251102716,-0.0050465557
3.892783,-1.573795,-3.36838,1.310171,0.065256158,-0.511312509,-0.0454871115
3.893832,2.996759,-8.226513,-4.735065,-0.0347810065,-0.061145269,-0.1050837201
3.894851,2.033652,-12.929014,-4.867161,-0.1390750715,0.3209115611,-0.0859276674
3.895898,-0.79082,-13.419855,1.660828,-0.1433319721,0.354966766,-0.0518724624
3.896947,-1.737114,-12.452539,1.893799,-0.0528728341,0.1016811795,-0.0178172575
3.897995,-1.809167,-11.856346,2.160395,0.0109806751,-0.136705255,0.0002745701
3.899013,-2.260699,-10.759734,4.252329,0.0439716549,-0.3197519814,-0.0050465557
3.900062,-1.910041,-6.18174,1.780916,0.0386505291,-0.4517159004,-0.0422944361
3.901111,0.213116,-4.644568,0.332654,0.023751377,-0.4432020992,-0.0859276674
3.902159,2.831037,-9.694249,-4.076982,-0.0198818543,-0.1696962347,-0.0933772434
3.903208,2.379506,-12.181977,-5.729394,-0.1231116942,0.2570580519,-0.0795423164
3.904228,-0.569858,-10.38861,1.552749,-0.1443961973,0.3879577458,-0.0582578134
3.905275,-1.818774,-9.981571,3.020225,-0.0560655095,0.1687273641,-0.03484486
3.906323,-1.902836,-12.371131,2.321313,0.0120449003,-0.0696590703,-0.0167530324
3.907372,-2.332751,-11.767755,4.016957,0.0301367279,-0.2644122734,-0.0103676814
3.908389,-1.883622,-6.375682,1.238118,0.0205587015,-0.4506516753,-0.0380375354
3.909438,0.083421,-6.775538,0.051647,0.0184302512,-0.5294043367,-0.0689000649
3.910487,2.682128,-12.18916,-3.587022,-0.0060469273,-0.3123024053,-0.0689000649
3.911536,2.569245,-11.813248,-6.024811,-0.0901207145,0.1431859605,-0.0667716146
3.912553,-0.651518,-8.609609,1.310171,-0.1082125421,0.3539025409,-0.0689000649
3.913604,-2.205458,-7.903276,2.638345,-0.0422305825,0.1921403175,-0.0657073894
3.91465,-1.465715,-8.884959,1.106021,-0.0060469273,-0.0079340114,-0.0582578134
3.9157,-1.352833,-10.228189,4.074599,0.0248156021,-0.1569255329,-0.0327164097
3.917765,-0.584269,-12.402257,0.224574,0.0077879997,-0.4559728011,-0.0039823305
3.918815,2.000027,-14.957027,-3.128286,-0.003918477,-0.3750916894,-0.0242026084
3.919863,2.73977,-9.63439,-6.58202,-0.0603224102,-0.0047413359,-0.0731569655
3.920912,-2.38559,-3.950207,3.848833,-0.0645793108,0.1612777881,-0.1093406207
3.916748,-1.626633,-10.065373,1.96345,0.0312009531,-0.3176235311,-0.0082392311
3.921929,-1.797159,-8.590454,1.819344,-0.0188176292,0.0314423193,-0.0710285152
3.922981,-1.369645,-12.701551,3.875253,0.0141733506,-0.074980196,-0.0146245821
3.924027,-1.006979,-12.675213,1.958647,0.0173660261,-0.2335497439,0.0311370995
3.925076,-0.358503,-14.463791,0.23178,-0.0007258016,-0.4155322452,0.0258159738
3.926093,0.794343,-17.008984,-2.11234,0.0067237745,-0.4378809734,-0.021009933
3.927142,1.99042,-9.30397,-5.225024,-0.0220103046,-0.1601182083,-0.0827349919
3.928191,0.261152,-0.076151,-0.308617,-0.0709646617,0.1474428611,-0.1412673753
3.92924,-2.366376,-1.507971,3.221974,-0.0645793108,0.1889476421,-0.1540380772
3.930288,-2.428822,-7.936797,1.915415,-0.0337167813,0.0761397758,-0.1104048459
3.931306,-1.653053,-11.808459,2.429392,-0.0049827022,-0.0473103421,-0.0391017606
3.932357,-0.915712,-13.288166,1.999477,0.0056595494,-0.199494539,0.0322013247
3.933403,-0.017453,-17.480671,0.774578,0.0035310991,-0.3750916894,0.061999629
3.934452,1.096965,-19.106433,-1.953824,0.0056595494,-0.4357525231,0.0407151259
3.935472,2.242605,-8.820312,-4.437246,-0.0305241059,-0.2282286182,-0.0252668336
3.936518,0.868797,1.887215,-0.611239,-0.0879922642,0.07081865,-0.1093406207
3.937567,-1.797159,0.740322,2.907343,-0.0943776151,0.1665989138,-0.1540380772
3.938616,-2.243886,-6.672581,1.680042,-0.0624508605,0.0772040009,-0.1370104747
3.939633,-1.559384,-12.861972,1.67764,-0.0305241059,-0.0685948451,-0.0731569655
3.940682,-0.733178,-16.592367,1.980262,-0.003918477,-0.2378066446,0.0183663977
3.941732,0.181894,-19.609247,0.270208,0.0290725027,-0.3899908415,0.0800914566
3.94278,0.924038,-17.653064,-2.052296,0.058870807,-0.4112753446,0.0651923045
3.943829,1.709414,-7.807502,-3.983313,0.0301367279,-0.1792742611,-0.0167530324
3.944848,0.297178,0.582295,-0.94028,-0.0464874832,0.1548924371,-0.1189186471
3.945895,-2.2631,0.713984,3.154724,-0.0816069132,0.2794067801,-0.1785152557
3.946944,-1.708293,-11.820431,0.85864,-0.0486159335,-0.0175120377,-0.1327535741
3.947992,-1.004577,-16.791098,1.860174,-0.0305241059,-0.2324855188,-0.0295237342
3.949009,0.028181,-19.388967,1.28135,0.0045953242,-0.4219175961,0.0768987812
3.950058,0.398052,-17.693768,0.58724,0.0535496813,-0.4921564563,0.1184035621
3.951107,1.233865,-9.478758,-2.65754,0.051421231,-0.3250731072,0.0641280793
3.952156,1.13059,-0.413754,-3.082652,-0.0411663574,0.0250569684,-0.0603862637
3.953173,-1.146281,2.023693,2.451008,-0.1252401445,0.2325808734,-0.17319413
3.954225,-1.910041,-2.858384,2.357339,-0.1188547936,0.1751127151,-0.2168273613
3.955271,-1.372047,-11.513954,0.493572,-0.0773500126,0.0165431672,-0.1817079312
3.95632,-1.059818,-19.118405,1.997075,-0.0390379071,-0.1739531353,-0.0646431643
3.957337,-0.322477,-21.390642,1.103619,0.0141733506,-0.3697705636,0.0811556818
3.958386,-0.058283,-16.700113,1.0772,0.0716415089,-0.4825784299,0.1556514425
3.959435,0.866396,-8.181021,-2.133956,0.0748341844,-0.3857339409,0.10350441
3.960484,1.399587,-1.055439,-4.050562,-0.0347810065,-0.0600810439,-0.048679787
3.961532,-0.569858,1.274262,2.088342,-0.1507815482,0.2123605954,-0.1859648318
3.962549,-1.451305,-2.214304,2.244456,-0.1465246476,0.2219386218,-0.2402403146
3.963601,-0.930122,-10.912972,-0.190931,-0.0943776151,0.0718828752,-0.2136346858
3.964647,-0.886891,-19.863048,1.206895,-0.0464874832,-0.1218061028,-0.0923130183
3.965696,-0.353699,-21.249375,1.021959,0.0269440524,-0.3048528292,0.0715776554
3.966713,-0.262432,-14.882802,1.807336,0.100375588,-0.4325598477,0.1694863695
3.967762,0.335606,-8.094824,-1.521507,0.100375588,-0.3963761924,0.1375596149
3.96986,0.270759,-0.073756,0.459947,-0.1550384488,0.2400304494,-0.1646803287
3.968811,1.618147,-3.557534,-5.016071,-0.0209460795,-0.0920077985,-0.0082392311
3.970877,-1.283181,-1.019524,2.54948,-0.1720660513,0.2900490317,-0.2455614404
3.971926,-1.014184,-9.34228,0.157325,-0.1156621181,0.1368006095,-0.2349191889
3.974023,-0.855668,-15.342517,2.297295,0.1184674157,-0.4006330931,0.1748074953
3.975072,-0.031863,-7.505814,-0.378268,0.1227243163,-0.4357525231,0.1567156677
3.972977,-0.944533,-22.159228,1.780916,0.0365220788,-0.24099932,0.0534858278
3.976089,2.045661,-3.083453,-4.63419,0.0141733506,-0.1931091881,0.0098525965
3.977138,1.274695,-0.382627,0.013219,-0.1018271912,0.1740484899,-0.1497811766
3.978187,-0.956542,-1.646843,2.33092,-0.1358823961,0.3028197335,-0.2295980631
3.979236,-1.273574,-9.622419,-0.140494,-0.1167263433,0.1612777881,-0.2200200367
3.980253,-1.134272,-19.02742,1.228511,-0.0677719862,-0.0579525936,-0.1135975214
3.981302,-0.894096,-21.112898,1.449473,0.0045953242,-0.2495131212,0.0449720265
3.982353,-1.203923,-15.514911,2.751228,0.0822837604,-0.3867981661,0.1556514425
3.9834,-1.136674,-8.53299,1.348599,0.1025040383,-0.4293671722,0.1460734161
3.984417,1.024912,-2.949369,-4.122615,0.0077879997,-0.2346139691,0.0109168216
3.985466,1.466836,0.127369,-1.336571,-0.1050198666,0.1250941328,-0.1476527263
3.986515,-0.593876,-2.295712,1.435062,-0.1465246476,0.3123977599,-0.2242769373
3.987563,-1.422484,-10.060584,-0.431107,-0.1380108464,0.20916792,-0.2093777852
3.988612,-1.100647,-17.696162,1.012352,-0.0858638138,-0.0164478126,-0.1104048459
3.98963,-0.771606,-19.800795,1.341394,-0.0092396028,-0.2175863666,0.0279444241
3.990678,-1.25436,-16.496593,2.515855,0.0663203831,-0.3836054906,0.1301100388
3.99173,-1.713097,-9.459603,2.357339,0.0982471377,-0.4953491317,0.1279815885
3.992776,0.342812,-1.689942,-2.808851,0.0280082776,-0.3953119673,0.0077241462
3.993793,2.309855,0.321311,-2.599898,-0.0805426881,-0.0313469647,-0.1295608987
3.994842,0.962466,-4.096262,-0.745738,-0.1529099985,0.3145262102,-0.1859648318
3.995891,-0.877284,-10.951282,-0.433508,-0.1635522501,0.3496456403,-0.1636161036
3.99694,-0.805231,-16.59955,2.011485,-0.0933133899,0.1431859605,-0.0827349919
3.997957,-0.649116,-18.179821,1.473491,0.0024668739,-0.0781728715,0.0173021725
3.999006,-1.931657,-16.549269,2.484633,0.072705734,-0.2888894519,0.0790272315
4.000054,-0.70916,-0.964454,-0.515168,0.0407789794,-0.5187620851,-0.0273952839
4.001106,2.021643,0.527225,-2.033082,-0.0347810065,-0.2527057967,-0.1146617465
4.002152,2.208981,-5.71963,-3.834404,-0.1412035218,0.1857549666,-0.1327535741
4.003169,0.09543,-12.450144,-1.615175,-0.1986716801,0.4060495734,-0.097634144
4.004218,-1.232744,-16.724057,3.03944,-0.1177905685,0.2261955224,-0.0391017606
4.005267,-1.283181,-16.91321,0.851434,-0.0209460795,-0.0696590703,0.0034672456
4.006315,-1.741918,-14.320131,1.82655,0.0173660261,-0.2899536771,0.0151737222
4.007332,-2.22227,-9.349463,4.012153,0.0663203831,-0.4581012514,-0.0039823305
4.008381,-1.285583,-2.654864,0.582437,0.0886691114,-0.497477582,-0.0614504888
4.00943,1.272294,-1.158396,-1.848146,0.0461001052,-0.3186877562,-0.1093406207
4.010481,2.936715,-5.92315,-5.215417,-0.0603224102,0.0676259745,-0.1146617465
4.011496,1.255481,-12.222681,-3.507764,-0.1539742237,0.3815723949,-0.0869918925
4.012545,-1.165495,-16.534903,3.097082,-0.1071483169,0.3113335347,-0.0316521845
4.013593,-1.617026,-15.617868,1.559954,-0.017753404,0.0197358426,0.0130452719
4.014642,-1.689079,-12.426201,1.742488,0.0131091254,-0.227164393,0.0162379474
4.01566,-1.982094,-8.640736,4.382025,0.0386505291,-0.3985046428,-0.0093034563
4.017757,0.386043,-4.251895,0.229378,0.0397147543,-0.3846697158,-0.0923130183
4.016708,-1.513751,-3.775419,1.833755,0.0492927807,-0.4676792777,-0.0593220385
4.018806,2.756583,-9.169887,-4.305149,-0.017753404,-0.0760444212,-0.0848634422
4.019857,2.232998,-11.501982,-4.910393,-0.1231116942,0.3070766341,-0.0646431643
4.020872,-0.661125,-12.368736,1.946638,-0.1305612703,0.361352117,-0.0401659857
4.021921,-1.946068,-12.802114,2.381357,-0.0496801586,0.1091307555,-0.0156888072
4.022972,-1.813971,-12.356765,2.20843,-0.0007258016,-0.1335125795,-0.0039823305
4.024018,-1.943666,-10.022275,4.004948,0.023751377,-0.3091097298,-0.0114319066
4.025035,-1.710695,-5.587941,1.442268,0.0258798273,-0.4325598477,-0.0454871115
4.026084,2.898287,-10.932127,-4.247507,-0.0071111525,-0.136705255,-0.0657073894
4.027133,2.281034,-11.341561,-5.645332,-0.0986345157,0.2889848065,-0.0603862637
4.028182,-0.956542,-9.794812,1.891397,-0.1156621181,0.3954073219,-0.0593220385
4.029199,-2.106986,-9.277632,2.583105,-0.0486159335,0.1729842648,-0.0518724624
4.030248,-1.710695,-10.982409,2.040307,-0.0007258016,-0.0505030175,-0.0369733103
4.031297,-2.013317,-11.360716,4.319579,0.0333294034,-0.2346139691,-0.0156888072
4.032348,-1.842792,-7.680602,1.283751,0.0226871518,-0.4080826691,-0.0178172575
4.033395,-0.048676,-9.442842,0.411912,0.0035310991,-0.4942849066,-0.0337806348
4.034412,2.381908,-13.391123,-3.421301,-0.017753404,-0.3154950808,-0.0412302109
4.035461,2.249811,-9.651151,-5.359523,-0.0911849396,0.0803966764,-0.062514714
4.03651,-0.692348,-5.86808,1.915415,-0.1124694427,0.2634434028,-0.0795423164
4.037559,-2.030129,-6.813848,2.880923,-0.0560655095,0.1410575101,-0.0689000649
4.038576,-1.429689,-9.981571,2.155591,-0.0124322782,-0.0164478126,-0.0412302109
4.039624,-1.427287,-12.143668,3.531801,0.0120449003,-0.1547970826,-0.0093034563
4.040673,-1.261566,-11.135647,0.841827,0.0024668739,-0.310173955,0.0034672456
4.041725,-0.10872,-13.379152,-0.049227,-0.0081753776,-0.4283029471,-0.0103676814
4.042739,1.654174,-14.959422,-3.699905,-0.0092396028,-0.3176235311,-0.0380375354
4.043788,1.805485,-7.819474,-5.621315,-0.0613866353,0.0388918954,-0.0859276674
4.044837,-0.786017,-2.137685,1.266939,-0.086928039,0.2464158004,-0.1221113226
4.045886,-2.253493,-3.95739,2.770442,-0.0411663574,0.1761769402,-0.1104048459
4.046935,-1.614625,-9.026226,1.319778,-0.0028542519,0.0623048488,-0.0667716146
4.047952,-1.07663,-12.289723,3.195554,0.0216229267,-0.0494387924,-0.0018538802
4.049001,-0.476189,-12.897887,1.49991,0.0280082776,-0.2080083403,0.0534858278
4.05005,0.287571,-16.874901,-0.577614,0.0194944764,-0.3612567624,0.0545500529
4.051101,1.574916,-17.231658,-3.639861,0.00991645,-0.3357153587,0.0077241462
4.052116,2.002429,-6.502582,-4.816724,-0.0379736819,-0.0622094942,-0.0689000649
4.053164,-2.433625,-2.523175,3.291625,-0.0581939599,0.1644704635,-0.1444600508
4.054213,-2.22227,-9.28721,2.061922,-0.0220103046,0.0686901997,-0.090184568
4.055262,-1.520956,-12.442961,2.962583,0.0045953242,-0.0547599181,-0.0114319066
4.056279,-0.603483,-14.016048,1.790523,0.0152375758,-0.2143936912,0.0556142781
4.057328,0.114644,-18.182215,0.87305,0.0248156021,-0.3761559145,0.0768987812
4.058378,0.765522,-17.511797,-2.129153,0.0354578537,-0.4176606955,0.0417793511
4.059426,1.822297,-7.220887,-4.475674,-0.0103038279,-0.2037514396,-0.0391017606
4.060477,0.568577,1.243135,-0.404687,-0.0784142378,0.1144518813,-0.1242397729
4.061492,-2.147816,-0.219812,2.537471,-0.0996987408,0.2304524231,-0.1625518784
4.062541,-2.553714,-7.666236,2.112359,-0.0741573372,0.1293510335,-0.1380746999
4.06359,-1.708293,-13.099013,2.237251,-0.0369094568,-0.0292185144,-0.0635789391
4.064639,-0.853266,-15.455052,2.083538,-0.0166891789,-0.2048156648,0.0322013247
4.065656,-0.00064,-18.627564,1.072396,0.0056595494,-0.3750916894,0.0949906088
4.066704,0.736701,-17.949963,-1.031547,0.0429074297,-0.4229818213,0.0875410327
4.067753,1.71662,-8.619187,-3.550996,0.0280082776,-0.2250359427,0.0130452719
4.068802,0.835173,1.52088,-1.670416,-0.0539370592,0.098488504,-0.0965699189
4.069819,-1.614625,2.014116,2.407776,-0.1050198666,0.2421588997,-0.1753225803
4.070868,-2.30393,-5.959065,1.752095,-0.0879922642,0.1453144108,-0.180643706
4.071917,-1.763534,-13.640136,1.202092,-0.0539370592,-0.0249616138,-0.1093406207
4.072965,-0.812436,-17.499826,2.023494,-0.0262672052,-0.2048156648,0.0098525965
4.074015,0.145867,-18.979533,0.649686,0.0088522248,-0.3761559145,0.1120182112
4.075031,0.568577,-16.649832,-0.500758,0.0471643304,-0.4368167483,0.1322384891
4.076081,1.418801,-8.997494,-3.35165,0.0301367279,-0.2463204458,0.0609354038
4.077129,0.791941,-0.325163,-2.604701,-0.0635150856,0.1027454046,-0.0635789391
4.079195,-1.59541,-13.355208,0.303832,-0.0635150856,0.0080293659,-0.1572307527
4.078178,-1.900434,-3.773025,1.644016,-0.1028914163,0.1868191918,-0.2093777852
4.080244,-1.095844,-19.116011,1.831353,-0.0262672052,-0.2005587642,-0.0252668336
4.081293,-0.079899,-18.902914,0.752962,0.0205587015,-0.407018444,0.1098897609
4.082342,0.208313,-14.89238,1.127637,0.0663203831,-0.5145051845,0.1631010186
4.083358,0.856789,-9.478758,-1.872164,0.0631277077,-0.3857339409,0.1077613106
4.084408,1.260285,-3.349225,-3.978509,-0.0432948077,-0.0175120377,-0.0327164097
4.085456,-0.459377,1.200037,1.567159,-0.1529099985,0.2751498795,-0.1689372293
4.086506,-1.386457,-1.031496,2.599917,-0.1518457734,0.271957204,-0.2349191889
4.087522,-1.047809,-10.575369,0.359073,-0.1018271912,0.1144518813,-0.2072493349
4.088571,-0.973354,-19.999525,1.326983,-0.0486159335,-0.0685948451,-0.0795423164
4.08962,-0.493002,-20.926138,1.40384,0.0301367279,-0.2612195979,0.0864768075
4.090669,-0.468984,-14.74393,1.675239,0.100375588,-0.4304313974,0.1811928462
4.091718,0.438882,-8.84665,-0.997923,0.0971829126,-0.4293671722,0.1482018664
4.092735,2.254614,-3.047537,-4.425237,-0.0188176292,-0.1271272286,0.0077241462
4.093784,0.912029,1.604682,0.373484,-0.1465246476,0.2336450985,-0.1402031502
4.094832,-1.266369,-1.349944,2.811272,-0.1635522501,0.3070766341,-0.2115062355
4.095881,-1.343225,-11.075788,0.073263,-0.1209832439,0.1421217353,-0.1902217324
4.096899,-1.21353,-19.824738,1.283751,-0.0677719862,-0.06753062,-0.0742211907
4.097947,-0.956542,-21.203883,1.644016,0.0088522248,-0.254834247,0.0822199069
4.098996,-1.160692,-16.053639,2.013887,0.0854764359,-0.3995688679,0.1758717204
4.100045,-0.622697,-8.499469,0.135709,0.0939902371,-0.4176606955,0.1428807407
4.101062,1.507666,-1.294874,-4.336372,-0.0124322782,-0.1707604599,-0.0039823305
4.102111,0.938449,1.554401,-0.044423,-0.1263043697,0.1900118672,-0.1540380772
4.10316,-1.163093,-2.705145,2.321313,-0.1539742237,0.3177188857,-0.2146989109
4.104209,-1.285583,-11.14283,-0.294206,-0.1252401445,0.1793696157,-0.1859648318
4.105258,-0.569858,-20.502339,1.065191,-0.0049827022,-0.2314212936,0.0545500529
4.106275,-1.151084,-16.652226,2.583105,0.0695130586,-0.3910550667,0.1535229922
4.107323,-1.314404,-8.896931,1.329385,0.0918617868,-0.462358152,0.1460734161
4.108372,1.058537,-0.681921,-4.093794,-0.0092396028,-0.2793114255,0.0236875235
4.109421,1.882341,1.710033,-1.629586,-0.1337539458,0.112323431,-0.1189186471
4.110438,-0.199987,-3.686828,0.73615,-0.1805798525,0.3517740906,-0.1795794809
4.111487,-1.203923,-11.906627,-0.150101,-0.1603595746,0.2772783298,-0.1508454017
4.112536,-0.682741,-17.918837,1.610391,-0.0826711384,0.0633690739,-0.0582578134
4.113585,-0.581867,-19.570937,1.000344,0.0067237745,-0.1462832813,0.0524216026
4.114604,-1.737114,-17.126307,2.08594,0.0748341844,-0.3463576102,0.1162751118
4.115651,-2.193449,-9.227351,2.237251,0.0961186874,-0.4878995557,0.089669483
4.1167,0.032984,0.512859,-2.47981,0.0258798273,-0.3942477421,-0.0220741581
4.117749,1.829502,1.872849,-2.448587,-0.0847995887,-0.0324111899,-0.1221113226
4.118798,0.662246,-5.183296,-1.221286,-0.1646164752,0.3070766341,-0.1412673753
4.119815,-0.730776,-12.634509,-0.414294,-0.1741945016,0.3421960642,-0.0986983692
4.120864,-0.432958,-17.325038,2.040307,-0.0879922642,0.1219014574,-0.0263310588
4.121913,-0.543439,-18.474325,1.598382,0.0067237745,-0.1324483543,0.0396509008
4.122961,-2.032531,-16.41758,2.448606,0.0450358801,-0.3580640869,0.061999629
4.123981,-2.397599,-9.639179,3.426123,0.0599350322,-0.5368539127,0.0311370995
4.125027,-0.425752,0.141735,0.111692,0.0482285555,-0.5049271581,-0.0454871115
4.126076,1.973608,1.374825,-3.277195,-0.0241387549,-0.1739531353,-0.1125332962
4.127125,1.992822,-6.519343,-4.045759,-0.1401392967,0.2677003034,-0.1167901968
4.128142,-0.012649,-12.929014,-0.702506,-0.1869652034,0.4432974538,-0.0710285152
4.129191,-0.942131,-16.625888,2.354937,-0.1028914163,0.2379019991,-0.0135603569
4.13024,-1.059818,-17.660247,1.218904,-0.0124322782,-0.0579525936,0.0279444241
4.131289,-2.066156,-7.987078,3.851235,0.0503570058,-0.4783215293,0.0162379474
4.132337,-1.074228,-1.93656,1.487901,0.058870807,-0.5219547606,-0.0401659857
4.133357,1.332338,-1.534309,-1.439847,0.0173660261,-0.3303942329,-0.083799217
4.134404,3.06641,-7.086803,-5.421968,-0.0922491648,0.0910389279,-0.0869918925
4.135452,1.248276,-13.589854,-2.919332,-0.1763229519,0.4220129507,-0.0582578134
4.136501,-1.292788,-16.340961,3.017824,-0.1241759194,0.333682263,-0.0146245821
4.137518,-1.753927,-14.267455,1.19969,-0.0464874832,0.0314423193,0.0077241462
4.138567,-1.982094,-12.46451,2.472624,-0.0113680531,-0.2122652409,0.0077241462
4.139616,-2.315939,-8.990311,4.468488,0.0280082776,-0.3836054906,-0.0039823305
4.140665,-1.737114,-3.629364,1.19969,0.0439716549,-0.4676792777,-0.0422944361
4.141682,0.525345,-4.510484,-0.445517,0.0343936285,-0.3867981661,-0.0689000649
4.142733,3.210516,-8.815523,-5.289872,-0.0347810065,-0.0568883684,-0.0614504888
4.14378,2.230597,-11.956908,-4.886376,-0.1412035218,0.3241042366,-0.0518724624
4.144829,-1.112656,-13.913091,2.479829,-0.142267747,0.3570952163,-0.0316521845
4.145848,-2.082968,-12.050288,1.869781,-0.073093112,0.1059380801,-0.0082392311
4.146894,-1.780346,-10.582552,2.244456,-0.017753404,-0.1281914537,0.0024030204
4.147943,-2.145414,-9.967205,4.278749,0.0322651782,-0.2974032532,0.0055956959
4.148992,-1.821176,-6.636666,1.360608,0.0354578537,-0.4091468943,-0.0114319066
4.150041,0.347615,-7.553701,0.046844,0.0216229267,-0.3974404176,-0.0359090851
4.151058,3.02558,-11.106915,-4.739868,-0.017753404,-0.1281914537,-0.0476155618
4.152109,2.300248,-10.2234,-5.426772,-0.1092767672,0.2666360783,-0.0635789391
4.153156,-0.922917,-8.820312,2.150788,-0.1241759194,0.3602878918,-0.062514714
4.154205,-1.917247,-9.557771,2.928959,-0.0464874832,0.1719200396,-0.0337806348
4.155224,-1.741918,-12.155639,2.967387,0.023751377,-0.0175120377,0.0002745701
4.15627,-2.200655,-11.375082,3.76237,0.0333294034,-0.2122652409,0.0162379474
4.157319,0.328401,-10.606496,0.135709,-0.0156249537,-0.4921564563,-0.0284595091
4.158368,2.770993,-14.097456,-4.367595,-0.0209460795,-0.2463204458,-0.03484486
4.159385,2.141731,-8.90172,-5.311487,-0.100762966,0.195332993,-0.0593220385
4.160434,-1.021389,-4.979777,2.561489,-0.1167263433,0.3666732427,-0.076349641
4.161484,-2.140611,-6.313429,2.414981,-0.0581939599,0.2198101715,-0.062514714
4.162532,-1.554581,-10.637622,1.860174,-0.0113680531,0.043148796,-0.0295237342
4.16358,-1.528161,-12.316061,4.016957,0.023751377,-0.1132923016,0.0077241462
4.1646,-1.338422,-10.247344,0.678507,0.0045953242,-0.3080455047,0.020494848
4.165646,-0.260031,-13.98971,0.438331,-0.0166891789,-0.4953491317,0.006659921
4.166695,1.939983,-16.554058,-3.128286,-0.0081753776,-0.4293671722,-0.0103676814
4.167744,2.600468,-7.788348,-5.938347,-0.0528728341,-0.0441176666,-0.0454871115
4.168761,-0.276843,-0.073756,1.365411,-0.0911849396,0.236837774,-0.090184568
4.16981,-2.277511,-2.595005,2.597515,-0.0699004365,0.2038467942,-0.1008268195
4.170859,-1.780346,-10.283259,1.896201,-0.0369094568,0.0718828752,-0.0603862637
4.171907,-1.326413,-14.710409,3.810405,-0.0028542519,-0.0473103421,0.0130452719
4.172924,-0.896498,-13.661685,1.120432,0.0077879997,-0.1888522875,0.0662565296
4.173976,-0.399333,-15.464629,-0.200538,0.0024668739,-0.3591283121,0.0534858278
4.175022,0.68146,-16.592367,-2.842476,0.0109806751,-0.3910550667,0.0024030204
4.176071,1.678191,-6.96948,-3.968902,-0.0166891789,-0.1473475065,-0.0593220385
4.17712,-0.02706,1.535246,0.479161,-0.0656435359,0.1442501856,-0.1157259717
4.178137,-2.270306,-1.598956,2.049914,-0.0773500126,0.2272597476,-0.1263682232
4.179186,-2.375983,-8.726932,2.254063,-0.059258185,0.126158358,-0.0848634422
4.180234,-1.602616,-12.967324,2.436597,-0.0369094568,-0.0419892163,-0.0103676814
4.181283,-0.608286,-15.172519,1.80013,-0.0241387549,-0.2058798899,0.0630638542
4.182301,0.088225,-18.622775,1.019558,0.0014026488,-0.351678736,0.0928621585
4.183352,0.703076,-17.521375,-2.093126,0.0226871518,-0.3953119673,0.0609354038
4.184398,0.623818,2.078763,-0.529579,-0.0613866353,0.0782682261,-0.1061479453
4.185447,-1.722704,-0.018686,1.768907,-0.0922491648,0.2198101715,-0.1497811766
4.186464,-2.287118,-7.589617,2.210832,-0.0784142378,0.1421217353,-0.1295608987
4.187513,-1.520956,-13.453376,1.728077,-0.0475517083,-0.0366680905,-0.0593220385
4.188561,-0.384922,-16.508565,1.742488,-0.0273314304,-0.2197148169,0.0375224505
4.18961,0.47731,-18.627564,0.760167,-0.0007258016,-0.3697705636,0.1109539861
4.190659,0.984082,-16.549269,-1.643997,0.0269440524,-0.3889266164,0.1152108867
4.191676,1.478845,-7.946375,-3.154705,0.0077879997,-0.171824685,0.0417793511
4.192727,0.306785,0.78342,-0.764952,-0.0656435359,0.1282868083,-0.0710285152
4.193773,-1.506545,1.908764,2.607122,-0.1114052175,0.2357735488,-0.1551023023
4.194823,-1.780346,-5.101888,1.447071,-0.0890564893,0.1389290598,-0.17319413
4.19584,-1.576196,-14.063935,0.87305,-0.0550012844,-0.026025839,-0.1104048459
4.196888,-0.937328,-19.405727,2.088342,-0.0220103046,-0.2112010157,0.0183663977
4.197937,0.141064,-19.384178,0.988335,0.0216229267,-0.3750916894,0.1354311646
4.198987,0.700674,-14.937872,-0.656872,0.0524854561,-0.4091468943,0.158844118
4.200003,1.145,-7.788348,-3.173919,0.0205587015,-0.2112010157,0.075834556
4.201052,0.371633,-0.226995,-1.718451,-0.0805426881,0.1016811795,-0.0614504888
4.202103,-1.424885,1.896793,3.070663,-0.1412035218,0.2442873501,-0.1700014545
4.203149,-1.698686,-4.065135,1.670435,-0.1103409924,0.167663139,-0.2019282091
4.204198,-1.283181,-13.216336,0.10929,-0.0709646617,0.0027082402,-0.1476527263
4.205215,-0.932524,-19.793611,1.603186,-0.0358452316,-0.199494539,-0.0135603569
4.206264,-0.183174,-20.270087,0.990736,0.023751377,-0.3878623912,0.131174264
4.207313,0.25875,-14.650551,0.493572,0.0822837604,-0.4612939268,0.1918350977
4.208361,1.22666,-7.467505,-3.094661,0.0631277077,-0.2878252268,0.1215962376
4.209379,1.178625,-2.154445,-4.105803,-0.073093112,0.0931673782,-0.0380375354
4.210428,-1.593009,-1.900644,2.270876,-0.1624880249,0.2623791777,-0.2402403146
4.211479,-1.151084,-12.181977,-0.027611,-0.0933133899,0.0974242788,-0.2019282091
4.212525,-1.136674,-20.739379,1.814541,-0.0252029801,-0.0834939973,-0.0571935882
4.213542,-0.519421,-19.664317,1.206895,0.0524854561,-0.2793114255,0.1109539861
4.214591,-0.541037,-13.417461,1.891397,0.1110178396,-0.4357525231,0.1992846738
4.21564,0.51814,-8.80834,-1.423034,0.1025040383,-0.4048899937,0.1662936941
4.216689,2.65811,-3.519224,-5.542057,-0.0145607286,-0.0505030175,0.0236875235
4.217706,1.02251,1.398768,0.166932,-0.1475888728,0.333682263,-0.1359462496
4.218755,-1.456108,-1.014735,2.976994,-0.169937601,0.3698659182,-0.2178915864
4.219803,-1.477724,-11.14283,0.255797,-0.1220474691,0.1729842648,-0.1987355336
4.220854,-1.352833,-21.153601,1.562356,-0.0560655095,-0.0430534414,-0.0720927404
4.221901,-1.110255,-21.500782,2.376553,0.0312009531,-0.2388708697,0.1024401848
4.222918,-1.33602,-14.28661,2.374151,0.1046324887,-0.4038257685,0.2014131241
4.223967,-0.944533,-7.603983,0.483965,0.1046324887,-0.4538443507,0.1620367934
4.225016,1.305918,-2.398669,-3.685494,0.0152375758,-0.2367424194,0.0109168216
4.226065,1.459631,0.733139,-0.971503,-0.0858638138,0.1453144108,-0.1423316005
4.227082,-0.596277,-2.164023,1.355804,-0.1390750715,0.327296912,-0.2125704606
4.22813,-1.477724,-11.200294,-0.051628,-0.1401392967,0.2006541188,-0.187029057
4.229179,-1.184709,-19.503895,1.45908,-0.0847995887,-0.0302827396,-0.0710285152
4.230231,-0.716366,-20.217411,1.473491,-0.0071111525,-0.2101367906,0.0822199069
4.231246,-1.28078,-15.285053,2.602319,0.065256158,-0.3484860605,0.1833212965
4.232294,-1.400868,-8.58806,1.680042,0.0886691114,-0.4197891458,0.1673579192
4.233343,0.827968,-1.67797,-3.502961,0.0045953242,-0.2665407237,0.0279444241
4.234392,1.786271,0.862434,-1.598363,-0.1050198666,0.0867820273,-0.1263682232
4.23544,0.093028,-2.903876,0.402305,-0.1539742237,0.3219757863,-0.1923501827
4.236457,-1.139076,-11.147619,-0.829799,-0.1475888728,0.2453515752,-0.1689372293
4.237506,-0.605884,-20.004314,1.526329,0.0077879997,-0.1803384863,0.0737061057
4.238555,-1.357636,-15.505333,2.33092,0.0876048862,-0.3335869084,0.1609725683
4.239606,-1.835587,-8.470737,1.903406,0.1035682635,-0.4527801256,0.1375596149
4.240621,0.429275,-0.669949,-2.748807,0.0163018009,-0.3442291599,0.0119810468
4.24167,2.302649,0.242298,-2.254044,-0.0933133899,0.0314423193,-0.1125332962
4.242719,0.837575,-5.144987,-0.969101,-0.1635522501,0.3624163421,-0.1551023023
4.243767,-1.045407,-11.966486,-0.234162,-0.1752587268,0.3592236666,-0.1242397729
4.244784,-0.889292,-16.989829,2.052315,-0.0986345157,0.1282868083,-0.0380375354
4.246882,-2.275109,-16.549269,3.034636,0.0748341844,-0.3272015575,0.1045686351
4.245833,-0.862873,-18.141511,1.504714,0.0067237745,-0.1047785003,0.0566785032
4.247931,-2.488866,-8.882565,3.224375,0.072705734,-0.5219547606,0.0737061057
4.248982,-0.288852,0.67328,-0.010798,0.0269440524,-0.525147436,-0.0242026084
4.249997,2.182561,-0.001926,-2.426971,-0.0337167813,-0.2239717176,-0.1008268195
4.251046,2.273828,-7.52018,-4.420434,-0.1337539458,0.2208743967,-0.104019495
4.252094,0.162679,-12.890704,-0.834603,-0.1859009783,0.4134991495,-0.062514714
4.253143,-0.95414,-16.331383,2.760835,-0.1060840918,0.2219386218,-0.0082392311
4.25416,-1.071826,-17.274757,1.074798,-0.0166891789,-0.0590168187,0.034329775
4.255209,-1.859604,-14.490129,2.383759,0.0163018009,-0.2761187501,0.0524216026
4.256258,-2.097379,-7.70694,3.337258,0.051421231,-0.4517159004,0.0322013247
4.257307,-0.889292,-0.684315,0.793792,0.0631277077,-0.4857711054,-0.0295237342
4.258323,1.438015,-2.326838,-1.884173,0.0226871518,-0.2835683262,-0.0742211907
4.259372,2.826234,-9.229745,-5.397951,-0.0773500126,0.1304152586,-0.0699642901
4.260421,1.123384,-13.077464,-2.705575,-0.1571668991,0.4369121029,-0.0412302109
4.26147,-1.155888,-14.755902,2.744023,-0.1060840918,0.3304895875,0.0013387952
4.262519,-1.849997,-12.471693,2.703193,0.0173660261,-0.2069441151,0.0353940002
4.263536,-2.171833,-8.717355,4.055385,0.0354578537,-0.3708347888,0.0151737222
4.264585,-1.54017,-4.079502,1.216502,0.0450358801,-0.4389451986,-0.0305879594
4.265634,0.839976,-4.642173,-0.719318,0.0407789794,-0.3293300078,-0.0593220385
4.266682,2.989553,-9.06693,-5.657341,-0.0379736819,0.0314423193,-0.0518724624
4.2677,1.555701,-11.727051,-3.983313,-0.1465246476,0.3911504213,-0.0337806348
4.268748,-1.340824,-12.615354,2.996208,-0.1241759194,0.3560309912,-0.0103676814
4.269797,-2.075763,-12.495637,1.461482,-0.0475517083,0.0729471003,0.0077241462
4.270846,-1.960478,-12.478876,2.861709,-0.0007258016,-0.1547970826,0.0194306229
4.271863,-2.183842,-9.742136,4.247526,0.037586304,-0.3272015575,0.0183663977
4.272912,-1.585803,-5.116254,0.935496,0.0322651782,-0.4549085759,-0.0114319066
4.273961,0.676657,-7.323844,0.335055,0.0258798273,-0.4336240728,-0.0359090851
4.275009,3.186498,-11.645643,-5.116945,-0.0156249537,-0.122870328,-0.03484486
4.276026,2.192168,-10.436497,-5.155373,-0.1156621181,0.3028197335,-0.0422944361
4.277075,-1.098246,-8.68144,2.539873,-0.1273685948,0.3943430967,-0.0412302109
4.278124,-2.054147,-9.399744,2.45341,-0.0486159335,0.1825622911,-0.0178172575
4.279173,-1.751525,-11.918599,2.897736,0.0184302512,-0.0292185144,0.0109168216
4.280222,-2.030129,-11.521137,3.632675,0.0397147543,-0.2229074924,0.0300728744
4.281239,-1.578598,-7.24483,0.784185,0.00991645,-0.4176606955,0.0151737222
4.282288,0.338008,-9.670306,-0.114074,0.0024668739,-0.4889637808,-0.0093034563
4.283336,2.619682,-14.018443,-4.876768,-0.0145607286,-0.2431277703,-0.021009933
4.284385,1.956796,-9.878614,-4.94642,-0.086928039,0.1985256684,-0.0412302109
4.286451,-2.152619,-5.786672,2.674372,-0.0390379071,0.2166174961,-0.0401659857
4.285402,-1.093442,-5.185691,2.566292,-0.0943776151,0.361352117,-0.0529366876
4.2875,-1.701088,-10.273681,2.165198,0.0035310991,0.0484699218,-0.0093034563
4.288549,-1.54017,-12.727889,3.841628,0.0280082776,-0.1100996261,0.0290086492
4.289566,-0.211995,-13.479714,0.015621,-0.0166891789,-0.4687435029,0.0279444241
4.290615,1.803083,-15.49815,-3.62545,-0.0145607286,-0.3676421133,0.0034672456
4.291664,2.079286,-7.716517,-5.311487,-0.0550012844,0.0090935911,-0.0369733103
4.292712,-0.620295,-0.983609,1.615195,-0.0762857875,0.2357735488,-0.0752854158
4.293761,-2.198253,-3.21993,2.561489,-0.0486159335,0.1783053905,-0.0784780913
4.294779,-1.667463,-9.758896,1.788122,-0.0188176292,0.0623048488,-0.0380375354
4.295827,-1.115058,-13.611403,3.601452,0.0120449003,-0.0505030175,0.0322013247
4.296876,-0.574662,-14.02802,1.274144,0.0205587015,-0.199494539,0.0843483572
4.297925,-0.055881,-16.381665,0.135709,0.0163018009,-0.3612567624,0.0790272315
4.298942,0.996091,-14.959422,-2.78003,0.0163018009,-0.3772201397,0.0279444241
4.299991,1.769458,-5.621462,-4.307551,-0.0294598807,-0.1377694801,-0.0412302109
4.30104,-0.135139,-0.514316,0.640079,-0.0816069132,0.1304152586,-0.090184568
4.302089,-2.157423,-3.332465,2.350134,-0.0794784629,0.1900118672,-0.0880561177
4.303108,-1.86681,-7.697362,1.862576,-0.0528728341,0.0889104776,-0.0550651379
4.304154,-1.203923,-11.705502,2.095547,-0.0262672052,-0.0579525936,-0.0039823305
4.305203,-0.593876,-16.127864,1.687247,-0.0049827022,-0.2101367906,0.0641280793
4.306252,0.100234,-19.647556,1.009951,0.0280082776,-0.3431649348,0.1056328603
4.307301,1.029716,-16.173356,-2.799244,0.0482285555,-0.3442291599,0.0822199069
4.308318,1.803083,-5.681321,-4.052964,0.0056595494,-0.116484977,0.0002745701
4.309367,0.093028,1.101869,0.238985,-0.0560655095,0.1559566623,-0.0859276674
4.310416,-2.16703,-0.59333,2.561489,-0.073093112,0.2283239727,-0.1210470974
4.311465,-2.20786,-6.856946,1.828951,-0.0550012844,0.1197730071,-0.1008268195
4.312484,-1.556982,-12.976901,1.761702,-0.0337167813,-0.0526314678,-0.0337806348
4.313531,-0.733178,-17.190955,1.982664,-0.0134965034,-0.2378066446,0.0651923045
4.31458,0.193902,-19.863048,1.014754,0.0226871518,-0.3782843648,0.1375596149
4.315628,1.77186,-6.502582,-3.690298,0.0184302512,-0.1420263807,0.0439078014
4.316645,0.138662,0.599056,-0.371063,-0.0613866353,0.1697915893,-0.0646431643
4.317694,-2.080566,1.018067,2.943369,-0.0975702905,0.2751498795,-0.139138925
4.318743,-2.056549,-5.109071,0.978728,-0.0762857875,0.1623420132,-0.1551023023
4.319792,-1.523358,-13.692811,1.096414,-0.0464874832,-0.0153835874,-0.0933772434
4.320841,-0.889292,-18.859816,1.771309,-0.017753404,-0.2186505918,0.0364582253
4.32186,0.044993,-19.300376,0.740953,0.023751377,-0.4048899937,0.1524587671
4.322907,0.602202,-15.48139,-0.058834,0.065256158,-0.4570370262,0.1780001708
4.323955,1.255481,-8.386935,-3.306016,0.0450358801,-0.2612195979,0.0992475094
4.325004,0.592595,-0.490373,-2.429373,-0.0635150856,0.0867820273,-0.0380375354
4.326021,-1.266369,2.373268,2.674372,-0.1390750715,0.2666360783,-0.152973852
4.32707,-1.737114,-3.840067,1.807336,-0.1124694427,0.1942687678,-0.1891575073
4.328119,-1.415278,-13.802951,0.443135,-0.0624508605,0.0314423193,-0.1295608987
4.329168,-0.853266,-19.640373,1.764104,-0.0166891789,-0.157989758,0.0098525965
4.330185,-0.072693,-19.434459,1.009951,0.0397147543,-0.3463576102,0.1492660916
4.331236,0.222723,-14.861253,0.700123,0.0907975617,-0.4432020992,0.2024773493
4.332283,1.279499,-8.341442,-2.530247,0.0748341844,-0.2995317035,0.1354311646
4.333331,1.392382,-2.029939,-3.596629,-0.0475517083,0.0665617494,-0.0093034563
4.33438,-0.841257,1.360459,2.563891,-0.1550384488,0.3145262102,-0.1402031502
4.335397,-1.614625,-1.876701,2.518257,-0.1454604225,0.2698287537,-0.1966070833
4.336446,-1.182307,-11.973669,0.04204,-0.0943776151,0.1006169543,-0.1614876533
4.337495,-1.191914,-20.88304,1.646418,-0.0358452316,-0.0920077985,-0.0252668336
4.338544,-0.651518,-20.329946,1.37742,0.0418432046,-0.2888894519,0.1386238401
4.339561,-0.581867,-13.728726,1.862576,0.1014398132,-0.4304313974,0.2248260775
4.340611,0.378838,-8.31271,-1.34858,0.0939902371,-0.3804128151,0.1780001708
4.341659,0.669451,0.347649,0.503179,-0.1337539458,0.3123977599,-0.131689349
4.343727,-1.405671,-10.434103,0.025228,-0.1028914163,0.1825622911,-0.1827721563
4.342708,-1.367243,-1.452901,2.585507,-0.1475888728,0.3602878918,-0.2040566594
4.344773,-1.307199,-20.068962,1.149253,-0.0464874832,-0.0387965408,-0.0603862637
4.345822,-0.944533,-21.069799,1.78572,0.0301367279,-0.2431277703,0.1120182112
4.346871,-1.026193,-14.267455,2.280483,0.0993113629,-0.4038257685,0.221633402
4.347888,-0.248022,-7.580039,-0.291805,0.0961186874,-0.4229818213,0.1992846738
4.348937,1.983215,-2.853595,-4.44205,0.0035310991,-0.1569255329,0.0577427284
4.349986,1.274695,-0.128826,-0.568007,-0.100762966,0.2144890457,-0.0965699189
4.351035,-0.968551,-2.685991,1.944236,-0.1380108464,0.327296912,-0.1678730042
4.352083,-1.227941,-10.489173,0.022826,-0.1135336678,0.1719200396,-0.1519096269
4.353103,-0.932524,-18.376157,1.026763,-0.0603224102,-0.0473103421,-0.0518724624
4.354149,-0.807633,-21.045856,1.607989,0.0120449003,-0.2303570685,0.0917979333
4.355198,-1.484929,-16.977858,3.027431,0.0950544623,-0.365513663,0.1918350977
4.356247,-1.309601,-7.553701,1.180476,0.106760939,-0.4123395698,0.1790643959
4.357264,1.142598,0.723562,-3.916064,-0.0017900267,-0.2197148169,0.0449720265
4.358313,1.562907,0.405113,-1.408624,-0.1188547936,0.1602135629,-0.097634144
4.359363,-0.502609,-5.532871,0.839425,-0.1635522501,0.3709301433,-0.1444600508
4.360411,-1.278378,-11.554658,-0.241368,-0.1433319721,0.2655718531,-0.1125332962
4.361428,-0.822043,-17.066448,1.190083,-0.0709646617,0.0303780942,-0.0284595091
4.362479,-0.870078,-20.521493,1.408643,0.0163018009,-0.185659612,0.0832841321
4.363525,-1.852399,-17.375319,2.921753,0.086540661,-0.3729632391,0.1567156677
4.364574,-1.833185,-7.06286,2.081136,0.1025040383,-0.490028006,0.131174264
4.365623,0.506131,1.295811,-2.523042,0.037586304,-0.3644494378,0.0151737222
4.36664,2.208981,0.077088,-2.736798,-0.0635150856,0.0335707696,-0.0859276674
4.367689,1.02251,-6.588779,-1.869762,-0.1507815482,0.396471547,-0.1061479453
4.368738,-0.716366,-16.276313,1.944236,-0.0911849396,0.1548924371,-0.0124961318
4.369787,-0.966149,-19.388967,1.379822,0.0088522248,-0.1143565267,0.0545500529
4.370804,-2.306332,-17.387291,3.089877,0.0599350322,-0.3421007096,0.0960548339
4.371855,-2.359171,-7.263985,3.327651,0.0748341844,-0.5262116612,0.0747703308
4.372901,-0.356101,1.954257,0.099683,0.0524854561,-0.5155694097,-0.0061107808
4.37395,2.148937,-0.61009,-2.72479,-0.0156249537,-0.213329466,-0.0667716146
4.374967,2.487585,-8.647919,-4.629387,-0.1252401445,0.2357735488,-0.0635789391
4.376016,0.268357,-12.823663,-1.173251,-0.1741945016,0.4475543544,-0.0252668336
4.377064,-1.136674,-15.29463,2.479829,-0.0965060654,0.2528011513,0.020494848
4.378113,-1.343225,-17.169405,1.242921,-0.0103038279,-0.0483745672,0.0545500529
4.379162,-2.046942,-14.990548,2.948173,0.0258798273,-0.2697333992,0.0683849799
4.380179,-2.277511,-7.443561,3.747959,0.0556781316,-0.4389451986,0.0449720265
4.38123,-1.163093,-0.57657,0.99554,0.0609992574,-0.4793857544,-0.0167530324
4.382276,1.344346,-2.791342,-1.507096,0.0280082776,-0.2835683262,-0.0540009127
4.383325,2.910295,-9.605658,-5.62852,-0.0709646617,0.1378648347,-0.0401659857
4.384342,1.053733,-13.039154,-2.530247,-0.1571668991,0.4486185796,-0.0082392311
4.38644,-1.609821,-13.960978,1.106021,-0.0305241059,0.043148796,0.0396509008
4.385391,-1.179906,-13.817317,3.068261,-0.1103409924,0.3400676139,0.0236875235
4.387488,-1.926854,-13.230702,2.818477,0.00991645,-0.1877880623,0.0439078014
4.388505,-2.090173,-8.463554,3.894467,0.0418432046,-0.3538071863,0.0300728744
4.389554,-1.400868,-3.16486,0.923487,0.0503570058,-0.4378809734,-0.0124961318
4.390606,0.801548,-5.688504,-0.467133,0.0439716549,-0.3484860605,-0.0359090851
4.391652,3.236935,-10.656777,-5.823063,-0.0230745298,0.0186716175,-0.0199457078
4.392701,1.863127,-11.758178,-4.329167,-0.1220474691,0.4081780237,-0.007175006
4.393718,-1.456108,-11.545081,2.640747,-0.1156621181,0.3922146464,0.0013387952
4.394766,-1.67707,-11.564235,3.154724,0.0088522248,-0.1015858249,0.0300728744
4.395815,-2.162226,-10.197062,4.355605,0.0524854561,-0.2771829752,0.0428435762
4.396864,-1.806766,-6.327795,0.973924,0.0322651782,-0.4240460464,0.0279444241
4.397881,0.671853,-7.915248,0.462349,0.0248156021,-0.434688298,0.0055956959
4.39893,3.414665,-11.868318,-5.49162,-0.0081753776,-0.1345768047,-0.0093034563
4.399981,2.199374,-10.917761,-5.145766,-0.1060840918,0.299627058,-0.0273952839
4.401028,-1.304797,-8.243274,3.21717,-0.114597893,0.3922146464,-0.0231383833
4.402045,-2.114191,-7.972712,2.479829,-0.045423258,0.1889476421,0.0002745701
4.403093,-1.720302,-11.140436,2.979396,0.0120449003,0.0069651408,0.0311370995
4.404142,-2.061352,-11.640854,3.817611,0.0386505291,-0.1622466586,0.0588069535
4.405191,-1.609821,-8.578483,0.65449,0.00991645,-0.3559356366,0.0502931523
4.406207,0.270759,-11.348744,0.544009,-0.0028542519,-0.4549085759,0.0258159738
4.407257,2.415532,-13.630558,-4.271524,-0.0134965034,-0.2516415716,0.0045314707
4.408305,1.682995,-8.597637,-4.694235,-0.0784142378,0.1485070862,-0.0242026084
4.409356,-1.312003,-5.039635,2.89053,-0.0837353635,0.2985628329,-0.0369733103
4.410403,-2.082968,-5.877657,2.100351,-0.0337167813,0.1708558144,-0.0252668336
4.41142,-1.355234,-9.526645,1.644016,-0.0049827022,0.0271854187,0.0002745701
4.412469,-1.331217,-12.407046,3.613461,0.0173660261,-0.1015858249,0.0385866756
4.413517,-1.033398,-12.22747,0.87305,0.0045953242,-0.268669174,0.0673207548
4.414566,0.201108,-14.430271,-0.130886,-0.0145607286,-0.4176606955,0.0630638542
4.415583,2.151338,-14.700832,-4.437246,-0.0283956555,-0.3133666305,0.0279444241
4.416632,2.026447,-7.230464,-5.361924,-0.0805426881,0.0484699218,-0.0273952839
4.417681,-0.925319,-1.416986,2.441401,-0.0933133899,0.2464158004,-0.0667716146
4.418732,-2.30393,-3.308521,2.695988,-0.0507443838,0.1719200396,-0.0646431643
4.419747,-1.691481,-9.344674,1.603186,-0.0166891789,0.0580479482,-0.0252668336
4.420796,-1.223137,-13.462954,3.526997,0.0141733506,-0.0643379445,0.0449720265
4.421844,0.076216,-16.668987,-0.020405,0.0322651782,-0.3761559145,0.1024401848
4.422893,1.281901,-16.034484,-3.582219,0.0248156021,-0.3527429611,0.0545500529
4.423942,2.062473,-6.035684,-4.941616,-0.0252029801,-0.0568883684,-0.0156888072
4.424959,-0.224004,1.192854,1.190083,-0.073093112,0.2166174961,-0.0752854158
4.426008,-2.546508,-2.178389,3.046645,-0.0656435359,0.2336450985,-0.0827349919
4.427056,-2.332751,-9.035803,1.795327,-0.0326525562,0.1144518813,-0.0391017606
4.428108,-1.576196,-12.864367,2.463017,-0.003918477,-0.0345396402,0.0353940002
4.429122,-0.778811,-15.610684,1.879388,0.0131091254,-0.2005587642,0.1077613106
4.430171,-0.048676,-19.276432,0.70973,0.0312009531,-0.3484860605,0.1343669395
4.43122,0.791941,-16.1973,-2.11234,0.0429074297,-0.365513663,0.0960548339
4.432269,1.591728,-5.547237,-3.534183,0.0035310991,-0.150540182,0.0077241462
4.433286,0.081019,1.166516,-0.056432,-0.0603224102,0.1485070862,-0.0752854158
4.434335,-2.094977,-0.406571,2.33092,-0.0879922642,0.258122277,-0.1104048459
4.435383,-2.090173,-6.864129,1.615195,-0.073093112,0.1527639868,-0.0955056937
4.436432,-1.285583,-13.434222,1.86738,-0.0443590329,-0.0228331635,-0.0263310588
4.437483,-0.394529,-17.504614,1.884192,-0.0166891789,-0.1984303139,0.0790272315
4.438498,0.292375,-19.573331,0.755364,0.0216229267,-0.3538071863,0.1567156677
4.439547,0.731897,-16.37927,-1.326964,0.0620634825,-0.3921192918,0.1492660916
4.440596,1.538889,-6.830608,-3.723923,0.0354578537,-0.1941734133,0.0609354038
4.441644,0.450891,1.164122,-1.069975,-0.0507443838,0.126158358,-0.0550651379
4.442662,-1.845194,0.919898,2.974592,-0.0911849396,0.2591865022,-0.1306251238
4.44371,-2.140611,-5.903995,1.699256,-0.0688362114,0.1591493378,-0.1359462496
4.444759,-1.482528,-13.314504,0.947505,-0.045423258,-0.0207047132,-0.0710285152
4.445808,-0.74999,-18.198975,1.579168,-0.0230745298,-0.2239717176,0.0502931523
4.446825,0.037788,-19.884597,0.846631,0.0216229267,-0.3985046428,0.1599083431
4.447874,1.334739,-7.113141,-3.193133,0.0354578537,-0.213329466,0.1162751118
4.448923,0.546961,-0.619668,-2.210812,-0.0837353635,0.1272225831,-0.0199457078
4.449971,-1.37685,0.93187,3.243589,-0.1465246476,0.2868563562,-0.1221113226
4.45102,-1.597812,-3.547956,1.591177,-0.1103409924,0.2070394697,-0.1572307527
4.452037,-1.225539,-12.50282,0.195753,-0.0677719862,0.0442130212,-0.1146617465
4.453086,-0.918114,-20.037835,1.680042,-0.0209460795,-0.1473475065,0.0130452719
4.454135,-0.274441,-21.03149,0.786587,0.0503570058,-0.3335869084,0.1556514425
4.455184,0.04019,-14.992943,0.829818,0.1099536144,-0.4314956225,0.2173765014
4.456201,1.145,-6.96948,-3.022608,0.0918617868,-0.296339028,0.1524587671
4.457249,1.406792,-1.251776,-4.149035,-0.0379736819,0.0676259745,0.0024030204
4.458298,-0.605884,1.101869,2.323714,-0.1507815482,0.3262326869,-0.125303998
4.459347,-1.475322,-2.697962,1.910611,-0.1358823961,0.2932417071,-0.17319413
4.460364,-1.122263,-12.210709,-0.061235,-0.0752215623,0.1282868083,-0.1380746999
4.461413,-0.956542,-20.258115,1.396634,-0.0156249537,-0.0590168187,-0.0114319066
4.462461,-0.509814,-20.49755,1.288555,0.058870807,-0.2484488961,0.1439449658
4.46351,-0.826847,-14.799,2.179609,0.128045442,-0.3985046428,0.2258903027
4.464559,-0.036667,-8.111585,-1.67522,0.1163389653,-0.3750916894,0.1801286211
4.465576,1.971206,-1.80487,-4.727859,-0.0092396028,-0.0579525936,0.0322013247
4.466625,0.638228,1.022855,0.868247,-0.1199190188,0.2985628329,-0.1146617465
4.467674,-1.439296,-2.702751,2.237251,-0.1337539458,0.354966766,-0.1721299048
4.468722,-1.287985,-11.133253,0.133307,-0.0965060654,0.1783053905,-0.1402031502
4.46974,-1.028595,-19.317136,1.516722,-0.0369094568,-0.039860766,-0.0273952839
4.470788,-0.740383,-21.091348,1.780916,0.0386505291,-0.2367424194,0.1290458137
4.471837,-1.021389,-15.313785,2.844897,0.1120820647,-0.3889266164,0.2301472033
4.472886,-0.553046,-7.55849,0.378287,0.1174031905,-0.4229818213,0.2014131241
4.473903,1.399587,0.737928,-0.308617,-0.0911849396,0.1772411654,-0.0923130183
4.474951,-0.788418,-3.344437,1.612793,-0.1316254955,0.3400676139,-0.1551023023
4.476001,-1.223137,-11.892261,0.202958,-0.1177905685,0.2081036948,-0.1284966735
4.478066,-0.615492,-19.515867,1.185279,0.0088522248,-0.199494539,0.1141466615
4.477049,-0.800427,-18.670662,1.387027,-0.0624508605,-0.0153835874,-0.0199457078
4.479115,-1.348029,-15.797444,2.828085,0.0758984095,-0.3538071863,0.1939635481
4.480164,-1.432091,-8.777214,1.809737,0.0918617868,-0.4283029471,0.1737432701
4.481213,0.717486,-0.59333,-3.142696,0.0088522248,-0.2697333992,0.0502931523
4.482261,1.654174,1.142573,-1.862557,-0.0986345157,0.0931673782,-0.0816707667
4.483279,0.071412,-4.869637,-0.111672,-0.1539742237,0.3496456403,-0.1274324483
4.484328,-1.064621,-12.203526,-0.483945,-0.1497173231,0.2974986077,-0.0944414686
4.485376,-0.894096,-17.377714,1.382224,-0.0752215623,0.0601763985,-0.007175006
4.486425,-0.766803,-18.993899,1.382224,0.0163018009,-0.1622466586,0.0971190591
4.487442,-1.674669,-16.391242,2.554284,0.0844122107,-0.3484860605,0.1641652438
4.488491,-2.00371,-8.377357,2.491838,0.1088893893,-0.483642655,0.1396880652
4.48954,0.088225,0.024412,-2.121947,0.0492927807,-0.4006330931,0.0300728744
4.491608,1.385176,-6.232021,-2.174786,-0.1358823961,0.3145262102,-0.090184568
4.492654,-0.560251,-11.80367,-0.945084,-0.1688733758,0.3943430967,-0.0603862637
4.490589,2.13933,-0.313191,-2.563872,-0.0475517083,-0.0515672427,-0.0678358397
4.493703,-1.006979,-16.396031,2.515855,-0.0911849396,0.1921403175,0.006659921
4.494752,-0.870078,-17.856583,1.302966,0.0131091254,-0.0462461169,0.0811556818
4.495801,-1.972487,-15.809415,2.376553,0.0695130586,-0.2580269225,0.1141466615
4.496818,-2.560919,-8.875382,3.457346,0.0833479856,-0.4432020992,0.0854125824
4.497867,-0.834052,-0.346712,0.116495,0.058870807,-0.4591654765,0.0045314707
4.498916,1.810288,-0.612485,-2.172384,0.0088522248,-0.1984303139,-0.0518724624
4.499964,0.121849,-12.770987,-1.341375,-0.1529099985,0.4571323808,-0.0093034563
4.500984,-1.223137,-15.347306,3.118698,-0.0805426881,0.2772783298,0.0375224505
4.50203,-1.175102,-16.034484,0.798596,-0.0028542519,-0.0185762629,0.0641280793
4.503079,-1.883622,-14.827732,2.748826,0.0322651782,-0.2431277703,0.0705134302
4.504128,-2.246288,-8.784397,4.052983,0.0684488334,-0.4240460464,0.0513573775
4.505145,-1.016586,-1.235015,0.964317,0.0684488334,-0.4783215293,-0.0039823305
4.506194,1.377971,-2.930214,-1.009931,0.0343936285,-0.3005959286,-0.0401659857
4.507243,3.06641,-9.428476,-5.501227,-0.0550012844,0.1240299077,-0.0220741581
4.508292,1.582121,-12.301695,-3.31082,-0.1433319721,0.4848022348,0.0130452719
4.50934,-1.033398,-13.673656,2.993806,-0.0975702905,0.4134991495,0.0460362517
4.511406,-1.727507,-12.316061,2.189216,0.00991645,-0.1622466586,0.0566785032
4.51036,-1.756329,-13.774219,1.009951,-0.0188176292,0.0952958285,0.061999629
4.512455,-2.058951,-9.217774,4.141848,0.0450358801,-0.3452933851,0.0417793511
4.513504,-1.67707,-4.943861,1.24052,0.0631277077,-0.4442663244,0.0109168216
4.514521,0.407659,-5.903995,0.051647,0.0609992574,-0.3867981661,-0.0093034563
4.515569,2.720556,-10.201851,-5.054499,0.0024668739,-0.0622094942,-0.0039823305
4.516619,1.899153,-10.709453,-4.893581,-0.1071483169,0.3432602893,0.0013387952
4.517667,-0.932524,-10.280864,2.782451,-0.1082125421,0.3943430967,0.0109168216
4.518684,-1.902836,-11.739023,2.354937,-0.0294598807,0.1495713114,0.0300728744
4.519736,-1.780346,-13.046337,2.42699,0.0194944764,-0.0760444212,0.0502931523
4.520782,-2.114191,-9.936078,3.728745,0.0461001052,-0.268669174,0.0534858278
4.521831,-1.768337,-5.731602,0.820211,0.0343936285,-0.4378809734,0.0268801989
4.522879,0.275562,-9.421293,0.332654,0.0269440524,-0.462358152,0.0109168216
4.523896,2.785404,-12.644087,-4.504495,0.0035310991,-0.1792742611,0.0162379474
4.524945,2.084089,-8.580877,-5.414763,-0.0752215623,0.2464158004,-0.0007896551
4.525994,-1.994103,-9.289604,2.46782,-0.0124322782,0.1900118672,0.0055956959
4.527043,-1.441698,-12.383103,2.585507,0.037586304,0.0186716175,0.0417793511
4.52806,-1.693883,-11.461278,3.601452,0.058870807,-0.1430906059,0.0630638542
4.529111,-1.573795,-8.116373,0.366278,0.0269440524,-0.337843809,0.0471004769
4.530158,0.011368,-11.580996,0.195753,0.00991645,-0.4591654765,0.0279444241
4.531206,2.305051,-14.267455,-4.028946,-0.003918477,-0.2782472004,0.0247517486
4.532223,2.036054,-8.250457,-5.239435,-0.0688362114,0.139993285,0.0034672456
4.533272,-0.906105,-3.871193,2.165198,-0.0816069132,0.3347464881,-0.0156888072
4.534321,-2.099781,-5.441886,2.76804,-0.0326525562,0.2272597476,-0.0029181054
4.535369,-1.573795,-10.347906,2.33092,0.0141733506,0.084653577,0.0300728744
4.536386,-1.343225,-13.379152,3.685514,0.051421231,-0.0462461169,0.0683849799
4.537435,-0.862873,-12.004795,0.916282,0.0386505291,-0.2165221415,0.0779630063
4.538486,-0.202388,-14.01126,0.486366,0.023751377,-0.3942477421,0.0566785032
4.539533,1.197839,-14.473369,-2.647933,0.0226871518,-0.3623209875,0.0322013247
4.540582,1.879939,-6.770749,-5.191399,-0.0347810065,-0.0409249911,0.0002745701
4.541599,-0.341691,-1.548675,0.933094,-0.0762857875,0.2134248206,-0.0252668336
4.542648,-2.104584,-3.468943,2.602319,-0.0550012844,0.2027825691,-0.0199457078
4.543697,-1.516152,-8.803551,1.848166,-0.0198818543,0.0857178022,0.0130452719
4.544745,-0.81724,-13.594643,3.243589,0.0173660261,-0.0345396402,0.0630638542
4.545762,-0.332084,-16.147019,1.413447,0.0301367279,-0.164375109,0.1056328603
4.546811,-0.005444,-17.380108,0.577633,0.0397147543,-0.3027243789,0.1077613106
4.547863,0.611809,-12.897887,-2.090724,0.0535496813,-0.3303942329,0.0673207548
4.548909,1.281901,-4.89358,-4.016938,0.0056595494,-0.1260630034,0.0055956959
4.552023,-2.006112,-7.026945,1.939433,-0.0539370592,0.1325437089,-0.0337806348
4.549926,-0.305664,-1.637266,-0.075646,-0.0656435359,0.1453144108,-0.0391017606
4.553072,-0.58667,-17.109547,1.833755,0.0088522248,-0.1654393341,0.1045686351
4.550977,-2.210262,-2.738666,1.915415,-0.0858638138,0.2293881979,-0.0518724624
4.554121,0.044993,-19.791217,0.767373,0.0386505291,-0.3229446568,0.1492660916
4.555138,0.808753,-15.227589,-2.073912,0.065256158,-0.3623209875,0.1162751118
4.556187,1.680593,-5.698081,-4.096196,0.0312009531,-0.1494759568,0.0236875235
4.557238,0.316392,0.690041,-0.491151,-0.0347810065,0.1697915893,-0.0657073894
4.558284,-2.030129,-0.243755,2.499043,-0.0560655095,0.2794067801,-0.1061479453
4.559301,-2.363974,-7.146662,1.29576,-0.0358452316,0.1495713114,-0.0912487931
4.560353,-1.614625,-13.43901,1.423054,-0.0113680531,-0.0430534414,-0.0178172575
4.561399,-0.596277,-16.800676,1.600784,0.0109806751,-0.2346139691,0.089669483
4.562448,0.386043,-18.902914,0.589642,0.0450358801,-0.3878623912,0.1748074953
4.563465,1.152205,-16.151807,-1.055565,0.0844122107,-0.3804128151,0.1886424223
4.564514,1.747842,-7.438773,-4.144231,0.0524854561,-0.1186134273,0.1162751118
4.565562,0.237134,0.41948,-1.492686,-0.0518086089,0.2027825691,-0.007175006
4.566613,-1.929255,1.164122,3.279616,-0.0954418402,0.2815352304,-0.1018910447
4.56766,-1.929255,-5.082734,1.298162,-0.0550012844,0.1644704635,-0.1242397729
4.568677,-1.496938,-13.359997,0.714534,-0.0124322782,0.0101578162,-0.062514714
4.569728,-0.961345,-19.183053,1.910611,0.0216229267,-0.1803384863,0.0694492051
4.570774,0.047395,-19.956427,0.897068,0.072705734,-0.3538071863,0.1918350977
4.571824,0.534953,-15.0959,0.306234,0.1216600911,-0.4027615434,0.221633402
4.57284,1.238669,-7.766798,-3.236365,0.0876048862,-0.2197148169,0.1418165155
4.573889,0.743906,-0.875863,-2.436578,-0.0475517083,0.1293510335,-0.0018538802
4.574938,-1.256762,1.951863,3.529399,-0.1358823961,0.3230400114,-0.1189186471
4.575988,-1.708293,-3.42345,2.088342,-0.1050198666,0.2496084758,-0.1572307527
4.577004,-1.263967,-13.6976,0.440733,-0.0550012844,0.0825251267,-0.1008268195
4.578053,-0.814838,-20.131215,1.845764,-0.003918477,-0.1100996261,0.0396509008
4.579104,-0.351298,-14.530833,1.413447,0.1131462899,-0.4570370262,0.2386610045
4.58015,0.68146,-8.315104,-1.725657,0.0993113629,-0.3729632391,0.1822570714
4.581199,1.798279,-1.56783,-4.122615,-0.0134965034,-0.0281542893,0.0332655499
4.582216,-0.151951,1.484965,1.615195,-0.1167263433,0.271957204,-0.1093406207
4.583265,-1.468117,-2.324444,2.170002,-0.1273685948,0.2762141047,-0.1689372293
4.584314,-1.129469,-12.471693,0.383091,-0.0901207145,0.0995527292,-0.1306251238
4.585363,-1.179906,-21.055433,2.00428,-0.031588331,-0.1005215997,0.0087883713
4.58638,-0.677937,-20.229383,1.384625,0.0418432046,-0.2771829752,0.1769359456
4.587429,-0.54584,-13.652107,2.131573,0.1078251641,-0.3995688679,0.263138183
4.58848,0.371633,-8.212147,-1.346178,0.1014398132,-0.351678736,0.214183826
4.589526,2.196972,-2.446556,-4.550129,-0.0156249537,-0.0334754151,0.0588069535
4.590543,0.760718,1.887215,1.283751,-0.1177905685,0.2974986077,-0.0955056937
4.591592,-1.314404,-2.425007,1.965852,-0.1231116942,0.3453887396,-0.1636161036
4.592641,-1.285583,-12.984084,-0.226957,-0.0847995887,0.1793696157,-0.125303998
4.59369,-1.211129,-20.231777,1.139646,-0.0230745298,-0.0451818917,0.0034672456
4.594739,-0.908507,-19.379389,0.942701,0.0503570058,-0.2527057967,0.1545872174
4.595756,-1.100647,-14.327314,2.405374,0.1174031905,-0.3974404176,0.2397252297
4.596805,-0.392128,-8.489892,-0.457526,0.120595866,-0.3718990139,0.2109911505
4.597856,1.836708,-1.931771,-4.888777,0.0109806751,-0.0685948451,0.0694492051
4.598902,0.943252,0.98694,-0.099664,-0.0933133899,0.2889848065,-0.0806065416
4.599919,-1.191914,-2.99965,1.732881,-0.1060840918,0.368801693,-0.1423316005
4.600968,-1.242351,-11.305646,-0.736131,-0.0752215623,0.1942687678,-0.1146617465
4.602017,-1.127067,-19.2477,0.882657,-0.0209460795,-0.0387965408,-0.0061107808
4.603066,-1.028595,-21.098531,1.711265,0.0578065819,-0.2250359427,0.145009191
4.604083,-1.398466,-16.044062,2.724809,0.1354950181,-0.3676421133,0.2407894548
4.605131,-1.033398,-7.02455,0.515188,0.1397519187,-0.4155322452,0.2077984751
4.60618,1.776664,0.484127,-1.569542,-0.0965060654,0.1889476421,-0.0699642901
4.607231,-0.058283,-5.626251,0.644883,-0.1380108464,0.4007284476,-0.1029552698
4.608245,-0.951738,-12.313666,-0.234162,-0.1156621181,0.306012409,-0.0646431643
4.609294,-0.658723,-18.306721,2.088342,-0.0326525562,0.0867820273,0.0236875235
4.610343,-0.853266,-19.961216,2.210832,0.0663203831,-0.1154207519,0.1247889131
4.611392,-2.171833,-16.010541,3.010618,0.1259169917,-0.324008882,0.1705505947
4.612441,-2.414411,-6.63906,3.044243,0.1269812169,-0.4953491317,0.1258531382
4.613458,-0.055881,1.9782,-1.262116,0.0567423567,-0.4304313974,0.0194306229
4.614507,2.285837,-0.037841,-2.695968,-0.0422305825,-0.061145269,-0.0518724624
4.615555,1.550898,-7.996656,-2.840074,-0.1412035218,0.3432602893,-0.048679787
4.616606,-0.493002,-13.90112,-0.037218,-0.1646164752,0.4209487256,-0.0029181054
4.617621,-0.793222,-16.846168,2.880923,-0.0720288868,0.1783053905,0.0545500529
4.61867,-1.069425,-17.825457,0.678507,0.0120449003,-0.1079711758,0.0949906088
4.619718,-2.255895,-15.637022,2.950574,0.051421231,-0.3421007096,0.1088255358
4.620767,-2.246288,-6.698919,3.596648,0.0854764359,-0.4985418072,0.0779630063
4.621784,-0.589072,1.405951,0.159727,0.0833479856,-0.4708719532,0.0077241462
4.622833,1.855922,-0.808821,-1.920199,0.0258798273,-0.1867238372,-0.0327164097
4.623882,2.504398,-8.295949,-5.3283,-0.0858638138,0.2442873501,-0.0220741581
4.62493,0.352419,-14.379989,-1.053163,-0.142267747,0.4550039305,0.0226232983
4.625982,-1.218334,-17.205321,3.137912,-0.0667077611,0.2698287537,0.0811556818
4.626996,-1.37685,-15.816598,0.483965,0.0024668739,-0.0302827396,0.1088255358
4.628045,-1.876417,-12.48606,2.969788,0.023751377,-0.2569626973,0.1003117345
4.629094,-2.080566,-7.201732,3.68071,0.0567423567,-0.4112753446,0.0641280793
4.630143,-0.999773,-2.017967,0.909077,0.0620634825,-0.4261744968,0.006659921
4.63116,1.370766,-3.471337,-1.259715,0.0301367279,-0.2314212936,-0.0188814827
4.632208,0.794343,-13.723938,-2.419766,-0.1188547936,0.4273340765,0.0290086492
4.633257,-1.501742,-14.918718,2.583105,-0.0656435359,0.2964343826,0.0641280793
4.634306,-1.650651,-12.567467,0.395099,-0.0028542519,0.0048366905,0.0768987812
4.635323,-1.710695,-12.076626,2.626337,0.0407789794,-0.2154579163,0.0715776554
4.636372,-1.94847,-9.009465,3.47656,0.0780268598,-0.3708347888,0.0577427284
4.639518,3.354621,-10.034247,-5.979177,-0.017753404,0.0623048488,0.0109168216
4.637421,-1.055014,-4.01246,0.332654,0.0758984095,-0.434688298,0.0194306229
4.638469,1.440417,-5.865686,-1.026744,0.0609992574,-0.3123024053,0.0013387952
4.640535,1.385176,-12.598594,-3.426104,-0.1135336678,0.4092422489,0.0215590732
4.641584,-1.537768,-12.691974,3.29883,-0.0837353635,0.3741228188,0.0428435762
4.643682,-1.600214,-10.053401,3.116296,0.0439716549,-0.0824297721,0.0705134302
4.642633,-1.780346,-9.857065,1.324581,-0.0092396028,0.126158358,0.0609354038
4.644699,-2.106986,-9.83791,4.206696,0.079091085,-0.2473846709,0.0737061057
4.645748,-1.691481,-7.046099,0.877854,0.065256158,-0.3782843648,0.0534858278
4.646797,0.650237,-9.754108,0.075665,0.0631277077,-0.3942477421,0.0322013247
4.647845,3.22973,-12.598594,-5.621315,0.0226871518,-0.1069069507,0.0226232983
4.648864,1.988019,-9.974388,-4.855153,-0.0720288868,0.3166546605,0.0077241462
4.649911,-1.249557,-7.536941,3.512587,-0.0699004365,0.4156275998,0.0109168216
4.65096,-1.946068,-7.43159,2.95778,-0.0028542519,0.2347093237,0.0311370995
4.655123,0.093028,-11.880289,0.70973,0.0269440524,-0.4400094237,0.0588069535
4.656172,1.995224,-13.096618,-3.836805,0.0194944764,-0.3005959286,0.0492289272
4.653058,-2.159825,-12.205921,3.848833,0.058870807,-0.1345768047,0.0779630063
4.652008,-1.849997,-10.917761,2.950574,0.0397147543,0.0484699218,0.0556142781
4.659287,-1.309601,-9.509884,2.157993,0.0141733506,-0.0058055611,0.0322013247
4.660336,-1.014184,-11.121281,2.571096,0.0354578537,-0.1281914537,0.0662565296
4.658239,-2.243886,-7.417224,2.511052,-0.0134965034,0.112323431,0.0045314707
4.662401,0.431677,-16.242792,-0.736131,0.0141733506,-0.3740274642,0.0928621585
4.66345,2.225793,-15.668149,-4.624583,-0.0092396028,-0.2154579163,0.0566785032
4.657221,1.642165,-6.988635,-4.840742,-0.0369094568,0.0463414715,0.0183663977
4.661384,-0.769204,-12.294512,0.390296,0.0280082776,-0.2771829752,0.0928621585
4.654074,-1.448903,-9.263266,1.079602,0.0354578537,-0.3218804317,0.0737061057
4.664499,1.52688,-6.172162,-3.759949,-0.0656435359,0.1378648347,-0.0061107808
4.665547,-1.40327,-0.344318,2.775246,-0.0688362114,0.2974986077,-0.0476155618
4.666564,-2.424018,-2.61416,2.438999,-0.0220103046,0.2240670721,-0.0444228864
4.667614,-2.037335,-8.49468,1.384625,0.0088522248,0.1038096298,-0.0061107808
4.668662,-1.669865,-13.103801,2.979396,0.0397147543,-0.053695693,0.0673207548
4.669711,-0.74999,-15.471812,1.973057,0.0620634825,-0.24099932,0.1386238401
4.67076,0.083421,-19.594881,0.332654,0.0695130586,-0.4027615434,0.1567156677
4.671777,1.392382,-16.429552,-3.236365,0.0599350322,-0.3846697158,0.1162751118
4.672826,2.281034,-3.018805,-4.504495,-0.0071111525,-0.0973289243,0.0258159738
4.673875,0.064207,3.323824,0.889862,-0.0699004365,0.1985256684,-0.0582578134
4.674924,-2.349564,-2.216698,3.125903,-0.0656435359,0.2528011513,-0.0699642901
4.675941,-2.30393,-10.122837,1.819344,-0.0273314304,0.1389290598,-0.0188814827
4.676989,-1.508947,-14.150132,2.242055,0.00991645,-0.026025839,0.0662565296
4.678038,-0.396931,-16.549269,1.288555,0.0301367279,-0.2101367906,0.1503303168
4.679087,0.441284,-19.855865,0.039639,0.0599350322,-0.3580640869,0.1790643959
4.680106,1.04893,-16.25237,-2.052296,0.0876048862,-0.3559356366,0.131174264
4.681152,1.719021,-4.251895,-3.433309,0.0567423567,-0.1143565267,0.0322013247
4.682201,0.208313,3.170586,-0.128485,-0.0134965034,0.2102321451,-0.0678358397
4.68325,-2.073361,-0.49995,2.3045,-0.0486159335,0.3177188857,-0.1082763956
4.684299,-1.669865,-14.277032,1.338992,-0.0166891789,-0.0430534414,-0.0018538802
4.685316,-0.567456,-17.454333,1.742488,0.0056595494,-0.2558984722,0.1077613106
4.686364,0.244339,-19.106433,1.454277,0.0492927807,-0.4059542188,0.1960919984
4.687414,0.631023,-15.292236,-0.4215,0.092926012,-0.4112753446,0.2046057996
4.688462,1.298713,-6.557652,-3.591826,0.065256158,-0.1888522875,0.1194677873
4.689482,0.261152,0.967785,-1.360589,-0.0337167813,0.1208372322,-0.0188814827
4.690528,-1.609821,1.367642,2.734416,-0.0901207145,0.2293881979,-0.1210470974
4.691577,-1.741918,-5.997375,1.639212,-0.0613866353,0.1304152586,-0.1380746999
4.692626,-1.436894,-14.949844,1.266939,-0.017753404,-0.0217689384,-0.0593220385
4.693643,-0.759597,-19.702626,1.641614,0.0184302512,-0.1952376384,0.0864768075
4.694692,0.112242,-18.198975,1.139646,0.0673846083,-0.3548714115,0.2120553757
4.695741,0.450891,-13.522812,0.174137,0.1078251641,-0.3985046428,0.2439821303
4.696789,1.248276,-8.058909,-3.786368,0.058870807,-0.1984303139,0.1577798928
4.697838,0.806352,-0.86868,-2.412561,-0.0858638138,0.1421217353,0.0055956959
4.698858,-0.906105,2.167354,3.332455,-0.1550384488,0.2974986077,-0.1104048459
4.699904,-1.220736,-3.875982,1.58157,-0.1018271912,0.2283239727,-0.1412673753
4.700953,-1.062219,-14.540411,-0.099664,-0.0422305825,0.0803966764,-0.0816707667
4.702002,-0.846061,-21.431346,1.730479,0.0216229267,-0.1069069507,0.0609354038
4.703018,-0.358503,-19.609247,1.069995,0.1056967138,-0.2952748029,0.2046057996
4.704067,-0.346494,-13.249857,0.570428,0.1578437463,-0.407018444,0.2514317064
4.705116,0.736701,-6.85934,-3.231561,0.1152747402,-0.2856967765,0.1737432701
4.706165,1.293909,-0.88544,-3.913662,-0.0220103046,0.0697544249,0.0183663977
4.707182,-0.526626,1.144967,2.261269,-0.1167263433,0.3113335347,-0.1061479453
4.708233,-1.412877,-3.672462,1.644016,-0.1018271912,0.2740856544,-0.1444600508
4.70928,-1.21353,-13.376757,0.198155,-0.0518086089,0.1006169543,-0.0955056937
4.710329,-1.119862,-21.294868,1.802532,0.00991645,-0.1005215997,0.0417793511
4.711377,-0.819641,-13.16366,2.499043,0.1578437463,-0.3974404176,0.2652666333
4.712394,0.321196,-6.313429,-1.987449,0.120595866,-0.337843809,0.1939635481
4.713443,1.985617,-1.055439,-3.997724,-0.0081753776,-0.0100624617,0.0311370995
4.714492,0.234732,0.496099,1.819344,-0.0922491648,0.3070766341,-0.1018910447
4.715541,-1.516152,-4.098656,1.29576,-0.1028914163,0.3358107133,-0.145524276
4.716558,-1.194316,-13.130139,0.315841,-0.0794784629,0.153828212,-0.0997625944
4.717609,-0.877284,-20.145581,1.550347,-0.0198818543,-0.06753062,0.0290086492
4.718655,-0.639509,-19.558965,1.387027,0.0524854561,-0.2484488961,0.1769359456
4.719704,-1.163093,-13.927457,3.301232,0.128045442,-0.3761559145,0.255688607
4.720721,-0.456975,-7.15624,-0.440714,0.1291096672,-0.3772201397,0.2077984751
4.72177,1.843913,-0.997975,-3.997724,0.0194944764,-0.1271272286,0.0588069535
4.722819,1.339543,0.52962,-0.202939,-0.0752215623,0.2219386218,-0.0795423164
4.723867,-0.687544,-4.354852,0.459947,-0.1071483169,0.3517740906,-0.1295608987
4.724916,-1.189513,-13.000844,0.092477,-0.0879922642,0.2123605954,-0.0912487931
4.725933,-0.805231,-19.276432,1.425455,-0.0188176292,-0.0100624617,0.0236875235
4.726985,-0.603483,-19.360234,1.19969,0.0641919328,-0.199494539,0.1535229922
4.728031,-1.573795,-14.966605,2.739219,0.1333665678,-0.3623209875,0.2205691769
4.72908,-1.29519,-6.509765,0.692918,0.1312381175,-0.4251102716,0.1822570714
4.730097,1.149804,0.690041,-3.306016,0.0322651782,-0.2324855188,0.0545500529
4.731146,1.680593,-0.672343,-1.401419,-0.0688362114,0.1314794838,-0.0529366876
4.732195,-0.012649,-6.801876,-0.464731,-0.1188547936,0.34751719,-0.0774138661
4.733243,-0.975756,-13.154083,0.174137,-0.1050198666,0.2666360783,-0.0369733103
4.73426,-0.728374,-18.033765,2.102752,-0.0198818543,0.0442130212,0.0460362517
4.735309,-1.047809,-19.235728,1.461482,0.0695130586,-0.1611824335,0.1290458137
4.73636,-2.270306,-15.031252,2.840093,0.1110178396,-0.3484860605,0.1599083431
4.737406,0.338008,1.628626,-1.627184,0.0546139064,-0.337843809,0.0151737222
4.738423,1.978412,-2.465711,-2.621514,-0.0358452316,0.0505983721,-0.0391017606
4.739472,1.101768,-9.234534,-2.559068,-0.1231116942,0.4039211231,-0.0305879594
4.740521,-0.598679,-13.130139,0.258199,-0.1263043697,0.4177560501,0.006659921
4.74157,-0.834052,-15.778289,2.133975,-0.0358452316,0.167663139,0.0534858278
4.742619,-1.146281,-17.382502,0.976326,0.0386505291,-0.0930720237,0.0939263836
4.743636,-2.332751,-15.514911,3.33966,0.086540661,-0.3112381802,0.1120182112
4.744684,-2.363974,-7.019762,2.902539,0.1174031905,-0.4676792777,0.0779630063
4.745736,-0.435359,1.08032,-0.46233,0.0961186874,-0.434688298,0.0013387952
4.746782,2.158544,-1.500788,-2.964966,0.0226871518,-0.1281914537,-0.0369733103
4.747799,2.379506,-9.667911,-5.191399,-0.0901207145,0.313461985,-0.0135603569
4.748848,0.184295,-14.241117,-0.128485,-0.12843282,0.493316036,0.0407151259
4.749897,-1.067023,-15.107871,2.95778,-0.0358452316,0.2762141047,0.0917979333
4.750946,-1.516152,-15.251532,0.647284,0.0354578537,-0.039860766,0.1056328603
4.751962,-2.133405,-13.436616,3.507783,0.051421231,-0.2803756507,0.0960548339
4.753011,-1.926854,-6.433146,3.651889,0.0748341844,-0.448523225,0.0641280793
4.754061,-0.759597,-1.510365,0.906675,0.0876048862,-0.476193079,0.0109168216
4.755112,1.642165,-5.942305,-1.809718,0.0641919328,-0.2707976243,-0.0029181054
4.756158,3.169686,-10.807621,-6.478744,-0.0358452316,0.1740484899,0.0194306229
4.757175,0.96727,-12.397469,-2.213214,-0.1135336678,0.4901233605,0.0385866756
4.758223,-1.708293,-13.271406,3.123501,-0.0571297347,0.3634805673,0.0566785032
4.759272,-2.018121,-12.301695,1.086807,0.00991645,0.0623048488,0.0662565296
4.760321,-1.979692,-11.856346,3.334856,0.0535496813,-0.1633108838,0.0715776554
4.761338,-2.097379,-8.42285,3.539006,0.0907975617,-0.3282657826,0.0651923045
4.762387,-1.338422,-4.649357,0.779381,0.0897333365,-0.4272387219,0.0364582253
4.763436,3.472308,-11.051845,-6.358656,0.0173660261,-0.012190912,0.0236875235
4.764487,1.505264,-11.312829,-3.740735,-0.0709646617,0.3496456403,0.0215590732
4.765501,-1.605018,-11.025507,3.291625,-0.0507443838,0.3368749384,0.0353940002
4.76655,-1.809167,-9.761291,1.6224,0.00991645,0.112323431,0.0556142781
4.767599,-1.547375,-10.237766,3.195554,0.0535496813,-0.0717875206,0.0715776554
4.768648,-2.054147,-9.406927,3.668701,0.0780268598,-0.227164393,0.0790272315
4.769696,-1.600214,-8.178626,0.690516,0.0546139064,-0.3665778881,0.0662565296
4.770713,0.868797,-11.935359,-0.267787,0.0471643304,-0.3740274642,0.0513573775
4.771762,3.090427,-12.421412,-5.513235,0.0141733506,-0.0824297721,0.0300728744
4.772811,1.30832,-7.838629,-3.623049,-0.0635150856,0.2815352304,-0.0029181054
4.773862,-1.737114,-6.416386,3.589443,-0.0539370592,0.3251684617,-0.0061107808
4.774877,-1.970085,-7.948769,2.37175,0.0088522248,0.1623420132,0.0236875235
4.775926,-1.54017,-10.865086,2.888129,0.051421231,0.0101578162,0.0609354038
4.776974,-1.669865,-11.394237,3.414114,0.0705772837,-0.1526686323,0.0917979333
4.778023,-1.163093,-10.340723,0.714534,0.0429074297,-0.3389080342,0.0949906088
4.77904,0.376436,-13.965767,-0.042021,0.0322651782,-0.448523225,0.0779630063
4.780089,2.336274,-13.295349,-4.377202,0.0216229267,-0.2622838231,0.0502931523
4.781138,1.452426,-6.078783,-3.940081,-0.0358452316,0.1112592058,0.0055956959
4.783238,-2.135807,-6.021318,2.294893,-0.0017900267,0.1548924371,0.0024030204
4.784252,-1.307199,-8.820312,1.713667,0.0290725027,0.0346349948,0.0375224505
4.782186,-1.564188,-3.935841,2.501445,-0.0411663574,0.2528011513,-0.0156888072
4.785301,-0.980559,-11.607334,2.518257,0.0556781316,-0.0866866727,0.0854125824
4.78635,-0.485796,-14.894774,1.000344,0.0599350322,-0.2324855188,0.1215962376
4.787398,0.306785,-18.380946,-0.692899,0.058870807,-0.3272015575,0.1162751118
4.788416,1.711816,-12.929014,-4.403621,0.0365220788,-0.2037514396,0.0598711787
4.789464,1.341945,-3.021199,-3.70711,-0.0294598807,0.0921031531,-0.0167530324
4.790513,-2.37118,-4.065135,2.441401,-0.0049827022,0.2017183439,-0.0242026084
4.791562,-1.78515,-8.341442,1.370215,0.0226871518,0.0889104776,0.0151737222
4.792579,-1.333618,-13.640136,2.974592,0.0461001052,-0.053695693,0.0822199069
4.793627,-0.562653,-17.779964,1.860174,0.072705734,-0.2218432673,0.1524587671
4.795725,1.654174,-12.1724,-3.731128,0.065256158,-0.3027243789,0.0949906088
4.794676,0.386043,-18.653902,-0.130886,0.0876048862,-0.3569998618,0.158844118
4.796742,1.733432,-2.994862,-3.464532,-0.0017900267,-0.0175120377,0.0077241462
4.797791,-0.77641,-0.045024,1.953843,-0.0464874832,0.2251312973,-0.0476155618
4.79884,-2.424018,-3.370774,2.525462,-0.0411663574,0.2240670721,-0.0497440121
4.799889,-1.857203,-8.657496,1.543142,-0.0113680531,0.0878462525,-0.0167530324
4.800938,-1.167897,-13.410278,2.133975,0.0194944764,-0.074980196,0.0524216026
4.801955,-0.404136,-18.124751,1.480696,0.0450358801,-0.2441919955,0.1386238401
4.803004,0.376436,-19.614035,0.632874,0.0854764359,-0.3633852127,0.1822570714
4.804052,1.221857,-13.185209,-2.607103,0.1014398132,-0.3123024053,0.1418165155
4.805101,1.543693,-3.705983,-3.711914,0.0407789794,-0.0377323157,0.0417793511
4.806118,-0.36811,1.003701,0.712132,-0.0326525562,0.2453515752,-0.0444228864
4.807167,-2.097379,-1.0722,2.29009,-0.045423258,0.2815352304,-0.0816707667
4.808216,-1.893229,-7.510603,1.000344,-0.0252029801,0.1240299077,-0.0667716146
4.809265,-1.350431,-15.177307,1.619998,-0.0060469273,-0.0717875206,0.0109168216
4.810282,-0.432958,-20.337129,2.00428,0.0343936285,-0.2484488961,0.1386238401
4.81133,0.398052,-19.135166,0.788988,0.0961186874,-0.3644494378,0.2248260775
4.812379,1.005698,-12.270568,-2.177188,0.1248527666,-0.324008882,0.1971562235
4.813428,1.248276,-4.333302,-3.690298,0.0609992574,-0.0622094942,0.0843483572
4.814477,-0.461779,0.895955,0.339859,-0.0379736819,0.2187459464,-0.0369733103
4.815494,-1.919648,0.060327,2.705595,-0.0656435359,0.258122277,-0.111469071
4.816543,-1.374448,-15.579558,1.19969,-0.0017900267,-0.0632737194,-0.0273952839
4.817591,-0.598679,-19.793611,1.365411,0.0354578537,-0.2622838231,0.1141466615
4.819657,0.674255,-12.751832,-0.250975,0.1312381175,-0.4006330931,0.2429179051
4.820706,1.469238,-6.519343,-3.968902,0.0705772837,-0.1420263807,0.1396880652
4.81864,0.112242,-18.481508,1.33659,0.0897333365,-0.4134037949,0.228018753
4.821755,0.364427,-0.713047,-1.192465,-0.0667077611,0.1932045427,-0.0156888072
4.822803,-1.211129,1.607076,3.274812,-0.1167263433,0.3038839587,-0.125303998
4.82382,-1.191914,-4.833721,0.983531,-0.0699004365,0.2017183439,-0.1540380772
4.824869,-1.225539,-15.857302,0.498375,-0.0209460795,0.0388918954,-0.0784780913
4.825918,-0.973354,-21.484022,1.574365,0.0450358801,-0.1569255329,0.0832841321
4.826967,-0.31287,-18.342636,1.192484,0.1216600911,-0.337843809,0.2290829781
4.828015,0.035386,-11.681558,0.83222,0.1631648721,-0.4123395698,0.269523534
4.829032,1.135393,-6.706102,-3.462131,0.1184674157,-0.2463204458,0.1833212965
4.830081,1.248276,-1.95332,-3.128286,-0.0241387549,0.1080665304,0.020494848
4.83113,-0.437761,0.951025,2.347732,-0.1305612703,0.3177188857,-0.1125332962
4.832178,-1.163093,-3.794574,1.708863,-0.1092767672,0.2677003034,-0.1561665275
4.833196,-1.242351,-14.363229,0.589642,-0.045423258,0.1112592058,-0.0965699189
4.834244,-1.251959,-22.219087,1.480696,0.0248156021,-0.0717875206,0.0577427284
4.835293,-0.795624,-19.681077,2.047512,0.1131462899,-0.2484488961,0.2195049517
4.836342,-0.74999,-10.996775,1.970655,0.1748713488,-0.3718990139,0.2759088849
4.837361,0.51814,-5.674138,-2.94335,0.1195316408,-0.2899536771,0.1886424223
4.838408,1.911162,-2.029939,-3.219553,-0.017753404,0.0559194979,0.0268801989
4.839456,0.124251,0.134552,1.965852,-0.0911849396,0.3358107133,-0.1018910447
4.840505,-1.472921,-4.670906,0.973924,-0.0901207145,0.3028197335,-0.1444600508
4.841554,-1.256762,-14.499707,0.481563,-0.0571297347,0.098488504,-0.0912487931
4.842571,-1.069425,-21.019518,1.670435,0.0088522248,-0.109035401,0.0502931523
4.843619,-1.09104,-11.887472,2.811272,0.1514583954,-0.3772201397,0.2652666333
4.844669,0.071412,-5.511322,-1.963431,0.1195316408,-0.3250731072,0.1939635481
4.845717,2.081687,-1.187128,-3.997724,-0.003918477,-0.0068697862,0.0353940002
4.846736,0.808753,-0.33474,0.786587,-0.0826711384,0.3262326869,-0.0912487931
4.847783,-1.215932,-5.382027,0.61366,-0.0965060654,0.3602878918,-0.1274324483
4.848832,-1.273574,-14.284215,0.397501,-0.0656435359,0.1644704635,-0.0742211907
4.84988,-0.752392,-19.994737,1.163663,0.0088522248,-0.0505030175,0.0524216026
4.850897,-0.826847,-19.008265,1.351001,0.0918617868,-0.2303570685,0.1811928462
4.851946,-1.818774,-13.582671,2.856906,0.1472014948,-0.393183517,0.2312114284
4.852995,-0.925319,-4.881608,-0.757746,0.1184674157,-0.4176606955,0.1673579192
4.854044,1.538889,1.659752,-3.421301,0.0088522248,-0.1590539832,0.0353940002
4.855092,1.406792,-0.904595,-1.319759,-0.0826711384,0.2304524231,-0.0561293631
4.856112,-0.382521,-8.547356,-0.551195,-0.1156621181,0.4060495734,-0.0603862637
4.857158,-0.901301,-14.605058,1.060388,-0.0741573372,0.2730214292,-0.0029181054
4.858207,-0.605884,-18.244468,1.812139,0.0216229267,0.029313869,0.0737061057
4.859256,-1.360038,-19.482346,1.555151,0.0950544623,-0.1931091881,0.1333027143
4.860273,-2.539303,-14.370412,3.101885,0.1312381175,-0.3995688679,0.1428807407
4.86237,0.80395,2.311015,-2.054698,0.0673846083,-0.2984674783,-0.0061107808
4.861321,-1.54017,-3.212747,1.235716,0.1333665678,-0.4921564563,0.0822199069
4.863419,1.788672,-2.575851,-3.051429,-0.0411663574,0.1272225831,-0.0380375354
4.864436,0.84478,-9.708615,-2.43898,-0.1177905685,0.4358478777,-0.0135603569
4.865487,-0.416145,-14.411116,1.012352,-0.0954418402,0.375187044,0.034329775
4.866534,-0.529028,-16.652226,1.862576,-0.0007258016,0.0995527292,0.0811556818
4.867582,-1.203923,-17.303489,1.471089,0.0705772837,-0.1622466586,0.1045686351
4.8686,-2.464848,-14.382384,3.995341,0.1014398132,-0.3804128151,0.10350441
4.869648,0.179492,1.628626,-0.320626,0.1056967138,-0.4091468943,-0.0018538802
4.870697,2.35789,-2.645287,-4.098598,0.0226871518,-0.0419892163,-0.0284595091
4.871746,1.90876,-10.793255,-4.651003,-0.0954418402,0.38263662,-0.0007896551
4.872795,-0.401735,-14.693649,1.228511,-0.1018271912,0.4645819569,0.0513573775
4.873812,-1.283181,-15.869274,2.095547,-0.0060469273,0.1878834169,0.089669483
4.874863,-1.448903,-15.569981,0.793792,0.0429074297,-0.1154207519,0.0971190591
4.875909,-1.773141,-11.114098,3.942502,0.0599350322,-0.324008882,0.0875410327
4.876958,-1.70349,-4.658934,3.085073,0.0939902371,-0.448523225,0.0545500529
4.877975,-0.699553,-3.191198,0.966719,0.106760939,-0.4357525231,0.0183663977
4.879024,2.019242,-7.304689,-2.31649,0.0737699592,-0.1984303139,0.0162379474
4.880073,3.236935,-10.209034,-6.781366,-0.0347810065,0.2602507274,0.0247517486
4.881122,0.484516,-11.585784,-1.252509,-0.1071483169,0.5316281415,0.0322013247
4.882138,-2.037335,-13.096618,2.981797,-0.0518086089,0.34751719,0.0545500529
4.883188,-2.056549,-13.058309,1.161262,0.0120449003,0.0335707696,0.0747703308
4.884239,-2.090173,-12.316061,4.002546,0.0620634825,-0.1920449629,0.0854125824
4.885285,-2.234279,-7.881727,2.926557,0.0886691114,-0.3559356366,0.0715776554
4.886334,-1.124665,-4.06753,1.154056,0.0833479856,-0.4357525231,0.0332655499
4.887351,1.507666,-8.10919,-0.690497,0.0876048862,-0.3261373323,0.0194306229
4.888399,3.481915,-11.320012,-6.829401,0.0205587015,0.0665617494,0.0258159738
4.889448,1.332338,-10.302414,-2.076314,-0.0571297347,0.3996642225,0.0268801989
4.890497,-1.720302,-10.276076,3.116296,-0.0294598807,0.3187831108,0.0353940002
4.891514,-1.749123,-11.260153,1.411045,0.023751377,0.07081865,0.0556142781
4.892563,-1.588205,-11.698319,3.76237,0.0769626347,-0.1100996261,0.0779630063
4.893614,-2.070959,-8.647919,2.37175,0.0907975617,-0.2707976243,0.075834556
4.89466,-1.333618,-7.206521,0.793792,0.0535496813,-0.407018444,0.0502931523
4.895677,2.996759,-11.899444,-6.236166,0.0003384236,-0.0132551371,0.0290086492
4.896726,0.933645,-8.473131,-2.124349,-0.0709646617,0.3432602893,0.0141094971
4.897775,-1.789953,-6.507371,3.512587,-0.0390379071,0.3230400114,0.0173021725
4.898824,-1.638642,-7.939192,1.266939,0.0163018009,0.1229656825,0.0300728744
4.899872,-1.453707,-12.476482,3.382892,0.0567423567,-0.0281542893,0.0588069535
4.900889,-1.729909,-12.114935,2.828085,0.0833479856,-0.1739531353,0.089669483
4.901938,-1.093442,-9.421293,0.135709,0.0609992574,-0.3463576102,0.0854125824
4.902989,0.715085,-12.385497,-0.728925,0.0524854561,-0.4112753446,0.0662565296
4.904036,2.477978,-11.770149,-5.518039,0.0184302512,-0.1484117316,0.0428435762
4.905053,0.791941,-6.102726,-2.43898,-0.0422305825,0.2176817212,0.0119810468
4.906102,-2.010915,-4.759497,3.363677,-0.0273314304,0.2836636807,0.0045314707
4.90715,-1.789953,-7.477082,2.047512,0.0205587015,0.1516997617,0.0247517486
4.908199,-1.115058,-11.406208,2.715202,0.0620634825,0.0229285181,0.0566785032
4.909216,-1.163093,-12.13409,2.511052,0.0758984095,-0.1218061028,0.0864768075
4.910264,-0.802829,-12.241836,0.661695,0.0461001052,-0.3005959286,0.0907337082
4.911314,0.35482,-16.204483,-0.81779,0.0471643304,-0.4006330931,0.0747703308
4.912365,2.100901,-13.225913,-4.924804,0.037586304,-0.2058798899,0.0417793511
4.913411,1.205044,-3.749081,-3.250775,-0.0220103046,0.1570208875,-0.007175006
4.914428,-1.576196,-0.653189,2.63114,-0.0337167813,0.292177482,-0.0305879594
4.915476,-2.224672,-4.680483,2.073931,0.0014026488,0.1963972181,-0.0146245821
4.916525,-1.573795,-10.709453,1.855371,0.0322651782,0.0686901997,0.0332655499
4.917574,-0.982961,-13.996893,3.058654,0.0631277077,-0.0654021697,0.1066970855
4.918591,-0.310468,-16.319412,0.897068,0.0812195353,-0.2324855188,0.1524587671
4.919639,0.265955,-18.110384,-0.568007,0.0907975617,-0.3687063385,0.1375596149
4.920688,1.428408,-11.320012,-3.618245,0.0695130586,-0.3016601538,0.0747703308
4.921739,-1.093442,-0.332346,2.314107,-0.0411663574,0.2144890457,-0.0401659857
4.922754,-2.455241,-4.802595,2.374151,-0.0209460795,0.2081036948,-0.0252668336
4.923802,-1.792355,-9.955233,1.850567,0.0120449003,0.0803966764,0.0183663977
4.924852,-0.975756,-14.195624,2.583105,0.0407789794,-0.074980196,0.0875410327
4.9259,-0.060684,-18.313904,1.319778,0.058870807,-0.2324855188,0.1545872174
4.926917,0.405257,-18.716155,0.178941,0.086540661,-0.3410364845,0.1652294689
4.927966,1.099367,-11.739023,-3.207544,0.0897333365,-0.2771829752,0.1024401848
4.929015,1.38998,-2.760215,-3.334837,0.0333294034,0.0059009156,0.0077241462
4.930063,-0.810034,0.761871,1.185279,-0.0198818543,0.2623791777,-0.0593220385
4.931114,-2.457643,-2.499231,2.160395,-0.0209460795,0.2613149525,-0.0774138661
4.932129,-1.946068,-8.937635,1.113226,-0.0017900267,0.1027454046,-0.0444228864
4.933178,-1.235146,-15.20604,1.670435,0.0141733506,-0.0834939973,0.0428435762
4.934226,-0.28645,-19.283615,1.768907,0.0450358801,-0.268669174,0.1545872174
4.935275,0.582988,-18.558128,0.500777,0.092926012,-0.3867981661,0.2099269254
4.936292,1.454827,-11.736628,-2.143563,0.1056967138,-0.3154950808,0.1694863695
4.937341,1.548496,-3.875982,-3.073045,0.0439716549,-0.0238973887,0.061999629
4.93839,-0.786017,-0.322769,0.882657,-0.0401021322,0.2357735488,-0.0465513367
4.939439,-2.270306,-1.196706,2.691184,-0.0624508605,0.2442873501,-0.1082763956
4.940455,-1.645847,-6.950326,0.993138,-0.0305241059,0.0963600537,-0.1104048459
4.941504,-1.348029,-15.682515,1.387027,0.0014026488,-0.0898793482,-0.0252668336
4.942552,-0.663527,-20.492761,1.63681,0.0482285555,-0.2867610016,0.1237246879
4.943601,0.287571,-17.590811,1.33659,0.1099536144,-0.4219175961,0.235468329
4.94465,1.202642,-11.509165,-1.221286,0.134430793,-0.37934859,0.2407894548
4.945667,1.723825,-6.109909,-4.151436,0.0567423567,-0.0941362488,0.1354311646
4.946716,-0.043872,-0.808821,-0.114074,-0.0741573372,0.20916792,-0.0146245821
4.947764,-1.511349,0.682858,2.921753,-0.1103409924,0.264507628,-0.1210470974
4.948813,-1.139076,-15.814204,0.632874,0.0056595494,0.0080293659,-0.0657073894
4.94983,-0.918114,-21.534303,1.074798,0.065256158,-0.1835311617,0.0917979333
4.950879,-0.432958,-18.522212,1.367813,0.1397519187,-0.3538071863,0.235468329
4.951928,0.155474,-10.81241,-0.092458,0.1780640243,-0.3761559145,0.2727162094
4.952976,1.289106,-5.88484,-4.706243,0.1056967138,-0.1377694801,0.1694863695
4.953994,0.506131,-2.137685,-2.081117,-0.0550012844,0.2049110194,-0.0039823305
4.956091,-1.018988,-4.268655,1.079602,-0.086928039,0.2198101715,-0.1774510306
4.955043,-1.081433,0.795392,3.049047,-0.1369466212,0.3219757863,-0.1348820244
4.95714,-1.129469,-15.70167,0.683311,-0.0124322782,0.0697544249,-0.1050837201
4.958188,-1.184709,-22.630915,1.84096,0.0673846083,-0.0983931494,0.0673207548
4.959205,-0.718767,-18.330664,1.987468,0.1578437463,-0.2718618495,0.2322756536
4.960254,-0.442565,-9.598475,1.15886,0.1993485273,-0.3857339409,0.2812300107
4.961303,1.17142,-5.528082,-3.803181,0.1301738923,-0.2612195979,0.186513972
4.962352,1.848716,-2.772187,-2.892913,-0.0092396028,0.1176445568,0.0215590732
4.963369,-0.276843,-0.090517,2.160395,-0.0911849396,0.3570952163,-0.1082763956
4.964418,-1.297592,-4.165698,0.846631,-0.0922491648,0.2730214292,-0.1561665275
4.965466,-1.163093,-14.923506,0.813006,-0.045423258,0.0676259745,-0.1008268195
4.966515,-1.1727,-22.245424,1.970655,0.0322651782,-0.1154207519,0.0556142781
4.967532,-0.958944,-18.931646,2.254063,0.1184674157,-0.2612195979,0.2163122763
4.968581,-1.165495,-10.640017,2.799263,0.175935574,-0.3708347888,0.2716519843
4.969629,0.174688,-4.989354,-2.366927,0.128045442,-0.3080455047,0.1833212965
4.970678,1.858323,-1.780927,-3.286802,0.0014026488,0.015478942,0.0194306229
4.971727,0.366829,-0.784878,1.103619,-0.0752215623,0.3241042366,-0.1072121704
4.972744,-1.285583,-5.051607,0.366278,-0.0943776151,0.3390033887,-0.1487169514
4.973793,-1.290387,-14.207596,0.786587,-0.0688362114,0.1421217353,-0.0933772434
4.974841,-0.958944,-18.866999,1.855371,0.086540661,-0.2590911476,0.1897066474
4.97589,-1.626633,-12.256202,3.077868,0.1440088193,-0.4048899937,0.2503674812
4.976907,-0.500207,-4.350063,-1.043556,0.1195316408,-0.4016973182,0.1843855217
4.977956,1.848716,0.80497,-3.257981,0.0194944764,-0.1345768047,0.0385866756
4.979005,1.498059,-1.594168,-1.278929,-0.0667077611,0.2187459464,-0.0678358397
4.980053,-0.334485,-8.47792,-0.743336,-0.1018271912,0.3517740906,-0.0848634422
4.98107,-1.004577,-14.50689,1.012352,-0.0688362114,0.2049110194,-0.0305879594
4.982119,-0.742785,-18.093624,1.360608,0.0163018009,-0.0228331635,0.0651923045
4.983168,-1.386457,-19.19263,1.795327,0.1056967138,-0.2090725654,0.1482018664
4.984217,-2.695418,-14.710409,3.351669,0.1546510709,-0.3846697158,0.1694863695
4.985265,-1.441698,-3.195987,0.279815,0.1216600911,-0.4432020992,0.0992475094
4.986283,1.315525,3.491429,-2.472605,0.0322651782,-0.213329466,-0.0114319066
4.987331,1.800681,-2.753032,-2.729593,-0.0624508605,0.2038467942,-0.0646431643
4.98838,0.280366,-11.025507,-1.761683,-0.1177905685,0.4443616789,-0.0391017606
4.989429,-0.639509,-13.75267,1.019558,-0.086928039,0.3294253623,0.0141094971
4.990446,-0.50501,-16.111103,1.24052,0.0109806751,0.0559194979,0.0673207548
4.991495,-1.40327,-18.993899,1.855371,0.0982471377,-0.1835311617,0.1130824364
4.992544,-2.524892,-14.590692,3.692719,0.1386876936,-0.3942477421,0.1290458137
4.993592,-1.641044,-2.659653,1.850567,0.1408161439,-0.5198263103,0.0726418805
4.994611,0.767923,2.263128,-1.34858,0.1014398132,-0.3942477421,-0.0156888072
4.995658,2.701342,-4.723581,-4.317158,0.0077879997,0.0218642929,-0.0412302109
4.997755,-0.500207,-13.834078,1.223707,-0.0943776151,0.479481109,0.0460362517
4.998772,-0.99497,-15.007309,2.141181,0.0067237745,0.1995898936,0.0864768075
4.996706,1.709414,-11.631277,-3.863225,-0.0954418402,0.4422332286,-0.007175006
4.999821,-1.612223,-16.077582,1.430259,0.0769626347,-0.0845582224,0.1024401848
5.00087,-2.063754,-4.45302,2.54948,0.120595866,-0.4336240728,0.0492289272
5.001918,-0.356101,-0.746568,0.606455,0.1195316408,-0.4144680201,-0.0124961318
5.002967,2.208981,-5.312591,-2.628719,0.0695130586,-0.1494759568,-0.0178172575
5.003986,2.691735,-10.450863,-6.053632,-0.0464874832,0.2794067801,0.0130452719
5.005033,0.01377,-14.260272,0.868247,-0.0794784629,0.4539397053,0.0545500529
5.006082,-1.806766,-15.155758,3.142715,-0.0017900267,0.2315166482,0.0907337082
5.007131,-1.842792,-13.750276,0.740953,0.0343936285,-0.0622094942,0.0939263836
5.008147,-1.941264,-11.042267,4.442069,0.0578065819,-0.2665407237,0.0779630063
5.009197,-1.782748,-5.300619,2.487034,0.0822837604,-0.3910550667,0.0407151259
5.010245,-0.569858,-3.569505,0.85864,0.0833479856,-0.4123395698,0.0024030204
5.011294,1.959197,-7.869755,-1.230894,0.0705772837,-0.2484488961,0.0055956959
5.012311,3.128856,-11.655221,-6.66368,-0.0145607286,0.1368006095,0.0226232983
5.013362,0.55897,-13.53239,-0.901852,-0.0784142378,0.3975357722,0.0385866756
5.014409,-1.823578,-11.784515,2.904941,-0.0379736819,0.2708929789,0.0577427284
5.015457,-1.532965,-9.335097,0.714534,0.0141733506,0.0176073923,0.0588069535
5.016507,-1.40327,-10.012697,3.913681,0.0684488334,-0.1601182083,0.0630638542
5.017523,-2.020522,-8.535384,2.674372,0.092926012,-0.2878252268,0.0630638542
5.018572,-1.189513,-7.412435,0.529598,0.0684488334,-0.3718990139,0.0492289272
5.019621,1.692602,-11.552264,-1.840941,0.0620634825,-0.282504101,0.0375224505
5.02067,3.155275,-12.675213,-7.194469,-0.0017900267,0.0921031531,0.0215590732
5.021687,0.607005,-8.214542,-1.665612,-0.0762857875,0.4028568979,0.0077241462
5.022738,-1.943666,-6.100332,3.829619,-0.0347810065,0.3453887396,0.0162379474
5.023784,-2.046942,-9.658334,2.475025,0.0450358801,0.1527639868,0.0460362517
5.024833,-2.022924,-13.269012,3.949707,0.0950544623,-0.0143193623,0.0843483572
5.02585,-2.00371,-9.873825,2.177207,0.086540661,-0.2048156648,0.0864768075
5.026899,-1.030996,-8.1475,0.849033,0.0482285555,-0.3995688679,0.0545500529
5.027948,2.679726,-13.008028,-5.748608,0.0343936285,-0.1143565267,0.0417793511
5.028996,1.015305,-5.930333,-2.342909,-0.0198818543,0.2538653764,0.0247517486
5.030045,-1.763534,-3.64373,2.506248,-0.0124322782,0.2974986077,0.0119810468
5.031062,-1.926854,-7.331027,1.792925,0.0194944764,0.1293510335,0.020494848
5.032113,-1.379252,-12.363948,3.207563,0.058870807,-0.0217689384,0.0524216026
5.033159,-1.055014,-12.608171,1.953843,0.079091085,-0.1547970826,0.0864768075
5.034208,-0.425752,-12.181977,0.126102,0.0609992574,-0.3123024053,0.0917979333
5.035225,0.811155,-15.524488,-1.391812,0.0609992574,-0.3623209875,0.0705134302
5.036274,2.096098,-12.265779,-5.265854,0.0343936285,-0.116484977,0.0322013247
5.037323,0.431677,-3.835278,-1.302946,-0.0124322782,0.1889476421,-0.0082392311
5.038372,-2.063754,-1.637266,3.397302,0.0024668739,0.2304524231,-0.021009933
5.039388,-1.929255,-5.257521,1.326983,0.0322651782,0.1240299077,-0.0039823305
5.040437,-1.179906,-10.37185,2.150788,0.0503570058,0.0144147169,0.0364582253
5.041488,-0.764401,-14.430271,2.717603,0.0705772837,-0.1196776525,0.0949906088
5.042534,-0.332084,-17.73926,0.839425,0.0769626347,-0.2622838231,0.1301100388
5.043583,0.282768,-17.439967,-1.091591,0.0854764359,-0.3261373323,0.1098897609
5.0446,1.409194,-9.222562,-4.651003,0.0556781316,-0.1750173605,0.0417793511
5.045649,0.55897,-1.462479,-2.22042,-0.0188176292,0.1101949807,-0.0284595091
5.046698,-1.979692,-0.789667,3.471757,-0.0369094568,0.2421588997,-0.0465513367
5.047746,-2.469652,-4.299782,2.213233,-0.0092396028,0.1751127151,-0.0273952839
5.048764,-1.650651,-10.249738,1.88179,0.0141733506,0.0505983721,0.0162379474
5.049812,-0.865275,-15.830965,3.260402,0.0429074297,-0.095200474,0.0981832842
5.050863,0.109841,-19.525444,0.947505,0.0695130586,-0.2622838231,0.1662936941
5.051909,0.414864,-18.49348,-0.786568,0.0971829126,-0.3772201397,0.1545872174
5.052926,1.161812,-9.497912,-3.207544,0.092926012,-0.2952748029,0.0737061057
5.053975,-0.908507,0.812153,1.543142,-0.0369094568,0.299627058,-0.0710285152
5.055024,-2.45284,-4.271049,2.157993,-0.0379736819,0.2932417071,-0.0699642901
5.056073,-1.763534,-10.077345,1.17327,-0.0113680531,0.1070023052,-0.0337806348
5.05709,-0.982961,-15.543643,1.992271,0.0131091254,-0.0994573746,0.0439078014
5.058138,-0.180773,-20.258115,1.627203,0.0482285555,-0.2803756507,0.145009191
5.059187,0.388445,-19.293193,0.536803,0.1035682635,-0.3910550667,0.1960919984
5.060238,1.229062,-10.601707,-2.499024,0.120595866,-0.324008882,0.1482018664
5.061284,1.522077,-1.024313,-3.332435,0.0546139064,-0.0483745672,0.0332655499
5.062302,-0.512216,2.284677,1.163663,-0.0230745298,0.2081036948,-0.0752854158
5.06335,-1.994103,-2.247825,1.956245,-0.0305241059,0.2187459464,-0.1199828723
5.064399,-1.70349,-10.546637,0.752962,0.0003384236,0.0591121733,-0.0869918925
5.065448,-1.163093,-17.030533,1.353403,0.0312009531,-0.1345768047,0.0194306229
5.066465,-0.243218,-19.966005,0.880255,0.0663203831,-0.3133666305,0.1513945419
5.067513,0.374034,-17.729683,1.019558,0.1152747402,-0.4038257685,0.228018753
5.068562,1.041724,-10.683115,-1.927405,0.128045442,-0.2984674783,0.1950277732
5.069613,1.313123,-3.25824,-4.03375,0.0248156021,0.015478942,0.0641280793
5.070628,-0.480993,1.15215,1.411045,-0.0911849396,0.2932417071,-0.0710285152
5.071676,-1.737114,-0.789667,2.888129,-0.0805426881,0.319847336,-0.1370104747
5.072725,-1.412877,-9.045381,0.147718,-0.0230745298,0.1846907414,-0.1210470974
5.073774,-1.275976,-17.602783,1.026763,0.0194944764,-0.0132551371,-0.0167530324
5.074823,-0.723571,-20.818393,1.017156,0.0844122107,-0.2346139691,0.1333027143
5.075839,-0.32728,-17.200532,1.300564,0.162100647,-0.3985046428,0.2365325542
5.077937,1.596531,-4.227951,-4.682226,0.0993113629,-0.1281914537,0.0928621585
5.078988,0.455694,-0.583753,-0.673685,-0.0475517083,0.2261955224,-0.062514714
5.076888,0.292375,-10.158753,-0.527177,0.1908347261,-0.3953119673,0.2237618524
5.080003,-1.319208,-0.327557,3.185947,-0.0922491648,0.3379391636,-0.1487169514
5.081051,-1.057416,-17.131096,1.041173,0.0067237745,0.0346349948,-0.0678358397
5.082101,-0.836454,-21.970074,1.864978,0.0758984095,-0.1484117316,0.0939263836
5.083149,-0.622697,-17.114335,2.172403,0.14826572,-0.3123024053,0.2301472033
5.084166,-0.274441,-9.426082,1.206895,0.169550223,-0.3942477421,0.2503674812
5.085215,1.589326,-4.87682,-3.807984,0.092926012,-0.2282286182,0.1396880652
5.086263,1.707012,-1.275719,-1.6488,-0.0241387549,0.1357363844,-0.0156888072
5.087312,-0.57226,-0.011503,2.398169,-0.0784142378,0.319847336,-0.1263682232
5.088363,-1.316806,-6.267936,0.186146,-0.0784142378,0.2102321451,-0.1572307527
5.089378,-1.206325,-17.162222,1.094012,-0.0358452316,0.0101578162,-0.0774138661
5.090427,-1.163093,-22.037116,1.896201,0.0461001052,-0.1601182083,0.0886052578
5.091475,-1.095844,-17.370531,2.030699,0.1291096672,-0.2952748029,0.2322756536
5.092525,-1.11746,-10.273681,2.052315,0.1706144482,-0.3772201397,0.2578170573
5.093541,0.856789,-4.244712,-3.430908,0.1025040383,-0.2473846709,0.145009191
5.09459,2.100901,0.390747,-2.768021,-0.0262672052,0.1208372322,-0.0220741581
5.095639,-0.048676,-0.705864,1.708863,-0.086928039,0.3815723949,-0.125303998
5.096687,-1.472921,-8.008628,0.044442,-0.0826711384,0.3304895875,-0.131689349
5.097704,-1.196718,-16.702507,0.57283,-0.0432948077,0.112323431,-0.0508082373
5.098753,-0.906105,-20.60769,1.514321,0.0322651782,-0.0983931494,0.089669483
5.099802,-1.155888,-17.746443,1.927424,0.1163389653,-0.268669174,0.2077984751
5.100851,-1.859604,-11.628883,2.667166,0.1674217727,-0.4016973182,0.2248260775
5.101899,-0.365708,-3.387535,-2.172384,0.1152747402,-0.3527429611,0.1215962376
5.102917,1.839109,2.243973,-3.046626,-0.003918477,-0.0419892163,-0.0273952839
5.103965,0.933645,-1.352338,-0.291805,-0.0794784629,0.2943059323,-0.1082763956
5.105014,-0.819641,-10.170724,-0.731327,-0.0975702905,0.3730585936,-0.0944414686
5.106063,-0.418547,-18.251651,1.413447,0.0418432046,-0.0473103421,0.0864768075
5.107079,-1.235146,-17.921231,1.6224,0.1227243163,-0.2601553728,0.1556514425
5.108128,-2.486464,-13.889148,3.601452,0.162100647,-0.4517159004,0.1577798928
5.109177,-1.088639,-3.36838,-0.087655,0.134430793,-0.4878995557,0.0726418805
5.110225,1.726227,3.00777,-2.470203,0.0429074297,-0.2229074924,-0.0412302109
5.111243,2.18016,-2.255008,-2.852083,-0.0645793108,0.2102321451,-0.090184568
5.112291,0.333205,-10.455652,-1.980243,-0.1241759194,0.451811255,-0.0614504888
5.11334,-0.853266,-14.763085,1.7593,-0.0784142378,0.3326180378,0.0055956959
5.114389,-0.680339,-16.846168,1.502312,0.0269440524,0.0676259745,0.0811556818
5.115438,-1.547375,-18.527001,2.155591,0.1131462899,-0.1665035593,0.1364953898
5.116455,-2.729042,-14.494918,3.851235,0.1514583954,-0.3878623912,0.1428807407
5.117504,-1.629035,-2.83444,1.146851,0.1408161439,-0.5219547606,0.0651923045
5.118552,0.933645,2.773124,-1.125216,0.092926012,-0.4059542188,-0.0433586612
5.119601,2.598066,-3.90232,-4.024143,0.0014026488,-0.0100624617,-0.0784780913
5.120618,1.423605,-11.784515,-3.627852,-0.086928039,0.3815723949,-0.0369733103
5.121667,-0.634706,-14.554777,1.857773,-0.0688362114,0.4060495734,0.0322013247
5.122716,-0.966149,-15.20604,2.057119,0.0290725027,0.1559566623,0.0939263836
5.123764,-1.583402,-15.97702,1.790523,0.0971829126,-0.0877508979,0.1226604628
5.124781,-2.460045,-12.914648,3.644684,0.1174031905,-0.296339028,0.1109539861
5.12583,-1.734713,-4.682877,1.696855,0.1078251641,-0.4357525231,0.0428435762
5.126879,0.203509,-0.693893,0.238985,0.0907975617,-0.3740274642,-0.0295237342
5.127927,2.293042,-5.49935,-3.510166,0.0365220788,-0.039860766,-0.0412302109
5.128945,1.89435,-11.73184,-4.86476,-0.0624508605,0.3656090176,-0.0050465557
5.129993,-0.392128,-13.671262,1.463884,-0.073093112,0.4454259041,0.0417793511
5.131042,-1.220736,-12.900282,1.987468,0.0067237745,0.1900118672,0.0705134302
5.13209,-1.588205,-13.455771,1.430259,0.0578065819,-0.0792370967,0.075834556
5.133139,-1.919648,-5.997375,1.961048,0.106760939,-0.3974404176,0.0407151259
5.134156,-0.099113,-3.543167,0.294225,0.0939902371,-0.4048899937,-0.0050465557
5.135205,2.53562,-8.391723,-2.991385,0.0535496813,-0.1516044071,-0.0146245821
5.136254,2.605272,-12.11733,-5.940749,-0.0432948077,0.278342555,0.0002745701
5.137302,-0.228808,-11.525926,0.661695,-0.0784142378,0.4550039305,0.0247517486
5.13832,-1.761132,-10.146781,2.695988,-0.0081753776,0.2570580519,0.0439078014
5.139368,-1.691481,-11.422969,1.41825,0.051421231,0.0005797899,0.0534858278
5.140417,-2.039736,-11.853951,4.413248,0.0918617868,-0.1867238372,0.0651923045
5.141466,-2.169432,-7.5968,1.910611,0.0939902371,-0.3463576102,0.0502931523
5.142485,-0.805231,-6.809059,0.524795,0.0812195353,-0.4410736489,0.0226232983
5.143531,1.94959,-11.106915,-2.22042,0.0748341844,-0.2974032532,0.0151737222
5.14458,2.847849,-11.274519,-7.139228,-0.0071111525,0.1250941328,0.0077241462
5.145629,0.037788,-8.913691,-0.23176,-0.0635150856,0.4007284476,0.0034672456
5.146678,-2.090173,-8.051726,3.654291,-0.0007258016,0.3006912832,0.0183663977
5.147695,-1.792355,-9.323125,1.49991,0.058870807,0.1048738549,0.034329775
5.148743,-1.794757,-11.815642,3.740754,0.0950544623,-0.0643379445,0.0566785032
5.149792,-1.648249,-10.000726,1.768907,0.1014398132,-0.2495131212,0.0651923045
5.150841,-0.459377,-9.866642,0.063656,0.072705734,-0.4102111194,0.0471004769
5.151861,1.615746,-13.817317,-2.081117,0.0631277077,-0.3601925372,0.0300728744
5.152907,2.682128,-10.673538,-6.461931,0.0184302512,0.0090935911,0.0034672456
5.153956,0.251545,-5.31738,-0.791371,-0.0241387549,0.3145262102,-0.0242026084
5.155004,-2.037335,-5.487379,3.774379,0.0163018009,0.2762141047,-0.0146245821
5.156021,-1.633839,-8.216936,1.961048,0.0620634825,0.1250941328,0.0173021725
5.15707,-1.283181,-11.403814,3.454944,0.0876048862,-0.0015486604,0.0556142781
5.158119,-1.189513,-11.765361,2.20843,0.0907975617,-0.157989758,0.0832841321
5.159168,0.683862,-16.034484,-1.014735,0.0663203831,-0.4006330931,0.0588069535
5.160216,1.978412,-9.629602,-4.977642,0.0248156021,-0.1526686323,0.0109168216
5.161236,0.42207,-2.662047,-1.209278,-0.0326525562,0.1623420132,-0.0369733103
5.162282,-2.013317,-3.33007,3.063457,-0.0188176292,0.2325808734,-0.0380375354
5.163331,-2.00371,-6.7492,1.84096,0.0184302512,0.1336079341,-0.0061107808
5.164379,-1.287985,-10.161147,2.559087,0.0482285555,0.0165431672,0.0396509008
5.165397,-0.685143,-13.64253,2.196421,0.0705772837,-0.1132923016,0.0928621585
5.166445,-0.055881,-18.498269,0.70973,0.0801553101,-0.2633480482,0.1184035621
5.167494,0.590193,-18.400101,-1.487882,0.0939902371,-0.3335869084,0.0939263836
5.168543,1.735834,-7.941586,-4.626985,0.0620634825,-0.1728889102,0.0226232983
5.16956,0.868797,0.438634,-1.665612,-0.0124322782,0.1250941328,-0.0518724624
5.170611,-1.828381,-1.041073,2.746425,-0.0305241059,0.2740856544,-0.0678358397
5.171658,-2.484062,-6.174557,2.136377,0.0003384236,0.2081036948,-0.0337806348
5.173755,-0.946935,-15.505333,2.119565,0.0471643304,-0.1186134273,0.0928621585
5.172706,-1.722704,-10.819593,1.603186,0.0280082776,0.0548552727,0.0194306229
5.174772,0.064207,-19.774457,1.37742,0.0748341844,-0.282504101,0.1503303168
5.175821,0.739102,-17.844612,-1.031547,0.1025040383,-0.3612567624,0.1364953898
5.176871,1.586924,-8.315104,-3.474139,0.0758984095,-0.2303570685,0.0524216026
5.177919,1.125786,0.093848,-1.564738,0.0077879997,0.0867820273,-0.0422944361
5.178936,-1.451305,0.60145,2.338125,-0.031588331,0.2900490317,-0.0923130183
5.179987,-2.544107,-5.235972,2.121966,-0.0230745298,0.2272597476,-0.0891203428
5.181034,-1.886024,-11.58339,1.122833,0.0014026488,0.0495341469,-0.0380375354
5.182082,-1.179906,-16.084765,1.807336,0.0226871518,-0.1484117316,0.0545500529
5.183099,-0.142344,-19.621218,1.478294,0.0535496813,-0.3399722593,0.1503303168
5.184148,0.628621,-17.892499,0.061255,0.0939902371,-0.4240460464,0.1790643959
5.185197,1.522077,-8.908903,-2.98418,0.0918617868,-0.2718618495,0.1194677873
5.186246,-1.179906,0.603844,1.807336,-0.0358452316,0.2825994556,-0.0891203428
5.187263,-2.063754,-3.105002,1.749693,-0.0369094568,0.2272597476,-0.131689349
5.188312,-1.451305,-10.264104,0.443135,0.0003384236,0.0527268224,-0.104019495
5.189363,-1.107853,-18.040948,1.468687,0.0407789794,-0.1281914537,0.0055956959
5.190409,-0.262432,-20.928533,1.367813,0.0918617868,-0.2920821274,0.1492660916
5.191458,0.515738,-16.137441,0.303832,0.1386876936,-0.3676421133,0.2248260775
5.193524,1.17142,-2.800919,-3.430908,0.0035310991,0.0942316034,0.0322013247
5.194572,-0.999773,0.113003,2.280483,-0.0911849396,0.3113335347,-0.0869918925
5.192475,1.43081,-8.453976,-3.404488,0.1163389653,-0.2324855188,0.1716148198
5.195621,-1.669865,-1.723463,2.448606,-0.0688362114,0.2698287537,-0.1423316005
5.196638,-1.112656,-9.366223,0.118897,-0.0145607286,0.1208372322,-0.1242397729
5.197687,-1.047809,-18.570099,1.37742,0.0280082776,-0.0526314678,-0.0135603569
5.198738,-0.596277,-21.833597,1.54074,0.1014398132,-0.2420635452,0.1386238401
5.199784,-0.377717,-16.625888,0.973924,0.1706144482,-0.3867981661,0.2248260775
5.200801,0.443686,-8.453976,-1.797709,0.1642290973,-0.3548714115,0.186513972
5.20185,1.476443,-2.685991,-4.168249,0.0609992574,-0.0547599181,0.0460362517
5.202899,-0.195183,0.074693,0.740953,-0.0645793108,0.2698287537,-0.0965699189
5.203948,-1.672267,-1.294874,2.873718,-0.0943776151,0.3187831108,-0.166808779
5.204996,-1.1727,-8.547356,0.589642,-0.0464874832,0.1697915893,-0.1582949778
5.206013,-1.134272,-18.445593,1.250127,0.0067237745,-0.0207047132,-0.0571935882
5.207062,-0.879685,-22.377114,1.814541,0.0769626347,-0.2101367906,0.1120182112
5.208113,-0.589072,-15.986597,2.511052,0.1578437463,-0.3687063385,0.2397252297
5.20916,0.083421,-8.185809,-0.483945,0.1684859979,-0.407018444,0.2290829781
5.210177,1.980813,-4.19443,-4.852751,0.0673846083,-0.1611824335,0.0886052578
5.211226,1.317927,-0.533471,-0.704908,-0.0496801586,0.2261955224,-0.076349641
5.212275,-1.299994,-8.152289,0.455144,-0.0656435359,0.2315166482,-0.1710656796
5.213323,-1.194316,-18.483903,1.053182,-0.0145607286,0.029313869,-0.0710285152
5.214341,-1.028595,-21.809653,1.891397,0.0663203831,-0.1558613077,0.0949906088
5.215389,-1.021389,-16.003358,2.270876,0.1461372696,-0.3080455047,0.2226976272
5.216438,-0.841257,-9.280027,1.329385,0.1642290973,-0.37934859,0.2290829781
5.217489,1.315525,-3.53359,-3.683093,0.0812195353,-0.2069441151,0.1077613106
5.218536,1.800681,0.905532,-2.061903,-0.0411663574,0.1516997617,-0.0529366876
5.219553,-0.392128,-0.986003,1.886594,-0.0986345157,0.3358107133,-0.1444600508
5.220602,-1.256762,-9.327914,-0.279796,-0.0911849396,0.2357735488,-0.1444600508
5.221651,-1.067023,-18.704183,1.057986,-0.0379736819,0.0261211936,-0.0497440121
5.222699,-0.908507,-21.309234,1.999477,0.0503570058,-0.1516044071,0.10350441
5.223716,-1.112656,-16.496593,1.884192,0.1333665678,-0.2910179022,0.2131196008
5.224765,-1.393662,-9.56256,2.061922,0.1631648721,-0.3878623912,0.2024773493
5.225814,0.38124,-2.66923,-3.133089,0.0918617868,-0.2718618495,0.0726418805
5.226865,1.829502,0.903138,-2.489417,-0.0209460795,0.0952958285,-0.0774138661
5.22788,0.167483,-2.192755,0.522393,-0.0847995887,0.3900861961,-0.1508454017
5.228929,-1.465715,-10.271287,-0.536784,-0.0933133899,0.3560309912,-0.1338177993
5.229977,-1.230343,-17.250813,1.146851,-0.0411663574,0.1165803316,-0.0422944361
5.231026,-0.673134,-18.673056,1.021959,0.0418432046,-0.1132923016,0.0822199069
5.232075,-1.251959,-16.336172,2.41258,0.120595866,-0.3005959286,0.1737432701
5.233092,-2.099781,-11.521137,3.414114,0.1652933224,-0.4474589998,0.1801286211
5.234141,-0.543439,-2.954158,-1.08919,0.1184674157,-0.4219175961,0.0832841321
5.23519,2.127321,2.272705,-2.532649,0.0184302512,-0.130319904,-0.0454871115
5.236241,2.081687,-2.851201,-2.885708,-0.0837353635,0.2730214292,-0.1093406207
5.237256,-0.079899,-11.648038,-1.401419,-0.1337539458,0.4560681556,-0.083799217
5.238304,-1.07663,-18.385735,1.478294,0.0471643304,0.0282496439,0.0715776554
5.239353,-1.936461,-16.925182,1.876987,0.114210515,-0.2005587642,0.1141466615
5.240402,-2.556115,-10.350301,3.512587,0.1429445942,-0.3974404176,0.0960548339
5.241419,-1.215932,-1.007552,0.925889,0.1354950181,-0.4581012514,0.0173021725
5.242468,1.159411,0.357226,-1.564738,0.0844122107,-0.268669174,-0.0561293631
5.243517,2.449157,-6.23681,-4.064973,-0.0134965034,0.1336079341,-0.0635789391
5.244565,1.157009,-11.588179,-2.99859,-0.0965060654,0.4454259041,-0.0305879594
5.245617,-0.783615,-14.94745,2.280483,-0.0624508605,0.3730585936,0.0173021725
5.246631,-1.203923,-16.613917,1.761702,0.0258798273,0.084653577,0.0609354038
5.24768,-1.62183,-15.105477,1.910611,0.072705734,-0.1590539832,0.0790272315
5.248729,-2.38559,-10.613679,4.273945,0.1046324887,-0.3527429611,0.0662565296
5.249777,-1.777944,-3.325282,1.790523,0.1088893893,-0.4581012514,0.0130452719
5.250794,0.534953,-0.55502,-0.200538,0.0844122107,-0.3687063385,-0.0433586612
5.251843,2.76619,-6.0716,-4.530915,0.00991645,-0.0185762629,-0.048679787
5.252892,1.978412,-12.44775,-4.574146,-0.0879922642,0.3773154943,-0.0124961318
5.253941,-0.605884,-14.985759,2.544677,-0.0677719862,0.4060495734,0.0385866756
5.254958,-1.451305,-14.372806,1.797729,0.0152375758,0.1240299077,0.0694492051
5.256006,-1.513751,-13.53239,1.646418,0.0482285555,-0.1335125795,0.0683849799
5.257055,-1.938862,-10.613679,4.43006,0.079091085,-0.3005959286,0.0513573775
5.258104,-1.696285,-4.706821,1.478294,0.0961186874,-0.3910550667,0.0045314707
5.259122,0.01377,-3.79218,0.255797,0.0907975617,-0.3463576102,-0.0316521845
5.26017,2.557236,-7.553701,-3.70711,0.0461001052,-0.0558241433,-0.0231383833
5.261219,2.288239,-10.963254,-6.096864,-0.0613866353,0.3539025409,-0.0061107808
5.262268,-0.802829,-13.266617,1.430259,-0.0805426881,0.4528754802,0.0130452719
5.263316,-2.104584,-12.13409,2.434196,-0.0092396028,0.2038467942,0.034329775
5.264333,-1.934059,-11.873106,1.600784,0.0461001052,-0.0685948451,0.0417793511
5.265382,-1.888425,-6.725257,1.680042,0.0907975617,-0.3878623912,0.020494848
5.266431,0.167483,-4.951044,0.435929,0.0833479856,-0.4187249207,-0.0114319066
5.26748,2.790207,-9.766079,-3.940081,0.051421231,-0.1877880623,-0.0178172575
5.268497,2.677324,-11.686347,-6.589225,-0.0496801586,0.2474800255,-0.0093034563
5.269546,-0.310468,-10.04143,1.343796,-0.0699004365,0.4166918249,0.006659921
5.270595,-1.837988,-8.913691,2.54948,0.0014026488,0.2283239727,0.0215590732
5.271644,-1.643446,-10.692692,2.150788,0.0535496813,0.015478942,0.0311370995
5.27266,-2.020522,-12.002401,4.377221,0.092926012,-0.1516044071,0.0460362517
5.273709,-1.953273,-8.68144,1.0772,0.086540661,-0.3261373323,0.0364582253
5.274758,-0.32728,-8.990311,0.700123,0.0737699592,-0.448523225,0.0130452719
5.275807,2.177758,-12.529158,-2.880904,0.0695130586,-0.3133666305,0.006659921
5.276856,2.612477,-10.230583,-6.776562,-0.0049827022,0.1144518813,-0.0103676814
5.277873,-0.269638,-7.043705,0.85864,-0.0379736819,0.3815723949,-0.0263310588
5.278921,-1.986898,-6.660609,3.325249,0.0173660261,0.2868563562,-0.0188814827
5.27997,-1.54017,-8.837072,1.382224,0.0546139064,0.1101949807,-0.0061107808
5.281019,-1.624232,-12.342399,4.012153,0.0801553101,-0.0377323157,0.0236875235
5.282036,-1.453707,-10.948888,2.047512,0.0833479856,-0.1973660887,0.0502931523
5.283085,-0.596277,-11.018324,0.563223,0.058870807,-0.3697705636,0.048164702
5.284134,1.092161,-14.719987,-1.821727,0.051421231,-0.3857339409,0.0385866756
5.285182,2.401122,-10.33354,-5.926339,0.0109806751,-0.0845582224,0.0151737222
5.286199,0.287571,-3.629364,-0.320626,-0.0337167813,0.2176817212,-0.0178172575
5.287249,-2.080566,-3.749081,3.488569,-0.0124322782,0.2261955224,-0.0231383833
5.288297,-1.645847,-7.929614,1.720872,0.023751377,0.1112592058,-0.0018538802
5.289346,-1.141477,-12.308878,3.226777,0.0567423567,0.0048366905,0.0332655499
5.290395,-0.886891,-13.348025,1.934629,0.0684488334,-0.116484977,0.0662565296
5.291412,0.318794,-16.063216,-1.478275,0.0769626347,-0.3112381802,0.0364582253
5.292461,1.522077,-8.082852,-5.16498,0.0461001052,-0.109035401,-0.0082392311
5.29351,0.371633,-1.053045,-0.928271,-0.0166891789,0.1729842648,-0.048679787
5.294558,-2.046942,-2.226276,2.844897,-0.0209460795,0.2485442507,-0.0518724624
5.295576,-2.061352,-6.945537,1.567159,0.0067237745,0.1485070862,-0.0242026084
5.296624,-1.13187,-11.360716,2.46782,0.037586304,0.0090935911,0.0183663977
5.297673,-0.502609,-15.665754,1.903406,0.0578065819,-0.1430906059,0.0715776554
5.298722,0.105037,-19.384178,0.940299,0.072705734,-0.2867610016,0.10350441
5.299741,0.532551,-17.076026,-1.156439,0.0993113629,-0.3399722593,0.0800914566
5.300788,1.401989,-7.206521,-4.149035,0.0748341844,-0.164375109,0.0087883713
5.301837,0.727094,1.085108,-1.550328,0.0003384236,0.1634062384,-0.0657073894
5.302885,-1.823578,0.424268,2.388562,-0.0326525562,0.3187831108,-0.097634144
5.303934,-2.647382,-6.124275,2.00428,-0.0145607286,0.2208743967,-0.0795423164
5.304951,-1.917247,-12.368736,1.660828,0.0120449003,0.0356992199,-0.021009933
5.306001,-1.023791,-16.743211,2.177207,0.0312009531,-0.1590539832,0.0715776554
5.307049,0.028181,-19.78164,0.966719,0.0609992574,-0.3367795838,0.1471376413
5.308098,0.568577,-17.538135,-0.863424,0.0993113629,-0.4187249207,0.1418165155
5.309117,1.325132,-8.365386,-3.154705,0.0886691114,-0.2761187501,0.0609354038
5.310164,1.0081,0.807364,-1.663211,0.0216229267,0.0591121733,-0.0433586612
5.311213,-1.187111,1.640597,2.021092,-0.0283956555,0.2868563562,-0.111469071
5.312262,-2.090173,-5.27907,1.507115,-0.0273314304,0.2442873501,-0.1199828723
5.313279,-1.451305,-12.191555,0.959514,-0.0028542519,0.0612406236,-0.0699642901
5.314327,-0.584269,-17.087998,1.353403,0.0205587015,-0.1409621556,0.0290086492
5.315376,0.234732,-20.27727,1.166065,0.0609992574,-0.3069812795,0.1322384891
5.316425,0.467703,-17.257996,0.632874,0.1152747402,-0.3718990139,0.1694863695
5.317442,1.101768,-8.647919,-2.789637,0.1120820647,-0.2367424194,0.1098897609
5.318493,-1.15829,1.13539,2.513454,-0.0518086089,0.2698287537,-0.1146617465
5.31954,-1.847596,-2.683596,2.184412,-0.0464874832,0.2261955224,-0.159359203
5.320589,-1.297592,-10.525088,0.479161,-0.0103038279,0.0697544249,-0.1295608987
5.321638,-1.004577,-18.445593,1.396634,0.0226871518,-0.1260630034,-0.0156888072
5.322654,-0.221603,-21.065011,1.190083,0.0758984095,-0.3218804317,0.131174264
5.323703,0.241938,-15.941105,1.576766,0.1376234684,-0.4251102716,0.214183826
5.324752,0.938449,-8.683834,-2.01627,0.1354950181,-0.3186877562,0.1716148198
5.325801,1.34915,-3.133734,-4.367595,0.0131091254,0.0133504917,0.0236875235
5.326818,-0.493002,0.39793,1.514321,-0.1124694427,0.2911132568,-0.1231755477
5.327869,-1.549777,-1.057834,2.828085,-0.1060840918,0.2953701574,-0.194478633
5.328916,-1.086237,-9.375801,0.00121,-0.0432948077,0.1527639868,-0.1795794809
5.329964,-1.220736,-19.635584,1.154056,0.0131091254,-0.026025839,-0.0603862637
5.330981,-0.894096,-22.197537,1.504714,0.0950544623,-0.2154579163,0.1141466615
5.33203,-0.541037,-15.146181,1.619998,0.1738071236,-0.3644494378,0.2301472033
5.333079,0.398052,-7.445956,-1.367794,0.1738071236,-0.351678736,0.2067342499
5.334128,1.848716,-3.444999,-5.011267,0.0578065819,-0.0600810439,0.061999629
5.335176,0.472507,-0.44488,0.138111,-0.0805426881,0.2740856544,-0.0986983692
5.336193,-1.21353,-1.167974,2.393366,-0.1167263433,0.3294253623,-0.187029057
5.337245,-0.997372,-9.354252,0.193351,-0.0656435359,0.1857549666,-0.1817079312
5.338291,-1.079032,-19.269249,1.487901,0.0088522248,0.0144147169,-0.0710285152
5.33934,-0.975756,-21.534303,1.326983,0.092926012,-0.1516044071,0.0971190591
5.34036,-1.047809,-15.510122,2.46782,0.1748713488,-0.3016601538,0.2120553757
5.341405,-0.565055,-8.528201,0.347064,0.18338515,-0.3506145108,0.1992846738
5.342454,1.719021,-3.224719,-5.00166,0.0748341844,-0.1249987783,0.0641280793
5.343503,-0.903703,-1.290085,2.12677,-0.0773500126,0.3868935206,-0.1742583551
5.34452,-1.463314,-10.04143,0.051647,-0.0667077611,0.2347093237,-0.1636161036
5.345569,-1.112656,-19.19263,1.516722,-0.017753404,0.0144147169,-0.0582578134
5.34662,-0.754794,-20.897406,1.696855,0.0620634825,-0.1675677844,0.0960548339
5.347667,-1.153486,-15.919555,2.54948,0.1450730445,-0.3218804317,0.200348899
5.348715,-1.54017,-9.057352,2.047512,0.169550223,-0.4144680201,0.186513972
5.349735,0.582988,-1.63966,-3.245972,0.0844122107,-0.2739902998,0.0566785032
5.350781,1.99042,1.587922,-2.53505,-0.031588331,0.1048738549,-0.0912487931
5.35183,0.157876,-3.207959,0.099683,-0.0965060654,0.3911504213,-0.1572307527
5.352879,-1.352833,-11.750994,0.166932,-0.0996987408,0.3528383157,-0.1306251238
5.353896,-0.930122,-17.693768,1.593579,-0.0401021322,0.1165803316,-0.0359090851
5.354945,-0.478591,-19.051363,1.130039,0.0471643304,-0.1100996261,0.0811556818
5.355995,-1.412877,-16.958703,2.674372,0.1248527666,-0.3048528292,0.158844118
5.357042,-2.030129,-10.431708,2.854504,0.1525226206,-0.4538443507,0.1460734161
5.35806,-0.180773,-0.811216,-1.269322,0.1035682635,-0.4027615434,0.0364582253
5.35911,1.968805,2.617492,-2.117144,0.0184302512,-0.0845582224,-0.0827349919
5.360157,1.565309,-4.005277,-2.621514,-0.0762857875,0.299627058,-0.125303998
5.361206,-0.300861,-12.775776,-0.935477,-0.1188547936,0.4273340765,-0.090184568
5.362255,-0.985363,-17.791936,2.523061,-0.0475517083,0.2261955224,-0.0093034563
5.363272,-0.896498,-18.395312,1.389429,0.051421231,-0.0515672427,0.0673207548
5.364321,-1.845194,-15.881246,2.354937,0.1025040383,-0.2718618495,0.1013759597
5.36537,-2.440831,-9.708615,3.575033,0.1259169917,-0.4463947747,0.075834556
5.366418,-0.814838,-0.823187,0.337457,0.1110178396,-0.4549085759,-0.0061107808
5.367436,1.658977,1.022855,-2.117144,0.0492927807,-0.199494539,-0.083799217
5.368487,2.144133,-6.047656,-4.002527,-0.0571297347,0.2006541188,-0.0955056937
5.369533,0.253946,-12.593805,-1.783299,-0.1209832439,0.4134991495,-0.0550651379
5.370582,-0.95414,-16.973069,1.120432,0.0333294034,-0.0207047132,0.0609354038
5.371599,-1.602616,-15.660966,2.081136,0.0844122107,-0.2292928433,0.0843483572
5.372648,-2.080566,-9.294393,3.587041,0.1120820647,-0.3899908415,0.061999629
5.373697,-1.030996,-1.440929,0.846631,0.1078251641,-0.4336240728,-0.0114319066
5.374746,1.219455,-1.215861,-1.014735,0.0716415089,-0.2527057967,-0.0699642901
5.375794,2.648503,-7.553701,-4.790305,-0.0156249537,0.1442501856,-0.0678358397
5.376811,1.169018,-12.581833,-3.438113,-0.0975702905,0.4709673078,-0.0327164097
5.377862,-1.067023,-14.815761,2.511052,-0.0560655095,0.4060495734,0.0119810468
5.378909,-1.70349,-15.155758,1.346197,0.0365220788,0.1091307555,0.0417793511
5.379958,-1.991701,-13.915486,2.016289,0.0758984095,-0.1377694801,0.0471004769
5.380975,-2.186244,-9.157915,4.295561,0.0971829126,-0.3123024053,0.0290086492
5.382024,-1.547375,-2.810497,1.533535,0.1088893893,-0.3995688679,-0.0188814827
5.383073,0.482114,-3.607815,-0.757746,0.1014398132,-0.3186877562,-0.0540009127
5.38412,2.871867,-9.119605,-5.133757,0.0301367279,0.0197358426,-0.0433586612
5.385138,2.129723,-11.96888,-4.744672,-0.0784142378,0.4166918249,-0.0199457078
5.386187,-0.865275,-13.118168,2.400571,-0.0688362114,0.4432974538,0.0024030204
5.387238,-2.063754,-12.974507,2.1676,0.0056595494,0.1623420132,0.0183663977
5.388285,-2.066156,-12.694368,2.165198,0.051421231,-0.0930720237,0.0258159738
5.389302,-2.342359,-10.170724,4.394033,0.0950544623,-0.2739902998,0.0226232983
5.39035,-1.849997,-4.740342,1.701658,0.100375588,-0.3974404176,-0.007175006
5.391399,0.256348,-5.887235,0.392698,0.0918617868,-0.3953119673,-0.0337806348
5.392448,2.941518,-10.680721,-4.151436,0.0546139064,-0.122870328,-0.0305879594
5.393498,2.564442,-10.742974,-5.808652,-0.0411663574,0.299627058,-0.0252668336
5.394514,-0.57226,-9.888191,1.884192,-0.0550012844,0.4124349243,-0.0178172575
5.395563,-1.984496,-10.264104,2.99861,0.0109806751,0.1942687678,-0.0018538802
5.396614,-2.421617,-12.052682,3.995341,0.0812195353,-0.2197148169,0.0236875235
5.397661,-1.847596,-6.607934,1.108423,0.0631277077,-0.3804128151,0.0024030204
5.398677,0.335606,-7.879333,0.070862,0.051421231,-0.4304313974,-0.0231383833
5.399726,2.754181,-12.969718,-4.276328,0.0301367279,-0.1867238372,-0.0220741581
5.400775,2.295444,-10.051007,-5.698171,-0.0443590329,0.2517369261,-0.0284595091
5.401824,-0.716366,-6.605539,1.78572,-0.0486159335,0.4124349243,-0.0369733103
5.402841,-1.924452,-7.831446,2.537471,0.0194944764,0.2538653764,-0.0252668336
5.40389,-1.556982,-10.661566,2.179609,0.065256158,0.0782682261,-0.0018538802
5.404939,-1.792355,-11.554658,3.62547,0.0918617868,-0.0845582224,0.0226232983
5.40599,-1.576196,-9.509884,0.839425,0.0812195353,-0.2782472004,0.0279444241
5.407036,-0.219201,-12.373525,0.349466,0.0641919328,-0.4283029471,0.0173021725
5.4112,-2.251092,-4.94865,3.099484,0.0077879997,0.2144890457,-0.0593220385
5.409102,2.189767,-8.252851,-5.75101,-0.0156249537,0.0910389279,-0.0316521845
5.412217,-1.477724,-9.46918,1.901004,0.0503570058,0.0931673782,-0.0231383833
5.408053,2.021643,-14.885197,-3.54379,0.0503570058,-0.3069812795,0.0045314707
5.410151,-0.829248,-3.150494,1.658426,-0.0411663574,0.306012409,-0.0667716146
5.413266,-1.095844,-12.438173,3.620666,0.0801553101,-0.0185762629,0.0268801989
5.414315,-0.716366,-12.555496,1.283751,0.079091085,-0.185659612,0.0588069535
5.415366,-0.284048,-15.569981,0.443135,0.0641919328,-0.3697705636,0.0524216026
5.416381,0.90002,-15.850119,-2.117144,0.0663203831,-0.3782843648,0.0226232983
5.41743,2.079286,-6.663004,-5.333103,0.0205587015,-0.0909435734,-0.0316521845
5.418478,0.198706,-0.892624,-0.291805,-0.0411663574,0.2102321451,-0.0816707667
5.419527,-2.16703,-3.47852,3.183545,-0.0305241059,0.258122277,-0.0774138661
5.420576,-1.905238,-7.493843,1.997075,0.0077879997,0.1495713114,-0.0401659857
5.421593,-1.163093,-11.78691,2.717603,0.037586304,0.0261211936,0.0098525965
5.422642,-0.279245,-18.881365,0.704927,0.086540661,-0.2644122734,0.0864768075
5.423691,0.390847,-15.694487,-1.622381,0.0939902371,-0.3389080342,0.0460362517
5.424742,1.488452,-5.461041,-3.786368,0.051421231,-0.1728889102,-0.0284595091
5.425757,0.530149,0.548774,-1.305348,-0.0188176292,0.1336079341,-0.0923130183
5.426806,-1.914845,-1.847969,2.030699,-0.0422305825,0.2772783298,-0.1082763956
5.427854,-2.287118,-7.556096,1.888996,-0.0188176292,0.181498066,-0.0795423164
5.428903,-1.412877,-12.332821,1.944236,0.0141733506,0.0059009156,-0.0199457078
5.42992,-0.541037,-16.187722,1.913013,0.0365220788,-0.164375109,0.0588069535
5.430969,0.208313,-19.918118,0.837024,0.0641919328,-0.3112381802,0.1130824364
5.432018,0.712683,-16.958703,-1.233295,0.0971829126,-0.3484860605,0.0992475094
5.433066,1.579719,-6.078783,-3.637459,0.0758984095,-0.1590539832,0.0194306229
5.434118,0.782334,2.006933,-1.278929,0.0003384236,0.1697915893,-0.0784780913
5.435132,-1.705892,0.393142,2.463017,-0.0390379071,0.3294253623,-0.1327535741
5.436181,-2.37118,-7.058071,1.752095,-0.0252029801,0.2272597476,-0.1231755477
5.437229,-1.561786,-13.041548,1.245323,-0.0028542519,0.029313869,-0.0593220385
5.438279,-0.745187,-17.523769,1.730479,0.0163018009,-0.1728889102,0.0417793511
5.439296,-0.065488,-21.002758,1.122833,0.0567423567,-0.3442291599,0.1269173634
5.440344,0.465301,-16.340961,-0.200538,0.1025040383,-0.393183517,0.1333027143
5.441393,1.337141,-5.70287,-3.118679,0.0780268598,-0.2122652409,0.0545500529
5.442442,0.64063,0.412296,-1.888976,-0.0060469273,0.1250941328,-0.0582578134
5.443459,-1.494536,0.168073,2.088342,-0.0613866353,0.3113335347,-0.1412673753
5.444508,-1.910041,-4.6733,1.406241,-0.0560655095,0.2325808734,-0.1678730042
5.445557,-1.309601,-12.179583,0.906675,-0.0188176292,0.0484699218,-0.1231755477
5.446606,-0.711562,-18.97235,1.17327,0.0205587015,-0.1526686323,-0.0082392311
5.447623,0.0546,-20.997969,1.045977,0.0748341844,-0.3367795838,0.1162751118
5.448671,0.261152,-14.990548,0.906675,0.1301738923,-0.4261744968,0.1673579192
5.44972,1.145,-2.017967,-3.236365,-0.0017900267,0.0580479482,-0.0263310588
5.450769,-0.682741,0.417085,1.970655,-0.0933133899,0.3155904353,-0.1402031502
5.451818,-1.508947,-2.305289,2.025896,-0.0879922642,0.2815352304,-0.1912859576
5.452835,-1.1727,-11.207477,0.385492,-0.0390379071,0.1165803316,-0.1604234281
5.453884,-0.978158,-20.040229,1.408643,0.0131091254,-0.061145269,-0.0369733103
5.454932,-0.4906,-21.400219,1.588775,0.0886691114,-0.2431277703,0.1194677873
5.455981,-0.428154,-14.68886,1.7593,0.1567795212,-0.3825412655,0.2035415744
5.456999,0.335606,-7.390886,-1.571944,0.1397519187,-0.3399722593,0.1535229922
5.458047,1.48605,-2.312472,-4.31956,0.0152375758,-0.0292185144,-0.0007896551
5.459096,0.078618,0.39793,0.971522,-0.0986345157,0.2836636807,-0.1476527263
5.461161,-1.062219,-10.673538,-0.037218,-0.0518086089,0.1740484899,-0.1827721563
5.46221,-1.055014,-19.420093,1.411045,0.0024668739,-0.0207047132,-0.0678358397
5.463259,-0.742785,-21.167968,1.687247,0.079091085,-0.2016229893,0.0928621585
5.464308,-0.783615,-14.935478,2.364544,0.1546510709,-0.3431649348,0.1960919984
5.460144,-1.299994,-2.420218,2.513454,-0.100762966,0.3230400114,-0.20831356
5.465357,-0.003042,-7.939192,-0.54399,0.1493299451,-0.3580640869,0.1694863695
5.466374,2.038456,-2.688385,-4.74227,0.0280082776,-0.0962646991,0.0258159738
5.467422,1.0081,0.536803,0.486366,-0.0826711384,0.2613149525,-0.1242397729
5.468471,-1.175102,-2.195149,2.160395,-0.1039556415,0.3528383157,-0.1955428582
5.46952,-1.232744,-10.752551,-0.222153,-0.0816069132,0.1942687678,-0.1742583551
5.470537,-1.07663,-18.86221,1.475892,-0.0262672052,-0.0175120377,-0.0635789391
5.471586,-0.898899,-20.339523,1.420652,0.0492927807,-0.2005587642,0.089669483
5.472634,-1.256762,-15.787866,2.645551,0.1269812169,-0.3442291599,0.1897066474
5.473683,-0.978158,-8.832284,0.594446,0.1440088193,-0.3878623912,0.1662936941
5.4747,1.380373,-1.713885,-4.396416,0.0461001052,-0.1803384863,0.0258159738
5.475749,-0.699553,-3.413873,1.149253,-0.1082125421,0.3932788716,-0.1849006066
5.476798,-1.393662,-11.255364,0.102084,-0.0890564893,0.2900490317,-0.1561665275
5.477847,-0.985363,-17.758415,1.276546,-0.0220103046,0.0697544249,-0.0550651379
5.478896,-0.800427,-19.518261,1.33659,0.0599350322,-0.1335125795,0.0726418805
5.479912,-1.439296,-16.422369,2.715202,0.1323023427,-0.3186877562,0.1503303168
5.480961,-1.583402,-9.229745,1.682444,0.1461372696,-0.4463947747,0.1237246879
5.48201,0.522944,-1.139241,-2.614309,0.0663203831,-0.3389080342,0.0034672456
5.483058,2.028849,0.946236,-2.261249,-0.0422305825,0.043148796,-0.1125332962
5.484076,0.5998,-4.201613,-1.228492,-0.1188547936,0.3858292955,-0.1487169514
5.485124,-1.069425,-11.487616,-0.527177,-0.1252401445,0.3943430967,-0.1189186471
5.486173,-0.841257,-16.757577,1.538338,-0.0496801586,0.1559566623,-0.0401659857
5.487222,-0.661125,-18.689817,1.521526,0.0482285555,-0.0920077985,0.0492289272
5.488241,-1.982094,-17.413629,2.832888,0.1163389653,-0.3080455047,0.1024401848
5.489288,-2.457643,-10.15157,3.08027,0.1333665678,-0.4825784299,0.0843483572
5.490336,-0.339289,0.019623,-0.361456,0.0950544623,-0.4591654765,-0.0082392311
5.491385,2.172954,1.255107,-2.559068,0.0141733506,-0.136705255,-0.0955056937
5.492434,1.968805,-5.971037,-3.464532,-0.0975702905,0.3006912832,-0.1125332962
5.493451,-0.070292,-11.882684,-0.577614,-0.1443961973,0.4677746323,-0.076349641
5.4945,-0.879685,-15.684909,2.484633,-0.0645793108,0.2708929789,-0.0188814827
5.495549,-1.119862,-18.270806,1.420652,0.0365220788,-0.0079340114,0.034329775
5.496598,-2.174235,-16.618705,2.578301,0.0844122107,-0.2420635452,0.0588069535
5.497617,-2.469652,-9.378195,3.632675,0.1025040383,-0.4378809734,0.0322013247
5.498663,-1.129469,-0.938116,1.32218,0.0993113629,-0.4719361784,-0.0401659857
5.499712,1.325132,-0.0977,-2.266053,0.058870807,-0.2431277703,-0.0965699189
5.500761,2.590861,-6.447512,-5.518039,-0.045423258,0.1868191918,-0.097634144
5.501778,0.921636,-12.155639,-2.27566,-0.1241759194,0.4816095593,-0.0593220385
5.502826,-1.33602,-16.45589,1.307769,0.0120449003,0.0697544249,0.034329775
5.503875,-1.874015,-14.827732,2.078735,0.0482285555,-0.1739531353,0.0502931523
5.504924,-2.027728,-9.426082,3.822414,0.0758984095,-0.3708347888,0.0353940002
5.505973,-1.167897,-2.798525,1.627203,0.0822837604,-0.462358152,-0.0199457078
5.506992,0.907226,-1.864729,-0.294206,0.0578065819,-0.3421007096,-0.0689000649
5.508038,2.881474,-7.603983,-4.826331,-0.017753404,0.0367634451,-0.0720927404
5.509087,1.673388,-13.321687,-4.062571,-0.1050198666,0.4198845004,-0.0401659857
5.510136,-1.086237,-14.600269,2.314107,-0.0784142378,0.4092422489,0.0013387952
5.511153,-1.845194,-12.241836,1.274144,-0.0124322782,0.1155161065,0.0162379474
5.512202,-1.753927,-11.497194,2.460615,0.0258798273,-0.1324483543,0.0130452719
5.51325,-2.176637,-10.93931,4.912814,0.0769626347,-0.2899536771,0.0119810468
5.514299,-1.902836,-6.595962,1.351001,0.0833479856,-0.3857339409,-0.0124961318
5.515316,0.438882,-4.984565,0.025228,0.0695130586,-0.365513663,-0.0422944361
5.516367,3.169686,-8.169049,-4.876768,0.0226871518,-0.0803013218,-0.0550651379
5.517413,2.249811,-11.650432,-5.988784,-0.0879922642,0.3400676139,-0.0550651379
5.518462,-0.982961,-12.663241,2.251662,-0.0986345157,0.4464901292,-0.0316521845
5.519479,-1.994103,-10.307202,2.323714,-0.0166891789,0.2219386218,-0.0061107808
5.520528,-1.797159,-10.26171,2.006682,0.0386505291,-0.0217689384,0.0045314707
5.521577,-2.217467,-11.080577,4.317177,0.0758984095,-0.2090725654,0.0098525965
5.522625,-1.859604,-7.50342,1.447071,0.0705772837,-0.3633852127,-0.0029181054
5.523674,0.181894,-7.874544,0.457545,0.0620634825,-0.434688298,-0.0242026084
5.524691,2.799814,-12.222681,-4.19707,0.0365220788,-0.2367424194,-0.03484486
5.525742,2.557236,-11.260153,-6.159309,-0.0571297347,0.1942687678,-0.048679787
5.526789,-0.538635,-7.941586,1.480696,-0.0837353635,0.3932788716,-0.0508082373
5.527837,-1.768337,-9.734953,2.511052,0.037586304,0.0452772463,-0.0114319066
5.528854,-2.020522,-12.11733,4.002546,0.058870807,-0.130319904,0.0109168216
5.529903,-1.684276,-9.78284,1.168467,0.0418432046,-0.3059170544,0.0098525965
5.530952,-0.072693,-10.975226,0.339859,0.037586304,-0.4400094237,-0.0050465557
5.532001,2.129723,-14.006471,-3.06584,0.0397147543,-0.3325226832,-0.0156888072
5.533018,2.18016,-9.603264,-5.775028,-0.0230745298,0.0484699218,-0.0422944361
5.534067,-0.685143,-4.872031,1.365411,-0.0486159335,0.2762141047,-0.0657073894
5.535118,-2.193449,-4.895974,3.029833,0.0024668739,0.1910760924,-0.0593220385
5.536164,-1.530563,-8.262429,1.250127,0.0354578537,0.0537910475,-0.0369733103
5.537213,-1.29519,-12.253808,3.731147,0.0556781316,-0.0558241433,0.0034672456
5.53823,-1.018988,-12.395074,1.713667,0.058870807,-0.1899165126,0.0417793511
5.539278,-0.063086,-14.470975,-0.034816,0.0397147543,-0.3367795838,0.0428435762
5.540327,1.5533,-16.075188,-2.842476,0.0280082776,-0.310173955,0.0151737222
5.541376,2.096098,-8.102007,-5.244238,-0.0188176292,-0.0111266868,-0.0369733103
5.542393,-0.399333,-1.414592,0.940299,-0.0571297347,0.2325808734,-0.0848634422
5.543441,-2.414411,-2.970918,2.967387,-0.0283956555,0.2251312973,-0.0869918925
5.544493,-1.857203,-6.868918,1.408643,0.0045953242,0.126158358,-0.0571935882
5.545539,-1.312003,-11.631277,2.91695,0.0226871518,0.0037724653,-0.0093034563
5.546556,-0.810034,-16.154202,1.843362,0.0429074297,-0.1420263807,0.0502931523
5.547605,-0.055881,-18.577282,0.637677,0.0663203831,-0.2750545249,0.0737061057
5.548654,0.731897,-15.500544,-2.583086,0.0780268598,-0.3027243789,0.0332655499
5.549703,1.618147,-6.490611,-4.936813,0.0258798273,-0.0962646991,-0.0422944361
5.550751,0.064207,-0.59333,-0.166913,-0.0390379071,0.1921403175,-0.1018910447
5.551769,-2.440831,-1.503182,2.904941,-0.045423258,0.2708929789,-0.1135975214
5.552817,-2.375983,-5.858503,1.70406,-0.0230745298,0.1570208875,-0.0955056937
5.553869,-1.564188,-11.454095,1.850567,0.0024668739,-0.0058055611,-0.048679787
5.554915,0.227527,-19.829527,1.411045,0.051421231,-0.3421007096,0.0981832842
5.555932,0.854387,-17.121518,-0.990717,0.0801553101,-0.3953119673,0.089669483
5.55698,1.719021,-7.524969,-3.483746,0.051421231,-0.2197148169,0.0141094971
5.558029,1.070546,0.955814,-1.643997,-0.0198818543,0.1197730071,-0.0816707667
5.559078,-1.489733,0.972574,2.24926,-0.0581939599,0.3038839587,-0.1402031502
5.560095,-2.287118,-5.705264,2.042708,-0.045423258,0.2198101715,-0.1402031502
5.561144,-1.593009,-12.48606,1.298162,-0.0198818543,0.0282496439,-0.0880561177
5.562193,-0.807633,-17.686585,1.66323,0.0035310991,-0.1739531353,0.0119810468
5.563244,0.150671,-20.406565,0.976326,0.0461001052,-0.3452933851,0.1098897609
5.56429,0.556568,-16.522931,-0.327831,0.0971829126,-0.407018444,0.131174264
5.565308,1.164214,-7.702151,-3.346846,0.0833479856,-0.2431277703,0.0577427284
5.566356,0.868797,0.450606,-2.559068,-0.0124322782,0.098488504,-0.0657073894
5.567405,-1.136674,1.801019,2.321313,-0.0762857875,0.3006912832,-0.1604234281
5.568454,-1.938862,-4.915129,2.018691,-0.0496801586,0.2336450985,-0.1817079312
5.569471,-1.468117,-12.92662,0.479161,-0.0092396028,0.0548552727,-0.1295608987
5.57052,-0.800427,-18.692211,1.519124,0.0173660261,-0.1547970826,-0.0146245821
5.571569,0.085823,-20.274876,1.274144,0.065256158,-0.3389080342,0.1077613106
5.572619,0.347615,-15.407165,0.829818,0.1152747402,-0.4155322452,0.1567156677
5.573635,0.84478,-8.015811,-2.679156,0.0971829126,-0.2835683262,0.0928621585
5.574683,0.912029,-1.728251,-3.36606,-0.017753404,0.0442130212,-0.0454871115
5.575732,-0.70916,1.396374,2.282885,-0.1135336678,0.2804710053,-0.166808779
5.576781,-1.609821,-2.697962,2.047512,-0.0996987408,0.2698287537,-0.2136346858
5.577798,-1.386457,-11.889867,0.65449,-0.0443590329,0.1325437089,-0.1721299048
5.578846,-1.09104,-19.19263,1.504714,0.0056595494,-0.0600810439,-0.0454871115
5.579895,-0.432958,-19.89178,0.820211,0.0684488334,-0.2644122734,0.0981832842
5.580944,0.374034,-9.102845,-1.682425,0.1365592433,-0.3527429611,0.1333027143
5.581995,1.478845,-3.653307,-4.624583,0.0216229267,-0.0483745672,-0.0124961318
5.58301,0.191501,0.613422,0.652088,-0.0943776151,0.2677003034,-0.1636161036
5.584058,-1.32161,-1.397831,2.381357,-0.100762966,0.3251684617,-0.2338549637
5.585108,-1.275976,-10.323963,0.512786,-0.0486159335,0.1974614433,-0.2061851097
5.586156,-1.055014,-18.711366,1.420652,0.0088522248,0.0144147169,-0.0880561177
5.587173,-0.605884,-20.207834,1.310171,0.0748341844,-0.1824669366,0.0683849799
5.588222,-0.761999,-15.677726,2.210832,0.1408161439,-0.3399722593,0.1737432701
5.589271,-0.017453,-9.349463,-0.121279,0.1472014948,-0.3527429611,0.1673579192
5.590319,2.079286,-3.152889,-4.713449,0.0397147543,-0.0930720237,0.0364582253
5.591337,1.229062,0.723562,-0.39508,-0.0837353635,0.2623791777,-0.1274324483
5.592385,-0.992568,-1.407408,2.357339,-0.1135336678,0.3602878918,-0.2115062355
5.593434,-1.420082,-9.991148,0.032433,-0.0805426881,0.2027825691,-0.1976713085
5.594483,-1.352833,-18.953195,1.379822,-0.0209460795,-0.0111266868,-0.0891203428
5.595532,-1.028595,-20.969237,1.550347,0.0578065819,-0.1952376384,0.0705134302
5.596549,-1.292788,-16.293074,2.63114,0.1386876936,-0.3325226832,0.1780001708
5.597597,-0.901301,-8.932846,0.796194,0.1567795212,-0.3676421133,0.1556514425
5.598646,1.452426,-2.137685,-4.552531,0.0503570058,-0.1526686323,0.0098525965
5.599695,1.399587,0.663703,-0.606435,-0.0656435359,0.223002847,-0.1444600508
5.600712,-0.862873,-2.475288,1.901004,-0.1039556415,0.3975357722,-0.2093777852
5.601761,-1.511349,-10.295231,-0.344643,-0.0965060654,0.2623791777,-0.1859648318
5.60281,-1.062219,-17.586022,1.057986,-0.0464874832,0.0176073923,-0.0859276674
5.603858,-0.658723,-19.915723,1.185279,0.0269440524,-0.1888522875,0.0534858278
5.604875,-1.208727,-17.181377,2.864111,0.1078251641,-0.3474218354,0.1556514425
5.605924,-1.614625,-9.924107,2.314107,0.1461372696,-0.4314956225,0.1471376413
5.606973,0.426873,-0.765723,-2.919332,0.065256158,-0.3069812795,0.0226232983
5.608022,0.717486,-3.849644,-0.438312,-0.1252401445,0.3251684617,-0.17319413
5.609071,-0.951738,-12.462116,-0.315822,-0.1273685948,0.3251684617,-0.1380746999
5.610088,-0.819641,-17.626726,1.927424,-0.0507443838,0.1229656825,-0.0529366876
5.611137,-0.649116,-19.058546,1.286153,0.0461001052,-0.0877508979,0.0385866756
5.612185,-1.713097,-17.052082,2.013887,0.1078251641,-0.2878252268,0.0875410327
5.613234,-2.191048,-9.505095,2.674372,0.1227243163,-0.4634223771,0.0577427284
5.614251,-0.288852,0.031595,-1.367794,0.0695130586,-0.4165964704,-0.0401659857
5.6153,2.019242,1.326938,-2.628719,-0.0273314304,-0.053695693,-0.125303998
5.616349,1.517273,-5.860897,-2.751209,-0.1209832439,0.3560309912,-0.1370104747
5.617398,-0.442565,-12.775776,-0.916263,-0.1454604225,0.451811255,-0.0933772434
5.618415,-0.673134,-15.368855,2.124368,-0.0624508605,0.2293881979,-0.0263310588
5.619463,-0.632304,-16.70969,0.942701,0.037586304,-0.0441176666,0.0300728744
5.620512,-2.058951,-17.710528,2.784853,0.100375588,-0.2761187501,0.0556142781
5.621561,-2.601749,-11.229026,3.608657,0.1216600911,-0.4730004035,0.0268801989
5.622612,-0.838855,-0.109672,0.31344,0.0993113629,-0.5102482839,-0.0635789391
5.623627,1.658977,1.341304,-2.242035,0.0492927807,-0.2612195979,-0.139138925
5.624676,2.295444,-6.765961,-5.349916,-0.0528728341,0.2038467942,-0.1338177993
5.625725,0.453293,-13.137322,-1.840941,-0.1220474691,0.4986371618,-0.0742211907
5.626773,-0.870078,-14.50689,2.732014,-0.0645793108,0.3730585936,-0.0061107808
5.627791,-1.0358,-15.318574,1.17327,0.0216229267,0.0772040009,0.0385866756
5.628839,-1.94847,-16.161385,2.981797,0.0758984095,-0.1675677844,0.0545500529
5.629888,-2.291922,-10.479595,3.678308,0.0982471377,-0.3729632391,0.0300728744
5.630937,-1.112656,-1.426563,1.523928,0.079091085,-0.476193079,-0.0497440121
5.631954,0.979279,-1.462479,0.210164,0.051421231,-0.3612567624,-0.1135975214
5.633003,2.76619,-8.425244,-4.778296,-0.0209460795,0.0261211936,-0.0997625944
5.634052,-0.814838,-14.042386,2.347732,-0.0635150856,0.4124349243,-0.0050465557
5.6351,-1.619428,-12.996056,1.197288,0.0088522248,0.1250941328,0.0119810468
5.636149,-1.806766,-12.77817,2.097949,0.037586304,-0.122870328,0.0034672456
5.637166,-2.16703,-10.697481,4.201892,0.0695130586,-0.2793114255,-0.0156888072
5.638215,-1.727507,-5.111466,1.24052,0.0758984095,-0.365513663,-0.0529366876
5.639263,0.333205,-4.577526,-0.315822,0.0684488334,-0.3144308556,-0.0784780913
5.640312,2.670119,-8.664679,-4.607771,0.0152375758,-0.0143193623,-0.0678358397
5.64133,1.735834,-11.830008,-4.723056,-0.0805426881,0.3570952163,-0.0529366876
5.642378,-1.1727,-12.701551,2.237251,-0.0794784629,0.3943430967,-0.03484486
5.643427,-1.92205,-10.726213,1.670435,-0.0198818543,0.1485070862,-0.0242026084
5.644476,-1.624232,-10.692692,2.090744,0.023751377,-0.081365547,-0.0167530324
5.645496,-1.979692,-10.436497,4.295561,0.0716415089,-0.2399350949,-0.0061107808
5.646542,-1.739516,-6.686947,1.226109,0.0663203831,-0.3580640869,-0.0199457078
5.647591,0.294776,-8.540173,-0.025209,0.0450358801,-0.3782843648,-0.0412302109
5.648639,2.910295,-12.792536,-4.626985,0.0088522248,-0.1207418777,-0.0518724624
5.649656,2.108107,-10.539454,-5.285068,-0.0805426881,0.285792131,-0.0678358397
5.650705,-1.033398,-7.110747,2.364544,-0.0943776151,0.3943430967,-0.0699642901
5.651754,-1.874015,-7.132296,2.842495,-0.0198818543,0.2240670721,-0.0508082373
5.652802,-1.665062,-11.082971,2.674372,0.0439716549,0.0474056966,-0.0220741581
5.653851,-1.991701,-12.955352,3.738352,0.065256158,-0.1313841292,0.0045314707
5.654871,-1.436894,-8.810734,1.057986,0.037586304,-0.3229446568,-0.0029181054
5.655918,-0.039069,-10.352695,0.529598,0.0301367279,-0.4495874501,-0.0305879594
5.656966,1.983215,-14.78224,-3.723923,0.0312009531,-0.3048528292,-0.0412302109
5.658015,2.329069,-9.57932,-5.8735,-0.0294598807,0.1091307555,-0.0614504888
5.659032,-0.372914,-3.521618,0.89947,-0.0656435359,0.3464529648,-0.0891203428
5.660081,-1.900434,-10.079739,2.503847,0.0173660261,0.0963600537,-0.0508082373
5.66113,-1.607419,-13.668868,3.406909,0.0524854561,-0.053695693,-0.0007896551
5.662178,-0.949336,-11.430152,1.557552,0.0492927807,-0.2239717176,0.0258159738
5.663196,-0.135139,-12.940986,0.176539,0.0269440524,-0.4027615434,0.0130452719
5.664247,1.356355,-15.428714,-2.78003,0.0141733506,-0.3825412655,-0.0124961318
5.665293,2.110509,-7.864967,-4.891179,-0.031588331,-0.06753062,-0.0529366876
5.666342,-0.099113,-1.412197,0.116495,-0.0677719862,0.1878834169,-0.0933772434
5.667391,-1.912443,-3.397112,2.734416,-0.0443590329,0.1825622911,-0.0965699189
5.668408,-1.597812,-8.774819,1.833755,-0.0049827022,0.0718828752,-0.0657073894
5.669457,-1.093442,-13.393518,2.97219,0.0280082776,-0.0366680905,-0.0093034563
5.670505,-0.61309,-14.882802,2.033101,0.051421231,-0.1484117316,0.0396509008
5.671554,-0.293655,-17.533346,-0.116476,0.0620634825,-0.2814398759,0.0385866756
5.672571,0.611809,-15.665754,-2.599898,0.0620634825,-0.3059170544,-0.0093034563
5.673622,1.625353,-4.903157,-4.132222,0.0141733506,-0.0803013218,-0.0795423164
5.674668,-0.036667,0.555957,-0.262983,-0.0486159335,0.2123605954,-0.1274324483
5.675717,-2.301529,-2.685991,2.477427,-0.0560655095,0.306012409,-0.1210470974
5.676734,-2.234279,-7.402857,1.756899,-0.031588331,0.1942687678,-0.0827349919
5.677783,-1.472921,-11.633671,1.816943,-0.0071111525,0.0101578162,-0.0295237342
5.678832,-0.701955,-16.156596,1.833755,0.0163018009,-0.1760815856,0.0385866756
5.679881,0.0546,-20.279664,1.375018,0.051421231,-0.3335869084,0.0811556818
5.680929,0.635827,-17.073631,-1.274125,0.0812195353,-0.37934859,0.0577427284
5.681947,1.644567,-6.047656,-3.493353,0.0524854561,-0.1973660887,-0.0263310588
5.682998,0.753513,1.377219,-1.374999,-0.0230745298,0.1346721592,-0.117854422
5.684044,-1.804364,-0.217417,2.117163,-0.0645793108,0.3145262102,-0.1604234281
5.685093,-2.404804,-6.58399,2.37175,-0.0507443838,0.2347093237,-0.145524276
5.68611,-1.588205,-12.553101,1.473491,-0.0230745298,0.0516625972,-0.0859276674
5.687158,0.047395,-19.724175,1.17327,0.0290725027,-0.3133666305,0.0949906088
5.688207,0.369231,-16.460678,-0.469535,0.0631277077,-0.3995688679,0.1024401848
5.689256,1.248276,-7.637504,-3.029813,0.0461001052,-0.2590911476,0.0247517486
5.690273,0.880806,-0.411359,-1.958627,-0.0283956555,0.0686901997,-0.0859276674
5.691322,-1.187111,0.936659,2.321313,-0.0837353635,0.271957204,-0.1646803287
5.692373,-1.845194,-3.883165,1.579168,-0.0688362114,0.2144890457,-0.187029057
5.69342,-1.475322,-11.906627,0.757766,-0.0347810065,0.043148796,-0.1433958257
5.694468,-1.014184,-19.070518,2.018691,-0.0028542519,-0.1452190562,-0.0273952839
5.695488,-0.175969,-20.916561,1.507115,0.0461001052,-0.3133666305,0.1024401848
5.696534,0.551765,-15.318574,0.169334,0.0822837604,-0.3899908415,0.1503303168
5.697583,1.534086,-6.912016,-3.272391,0.0503570058,-0.2505773464,0.0779630063
5.698632,1.068144,-1.1991,-2.667147,-0.0560655095,0.0740113255,-0.062514714
5.699649,-1.081433,0.192016,2.333322,-0.1316254955,0.2836636807,-0.1689372293
5.700697,-1.641044,-3.205564,1.732881,-0.1082125421,0.2357735488,-0.2072493349
5.701749,-1.249557,-10.948888,0.08287,-0.0613866353,0.0665617494,-0.17319413
5.702795,-1.134272,-19.535022,1.25493,-0.0166891789,-0.1292556789,-0.0529366876
5.703812,-0.428154,-21.790498,1.583972,0.0578065819,-0.3069812795,0.1024401848
5.704863,0.112242,-14.930689,1.122833,0.1269812169,-0.4006330931,0.1790643959
5.705909,0.904824,-6.847369,-2.681558,0.1110178396,-0.2931463525,0.1141466615
5.706958,1.26749,-2.870355,-4.163445,-0.0124322782,0.0516625972,-0.0444228864
5.707975,-0.40894,-0.396993,1.089209,-0.1316254955,0.3421960642,-0.1849006066
5.709024,-1.45851,-1.601351,2.431794,-0.1369466212,0.3400676139,-0.2487541159
5.710073,-1.247155,-9.873825,0.366278,-0.0784142378,0.1729842648,-0.2274696128
5.711124,-1.266369,-19.61643,1.252529,-0.017753404,-0.0207047132,-0.1029552698
5.714239,2.487585,-4.28781,-4.57895,0.0290725027,-0.1196776525,0.0194306229
5.71217,-0.610688,-14.174075,1.953843,0.1269812169,-0.393183517,0.1843855217
5.713187,0.628621,-7.611166,-1.031547,0.120595866,-0.4048899937,0.1609725683
5.715285,1.181027,-0.533471,-0.311019,-0.0826711384,0.250672701,-0.139138925
5.716334,-1.112656,-1.031496,2.597515,-0.1231116942,0.3421960642,-0.2285338379
5.717351,-1.364841,-9.811572,0.390296,-0.0943776151,0.1857549666,-0.2242769373
5.718399,-1.32161,-19.628401,1.461482,-0.0369094568,-0.0079340114,-0.1125332962
5.719448,-1.105451,-20.952476,2.016289,0.0386505291,-0.178210036,0.0556142781
5.720499,-1.143879,-14.52365,2.571096,0.106760939,-0.3208162065,0.1662936941
5.721514,-0.841257,-8.272006,1.166065,0.1152747402,-0.3740274642,0.1535229922
5.722563,1.248276,-4.184853,-4.093794,0.0258798273,-0.1760815856,0.0194306229
5.723614,1.651772,-0.794455,-1.987449,-0.0858638138,0.2112963703,-0.1402031502
5.724661,-0.480993,-1.345155,1.495107,-0.1316254955,0.4081780237,-0.2295980631
5.72571,-1.523358,-8.480314,-0.097262,-0.1209832439,0.2889848065,-0.2274696128
5.726727,-1.400868,-18.09123,1.045977,-0.0677719862,0.0591121733,-0.131689349
5.727775,-1.059818,-21.397825,2.00428,0.0184302512,-0.1430906059,0.0279444241
5.728824,-1.232744,-16.022512,2.376553,0.0993113629,-0.3123024053,0.1524587671
5.729874,-1.37685,-8.47792,1.768907,0.1237885414,-0.4251102716,0.158844118
5.73089,0.64063,-2.877539,-2.768021,0.0556781316,-0.3165593059,0.0375224505
5.731939,2.069679,-0.471218,-2.635924,-0.0550012844,0.0399561205,-0.1146617465
5.73299,0.383642,-3.133734,-0.056432,-0.1294970451,0.333682263,-0.194478633
5.734036,-1.278378,-9.914529,0.037237,-0.1337539458,0.3209115611,-0.1838363815
5.735053,-1.153486,-16.396031,1.341394,-0.0741573372,0.1091307555,-0.0997625944
5.736102,-0.846061,-19.116011,1.370215,0.0088522248,-0.1005215997,0.0173021725
5.73715,-1.684276,-17.2987,2.580703,0.0854764359,-0.2750545249,0.10350441
5.738199,-2.135807,-9.835516,2.626337,0.1099536144,-0.4155322452,0.0981832842
5.739249,2.002429,0.048355,-2.069109,-0.0464874832,-0.0547599181,-0.1135975214
5.740265,1.169018,-6.179345,-1.785701,-0.1273685948,0.3113335347,-0.1519096269
5.741314,-0.603483,-11.238604,-0.666479,-0.1539742237,0.3985999973,-0.1263682232
5.742365,-0.879685,-14.794212,1.852969,-0.0858638138,0.1921403175,-0.0689000649
5.743412,-0.850864,-17.677007,1.425455,0.0056595494,-0.0643379445,-0.0018538802
5.744429,-1.854801,-16.767155,2.378955,0.058870807,-0.2803756507,0.0449720265
5.745477,-2.255895,-9.85467,3.286821,0.0748341844,-0.4602297017,0.0322013247
5.746526,-0.665929,-1.223044,0.363877,0.0599350322,-0.4783215293,-0.0412302109
5.747575,1.815092,-0.052207,-2.967368,0.0024668739,-0.2122652409,-0.1093406207
5.748592,2.432345,-6.459484,-4.552531,-0.1018271912,0.2315166482,-0.1221113226
5.749641,0.39565,-12.996056,-1.401419,-0.1539742237,0.4816095593,-0.0869918925
5.750689,-1.146281,-15.864485,2.460615,-0.0890564893,0.3347464881,-0.0369733103
5.751741,-1.129469,-14.933084,1.005147,-0.0134965034,0.0388918954,-0.0093034563
5.752787,-1.7179,-13.958584,2.270876,0.0290725027,-0.2143936912,-0.0007896551
5.753804,-2.361573,-10.963254,4.247526,0.0695130586,-0.4134037949,-0.0050465557
5.754853,-1.388859,-3.418661,1.569561,0.0769626347,-0.4878995557,-0.0465513367
5.755902,1.272294,-0.918961,-0.971503,0.0492927807,-0.3442291599,-0.0923130183
5.75695,3.27056,-6.655821,-5.604502,-0.0464874832,0.0623048488,-0.1008268195
5.757967,1.598933,-13.106196,-3.493353,-0.1454604225,0.4443616789,-0.076349641
5.759016,-1.21353,-15.237166,2.967387,-0.1092767672,0.4209487256,-0.0295237342
5.760065,-1.770739,-13.125351,1.259734,-0.0305241059,0.1346721592,0.0002745701
5.761116,-1.857203,-11.885078,2.539873,0.0141733506,-0.1186134273,0.0002745701
5.76213,-2.313537,-10.819593,4.454078,0.0524854561,-0.310173955,-0.0156888072
5.763179,-1.86681,-6.066811,1.610391,0.0546139064,-0.420853371,-0.0550651379
5.764228,0.261152,-4.467386,0.443135,0.0492927807,-0.3761559145,-0.0869918925
5.765277,2.429943,-11.303251,-5.76542,-0.1241759194,0.3815723949,-0.0657073894
5.766325,-0.802829,-12.344793,2.206028,-0.1358823961,0.4752242084,-0.0454871115
5.767343,-1.864408,-10.577764,2.081136,-0.0613866353,0.2293881979,-0.0316521845
5.768392,-1.713097,-11.52832,2.040307,-0.003918477,-0.0207047132,-0.0295237342
5.76944,-2.294323,-12.591411,4.461283,0.0439716549,-0.2122652409,-0.0220741581
5.770492,-2.015719,-7.362153,1.259734,0.0439716549,-0.3761559145,-0.03484486
5.771506,-0.099113,-5.947093,1.017156,0.0397147543,-0.4517159004,-0.0582578134
5.772555,2.590861,-10.177907,-3.308418,0.0184302512,-0.2612195979,-0.0571935882
5.773603,2.768591,-10.999169,-6.298612,-0.073093112,0.1719200396,-0.0582578134
5.774653,-0.358503,-9.694249,1.139646,-0.1039556415,0.3815723949,-0.0593220385
5.775669,-1.869211,-8.645524,2.75363,-0.0496801586,0.2315166482,-0.0518724624
5.776718,-1.427287,-9.670306,2.254063,0.0024668739,0.0388918954,-0.0412302109
5.777767,-1.929255,-11.753389,3.752763,0.0343936285,-0.1122280764,-0.021009933
5.778816,-1.941264,-9.988754,1.002745,0.0248156021,-0.2793114255,-0.0135603569
5.779833,-0.055881,-10.108471,-0.106869,0.00991645,-0.3889266164,-0.0273952839
5.780882,2.487585,-12.938591,-4.312354,-0.0092396028,-0.2186505918,-0.0444228864
5.78193,2.228195,-10.051007,-5.957561,-0.0784142378,0.1985256684,-0.0720927404
5.782979,-0.939729,-5.379633,2.061922,-0.0943776151,0.3847650703,-0.0880561177
5.784028,-2.183842,-5.176113,2.799263,-0.0305241059,0.2442873501,-0.0784780913
5.785046,-1.484929,-9.220168,1.449473,0.0194944764,0.0857178022,-0.0529366876
5.786094,-1.405671,-12.826057,4.137045,0.051421231,-0.0419892163,-0.0103676814
5.787142,-1.223137,-11.796487,1.375018,0.0450358801,-0.2122652409,0.0141094971
5.788191,-0.392128,-13.556333,0.032433,0.0226871518,-0.3921192918,0.0013387952
5.789208,1.428408,-15.20604,-2.849681,0.0205587015,-0.3591283121,-0.0263310588
5.790257,2.228195,-7.771587,-5.801447,-0.0294598807,-0.0196404881,-0.0689000649
5.791305,-0.382521,-1.84318,0.959514,-0.0762857875,0.2432231249,-0.1050837201
5.792354,-1.751525,-8.374963,1.713667,-0.0166891789,0.0910389279,-0.0710285152
5.793374,-1.25436,-13.307321,3.832021,0.0131091254,-0.0217689384,-0.0199457078
5.79442,-0.77641,-14.23154,1.845764,0.0248156021,-0.1590539832,0.0268801989
5.795469,-0.276843,-16.000963,0.649686,0.0226871518,-0.324008882,0.0247517486
5.796517,0.35482,-16.403214,-1.576747,0.0450358801,-0.3867981661,-0.0114319066
5.797566,1.692602,-7.460322,-4.514102,0.0248156021,-0.1803384863,-0.0614504888
5.798583,0.837575,0.522436,-1.502293,-0.0486159335,0.1516997617,-0.1146617465
5.799632,-1.693883,-1.536703,1.456678,-0.0816069132,0.2964343826,-0.1370104747
5.800681,-2.239083,-7.656658,2.417383,-0.059258185,0.2059752445,-0.1125332962
5.801729,-1.487331,-12.174794,2.314107,-0.0220103046,0.0378276702,-0.0529366876
5.802749,-0.699553,-15.155758,1.901004,0.0035310991,-0.1260630034,0.0215590732
5.803795,-0.127934,-19.072913,1.209297,0.0322651782,-0.2846325513,0.0673207548
5.804844,0.470105,-18.395312,-1.665612,0.0641919328,-0.3527429611,0.0513573775
5.805892,1.618147,-7.407646,-3.16191,0.0418432046,-0.1899165126,-0.0252668336
5.806909,0.856789,2.363691,-0.964298,-0.0188176292,0.1080665304,-0.1210470974
5.807958,-1.605018,0.773843,2.061922,-0.0518086089,0.2677003034,-0.1710656796
5.809007,-2.349564,-6.950326,1.939433,-0.045423258,0.1942687678,-0.1551023023
5.810055,-1.713097,-12.996056,1.351001,-0.0283956555,0.0048366905,-0.0880561177
5.811104,-0.742785,-16.266736,1.896201,-0.0156249537,-0.1877880623,0.0098525965
5.812124,0.208313,-19.654739,0.846631,0.0120449003,-0.337843809,0.0886052578
5.81317,1.04893,-18.225313,-1.142028,0.0471643304,-0.3591283121,0.0971190591
5.814218,1.913564,-8.03736,-3.041822,0.0258798273,-0.1430906059,0.0258159738
5.815267,0.607005,1.614259,-0.668881,-0.0432948077,0.1761769402,-0.0859276674
5.816284,-1.7179,2.318198,2.647952,-0.0816069132,0.3113335347,-0.1742583551
5.817333,-2.046942,-5.212028,1.286153,-0.0677719862,0.2198101715,-0.1987355336
5.818382,-1.095844,-18.230102,1.36301,-0.0134965034,-0.1867238372,-0.0156888072
5.819431,-0.005444,-19.15432,0.563223,0.0226871518,-0.3804128151,0.0917979333
5.820447,0.568577,-16.525326,0.260601,0.0695130586,-0.4336240728,0.1194677873
5.821498,1.149804,-8.564116,-2.849681,0.0599350322,-0.2367424194,0.0598711787
5.822545,0.590193,-0.602907,-2.350115,-0.0337167813,0.1197730071,-0.0593220385
5.823594,-1.247155,1.178488,2.246858,-0.1124694427,0.3294253623,-0.1689372293
5.824643,-1.650651,-3.456971,1.910611,-0.1039556415,0.2868563562,-0.2136346858
5.825659,-1.227941,-11.207477,0.375885,-0.0613866353,0.1197730071,-0.1827721563
5.826708,-0.874882,-18.392918,0.983531,-0.0241387549,-0.0920077985,-0.0731569655
5.827757,-0.257629,-20.669943,1.146851,0.0343936285,-0.2995317035,0.0630638542
5.828806,-0.135139,-16.37927,1.329385,0.0993113629,-0.4187249207,0.1407522904
5.829823,0.62622,-9.126788,-1.665612,0.0993113629,-0.3218804317,0.1045686351
5.830874,1.310722,-2.499231,-3.81519,-0.0081753776,0.0122862666,-0.0327164097
5.831921,-0.24562,1.085108,1.084405,-0.12843282,0.3038839587,-0.1753225803
5.832969,-1.357636,-1.268536,2.647952,-0.1390750715,0.3283611372,-0.2444972153
5.833986,-1.141477,-9.993543,0.35427,-0.0858638138,0.1868191918,-0.222148487
5.835035,-1.105451,-19.336291,1.37742,-0.031588331,0.0069651408,-0.1018910447
5.836084,-0.718767,-21.337966,1.473491,0.0439716549,-0.1824669366,0.061999629
5.837133,-0.644313,-15.7735,1.797729,0.1152747402,-0.3495502857,0.1684221444
5.838149,0.208313,-8.906508,-0.58482,0.1184674157,-0.3782843648,0.145009191
5.839198,2.086491,-2.408246,-4.350783,0.00991645,-0.122870328,0.0034672456
5.840249,1.169018,1.997355,0.032433,-0.1167263433,0.2410946746,-0.1519096269
5.841295,-0.992568,-1.361916,2.275679,-0.1433319721,0.3656090176,-0.2264053876
5.842344,-1.372047,-11.487616,0.147718,-0.1039556415,0.2261955224,-0.2040566594
5.843361,-1.266369,-19.937272,1.204493,-0.0443590329,-0.0004844353,-0.0923130183
5.84441,-0.891694,-20.954871,1.170869,0.0343936285,-0.2069441151,0.0577427284
5.845459,-0.800427,-8.837072,0.301431,0.1312381175,-0.3718990139,0.1258531382
5.846507,1.313123,-1.563041,-4.804716,0.0301367279,-0.136705255,-0.0167530324
5.847524,1.169018,1.425106,-0.849013,-0.0847995887,0.2410946746,-0.1678730042
5.848573,-0.942131,-2.511203,1.872183,-0.1220474691,0.4049853483,-0.2317265134
5.849625,-1.434492,-10.877057,-0.241368,-0.100762966,0.278342555,-0.2051208846
5.850671,-1.069425,-18.213341,1.17327,-0.045423258,0.0548552727,-0.1008268195
5.851688,-0.665929,-19.901357,1.151655,0.0248156021,-0.1473475065,0.0396509008
5.852736,-1.139076,-16.204483,2.451008,0.0971829126,-0.3272015575,0.131174264
5.853785,-1.482528,-9.794812,1.941834,0.1184674157,-0.4325598477,0.1162751118
5.854834,0.657442,-2.336416,-3.135491,0.0365220788,-0.2952748029,-0.0007896551
5.855883,2.093696,1.444261,-2.148367,-0.0762857875,0.0835893518,-0.1327535741
5.8569,0.335606,-2.465711,0.056451,-0.1390750715,0.3730585936,-0.1955428582
5.857949,-1.215932,-10.692692,0.188548,-0.1358823961,0.3379391636,-0.1763868054
5.859,-0.91331,-17.250813,1.533535,-0.0667077611,0.1155161065,-0.0869918925
5.860046,-0.656321,-20.100088,1.44467,0.0290725027,-0.0994573746,0.0268801989
5.861063,-1.583402,-18.191792,2.760835,0.1025040383,-0.296339028,0.1003117345
5.862114,-1.886024,-9.373406,2.487034,0.114210515,-0.4549085759,0.0832841321
5.863161,0.064207,-0.05939,-1.432642,0.0599350322,-0.4016973182,-0.0252668336
5.86421,2.079286,0.747505,-2.619112,-0.0326525562,-0.0451818917,-0.1284966735
5.865227,1.344346,-4.895974,-2.342909,-0.12843282,0.3560309912,-0.159359203
5.866275,-0.656321,-10.991986,-0.433508,-0.1571668991,0.4337194274,-0.1348820244
5.867324,-1.011782,-15.830965,1.824148,-0.0879922642,0.2006541188,-0.0720927404
5.868376,-0.834052,-18.799957,1.435062,0.0045953242,-0.0568883684,0.0055956959
5.869422,-1.941264,-17.516586,3.142715,0.0748341844,-0.2654764986,0.0566785032
5.870439,-2.527294,-9.749319,3.445337,0.0961186874,-0.4517159004,0.0428435762
5.87149,1.942385,0.3261,-2.148367,0.0067237745,-0.2005587642,-0.1157259717
5.872536,2.475576,-6.988635,-4.699038,-0.0965060654,0.2655718531,-0.1284966735
5.873585,0.301982,-12.035922,-1.619979,-0.1710018261,0.5092794133,-0.1029552698
5.874602,-0.982961,-14.528439,2.828085,-0.1082125421,0.3315538127,-0.0614504888
5.875651,-0.963747,-16.578001,0.964317,-0.0103038279,0.0335707696,-0.0220741581
5.8767,-1.943666,-16.228426,2.311706,0.0407789794,-0.1899165126,0.0045314707
5.87775,-2.587338,-10.259315,3.947306,0.0769626347,-0.3846697158,0.0034672456
5.878765,-1.494536,-1.675576,1.110825,0.086540661,-0.4751288538,-0.0476155618
5.879814,0.998493,-0.588541,-1.178055,0.0546139064,-0.3357153587,-0.1008268195
5.880865,3.078419,-7.13469,-5.489218,-0.0379736819,0.0718828752,-0.1072121704
5.881912,1.644567,-12.940986,-4.004929,-0.1369466212,0.4539397053,-0.0806065416
5.882961,-1.064621,-14.621818,2.434196,-0.1209832439,0.4305267519,-0.0380375354
5.883977,-1.617026,-13.762247,1.490303,-0.0369094568,0.1389290598,-0.0114319066
5.885026,-1.94847,-13.582671,2.29009,0.0258798273,-0.116484977,-0.0039823305
5.886075,-2.546508,-11.1979,4.242722,0.0620634825,-0.3037886041,-0.0114319066
5.887126,-1.874015,-4.6733,1.71847,0.0641919328,-0.4144680201,-0.0529366876
5.88814,0.510935,-2.618949,0.445536,0.0546139064,-0.3559356366,-0.0944414686
5.889189,3.02558,-7.728489,-4.711047,-0.0081753776,-0.0238973887,-0.097634144
5.890241,2.043259,-12.562679,-4.658208,-0.1177905685,0.38263662,-0.076349641
5.891287,-0.850864,-12.435778,2.261269,-0.12843282,0.4315909771,-0.048679787
5.892304,-1.501742,-10.802832,1.521526,-0.0539370592,0.1697915893,-0.0305879594
5.893352,-1.609821,-12.914648,2.674372,0.0163018009,-0.0792370967,-0.0167530324
5.894401,-2.265502,-12.265779,4.261937,0.0524854561,-0.2622838231,-0.0093034563
5.89545,-1.761132,-6.014135,1.180476,0.0322651782,-0.4059542188,-0.0380375354
5.896501,0.383642,-5.544843,0.793792,0.0322651782,-0.4240460464,-0.0731569655
5.897515,2.499594,-11.554658,-6.238568,-0.0965060654,0.3368749384,-0.0806065416
5.898565,-0.754794,-8.820312,1.973057,-0.1263043697,0.4890591354,-0.0742211907
5.899616,-1.883622,-8.152289,2.542275,-0.0496801586,0.278342555,-0.0593220385
5.900662,-1.806766,-11.882684,2.33092,0.0205587015,0.0527268224,-0.0359090851
5.901679,-2.486464,-13.280983,4.218705,0.0556781316,-0.1430906059,-0.0082392311
5.902728,-2.099781,-8.044543,1.182877,0.0312009531,-0.3591283121,-0.0167530324
5.903776,-0.072693,-7.951163,0.495973,0.0088522248,-0.4964133569,-0.048679787
5.904825,2.461166,-12.79493,-3.767154,-0.0071111525,-0.3176235311,-0.0582578134
5.905842,2.552433,-10.098894,-6.281799,-0.0805426881,0.1442501856,-0.0657073894
5.90689,-0.478591,-5.650194,1.456678,-0.1039556415,0.3805081697,-0.0731569655
5.907939,-2.030129,-6.495399,3.277214,-0.045423258,0.2559938267,-0.062514714
5.90899,-1.67707,-10.872269,2.506248,0.0141733506,0.0835893518,-0.0412302109
5.910005,-2.046942,-14.08309,4.019359,0.0418432046,-0.0696590703,-0.0167530324
5.911054,-1.775543,-10.869874,1.142047,0.0152375758,-0.2612195979,-0.0135603569
5.912103,-0.228808,-9.981571,0.467152,-0.003918477,-0.4293671722,-0.03484486
5.913151,1.658977,-13.54915,-3.442916,-0.0092396028,-0.3399722593,-0.0508082373
5.9142,1.968805,-9.888191,-5.909526,-0.0688362114,0.0505983721,-0.0689000649
5.915217,-0.500207,-3.6988,1.396634,-0.086928039,0.2943059323,-0.0891203428
5.916266,-2.039736,-4.239923,2.46782,-0.0379736819,0.2134248206,-0.0891203428
5.917315,-1.256762,-8.750876,1.588775,-0.0028542519,0.0825251267,-0.062514714
5.918366,-0.781213,-12.059865,3.481364,0.0216229267,-0.0238973887,-0.0167530324
5.91938,-0.54584,-12.773381,1.435062,0.0194944764,-0.171824685,0.0173021725
5.920429,-0.19038,-16.113498,0.877854,0.0056595494,-0.3314584581,0.0173021725
5.921478,0.993689,-17.032928,-2.515836,0.0109806751,-0.3335869084,-0.0082392311
5.922527,2.165749,-7.352576,-5.664546,-0.0337167813,-0.0462461169,-0.0657073894
5.923544,0.131456,0.158496,0.135709,-0.0911849396,0.2421588997,-0.1263682232
5.924592,-2.200655,-7.627926,1.768907,-0.0411663574,0.1708558144,-0.090184568
5.925641,-1.496938,-11.588179,2.513454,-0.0113680531,0.0399561205,-0.0316521845
5.92669,-0.733178,-15.016886,2.155591,0.0088522248,-0.122870328,0.0300728744
5.927741,-0.010247,-18.922069,1.024361,0.0258798273,-0.2974032532,0.0598711787
5.928756,0.414864,-17.430389,-1.581551,0.0429074297,-0.3814770403,0.0322013247
5.929805,1.507666,-7.467505,-4.146633,0.0109806751,-0.2154579163,-0.0422944361
5.930854,0.921636,0.939053,-1.387008,-0.0613866353,0.1208372322,-0.1157259717
5.931903,-1.681874,0.084271,2.234849,-0.0975702905,0.3017555083,-0.1465885011
5.932919,-2.450438,-6.562441,2.12677,-0.0816069132,0.2315166482,-0.1274324483
5.933968,-1.70349,-12.102964,1.862576,-0.045423258,0.0601763985,-0.0710285152
5.935016,-0.920515,-16.233215,1.973057,-0.0220103046,-0.130319904,0.0130452719
5.936066,-0.024658,-20.713041,1.300564,0.00991645,-0.3027243789,0.0779630063
5.937083,0.4629,-17.918837,-0.611239,0.0492927807,-0.3761559145,0.0683849799
5.938132,1.265088,-7.149056,-3.298811,0.0312009531,-0.2335497439,-0.0103676814
5.93918,0.928842,1.231164,-1.495087,-0.0337167813,0.0899747028,-0.1072121704
5.940229,-1.268771,1.690879,1.555151,-0.0837353635,0.3070766341,-0.17319413
5.941277,-2.20786,-5.235972,1.298162,-0.0879922642,0.2538653764,-0.1838363815
5.942295,-1.70349,-12.864367,1.619998,-0.0581939599,0.0623048488,-0.1274324483
5.943343,-0.764401,-17.471093,1.338992,-0.0326525562,-0.1473475065,-0.0178172575
5.944392,0.244339,-20.104877,0.993138,-0.0007258016,-0.3261373323,0.0886052578
5.945441,0.484516,-17.174194,0.275011,0.051421231,-0.393183517,0.1237246879
5.946458,1.092161,-8.73651,-3.354051,0.0461001052,-0.2314212936,0.0609354038
5.947507,0.897619,-0.456852,-2.78003,-0.0496801586,0.1048738549,-0.0635789391
5.948555,-1.07663,2.253551,2.270876,-0.1241759194,0.3006912832,-0.17319413
5.949605,-1.813971,-3.114579,2.117163,-0.0996987408,0.2410946746,-0.2168273613
5.950624,-1.009381,-19.017843,1.619998,-0.0198818543,-0.0962646991,-0.0529366876
5.952719,0.263553,-16.14223,0.887461,0.072705734,-0.393183517,0.1471376413
5.954944,1.257883,-1.977263,-3.656673,-0.0443590329,0.0644332991,-0.0369733103
5.955834,-0.61309,1.092291,1.888996,-0.1475888728,0.3294253623,-0.1657445539
5.956883,-1.657856,-1.405014,2.29009,-0.1529099985,0.3166546605,-0.2285338379
5.957931,-1.283181,-10.11326,0.347064,-0.1071483169,0.1559566623,-0.2093777852
5.95898,-1.271173,-19.815161,1.44467,-0.0560655095,-0.0430534414,-0.0891203428
5.959999,-0.701955,-22.13289,1.15886,0.0173660261,-0.2495131212,0.0790272315
5.961046,-0.300861,-15.455052,2.090744,0.0939902371,-0.4016973182,0.1769359456
5.962095,0.297178,-8.272006,-1.271723,0.100375588,-0.3857339409,0.1386238401
5.963144,1.620549,-3.581477,-4.737466,-0.0103038279,-0.0920077985,-0.0114319066
5.953768,0.955261,-8.391723,-1.982645,0.058870807,-0.2750545249,0.0971190591
5.96416,0.765522,0.754688,0.145316,-0.1380108464,0.2825994556,-0.1710656796
5.95167,-0.087104,-20.612479,1.192484,0.0290725027,-0.2878252268,0.0832841321
5.965209,-0.942131,-0.416148,2.278081,-0.1624880249,0.3954073219,-0.2540752416
5.966258,-1.249557,-9.61763,0.532,-0.1220474691,0.2559938267,-0.2391760895
5.967307,-1.299994,-19.738541,1.45908,-0.0635150856,0.0495341469,-0.1210470974
5.968324,-0.966149,-21.850357,1.740086,0.0141733506,-0.1526686323,0.0524216026
5.969375,-0.882087,-15.024069,2.33092,0.0876048862,-0.3282657826,0.1758717204
5.970422,-0.322477,-7.989473,0.462349,0.0918617868,-0.3921192918,0.1694863695
5.97147,1.678191,-3.662885,-3.800779,-0.0028542519,-0.1931091881,0.0375224505
5.972519,1.541291,0.642154,-0.704908,-0.1092767672,0.1570208875,-0.1231755477
5.973536,-0.452172,-0.370656,1.639212,-0.1507815482,0.3092050844,-0.2232127122
5.974586,-1.187111,-10.374244,-0.068441,-0.142267747,0.1900118672,-0.2242769373
5.975634,-1.227941,-20.499944,1.747292,-0.0837353635,-0.0164478126,-0.1125332962
5.976683,-1.095844,-15.122237,2.145984,0.0748341844,-0.3091097298,0.1556514425
5.9777,-1.067023,-8.662285,1.425455,0.092926012,-0.3506145108,0.1386238401
5.978751,1.015305,-2.994862,-4.33397,-0.0017900267,-0.1452190562,0.0087883713
5.979798,1.488452,0.412296,-1.776094,-0.1199190188,0.2410946746,-0.1433958257
5.980846,-0.536233,-1.747406,1.216502,-0.1656807004,0.4369121029,-0.2232127122
5.981866,-1.489733,-9.921712,-0.664078,-0.1486530979,0.3177188857,-0.2136346858
5.982912,-1.251959,-17.918837,0.906675,-0.0837353635,0.0814609015,-0.1157259717
5.983961,-0.91331,-19.927695,0.993138,0.0003384236,-0.1313841292,0.0279444241
5.98501,-1.350431,-16.642649,2.354937,0.079091085,-0.3144308556,0.1343669395
5.986059,-1.787551,-9.718193,2.607122,0.1131462899,-0.4410736489,0.1364953898
5.987076,0.268357,-1.665998,-2.465399,0.0429074297,-0.3506145108,0.0247517486
5.988126,2.35789,0.955814,-2.825664,-0.0741573372,0.0101578162,-0.1093406207
5.989173,1.032117,-3.820912,-1.014735,-0.1592953494,0.3602878918,-0.17319413
5.990222,-0.958944,-11.070999,0.056451,-0.1741945016,0.4049853483,-0.1540380772
5.991242,-0.829248,-16.48941,2.021092,-0.1071483169,0.2102321451,-0.0731569655
5.992288,-0.649116,-18.943618,1.88179,-0.0049827022,-0.0079340114,0.020494848
5.993337,-2.171833,-17.873344,2.859307,0.0673846083,-0.2239717176,0.0737061057
5.994386,-2.844327,-9.382984,3.301232,0.0673846083,-0.4283029471,0.0513573775
5.995403,-0.752392,0.912715,0.24619,0.0258798273,-0.4517159004,-0.0422944361
5.996451,1.911162,-0.009109,-2.417364,-0.0283956555,-0.1654393341,-0.1210470974
5.997502,2.19457,-7.477082,-4.050562,-0.1263043697,0.285792131,-0.1284966735
5.998549,0.232331,-11.782121,-1.413427,-0.1890936538,0.4922518109,-0.0955056937
5.999598,-0.87248,-14.997731,2.674372,-0.1263043697,0.3017555083,-0.0508082373
6.000617,-0.932524,-17.255602,1.314974,-0.0369094568,0.0133504917,-0.0061107808
6.001663,-1.816373,-15.744768,2.251662,0.0131091254,-0.213329466,0.0226232983
6.002712,-1.249557,-1.680364,0.918684,0.0556781316,-0.4878995557,-0.0454871115
6.003761,1.413997,-0.859103,-1.081984,0.0141733506,-0.2974032532,-0.0933772434
6.004778,3.112043,-6.449907,-5.621315,-0.0911849396,0.1580851126,-0.097634144
6.005827,1.188232,-13.156477,-3.176321,-0.1763229519,0.5039582875,-0.0742211907
6.006877,-1.427287,-16.479833,3.505381,-0.1273685948,0.3943430967,-0.0327164097
6.007924,-1.660258,-14.382384,0.73615,-0.0571297347,0.0761397758,-0.0093034563
6.008941,-1.641044,-11.875501,2.268474,-0.0198818543,-0.157989758,-0.0082392311
6.009992,-2.205458,-9.864248,4.819145,0.0354578537,-0.3176235311,-0.0146245821
6.011039,-1.888425,-5.571181,1.206895,0.0546139064,-0.4016973182,-0.0433586612
6.012088,0.443686,-3.136128,0.054049,0.0354578537,-0.3357153587,-0.0742211907
6.013136,3.10724,-6.085966,-5.131355,-0.0390379071,-0.0132551371,-0.0848634422
6.014153,1.947189,-12.567467,-4.910393,-0.1486530979,0.3794439446,-0.0774138661
6.015202,-1.309601,-15.620262,2.979396,-0.1433319721,0.4134991495,-0.0433586612
6.016252,-2.00371,-11.964092,1.24052,-0.0762857875,0.1442501856,-0.0167530324
6.0173,-1.556982,-10.424525,1.913013,-0.0294598807,-0.0962646991,-0.0124961318
6.021463,2.859858,-9.56256,-4.711047,-0.0028542519,-0.0771086464,-0.0720927404
6.02248,2.417934,-10.821987,-6.409093,-0.1082125421,0.3315538127,-0.0848634422
6.023529,-0.778811,-10.934522,1.975459,-0.12843282,0.4550039305,-0.076349641
6.020414,0.364427,-6.179345,0.419117,0.0354578537,-0.3293300078,-0.0582578134
6.025627,-1.672267,-10.721425,2.016289,0.0024668739,0.0186716175,-0.0242026084
6.026675,-1.886024,-10.786072,4.338793,0.0365220788,-0.1590539832,-0.0050465557
6.024578,-2.068558,-10.280864,2.561489,-0.0518086089,0.2432231249,-0.048679787
6.028744,0.025779,-9.105239,0.238985,0.0067237745,-0.4197891458,-0.0305879594
6.02979,2.57645,-9.94805,-5.967168,-0.0858638138,0.2123605954,-0.0646431643
6.027692,-1.813971,-7.83384,1.182877,0.0258798273,-0.3314584581,-0.0114319066
6.018317,-1.849997,-10.716636,4.487702,0.0290725027,-0.2495131212,-0.0093034563
6.030839,-0.853266,-7.383703,2.153189,-0.1082125421,0.3996642225,-0.0795423164
6.033954,-2.020522,-12.057471,4.249928,0.0322651782,-0.0728517457,-0.0103676814
6.031856,-2.277511,-7.659053,3.438132,-0.0496801586,0.2559938267,-0.0667716146
6.036019,-0.103916,-11.30804,0.395099,-0.017753404,-0.4080826691,-0.0188814827
6.032905,-1.818774,-10.374244,1.90821,0.0014026488,0.0835893518,-0.0412302109
6.019368,-1.528161,-6.835397,0.911478,0.0429074297,-0.3410364845,-0.0284595091
6.039166,-0.54584,-3.945418,0.923487,-0.0996987408,0.3145262102,-0.0806065416
6.040182,-2.400001,-5.128226,3.166733,-0.0645793108,0.2474800255,-0.0752854158
6.038119,2.417934,-9.019043,-6.082453,-0.0645793108,0.0654975242,-0.0550651379
6.037068,2.03125,-15.059984,-2.864092,-0.017753404,-0.3144308556,-0.0316521845
6.035002,-1.607419,-9.081296,1.461482,0.0109806751,-0.2569626973,-0.0018538802
6.041231,-1.59541,-8.492286,1.401438,-0.0273314304,0.0974242788,-0.0518724624
6.04228,-1.155888,-12.471693,3.478962,0.0014026488,-0.0324111899,-0.0199457078
6.043329,-0.992568,-13.300138,1.720872,0.0035310991,-0.1654393341,0.006659921
6.044377,-0.406538,-14.882802,0.301431,-0.003918477,-0.3016601538,0.0055956959
6.045395,0.948056,-14.667311,-2.407757,0.0088522248,-0.2984674783,-0.021009933
6.046443,1.800681,-7.161028,-5.693368,-0.0347810065,-0.0419892163,-0.0667716146
6.047494,-0.293655,-2.15684,-0.030012,-0.0911849396,0.2059752445,-0.104019495
6.048541,-2.270306,-3.160072,2.751228,-0.0784142378,0.2166174961,-0.104019495
6.049558,-1.727507,-7.24483,1.216502,-0.0475517083,0.1016811795,-0.0816707667
6.050607,-1.057416,-12.586622,3.029833,-0.0188176292,-0.0207047132,-0.0327164097
6.051656,-0.596277,-15.775895,2.047512,0.0045953242,-0.1409621556,0.0332655499
6.052704,0.004163,-18.10799,0.527196,0.0258798273,-0.2665407237,0.0588069535
6.053721,0.921636,-15.538854,-2.078716,0.0439716549,-0.3005959286,0.0194306229
6.05477,1.951992,-5.971037,-4.653405,-0.0081753776,-0.0877508979,-0.0593220385
6.055819,-2.347162,-1.615717,3.017824,-0.0901207145,0.3230400114,-0.139138925
6.05687,-2.440831,-7.261591,1.600784,-0.0645793108,0.2134248206,-0.1135975214
6.057916,-1.532965,-12.038316,2.282885,-0.0337167813,0.0474056966,-0.0561293631
6.058933,-0.788418,-15.040829,1.795327,-0.0166891789,-0.1409621556,0.020494848
6.059982,-0.113523,-19.774457,1.069995,0.0014026488,-0.3208162065,0.0768987812
6.061031,0.556568,-17.961935,-0.311019,0.0407789794,-0.3772201397,0.0779630063
6.06208,1.791074,-6.663004,-3.930474,0.0205587015,-0.1920449629,0.0034672456
6.063097,1.058537,1.046799,-1.562337,-0.0635150856,0.1378648347,-0.1029552698
6.064145,-1.480126,0.117792,2.580703,-0.1082125421,0.299627058,-0.166808779
6.065194,-2.034933,-5.918361,1.497508,-0.0890564893,0.2123605954,-0.1700014545
6.066245,-1.432091,-12.876338,1.593579,-0.0507443838,0.043148796,-0.1157259717
6.06726,-0.812436,-17.234053,1.953843,-0.0220103046,-0.1345768047,-0.0103676814
6.068309,0.047395,-19.259672,0.738551,0.0120449003,-0.3080455047,0.0832841321
6.069358,0.582988,-16.657015,-0.582418,0.0524854561,-0.3825412655,0.1045686351
6.070406,1.586924,-8.082852,-4.000125,0.0343936285,-0.2069441151,0.0417793511
6.071455,1.111375,0.575112,-2.506229,-0.0550012844,0.139993285,-0.0699642901
6.072472,-1.283181,1.705245,2.626337,-0.1103409924,0.3123977599,-0.1582949778
6.073521,-2.013317,-5.192874,1.790523,-0.0837353635,0.2251312973,-0.1785152557
6.07457,-1.496938,-12.747044,0.772176,-0.0443590329,0.0559194979,-0.125303998
6.075621,-0.918114,-17.820668,1.519124,-0.0166891789,-0.1335125795,-0.0156888072
6.076636,-0.142344,-20.45924,0.889862,0.0290725027,-0.3091097298,0.0928621585
6.077684,0.035386,-17.030533,0.69532,0.0833479856,-0.3772201397,0.1301100388
6.078733,0.623818,-7.869755,-2.847279,0.0631277077,-0.2154579163,0.0630638542
6.079782,0.80395,0.512859,-3.245972,-0.0613866353,0.1410575101,-0.0678358397
6.080799,-0.915712,1.803413,2.736818,-0.1497173231,0.38263662,-0.1689372293
6.081848,-1.871613,-4.096262,2.294893,-0.1241759194,0.34751719,-0.1955428582
6.082897,-0.737981,-18.735309,1.756899,-0.0401021322,-0.0366680905,-0.0401659857
6.083945,-0.096711,-20.578958,1.156458,0.0205587015,-0.2484488961,0.0854125824
6.084997,-0.211995,-16.484622,1.370215,0.079091085,-0.3910550667,0.1386238401
6.086011,0.366829,-8.578483,-1.228492,0.079091085,-0.3452933851,0.0843483572
6.08706,1.519675,-1.285297,-3.57021,-0.0007258016,-0.0387965408,-0.0433586612
6.088109,0.145867,1.370036,0.659293,-0.0901207145,0.292177482,-0.1625518784
6.089157,-1.475322,-2.367542,1.692051,-0.1156621181,0.3570952163,-0.2157631361
6.090174,-1.283181,-10.865086,0.644883,-0.0901207145,0.2006541188,-0.187029057
6.091223,-0.906105,-18.608409,1.276546,-0.045423258,-0.0132551371,-0.0752854158
6.092272,-0.54584,-20.219806,1.029165,0.0109806751,-0.2154579163,0.0683849799
6.093321,-0.829248,-16.285891,2.407776,0.0748341844,-0.3740274642,0.1609725683
6.094338,-0.063086,-10.134809,-0.282197,0.086540661,-0.37934859,0.1396880652
6.095386,2.014438,-2.568668,-4.225891,-0.0209460795,-0.1047785003,0.0034672456
6.096435,1.029716,1.947074,0.282217,-0.1390750715,0.2623791777,-0.1497811766
6.097484,-1.1727,-1.625294,2.503847,-0.1497173231,0.3847650703,-0.2200200367
6.098502,-1.352833,-10.709453,-0.099664,-0.1135336678,0.2538653764,-0.1955428582
6.09955,-1.179906,-18.627564,1.057986,-0.0635150856,0.0335707696,-0.0891203428
6.100599,-0.898899,-20.080933,1.317376,0.00991645,-0.178210036,0.0545500529
6.101648,-1.177504,-16.494199,2.023494,0.0844122107,-0.3410364845,0.1503303168
6.102696,-0.853266,-10.400582,1.024361,0.1046324887,-0.3889266164,0.1386238401
6.103713,1.474042,-2.1736,-3.990518,0.0120449003,-0.178210036,0.0098525965
6.104762,1.493256,1.973412,-0.985914,-0.1018271912,0.1974614433,-0.1402031502
6.10686,-1.23995,-10.735791,-0.474338,-0.1220474691,0.3028197335,-0.1827721563
6.105811,-0.675536,-2.367542,1.848166,-0.1390750715,0.3954073219,-0.2061851097
6.109974,-1.405671,-9.845093,2.374151,0.0982471377,-0.4059542188,0.1215962376
6.111023,0.693469,-0.792061,-3.339641,0.0248156021,-0.2676049489,0.0119810468
6.107878,-0.949336,-17.425601,0.933094,-0.0699004365,0.0772040009,-0.0912487931
6.108925,-1.249557,-17.77757,2.42699,0.0695130586,-0.3123024053,0.1237246879
6.11204,1.901555,1.753132,-2.088323,-0.0933133899,0.1027454046,-0.1189186471
6.113089,0.251545,-3.322887,0.171736,-0.1624880249,0.38263662,-0.1795794809
6.114137,-1.086237,-11.624094,-0.296608,-0.1571668991,0.3496456403,-0.1561665275
6.115186,-0.836454,-18.072075,1.927424,-0.0794784629,0.1325437089,-0.0699642901
6.116235,-0.701955,-19.678683,1.365411,0.00991645,-0.0781728715,0.0332655499
6.117253,-1.537768,-16.508565,2.097949,0.0695130586,-0.2782472004,0.0960548339
6.118301,-1.94847,-8.614398,2.79446,0.0982471377,-0.4474589998,0.0705134302
6.119349,-0.303262,-0.181502,-1.420633,0.0524854561,-0.3985046428,-0.0305879594
6.120398,1.903957,0.757083,-2.530247,-0.0475517083,-0.0590168187,-0.1167901968
6.121415,1.596531,-4.958227,-2.57588,-0.1433319721,0.3443245145,-0.1380746999
6.122464,-0.423351,-12.306483,-1.00753,-0.1741945016,0.4677746323,-0.1072121704
6.123513,-1.124665,-18.191792,2.703193,-0.0922491648,0.2602507274,-0.0391017606
6.124562,-0.906105,-17.954752,1.166065,0.0035310991,-0.0058055611,0.0215590732
6.125578,-1.713097,-14.698438,1.913013,0.0482285555,-0.227164393,0.0375224505
6.126628,-2.500875,-10.357484,3.822414,0.079091085,-0.4112753446,0.0119810468
6.127676,-1.093442,-1.977263,0.366278,0.0748341844,-0.4219175961,-0.0508082373
6.128725,1.687798,1.468204,-2.856887,0.0141733506,-0.1611824335,-0.1104048459
6.129773,2.434746,-5.133015,-5.059302,-0.1039556415,0.271957204,-0.1221113226
6.130791,0.429275,-12.907465,-1.564738,-0.1720660513,0.5156647642,-0.0816707667
6.131839,-1.052612,-16.628283,3.125903,-0.0943776151,0.3560309912,-0.0178172575
6.132888,-1.232744,-16.850957,1.288555,-0.0049827022,0.0601763985,0.0268801989
6.133937,-1.924452,-14.310553,2.657559,0.0312009531,-0.1835311617,0.0385866756
6.134954,-1.556982,-2.980496,1.514321,0.0535496813,-0.483642655,-0.0593220385
6.136003,0.924038,-1.948531,-0.577614,0.0216229267,-0.3282657826,-0.1082763956
6.137052,2.917501,-6.818636,-5.270657,-0.0667077611,0.0942316034,-0.1008268195
6.1381,1.598933,-12.260991,-3.728726,-0.1614237998,0.4826737845,-0.0614504888
6.13912,-0.85807,-14.765479,2.820879,-0.1231116942,0.4422332286,-0.0103676814
6.141215,-1.818774,-13.702389,2.22284,-0.0007258016,-0.1324483543,0.0098525965
6.142263,-2.294323,-11.185928,4.52613,0.0258798273,-0.3261373323,-0.0114319066
6.143312,-1.626633,-4.474569,1.600784,0.0312009531,-0.4368167483,-0.0571935882
6.144329,0.50373,-3.023594,0.015621,0.0343936285,-0.3750916894,-0.0933772434
6.145378,2.972741,-7.536941,-4.780698,-0.0145607286,-0.0430534414,-0.0806065416
6.140166,-1.480126,-13.960978,1.490303,-0.0401021322,0.1325437089,0.0162379474
6.146427,2.336274,-11.980852,-5.186596,-0.1199190188,0.3815723949,-0.0508082373
6.147476,-0.802829,-13.795768,2.237251,-0.1209832439,0.4667104072,-0.0188814827
6.148495,-1.977291,-11.650432,1.521526,-0.059258185,0.2155532709,-0.0029181054
6.149542,-1.787551,-10.872269,1.78572,-0.0145607286,-0.0451818917,-0.0082392311
6.150591,-2.049344,-10.704664,4.43006,0.0322651782,-0.2314212936,-0.0114319066
6.151639,-1.696285,-6.888072,1.439866,0.0280082776,-0.3697705636,-0.0273952839
6.152656,0.270759,-7.479477,0.760167,0.0152375758,-0.4016973182,-0.0497440121
6.153705,2.987152,-11.63846,-4.487683,-0.0103038279,-0.1462832813,-0.0550651379
6.154753,2.583656,-10.754945,-6.71892,-0.100762966,0.3049481838,-0.0603862637
6.155803,-0.680339,-7.994262,1.711265,-0.1167263433,0.4677746323,-0.0593220385
6.156852,-2.020522,-7.963135,2.667166,-0.0422305825,0.285792131,-0.0476155618
6.157871,-1.801962,-11.121281,2.547078,0.0163018009,0.0835893518,-0.0252668336
6.158918,-2.073361,-12.28254,4.374819,0.0418432046,-0.0920077985,-0.0007896551
6.159967,-1.845194,-9.040592,0.885059,0.0173660261,-0.2878252268,-0.0050465557
6.161015,2.052866,-12.632115,-2.921734,0.0035310991,-0.3229446568,-0.0273952839
6.162032,2.547629,-9.229745,-6.589225,-0.0635150856,0.0835893518,-0.048679787
6.163081,-0.480993,-6.698919,1.365411,-0.0943776151,0.3390033887,-0.0699642901
6.16413,-2.219869,-6.844974,3.05385,-0.0550012844,0.2634434028,-0.0689000649
6.165178,-1.424885,-8.025388,1.40384,-0.0241387549,0.1176445568,-0.0571935882
6.166196,-1.333618,-10.70227,3.755165,0.0131091254,0.0027082402,-0.0295237342
6.167246,-1.355234,-11.983246,1.754497,0.0226871518,-0.1398979304,0.0119810468
6.168293,-0.567456,-14.420693,0.738551,0.0035310991,-0.3069812795,0.0300728744
6.169342,1.277097,-15.450263,-2.489417,-0.0007258016,-0.310173955,0.0109168216
6.170359,2.405925,-8.305527,-6.068043,-0.0475517083,-0.0196404881,-0.0422944361
6.171408,-0.029462,-1.93656,0.219771,-0.0954418402,0.2453515752,-0.0923130183
6.172457,-2.241485,-3.128945,3.111492,-0.0720288868,0.2389662243,-0.0955056937
6.173506,-1.556982,-7.94398,1.473491,-0.0358452316,0.1282868083,-0.062514714
6.174554,-0.915712,-12.55789,3.318044,-0.0060469273,0.0261211936,-0.0093034563
6.175571,-0.646714,-14.736747,1.701658,0.0120449003,-0.0973289243,0.0439078014
6.176622,-0.178371,-17.035322,-0.092458,0.0194944764,-0.2356781942,0.0513573775
6.177668,0.691067,-15.953076,-2.330901,0.0333294034,-0.2601553728,0.0109168216
6.178717,1.632558,-6.753989,-5.092927,-0.0092396028,-0.039860766,-0.0571935882
6.179735,-0.10872,0.146524,-0.030012,-0.0741573372,0.2283239727,-0.1146617465
6.180783,-2.572928,-1.824025,3.284419,-0.0762857875,0.2762141047,-0.1221113226
6.181832,-2.431224,-7.678208,1.668033,-0.0507443838,0.1591493378,-0.0869918925
6.182881,-1.568991,-12.040711,2.503847,-0.0305241059,0.0090935911,-0.0273952839
6.183898,-0.786017,-14.660128,2.321313,-0.0166891789,-0.1569255329,0.0428435762
6.184946,0.035386,-19.005871,1.175672,0.0003384236,-0.3176235311,0.0832841321
6.185997,0.688665,-18.263623,-1.139627,0.0269440524,-0.3697705636,0.0630638542
6.187044,0.948056,1.681301,-1.302946,-0.0720288868,0.1453144108,-0.1061479453
6.188093,-1.874015,0.273424,2.537471,-0.0975702905,0.2900490317,-0.1561665275
6.18911,-2.416813,-6.890467,1.619998,-0.073093112,0.195332993,-0.1444600508
6.190159,-1.535366,-12.66803,1.37742,-0.0401021322,0.0239927432,-0.0795423164
6.191207,-0.742785,-15.706458,1.742488,-0.0230745298,-0.1633108838,0.0173021725
6.192256,0.109841,-19.159109,0.637677,-0.003918477,-0.3431649348,0.0971190591
6.193273,0.948056,-18.32827,-0.788969,0.0365220788,-0.3867981661,0.1141466615
6.194322,2.0985,-8.669468,-3.719119,0.0248156021,-0.1516044071,0.0534858278
6.195373,1.17142,1.312572,-2.155572,-0.0656435359,0.223002847,-0.0582578134
6.196419,-1.480126,2.167354,2.940967,-0.1231116942,0.38263662,-0.1476527263
6.197437,-2.046942,-4.970199,2.00428,-0.1018271912,0.278342555,-0.1678730042
6.198485,-1.506545,-12.823663,0.784185,-0.0677719862,0.0952958285,-0.1167901968
6.199534,-1.047809,-18.21813,2.042708,-0.0369094568,-0.1111638513,-0.0029181054
6.200583,-0.315271,-20.655577,1.170869,0.0194944764,-0.3091097298,0.1077613106
6.201632,-0.04147,-16.95152,0.493572,0.0737699592,-0.4038257685,0.1386238401
6.202649,0.849583,-7.963135,-2.43898,0.0599350322,-0.268669174,0.0694492051
6.203698,0.936047,0.074693,-2.532649,-0.0358452316,0.0676259745,-0.0561293631
6.204748,-1.112656,2.009327,2.544677,-0.1241759194,0.3038839587,-0.1625518784
6.205795,-1.905238,-3.349225,1.80013,-0.12843282,0.2730214292,-0.2029924343
6.206812,-1.360038,-12.462116,0.519991,-0.0933133899,0.1016811795,-0.1625518784
6.207861,-0.846061,-19.405727,1.550347,-0.059258185,-0.1058427255,-0.0391017606
6.20891,0.04019,-20.169524,0.73615,-0.0081753776,-0.3027243789,0.10350441
6.209959,0.131456,-15.708853,1.216502,0.051421231,-0.4134037949,0.172679045
6.210976,0.748709,-9.45242,-2.107537,0.0556781316,-0.3005959286,0.1290458137
6.212024,1.572514,-2.137685,-4.300346,-0.0496801586,0.0633690739,-0.0093034563
6.213074,-0.175969,2.804251,1.40384,-0.1529099985,0.3570952163,-0.1540380772
6.214125,-1.273574,-12.249019,0.094879,-0.0858638138,0.1974614433,-0.194478633
6.215171,-1.093442,-20.253326,1.32218,-0.0326525562,0.001644015,-0.0635789391
6.216188,-0.502609,-20.061779,0.69532,0.0312009531,-0.2090725654,0.0949906088
6.217237,-0.57226,-15.704064,1.737685,0.0971829126,-0.3633852127,0.1875781971
6.218286,0.085823,-9.861853,-0.697702,0.106760939,-0.3346511335,0.1631010186
6.219334,1.995224,-1.967686,-5.4652,-0.0220103046,-0.0143193623,0.0194306229
6.220351,0.876003,2.449887,0.195753,-0.169937601,0.3581594415,-0.1412673753
6.2214,-1.278378,-1.534309,3.185947,-0.1816440777,0.4454259041,-0.20831356
6.222449,-1.32161,-10.965648,0.058853,-0.1252401445,0.2953701574,-0.1817079312
6.2235,-1.057416,-19.819949,1.466285,-0.0613866353,0.0878462525,-0.0689000649
6.224515,-0.786017,-21.632471,1.708863,0.0226871518,-0.1186134273,0.0854125824
6.225564,-1.21353,-16.216455,2.333322,0.1035682635,-0.3048528292,0.1790643959
6.226612,-1.247155,-8.798763,0.966719,0.114210515,-0.3953119673,0.1460734161
6.227661,0.866396,-1.958109,-3.519773,0.0141733506,-0.2239717176,0.0098525965
6.228678,1.490854,1.674118,-0.906656,-0.1039556415,0.1570208875,-0.131689349
6.229727,-0.348896,-1.845574,0.837024,-0.1603595746,0.3922146464,-0.1966070833
6.230776,-1.367243,-10.699875,0.214967,-0.1592953494,0.3092050844,-0.17319413
6.231825,-1.086237,-18.175032,1.665632,-0.0986345157,0.0814609015,-0.0710285152
6.232876,-0.634706,-20.298819,0.942701,-0.0188176292,-0.1239345531,0.0641280793
6.233891,-1.256762,-17.442361,2.921753,0.0578065819,-0.3005959286,0.1556514425
6.234939,-1.749123,-9.845093,2.347732,0.0854764359,-0.4123395698,0.1428807407
6.235988,0.251545,-0.679527,-2.64313,0.0056595494,-0.3080455047,0.0226232983
6.237037,1.942385,1.932708,-1.814522,-0.100762966,0.0325065445,-0.1093406207
6.238054,0.703076,-3.322887,-0.791371,-0.1667449255,0.3358107133,-0.166808779
6.239103,-0.922917,-11.509165,-0.58482,-0.1805798525,0.3421960642,-0.1444600508
6.240152,-0.478591,-19.705021,0.945103,-0.0220103046,-0.0994573746,0.0556142781
6.241201,-1.247155,-17.035322,2.064324,0.0556781316,-0.2761187501,0.1205320125
6.242217,-1.816373,-9.435659,2.479829,0.079091085,-0.4059542188,0.0971190591
6.243266,-0.075095,-0.320374,-1.475873,0.0258798273,-0.3229446568,-0.0050465557
6.244315,1.800681,1.441866,-2.102733,-0.0528728341,0.0197358426,-0.1008268195
6.245364,1.092161,-4.848087,-2.085921,-0.1294970451,0.3656090176,-0.1295608987
6.246412,-0.620295,-11.973669,-0.824996,-0.1592953494,0.4177560501,-0.1008268195
6.24743,-0.855668,-16.635466,1.732881,-0.0975702905,0.1932045427,-0.0327164097
6.248478,-0.641911,-18.43841,1.312573,-0.0081753776,-0.0579525936,0.0407151259
6.249527,-1.713097,-16.73124,2.489436,0.0471643304,-0.2580269225,0.0779630063
6.250576,-2.267904,-9.907346,2.95778,0.0599350322,-0.4165964704,0.0534858278
6.251593,-0.468984,-0.636428,0.056451,0.0343936285,-0.3836054906,-0.0252668336
6.252641,1.983215,1.185671,-2.731995,-0.0337167813,-0.0600810439,-0.0933772434
6.25369,1.841511,-6.028501,-3.880037,-0.1433319721,0.3624163421,-0.104019495
6.254739,-0.291254,-13.180421,-0.373464,-0.1827083028,0.5156647642,-0.0614504888
6.255757,-0.925319,-16.10392,2.350134,-0.0975702905,0.3123977599,-0.0029181054
6.256805,-0.853266,-16.403214,0.743355,-0.0134965034,0.0282496439,0.0332655499
6.257854,-1.917247,-14.933084,2.578301,0.023751377,-0.199494539,0.0428435762
6.258903,-2.349564,-9.246506,4.040974,0.0535496813,-0.3878623912,0.0236875235
6.259951,-1.170299,-1.819236,1.218904,0.0524854561,-0.4421378741,-0.0327164097
6.260968,1.248276,-1.668392,-1.624783,0.0163018009,-0.254834247,-0.0742211907
6.262017,2.951125,-7.443561,-5.513235,-0.0805426881,0.1804338408,-0.0699642901
6.263066,1.231464,-12.732677,-3.017805,-0.1688733758,0.5294996912,-0.0433586612
6.264115,-1.343225,-15.421531,3.061055,-0.12843282,0.4464901292,-0.0135603569
6.265132,-1.701088,-14.652945,1.139646,-0.0539370592,0.1389290598,0.0034672456
6.266181,-1.773141,-12.780564,2.50865,-0.0113680531,-0.1122280764,0.0077241462
6.267229,-1.823578,-4.223162,1.591177,0.0429074297,-0.4165964704,-0.0188814827
6.268279,0.542158,-3.473731,0.431126,0.0354578537,-0.3623209875,-0.0476155618
6.269295,3.36663,-7.819474,-5.253845,-0.0326525562,-0.0324111899,-0.0529366876
6.270344,2.499594,-12.517186,-5.285068,-0.1539742237,0.4028568979,-0.0433586612
6.271393,-1.055014,-14.454214,2.7128,-0.1571668991,0.4730957581,-0.0156888072
6.272442,-2.188646,-12.237047,1.749693,-0.0826711384,0.1985256684,0.006659921
6.273491,-1.773141,-10.434103,2.009084,-0.0390379071,-0.0579525936,0.0087883713
6.274508,-2.04454,-9.57932,4.374819,0.00991645,-0.2303570685,0.0109168216
6.275556,-1.874015,-6.526526,1.331787,0.023751377,-0.3538071863,-0.0039823305
6.276605,-0.055881,-7.941586,0.459947,0.0248156021,-0.3729632391,-0.0231383833
6.277654,2.826234,-10.951282,-4.204275,0.0045953242,-0.1313841292,-0.0273952839
6.278671,2.638896,-9.584109,-6.449923,-0.0879922642,0.2911132568,-0.0476155618
6.279719,-0.915712,-9.976782,1.833755,-0.1114052175,0.4337194274,-0.0550651379
6.280768,-2.325546,-10.33354,3.125903,-0.0464874832,0.2496084758,-0.0295237342
6.281817,-1.753927,-9.974388,1.619998,0.0014026488,0.0505983721,-0.0050465557
6.282834,-2.001308,-10.328751,3.964118,0.0248156021,-0.1281914537,0.0141094971
6.283883,-1.794757,-8.722144,1.567159,0.0056595494,-0.3059170544,0.0194306229
6.284931,0.097832,-10.917761,0.140513,-0.0145607286,-0.3921192918,0.0087883713
6.285981,2.605272,-13.130139,-3.77436,-0.0326525562,-0.2058798899,-0.0093034563
6.287029,2.326667,-8.580877,-5.895116,-0.100762966,0.1932045427,-0.048679787
6.288046,-0.786017,-5.518505,1.790523,-0.1177905685,0.3677374679,-0.0731569655
6.289095,-2.193449,-7.005396,3.116296,-0.059258185,0.2432231249,-0.0540009127
6.290144,-1.609821,-10.637622,2.141181,-0.0092396028,0.0910389279,-0.0146245821
6.291193,-1.422484,-12.529158,3.678308,0.0226871518,-0.0483745672,0.0236875235
6.29221,-1.103049,-10.094105,0.61366,0.0120449003,-0.227164393,0.0300728744
6.293258,1.658977,-15.289842,-2.859288,-0.0092396028,-0.3154950808,-0.0082392311
6.294307,2.122517,-8.621581,-5.501227,-0.0624508605,0.0463414715,-0.0412302109
6.296375,-2.133405,-4.08429,2.962583,-0.059258185,0.2655718531,-0.0699642901
6.295356,-0.341691,-2.688385,0.916282,-0.0954418402,0.306012409,-0.0742211907
6.297422,-1.576196,-8.434822,1.860174,-0.0220103046,0.1336079341,-0.0380375354
6.29847,-1.165495,-12.450144,3.42132,0.0077879997,0.0101578162,0.0077241462
6.299519,-0.800427,-13.333659,1.934629,0.0131091254,-0.136705255,0.0524216026
6.300536,-0.161558,-15.787866,0.404707,0.0003384236,-0.3027243789,0.0566785032
6.301585,1.053733,-16.776732,-2.566273,0.0003384236,-0.3197519814,0.0247517486
6.302633,1.992822,-7.61356,-5.032883,-0.0411663574,-0.0590168187,-0.0305879594
6.303682,0.037788,0.826519,0.414314,-0.0879922642,0.2027825691,-0.090184568
6.304731,-2.246288,-1.47445,3.041841,-0.0762857875,0.2304524231,-0.1018910447
6.30575,-2.157423,-8.614398,1.475892,-0.0379736819,0.1442501856,-0.0593220385
6.306797,-1.393662,-12.907465,2.544677,-0.0017900267,0.0271854187,0.0130452719
6.307845,-0.437761,-15.043224,1.387027,0.0120449003,-0.1249987783,0.0811556818
6.309911,1.015305,-16.822225,-2.458194,0.0343936285,-0.2835683262,0.0566785032
6.31096,1.707012,-7.077226,-4.754279,-0.0071111525,-0.0547599181,-0.0327164097
6.312009,0.097832,0.539197,0.078067,-0.0656435359,0.2442873501,-0.111469071
6.308894,0.366829,-18.428833,0.087674,0.0216229267,-0.2697333992,0.0992475094
6.313058,-2.438429,-0.516711,2.976994,-0.0720288868,0.3358107133,-0.1348820244
6.314075,-2.632972,-6.612722,1.442268,-0.0486159335,0.2336450985,-0.1104048459
6.315126,-1.857203,-12.009584,2.064324,-0.0283956555,0.0580479482,-0.0454871115
6.316173,-1.043005,-15.49815,2.047512,-0.0166891789,-0.1537328574,0.0492289272
6.317221,0.037788,-19.197419,1.276546,0.0077879997,-0.3346511335,0.1215962376
6.31827,0.904824,-18.230102,-0.654471,0.0461001052,-0.3729632391,0.1269173634
6.319287,0.616612,0.857645,-1.257313,-0.059258185,0.1410575101,-0.0657073894
6.320335,-1.902836,1.3006,2.952976,-0.1028914163,0.2666360783,-0.1508454017
6.321384,-2.183842,-5.197662,1.624802,-0.0826711384,0.1740484899,-0.1636161036
6.322433,-1.513751,-12.43099,1.278948,-0.0443590329,0.0229285181,-0.1018910447
6.32345,-0.901301,-16.867717,1.831353,-0.0198818543,-0.1494759568,0.0130452719
6.324501,-0.00064,-19.590092,1.098816,0.0109806751,-0.3123024053,0.1247889131
6.325548,0.84478,-17.178983,0.289422,0.0620634825,-0.3601925372,0.1662936941
6.326596,1.889546,-8.702989,-3.647066,0.0418432046,-0.1696962347,0.10350441
6.327613,0.96727,-1.409803,-2.772825,-0.0762857875,0.1740484899,-0.0242026084
6.328662,-1.355234,1.121024,2.89053,-0.1529099985,0.34751719,-0.1327535741
6.329711,-1.657856,-2.676413,1.644016,-0.1305612703,0.271957204,-0.1795794809
6.33076,-1.211129,-11.6217,0.568026,-0.0826711384,0.1112592058,-0.145524276
6.331809,-0.992568,-18.625169,1.761702,-0.0326525562,-0.0792370967,-0.0231383833
6.332826,-0.346494,-19.956427,0.673704,0.0343936285,-0.2814398759,0.1152108867
6.333877,-0.087104,-16.26913,1.223707,0.0993113629,-0.4027615434,0.1854497468
6.334924,0.873601,-9.224957,-1.939413,0.0993113629,-0.3037886041,0.1439449658
6.335972,1.409194,-2.226276,-4.079383,-0.0166891789,0.0271854187,0.0024030204
6.336989,-0.581867,1.142573,1.593579,-0.1412035218,0.2943059323,-0.1402031502
6.338038,-1.581,-1.507971,2.626337,-0.1443961973,0.299627058,-0.2061851097
6.339087,-1.129469,-10.300019,0.339859,-0.0933133899,0.1516997617,-0.1827721563
6.340136,-1.263967,-19.673894,1.324581,-0.045423258,-0.0526314678,-0.0614504888
6.341152,-0.795624,-21.397825,1.447071,0.0269440524,-0.2537700219,0.10350441
6.342201,-0.442565,-15.546037,1.893799,0.1035682635,-0.3814770403,0.2046057996
6.343252,0.458096,-8.717355,-1.372597,0.106760939,-0.3261373323,0.1769359456
6.344299,1.800681,-2.583034,-4.706243,-0.0081753776,-0.012190912,0.0353940002
6.345347,-1.319208,-1.651632,2.499043,-0.1529099985,0.3421960642,-0.1955428582
6.346365,-1.086237,-10.144387,-0.001191,-0.1050198666,0.1910760924,-0.180643706
6.347413,-1.153486,-19.149532,0.906675,-0.0475517083,-0.0036771108,-0.0689000649
6.348462,-0.925319,-21.546275,1.233314,0.0312009531,-0.1920449629,0.0928621585
6.349511,-0.810034,-16.161385,2.323714,0.1184674157,-0.3325226832,0.2024773493
6.350527,-0.031863,-8.719749,-0.519972,0.1269812169,-0.3272015575,0.1843855217
6.351576,2.007233,-2.324444,-4.965634,0.0035310991,-0.0441176666,0.0428435762
6.352628,1.101768,1.271868,0.282217,-0.1199190188,0.3251684617,-0.1135975214
6.353674,-1.086237,-1.431352,2.414981,-0.1443961973,0.4337194274,-0.1859648318
6.354691,-1.225539,-10.632834,-0.183725,-0.1114052175,0.292177482,-0.1689372293
6.35574,-0.939729,-19.283615,1.615195,-0.045423258,0.0889104776,-0.062514714
6.356789,-0.716366,-20.887829,1.242921,0.0333294034,-0.1122280764,0.0822199069
6.357837,-1.278378,-16.518143,2.441401,0.1056967138,-0.3027243789,0.1769359456
6.358855,-1.453707,-8.920874,1.780916,0.1227243163,-0.4048899937,0.1609725683
6.360952,1.755048,1.221586,-1.504694,-0.0922491648,0.126158358,-0.0944414686
6.362003,-0.142344,-2.326838,0.616062,-0.1571668991,0.3773154943,-0.159359203
6.359903,0.777531,-1.510365,-3.507764,0.0301367279,-0.2516415716,0.0385866756
6.36305,-1.36244,-10.642411,-0.171716,-0.1529099985,0.3081408593,-0.1444600508
6.364067,-1.047809,-18.143905,1.692051,-0.0847995887,0.084653577,-0.0497440121
6.365115,-0.733178,-20.317974,1.293359,0.0035310991,-0.1196776525,0.0790272315
6.366165,-1.393662,-17.190955,2.376553,0.0748341844,-0.3059170544,0.1609725683
6.367213,-1.777944,-9.143549,2.422187,0.0971829126,-0.4378809734,0.1418165155
6.36823,0.016172,-1.021918,-2.162777,0.037586304,-0.3431649348,0.0258159738
6.369279,1.788672,0.613422,-2.297276,-0.0581939599,0.0229285181,-0.0912487931
6.370328,0.825566,-3.825701,-1.288536,-0.1348181709,0.375187044,-0.1370104747
6.37138,-0.846061,-10.745368,-0.613641,-0.156102674,0.410306474,-0.1146617465
6.372394,-0.562653,-18.730521,1.341394,-0.0017900267,-0.0515672427,0.0609354038
6.373443,-1.669865,-17.372925,2.763237,0.0801553101,-0.2505773464,0.1215962376
6.374491,-2.375983,-10.479595,2.912146,0.0961186874,-0.4261744968,0.1003117345
6.37554,-0.557849,-0.804033,-0.303813,0.0524854561,-0.4314956225,0.0013387952
6.376589,2.028849,1.13539,-2.338106,-0.0103038279,-0.1388337053,-0.0859276674
6.377606,2.196972,-5.552026,-4.2379,-0.1092767672,0.3006912832,-0.1018910447
6.378655,0.081019,-12.191555,-1.204474,-0.1667449255,0.4986371618,-0.0657073894
6.379704,-1.009381,-15.507727,2.53507,-0.0965060654,0.3155904353,-0.007175006
6.380755,-0.946935,-16.915604,1.053182,-0.0049827022,0.0314423193,0.0439078014
6.38177,-1.859604,-16.283496,2.580703,0.0503570058,-0.1963018636,0.0715776554
6.382819,-2.363974,-9.833121,3.534203,0.0833479856,-0.3974404176,0.0534858278
6.38387,-1.083835,-0.957271,0.856238,0.072705734,-0.4772573041,-0.0167530324
6.384916,1.255481,-0.794455,-1.134823,0.0312009531,-0.3144308556,-0.076349641
6.385933,2.773395,-7.424407,-5.023276,-0.0603224102,0.1027454046,-0.0720927404
6.386982,1.248276,-12.895493,-3.193133,-0.1465246476,0.4592608311,-0.0337806348
6.38803,-1.07663,-15.524488,2.844897,-0.1050198666,0.4060495734,0.0151737222
6.389079,-1.446501,-14.291398,1.274144,-0.0230745298,0.1165803316,0.0439078014
6.39013,-1.674669,-12.462116,2.030699,0.0173660261,-0.1313841292,0.0417793511
6.391145,-2.239083,-10.141992,4.542943,0.0535496813,-0.3069812795,0.0258159738
6.392194,-1.765936,-4.831327,1.615195,0.065256158,-0.393183517,-0.0124961318
6.393245,0.484516,-3.318099,0.034835,0.0546139064,-0.3229446568,-0.0465513367
6.394292,3.071213,-7.742855,-4.857554,-0.0092396028,0.0122862666,-0.0433586612
6.395309,2.079286,-12.459722,-5.066508,-0.1156621181,0.4252056262,-0.0242026084
6.396358,-1.103049,-13.486897,2.650354,-0.1167263433,0.4688388575,0.0024030204
6.397406,-1.953273,-11.343955,1.660828,-0.0475517083,0.1985256684,0.020494848
6.398455,-2.210262,-10.948888,4.660629,0.0546139064,-0.2143936912,0.0322013247
6.399472,-1.967684,-6.399625,0.889862,0.0461001052,-0.3484860605,0.0055956959
6.400521,0.141064,-6.490611,0.745757,0.0333294034,-0.3687063385,-0.021009933
6.40157,2.951125,-10.024669,-3.805583,0.0045953242,-0.10265005,-0.0231383833
6.402621,2.456362,-11.128464,-6.007998,-0.100762966,0.3390033887,-0.0284595091
6.403668,-0.992568,-10.283259,2.244456,-0.1369466212,0.4752242084,-0.0284595091
6.404684,-2.179039,-8.949607,2.429392,-0.0688362114,0.2591865022,-0.0178172575
6.405733,-1.605018,-10.735791,1.893799,-0.0060469273,0.0271854187,-0.0007896551
6.406782,-2.010915,-11.904233,4.40364,0.037586304,-0.1611824335,0.0268801989
6.407831,-1.914845,-8.36778,1.197288,0.0280082776,-0.3495502857,0.0332655499
6.410946,2.768591,-9.82115,-6.675688,-0.0688362114,0.1431859605,-0.0273952839
6.409897,2.550031,-12.545918,-3.812788,0.0024668739,-0.2952748029,0.0034672456
6.411997,-0.432958,-6.131458,1.387027,-0.0996987408,0.3868935206,-0.0476155618
6.408848,-0.087104,-8.944818,0.553616,0.0109806751,-0.4602297017,0.0183663977
6.413012,-2.311136,-7.161028,3.399704,-0.0432948077,0.2708929789,-0.0273952839
6.414061,-1.708293,-10.781283,2.292492,0.0120449003,0.0995527292,0.0109168216
6.415109,-1.484929,-11.985641,3.378088,0.0407789794,-0.0515672427,0.0417793511
6.416158,-1.299994,-9.476363,0.877854,0.0184302512,-0.2388708697,0.0417793511
6.417207,-0.31287,-12.955352,0.217369,-0.003918477,-0.3889266164,0.0194306229
6.418224,1.546094,-16.554058,-3.068242,-0.0017900267,-0.2867610016,0.0013387952
6.419273,2.079286,-7.996656,-5.441183,-0.045423258,0.084653577,-0.0380375354
6.420322,-0.521823,-0.97882,0.83222,-0.0741573372,0.3155904353,-0.0859276674
6.421373,-2.378385,-4.646962,3.125903,-0.0369094568,0.2538653764,-0.0784780913
6.422387,-1.773141,-9.897769,1.90821,0.0045953242,0.1389290598,-0.0231383833
6.423436,-1.086237,-11.660009,2.710398,0.0290725027,0.0208000678,0.0417793511
6.424485,0.018574,-16.85814,0.416715,0.0226871518,-0.3303942329,0.089669483
6.425534,1.166616,-16.862929,-2.691165,0.0152375758,-0.3474218354,0.0524216026
6.426551,2.050464,-6.495399,-4.87917,-0.0358452316,-0.0973289243,-0.0167530324
6.4276,0.076216,0.50807,0.601651,-0.0826711384,0.1665989138,-0.0816707667
6.428649,-2.138209,-2.748244,3.349267,-0.0656435359,0.2166174961,-0.083799217
6.429697,-2.013317,-8.834678,1.713667,-0.0230745298,0.1431859605,-0.0369733103
6.430714,-1.230343,-12.00719,2.287688,0.0141733506,0.0303780942,0.0279444241
6.431763,-0.40894,-14.320131,1.490303,0.0280082776,-0.1207418777,0.0854125824
6.432812,0.162679,-18.926857,0.299029,0.0354578537,-0.2718618495,0.1045686351
6.433861,0.914431,-17.882921,-2.460596,0.0450358801,-0.2835683262,0.0726418805
6.43491,1.843913,-7.328633,-4.840742,-0.0028542519,-0.0387965408,-0.007175006
6.435927,0.213116,1.324543,0.010818,-0.0677719862,0.2623791777,-0.0891203428
6.436976,-2.380787,0.364409,3.159528,-0.0709646617,0.3432602893,-0.1189186471
6.438024,-2.637775,-6.761172,1.848166,-0.0475517083,0.2389662243,-0.090184568
6.439073,-1.946068,-13.03676,2.544677,-0.0273314304,0.07081865,-0.0124961318
6.44009,-0.975756,-16.233215,2.318911,-0.0113680531,-0.1335125795,0.0886052578
6.441139,0.064207,-19.19263,1.130039,0.0141733506,-0.3208162065,0.1503303168
6.442188,0.54456,-17.626726,-0.671283,0.0482285555,-0.3867981661,0.1290458137
6.443237,1.382775,-7.527364,-2.926538,0.0290725027,-0.2229074924,0.0428435762
6.444256,0.715085,1.348487,-0.995521,-0.0432948077,0.0995527292,-0.062514714
6.445302,-1.693883,0.76666,2.066726,-0.0986345157,0.2815352304,-0.1295608987
6.446351,-2.337555,-5.959065,1.730479,-0.0986345157,0.2123605954,-0.1327535741
6.4474,-1.645847,-12.538735,1.487901,-0.0667077611,0.0346349948,-0.0731569655
6.448448,-0.850864,-17.123913,1.442268,-0.0422305825,-0.164375109,0.0364582253
6.449465,0.109841,-20.097694,0.800997,-0.0071111525,-0.3421007096,0.1418165155
6.450514,0.748709,-17.427995,-0.092458,0.0461001052,-0.393183517,0.1780001708
6.451563,0.962466,0.560746,-2.462998,-0.0571297347,0.1378648347,-0.0146245821
6.452612,-1.290387,1.714822,2.626337,-0.1156621181,0.3070766341,-0.1242397729
6.453631,-1.753927,-4.268655,1.624802,-0.0879922642,0.2315166482,-0.1614876533
6.454678,-1.328815,-12.830846,0.087674,-0.0496801586,0.0633690739,-0.1135975214
6.455726,-0.966149,-18.981927,1.343796,-0.0156249537,-0.1324483543,0.0119810468
6.456775,-0.115925,-20.004314,0.62807,0.0386505291,-0.3176235311,0.145009191
6.457792,0.402856,-15.711247,0.435929,0.0918617868,-0.3846697158,0.2014131241
6.458841,1.262686,-8.647919,-3.169116,0.065256158,-0.1973660887,0.1407522904
6.45989,1.245874,-1.541492,-3.759949,-0.0752215623,0.1857549666,-0.0029181054
6.460939,-0.812436,2.234396,2.938566,-0.1741945016,0.4166918249,-0.1295608987
6.461987,-1.605018,-2.037122,2.280483,-0.1401392967,0.3656090176,-0.1838363815
6.463006,-1.1727,-12.39268,0.145316,-0.0805426881,0.1995898936,-0.1465885011
6.464053,-1.062219,-20.337129,1.773711,-0.0230745298,-0.0058055611,-0.0146245821
6.465102,-0.493002,-20.363466,0.940299,0.0524854561,-0.2292928433,0.1386238401
6.466151,-0.593876,-15.083928,1.86738,0.1216600911,-0.4006330931,0.2163122763
6.467168,-0.00064,-8.963973,-1.288536,0.120595866,-0.3814770403,0.1769359456
6.468216,1.781467,-1.905433,-4.874367,0.0024668739,-0.0696590703,0.0364582253
6.469265,0.619014,2.205664,0.515188,-0.1124694427,0.2868563562,-0.1135975214
6.470314,-1.352833,-1.91501,2.280483,-0.1273685948,0.3602878918,-0.1795794809
6.47133,-1.266369,-11.40142,0.366278,-0.0954418402,0.2049110194,-0.1487169514
6.472382,-1.129469,-20.030652,1.71847,-0.0475517083,-0.0004844353,-0.0305879594
6.473428,-0.879685,-21.553458,1.790523,0.0280082776,-0.1877880623,0.1279815885
6.474477,-0.999773,-15.668149,2.700791,0.1035682635,-0.3346511335,0.2226976272
6.475526,-0.411342,-7.967924,0.166932,0.1014398132,-0.3569998618,0.1843855217
6.476543,1.644567,-1.381071,-3.954492,-0.0113680531,-0.1218061028,0.0353940002
6.477592,-0.848462,-2.499231,1.583972,-0.1412035218,0.3666732427,-0.17319413
6.47864,-1.29519,-11.777332,-0.202939,-0.12843282,0.2474800255,-0.1444600508
6.479689,-0.992568,-19.295587,1.567159,-0.0699004365,0.0314423193,-0.0295237342
6.480706,-0.495403,-19.604458,0.83222,0.0077879997,-0.1665035593,0.1109539861
6.481756,-1.13187,-15.842936,2.105154,0.0748341844,-0.3208162065,0.1971562235
6.482804,-0.915712,-9.418899,0.880255,0.0939902371,-0.3591283121,0.1843855217
6.483852,1.462033,-1.110509,-4.069776,0.0141733506,-0.1377694801,0.0609354038
6.484872,1.428408,1.331726,-1.298143,-0.0943776151,0.2325808734,-0.083799217
6.485918,-0.603483,-3.679645,1.043575,-0.1380108464,0.4188202753,-0.145524276
6.486967,-1.328815,-11.482827,-0.181323,-0.1188547936,0.3102693096,-0.1199828723
6.488016,-1.143879,-17.753626,1.151655,-0.059258185,0.0782682261,-0.0231383833
6.489033,-0.862873,-19.305164,1.312573,0.0141733506,-0.1313841292,0.1024401848
6.490082,-1.67707,-16.807859,2.587908,0.0876048862,-0.3186877562,0.1790643959
6.491131,-1.965282,-9.56256,1.792925,0.100375588,-0.4336240728,0.1545872174
6.492179,0.474908,-0.109672,-2.530247,0.0088522248,-0.2942105777,0.0364582253
6.493228,1.951992,1.669329,-1.973038,-0.1028914163,0.0995527292,-0.0774138661
6.494248,0.352419,-5.101888,-0.582418,-0.1710018261,0.4145633746,-0.1082763956
6.495294,-1.045407,-12.332821,0.058853,-0.1667449255,0.3985999973,-0.0678358397
6.496343,-0.591474,-16.52772,1.720872,-0.0816069132,0.167663139,0.0077241462
6.497391,-0.589072,-18.80714,1.346197,0.0131091254,-0.081365547,0.0790272315
6.498408,-2.039736,-17.839823,2.489436,0.065256158,-0.3176235311,0.1120182112
6.499457,-2.210262,-9.076507,3.296428,0.072705734,-0.4857711054,0.0832841321
6.500506,0.037788,1.070742,-0.234162,0.0492927807,-0.4197891458,0.0024030204
6.501555,2.216186,0.553563,-3.471738,-0.0188176292,-0.0654021697,-0.062514714
6.502572,1.81269,-7.120324,-3.563005,-0.1209832439,0.3507098654,-0.0678358397
6.503623,-0.099113,-12.203526,-0.33984,-0.1539742237,0.4752242084,-0.0316521845
6.504669,-0.665929,-17.526163,1.060388,-0.0092396028,-0.0036771108,0.0641280793
6.505718,-1.917247,-17.028139,2.777648,0.0461001052,-0.2261001679,0.0939263836
6.506767,-2.349564,-9.205802,3.164331,0.0716415089,-0.4176606955,0.075834556
6.507784,-0.761999,-0.143192,0.510384,0.0546139064,-0.4421378741,0.0034672456
6.508833,1.810288,-0.636428,-1.761683,0.0035310991,-0.1760815856,-0.048679787
6.509881,2.475576,-7.738066,-4.934411,-0.100762966,0.2825994556,-0.0444228864
6.51093,0.287571,-12.900282,-1.557533,-0.1667449255,0.5337565918,-0.0093034563
6.511947,-1.251959,-14.990548,2.974592,-0.0943776151,0.361352117,0.0322013247
6.512998,-1.292788,-15.062379,0.604053,-0.017753404,0.056983723,0.0524216026
6.514044,-1.893229,-14.171681,2.758433,0.0152375758,-0.171824685,0.0566785032
6.515093,-2.354367,-9.485941,4.127438,0.0599350322,-0.3495502857,0.0471004769
6.51611,-1.530563,-2.760215,0.976326,0.0684488334,-0.4272387219,0.0034672456
6.517159,0.842378,-3.401901,-0.416696,0.0482285555,-0.3165593059,-0.0295237342
6.518208,3.116847,-8.647919,-5.508432,-0.031588331,0.0612406236,-0.0220741581
6.519257,1.896752,-11.940148,-4.504495,-0.1369466212,0.4603250562,-0.0050465557
6.520305,-1.086237,-13.467742,2.828085,-0.114597893,0.4571323808,0.0194306229
6.521322,-1.86681,-12.756621,1.644016,-0.0369094568,0.1729842648,0.0385866756
6.522373,-1.857203,-12.474088,2.182011,0.0141733506,-0.0760444212,0.0449720265
6.523419,-2.450438,-10.644805,4.362811,0.0546139064,-0.2665407237,0.0428435762
6.524468,-1.902836,-5.180902,1.411045,0.0439716549,-0.3899908415,0.0141094971
6.525485,0.51814,-5.492167,0.169334,0.0322651782,-0.3591283121,-0.0135603569
6.526534,3.109642,-10.273681,-4.94642,-0.0113680531,-0.0462461169,-0.007175006
6.527583,2.302649,-10.97762,-5.414763,-0.1060840918,0.3719943685,0.0045314707
6.528632,-0.939729,-10.137204,2.501445,-0.1039556415,0.437976328,0.0130452719
6.529648,-1.989299,-10.326357,2.071529,-0.0379736819,0.1963972181,0.0247517486
6.530697,-2.073361,-11.724657,4.288356,0.0429074297,-0.1984303139,0.0449720265
6.531748,-1.794757,-6.976663,0.690516,0.0248156021,-0.3548714115,0.0268801989
6.532795,0.201108,-8.011022,0.589642,0.0216229267,-0.3953119673,0.0077241462
6.533843,2.694137,-12.016767,-4.144231,0.0077879997,-0.1377694801,0.0098525965
6.53486,2.182561,-10.364667,-5.62852,-0.0816069132,0.3081408593,0.0045314707
6.535909,-0.992568,-7.606377,2.520659,-0.0954418402,0.4560681556,-0.0029181054
6.536958,-2.140611,-7.398069,2.100351,-0.0379736819,0.264507628,-0.0018538802
6.538007,-1.705892,-10.520299,2.184412,0.0014026488,0.0612406236,0.0109168216
6.539023,-1.821176,-12.330427,4.458881,0.0407789794,-0.0941362488,0.0449720265
6.540072,-1.408073,-9.509884,0.769774,0.0312009531,-0.2665407237,0.0577427284
6.541124,-0.04147,-11.317617,0.529598,0.0120449003,-0.4091468943,0.0417793511
6.54217,2.03125,-14.039992,-3.296409,0.0035310991,-0.2942105777,0.0268801989
6.543187,2.163347,-8.722144,-5.578083,-0.0613866353,0.0899747028,0.0013387952
6.544235,-0.733178,-4.256683,1.953843,-0.0837353635,0.299627058,-0.021009933
6.545284,-2.106986,-5.370055,2.847299,-0.0369094568,0.2102321451,-0.0124961318
6.546333,-1.304797,-9.045381,1.600784,-0.0017900267,0.0803966764,0.0119810468
6.547382,-1.13187,-12.577045,3.447739,0.0258798273,-0.0345396402,0.0439078014
6.548399,-0.956542,-13.101407,1.343796,0.0194944764,-0.1750173605,0.0673207548
6.549447,-0.173567,-14.57872,0.366278,0.0045953242,-0.3144308556,0.0641280793
6.550499,1.262686,-14.686466,-3.214749,0.0067237745,-0.2750545249,0.0364582253
6.551545,1.896752,-7.527364,-5.702975,-0.0401021322,0.029313869,-0.0082392311
6.552562,-0.308066,-1.560647,0.978728,-0.0752215623,0.2677003034,-0.0422944361
6.553611,-2.145414,-3.004439,2.645551,-0.045423258,0.2389662243,-0.0412302109
6.55466,-1.600214,-8.437216,1.050781,-0.0145607286,0.1187087819,-0.0114319066
6.555708,-1.030996,-12.804508,3.001011,0.0131091254,-0.0026128856,0.0417793511
6.556725,0.0546,-17.404052,0.337457,0.0450358801,-0.2856967765,0.1109539861
6.557774,0.890413,-17.047294,-2.482212,0.058870807,-0.296339028,0.0726418805
6.558823,1.829502,-7.141873,-5.020874,0.0077879997,-0.0473103421,-0.0018538802
6.559874,0.090627,1.185671,0.356671,-0.0550012844,0.2410946746,-0.0742211907
6.560888,-2.49367,-0.83037,3.423722,-0.0528728341,0.3006912832,-0.0944414686
6.561937,-2.500875,-7.77877,1.713667,-0.0273314304,0.1942687678,-0.0582578134
6.562986,-1.713097,-12.495637,2.073931,-0.0028542519,0.0367634451,0.0109168216
6.564035,-0.83165,-15.028858,2.021092,0.00991645,-0.150540182,0.0928621585
6.565083,0.100234,-18.914886,1.019558,0.0280082776,-0.3197519814,0.1471376413
6.5661,0.820762,-17.983484,-1.156439,0.0578065819,-0.3644494378,0.1375596149
6.567149,1.959197,-7.809897,-4.093794,0.0301367279,-0.1601182083,0.0609354038
6.568198,0.892815,1.358064,-1.077181,-0.045423258,0.1634062384,-0.0422944361
6.569249,-1.789953,1.003701,3.161929,-0.0741573372,0.2943059323,-0.1082763956
6.570263,-2.195851,-6.284697,1.559954,-0.0528728341,0.2049110194,-0.1061479453
6.571312,-1.506545,-13.225913,1.480696,-0.0209460795,0.0463414715,-0.0391017606
6.572361,-0.83165,-16.755183,2.025896,0.0024668739,-0.136705255,0.0683849799
6.573409,0.069011,-19.206996,0.820211,0.0322651782,-0.3027243789,0.1567156677
6.574426,0.849583,-17.212504,-0.190931,0.0748341844,-0.3325226832,0.1705505947
6.575475,1.735834,-8.032571,-3.824797,0.0482285555,-0.116484977,0.0981832842
6.576524,0.623818,0.199199,-1.944217,-0.0496801586,0.2112963703,-0.0188814827
6.577573,-1.75873,1.322149,3.188349,-0.0922491648,0.3368749384,-0.1050837201
6.578624,-2.049344,-3.875982,1.154056,-0.0688362114,0.2293881979,-0.1306251238
6.579639,-1.600214,-12.177189,0.606455,-0.0379736819,0.0548552727,-0.0816707667
6.580687,-1.151084,-18.785591,1.968254,-0.0028542519,-0.144154831,0.0439078014
6.581736,-0.322477,-20.825576,0.877854,0.0503570058,-0.324008882,0.1737432701
6.582785,1.322731,-7.498631,-3.255579,0.0844122107,-0.2197148169,0.1418165155
6.583802,0.830369,-1.405014,-3.185928,-0.0369094568,0.1410575101,-0.007175006
6.584851,-1.287985,0.690041,2.904941,-0.1294970451,0.3602878918,-0.1231755477
6.585899,-1.727507,-2.245431,1.913013,-0.1103409924,0.3081408593,-0.1700014545
6.586948,-1.302396,-11.061422,0.263003,-0.0656435359,0.1410575101,-0.1370104747
6.587965,-1.175102,-19.879808,1.533535,-0.0220103046,-0.0643379445,-0.007175006
6.589014,-0.485796,-20.825576,1.17327,0.0492927807,-0.2739902998,0.1545872174
6.590063,-0.10872,-14.530833,1.893799,0.1195316408,-0.4091468943,0.2429179051
6.591112,0.851985,-8.09243,-1.828932,0.114210515,-0.3452933851,0.1982204487
6.592161,1.968805,-3.279789,-4.66061,-0.0028542519,-0.0132551371,0.0492289272
6.593178,0.347615,0.630182,0.837024,-0.1177905685,0.3070766341,-0.104019495
6.594227,-1.299994,-0.916567,2.357339,-0.1241759194,0.333682263,-0.1827721563
6.595275,-1.223137,-10.572975,0.407108,-0.0752215623,0.1772411654,-0.1636161036
6.596324,-1.268771,-20.727407,1.545544,-0.0145607286,-0.0132551371,-0.03484486
6.597341,-0.896498,-21.469656,1.519124,0.065256158,-0.2026872145,0.1428807407
6.59839,-0.70916,-14.291398,2.028298,0.1365592433,-0.3506145108,0.2535601567
6.599439,0.333205,-7.568067,-0.906656,0.1312381175,-0.3346511335,0.2290829781
6.600487,2.307453,-2.329233,-4.63419,0.00991645,-0.0313469647,0.0832841321
6.601507,0.998493,0.989334,0.428724,-0.1188547936,0.3166546605,-0.0784780913
6.602553,-1.189513,-2.618949,2.364544,-0.1390750715,0.3730585936,-0.1572307527
6.603602,-1.146281,-11.439729,0.030032,-0.0901207145,0.2070394697,-0.1380746999
6.604651,-1.023791,-19.259672,1.122833,-0.0294598807,-0.0004844353,-0.0295237342
6.6057,-0.87248,-21.055433,1.348599,0.0450358801,-0.1867238372,0.1226604628
6.606716,-1.095844,-15.622656,2.76804,0.1323023427,-0.3176235311,0.2237618524
6.607766,-0.742785,-7.924825,0.171736,0.1514583954,-0.324008882,0.200348899
6.608814,1.325132,-1.780927,-4.7831,0.0429074297,-0.0824297721,0.0588069535
6.609863,-0.841257,-2.961341,1.610391,-0.1103409924,0.4028568979,-0.1561665275
6.610883,-1.432091,-10.896212,-0.31342,-0.0943776151,0.258122277,-0.1306251238
6.611929,-1.184709,-18.115173,1.252529,-0.0358452316,0.0367634451,-0.0295237342
6.612977,-0.77641,-19.860653,1.218904,0.0407789794,-0.1633108838,0.1077613106
6.614027,-1.345627,-16.319412,2.520659,0.1110178396,-0.3452933851,0.1982204487
6.615043,-1.653053,-9.246506,2.150788,0.1291096672,-0.4442663244,0.1928993229
6.616092,0.705478,-1.079383,-3.099464,0.0450358801,-0.2867610016,0.0843483572
6.617141,2.230597,0.936659,-2.532649,-0.0720288868,0.1059380801,-0.0454871115
6.61819,0.530149,-4.081896,-0.253376,-0.1369466212,0.410306474,-0.1050837201
6.619207,-1.059818,-11.094943,-0.241368,-0.1358823961,0.3985999973,-0.0859276674
6.620257,-0.884489,-17.011378,1.934629,-0.0613866353,0.1857549666,-0.0061107808
6.621304,-0.867677,-20.05699,1.716069,0.0407789794,-0.0345396402,0.0928621585
6.622353,-2.04454,-18.251651,2.29009,0.1120820647,-0.2495131212,0.1524587671
6.623402,-2.294323,-8.442005,2.952976,0.1259169917,-0.4283029471,0.1279815885
6.624419,-0.252825,1.666935,-1.014735,0.0780268598,-0.3846697158,0.0268801989
6.625468,1.836708,0.299762,-2.22042,-0.0017900267,-0.0505030175,-0.0540009127
6.626516,1.469238,-7.082015,-2.393346,-0.0922491648,0.3421960642,-0.0614504888
6.627565,-0.344092,-12.320849,-1.065172,-0.1326897206,0.4571323808,-0.0295237342
6.628582,-0.819641,-15.699275,2.513454,-0.0656435359,0.2464158004,0.0226232983
6.629633,-0.713964,-17.181377,0.983531,0.0216229267,-0.0345396402,0.0726418805
6.63068,-1.780346,-16.463073,2.095547,0.0631277077,-0.2654764986,0.0949906088
6.631728,-2.33035,-10.04143,3.716737,0.0907975617,-0.4389451986,0.0737061057
6.632748,-0.77641,-0.5215,-0.042021,0.086540661,-0.4357525231,0.0077241462
6.633794,1.670986,0.407508,-2.237232,0.0258798273,-0.1728889102,-0.0476155618
6.634843,2.148937,-7.11793,-4.3748,-0.0805426881,0.2400304494,-0.0465513367
6.635892,-0.889292,-15.0959,2.844897,-0.0645793108,0.3187831108,0.0577427284
6.636941,-1.023791,-15.728008,0.70973,0.0120449003,0.0346349948,0.0854125824
6.637958,-1.871613,-15.378433,2.686381,0.0429074297,-0.1952376384,0.0864768075
6.639008,-2.320743,-9.675094,4.165866,0.0780268598,-0.3708347888,0.0641280793
6.640056,-1.273574,-1.6229,0.805801,0.0812195353,-0.4187249207,0.0045314707
6.641104,1.068144,-1.821631,-1.086788,0.0461001052,-0.2516415716,-0.0401659857
6.642124,2.706146,-7.843418,-4.996857,-0.0411663574,0.1453144108,-0.0284595091
6.644219,-1.287985,-15.313785,2.895334,-0.0794784629,0.4198845004,0.0513573775
6.645267,-1.602616,-13.994499,0.949907,-0.0071111525,0.1272225831,0.0747703308
6.64317,1.13059,-12.555496,-3.123482,-0.1231116942,0.4837380096,0.0087883713
6.646284,-1.568991,-11.820431,2.08594,0.0290725027,-0.1292556789,0.0694492051
6.647333,-1.989299,-9.722981,4.672638,0.0673846083,-0.3218804317,0.0513573775
6.648382,-1.552179,-5.00372,1.516722,0.0684488334,-0.4112753446,0.0109168216
6.64943,0.623818,-4.862454,-0.022807,0.0631277077,-0.3474218354,-0.0188814827
6.650479,3.304184,-9.086084,-5.140962,0.0141733506,-0.0207047132,-0.0103676814
6.651499,2.43955,-11.719868,-5.597297,-0.100762966,0.4028568979,0.006659921
6.652545,-0.836454,-12.411835,2.554284,-0.1071483169,0.4709673078,0.0300728744
6.653594,-1.787551,-11.025507,1.920218,-0.0262672052,0.223002847,0.0502931523
6.654642,-1.446501,-11.178745,2.100351,0.0280082776,-0.0143193623,0.0566785032
6.655659,-1.986898,-10.589735,4.518925,0.065256158,-0.2016229893,0.0556142781
6.656708,-2.020522,-6.777932,1.079602,0.0578065819,-0.3623209875,0.0353940002
6.657758,-0.055881,-7.81708,1.043575,0.0599350322,-0.4240460464,0.0194306229
6.658806,2.871867,-11.535503,-4.024143,0.0461001052,-0.1941734133,0.0215590732
6.659823,2.840644,-10.534665,-6.956695,-0.0550012844,0.2740856544,0.0141094971
6.660874,-0.543439,-8.511441,1.937031,-0.0890564893,0.4762884335,0.0119810468
6.66192,-1.960478,-10.987197,2.302099,0.0248156021,0.0899747028,0.0417793511
6.662969,-2.063754,-11.530714,4.165866,0.058870807,-0.0685948451,0.0588069535
6.664017,-1.883622,-8.224119,1.014754,0.0439716549,-0.2558984722,0.0545500529
6.665035,-0.459377,-10.42692,0.630472,0.0226871518,-0.4038257685,0.0353940002
6.666083,1.668584,-14.198019,-2.744004,0.0226871518,-0.2920821274,0.0311370995
6.667133,2.0985,-9.174675,-5.931142,-0.0273314304,0.0910389279,0.0109168216
6.668181,-0.541037,-4.816961,0.985933,-0.0496801586,0.3166546605,-0.0167530324
6.669198,-2.33035,-6.579201,3.161929,-0.0103038279,0.2304524231,-0.007175006
6.670249,-1.552179,-9.315942,1.74489,0.0205587015,0.0931673782,0.0268801989
6.671295,-1.030996,-10.635228,3.027431,0.0461001052,-0.0153835874,0.061999629
6.672344,-1.098246,-11.758178,1.120432,0.0397147543,-0.1675677844,0.0864768075
6.673361,-0.308066,-15.751951,0.217369,0.0194944764,-0.3229446568,0.0854125824
6.67441,1.514871,-15.122237,-2.892913,0.0141733506,-0.2697333992,0.0524216026
6.675459,1.848716,-6.835397,-5.285068,-0.0337167813,0.0314423193,-0.0093034563
6.676508,-0.634706,-2.537541,1.238118,-0.0635150856,0.2389662243,-0.0454871115
6.677556,-2.210262,-3.725138,3.034636,-0.0305241059,0.2059752445,-0.0295237342
6.678573,-1.573795,-7.038916,1.233314,-0.0028542519,0.1048738549,0.0034672456
6.679624,-1.052612,-12.222681,3.231581,0.023751377,-0.0047413359,0.0513573775
6.680671,-0.483395,-15.694487,1.920218,0.0471643304,-0.1398979304,0.1120182112
6.681719,0.402856,-17.597994,-0.001191,0.0567423567,-0.2739902998,0.131174264
6.682736,1.447622,-15.00252,-3.212347,0.0492927807,-0.268669174,0.089669483
6.683785,1.870332,-6.100332,-4.951223,-0.0124322782,-0.0164478126,0.0141094971
6.684834,-0.348896,-0.816004,1.103619,-0.0613866353,0.236837774,-0.0412302109
6.685883,-2.462447,-2.144868,3.279616,-0.0401021322,0.2677003034,-0.048679787
6.6869,-2.073361,-6.361316,1.113226,-0.0113680531,0.1665989138,-0.0284595091
6.687948,-1.544973,-11.985641,2.328518,0.00991645,0.0176073923,0.0226232983
6.688999,0.143465,-19.918118,0.928291,0.0641919328,-0.3059170544,0.1641652438
6.690046,1.145,-15.579558,-1.97544,0.0854764359,-0.3059170544,0.1386238401
6.691062,1.927975,-6.229627,-4.718252,0.0386505291,-0.06753062,0.0439078014
6.692111,0.232331,0.146524,-0.457526,-0.0379736819,0.2389662243,-0.0540009127
6.69316,-2.390394,-0.006715,3.29883,-0.059258185,0.3123977599,-0.104019495
6.694209,-2.474455,-5.903995,1.360608,-0.0347810065,0.181498066,-0.0986983692
6.695258,-1.713097,-13.120562,1.473491,-0.0049827022,0.0080293659,-0.0316521845
6.696275,-0.915712,-17.459122,1.958647,0.0184302512,-0.1920449629,0.0875410327
6.697323,0.263553,-18.538973,0.580035,0.0492927807,-0.3687063385,0.1875781971
6.698374,1.152205,-16.240398,-1.101198,0.0876048862,-0.3857339409,0.1992846738
6.699421,1.860725,-8.894537,-4.180257,0.0609992574,-0.130319904,0.1215962376
6.700438,0.607005,0.402719,-1.884173,-0.045423258,0.2251312973,-0.0050465557
6.701487,-1.7179,2.253551,3.387695,-0.0954418402,0.333682263,-0.1029552698
6.702536,-1.919648,-4.785834,1.850567,-0.0560655095,0.2112963703,-0.1274324483
6.703584,-1.434492,-13.539573,0.786587,-0.017753404,0.0516625972,-0.0657073894
6.704601,-0.91331,-19.139954,2.182011,0.0141733506,-0.1335125795,0.0651923045
6.70565,-0.031863,-20.088116,1.079602,0.0673846083,-0.3154950808,0.1843855217
6.706699,0.29958,-15.82857,0.548812,0.1152747402,-0.3814770403,0.2195049517
6.70775,1.087358,-7.402857,-2.695968,0.0897333365,-0.2122652409,0.1460734161
6.708796,0.851985,0.096242,-2.695968,-0.0283956555,0.1250941328,0.0045314707
6.709813,-1.112656,1.619048,2.962583,-0.1092767672,0.3262326869,-0.1093406207
6.710862,-1.609821,-3.502464,1.723274,-0.0975702905,0.2772783298,-0.1476527263
6.711911,-1.266369,-12.895493,0.385492,-0.0603224102,0.1112592058,-0.104019495
6.71296,-1.057416,-20.66276,1.708863,-0.0113680531,-0.0920077985,0.0279444241
6.713977,-0.399333,-20.732196,0.957112,0.0609992574,-0.282504101,0.1790643959
6.715025,0.688665,-7.48666,-2.261249,0.106760939,-0.2750545249,0.1854497468
6.716074,1.315525,-1.024313,-3.827198,-0.0252029801,0.0697544249,0.0311370995
6.717125,-0.476189,1.494542,1.944236,-0.1337539458,0.3379391636,-0.111469071
6.71814,-1.412877,-2.630921,1.86738,-0.12843282,0.3304895875,-0.1700014545
6.719189,-1.07663,-12.093386,0.058853,-0.0762857875,0.167663139,-0.131689349
6.720237,-1.155888,-20.739379,1.163663,-0.0166891789,-0.0366680905,0.0024030204
6.721286,-0.69475,-20.971631,1.0772,0.0631277077,-0.2303570685,0.1694863695
6.722335,-0.54584,-13.91788,2.254063,0.1376234684,-0.3612567624,0.263138183
6.723352,0.506131,-7.515392,-1.423034,0.1301738923,-0.3091097298,0.221633402
6.724401,2.199374,-2.551907,-4.780698,0.0067237745,0.0176073923,0.0683849799
6.72545,0.758316,0.929476,0.933094,-0.1156621181,0.3517740906,-0.083799217
6.726501,-1.100647,-2.070643,2.37175,-0.1294970451,0.3911504213,-0.1540380772
6.727515,-1.146281,-11.717474,-0.027611,-0.0847995887,0.2166174961,-0.131689349
6.728564,-1.071826,-20.81121,1.276546,-0.0252029801,0.0005797899,-0.0082392311
6.729613,-0.70916,-21.060222,1.521526,0.0556781316,-0.185659612,0.1567156677
6.730662,-1.014184,-14.346468,2.566292,0.134430793,-0.3272015575,0.2524959315
6.731679,-0.53143,-7.000607,-0.085253,0.1291096672,-0.3293300078,0.2195049517
6.732728,1.719021,-0.660372,-4.773493,0.0077879997,-0.0547599181,0.0747703308
6.733777,1.248276,0.706801,-0.457526,-0.0986345157,0.3092050844,-0.0710285152
6.734825,-0.91331,-4.378795,1.617596,-0.1167263433,0.4092422489,-0.1242397729
6.735876,-1.223137,-12.232259,-0.284599,-0.0954418402,0.2421588997,-0.0923130183
6.736891,-0.836454,-18.876576,1.430259,-0.0401021322,0.015478942,0.0109168216
6.73794,-0.769204,-20.423325,1.391831,0.0439716549,-0.1707604599,0.1428807407
6.738989,-1.763534,-16.898844,3.003413,0.1312381175,-0.3314584581,0.2195049517
6.740038,-1.789953,-7.599194,1.728077,0.141880369,-0.4027615434,0.1854497468
6.741055,0.777531,2.816222,-3.671084,0.0312009531,-0.2122652409,0.0502931523
6.742104,0.124251,-7.249619,-0.157306,-0.1486530979,0.4358478777,-0.0912487931
6.743152,-0.922917,-13.881965,0.022826,-0.1433319721,0.368801693,-0.0422944361
6.744201,-0.562653,-17.444755,2.227644,-0.0560655095,0.1314794838,0.0364582253
6.745218,-0.766803,-19.288404,1.180476,0.0397147543,-0.0941362488,0.1141466615
6.746267,-2.162226,-17.181377,2.715202,0.1025040383,-0.2995317035,0.1524587671
6.747316,-2.416813,-7.924825,2.940967,0.1291096672,-0.4517159004,0.117339337
6.748364,-0.20479,2.34693,-1.701639,0.079091085,-0.3687063385,0.0173021725
6.749384,2.086491,1.547218,-2.955359,-0.0166891789,-0.0111266868,-0.0582578134
6.75043,1.558103,-7.184972,-3.339641,-0.1124694427,0.3719943685,-0.0593220385
6.751479,-0.464181,-13.676051,-0.673685,-0.1412035218,0.4571323808,-0.0135603569
6.752528,-0.740383,-16.046456,2.561489,-0.059258185,0.2293881979,0.0545500529
6.753577,-0.771606,-17.899682,0.897068,0.0290725027,-0.0441176666,0.1120182112
6.754593,-2.162226,-17.645881,2.871316,0.0854764359,-0.268669174,0.1364953898
6.755643,-2.327948,-8.401301,3.351669,0.1025040383,-0.4421378741,0.1056328603
6.756691,-0.416145,1.714822,0.135709,0.0684488334,-0.4272387219,0.0151737222
6.75774,1.951992,-0.341923,-1.828932,0.00991645,-0.136705255,-0.0454871115
6.758759,2.353086,-8.621581,-4.71585,-0.0847995887,0.2974986077,-0.0327164097
6.759806,0.410061,-12.984084,-1.187662,-0.1316254955,0.5156647642,0.0162379474
6.760855,-0.822043,-14.107034,2.720005,-0.0603224102,0.3496456403,0.0705134302
6.761904,-1.36244,-16.403214,1.310171,0.0258798273,0.0612406236,0.1077613106
6.762921,-2.476857,-16.752789,3.346865,0.0684488334,-0.178210036,0.1215962376
6.76397,-2.402403,-8.442005,3.272411,0.072705734,-0.3687063385,0.0875410327
6.765018,-0.793222,0.180045,0.772176,0.0535496813,-0.4102111194,0.006659921
6.766067,1.375569,-2.43219,-1.483079,0.0322651782,-0.1984303139,-0.0369733103
6.767116,0.619014,-12.727889,-1.716049,-0.100762966,0.4699030826,0.0332655499
6.768134,-0.99497,-14.030414,2.460615,-0.0464874832,0.3528383157,0.0683849799
6.769181,-1.33602,-14.339285,0.57283,0.0131091254,0.0676259745,0.0811556818
6.77023,-1.67707,-13.410278,2.539873,0.0397147543,-0.1633108838,0.0832841321
6.771279,-1.924452,-8.691017,3.668701,0.0716415089,-0.3293300078,0.0705134302
6.772296,-1.153486,-2.829652,0.897068,0.0663203831,-0.3921192918,0.0258159738
6.773345,1.118581,-5.065973,-0.942682,0.0439716549,-0.2707976243,-0.0039823305
6.774394,2.929509,-10.731002,-5.304282,-0.0283956555,0.0942316034,0.0055956959
6.775443,1.474042,-11.892261,-3.615843,-0.1177905685,0.4369121029,0.0311370995
6.77646,-1.071826,-11.478039,2.657559,-0.0805426881,0.3954073219,0.0577427284
6.777509,-1.705892,-11.717474,1.790523,0.0056595494,0.1368006095,0.0715776554
6.778557,-1.732311,-12.553101,2.710398,0.0471643304,-0.0781728715,0.0747703308
6.779606,-2.075763,-9.98636,3.699924,0.0705772837,-0.2558984722,0.0641280793
6.780655,-1.643446,-5.33414,1.156458,0.0620634825,-0.3846697158,0.0290086492
6.781672,0.51814,-7.699757,0.202958,0.058870807,-0.3580640869,0.0109168216
6.782721,2.888679,-11.281702,-5.044892,0.0194944764,-0.0366680905,0.0268801989
6.78377,1.632558,-10.462835,-4.192266,-0.059258185,0.3581594415,0.0311370995
6.784818,-1.566589,-10.170724,2.99861,-0.045423258,0.3985999973,0.0268801989
6.785836,-1.982094,-9.541011,1.612793,0.0045953242,0.1868191918,0.0290086492
6.786884,-1.33602,-9.588898,2.441401,0.0386505291,0.0080293659,0.0364582253
6.787933,-1.835587,-9.991148,3.8032,0.0684488334,-0.1398979304,0.0534858278
6.788982,-1.811569,-9.042986,0.861041,0.0524854561,-0.2846325513,0.0651923045
6.790001,0.057002,-11.288885,0.419117,0.0429074297,-0.3421007096,0.0673207548
6.791047,2.624486,-12.955352,-4.869563,0.0184302512,-0.1218061028,0.0513573775
6.792096,2.01684,-9.244111,-5.080918,-0.0613866353,0.2740856544,0.0130452719
6.793145,-1.194316,-5.461041,2.611926,-0.0741573372,0.4017926728,-0.007175006
6.794194,-1.472921,-10.290442,2.470222,0.023751377,0.084653577,0.0311370995
6.795211,-1.326413,-12.680002,3.745558,0.0609992574,-0.0494387924,0.0822199069
6.796259,-1.052612,-11.063816,0.553616,0.0641919328,-0.2165221415,0.10350441
6.797309,-0.094309,-14.284215,-0.214948,0.058870807,-0.3644494378,0.0864768075
6.798358,1.699807,-15.138998,-3.685494,0.0524854561,-0.2665407237,0.0513573775
6.799377,1.855922,-5.848925,-4.689431,-0.0092396028,0.0878462525,-0.0039823305
6.800423,-0.968551,-1.314029,1.552749,-0.045423258,0.2953701574,-0.0444228864
6.801472,-2.570526,-5.276676,3.255598,-0.0092396028,0.2357735488,-0.0242026084
6.802521,-1.787551,-9.411716,2.225242,0.0290725027,0.1229656825,0.0311370995
6.803538,-1.081433,-12.031133,2.854504,0.0461001052,0.0005797899,0.0917979333
6.804587,-0.538635,-14.317736,1.74489,0.0482285555,-0.1590539832,0.1333027143
6.805636,0.09543,-18.079258,-0.046825,0.0482285555,-0.3059170544,0.1226604628
6.806684,1.296311,-15.605896,-3.289204,0.0407789794,-0.2814398759,0.0683849799
6.807733,1.841511,-4.034009,-3.630254,-0.0081753776,-0.0334754151,-0.0050465557
6.808752,-0.300861,1.57595,1.250127,-0.0475517083,0.1857549666,-0.062514714
6.809799,-2.363974,-3.995699,2.458213,-0.0305241059,0.2112963703,-0.0571935882
6.810848,-2.186244,-10.350301,1.884192,0.0173660261,0.1250941328,0.0045314707
6.811897,-1.297592,-12.210709,1.884192,0.0503570058,-0.0175120377,0.0790272315
6.812913,-0.279245,-14.959422,0.904273,0.0461001052,-0.1973660887,0.1407522904
6.813962,0.703076,-19.144743,0.152521,0.0599350322,-0.3261373323,0.1631010186
6.815012,1.750244,-15.613079,-3.887242,0.0716415089,-0.2505773464,0.1194677873
6.81606,1.90876,-5.48259,-4.514102,0.0163018009,0.0580479482,0.0268801989
6.817077,-0.36811,0.769054,1.550347,-0.0347810065,0.3241042366,-0.0518724624
6.818128,-2.42642,-0.856708,2.888129,-0.0294598807,0.341131839,-0.0816707667
6.819174,-2.373581,-7.642292,1.413447,-0.0017900267,0.2144890457,-0.0614504888
6.820223,-0.814838,-17.013773,2.143582,0.0461001052,-0.1558613077,0.1258531382
6.82124,0.073814,-19.336291,1.130039,0.0801553101,-0.3250731072,0.1928993229
6.822289,0.866396,-15.898006,-1.329366,0.1099536144,-0.3442291599,0.1801286211
6.823337,1.743039,-6.085966,-3.980911,0.0631277077,-0.1175492022,0.089669483
6.824387,0.364427,1.903976,-0.726523,-0.0401021322,0.195332993,-0.0316521845
6.825435,-1.917247,1.032433,2.688782,-0.0826711384,0.285792131,-0.1135975214
6.826452,-2.063754,-7.28314,1.764104,-0.0443590329,0.1612777881,-0.1135975214
6.827503,-1.480126,-15.20604,1.819344,0.0014026488,-0.0004844353,-0.0284595091
6.828549,-0.629902,-18.845449,1.732881,0.0354578537,-0.1739531353,0.1098897609
6.829598,0.35482,-18.285172,0.803399,0.0833479856,-0.3335869084,0.2131196008
6.830615,0.945654,-14.35844,-0.945084,0.1269812169,-0.3718990139,0.2184407266
6.831664,1.642165,-7.764404,-4.276328,0.079091085,-0.150540182,0.1301100388
6.832712,0.602202,0.062722,-1.802513,-0.0496801586,0.2006541188,-0.0018538802
6.833762,-1.40327,2.145805,3.236384,-0.1018271912,0.3294253623,-0.1050837201
6.834778,-1.765936,-5.209634,1.511919,-0.0613866353,0.223002847,-0.1306251238
6.835827,-1.556982,-15.045618,0.565625,-0.017753404,0.0505983721,-0.0603862637
6.836878,-1.081433,-19.594881,1.605588,0.0322651782,-0.157989758,0.0790272315
6.837924,-0.305664,-18.455171,0.743355,0.0950544623,-0.3484860605,0.1982204487
6.838973,0.165081,-14.219568,0.861041,0.1429445942,-0.3995688679,0.2322756536
6.83999,1.070546,-8.142711,-2.832869,0.114210515,-0.1920449629,0.158844118
6.841038,0.765522,-1.917405,-3.178723,-0.0071111525,0.1783053905,0.0109168216
6.842087,-1.095844,1.046799,2.828085,-0.0965060654,0.375187044,-0.1135975214
6.843137,-1.508947,-2.561485,1.742488,-0.0773500126,0.3092050844,-0.1636161036
6.844153,-1.196718,-12.081415,0.195753,-0.0273314304,0.1495713114,-0.1210470974
6.845202,-1.1727,-20.868674,1.737685,0.023751377,-0.0409249911,0.0215590732
6.846253,-0.574662,-20.401776,1.45908,0.0939902371,-0.24099932,0.1928993229
6.847299,1.08976,-7.386097,-2.537452,0.1301738923,-0.3005959286,0.2312114284
6.848316,2.492389,-4.680483,-4.898384,0.0003384236,0.0654975242,0.0715776554
6.849365,0.707879,0.053144,1.353403,-0.1082125421,0.3932788716,-0.0859276674
6.850414,-1.170299,-0.947694,2.220439,-0.1039556415,0.396471547,-0.1657445539
6.851462,-1.33602,-11.111703,0.142914,-0.0486159335,0.2208743967,-0.1402031502
6.852512,-1.477724,-21.287685,1.379822,0.0173660261,0.0186716175,0.0002745701
6.853528,-1.165495,-21.120081,1.607989,0.1035682635,-0.178210036,0.1801286211
6.854577,-1.122263,-12.919437,2.328518,0.1769997991,-0.3389080342,0.2801657855
6.855628,-0.072693,-6.600751,-0.856219,0.1599721966,-0.3421007096,0.2365325542
6.856674,1.968805,-2.781765,-4.028946,0.0343936285,-0.061145269,0.0822199069
6.857691,0.835173,-0.001926,0.788988,-0.0720288868,0.278342555,-0.0667716146
6.85874,-1.237548,-2.757821,1.502312,-0.0975702905,0.3485814151,-0.1348820244
6.859789,-1.412877,-11.873106,-0.147699,-0.0752215623,0.1793696157,-0.111469071
6.860838,-1.384055,-20.052201,1.749693,-0.0145607286,-0.0462461169,0.006659921
6.861854,-1.098246,-20.550226,1.6224,0.0599350322,-0.2303570685,0.1609725683
6.862904,-1.343225,-14.712804,3.351669,0.1365592433,-0.3538071863,0.2503674812
6.863952,-1.081433,-6.883284,0.844229,0.1472014948,-0.3676421133,0.2056700247
6.865003,1.183428,-0.780089,-4.19707,0.0365220788,-0.136705255,0.0566785032
6.86605,1.591728,0.151312,-0.928271,-0.0752215623,0.2421588997,-0.0795423164
6.867066,-0.36811,-4.476963,0.351868,-0.1135336678,0.4220129507,-0.1263682232
6.868115,-1.319208,-12.407046,-0.390277,-0.0996987408,0.2953701574,-0.090184568
6.869164,-0.942131,-18.299538,1.37742,-0.0273314304,0.0676259745,0.0151737222
6.870213,-0.713964,-18.699394,0.841827,0.058870807,-0.1335125795,0.1396880652
6.871229,-1.602616,-15.656177,2.441401,0.1312381175,-0.3303942329,0.2131196008
6.872278,-1.720302,-8.255246,1.884192,0.1525226206,-0.448523225,0.186513972
6.873327,2.57645,1.130601,-2.407757,-0.031588331,0.0729471003,-0.0412302109
6.874378,1.286704,-6.485822,-1.569542,-0.1050198666,0.4039211231,-0.0699642901
6.875393,-0.629902,-14.356046,0.135709,-0.1018271912,0.4198845004,-0.0273952839
6.876441,-0.713964,-18.026582,2.491838,-0.003918477,0.2027825691,0.0502931523
6.87749,-0.999773,-17.92602,1.370215,0.0939902371,-0.0313469647,0.1130824364
6.878539,-2.474455,-16.053639,2.583105,0.1397519187,-0.2601553728,0.1301100388
6.880604,-0.228808,2.610308,-0.839406,0.092926012,-0.3974404176,-0.007175006
6.879556,-2.517687,-6.998212,2.888129,0.1408161439,-0.4421378741,0.0832841321
6.881653,2.009635,-0.502345,-2.909725,0.0056595494,-0.0515672427,-0.0529366876
6.882702,1.507666,-8.990311,-3.358855,-0.0954418402,0.3581594415,-0.0284595091
6.883753,-0.401735,-13.637741,0.075665,-0.1114052175,0.4528754802,0.0279444241
6.884768,-0.759597,-15.986597,2.407776,-0.0145607286,0.2144890457,0.0875410327
6.885817,-1.026193,-17.164617,0.803399,0.0641919328,-0.0632737194,0.1226604628
6.886865,-2.042138,-15.107871,2.811272,0.0907975617,-0.282504101,0.1237246879
6.887914,-1.960478,-7.101169,3.291625,0.114210515,-0.4400094237,0.075834556
6.888931,-0.447368,0.089059,-0.020405,0.1046324887,-0.4144680201,-0.0039823305
6.88998,1.793476,-2.492048,-2.919332,0.0524854561,-0.1271272286,-0.0412302109
6.891029,2.293042,-9.059747,-5.114543,-0.0401021322,0.3049481838,-0.0178172575
6.892077,0.157876,-13.338448,-1.115609,-0.086928039,0.5231143403,0.0290086492
6.893094,-1.338422,-15.124632,2.856906,-0.0134965034,0.3496456403,0.0747703308
6.894143,-1.441698,-14.308159,1.0772,0.0578065819,0.0591121733,0.0960548339
6.895192,-1.986898,-13.359997,3.3949,0.0854764359,-0.171824685,0.0928621585
6.896241,-2.294323,-8.868199,4.055385,0.1035682635,-0.3538071863,0.0662565296
6.897289,-1.09104,-2.223881,0.928291,0.092926012,-0.4155322452,0.0087883713
6.898306,1.397185,-4.52485,-1.060368,0.0705772837,-0.2612195979,-0.0231383833
6.899355,1.298713,-12.162822,-2.969769,-0.1028914163,0.4890591354,0.0322013247
6.900404,-1.153486,-11.387054,2.97219,-0.0635150856,0.4262698513,0.0609354038
6.901452,-1.763534,-11.626488,1.463884,0.0173660261,0.1527639868,0.0768987812
6.90247,-1.955675,-13.094224,3.447739,0.0705772837,-0.081365547,0.0832841321
6.903518,-2.313537,-10.546637,3.740754,0.0950544623,-0.2856967765,0.0683849799
6.904567,-1.593009,-5.032452,0.966719,0.0780268598,-0.4304313974,0.0226232983
6.905616,0.775129,-6.629483,0.452742,0.0801553101,-0.3985046428,-0.0007896551
6.906635,3.234533,-11.446912,-5.801447,0.0301367279,-0.0483745672,0.0173021725
6.907682,2.108107,-11.561841,-4.984848,-0.0741573372,0.396471547,0.0353940002
6.908731,-0.985363,-9.153126,3.111492,-0.0613866353,0.4560681556,0.0471004769
6.909779,-1.773141,-8.537779,1.920218,0.0131091254,0.2261955224,0.0545500529
6.910828,-1.691481,-11.894655,2.628738,0.0567423567,0.0335707696,0.0641280793
6.912894,-1.549777,-7.091592,0.40951,0.0758984095,-0.3218804317,0.0577427284
6.911845,-2.030129,-11.616911,3.848833,0.0918617868,-0.136705255,0.0768987812
6.913942,0.21792,-10.520299,0.135709,0.0599350322,-0.4027615434,0.034329775
6.914991,2.511603,-13.688023,-4.49729,0.0386505291,-0.1675677844,0.0332655499
6.91601,1.870332,-8.49468,-5.28747,-0.0305241059,0.2517369261,0.0183663977
6.917057,-1.302396,-6.210472,2.50865,-0.0305241059,0.3868935206,0.0024030204
6.918106,-2.090173,-7.498631,2.710398,0.0258798273,0.2389662243,0.0173021725
6.919155,-1.283181,-8.97355,2.131573,0.0535496813,0.0942316034,0.0407151259
6.920172,-1.465715,-10.920156,3.522194,0.0705772837,-0.0430534414,0.0705134302
6.921221,-1.472921,-12.35437,0.865845,0.0663203831,-0.2229074924,0.0981832842
6.922269,-0.219201,-14.949844,0.469554,0.0631277077,-0.3718990139,0.1024401848
6.923318,1.829502,-13.233096,-3.402087,0.0471643304,-0.2782472004,0.0683849799
6.924367,1.839109,-6.339767,-5.172185,-0.0241387549,0.0591121733,0.006659921
6.925385,-0.956542,-3.524013,1.982664,-0.0518086089,0.2559938267,-0.0263310588
6.926433,-1.429689,-8.2744,1.80013,0.0205587015,0.0899747028,0.0226232983
6.927482,-0.970952,-12.457327,3.548613,0.058870807,-0.0058055611,0.0779630063
6.92853,-0.541037,-15.16773,1.401438,0.079091085,-0.1356410298,0.1279815885
6.929547,-0.00064,-18.028977,-0.291805,0.0833479856,-0.2782472004,0.1279815885
6.930596,1.193035,-14.095062,-3.546192,0.072705734,-0.2707976243,0.0768987812
6.931645,1.762253,-3.569505,-4.350783,0.0045953242,-0.026025839,0.0013387952
6.932693,-0.461779,-0.191079,1.305367,-0.0475517083,0.2134248206,-0.0422944361
6.93371,-2.299127,-3.926263,2.912146,-0.0283956555,0.2517369261,-0.0242026084
6.934761,-1.806766,-8.283978,1.941834,0.0077879997,0.1580851126,0.0183663977
6.935808,-1.0358,-13.017605,2.189216,0.0386505291,0.0133504917,0.0715776554
6.936857,-0.303262,-17.758415,1.627203,0.058870807,-0.1452190562,0.1301100388
6.937906,0.155474,-19.032209,0.399903,0.0812195353,-0.2782472004,0.1503303168
6.938923,0.741504,-13.024788,-2.960162,0.0907975617,-0.2835683262,0.1013759597
6.939971,1.346748,-4.39795,-3.884841,0.0471643304,-0.0654021697,0.0173021725
6.94102,-0.377717,-0.729808,0.183744,-0.0124322782,0.20916792,-0.0465513367
6.942069,-2.440831,-1.996418,2.287688,-0.0326525562,0.2772783298,-0.0678358397
6.943086,-2.133405,-6.725257,1.583972,-0.0113680531,0.1602135629,-0.0529366876
6.944136,-1.345627,-13.029577,2.064324,0.0205587015,0.001644015,0.0119810468
6.945184,-0.622697,-17.734472,2.133975,0.0418432046,-0.1675677844,0.1205320125
6.946232,0.301982,-19.022631,0.993138,0.072705734,-0.3165593059,0.2014131241
6.947251,1.30832,-14.83731,-1.929806,0.0971829126,-0.3133666305,0.1897066474
6.948298,2.002429,-6.306246,-4.273926,0.0503570058,-0.0526314678,0.0949906088
6.949346,0.100234,0.357226,-0.224555,-0.0347810065,0.2549296016,-0.0199457078
6.950395,-2.140611,0.256664,3.197956,-0.059258185,0.3081408593,-0.0912487931
6.951412,-1.934059,-5.954277,1.050781,-0.0252029801,0.1697915893,-0.097634144
6.952461,-0.889292,-19.465586,2.00428,0.051421231,-0.1675677844,0.1077613106
6.953511,0.117046,-19.166292,0.856238,0.1088893893,-0.3123024053,0.2184407266
6.954558,1.034519,-13.822106,-1.043556,0.1408161439,-0.3176235311,0.2195049517
6.955607,1.740637,-6.337372,-4.266721,0.0737699592,-0.0654021697,0.1152108867
6.956627,0.215518,-0.361078,-1.139627,-0.0539370592,0.2708929789,-0.0178172575
6.957673,-1.857203,0.400325,3.726344,-0.0943776151,0.3624163421,-0.1029552698
6.958722,-1.773141,-5.04203,0.904273,-0.0539370592,0.2357735488,-0.1231755477
6.95977,-1.369645,-13.565911,0.455144,-0.0134965034,0.0537910475,-0.0678358397
6.960788,-1.052612,-20.143186,1.961048,0.0343936285,-0.1622466586,0.0683849799
6.961836,-0.310468,-19.542205,1.274144,0.1035682635,-0.3548714115,0.2056700247
6.963934,1.108974,-7.496237,-3.423702,0.120595866,-0.2676049489,0.1620367934
6.962886,0.138662,-13.089435,1.03637,0.1567795212,-0.4336240728,0.2471748057
6.964951,1.265088,-2.482471,-3.630254,-0.0124322782,0.112323431,0.006659921
6.966002,-0.589072,1.415529,2.405374,-0.1050198666,0.3539025409,-0.1210470974
6.967048,-1.448903,-2.590217,1.807336,-0.0858638138,0.3113335347,-0.1710656796
6.968097,-1.304797,-13.185209,0.692918,-0.031588331,0.1580851126,-0.1221113226
6.969146,-1.292788,-21.275713,1.788122,0.0301367279,-0.026025839,0.0290086492
6.970163,-0.728374,-19.755302,1.262136,0.1078251641,-0.2239717176,0.1960919984
6.971212,-0.466582,-12.256202,1.876987,0.1631648721,-0.3718990139,0.2748446597
6.972261,0.904824,-7.345393,-2.145965,0.1354950181,-0.310173955,0.221633402
6.973309,2.456362,-2.791342,-4.40122,0.0035310991,0.0399561205,0.0683849799
6.974326,0.510935,1.176094,1.583972,-0.1082125421,0.34751719,-0.0816707667
6.975378,-1.410475,-2.884722,2.179609,-0.1039556415,0.3421960642,-0.1487169514
6.976424,-1.271173,-13.194787,0.16453,-0.0486159335,0.1729842648,-0.1093406207
6.977473,-1.292788,-21.096137,1.430259,0.0194944764,-0.0238973887,0.0258159738
6.97849,-0.951738,-20.207834,1.365411,0.100375588,-0.2026872145,0.186513972
6.979539,-0.039069,-6.880889,-1.302946,0.1567795212,-0.2750545249,0.2035415744
6.980587,1.961599,-1.833603,-5.073713,0.0184302512,0.0335707696,0.0396509008
6.981636,0.621416,0.170467,1.082003,-0.0847995887,0.3698659182,-0.1018910447
6.982685,-1.384055,-3.512041,1.828951,-0.086928039,0.4156275998,-0.1487169514
6.983702,-1.271173,-12.126907,-0.685694,-0.0550012844,0.2304524231,-0.111469071
6.984753,-1.064621,-20.095299,1.788122,0.0045953242,0.0101578162,0.0109168216
6.985799,-0.850864,-19.951638,1.516722,0.086540661,-0.1824669366,0.1641652438
6.986848,-1.302396,-13.735909,2.530266,0.1546510709,-0.3463576102,0.2482390309
6.987865,-0.903703,-7.144268,0.558419,0.1503941703,-0.3953119673,0.2109911505
6.988914,1.495657,-1.285297,-4.016938,0.0450358801,-0.1686320096,0.0726418805
6.989963,1.620549,0.089059,-0.964298,-0.0613866353,0.2155532709,-0.062514714
6.991011,-0.555447,-4.965411,0.580035,-0.1050198666,0.4007284476,-0.1135975214
6.992029,-1.292788,-12.565073,0.323047,-0.086928039,0.292177482,-0.0784780913
6.993077,-0.771606,-17.588416,1.70406,-0.0145607286,0.0825251267,0.0247517486
6.994128,-0.846061,-18.617986,1.317376,0.0673846083,-0.1100996261,0.1407522904
6.995175,-2.227074,-16.908421,3.265205,0.1397519187,-0.3005959286,0.2035415744
6.996224,-2.320743,-8.834678,1.999477,0.1472014948,-0.4144680201,0.1694863695
6.997241,0.398052,1.549612,-2.679156,0.0546139064,-0.2793114255,0.0439078014
6.998289,2.103303,1.489753,-2.249241,-0.0507443838,0.0889104776,-0.0646431643
6.999338,0.770325,-6.801876,-1.365392,-0.1188547936,0.3985999973,-0.0816707667
7.000386,-0.725973,-13.352814,-0.17652,-0.1231116942,0.3975357722,-0.03484486
7.001404,-0.476189,-16.609128,1.939433,-0.0379736819,0.1697915893,0.0396509008
7.002452,-0.680339,-18.467142,1.365411,0.0609992574,-0.0664663948,0.1120182112
7.003504,-2.282314,-17.384897,2.897736,0.1227243163,-0.2856967765,0.1492660916
7.00455,0.004163,2.433127,-0.911459,0.0950544623,-0.4155322452,0.0130452719
7.005567,2.429943,-0.052207,-2.847279,0.0173660261,-0.0728517457,-0.0571935882
7.006616,2.05767,-9.026226,-3.745538,-0.0805426881,0.3517740906,-0.0465513367
7.007665,-0.087104,-13.25704,-0.507963,-0.1177905685,0.4879949102,0.0034672456
7.008713,-0.706758,-14.61703,2.287688,-0.0422305825,0.2740856544,0.0598711787
7.009731,-0.992568,-16.774338,0.810604,0.0482285555,-0.0036771108,0.10350441
7.010779,-2.234279,-16.48941,3.258,0.1014398132,-0.227164393,0.1258531382
7.011828,-2.30393,-8.53299,3.291625,0.1152747402,-0.4102111194,0.0971190591
7.012879,-0.514618,0.543986,0.277413,0.0971829126,-0.4272387219,0.0173021725
7.013926,1.988019,-0.780089,-2.061903,0.0524854561,-0.1654393341,-0.0369733103
7.014943,2.509201,-9.117211,-5.585288,-0.0528728341,0.2825994556,-0.0242026084
7.015991,0.29958,-13.941823,-0.892245,-0.1114052175,0.5358850422,0.0268801989
7.01704,-1.333618,-14.810972,3.250795,-0.0294598807,0.368801693,0.0747703308
7.018089,-1.737114,-15.53646,0.620865,0.0439716549,0.0601763985,0.0939263836
7.019106,-2.169432,-13.838866,3.051448,0.0609992574,-0.1686320096,0.0939263836
7.020155,-2.128602,-7.232859,3.690317,0.092926012,-0.3357153587,0.0662565296
7.021203,-1.232744,-1.938954,0.589642,0.1035682635,-0.3878623912,0.0098525965
7.022255,1.032117,-4.869637,-1.334169,0.0758984095,-0.2367424194,-0.0178172575
7.023269,2.951125,-10.252132,-5.402754,-0.0060469273,0.1506355365,0.0013387952
7.024318,1.478845,-12.256202,-3.171517,-0.086928039,0.4890591354,0.0258159738
7.025367,-1.112656,-12.466905,2.765639,-0.0560655095,0.4294625268,0.0471004769
7.026416,-1.643446,-11.839585,1.521526,0.0152375758,0.1495713114,0.061999629
7.027464,-1.818774,-12.759015,3.037038,0.0663203831,-0.0824297721,0.0705134302
7.028481,-2.450438,-11.099732,4.358007,0.0961186874,-0.2676049489,0.0715776554
7.02953,-1.753927,-4.998931,1.235716,0.0801553101,-0.3974404176,0.0385866756
7.030579,0.81836,-5.245549,-0.116476,0.072705734,-0.3676421133,0.0055956959
7.03163,2.100901,-11.487616,-4.847947,-0.0858638138,0.3911504213,0.0247517486
7.032645,-0.889292,-9.615236,2.895334,-0.0709646617,0.4401047783,0.0428435762
7.033694,-1.804364,-9.639179,2.323714,0.0045953242,0.2102321451,0.0598711787
7.034743,-1.88122,-12.742255,3.289223,0.0599350322,0.0101578162,0.075834556
7.035791,-2.359171,-11.834797,3.755165,0.092926012,-0.1728889102,0.0768987812
7.036808,-1.78515,-7.026945,0.195753,0.0695130586,-0.3612567624,0.0428435762
7.037857,0.496524,-8.760453,0.265404,0.0663203831,-0.4251102716,0.0173021725
7.038905,2.917501,-11.370293,-5.064106,0.0429074297,-0.1526686323,0.0226232983
7.039955,1.779065,-9.840304,-5.282666,-0.0401021322,0.2900490317,0.020494848
7.041006,-1.516152,-8.58806,3.173938,-0.0305241059,0.4081780237,0.0215590732
7.042021,-2.006112,-7.144268,1.528731,0.0258798273,0.2166174961,0.0215590732
7.043069,-1.230343,-8.803551,1.7593,0.0535496813,0.0346349948,0.020494848
7.044118,-1.552179,-11.942542,4.326784,0.0876048862,-0.1015858249,0.0524216026
7.045167,-1.436894,-11.367899,0.918684,0.0812195353,-0.2495131212,0.0864768075
7.046184,0.032984,-12.694368,0.517589,0.0695130586,-0.3665778881,0.0864768075
7.047232,2.389113,-13.230702,-4.353184,0.0535496813,-0.2388708697,0.0577427284
7.048281,2.196972,-7.687785,-5.640529,-0.0209460795,0.1293510335,0.0109168216
7.04933,-1.067023,-4.038798,2.820879,-0.0432948077,0.306012409,-0.0146245821
7.050347,-2.260699,-5.288648,2.840093,0.0077879997,0.2102321451,0.0002745701
7.051396,-1.422484,-8.95679,1.886594,0.0482285555,0.1006169543,0.0322013247
