Time (s), Acceleration X (m/s^2), Acceleration Y (m/s^2), Acceleration Z (m/s^2), Gyro X (rad/s), Gyro Y (rad/s), Gyro Z (rad/s)
0.000164,-0.214397,-9.797206,0.229378,-0.0156249537,0.001644015,-0.0007896551
0.000939,-0.209594,-9.794812,0.248592,-0.0156249537,0.0005797899,-0.0007896551
0.001986,-0.192781,-9.787629,0.258199,-0.0156249537,0.001644015,-0.0029181054
0.003035,-0.195183,-9.794812,0.24619,-0.0156249537,0.0027082402,-0.0029181054
0.004085,-0.20479,-9.792417,0.226976,-0.0145607286,0.0005797899,-0.0029181054
0.005102,-0.20479,-9.78284,0.212566,-0.0145607286,-0.0004844353,-0.0029181054
0.006152,-0.209594,-9.792417,0.207762,-0.0156249537,0.001644015,-0.0029181054
0.007201,-0.214397,-9.804389,0.212566,-0.0156249537,0.001644015,-0.0029181054
0.00825,-0.209594,-9.794812,0.219771,-0.0156249537,0.001644015,-0.0029181054
0.0093,-0.20479,-9.780446,0.219771,-0.0145607286,0.001644015,-0.0018538802
0.01032,-0.211995,-9.785234,0.212566,-0.0145607286,0.0005797899,-0.0007896551
0.011367,-0.207192,-9.780446,0.229378,-0.0145607286,0.0005797899,-0.0018538802
0.012416,-0.199987,-9.778051,0.234181,-0.0145607286,0.0005797899,-0.0018538802
0.014483,-0.211995,-9.790023,0.236583,-0.0166891789,0.001644015,-0.0029181054
0.013465,-0.20479,-9.778051,0.234181,-0.0166891789,0.001644015,-0.0029181054
0.015533,-0.209594,-9.7996,0.236583,-0.0156249537,0.001644015,-0.0029181054
0.016582,-0.207192,-9.792417,0.229378,-0.0156249537,0.0005797899,-0.0029181054
0.017631,-0.209594,-9.785234,0.217369,-0.0145607286,0.0005797899,-0.0029181054
0.018649,-0.209594,-9.787629,0.222173,-0.0156249537,0.0005797899,-0.0029181054
0.019699,-0.211995,-9.797206,0.241387,-0.0156249537,0.0005797899,-0.0018538802
0.020748,-0.20479,-9.801995,0.241387,-0.0156249537,0.001644015,-0.0018538802
0.021797,-0.202388,-9.797206,0.229378,-0.0156249537,0.0005797899,-0.0018538802
0.022847,-0.219201,-9.785234,0.229378,-0.0156249537,0.0005797899,-0.0018538802
0.023864,-0.224004,-9.78284,0.229378,-0.0145607286,0.001644015,-0.0029181054
0.024914,-0.216799,-9.794812,0.229378,-0.0166891789,0.001644015,-0.0029181054
0.025964,-0.211995,-9.801995,0.238985,-0.0166891789,0.001644015,-0.0029181054
0.027013,-0.20479,-9.794812,0.24619,-0.0145607286,0.0027082402,-0.0029181054
0.02803,-0.202388,-9.785234,0.243788,-0.0145607286,0.0027082402,-0.0029181054
0.02908,-0.202388,-9.780446,0.236583,-0.0145607286,0.0005797899,-0.0029181054
0.030129,-0.20479,-9.780446,0.229378,-0.0145607286,0.0005797899,-0.0029181054
0.031179,-0.202388,-9.778051,0.229378,-0.0145607286,0.001644015,-0.0029181054
0.032199,-0.20479,-9.78284,0.226976,-0.0156249537,0.001644015,-0.0029181054
0.033246,-0.202388,-9.790023,0.224574,-0.0156249537,0.0005797899,-0.0029181054
0.034295,-0.197585,-9.787629,0.226976,-0.0156249537,-0.0004844353,-0.0039823305
0.035345,-0.202388,-9.785234,0.222173,-0.0156249537,-0.0015486604,-0.0039823305
0.036362,-0.207192,-9.792417,0.217369,-0.0156249537,0.0005797899,-0.0029181054
0.037412,-0.209594,-9.785234,0.226976,-0.0145607286,0.0005797899,-0.0039823305
0.038461,-0.214397,-9.78284,0.229378,-0.0134965034,-0.0004844353,-0.0039823305
0.03951,-0.211995,-9.78284,0.219771,-0.0134965034,-0.0004844353,-0.0039823305
0.04056,-0.209594,-9.787629,0.219771,-0.0145607286,0.001644015,-0.0039823305
0.041578,-0.207192,-9.794812,0.226976,-0.0145607286,0.001644015,-0.0039823305
0.042627,-0.202388,-9.792417,0.219771,-0.0145607286,0.0005797899,-0.0039823305
0.043677,-0.202388,-9.792417,0.214967,-0.0156249537,0.0005797899,-0.0029181054
0.044726,-0.211995,-9.794812,0.229378,-0.0156249537,0.001644015,-0.0029181054
0.045744,-0.219201,-9.797206,0.243788,-0.0156249537,0.001644015,-0.0039823305
0.046793,-0.209594,-9.7996,0.236583,-0.0156249537,0.001644015,-0.0039823305
0.047843,-0.199987,-9.794812,0.229378,-0.0156249537,0.0005797899,-0.0039823305
0.048892,-0.202388,-9.78284,0.226976,-0.0156249537,0.001644015,-0.0050465557
0.04991,-0.211995,-9.785234,0.214967,-0.0166891789,0.0027082402,-0.0050465557
0.050959,-0.216799,-9.787629,0.217369,-0.0166891789,0.0027082402,-0.0029181054
0.052009,-0.214397,-9.785234,0.229378,-0.0156249537,0.001644015,-0.0029181054
0.053058,-0.211995,-9.785234,0.226976,-0.0156249537,0.0027082402,-0.0039823305
0.054107,-0.209594,-9.780446,0.222173,-0.0156249537,0.001644015,-0.0050465557
0.055125,-0.202388,-9.778051,0.226976,-0.0156249537,0.0005797899,-0.0050465557
0.056174,-0.20479,-9.792417,0.226976,-0.0156249537,-0.0004844353,-0.0050465557
0.057224,-0.211995,-9.7996,0.222173,-0.0156249537,0.0005797899,-0.0050465557
0.058273,-0.224004,-9.790023,0.224574,-0.0166891789,0.0005797899,-0.0050465557
0.059291,-0.228808,-9.785234,0.219771,-0.0166891789,-0.0004844353,-0.0050465557
0.06034,-0.221603,-9.785234,0.214967,-0.0156249537,-0.0004844353,-0.0039823305
0.06139,-0.202388,-9.785234,0.222173,-0.0156249537,-0.0004844353,-0.0039823305
0.062442,-0.199987,-9.794812,0.243788,-0.0166891789,0.001644015,-0.0050465557
0.063456,-0.211995,-9.794812,0.238985,-0.0166891789,0.0005797899,-0.0039823305
0.064506,-0.221603,-9.7996,0.236583,-0.0156249537,0.0005797899,-0.0018538802
0.065555,-0.219201,-9.811572,0.226976,-0.0156249537,0.0005797899,-0.0029181054
0.066605,-0.214397,-9.85467,0.222173,-0.0166891789,0.0005797899,-0.0039823305
0.067654,-0.207192,-9.93129,0.226976,-0.0156249537,0.0005797899,-0.0061107808
0.068672,-0.173567,-9.897769,0.224574,-0.0156249537,0.001644015,-0.0050465557
0.069721,-0.151951,-9.737347,0.210164,-0.0156249537,0.0069651408,-0.0029181054
0.07077,-0.175969,-9.751713,0.152521,-0.0156249537,0.0144147169,-0.0018538802
0.071823,-0.168764,-9.758896,0.10929,-0.0156249537,0.0261211936,-0.0029181054
0.072838,-0.185576,-9.572137,0.066058,-0.0166891789,0.0346349948,-0.0061107808
0.073887,-0.288852,-9.629602,0.010818,-0.0134965034,0.0378276702,-0.0061107808
0.074939,-0.404136,-9.768474,0.06846,-0.0081753776,0.0388918954,-0.0050465557
0.077004,-0.466582,-10.036641,0.010818,-0.0049827022,0.0090935911,-0.0029181054
0.078053,-0.524225,-10.369455,0.265404,-0.0028542519,-0.0047413359,-0.0029181054
0.075986,-0.440163,-9.6727,0.051647,-0.0049827022,0.0282496439,-0.0029181054
0.079103,-0.240817,-9.325519,0.459947,-0.0017900267,-0.0196404881,-0.0061107808
0.080152,0.109841,-8.90172,0.517589,-0.0134965034,-0.0451818917,-0.0061107808
0.081201,0.066609,-10.321568,0.745757,-0.0294598807,-0.0632737194,0.0034672456
0.082219,0.059404,-10.570581,0.743355,-0.0326525562,-0.0622094942,0.0077241462
0.083269,0.186697,-9.519462,0.349466,-0.031588331,-0.0600810439,-0.0029181054
0.08432,0.446087,-9.581715,0.303832,-0.0411663574,-0.0568883684,-0.0146245821
0.085368,0.772727,-9.725376,0.556018,-0.0432948077,-0.0249616138,-0.0135603569
0.086385,0.51814,-9.229745,0.301431,-0.0283956555,0.0133504917,-0.0029181054
0.087435,-0.060684,-9.557771,0.135709,-0.0198818543,0.0208000678,0.0024030204
0.088484,-0.718767,-10.697481,-0.166913,0.0088522248,0.0303780942,-0.0061107808
0.089534,-1.251959,-10.367061,0.066058,0.0173660261,0.0261211936,-0.0103676814
0.090551,-1.314404,-9.921712,0.387894,0.0141733506,-0.0004844353,-0.0103676814
0.09265,-0.819641,-8.980733,1.086807,-0.0103038279,-0.0462461169,-0.0082392311
0.0916,-1.009381,-9.52425,0.575232,0.0045953242,-0.0238973887,-0.0103676814
0.093699,-0.447368,-8.75327,1.026763,-0.0337167813,-0.0664663948,-0.0061107808
0.094749,0.059404,-9.169887,0.644883,-0.0539370592,-0.0590168187,-0.0039823305
0.095766,0.064207,-9.785234,0.219771,-0.0624508605,-0.0207047132,-0.0029181054
0.096818,-0.125532,-10.094105,-0.565605,-0.0645793108,0.0208000678,-0.0082392311
0.097865,-0.046274,-10.118049,-0.764952,-0.0550012844,0.0516625972,-0.0178172575
0.098915,0.04019,-10.314385,-0.714515,-0.0326525562,0.0686901997,-0.0220741581
0.099932,0.028181,-10.49875,-0.824996,-0.0103038279,0.0729471003,-0.0220741581
0.100982,0.032984,-9.873825,-0.366259,0.0035310991,0.0676259745,-0.0188814827
0.102031,-0.065488,-9.184253,0.212566,0.0173660261,0.0495341469,-0.0124961318
0.10308,-0.382521,-9.890586,0.589642,0.0301367279,0.0261211936,-0.0039823305
0.104098,-0.543439,-10.350301,0.594446,0.0333294034,0.0112220414,0.0002745701
0.105148,-0.394529,-9.253689,0.092477,0.0173660261,0.0037724653,-0.0039823305
0.106199,-0.380119,-8.913691,0.070862,-0.0092396028,-0.0036771108,-0.0103676814
0.108264,0.011368,-9.220168,0.255797,-0.0496801586,0.0069651408,-0.0093034563
0.109316,-0.034265,-9.126788,0.481563,-0.0518086089,0.0080293659,-0.0082392311
0.107246,-0.308066,-9.555377,0.306234,-0.0326525562,-0.0058055611,-0.0114319066
0.110363,-0.132737,-10.182696,0.623267,-0.0422305825,-0.0132551371,-0.0061107808
0.111412,0.102635,-10.654383,0.395099,-0.0241387549,-0.0249616138,-0.0050465557
0.112462,0.078618,-10.26171,0.282217,-0.0007258016,-0.0217689384,-0.0061107808
0.113479,-0.106318,-10.237766,0.332654,0.0131091254,-0.0175120377,-0.0103676814
0.114529,-0.048676,-9.557771,0.443135,0.0109806751,0.0271854187,-0.0082392311
0.115578,-0.344092,-9.102845,0.476759,0.0035310991,0.0410203457,-0.0135603569
0.116627,-0.502609,-9.476363,0.702525,-0.0092396028,0.029313869,-0.0124961318
0.117645,-0.363307,-8.995099,0.35427,-0.0156249537,0.0186716175,-0.0093034563
0.118697,-0.649116,-9.078901,0.058853,-0.0209460795,0.0005797899,-0.0114319066
0.119744,-0.824445,-10.161147,-0.080449,-0.0273314304,-0.0228331635,-0.0114319066
0.120794,-0.579465,-9.998331,-0.335036,-0.0262672052,-0.0228331635,-0.0124961318
0.121811,-0.529028,-9.715798,-0.332634,-0.0252029801,-0.0111266868,-0.0178172575
0.122861,-0.320075,-10.527482,-0.409491,-0.0294598807,0.0027082402,-0.0199457078
0.12391,0.016172,-10.38861,-0.070842,-0.0230745298,0.029313869,-0.0167530324
0.124959,0.102635,-9.600869,0.363877,-0.0103038279,0.0410203457,-0.0167530324
0.126009,0.345213,-9.725376,0.503179,-0.0071111525,0.029313869,-0.0167530324
0.127026,0.479712,-9.742136,0.796194,-0.0028542519,0.0250569684,-0.0124961318
0.128077,0.239536,-9.220168,0.635276,0.0014026488,0.0250569684,-0.0061107808
0.129125,0.011368,-9.270449,0.356671,-0.0060469273,0.0197358426,-0.0007896551
0.130174,-0.192781,-9.749319,0.265404,-0.0188176292,0.0165431672,0.0013387952
0.131194,-0.382521,-9.790023,0.063656,-0.0262672052,0.0197358426,-0.0029181054
0.132242,-0.507412,-9.701432,0.195753,-0.0283956555,0.0271854187,-0.0114319066
0.133291,-0.536233,-9.785234,0.414314,-0.0198818543,0.0346349948,-0.0156888072
0.13434,-0.61309,-10.062979,0.419117,-0.0028542519,0.0442130212,-0.0146245821
0.135358,-0.716366,-10.321568,0.438331,0.0120449003,0.0505983721,-0.0124961318
0.136408,-0.589072,-9.85467,0.140513,0.0194944764,0.0495341469,-0.0114319066
0.137457,-0.512216,-9.483546,-0.190931,0.0131091254,0.0452772463,-0.0114319066
0.138506,-0.377717,-9.976782,-0.133288,-0.0007258016,0.0367634451,-0.0103676814
0.139555,0.042591,-9.756502,-0.311019,-0.0188176292,0.0399561205,-0.0124961318
0.140575,0.198706,-9.114817,-0.277394,-0.0369094568,0.0463414715,-0.0114319066
0.141623,0.369231,-10.319174,-0.174118,-0.0252029801,0.0463414715,-0.0018538802
0.142672,0.424471,-10.350301,-0.27259,-0.0028542519,0.0505983721,0.0055956959
0.143721,0.225125,-9.761291,-0.207743,0.0109806751,0.0410203457,0.0087883713
0.144739,0.251545,-10.146781,0.078067,0.0141733506,0.0303780942,0.0087883713
0.145788,0.388445,-10.395793,0.447938,0.0184302512,0.0495341469,0.0109168216
0.146838,0.186697,-9.512279,0.678507,0.0184302512,0.0697544249,0.0151737222
0.147887,-0.173567,-9.488335,0.937898,0.00991645,0.0527268224,0.0162379474
0.148905,-0.173567,-10.106077,1.190083,-0.0017900267,0.0250569684,0.0173021725
0.149955,-0.055881,-9.481152,0.959514,-0.0017900267,0.0261211936,0.0141094971
0.151004,-0.238415,-9.169887,0.649686,-0.0028542519,0.0239927432,0.0087883713
0.152053,-0.142344,-9.981571,0.589642,-0.0156249537,0.0037724653,0.0055956959
0.153103,0.13626,-9.763685,0.28702,-0.0198818543,0.0005797899,0.006659921
0.15412,-0.19038,-9.351857,-0.001191,-0.0124322782,0.0122862666,0.0087883713
0.15517,-0.480993,-10.448469,0.092477,-0.0092396028,-0.0004844353,0.0077241462
0.156219,-0.111121,-10.786072,0.049246,-0.003918477,-0.0175120377,0.0055956959
0.157269,-0.0823,-9.488335,-0.073244,0.0077879997,-0.0185762629,0.0034672456
0.158287,-0.370512,-9.227351,-0.010798,0.0109806751,-0.0292185144,0.0045314707
0.159336,0.001761,-10.098894,0.080469,0.0077879997,-0.0324111899,0.0109168216
0.160385,0.148269,-9.651151,0.1237,0.0077879997,-0.0132551371,0.0162379474
0.161434,-0.392128,-9.045381,-0.025209,-0.0017900267,-0.012190912,0.0173021725
0.162452,-0.44977,-9.849882,0.116495,-0.0166891789,-0.0217689384,0.0141094971
0.163502,-0.250424,-9.897769,0.308636,-0.0156249537,-0.0015486604,0.0141094971
0.164551,-0.639509,-9.631996,0.116495,-0.0081753776,0.0176073923,0.0141094971
0.1656,-0.699553,-10.280864,0.318243,-0.0113680531,0.0112220414,0.0098525965
0.166618,-0.303262,-9.739742,0.349466,0.0014026488,0.0516625972,0.0077241462
0.167667,-0.742785,-10.256921,0.721739,-0.0028542519,0.0548552727,0.0045314707
0.168716,-0.44977,-9.481152,0.721739,-0.0092396028,0.0452772463,0.0002745701
0.169766,-0.526626,-9.268055,0.77698,-0.0060469273,0.0452772463,-0.0018538802
0.170818,-0.884489,-9.83791,0.959514,-0.0081753776,0.0314423193,-0.0029181054
0.171833,-0.54584,-9.667911,0.563223,-0.0188176292,0.0090935911,-0.007175006
0.172882,-0.356101,-9.715798,0.558419,-0.0230745298,0.0027082402,-0.0114319066
0.173932,-0.502609,-9.96481,0.443135,-0.0273314304,0.0027082402,-0.0135603569
0.174981,-0.228808,-9.699038,0.241387,-0.0326525562,0.0059009156,-0.0167530324
0.175999,-0.043872,-9.711009,0.366278,-0.0273314304,0.0197358426,-0.0167530324
0.177048,-0.156755,-10.010303,0.299029,-0.0198818543,0.0367634451,-0.0135603569
0.178098,-0.236013,-9.734953,0.255797,-0.0134965034,0.0580479482,-0.0135603569
0.179147,-0.404136,-9.459603,0.126102,-0.0081753776,0.0793324512,-0.0146245821
0.180165,-0.565055,-9.629602,0.138111,-0.0092396028,0.0910389279,-0.0156888072
0.181214,-0.468984,-9.52425,0.126102,-0.0156249537,0.0942316034,-0.0199457078
0.182263,-0.221603,-9.179464,-0.020405,-0.0220103046,0.098488504,-0.0199457078
0.183315,-0.187978,-9.557771,0.006014,-0.0241387549,0.1027454046,-0.0135603569
0.184362,-0.211995,-10.213823,-0.034816,-0.0220103046,0.1091307555,-0.0061107808
0.18538,-0.142344,-10.153964,-0.320626,-0.0156249537,0.1293510335,-0.0039823305
0.186429,-0.28645,-10.264104,-0.628051,-0.0103038279,0.1516997617,-0.0093034563
0.187479,-0.382521,-10.161147,-0.455124,-0.0060469273,0.1687273641,-0.0167530324
0.188528,-0.183174,-8.980733,-0.697702,0.0045953242,0.1836265163,-0.0220741581
0.189546,-0.139943,-8.573694,-0.901852,0.0131091254,0.1825622911,-0.0242026084
0.190595,-0.257629,-9.368618,-0.289403,0.0269440524,0.1548924371,-0.0188814827
0.191644,-0.267236,-10.012697,-0.061235,0.0397147543,0.1165803316,-0.0114319066
0.192696,-0.836454,-10.563398,0.623267,0.0301367279,0.0208000678,-0.0188814827
0.193712,-0.512216,-10.086922,0.522393,0.0056595494,-0.0100624617,-0.0305879594
0.194761,-0.14955,-9.023831,0.664097,-0.0220103046,0.0048366905,-0.0337806348
0.19581,-0.120729,-8.444399,0.865845,-0.0401021322,0.0335707696,-0.0295237342
0.19686,-0.12313,-9.007071,0.964317,-0.0411663574,0.0537910475,-0.0263310588
0.197909,-0.10872,-10.187485,0.616062,-0.0241387549,0.0676259745,-0.0231383833
0.198927,-0.207192,-10.956071,0.332654,0.0035310991,0.0676259745,-0.0231383833
0.199976,-0.348896,-10.596918,0.385492,0.0205587015,0.0367634451,-0.0295237342
0.201025,-0.156755,-9.711009,0.323047,0.0152375758,0.0059009156,-0.0337806348
0.202075,0.141064,-9.016648,0.40951,0.0014026488,0.0208000678,-0.0242026084
0.203092,0.131456,-8.434822,0.70973,-0.0134965034,0.0591121733,-0.0082392311
0.204141,0.181894,-8.691017,1.106021,-0.0188176292,0.0740113255,0.0055956959
0.205193,0.698272,-9.842699,0.544009,-0.0113680531,0.0952958285,0.0141094971
0.20624,1.111375,-10.929733,-0.88504,-0.0103038279,0.1591493378,0.0141094971
0.207257,0.508533,-11.513954,-1.110805,-0.0092396028,0.2155532709,0.0002745701
0.208307,-0.296057,-10.996775,-0.433508,0.0035310991,0.1963972181,-0.0146245821
0.209357,-0.192781,-9.45242,-0.587221,0.023751377,0.1485070862,-0.0156888072
0.210406,0.124251,-7.972712,-1.372597,0.0301367279,0.1442501856,-0.0029181054
0.211455,0.107439,-7.510603,-1.098797,0.0152375758,0.1495713114,0.0119810468
0.212473,-0.132737,-9.208196,0.404707,0.0120449003,0.0952958285,0.0279444241
0.213522,-0.296057,-12.052682,1.420652,0.0333294034,0.0037724653,0.0407151259
0.214574,-0.034265,-12.270568,0.966719,0.0429074297,-0.0473103421,0.0332655499
0.215621,-0.070292,-10.288047,0.678507,0.0120449003,-0.0324111899,0.0077241462
0.216638,-0.713964,-9.435659,1.790523,-0.0326525562,0.0005797899,-0.0114319066
0.21769,-0.966149,-8.896931,2.261269,-0.0656435359,0.0250569684,-0.0167530324
0.218737,-0.310468,-9.284815,2.246858,-0.0720288868,0.0442130212,-0.0039823305
0.219786,-0.255227,-11.818036,1.341394,-0.0390379071,0.0271854187,-0.0018538802
0.220804,-0.197585,-12.047894,0.435929,-0.0071111525,0.0335707696,-0.0135603569
0.221853,-0.305664,-9.165098,0.500777,0.0109806751,0.0591121733,-0.0305879594
0.222903,-0.584269,-7.223281,0.202958,0.0077879997,0.0750755506,-0.0369733103
0.223953,-0.69475,-8.662285,-0.020405,-0.017753404,0.0867820273,-0.0199457078
0.225002,-0.394529,-10.783678,-0.030012,-0.0358452316,0.1187087819,0.0109168216
0.226019,0.165081,-11.023113,-0.709711,-0.0390379071,0.1687273641,0.0247517486
0.227071,0.441284,-10.71903,-1.387008,-0.0326525562,0.2198101715,0.0087883713
0.228118,0.287571,-10.417342,-1.125216,-0.0134965034,0.2559938267,-0.0135603569
0.229168,0.165081,-9.208196,-1.175653,0.0077879997,0.2740856544,-0.0220741581
0.230185,0.239536,-8.176232,-1.475873,0.0077879997,0.2943059323,-0.0124961318
0.231235,0.105037,-8.523413,-1.367794,-0.0049827022,0.3241042366,0.0077241462
0.232284,-0.569858,-10.683115,-0.471937,-0.0007258016,0.3283611372,0.0279444241
0.233333,-1.107853,-12.055077,0.320645,0.0248156021,0.2900490317,0.034329775
0.234351,-0.757195,-10.343118,-0.647265,0.0280082776,0.2400304494,0.0141094971
0.2354,-0.456975,-9.095662,0.171736,-0.0028542519,0.1868191918,-0.0124961318
0.23645,-0.639509,-9.502701,2.237251,-0.0230745298,0.1250941328,-0.0114319066
0.237499,-0.6275,-9.335097,2.652756,-0.0230745298,0.0718828752,0.006659921
0.238516,-0.459377,-9.548194,2.484633,-0.0198818543,0.0303780942,0.0119810468
0.239568,-0.243218,-10.984803,1.257332,-0.0113680531,0.0229285181,-0.0082392311
0.240615,-0.459377,-11.190717,0.632874,-0.0071111525,0.0537910475,-0.0401659857
0.241664,-0.997372,-8.803551,1.120432,-0.0198818543,0.0474056966,-0.062514714
0.242714,-0.956542,-7.414829,1.326983,-0.0283956555,-0.0334754151,-0.0593220385
0.243731,-0.6275,-8.937635,0.940299,-0.0241387549,-0.1079711758,-0.0337806348
0.244781,0.575782,-11.226632,-1.768888,-0.0113680531,0.0250569684,-0.0050465557
0.24583,0.474908,-10.010303,-1.884173,0.0088522248,0.1176445568,-0.0316521845
0.24688,-0.264834,-9.567349,-1.374999,0.0194944764,0.1059380801,-0.0508082373
0.247897,-0.365708,-9.289604,-0.985914,0.0258798273,0.0537910475,-0.0412302109
0.249996,0.042591,-9.615236,-0.315822,-0.0071111525,0.0644332991,0.0013387952
0.248949,0.004163,-8.815523,-1.367794,0.0141733506,0.0410203457,-0.0188814827
0.251045,-0.089506,-10.53706,0.452742,-0.0081753776,0.1059380801,0.006659921
0.252065,-0.005444,-10.391004,0.306234,-0.0103038279,0.1421217353,-0.0018538802
0.253112,-0.055881,-9.998331,1.223707,-0.0230745298,0.1357363844,-0.007175006
0.254162,-0.139943,-9.308759,1.607989,-0.0369094568,0.1016811795,-0.0050465557
0.255211,-0.031863,-8.621581,1.687247,-0.0390379071,0.1016811795,-0.0018538802
0.25626,-0.19038,-9.330308,1.557552,-0.0273314304,0.1474428611,-0.0029181054
0.257278,-0.372914,-10.153964,0.692918,-0.0124322782,0.195332993,-0.0124961318
0.258328,-0.423351,-9.483546,0.337457,0.0035310991,0.2059752445,-0.0273952839
0.259377,-0.656321,-9.323125,0.359073,0.0258798273,0.1878834169,-0.0327164097
0.260426,-0.550644,-9.907346,-0.005995,0.0492927807,0.1793696157,-0.0263310588
0.261446,-0.262432,-9.89298,-0.366259,0.0631277077,0.1804338408,-0.0135603569
0.262493,-0.324878,-10.369455,-0.020405,0.0631277077,0.1463786359,-0.0029181054
0.263542,-0.10872,-10.726213,-0.580016,0.0492927807,0.0857178022,-0.0007896551
0.264592,0.244339,-9.715798,-1.252509,0.0173660261,0.0495341469,-0.0114319066
0.265609,0.193902,-8.870593,-0.178922,-0.0103038279,0.0356992199,-0.0146245821
0.266659,0.220322,-8.954395,0.147718,-0.017753404,0.0250569684,-0.0029181054
0.267708,0.213116,-9.308759,0.385492,-0.0156249537,0.0037724653,0.0098525965
0.268757,0.028181,-9.514673,1.579168,-0.0156249537,-0.0313469647,0.0151737222
0.269807,-0.007846,-9.746925,0.133307,-0.0305241059,-0.0058055611,-0.0167530324
0.270826,-0.360905,-9.682277,0.27261,-0.0347810065,0.0654975242,-0.0295237342
0.271874,-0.591474,-9.227351,0.058853,-0.0241387549,0.1336079341,-0.0295237342
0.272923,-0.956542,-9.749319,-0.311019,-0.0081753776,0.1836265163,-0.0273952839
0.273973,-1.32161,-10.604102,-0.344643,0.0120449003,0.2208743967,-0.0295237342
0.274991,-1.285583,-10.213823,-0.159708,0.037586304,0.2304524231,-0.0337806348
0.27604,-1.067023,-9.143549,0.159727,0.0578065819,0.1921403175,-0.0284595091
0.277089,-0.622697,-8.798763,0.36868,0.0663203831,0.1229656825,-0.007175006
0.278139,-0.019855,-9.699038,0.786587,0.0673846083,0.0686901997,0.0151737222
0.279156,0.621416,-10.714242,1.36301,0.0524854561,0.0580479482,0.0300728744
0.280205,1.361159,-10.034247,1.187681,0.0152375758,0.1080665304,0.0300728744
0.281255,1.317927,-9.031014,0.81781,-0.0262672052,0.1825622911,0.0109168216
0.282304,0.489319,-8.674257,1.737685,-0.0528728341,0.2070394697,-0.0082392311
0.283354,0.131456,-8.032571,1.720872,-0.0550012844,0.1793696157,-0.0156888072
0.284371,0.169885,-8.935241,0.438331,-0.0401021322,0.1623420132,-0.0188814827
0.285421,0.21792,-10.7741,0.142914,-0.0220103046,0.1804338408,-0.0156888072
0.28647,0.237134,-10.833959,-0.731327,-0.0071111525,0.2059752445,-0.0124961318
0.287519,-0.305664,-10.106077,-1.235697,0.0035310991,0.2006541188,-0.0124961318
0.288537,-1.112656,-9.957627,-0.637658,0.0152375758,0.1719200396,-0.007175006
0.289587,-1.13187,-10.153964,-0.726523,0.0269440524,0.1761769402,0.0034672456
0.290636,-0.665929,-9.85467,-0.277394,0.0194944764,0.2187459464,0.0087883713
0.291685,-0.526626,-9.409322,0.906675,0.00991645,0.2389662243,0.0109168216
0.292703,-0.509814,-9.41411,1.312573,0.0184302512,0.2134248206,0.0130452719
0.293752,-0.553046,-9.074113,0.971522,0.0226871518,0.1591493378,0.0077241462
0.294802,-0.553046,-8.348625,0.728944,0.0077879997,0.0974242788,-0.0039823305
0.295851,-1.045407,-11.135647,0.527196,-0.0049827022,0.0176073923,-0.0252668336
0.296869,-0.774008,-10.908184,0.392698,-0.0209460795,-0.0196404881,-0.0284595091
0.297918,-0.019855,-7.694968,-0.229359,-0.0411663574,-0.0175120377,-0.03484486
0.298967,-0.168764,-8.339048,0.10929,-0.0518086089,0.0027082402,-0.0327164097
0.300017,0.0546,-11.741417,0.373484,-0.0507443838,0.043148796,-0.0114319066
0.301069,1.056135,-12.110147,-0.474338,-0.0273314304,0.167663139,-0.0007896551
0.302084,0.760718,-10.106077,-0.587221,-0.0007258016,0.3230400114,-0.0061107808
0.303133,-0.40894,-9.155521,0.126102,0.0173660261,0.3805081697,-0.0029181054
0.304183,-0.843659,-9.974388,-0.022807,0.0450358801,0.354966766,0.0002745701
0.305232,-0.798025,-9.100451,-1.214081,0.0503570058,0.3400676139,-0.0114319066
0.30625,-0.889292,-6.545681,-0.620846,0.0333294034,0.3262326869,-0.0295237342
0.307299,-1.600214,-8.554539,1.689649,0.0609992574,0.2464158004,-0.0305879594
0.308348,-1.876417,-12.452539,1.80013,0.0897333365,0.1155161065,-0.0103676814
0.309398,-0.401735,-10.33354,0.306234,0.0524854561,0.0325065445,0.0045314707
0.310415,0.90002,-7.386097,0.176539,-0.0028542519,0.0303780942,-0.0018538802
0.311464,0.691067,-10.201851,1.456678,-0.0358452316,0.0442130212,-0.0061107808
0.312514,0.890413,-13.072675,1.427857,-0.0486159335,0.084653577,0.0013387952
0.313566,1.64937,-11.217055,-0.294206,-0.0518086089,0.2261955224,0.0013387952
0.314613,1.027314,-8.971156,-0.781764,-0.0603224102,0.3762512691,-0.0103676814
0.31563,-0.36811,-10.091711,-0.534382,-0.059258185,0.4113706992,-0.0167530324
0.31668,-0.77641,-10.012697,-0.38067,-0.0230745298,0.3847650703,-0.0146245821
0.317729,-0.95414,-6.595962,-0.010798,0.0365220788,0.327296912,-0.021009933
0.318778,-2.054147,-8.015811,0.70973,0.0950544623,0.1857549666,-0.0316521845
0.319796,-2.647382,-12.426201,1.485499,0.1237885414,0.0090935911,-0.0188814827
0.320845,-1.177504,-9.943261,0.411912,0.0907975617,-0.0909435734,0.0045314707
0.321894,0.410061,-7.362153,0.445536,0.0429074297,-0.0845582224,0.0077241462
0.322946,1.17142,-12.766198,1.065191,-0.0252029801,0.0686901997,0.0130452719
0.323961,2.019242,-11.815642,-1.238099,-0.0560655095,0.271957204,-0.0039823305
0.325011,1.075349,-10.249738,-1.639193,-0.0773500126,0.4784168839,-0.0422944361
0.32606,-0.680339,-10.15157,-0.512767,-0.0699004365,0.5135363139,-0.0635789391
0.327109,-1.232744,-8.635947,0.296627,-0.0156249537,0.4220129507,-0.0529366876
0.328159,-1.420082,-6.854552,-0.827397,0.0354578537,0.3092050844,-0.03484486
0.329176,-1.926854,-8.49468,0.166932,0.0556781316,0.1910760924,-0.0039823305
0.330226,-1.739516,-9.785234,2.587908,0.0780268598,0.0410203457,0.0396509008
0.331275,-0.975756,-10.084528,2.583105,0.0961186874,-0.1281914537,0.061999629
0.332327,0.566175,-9.411716,1.413447,0.0609992574,-0.1728889102,0.0545500529
0.333342,2.710949,-8.358203,-1.002726,-0.0230745298,0.0250569684,0.0130452719
0.334391,2.629289,-13.393518,-1.761683,-0.0879922642,0.34751719,-0.0412302109
0.335443,0.498926,-15.847725,0.118897,-0.0890564893,0.5561053201,-0.0635789391
0.336489,-0.322477,-8.784397,-0.010798,-0.0305241059,0.5465272937,-0.0784780913
0.337507,-0.111121,-2.832046,-1.557533,0.0280082776,0.4592608311,-0.1072121704
0.338556,-1.23995,-5.073156,-2.095528,0.0429074297,0.3975357722,-0.117854422
0.339606,-2.760265,-11.432546,1.692051,0.0684488334,0.2847279059,-0.0678358397
0.340655,-2.488866,-11.446912,4.052983,0.1301738923,0.098488504,0.020494848
0.341704,-1.583402,-7.132296,1.929825,0.1408161439,-0.1111638513,0.0651923045
0.342722,-1.129469,-6.356527,3.63988,0.0886691114,-0.2920821274,0.0630638542
0.343771,0.88561,-9.119605,1.194886,0.0184302512,-0.2782472004,0.0534858278
0.344823,3.89742,-12.644087,-5.020874,-0.0911849396,0.0899747028,0.0279444241
0.34587,3.056803,-12.821268,-4.098598,-0.1816440777,0.5816467238,-0.0199457078
0.346887,-0.399333,-10.158753,-0.133288,-0.1571668991,0.7529869735,-0.0518724624
0.347937,-1.607419,-7.161028,0.584839,-0.0443590329,0.6295368557,-0.0603862637
0.348986,-1.852399,-9.390167,1.78572,0.0961186874,0.3868935206,-0.03484486
0.350035,-1.86681,-9.08369,4.410846,0.1493299451,0.2421588997,0.0194306229
0.351053,-1.753927,-6.442724,3.438132,0.1652933224,0.098488504,0.048164702
0.352102,-1.40327,-7.326238,4.290758,0.1408161439,-0.0356038654,0.0460362517
0.353152,0.914431,-10.726213,0.248592,0.0897333365,-0.0462461169,0.0332655499
0.354202,3.760519,-13.747881,-6.675688,-0.031588331,0.2442873501,-0.0050465557
0.355251,1.858323,-15.215617,-4.434844,-0.142267747,0.6103808029,-0.0497440121
0.356268,-1.657856,-10.996775,0.803399,-0.1188547936,0.6391148821,-0.0646431643
0.35732,-1.705892,-5.013297,-0.046825,-0.0273314304,0.4411690035,-0.0827349919
0.358367,-1.038202,-5.382027,0.887461,0.0386505291,0.299627058,-0.0891203428
0.359416,-1.506545,-7.225676,3.519792,0.0907975617,0.1900118672,-0.0603862637
0.360434,-1.934059,-7.76201,3.09468,0.1184674157,0.0346349948,-0.0273952839
0.361483,-1.660258,-10.616073,4.987269,0.128045442,-0.1313841292,0.0087883713
0.362532,-0.219201,-11.267336,3.882458,0.1259169917,-0.2505773464,0.0502931523
0.363582,2.588459,-10.606496,-4.559736,0.0269440524,-0.2122652409,0.0545500529
0.364599,3.743707,-14.899563,-8.440984,-0.1316254955,0.0942316034,0.0130452719
0.365649,0.98168,-14.557171,-3.197937,-0.2061212562,0.4209487256,-0.0369733103
0.3667,-1.374448,-6.452301,1.425455,-0.1827083028,0.4390405532,-0.0848634422
0.367747,-1.261566,-3.780208,2.724809,-0.0816069132,0.306012409,-0.1167901968
0.368764,-1.338422,-6.643849,3.229179,0.0397147543,0.2634434028,-0.1082763956
0.369816,-1.496938,-8.362991,3.373285,0.1152747402,0.2134248206,-0.0752854158
0.370863,-1.175102,-9.531433,4.312374,0.1599721966,0.0782682261,-0.0391017606
0.371913,-1.043005,-11.906627,3.428525,0.1801924746,-0.095200474,-0.0007896551
0.372962,0.573381,-15.055196,-0.719318,0.1429445942,-0.2026872145,0.0396509008
0.373979,3.441085,-15.522094,-6.339442,0.0482285555,-0.0153835874,0.0566785032
0.375029,-0.514618,-4.551188,1.269341,-0.1635522501,0.6444360078,-0.0412302109
0.376079,-2.363974,-1.055439,5.381158,-0.1412035218,0.5284354661,-0.0986983692
0.377127,-2.22227,-3.935841,4.480497,-0.086928039,0.396471547,-0.131689349
0.378145,-1.564188,-11.837191,5.787055,-0.0071111525,0.3262326869,-0.0986983692
0.379196,-0.783615,-13.805346,4.660629,0.0886691114,0.1836265163,-0.0295237342
0.380243,-0.706758,-12.074232,0.471956,0.1333665678,-0.0632737194,0.0109168216
0.381293,0.35482,-13.652107,-1.461463,0.128045442,-0.2580269225,0.0396509008
0.38231,3.253747,-13.54915,-6.814991,0.0620634825,-0.0877508979,0.0641280793
0.383359,3.647636,-6.931171,-8.882908,-0.0688362114,0.3985999973,0.0268801989
0.384409,0.246741,0.625393,-2.155572,-0.142267747,0.6625278354,-0.0667716146
0.385458,-2.039736,-1.838391,1.25493,-0.0720288868,0.5369492673,-0.1370104747
0.386508,-1.823578,-10.903395,0.70973,0.0641919328,0.3443245145,-0.1274324483
0.387525,-1.357636,-15.3497,1.062789,0.1748713488,0.1719200396,-0.0444228864
0.388577,-1.026193,-14.901957,1.523928,0.2355321826,-0.061145269,0.0449720265
0.389624,-0.752392,-14.966605,1.619998,0.2621378114,-0.268669174,0.0875410327
0.390673,0.357222,-14.061541,-0.695301,0.2514955599,-0.2665407237,0.0630638542
0.391693,2.019242,-6.785115,-4.831135,0.1376234684,0.0516625972,-0.0412302109
0.39274,1.041724,0.651731,-2.828065,-0.0166891789,0.4369121029,-0.1753225803
0.393789,-1.597812,-1.646843,2.669568,-0.0379736819,0.5305639164,-0.2370476392
0.394838,-2.260699,-8.413273,1.735283,0.0312009531,0.3911504213,-0.2093777852
0.395856,-1.741918,-12.627326,1.310171,0.072705734,0.20916792,-0.1338177993
0.396905,-1.650651,-15.658571,3.659094,0.1025040383,-0.0089982365,-0.0284595091
0.397954,-1.684276,-17.037716,4.216303,0.1450730445,-0.2239717176,0.0800914566
0.399003,-1.566589,-14.312948,5.318712,0.1887062758,-0.351678736,0.1322384891
0.400053,2.499594,0.831307,-2.201205,0.0429074297,-0.0366680905,-0.0550651379
0.401073,2.427541,-1.043467,-2.17959,-0.0996987408,0.3528383157,-0.187029057
0.402119,0.157876,-10.165936,-0.090056,-0.1507815482,0.5316281415,-0.2210842619
0.403169,-0.949336,-15.814204,2.170002,-0.0975702905,0.4060495734,-0.1678730042
0.404218,-0.990166,-17.071237,2.54948,-0.0156249537,0.1910760924,-0.0774138661
0.405236,-1.470519,-17.368136,3.822414,0.0556781316,0.0442130212,0.0236875235
0.406285,-2.24869,-13.929852,5.354738,0.1365592433,-0.0526314678,0.1024401848
0.407334,-1.059818,-4.620624,1.149253,0.1589079715,-0.0696590703,0.089669483
0.408383,2.362694,3.608752,-3.185928,0.0535496813,0.1091307555,-0.0284595091
0.409401,3.553968,0.622999,-5.868696,-0.1167263433,0.4496828047,-0.159359203
0.410452,1.272294,-11.980852,-4.984848,-0.2274057593,0.65933516,-0.1923501827
0.4115,-0.778811,-19.408121,0.721739,-0.1741945016,0.5156647642,-0.1189186471
0.412549,-1.28078,-17.008984,0.505581,-0.0337167813,0.2070394697,-0.0178172575
0.413599,-1.823578,-15.37125,1.447071,0.0876048862,-0.0004844353,0.0577427284
0.414616,-2.491268,-13.154083,4.713468,0.1982843022,-0.1186134273,0.0981832842
0.415665,-1.119862,-3.303733,0.423921,0.2323395071,-0.1654393341,0.0534858278
0.416714,2.127321,3.515372,-2.364525,0.14826572,-0.0132551371,-0.0710285152
0.417764,3.212917,-2.939792,-4.12982,0.0056595494,0.3358107133,-0.1710656796
0.418782,1.020108,-14.818155,-2.45339,-0.0933133899,0.5635548961,-0.1742583551
0.41983,-0.745187,-18.613198,3.258,-0.0496801586,0.4401047783,-0.0965699189
0.42088,-1.124665,-14.952239,1.884192,0.0567423567,0.1687273641,-0.0263310588
0.421929,-2.063754,-13.75267,2.89053,0.1248527666,-0.0356038654,0.0013387952
0.422949,-2.705025,-9.93129,4.612594,0.1599721966,-0.171824685,-0.0039823305
0.423996,-1.328815,-0.847131,0.652088,0.155715296,-0.2378066446,-0.0614504888
0.425045,0.916833,0.649337,-2.025877,0.1035682635,-0.1377694801,-0.1412673753
0.426094,0.311589,-16.700113,-0.414294,-0.0432948077,0.4017926728,-0.0869918925
0.427112,-0.468984,-13.137322,3.889663,0.0397147543,0.3645447924,-0.0039823305
0.428161,-0.346494,-8.827495,0.623267,0.100375588,0.1932045427,0.0151737222
0.42921,-1.15829,-11.940148,2.50865,0.1216600911,0.0654975242,0.0130452719
0.43026,-1.304797,-11.597756,1.583972,0.134430793,0.0090935911,0.0290086492
0.431309,0.655041,-6.907227,-2.532649,0.0833479856,0.0686901997,0.0098525965
0.432327,1.524479,-5.791461,-1.925003,0.0024668739,0.2347093237,-0.0540009127
0.433376,0.748709,-8.602426,-1.562337,-0.0411663574,0.368801693,-0.104019495
0.434425,0.386043,-11.422969,1.014754,-0.0071111525,0.3890219709,-0.1050837201
0.435474,-0.072693,-10.941705,2.198823,0.0737699592,0.3304895875,-0.0784780913
0.436492,-0.922917,-9.995937,1.816943,0.1312381175,0.2219386218,-0.0518724624
0.437541,-2.078165,-11.025507,3.238786,0.1748713488,0.0921031531,-0.0242026084
0.43859,-2.349564,-11.006352,2.393366,0.1918989513,-0.0483745672,0.0045314707
0.439639,0.081019,-9.766079,-0.628051,0.1546510709,-0.1547970826,-0.0050465557
0.440657,2.665316,-9.758896,-5.578083,0.0609992574,-0.0590168187,-0.0603862637
0.441706,1.997626,-10.383821,-3.776761,-0.0443590329,0.2144890457,-0.1029552698
0.442756,-0.553046,-8.554539,2.832888,-0.0411663574,0.3464529648,-0.1008268195
0.443805,-1.693883,-5.350901,2.213233,0.0397147543,0.2453515752,-0.0933772434
0.444854,-1.893229,-7.402857,1.557552,0.0886691114,0.1059380801,-0.0923130183
0.445872,-2.702623,-13.937035,2.981797,0.1237885414,-0.0302827396,-0.0518724624
0.446921,-2.099781,-16.704902,1.619998,0.1642290973,-0.2186505918,0.0141094971
0.447971,0.482114,-14.61703,-1.391812,0.1674217727,-0.351678736,0.0364582253
0.44902,2.98475,-10.470018,-4.379604,0.1025040383,-0.2016229893,0.0130452719
0.450037,2.662914,-4.943861,-2.770423,0.0120449003,0.2027825691,-0.0412302109
0.451087,-0.637107,-3.184015,1.382224,-0.0337167813,0.4699030826,-0.1072121704
0.452136,-2.104584,-6.689342,3.308437,-0.0017900267,0.4337194274,-0.1359462496
0.453185,-1.667463,-17.121518,1.233314,0.0907975617,0.1240299077,-0.0646431643
0.454203,-1.934059,-20.990786,2.871316,0.141880369,-0.0441176666,0.020494848
0.455252,-0.733178,-14.150132,1.216502,0.1950916267,-0.1186134273,0.0779630063
0.456301,0.748709,-5.86808,-1.48548,0.1674217727,0.0112220414,0.0449720265
0.457351,-0.087104,-3.624575,-0.248573,0.0439716549,0.2889848065,-0.0603862637
0.4584,-1.528161,-1.754589,2.823281,-0.0688362114,0.4252056262,-0.1625518784
0.459418,-1.103049,-3.286972,2.760835,-0.0581939599,0.3017555083,-0.2232127122
0.460466,-1.055014,-15.036041,0.889862,-0.0007258016,0.098488504,-0.1923501827
0.461516,-0.752392,-25.504133,1.456678,0.0673846083,-0.0419892163,-0.0412302109
0.462567,1.108974,-19.867836,-0.289403,0.1301738923,-0.0558241433,0.1247889131
0.463582,1.822297,-7.690179,-2.335704,0.1056967138,0.0782682261,0.1780001708
0.464632,0.107439,-2.978101,-0.399884,0.0354578537,0.2559938267,0.1141466615
0.465681,-0.985363,-1.361916,1.305367,-0.0028542519,0.3219757863,-0.0007896551
0.466731,0.638228,-0.85192,-2.013868,-0.0145607286,0.2623791777,-0.1231755477
0.467748,1.255481,-9.809178,-3.901653,-0.0347810065,0.1495713114,-0.1923501827
0.468797,-0.183174,-24.204002,1.151655,0.0045953242,-0.0302827396,-0.1199828723
0.469846,-0.216799,-27.714117,2.160395,0.1259169917,-0.1835311617,0.0588069535
0.470895,0.568577,-16.733634,1.370215,0.2291468316,-0.1186134273,0.1875781971
0.471947,0.47731,-3.114579,0.00121,0.2089265537,0.1506355365,0.1609725683
0.472962,-0.036667,4.233677,-1.545524,0.0609992574,0.4401047783,0.0098525965
0.474012,-0.601081,3.244811,1.660828,-0.0486159335,0.5380134925,-0.1487169514
0.475061,-1.141477,-7.180183,-0.467133,-0.0571297347,0.3741228188,-0.2253411625
0.47611,-1.163093,-21.412191,0.051647,-0.0241387549,0.0644332991,-0.1710656796
0.477127,-0.553046,-26.923982,2.940967,0.0641919328,-0.213329466,-0.0146245821
0.478177,-0.488198,-20.808815,2.107556,0.169550223,-0.3708347888,0.1386238401
0.479226,-0.039069,1.037221,-1.204474,0.1408161439,-0.0366680905,0.1279815885
0.480275,0.856789,6.965629,-0.752943,-0.0060469273,0.3570952163,-0.0252668336
0.481293,0.148269,0.278213,0.486366,-0.1018271912,0.4816095593,-0.1721299048
0.482342,-0.848462,-16.441523,-0.46233,-0.1124694427,0.2623791777,-0.1976713085
0.483391,-0.24562,-26.696519,2.078735,-0.0305241059,-0.0345396402,-0.0816707667
0.484443,0.304383,-25.542443,0.865845,0.0844122107,-0.2048156648,0.0811556818
0.48549,-0.341691,-15.586741,2.770442,0.1738071236,-0.1973660887,0.1854497468
0.486507,-1.11746,-1.546281,1.814541,0.1929631764,-0.0079340114,0.1662936941
0.487557,-0.428154,6.192254,-1.14443,0.114210515,0.2698287537,0.0417793511
0.488606,0.691067,4.106776,-1.435043,-0.003918477,0.4730957581,-0.111469071
0.489655,0.287571,-8.049332,-3.236365,-0.1092767672,0.4369121029,-0.200863984
0.490673,-0.255227,-23.059503,0.889862,-0.1114052175,0.1793696157,-0.1465885011
0.491722,0.141064,-28.384534,1.807336,-0.0060469273,-0.061145269,0.0236875235
0.492771,0.167483,-19.130377,2.378955,0.1163389653,-0.1047785003,0.186513972
0.493823,-1.273574,-4.419499,3.851235,0.2046696531,-0.0015486604,0.2301472033
0.494838,-1.710695,1.70285,0.169334,0.1897705009,0.1357363844,0.1418165155
0.495887,0.352419,2.720449,-1.629586,0.0663203831,0.2740856544,-0.0199457078
0.496936,1.161812,-1.51276,-4.259516,-0.0794784629,0.3379391636,-0.1678730042
0.497985,0.064207,-15.818993,-1.230894,-0.1337539458,0.2293881979,-0.187029057
0.499003,-0.156755,-26.368493,2.280483,-0.0496801586,0.0495341469,-0.0550651379
0.500052,0.186697,-22.626126,1.439866,0.0801553101,-0.0228331635,0.1184035621
0.501101,-0.870078,-10.2234,3.654291,0.1748713488,0.0250569684,0.2131196008
0.502151,-2.282314,-1.330789,2.359741,0.2078623286,0.0580479482,0.1833212965
0.503202,-1.261566,1.666935,-0.21735,0.1408161439,0.0761397758,0.0545500529
0.504217,0.808753,0.084271,-3.695101,-0.0103038279,0.1655346887,-0.0955056937
0.505266,0.153072,-20.566986,1.139646,-0.1018271912,0.126158358,-0.0997625944
0.506318,-0.224004,-22.456127,2.160395,0.0131091254,-0.012190912,0.0364582253
0.507365,-0.730776,-14.72717,3.695121,0.1365592433,-0.0430534414,0.1524587671
0.508383,-1.564188,-4.934284,2.422187,0.2004127525,-0.0100624617,0.1875781971
0.509432,-1.244753,-1.019524,-0.426303,0.1525226206,0.0367634451,0.1215962376
0.510481,-0.236013,-1.883884,-1.807316,0.0290725027,0.1219014574,-0.0029181054
0.51153,0.539756,-6.550469,-2.671951,-0.0560655095,0.1751127151,-0.0923130183
0.512548,0.916833,-13.364785,-0.546391,-0.0581939599,0.1623420132,-0.0923130183
0.513597,0.638228,-18.720943,0.748158,0.0003384236,0.1378648347,-0.0167530324
0.514646,-0.199987,-17.387291,3.209965,0.0897333365,0.1048738549,0.0886052578
0.515697,-1.561786,-9.708615,3.932895,0.1589079715,0.0410203457,0.1524587671
0.516745,-2.068558,-5.595124,0.894666,0.1525226206,-0.0217689384,0.1258531382
0.517762,-0.855668,-4.960622,-1.708844,0.0737699592,0.0239927432,0.0364582253
0.518811,0.707879,-4.321331,-2.996189,-0.0145607286,0.167663139,-0.0550651379
0.519861,0.753513,-7.323844,-0.294206,-0.0464874832,0.2315166482,-0.0965699189
0.52091,-0.055881,-12.708734,1.696855,-0.0145607286,0.1453144108,-0.0689000649
0.521928,-0.046274,-15.036041,3.145117,0.0492927807,0.0261211936,0.006659921
0.522977,-0.377717,-13.21873,3.358874,0.1056967138,-0.0270900641,0.0886052578
0.524026,-1.153486,-11.69353,0.32785,0.114210515,-0.0473103421,0.1396880652
0.525078,-1.107853,-9.531433,-0.51757,0.0748341844,-0.0494387924,0.131174264
0.526093,0.215518,-4.761891,-2.100331,0.0131091254,0.0037724653,0.061999629
0.527142,1.406792,-2.192755,-1.543123,-0.0305241059,0.098488504,-0.0252668336
0.528194,0.731897,-5.484984,1.019558,-0.0401021322,0.1463786359,-0.0699642901
0.53029,-1.119862,-18.158271,1.288555,0.1078251641,-0.0483745672,0.1301100388
0.529241,-0.087104,-12.308878,2.314107,-0.0134965034,0.0974242788,-0.0433586612
0.531307,-0.980559,-14.411116,-1.005128,0.1110178396,-0.0558241433,0.1577798928
0.532356,0.148269,-4.850482,-2.330901,0.0578065819,0.0218642929,0.0960548339
0.533406,0.998493,0.565535,-2.165179,0.0045953242,0.1719200396,-0.0050465557
0.534455,0.210715,-1.045862,0.827417,-0.0273314304,0.2953701574,-0.0774138661
0.535472,-0.982961,-7.323844,1.658426,-0.0337167813,0.2485442507,-0.0933772434
0.536522,-1.232744,-15.778289,2.760835,0.0035310991,0.0644332991,-0.0391017606
0.537573,-1.312003,-21.630077,2.282885,0.0780268598,-0.1047785003,0.0779630063
0.53862,-0.704357,-19.515867,-0.169315,0.1440088193,-0.1835311617,0.1790643959
0.539638,0.904824,-9.294393,-2.407757,0.1408161439,-0.0920077985,0.1758717204
0.540687,1.483649,0.141735,-3.183526,0.0663203831,0.1761769402,0.0747703308
0.541736,-0.007846,2.694111,0.683311,-0.0071111525,0.3975357722,-0.0454871115
0.542785,-1.256762,-1.51276,2.366946,-0.0230745298,0.3624163421,-0.1231755477
0.543835,-1.37685,-11.466067,1.257332,-0.0092396028,0.1389290598,-0.1242397729
0.544852,-1.619428,-22.834434,1.965852,0.0333294034,-0.0973289243,-0.0188814827
0.545901,-0.951738,-25.094699,1.514321,0.1195316408,-0.2441919955,0.1492660916
0.546953,0.866396,-14.638579,-0.563204,0.1716786733,-0.2016229893,0.2439821303
0.548,1.793476,-2.015573,-3.26999,0.1195316408,0.0697544249,0.1811928462
0.549017,0.594997,4.14748,-0.798576,0.0109806751,0.3847650703,0.0279444241
0.550068,-1.045407,3.407627,3.385293,-0.031588331,0.4486185796,-0.1093406207
0.551116,-1.319208,-5.705264,0.556018,-0.0283956555,0.2325808734,-0.1774510306
0.552165,-1.446501,-21.610922,1.017156,-0.017753404,-0.061145269,-0.1167901968
0.553182,-1.038202,-29.421287,2.218037,0.0578065819,-0.2622838231,0.075834556
0.554231,0.717486,-20.574169,0.296627,0.141880369,-0.2750545249,0.2503674812
0.555281,1.488452,-5.329352,0.301431,0.1578437463,-0.0824297721,0.2610097327
0.556331,-0.363307,7.932945,1.675239,-0.0113680531,0.3794439446,-0.0742211907
0.557347,-0.19038,-0.736991,0.226976,-0.0550012844,0.3368749384,-0.2125704606
0.558397,-0.896498,-19.626007,-0.539186,-0.0645793108,0.0793324512,-0.200863984
0.559448,-1.237548,-31.291274,2.578301,-0.0007258016,-0.2261001679,-0.0167530324
0.560495,0.386043,-24.974982,0.452742,0.100375588,-0.3261373323,0.2035415744
0.561544,1.272294,-9.129183,1.053182,0.1567795212,-0.1398979304,0.2929364873
0.562562,-0.40894,3.620724,1.168467,0.1397519187,0.1410575101,0.2056700247
0.563611,-0.519421,8.991248,0.601651,0.0482285555,0.3145262102,0.0183663977
0.564661,0.98168,4.07565,-1.646398,-0.059258185,0.34751719,-0.1700014545
0.56571,-0.23121,-13.479714,-2.571077,-0.1273685948,0.1995898936,-0.2338549637
0.566727,-1.537768,-30.651982,2.256465,-0.0858638138,-0.1058427255,-0.0965699189
0.567777,-0.353699,-30.980008,1.819344,0.051421231,-0.3154950808,0.1460734161
0.568828,0.789539,-13.412672,1.571963,0.1663575476,-0.213329466,0.3035787389
0.569875,-0.221603,3.553682,1.005147,0.1961558519,0.0686901997,0.2599455076
0.570892,-1.146281,7.319992,0.959514,0.128045442,0.2528011513,0.075834556
0.571944,0.318794,4.600012,-0.21735,-0.0017900267,0.2964343826,-0.1295608987
0.572991,0.609407,-6.260753,-4.33397,-0.1071483169,0.2496084758,-0.2508825662
0.57404,-0.915712,-24.527239,-0.020405,-0.1082125421,0.0654975242,-0.187029057
0.575089,-0.973354,-33.529989,1.756899,0.0045953242,-0.1899165126,0.034329775
0.576107,-0.382521,-22.041905,2.177207,0.1503941703,-0.2665407237,0.2471748057
0.577156,-0.372914,0.227932,2.174805,0.2185045801,-0.0717875206,0.2886795867
0.578206,-0.099113,10.952219,-0.731327,0.1578437463,0.1857549666,0.1386238401
0.579255,0.181894,6.077325,0.740953,0.0418432046,0.2879205814,-0.0720927404
0.580272,-0.029462,-5.683715,-1.785701,-0.0550012844,0.2006541188,-0.2029924343
0.581324,-0.089506,-20.70107,-2.001859,-0.0837353635,0.0090935911,-0.1817079312
0.582371,-0.060684,-31.303245,0.949907,-0.0060469273,-0.1696962347,-0.0231383833
0.58342,-1.098246,-6.193711,2.784853,0.1950916267,-0.1047785003,0.2258903027
0.584438,-0.298459,9.352794,0.880255,0.1663575476,0.0995527292,0.1279815885
0.585487,0.107439,9.254626,-0.17652,0.0609992574,0.2708929789,-0.0561293631
0.586536,-0.61309,-3.157677,-1.221286,-0.0496801586,0.2825994556,-0.1859648318
0.587585,-0.480993,-18.570099,-1.425436,-0.073093112,0.1048738549,-0.1785152557
0.588635,0.138662,-27.771581,0.116495,-0.003918477,-0.1281914537,-0.0540009127
0.589652,-0.303262,-24.903151,2.206028,0.1099536144,-0.2622838231,0.1056328603
0.590704,-0.721169,-10.479595,2.97219,0.1855136003,-0.2239717176,0.1928993229
0.591751,-0.173567,3.445936,1.029165,0.162100647,-0.0441176666,0.1407522904
0.5928,0.071412,5.971974,-0.001191,0.065256158,0.1665989138,-0.0114319066
0.59382,-0.12313,-1.189523,-1.759281,-0.0496801586,0.2889848065,-0.1497811766
0.594867,-0.005444,-12.419018,-1.809718,-0.0879922642,0.2453515752,-0.1902217324
0.595916,-0.091907,-23.215136,0.414314,-0.0262672052,0.0857178022,-0.1082763956
0.596965,-0.31287,-24.567943,2.316509,0.0918617868,-0.0664663948,0.0449720265
0.597983,-0.66833,-13.427039,3.702326,0.1929631764,-0.1494759568,0.1599083431
0.599032,-0.865275,-2.005996,1.567159,0.2036054279,-0.1537328574,0.1492660916
0.600081,-0.185576,1.724399,-1.466266,0.1088893893,-0.0281542893,0.0258159738
0.60113,0.31399,-0.952482,-2.76562,-0.0188176292,0.1623420132,-0.1199828723
0.602179,-0.442565,-8.741298,-0.575212,-0.0581939599,0.1868191918,-0.187029057
0.603199,-0.807633,-16.992224,1.54074,0.0077879997,0.0239927432,-0.1423316005
0.604246,0.38124,-20.337129,0.568026,0.0918617868,-0.0792370967,-0.0295237342
0.605296,0.501328,-16.228426,1.600784,0.1376234684,-0.0483745672,0.0864768075
0.606345,-1.278378,-8.497075,2.417383,0.1461372696,-0.0505030175,0.1343669395
0.607362,-1.741918,-3.126551,0.933094,0.1163389653,-0.109035401,0.0790272315
0.608411,0.107439,-1.476845,-2.282865,0.0429074297,-0.0451818917,-0.0433586612
0.609461,0.064207,-11.727051,0.1237,0.0067237745,0.1634062384,-0.1497811766
0.61051,-0.553046,-16.479833,1.857773,0.0631277077,0.0612406236,-0.0795423164
0.611527,-0.211995,-17.040111,3.282018,0.1248527666,-0.0409249911,0.0236875235
0.612579,-0.512216,-13.465348,2.302099,0.1589079715,-0.0920077985,0.1066970855
0.613626,-0.862873,-8.315104,-0.037218,0.1365592433,-0.1100996261,0.1003117345
0.614675,-0.27204,-5.195268,-1.699237,0.072705734,-0.0600810439,0.0055956959
0.615724,0.470105,-3.543167,-1.223688,0.0354578537,0.0612406236,-0.0965699189
0.616742,0.234732,-3.86401,-0.43591,0.0280082776,0.1772411654,-0.152973852
0.617791,-0.493002,-10.335934,0.162129,0.0354578537,0.1878834169,-0.1476527263
0.61884,-0.838855,-17.772781,3.457346,0.0801553101,0.0793324512,-0.062514714
0.61989,-0.992568,-18.012216,3.197956,0.134430793,-0.0824297721,0.0566785032
0.620907,-0.922917,-13.309715,1.03637,0.1567795212,-0.2186505918,0.117339337
0.621956,-0.005444,-9.040592,-1.278929,0.1333665678,-0.213329466,0.0843483572
0.623005,1.34915,-3.765842,-3.10667,0.072705734,0.0080293659,-0.0103676814
0.624054,0.827968,1.235952,-0.851415,0.0141733506,0.2570580519,-0.1189186471
0.625074,-1.016586,-3.097819,1.120432,0.0003384236,0.2623791777,-0.1891575073
0.626121,-1.453707,-14.971393,2.775246,0.0322651782,0.0676259745,-0.1551023023
0.62717,-1.206325,-22.451338,3.13551,0.0886691114,-0.1398979304,-0.0220741581
0.62822,-0.879685,-19.961216,1.451875,0.1397519187,-0.2899536771,0.1141466615
0.629237,0.277964,-11.85874,-0.589623,0.1546510709,-0.2910179022,0.158844118
0.630286,1.284302,-3.655702,-2.799244,0.1035682635,-0.0696590703,0.089669483
0.631336,0.758316,3.833821,-0.921066,0.0248156021,0.1963972181,-0.0518724624
0.632385,-0.58667,3.105939,1.082003,-0.0060469273,0.2442873501,-0.1902217324
0.633435,-1.393662,-10.936916,1.276546,0.0077879997,0.0591121733,-0.2264053876
0.634454,-1.472921,-25.006108,2.621533,0.0556781316,-0.1931091881,-0.1104048459
0.635501,1.060938,-15.428714,-0.027611,0.1652933224,-0.3208162065,0.1971562235
0.63655,1.368364,-4.050769,-1.5119,0.1535868457,-0.0473103421,0.1599083431
0.6376,0.201108,3.994242,-0.945084,0.0876048862,0.2453515752,0.0013387952
0.638617,-0.480993,6.431689,1.96345,0.0280082776,0.3219757863,-0.1785152557
0.639666,-1.105451,-4.172881,0.147718,0.0216229267,0.1580851126,-0.2817450956
0.640716,-1.761132,-22.549507,0.865845,0.0354578537,-0.1260630034,-0.2200200367
0.641765,-0.692348,-31.020712,1.920218,0.0854764359,-0.3463576102,-0.0124961318
0.642782,1.041724,-21.754583,0.363877,0.1472014948,-0.337843809,0.186513972
0.643832,1.394783,-5.259915,0.335055,0.1674217727,-0.095200474,0.2312114284
0.644881,0.160278,5.785215,-0.38067,0.120595866,0.2187459464,0.1003117345
0.64593,-0.529028,8.624912,1.550347,0.0397147543,0.3677374679,-0.1061479453
0.646979,-0.413744,0.290185,-0.320626,-0.003918477,0.2304524231,-0.2689743938
0.647997,-1.67707,-18.737704,-1.086788,-0.0145607286,-0.0962646991,-0.2732312944
0.649046,-1.372047,-32.438167,1.941834,0.0301367279,-0.3836054906,-0.083799217
0.650095,1.135393,-27.975101,0.27261,0.1174031905,-0.4165964704,0.1503303168
0.651144,1.132991,-10.666355,0.606455,0.1855136003,-0.1750173605,0.2407894548
0.652162,-0.596277,5.679863,0.099683,0.1780640243,0.1368006095,0.1279815885
0.653212,-0.4906,11.778269,1.113226,0.1035682635,0.3187831108,-0.0923130183
0.654261,-0.02706,4.157058,-0.049227,0.0322651782,0.3241042366,-0.2828093208
0.65531,-1.49934,-15.593924,-2.383739,-0.0198818543,0.1314794838,-0.3126076251
0.656329,-1.689079,-30.987191,1.699256,0.0067237745,-0.1845953869,-0.1433958257
0.657377,0.265955,-29.038191,0.901871,0.106760939,-0.4016973182,0.0907337082
0.658426,0.357222,-14.992943,1.490303,0.1950916267,-0.3708347888,0.235468329
0.659475,-0.598679,2.059608,2.242055,0.2216972556,-0.1271272286,0.2077984751
0.660524,0.835173,6.802813,-1.178055,0.0131091254,0.2655718531,-0.1987355336
0.661542,-0.85807,-9.957627,-1.115609,-0.045423258,0.1304152586,-0.291323122
0.662591,-1.352833,-26.59835,0.399903,-0.0252029801,-0.1398979304,-0.1912859576
0.66364,0.064207,-33.472525,1.086807,0.0673846083,-0.3112381802,0.0236875235
0.664689,-0.305664,-23.12415,2.484633,0.1929631764,-0.2867610016,0.2024773493
0.665707,-1.043005,0.187228,1.221306,0.2344679574,-0.1005215997,0.2056700247
0.666756,0.052198,15.530214,0.10929,0.1589079715,0.1495713114,0.0279444241
0.667805,0.253946,9.963353,1.156458,0.0631277077,0.2868563562,-0.1880932821
0.668855,-0.999773,-8.245668,-1.816923,-0.0156249537,0.181498066,-0.2849377711
0.669872,-0.771606,-25.085122,-1.581551,-0.0326525562,-0.0717875206,-0.2029924343
0.670921,0.431677,-32.282534,0.006014,0.0439716549,-0.2676049489,-0.007175006
0.671971,-0.233611,-24.235128,2.26367,0.1706144482,-0.3208162065,0.1801286211
0.67302,-1.011782,-3.629364,3.010618,0.252559785,-0.2207790421,0.235468329
0.674071,0.227527,12.18052,-0.419098,0.2046696531,0.0112220414,0.1077613106
0.675086,0.695871,10.418279,-0.222153,0.086540661,0.2006541188,-0.1061479453
0.676136,-0.509814,-4.23274,-0.683292,-0.0134965034,0.1612777881,-0.2434329901
0.677185,-0.716366,-20.945293,-1.278929,-0.0401021322,-0.0409249911,-0.2178915864
0.678234,0.201108,-31.944931,0.222173,0.0354578537,-0.227164393,-0.0603862637
0.679252,0.131456,-27.275951,2.350134,0.1631648721,-0.3016601538,0.1184035621
0.680301,-0.65392,-6.593568,2.400571,0.2334037322,-0.2239717176,0.1950277732
0.68135,-0.456975,10.336871,0.618463,0.2067981034,-0.0047413359,0.1130824364
0.682399,-0.091907,10.085465,0.868247,0.1216600911,0.2027825691,-0.0582578134
0.683417,-0.226406,-2.858384,-1.305348,0.0184302512,0.2038467942,-0.1880932821
0.684466,0.078618,-18.017005,-2.679156,-0.0347810065,0.0133504917,-0.194478633
0.685515,0.133858,-28.149888,-0.174118,0.0152375758,-0.1931091881,-0.0816707667
0.686564,-0.519421,-26.25117,2.703193,0.14826572,-0.3112381802,0.0737061057
0.687582,-0.199987,4.73649,1.110825,0.2067981034,-0.10265005,0.1130824364
0.688631,0.064207,8.787728,0.933094,0.1237885414,0.1208372322,-0.0273952839
0.68968,-0.339289,-0.981214,-1.350982,0.0269440524,0.1900118672,-0.1551023023
0.69073,-0.168764,-15.215617,-1.778495,-0.0124322782,0.07081865,-0.1763868054
0.691779,0.448489,-23.907102,-1.091591,0.0322651782,-0.0792370967,-0.0869918925
0.692796,0.304383,-22.805702,1.082003,0.1248527666,-0.1654393341,0.0471004769
0.693845,-0.692348,-13.070281,3.342062,0.2036054279,-0.2165221415,0.1396880652
0.694895,-1.129469,-2.209515,2.314107,0.2163761298,-0.2186505918,0.1333027143
0.695946,-0.348896,2.998193,0.034835,0.141880369,-0.1069069507,0.0258159738
0.696961,0.369231,-0.332346,-2.885708,0.0173660261,0.0644332991,-0.1093406207
0.698011,-0.036667,-10.098894,-1.245304,-0.0326525562,0.0952958285,-0.1721299048
0.69906,-0.464181,-19.456008,0.89947,0.0258798273,-0.0515672427,-0.1167901968
0.700109,0.124251,-20.722619,0.937898,0.1269812169,-0.1750173605,0.0013387952
0.701127,0.107439,-13.927457,2.400571,0.2025412028,-0.1728889102,0.1013759597
0.702176,-1.189513,-7.153845,2.460615,0.2153119046,-0.1537328574,0.1301100388
0.703225,-1.472921,-2.480077,1.266939,0.1599721966,-0.1547970826,0.0651923045
0.704274,-0.00064,-1.239804,-2.194,0.0503570058,-0.095200474,-0.0518724624
0.705326,0.703076,-6.634272,-2.07151,-0.0103038279,-0.0026128856,-0.1295608987
0.706341,0.081019,-13.858021,0.649686,0.0216229267,0.0133504917,-0.1146617465
0.70739,0.001761,-17.011378,1.190083,0.086540661,-0.0526314678,-0.0380375354
0.708439,-0.084702,-15.737585,3.3949,0.1503941703,-0.1260630034,0.0524216026
0.709488,-1.009381,-12.624932,2.691184,0.1876420506,-0.1931091881,0.1141466615
0.710506,-1.208727,-7.433984,0.032433,0.1503941703,-0.227164393,0.0981832842
0.711555,-0.113523,-2.923031,-2.143563,0.0492927807,-0.164375109,0.0077241462
0.712604,0.426873,-4.074713,-1.396615,0.0035310991,-0.0526314678,-0.0784780913
0.713654,0.246741,-12.931408,-0.09486,0.065256158,0.0388918954,-0.0635789391
0.714671,0.429275,-16.276313,2.686381,0.1035682635,0.0325065445,0.0141094971
0.71572,-0.985363,-16.587579,3.258,0.1493299451,-0.0856224476,0.0949906088
0.716769,-1.674669,-12.711128,0.75056,0.155715296,-0.2590911476,0.1205320125
0.717821,-0.159157,-6.557652,-2.028279,0.1025040383,-0.2558984722,0.0662565296
0.718868,0.777531,-2.681202,-2.330901,0.0450358801,-0.0664663948,-0.0220741581
0.719885,-0.113523,-2.262191,0.688114,0.023751377,0.0889104776,-0.0859276674
0.720934,-0.800427,-7.350182,0.479161,0.0429074297,0.0878462525,-0.1008268195
0.721983,-0.723571,-15.754345,2.458213,0.0854764359,-0.0302827396,-0.0454871115
0.723033,-0.745187,-20.270087,3.253196,0.134430793,-0.1963018636,0.0630638542
0.72405,-0.430556,-17.590811,0.419117,0.1599721966,-0.3218804317,0.1428807407
0.725099,0.383642,-10.383821,-1.744871,0.134430793,-0.2697333992,0.1364953898
0.726148,0.849583,-3.24148,-2.868895,0.0780268598,-0.0409249911,0.0577427284
0.727199,0.172286,2.155382,0.207762,0.0312009531,0.1570208875,-0.0497440121
0.728214,-0.865275,-0.140798,0.940299,0.023751377,0.1431859605,-0.1402031502
0.729264,-1.412877,-13.283378,1.427857,0.0461001052,-0.0451818917,-0.1370104747
0.730313,-1.49934,-25.760328,3.591845,0.1014398132,-0.268669174,0.0002745701
0.731362,-0.341691,-24.407521,1.252529,0.162100647,-0.3953119673,0.1705505947
0.732412,1.524479,-11.082971,-1.651202,0.155715296,-0.310173955,0.2269545278
0.733429,1.582121,0.141735,-2.52064,0.0971829126,-0.0409249911,0.1418165155
0.734478,-0.23121,3.625512,0.536803,0.0439716549,0.1868191918,0.0002745701
0.735527,-1.086237,1.128207,1.888996,0.0258798273,0.1846907414,-0.1167901968
0.736579,-1.069425,-9.711009,0.351868,0.0312009531,-0.0292185144,-0.1551023023
0.737594,-1.302396,-24.390761,1.965852,0.0556781316,-0.3069812795,-0.0614504888
0.738643,-0.603483,-29.186641,1.435062,0.120595866,-0.4666150526,0.1194677873
0.739695,1.882341,-0.667555,-1.965833,0.134430793,-0.0281542893,0.2067342499
0.740741,-0.154353,7.023093,0.025228,0.0833479856,0.3028197335,0.048164702
0.741759,-1.605018,5.093248,3.032234,0.0471643304,0.3560309912,-0.1104048459
0.742808,-1.251959,-5.731602,-0.431107,0.0301367279,0.1080665304,-0.1987355336
0.743858,-1.489733,-22.930208,0.282217,0.0280082776,-0.2569626973,-0.1423316005
0.744906,-1.009381,-31.509159,1.884192,0.0716415089,-0.5187620851,0.061999629
0.745956,1.04893,-22.535141,0.234181,0.1365592433,-0.4889637808,0.2599455076
0.746973,1.762253,-4.338091,-0.416696,0.155715296,-0.1707604599,0.2865511364
0.748022,0.114644,8.713503,-0.488749,0.1014398132,0.1729842648,0.1301100388
0.749074,-1.05021,9.087021,2.782451,0.0482285555,0.2751498795,-0.0742211907
0.750121,-0.87248,-1.883884,-0.183725,0.0152375758,0.1112592058,-0.20831356
0.751138,-0.742785,-20.626845,-1.504694,-0.0241387549,-0.1814027114,-0.1849006066
0.752188,-0.356101,-33.173232,1.975459,0.0077879997,-0.4123395698,0.0109168216
0.753237,0.21792,-26.294268,0.885059,0.1046324887,-0.4517159004,0.2344041039
0.754286,0.138662,-7.77877,1.490303,0.1748713488,-0.2952748029,0.304642964
0.755304,-0.416145,6.912953,0.688114,0.1674217727,-0.0409249911,0.1822570714
0.756353,0.047395,10.964191,0.16453,0.0897333365,0.1634062384,-0.0316521845
0.757402,0.215518,1.9782,-1.331768,-0.0134965034,0.1825622911,-0.2061851097
0.758454,-1.163093,-16.738423,-1.358187,-0.0741573372,-0.0356038654,-0.222148487
0.759468,-1.059818,-30.865079,1.447071,-0.0262672052,-0.3314584581,-0.0540009127
0.760518,0.311589,-29.100445,1.043575,0.0918617868,-0.4644866023,0.1790643959
0.761567,0.268357,-12.272962,2.018691,0.1855136003,-0.3506145108,0.3163494407
0.762616,-0.66833,5.069305,0.909077,0.2025412028,-0.1047785003,0.2620739579
0.763665,-0.192781,10.834896,0.560821,0.1323023427,0.0772040009,0.0630638542
0.764683,0.81836,4.865785,-1.598363,0.0077879997,0.1165803316,-0.1465885011
0.765732,-1.011782,-28.097212,0.719337,-0.0624508605,-0.2048156648,-0.1135975214
0.766781,-0.358503,-33.120556,1.831353,0.0631277077,-0.3846697158,0.1109539861
0.76783,-0.356101,-18.943618,2.664765,0.2078623286,-0.3772201397,0.2801657855
0.768848,-0.461779,3.764385,-0.123681,0.2344679574,-0.1516044071,0.263138183
0.769897,0.191501,14.371349,0.443135,0.1472014948,0.112323431,0.0864768075
0.770948,0.020975,7.193092,1.439866,0.0461001052,0.1963972181,-0.1157259717
0.771995,-0.706758,-9.950444,-2.566273,-0.0347810065,0.0505983721,-0.2019282091
0.773012,-0.315271,-26.145818,-1.18526,-0.045423258,-0.1814027114,-0.1157259717
0.774062,0.049797,-32.668024,1.226109,0.0492927807,-0.3506145108,0.0768987812
0.775111,-0.689946,-21.65402,3.274812,0.1780640243,-0.3836054906,0.249303256
0.77616,-0.718767,0.17765,1.925022,0.2142476795,-0.2537700219,0.2705877591
0.777209,0.455694,13.092767,-0.001191,0.141880369,-0.0228331635,0.1247889131
0.778227,0.520542,8.823643,0.363877,0.0312009531,0.1368006095,-0.0710285152
0.779276,-0.562653,-7.091592,-1.113207,-0.0603224102,0.0750755506,-0.17319413
0.780328,-0.685143,-23.885553,-0.349447,-0.0624508605,-0.150540182,-0.117854422
0.781375,-0.142344,-32.349576,0.947505,0.0450358801,-0.3452933851,0.0439078014
0.782392,-0.12313,-23.784991,1.437464,0.1578437463,-0.3506145108,0.1971562235
0.783441,-0.262432,-2.918242,1.012352,0.1801924746,-0.1941734133,0.228018753
0.78449,-0.358503,11.105457,1.742488,0.1354950181,-0.0302827396,0.1130824364
0.78554,-0.541037,8.440547,1.247725,0.0556781316,0.0537910475,-0.0508082373
0.786557,-0.23121,-5.889629,-2.141161,-0.031588331,0.0356992199,-0.1423316005
0.787606,0.143465,-20.950082,-1.915396,-0.0603224102,-0.081365547,-0.104019495
0.788656,-0.185576,-28.53059,0.678507,0.0205587015,-0.2484488961,0.0311370995
0.789705,-0.53143,-22.731477,2.414981,0.1503941703,-0.3569998618,0.1716148198
0.790754,-0.132737,-6.569624,1.115628,0.1908347261,-0.3165593059,0.2173765014
0.791771,-0.411342,6.220986,1.326983,0.0386505291,0.0027082402,-0.0082392311
0.792822,-0.58667,-4.998931,-0.954691,-0.0241387549,0.0069651408,-0.1061479453
0.79387,-0.015051,-18.210947,-1.768888,-0.0337167813,-0.0994573746,-0.0955056937
0.794919,0.261152,-25.123431,0.075665,0.0312009531,-0.2048156648,0.0141094971
0.795936,0.105037,-20.140792,1.543142,0.1227243163,-0.2644122734,0.1354311646
0.796985,-0.485796,-8.904114,1.644016,0.1663575476,-0.2707976243,0.1822570714
0.798034,-0.966149,-0.866286,1.694453,0.14826572,-0.2026872145,0.1322384891
0.799084,-0.476189,1.678907,-0.066039,0.065256158,-0.06753062,0.0109168216
0.800101,-0.022256,-2.515992,-1.965833,-0.0283956555,0.0080293659,-0.1072121704
0.80115,-0.569858,-12.725494,-0.171716,-0.0326525562,-0.06753062,-0.1338177993
0.802202,-0.420949,-21.220643,0.700123,0.0482285555,-0.1909807378,-0.0433586612
0.803249,0.539756,-19.345868,0.743355,0.1376234684,-0.2069441151,0.0875410327
0.804425,-0.175969,-11.042267,1.754497,0.1727428985,-0.171824685,0.1652294689
0.805315,-1.593009,-5.027664,2.67197,0.1599721966,-0.2197148169,0.145009191
0.806364,-0.855668,-2.654864,-0.181323,0.0982471377,-0.2505773464,0.0407151259
0.807413,0.727094,-4.333302,-3.346846,0.0045953242,-0.150540182,-0.0689000649
0.808463,0.347615,-8.861016,-0.327831,-0.0209460795,-0.0696590703,-0.1104048459
0.80948,-0.372914,-13.661685,0.592044,0.0301367279,-0.1196776525,-0.0752854158
0.810529,-0.005444,-16.884478,1.394233,0.0939902371,-0.1792742611,0.0119810468
0.811581,-0.548242,-16.099132,3.865646,0.1514583954,-0.2090725654,0.1152108867
0.812628,-1.273574,-10.731002,1.973057,0.169550223,-0.2803756507,0.1652294689
0.813645,-0.346494,-4.192036,-1.101198,0.1035682635,-0.3133666305,0.1088255358
0.814696,0.686264,-3.492886,-2.309285,0.0077879997,-0.2186505918,-0.0018538802
0.815743,0.455694,-6.734834,-0.056432,-0.0145607286,-0.088815123,-0.0699642901
0.816792,0.044993,-9.246506,0.058853,0.0163018009,-0.0345396402,-0.0774138661
0.81781,-0.130336,-14.107034,1.057986,0.0567423567,-0.053695693,-0.0327164097
0.818859,-1.573795,-16.506171,2.395767,0.162100647,-0.2952748029,0.1386238401
0.819908,-0.874882,-9.373406,-0.688095,0.1291096672,-0.4059542188,0.1215962376
0.820958,0.664648,-3.073875,-2.7392,0.037586304,-0.2974032532,0.0311370995
0.822006,0.751111,-1.642055,-0.841808,-0.0028542519,-0.0654021697,-0.0518724624
0.823024,-0.341691,-3.734715,0.529598,0.0077879997,0.0729471003,-0.0944414686
0.824075,-0.939729,-11.45649,0.630472,0.0343936285,0.0176073923,-0.0848634422
0.825122,-0.939729,-20.054595,3.651889,0.0897333365,-0.1622466586,0.0045314707
0.826172,-0.740383,-20.665154,1.788122,0.1472014948,-0.3623209875,0.1130824364
0.827189,-0.125532,-13.98971,-0.942682,0.1397519187,-0.4581012514,0.145009191
0.828238,0.770325,-6.320612,-2.206009,0.079091085,-0.3261373323,0.0875410327
0.829288,0.707879,0.184833,-1.065172,0.0386505291,-0.0632737194,-0.0103676814
0.830336,-0.339289,2.519323,1.002745,0.0194944764,0.0857178022,-0.1093406207
0.831354,-1.11746,-5.992586,0.147718,0.0216229267,0.0165431672,-0.1582949778
0.832403,-1.506545,-20.030652,2.657559,0.058870807,-0.199494539,-0.0891203428
0.833455,-1.038202,-25.92075,2.499043,0.1184674157,-0.4123395698,0.0790272315
0.834501,0.520542,-18.488691,-0.361456,0.1514583954,-0.4719361784,0.2035415744
0.835551,1.47164,-6.296668,-1.98985,0.1227243163,-0.3048528292,0.1897066474
0.836571,0.825566,2.306226,-1.925003,0.0620634825,-0.0185762629,0.0630638542
0.837617,-0.557849,4.84663,1.730479,0.0280082776,0.1463786359,-0.0848634422
0.838667,-1.266369,-3.260634,1.178074,0.0365220788,0.0537910475,-0.1774510306
0.839715,-1.484929,-18.668268,1.250127,0.0471643304,-0.2112010157,-0.1444600508
0.840733,-1.040603,-27.692568,2.544677,0.0876048862,-0.4634223771,0.0141094971
0.841782,0.515738,-22.753026,-0.123681,0.1386876936,-0.5219547606,0.172679045
0.842831,1.423605,-10.204245,-1.451856,0.134430793,-0.3005959286,0.2014131241
0.843881,-0.836454,8.931389,2.405374,0.0641919328,0.2155532709,-0.0784780913
0.844898,-1.41768,2.311015,1.559954,0.065256158,0.1038096298,-0.2200200367
0.84595,-1.384055,-16.264342,-0.849013,0.0439716549,-0.1867238372,-0.2264053876
0.846997,-0.745187,-29.478752,1.293359,0.0482285555,-0.4495874501,-0.0614504888
0.848046,0.590193,-25.640611,-0.351849,0.0822837604,-0.5272758863,0.1513945419
0.849095,0.794343,-11.810853,1.144449,0.1216600911,-0.4080826691,0.2546243818
0.850112,-0.363307,0.318917,1.790523,0.155715296,-0.1877880623,0.1928993229
0.851162,-0.250424,7.973649,0.10929,0.1099536144,0.0090935911,0.0141094971
0.852211,0.655041,6.532252,-0.190931,0.0173660261,0.0633690739,-0.1838363815
0.85326,-0.509814,-9.845093,-1.18526,-0.0369094568,-0.1047785003,-0.2711028441
0.854277,-1.456108,-28.621575,2.479829,-0.0113680531,-0.4059542188,-0.1561665275
0.855329,-0.075095,-31.585778,1.523928,0.0854764359,-0.573037568,0.0800914566
0.856376,1.373168,-17.454333,-0.541588,0.1706144482,-0.4474589998,0.2471748057
0.857425,0.80395,0.733139,-0.09486,0.18338515,-0.1388337053,0.214183826
0.858442,-0.812436,9.982508,0.983531,0.1259169917,0.0718828752,0.0279444241
0.859491,-0.742785,7.585765,2.24926,0.0641919328,0.0601763985,-0.1753225803
0.860541,-0.404136,-6.30864,-3.013001,0.0014026488,-0.074980196,-0.2838735459
0.86159,-0.925319,-24.915123,-1.677621,-0.0422305825,-0.2569626973,-0.2061851097
0.862639,-0.485796,-32.284928,1.408643,0.00991645,-0.4527801256,0.0151737222
0.863656,-0.10872,-21.733034,1.939433,0.1259169917,-0.5357896876,0.2237618524
0.864706,-0.308066,-1.673181,2.943369,0.2131834543,-0.3846697158,0.2822942358
0.865754,0.153072,10.581095,-0.471937,0.1876420506,-0.0930720237,0.1524587671
0.866804,0.522944,8.119705,-0.099664,0.0780268598,0.0857178022,-0.0678358397
0.867823,-0.480993,-3.885559,-0.873031,-0.0220103046,0.0133504917,-0.222148487
0.86887,-1.179906,-20.346706,-0.527177,-0.0358452316,-0.2367424194,-0.20831356
0.869919,-0.440163,-28.633547,0.580035,0.1514583954,-0.5027987078,0.1396880652
0.871986,-0.274441,13.257977,0.056451,0.1876420506,-0.0451818917,0.0907337082
0.870968,-0.625099,-5.049213,1.627203,0.2099907789,-0.3272015575,0.2046057996
0.873035,-0.526626,10.633771,2.035503,0.1237885414,0.1070023052,-0.0912487931
0.874084,-1.064621,-3.105002,0.31344,0.0503570058,0.0282496439,-0.2061851097
0.875134,-0.288852,-18.277989,-3.195535,-0.0060469273,-0.1665035593,-0.194478633
0.876183,0.443686,-30.934516,-1.043556,0.0194944764,-0.3527429611,-0.0667716146
0.880347,0.551765,12.62108,0.210164,0.1163389653,-0.012190912,-0.0774138661
0.878249,-1.256762,-10.04143,2.885727,0.2206330304,-0.5027987078,0.1897066474
0.879298,0.239536,11.129401,-0.21735,0.2078623286,-0.2984674783,0.10350441
0.877203,-0.786017,-30.489167,2.273277,0.1323023427,-0.4889637808,0.10350441
0.881365,-0.814838,-1.326001,0.62807,0.0141733506,0.0484699218,-0.200863984
0.882414,-0.69475,-16.601945,-0.628051,-0.017753404,-0.1569255329,-0.1934144079
0.883463,0.662246,-26.931165,-1.074779,0.0205587015,-0.3623209875,-0.0710285152
0.884512,0.498926,-28.039748,0.640079,0.1120820647,-0.4251102716,0.0981832842
0.88553,-0.562653,-14.509284,3.08027,0.1993485273,-0.3846697158,0.2109911505
0.886581,-0.40894,4.398887,1.754497,0.2067981034,-0.2761187501,0.1748074953
0.887628,0.513337,11.256301,0.323047,0.1354950181,-0.1239345531,0.0077241462
0.888677,0.330803,1.26229,-1.151635,0.0194944764,-0.0356038654,-0.1540380772
0.889697,-0.298459,-14.94745,-1.367794,-0.0475517083,-0.1175492022,-0.1923501827
0.890744,-0.039069,-26.394831,0.157325,-0.0007258016,-0.2910179022,-0.0965699189
0.891793,0.201108,-26.222438,1.699256,0.1269812169,-0.3836054906,0.0471004769
0.892842,-0.452172,-13.829289,2.100351,0.2163761298,-0.3442291599,0.1407522904
0.893891,-0.896498,0.098637,1.910611,0.2153119046,-0.2303570685,0.1258531382
0.894908,-0.747588,6.05817,1.559954,0.1525226206,-0.0920077985,0.0109168216
0.895958,-0.187978,-10.347906,-2.628719,-0.0337167813,-0.0547599181,-0.187029057
0.897007,-0.459377,-22.266974,-0.371063,-0.0060469273,-0.2441919955,-0.1263682232
0.898056,-0.243218,-24.517661,1.355804,0.0993113629,-0.4314956225,0.0141094971
0.899075,0.064207,-15.186885,1.994673,0.1950916267,-0.4708719532,0.1354311646
0.900122,-0.466582,-4.321331,1.490303,0.2153119046,-0.3836054906,0.1524587671
0.901171,-0.927721,1.235952,0.933094,0.1493299451,-0.2814398759,0.0524216026
0.90222,-0.166362,0.687647,-1.480677,0.0312009531,-0.1941734133,-0.0933772434
0.903237,0.294776,-7.103564,-2.052296,-0.0283956555,-0.1420263807,-0.1763868054
0.904287,-0.336887,-17.756021,0.087674,0.0131091254,-0.1760815856,-0.1423316005
0.905336,-0.094309,-21.883878,1.120432,0.1088893893,-0.2420635452,-0.0220741581
0.906385,0.126653,-16.271525,2.299697,0.1908347261,-0.268669174,0.0939263836
0.907434,-1.081433,-8.463554,2.170002,0.2174403549,-0.3176235311,0.131174264
0.908454,-1.475322,-3.389929,0.863443,0.1706144482,-0.3718990139,0.0673207548
0.909501,-0.02706,-1.747406,-2.078716,0.0609992574,-0.3037886041,-0.0518724624
0.912616,-0.0823,-15.711247,1.175672,0.0961186874,-0.2527057967,-0.0657073894
0.91055,0.496524,-5.71963,-1.94902,-0.003918477,-0.1771458108,-0.1380746999
0.911599,-0.440163,-11.865923,1.545544,0.0301367279,-0.1739531353,-0.1348820244
0.913665,0.604604,-16.357721,1.88179,0.14826572,-0.2750545249,0.0279444241
0.914715,-0.57226,-14.075907,2.607122,0.18338515,-0.3027243789,0.1024401848
0.915764,-1.609821,-9.272844,0.969121,0.1652933224,-0.3974404176,0.1056328603
0.916781,-0.418547,-4.225557,-1.387008,0.086540661,-0.4155322452,0.0300728744
0.917832,1.132991,-3.061903,-2.455792,0.0258798273,-0.2707976243,-0.062514714
0.91888,0.628621,-6.260753,-0.392679,0.0184302512,-0.1015858249,-0.1061479453
0.919929,-0.437761,-11.557052,1.043575,0.0524854561,-0.0792370967,-0.0869918925
0.920978,-0.413744,-16.15899,2.976994,0.1131462899,-0.1803384863,-0.0167530324
0.921995,-0.706758,-18.019399,3.032234,0.1738071236,-0.3218804317,0.0747703308
0.923044,-0.185576,-7.477082,-2.450989,0.1152747402,-0.4293671722,0.0737061057
0.924094,0.784736,-1.819236,-2.388543,0.0503570058,-0.2441919955,-0.0135603569
0.925143,0.0546,-0.85192,0.728944,0.0322651782,-0.06753062,-0.0869918925
0.929308,-0.733178,-20.502339,1.250127,0.1812566997,-0.5091840587,0.1460734161
0.92616,-0.786017,-5.26231,0.488768,0.0492927807,-0.0419892163,-0.1189186471
0.928258,-1.129469,-22.66683,3.875253,0.1408161439,-0.3612567624,0.0385866756
0.927209,-0.944533,-14.830127,1.848166,0.0844122107,-0.1675677844,-0.0784780913
0.930327,0.522944,-9.687066,-1.586354,0.1535868457,-0.4878995557,0.1503303168
0.931374,1.159411,-0.890229,-2.866494,0.0876048862,-0.2729260746,0.0598711787
0.932423,0.028181,1.858483,0.056451,0.0386505291,-0.0483745672,-0.0518724624
0.933472,-1.033398,-1.175157,1.485499,0.0312009531,-0.0238973887,-0.1338177993
0.934522,-1.179906,-11.966486,0.981129,0.0524854561,-0.1845953869,-0.1370104747
0.935539,-1.261566,-23.47612,2.981797,0.0961186874,-0.4016973182,-0.0252668336
0.936589,-0.473788,-24.673294,1.675239,0.1503941703,-0.5485603894,0.1333027143
0.937638,0.909627,-14.008865,-0.815389,0.1535868457,-0.4996060324,0.2046057996
0.938686,1.289106,-1.615717,-2.189197,0.0993113629,-0.2463204458,0.1396880652
0.939706,0.232331,5.179445,-0.243769,0.0535496813,0.0261211936,0.0013387952
0.940753,-0.968551,3.692554,1.644016,0.0386505291,0.0889104776,-0.1295608987
0.941802,-1.429689,-8.999888,0.229378,0.0365220788,-0.1175492022,-0.1795794809
0.942851,-1.460912,-24.378789,1.713667,0.0567423567,-0.434688298,-0.0859276674
0.943868,-0.428154,-28.54735,1.413447,0.1110178396,-0.6336984017,0.1056328603
0.944918,1.173821,-18.42165,-0.008397,0.1503941703,-0.5783586937,0.2429179051
0.945967,1.421203,-2.870355,-1.182858,0.1333665678,-0.2910179022,0.2173765014
0.947016,-0.005444,7.068586,-0.164511,0.0876048862,0.0229285181,0.0609354038
0.948033,-1.129469,6.862672,3.106689,0.0705772837,0.1165803316,-0.111469071
0.949082,-0.997372,-22.326832,-0.294206,0.0290725027,-0.37934859,-0.159359203
0.950132,-0.255227,-31.147613,1.6224,0.0609992574,-0.5975147465,0.0385866756
0.951181,0.748709,-22.918236,-0.078048,0.1195316408,-0.5879367201,0.2312114284
0.95223,0.700674,-6.069205,1.137244,0.1525226206,-0.3740274642,0.269523534
0.953247,-0.252825,7.063797,-0.159708,0.1259169917,-0.1005215997,0.1364953898
0.954296,-0.66833,9.324062,1.641614,0.0737699592,0.043148796,-0.0593220385
0.955345,-0.656321,0.098637,0.006014,0.0248156021,-0.0505030175,-0.2051208846
0.956394,-0.968551,-17.648275,-1.588756,-0.0198818543,-0.3357153587,-0.2093777852
0.957412,-0.435359,-31.504371,1.475892,0.0067237745,-0.5996431968,-0.0380375354
0.958461,0.621416,-28.45397,0.459947,0.0961186874,-0.635826852,0.1939635481
0.95951,0.510935,-10.407765,1.406241,0.1748713488,-0.4389451986,0.3025145137
0.960559,-0.680339,6.307183,0.820211,0.1823209249,-0.1771458108,0.2067342499
0.961579,-0.641911,10.748699,1.106021,0.120595866,-0.0281542893,-0.0050465557
0.962626,0.081019,3.273543,-0.659274,0.0258798273,-0.0409249911,-0.1934144079
0.963675,-0.541037,-13.676051,-2.64313,-0.0486159335,-0.2037514396,-0.2413045398
0.964724,-0.723571,-29.045375,0.820211,-0.031588331,-0.4293671722,-0.1008268195
0.965773,-0.175969,-30.448463,1.651221,0.0748341844,-0.580487144,0.1322384891
0.96679,-0.24562,-15.531671,2.366946,0.1940274016,-0.5368539127,0.297193388
0.967839,-0.394529,3.546499,0.570428,0.2259541562,-0.3059170544,0.2759088849
0.968889,0.304383,12.151788,-0.022807,0.1440088193,-0.0643379445,0.0907337082
0.969938,0.532551,6.352675,-1.002726,0.0194944764,0.0080293659,-0.1263682232
0.970957,-0.87248,-10.572975,-1.845745,-0.0528728341,-0.1516044071,-0.2200200367
0.972004,-1.05021,-27.237641,0.719337,-0.0273314304,-0.4144680201,-0.1199828723
0.973053,0.083421,-33.046331,0.31344,0.0748341844,-0.5719733428,0.0832841321
0.974103,-0.889292,2.141016,0.560821,0.2121192292,-0.2835683262,0.2375967794
0.97512,-0.202388,13.918817,0.498375,0.1493299451,-0.06753062,0.0800914566
0.976169,-0.199987,7.93534,1.54074,0.0684488334,-0.0004844353,-0.104019495
0.977218,-0.771606,-8.212147,-2.547059,-0.0166891789,-0.1100996261,-0.1859648318
0.978267,-0.428154,-24.644562,-1.1036,-0.0358452316,-0.3218804317,-0.111469071
0.979316,-0.197585,-32.749432,1.151655,0.0567423567,-0.5102482839,0.0705134302
0.980334,-0.565055,-23.03556,2.316509,0.18338515,-0.5698448925,0.2386610045
0.981382,-0.377717,-0.753751,1.435062,0.2227614807,-0.4453305495,0.2599455076
0.982431,0.201108,11.92193,0.022826,0.1546510709,-0.2090725654,0.1226604628
0.983481,0.011368,7.420555,0.918684,0.0492927807,-0.0473103421,-0.0550651379
0.984498,-0.341691,-6.495399,-1.151635,-0.0432948077,-0.0994573746,-0.1519096269
0.985547,-0.144746,-21.98444,-0.906656,-0.0635150856,-0.3133666305,-0.1125332962
0.986596,-0.216799,-30.793249,2.028298,0.0333294034,-0.51769786,0.0332655499
0.987645,-0.310468,-23.133728,2.145984,0.1610364218,-0.5570741907,0.1811928462
0.988662,0.066609,-4.17767,0.89947,0.197220077,-0.4006330931,0.2205691769
0.989711,0.13626,8.584208,1.343796,0.1493299451,-0.1792742611,0.1258531382
0.99076,-0.425752,7.044642,0.87305,0.058870807,-0.06753062,-0.0284595091
0.991809,-0.399333,-5.338929,-1.449454,-0.031588331,-0.1281914537,-0.1295608987
0.992858,0.270759,-19.910935,-2.09793,-0.059258185,-0.2771829752,-0.1072121704
0.993875,0.316392,-27.860172,0.142914,0.0024668739,-0.4187249207,0.020494848
0.994925,-0.257629,-21.778526,2.955378,0.1184674157,-0.4996060324,0.1641652438
0.995974,-0.452172,-6.40202,2.34533,0.1908347261,-0.4815142047,0.2195049517
0.997023,-0.0823,4.101988,0.829818,0.1610364218,-0.3495502857,0.1482018664
0.99804,0.047395,3.426781,-0.387875,0.0546139064,-0.1792742611,0.0098525965
0.999089,-0.180773,-4.646962,-1.898583,-0.0401021322,-0.130319904,-0.0965699189
1.000139,-0.423351,-15.251532,-1.461463,-0.0539370592,-0.2516415716,-0.1061479453
1.001188,0.037788,-21.065011,1.893799,0.1216600911,-0.4410736489,0.1269173634
1.002207,-0.538635,-10.194668,2.203626,0.1855136003,-0.4006330931,0.2035415744
1.003254,-1.328815,-1.388254,2.410178,0.1716786733,-0.3772201397,0.1620367934
1.004303,-0.646714,1.089897,-0.35425,0.079091085,-0.3218804317,0.0311370995
1.005352,0.501328,-3.248663,-3.133089,-0.0347810065,-0.2069441151,-0.0912487931
1.006401,-0.087104,-12.124513,-0.38067,-0.0656435359,-0.1803384863,-0.117854422
1.007419,-0.747588,-19.463191,1.13244,0.0024668739,-0.2952748029,-0.0401659857
1.008468,-0.087104,-18.175032,1.728077,0.106760939,-0.3899908415,0.0747703308
1.009517,-0.214397,-11.43494,2.378955,0.1684859979,-0.407018444,0.1556514425
1.010566,-1.271173,-7.501026,1.749693,0.162100647,-0.4314956225,0.1599083431
1.011585,-0.99497,-4.218374,0.104486,0.0918617868,-0.4410736489,0.0875410327
1.012632,0.602202,-2.824863,-2.928939,-0.0071111525,-0.3538071863,-0.0156888072
1.013682,0.81836,-7.517786,-1.1036,-0.0390379071,-0.2324855188,-0.0742211907
1.014731,-0.04147,-13.424644,0.803399,0.0056595494,-0.2058798899,-0.0508082373
1.015748,0.124251,-16.259553,1.483098,0.0673846083,-0.254834247,0.0279444241
1.016797,-0.075095,-15.45984,3.363677,0.1227243163,-0.3176235311,0.1120182112
1.017846,-1.251959,-12.696762,1.588775,0.14826572,-0.4357525231,0.1492660916
1.018895,-1.045407,-8.161866,-0.901852,0.1025040383,-0.5187620851,0.1045686351
1.019913,0.448489,-3.346831,-2.369329,0.0184302512,-0.4251102716,0.0130452719
1.020962,0.611809,-3.18641,-0.697702,-0.0092396028,-0.2484488961,-0.0571935882
1.022011,-0.334485,-7.268774,0.625669,0.0141733506,-0.1537328574,-0.0689000649
1.02306,-0.637107,-13.470137,1.40384,0.0492927807,-0.185659612,-0.0242026084
1.024109,-0.579465,-18.352214,3.704728,0.0982471377,-0.3027243789,0.0705134302
1.025126,-0.603483,-16.877295,1.699256,0.1333665678,-0.4474589998,0.1599083431
1.026175,-0.315271,-10.848325,-0.58482,0.1046324887,-0.5325970121,0.1641652438
1.027225,0.357222,-2.403458,-0.964298,0.0014026488,-0.3250731072,-0.007175006
1.028273,0.196304,-0.418543,-0.133288,-0.0188176292,-0.1547970826,-0.0795423164
1.029291,-0.579465,-7.623137,0.325448,-0.0188176292,-0.1143565267,-0.0965699189
1.03034,-1.451305,-19.546994,3.671103,0.0269440524,-0.2484488961,-0.0093034563
1.031389,-1.244753,-22.671619,2.943369,0.0961186874,-0.4400094237,0.1343669395
1.032438,-0.142344,-15.12942,-0.037218,0.1312381175,-0.5485603894,0.2077984751
1.033458,0.787138,-7.122719,-2.335704,0.106760939,-0.4825784299,0.1620367934
1.034505,0.813557,-0.835159,-2.326097,0.0461001052,-0.2537700219,0.0439078014
1.035553,-0.156755,3.223262,0.529598,-0.0081753776,-0.0664663948,-0.0784780913
1.036602,-1.203923,-3.399507,1.223707,-0.0145607286,-0.116484977,-0.145524276
1.037652,-1.725106,-18.105596,2.33092,0.0131091254,-0.3431649348,-0.0944414686
1.038669,-1.151084,-26.366098,2.280483,0.0705772837,-0.5687806673,0.0673207548
1.039718,0.38124,-20.571775,-0.087655,0.1237885414,-0.6549829048,0.2120553757
1.040767,1.317927,-9.19383,-2.054698,0.1163389653,-0.5049271581,0.2301472033
1.041816,0.837575,1.183277,-1.629586,0.058870807,-0.2005587642,0.1237246879
1.042833,-0.456975,7.521117,1.711265,0.0109806751,-0.0100624617,-0.0380375354
1.043883,-1.179906,0.203988,1.310171,0.0067237745,-0.0983931494,-0.1657445539
1.044932,-1.448903,-17.210109,1.038772,0.0109806751,-0.3740274642,-0.159359203
1.045981,-0.896498,-27.982284,1.929825,0.0365220788,-0.6347626269,-0.0029181054
1.046998,0.948056,-24.34048,-0.402286,0.072705734,-0.6964876858,0.1822570714
1.048047,1.582121,-12.074232,-0.35425,0.0812195353,-0.4964133569,0.2535601567
1.049097,0.472507,1.010884,-0.325429,0.0578065819,-0.1792742611,0.1748074953
1.050146,-0.512216,8.943361,1.365411,0.0280082776,0.0229285181,0.0055956959
1.051197,-0.932524,4.585646,1.862576,0.0258798273,-0.0334754151,-0.159359203
1.052212,-1.357636,-12.809297,-0.841808,0.0077879997,-0.3261373323,-0.2104420103
1.053261,0.602202,-28.693405,-0.046825,0.0461001052,-0.7667265459,0.145009191
1.054311,1.212249,-15.27787,-0.229359,0.0854764359,-0.6049643226,0.2748446597
1.055359,-0.039069,-0.440092,1.747292,0.1056967138,-0.3357153587,0.2301472033
1.056377,-0.798025,9.446174,0.889862,0.079091085,-0.1207418777,0.0566785032
1.057426,-0.168764,8.361534,1.370215,0.0248156021,-0.0526314678,-0.1412673753
1.058475,-0.574662,-7.606377,-1.495087,-0.0326525562,-0.1984303139,-0.2413045398
1.059525,-1.074228,-26.916799,0.212566,-0.0475517083,-0.4953491317,-0.1508454017
1.060542,0.088225,-31.703101,1.043575,0.0141733506,-0.6890381097,0.0705134302
1.061591,0.594997,-20.499944,-0.332634,0.0950544623,-0.6241203753,0.2503674812
1.06264,-0.23121,-2.786553,1.521526,0.134430793,-0.3878623912,0.2588812824
1.063689,-0.53143,10.140535,0.769774,0.1014398132,-0.171824685,0.10350441
1.064738,0.088225,9.822087,0.774578,0.0365220788,-0.10265005,-0.0997625944
1.065755,-0.440163,-3.97415,-1.687228,-0.0369094568,-0.1899165126,-0.2232127122
1.066805,-1.201521,-22.046694,-0.743336,-0.0741573372,-0.4038257685,-0.1785152557
1.067854,-0.353699,-32.44535,1.005147,-0.0209460795,-0.6251846005,0.0087883713
1.068903,-0.147148,-27.024544,1.096414,0.0939902371,-0.6996803612,0.2024773493
1.06992,-0.557849,-6.368499,1.884192,0.169550223,-0.5464319391,0.2599455076
1.070969,0.124251,12.005732,-0.752943,0.1312381175,-0.2558984722,0.1322384891
1.072018,0.244339,11.883621,1.206895,0.0492927807,-0.0600810439,-0.0742211907
1.073068,-0.932524,-2.688385,0.255797,-0.0252029801,-0.1015858249,-0.2051208846
1.074085,-0.802829,-19.400938,-1.879369,-0.0667077611,-0.3176235311,-0.1827721563
1.075134,0.150671,-30.572969,0.10929,-0.0262672052,-0.5411108133,-0.0295237342
1.076183,-0.656321,-28.813123,1.893799,0.0897333365,-0.6688178318,0.1599083431
1.077232,-1.119862,-10.237766,2.950574,0.1812566997,-0.6145423489,0.2578170573
1.07825,0.412463,9.568286,-0.471937,0.1525226206,-0.3591283121,0.1758717204
1.079299,-0.793222,-0.107277,0.971522,-0.0379736819,-0.1122280764,-0.166808779
1.080347,-1.119862,-16.139836,-0.519972,-0.0699004365,-0.3218804317,-0.1753225803
1.081396,-0.005444,-29.756496,-0.604034,-0.0134965034,-0.525147436,-0.0593220385
1.082448,-0.348896,-31.592961,0.611258,0.0950544623,-0.5879367201,0.1077613106
1.083463,-0.802829,-12.909859,1.749693,0.1599721966,-0.5049271581,0.2046057996
1.084512,-0.185576,8.593786,0.745757,0.1493299451,-0.324008882,0.1396880652
1.085561,-0.279245,11.919536,1.411045,0.0833479856,-0.1547970826,-0.0231383833
1.08661,-0.906105,0.41948,0.159727,-0.0081753776,-0.1388337053,-0.145524276
1.087628,-0.236013,-13.855627,-2.539854,-0.0560655095,-0.2803756507,-0.1614876533
1.088676,0.328401,-26.229621,-1.797709,-0.0305241059,-0.4559728011,-0.0689000649
1.089726,-0.332084,-29.761285,1.449473,0.079091085,-0.573037568,0.0886052578
1.090775,-0.353699,-15.668149,2.46782,0.1780640243,-0.5751660183,0.1992846738
1.091792,0.201108,3.599174,0.522393,0.1642290973,-0.4389451986,0.1662936941
1.09389,-0.416145,1.109052,-0.020405,-0.0092396028,-0.1633108838,-0.1093406207
1.092841,-0.039069,9.383921,1.293359,0.0844122107,-0.2537700219,0.0236875235
1.094939,-0.10872,-11.844374,-1.802513,-0.0667077611,-0.2431277703,-0.1508454017
1.095988,-0.091907,-23.339642,0.058853,-0.031588331,-0.4336240728,-0.0869918925
1.097006,-0.202388,-26.639054,1.843362,0.0833479856,-0.5858082698,0.0460362517
1.098055,0.205911,-16.223638,1.980262,0.169550223,-0.594322071,0.1556514425
1.099104,0.020975,-1.577407,1.074798,0.1599721966,-0.4815142047,0.1535229922
1.100153,-0.706758,4.336634,1.387027,0.0897333365,-0.337843809,0.0439078014
1.101171,-0.480993,0.649337,-0.198136,-0.0113680531,-0.2463204458,-0.083799217
1.10222,0.114644,-8.334259,-2.013868,-0.0709646617,-0.2601553728,-0.1508454017
1.103268,-0.228808,-19.13756,-0.589623,-0.0464874832,-0.3633852127,-0.1135975214
1.104317,-0.365708,-23.500063,1.644016,0.0482285555,-0.4644866023,0.0109168216
1.105335,-0.221603,-16.43434,2.907343,0.1493299451,-0.5081198336,0.1364953898
1.106385,-0.562653,-0.641217,0.195753,0.1237885414,-0.4868353305,0.0726418805
1.107433,0.241938,-2.039517,-2.354918,-0.0028542519,-0.351678736,-0.0689000649
1.108483,0.035386,-7.319055,-1.132421,-0.0635150856,-0.2590911476,-0.152973852
1.109532,-0.70916,-13.127745,0.733748,-0.0198818543,-0.3197519814,-0.1402031502
1.110549,-0.046274,-17.102364,-0.157306,0.0503570058,-0.4059542188,-0.0582578134
1.111598,0.201108,-16.070399,1.555151,0.1088893893,-0.4197891458,0.0449720265
1.112647,-1.316806,-12.210709,3.008217,0.1472014948,-0.476193079,0.1184035621
1.113699,-1.609821,-6.813848,1.680042,0.1365592433,-0.586872495,0.1152108867
1.114714,0.277964,-2.269374,-2.378936,0.0524854561,-0.5581384158,0.0332655499
1.115763,1.238669,-4.534428,-3.166714,-0.0326525562,-0.3804128151,-0.062514714
1.116812,0.198706,-9.895374,0.495973,-0.0337167813,-0.2601553728,-0.0933772434
1.117861,-0.276843,-13.142111,1.146851,0.0248156021,-0.2803756507,-0.0603862637
1.118879,-0.005444,-14.806183,2.499043,0.0897333365,-0.3474218354,0.0055956959
1.119928,-1.055014,-16.326595,3.303633,0.1440088193,-0.4517159004,0.0779630063
1.120977,-1.792355,-14.269849,1.074798,0.14826572,-0.5826155943,0.10350441
1.122026,-0.32728,-6.507371,-2.321294,0.0705772837,-0.5751660183,0.048164702
1.123077,0.679058,-1.148819,-2.083519,-0.0007258016,-0.4016973182,-0.0422944361
1.124092,-0.202388,-2.089798,1.055584,-0.0028542519,-0.2378066446,-0.1008268195
1.125142,-0.778811,-7.730883,-0.022807,0.0226871518,-0.1952376384,-0.1072121704
1.12724,-0.711562,-20.286847,3.623068,0.1120820647,-0.4432020992,0.0651923045
1.126191,-0.622697,-15.814204,2.177207,0.0609992574,-0.2761187501,-0.0454871115
1.128257,-0.651518,-17.432784,0.649686,0.1333665678,-0.6177350244,0.1407522904
1.129306,0.100234,-9.428476,-0.954691,0.0950544623,-0.6560471299,0.1226604628
1.130356,0.94085,-2.499231,-2.885708,0.0322651782,-0.4868353305,0.034329775
1.131405,-0.692348,-1.613322,1.086807,-0.0071111525,-0.1675677844,-0.1306251238
1.132422,-1.314404,-12.505214,1.242921,0.0152375758,-0.2910179022,-0.1231755477
1.133471,-1.364841,-23.258234,3.877655,0.0663203831,-0.4953491317,-0.0050465557
1.13452,-0.488198,-22.767392,1.259734,0.1216600911,-0.6454048784,0.1386238401
1.135569,0.609407,-13.120562,-1.346178,0.1184674157,-0.6432764281,0.1801286211
1.136618,0.794343,-3.061903,-2.114742,0.0609992574,-0.4442663244,0.1024401848
1.137636,0.17709,4.504238,-0.409491,0.0120449003,-0.1814027114,-0.0295237342
1.138685,-0.656321,3.96551,1.40384,-0.003918477,-0.0920077985,-0.1540380772
1.139734,-1.422484,-10.16833,0.652088,-0.0007258016,-0.2537700219,-0.187029057
1.140783,-1.698686,-25.037235,2.861709,0.0343936285,-0.538982363,-0.0720927404
1.1418,-0.336887,-25.453852,1.487901,0.0918617868,-0.7390566919,0.1162751118
1.142849,1.507666,-15.208434,-1.038753,0.1110178396,-0.6964876858,0.2290829781
1.143898,1.092161,-5.470618,-1.120412,0.092926012,-0.4293671722,0.1992846738
1.14495,-0.372914,3.302275,0.032433,0.051421231,-0.157989758,0.061999629
1.145965,-0.553046,7.590554,1.985066,0.0226871518,-0.088815123,-0.1104048459
1.147014,-0.795624,-3.200776,-0.253376,0.00991645,-0.2484488961,-0.222148487
1.148063,-1.477724,-22.846406,1.005147,0.0014026488,-0.5347254624,-0.1625518784
1.149112,-0.485796,-31.205077,1.595981,0.0418432046,-0.7422493674,0.048164702
1.150129,1.293909,-21.548669,-1.000324,0.0950544623,-0.6954234606,0.2375967794
1.151178,1.272294,-5.358084,-0.202939,0.114210515,-0.4293671722,0.2610097327
1.152227,-0.24562,6.228169,-0.13569,0.0822837604,-0.1473475065,0.117339337
1.153276,-0.992568,8.641673,2.244456,0.037586304,-0.0590168187,-0.0795423164
1.154328,-1.006979,-1.007552,0.452742,0.0152375758,-0.2197148169,-0.2168273613
1.155343,-1.052612,-19.321925,-1.36299,-0.0092396028,-0.5187620851,-0.2019282091
1.156392,-0.031863,-30.848319,1.021959,0.0035310991,-0.7422493674,-0.0220741581
1.157441,0.316392,-9.861853,1.660828,0.1312381175,-0.5581384158,0.283358461
1.15849,-0.512216,6.050987,0.524795,0.1376234684,-0.3186877562,0.1886424223
1.159507,-0.248022,11.328132,0.138111,0.0673846083,-0.1430906059,-0.0156888072
1.160557,-0.336887,2.078763,0.452742,-0.0134965034,-0.1516044071,-0.187029057
1.161606,-1.331217,-16.03209,-0.868227,-0.0539370592,-0.4016973182,-0.2104420103
1.162655,-0.514618,-29.983959,0.565625,-0.0294598807,-0.7028730367,-0.0657073894
1.163672,0.727094,-29.825932,0.399903,0.0567423567,-0.801845976,0.1418165155
1.164721,-0.127934,-14.607452,2.047512,0.1365592433,-0.6709462821,0.2642024082
1.16577,-0.879685,4.690997,1.490303,0.1461372696,-0.4240460464,0.2067342499
1.166819,-0.180773,12.858121,0.75056,0.0939902371,-0.1888522875,0.0151737222
1.167868,0.047395,5.390147,-0.361456,0.0056595494,-0.0994573746,-0.1700014545
1.168886,-1.021389,-11.73184,-2.045091,-0.0699004365,-0.2527057967,-0.2317265134
1.169935,-1.098246,-27.632709,0.332654,-0.0635150856,-0.5464319391,-0.1199828723
1.170984,-0.125532,-32.481265,0.714534,0.0333294034,-0.7486347183,0.0928621585
1.172033,-0.10872,-19.525444,1.86738,0.14826572,-0.7262859901,0.2620739579
1.17305,-0.468984,2.169748,0.435929,0.1769997991,-0.5102482839,0.2524959315
1.1741,-0.159157,12.647418,0.632874,0.1131462899,-0.268669174,0.0832841321
1.175148,0.234732,7.233796,1.146851,0.0226871518,-0.1611824335,-0.1135975214
1.1762,-0.175969,-7.908065,-2.969769,-0.0677719862,-0.2441919955,-0.2125704606
1.177215,-0.464181,-24.062735,-0.764952,-0.086928039,-0.4495874501,-0.1465885011
1.178264,-0.19038,-32.347181,1.696855,0.0141733506,-0.6379553023,0.0407151259
1.179313,-0.509814,-23.562316,2.722407,0.1567795212,-0.6762674079,0.2226976272
1.180363,-0.665929,-1.687547,1.559954,0.2099907789,-0.5304685618,0.2620739579
1.181411,0.297178,12.242773,-0.498356,0.1408161439,-0.310173955,0.1290458137
1.182429,0.328401,8.445336,0.411912,0.0248156021,-0.1877880623,-0.0657073894
1.183478,-0.742785,-6.519343,-1.077181,-0.0688362114,-0.2633480482,-0.17319413
1.184527,0.371633,-30.381421,0.769774,-0.0071111525,-0.6454048784,0.0215590732
1.185578,-0.19038,-24.134566,2.431794,0.1152747402,-0.6794600833,0.1790643959
1.186593,-0.656321,-5.532871,2.042708,0.1769997991,-0.5538815152,0.2290829781
1.187643,-0.135139,8.28252,0.541607,0.1429445942,-0.3484860605,0.1364953898
1.188691,0.028181,8.21069,0.366278,0.0471643304,-0.1963018636,-0.0284595091
1.189741,-0.377717,-3.416267,-1.531114,-0.0560655095,-0.2197148169,-0.145524276
1.190758,-0.418547,-19.628401,-1.288536,-0.0805426881,-0.3985046428,-0.131689349
1.191807,-0.127934,-28.91608,1.089209,0.0088522248,-0.580487144,0.0024030204
1.192856,0.008967,-22.736266,1.319778,0.1227243163,-0.6400837526,0.1471376413
1.193906,-0.365708,-7.594405,0.916282,0.155715296,-0.5741017931,0.1982204487
1.194957,-0.889292,3.623118,2.069128,0.1227243163,-0.4570370262,0.1354311646
1.195972,-0.77641,5.418879,0.779381,0.0450358801,-0.3569998618,0.0055956959
1.197021,0.011368,-2.068249,-2.525443,-0.0550012844,-0.3176235311,-0.1050837201
1.19807,0.160278,-15.115054,-2.035484,-0.0901207145,-0.3676421133,-0.1189186471
1.199119,-0.435359,-25.750751,0.803399,-0.0145607286,-0.497477582,-0.0146245821
1.200136,-0.356101,-22.817674,2.366946,0.1078251641,-0.600707422,0.131174264
1.201186,-0.151951,-9.349463,1.507115,0.1610364218,-0.5858082698,0.2014131241
1.202235,-0.862873,-0.655583,1.576766,0.1323023427,-0.5049271581,0.1503303168
1.204301,0.186697,-2.243036,-2.539854,-0.0518086089,-0.3601925372,-0.0997625944
1.203284,-0.997372,0.699618,0.752962,0.0471643304,-0.4283029471,0.0236875235
1.205351,0.350017,-10.594524,-1.557533,-0.0794784629,-0.3431649348,-0.1423316005
1.206399,-0.447368,-19.664317,0.861041,-0.0209460795,-0.4240460464,-0.0689000649
1.207451,-0.332084,-20.179102,2.340527,0.0822837604,-0.5240832109,0.0662565296
1.208466,-0.183174,-12.445356,2.676774,0.1546510709,-0.5538815152,0.1716148198
1.209515,-0.656321,-5.7747,1.206895,0.1429445942,-0.5474961643,0.1822570714
1.210564,0.534953,-3.251057,-2.061903,-0.0294598807,-0.4581012514,-0.0124961318
1.211613,0.796745,-7.115536,-1.47107,-0.0688362114,-0.3814770403,-0.0827349919
1.212662,0.001761,-13.618586,0.779381,-0.0305241059,-0.3782843648,-0.0646431643
1.21368,-0.046274,-16.867717,1.795327,0.0418432046,-0.4240460464,0.0183663977
1.214729,-0.276843,-15.306602,3.265205,0.1046324887,-0.4772573041,0.1109539861
1.215778,-1.312003,-12.035922,2.189216,0.1301738923,-0.5751660183,0.1631010186
1.216829,-1.009381,-7.48666,-0.800978,0.0833479856,-0.6411479778,0.131174264
1.217844,0.50373,-3.567111,-2.888109,-0.0113680531,-0.5464319391,0.0353940002
1.218893,0.635827,-3.923869,-1.161242,-0.0560655095,-0.3761559145,-0.0454871115
1.219943,-0.430556,-7.489054,0.959514,-0.0294598807,-0.2984674783,-0.0614504888
1.220992,-0.65392,-12.854789,1.564758,0.0194944764,-0.3421007096,-0.0199457078
1.222009,-0.507412,-17.590811,3.531801,0.0663203831,-0.4506516753,0.0673207548
1.223058,-0.853266,-17.164617,2.33092,0.106760939,-0.5932578459,0.1524587671
1.224107,-0.651518,-11.504377,-0.793773,0.0886691114,-0.6826527588,0.1577798928
1.225156,0.184295,-5.834559,-2.482212,0.0184302512,-0.6156065741,0.0843483572
1.226208,0.424471,-2.017967,-1.254911,-0.0262672052,-0.4304313974,-0.0061107808
1.227222,-0.154353,-1.076988,0.157325,-0.0422305825,-0.2761187501,-0.0720927404
1.228272,-0.889292,-7.874544,0.611258,-0.0262672052,-0.2782472004,-0.0859276674
1.229321,-1.23995,-18.170243,3.385293,0.0269440524,-0.4283029471,-0.0082392311
1.231387,0.011368,-16.14223,-0.025209,0.1046324887,-0.7039372619,0.2046057996
1.232436,0.907226,-7.577645,-2.462998,0.0705772837,-0.6124138986,0.1716148198
1.23037,-0.889292,-21.946131,2.751228,0.0854764359,-0.6113496735,0.1247889131
1.233486,0.851985,-1.223044,-2.614309,0.00991645,-0.3825412655,0.0630638542
1.234535,-0.236013,2.773124,0.774578,-0.0390379071,-0.2186505918,-0.0529366876
1.235552,-1.047809,-2.199938,1.019558,-0.0379736819,-0.2665407237,-0.1263682232
1.236601,-1.283181,-26.315817,3.185947,0.0407789794,-0.6826527588,0.0673207548
1.23765,0.141064,-21.922187,0.820211,0.0993113629,-0.7699192214,0.2248260775
1.238702,1.406792,-9.74453,-1.845745,0.0971829126,-0.6336984017,0.2514317064
1.239748,0.996091,0.515253,-2.278062,0.0301367279,-0.3303942329,0.1407522904
1.240766,-0.423351,6.323943,1.463884,-0.031588331,-0.1186134273,-0.0220741581
1.241815,-1.081433,1.458627,1.559954,-0.0401021322,-0.1888522875,-0.1540380772
1.242864,-1.412877,-14.966605,0.779381,-0.0337167813,-0.4549085759,-0.159359203
1.243913,-1.256762,-27.893693,2.63114,0.0014026488,-0.7220290895,-0.0050465557
1.24493,0.578184,-25.053995,0.426322,0.0556781316,-0.8210020288,0.1982204487
1.24598,1.769458,-11.73184,-0.630453,0.0684488334,-0.6645609312,0.2886795867
1.247028,0.570979,0.163284,-0.580016,0.0407789794,-0.3697705636,0.2184407266
1.24808,-0.740383,6.711828,1.319778,-0.0028542519,-0.1696962347,0.0545500529
1.249095,-0.632304,4.688603,1.471089,-0.0305241059,-0.1909807378,-0.111469071
1.251193,-1.030996,-27.596794,1.692051,-0.0560655095,-0.7262859901,-0.0806065416
1.250144,-0.697151,-10.177907,-1.314955,-0.0581939599,-0.420853371,-0.1849006066
1.252243,-0.094309,-30.848319,1.278948,0.0109806751,-0.8816628625,0.1364953898
1.253292,1.293909,-17.229264,-0.344643,0.072705734,-0.7454420428,0.283358461
1.254309,0.984082,1.271868,-0.390277,0.072705734,-0.4038257685,0.2386610045
1.255358,-0.677937,9.953776,0.320645,0.0280082776,-0.1281914537,0.0577427284
1.256407,-1.299994,5.835496,2.97219,-0.0049827022,-0.1186134273,-0.1199828723
1.257459,-1.115058,-7.611166,-1.461463,-0.0422305825,-0.3389080342,-0.2019282091
1.258474,-0.704357,-24.441042,-1.507096,-0.0816069132,-0.6230561502,-0.1242397729
1.259523,-0.202388,-31.925776,1.290957,-0.045423258,-0.8039744263,0.0822199069
1.260574,-0.320075,-22.640492,1.113226,0.0471643304,-0.7997175257,0.2737804346
1.261621,-0.144746,-2.235853,1.593579,0.0971829126,-0.6028358723,0.2993218383
1.262638,-0.339289,9.211528,0.916282,-0.0188176292,-0.2026872145,-0.0774138661
1.263687,-0.894096,-5.068368,-0.841808,-0.0794784629,-0.3080455047,-0.200863984
1.264736,-0.591474,-21.570218,-1.365392,-0.1039556415,-0.5421750385,-0.1582949778
1.265785,0.13626,-32.189154,0.114093,-0.0624508605,-0.7294786655,0.0183663977
1.266834,-0.536233,-27.757215,1.629605,0.0429074297,-0.7848183735,0.2173765014
1.267852,-0.896498,-6.63906,2.22284,0.1227243163,-0.6624324809,0.283358461
1.268901,-0.043872,11.462215,-0.697702,0.0918617868,-0.4006330931,0.1577798928
1.269952,0.193902,11.462215,1.127637,0.0194944764,-0.1973660887,-0.0497440121
1.270999,-0.61309,-1.428958,-0.519972,-0.0667077611,-0.2165221415,-0.1912859576
1.272016,-0.774008,-18.251651,-1.701639,-0.1167263433,-0.4474589998,-0.1838363815
1.273065,-0.113523,-30.747756,0.532,-0.0699004365,-0.7039372619,-0.0284595091
1.274115,-0.022256,-29.385372,1.389429,0.0482285555,-0.8135524527,0.1833212965
1.275164,-0.209594,-10.836353,2.532668,0.1386876936,-0.7092583876,0.3003860634
1.276181,-0.089506,8.323224,0.238985,0.1131462899,-0.4634223771,0.2258903027
1.27723,0.268357,11.694467,0.803399,0.0226871518,-0.2644122734,0.0268801989
1.278279,0.01377,1.221586,-0.33984,-0.0762857875,-0.2473846709,-0.1444600508
1.27933,-0.192781,-14.375201,-2.009064,-0.1358823961,-0.4016973182,-0.1838363815
1.280345,-0.142344,-29.236922,0.253395,-0.0996987408,-0.5964505213,-0.0720927404
1.281394,-0.673134,-31.810847,2.390964,0.0280082776,-0.7145795134,0.1258531382
1.282444,-0.752392,-13.932246,2.633542,0.1333665678,-0.6783958582,0.2578170573
1.283492,-0.0823,5.998312,0.178941,0.128045442,-0.4868353305,0.214183826
1.284542,0.201108,11.292217,0.885059,0.0429074297,-0.2814398759,0.0524216026
1.285559,-0.387324,3.163403,-0.130886,-0.073093112,-0.2367424194,-0.1061479453
1.286608,-0.423351,-12.680002,-1.94902,-0.1380108464,-0.3921192918,-0.1582949778
1.287657,0.153072,-27.570456,-0.568007,-0.1039556415,-0.5953862962,-0.0699642901
1.288709,-0.44977,-15.541248,2.153189,0.1056967138,-0.6698820569,0.2077984751
1.289724,-0.673134,1.405951,1.523928,0.1163389653,-0.5719733428,0.1897066474
1.290772,-0.382521,8.536321,1.283751,0.0620634825,-0.434688298,0.0673207548
1.291824,-0.058283,4.087622,-1.274125,-0.0518086089,-0.3218804317,-0.0731569655
1.292871,-0.185576,-9.557771,-2.695968,-0.1454604225,-0.3484860605,-0.1402031502
1.293888,-0.507412,-24.718787,0.553616,-0.1156621181,-0.531532787,-0.0774138661
1.294937,-0.332084,-28.298338,2.22284,0.0088522248,-0.7124510631,0.0737061057
1.295986,0.032984,-15.617868,1.612793,0.100375588,-0.7433135925,0.186513972
1.297035,-0.219201,-1.685153,1.033968,0.1078251641,-0.6326341766,0.1843855217
1.298085,-0.69475,3.479457,1.269341,0.0492927807,-0.4708719532,0.0854125824
1.299101,-0.360905,2.081157,-0.628051,-0.0613866353,-0.3687063385,-0.0476155618
1.30015,-0.060684,-6.660609,-2.011466,-0.1348181709,-0.3995688679,-0.1348820244
1.301202,-0.651518,-19.549388,0.015621,-0.1082125421,-0.5400465882,-0.1029552698
1.302249,-0.339289,-25.080333,1.238118,-0.0081753776,-0.6528544545,0.0332655499
1.303266,0.450891,-16.862929,1.567159,0.0801553101,-0.6326341766,0.1620367934
1.304315,-0.406538,-5.475407,2.030699,0.1025040383,-0.5741017931,0.186513972
1.305364,-1.405671,-1.316423,1.812139,0.0609992574,-0.5677164422,0.0981832842
1.306413,-0.207192,-1.47445,-1.175653,-0.0294598807,-0.51769786,-0.0327164097
1.30743,0.976877,-5.283859,-3.046626,-0.1018271912,-0.4091468943,-0.1263682232
1.308479,-0.04147,-13.498869,-0.320626,-0.0954418402,-0.3857339409,-0.1221113226
1.309528,-0.536233,-18.515029,1.675239,-0.0220103046,-0.4655508274,-0.0263310588
1.31058,-0.127934,-16.319412,2.105154,0.0567423567,-0.5432392637,0.0864768075
1.311626,-0.723571,-11.444518,2.422187,0.0886691114,-0.5975147465,0.1556514425
1.312644,-1.153486,-6.495399,1.228511,0.0673846083,-0.649661779,0.1439449658
1.313693,-0.180773,-3.100213,-1.86736,-0.0124322782,-0.6411479778,0.0524216026
1.314742,0.347615,-8.657496,0.265404,-0.0847995887,-0.4453305495,-0.083799217
1.315791,-0.168764,-13.479714,0.846631,-0.0411663574,-0.4357525231,-0.0465513367
1.316808,0.037788,-15.948288,2.513454,0.0194944764,-0.4719361784,0.0322013247
1.317857,-0.742785,-15.854908,3.202759,0.0758984095,-0.5517530649,0.1109539861
1.318906,-1.698686,-13.022394,1.079602,0.0737699592,-0.6762674079,0.1333027143
1.319958,-0.675536,-6.382865,-1.73046,0.0024668739,-0.7081941625,0.0715776554
1.320973,0.698272,-1.575013,-2.350115,-0.0645793108,-0.5687806673,-0.0252668336
1.322022,0.227527,-3.090636,0.226976,-0.0773500126,-0.3921192918,-0.0827349919
1.323071,-0.692348,-8.42285,0.512786,-0.0507443838,-0.3399722593,-0.0827349919
1.32412,-0.692348,-14.710409,2.278081,-0.0049827022,-0.4251102716,-0.0252668336
1.325169,-0.665929,-18.833478,3.719138,0.0439716549,-0.5719733428,0.0779630063
1.326187,-0.610688,-17.104758,1.079602,0.0684488334,-0.7124510631,0.1556514425
1.327236,0.090627,-10.170724,-1.533516,0.0354578537,-0.7379924668,0.1418165155
1.328285,0.770325,-3.995699,-3.027412,-0.0347810065,-0.5794229189,0.0556142781
1.329335,0.424471,0.010046,-0.601632,-0.0837353635,-0.3527429611,-0.0444228864
1.330351,-0.634706,-0.526288,0.781783,-0.0911849396,-0.2633480482,-0.1199828723
1.3314,-1.364841,-10.623256,1.480696,-0.0603224102,-0.3761559145,-0.1210470974
1.332452,-1.513751,-22.477676,3.683112,0.0014026488,-0.5783586937,-0.007175006
1.333499,-0.908507,-23.313304,2.153189,0.0684488334,-0.7518273938,0.1482018664
1.334516,0.429275,-13.019999,-0.531981,0.0833479856,-0.7975890754,0.2109911505
1.335565,1.401989,-2.970918,-3.226758,0.0226871518,-0.6156065741,0.1428807407
1.336614,0.578184,2.136227,-1.108404,-0.0496801586,-0.3389080342,0.0109168216
1.337663,-0.853266,2.303832,2.121966,-0.0720288868,-0.2527057967,-0.1029552698
1.33868,-1.220736,-7.340604,0.680909,-0.0603224102,-0.4112753446,-0.1487169514
1.33973,-1.249557,-21.737823,2.33092,-0.031588331,-0.6539186796,-0.0710285152
1.340779,0.90002,-18.833478,-0.671283,0.0567423567,-0.8039744263,0.2184407266
1.34183,1.289106,-5.228789,-2.304481,0.0248156021,-0.5464319391,0.1875781971
1.342876,0.119448,4.999868,-1.005128,-0.0283956555,-0.2420635452,0.0449720265
1.343894,-1.100647,7.437315,3.159528,-0.0379736819,-0.157989758,-0.1135975214
1.344943,-1.460912,-3.619787,0.308636,-0.0358452316,-0.3484860605,-0.2061851097
1.345992,-1.568991,-21.931765,0.752962,-0.0379736819,-0.6549829048,-0.1465885011
1.347041,-0.589072,-29.227345,1.94904,-0.0007258016,-0.8720848361,0.0524216026
1.348058,1.207446,-21.297262,-1.161242,0.0333294034,-0.8582499091,0.2344041039
1.349107,1.060938,-7.781164,0.445536,0.0418432046,-0.6379553023,0.2684593088
1.350157,-0.262432,4.391704,-0.111672,0.0131091254,-0.37934859,0.1460734161
1.351208,-0.336887,9.03674,1.053182,-0.0422305825,-0.2463204458,-0.0444228864
1.352223,-0.380119,0.366804,0.760167,-0.0720288868,-0.3197519814,-0.1912859576
1.353272,-1.09104,-17.880527,-0.541588,-0.0933133899,-0.586872495,-0.1923501827
1.354321,-0.716366,-30.539448,2.162796,-0.0581939599,-0.8731490613,-0.0273952839
1.35537,0.446087,-27.256796,0.426322,0.0290725027,-0.9348741202,0.1822570714
1.356419,0.972073,-11.554658,0.263003,0.079091085,-0.718836414,0.2737804346
1.357436,0.338008,5.126769,-0.080449,0.0620634825,-0.4016973182,0.1790643959
1.358485,-0.579465,10.712784,0.635276,0.0035310991,-0.2058798899,-0.021009933
1.359534,-0.896498,3.254388,1.466285,-0.059258185,-0.2431277703,-0.1891575073
1.360586,-1.189513,-12.756621,-1.391812,-0.0975702905,-0.497477582,-0.2306622883
1.361601,-0.706758,-28.439604,-0.356652,-0.0911849396,-0.7869468238,-0.1018910447
1.36265,0.064207,-31.628877,0.743355,-0.0230745298,-0.9178465177,0.1269173634
1.363701,-0.04147,-17.334615,2.088342,0.0695130586,-0.8252589294,0.2940007125
1.364748,-0.207192,3.943961,0.820211,0.0971829126,-0.559202641,0.2599455076
1.365765,-0.096711,13.114316,0.395099,0.0365220788,-0.3197519814,0.0630638542
1.366814,-0.0823,5.639159,0.798596,-0.0464874832,-0.268669174,-0.139138925
1.367864,-0.706758,-25.777089,-0.637658,-0.1220474691,-0.6241203753,-0.131689349
1.368913,-0.382521,-33.254639,1.266939,-0.0347810065,-0.8210020288,0.0683849799
1.369963,-0.685143,-22.583028,2.477427,0.0961186874,-0.8720848361,0.2439821303
1.370979,-0.461779,0.740322,0.652088,0.1323023427,-0.6783958582,0.2524959315
1.372028,0.479712,13.746424,-0.822594,0.058870807,-0.3623209875,0.0928621585
1.373079,0.184295,8.598574,1.420652,-0.0273314304,-0.2048156648,-0.1029552698
1.374126,-1.105451,-7.067649,-1.108404,-0.100762966,-0.3357153587,-0.2019282091
1.375143,-0.699553,-23.416261,-1.04836,-0.1167263433,-0.6017716471,-0.1412673753
1.376192,0.321196,-32.150845,0.692918,-0.0379736819,-0.7922679496,0.0375224505
1.377242,-0.399333,-25.480189,2.230046,0.0844122107,-0.8380296312,0.2152480511
1.378291,-0.894096,-4.809778,1.953843,0.1354950181,-0.7124510631,0.2599455076
1.379308,0.251545,11.704045,-0.058834,0.079091085,-0.4655508274,0.1386238401
1.380357,0.563774,10.777432,0.294225,-0.0188176292,-0.2846325513,-0.0571935882
1.381406,-0.699553,-3.954995,-0.98111,-0.1114052175,-0.3197519814,-0.180643706
1.382458,-0.766803,-20.847125,-0.522374,-0.1348181709,-0.5304685618,-0.1465885011
1.383504,0.145867,-31.106909,0.822613,-0.0528728341,-0.7411851422,0.0087883713
1.384521,0.004163,-25.640611,1.98987,0.0673846083,-0.8135524527,0.1748074953
1.38557,-0.392128,-6.655821,1.675239,0.1195316408,-0.718836414,0.2312114284
1.386619,-0.168764,7.200275,0.748158,0.0907975617,-0.5283401115,0.1471376413
1.387669,-0.043872,7.918579,0.774578,0.0120449003,-0.3697705636,-0.0093034563
1.388685,-0.106318,-1.747406,-2.069109,-0.1018271912,-0.3569998618,-0.1348820244
1.389735,-0.04147,-16.917999,-2.13876,-0.1582311243,-0.490028006,-0.1433958257
1.390784,-0.202388,-28.501857,1.000344,-0.0858638138,-0.6677536066,-0.0220741581
1.391835,-0.454573,-25.652583,2.635944,0.0546139064,-0.774176122,0.1396880652
1.39285,-0.298459,-9.100451,1.648819,0.1291096672,-0.7401209171,0.2173765014
1.393899,-0.317673,5.373387,0.476759,0.0067237745,-0.4293671722,0.0173021725
1.39495,-0.526626,-3.373169,-1.228492,-0.0890564893,-0.3782843648,-0.0944414686
1.395997,-0.058283,-13.805346,-1.838539,-0.1231116942,-0.476193079,-0.1167901968
1.397046,-0.007846,-22.702745,-0.140494,-0.0752215623,-0.6464691036,-0.0401659857
1.398063,-0.308066,-23.126545,2.270876,0.0301367279,-0.7518273938,0.0928621585
1.399112,-0.437761,-12.342399,2.703193,0.106760939,-0.732671341,0.1875781971
1.400161,-0.651518,-1.165579,1.893799,0.0993113629,-0.6432764281,0.1684221444
1.401211,-0.682741,1.887215,0.45034,0.0163018009,-0.538982363,0.0492289272
1.402227,-0.055881,-2.154445,-2.126751,-0.0922491648,-0.4559728011,-0.0784780913
1.403277,0.157876,-10.311991,-1.442249,-0.1316254955,-0.4581012514,-0.1274324483
1.404328,-0.262432,-19.051363,0.147718,-0.0826711384,-0.5464319391,-0.0689000649
1.405375,-0.252825,-20.2222,1.884192,0.0120449003,-0.6326341766,0.0545500529
1.406392,-0.468984,-12.854789,3.157126,0.092926012,-0.6805243085,0.1567156677
1.407441,-1.069425,-6.51216,1.7593,0.1025040383,-0.7124510631,0.1694863695
1.40849,-0.723571,-3.557534,-0.200538,0.0333294034,-0.6815885336,0.0949906088
1.409539,0.39565,-2.518386,-2.506229,-0.073093112,-0.5709091176,-0.0146245821
1.410556,0.29958,-6.569624,-1.238099,-0.1156621181,-0.4942849066,-0.0869918925
1.411606,-0.216799,-13.750276,0.993138,-0.0709646617,-0.5219547606,-0.0667716146
1.412655,0.414864,-16.37927,1.168467,-0.0017900267,-0.5560099655,0.0183663977
1.413706,0.047395,-14.949844,2.210832,0.0418432046,-0.5570741907,0.1066970855
1.414753,-1.710695,-13.877176,2.75363,0.0716415089,-0.6326341766,0.1556514425
1.41577,-1.665062,-8.430033,0.632874,0.0492927807,-0.7347997913,0.1258531382
1.416819,0.251545,-1.522337,-2.936145,-0.0475517083,-0.6954234606,0.020494848
1.417868,0.659844,-2.851201,-1.415829,-0.100762966,-0.5506888397,-0.0689000649
1.418917,-0.228808,-13.252251,0.805801,-0.0337167813,-0.462358152,-0.0146245821
1.419934,-0.096711,-15.787866,2.674372,0.0077879997,-0.5198263103,0.0683849799
1.420983,-1.033398,-16.712085,2.465418,0.0492927807,-0.6613682557,0.1460734161
1.422032,-1.023791,-13.051126,0.57283,0.0524854561,-0.8082313269,0.1641652438
1.423084,0.38124,-6.184134,-2.169983,-0.003918477,-0.7784330226,0.10350441
1.424099,1.010501,-1.249381,-2.01627,-0.0581939599,-0.5772944686,0.0119810468
1.425148,0.174688,-0.746568,0.099683,-0.0837353635,-0.3867981661,-0.062514714
1.426197,-0.81724,-8.133134,0.539205,-0.0773500126,-0.3676421133,-0.0795423164
1.427246,-1.206325,-18.433621,3.43573,-0.0262672052,-0.5070556084,0.0002745701
1.428295,-1.115058,-21.63726,3.111492,0.0439716549,-0.6879738846,0.1301100388
1.429312,-0.579465,-16.518143,0.366278,0.0705772837,-0.8146166778,0.200348899
1.430362,0.58539,-7.740461,-1.968235,0.0322651782,-0.760341195,0.1641652438
1.43141,1.118581,-0.284459,-2.715183,-0.0358452316,-0.5155694097,0.0598711787
1.432461,-0.094309,2.844955,0.916282,-0.0858638138,-0.3123024053,-0.0476155618
1.433477,-1.232744,-2.769793,1.358206,-0.0858638138,-0.3527429611,-0.111469071
1.434526,-1.436894,-16.479833,1.869781,-0.0560655095,-0.566652217,-0.0731569655
1.435577,-0.982961,-25.585541,2.727211,-0.0017900267,-0.7784330226,0.0747703308
1.436624,0.191501,-21.467261,0.054049,0.0450358801,-0.8805986374,0.2163122763
1.437641,0.928842,-10.845931,-1.48548,0.0333294034,-0.7933321748,0.235468329
1.43869,0.876003,0.038778,-1.855352,-0.0241387549,-0.5304685618,0.1322384891
1.43974,0.114644,7.027882,0.505581,-0.0709646617,-0.2846325513,-0.021009933
1.440788,-0.973354,1.365247,1.341394,-0.0741573372,-0.2803756507,-0.1402031502
1.441838,-1.691481,-14.703226,1.038772,-0.0677719862,-0.5219547606,-0.1380746999
1.442855,-1.537768,-27.041305,2.573498,-0.0326525562,-0.815680903,0.0109168216
1.443904,0.090627,-25.484978,0.452742,0.023751377,-0.9646724245,0.2014131241
1.444955,1.740637,-13.513235,-1.490284,0.0365220788,-0.8508003331,0.283358461
1.446002,-0.375315,8.131676,1.125235,-0.0496801586,-0.268669174,0.0385866756
1.447019,-1.170299,5.366204,2.760835,-0.0443590329,-0.2771829752,-0.1199828723
1.448068,-1.163093,-10.31678,-0.411893,-0.0496801586,-0.5240832109,-0.1763868054
1.449117,-0.862873,-26.385253,0.73615,-0.0645793108,-0.8273873797,-0.0667716146
1.450167,0.294776,-29.57692,0.039639,-0.0390379071,-0.9519017227,0.1428807407
1.451184,0.921636,-18.929252,0.604053,0.0109806751,-0.82951583,0.297193388
1.452233,0.131456,-1.596562,1.63681,0.0312009531,-0.594322071,0.2844226861
1.453282,-0.358503,10.844473,-0.133288,-0.0134965034,-0.3761559145,0.1162751118
1.454333,-0.260031,8.500406,1.876987,-0.0518086089,-0.2867610016,-0.0806065416
1.45538,-0.862873,-7.467505,-0.671283,-0.086928039,-0.434688298,-0.1763868054
1.456397,-0.766803,-25.116248,-0.138092,-0.1177905685,-0.7379924668,-0.1029552698
1.457446,0.29958,-31.482821,1.209297,-0.073093112,-0.9380667957,0.0886052578
1.458495,0.253946,-23.703583,-0.104467,0.0120449003,-0.9061400411,0.249303256
1.459544,-0.16396,-6.464273,0.969121,0.0503570058,-0.6741389576,0.2546243818
1.460562,-0.058283,10.037578,0.075665,0.0184302512,-0.3729632391,0.1024401848
1.461611,-0.187978,13.387272,2.141181,-0.0241387549,-0.2207790421,-0.1050837201
1.46266,-1.441698,-1.30924,-0.051628,-0.0837353635,-0.3389080342,-0.2381118643
1.463711,-1.713097,-22.94218,-0.959494,-0.12843282,-0.6305057263,-0.1817079312
1.464726,0.069011,-32.68239,0.018023,-0.0996987408,-0.8518645582,0.034329775
1.465775,0.707879,-24.493718,-0.4215,-0.0358452316,-0.9018831404,0.2535601567
1.466827,-0.399333,-6.782721,3.190751,0.0301367279,-0.8273873797,0.3408266193
1.467873,-0.766803,6.156339,1.586373,0.0482285555,-0.6603040306,0.255688607
1.46889,0.688665,9.173218,-0.464731,-0.0262672052,-0.4730004035,0.0545500529
1.46994,0.986484,1.597499,-2.297276,-0.1433319721,-0.4080826691,-0.1402031502
1.470989,-0.682741,-15.18449,-1.041154,-0.1912221041,-0.5623953164,-0.187029057
1.472038,0.01377,-31.394231,1.264537,0.0067237745,-0.9189107429,0.1673579192
1.473087,-0.142344,-14.181258,1.675239,0.1099536144,-0.7582127447,0.297193388
1.474104,-0.757195,6.651969,-0.118878,0.0886691114,-0.4581012514,0.2407894548
1.475153,-0.61309,12.815022,1.593579,0.0067237745,-0.2984674783,0.048164702
1.476204,-0.468984,3.809877,-0.09486,-0.0879922642,-0.3463576102,-0.1348820244
1.477251,-0.639509,-13.297744,-3.034617,-0.1624880249,-0.5091840587,-0.1838363815
1.478268,-0.461779,-28.075663,-0.241368,-0.1475888728,-0.7018088115,-0.0635789391
1.479317,-0.353699,-30.659165,2.071529,-0.0273314304,-0.8593141343,0.1386238401
1.480367,-0.865275,-17.076026,3.193152,0.0993113629,-0.8901766637,0.2801657855
1.481416,-0.440163,2.351719,0.034835,0.1035682635,-0.7262859901,0.263138183
1.482433,0.895217,11.569961,-0.719318,0.0003384236,-0.4453305495,0.1024401848
1.483482,0.470105,5.624793,-0.142895,-0.1220474691,-0.2856967765,-0.0795423164
1.484531,-0.754794,-10.532271,-1.093993,-0.1901578789,-0.4197891458,-0.1551023023
1.485582,-0.764401,-26.52652,0.87305,-0.1443961973,-0.6975519109,-0.0731569655
1.486629,-0.103916,-30.666349,1.809737,-0.0113680531,-0.8539930085,0.0949906088
1.487646,0.162679,-18.01461,0.837024,0.0716415089,-0.8146166778,0.2131196008
1.488696,-0.279245,0.194411,1.202092,0.0609992574,-0.677331633,0.2056700247
1.489745,-0.514618,9.331245,2.321313,0.0131091254,-0.5379181379,0.0939263836
1.490794,-0.219201,4.597618,-0.764952,-0.0858638138,-0.4432020992,-0.0401659857
1.491811,0.13626,-9.265661,-2.458194,-0.1859009783,-0.4602297017,-0.1018910447
1.49286,-0.036667,-22.817674,-0.423901,-0.1827083028,-0.6070927729,-0.0476155618
1.493909,-0.413744,-27.742849,1.456678,-0.0762857875,-0.788011049,0.0843483572
1.494961,-0.411342,-18.103201,2.888129,0.0354578537,-0.8742132864,0.1971562235
1.495976,-0.329682,-2.731483,1.807336,0.065256158,-0.8114240024,0.2067342499
1.497024,-0.452172,4.03734,1.250127,0.0184302512,-0.6411479778,0.1120182112
1.498076,0.246741,-6.598356,-2.595094,-0.1635522501,-0.4549085759,-0.097634144
1.499123,0.181894,-16.85814,-1.442249,-0.1603595746,-0.5379181379,-0.083799217
1.500172,-0.264834,-23.28936,0.702525,-0.0816069132,-0.6432764281,0.0268801989
1.501189,-0.401735,-18.519818,2.897736,0.0258798273,-0.7039372619,0.1599083431
1.502238,-0.961345,-8.118768,2.645551,0.0854764359,-0.7284144404,0.2173765014
1.503287,-1.1727,-1.536703,0.961915,0.0397147543,-0.7284144404,0.1524587671
1.504337,-0.130336,0.163284,-1.905789,-0.0890564893,-0.6560471299,0.0141094971
1.505353,0.467703,-3.861616,-2.49422,-0.1784514022,-0.573037568,-0.0965699189
1.506402,-0.320075,-13.427039,0.452742,-0.1614237998,-0.5858082698,-0.1018910447
1.507454,-0.202388,-20.061779,1.197288,-0.0752215623,-0.635826852,-0.0018538802
1.508501,0.522944,-16.628283,1.706462,0.00991645,-0.6283772759,0.1184035621
1.509518,-0.58667,-10.062979,2.297295,0.0439716549,-0.6454048784,0.1758717204
1.510567,-1.960478,-7.479477,2.321313,0.023751377,-0.7550200692,0.1535229922
1.511616,-0.786017,-4.72837,-0.604034,-0.0475517083,-0.801845976,0.0726418805
1.512665,1.325132,-2.544724,-3.887242,-0.1316254955,-0.6794600833,-0.0284595091
1.513714,0.727094,-7.232859,-0.882638,-0.1614237998,-0.5496246146,-0.0816707667
1.514731,-0.649116,-14.844493,1.980262,-0.1124694427,-0.5581384158,-0.0369733103
1.51578,-0.055881,-16.508565,2.703193,-0.0273314304,-0.621991925,0.061999629
1.516832,0.01377,-13.393518,2.258867,0.0205587015,-0.6762674079,0.145009191
1.517878,-1.249557,-11.767755,0.973924,0.0109806751,-0.7699192214,0.1684221444
1.518895,-0.992568,-8.832284,-0.287001,-0.0369094568,-0.8263231545,0.1226604628
1.519944,0.789539,-3.370774,-2.424569,-0.0996987408,-0.7177721889,0.0364582253
1.520993,0.914431,-2.413035,-1.125216,-0.12843282,-0.5123767342,-0.0380375354
1.522043,-0.377717,-7.323844,0.459947,-0.1114052175,-0.407018444,-0.0561293631
1.52306,-0.81724,-14.284215,2.117163,-0.0720288868,-0.4847068802,-0.0082392311
1.524109,-0.819641,-18.685028,3.918485,-0.0188176292,-0.6560471299,0.0875410327
1.525158,-0.413744,-11.375082,-0.861022,-0.0028542519,-0.8923051141,0.1609725683
1.526209,0.806352,-3.689223,-3.008198,-0.0677719862,-0.7454420428,0.0822199069
1.527256,0.657442,0.472155,-1.413427,-0.1220474691,-0.4847068802,-0.0135603569
1.528273,-0.66833,-1.67797,1.516722,-0.1305612703,-0.3687063385,-0.0752854158
1.529322,-1.328815,-9.852276,1.71847,-0.100762966,-0.476193079,-0.0710285152
1.530371,-1.316806,-19.39615,3.178742,-0.0571297347,-0.6762674079,0.0194306229
1.53142,-0.896498,-22.870349,2.287688,-0.0081753776,-0.8518645582,0.1482018664
1.532438,0.114644,-16.58279,-0.620846,0.0077879997,-0.9103969417,0.214183826
1.533486,1.197839,-5.128226,-2.695968,-0.0347810065,-0.7635338705,0.1662936941
1.534535,0.933645,3.493823,-1.641595,-0.0996987408,-0.5027987078,0.0407151259
1.536602,-1.446501,-6.923988,1.504714,-0.114597893,-0.5006702575,-0.125303998
1.535587,-0.6275,3.505795,1.509517,-0.1273685948,-0.3804128151,-0.0795423164
1.537651,-1.333618,-20.918955,2.133975,-0.086928039,-0.7390566919,-0.0476155618
1.538702,-0.442565,-25.710047,1.687247,-0.0401021322,-0.9221034184,0.1162751118
1.539749,0.719888,-19.032209,-0.560802,-0.0028542519,-0.9380667957,0.2344041039
1.540766,0.811155,-8.511441,-1.459061,-0.0198818543,-0.7582127447,0.2269545278
1.541815,0.35482,3.225656,-1.000324,-0.0752215623,-0.4634223771,0.1077613106
1.542864,-0.293655,8.74463,1.612793,-0.1050198666,-0.2846325513,-0.0550651379
1.543913,-1.206325,-1.649238,0.560821,-0.1114052175,-0.3974404176,-0.1678730042
1.544962,-1.768337,-20.253326,1.031566,-0.114597893,-0.7124510631,-0.1306251238
1.54598,-0.862873,-29.268049,2.025896,-0.073093112,-0.9731862257,0.0534858278
1.547028,0.909627,-23.040348,-0.846612,-0.0230745298,-1.0072414306,0.2375967794
1.54808,1.195437,-10.072556,-0.104467,-0.0113680531,-0.8050386515,0.2865511364
1.549126,0.325999,3.271149,-0.565605,-0.0401021322,-0.4964133569,0.1780001708
1.550143,-0.32728,10.229126,1.125235,-0.073093112,-0.3016601538,-0.0114319066
1.551192,-1.292788,-15.984203,-0.536784,-0.1114052175,-0.6645609312,-0.1859648318
1.552241,-0.497805,-30.434097,1.149253,-0.1018271912,-0.9497732724,-0.0284595091
1.55329,0.876003,-28.226507,-0.058834,-0.0464874832,-1.0008560797,0.1950277732
1.554308,0.943252,-13.76943,0.584839,-0.003918477,-0.8241947042,0.3078356395
1.555357,-0.36811,2.397211,1.490303,-0.003918477,-0.5826155943,0.2344041039
1.556406,-0.689946,11.608271,1.259734,-0.0464874832,-0.4197891458,0.0396509008
1.557457,-0.120729,6.599293,0.880255,-0.1039556415,-0.407018444,-0.152973852
1.558504,-0.836454,-12.311272,-1.970636,-0.1624880249,-0.5762302434,-0.2125704606
1.559521,-0.898899,-29.387766,0.599249,-0.1656807004,-0.8412223067,-0.0784780913
1.56057,0.186697,-30.608884,0.800997,-0.0879922642,-1.0061772055,0.1439449658
1.562668,-0.255227,0.005257,1.009951,0.0343936285,-0.705001487,0.2737804346
1.563685,-0.094309,11.203626,-0.128485,-0.017753404,-0.4293671722,0.1013759597
1.561619,0.229929,-17.708134,0.805801,0.0024668739,-0.9561586233,0.2961291628
1.564735,0.064207,8.814066,0.87305,-0.0965060654,-0.3474218354,-0.1018910447
1.565783,-1.100647,-7.21131,-1.240501,-0.1582311243,-0.5166336348,-0.20831356
1.566835,-1.189513,-25.329345,-0.174118,-0.1646164752,-0.788011049,-0.1306251238
1.56785,0.21792,-32.20352,0.320645,-0.0965060654,-0.9604155239,0.0737061057
1.568899,-0.293655,-24.041186,1.507115,0.0067237745,-0.9699935503,0.2535601567
1.569948,-1.196718,-4.460203,2.29009,0.0535496813,-0.8146166778,0.2854869113
1.570997,0.141064,12.4008,-0.195734,-0.0081753776,-0.5474961643,0.1482018664
1.572046,0.880806,12.137422,0.428724,-0.0986345157,-0.3484860605,-0.062514714
1.573063,-0.91331,-4.45302,-0.877834,-0.1773871771,-0.3995688679,-0.1902217324
1.574112,-1.472921,-23.152883,0.08287,-0.1880294286,-0.6741389576,-0.1380746999
1.575161,0.093028,-31.930565,0.486366,-0.0996987408,-0.9178465177,0.0407151259
1.576212,-0.848462,-7.742855,1.86738,0.0641919328,-0.8359011809,0.2642024082
1.577227,-0.202388,9.058289,0.596847,0.0312009531,-0.6209276999,0.1662936941
1.578276,0.719888,11.720805,0.339859,-0.0518086089,-0.4197891458,-0.0156888072
1.579328,-0.192781,-0.413754,-1.468668,-0.1635522501,-0.3772201397,-0.1551023023
1.580374,-0.855668,-18.335453,-1.00753,-0.2146350574,-0.55281729,-0.1476527263
1.581392,-0.483395,-31.832396,1.276546,-0.1337539458,-0.7943963999,0.0055956959
1.582441,-0.447368,-28.461153,2.383759,0.0141733506,-0.9178465177,0.1939635481
1.58349,-0.589072,-8.724538,1.939433,0.092926012,-0.8742132864,0.2748446597
1.584539,-0.216799,6.877038,0.087674,0.058870807,-0.705001487,0.1928993229
1.585587,0.193902,9.051106,0.188548,-0.0464874832,-0.5240832109,0.020494848
1.586605,0.037788,0.405113,-1.379803,-0.1784514022,-0.4793857544,-0.1242397729
1.587654,-0.358503,-15.368855,-1.118011,-0.2295342096,-0.6124138986,-0.1465885011
1.588705,-0.538635,-28.626364,1.463884,-0.1497173231,-0.8039744263,-0.0252668336
1.589752,-0.187978,-27.496231,1.90821,-0.0081753776,-0.8795344122,0.1471376413
1.590769,0.186697,-11.399025,0.837024,0.0631277077,-0.7901394993,0.2365325542
1.591818,-0.113523,4.025369,0.683311,0.0365220788,-0.6400837526,0.186513972
1.592867,-0.673134,6.979995,1.449473,-0.0337167813,-0.5347254624,0.0492289272
1.593917,-0.394529,-0.63164,-1.238099,-0.1294970451,-0.5134409594,-0.076349641
1.594934,0.186697,-13.688023,-2.607103,-0.1859009783,-0.5858082698,-0.1135975214
1.595983,0.01377,-25.109065,-0.05403,-0.1443961973,-0.7209648643,-0.0316521845
1.597032,-0.118327,-23.943018,1.80013,-0.0358452316,-0.8284516048,0.1120182112
1.598083,-0.178371,-11.504377,2.177207,0.0461001052,-0.8390938564,0.2035415744
1.599098,-0.855668,-1.51276,2.129172,0.0578065819,-0.7688549962,0.1875781971
1.600147,-0.990166,1.559189,0.820211,-0.0145607286,-0.6666893815,0.0864768075
1.601196,-0.053479,-0.598119,-1.997056,-0.1316254955,-0.5858082698,-0.03484486
1.602245,0.133858,-9.031014,-1.768888,-0.1827083028,-0.5921936207,-0.097634144
1.603294,0.008967,-21.124869,1.355804,-0.0432948077,-0.7358640165,0.0747703308
1.604311,-0.28645,-14.253089,2.676774,0.0333294034,-0.7496989435,0.172679045
1.60536,-1.530563,-8.204964,2.914548,0.0556781316,-0.8050386515,0.1833212965
1.60641,-1.230343,-3.488097,0.493572,-0.003918477,-0.8231304791,0.1013759597
1.607461,0.575782,-0.717836,-3.145098,-0.1263043697,-0.6954234606,-0.0252668336
1.608475,0.51814,-5.291042,-1.26692,-0.1784514022,-0.566652217,-0.1093406207
1.609524,-0.769204,-13.810134,1.644016,-0.1252401445,-0.594322071,-0.0859276674
1.610573,-0.195183,-17.509403,1.365411,-0.0390379071,-0.6677536066,0.0141094971
1.611622,0.345213,-14.741536,2.138779,0.0173660261,-0.6922307852,0.1162751118
1.61264,-0.882087,-11.470856,1.994673,0.0226871518,-0.7720476717,0.1737432701
1.613689,-1.302396,-8.453976,0.837024,-0.0188176292,-0.8816628625,0.1599083431
1.614738,0.280366,-4.558371,-2.085921,-0.0975702905,-0.8422865318,0.0822199069
1.615786,1.231464,-3.399507,-2.280464,-0.1507815482,-0.6783958582,-0.0050465557
1.616838,0.193902,-6.595962,0.529598,-0.1433319721,-0.5921936207,-0.0465513367
1.617853,-0.416145,-12.167611,1.175672,-0.100762966,-0.6326341766,-0.0231383833
1.618902,-0.142344,-16.422369,3.051448,-0.0443590329,-0.7039372619,0.0556142781
1.619953,-0.6275,-17.420812,2.710398,0.00991645,-0.7901394993,0.1460734161
1.621,-1.026193,-13.721543,0.104486,0.0088522248,-0.8731490613,0.1758717204
1.622017,-0.072693,-6.581596,-1.980243,-0.0539370592,-0.8401580815,0.117339337
1.623066,0.703076,-1.421775,-1.735264,-0.1050198666,-0.6783958582,0.0258159738
1.624115,0.020975,-1.012341,0.416715,-0.1241759194,-0.51769786,-0.0422944361
1.625164,-0.733178,-6.349344,0.140513,-0.1188547936,-0.483642655,-0.0667716146
1.626181,-1.033398,-15.421531,2.338125,-0.0816069132,-0.6049643226,-0.0156888072
1.62723,-1.360038,-22.228664,3.565426,-0.0209460795,-0.8061028766,0.1024401848
1.628279,-1.100647,-19.769668,1.379822,0.023751377,-0.9710577754,0.1992846738
1.629331,1.358757,0.407508,-3.399685,-0.0603224102,-0.7337355662,0.1024401848
1.630377,0.513337,2.876081,-0.577614,-0.1199190188,-0.448523225,-0.0093034563
1.631395,-0.83165,-1.436141,0.889862,-0.1369466212,-0.3921192918,-0.0891203428
1.632443,-1.345627,-13.364785,1.564758,-0.1188547936,-0.5964505213,-0.083799217
1.633493,-1.463314,-25.494556,2.99861,-0.0656435359,-0.8561214588,0.0375224505
1.634542,-0.704357,-25.729202,1.756899,0.00991645,-1.0125625564,0.1939635481
1.635559,0.823164,-12.498031,-0.9667,0.0301367279,-0.961479749,0.2461105806
1.636608,1.428408,1.425106,-3.279597,-0.0294598807,-0.6709462821,0.1609725683
1.637657,0.071412,6.991966,0.788988,-0.0826711384,-0.3878623912,0.020494848
1.638708,-1.285583,2.631858,2.37175,-0.086928039,-0.393183517,-0.097634144
1.639723,-1.448903,-11.573813,0.006014,-0.0933133899,-0.6336984017,-0.1284966735
1.640772,-1.033398,-25.93751,1.953843,-0.0794784629,-0.8944335644,-0.0146245821
1.641821,0.249143,-28.015805,0.296627,-0.031588331,-1.016819457,0.1737432701
1.64287,1.101768,-16.95152,-0.791371,-0.0166891789,-0.9412594711,0.2791015603
1.643919,0.657442,-1.704308,-0.4215,-0.0486159335,-0.6996803612,0.2301472033
1.644936,-0.159157,8.193929,0.54641,-0.086928039,-0.4251102716,0.075834556
1.645985,-0.805231,7.506751,2.914548,-0.0879922642,-0.3399722593,-0.0912487931
1.647034,-1.340824,-6.605539,-0.416696,-0.0975702905,-0.5496246146,-0.1763868054
1.648086,-1.523358,-25.540048,0.846631,-0.1018271912,-0.8933693392,-0.0933772434
1.6491,-0.137541,-31.082965,1.144449,-0.0496801586,-1.0966363436,0.1215962376
1.650149,1.421203,-20.911772,-1.5119,-0.0124322782,-1.0210763576,0.2940007125
1.651198,0.727094,-4.608653,1.120432,-0.0103038279,-0.7582127447,0.297193388
1.652247,-0.66833,8.435759,1.053182,-0.031588331,-0.511312509,0.1460734161
1.653264,-0.61309,9.692792,1.58157,-0.0624508605,-0.4187249207,-0.0508082373
1.654313,-0.442565,-2.348387,-0.791371,-0.1092767672,-0.5027987078,-0.1795794809
1.655362,-0.432958,-32.361547,1.874585,-0.1241759194,-1.0146910067,0.0449720265
1.656411,0.407659,-25.350895,1.043575,-0.031588331,-1.0838656417,0.2610097327
1.657462,0.604604,-7.673419,1.28135,0.0343936285,-0.8837913128,0.332312818
1.658477,-0.442565,6.02465,0.584839,0.0131091254,-0.5709091176,0.2109911505
1.659526,-0.493002,10.154901,1.2141,-0.0667077611,-0.3985046428,-0.0029181054
1.660578,0.097832,2.459465,-1.374999,-0.1529099985,-0.4421378741,-0.1817079312
1.661624,-1.047809,-16.295468,-1.564738,-0.1965432298,-0.6528544545,-0.2019282091
1.662641,-1.275976,-31.17395,1.764104,-0.1465246476,-0.9306172196,-0.0305879594
1.66369,0.090627,-29.157909,0.757766,-0.0369094568,-1.0870583172,0.2056700247
1.664739,0.289973,-12.251413,1.545544,0.0546139064,-0.9636081993,0.338698169
1.665788,-0.517019,4.475506,0.010818,0.0578065819,-0.6603040306,0.2812300107
1.666806,-0.077497,10.504476,0.495973,-0.0252029801,-0.4527801256,0.0875410327
1.667854,0.494123,4.623956,-0.76255,-0.1369466212,-0.4602297017,-0.1199828723
1.668903,-0.836454,-11.774938,-2.109938,-0.2050570311,-0.6464691036,-0.1976713085
1.669955,-1.23995,-27.455527,0.981129,-0.169937601,-0.8933693392,-0.0806065416
1.67097,0.162679,-31.351132,1.146851,-0.0539370592,-1.0466177613,0.1364953898
1.672018,0.047395,-18.926857,2.801665,0.0641919328,-0.9902138282,0.3014502886
1.673067,-0.737981,1.331726,0.825015,0.0822837604,-0.7486347183,0.3003860634
1.674116,0.275562,12.568404,-0.188529,-0.0113680531,-0.497477582,0.1343669395
1.675165,0.616612,7.700694,-0.037218,-0.12843282,-0.4187249207,-0.0742211907
1.676182,-0.846061,-9.280027,-2.045091,-0.2093139317,-0.5687806673,-0.17319413
1.677231,-1.400868,-26.421168,0.315841,-0.1986716801,-0.8188735785,-0.0859276674
1.67828,-0.293655,-32.308872,1.752095,-0.0794784629,-0.9997918546,0.1088255358
1.679331,0.093028,-21.381065,2.227644,0.0524854561,-1.016819457,0.2588812824
1.680346,-0.382521,-1.294874,0.906675,0.079091085,-0.857185684,0.2642024082
1.681396,0.268357,11.46461,0.176539,0.0067237745,-0.6124138986,0.1364953898
1.682444,-0.454573,-6.682158,-1.677621,-0.183772528,-0.503862933,-0.1327535741
1.683493,-0.591474,-24.220762,-0.443116,-0.1816440777,-0.7081941625,-0.0710285152
1.68451,-0.27204,-31.240992,1.735283,-0.0709646617,-0.8912408889,0.0971190591
1.68556,-0.151951,-21.220643,1.483098,0.0397147543,-0.9391310208,0.2365325542
1.686608,-0.252825,-3.40669,0.966719,0.0524854561,-0.8518645582,0.249303256
1.687657,-0.348896,7.516329,1.699256,-0.0028542519,-0.6890381097,0.1439449658
1.688709,-0.356101,6.232958,0.135709,-0.1018271912,-0.5560099655,-0.0018538802
1.689724,-0.211995,-5.267098,-2.11234,-0.1986716801,-0.5634595416,-0.0986983692
1.690773,-0.175969,-20.234172,-0.774559,-0.2071854814,-0.7081941625,-0.0752854158
1.691822,-0.10872,-27.970312,1.435062,-0.1071483169,-0.8667637104,0.0588069535
1.69287,0.141064,-20.461635,2.061922,0.0088522248,-0.9189107429,0.1992846738
1.693888,-0.262432,-6.107515,1.533535,0.051421231,-0.8529287834,0.24185368
1.694937,-1.016586,2.497774,2.028298,0.0163018009,-0.7369282416,0.1673579192
1.695985,-0.663527,3.151431,-0.010798,-0.0890564893,-0.6326341766,0.0300728744
1.697035,0.143465,-3.921475,-2.417364,-0.1965432298,-0.6017716471,-0.0816707667
1.698052,-0.224004,-15.680121,-0.897049,-0.2135708323,-0.6815885336,-0.0869918925
1.6991,-0.497805,-23.58626,0.714534,-0.1337539458,-0.8050386515,0.0215590732
1.70015,-0.12313,-19.494318,2.357339,-0.017753404,-0.8646352601,0.1599083431
1.701199,-0.649116,-8.999888,2.503847,0.0450358801,-0.8635710349,0.2290829781
1.702247,-1.208727,-2.956552,1.682444,0.0226871518,-0.8401580815,0.1875781971
1.703264,-0.262432,-1.069805,-0.755345,-0.073093112,-0.7518273938,0.0630638542
1.704313,0.604604,-2.966129,-2.919332,-0.1805798525,-0.6411479778,-0.0614504888
1.705362,-0.113523,-10.343118,-0.066039,-0.1933505544,-0.6475333287,-0.0997625944
1.706411,-0.240817,-17.861372,0.556018,-0.1220474691,-0.7369282416,-0.0273952839
1.707428,0.486917,-18.345031,0.630472,-0.0464874832,-0.7528916189,0.0928621585
1.708477,-1.857203,-7.366942,2.751228,0.0045953242,-0.8497361079,0.2099269254
1.709526,-0.91331,-3.629364,-0.351849,-0.0443590329,-0.9380667957,0.1428807407
1.710575,1.26749,-3.030777,-3.728726,-0.1380108464,-0.8241947042,0.0407151259
1.711592,1.356355,-7.005396,-1.749674,-0.1848367531,-0.6390195275,-0.0252668336
1.712641,-0.178371,-12.407046,1.156458,-0.1518457734,-0.6049643226,-0.0146245821
1.71369,-0.432958,-15.407165,2.484633,-0.0773500126,-0.6996803612,0.0524216026
1.714739,-0.442565,-15.840542,3.601452,-0.0060469273,-0.8029102011,0.1343669395
1.715788,-1.299994,-14.978576,1.37742,0.0258798273,-0.9008189153,0.1780001708
1.716805,-1.016586,-9.823544,-1.326964,-0.0294598807,-0.9380667957,0.1364953898
1.717854,0.402856,-2.089798,-2.402953,-0.1231116942,-0.8305800551,0.0385866756
1.718903,0.494123,-0.229389,-0.76255,-0.1475888728,-0.6507260042,-0.0444228864
1.719955,-0.605884,-6.349344,0.69532,-0.1316254955,-0.5432392637,-0.0582578134
1.720969,-0.855668,-14.494918,1.927424,-0.0965060654,-0.5634595416,0.0045314707
1.722018,-0.521823,-17.267574,3.454944,-0.0401021322,-0.6901023349,0.1077613106
1.723067,-0.826847,-16.355327,1.192484,-0.0145607286,-0.8976262398,0.1822570714
1.724116,-0.774008,-13.975344,-0.104467,-0.031588331,-1.0508746619,0.1960919984
1.725133,0.715085,-6.318217,-1.956226,-0.0773500126,-0.9689293251,0.1513945419
1.726182,1.344346,1.223981,-2.578282,-0.1305612703,-0.7081941625,0.0556142781
1.727231,-0.260031,0.072299,1.041173,-0.1592953494,-0.531532787,-0.0305879594
1.72828,-1.333618,-8.281583,2.021092,-0.1433319721,-0.600707422,-0.0518724624
1.729298,-1.15829,-18.8239,2.50865,-0.1028914163,-0.8082313269,0.0183663977
1.730347,-0.764401,-24.285409,2.563891,-0.0422305825,-0.9785073515,0.1482018664
1.731396,0.109841,-18.457565,-0.265385,-0.0124322782,-1.0157552319,0.2269545278
1.732444,0.90002,-6.531315,-2.503827,-0.0539370592,-0.8614425846,0.1950277732
1.733493,0.602202,3.108333,-0.937879,-0.1039556415,-0.6017716471,0.0843483572
1.734511,-1.302396,-4.654145,0.993138,-0.1252401445,-0.538982363,-0.0955056937
1.735559,-1.444099,-17.344193,1.857773,-0.1188547936,-0.7826899232,-0.0497440121
1.736609,-0.963747,-25.889623,2.018691,-0.0890564893,-1.016819457,0.0949906088
1.737658,0.249143,-23.835272,0.49117,-0.0507443838,-1.0849298669,0.2407894548
1.738675,1.212249,-10.42692,-0.933075,-0.0528728341,-0.9252960938,0.2759088849
1.739723,1.229062,4.236071,-2.021073,-0.100762966,-0.6241203753,0.1694863695
1.740773,-0.096711,8.833221,1.190083,-0.1348181709,-0.407018444,0.0045314707
1.741822,-1.309601,-0.076151,1.331787,-0.1358823961,-0.4602297017,-0.1104048459
1.742839,-1.593009,-16.419974,0.467152,-0.1348181709,-0.7401209171,-0.1008268195
1.743888,-1.146281,-28.255239,2.458213,-0.1039556415,-1.0412966356,0.0471004769
1.744937,0.407659,-27.02215,0.090076,-0.0486159335,-1.1562329522,0.2322756536
1.745986,1.548496,-13.620981,-1.08919,-0.0411663574,-0.9848927024,0.3003860634
1.747035,1.0081,2.801856,-1.358187,-0.0901207145,-0.6368910772,0.2035415744
1.748052,-0.377717,10.430251,1.413447,-0.1177905685,-0.3899908415,0.0247517486
1.749101,-1.326413,3.948749,2.981797,-0.1082125421,-0.4240460464,-0.1231755477
1.75015,-1.432091,-13.10859,-1.142028,-0.1305612703,-0.6986161361,-0.1572307527
1.751198,-0.61309,-28.061297,0.145316,-0.1412035218,-1.00298453,-0.0284595091
1.752216,0.251545,-29.069318,0.24619,-0.0996987408,-1.1360126742,0.1854497468
1.753265,0.167483,-17.092786,1.533535,-0.0401021322,-1.0785445159,0.3280559174
1.754314,-0.019855,0.417085,2.314107,-0.0103038279,-0.8784701871,0.3003860634
1.755363,0.174688,11.323343,-0.736131,-0.0720288868,-0.5996431968,0.1205320125
1.75638,0.0546,6.941685,0.637677,-0.1582311243,-0.4453305495,-0.0784780913
1.757429,-0.992568,-8.58806,-0.519972,-0.2061212562,-0.600707422,-0.1710656796
1.758477,-1.249557,-25.374838,0.387894,-0.2008001304,-0.947644822,-0.0944414686
1.759526,-0.019855,-32.598588,1.502312,-0.1241759194,-1.1753890049,0.1098897609
1.760575,0.131456,-3.212747,0.315841,0.0077879997,-0.8039744263,0.2918722622
1.761592,-0.742785,9.79096,0.863443,-0.0432948077,-0.531532787,0.1269173634
1.762641,-0.224004,10.700812,1.420652,-0.1082125421,-0.4527801256,-0.0827349919
1.76369,-0.255227,-2.43219,-2.876101,-0.1933505544,-0.5336612373,-0.2178915864
1.76474,-1.552179,-22.88711,-0.733729,-0.2316626599,-0.7401209171,-0.1636161036
1.765756,-0.949336,-32.984078,1.684846,-0.1475888728,-0.9997918546,0.0566785032
1.766806,0.388445,-23.844849,0.868247,-0.0156249537,-1.1211135221,0.2748446597
1.767854,-0.022256,-5.128226,1.45908,0.0567423567,-0.9774431263,0.3450835199
1.768903,-0.387324,6.896193,-0.222153,0.0163018009,-0.7060657122,0.2471748057
1.76992,0.549363,8.881108,0.35427,-0.0847995887,-0.5549457403,0.0502931523
1.77097,0.366829,-0.088122,-2.047493,-0.1965432298,-0.6102854483,-0.1263682232
1.772019,-0.728374,-17.420812,-0.743336,-0.2401764611,-0.7965248502,-0.1487169514
1.773068,-0.348896,-30.589729,2.040307,-0.1710018261,-0.9699935503,0.0045314707
1.774117,0.083421,-28.978333,2.254063,-0.0273314304,-1.0146910067,0.2067342499
1.775133,-0.860471,-12.000007,2.710398,0.0663203831,-0.8880482134,0.3014502886
1.776183,-0.634706,6.374225,-0.464731,0.0205587015,-0.6645609312,0.2237618524
1.777232,0.506131,12.616291,0.140513,-0.0826711384,-0.5081198336,0.0353940002
1.77828,-0.31287,2.801856,-0.704908,-0.1816440777,-0.5230189857,-0.1284966735
1.779297,-1.203923,-16.302651,-1.324562,-0.2284699844,-0.7113868379,-0.1433958257
1.780346,-0.363307,-29.873819,0.793792,-0.1667449255,-0.9348741202,0.0013387952
1.781395,0.246741,-27.953552,0.849033,-0.0401021322,-1.0274617086,0.1897066474
1.782444,-0.459377,-13.022394,2.270876,0.0429074297,-0.9710577754,0.2886795867
1.783464,-0.757195,2.378057,1.550347,0.0312009531,-0.8390938564,0.2461105806
1.78451,0.126653,9.137303,0.186146,-0.0550012844,-0.6826527588,0.0928621585
1.785559,0.330803,3.836215,-1.415829,-0.1848367531,-0.5836798195,-0.0731569655
1.786608,-0.468984,-27.158628,1.264537,-0.1869652034,-0.82951583,-0.0305879594
1.787657,-0.509814,-28.470731,2.448606,-0.0422305825,-0.9721220006,0.1407522904
1.788674,-0.382521,-14.614635,1.550347,0.0439716549,-0.989149603,0.2461105806
1.789723,-0.019855,1.020461,0.65449,0.0205587015,-0.8635710349,0.2195049517
1.790772,-0.19038,6.661546,0.728944,-0.0603224102,-0.6826527588,0.0949906088
1.791821,-0.598679,1.185671,-0.522374,-0.1741945016,-0.6060285477,-0.0380375354
1.792839,-0.399333,-10.587341,-1.326964,-0.2348553354,-0.6964876858,-0.0944414686
1.793887,-0.096711,-21.92937,-0.133288,-0.1986716801,-0.8582499091,-0.0337806348
1.794936,0.141064,-24.101045,1.485499,-0.1018271912,-0.9636081993,0.10350441
1.795985,-0.089506,-15.15097,2.964985,-0.0028542519,-0.981700027,0.2184407266
1.797001,-0.745187,-5.013297,2.340527,0.0333294034,-0.9370025705,0.2333398787
1.79805,-0.497805,0.457789,0.049246,-0.0347810065,-0.8167451281,0.1322384891
1.799099,0.311589,0.946236,-2.422168,-0.1656807004,-0.6603040306,-0.0199457078
1.800148,-0.274441,-5.887235,-1.233295,-0.225277309,-0.6315699514,-0.117854422
1.801165,-1.189513,-17.454333,1.053182,-0.1710018261,-0.7709834465,-0.0848634422
1.802214,-0.075095,-22.264579,0.923487,-0.0699004365,-0.8795344122,0.0492289272
1.803263,0.582988,-15.395193,1.2141,-0.0028542519,-0.8561214588,0.1748074953
1.804312,-0.894096,-7.424407,1.999477,0.0003384236,-0.857185684,0.2173765014
1.805361,-1.477724,-3.734715,1.795327,-0.0358452316,-0.9135896171,0.1705505947
1.806378,0.220322,-2.132896,-2.395748,-0.1199190188,-0.8497361079,0.0683849799
1.807427,1.096965,-4.864848,-3.193133,-0.197607455,-0.7081941625,-0.0231383833
1.808476,-0.0823,-11.257759,0.738551,-0.1827083028,-0.7018088115,-0.0401659857
1.809525,-0.240817,-16.096737,1.223707,-0.1071483169,-0.7986533005,0.0194306229
1.810542,0.229929,-16.568424,2.148386,-0.0379736819,-0.8401580815,0.1120182112
1.811592,-0.836454,-14.739142,2.813674,0.0141733506,-0.8742132864,0.1875781971
1.81264,-1.513751,-10.175513,0.863443,0.0056595494,-0.9444521466,0.1822570714
1.813689,0.664648,-1.879095,-2.314088,-0.1529099985,-0.7699192214,-0.0263310588
1.814709,-0.10872,-6.478639,0.853836,-0.1401392967,-0.649661779,-0.0561293631
1.815755,-0.480993,-11.164379,0.24619,-0.1039556415,-0.6368910772,-0.0188814827
1.816804,-0.214397,-14.810972,2.025896,-0.0635150856,-0.705001487,0.0545500529
1.817853,-0.848462,-17.00659,3.808003,-0.0156249537,-0.8454792073,0.1439449658
1.818902,-1.518554,-15.507727,1.603186,0.0077879997,-1.0295901589,0.1960919984
1.819919,-0.372914,-8.6982,-1.146832,-0.0337167813,-1.0870583172,0.1684221444
1.820969,1.447622,-1.019524,-3.519773,-0.1114052175,-0.8965620147,0.0811556818
1.822017,0.84478,0.321311,-1.084386,-0.1635522501,-0.635826852,-0.0082392311
1.823066,-1.023791,-6.045262,1.831353,-0.1603595746,-0.5762302434,-0.0422944361
1.824086,-1.25436,-15.186885,2.830486,-0.1156621181,-0.7113868379,0.0055956959
1.825132,-0.733178,-20.068962,3.310839,-0.0507443838,-0.8752775116,0.1109539861
1.826181,-0.725973,-19.336291,1.094012,-0.0060469273,-1.0274617086,0.1918350977
1.82723,-0.279245,-13.65929,-1.26692,-0.0209460795,-1.0753518405,0.1918350977
1.828248,0.863994,-2.994862,-2.297276,-0.0752215623,-0.8784701871,0.1226604628
1.829296,0.578184,5.076488,-0.397482,-0.1220474691,-0.5953862962,0.0130452719
1.830345,-1.033398,1.140178,1.324581,-0.1380108464,-0.5208905354,-0.0806065416
1.831394,-1.67707,-12.071837,1.70406,-0.1231116942,-0.6879738846,-0.0806065416
1.832443,-1.249557,-22.767392,2.816076,-0.0858638138,-0.9316814447,0.0385866756
1.833463,-0.293655,-23.3995,1.449473,-0.0464874832,-1.113663946,0.1960919984
1.834509,0.669451,-15.890823,-0.351849,-0.0347810065,-1.1296273233,0.2737804346
1.835558,1.265088,-5.267098,-1.735264,-0.0635150856,-0.9189107429,0.2301472033
1.836607,0.955261,4.772405,-1.154037,-0.1177905685,-0.608156998,0.0949906088
1.837624,-0.360905,5.96958,1.185279,-0.1465246476,-0.4772573041,-0.0561293631
1.838673,-1.340824,-6.495399,0.81781,-0.142267747,-0.6400837526,-0.1274324483
1.839722,-0.608286,-28.770024,1.884192,-0.059258185,-1.155168727,0.1386238401
1.840771,1.024912,-20.45924,-0.250975,-0.0092396028,-1.1381411245,0.2865511364
1.841788,1.474042,-5.808221,-1.564738,-0.0305241059,-0.8678279355,0.27697311
1.84284,0.366829,6.563378,-1.134823,-0.0901207145,-0.5421750385,0.1269173634
1.843886,-1.030996,8.550687,3.181144,-0.1018271912,-0.4432020992,-0.0518724624
1.844935,-1.775543,-3.222325,0.933094,-0.0954418402,-0.6230561502,-0.1551023023
1.845984,-1.489733,-21.203883,-0.601632,-0.1177905685,-0.9327456699,-0.1050837201
1.847001,-0.118327,-29.679877,1.122833,-0.1071483169,-1.1658109785,0.0843483572
1.84805,0.962466,-23.184009,-0.81779,-0.073093112,-1.1732605546,0.2716519843
1.849099,0.484516,-9.699038,1.343796,-0.0422305825,-0.9795715767,0.3291201426
1.850148,-0.404136,4.094805,0.877854,-0.0571297347,-0.7167079637,0.2205691769
1.851165,-0.125532,11.390385,1.0772,-0.1124694427,-0.5336612373,0.0162379474
1.852215,-0.236013,3.10115,0.685713,-0.1497173231,-0.5655879919,-0.1551023023
1.853263,-1.559384,-17.784753,-0.911459,-0.1731302764,-0.8241947042,-0.1636161036
1.854312,-1.023791,-32.165211,1.612793,-0.1348181709,-1.1243061975,0.0130452719
1.855332,0.801548,-28.504252,-0.385473,-0.0475517083,-1.224343362,0.235468329
1.856378,0.861592,-12.351976,-0.13569,0.0056595494,-1.0381039601,0.3365697186
1.857427,-0.322477,3.999031,0.894666,0.0056595494,-0.7379924668,0.2514317064
1.858476,-0.569858,10.889966,1.343796,-0.045423258,-0.5687806673,0.0556142781
1.859493,-0.031863,5.136346,0.106888,-0.12843282,-0.5709091176,-0.1274324483
1.860542,-0.77641,-11.856346,-2.580684,-0.197607455,-0.7028730367,-0.1849006066
1.861592,-1.163093,-28.267211,0.726543,-0.1848367531,-0.9380667957,-0.0582578134
1.86264,-0.236013,-31.561835,1.720872,-0.0826711384,-1.1519760515,0.1684221444
1.863689,-0.142344,-18.354608,2.1676,0.0386505291,-1.1615540779,0.3355054935
1.864709,-0.219201,1.827356,0.616062,0.0705772837,-0.9029473656,0.3237990168
1.865755,0.311589,6.860277,0.294225,-0.1401392967,-0.4655508274,-0.0699642901
1.866804,-1.09104,-8.446793,-1.180457,-0.2082497065,-0.6507260042,-0.1774510306
1.867853,-1.115058,-24.857659,0.414314,-0.1944147795,-0.9444521466,-0.1029552698
1.86887,0.167483,-32.770981,0.87305,-0.1071483169,-1.1296273233,0.0981832842
1.869918,-0.099113,-23.516824,2.364544,0.0088522248,-1.1062143699,0.2886795867
1.870968,-0.846061,-1.431352,1.891397,0.058870807,-0.8965620147,0.3237990168
1.872017,-0.156755,12.678544,-0.164511,0.0035310991,-0.6677536066,0.1833212965
1.873034,0.306785,9.431808,0.880255,-0.0890564893,-0.586872495,-0.0178172575
1.874085,-0.274441,-5.731602,-2.126751,-0.183772528,-0.6624324809,-0.1348820244
1.875132,-0.24562,-23.203164,-1.504694,-0.2146350574,-0.8263231545,-0.0891203428
1.876181,-0.091907,-32.861966,1.370215,-0.1252401445,-1.009369881,0.0768987812
1.87723,-0.774008,-25.563992,2.251662,0.0077879997,-1.1094070454,0.2407894548
1.878247,-0.867677,-4.769074,2.057119,0.0641919328,-1.023204808,0.2844226861
1.879296,0.124251,10.640954,0.445536,0.0194944764,-0.7837541484,0.1790643959
1.880344,0.244339,9.958564,0.255797,-0.0847995887,-0.5815513692,0.0077241462
1.881394,-0.747588,-3.55035,-0.997923,-0.1912221041,-0.6070927729,-0.1029552698
1.88241,-0.651518,-20.356283,-0.800978,-0.2103781568,-0.8305800551,-0.0774138661
1.883462,0.227527,-30.007903,0.702525,-0.1231116942,-1.0402324104,0.0609354038
1.884509,0.321196,-24.56076,1.086807,-0.0156249537,-1.085994092,0.2077984751
1.885557,-0.185576,-8.200176,1.408643,0.0216229267,-0.981700027,0.2620739579
1.886574,-0.517019,4.95677,1.845764,0.0014026488,-0.8231304791,0.1971562235
1.887623,-0.420949,7.595342,0.445536,-0.0709646617,-0.6943592355,0.0556142781
1.888673,-0.142344,-1.026707,-2.174786,-0.1773871771,-0.6624324809,-0.0689000649
1.889721,-0.202388,-16.937154,-1.499891,-0.211442382,-0.7507631686,-0.0859276674
1.89077,-0.341691,-27.948763,1.094012,-0.12843282,-0.9114611668,0.0268801989
1.891787,-0.23121,-8.418061,1.194886,0.0482285555,-0.9976634043,0.2397252297
1.892839,-0.942131,-0.267699,1.980262,0.0290725027,-0.8976262398,0.1939635481
1.893885,-0.985363,1.595105,0.692918,-0.0518086089,-0.8039744263,0.0747703308
1.894934,-0.065488,-0.930933,-2.756012,-0.1688733758,-0.7486347183,-0.0540009127
1.895951,0.0546,-10.759734,-1.725657,-0.2135708323,-0.7667265459,-0.1018910447
1.897,-0.425752,-22.140073,0.813006,-0.1507815482,-0.8667637104,-0.0178172575
1.898049,-0.250424,-21.828808,2.364544,-0.0379736819,-0.9636081993,0.1333027143
1.899098,-0.267236,-11.195506,2.501445,0.0333294034,-0.9838284773,0.2333398787
1.900115,-0.793222,-3.629364,1.713667,0.0248156021,-0.9636081993,0.2237618524
1.901164,-0.699553,-2.216698,0.469554,-0.0464874832,-0.9242318687,0.1258531382
1.902215,0.393249,-3.399507,-2.256446,-0.1433319721,-0.8497361079,0.0077241462
1.903262,0.755915,-7.752432,-1.874566,-0.183772528,-0.7901394993,-0.0582578134
1.904311,0.270759,-14.52365,-0.058834,-0.1486530979,-0.801845976,-0.0359090851
1.905331,0.148269,-18.148694,1.610391,-0.0784142378,-0.843350757,0.0556142781
1.906377,-0.396931,-15.725613,3.635077,-0.0071111525,-0.8901766637,0.1620367934
1.907426,-1.103049,-9.993543,2.556685,0.0258798273,-0.961479749,0.2152480511
1.908475,-0.639509,-4.848087,-0.464731,-0.0209460795,-0.989149603,0.1684221444
1.909492,0.407659,-3.18641,-2.455792,-0.1135336678,-0.9072042662,0.0651923045
1.910541,0.578184,-5.101888,-0.88504,-0.1518457734,-0.7954606251,-0.0124961318
1.91159,0.032984,-9.375801,0.111692,-0.1294970451,-0.7496989435,-0.0231383833
1.912639,-0.0823,-14.047175,0.988335,-0.0965060654,-0.7656623208,0.0268801989
1.913656,-0.348896,-16.408003,3.661496,-0.0475517083,-0.8327085054,0.1130824364
1.914708,-1.326413,-15.763923,2.520659,-0.0028542519,-0.981700027,0.1843855217
1.915754,-1.355234,-11.612122,-0.078048,-0.0145607286,-1.1051501448,0.1843855217
1.916803,0.268357,-4.697243,-2.635924,-0.0826711384,-1.0253332583,0.1141466615
1.917852,-0.466582,-3.021199,0.803399,-0.1486530979,-0.6464691036,-0.0305879594
1.918869,-1.326413,-10.465229,1.985066,-0.114597893,-0.6858454342,-0.0146245821
1.919918,-0.922917,-17.13349,3.032234,-0.0581939599,-0.82951583,0.0694492051
1.920968,-0.70916,-19.860653,2.261269,-0.0113680531,-0.9848927024,0.1716148198
1.922017,-0.622697,-17.018561,-0.104467,-0.0071111525,-1.0945078932,0.214183826
1.923034,0.246741,-8.2744,-2.162777,-0.0624508605,-1.0412966356,0.1716148198
1.924085,1.0081,1.604682,-1.828932,-0.1209832439,-0.8124882275,0.0737061057
1.925132,-0.079899,3.568048,0.642481,-0.1518457734,-0.6145423489,-0.0284595091
1.926181,-1.420082,-5.511322,1.360608,-0.1475888728,-0.6336984017,-0.0720927404
1.927198,-1.408073,-17.490248,2.463017,-0.1071483169,-0.8284516048,-0.0124961318
1.928247,-0.910908,-23.720343,2.357339,-0.0507443838,-1.0519388871,0.1247889131
1.929296,-0.28645,-21.055433,0.73615,-0.0103038279,-1.196673508,0.2386610045
1.930345,0.775129,-11.094943,-1.442249,-0.0145607286,-1.1381411245,0.2514317064
1.931361,1.64937,0.807364,-3.073045,-0.0720288868,-0.8348369558,0.158844118
1.932411,0.611809,6.951263,0.039639,-0.1369466212,-0.5283401115,0.0151737222
1.933462,-1.13187,0.424268,1.533535,-0.1550384488,-0.5198263103,-0.0944414686
1.934509,-1.655455,-14.942661,1.521526,-0.1433319721,-0.7688549962,-0.0880561177
1.935558,-1.453707,-26.476238,2.820879,-0.0986345157,-1.0487462116,0.0524216026
1.936575,-0.50501,-26.243987,1.175672,-0.0262672052,-1.2296644878,0.228018753
1.937624,1.128188,-14.425482,-0.546391,0.0014026488,-1.1839028062,0.304642964
1.938673,1.858323,1.456232,-2.566273,-0.0507443838,-0.8486718828,0.2248260775
1.939722,0.205911,9.14688,0.255797,-0.1135336678,-0.5070556084,0.0577427284
1.940739,-1.528161,3.824243,3.330053,-0.1156621181,-0.4932206814,-0.083799217
1.941788,-1.523358,-10.97762,-0.33984,-0.1220474691,-0.7752403472,-0.1263682232
1.942839,-1.112656,-26.528914,1.082003,-0.1294970451,-1.1115354957,-0.0178172575
1.943886,1.265088,-18.2732,0.051647,-0.0337167813,-1.155168727,0.3408266193
1.944903,0.854387,-0.167136,0.952308,-0.0262672052,-0.8635710349,0.3003860634
1.945951,-0.786017,9.503638,1.101218,-0.0624508605,-0.6326341766,0.1141466615
1.947001,-0.91331,7.068586,2.619131,-0.1071483169,-0.5975147465,-0.0784780913
1.948049,-0.495403,-6.306246,-1.910592,-0.1486530979,-0.7454420428,-0.1753225803
1.949099,-0.73558,-24.831321,-1.535917,-0.1848367531,-0.9859569276,-0.104019495
1.950116,-0.255227,-32.816474,1.44467,-0.1497173231,-1.182838581,0.1141466615
1.951165,0.414864,-22.604577,0.616062,-0.059258185,-1.1892239319,0.3174136659
1.952216,0.410061,-3.004439,1.113226,-0.0007258016,-0.9572228484,0.3493404205
1.953263,-0.137541,9.977719,0.080469,-0.0283956555,-0.6666893815,0.1971562235
1.95428,-0.219201,9.225894,1.216502,-0.0965060654,-0.5581384158,-0.0156888072
1.955332,-0.596277,-3.155283,-0.88504,-0.1614237998,-0.6922307852,-0.1540380772
1.956378,-1.21353,-20.638817,-1.223688,-0.1944147795,-0.9668008748,-0.125303998
1.957427,-0.113523,-31.885072,0.392698,-0.1571668991,-1.1902881571,0.0566785032
1.958444,0.638228,-28.020593,0.532,-0.0571297347,-1.2296644878,0.2610097327
1.959493,-0.284048,-9.454814,1.737685,0.0184302512,-1.0476819865,0.3355054935
1.960542,-0.485796,9.115754,-0.005995,-0.0071111525,-0.7433135925,0.228018753
1.961591,0.160278,13.269949,1.389429,-0.073093112,-0.538982363,0.0236875235
1.96264,-0.579465,1.41074,-0.044423,-0.1465246476,-0.5836798195,-0.1380746999
1.963657,-1.451305,-18.239679,-1.029145,-0.1922863292,-0.843350757,-0.1444600508
1.964709,-0.413744,-31.985635,0.529598,-0.1475888728,-1.1072785951,0.020494848
1.965756,0.441284,-29.596075,0.719337,-0.0379736819,-1.2158295608,0.2312114284
1.966804,-0.377717,-12.483665,2.285286,0.0429074297,-1.1360126742,0.3291201426
1.967822,-0.69475,5.069305,0.455144,0.0194944764,-0.9146538423,0.2524959315
1.968871,0.50373,11.926719,0.721739,-0.0635150856,-0.6869096594,0.0641280793
1.96992,0.527747,5.05015,-1.134823,-0.1688733758,-0.5879367201,-0.117854422
1.970969,-1.163093,-29.488329,1.480696,-0.1912221041,-1.0146910067,-0.0391017606
1.971986,0.141064,-31.396625,1.485499,-0.0560655095,-1.2019946338,0.1854497468
1.973035,0.193902,-15.787866,2.407776,0.0578065819,-1.1487833761,0.3355054935
1.974086,-0.517019,1.70285,0.238985,0.058870807,-0.9423236963,0.3078356395
1.975133,0.030582,9.925043,0.445536,-0.0379736819,-0.7454420428,0.1354311646
1.976182,0.563774,6.798024,-0.534382,-0.1688733758,-0.6603040306,-0.0646431643
1.977199,-0.274441,-8.746087,-2.674353,-0.2540113881,-0.7390566919,-0.1604234281
1.978248,-0.978158,-26.921587,0.985933,-0.2231488587,-0.9359383454,-0.0657073894
1.979297,-0.269638,-31.334372,2.489436,-0.0837353635,-1.0934436681,0.1471376413
1.980346,0.042591,-17.576445,2.136377,0.0492927807,-1.0838656417,0.3035787389
1.981363,-0.476189,-0.679527,1.038772,0.0780268598,-0.9487090472,0.3025145137
1.982412,-0.353699,7.358302,0.601651,-0.0028542519,-0.7912037245,0.1609725683
1.983464,0.081019,5.402119,-0.733729,-0.1454604225,-0.6890381097,-0.0242026084
1.98451,-0.118327,-6.96948,-2.318892,-0.2401764611,-0.7230933146,-0.1306251238
1.985527,-0.73558,-22.970912,0.20536,-0.2199561832,-0.8880482134,-0.076349641
1.986576,-0.471386,-28.858615,2.083538,-0.0975702905,-1.0402324104,0.0907337082
1.987625,0.032984,-18.620381,1.764104,0.023751377,-1.0551315626,0.2375967794
1.988674,-0.375315,-3.236691,1.338992,0.0503570058,-0.9699935503,0.2663308585
1.989691,-0.814838,4.767617,1.427857,-0.0081753776,-0.8646352601,0.1673579192
1.99074,-0.308066,3.105939,-0.973905,-0.1263043697,-0.7699192214,0.0162379474
1.991789,0.220322,-6.313429,-2.890511,-0.2242130838,-0.7507631686,-0.0848634422
1.99284,-0.291254,-18.596437,-0.668881,-0.2231488587,-0.8550572337,-0.0657073894
1.993887,-0.476189,-24.230339,1.576766,-0.1241759194,-1.00298453,0.0588069535
1.994905,-0.236013,-17.856583,2.578301,-0.0007258016,-1.0806729662,0.1918350977
1.995956,-0.617893,-7.544124,2.073931,0.0567423567,-1.0625811386,0.2471748057
1.997003,-0.178371,0.098637,-1.211679,-0.1114052175,-0.8539930085,0.0556142781
1.998051,0.186697,-4.431471,-2.018672,-0.2008001304,-0.8050386515,-0.0571935882
1.999069,-0.125532,-12.696762,0.073263,-0.1880294286,-0.8348369558,-0.0689000649
2.000118,0.129055,-19.242911,0.226976,-0.1167263433,-0.8731490613,0.0194306229
2.001167,0.167483,-17.969118,1.735283,-0.0347810065,-0.8869839883,0.1364953898
2.002216,-1.122263,-11.255364,3.363677,0.0226871518,-0.9497732724,0.2109911505
2.003233,-1.638642,-5.733996,1.965852,0.0163018009,-1.0466177613,0.1982204487
2.004282,-0.303262,-2.846412,-1.44465,-0.0667077611,-1.0253332583,0.1098897609
2.005333,0.892815,-3.909503,-2.823262,-0.1582311243,-0.8933693392,0.0130452719
2.00638,0.491721,-8.95679,-0.032414,-0.1763229519,-0.8103597772,-0.0242026084
2.007429,0.059404,-13.616192,0.815408,-0.1305612703,-0.8210020288,0.0109168216
2.008446,0.292375,-14.763085,1.903406,-0.0688362114,-0.8518645582,0.0800914566
2.009495,-0.579465,-14.669705,3.137912,-0.0220103046,-0.9072042662,0.1513945419
2.010544,-1.833185,-13.522812,2.095547,-0.0007258016,-1.0423608607,0.1875781971
2.011593,-1.095844,-7.699757,-1.096395,-0.0464874832,-1.127498873,0.145009191
2.01261,0.748709,-2.152051,-3.750342,-0.1337539458,-1.009369881,0.0502931523
2.013659,0.724692,-2.851201,-0.575212,-0.169937601,-0.8007817508,-0.0135603569
2.01471,-0.567456,-7.469899,0.971522,-0.1486530979,-0.7167079637,-0.0156888072
2.015757,-0.699553,-12.917042,1.958647,-0.0975702905,-0.7986533005,0.0322013247
2.016774,-0.54584,-17.368136,3.709531,-0.0390379071,-0.9519017227,0.1194677873
2.017823,-0.978158,-19.221362,1.63681,0.0003384236,-1.1168566215,0.1939635481
2.018872,-0.54584,-13.735909,-0.337438,-0.0145607286,-1.2019946338,0.1918350977
2.019921,0.854387,-3.200776,-2.86169,-0.0901207145,-1.0764160656,0.1141466615
2.02097,0.912029,2.469042,-1.182858,-0.1401392967,-0.8241947042,0.0130452719
2.021987,-0.512216,-0.442486,1.415848,-0.1433319721,-0.6922307852,-0.0540009127
2.023036,-1.32161,-20.358678,3.575033,-0.073093112,-0.9412594711,0.0588069535
2.024087,-0.761999,-22.219087,1.732881,-0.017753404,-1.1147281712,0.1918350977
2.025134,0.083421,-16.558847,-0.832201,-0.0252029801,-1.196673508,0.2482390309
2.026151,1.032117,-6.277514,-1.624783,-0.0784142378,-1.0668380393,0.2024773493
2.0272,1.173821,3.331007,-1.629586,-0.1220474691,-0.7816256981,0.089669483
2.028249,-0.175969,4.95677,1.082003,-0.1465246476,-0.5985789716,-0.0305879594
2.029298,-1.374448,-5.731602,1.060388,-0.1507815482,-0.6805243085,-0.090184568
2.030315,-1.624232,-20.801632,2.083538,-0.1209832439,-0.9370025705,-0.0199457078
2.031364,-1.047809,-26.854546,2.323714,-0.0528728341,-1.1817743558,0.1439449658
2.032413,0.378838,-20.801632,-0.411893,0.0003384236,-1.2711692688,0.2673950837
2.033464,1.565309,-8.453976,-2.133956,-0.0134965034,-1.0828014166,0.2620739579
2.034511,1.241071,3.886496,-1.944217,-0.0741573372,-0.705001487,0.1386238401
2.035528,-0.464181,8.308858,1.953843,-0.1103409924,-0.4772573041,-0.0220741581
2.036577,-1.600214,-0.818399,1.463884,-0.1103409924,-0.5858082698,-0.1295608987
2.037626,-1.893229,-18.335453,0.623267,-0.1135336678,-0.8965620147,-0.1050837201
2.038675,-1.480126,-29.495512,2.744023,-0.0741573372,-1.2051873092,0.0694492051
2.039692,0.325999,-25.075545,-0.195734,-0.0134965034,-1.3382154534,0.2652666333
2.040741,1.637361,-11.035084,-1.30775,-0.0134965034,-1.1700678792,0.324863242
2.04179,0.835173,3.012559,-0.709711,-0.0645793108,-0.8146166778,0.2205691769
2.042841,-0.649116,10.10462,2.037905,-0.1050198666,-0.5890009453,0.0364582253
2.043856,-1.25436,4.013397,2.475025,-0.1124694427,-0.6571113551,-0.1210470974
2.044905,-1.345627,-14.557171,-1.005128,-0.1305612703,-0.9380667957,-0.1508454017
2.045957,-0.646714,-30.163535,0.503179,-0.1252401445,-1.2190222362,-0.0007896551
2.047003,0.715085,-29.256077,-0.539186,-0.0752215623,-1.2850041958,0.2237618524
2.048052,0.76312,-15.289842,0.837024,-0.0220103046,-1.1179208466,0.3514688708
2.049069,-0.423351,1.70285,2.141181,0.0014026488,-0.8859197631,0.2940007125
2.050118,-0.228808,6.31676,1.113226,-0.0996987408,-0.6549829048,-0.0912487931
2.051167,-0.476189,-9.110028,-2.206009,-0.1710018261,-0.7475704932,-0.1710656796
2.052217,-1.009381,-26.073988,0.094879,-0.1933505544,-1.0210763576,-0.0784780913
2.053233,-0.512216,-32.495631,2.145984,-0.1114052175,-1.2881968712,0.1343669395
2.054282,0.282768,-21.862329,1.026763,0.0077879997,-1.2850041958,0.3195421162
2.055333,0.402856,-1.93656,0.671302,0.0524854561,-0.9774431263,0.3280559174
2.05638,-0.24562,10.557152,0.19095,-0.0145607286,-0.6581755802,0.1545872174
2.057397,-0.267236,9.374343,1.358206,-0.114597893,-0.5932578459,-0.0657073894
2.058446,-0.483395,-3.931052,-1.838539,-0.1880294286,-0.7486347183,-0.1976713085
2.059495,-1.055014,-21.946131,-1.163644,-0.2039928059,-0.9710577754,-0.1476527263
2.060544,-0.14955,-32.35197,0.760167,-0.1412035218,-1.1647467534,0.0556142781
2.061561,0.472507,-26.057227,2.021092,-0.0188176292,-1.252013216,0.2759088849
2.06261,-0.468984,-6.466667,2.551882,0.0684488334,-1.1349484491,0.3653037978
2.063658,-0.356101,8.63449,-0.582418,0.0354578537,-0.8688921607,0.2663308585
2.06471,0.892815,10.779826,-0.080449,-0.0752215623,-0.677331633,0.0513573775
2.065757,0.304383,0.309339,-1.752076,-0.1944147795,-0.7167079637,-0.1348820244
2.066774,-1.316806,-18.117567,-0.64006,-0.2274057593,-0.9508374975,-0.1497811766
2.067823,-0.932524,-32.136479,1.370215,-0.1390750715,-1.1977377332,0.0173021725
2.068872,0.522944,-29.9241,1.569561,0.0003384236,-1.2775546197,0.2269545278
2.069921,0.052198,-11.035084,1.807336,0.0822837604,-1.1104712706,0.3174136659
2.070937,-0.622697,7.121261,-0.106869,0.0524854561,-0.8241947042,0.2375967794
2.071987,0.071412,11.977,1.451875,-0.0347810065,-0.6507260042,0.0513573775
2.073036,-0.16396,3.014953,-0.834603,-0.1465246476,-0.6666893815,-0.117854422
2.074087,-0.966149,-14.708015,-1.740067,-0.2050570311,-0.8359011809,-0.1476527263
2.075102,-0.800427,-30.077339,0.664097,-0.1518457734,-1.0668380393,-0.0093034563
2.076151,-0.274441,-13.728726,2.431794,0.0705772837,-1.2041230841,0.318477891
2.0772,-0.262432,3.946355,0.056451,0.0641919328,-1.0263974834,0.2737804346
2.078249,0.181894,9.843636,0.188548,-0.0358452316,-0.815680903,0.1024401848
2.079297,0.215518,3.860158,-0.697702,-0.1635522501,-0.7156437385,-0.0710285152
2.080315,-0.276843,-11.578601,-2.028279,-0.2188919581,-0.7997175257,-0.1327535741
2.081364,-0.687544,-27.441161,1.033968,-0.1603595746,-0.9902138282,-0.0337806348
2.082413,-0.31287,-28.738898,2.311706,-0.0241387549,-1.1147281712,0.145009191
2.083464,0.004163,-14.435059,1.552749,0.0695130586,-1.0870583172,0.263138183
2.084479,-0.497805,-0.078545,1.670435,0.072705734,-0.9806358018,0.2450463554
2.085528,-0.774008,5.878594,1.13244,-0.0028542519,-0.8678279355,0.1162751118
2.086576,-0.115925,2.425944,-1.956226,-0.1412035218,-0.7773687975,-0.0369733103
2.087626,0.071412,-9.526645,-2.429373,-0.2220846335,-0.7869468238,-0.1125332962
2.088643,-0.507412,-22.360353,0.066058,-0.1869652034,-0.9306172196,-0.0508082373
2.089692,-0.322477,-24.493718,2.112359,-0.0709646617,-1.0913152178,0.0960548339
2.090741,-0.274441,-14.629002,3.008217,0.0429074297,-1.155168727,0.2163122763
2.091789,-0.723571,-4.201613,2.237251,0.079091085,-1.1168566215,0.2397252297
2.092841,-0.372914,0.443423,0.837024,0.0184302512,-0.989149603,0.1545872174
2.093856,0.357222,-0.997975,-2.059501,-0.1114052175,-0.8401580815,0.0183663977
2.094905,0.083421,-7.422012,-1.579149,-0.1869652034,-0.8103597772,-0.0710285152
2.095956,-0.418547,-15.428714,0.212566,-0.1582311243,-0.9029473656,-0.0561293631
2.097003,0.244339,-19.479952,0.06846,-0.0879922642,-0.9678651,0.0385866756
2.09802,0.042591,-15.900401,2.669568,-0.017753404,-0.975314676,0.1460734161
2.099069,-1.532965,-9.227351,3.551015,0.0301367279,-1.0349112846,0.2024773493
2.100118,-1.54017,-4.256683,1.595981,0.0184302512,-1.1168566215,0.1748074953
2.101166,0.306785,-2.887116,-2.503827,-0.0635150856,-1.0487462116,0.0843483572
2.102183,0.037788,-9.50749,0.046844,-0.1507815482,-0.8092955521,-0.0295237342
2.103232,-0.514618,-14.411116,0.95471,-0.0911849396,-0.8891124386,0.0141094971
2.104281,-0.183174,-16.58279,2.664765,-0.0124322782,-0.961479749,0.1045686351
2.105333,-0.61309,-14.78224,2.643149,0.0397147543,-1.009369881,0.186513972
2.107397,-0.788418,-5.355689,-1.547926,-0.0613866353,-1.0753518405,0.10350441
2.108445,0.338008,-1.893461,-1.740067,-0.1103409924,-0.989149603,0.0013387952
2.109494,0.225125,-3.636547,0.162129,-0.1018271912,-0.871020611,-0.0465513367
2.106379,-1.338422,-10.903395,0.212566,0.0194944764,-1.0700307147,0.1897066474
2.110543,-0.348896,-9.631996,-0.085253,-0.0858638138,-0.8029102011,-0.0273952839
2.11156,-0.310468,-16.470256,2.261269,-0.0539370592,-0.8380296312,0.0545500529
2.112609,-0.61309,-18.019399,3.618264,0.0003384236,-0.9795715767,0.1609725683
2.113658,-1.028595,-14.894774,0.419117,0.0173660261,-1.1679394288,0.2067342499
2.114709,-0.264834,-9.885797,-1.228492,-0.0145607286,-1.2328571632,0.1673579192
2.115724,0.955261,-2.671625,-2.167581,-0.059258185,-1.0689664896,0.0822199069
2.116773,0.736701,0.991729,-0.916263,-0.1018271912,-0.8178093533,-0.007175006
2.117822,-0.656321,-3.773025,0.976326,-0.1167263433,-0.7135152882,-0.0529366876
2.118871,-1.343225,-13.417461,2.503847,-0.0911849396,-0.8273873797,-0.0199457078
2.119888,-1.107853,-20.983603,3.440534,-0.0411663574,-1.0359755098,0.089669483
2.120937,-0.757195,-20.966842,1.879388,0.0088522248,-1.2126368853,0.1992846738
2.121986,0.0546,-13.359997,-0.443116,0.0194944764,-1.252013216,0.2269545278
2.123035,1.233865,-3.404295,-2.799244,-0.031588331,-1.0519388871,0.1641652438
2.124087,0.835173,3.936778,-0.755345,-0.1039556415,-0.7550200692,0.0471004769
2.125101,-0.759597,2.763547,1.651221,-0.1358823961,-0.6656251563,-0.0635789391
2.12615,-1.381654,-9.375801,1.218904,-0.1294970451,-0.8327085054,-0.0933772434
2.127199,-1.391261,-23.313304,2.587908,-0.0879922642,-1.085994092,0.0077241462
2.128248,0.919234,-17.686585,-0.169315,0.0280082776,-1.2701050436,0.290808037
2.129266,1.848716,-2.458528,-2.496622,-0.0156249537,-1.0104341061,0.2429179051
2.130314,0.453293,6.35507,-0.4215,-0.0847995887,-0.6858454342,0.089669483
2.131363,-1.110255,5.703807,3.183545,-0.1039556415,-0.5932578459,-0.0614504888
2.132412,-1.408073,-5.827376,0.075665,-0.1071483169,-0.7912037245,-0.1370104747
2.13343,-1.475322,-22.966123,1.005147,-0.1060840918,-1.1125997209,-0.0699642901
2.134478,-0.651518,-30.489167,1.848166,-0.0550012844,-1.342472354,0.1258531382
2.135527,1.02251,-21.98444,-0.59923,-0.003918477,-1.3254447516,0.2961291628
2.136576,1.536487,-5.341323,-0.443116,-0.0124322782,-1.0498104368,0.3057071892
2.137625,0.486917,7.77013,-0.35425,-0.0656435359,-0.7028730367,0.1545872174
2.138642,-0.70916,9.529976,2.33092,-0.0996987408,-0.5496246146,-0.0391017606
2.139691,-1.496938,-2.28374,0.238985,-0.1135336678,-0.6890381097,-0.1625518784
2.140741,-1.931657,-21.498388,-0.604034,-0.1263043697,-1.030654384,-0.1263682232
2.141789,-0.800427,-31.870706,1.33659,-0.0890564893,-1.3392796786,0.0683849799
2.142807,1.075349,-24.788223,-0.882638,-0.0262672052,-1.3861055853,0.2759088849
2.143856,0.984082,-8.576088,0.438331,0.0088522248,-1.1498476012,0.3408266193
2.144905,-0.543439,5.026206,0.383091,-0.0113680531,-0.8380296312,0.2258903027
2.145953,-0.591474,10.243492,1.401438,-0.0699004365,-0.6698820569,0.0226232983
2.146971,-0.142344,3.237628,0.128504,-0.1273685948,-0.7018088115,-0.1487169514
2.14802,-1.263967,-15.833359,-1.768888,-0.1667449255,-0.9146538423,-0.1721299048
2.149069,-1.074228,-32.09338,1.521526,-0.1294970451,-1.1913523822,-0.0018538802
2.150118,0.707879,-30.422125,0.640079,-0.0241387549,-1.3137382749,0.235468329
2.151167,0.755915,-12.632115,0.498375,0.0524854561,-1.1775174552,0.3514688708
2.152185,-0.483395,5.519442,0.435929,0.0461001052,-0.9082684914,0.2620739579
2.153233,-0.740383,10.983346,1.408643,-0.0156249537,-0.7252217649,0.0577427284
2.154282,-0.240817,-11.956908,-2.849681,-0.1550384488,-0.8465434324,-0.1721299048
2.155334,-0.365708,-28.075663,0.138111,-0.1688733758,-1.0615169135,-0.0571935882
2.156349,-0.219201,-30.972825,2.1676,-0.0773500126,-1.2328571632,0.1609725683
2.157398,-0.423351,-17.020956,2.991404,0.0578065819,-1.2392425141,0.3269916923
2.158446,-0.906105,0.256664,1.509517,0.106760939,-1.0530031123,0.3099640898
2.159496,-0.31287,9.589835,-0.044423,0.0194944764,-0.8305800551,0.1364953898
2.160513,0.755915,7.798862,-0.846612,-0.1220474691,-0.7252217649,-0.0752854158
2.161561,-0.173567,-7.22807,-2.369329,-0.2199561832,-0.7943963999,-0.1880932821
2.162611,-1.1727,-25.51371,0.779381,-0.2050570311,-1.0178836822,-0.1072121704
2.163659,-0.079899,-31.341555,1.257332,-0.0901207145,-1.2445636399,0.10350441
2.164711,0.318794,-20.217411,1.812139,0.0418432046,-1.2828757454,0.2854869113
2.165725,-0.747588,-3.265423,2.030699,0.1025040383,-1.1094070454,0.3216705665
2.166775,-0.365708,7.580976,0.111692,0.0418432046,-0.8678279355,0.2046057996
2.167824,0.878405,8.488434,-0.54399,-0.0847995887,-0.7230933146,0.0055956959
2.168873,0.09543,-3.253451,-2.282865,-0.1997359053,-0.7826899232,-0.1423316005
2.16989,-1.189513,-21.256558,0.335055,-0.2125066071,-1.016819457,-0.1167901968
2.170939,-0.437761,-31.413385,2.59031,-0.0986345157,-1.2339213884,0.0598711787
2.171988,0.347615,-23.964567,2.013887,0.0439716549,-1.2583985669,0.2375967794
2.173037,-0.346494,-6.021318,1.442268,0.0950544623,-1.1062143699,0.2918722622
2.174054,-0.4906,6.680701,0.6689,0.0365220788,-0.9061400411,0.1992846738
2.175103,-0.096711,8.296886,0.195753,-0.0794784629,-0.7837541484,0.0226232983
2.176153,-0.356101,-2.204727,-1.514301,-0.1859009783,-0.8114240024,-0.1125332962
2.177201,-0.620295,-18.900519,-1.26692,-0.2082497065,-0.9433879214,-0.1008268195
2.17825,-0.262432,-28.868193,0.606455,-0.1199190188,-1.0849298669,0.0428435762
2.179267,-0.135139,-23.083446,1.816943,0.0120449003,-1.1604898528,0.1982204487
2.180316,-0.617893,-7.766798,1.54074,0.0758984095,-1.1306915485,0.2567528321
2.181365,-0.269638,4.573674,0.289422,-0.045423258,-0.8752775116,0.0566785032
2.182414,0.167483,-1.725857,-2.789637,-0.1603595746,-0.8050386515,-0.0720927404
2.183431,-0.142344,-14.291398,-1.785701,-0.1997359053,-0.8688921607,-0.0986983692
2.18448,-0.488198,-24.20879,1.106021,-0.1220474691,-1.0253332583,0.0034672456
2.185529,-0.10872,-21.577401,1.884192,0.0056595494,-1.1349484491,0.1513945419
2.186578,-0.40894,-10.996775,2.352536,0.0876048862,-1.1487833761,0.2407894548
2.188644,-0.28645,1.374825,-0.904254,-0.0241387549,-1.0019203049,0.0928621585
2.187595,-0.942131,-2.609371,1.660828,0.079091085,-1.1008932442,0.2184407266
2.189693,0.386043,-1.062622,-2.499024,-0.1497173231,-0.9018831404,-0.0497440121
2.190741,-0.233611,-10.374244,-0.385473,-0.1773871771,-0.9040115907,-0.1018910447
2.191759,-0.392128,-19.546994,1.149253,-0.1028914163,-0.9912780533,-0.0305879594
2.192808,0.325999,-19.858259,1.235716,-0.0071111525,-1.0349112846,0.0971190591
2.193857,-0.332084,-12.756621,2.470222,0.0450358801,-1.0317186092,0.1939635481
2.194906,-1.564188,-6.572018,2.760835,0.0492927807,-1.0870583172,0.2099269254
2.195954,-1.023791,-3.373169,0.279815,-0.003918477,-1.1285630982,0.1375596149
2.196972,0.669451,-2.745849,-2.892913,-0.1050198666,-1.0338470595,0.0268801989
2.19802,0.811155,-6.488216,-1.43024,-0.1603595746,-0.9040115907,-0.0454871115
2.199069,-0.267236,-12.768593,1.014754,-0.1305612703,-0.8923051141,-0.0327164097
2.200118,-0.339289,-15.943499,1.958647,-0.0581939599,-0.9529659478,0.0449720265
2.201135,-0.31287,-15.062379,3.130707,0.0067237745,-1.0104341061,0.1354311646
2.202184,-1.122263,-12.854789,1.94904,0.0354578537,-1.0923794429,0.1886424223
2.203233,-1.208727,-8.779608,-0.130886,0.0014026488,-1.1626183031,0.1620367934
2.204282,-0.101514,-4.500907,-2.222821,-0.0773500126,-1.1211135221,0.0726418805
2.205299,0.628621,-3.205564,-1.463864,-0.1188547936,-0.9689293251,-0.0082392311
2.206348,0.29958,-5.176113,-0.202939,-0.1209832439,-0.8231304791,-0.0369733103
2.207397,-0.622697,-17.210109,3.822414,-0.0550012844,-0.9274245441,0.0768987812
2.208446,-0.970952,-18.210947,2.611926,0.0067237745,-1.0966363436,0.1705505947
2.209495,-1.064621,-14.360834,0.371082,0.0226871518,-1.2403067393,0.1939635481
2.210512,0.112242,-6.768355,-1.98985,-0.017753404,-1.224343362,0.1364953898
2.211561,1.169018,0.424268,-2.952957,-0.0741573372,-1.0061772055,0.0396509008
2.21261,0.148269,0.314128,0.20536,-0.1114052175,-0.7869468238,-0.0391017606
2.213659,-1.189513,-7.314267,1.660828,-0.1103409924,-0.7869468238,-0.0529366876
2.214676,-1.223137,-16.901238,2.811272,-0.0752215623,-0.9646724245,0.0173021725
2.215724,-0.742785,-21.685147,2.539873,-0.0230745298,-1.1604898528,0.1386238401
2.216774,-0.360905,-19.345868,0.034835,0.0077879997,-1.2775546197,0.2184407266
2.217822,0.304383,-11.403814,-1.411026,-0.0071111525,-1.2286002626,0.2077984751
2.218842,1.116179,0.560746,-1.874566,-0.0518086089,-0.9870211527,0.1130824364
2.219889,0.443686,6.956051,-0.003593,-0.1018271912,-0.7475704932,-0.021009933
2.220937,-1.045407,-0.952482,1.355804,-0.1199190188,-0.7433135925,-0.1093406207
2.221987,-1.67707,-16.745606,2.097949,-0.1028914163,-0.954030173,-0.0731569655
2.223035,-1.29519,-26.270324,2.832888,-0.0486159335,-1.1998661835,0.0843483572
2.224053,0.035386,-23.047531,0.62807,0.0109806751,-1.3360870031,0.2471748057
2.225101,1.248276,-12.636903,-1.36299,0.0131091254,-1.2477563154,0.2940007125
2.226151,1.303516,-0.710653,-1.773692,-0.0432948077,-0.9487090472,0.2046057996
2.2272,0.184295,8.033508,0.930692,-0.0954418402,-0.6879738846,0.0407151259
2.228219,-0.949336,4.566491,1.905808,-0.100762966,-0.69116656,-0.1093406207
2.229266,-1.516152,-12.213104,0.198155,-0.1039556415,-0.9284887693,-0.1476527263
2.230315,-1.408073,-28.298338,1.860174,-0.0816069132,-1.2339213884,-0.0135603569
2.231363,-0.005444,-29.169881,0.649686,-0.0145607286,-1.404197413,0.1992846738
2.23238,1.428408,-15.694487,-0.815389,0.0173660261,-1.2839399706,0.3195421162
2.233429,-0.125532,9.285752,0.846631,-0.0656435359,-0.6315699514,0.0886052578
2.234478,-1.182307,5.916904,3.05385,-0.0794784629,-0.6241203753,-0.0848634422
2.235527,-1.568991,-8.65989,-0.728925,-0.0954418402,-0.8901766637,-0.159359203
2.236576,-1.223137,-25.769906,0.198155,-0.1060840918,-1.2328571632,-0.0731569655
2.237593,0.059404,-31.880283,0.985933,-0.0635150856,-1.4308030418,0.1375596149
2.238642,0.866396,-21.045856,-0.070842,-0.0113680531,-1.3573715062,0.3131567653
2.239691,0.448489,-1.912616,1.106021,0.0120449003,-1.0764160656,0.3142209904
2.24074,-0.560251,9.95617,0.435929,-0.0166891789,-0.7943963999,0.1471376413
2.241757,-0.716366,8.584208,1.74489,-0.0773500126,-0.6837169839,-0.0593220385
2.242806,-0.848462,-4.072318,-1.050761,-0.1390750715,-0.7954606251,-0.1795794809
2.243855,-1.307199,-22.03951,-0.500758,-0.1635522501,-1.072159165,-0.1327535741
2.244904,-0.437761,-32.840417,1.49991,-0.1039556415,-1.3297016522,0.0673207548
2.245921,0.647835,-26.366098,0.044442,-0.0060469273,-1.370142208,0.2759088849
2.246971,0.407659,-5.82977,0.892264,0.0429074297,-1.1498476012,0.3291201426
2.248019,-0.891694,8.881108,0.495973,0.0194944764,-0.8678279355,0.1918350977
2.249068,-0.958944,9.070261,2.33092,-0.0358452316,-0.7305428907,-0.0124961318
2.250087,0.0546,-0.226995,-1.619979,-0.1241759194,-0.7571485195,-0.1625518784
2.251134,-0.151951,-16.487016,-2.962564,-0.1922863292,-0.9252960938,-0.1753225803
2.252183,-0.706758,-30.398181,1.180476,-0.1603595746,-1.1721963295,-0.0199457078
2.253232,-0.555447,-29.679877,1.88179,-0.031588331,-1.3382154534,0.2120553757
2.254281,-0.50501,-12.033528,3.267607,0.0961186874,-1.2743619442,0.3504046456
2.255298,-0.411342,6.007889,-0.174118,0.0961186874,-1.0359755098,0.2854869113
2.256347,0.594997,11.105457,-0.601632,-0.0220103046,-0.8167451281,0.0790272315
2.257396,0.724692,3.443542,-1.069975,-0.1550384488,-0.7518273938,-0.1221113226
2.258445,-0.725973,-13.632953,-1.797709,-0.2125066071,-0.9040115907,-0.1817079312
2.259464,0.448489,-30.189873,1.495107,-0.0166891789,-1.3190594007,0.1492660916
2.260511,-0.099113,-16.850957,2.470222,0.0971829126,-1.2488205405,0.2918722622
2.26156,-0.87248,1.559189,0.856238,0.1046324887,-1.0083056558,0.27697311
2.262609,0.335606,11.893198,-0.224555,0.0109806751,-0.801845976,0.1162751118
2.263626,0.594997,6.915347,-0.551195,-0.1124694427,-0.7507631686,-0.0795423164
2.264675,-0.908507,-10.690298,-1.766486,-0.1912221041,-0.8837913128,-0.1604234281
2.265724,-1.105451,-27.453133,0.719337,-0.1624880249,-1.1168566215,-0.0561293631
2.266773,0.119448,-30.726207,1.850567,-0.0369094568,-1.2764903945,0.1333027143
2.267822,0.023377,-18.055314,1.326983,0.0695130586,-1.2711692688,0.2578170573
2.268842,-0.725973,-1.074594,0.976326,0.0801553101,-1.1285630982,0.2450463554
2.269888,-0.296057,8.684771,1.250127,0.0184302512,-0.9327456699,0.1205320125
2.270937,0.032984,6.948868,-0.433508,-0.0922491648,-0.8114240024,-0.0422944361
2.271986,-0.36811,-7.031733,-1.905789,-0.1805798525,-0.8614425846,-0.1327535741
2.273003,-0.697151,-24.211185,0.284618,-0.1656807004,-1.0349112846,-0.0699642901
2.274052,-0.24562,-29.280021,1.737685,-0.0486159335,-1.1892239319,0.0981832842
2.275101,0.232331,-17.600388,1.216502,0.0599350322,-1.2190222362,0.2301472033
2.27615,-0.288852,-3.184015,1.043575,0.079091085,-1.1243061975,0.2386610045
2.277167,-0.91331,3.251994,1.680042,0.0269440524,-0.9944707288,0.1364953898
2.278218,-0.454573,2.840166,-0.431107,-0.0837353635,-0.9103969417,-0.0124961318
2.279265,0.184295,-4.905552,-2.376534,-0.1784514022,-0.9029473656,-0.1189186471
2.280313,-0.192781,-18.098413,-0.560802,-0.1710018261,-0.9795715767,-0.0997625944
2.281363,-0.356101,-25.075545,1.526329,-0.0709646617,-1.0945078932,0.0364582253
2.282379,-0.180773,-18.337848,2.688782,0.0482285555,-1.1594256276,0.1780001708
2.283429,-0.519421,-6.682158,2.381357,0.0982471377,-1.1455907006,0.2344041039
2.284477,-0.541037,-0.301219,0.85864,0.0482285555,-1.0689664896,0.172679045
2.285526,0.047395,-5.26231,-2.07151,-0.1571668991,-0.8933693392,-0.0859276674
2.286543,-0.524225,-12.090992,0.056451,-0.1475888728,-0.9582870736,-0.1072121704
2.287594,-0.363307,-18.445593,0.676106,-0.0741573372,-1.0774802908,-0.0273952839
2.288641,-0.252825,-18.287566,2.366946,0.0067237745,-1.1306915485,0.0949906088
2.28969,-0.970952,-12.342399,3.310839,0.0599350322,-1.1466549258,0.1950277732
2.290709,-0.771606,-4.773863,1.33659,0.0492927807,-1.1572971773,0.2099269254
2.291756,0.506131,-1.048256,-2.148367,-0.0358452316,-1.0870583172,0.1205320125
2.292805,0.849583,-4.283021,-2.614309,-0.1273685948,-0.9604155239,0.0055956959
2.293853,-0.055881,-9.246506,0.558419,-0.1412035218,-0.9295529944,-0.0465513367
2.294903,-0.267236,-13.489292,0.85864,-0.086928039,-1.0061772055,-0.021009933
2.29592,0.131456,-16.671381,1.687247,-0.0230745298,-1.0593884632,0.0556142781
2.296969,-0.577063,-15.99378,3.111492,0.0269440524,-1.0796087411,0.1492660916
2.298017,-1.465715,-11.564235,1.379822,0.037586304,-1.1498476012,0.1811928462
2.299066,-0.906105,-6.057233,-1.18526,-0.0124322782,-1.1892239319,0.1130824364
2.300086,0.169885,-2.664442,-2.0571,-0.0709646617,-1.0913152178,0.0055956959
2.301133,0.251545,-3.172043,-0.769755,-0.0847995887,-0.9167822926,-0.0582578134
2.302181,-0.288852,-7.802714,-0.423901,-0.0816069132,-0.8103597772,-0.0518724624
2.30323,-0.658723,-14.39675,1.672837,-0.059258185,-0.843350757,0.0119810468
2.304247,-0.874882,-17.700951,3.546211,-0.0081753776,-0.989149603,0.1109539861
2.305296,-1.23995,-16.779127,1.497508,0.0365220788,-1.1956092828,0.1790643959
2.306346,-0.956542,-12.359159,-0.375866,0.0365220788,-1.3360870031,0.1673579192
2.307394,0.650237,-4.311753,-2.712781,-0.0166891789,-1.2403067393,0.0928621585
2.308442,1.077751,1.729188,-1.828932,-0.073093112,-0.9678651,-0.0018538802
2.309462,-0.524225,-0.583753,1.069995,-0.0933133899,-0.8114240024,-0.0678358397
2.310509,-1.463314,-11.082971,2.093145,-0.0773500126,-0.8954977895,-0.0593220385
2.311557,-1.081433,-20.916561,3.55822,-0.0273314304,-1.0796087411,0.0460362517
2.312606,0.085823,-15.637022,-1.098797,0.0280082776,-1.2988391227,0.2173765014
2.313624,0.688665,-6.579201,-1.929806,-0.0188176292,-1.1477191509,0.1652294689
2.314673,0.698272,3.407627,-0.628051,-0.0635150856,-0.8678279355,0.0502931523
2.315721,-0.466582,5.27043,1.576766,-0.0890564893,-0.746506268,-0.0774138661
2.31677,-1.40327,-7.208915,1.122833,-0.0901207145,-0.8827270877,-0.1327535741
2.317787,-1.393662,-21.711485,2.539873,-0.0539370592,-1.1243061975,-0.0476155618
2.318838,-0.461779,-25.109065,1.987468,0.0024668739,-1.3254447516,0.1215962376
2.319885,0.791941,-18.986716,-0.4215,0.0301367279,-1.3807844596,0.2439821303
2.320934,1.409194,-8.456371,-1.163644,0.0077879997,-1.1902881571,0.2461105806
2.321951,1.224258,3.074812,-1.795308,-0.0486159335,-0.8380296312,0.1354311646
2.323,-0.084702,7.609708,1.394233,-0.0826711384,-0.6315699514,-0.021009933
2.324049,-1.319208,-1.251776,1.276546,-0.0847995887,-0.7507631686,-0.1338177993
2.325098,-1.653053,-18.637141,0.606455,-0.0911849396,-1.0742876153,-0.117854422
2.326147,-1.307199,-30.046212,2.878522,-0.0464874832,-1.3818486847,0.048164702
2.327164,0.148269,-25.71723,0.752962,0.0333294034,-1.4893354253,0.2365325542
2.329262,1.188232,5.002263,-1.792906,-0.0337167813,-0.8731490613,0.1513945419
2.330311,-0.711562,10.535602,2.991404,-0.059258185,-0.649661779,-0.0369733103
2.328215,1.680593,-10.237766,-1.533516,0.0386505291,-1.2722334939,0.2801657855
2.331328,-1.689079,1.949468,2.383759,-0.0390379071,-0.7422493674,-0.1721299048
2.332377,-1.681874,-16.788704,-1.672818,-0.0635150856,-1.0178836822,-0.1678730042
2.333426,-0.555447,-29.548188,0.716936,-0.0699004365,-1.2711692688,-0.0039823305
2.334474,0.587791,-27.096375,-0.580016,-0.0347810065,-1.3616284068,0.2056700247
2.335492,0.001761,-14.475763,1.80013,0.0194944764,-1.2860684209,0.3206063413
2.33654,-0.466582,1.947074,1.658426,0.0546139064,-1.0966363436,0.263138183
2.337592,0.297178,11.455032,-1.276527,-0.0049827022,-0.8625068098,0.0651923045
2.338638,-1.446501,-11.391842,-0.971503,-0.1497173231,-0.9018831404,-0.2040566594
2.339687,-1.70349,-28.425238,0.969121,-0.12843282,-1.2360498387,-0.0848634422
2.340705,0.374034,-32.09338,0.959514,-0.0390379071,-1.4414452933,0.1396880652
2.341753,0.883208,-19.211785,0.637677,0.0578065819,-1.3403439037,0.3003860634
2.342802,-0.468984,-0.5215,1.485499,0.100375588,-1.0476819865,0.269523534
2.343852,-0.879685,10.21476,0.882657,0.0418432046,-0.8146166778,0.0822199069
2.344868,0.210715,8.732658,0.565625,-0.0624508605,-0.7422493674,-0.1295608987
2.345918,-0.211995,-5.202451,-2.919332,-0.1443961973,-0.8114240024,-0.2423687649
2.346969,-1.552179,-24.374,-0.022807,-0.1550384488,-1.0359755098,-0.166808779
2.348015,-0.706758,-33.467736,1.975459,-0.0699004365,-1.3020317982,0.0609354038
2.349032,0.647835,-22.235847,1.168467,0.0492927807,-1.3669495326,0.2822942358
2.350084,0.241938,-1.340367,1.478294,0.106760939,-1.1711321043,0.3344412683
2.351131,-0.589072,8.21069,0.375885,0.0663203831,-0.9391310208,0.2046057996
2.35218,0.097832,6.402957,0.885059,-0.0326525562,-0.8742132864,0.0034672456
2.353229,0.592595,-2.132896,-2.542256,-0.1390750715,-0.9529659478,-0.1551023023
2.355295,-0.384922,-32.442955,2.133975,-0.1018271912,-1.2690408184,-0.0007896551
2.354246,-0.233611,-18.105596,-1.314955,-0.1805798525,-1.1040859196,-0.1646803287
2.356344,0.097832,-28.755658,2.520659,0.0524854561,-1.3148025001,0.2109911505
2.357393,-0.382521,-7.484265,2.105154,0.1397519187,-1.1381411245,0.2940007125
2.35841,-0.596277,8.919417,-0.481544,0.0876048862,-0.8582499091,0.1928993229
2.359461,-0.197585,10.499687,0.69532,-0.0294598807,-0.7177721889,-0.0061107808
2.360508,-0.742785,-0.071362,-0.433508,-0.1358823961,-0.8124882275,-0.1646803287
2.361557,-1.021389,-17.765598,-1.910592,-0.1688733758,-1.0317186092,-0.1700014545
2.362574,-0.24562,-30.218605,0.022826,-0.1103409924,-1.2190222362,-0.0156888072
2.363623,-0.005444,-26.579195,1.910611,0.0109806751,-1.3201236258,0.1758717204
2.364672,-0.711562,2.751575,1.151655,0.1056967138,-1.1572971773,0.2184407266
2.365722,0.448489,8.15562,-0.507963,0.0141733506,-0.9189107429,0.0566785032
2.36677,0.501328,3.424387,-2.254044,-0.1316254955,-0.7784330226,-0.117854422
2.367787,-0.745187,-12.751832,-1.168448,-0.1890936538,-0.8784701871,-0.1753225803
2.368838,-0.958944,-28.499463,1.764104,-0.1050198666,-1.1062143699,-0.0571935882
2.369885,0.001761,-27.536935,1.836157,0.0397147543,-1.2403067393,0.1333027143
2.370934,0.047395,-11.470856,1.24052,0.1216600911,-1.2286002626,0.24185368
2.371951,-0.689946,1.171305,1.021959,0.1056967138,-1.1338842239,0.2067342499
2.373,-0.661125,4.09241,0.700123,0.0205587015,-1.0136267816,0.0747703308
2.374049,0.196304,0.960602,-2.004261,-0.1124694427,-0.9252960938,-0.0710285152
2.375098,0.208313,-9.665517,-2.280464,-0.1880294286,-0.9465805969,-0.1402031502
2.376115,-0.548242,-22.324438,1.202092,-0.1401392967,-1.0902509926,-0.0710285152
2.377164,-0.238415,-24.244706,2.143582,-0.0124322782,-1.2222149117,0.0822199069
2.378215,0.030582,-14.437454,2.174805,0.0939902371,-1.2339213884,0.2014131241
2.379262,-0.608286,-4.115417,2.184412,0.1174031905,-1.1679394288,0.214183826
2.380279,-0.673134,0.994123,0.094879,0.0418432046,-1.0679022644,0.1088255358
2.381328,0.081019,0.235115,-2.222821,-0.0890564893,-0.9668008748,-0.0412302109
2.382377,-0.051077,-7.357365,-1.072377,-0.1433319721,-0.9657366497,-0.125303998
2.383426,-0.502609,-17.162222,0.719337,-0.0911849396,-1.0700307147,-0.0891203428
2.384475,0.261152,-20.509522,0.58724,-0.0103038279,-1.1296273233,0.0300728744
2.385492,0.052198,-15.450263,2.00428,0.0503570058,-1.1157923963,0.1428807407
2.38654,-1.360038,-8.6982,3.169135,0.0801553101,-1.1519760515,0.1907708726
2.387592,-1.086237,-4.098656,1.043575,0.051421231,-1.1934808325,0.145009191
2.388638,0.513337,-1.618111,-2.47981,-0.0464874832,-1.1040859196,0.0279444241
2.389655,0.566175,-4.098656,-1.816923,-0.114597893,-0.9838284773,-0.0742211907
2.390704,-0.012649,-16.542086,0.966719,-0.0337167813,-1.0753518405,-0.0146245821
2.391753,0.398052,-16.063216,1.792925,0.0152375758,-1.0828014166,0.0832841321
2.392802,-0.95414,-13.075069,2.424588,0.0418432046,-1.1189850718,0.1567156677
2.393819,-1.41768,-9.239323,1.029165,0.0354578537,-1.2158295608,0.1631010186
2.394868,0.071412,-5.300619,-1.999457,-0.0156249537,-1.2030588589,0.0886052578
2.395917,0.950457,-3.107396,-2.472605,-0.0762857875,-1.0327828343,-0.0039823305
2.396968,0.124251,-3.892742,0.121299,-0.0943776151,-0.898690465,-0.0593220385
2.398015,-0.737981,-9.742136,0.786587,-0.0699004365,-0.9316814447,-0.0540009127
2.399032,-0.778811,-17.427995,3.044243,-0.0156249537,-1.0434250859,0.0279444241
2.40008,-0.774008,-18.227707,3.55822,0.0503570058,-1.1583614025,0.1418165155
2.401129,-0.865275,-13.575488,0.193351,0.065256158,-1.2701050436,0.1843855217
2.402178,-0.493002,-9.684672,-1.629586,0.0173660261,-1.2818115203,0.1258531382
2.403195,0.333205,-3.914291,-1.855352,-0.0390379071,-1.1168566215,0.0290086492
2.404244,0.506131,1.894398,-0.704908,-0.0837353635,-0.8880482134,-0.062514714
2.405293,-0.507412,-2.149657,0.481563,-0.100762966,-0.7975890754,-0.1146617465
2.406345,-1.40327,-14.487735,2.520659,-0.0699004365,-0.912525392,-0.0699642901
2.407359,-1.290387,-22.448944,3.368481,-0.0049827022,-1.1243061975,0.0683849799
2.408408,-0.747588,-20.152764,1.576766,0.0556781316,-1.3158667252,0.1960919984
2.409459,0.205911,-11.978458,-0.385473,0.0695130586,-1.3754633338,0.2226976272
2.410506,1.385176,-3.081058,-2.926538,0.0120449003,-1.1870954816,0.1428807407
2.411555,0.791941,3.603963,-0.971503,-0.073093112,-0.9061400411,0.0087883713
2.412572,-0.788418,2.035665,1.740086,-0.1050198666,-0.8454792073,-0.104019495
2.413621,-1.309601,-10.300019,1.44467,-0.0922491648,-1.0189479073,-0.1274324483
2.41467,-1.290387,-23.514429,2.79446,-0.0507443838,-1.2371140638,-0.0178172575
2.41572,-0.565055,-26.469055,1.591177,0.0184302512,-1.3786560093,0.1567156677
2.416736,0.652639,-17.736866,-0.479142,0.0524854561,-1.3403439037,0.2503674812
2.417784,0.515738,7.882664,-0.260582,-0.0741573372,-0.7699192214,0.0428435762
2.418836,-0.824445,7.30802,2.691184,-0.0805426881,-0.69116656,-0.1167901968
2.419882,-1.633839,-7.826657,-0.037218,-0.0784142378,-0.8891124386,-0.180643706
2.421948,-0.639509,-28.872981,1.485499,-0.0113680531,-1.4627297964,0.1162751118
2.420899,-1.746722,-24.939067,1.54074,-0.0677719862,-1.2094442098,-0.0859276674
2.422997,1.243472,-19.714598,-1.343776,0.0280082776,-1.4680509222,0.2684593088
2.424046,1.469238,-6.14343,-0.363857,0.0173660261,-1.1849670313,0.2663308585
2.425095,0.280366,5.828313,-0.169315,-0.0294598807,-0.8327085054,0.1301100388
2.426112,-0.425752,9.951381,2.575899,-0.0528728341,-0.7039372619,-0.0571935882
2.427161,-1.038202,-0.899807,0.106888,-0.0699004365,-0.8667637104,-0.1934144079
2.428212,-1.381654,-21.790498,-0.560802,-0.0954418402,-1.1721963295,-0.1636161036
2.429259,-0.23121,-33.070275,1.740086,-0.0550012844,-1.3946193866,0.0375224505
2.430276,0.868797,-25.724413,-0.58482,0.0163018009,-1.3967478369,0.2471748057
2.431325,0.458096,-7.92722,1.442268,0.0578065819,-1.2115726601,0.3014502886
2.432374,-0.665929,6.546618,0.844229,0.0418432046,-0.9689293251,0.1716148198
2.433423,-0.723571,9.778988,0.993138,-0.0241387549,-0.8029102011,-0.03484486
2.43444,-0.353699,2.112284,-0.106869,-0.1018271912,-0.8029102011,-0.1955428582
2.435489,-1.259164,-15.009703,-1.718451,-0.1507815482,-1.030654384,-0.2178915864
2.436538,-1.287985,-30.675926,1.480696,-0.114597893,-1.3616284068,-0.0614504888
2.437589,0.357222,-30.893812,0.339859,-0.0103038279,-1.5010419019,0.1822570714
2.438635,0.988886,-13.867599,0.981129,0.0748341844,-1.307352924,0.3333770432
2.439652,-0.461779,4.657477,0.829818,0.0844122107,-0.989149603,0.2705877591
2.440701,-1.09104,10.83729,1.190083,0.0163018009,-0.8497361079,0.0545500529
2.44175,0.13626,5.332683,-0.270189,-0.0890564893,-0.884855538,-0.159359203
2.442799,-0.099113,-10.675932,-3.620647,-0.1614237998,-0.989149603,-0.2391760895
2.443816,-0.372914,-33.043937,1.953843,-0.045423258,-1.3392796786,0.1120182112
2.444865,-0.298459,-19.202207,2.989003,0.0939902371,-1.3775917841,0.2940007125
2.445913,-0.610688,2.296649,0.937898,0.1429445942,-1.1817743558,0.2876153616
2.446965,0.249143,12.118267,-1.194867,0.0492927807,-0.8805986374,0.1098897609
2.44798,0.513337,6.786052,0.476759,-0.0847995887,-0.7369282416,-0.097634144
2.449029,-0.915712,-7.759615,-1.045958,-0.1582311243,-0.9061400411,-0.2029924343
2.451127,0.34041,-33.264217,1.274144,-0.0379736819,-1.4286745915,0.0630638542
2.450078,-1.227941,-24.642167,0.090076,-0.1401392967,-1.2296644878,-0.1359462496
2.452144,0.633425,-22.923025,1.576766,0.0801553101,-1.3690779829,0.2482390309
2.453193,-0.70916,-2.255008,1.593579,0.1163389653,-1.1455907006,0.2727162094
2.454242,-0.70916,10.310534,1.190083,0.0546139064,-0.9444521466,0.1322384891
2.455291,0.294776,9.549131,0.169334,-0.0539370592,-0.8518645582,-0.0689000649
2.456342,0.023377,-3.667674,-2.412561,-0.1571668991,-0.8837913128,-0.1966070833
2.457356,-0.819641,-22.650069,-0.440714,-0.1752587268,-1.0593884632,-0.1540380772
2.458406,-0.591474,-32.778164,1.742488,-0.0709646617,-1.2924537718,0.034329775
2.459454,-0.024658,-22.894293,1.852969,0.0684488334,-1.3871698105,0.2173765014
2.460503,-0.240817,-4.572737,1.639212,0.1291096672,-1.2839399706,0.2642024082
2.461521,-0.322477,5.330289,0.813006,0.0907975617,-1.0870583172,0.1673579192
2.462569,0.244339,7.257739,-0.774559,-0.0273314304,-0.919974968,-0.0093034563
2.463618,0.179492,-0.5215,-2.448587,-0.1603595746,-0.8976262398,-0.159359203
2.464667,-0.718767,-18.242074,-0.390277,-0.1827083028,-1.0381039601,-0.1625518784
2.465684,-0.543439,-30.177901,1.790523,-0.0784142378,-1.2211506865,-0.0061107808
2.466733,0.201108,-23.076263,1.973057,0.0567423567,-1.2945822221,0.1758717204
2.467782,-0.228808,-7.031733,1.756899,0.1259169917,-1.2371140638,0.2450463554
2.468831,-0.795624,2.255945,1.360608,0.1025040383,-1.1200492969,0.1748074953
2.46988,0.208313,-1.026707,-2.47981,-0.142267747,-0.9593512987,-0.1221113226
2.470897,-0.332084,-13.87957,-0.98111,-0.1741945016,-1.0402324104,-0.1551023023
2.471946,-0.591474,-25.022869,1.394233,-0.0922491648,-1.1892239319,-0.0465513367
2.472995,0.100234,-22.147256,2.095547,0.0333294034,-1.2615912424,0.1130824364
2.474044,-0.039069,-9.7996,2.088342,0.1035682635,-1.2286002626,0.2035415744
2.475061,-0.723571,-1.812053,1.771309,0.086540661,-1.1647467534,0.172679045
2.47611,-0.519421,-0.423331,-0.042021,-0.0007258016,-1.0785445159,0.0524216026
2.477159,0.287571,-2.372331,-2.559068,-0.1050198666,-0.9880853779,-0.0806065416
2.47821,0.001761,-9.081296,-1.019538,-0.1358823961,-0.9923422785,-0.1423316005
2.479225,-0.569858,-18.16306,1.084405,-0.0794784629,-1.1019574693,-0.0848634422
2.480274,-0.178371,-19.851076,1.788122,0.0077879997,-1.1934808325,0.0407151259
2.481322,-0.288852,-12.897887,2.583105,0.0663203831,-1.2168937859,0.1439449658
2.482372,-0.843659,-6.030896,1.788122,0.0663203831,-1.2360498387,0.1684221444
2.48342,-0.543439,-3.97415,-0.311019,0.0077879997,-1.2264718123,0.1045686351
2.484438,0.494123,-4.393161,-2.290071,-0.0656435359,-1.1189850718,0.0034672456
2.485486,0.628621,-5.654983,-1.30775,-0.0965060654,-1.0104341061,-0.0720927404
2.486535,-0.281647,-10.587341,0.481563,-0.0794784629,-1.0242690331,-0.0806065416
2.487587,-0.382521,-16.077582,1.961048,-0.0262672052,-1.0870583172,-0.0146245821
2.488601,-0.211995,-16.630677,2.878522,0.0343936285,-1.1094070454,0.089669483
2.48965,-1.103049,-13.522812,1.591177,0.0641919328,-1.1636825282,0.1567156677
2.490699,-1.393662,-8.616792,-0.102065,0.037586304,-1.2541416663,0.1237246879
2.494863,-0.956542,-10.486778,1.0772,-0.0624508605,-0.9178465177,-0.0720927404
2.495912,-0.850864,-18.352214,2.484633,0.0492927807,-1.2349856135,0.1386238401
2.496963,-0.649116,-13.333659,-0.214948,0.0599350322,-1.362692632,0.1673579192
2.493814,-0.147148,-3.945418,-0.099664,-0.0762857875,-0.898690465,-0.1018910447
2.499027,0.691067,-1.500788,-1.778495,-0.0241387549,-1.1072785951,0.0087883713
2.500076,0.229929,3.613541,-0.008397,-0.0762857875,-0.9135896171,-0.097634144
2.497978,-0.017453,-8.947212,-1.898583,0.023751377,-1.3265089767,0.1098897609
2.492765,0.537354,-2.860778,-1.528712,-0.0709646617,-1.0540673374,-0.0710285152
2.501125,-0.870078,-4.120205,0.815408,-0.0879922642,-0.9135896171,-0.1497811766
2.491748,-0.147148,-4.46978,-2.191598,-0.0305241059,-1.2296644878,0.0194306229
2.502142,-1.537768,-18.577282,3.041841,-0.0464874832,-1.0615169135,-0.0752854158
2.503191,-1.119862,-24.716392,3.046645,0.0205587015,-1.2403067393,0.0928621585
2.50424,-0.166362,-18.591648,0.54641,0.0663203831,-1.3594999565,0.214183826
2.505289,0.441284,-9.045381,-1.463864,0.0471643304,-1.3222520761,0.2046057996
2.506306,0.991287,-0.337135,-2.422168,-0.0273314304,-1.0870583172,0.0939263836
2.507355,0.611809,5.974368,0.104486,-0.0922491648,-0.8465434324,-0.0518724624
2.508404,-0.699553,0.625393,0.976326,-0.1018271912,-0.857185684,-0.1657445539
2.509453,-1.552179,-16.522931,1.684846,-0.0879922642,-1.0891867675,-0.152973852
2.510471,-1.37685,-28.64073,3.695121,-0.0262672052,-1.3328943277,0.0119810468
2.511519,-0.060684,-24.596675,1.391831,0.058870807,-1.466986697,0.1928993229
2.512568,1.522077,-11.446912,-1.478275,0.065256158,-1.3754633338,0.2429179051
2.513617,1.666183,1.362853,-2.412561,-0.0049827022,-1.0317186092,0.1407522904
2.514665,0.052198,8.658433,1.32218,-0.0571297347,-0.7358640165,-0.0273952839
2.515683,-1.273574,3.685371,2.383759,-0.0539370592,-0.7731118968,-0.1700014545
2.516732,-1.648249,-13.735909,-0.455124,-0.0581939599,-1.0540673374,-0.1976713085
2.51778,-1.23995,-28.770024,1.879388,-0.0390379071,-1.3616284068,-0.0550651379
2.518829,0.261152,-27.960735,0.159727,0.0120449003,-1.5212621799,0.1577798928
2.519846,1.361159,-14.719987,-0.921066,0.0269440524,-1.4020689627,0.2737804346
2.520895,0.76312,0.484127,0.721739,0.0216229267,-1.0689664896,0.2226976272
2.521944,-0.524225,9.017585,1.33659,-0.0049827022,-0.8007817508,0.0524216026
2.522993,-1.187111,-8.789185,-1.161242,-0.0847995887,-1.0253332583,-0.2189558116
2.52401,-1.283181,-26.301451,0.051647,-0.0911849396,-1.3392796786,-0.1274324483
2.525059,0.097832,-32.711122,0.594446,-0.0390379071,-1.5265833056,0.0864768075
2.526108,0.998493,-21.926976,0.013219,0.0333294034,-1.4222892406,0.2610097327
2.527157,0.479712,-0.408965,0.846631,0.0578065819,-1.0934436681,0.2524959315
2.528206,-0.689946,12.496574,0.522393,0.0216229267,-0.8039744263,0.0715776554
2.529223,-1.160692,7.851538,2.244456,-0.0262672052,-0.7454420428,-0.1306251238
2.530272,-1.067023,-6.672581,-1.463864,-0.0773500126,-0.9103969417,-0.2274696128
2.531321,-1.069425,-22.654858,-2.042689,-0.1124694427,-1.1860312565,-0.1657445539
2.53237,-0.358503,-32.043099,0.769774,-0.0762857875,-1.4339957173,0.0247517486
2.533387,0.184295,-25.784272,1.819344,0.0333294034,-1.522326405,0.2258903027
2.534436,-0.207192,-5.944699,1.737685,0.1163389653,-1.348857705,0.2791015603
2.535484,-0.255227,9.419836,-0.726523,0.079091085,-1.0178836822,0.1386238401
2.536533,0.277964,10.746305,0.786587,-0.0241387549,-0.7986533005,-0.0848634422
2.53755,-0.161558,-0.511922,-1.161242,-0.1199190188,-0.8327085054,-0.2444972153
2.538599,-1.071826,-19.139954,-1.32216,-0.1475888728,-1.0604526883,-0.2327907386
2.539648,-0.603483,-32.653658,1.009951,-0.0784142378,-1.3030960234,-0.0454871115
2.540697,0.282768,-28.408478,1.511919,0.0450358801,-1.4127112142,0.1918350977
2.541746,-0.288852,-8.609609,2.902539,0.1408161439,-1.3339585528,0.3014502886
2.542763,-0.992568,6.675912,0.580035,0.1259169917,-1.1381411245,0.2099269254
2.543812,0.225125,9.506032,0.236583,0.0131091254,-0.9604155239,0.0034672456
2.544861,0.955261,2.591154,-1.872164,-0.1273685948,-0.9040115907,-0.1880932821
2.54591,-0.577063,-13.6976,-1.778495,-0.1944147795,-1.044489311,-0.2391760895
2.546927,-1.115058,-29.744524,1.84096,-0.1316254955,-1.2881968712,-0.1008268195
2.547976,0.261152,-30.666349,2.626337,0.0173660261,-1.41803234,0.1279815885
2.549025,-0.910908,3.110727,0.70973,0.141880369,-1.1317557736,0.2258903027
2.550074,-0.055881,9.84603,0.479161,0.0333294034,-0.9433879214,0.0439078014
2.551093,0.607005,5.308739,-1.149234,-0.1071483169,-0.8593141343,-0.1540380772
2.55214,-0.440163,-11.068605,-2.155572,-0.1773871771,-0.9721220006,-0.2295980631
2.553189,-1.153486,-27.970312,0.769774,-0.1337539458,-1.2137011105,-0.1221113226
2.554238,-0.0823,-29.605652,1.728077,-0.003918477,-1.3722706584,0.0822199069
2.555286,0.393249,-14.830127,1.451875,0.106760939,-1.3190594007,0.2226976272
2.556304,-0.514618,0.467366,0.940299,0.1237885414,-1.1487833761,0.2131196008
2.557353,-0.687544,6.436478,1.266939,0.0546139064,-1.0157552319,0.0790272315
2.558402,0.016172,3.398049,-1.245304,-0.0752215623,-0.961479749,-0.0891203428
2.55945,0.220322,-8.418061,-3.099464,-0.1592953494,-0.9923422785,-0.180643706
2.56047,-0.291254,-23.102601,-0.200538,-0.1348181709,-1.1072785951,-0.125303998
2.561516,-0.365708,-27.668624,2.374151,-0.0134965034,-1.2403067393,0.0311370995
2.562565,-0.509814,-16.623494,2.897736,0.1152747402,-1.307352924,0.1599083431
2.563614,-0.87248,-2.535147,1.838559,0.1503941703,-1.2647839178,0.1769359456
2.564631,-0.644313,3.534527,0.383091,0.0705772837,-1.1157923963,0.0811556818
2.56568,-0.130336,2.03327,-1.785701,-0.0784142378,-0.9668008748,-0.0635789391
2.567777,-0.850864,-19.09925,0.6689,-0.1326897206,-1.1541045019,-0.1274324483
2.566729,-0.281647,-6.653426,-1.785701,-0.1678091507,-0.9827642521,-0.159359203
2.568827,-0.173567,-23.53119,1.516722,-0.0220103046,-1.2945822221,0.0055956959
2.569846,0.400454,-15.732796,1.816943,0.0737699592,-1.3094813743,0.1279815885
2.570892,-0.711562,-6.998212,2.117163,0.1078251641,-1.2701050436,0.1631010186
2.571941,-1.304797,-2.841623,1.531133,0.0716415089,-1.2254075871,0.1013759597
2.57299,0.117046,-0.396993,-1.932208,-0.0326525562,-1.1317557736,-0.0252668336
2.574007,0.777531,-3.332465,-3.193133,-0.1231116942,-1.0242690331,-0.1402031502
2.575056,-0.54584,-20.272481,1.874585,-0.0252029801,-1.1296273233,-0.0465513367
2.576105,0.280366,-17.200532,1.728077,0.0609992574,-1.1721963295,0.0779630063
2.577154,-0.466582,-9.430871,2.023494,0.0854764359,-1.1902881571,0.1418165155
2.578171,-1.129469,-5.449069,1.113226,0.0556781316,-1.2552058914,0.1184035621
2.579221,-0.173567,-4.989354,-1.00753,-0.0071111525,-1.2477563154,0.0332655499
2.580269,0.849583,-4.735553,-2.470203,-0.0624508605,-1.1200492969,-0.0593220385
2.581318,0.446087,-6.6223,-0.565605,-0.0762857875,-1.0253332583,-0.1061479453
2.582337,-0.161558,-12.000007,0.815408,-0.0486159335,-1.0391681853,-0.0827349919
2.583384,-0.19038,-16.733634,2.417383,0.0024668739,-1.0881225423,0.0034672456
2.584433,-0.728374,-15.955471,3.565426,0.0567423567,-1.1658109785,0.1045686351
2.585482,-1.189513,-10.934522,1.216502,0.072705734,-1.2892610964,0.1428807407
2.586531,-0.519421,-7.61356,-1.435043,0.0290725027,-1.3435365792,0.0843483572
2.587547,0.491721,-4.917524,-2.054698,-0.0262672052,-1.2137011105,-0.0114319066
2.588596,0.460498,-1.879095,-1.166046,-0.0581939599,-1.0072414306,-0.0880561177
2.589646,-0.461779,-5.001326,0.23178,-0.0645793108,-0.9189107429,-0.1167901968
2.590695,-1.134272,-14.001682,2.616729,-0.031588331,-0.9965991791,-0.0667716146
2.591714,-1.127067,-19.336291,3.553417,0.0258798273,-1.1562329522,0.0513573775
2.59276,-0.970952,-17.344193,1.802532,0.0673846083,-1.3265089767,0.145009191
2.593809,-0.610688,-12.371131,-0.664078,0.0641919328,-1.4148396645,0.145009191
2.594858,0.628621,-4.924707,-2.909725,0.0088522248,-1.2732977191,0.0673207548
2.595875,0.880806,2.519323,-1.768888,-0.0635150856,-0.9944707288,-0.0444228864
2.596924,-0.658723,0.955814,1.187681,-0.086928039,-0.8901766637,-0.1370104747
2.597974,-1.518554,-10.855508,2.422187,-0.0645793108,-1.0285259337,-0.1380746999
2.599022,-1.266369,-22.468099,3.1211,-0.0156249537,-1.2349856135,-0.0199457078
2.600071,-0.502609,-22.925419,2.059521,0.0439716549,-1.3882340357,0.1354311646
2.60109,0.460498,-14.949844,-0.81779,0.0631277077,-1.4201607903,0.2014131241
2.602137,0.619014,3.850581,-0.76255,-0.045423258,-0.9774431263,0.0141094971
2.603186,-0.236013,6.120424,0.87305,-0.0847995887,-0.8412223067,-0.1327535741
2.604235,-1.348029,-6.995818,1.269341,-0.0816069132,-0.9657366497,-0.1923501827
2.605252,-1.74432,-22.494437,2.554284,-0.0475517083,-1.2360498387,-0.0997625944
2.606301,-0.692348,-26.823419,1.740086,0.0120449003,-1.4627297964,0.0832841321
2.60735,0.84478,-19.83671,0.032433,0.0578065819,-1.5021061271,0.2195049517
2.608399,1.505264,-7.524969,-1.56714,0.0429074297,-1.2828757454,0.2184407266
2.609416,1.108974,4.307902,-1.752076,-0.0230745298,-0.9327456699,0.0875410327
2.610467,-0.288852,8.701531,2.244456,-0.0560655095,-0.7614054202,-0.0859276674
2.611514,-1.412877,-1.024313,1.257332,-0.0539370592,-0.9008189153,-0.2051208846
2.612562,-1.573795,-20.18389,0.440733,-0.0603224102,-1.2137011105,-0.1763868054
2.613611,-0.819641,-31.164373,2.117163,-0.0198818543,-1.4967850013,0.0087883713
2.614629,0.916833,-24.917518,-0.628051,0.0429074297,-1.563831186,0.2035415744
2.615677,1.685397,-9.445237,-0.853817,0.0471643304,-1.3286374271,0.249303256
2.616726,0.388445,4.839447,-0.044423,0.0003384236,-0.9699935503,0.1301100388
2.617775,-0.894096,10.968979,3.020225,-0.0273314304,-0.7869468238,-0.0593220385
2.618792,-1.283181,2.473831,1.804934,-0.0337167813,-0.8923051141,-0.2136346858
2.619844,-1.653053,-17.736866,-1.725657,-0.0635150856,-1.1807101307,-0.2200200367
2.62089,-0.637107,-30.730996,0.539205,-0.0603224102,-1.4350599424,-0.0518724624
2.621939,0.84478,-27.357359,-0.704908,-0.0124322782,-1.5042345774,0.158844118
2.622957,0.265955,-14.008865,1.223707,0.0429074297,-1.3818486847,0.2684593088
2.624005,-0.629902,2.203269,1.504714,0.0620634825,-1.1370768994,0.2088627002
2.625054,-0.159157,11.529257,0.006014,0.0024668739,-0.9103969417,0.0173021725
2.626103,0.042591,6.103663,0.69532,-0.0794784629,-0.8497361079,-0.180643706
2.627152,-1.360038,-28.149888,0.49117,-0.1028914163,-1.3233163013,-0.1306251238
2.628169,0.31399,-31.506765,0.716936,-0.0166891789,-1.5116841535,0.0864768075
2.629221,0.501328,-19.46798,1.259734,0.0833479856,-1.4435737436,0.2482390309
2.630267,-0.6275,-1.115298,1.146851,0.1195316408,-1.1753890049,0.2301472033
2.631316,-0.524225,10.353632,-0.178922,0.0492927807,-0.9040115907,0.0524216026
2.632333,0.390847,9.242654,-0.05403,-0.0613866353,-0.8007817508,-0.1625518784
2.633382,-0.77641,-5.801038,-1.963431,-0.1401392967,-0.9210391932,-0.277488195
2.634431,-1.986898,-24.283015,0.99554,-0.1305612703,-1.2030588589,-0.1966070833
2.63548,-0.293655,-31.834791,1.391831,-0.031588331,-1.4478306443,0.0236875235
2.636497,1.065742,-22.915842,1.122833,0.0833479856,-1.4606013461,0.2301472033
2.637546,-0.27204,-4.17767,2.090744,0.1429445942,-1.2583985669,0.2844226861
2.638597,-1.093442,7.849143,0.36868,0.0897333365,-1.0540673374,0.1577798928
2.639643,0.369231,8.418998,0.015621,-0.0379736819,-0.9699935503,-0.0582578134
2.640661,0.85919,-1.330789,-2.892913,-0.1582311243,-0.9827642521,-0.2242769373
2.641711,-0.435359,-18.850238,-0.707309,-0.1912221041,-1.1157923963,-0.2178915864
2.642758,-0.57226,-31.964085,2.566292,-0.0975702905,-1.3137382749,-0.0380375354
2.643807,-0.125532,-27.113135,3.101885,0.0748341844,-1.4031331878,0.1769359456
2.644856,-0.958944,-7.862572,3.073064,0.1855136003,-1.3243805264,0.2588812824
2.645873,-0.533832,6.572955,-0.702506,0.1365592433,-1.1423980252,0.1567156677
2.646922,0.888012,8.902657,-1.341375,-0.0134965034,-0.9487090472,-0.0465513367
2.647972,0.061805,0.184833,-1.298143,-0.1507815482,-0.9093327165,-0.20831356
2.64902,-1.184709,-16.36251,-0.294206,-0.1795156274,-1.1062143699,-0.2200200367
2.650037,-0.538635,-28.808334,1.269341,-0.0954418402,-1.3531146056,-0.0742211907
2.651088,0.494123,-25.657371,1.353403,0.0343936285,-1.4244176909,0.1205320125
2.652135,-0.053479,-11.020718,2.455811,0.1269812169,-1.3275732019,0.2269545278
2.653184,-1.115058,0.86004,1.569561,0.1259169917,-1.1913523822,0.1811928462
2.654201,0.568577,3.568048,-2.554264,-0.12843282,-0.989149603,-0.1689372293
2.65525,-0.526626,-11.899444,-1.68963,-0.1805798525,-1.0455535362,-0.2295980631
2.656299,-1.283181,-27.551301,1.696855,-0.1018271912,-1.2317929381,-0.1072121704
2.657348,0.018574,-25.549626,2.102752,0.0386505291,-1.3403439037,0.0886052578
2.658397,0.323597,-10.479595,1.03637,0.120595866,-1.2913895467,0.1960919984
2.659414,-1.011782,-1.024313,1.475892,0.114210515,-1.2190222362,0.1652294689
2.660465,-1.026193,0.840885,0.952308,0.0386505291,-1.1541045019,0.0439078014
2.661511,0.662246,0.417085,-2.828065,-0.0922491648,-1.0391681853,-0.0986983692
2.66256,0.527747,-7.364548,-2.652737,-0.1720660513,-0.9987276294,-0.1849006066
2.663578,-0.939729,-20.66276,1.523928,-0.1252401445,-1.127498873,-0.1327535741
2.664627,-0.641911,-23.765836,2.75363,0.0056595494,-1.2743619442,0.020494848
2.665675,-0.24562,-13.479714,2.479829,0.1099536144,-1.3275732019,0.1418165155
2.666724,-0.562653,-4.168092,1.668033,0.1184674157,-1.3158667252,0.158844118
2.667741,-0.344092,-1.531915,0.070862,0.0429074297,-1.2371140638,0.0779630063
2.66879,0.304383,-2.492048,-1.869762,-0.0699004365,-1.1306915485,-0.0422944361
2.669841,0.35482,-7.005396,-1.194867,-0.1199190188,-1.1062143699,-0.1221113226
2.670888,0.126653,-13.702389,0.32785,-0.0847995887,-1.1530402767,-0.1125332962
2.671937,0.55897,-17.976301,0.387894,-0.0230745298,-1.1668752037,-0.0316521845
2.672954,-0.055881,-16.573213,2.744023,0.0365220788,-1.1753890049,0.0673207548
2.674003,-1.54017,-11.135647,3.644684,0.0822837604,-1.2626554675,0.1279815885
2.675052,-1.07663,-5.183296,0.599249,0.0631277077,-1.3360870031,0.1003117345
2.676101,0.491721,-2.061066,-2.455792,-0.0241387549,-1.2573343418,-0.0039823305
2.677118,0.484516,-4.144149,-1.408624,-0.0816069132,-1.1104712706,-0.1008268195
2.678167,-0.363307,-9.466786,0.700123,-0.0741573372,-1.0625811386,-0.1189186471
2.679218,-0.324878,-13.932246,1.029165,-0.0347810065,-1.1019574693,-0.0667716146
2.680265,-0.973354,-14.846887,2.53507,0.0397147543,-1.2509489908,0.0981832842
2.681282,-1.179906,-11.96888,0.373484,0.0365220788,-1.3605641817,0.1152108867
2.682331,-0.039069,-7.053283,-2.371731,-0.0081753776,-1.3360870031,0.0460362517
2.68338,0.604604,-2.681202,-2.330901,-0.0603224102,-1.1530402767,-0.0497440121
2.684429,-0.180773,-1.613322,0.431126,-0.0741573372,-0.9870211527,-0.1104048459
2.685477,-0.956542,-6.375682,0.798596,-0.059258185,-0.9848927024,-0.117854422
2.686495,-1.146281,-16.249976,2.609524,-0.0294598807,-1.1211135221,-0.0497440121
2.687543,-0.970952,-21.000363,3.526997,0.0290725027,-1.2850041958,0.0790272315
2.688595,-0.452172,-16.259553,0.094879,0.0695130586,-1.4020689627,0.1567156677
2.689641,0.025779,-10.082134,-2.462998,0.037586304,-1.3892982608,0.1162751118
2.690658,0.304383,-3.476126,-1.749674,-0.0326525562,-1.210508435,0.0098525965
2.691707,0.167483,3.395655,0.210164,-0.0784142378,-1.0104341061,-0.1029552698
2.692756,-0.476189,0.031595,0.452742,-0.0805426881,-0.954030173,-0.180643706
2.693805,-1.37685,-14.214779,2.196421,-0.0571297347,-1.0647095889,-0.1497811766
2.694822,-1.45851,-24.242311,3.46215,0.0035310991,-1.2647839178,-0.0018538802
2.695871,-0.44977,-22.149651,0.933094,0.0684488334,-1.4435737436,0.1503303168
2.69692,0.568577,-13.398306,-0.873031,0.0695130586,-1.466986697,0.1992846738
2.697971,1.447622,-2.477682,-2.746405,0.0014026488,-1.2275360375,0.1279815885
2.699018,1.012903,6.343098,-1.118011,-0.0741573372,-0.9050758159,-0.0178172575
2.700035,-0.646714,3.793117,1.754497,-0.0943776151,-0.8465434324,-0.1551023023
2.701084,-1.37685,-11.073394,1.238118,-0.0837353635,-1.0668380393,-0.1902217324
2.702132,-1.292788,-25.259909,2.878522,-0.0432948077,-1.3531146056,-0.0795423164
2.703182,-0.502609,-27.192149,2.186814,0.0333294034,-1.5627669609,0.1013759597
2.704199,0.789539,-18.43841,0.025228,0.0812195353,-1.5542531596,0.2088627002
2.705248,1.406792,-4.510484,-1.598363,0.0386505291,-1.2466920902,0.1684221444
2.706297,-0.723571,9.73589,3.274812,-0.0550012844,-0.7763045723,-0.1774510306
2.707347,-1.806766,-7.050888,0.258199,-0.0603224102,-0.9923422785,-0.2625890429
2.708363,-1.360038,-26.366098,0.414314,-0.0656435359,-1.2988391227,-0.1636161036
2.709411,0.023377,-30.326351,0.486366,-0.0283956555,-1.4989134516,0.0513573775
2.710463,0.472507,-20.373044,-0.50316,0.00991645,-1.5138126038,0.2226976272
2.711509,-0.091907,-5.810616,2.787255,0.0450358801,-1.348857705,0.2482390309
2.712526,-0.055881,7.161965,0.512786,0.0312009531,-1.0870583172,0.1184035621
2.713575,0.68146,10.751094,-0.123681,-0.0411663574,-0.8944335644,-0.0880561177
2.714624,-0.197585,-1.306846,-0.733729,-0.1156621181,-0.933809895,-0.2423687649
2.715673,-2.133405,-21.634866,0.202958,-0.1401392967,-1.224343362,-0.2168273613
2.716723,-1.251959,-33.024782,2.030699,-0.0709646617,-1.536161332,-0.0220741581
2.717739,1.212249,-27.898482,-0.277394,0.0290725027,-1.5723449872,0.1843855217
2.719839,-0.418547,8.701531,0.166932,0.0216229267,-0.9508374975,0.1088255358
2.720886,-1.103049,11.325737,2.840093,-0.0188176292,-0.815680903,-0.097634144
2.718788,1.281901,-9.040592,0.08287,0.0631277077,-1.2903253215,0.2407894548
2.721903,-0.812436,1.183277,0.058853,-0.0603224102,-0.9029473656,-0.2476898907
2.722952,-0.77641,-15.790261,-3.678289,-0.1188547936,-1.113663946,-0.2572679171
2.724001,-0.651518,-30.560997,-0.142895,-0.1167263433,-1.3456650295,-0.0997625944
2.72505,-0.31287,-30.800432,1.653623,-0.0156249537,-1.5191337296,0.1364953898
2.726067,-0.24562,-13.671262,3.020225,0.1046324887,-1.4999776768,0.283358461
2.727116,-0.250424,5.186628,0.212566,0.1216600911,-1.2477563154,0.221633402
2.728165,0.285169,11.352075,-0.265385,0.0184302512,-0.9731862257,0.0098525965
2.729216,0.472507,4.427619,0.039639,-0.1039556415,-0.8933693392,-0.200863984
2.730263,-0.646714,-11.607334,-1.720853,-0.1571668991,-1.0551315626,-0.2742955196
2.73128,-0.944533,-27.453133,0.20536,-0.1209832439,-1.3105455994,-0.1625518784
2.732329,0.037788,-32.232253,1.11803,-0.0071111525,-1.4680509222,0.0577427284
2.733378,-0.944533,1.221586,0.870648,0.1472014948,-1.2286002626,0.2184407266
2.734427,-0.384922,11.191654,0.159727,0.0567423567,-1.0338470595,0.0460362517
2.735444,0.357222,7.298443,-0.265385,-0.0709646617,-0.947644822,-0.1551023023
2.736493,-0.356101,-7.46511,-2.472605,-0.1582311243,-1.0242690331,-0.2519467913
2.737542,-0.889292,-24.867236,0.10929,-0.1529099985,-1.238178289,-0.1753225803
2.738593,-0.274441,-32.062254,1.764104,-0.0464874832,-1.439316843,0.0268801989
2.739608,-0.151951,-20.7729,2.724809,0.0939902371,-1.4755004983,0.2035415744
2.740657,-0.733178,-2.824863,1.706462,0.1535868457,-1.3446008044,0.2269545278
2.741706,-0.365708,7.310415,0.118897,0.0833479856,-1.1392053497,0.0960548339
2.742755,0.551765,8.304069,-0.740934,-0.0560655095,-0.9689293251,-0.1018910447
2.743804,0.265955,-2.765004,-2.350115,-0.1646164752,-0.9657366497,-0.2402403146
2.744821,-0.83165,-22.231058,0.289422,-0.1646164752,-1.1434622503,-0.2029924343
2.74587,-0.713964,-32.158028,2.792058,-0.0475517083,-1.3392796786,-0.0082392311
2.746919,-0.029462,-20.689098,2.446204,0.0907975617,-1.3935551614,0.1780001708
2.74797,-0.360905,-3.653307,1.70406,0.1503941703,-1.3222520761,0.2152480511
2.748985,-0.646714,3.204107,0.752962,0.0971829126,-1.1913523822,0.1066970855
2.750034,0.083421,4.509027,-1.283732,-0.0464874832,-1.0604526883,-0.0678358397
2.751082,0.378838,-1.519943,-2.309285,-0.1752587268,-1.0455535362,-0.20831356
2.752131,-0.65392,-17.480671,0.174137,-0.183772528,-1.1753890049,-0.2061851097
2.753148,-0.601081,-28.185803,2.237251,-0.0699004365,-1.3243805264,-0.0529366876
2.754197,0.482114,-20.423325,1.732881,0.0663203831,-1.3531146056,0.1194677873
2.755247,0.025779,-6.057233,1.367813,0.1195316408,-1.2913895467,0.1790643959
2.756295,-1.232744,-0.128826,2.53507,0.0897333365,-1.2339213884,0.1120182112
2.757347,-0.641911,0.520042,0.006014,-0.0092396028,-1.1658109785,-0.0242026084
2.758361,0.84478,-2.281346,-3.723923,-0.1316254955,-1.0902509926,-0.152973852
2.75941,-0.701955,-22.288523,1.25493,-0.0954418402,-1.2477563154,-0.104019495
2.760459,-0.228808,-19.482346,2.124368,0.0258798273,-1.3552430559,0.0364582253
2.761508,-0.4906,-9.766079,2.093145,0.0961186874,-1.3680137577,0.1226604628
2.762525,-0.901301,-4.776257,1.375018,0.0854764359,-1.321187851,0.1205320125
2.763574,-0.320075,-2.865567,-0.673685,0.0131091254,-1.2286002626,0.0375224505
2.764624,0.347615,-2.259797,-2.883306,-0.0816069132,-1.1338842239,-0.0795423164
2.765673,0.097832,-7.371731,-0.767353,-0.1114052175,-1.1211135221,-0.1487169514
2.766689,-0.060684,-15.550826,0.664097,-0.0635150856,-1.1796459055,-0.1146617465
2.767738,0.215518,-18.072075,1.583972,0.0077879997,-1.2168937859,-0.0156888072
2.768787,-0.54584,-14.985759,3.38049,0.0663203831,-1.2371140638,0.0800914566
2.769839,-1.480126,-10.963254,2.414981,0.0876048862,-1.3105455994,0.1162751118
2.770853,-0.783615,-5.393999,-0.750541,0.0354578537,-1.3467292547,0.0566785032
2.771902,0.594997,-1.558252,-3.16191,-0.0613866353,-1.2328571632,-0.0571935882
2.772951,0.455694,-4.285416,-0.781764,-0.1018271912,-1.0689664896,-0.1306251238
2.774,-0.574662,-9.857065,1.021959,-0.073093112,-1.0200121325,-0.1210470974
2.775049,-0.641911,-13.908303,1.795327,-0.0241387549,-1.0891867675,-0.0582578134
2.776066,-0.456975,-16.027301,3.471757,0.0301367279,-1.1945450577,0.0300728744
2.777115,-1.0358,-16.288285,1.687247,0.0695130586,-1.3339585528,0.0949906088
2.778164,-1.062219,-12.859578,-0.507963,0.0567423567,-1.4435737436,0.0832841321
2.779215,0.378838,-4.812172,-2.7392,-0.0113680531,-1.3594999565,0.0055956959
2.78023,0.96727,1.238347,-1.937012,-0.0667077611,-1.1189850718,-0.0891203428
2.781279,-0.310468,-1.337972,0.983531,-0.0762857875,-0.961479749,-0.1444600508
2.782327,-1.256762,-10.762129,1.701658,-0.0560655095,-1.0040487552,-0.1263682232
2.783376,-1.11746,-19.111222,3.510185,-0.0060469273,-1.1636825282,-0.0273952839
2.784393,-0.675536,-20.114454,2.234849,0.0482285555,-1.3414081289,0.0928621585
2.785442,0.201108,-8.544962,-1.415829,0.0141733506,-1.425481916,0.089669483
2.786491,0.943252,1.870455,-1.946619,-0.0401021322,-1.1988019583,-0.0188814827
2.78754,0.304383,5.110008,-0.157306,-0.0922491648,-0.989149603,-0.1412673753
2.788591,-1.105451,-5.070762,1.37742,-0.0975702905,-1.0051129803,-0.1934144079
2.789606,-1.653053,-19.558965,2.981797,-0.0539370592,-1.2094442098,-0.1167901968
2.790655,-0.990166,-25.49695,2.647952,0.0077879997,-1.4105827639,0.0502931523
2.791704,0.133858,-20.066567,0.813006,0.0578065819,-1.4967850013,0.1811928462
2.792753,0.760718,-10.048613,-1.053163,0.0397147543,-1.4073900884,0.1822570714
2.79377,1.04893,1.511302,-1.881771,-0.0411663574,-1.1423980252,0.0641280793
2.794818,0.390847,8.416604,1.005147,-0.086928039,-0.9135896171,-0.1018910447
2.795867,-0.966149,0.220749,1.024361,-0.0794784629,-0.9519017227,-0.2210842619
2.796916,-1.75873,-17.966723,0.937898,-0.0688362114,-1.2137011105,-0.1987355336
2.797933,-1.160692,-28.736504,2.352536,-0.0273314304,-1.4840142995,-0.0273952839
2.798982,0.573381,-24.508084,-0.111672,0.0280082776,-1.5829872388,0.1567156677
2.800031,1.269892,-12.325638,-0.531981,0.0258798273,-1.4371883927,0.2184407266
2.80108,0.895217,1.57595,-0.402286,-0.0166891789,-1.1189850718,0.1354311646
2.802129,0.407659,10.78222,0.834622,-0.0443590329,-0.8539930085,-0.0380375354
2.803146,-0.663527,4.667054,1.439866,-0.0571297347,-0.8561214588,-0.2040566594
2.804195,-1.794757,-15.00252,-0.085253,-0.0794784629,-1.1243061975,-0.2370476392
2.805244,-1.326413,-29.675088,1.593579,-0.0528728341,-1.4627297964,-0.0933772434
2.806293,0.311589,-28.808334,-0.195734,0.0141733506,-1.6404553971,0.1088255358
2.80731,1.032117,-16.771944,-0.784166,0.0450358801,-1.522326405,0.2163122763
2.808359,0.621416,0.194411,0.010818,0.0226871518,-1.1721963295,0.158844118
2.809408,-0.171166,11.476581,1.026763,-0.0166891789,-0.8646352601,-0.0178172575
2.810457,-0.942131,7.782101,2.623935,-0.0337167813,-0.8252589294,-0.200863984
2.811473,-1.926854,-9.557771,-1.012333,-0.0677719862,-1.058324238,-0.2721670692
2.812522,0.21792,-30.972825,-0.277394,-0.0401021322,-1.5840514639,0.0502931523
2.813571,0.484516,-22.554295,0.620865,0.0322651782,-1.5851156891,0.221633402
2.814621,-0.303262,-3.799363,2.388562,0.0801553101,-1.3680137577,0.2375967794
2.815669,0.165081,12.266716,-1.038753,0.0290725027,-1.0370397349,0.0768987812
2.816687,0.407659,10.796586,0.635276,-0.0624508605,-0.8380296312,-0.1433958257
2.817735,-1.05021,-5.729208,-0.05403,-0.1231116942,-0.9487090472,-0.2657817183
2.818784,-1.412877,-23.519218,-0.159708,-0.1252401445,-1.27968307,-0.20831356
2.819833,0.148269,-31.190711,0.618463,-0.0581939599,-1.5212621799,-0.0188814827
2.820851,0.376436,-25.801032,0.58724,0.0450358801,-1.5191337296,0.1748074953
2.821899,-0.77641,-8.963973,2.727211,0.1120820647,-1.3477934798,0.2312114284
2.822948,-0.87248,8.280126,0.740953,0.072705734,-1.1402695749,0.1056328603
2.823997,0.441284,12.771924,-0.0132,-0.0241387549,-0.9848927024,-0.1104048459
2.825014,0.184295,0.855251,-2.13876,-0.1273685948,-0.933809895,-0.2679101686
2.826063,-1.338422,-18.845449,-0.546391,-0.1656807004,-1.0913152178,-0.2519467913
2.827112,-0.77641,-31.552258,1.653623,-0.0858638138,-1.3797202344,-0.0720927404
2.82816,0.594997,-27.728483,0.820211,0.0439716549,-1.5319044314,0.145009191
2.82921,0.066609,-10.776495,2.364544,0.134430793,-1.4350599424,0.2546243818
2.830227,-0.829248,3.98227,0.284618,0.1174031905,-1.2232791368,0.1833212965
2.831276,0.126653,9.371949,0.130906,0.0120449003,-1.0647095889,-0.007175006
2.832325,0.81836,4.255226,-1.564738,-0.1156621181,-1.0061772055,-0.1923501827
2.833374,-0.255227,-11.899444,-2.052296,-0.1880294286,-1.1008932442,-0.2508825662
2.83439,-0.903703,-29.445231,1.838559,-0.1380108464,-1.3169309504,-0.125303998
2.835439,-0.113523,-30.754939,2.652756,0.0109806751,-1.459537121,0.0949906088
2.836488,-0.065488,-13.518024,2.691184,0.1354950181,-1.4084543136,0.2301472033
2.838554,0.508533,5.392542,-2.035484,-0.114597893,-1.0221405828,-0.1774510306
2.837537,-0.529028,7.18112,0.323047,0.0482285555,-1.1083428202,0.0151737222
2.839603,-0.161558,-8.674257,-2.232428,-0.197607455,-1.0710949399,-0.2604605926
2.840652,-1.237548,-26.294268,1.264537,-0.1550384488,-1.2583985669,-0.1572307527
2.841701,-0.480993,-29.368612,2.41258,-0.0188176292,-1.4286745915,0.0524216026
2.842721,0.215518,-14.806183,2.081136,0.1110178396,-1.4308030418,0.2014131241
2.843767,-0.183174,-0.236572,0.949907,0.1408161439,-1.3094813743,0.1982204487
2.844816,-0.399333,3.750018,0.75056,0.058870807,-1.1636825282,0.0630638542
2.845865,-0.015051,1.710033,-0.923468,-0.0933133899,-1.0764160656,-0.1072121704
2.846914,0.071412,-6.361316,-2.206009,-0.1773871771,-1.1264346479,-0.2157631361
2.847931,-0.440163,-20.389804,-0.150101,-0.142267747,-1.265848143,-0.1817079312
2.84898,-0.144746,-27.144262,1.864978,-0.0283956555,-1.3722706584,-0.021009933
2.850029,0.073814,-16.563635,2.338125,0.0897333365,-1.3892982608,0.1301100388
2.851078,-0.593876,-2.815285,1.250127,0.1184674157,-1.3297016522,0.158844118
2.852098,-0.781213,0.76666,1.110825,0.0535496813,-1.2211506865,0.0747703308
2.853144,-0.063086,-0.916567,-1.418231,-0.059258185,-1.0977005687,-0.0540009127
2.854193,0.244339,-5.432309,-2.892913,-0.1454604225,-1.0732233902,-0.1572307527
2.855242,-0.493002,-15.210828,0.066058,-0.1348181709,-1.210508435,-0.1614876533
2.856259,-0.401735,-21.855146,1.415848,-0.0401021322,-1.370142208,-0.0582578134
2.857308,0.126653,-16.688141,2.148386,0.0631277077,-1.4020689627,0.0673207548
2.858357,-0.526626,-8.272006,2.227644,0.1025040383,-1.342472354,0.1301100388
2.859406,-1.206325,-4.433865,1.833755,0.0684488334,-1.2903253215,0.0992475094
2.860455,-0.432958,-2.475288,-0.861022,-0.0241387549,-1.2445636399,-0.0039823305
2.861474,0.712683,-3.38514,-3.133089,-0.1124694427,-1.1732605546,-0.1157259717
2.862521,0.366829,-9.974388,-0.500758,-0.1220474691,-1.1253704227,-0.1508454017
2.86357,-0.142344,-16.587579,1.293359,-0.0635150856,-1.1562329522,-0.0891203428
2.864619,-0.896498,-13.345631,3.320446,0.072705734,-1.3286374271,0.089669483
2.865636,-1.292788,-9.349463,1.230913,0.0716415089,-1.4095185387,0.1003117345
2.866685,-0.36811,-5.149775,-2.160375,-0.0028542519,-1.3861055853,0.0268801989
2.867734,0.633425,-2.901482,-2.345311,-0.0816069132,-1.2509489908,-0.0689000649
2.868783,0.438882,-4.790623,0.255797,-0.0933133899,-1.1264346479,-0.1210470974
2.8698,-0.079899,-10.376638,0.315841,-0.0688362114,-1.0838656417,-0.1093406207
2.870849,-0.28645,-15.656177,2.563891,-0.0252029801,-1.1125997209,-0.0391017606
2.871898,-0.946935,-16.724057,3.608657,0.0333294034,-1.2179580111,0.0566785032
2.872947,-1.463314,-15.098294,0.678507,0.0599350322,-1.3807844596,0.10350441
2.873996,-0.639509,-10.177907,-1.02194,0.0269440524,-1.4520875449,0.0673207548
2.875013,0.679058,-1.986841,-2.422168,-0.0379736819,-1.3371512283,-0.0252668336
2.876062,0.551765,0.974968,-1.122814,-0.0816069132,-1.1434622503,-0.1167901968
2.877111,-0.656321,-4.970199,0.683311,-0.0826711384,-1.0402324104,-0.1444600508
2.878159,-1.146281,-13.735909,2.215635,-0.0507443838,-1.085994092,-0.090184568
2.879176,-0.870078,-18.977139,3.483766,-0.0017900267,-1.2286002626,0.0226232983
2.880226,-0.69475,-18.900519,1.461482,0.0365220788,-1.4010047375,0.1215962376
2.881274,-0.478591,-14.444637,-0.241368,0.0407789794,-1.4978492265,0.1375596149
2.882323,0.611809,-5.48259,-2.198804,-0.0007258016,-1.3797202344,0.0683849799
2.883343,1.092161,3.508189,-1.920199,-0.0635150856,-1.1115354957,-0.0497440121
2.884389,-0.260031,2.488197,0.921085,-0.0986345157,-0.9593512987,-0.152973852
2.885438,-1.492135,-9.478758,1.884192,-0.0933133899,-1.0657738141,-0.1721299048
2.886487,-1.62183,-22.015567,2.885727,-0.0528728341,-1.2988391227,-0.0710285152
2.887663,0.265955,-17.128701,-0.032414,0.058870807,-1.5585100602,0.1769359456
2.888553,0.265955,-17.128701,-0.032414,0.058870807,-1.5585100602,0.1769359456
2.889602,1.06334,-6.054839,-2.335704,0.0258798273,-1.3967478369,0.1354311646
2.890651,-0.293655,6.891404,1.843362,-0.0784142378,-0.9157180674,-0.1487169514
2.8917,-1.369645,-4.790623,0.822613,-0.0784142378,-1.044489311,-0.2264053876
2.892719,-1.655455,-21.620499,1.891397,-0.0613866353,-1.321187851,-0.1582949778
2.893766,-0.601081,-28.315098,1.483098,-0.017753404,-1.5457393584,0.0290086492
2.894815,1.116179,-21.668386,-0.887442,0.0184302512,-1.5680880866,0.186513972
2.895864,1.337141,-8.355808,-0.781764,0.0035310991,-1.348857705,0.2035415744
2.896881,0.470105,4.73649,-0.714515,-0.0443590329,-1.0359755098,0.0854125824
2.897929,-0.252825,9.865185,2.177207,-0.0539370592,-0.884855538,-0.0891203428
2.898978,-1.103049,0.201594,0.738551,-0.0539370592,-1.0104341061,-0.222148487
2.900028,-1.765936,-19.448825,0.08287,-0.0762857875,-1.3179951755,-0.2061851097
2.901045,-0.766803,-31.389442,2.095547,-0.0432948077,-1.59150104,-0.0242026084
2.902096,1.070546,-26.409197,-1.06277,0.0184302512,-1.6383269468,0.1716148198
2.903142,1.080153,-11.983246,-0.577614,0.0290725027,-1.4201607903,0.2205691769
2.904191,-0.003042,3.678188,0.104486,-0.0145607286,-1.0934436681,0.1066970855
2.90524,-0.348896,12.712065,2.376553,-0.0358452316,-0.8816628625,-0.0880561177
2.906257,-0.853266,5.133952,1.939433,-0.0379736819,-0.9114611668,-0.2562036919
2.907306,-1.74432,-16.496593,-1.483079,-0.0773500126,-1.1668752037,-0.2700386189
2.908355,-1.023791,-31.264936,0.79139,-0.0709646617,-1.459537121,-0.097634144
2.909404,0.652639,-28.204958,-0.589623,-0.0113680531,-1.5744734375,0.1290458137
2.910421,0.659844,-14.387172,0.880255,0.0439716549,-1.4840142995,0.2588812824
2.911473,-0.562653,1.382008,1.946638,0.0663203831,-1.2860684209,0.2163122763
2.912519,-0.20479,10.547574,-0.121279,-0.0007258016,-1.0753518405,0.0364582253
2.913568,0.787138,6.711828,-0.440714,-0.1050198666,-0.9646724245,-0.1721299048
2.914585,-0.781213,-9.813966,-1.262116,-0.1635522501,-1.1040859196,-0.2679101686
2.915634,-1.734713,-27.101163,1.771309,-0.1380108464,-1.4329314921,-0.1710656796
2.916683,1.056135,-20.952476,1.194886,0.0758984095,-1.5542531596,0.214183826
2.917731,-0.442565,-1.519943,1.149253,0.0982471377,-1.238178289,0.2077984751
2.91878,-1.292788,10.061521,1.394233,0.0248156021,-0.9912780533,0.0439078014
2.919797,-0.04147,9.18519,0.563223,-0.0784142378,-0.9295529944,-0.1657445539
2.920849,0.148269,-4.50809,-3.615843,-0.1656807004,-0.9912780533,-0.2902588969
