Time (s), Acceleration X (m/s^2), Acceleration Y (m/s^2), Acceleration Z (m/s^2), Gyro X (rad/s), Gyro Y (rad/s), Gyro Z (rad/s)
0.000165,-0.209594,-9.763685,0.222173,-0.0103038279,0.0133504917,0.006659921
0.001177,-0.211995,-9.778051,0.229378,-0.0103038279,0.0144147169,0.006659921
0.002226,-0.211995,-9.797206,0.229378,-0.0092396028,0.0144147169,0.0055956959
0.003275,-0.214397,-9.792417,0.219771,-0.0092396028,0.0133504917,0.0055956959
0.004293,-0.219201,-9.778051,0.217369,-0.0092396028,0.0144147169,0.0055956959
0.005342,-0.216799,-9.778051,0.229378,-0.0092396028,0.0144147169,0.0045314707
0.006392,-0.214397,-9.78284,0.234181,-0.0081753776,0.0144147169,0.0045314707
0.007441,-0.216799,-9.790023,0.229378,-0.0092396028,0.0133504917,0.006659921
0.008459,-0.211995,-9.792417,0.224574,-0.0092396028,0.0122862666,0.0055956959
0.009509,-0.207192,-9.78284,0.23178,-0.0092396028,0.0133504917,0.0055956959
0.010558,-0.202388,-9.778051,0.238985,-0.0081753776,0.0144147169,0.0045314707
0.011607,-0.197585,-9.778051,0.23178,-0.0081753776,0.0144147169,0.0055956959
0.012657,-0.202388,-9.778051,0.229378,-0.0103038279,0.0144147169,0.0055956959
0.013674,-0.199987,-9.785234,0.23178,-0.0103038279,0.0144147169,0.0055956959
0.014724,-0.195183,-9.794812,0.226976,-0.0092396028,0.0144147169,0.0055956959
0.015774,-0.197585,-9.794812,0.219771,-0.0092396028,0.0144147169,0.006659921
0.016825,-0.20479,-9.785234,0.229378,-0.0092396028,0.0144147169,0.006659921
0.01784,-0.219201,-9.785234,0.238985,-0.0092396028,0.0133504917,0.006659921
0.01889,-0.224004,-9.792417,0.234181,-0.0092396028,0.0122862666,0.006659921
0.019939,-0.211995,-9.794812,0.229378,-0.0103038279,0.0144147169,0.006659921
0.020988,-0.20479,-9.794812,0.219771,-0.0092396028,0.0144147169,0.0055956959
0.022006,-0.202388,-9.787629,0.212566,-0.0081753776,0.0133504917,0.006659921
0.023055,-0.209594,-9.770868,0.219771,-0.0092396028,0.0133504917,0.0077241462
0.025154,-0.211995,-9.794812,0.229378,-0.0092396028,0.0144147169,0.0055956959
0.026206,-0.209594,-9.7996,0.241387,-0.0092396028,0.0144147169,0.006659921
0.027221,-0.209594,-9.804389,0.24619,-0.0081753776,0.0133504917,0.006659921
0.024105,-0.224004,-9.775657,0.226976,-0.0103038279,0.0133504917,0.006659921
0.028271,-0.211995,-9.794812,0.236583,-0.0081753776,0.0133504917,0.0055956959
0.029323,-0.211995,-9.778051,0.222173,-0.0103038279,0.0122862666,0.0055956959
0.030369,-0.211995,-9.775657,0.219771,-0.0103038279,0.0122862666,0.006659921
0.031387,-0.211995,-9.785234,0.224574,-0.0092396028,0.0144147169,0.0055956959
0.032436,-0.202388,-9.794812,0.236583,-0.0081753776,0.015478942,0.0045314707
0.033486,-0.199987,-9.792417,0.236583,-0.0092396028,0.0144147169,0.0055956959
0.034535,-0.207192,-9.78284,0.219771,-0.0092396028,0.0122862666,0.006659921
0.035553,-0.214397,-9.770868,0.219771,-0.0092396028,0.0122862666,0.0055956959
0.036602,-0.207192,-9.775657,0.234181,-0.0092396028,0.0144147169,0.0055956959
0.037652,-0.199987,-9.790023,0.236583,-0.0092396028,0.015478942,0.006659921
0.038704,-0.202388,-9.794812,0.224574,-0.0103038279,0.015478942,0.0077241462
0.03975,-0.211995,-9.790023,0.219771,-0.0103038279,0.015478942,0.006659921
0.040768,-0.219201,-9.790023,0.219771,-0.0092396028,0.0144147169,0.006659921
0.041817,-0.20479,-9.792417,0.219771,-0.0092396028,0.015478942,0.006659921
0.042867,-0.199987,-9.797206,0.224574,-0.0092396028,0.015478942,0.0055956959
0.043917,-0.214397,-9.804389,0.224574,-0.0081753776,0.0144147169,0.006659921
0.044934,-0.219201,-9.801995,0.224574,-0.0081753776,0.0133504917,0.0055956959
0.045983,-0.211995,-9.794812,0.222173,-0.0092396028,0.0133504917,0.0055956959
0.047033,-0.202388,-9.794812,0.224574,-0.0103038279,0.0133504917,0.006659921
0.048084,-0.192781,-9.794812,0.226976,-0.0103038279,0.0133504917,0.006659921
0.0491,-0.195183,-9.787629,0.229378,-0.0092396028,0.0144147169,0.006659921
0.050149,-0.202388,-9.794812,0.229378,-0.0092396028,0.0133504917,0.0055956959
0.051201,-0.202388,-9.780446,0.219771,-0.0103038279,0.0112220414,0.0045314707
0.052248,-0.202388,-9.778051,0.222173,-0.0103038279,0.0122862666,0.0055956959
0.053265,-0.202388,-9.78284,0.222173,-0.0092396028,0.0144147169,0.0055956959
0.054315,-0.211995,-9.790023,0.222173,-0.0092396028,0.0165431672,0.0055956959
0.055365,-0.211995,-9.797206,0.219771,-0.0103038279,0.015478942,0.0055956959
0.056414,-0.209594,-9.794812,0.214967,-0.0092396028,0.0144147169,0.0055956959
0.057463,-0.214397,-9.787629,0.217369,-0.0092396028,0.0133504917,0.0055956959
0.058481,-0.216799,-9.787629,0.229378,-0.0092396028,0.0144147169,0.0055956959
0.059531,-0.214397,-9.794812,0.238985,-0.0092396028,0.015478942,0.006659921
0.060582,-0.219201,-9.792417,0.229378,-0.0092396028,0.015478942,0.0077241462
0.061629,-0.207192,-9.78284,0.217369,-0.0103038279,0.015478942,0.006659921
0.062647,-0.185576,-9.78284,0.224574,-0.0092396028,0.0144147169,0.006659921
0.063699,-0.185576,-9.787629,0.236583,-0.0103038279,0.0133504917,0.0077241462
0.064746,-0.202388,-9.787629,0.234181,-0.0103038279,0.0144147169,0.0077241462
0.065795,-0.211995,-9.785234,0.229378,-0.0103038279,0.0144147169,0.0087883713
0.066813,-0.209594,-9.785234,0.229378,-0.0081753776,0.0133504917,0.0077241462
0.067862,-0.207192,-9.778051,0.23178,-0.0092396028,0.0144147169,0.0077241462
0.068912,-0.211995,-9.770868,0.229378,-0.0092396028,0.0144147169,0.006659921
0.069961,-0.219201,-9.775657,0.226976,-0.0081753776,0.0133504917,0.006659921
0.07101,-0.224004,-9.778051,0.224574,-0.0092396028,0.0133504917,0.0077241462
0.072028,-0.233611,-9.780446,0.222173,-0.0092396028,0.015478942,0.0077241462
0.07308,-0.236013,-9.785234,0.222173,-0.0092396028,0.0144147169,0.006659921
0.074127,-0.219201,-9.785234,0.219771,-0.0092396028,0.0133504917,0.0055956959
0.075176,-0.202388,-9.794812,0.219771,-0.0092396028,0.0144147169,0.006659921
0.076196,-0.202388,-9.792417,0.229378,-0.0092396028,0.0144147169,0.0077241462
0.077243,-0.214397,-9.787629,0.238985,-0.0092396028,0.0133504917,0.0077241462
0.078292,-0.202388,-9.7996,0.234181,-0.0103038279,0.0144147169,0.0077241462
0.079342,-0.199987,-9.797206,0.229378,-0.0103038279,0.0144147169,0.0077241462
0.080359,-0.20479,-9.794812,0.226976,-0.0081753776,0.0144147169,0.0077241462
0.081409,-0.211995,-9.797206,0.23178,-0.0081753776,0.0133504917,0.006659921
0.082459,-0.20479,-9.78284,0.243788,-0.0092396028,0.0122862666,0.006659921
0.083508,-0.142344,-9.715798,0.243788,-0.0092396028,0.0133504917,0.006659921
0.084557,0.0546,-9.505095,0.243788,-0.0103038279,0.015478942,0.0087883713
0.085577,0.184295,-9.442842,0.23178,-0.0113680531,0.0218642929,0.0141094971
0.086624,0.114644,-9.701432,0.212566,-0.0134965034,0.0325065445,0.0215590732
0.087674,0.25875,-9.335097,0.032433,-0.0156249537,0.0505983721,0.0236875235
0.088723,0.369231,-8.983127,-0.253376,-0.0145607286,0.0782682261,0.0215590732
0.089741,-0.00064,-9.818755,-0.219752,-0.0081753776,0.1070023052,0.0247517486
0.090791,-0.0823,-9.670306,-0.260582,0.0014026488,0.1314794838,0.0300728744
0.091839,0.121849,-8.161866,-0.450321,0.0088522248,0.1506355365,0.0300728744
0.092889,-0.519421,-9.110028,-0.522374,0.0163018009,0.1623420132,0.0300728744
0.093907,-1.532965,-12.562679,-0.635257,0.0290725027,0.1857549666,0.0290086492
0.094957,-1.614625,-13.65929,-0.419098,0.0439716549,0.2123605954,0.0141094971
0.096006,-0.956542,-11.207477,-0.164511,0.0524854561,0.2038467942,-0.0082392311
0.097055,-0.541037,-9.076507,0.085272,0.0492927807,0.1602135629,-0.0156888072
0.098105,-0.372914,-9.256083,0.676106,0.037586304,0.1101949807,0.0013387952
0.099122,0.155474,-9.361435,1.175672,0.0258798273,0.0654975242,0.0268801989
0.100172,0.55897,-7.946375,1.221306,0.0152375758,0.029313869,0.0396509008
0.101221,0.431677,-7.580039,0.618463,0.0003384236,0.0112220414,0.0353940002
0.10227,-0.240817,-11.932965,-0.236564,-0.0358452316,0.0314423193,0.0279444241
0.103288,-0.461779,-11.013535,-0.743336,-0.0369094568,0.0101578162,0.0173021725
0.104337,-0.252825,-9.703826,-0.764952,-0.0305241059,-0.0026128856,0.0045314707
0.105387,0.006565,-10.235372,-0.21735,-0.017753404,0.0356992199,0.0045314707
0.106436,0.29958,-10.479595,0.294225,0.0035310991,0.1091307555,0.0194306229
0.107456,0.364427,-9.256083,0.947505,0.0290725027,0.1740484899,0.0332655499
0.108503,0.100234,-8.837072,1.146851,0.0492927807,0.2155532709,0.0353940002
0.109553,-0.127934,-9.703826,1.293359,0.0535496813,0.2410946746,0.0290086492
0.110602,-0.514618,-9.94805,1.615195,0.0418432046,0.2315166482,0.0236875235
0.111651,-0.783615,-9.442842,1.319778,0.0216229267,0.1825622911,0.020494848
0.112669,-0.536233,-9.119605,0.863443,0.0003384236,0.1442501856,0.0215590732
0.113718,-0.303262,-9.291998,0.308636,-0.0220103046,0.1527639868,0.0258159738
0.114768,-0.384922,-9.682277,-0.010798,-0.0422305825,0.1889476421,0.0268801989
0.115817,-0.574662,-9.813966,0.022826,-0.0475517083,0.2049110194,0.0194306229
0.116835,-0.44977,-9.485941,-0.025209,-0.0432948077,0.1836265163,0.0098525965
0.117885,-0.159157,-9.301576,0.054049,-0.0283956555,0.1570208875,0.0034672456
0.118934,-0.139943,-9.938473,0.075665,-0.0134965034,0.1474428611,0.0013387952
0.119983,-0.135139,-10.127626,0.186146,-0.0060469273,0.1506355365,0.0055956959
0.121001,-0.329682,-9.991148,0.284618,-0.003918477,0.1516997617,0.0098525965
0.12205,-0.826847,-10.891423,0.387894,-0.0103038279,0.1336079341,0.0077241462
0.123099,-0.898899,-10.836353,0.419117,-0.0252029801,0.1016811795,-0.0007896551
0.124149,-0.646714,-9.129183,0.308636,-0.0337167813,0.0857178022,-0.0146245821
0.125166,-0.634706,-9.050169,0.512786,-0.0241387549,0.0931673782,-0.0220741581
0.126215,-0.502609,-10.273681,0.673704,-0.0134965034,0.1101949807,-0.0156888072
0.127265,-0.118327,-9.801995,0.481563,-0.0081753776,0.1304152586,-0.007175006
0.128315,-0.211995,-9.665517,-0.056432,-0.0113680531,0.1793696157,-0.0093034563
0.129364,-0.336887,-9.933684,-0.104467,-0.017753404,0.2123605954,-0.0103676814
0.130381,-0.454573,-9.699038,-0.23176,-0.0241387549,0.2325808734,-0.0114319066
0.131431,-0.478591,-9.500307,-0.186127,-0.0326525562,0.2283239727,-0.0156888072
0.13248,-0.360905,-9.605658,-0.181323,-0.0337167813,0.2070394697,-0.0188814827
0.13353,-0.420949,-10.44368,0.015621,-0.0209460795,0.1846907414,-0.0167530324
0.134547,-0.320075,-10.345512,0.075665,-0.0060469273,0.1708558144,-0.0082392311
0.135597,-0.031863,-9.131577,-0.241368,0.0056595494,0.1697915893,-0.0061107808
0.136646,-0.0823,-9.636785,-0.164511,0.0141733506,0.1772411654,-0.0082392311
0.137698,0.035386,-10.38861,0.152521,0.0152375758,0.1878834169,-0.0061107808
0.138713,0.167483,-9.481152,0.275011,0.0120449003,0.1942687678,-0.0061107808
0.139762,-0.199987,-9.311153,0.493572,0.0056595494,0.1761769402,-0.0124961318
0.140812,-0.192781,-9.593686,0.647284,-0.0071111525,0.1485070862,-0.0178172575
0.141861,0.121849,-9.110028,0.553616,-0.0124322782,0.1378648347,-0.0178172575
0.14291,-0.087104,-9.495518,0.726543,-0.0145607286,0.1272225831,-0.0135603569
0.143928,-0.31287,-10.084528,0.880255,-0.0252029801,0.1016811795,-0.0061107808
0.144977,-0.332084,-9.636785,0.541607,-0.0337167813,0.0782682261,-0.0039823305
0.146027,-0.358503,-9.660728,0.243788,-0.0401021322,0.0623048488,-0.0135603569
0.147078,-0.012649,-10.304808,0.214967,-0.0464874832,0.0591121733,-0.0231383833
0.148094,0.333205,-10.161147,0.332654,-0.0379736819,0.0718828752,-0.0231383833
0.149143,0.160278,-9.289604,0.306234,-0.0252029801,0.0729471003,-0.0167530324
0.150192,0.078618,-9.016648,0.135709,-0.0230745298,0.0537910475,-0.0103676814
0.151242,0.179492,-9.766079,0.226976,-0.0166891789,0.0495341469,-0.0029181054
0.152259,-0.046274,-10.276076,0.224574,-0.0049827022,0.0761397758,0.0024030204
0.153309,-0.32728,-10.024669,0.238985,-0.0060469273,0.1027454046,-0.0029181054
0.154358,-0.300861,-9.416505,0.323047,-0.0156249537,0.1155161065,-0.0124961318
0.155407,-0.382521,-9.801995,0.186146,-0.0262672052,0.1516997617,-0.0114319066
0.156457,-0.425752,-10.707059,0.229378,-0.0294598807,0.1772411654,0.0013387952
0.157474,-0.334485,-9.90974,-0.09486,-0.0283956555,0.2070394697,0.0034672456
0.158524,-0.435359,-9.236928,-0.046825,-0.0305241059,0.2187459464,-0.0050465557
0.159575,-0.377717,-9.761291,0.02763,-0.0294598807,0.2166174961,-0.0050465557
0.160622,-0.125532,-9.746925,0.070862,-0.017753404,0.223002847,0.0013387952
0.16164,-0.048676,-9.442842,0.174137,-0.0134965034,0.2293881979,0.0034672456
0.162689,0.239536,-9.505095,0.255797,-0.0198818543,0.2379019991,0.0034672456
0.163739,0.347615,-9.646362,0.243788,-0.017753404,0.2538653764,0.0045314707
0.164788,-0.19038,-10.225794,0.234181,-0.0166891789,0.2442873501,0.0087883713
0.165806,-0.40894,-10.48199,0.438331,-0.0220103046,0.2070394697,0.0087883713
0.166855,-0.20479,-9.730164,0.222173,-0.0166891789,0.1804338408,0.0013387952
0.167904,-0.269638,-9.610447,0.025228,-0.0060469273,0.1751127151,-0.0050465557
0.168956,-0.332084,-10.01988,0.445536,0.0003384236,0.1719200396,-0.0018538802
0.170003,-0.079899,-9.541011,0.238985,0.0003384236,0.1655346887,0.0024030204
0.171021,0.035386,-9.461997,0.118897,-0.003918477,0.1697915893,0.0045314707
0.172072,-0.096711,-9.6727,0.433528,-0.0049827022,0.1804338408,0.0045314707
0.173119,-0.099113,-9.169887,-0.020405,-0.0134965034,0.1825622911,0.0013387952
0.174168,-0.255227,-10.055796,-0.159708,-0.017753404,0.1761769402,0.0013387952
0.175186,-0.219201,-10.951282,-0.250975,-0.0145607286,0.1889476421,0.0034672456
0.176235,0.277964,-9.394955,-0.822594,-0.0113680531,0.2315166482,0.0024030204
0.177285,-0.036667,-9.143549,-0.601632,-0.0060469273,0.2687645286,0.0024030204
0.178335,-0.644313,-10.855508,-0.347045,0.0014026488,0.2772783298,0.0119810468
0.179352,-0.219201,-10.221006,-0.560802,0.0120449003,0.2879205814,0.0183663977
0.180401,-0.0823,-8.700594,-0.450321,0.0248156021,0.2964343826,0.0162379474
0.181452,-0.53143,-10.625651,0.070862,0.0312009531,0.2655718531,0.0173021725
0.182499,0.081019,-8.851438,-0.044423,0.0258798273,0.2804710053,0.0119810468
0.183517,-0.267236,-9.390167,0.383091,0.0205587015,0.2794067801,0.0087883713
0.184566,-0.384922,-10.391004,0.784185,0.0120449003,0.2666360783,0.0130452719
0.185615,0.018574,-9.327914,0.522393,0.0077879997,0.2623791777,0.0141094971
0.186665,-0.187978,-9.969599,0.704927,0.0088522248,0.2496084758,0.0098525965
0.187714,-0.293655,-11.41818,0.800997,0.0035310991,0.2261955224,0.0087883713
0.188732,0.179492,-9.687066,0.517589,-0.003918477,0.2198101715,0.0109168216
0.189781,0.143465,-8.221725,0.623267,-0.0049827022,0.2144890457,0.006659921
0.190833,-0.240817,-10.374244,0.73615,0.0035310991,0.1942687678,0.0119810468
0.19188,0.059404,-10.491567,0.407108,0.0141733506,0.1942687678,0.0236875235
0.192897,0.25875,-8.20257,-0.193332,0.0163018009,0.2102321451,0.0215590732
0.193949,-0.27204,-9.818755,-0.039619,0.0120449003,0.1963972181,0.0119810468
0.194996,-0.23121,-11.320012,0.469554,0.0141733506,0.1804338408,0.0173021725
0.196045,0.081019,-9.488335,0.020425,0.023751377,0.1942687678,0.0194306229
0.197063,-0.428154,-9.993543,0.118897,0.0216229267,0.2038467942,0.0119810468
0.198112,-0.442565,-10.42692,0.589642,0.0077879997,0.2112963703,0.0130452719
0.199162,-0.077497,-8.676651,0.169334,0.0024668739,0.2453515752,0.0162379474
0.200211,-0.560251,-9.842699,0.339859,0.0003384236,0.2772783298,0.0130452719
0.20126,-0.61309,-10.697481,0.349466,-0.0081753776,0.2974986077,0.0151737222
0.202278,-0.471386,-8.966367,-0.294206,-0.0028542519,0.3177188857,0.0098525965
0.203329,-1.069425,-9.315942,-0.188529,0.0024668739,0.3177188857,0.0002745701
0.204376,-1.016586,-10.024669,0.080469,0.0003384236,0.2943059323,-0.0007896551
0.205425,-0.745187,-9.600869,0.202958,0.0088522248,0.2698287537,0.0045314707
0.206443,-0.886891,-9.881008,0.45034,0.0152375758,0.2559938267,0.0077241462
0.207492,-0.156755,-10.122837,0.702525,0.0003384236,0.2751498795,-0.0007896551
0.208542,-0.175969,-10.620862,0.911478,-0.0007258016,0.2879205814,-0.0039823305
0.209591,0.167483,-9.327914,0.512786,-0.0049827022,0.3038839587,-0.0082392311
0.210608,0.237134,-8.722144,0.57283,-0.0092396028,0.313461985,-0.0103676814
0.211657,0.037788,-9.665517,0.880255,-0.0049827022,0.3049481838,-0.0050465557
0.212708,0.059404,-9.754108,0.495973,0.0003384236,0.2900490317,0.0024030204
0.213756,-0.099113,-9.684672,0.395099,-0.0007258016,0.2687645286,0.0024030204
0.214805,-0.356101,-9.93129,0.640079,-0.0049827022,0.2442873501,-0.0018538802
0.215825,-0.392128,-9.57932,0.495973,-0.0134965034,0.2261955224,-0.0103676814
0.216872,-0.485796,-9.713404,0.661695,-0.0241387549,0.2144890457,-0.0156888072
0.217921,-0.476189,-10.211428,0.77698,-0.031588331,0.2070394697,-0.0167530324
0.218971,-0.070292,-9.699038,0.212566,-0.0347810065,0.2144890457,-0.0178172575
0.219988,-0.005444,-9.493124,0.099683,-0.0262672052,0.2336450985,-0.0156888072
0.221037,-0.341691,-10.16833,0.046844,-0.0124322782,0.2410946746,-0.0114319066
0.222087,-0.404136,-10.024669,-0.438312,-0.0028542519,0.2379019991,-0.0156888072
0.223136,-0.555447,-9.529039,-0.474338,0.0045953242,0.2410946746,-0.0242026084
0.224154,-0.802829,-9.490729,-0.25818,0.0109806751,0.250672701,-0.0273952839
0.225205,-0.677937,-9.28721,-0.21735,0.0088522248,0.2570580519,-0.0263310588
0.226252,-0.303262,-9.06693,-0.308617,0.0014026488,0.2623791777,-0.0220741581
0.228351,-0.329682,-10.362272,-0.142895,-0.0007258016,0.2900490317,-0.0082392311
0.227302,-0.084702,-9.315942,-0.21735,-0.003918477,0.2762141047,-0.0135603569
0.229368,-0.432958,-11.066211,-0.070842,0.0056595494,0.2974986077,-0.0093034563
0.230418,-0.308066,-10.2234,0.058853,0.00991645,0.3038839587,-0.0156888072
0.231467,-0.519421,-9.306365,0.303832,0.00991645,0.3006912832,-0.0220741581
0.232517,0.008967,-8.511441,0.721739,-0.0124322782,0.2825994556,-0.0146245821
0.233534,0.256348,-9.2489,1.206895,-0.0113680531,0.2751498795,-0.0061107808
0.234583,0.085823,-10.845931,1.348599,-0.0028542519,0.250672701,0.0013387952
0.235633,0.066609,-11.446912,0.596847,-0.0017900267,0.236837774,-0.0007896551
0.236682,-0.079899,-10.589735,0.666499,-0.0060469273,0.2517369261,-0.0188814827
0.237702,-0.459377,-9.126788,0.726543,-0.0188176292,0.2602507274,-0.03484486
0.238749,-0.562653,-8.544962,0.894666,-0.0347810065,0.2474800255,-0.0327164097
0.239798,-0.348896,-8.621581,1.202092,-0.0337167813,0.2293881979,-0.0167530324
0.240847,-0.084702,-8.832284,0.419117,-0.0230745298,0.2017183439,-0.0050465557
0.241896,0.081019,-10.436497,-0.219752,-0.0092396028,0.1857549666,-0.007175006
0.242914,0.345213,-11.284097,-0.873031,0.0035310991,0.2198101715,-0.0146245821
0.243963,0.328401,-9.581715,-1.47107,0.0067237745,0.278342555,-0.0263310588
0.245013,-0.416145,-8.839467,-0.702506,0.0024668739,0.285792131,-0.0316521845
0.246062,-0.697151,-9.461997,-0.555998,-0.0007258016,0.2538653764,-0.0146245821
0.247082,-0.166362,-9.512279,-0.933075,-0.003918477,0.2357735488,0.0098525965
0.248129,0.27316,-10.01988,-0.64006,-0.0081753776,0.2336450985,0.0258159738
0.249178,0.474908,-11.130858,-0.909057,-0.003918477,0.2538653764,0.0290086492
0.250227,0.126653,-11.185928,-0.740934,0.0141733506,0.2889848065,0.0173021725
0.251245,-0.262432,-9.35904,-0.416696,0.023751377,0.3049481838,-0.0039823305
0.252294,0.047395,-7.55849,-0.09486,0.0141733506,0.3092050844,-0.0135603569
0.253343,0.073814,-8.154683,1.259734,0.0131091254,0.3038839587,0.0013387952
0.254393,-0.577063,-10.525088,2.213233,0.0343936285,0.2549296016,0.0300728744
0.25541,-0.603483,-11.916205,2.554284,0.0535496813,0.1783053905,0.0471004769
0.25646,0.374034,-10.70227,1.807336,0.0397147543,0.1516997617,0.0322013247
0.257509,0.760718,-9.198619,0.921085,0.0003384236,0.1995898936,0.0024030204
0.258558,-0.54584,-8.750876,1.888996,-0.0528728341,0.3017555083,0.0087883713
0.259608,-0.50501,-9.244111,0.937898,-0.0411663574,0.3102693096,0.0194306229
0.260625,-0.632304,-11.150013,-0.116476,-0.0188176292,0.3209115611,0.0109168216
0.261674,-0.598679,-11.25297,-1.091591,0.0088522248,0.3368749384,-0.0114319066
0.262724,-0.50501,-9.220168,-0.928271,0.0343936285,0.327296912,-0.0284595091
0.263773,-0.598679,-8.600032,-0.707309,0.0407789794,0.2772783298,-0.0178172575
0.26479,-0.252825,-9.081296,-1.497489,0.0173660261,0.2528011513,0.0194306229
0.26584,0.105037,-9.806783,-1.372597,-0.0113680531,0.2751498795,0.0513573775
0.266889,-0.118327,-11.753389,-0.51757,-0.0145607286,0.2836636807,0.0588069535
0.267938,-0.029462,-11.370293,-1.02194,0.0003384236,0.2836636807,0.0396509008
0.268959,0.347615,-8.121162,-1.031547,0.0024668739,0.3070766341,0.006659921
0.270005,0.172286,-7.790742,1.019558,0.0056595494,0.3145262102,-0.0029181054
0.271054,-0.168764,-10.247344,1.82655,0.023751377,0.3006912832,0.0247517486
0.272104,-0.202388,-11.485222,1.221306,0.0343936285,0.3241042366,0.0556142781
0.273153,-0.091907,-9.895374,0.921085,0.0216229267,0.3900861961,0.0524216026
0.27417,-0.54584,-8.566511,0.640079,-0.0017900267,0.4209487256,0.0215590732
0.27522,-1.436894,-10.345512,1.454277,-0.0124322782,0.375187044,0.0024030204
0.276269,-1.208727,-10.632834,1.7593,-0.0060469273,0.3315538127,0.0098525965
0.277318,-0.389726,-7.826657,0.976326,0.0035310991,0.3453887396,0.0173021725
0.278336,-0.512216,-7.546518,0.279815,0.0088522248,0.3645447924,0.0141094971
0.279385,-0.651518,-11.796487,-0.443116,0.0194944764,0.3656090176,0.0119810468
0.280434,-0.166362,-13.374363,-0.851415,0.0280082776,0.3837008452,0.0119810468
0.281484,-0.103916,-9.387772,-0.635257,0.0152375758,0.3805081697,0.0109168216
0.282501,-0.57226,-7.65187,0.846631,0.0056595494,0.2985628329,0.0130452719
0.28355,-0.440163,-9.330308,0.820211,0.0056595494,0.2081036948,0.0311370995
0.2846,0.715085,-9.440448,0.471956,-0.0156249537,0.195332993,0.0449720265
0.285649,0.364427,-10.819593,0.601651,-0.0369094568,0.1974614433,0.0300728744
0.2867,0.304383,-11.042267,0.647284,-0.0560655095,0.2208743967,0.0151737222
0.287715,0.551765,-8.966367,0.885059,-0.0411663574,0.3017555083,0.006659921
0.288765,0.148269,-7.699757,0.063656,-0.0188176292,0.4081780237,0.0087883713
0.289814,-0.771606,-9.466786,-0.59923,-0.0145607286,0.4826737845,0.0151737222
0.290863,-1.21353,-11.082971,-0.493553,-0.0049827022,0.5241785655,0.0141094971
0.291881,-1.179906,-10.26171,-0.356652,0.0173660261,0.5252427906,-0.0029181054
0.29293,-0.949336,-9.308759,-0.628051,0.0397147543,0.4848022348,-0.0082392311
0.293979,-0.514618,-9.246506,-0.98111,0.0620634825,0.4581966059,0.0151737222
0.295028,-0.54584,-10.0965,-0.834603,0.0748341844,0.4560681556,0.0428435762
0.296046,-1.136674,-11.193111,0.630472,0.0631277077,0.4081780237,0.0513573775
0.297095,-0.949336,-9.306365,1.250127,0.0216229267,0.3166546605,0.0396509008
0.298145,0.167483,-7.323844,0.234181,-0.017753404,0.2730214292,0.0215590732
0.299194,0.285169,-9.775657,1.816943,-0.0145607286,0.2762141047,0.020494848
0.30037,-0.24562,-11.154802,3.161929,-0.0007258016,0.2336450985,0.0375224505
0.301261,0.527747,-9.552982,1.084405,-0.017753404,0.1985256684,0.034329775
0.30231,1.447622,-9.157915,0.349466,-0.0283956555,0.278342555,0.0087883713
0.303359,1.024912,-9.459603,0.114093,-0.0209460795,0.4124349243,-0.0050465557
0.304409,0.153072,-9.41411,-0.457526,-0.0145607286,0.4869306851,-0.0039823305
0.305426,-0.28645,-9.179464,-0.865826,-0.003918477,0.5199216648,0.0045314707
0.306475,-0.61309,-9.543405,-2.040287,0.0003384236,0.5710044722,0.0109168216
0.307524,-1.350431,-11.051845,-0.416696,0.0173660261,0.5752613728,0.0215590732
0.308576,-1.888425,-12.234653,0.89947,0.0673846083,0.4677746323,0.0353940002
0.309591,-1.160692,-10.479595,-0.822594,0.0833479856,0.3656090176,0.0353940002
0.31064,-0.339289,-6.572018,-1.168448,0.0312009531,0.3773154943,0.0141094971
0.31169,-1.609821,-11.537897,3.397302,0.0205587015,0.3453887396,0.0183663977
0.312739,-0.54584,-11.367899,2.066726,0.0269440524,0.2698287537,0.0332655499
0.313756,0.710281,-6.751595,0.584839,-0.0028542519,0.2772783298,0.0173021725
0.314806,0.474908,-6.6223,0.118897,-0.031588331,0.3113335347,-0.0135603569
0.315855,0.34041,-11.12607,-0.390277,-0.0518086089,0.327296912,-0.0188814827
0.316904,1.08976,-13.21873,-0.827397,-0.0464874832,0.3975357722,-0.0029181054
0.317956,1.053733,-10.857902,-1.6488,-0.0273314304,0.5135363139,0.0119810468
0.318971,-0.099113,-9.375801,-1.245304,-0.0113680531,0.5646191213,0.0247517486
0.32002,-1.086237,-10.836353,-0.116476,0.0269440524,0.5422703931,0.0385866756
0.32107,-1.146281,-9.730164,-0.351849,0.0492927807,0.5316281415,0.0428435762
0.322119,-0.968551,-6.84258,0.539205,0.0322651782,0.5390777176,0.0311370995
0.323137,-1.518554,-8.583271,3.454944,0.058870807,0.4837380096,0.0268801989
0.324186,-1.549777,-10.707059,3.294026,0.0844122107,0.375187044,0.0300728744
0.325235,-0.012649,-8.868199,0.752962,0.0439716549,0.3283611372,0.0194306229
0.326285,1.106572,-7.946375,0.284618,-0.0007258016,0.3868935206,0.0002745701
0.327302,0.727094,-9.550588,-0.31342,-0.0262672052,0.4709673078,-0.0124961318
0.328351,0.309187,-11.801276,-1.009931,-0.0422305825,0.5124720888,-0.0188814827
0.329401,0.431677,-12.155639,-1.055565,-0.0294598807,0.5475915188,-0.0093034563
0.330453,0.277964,-10.010303,-1.888976,-0.0071111525,0.5805824986,0.0055956959
0.331499,-0.579465,-10.051007,-1.065172,0.0035310991,0.5518484195,0.0173021725
0.332517,-1.182307,-10.508328,0.193351,0.0120449003,0.4943802612,0.0332655499
0.333566,-1.105451,-8.322287,1.096414,0.0269440524,0.4411690035,0.0428435762
0.334616,-1.40327,-8.260034,2.804067,0.0663203831,0.3581594415,0.0385866756
0.335665,-1.338422,-8.580877,2.141181,0.0673846083,0.2804710053,0.0322013247
0.336682,-0.120729,-7.101169,0.57283,0.0163018009,0.2825994556,0.0194306229
0.337732,0.294776,-12.689579,-1.096395,-0.0326525562,0.4826737845,-0.0103676814
0.338781,0.004163,-12.260991,-0.887442,-0.0209460795,0.5380134925,-0.021009933
0.339833,0.071412,-9.98636,-0.98111,0.0109806751,0.548655744,-0.021009933
0.340848,-0.034265,-10.570581,-1.288536,0.0290725027,0.5635548961,-0.0093034563
0.341897,-0.853266,-12.13409,-0.402286,0.0248156021,0.5816467238,0.0077241462
0.342949,-1.033398,-8.999888,1.043575,0.0088522248,0.5795182735,0.020494848
0.343995,-0.807633,-5.803433,2.647952,0.0333294034,0.5199216648,0.0183663977
0.345045,-1.23995,-7.773981,3.005815,0.058870807,0.4198845004,0.0226232983
0.346062,-0.860471,-9.047775,2.820879,0.0450358801,0.3304895875,0.0364582253
0.347111,0.568577,-8.492286,1.615195,0.0269440524,0.2879205814,0.0385866756
0.348161,1.793476,-10.771706,-2.114742,-0.0134965034,0.375187044,0.0194306229
0.34921,1.750244,-13.522812,-3.058635,-0.0656435359,0.5976101011,-0.0007896551
0.350227,0.275562,-12.378314,-0.486347,-0.059258185,0.7380878213,-0.0007896551
0.351276,-0.879685,-10.733396,-0.020405,-0.0017900267,0.6784912127,0.0013387952
0.352328,-0.91331,-11.293674,-1.528712,0.0312009531,0.603995452,-0.0093034563
0.353375,-0.651518,-8.793974,-0.378268,0.0269440524,0.6231515048,-0.0167530324
0.354392,-0.99497,-4.843299,2.693586,0.0461001052,0.6071881274,-0.0199457078
0.355441,-1.727507,-6.725257,3.214768,0.0769626347,0.5177932145,-0.0029181054
0.356491,-1.45851,-10.115654,3.553417,0.0854764359,0.4198845004,0.0385866756
0.35754,0.119448,-8.844255,2.446204,0.0758984095,0.333682263,0.0673207548
0.358589,1.779065,-9.715798,-2.712781,0.0088522248,0.341131839,0.0471004769
0.359606,1.906359,-14.894774,-3.474139,-0.0805426881,0.5135363139,0.0268801989
0.360656,0.345213,-15.220406,-1.04836,-0.0933133899,0.6763627624,0.0364582253
0.361707,-1.033398,-11.1979,-1.641595,-0.0539370592,0.6603993851,0.0130452719
0.362754,-0.77641,-5.633434,1.884192,0.0301367279,0.5465272937,-0.0550651379
0.363772,-1.468117,-4.371612,2.424588,0.0684488334,0.5422703931,-0.0422944361
0.364823,-1.960478,-7.790742,3.178742,0.0854764359,0.4954444863,-0.007175006
0.36587,-1.275976,-10.929733,4.264338,0.1046324887,0.4124349243,0.0502931523
0.366919,0.491721,-10.144387,1.314974,0.0918617868,0.3453887396,0.0875410327
0.367937,2.27623,-12.864367,-4.064973,-0.0028542519,0.424141401,0.0800914566
0.368986,1.927975,-16.628283,-3.89685,-0.0933133899,0.6646562857,0.0598711787
0.370035,-0.310468,-12.241836,-2.206009,-0.1199190188,0.7998128803,0.0162379474
0.371084,-1.568991,-7.093986,-0.563204,-0.114597893,0.7104179674,-0.0571935882
0.372134,-1.19912,-6.311034,3.085073,-0.0422305825,0.6220872796,-0.0848634422
0.373151,-1.256762,-5.314985,2.417383,0.0450358801,0.6284726305,-0.0614504888
0.374202,-1.761132,-6.040473,2.08594,0.0801553101,0.5869678495,-0.0284595091
0.37525,-1.463314,-8.396512,4.213901,0.1110178396,0.4752242084,0.0109168216
0.376299,-0.699553,-10.716636,2.054717,0.1259169917,0.3358107133,0.048164702
0.377317,1.135393,-15.792655,-1.627184,0.0780268598,0.2496084758,0.0854125824
0.378366,3.589994,-17.143068,-4.907991,0.0088522248,0.4177560501,0.1013759597
0.379415,2.554835,-8.722144,-6.413896,-0.0943776151,0.7646934502,0.0300728744
0.380464,-0.990166,-3.150494,-1.08919,-0.1944147795,0.8945289189,-0.0859276674
0.381482,-2.073361,-6.454695,4.826351,-0.1252401445,0.777464152,-0.1210470974
0.382531,-1.585803,-7.347787,2.511052,0.0184302512,0.680619663,-0.0848634422
0.383583,-1.619428,-6.313429,1.130039,0.0716415089,0.5922889753,-0.0518724624
0.38463,-1.708293,-9.299182,4.59338,0.1056967138,0.4486185796,-0.0114319066
0.385646,-1.487331,-12.529158,3.630273,0.1525226206,0.3187831108,0.0566785032
0.386698,0.028181,-14.018443,-0.044423,0.1525226206,0.2357735488,0.1130824364
0.387745,2.775797,-13.709572,-5.340309,0.086540661,0.3517740906,0.1003117345
0.388794,-0.099113,-4.840904,-0.09486,-0.1592953494,1.0190432619,-0.0699642901
0.389844,-2.092575,-3.081058,4.63421,-0.1028914163,0.9626393288,-0.097634144
0.390861,-1.996505,-5.166536,1.891397,-0.0081753776,0.8338680852,-0.0891203428
0.39191,-1.801962,-9.897769,3.017824,0.0461001052,0.7210602189,-0.0422944361
0.392959,-1.653053,-12.107752,4.040974,0.1078251641,0.5731329225,0.0322013247
0.394009,-1.309601,-13.834078,1.961048,0.1472014948,0.4060495734,0.0960548339
0.395026,0.196304,-15.256321,-0.193332,0.14826572,0.2974986077,0.1141466615
0.396078,2.559638,-10.094105,-5.412361,0.0950544623,0.4315909771,0.0630638542
0.397125,2.165749,-3.796968,-4.638994,-0.0124322782,0.735959371,-0.0252668336
0.398174,-0.61309,-2.456133,2.001878,-0.0635150856,0.8519599128,-0.0869918925
0.399192,-1.679472,-4.922312,2.076333,-0.0401021322,0.7306382453,-0.1082763956
0.400241,-1.496938,-10.786072,2.100351,0.0003384236,0.5869678495,-0.0795423164
0.40129,-1.480126,-14.461397,3.942502,0.0471643304,0.5050225127,0.006659921
0.40234,-1.29519,-14.02802,3.668701,0.0748341844,0.424141401,0.0960548339
0.403389,-0.836454,-13.2738,2.681577,0.0780268598,0.3187831108,0.1205320125
0.404406,1.065742,-7.929614,-1.581551,0.0290725027,0.368801693,0.0577427284
0.405458,2.369899,-0.969243,-3.378069,-0.0752215623,0.6401791072,-0.0614504888
0.406505,0.412463,-2.753032,0.174137,-0.1326897206,0.83280386,-0.1497811766
0.407554,-1.316806,-8.537779,1.696855,-0.100762966,0.7678861256,-0.152973852
0.408574,-0.987765,-10.70227,0.459947,-0.0273314304,0.5997385514,-0.1050837201
0.409621,-0.824445,-11.901838,-0.404687,0.0461001052,0.4688388575,-0.0391017606
0.41067,-0.468984,-14.590692,-0.618444,0.1099536144,0.3975357722,0.0428435762
0.411719,1.017707,-13.235491,-3.219553,0.141880369,0.4539397053,0.10350441
0.412737,2.105705,-5.523294,-5.861491,0.0780268598,0.6923261397,0.0832841321
0.413786,0.979279,0.457789,-1.40382,-0.0124322782,0.9030427202,0.0024030204
0.414834,-0.966149,-2.50402,2.402973,-0.0156249537,0.8828224422,-0.0646431643
0.415884,-0.723571,-15.064773,2.33092,0.1120820647,0.6614636103,-0.0199457078
0.416934,-1.177504,-14.186047,1.533535,0.1589079715,0.5741971477,0.0141094971
0.417954,-1.782748,-14.61703,1.480696,0.1801924746,0.5082151882,0.0151737222
0.419,-0.949336,-8.655102,-0.829799,0.1461372696,0.5603622207,-0.0231383833
0.420049,0.333205,-0.485584,-3.111473,0.0609992574,0.7348951459,-0.0923130183
0.421099,-0.322477,-0.210234,0.89947,0.0003384236,0.8775013165,-0.145524276
0.422116,-1.552179,-6.318217,2.213233,-0.0113680531,0.8530241379,-0.1412673753
0.423165,-1.141477,-12.462116,2.938566,0.0269440524,0.749794298,-0.0816707667
0.424214,-0.596277,-14.245906,3.034636,0.086540661,0.6795554379,0.0055956959
0.425264,-1.009381,-14.763085,1.766506,0.1216600911,0.5848393992,0.0747703308
0.426281,-1.196718,-12.505214,2.184412,0.134430793,0.4581966059,0.0928621585
0.427333,0.491721,-4.536822,-1.031547,0.100375588,0.4315909771,0.0460362517
0.42838,2.595664,1.518486,-3.219553,0.0088522248,0.5795182735,-0.0582578134
0.429429,1.63496,-3.107396,-2.369329,-0.0890564893,0.7593723244,-0.1402031502
0.430478,-0.411342,-12.622537,1.050781,-0.0986345157,0.7827852778,-0.1221113226
0.431495,-0.898899,-15.725613,2.751228,-0.0145607286,0.69445459,-0.0369733103
0.432545,-1.098246,-16.194906,0.443135,0.0716415089,0.6369864317,0.0375224505
0.433594,-1.074228,-12.086203,0.392698,0.0876048862,0.6497571336,0.0471004769
0.434643,-0.521823,-1.816842,-0.166913,0.0343936285,0.687005014,-0.0199457078
0.435661,-0.420949,1.089897,2.446204,0.0173660261,0.6933903649,-0.1072121704
0.43671,-0.685143,-5.487379,3.699924,0.0397147543,0.673170087,-0.1402031502
0.437759,-0.075095,-12.478876,0.959514,0.0322651782,0.6540140342,-0.104019495
0.438808,0.628621,-14.480552,1.033968,0.0077879997,0.687005014,-0.0380375354
0.439828,-0.322477,-14.755902,-0.128485,-0.0188176292,0.7168033183,0.0162379474
0.440875,-1.405671,-11.901838,0.507982,-0.0411663574,0.6646562857,0.020494848
0.441925,0.028181,-0.136009,0.524795,-0.0273314304,0.6071881274,-0.1072121704
0.442973,0.057002,-3.303733,0.841827,0.0141733506,0.6635920606,-0.1476527263
0.443991,-0.257629,-10.879452,-0.604034,0.0216229267,0.7253171195,-0.117854422
0.44504,-0.677937,-15.225194,0.676106,0.037586304,0.7710788011,-0.0284595091
0.44609,-0.665929,-14.557171,-0.536784,0.0599350322,0.8136478073,0.061999629
0.447139,0.157876,-10.146781,-2.741602,0.0407789794,0.8913362435,0.0854125824
0.448188,0.611809,-4.620624,-2.609505,-0.0166891789,1.0073367852,0.0332655499
0.449208,0.020975,-2.618949,-0.022807,-0.0273314304,1.0435204404,-0.0369733103
0.450255,-0.740383,-6.449907,1.687247,0.0173660261,0.9477401766,-0.0731569655
0.451304,-0.862873,-12.99845,0.40951,0.0684488334,0.8370607606,-0.0518724624
0.452353,-0.512216,-15.055196,-0.450321,0.1120820647,0.8147120324,0.0087883713
0.453371,-0.260031,-12.181977,-2.470203,0.1323023427,0.846638787,0.0385866756
0.45442,-0.480993,-6.792299,-2.239634,0.0876048862,0.874308641,0.0034672456
0.455469,-0.596277,-2.913454,0.959514,0.0429074297,0.8732444159,-0.048679787
0.456518,-0.637107,-3.962178,3.063457,0.1046324887,0.8445103367,-0.0731569655
0.457536,-0.725973,-10.110866,2.177207,0.1897705009,0.8274827343,-0.0561293631
0.458585,-0.274441,-15.99378,0.075665,0.2185045801,0.8445103367,-0.0103676814
0.459634,0.001761,-14.751113,-1.081984,0.1929631764,0.8540883631,0.020494848
0.460684,-0.622697,-8.209753,-0.851415,0.1131462899,0.7732072514,0.0002745701
0.461733,-0.903703,-3.605421,0.359073,0.0290725027,0.6082523526,-0.0667716146
0.46275,-0.111121,-4.132177,2.064324,0.0205587015,0.4603250562,-0.1189186471
0.464849,0.277964,-14.17647,0.755364,0.1291096672,0.4688388575,-0.0699642901
0.463799,0.196304,-8.09243,2.679175,0.079091085,0.4028568979,-0.1199828723
0.465898,0.791941,-16.73124,-0.423901,0.1397519187,0.6625278354,0.0109168216
0.466915,0.631023,-10.053401,-0.906656,0.0907975617,0.8551525882,0.0439078014
0.467965,-0.656321,-4.646962,1.644016,-0.003918477,0.700839941,-0.0891203428
0.469014,0.220322,-10.731002,1.956245,0.0524854561,0.5710044722,-0.1061479453
0.470063,0.912029,-13.872387,0.181343,0.1035682635,0.5592979955,-0.0891203428
0.471083,0.148269,-15.634628,0.04204,0.1408161439,0.6795554379,-0.0646431643
0.47213,-1.141477,-12.615354,0.825015,0.1440088193,0.8540883631,-0.0401659857
0.473179,-1.136674,-3.744293,0.135709,0.0812195353,0.9637035539,-0.0561293631
0.474228,-1.408073,-0.698681,0.169334,0.0194944764,0.9626393288,-0.1146617465
0.475278,-1.765936,-8.173838,2.436597,0.0322651782,0.8668590649,-0.1306251238
0.476295,-0.589072,-15.445474,1.293359,0.0716415089,0.7891706287,-0.0699642901
0.477344,0.402856,-17.06166,-0.702506,0.092926012,0.8679232901,0.0141094971
0.478394,-0.896498,-13.269012,0.661695,0.0939902371,1.0328781889,0.0641280793
0.479443,-2.162226,-4.742736,1.086807,0.0407789794,1.0754471951,0.0439078014
0.48046,-1.763534,0.259058,0.837024,-0.0198818543,0.97115313,-0.0401659857
0.481509,-1.494536,-6.014135,2.172403,-0.0092396028,0.83280386,-0.0965699189
0.482559,-0.896498,-16.807859,1.934629,0.0407789794,0.7189317686,-0.0635789391
0.483608,1.032117,-21.287685,-0.875433,0.0897333365,0.7487300729,0.0098525965
0.484625,1.334739,-15.419137,-2.095528,0.1025040383,0.9956303085,0.0502931523
0.485674,-1.040603,-4.903157,0.395099,0.0535496813,1.206346889,0.0311370995
0.486724,-2.488866,1.082714,3.21717,0.0131091254,1.1680347834,-0.0263310588
0.487772,-2.094977,-2.935003,2.08594,0.0322651782,1.0275570631,-0.0720927404
0.488824,-0.927721,-14.411116,0.224574,0.0716415089,0.9115565214,-0.0571935882
0.489839,1.003296,-23.579077,-1.723255,0.0961186874,0.8455745619,0.0055956959
0.490888,1.757449,-19.858259,-3.085054,0.0876048862,0.9072996208,0.0513573775
0.491937,-0.022256,-5.75794,0.623267,0.0620634825,1.0222359374,0.0353940002
0.492987,-2.013317,-2.736272,1.836157,0.0716415089,0.9541255275,-0.0550651379
0.494004,-0.28645,-12.07902,-0.897049,0.0737699592,0.8945289189,-0.0422944361
0.495053,1.375569,-22.697956,-3.03942,0.0546139064,0.8721801907,-0.0018538802
0.496103,1.447622,-24.508084,-1.406222,0.0503570058,0.901978495,0.0449720265
0.497152,0.494123,-9.72777,0.815408,0.0641919328,0.9615751036,0.0524216026
0.498169,-0.629902,4.494661,0.981129,0.0631277077,0.9892449576,-0.0231383833
0.499219,-1.753927,0.797787,1.860174,0.0641919328,0.9519970772,-0.1018910447
0.501317,0.765522,-22.796125,-1.77129,0.1110178396,0.7529869735,-0.0124961318
0.500267,-1.287985,-12.433384,1.206895,0.0939902371,0.860473714,-0.0880561177
0.502366,1.610942,-25.006108,-2.261249,0.0854764359,0.7476658477,0.0683849799
0.503383,0.811155,-12.402257,0.69532,0.0673846083,0.8785655416,0.1066970855
0.504432,-0.31287,3.788328,1.980262,0.0737699592,0.9743458055,0.0396509008
0.505482,-1.530563,1.638203,2.064324,0.0748341844,0.9488044018,-0.0678358397
0.506531,-1.609821,-13.450982,2.825683,0.0961186874,0.8753728662,-0.0795423164
0.507548,0.366829,-25.449063,-0.102065,0.1291096672,0.805134006,-0.0156888072
0.508598,1.805485,-25.963848,-3.399685,0.092926012,0.8562168134,0.0311370995
0.509647,0.568577,-10.740579,-0.327831,0.0343936285,1.0477773411,0.0173021725
0.510696,-1.412877,5.217754,3.587041,0.0567423567,1.14462183,-0.0646431643
0.511713,-2.320743,2.797068,2.664765,0.0939902371,1.1116308503,-0.1465885011
0.512762,-2.469652,-12.88831,2.054717,0.1110178396,1.0637407184,-0.1210470974
0.513811,-0.951738,-26.124269,0.87305,0.1450730445,0.9796669312,0.0119810468
0.514861,1.265088,-26.504971,-3.137893,0.1227243163,0.9913734079,0.1354311646
0.515878,0.933645,-10.089317,-2.129153,0.0322651782,1.1531356313,0.1418165155
0.516927,-0.812436,6.824362,1.713667,-0.0156249537,1.178677035,0.0215590732
0.517976,-1.874015,2.066791,2.00428,0.0024668739,1.0318139638,-0.1082763956
0.519026,-2.38559,-16.539692,3.382892,0.0695130586,0.8977215944,-0.0955056937
0.520077,2.518808,-25.267092,-5.253845,0.1461372696,1.0935390227,0.1386238401
0.521092,1.051331,-8.355808,-2.282865,0.0333294034,1.4181276945,0.1013759597
0.522141,-2.133405,5.878594,3.961716,-0.0007258016,1.3542741853,-0.0305879594
0.52319,-2.79389,0.340466,3.03944,0.0620634825,1.0797040957,-0.131689349
0.52424,-2.354367,-16.053639,2.38616,0.1323023427,0.9658320042,-0.0912487931
0.525257,-0.315271,-25.425119,0.495973,0.1780640243,0.9754100306,0.0577427284
0.526306,1.692602,-22.767392,-4.643798,0.120595866,1.1637778828,0.1599083431
0.527356,0.208313,-8.700594,-1.242902,0.0003384236,1.3446961589,0.131174264
0.528405,-1.926854,3.685371,3.363677,-0.0209460795,1.1190804264,0.0013387952
0.529423,-2.114191,-2.456133,2.441401,0.0429074297,0.7593723244,-0.104019495
0.530472,-1.319208,-17.1718,3.159528,0.1120820647,0.6699774115,-0.0667716146
0.531521,0.883208,-23.844849,-0.138092,0.1429445942,0.8359965355,0.0737061057
0.53257,2.309855,-18.766436,-4.153838,0.0758984095,1.2286956172,0.1620367934
0.533619,0.071412,-5.209634,-0.414294,-0.0262672052,1.4936876804,0.117339337
0.534637,-2.255895,1.324543,3.09468,-0.0358452316,1.2265671669,-0.0082392311
0.535686,-2.018121,-6.430752,3.001011,0.0258798273,0.7891706287,-0.090184568
0.536735,-0.894096,-17.806302,2.537471,0.0854764359,0.6188946041,-0.048679787
0.537784,0.739102,-24.115411,0.159727,0.1174031905,0.7519227483,0.0768987812
0.538802,1.52688,-17.394474,-2.400552,0.0769626347,1.158456757,0.1545872174
0.539851,-0.250424,-2.468105,-0.856219,-0.003918477,1.4223845951,0.0939263836
0.5409,-1.972487,1.350881,2.717603,-0.0071111525,1.1456860552,-0.0391017606
0.541952,-1.619428,-7.601588,2.811272,0.0482285555,0.7189317686,-0.1104048459
0.542967,-0.089506,-18.831083,-0.277394,0.0716415089,0.6529498091,-0.0476155618
0.544016,1.591728,-24.30217,-1.783299,0.0673846083,0.9966945337,0.1013759597
0.545065,1.401989,-15.227589,-1.504694,0.0407789794,1.4841096541,0.1907708726
0.546114,-1.871613,2.363691,2.237251,-0.0060469273,1.2584939215,-0.0391017606
0.547163,-2.179039,-10.891423,3.611059,0.0386505291,0.7689503508,-0.1093406207
0.548181,-1.525759,-23.483303,3.330053,0.0993113629,0.5667475716,-0.0082392311
0.54923,1.298713,-22.604577,-0.114074,0.1397519187,0.7785283772,0.1609725683
0.550279,2.967938,-8.700594,-5.885509,0.0737699592,1.3372465829,0.2152480511
0.55133,0.282768,2.560027,-2.475006,-0.031588331,1.6416149768,0.1024401848
0.552345,-2.24869,-1.280508,4.10342,-0.0305241059,1.2606223718,-0.0497440121
0.553395,-2.090173,-14.767874,3.62547,0.0397147543,0.7508585232,-0.090184568
0.554444,-0.992568,-24.048369,3.221974,0.1131462899,0.687005014,0.0290086492
0.555493,1.462033,-19.417699,-0.945084,0.1386876936,1.0509700165,0.1854497468
0.55651,2.189767,-5.228789,-4.92,0.0492927807,1.5351924614,0.1918350977
0.55756,-0.65392,2.713265,-0.241368,-0.0432948077,1.6128808977,0.0492289272
0.558609,-2.395197,-3.667674,3.385293,-0.0188176292,1.1552640816,-0.0891203428
0.559658,-2.183842,-17.442361,4.153857,0.0620634825,0.7178675434,-0.0869918925
0.56071,-1.19912,-23.885553,3.644684,0.1440088193,0.7061610667,0.0673207548
0.561725,1.59413,-13.709572,-2.258848,0.155715296,1.0743829699,0.2067342499
0.562774,2.321864,0.455395,-5.981579,0.0461001052,1.4947519056,0.1694863695
0.563825,-1.011782,0.974968,-0.507963,-0.045423258,1.4947519056,0.020494848
0.564872,-2.541705,-10.230583,4.182678,-0.0103038279,1.0381993147,-0.0657073894
0.56589,-1.40327,-21.302051,4.098617,0.0748341844,0.6752985373,-0.0103676814
0.566939,-0.267236,-20.224594,2.479829,0.1312381175,0.7870421784,0.1333027143
0.567988,1.289106,-6.263147,-2.789637,0.100375588,1.2020899883,0.2014131241
0.569037,0.912029,3.026925,-3.750342,-0.003918477,1.4745316277,0.1109539861
0.570055,-1.686677,-2.824863,1.571963,-0.0432948077,1.3308612319,-0.0231383833
0.571104,-2.49367,-15.174913,4.012153,0.0184302512,0.9339052496,-0.0550651379
0.572153,0.739102,-16.498988,-0.190931,0.1131462899,0.9562539778,0.1780001708
0.573204,1.289106,-0.801638,-3.800779,0.0407789794,1.3840724896,0.1822570714
0.57422,-0.185576,4.20255,-1.682425,-0.0443590329,1.4819812038,0.0492289272
0.575269,-2.032531,-6.821031,2.145984,-0.0358452316,1.2052826638,-0.0657073894
0.576318,-2.38559,-19.807978,4.22591,0.0492927807,0.8785655416,-0.0391017606
0.577367,-0.375315,-22.099369,1.888996,0.1174031905,0.7859779533,0.1003117345
0.578416,1.699807,-10.477201,-3.027412,0.0971829126,1.0754471951,0.1950277732
0.579433,0.638228,3.060446,-2.386141,0.0269440524,1.4011000921,0.1364953898
0.580483,-1.115058,1.987778,0.61366,-0.0028542519,1.3436319338,-0.0029181054
0.581532,-1.679472,-11.18114,3.077868,0.037586304,1.0626764932,-0.0710285152
0.582584,-1.619428,-22.444155,4.480497,0.106760939,0.8562168134,0.0098525965
0.583599,1.084956,-19.532627,-1.334169,0.1227243163,0.9754100306,0.1556514425
0.584648,2.468371,-3.327676,-4.852751,0.0546139064,1.3851367148,0.1833212965
0.585697,-0.848462,4.908883,0.282217,0.0003384236,1.4873023295,0.0609354038
0.586746,-2.174235,-4.017248,2.554284,0.0269440524,1.1850623859,-0.0603862637
0.587763,-1.184709,-17.348982,3.233982,0.0918617868,0.9605108785,-0.0550651379
0.588812,-0.793222,-22.207115,3.017824,0.1408161439,0.9041069453,0.0662565296
0.589862,1.056135,-12.059865,-2.547059,0.1152747402,1.0722545196,0.1662936941
0.590911,1.142598,2.157777,-2.964966,0.0407789794,1.3691733375,0.1215962376
0.591961,-1.504144,2.497774,1.74489,0.0152375758,1.3329896822,-0.0039823305
0.592977,-1.732311,-9.622419,2.335723,0.0567423567,1.0594838178,-0.0667716146
0.594026,-0.348896,-21.393036,0.73615,0.0897333365,0.9945660834,0.0024030204
0.595078,0.688665,-20.212622,-0.301412,0.0695130586,1.1669705583,0.1407522904
0.596124,1.169018,-4.587103,-1.005128,0.0226871518,1.3893936154,0.1833212965
0.597142,-0.44977,6.02465,-1.408624,-0.0145607286,1.4394121976,0.0673207548
0.598191,-1.7179,-16.80307,3.301232,0.0918617868,1.0020156595,-0.0678358397
0.59924,-0.956542,-24.424282,1.754497,0.1578437463,0.9349694748,0.0651923045
0.600289,0.647835,-14.799,-0.030012,0.1578437463,1.0594838178,0.1875781971
0.601307,1.565309,2.449887,-2.143563,0.0886691114,1.2670077227,0.1545872174
0.602356,-0.639509,5.102825,-0.947486,0.0226871518,1.3095767289,0.0077241462
0.603405,-1.965282,-6.454695,2.501445,0.0471643304,1.1148235257,-0.0848634422
0.604456,-0.377717,-19.757696,0.512786,0.0982471377,1.012657911,-0.0327164097
0.605503,0.114644,-25.398782,-0.260582,0.0982471377,1.1914477368,0.1141466615
0.60652,-0.260031,-10.92255,1.701658,0.0812195353,1.3851367148,0.2014131241
0.60757,0.347615,8.299281,-1.084386,0.0471643304,1.3617237614,0.0992475094
0.608618,-0.949336,4.032552,-0.277394,0.0258798273,1.1978330877,-0.083799217
0.609668,-2.479259,-12.924225,3.685514,0.0886691114,1.0286212883,-0.1263682232
0.610685,-0.541037,-23.998088,0.284618,0.1503941703,0.9860522821,-0.0007896551
0.611734,0.72229,-21.701907,-0.104467,0.1408161439,1.1627136577,0.1577798928
0.612783,-0.022256,-3.282183,1.396634,0.1131462899,1.3446961589,0.1939635481
0.613835,0.028181,7.940128,-2.237232,0.0578065819,1.3074482786,0.0566785032
0.61485,-0.673134,-2.159234,0.45034,0.023751377,1.1712274589,-0.0869918925
0.615899,-0.922917,-16.209272,2.662363,0.0716415089,1.1095024,-0.0795423164
0.616951,0.222723,-23.406684,-1.101198,0.106760939,1.1659063331,0.0439078014
0.617998,-0.178371,-16.48941,0.757766,0.1025040383,1.3180905301,0.1631010186
0.619046,-1.355234,0.678069,2.12677,0.0961186874,1.3532099602,0.1492660916
0.620064,-1.218334,4.145086,-0.500758,0.0716415089,1.158456757,0.0119810468
0.621113,-0.423351,-6.246387,0.459947,0.0641919328,0.998822984,-0.0859276674
0.622162,-0.288852,-17.272362,1.079602,0.0907975617,1.0424562153,-0.0518724624
0.623211,-0.296057,-24.08189,-0.481544,0.1014398132,1.2223102663,0.0843483572
0.624229,-0.942131,5.550569,1.468687,0.0812195353,1.4330268467,0.1290458137
0.625278,-1.153486,2.801856,0.407108,0.0461001052,1.1680347834,-0.0295237342
0.626329,-0.485796,-12.636903,0.560821,0.0492927807,1.0169148116,-0.0848634422
0.627376,-0.075095,-22.563873,1.11803,0.1035682635,1.0988601484,0.0055956959
0.628393,0.162679,-21.175151,-0.820192,0.128045442,1.3021271528,0.1333027143
0.629443,-0.718767,-5.094705,-0.688095,0.1025040383,1.5000730314,0.1567156677
0.630492,-2.131003,6.254507,2.141181,0.0822837604,1.407485443,0.0375224505
0.631541,-1.571393,-1.893461,1.317376,0.0769626347,1.0871536717,-0.0891203428
0.63259,-0.175969,-15.354489,-0.611239,0.0769626347,0.9700889048,-0.0923130183
0.633608,0.13626,-24.716392,0.080469,0.106760939,1.1403649294,0.0279444241
0.634657,0.301982,-19.585303,-0.23176,0.134430793,1.435155297,0.1599083431
0.635709,-0.464181,0.816941,-0.892245,0.1025040383,1.6352296259,0.145009191
0.636755,-1.806766,7.466047,1.497508,0.0673846083,1.4543113498,-0.0103676814
0.637772,-1.40327,-5.997375,2.117163,0.0758984095,1.0765114202,-0.1221113226
0.638822,-0.536233,-19.90854,1.144449,0.0993113629,0.9136849717,-0.0827349919
0.639871,0.09543,-26.114692,1.206895,0.1408161439,1.0371350895,0.0609354038
0.64092,0.782334,-14.997731,-0.704908,0.1589079715,1.3713017878,0.1673579192
0.641937,-0.267236,5.548174,-1.276527,0.1035682635,1.573504567,0.0971190591
0.642986,-1.698686,5.928876,1.370215,0.0599350322,1.3266043313,-0.0795423164
0.644036,-1.179906,-10.264104,2.285286,0.072705734,0.9754100306,-0.1572307527
0.645087,-0.725973,-23.140911,1.447071,0.0939902371,0.901978495,-0.0646431643
0.646103,0.328401,-24.895968,0.510384,0.1237885414,1.1020528239,0.1045686351
0.647152,2.002429,-7.989473,-2.230027,0.120595866,1.4841096541,0.1748074953
0.648203,0.114644,8.21069,-1.953824,0.0418432046,1.6575783541,0.0513573775
0.64925,-1.919648,0.026806,2.148386,0.0109806751,1.3606595362,-0.1082763956
0.650299,-0.901301,-24.620618,2.681577,0.1408161439,0.8721801907,-0.0124961318
0.651316,0.607005,-20.842336,0.030032,0.1950916267,1.1009885987,0.1343669395
0.652366,2.538022,-0.760934,-4.367595,0.1503941703,1.5681834412,0.1407522904
0.653415,-0.406538,8.057452,-1.180457,0.0492927807,1.6714132811,-0.021009933
0.654464,-2.810702,-7.168211,3.572631,0.0461001052,1.269136173,-0.1402031502
0.655481,-1.189513,-20.466423,2.138779,0.1184674157,0.9668962294,-0.0912487931
0.65653,-0.202388,-23.25584,0.781783,0.1610364218,1.0211717122,0.0524216026
0.657582,0.645434,-14.648156,-0.555998,0.14826572,1.3468246092,0.1599083431
0.658629,1.522077,3.144248,-3.195535,0.0801553101,1.6958904596,0.10350441
0.659646,-0.982961,4.880151,-0.152502,0.0216229267,1.59478907,-0.0689000649
0.660695,-3.036468,-11.15959,4.036171,0.0524854561,1.1478145055,-0.1508454017
0.661744,-1.667463,-23.313304,3.197956,0.1408161439,0.8934646938,-0.0603862637
0.662794,0.17709,-22.714717,2.261269,0.2121192292,0.9998872091,0.1003117345
0.663843,1.891948,-8.408484,-2.679156,0.1908347261,1.3947147412,0.1673579192
0.66486,1.51247,4.547337,-4.819126,0.0780268598,1.7118538369,0.0641280793
0.665909,-1.917247,-0.986003,2.724809,0.0226871518,1.5171006338,-0.0848634422
0.666961,-2.580133,-14.52365,4.490104,0.0801553101,1.1031170491,-0.1189186471
0.668007,-0.680339,-22.264579,1.480696,0.1493299451,0.9977587588,-0.0231383833
0.669025,0.107439,-19.259672,0.306234,0.1855136003,1.2329525178,0.1066970855
0.670076,1.157009,-4.596681,-3.661477,0.1514583954,1.5745687921,0.1226604628
0.671123,0.508533,4.070861,-3.123482,0.0620634825,1.677798632,-0.0093034563
0.672173,-2.402403,-5.037241,3.332455,0.0524854561,1.3595953111,-0.1284966735
0.67319,-2.683409,-18.505452,4.691852,0.1301738923,0.9924376331,-0.1072121704
0.674239,-0.70916,-22.812885,2.225242,0.1993485273,1.0105294607,0.0300728744
0.675288,0.734299,-13.249857,-1.374999,0.2046696531,1.3446961589,0.1428807407
0.676337,-0.834052,1.223981,-0.822594,0.0354578537,1.5309355608,-0.0476155618
0.677387,-2.512884,-11.427757,3.913681,0.065256158,1.1839981607,-0.1189186471
0.678403,-1.326413,-21.467261,4.060189,0.1525226206,0.9477401766,-0.0476155618
0.679455,0.907226,-19.539811,-0.116476,0.1844493752,1.137172254,0.0811556818
0.680502,1.255481,-6.921593,-3.253177,0.1365592433,1.5266786602,0.117339337
0.681551,-0.240817,1.793836,-0.913861,0.0748341844,1.6075597719,0.0215590732
0.682568,-1.554581,-3.31331,1.756899,0.0705772837,1.3585310859,-0.0933772434
0.683617,-2.020522,-14.913929,3.774379,0.1291096672,1.0850252214,-0.1082763956
0.684666,-0.593876,-22.22627,2.770442,0.1812566997,1.0254286128,0.0045314707
0.685715,1.695004,-15.613079,-2.710379,0.1525226206,1.3542741853,0.1226604628
0.686733,0.467703,-1.563041,-2.309285,0.0822837604,1.6831197578,0.0992475094
0.687782,-1.770739,0.814547,1.288555,0.065256158,1.5266786602,-0.0242026084
0.688834,-1.556982,-8.267217,2.066726,0.1035682635,1.199961538,-0.1093406207
0.68988,-1.249557,-19.046575,2.948173,0.1429445942,1.0424562153,-0.0774138661
0.690929,0.29958,-21.812047,0.443135,0.1450730445,1.1190804264,0.0502931523
0.691947,1.642165,-9.19383,-2.573479,0.1056967138,1.4511186743,0.1162751118
0.692996,-0.896498,1.88961,-0.594427,0.0684488334,1.6001101958,0.0353940002
0.694045,-2.097379,-1.747406,2.028298,0.0907975617,1.3500172847,-0.0827349919
0.695094,-0.538635,-11.703108,0.942701,0.1269812169,1.1350438037,-0.125303998
0.696112,-0.651518,-22.695562,0.716936,0.128045442,1.1275942276,-0.0497440121
0.697161,-0.159157,-20.509522,1.130039,0.120595866,1.2776499742,0.0811556818
0.698212,1.012903,-1.838391,-1.516703,0.0982471377,1.5107152829,0.0907337082
0.700277,-1.986898,-6.332584,2.136377,0.100375588,1.2446589945,-0.1423316005
0.699259,-0.915712,4.805926,-0.728925,0.0705772837,1.4936876804,-0.0422944361
0.701328,-0.73558,-18.656296,0.89947,0.1386876936,1.1126950754,-0.1061479453
0.702375,0.508533,-11.648038,1.19969,0.1365592433,1.3031913779,0.131174264
0.703424,0.945654,3.639878,-2.508631,0.0993113629,1.4457975485,0.0630638542
0.704442,-0.846061,0.251875,-0.500758,0.065256158,1.3606595362,-0.076349641
0.705491,-1.155888,-12.804508,2.446204,0.106760939,1.1850623859,-0.1199828723
0.70654,-0.195183,-21.886272,0.839425,0.1461372696,1.1776128098,-0.0369733103
0.707589,0.112242,-19.405727,2.028298,0.1525226206,1.3170263049,0.0917979333
0.708638,0.938449,-3.260634,0.440733,0.1386876936,1.4873023295,0.117339337
0.709656,0.292375,4.798743,-2.823262,0.0780268598,1.5309355608,-0.0093034563
0.710707,-1.672267,-5.16893,1.180476,0.0695130586,1.3617237614,-0.125303998
0.711754,-1.360038,-17.61236,1.58157,0.1269812169,1.2052826638,-0.1008268195
0.712803,-0.226406,-23.579077,0.106888,0.1493299451,1.2702003982,0.0247517486
0.71382,0.057002,-15.27787,2.338125,0.1525226206,1.448990224,0.131174264
0.714869,0.623818,2.459465,-0.664078,0.128045442,1.5415778124,0.0886052578
0.715919,-0.207192,4.73649,-1.915396,0.0641919328,1.4543113498,-0.0678358397
0.716968,-1.713097,-8.892142,1.516722,0.0695130586,1.2850995503,-0.1508454017
0.717986,-1.026193,-22.135284,0.20536,0.1269812169,1.2489158951,-0.0699642901
0.719035,-0.380119,-24.45062,1.137244,0.1503941703,1.393650516,0.0917979333
0.720086,-0.57226,-7.675813,2.801665,0.155715296,1.504329932,0.1631010186
0.721133,0.018574,8.052663,-1.73046,0.1163389653,1.4191919197,0.0471004769
0.722182,-0.432958,0.294973,-1.06277,0.0620634825,1.2744572988,-0.1093406207
0.723202,-1.167897,-15.062379,1.687247,0.0876048862,1.2531727957,-0.1221113226
0.724248,-0.317673,-24.347663,-0.868227,0.1301738923,1.3489530595,0.0013387952
0.725297,-0.315271,-20.796844,1.283751,0.1365592433,1.4862381044,0.1396880652
0.726347,-1.393662,-1.534309,3.068261,0.1397519187,1.5128437332,0.1471376413
0.727364,-0.949336,7.633652,-0.121279,0.1174031905,1.3351181325,-0.0007896551
0.728413,0.076216,-3.176832,-0.491151,0.086540661,1.2095395644,-0.1306251238
0.729462,-0.401735,-26.528914,-0.786568,0.1216600911,1.5234859847,0.0396509008
0.730511,-0.862873,-16.58279,0.445536,0.1227243163,1.6799270823,0.1631010186
0.731529,-1.720302,3.994242,1.329385,0.114210515,1.5969175203,0.1109539861
0.73258,-1.422484,5.100431,0.930692,0.1035682635,1.2797784246,-0.0540009127
0.733627,-0.173567,-8.451582,0.106888,0.1025040383,1.1329153534,-0.1284966735
0.734676,0.407659,-20.394593,-0.195734,0.1269812169,1.2819068749,-0.048679787
0.735725,0.311589,-23.875976,0.118897,0.1546510709,1.5351924614,0.1024401848
0.736743,-0.601081,-8.62637,0.363877,0.1503941703,1.7235603136,0.1758717204
0.737792,-1.857203,6.273662,0.993138,0.1227243163,1.5990459707,0.0779630063
0.738841,-1.581,-0.801638,1.276546,0.0993113629,1.2329525178,-0.0646431643
0.73989,-0.192781,-14.420693,-0.066039,0.0982471377,1.0924747975,-0.0848634422
0.740907,0.652639,-23.073869,-0.685694,0.1237885414,1.2819068749,0.020494848
0.741959,0.76312,-19.884597,-0.087655,0.1376234684,1.5958532952,0.145009191
0.743006,-0.452172,-1.685153,0.188548,0.1046324887,1.8129552265,0.1460734161
0.744055,-2.025326,6.584927,2.191618,0.079091085,1.650128778,0.0055956959
0.745072,-1.833185,-4.98696,2.688782,0.086540661,1.2595581466,-0.1093406207
0.746121,-0.930122,-18.457565,1.579168,0.1131462899,1.0786398705,-0.0742211907
0.74717,0.520542,-23.880765,0.447938,0.1631648721,1.1946404123,0.0726418805
0.74822,1.889546,-14.04478,-2.68396,0.155715296,1.5351924614,0.1822570714
0.749269,-0.091907,3.563259,-1.238099,0.0748341844,1.7959276241,0.1269173634
0.750286,-2.323144,3.764385,3.008217,0.0450358801,1.5713761167,-0.0305879594
0.751338,-1.631437,-10.575369,2.688782,0.0758984095,1.1456860552,-0.1104048459
0.752385,-0.927721,-22.28134,1.946638,0.1163389653,0.9977587588,-0.0380375354
0.753434,0.998493,-24.31893,0.279815,0.1663575476,1.1914477368,0.1152108867
0.754454,2.852653,-8.449188,-3.476541,0.1461372696,1.6373580762,0.1748074953
0.755501,-2.260699,2.021299,3.310839,0.023751377,1.5798899179,-0.1231755477
0.75655,-2.075763,-15.558009,2.729612,0.072705734,1.1275942276,-0.1519096269
0.757599,-2.032531,-25.947087,2.46782,0.1291096672,0.9881807325,-0.0029181054
0.758616,0.972073,-20.303608,0.303832,0.1812566997,1.2404020939,0.1939635481
0.759666,3.296979,-0.995581,-4.566941,0.134430793,1.7480374922,0.221633402
0.760715,-0.072693,8.205901,-1.194867,0.0248156021,1.8959647885,0.0545500529
0.761764,-2.179039,-3.528801,3.200358,0.0109806751,1.4330268467,-0.1008268195
0.762813,-1.857203,-19.673894,2.270876,0.0716415089,0.9903091828,-0.0880561177
0.763833,-1.316806,-25.676526,2.49424,0.1386876936,0.9892449576,0.0800914566
0.76488,2.569245,-15.625051,-1.084386,0.1684859979,1.4138707939,0.2312114284
0.765929,3.902223,2.402,-4.528513,0.1046324887,1.9449191456,0.1875781971
0.766978,-0.66833,5.78282,-0.111672,0.0216229267,1.9289557683,0.0002745701
0.767996,-2.887559,-9.007071,3.469355,0.0354578537,1.4021643172,-0.1157259717
0.769045,-2.479259,-22.851195,3.258,0.120595866,1.0743829699,-0.0412302109
0.770094,-1.266369,-23.083446,2.037905,0.1918989513,1.1818697104,0.1396880652
0.771143,2.353086,-9.945656,-2.167581,0.1780640243,1.5884037191,0.2322756536
0.772161,2.586057,4.221705,-3.380471,0.0833479856,1.9321484437,0.131174264
0.773212,-1.617026,2.334958,1.03637,0.0184302512,1.7267529891,-0.0529366876
0.774259,-3.485597,-12.957746,3.618264,0.0503570058,1.2191175908,-0.1189186471
0.775308,-2.188646,-23.38274,2.083538,0.1184674157,1.054162692,0.0024030204
0.776328,0.54456,-19.415304,-0.152502,0.1450730445,1.3212832055,0.1801286211
0.777375,2.365095,-4.989354,-1.89378,0.1152747402,1.7235603136,0.2205691769
0.778424,0.667049,4.058889,-2.206009,0.0546139064,1.8842583118,0.0981832842
0.779473,-2.2631,-3.31331,2.165198,0.0301367279,1.5766972424,-0.0401659857
0.780522,-0.382521,-22.999644,1.15886,0.1440088193,1.1063097245,0.0651923045
0.78154,0.969671,-15.969837,-1.206876,0.1599721966,1.4745316277,0.1822570714
0.78259,0.374034,-0.784878,-2.206009,0.114210515,1.7969918492,0.1609725683
0.783638,-0.697151,2.763547,-1.365392,0.0524854561,1.7501659425,0.0236875235
0.784687,-1.890827,-8.291161,3.291625,0.058870807,1.4042927675,-0.0742211907
0.785707,-1.547375,-19.04418,3.601452,0.1163389653,1.1286584527,-0.0295237342
0.786754,0.35482,-20.262904,-1.514301,0.1237885414,1.2904206761,0.1088255358
0.787803,0.686264,-9.699038,-2.129153,0.0950544623,1.7352667903,0.1939635481
0.788852,-0.389726,1.623837,-0.003593,0.0758984095,1.8821298615,0.1364953898
0.78987,-1.314404,-1.235015,0.279815,0.0556781316,1.6213946989,0.0077241462
0.790919,-2.150218,-14.260272,3.373285,0.0748341844,1.2606223718,-0.0359090851
0.791968,-0.716366,-22.314861,3.349267,0.128045442,1.1116308503,0.0651923045
0.793018,1.596531,-15.514911,-2.782432,0.1174031905,1.4202561448,0.1854497468
0.794067,0.203509,-1.424169,-1.910592,0.0695130586,1.802312975,0.1705505947
0.795086,-1.653053,1.468204,1.946638,0.0716415089,1.6990831351,0.0513573775
0.796133,-1.105451,-7.845812,1.024361,0.0961186874,1.3787513638,-0.0412302109
0.797182,-0.975756,-19.183053,1.742488,0.1056967138,1.2489158951,-0.0146245821
0.798231,0.174688,-22.724294,0.757766,0.1014398132,1.365980662,0.1141466615
0.799248,1.632558,-9.988754,-1.994654,0.0695130586,1.7129180621,0.1897066474
0.800298,-0.728374,3.335796,-0.834603,0.0397147543,1.9044785898,0.1056328603
0.801347,-2.443233,-0.432909,2.054717,0.0673846083,1.677798632,-0.0252668336
0.802396,-1.436894,-12.165217,2.294893,0.1174031905,1.3862009399,-0.0689000649
0.803413,-1.326413,-22.235847,1.973057,0.1365592433,1.2616865969,0.0109168216
0.804463,0.025779,-20.473606,0.443135,0.1301738923,1.3415034835,0.1471376413
0.80656,-1.773141,-4.764285,2.210832,0.065256158,1.4426048731,-0.0635789391
0.805511,1.469238,-3.492886,-2.938546,0.0897333365,1.6118166725,0.1694863695
0.80761,-0.605884,-17.631515,1.009951,0.100375588,1.296806027,-0.0433586612
0.808627,-0.115925,-23.622175,1.526329,0.1078251641,1.3595953111,0.089669483
0.809676,1.111375,-13.362391,0.582437,0.0961186874,1.5479631633,0.1971562235
0.810726,1.260285,2.49538,-2.559068,0.0471643304,1.7278172142,0.1396880652
0.811775,-1.314404,1.616654,0.683311,0.0248156021,1.6299085001,-0.0103676814
0.812792,-2.078165,-10.843536,3.253196,0.0812195353,1.3691733375,-0.076349641
0.813841,-0.680339,-21.965286,1.065191,0.1354950181,1.2808426497,-0.0018538802
0.81489,0.479712,-22.183171,1.747292,0.1493299451,1.3851367148,0.1396880652
0.815939,1.680593,-5.913573,-0.39508,0.1131462899,1.5788256927,0.1875781971
0.816959,0.909627,5.778032,-3.361257,0.0354578537,1.6926977842,0.061999629
0.818006,-1.593009,-2.396274,1.079602,0.0184302512,1.5713761167,-0.076349641
0.819055,-2.063754,-16.053639,2.177207,0.0758984095,1.4138707939,-0.0678358397
0.820104,-1.103049,-23.425838,0.611258,0.1163389653,1.4404764228,0.0651923045
0.821153,0.081019,-17.396869,2.746425,0.1376234684,1.5660549909,0.1992846738
0.822171,1.188232,-0.20784,-0.224555,0.1163389653,1.6373580762,0.186513972
0.82322,0.292375,4.827475,-2.775227,0.0450358801,1.5852110437,0.0290086492
0.824269,-1.333618,-6.844974,1.154056,0.0343936285,1.4638893761,-0.0795423164
0.825318,-0.95414,-19.846287,0.885059,0.0801553101,1.4277057209,-0.0273952839
0.826339,-0.159157,-24.63259,0.993138,0.1152747402,1.5160364087,0.1205320125
0.827385,0.073814,-11.597756,2.688782,0.1386876936,1.6384223013,0.2120553757
0.828434,0.55897,5.450006,-1.605568,0.1035682635,1.6735417314,0.131174264
0.829483,-0.442565,1.690879,-1.334169,0.0343936285,1.5905321694,-0.0252668336
0.8305,-1.410475,-12.770987,2.477427,0.0546139064,1.5117795081,-0.0678358397
0.831549,-0.57226,-22.961335,-0.323027,0.120595866,1.5437062627,0.0290086492
0.832598,-0.646714,-21.766555,0.443135,0.1365592433,1.6607710296,0.1641652438
0.833648,-0.781213,6.213803,-0.642462,0.0993113629,1.5745687921,0.0694492051
0.834665,-0.202388,-2.269374,-1.033949,0.0684488334,1.4319626215,-0.062514714
0.835714,-0.233611,-15.467024,0.303832,0.0695130586,1.476660078,-0.0646431643
0.836763,-0.500207,-25.963848,-0.440714,0.1014398132,1.6277800498,0.0471004769
0.837812,-1.275976,-19.7984,1.54074,0.120595866,1.7661293198,0.1673579192
0.838861,-1.890827,2.832983,2.273277,0.1046324887,1.7384594658,0.1386238401
0.839879,-1.496938,7.351119,-0.118878,0.0769626347,1.4883665547,-0.0242026084
0.840928,-0.574662,-8.075669,-0.164511,0.0780268598,1.3127694043,-0.1093406207
0.841977,-0.224004,-20.485578,0.085272,0.1025040383,1.3915220657,-0.0284595091
0.843026,-0.077497,-24.915123,-0.522374,0.128045442,1.6075597719,0.1279815885
0.844043,-0.197585,-12.481271,0.255797,0.1291096672,1.8150836768,0.2163122763
0.845093,-1.167897,6.285634,1.32218,0.0918617868,1.7512301676,0.1269173634
0.846142,-1.21353,3.896074,0.904273,0.0556781316,1.4191919197,-0.0465513367
0.847191,-0.151951,-11.80367,0.116495,0.0631277077,1.255301246,-0.1029552698
0.848211,0.241938,-24.345268,0.764971,0.1056967138,1.407485443,0.0024030204
0.849257,0.213116,-24.699632,0.856238,0.1408161439,1.7033400357,0.1599083431
0.850306,-0.127934,-5.063579,-0.21735,0.128045442,1.9332126689,0.1918350977
0.851355,-1.21353,9.053501,0.563223,0.086540661,1.8001845247,0.0407151259
0.852405,-1.561786,-1.043467,1.985066,0.0599350322,1.4202561448,-0.1104048459
0.853422,-0.862873,-16.053639,1.065191,0.0801553101,1.2467874448,-0.1008268195
0.854471,0.186697,-25.267092,0.452742,0.1291096672,1.3595953111,0.0449720265
0.85552,1.341945,-20.44248,-0.102065,0.1503941703,1.663963705,0.1992846738
0.856569,0.58539,0.733139,-1.718451,0.1046324887,1.9385337947,0.1918350977
0.857588,-1.41768,8.701531,0.659293,0.0461001052,1.7948633989,0.0183663977
0.858636,-1.67707,-6.006952,3.272411,0.0439716549,1.4000358669,-0.1093406207
0.859684,0.362026,-26.200888,0.532,0.1706144482,1.3319254571,0.089669483
0.860733,2.384309,-14.190836,-3.318025,0.1663575476,1.7416521412,0.1875781971
0.86175,0.94085,5.785215,-2.996189,0.0716415089,2.072626164,0.0981832842
0.8628,-2.020522,4.437196,2.342929,0.023751377,1.8427535308,-0.0795423164
0.863849,-2.255895,-11.600151,3.776781,0.0673846083,1.3979074166,-0.1412673753
0.864898,-1.753927,-21.057828,2.751228,0.1323023427,1.2106037896,-0.0401659857
0.866965,2.53562,-9.196225,-3.673486,0.155715296,1.7831569222,0.2163122763
0.865947,0.38124,-21.723456,0.171736,0.1812566997,1.3446961589,0.1333027143
0.868013,0.198706,5.933664,-1.531114,0.0673846083,2.0279287076,0.1162751118
0.869063,-1.859604,1.415529,2.220439,0.0301367279,1.6799270823,-0.0529366876
0.870112,-1.813971,-14.928295,3.214768,0.0684488334,1.2457232196,-0.0997625944
0.871129,-1.970085,-25.628639,3.070663,0.1440088193,1.1637778828,0.0215590732
0.872178,1.666183,-21.191911,-1.768888,0.1897705009,1.4702747271,0.1694863695
0.873227,4.07515,-1.311635,-5.30188,0.128045442,2.0194149063,0.1524587671
0.874276,-0.468984,7.791679,-0.692899,0.0397147543,2.1705348782,-0.0188814827
0.875294,-3.187779,-5.099494,3.608657,0.0482285555,1.7235603136,-0.1423316005
0.876343,-2.738649,-19.372206,3.577434,0.1259169917,1.3053198282,-0.1008268195
0.877392,-2.006112,-23.150488,3.481364,0.2099907789,1.2404020939,0.0630638542
0.878441,1.81269,-14.164498,-1.338973,0.2334037322,1.545834713,0.1992846738
0.87949,2.929509,1.006095,-5.193801,0.1450730445,2.0215433567,0.1641652438
0.880507,-1.167897,4.082833,0.210164,0.0535496813,2.0162222309,0.0013387952
0.881556,-2.789086,-8.228908,3.514988,0.0620634825,1.5075226074,-0.1104048459
0.882606,-1.698686,-21.869512,3.157126,0.1259169917,1.1839981607,-0.0593220385
0.883655,-0.372914,-23.148094,2.073931,0.1855136003,1.3095767289,0.0971190591
0.884672,2.019242,-8.968761,-4.038553,0.1716786733,1.7725146707,0.1694863695
0.885721,-1.854801,0.081876,2.261269,0.037586304,1.9449191456,-0.0859276674
0.88677,-2.87555,-13.831683,4.482899,0.0918617868,1.4777243031,-0.1284966735
0.887819,-1.324011,-22.468099,4.105822,0.1844493752,1.3031913779,-0.021009933
0.888839,-0.452172,-17.909259,1.226109,0.2461744341,1.4617609258,0.131174264
0.889886,1.0081,-3.749081,-4.341176,0.2025412028,1.7820926971,0.1694863695
0.890934,0.868797,4.233677,-3.262784,0.0918617868,1.9353411192,0.0502931523
0.891984,-2.025326,-4.515273,2.436597,0.0503570058,1.6458718774,-0.0806065416
0.893033,-2.395197,-18.397706,4.73028,0.1110178396,1.2723288485,-0.0678358397
0.89405,0.587791,-21.699513,1.17327,0.1738071236,1.3478888344,0.061999629
0.895099,1.81269,-12.79493,-2.976975,0.1674217727,1.7618724192,0.1492660916
0.896148,0.309187,-0.59333,-1.982645,0.1163389653,2.0055799793,0.0992475094
0.897197,-1.055014,0.903138,0.08287,0.0801553101,1.8927721131,-0.0273952839
0.898214,-1.782748,-9.485941,3.205161,0.1046324887,1.5820183682,-0.0986983692
0.899264,-1.525759,-19.992342,4.614996,0.1684859979,1.3361823577,-0.0359090851
0.900313,0.191501,-19.678683,-0.087655,0.1993485273,1.4596324755,0.1013759597
0.901362,0.948056,-6.452301,-2.799244,0.1738071236,1.8310470542,0.1556514425
0.902379,-0.394529,2.725237,-1.216483,0.1237885414,1.9470475959,0.0641280793
0.903428,-1.573795,-3.128945,0.870648,0.100375588,1.73313834,-0.0582578134
0.904477,-1.811569,-14.748719,3.214768,0.1216600911,1.4543113498,-0.0806065416
0.905526,-0.495403,-22.623732,1.624802,0.1429445942,1.3585310859,0.0247517486
0.906544,1.274695,-16.415186,-1.660809,0.128045442,1.6405507516,0.1418165155
0.907593,-0.017453,-0.258121,-0.630453,0.1046324887,1.9385337947,0.1194677873
0.908642,-1.741918,3.144248,1.206895,0.1088893893,1.7959276241,-0.0114319066
0.909691,-1.249557,-7.857784,1.716069,0.141880369,1.5149721835,-0.1008268195
0.91074,-1.052612,-20.432903,1.7593,0.1599721966,1.4245130455,-0.0571935882
0.911757,1.265088,-8.386935,-1.041154,0.1163389653,1.816147902,0.1418165155
0.912806,-0.459377,5.078882,-1.245304,0.0876048862,1.9417264701,0.0375224505
0.913855,-1.813971,-0.952482,1.274144,0.1014398132,1.7246245388,-0.097634144
0.914904,-0.934926,-13.98971,1.293359,0.1461372696,1.5096510577,-0.1221113226
0.915921,-0.882087,-23.954989,1.031566,0.162100647,1.4596324755,-0.0167530324
0.916971,-0.005444,-19.008265,1.624802,0.1589079715,1.55966964,0.1215962376
0.91802,1.248276,0.278213,-1.845745,0.128045442,1.7629366443,0.1162751118
0.919069,-0.40894,5.229726,-1.6488,0.0886691114,1.7682577701,-0.0295237342
0.920088,-1.633839,-7.21131,1.658426,0.114210515,1.5692476664,-0.1242397729
0.921136,-0.733178,-19.903752,0.745757,0.155715296,1.4830454289,-0.0720927404
0.922184,0.138662,-24.220762,1.819344,0.1663575476,1.5607338651,0.0768987812
0.923234,1.169018,-11.267336,1.569561,0.1599721966,1.7384594658,0.1705505947
0.924283,1.020108,4.748462,-2.198804,0.1099536144,1.885322537,0.0875410327
0.9253,-1.014184,1.382008,0.250994,0.0822837604,1.7757073462,-0.0731569655
0.926349,-1.770739,-12.081415,2.398169,0.1291096672,1.5543485142,-0.1263682232
0.927398,-0.918114,-22.432184,0.332654,0.1599721966,1.5032657068,-0.0337806348
0.928447,0.100234,-22.03951,2.100351,0.1727428985,1.6107524473,0.1152108867
0.929464,1.202642,-5.348506,0.57283,0.1674217727,1.7725146707,0.1599083431
0.930514,0.68146,6.249718,-2.986582,0.1025040383,1.843817756,0.0322013247
0.931563,-1.189513,-2.22867,0.61366,0.0748341844,1.7182391879,-0.1093406207
0.932612,-1.542572,-16.865323,1.552749,0.1237885414,1.5926606197,-0.1018910447
0.933629,-0.769204,-25.257515,0.443135,0.1610364218,1.6458718774,0.0417793511
0.934678,0.006565,-17.198138,2.364544,0.1780640243,1.7895422732,0.1790643959
0.935727,0.72229,1.690879,-0.0132,0.1610364218,1.8661664842,0.1503303168
0.936776,-0.12313,5.555357,-1.898583,0.0939902371,1.7959276241,-0.0188814827
0.937825,-1.391261,-21.620499,0.973924,0.141880369,1.6203304737,-0.0593220385
0.938843,-0.733178,-26.394831,0.889862,0.1706144482,1.7044042609,0.1024401848
0.939892,-0.737981,-10.391004,2.213233,0.169550223,1.8097625511,0.1843855217
0.940941,0.035386,7.367879,-1.720853,0.1301738923,1.8033772002,0.0779630063
0.94199,-0.072693,2.349324,-1.677621,0.0705772837,1.7107896118,-0.0869918925
0.943007,-0.786017,-13.326476,1.559954,0.0780268598,1.6682206056,-0.1167901968
0.944056,-0.742785,-24.934278,0.519991,0.1365592433,1.7118538369,0.0013387952
0.945105,-1.206325,-22.259791,2.064324,0.1769997991,1.8076341008,0.1567156677
0.946154,-1.237548,-2.870355,2.297295,0.1706144482,1.8555242327,0.1843855217
0.947171,-0.322477,6.872249,-1.447052,0.1184674157,1.7533586179,0.0428435762
0.948221,-0.375315,-2.87275,-0.063637,0.0780268598,1.6001101958,-0.0955056937
0.94927,-0.721169,-16.451101,1.206895,0.092926012,1.5660549909,-0.0944414686
0.950319,-0.142344,-27.117924,-0.522374,0.128045442,1.6969546848,0.0268801989
0.951368,-0.344092,-18.936435,0.820211,0.1514583954,1.9055428149,0.1482018664
0.952385,-1.33602,4.030157,1.17327,0.1386876936,1.940662245,0.1130824364
0.953434,-1.148683,6.821968,-0.416696,0.1046324887,1.7310098897,-0.0476155618
0.954483,-0.526626,-8.099613,0.135709,0.1014398132,1.5500916136,-0.1295608987
0.955532,-0.377717,-20.971631,0.6689,0.1323023427,1.5628623154,-0.0508082373
0.956549,0.306785,-24.826532,-0.673685,0.1525226206,1.7671935449,0.1152108867
0.957598,0.162679,-10.297625,-0.839406,0.141880369,2.031121383,0.2099269254
0.958648,-1.525759,5.21536,1.720872,0.1131462899,1.9768459002,0.1279815885
0.959697,-1.516152,1.226375,1.802532,0.0950544623,1.615009348,-0.0263310588
0.960714,-0.159157,-11.437335,0.034835,0.106760939,1.4128065688,-0.0891203428
0.961763,0.285169,-24.464986,0.762569,0.1472014948,1.5234859847,-0.0199457078
0.962811,0.609407,-24.64935,0.580035,0.1727428985,1.8353039548,0.0992475094
0.963861,-1.681874,9.024768,0.803399,0.1269812169,1.9928092775,-0.03484486
0.964878,-1.934059,-1.780927,1.814541,0.1248527666,1.628844275,-0.1582949778
0.965927,-0.982961,-16.726451,-0.529579,0.1195316408,1.4862381044,-0.1221113226
0.966976,-0.476189,-25.765117,0.032433,0.134430793,1.6171377983,0.0534858278
0.969074,0.020975,3.501006,-0.961896,0.1259169917,2.0364425088,0.2077984751
0.968025,0.076216,-17.784753,1.629605,0.162100647,1.8704233848,0.2248260775
0.970092,-1.009381,7.454076,0.366278,0.0684488334,1.8331755045,0.0258159738
0.971141,-1.206325,-8.118768,2.986601,0.0705772837,1.4415406479,-0.0986983692
0.972189,-0.788418,-23.138516,1.461482,0.1046324887,1.2733930736,-0.0465513367
0.973239,1.118581,-27.687779,0.990736,0.1525226206,1.4575040252,0.1088255358
0.974256,3.349818,-11.078183,-1.81212,0.1535868457,1.9566256223,0.1790643959
0.975305,1.08976,9.302513,-2.604701,0.0663203831,2.3035630224,0.0534858278
0.976354,-2.063754,3.972693,2.472624,0.0322651782,2.0470847603,-0.1274324483
0.977403,-2.296725,-13.65929,3.128305,0.0886691114,1.6054313216,-0.1646803287
0.979469,0.174688,-22.393874,1.089209,0.2036054279,1.608623997,0.172679045
0.97842,-2.027728,-23.749075,2.136377,0.1546510709,1.4521828994,-0.0263310588
0.980519,2.389113,-5.858503,-2.35732,0.18338515,2.017286456,0.24185368
0.981568,0.446087,8.521955,-1.831334,0.0876048862,2.18330558,0.10350441
0.982617,-1.554581,0.3261,1.665632,0.0301367279,1.7576155185,-0.0795423164
0.983634,-1.984496,-17.83264,3.433329,0.0620634825,1.3223474307,-0.1029552698
0.984683,-1.910041,-27.024544,2.703193,0.1386876936,1.3627879865,0.0577427284
0.985732,1.968805,-18.553339,-1.569542,0.169550223,1.7799642468,0.2131196008
0.986781,4.055936,1.379613,-4.093794,0.0918617868,2.2343883874,0.1631010186
0.987799,-0.442565,6.829151,0.157325,0.0024668739,2.2226819107,-0.0327164097
0.988848,-3.173368,-6.991029,3.510185,0.0248156021,1.7735788959,-0.1497811766
0.991965,2.665316,2.232001,-4.045759,0.1291096672,2.1269016469,0.1535229922
0.990946,2.043259,-12.296906,-2.302079,0.2078623286,1.8012487498,0.2248260775
0.989897,-1.941264,-23.334853,2.282885,0.1961558519,1.5064583823,0.1045686351
0.993012,-1.480126,2.167354,1.305367,0.0599350322,2.0226075818,-0.0103676814
0.994061,-2.851532,-9.529039,3.529399,0.079091085,1.5820183682,-0.0923130183
0.99511,-1.086237,-19.846287,0.219771,0.1163389653,1.4245130455,-0.0242026084
0.996159,0.388445,-21.962891,-1.233295,0.1237885414,1.7171749627,0.1215962376
0.997177,0.945654,-10.165936,-0.457526,0.1174031905,2.1130667199,0.1833212965
0.998226,0.359624,3.225656,-1.387008,0.079091085,2.2301314868,0.0864768075
0.999275,-1.643446,-0.370656,1.310171,0.0556781316,1.9449191456,-0.062514714
1.000324,-2.265502,-13.137322,4.605389,0.0971829126,1.5468989381,-0.104019495
1.001342,-0.550644,-21.680358,1.415848,0.1461372696,1.4532471246,0.0013387952
1.002391,0.287571,-18.402495,-0.311019,0.1706144482,1.7373952406,0.1460734161
1.00344,0.458096,-3.10979,-1.588756,0.155715296,2.0779472898,0.1716148198
1.004489,0.362026,3.8003,-2.635924,0.0854764359,2.1045529186,0.0449720265
1.005506,-1.480126,-6.665398,2.499043,0.0524854561,1.7682577701,-0.076349641
1.006555,-1.372047,-18.725732,4.110626,0.0982471377,1.4457975485,-0.0529366876
1.007604,1.298713,-20.581352,-1.050761,0.1216600911,1.5990459707,0.0737061057
1.008653,1.06334,-10.853114,-1.824129,0.1046324887,2.0609196873,0.1535229922
1.009704,-1.016586,0.517648,0.471956,0.0993113629,2.1982047322,0.1024401848
1.010719,-1.312003,-0.291642,-0.001191,0.0886691114,1.9342768941,-0.0231383833
1.011769,-1.727507,-11.861135,2.760835,0.0950544623,1.6001101958,-0.0806065416
1.012818,-0.999773,-21.524726,3.430927,0.134430793,1.435155297,0.0087883713
1.013867,1.558103,-18.378551,-2.794441,0.1248527666,1.7214318633,0.1471376413
1.014884,0.770325,-4.484146,-2.11234,0.0758984095,2.1652137524,0.1705505947
1.015933,-1.477724,3.297487,1.660828,0.0620634825,2.1247731966,0.0609354038
1.016982,-1.657856,-16.795887,2.597515,0.0907975617,1.5862752688,-0.0614504888
1.018031,-0.509814,-23.591048,1.610391,0.1056967138,1.5703118915,0.0651923045
1.019048,1.26749,-14.643368,-2.061903,0.0918617868,1.8459462063,0.1737432701
1.020098,-0.264834,1.671724,-0.764952,0.0758984095,2.0992317929,0.1258531382
1.021147,-1.833185,2.89763,1.283751,0.0833479856,1.9332126689,-0.0178172575
1.022196,-1.249557,-10.340723,2.047512,0.1088893893,1.6607710296,-0.0923130183
1.023245,-1.146281,-22.389085,2.131573,0.1269812169,1.601174421,-0.0252668336
1.024262,0.13626,-21.577401,-0.05403,0.1120820647,1.7299456646,0.1120182112
1.025311,1.610942,-5.836953,-1.864959,0.0620634825,1.9970661781,0.1492660916
1.02636,-0.632304,4.38931,-0.226957,0.0269440524,2.100296018,0.034329775
1.027409,-2.102182,-2.784159,2.292492,0.0578065819,1.8800014112,-0.0880561177
1.028427,-1.069425,-15.455052,1.737685,0.1110178396,1.6575783541,-0.097634144
1.029476,-0.860471,-23.562316,1.694453,0.134430793,1.6171377983,0.0151737222
1.030525,0.515738,-16.503776,0.738551,0.1333665678,1.7384594658,0.1396880652
1.031574,1.630156,0.843279,-2.950555,0.0801553101,1.9215061922,0.1098897609
1.032592,-0.605884,3.110727,-0.851415,0.0322651782,1.899157464,-0.0359090851
1.03364,-1.823578,-8.786791,2.124368,0.0663203831,1.7161107376,-0.1104048459
1.034689,-0.680339,-20.01868,0.034835,0.1056967138,1.6841839829,-0.0433586612
1.035738,0.191501,-23.028376,1.761702,0.1174031905,1.8129552265,0.10350441
1.036756,0.907226,-9.100451,1.567159,0.1152747402,1.9672678738,0.1801286211
1.037804,0.700674,5.131558,-2.57588,0.0663203831,2.051341661,0.0811556818
1.038854,-0.934926,-0.20784,0.575232,0.0418432046,1.9523687217,-0.0710285152
1.039903,-1.573795,-13.87957,1.970655,0.079091085,1.7735788959,-0.104019495
1.040954,-1.069425,-24.244706,0.263003,0.1131462899,1.7278172142,0.0034672456
1.041969,-0.219201,-20.353889,3.097082,0.1461372696,1.8214690278,0.1482018664
1.043018,0.47731,6.529857,-3.334837,0.0450358801,1.9640751984,0.0024030204
1.044067,-1.679472,-5.473012,2.00428,0.0258798273,1.843817756,-0.111469071
1.045116,-1.472921,-19.336291,0.925889,0.0822837604,1.7767715713,-0.0635789391
1.046133,-0.219201,-25.710047,-0.128485,0.1131462899,1.8682949345,0.0875410327
1.047183,-0.370512,-14.403933,3.051448,0.1237885414,2.0002588536,0.1982204487
1.048231,-0.075095,4.784377,0.238985,0.1014398132,2.0162222309,0.1354311646
1.049281,-0.137541,5.165078,-1.108404,0.0418432046,1.9140566161,-0.0422944361
1.050298,-1.211129,-9.160309,1.567159,0.0397147543,1.8172121272,-0.1284966735
1.051347,-0.862873,-23.375557,0.332654,0.0876048862,1.8140194517,-0.0444228864
1.052396,-0.279245,-25.913567,0.889862,0.1227243163,1.9321484437,0.1215962376
1.053445,-0.644313,-7.271168,1.7593,0.128045442,2.0364425088,0.1907708726
1.054495,-0.372914,7.264922,-1.250108,0.0918617868,1.9449191456,0.0694492051
1.055512,-0.284048,-0.416148,-0.397482,0.0599350322,1.7895422732,-0.083799217
1.056561,-0.512216,-13.235491,0.820211,0.0769626347,1.7863495977,-0.1061479453
1.05761,-0.233611,-24.223156,-0.592025,0.1099536144,1.8895794376,-0.0039823305
1.058659,-0.718767,-22.2981,1.550347,0.128045442,2.0109011051,0.1354311646
1.059676,-1.679472,-1.824025,2.081136,0.1174031905,2.0481489855,0.1535229922
1.060725,-1.273574,7.238584,-0.260582,0.0897333365,1.8917078879,0.0151737222
1.061774,-0.072693,-3.933446,-0.64006,0.0737699592,1.7256887639,-0.1008268195
1.062823,-0.007846,-18.012216,-0.147699,0.079091085,1.7597439689,-0.0784780913
1.06384,-0.348896,-26.358915,0.392698,0.1035682635,1.926827318,0.0502931523
1.06489,-0.298459,-15.347306,0.680909,0.1312381175,2.0992317929,0.1556514425
1.065939,-1.182307,4.597618,0.793792,0.1227243163,2.0896537665,0.0960548339
1.066988,-1.429689,4.777194,0.16453,0.0844122107,1.8289186038,-0.0603862637
1.068037,-0.209594,-8.983127,-0.781764,0.0695130586,1.622458924,-0.1284966735
1.069054,-0.185576,-26.174551,1.523928,0.1269812169,1.9012859143,0.1215962376
1.071152,-1.350431,8.98167,0.539205,0.0961186874,2.1503146002,0.0641280793
1.070103,-0.005444,-7.22807,-0.337438,0.134430793,2.155635726,0.1886424223
1.072201,-1.641044,1.09708,1.675239,0.0684488334,1.8470104315,-0.097634144
1.073219,-0.622697,-14.954633,0.255797,0.072705734,1.6139451228,-0.1231755477
1.074268,-0.267236,-26.629477,1.413447,0.1088893893,1.6511930032,-0.0018538802
1.075317,0.777531,-22.374719,0.990736,0.1461372696,1.9332126689,0.1418165155
1.076366,0.784736,-0.595724,-1.81212,0.1163389653,2.2343883874,0.131174264
1.077383,-1.314404,8.890685,0.671302,0.0684488334,2.1684064279,-0.0369733103
1.078432,-1.746722,-3.172043,2.465418,0.0663203831,1.7991202995,-0.1689372293
1.079481,-1.127067,-18.313904,1.142047,0.0844122107,1.518164859,-0.1370104747
1.08053,-0.502609,-26.576801,2.225242,0.1301738923,1.5330640111,0.0375224505
1.081582,1.510068,-17.478276,-0.277394,0.1610364218,1.9332126689,0.2024773493
1.082597,1.450024,3.730864,-2.804048,0.1046324887,2.3482604788,0.1716148198
1.083646,-0.848462,8.478857,0.724141,0.0312009531,2.1960762819,-0.0231383833
1.085744,-2.414411,-24.199213,3.296428,0.0801553101,1.4968803559,-0.0912487931
1.086761,-0.605884,-27.378908,1.723274,0.1727428985,1.6075597719,0.0971190591
1.084695,-1.590607,-7.412435,2.837692,0.0226871518,1.7288814394,-0.1572307527
1.08781,3.854188,-10.288047,-4.158642,0.1684859979,2.0768830646,0.1790643959
1.08886,2.062473,7.537878,-3.687896,0.0631277077,2.453618769,0.0460362517
1.089908,-2.080566,3.110727,2.633542,0.0248156021,2.1907551561,-0.1370104747
1.090926,-2.640177,-12.414229,3.62547,0.0769626347,1.7214318633,-0.1785152557
1.091975,-3.411143,-23.775413,3.601452,0.155715296,1.553284289,-0.0465513367
1.093024,-0.404136,-22.762604,0.764971,0.2153119046,1.6884408836,0.1545872174
1.094073,4.348951,-5.283859,-5.472405,0.1546510709,2.1407365739,0.2067342499
1.095091,-2.450438,-1.481633,2.885727,0.0184302512,2.0673050383,-0.1167901968
1.096139,-2.500875,-17.001801,3.548613,0.0844122107,1.6107524473,-0.1274324483
1.097188,-2.620963,-24.20879,3.145117,0.1684859979,1.5490273884,0.0151737222
1.098237,1.30832,-18.227707,-1.581551,0.2046696531,1.8363681799,0.1631010186
1.100304,-0.236013,5.3255,-0.147699,0.0397147543,2.4174351138,-0.021009933
1.099286,4.248077,-1.838391,-5.395549,0.1259169917,2.2961134463,0.1418165155
1.101353,-3.156556,-4.450626,3.546211,0.0641919328,2.0204791315,-0.1433958257
1.102402,-2.784283,-18.577282,3.308437,0.1354950181,1.6597068044,-0.1082763956
1.10345,-2.099781,-23.849638,3.656692,0.2067981034,1.6522572283,0.0566785032
1.104468,1.740637,-13.482109,-2.155572,0.2227614807,1.9353411192,0.1769359456
1.105517,2.876671,1.429895,-5.671752,0.1248527666,2.3024987972,0.1130824364
1.106566,-1.465715,2.191297,1.050781,0.0354578537,2.2780216187,-0.0465513367
1.107615,-3.180574,-9.495518,4.309972,0.058870807,1.8363681799,-0.125303998
1.108632,-1.223137,-19.944455,2.41258,0.1291096672,1.5703118915,-0.0635789391
1.109681,0.047395,-20.741774,1.142047,0.1865778255,1.7373952406,0.0747703308
1.110731,0.784736,-9.141155,-2.705575,0.1908347261,2.1109382696,0.1386238401
1.111779,0.856789,2.804251,-3.339641,0.1227243163,2.3099483733,0.0502931523
1.112831,-1.328815,-0.79685,1.807336,0.0812195353,2.0949748923,-0.0912487931
1.113846,-2.227074,-13.925063,4.338793,0.1237885414,1.7075969363,-0.125303998
1.114895,-0.118327,-21.697119,1.944236,0.1769997991,1.628844275,-0.0156888072
1.115944,0.835173,-16.994618,-0.957093,0.18338515,1.9513044965,0.1162751118
1.116993,0.141064,-3.382746,-1.874566,0.14826572,2.2620582414,0.1258531382
1.118011,-0.236013,2.926363,-1.223688,0.0982471377,2.2343883874,0.0055956959
1.11906,-1.441698,-5.638222,2.078735,0.0844122107,1.940662245,-0.1072121704
1.120109,-1.902836,-17.909259,4.425256,0.1312381175,1.6448076523,-0.0848634422
1.121158,0.960064,-11.530714,-2.061903,0.1599721966,2.0598554622,0.1396880652
1.122175,-0.541037,0.682858,-0.625649,0.1323023427,2.252480215,0.0907337082
1.123224,-0.922917,0.869617,-0.202939,0.1152747402,2.0683692634,-0.0380375354
1.124273,-1.232744,-10.877057,1.689649,0.1184674157,1.7959276241,-0.1050837201
1.125322,-0.87248,-22.178383,3.38049,0.1493299451,1.6714132811,-0.0231383833
1.126372,1.145,-19.436854,-0.930673,0.1546510709,1.8959647885,0.1141466615
1.127389,0.659844,-4.725976,-2.393346,0.120595866,2.2652509168,0.1333027143
1.128438,-1.446501,3.350162,0.700123,0.106760939,2.2535444402,0.0194306229
1.129487,-1.501742,-3.246268,0.57283,0.120595866,1.9693963241,-0.1008268195
1.130536,-1.624232,-16.762366,1.487901,0.1429445942,1.7810284719,-0.1082763956
1.131553,-1.033398,-24.39555,2.138779,0.1716786733,1.7448448167,0.0109168216
1.132602,1.020108,-14.241117,-1.041154,0.1652933224,1.9470475959,0.1120182112
1.133651,0.208313,2.138622,-1.557533,0.1237885414,2.1864982555,0.061999629
1.1347,-1.756329,2.571999,1.130039,0.1184674157,2.0907179916,-0.0720927404
1.135718,-1.230343,-9.696643,1.583972,0.1493299451,1.8693591597,-0.1359462496
1.136767,-1.040603,-21.922187,1.653623,0.1684859979,1.7991202995,-0.0667716146
1.137815,-0.509814,-22.178383,1.790523,0.1716786733,1.8587169081,0.075834556
1.138865,1.469238,-5.595124,-1.245304,0.1376234684,2.0577270119,0.1226604628
1.139914,0.386043,5.744511,-1.910592,0.0780268598,2.169470653,0.0013387952
1.140931,-1.689079,-2.128107,1.852969,0.0854764359,1.9789743505,-0.131689349
1.14198,-1.405671,-16.266736,2.059521,0.1450730445,1.7735788959,-0.1338177993
1.143029,-1.028595,-25.027658,1.980262,0.18338515,1.7703862204,-0.0039823305
1.144081,0.729495,-17.437572,1.824148,0.1897705009,1.9108639407,0.1333027143
1.145095,2.492389,1.937497,-2.511033,0.134430793,2.1130667199,0.1045686351
1.146144,-0.053479,5.064516,-1.34858,0.065256158,2.1343512229,-0.0635789391
1.147193,-0.956542,-19.870231,0.186146,0.1610364218,1.8470104315,-0.0965699189
1.148242,0.167483,-23.86161,0.299029,0.1706144482,1.9395980198,0.0534858278
1.14926,0.587791,-12.325638,2.278081,0.1748713488,2.0704977137,0.1513945419
1.150309,0.960064,4.726913,-1.646398,0.1450730445,2.1513788254,0.0779630063
1.151358,-0.144746,3.443542,-1.00753,0.0971829126,2.100296018,-0.0859276674
1.152407,-1.696285,-11.880289,1.644016,0.1131462899,1.9800385757,-0.1444600508
1.153458,-1.84039,-24.730758,0.349466,0.1578437463,1.9587540726,-0.0359090851
1.154473,-0.625099,-21.883878,2.261269,0.1887062758,2.0385709591,0.1226604628
1.155522,0.835173,-2.415429,0.428724,0.1738071236,2.1056171438,0.1386238401
1.156571,0.506131,6.754926,-3.226758,0.1014398132,2.0736903892,-0.0135603569
1.15762,-1.251959,-4.419499,0.983531,0.0748341844,1.9736532247,-0.1370104747
1.158638,-1.32161,-18.301932,1.283751,0.1237885414,1.940662245,-0.1018910447
1.159686,-0.392128,-25.884834,-0.169315,0.1599721966,2.0140937806,0.034329775
1.160736,-0.74999,-16.340961,3.334856,0.1610364218,2.1215805211,0.1439449658
1.161785,-0.593876,4.20255,1.454277,0.1386876936,2.1258374217,0.0949906088
1.162802,-0.142344,6.0031,-1.615175,0.0971829126,2.00983688,-0.0699642901
1.163851,-0.697151,-8.580877,0.85864,0.0918617868,1.9576898474,-0.1497811766
1.1649,-0.406538,-21.474444,0.315841,0.1269812169,2.0321856082,-0.0689000649
1.166966,-1.232744,-10.201851,2.097949,0.1599721966,2.2131038843,0.1556514425
1.165949,-0.310468,-25.578358,0.16453,0.1535868457,2.1545715009,0.0822199069
1.168015,-0.682741,7.281683,-0.632855,0.1323023427,2.0768830646,0.0492289272
1.169064,-0.055881,1.599893,-1.281331,0.0918617868,1.8778729609,-0.111469071
1.170114,-0.574662,-13.441405,0.904273,0.0993113629,1.8640380339,-0.139138925
1.171163,0.016172,-24.620618,-0.347045,0.1440088193,2.003451529,-0.0273952839
1.17218,0.066609,-23.674851,0.263003,0.1642290973,2.1769202291,0.1141466615
1.173229,-1.849997,-3.531196,2.395767,0.1472014948,2.2535444402,0.1343669395
1.174278,-0.187978,-1.036284,0.159727,0.1291096672,1.8863867621,-0.1433958257
1.175327,-0.012649,-16.898844,-0.786568,0.1088893893,1.8949005634,-0.1359462496
1.176344,-0.005444,-27.68299,-0.214948,0.1184674157,2.0768830646,-0.0007896551
1.177393,-0.099113,-19.439248,0.306234,0.1408161439,2.2907923205,0.1301100388
1.178442,-1.929255,2.861715,0.512786,0.1184674157,2.3035630224,0.0928621585
1.179491,-2.027728,6.965629,1.348599,0.0918617868,2.0066442045,-0.0720927404
1.180509,-0.488198,-6.550469,0.846631,0.1078251641,1.7235603136,-0.1689372293
1.181558,-0.228808,-19.441642,0.392698,0.1291096672,1.7150465124,-0.1018910447
1.182607,0.674255,-25.341317,0.35427,0.1493299451,1.9608825229,0.0683849799
1.183656,0.861592,-12.861972,-0.154904,0.1610364218,2.3099483733,0.1790643959
1.184708,-1.297592,5.256064,0.923487,0.128045442,2.3535816046,0.1056328603
1.185722,-1.648249,3.134671,1.987468,0.0939902371,2.017286456,-0.0614504888
1.186771,-0.493002,-11.145224,1.209297,0.1056967138,1.7544228431,-0.1370104747
1.187821,-0.284048,-24.433859,0.539205,0.1365592433,1.7789000216,-0.0593220385
1.188869,1.325132,-25.013291,-1.091591,0.1472014948,2.0630481376,0.0747703308
1.189886,1.687798,-4.991748,-2.330901,0.1131462899,2.4206277893,0.0907337082
1.190935,-1.408073,8.335196,1.166065,0.072705734,2.3897652598,-0.0540009127
1.191985,-2.428822,-0.466429,3.231581,0.0716415089,2.0119653303,-0.1912859576
1.193034,-1.950871,-14.911535,1.953843,0.114210515,1.7427163664,-0.1795794809
1.194051,-1.352833,-25.2216,2.121966,0.1801924746,1.7150465124,-0.0103676814
1.1951,1.810288,-19.910935,-1.833736,0.1897705009,2.0258002573,0.1769359456
1.196149,2.100901,1.049193,-4.110606,0.1056967138,2.4589398948,0.1833212965
1.197198,-1.146281,8.3759,1.094012,0.0333294034,2.3652880813,0.0109168216
1.198247,-1.693883,-5.736391,2.940967,0.0429074297,1.8842583118,-0.1306251238
1.199264,-1.535366,-21.790498,2.902539,0.106760939,1.6437434271,-0.0997625944
1.200313,3.770126,-14.284215,-4.631789,0.1780640243,2.2503517647,0.1354311646
1.201362,2.055268,6.357464,-3.759949,0.065256158,2.6877483028,0.0226232983
1.202411,-2.159825,4.990291,2.866513,0.037586304,2.4653252457,-0.1582949778
1.203429,-3.022057,-10.915367,3.471757,0.1056967138,1.9502402714,-0.2189558116
1.204478,-3.627301,-22.700351,4.22591,0.1897705009,1.7256887639,-0.0965699189
1.205527,-0.658723,-22.697956,1.766506,0.2621378114,1.8193405775,0.117339337
1.206576,4.192836,-7.455533,-6.084855,0.1961558519,2.2620582414,0.1982204487
1.207593,1.303516,5.974368,-3.169116,0.0429074297,2.5866469132,0.0683849799
1.208642,-2.604151,0.268636,3.510185,0.0045953242,2.2322599371,-0.0986983692
1.209691,-2.527294,-14.360834,3.399704,0.0609992574,1.7139822872,-0.1433958257
1.21074,-2.894764,-24.115411,4.077001,0.1440088193,1.5979817455,-0.0263310588
1.211789,0.892815,-20.476001,-0.140494,0.2036054279,1.8661664842,0.1343669395
1.212807,4.476244,-2.978101,-5.719787,0.1376234684,2.3780587831,0.1343669395
1.213856,0.102635,5.988734,-0.493553,0.0354578537,2.5653624102,-0.0305879594
1.214905,-3.132538,-4.237529,3.798396,0.0450358801,2.1577641763,-0.1646803287
1.215956,-2.618561,-18.045737,3.233982,0.1184674157,1.7586797437,-0.1423316005
1.216971,-1.763534,-23.502457,2.787255,0.18338515,1.7640008695,0.0077241462
1.21802,1.863127,-15.543643,-2.066707,0.1982843022,2.0992317929,0.1364953898
1.219069,3.03999,0.208777,-4.389211,0.1174031905,2.5164080531,0.0960548339
1.220118,-1.05021,3.924806,0.315841,0.023751377,2.5004446758,-0.0635789391
1.221135,-3.194984,-8.051726,3.882458,0.0343936285,2.0321856082,-0.1625518784
1.222184,-2.046942,-20.143186,3.834423,0.1110178396,1.7256887639,-0.1050837201
1.223233,-0.677937,-21.716273,1.439866,0.1684859979,1.8470104315,0.0471004769
1.224283,1.099367,-10.153964,-3.10667,0.1652933224,2.2045900831,0.1301100388
1.2253,1.478845,2.931151,-3.553398,0.0939902371,2.4472334181,0.0502931523
1.226349,-2.512884,-13.063098,4.367614,0.0780268598,1.8682949345,-0.1433958257
1.227398,-0.111121,-22.362748,2.580703,0.1525226206,1.7703862204,-0.0401659857
1.228447,1.178625,-17.882921,-1.459061,0.1642290973,2.1034886935,0.0939263836
1.229496,0.011368,-4.2495,-2.282865,0.1174031905,2.46000412,0.1088255358
1.230513,-0.567456,2.447493,-0.265385,0.0748341844,2.4472334181,-0.0050465557
1.231563,-1.415278,-4.922312,2.040307,0.0695130586,2.1322227726,-0.1242397729
1.232612,-2.258297,-17.181377,4.588576,0.1078251641,1.816147902,-0.1189186471
1.23366,-0.125532,-21.812047,0.952308,0.1472014948,1.8246617032,0.0098525965
1.234678,1.433212,-12.105358,-3.013001,0.1365592433,2.1822413549,0.1056328603
1.235727,-0.228808,1.049193,-1.137225,0.100375588,2.3918937101,0.0513573775
1.236776,-1.472921,0.115397,0.15012,0.0780268598,2.224810361,-0.076349641
1.237825,-1.729909,-11.21466,3.166733,0.0939902371,1.9662036487,-0.131689349
1.238842,-0.966149,-20.509522,3.181144,0.1248527666,1.8491388818,-0.0508082373
1.239891,1.365962,-19.259672,-2.414962,0.0993113629,2.0662408131,0.0790272315
1.24094,0.895217,-5.659772,-1.828932,0.0546139064,2.4429765175,0.1066970855
1.241989,-1.681874,3.153826,1.329385,0.0663203831,2.4142424384,0.0013387952
1.243039,-1.633839,-3.116973,1.300564,0.1025040383,2.0822041904,-0.1221113226
1.244056,-1.230343,-16.59955,2.340527,0.1386876936,1.8746802855,-0.1338177993
1.245105,-0.468984,-25.092305,1.029165,0.1589079715,1.8544600075,-0.0220741581
1.246154,1.418801,-15.148575,-2.691165,0.1237885414,2.1269016469,0.0726418805
1.247203,0.374034,2.545661,-1.521507,0.0737699592,2.4312700408,0.0194306229
1.24822,-1.631437,3.742835,1.891397,0.0780268598,2.3024987972,-0.1189186471
1.249269,-1.506545,-9.220168,1.58157,0.120595866,2.0109011051,-0.1859648318
1.250318,-1.360038,-21.859934,1.555151,0.1461372696,1.9342768941,-0.1061479453
1.251368,0.047395,-22.614154,1.074798,0.141880369,2.0492132106,0.0630638542
1.252385,-0.065488,5.327894,-1.406222,0.0397147543,2.3589027304,0.0077241462
1.254483,-1.520956,-15.517305,2.664765,0.1227243163,1.9225704174,-0.1582949778
1.253435,-1.967684,-1.467267,2.071529,0.0546139064,2.1439292493,-0.139138925
1.255532,-1.052612,-25.116248,1.920218,0.1642290973,1.8885152124,-0.0444228864
1.256584,0.984082,-18.119962,0.642481,0.162100647,2.0385709591,0.0779630063
1.257599,2.199374,1.13539,-2.650335,0.0961186874,2.2833427445,0.0471004769
1.258648,-0.836454,4.348606,-0.620846,0.0429074297,2.3163337242,-0.1082763956
1.259697,-2.594544,-7.941586,3.438132,0.0971829126,2.0981675677,-0.194478633
1.260746,-0.915712,-19.070518,-0.306215,0.1535868457,1.996001953,-0.1284966735
1.261763,0.088225,-23.296544,-0.097262,0.1493299451,2.127965872,0.0268801989
1.262812,0.234732,-10.886635,2.414981,0.1440088193,2.2865354199,0.1258531382
1.263862,0.501328,5.181839,-1.788102,0.1088893893,2.2971776715,0.048164702
1.26491,-0.6275,1.920736,-0.349447,0.0758984095,2.1652137524,-0.111469071
1.265928,-1.753927,-12.687185,1.896201,0.1088893893,2.037506734,-0.1614876533
1.266977,-0.963747,-24.821744,-0.661676,0.1450730445,2.0502774358,-0.0582578134
1.268026,0.028181,-23.207953,2.22284,0.1578437463,2.1779844542,0.0875410327
1.269075,0.592595,-3.507252,1.170869,0.1408161439,2.2716362678,0.1056328603
1.270124,0.525345,8.428576,-3.099464,0.0812195353,2.252480215,-0.0454871115
1.271141,-0.898899,-1.414592,0.647284,0.0641919328,2.2024616328,-0.1838363815
1.272191,-1.393662,-17.717711,1.485499,0.1152747402,2.2045900831,-0.1614876533
1.27324,-0.853266,-27.821862,0.743355,0.1631648721,2.238645288,-0.0061107808
1.274289,-0.846061,-18.031371,3.294026,0.1887062758,2.2844069696,0.1343669395
1.275306,-0.175969,3.936778,0.534402,0.1642290973,2.266315142,0.0960548339
1.276355,0.131456,6.814785,-2.013868,0.0918617868,2.1598926266,-0.0795423164
1.278453,-0.77641,-25.793849,0.558419,0.1237885414,2.2269388113,0.0290086492
1.27947,-1.256762,-11.920993,2.465418,0.1333665678,2.2705720426,0.1162751118
1.280519,-0.980559,5.555357,0.097281,0.120595866,2.2024616328,0.0385866756
1.277404,-0.788418,-7.414829,0.743355,0.065256158,2.1120024947,-0.1785152557
1.281568,-0.101514,2.066791,-1.178055,0.0886691114,2.0534701113,-0.1093406207
1.282618,0.141064,-10.980014,0.263003,0.0833479856,2.0481489855,-0.1582949778
1.283667,-0.159157,-23.844849,-0.030012,0.120595866,2.1758560039,-0.0848634422
1.284684,-0.901301,-25.475401,1.535936,0.169550223,2.3056914727,0.0396509008
1.285733,-1.328815,-4.014854,1.384625,0.1748713488,2.3812514586,0.0673207548
1.286782,-0.901301,10.142929,-0.671283,0.1365592433,2.2897280954,-0.0710285152
1.287833,-0.725973,-1.371493,-0.020405,0.0961186874,2.1109382696,-0.2019282091
1.288848,-0.949336,-17.708134,0.810604,0.0971829126,2.0736903892,-0.1678730042
1.289897,-0.10872,-26.524125,0.897068,0.1461372696,2.2013974076,-0.0050465557
1.290946,0.551765,-17.413629,0.40951,0.1823209249,2.3812514586,0.1354311646
1.291996,-0.769204,3.263966,0.121299,0.1472014948,2.4057286371,0.10350441
1.293013,-1.477724,6.039016,0.534402,0.1014398132,2.1311585475,-0.0614504888
1.294062,-0.348896,-7.77877,0.243788,0.1035682635,1.8448819811,-0.1625518784
1.295111,0.280366,-21.244587,0.008416,0.1248527666,1.8757445106,-0.1125332962
1.29616,0.633425,-27.340598,0.263003,0.14826572,2.1535072757,0.0173021725
1.297177,0.739102,-13.316898,-0.080449,0.1525226206,2.473839047,0.0886052578
1.298226,-0.915712,7.489991,1.019558,0.1259169917,2.5866469132,-0.0050465557
1.299275,-1.739516,6.429295,1.92262,0.1163389653,2.3599669555,-0.1742583551
1.300324,-1.348029,-10.256921,0.918684,0.1354950181,2.0736903892,-0.2327907386
1.301373,-1.602616,-25.3485,1.876987,0.1738071236,1.9917450524,-0.1104048459
1.302391,0.414864,-26.47145,-0.164511,0.211055004,2.1609568518,0.0928621585
1.304488,-1.849997,1.121024,2.321313,0.0503570058,2.0822041904,-0.180643706
1.305538,-1.641044,-17.068843,2.63114,0.1014398132,1.7810284719,-0.1955428582
1.306554,-1.175102,-26.70849,3.049047,0.1812566997,1.8086983259,-0.0433586612
1.307604,2.271427,-21.620499,-0.997923,0.2036054279,2.1811771297,0.1077613106
1.303439,1.959197,-6.045262,-3.330034,0.175935574,2.4631967954,0.1599083431
1.308653,2.922304,-1.235015,-2.717584,0.1408161439,2.6494361973,0.0928621585
1.309702,-0.870078,9.285752,1.331787,0.0822837604,2.6483719722,-0.0806065416
1.31072,-1.984496,-2.365148,2.650354,0.0897333365,2.2322599371,-0.2242769373
1.311768,-2.33035,-18.538973,2.556685,0.141880369,1.9395980198,-0.1955428582
1.312817,-2.092575,-26.476238,2.124368,0.2142476795,1.9395980198,-0.0093034563
1.313866,2.290641,-17.138279,-3.635057,0.2078623286,2.2578013408,0.145009191
1.314915,2.850251,2.152988,-4.326765,0.1046324887,2.6164452175,0.089669483
1.315932,-1.40327,6.187465,2.047512,0.0578065819,2.4759674973,-0.0891203428
1.316982,-2.294323,-6.765961,3.077868,0.1014398132,2.0417636346,-0.1955428582
1.318031,-2.500875,-21.223038,2.97219,0.1684859979,1.8342397296,-0.131689349
1.319082,-1.513751,-25.33174,1.932227,0.2365964077,1.9427906953,0.0534858278
1.320097,3.095231,-11.509165,-4.189864,0.211055004,2.3918937101,0.1492660916
1.321146,2.679726,5.112403,-3.399685,0.0993113629,2.7962992685,0.0332655499
1.322195,-1.787551,2.698899,3.082671,0.0673846083,2.5951607145,-0.145524276
1.323245,-2.817907,-12.021556,3.404507,0.1184674157,2.1151951702,-0.2051208846
1.324262,-2.827514,-23.215136,2.734416,0.1855136003,1.9066070401,-0.1018910447
1.325311,-0.401735,-21.979652,0.683311,0.2461744341,2.0343140585,0.0641280793
1.32636,3.287372,-6.370893,-4.94642,0.2067981034,2.4440407427,0.10350441
1.327409,0.878405,5.478738,-2.756012,0.0993113629,2.6962621041,-0.0305879594
1.32846,-2.618561,-0.909384,3.248393,0.0844122107,2.3791230083,-0.1753225803
1.329475,-2.635374,-14.887591,3.402106,0.1440088193,1.9427906953,-0.1859648318
1.330524,1.024912,-17.73926,-0.54399,0.2461744341,2.1673422027,0.1077613106
1.331574,2.758984,-1.910222,-4.679824,0.1908347261,2.5951607145,0.1109539861
1.332622,-0.171166,4.561703,-1.319759,0.086540661,2.7005190047,-0.0380375354
1.33364,-2.553714,-5.944699,3.611059,0.0801553101,2.2982418966,-0.1646803287
1.334689,-1.837988,-19.83671,4.02176,0.1514583954,1.9278915431,-0.1402031502
1.335738,-0.841257,-23.322881,2.460615,0.2216972556,1.9693963241,-0.0061107808
1.336787,0.611809,-12.090992,-2.225223,0.2376606329,2.2673793671,0.075834556
1.337804,1.490854,2.129044,-3.868028,0.1684859979,2.5057658016,0.0034672456
1.338853,-0.769204,2.349324,0.844229,0.1035682635,2.4280773654,-0.1412673753
1.339902,-2.496071,-10.221006,3.932895,0.1333665678,2.1013602432,-0.1976713085
1.340951,-0.680339,-21.551063,2.801665,0.1993485273,1.9470475959,-0.0986983692
1.342,1.046528,-19.707415,-0.918664,0.2121192292,2.2290672616,0.0556142781
1.343018,0.5998,-6.354133,-2.909725,0.1716786733,2.6153809924,0.1045686351
1.344067,-0.072693,2.703688,-0.714515,0.1248527666,2.6398581709,0.0109168216
1.345116,-1.220736,-2.089798,1.473491,0.1056967138,2.3471962537,-0.117854422
1.346165,-2.356769,-15.117449,3.827218,0.1333665678,2.0045157542,-0.1444600508
1.347182,-0.769204,-23.308515,3.457346,0.1908347261,1.8800014112,-0.0327164097
1.348231,1.265088,-15.452657,-1.142028,0.2142476795,2.155635726,0.0811556818
1.34928,0.964868,0.443423,-2.969769,0.1801924746,2.49512355,0.0502931523
1.350329,-0.288852,2.785096,-0.815389,0.1312381175,2.4855455236,-0.0880561177
1.351346,-1.984496,-10.065373,3.046645,0.1323023427,2.2418379635,-0.166808779
1.352396,-2.296725,-21.287685,4.619799,0.1908347261,2.0343140585,-0.0955056937
1.353445,0.842378,-19.982765,-1.057967,0.1940274016,2.1428650242,0.0417793511
1.354494,1.930376,-7.263985,-4.08899,0.1152747402,2.5472705826,0.0790272315
1.355511,-1.083835,3.331007,0.457545,0.079091085,2.6505004225,-0.0231383833
1.35656,-1.955675,-0.454458,1.49991,0.1088893893,2.3344255518,-0.1540380772
1.357609,-1.729909,-25.168924,3.495774,0.2185045801,1.9725889996,-0.0720927404
1.358658,1.125786,-19.017843,-1.821727,0.2153119046,2.1492503751,0.0683849799
1.35971,1.570112,0.383564,-3.601433,0.1408161439,2.4898024243,0.0492289272
1.360724,-1.304797,6.043804,1.096414,0.106760939,2.4568114445,-0.1061479453
1.361773,-1.977291,-6.598356,2.443803,0.1440088193,2.1652137524,-0.2104420103
1.362822,-1.299994,-20.696281,1.634409,0.1929631764,2.0758188395,-0.1561665275
1.363871,0.153072,-24.45062,0.997942,0.2067981034,2.1864982555,0.0045314707
1.364889,1.961599,-10.26171,-1.262116,0.1631648721,2.4206277893,0.0939263836
1.365937,0.621416,5.71099,-1.970636,0.0971829126,2.5621697347,-0.0018538802
1.366987,-1.617026,1.535246,1.485499,0.100375588,2.3716734322,-0.1604234281
1.368036,-2.102182,-13.798163,2.83529,0.1716786733,2.114130945,-0.2029924343
1.369053,-1.797159,-24.948644,1.430259,0.224889931,2.0470847603,-0.0923130183
1.370102,0.755915,-21.167968,0.534402,0.2270183813,2.1535072757,0.0534858278
1.371151,2.68453,-1.421775,-2.43898,0.1631648721,2.3791230083,0.0545500529
1.3722,-0.04147,7.269711,-1.264518,0.0844122107,2.4727748218,-0.0997625944
1.373249,-2.474455,-4.646962,3.851235,0.120595866,2.3131410488,-0.2146989109
1.374266,-1.518554,-18.651507,1.053182,0.2057338783,2.1737275536,-0.1700014545
1.375315,-0.262432,-24.843293,-1.180457,0.2131834543,2.2365168377,-0.0156888072
1.376364,0.491721,-15.299419,1.552749,0.1844493752,2.4067928623,0.1098897609
1.377414,1.000894,3.096361,-0.368661,0.1440088193,2.4898024243,0.0694492051
1.378431,-0.444966,5.428457,-0.114074,0.1035682635,2.3727376574,-0.0997625944
1.379479,-2.073361,-8.552145,3.392499,0.1408161439,2.1737275536,-0.1997997588
1.380529,-1.07663,-23.600626,0.217369,0.1993485273,2.127965872,-0.1242397729
1.381578,0.131456,-26.258353,-0.311019,0.1855136003,2.3035630224,0.034329775
1.382595,0.292375,-7.556096,1.910611,0.1408161439,2.4770317224,0.0843483572
1.383644,-0.934926,0.979757,0.479161,0.106760939,2.3056914727,-0.2061851097
1.384693,-1.941264,-14.827732,2.237251,0.1769997991,2.2471590892,-0.2061851097
1.385742,-0.512216,-26.380465,-2.378936,0.211055004,2.3301686512,-0.0582578134
1.386791,-0.228808,-22.846406,0.606455,0.175935574,2.501508901,0.1013759597
1.387808,-0.802829,-0.387416,3.740754,0.1546510709,2.515343828,0.1077613106
1.388857,-0.072693,10.98574,-1.574346,0.1312381175,2.3184621745,-0.0731569655
1.389906,-0.420949,-2.894299,-0.157306,0.1152747402,2.1843698052,-0.2242769373
1.390958,-1.021389,-21.019518,2.035503,0.1589079715,2.2077827585,-0.1774510306
1.391973,-0.070292,-29.040586,-1.543123,0.1844493752,2.335489777,-0.007175006
1.393022,-0.219201,-16.934759,0.822613,0.1610364218,2.4983162255,0.10350441
1.394071,-0.927721,5.636765,2.50865,0.1440088193,2.4557472193,0.0322013247
1.39512,-0.553046,7.200275,-0.546391,0.1301738923,2.2280030365,-0.1465885011
1.396137,-0.665929,-8.291161,0.428724,0.1397519187,2.1566999512,-0.2264053876
1.397186,-0.589072,-22.219087,0.025228,0.1769997991,2.280150069,-0.1338177993
1.398235,0.047395,-27.07722,-1.622381,0.1791282494,2.4940593249,0.0353940002
1.399284,-0.822043,-10.656777,0.678507,0.14826572,2.6622068992,0.1152108867
1.400336,-1.513751,7.619286,1.557552,0.1354950181,2.5004446758,0.0087883713
1.40135,-0.812436,2.514535,1.146851,0.1354950181,2.1737275536,-0.1582949778
1.4024,-1.05021,-12.514792,1.619998,0.1578437463,2.0822041904,-0.1987355336
1.403449,-0.339289,-25.45864,0.20536,0.2078623286,2.210975434,-0.0859276674
1.404498,1.116179,-23.660484,-1.093993,0.2163761298,2.4706463715,0.0545500529
1.405515,-0.577063,-2.113741,0.229378,0.1631648721,2.6590142237,0.0566785032
1.406564,-1.967684,8.529138,1.927424,0.1376234684,2.4568114445,-0.0955056937
1.407613,-1.256762,-2.973312,1.716069,0.155715296,2.1151951702,-0.2242769373
1.408662,-1.0358,-17.605177,1.483098,0.1855136003,2.0353782837,-0.1902217324
1.409679,1.94959,-17.18856,-2.99859,0.1865778255,2.5376925562,0.1077613106
1.410728,-0.665929,2.095524,0.154923,0.1184674157,2.7345742096,0.0705134302
1.411778,-1.751525,5.928876,2.20843,0.0950544623,2.4791601727,-0.0912487931
1.412826,-0.942131,-7.347787,1.605588,0.120595866,2.1098740444,-0.2019282091
1.413875,-1.439296,-21.824019,3.205161,0.1780640243,1.9938735027,-0.152973852
1.414892,1.132991,-26.974263,-0.637658,0.2302110568,2.2035258579,-0.0061107808
1.415941,3.152873,-11.274519,-4.607771,0.1929631764,2.6845556274,0.0556142781
1.41699,-0.40894,8.174775,0.299029,0.1152747402,2.8878226317,-0.0635789391
1.41804,-2.267904,4.094805,2.801665,0.1099536144,2.536628331,-0.2338549637
1.419057,-2.174235,-12.931408,2.551882,0.1642290973,2.1439292493,-0.2689743938
1.420106,-2.904371,-24.374,4.502113,0.2461744341,2.0055799793,-0.1167901968
1.421155,0.748709,-22.245424,-1.52631,0.2727800629,2.1960762819,0.0928621585
1.422204,2.94392,-4.405133,-5.714983,0.1684859979,2.6653995746,0.1482018664
1.423221,-0.846061,8.466885,1.089209,0.0567423567,2.7526660372,0.0045314707
1.42427,-1.977291,-0.418543,2.943369,0.0461001052,2.2854711948,-0.1700014545
1.425319,-1.936461,-17.782359,3.575033,0.1110178396,1.9034143646,-0.1976713085
1.426368,-1.782748,-27.979889,4.461283,0.2227614807,1.8778729609,-0.0571935882
1.427386,3.090427,-20.037835,-4.36039,0.2365964077,2.2844069696,0.075834556
1.428434,3.724493,1.496936,-5.534851,0.1195316408,2.8803730557,0.0247517486
1.429484,-1.415278,8.158014,2.383759,0.072705734,2.8920795323,-0.1561665275
1.430533,-2.620963,-5.496956,3.015422,0.1237885414,2.4036001868,-0.2764239699
1.431584,-2.813104,-20.037835,3.985734,0.2057338783,2.0843326407,-0.2189558116
1.432599,-1.722704,-24.364423,3.308437,0.2972572415,2.0704977137,-0.0252668336
1.433648,2.989553,-14.128583,-4.79751,0.2706516126,2.4482976433,0.1109539861
1.434697,2.230597,2.234396,-4.17065,0.1397519187,2.8910153072,0.0545500529
1.435746,-2.217467,-8.195387,2.491838,0.100375588,2.1375438984,-0.2274696128
1.436763,-2.959611,-23.622175,4.252329,0.1748713488,1.9161850664,-0.1476527263
1.437812,-0.517019,-23.782596,1.610391,0.2578809108,2.0971033426,0.048164702
1.438861,4.255282,-7.070043,-6.065641,0.2163761298,2.6047387409,0.1088255358
1.43991,1.536487,4.913672,-3.26999,0.0961186874,2.9303916379,-0.0263310588
1.440927,-2.947603,-1.208678,3.791191,0.079091085,2.6015460654,-0.1774510306
1.441976,-3.149351,-14.061541,3.793593,0.1535868457,2.1396723487,-0.2040566594
1.443026,-2.318341,-22.841617,3.236384,0.2397890832,2.037506734,-0.0912487931
1.444075,0.611809,-19.724175,-0.068441,0.2855507648,2.2311957119,0.048164702
1.445124,2.65811,-3.998094,-4.953625,0.2216972556,2.6217663433,0.0460362517
1.446141,-0.101514,5.200994,-1.038753,0.1291096672,2.7962992685,-0.0944414686
1.44719,-2.697819,-3.253451,3.841628,0.1269812169,2.4695821463,-0.2157631361
1.448239,-1.917247,-17.332221,3.327651,0.1791282494,2.1258374217,-0.194478633
1.449288,-0.538635,-23.607809,0.637677,0.2174403549,2.1939478315,-0.0529366876
1.450305,0.496524,-15.311391,-2.196402,0.2142476795,2.5121511525,0.0588069535
1.451354,1.072947,0.706801,-2.352516,0.1663575476,2.7154181568,0.0151737222
1.452403,-0.536233,4.204945,0.04204,0.1163389653,2.5983533899,-0.1380746999
1.453452,-2.349564,-8.647919,3.642282,0.128045442,2.2514159898,-0.2264053876
1.454469,-1.340824,-22.123313,4.56696,0.1929631764,2.0300571579,-0.1444600508
1.455519,0.643032,-21.725851,0.820211,0.2259541562,2.2237461358,0.0151737222
1.456567,1.373168,-7.21131,-3.032215,0.1887062758,2.6164452175,0.0726418805
1.457616,0.871199,3.520161,-1.920199,0.1269812169,2.744152236,-0.0284595091
1.458665,-0.956542,-1.316423,1.473491,0.1078251641,2.5408852316,-0.1625518784
1.459682,-2.400001,-14.171681,3.771977,0.1567795212,2.2311957119,-0.1891575073
1.460731,-0.946935,-22.956546,2.679175,0.2067981034,2.0992317929,-0.076349641
1.46178,0.68146,-1.412197,-2.693567,0.1354950181,2.6920052035,0.0300728744
1.462829,-0.855668,2.198481,-0.157306,0.1110178396,2.6143167672,-0.0997625944
1.463846,-1.672267,-7.165817,2.376553,0.1493299451,2.3365540021,-0.1912859576
1.464895,-2.020522,-18.706577,3.656692,0.2153119046,2.1428650242,-0.152973852
1.465945,0.275562,-22.8488,0.118897,0.2344679574,2.2013974076,-0.0220741581
1.466993,1.89435,-10.680721,-3.428506,0.18338515,2.591968039,0.0460362517
1.46801,-0.440163,3.793117,-0.419098,0.1376234684,2.7877854673,-0.0412302109
1.469059,-1.713097,1.484965,1.507115,0.1429445942,2.536628331,-0.1838363815
1.470108,-1.693883,-12.737466,1.920218,0.175935574,2.293984996,-0.2306622883
1.471157,-1.828381,-25.341317,3.262803,0.2216972556,2.2280030365,-0.1157259717
1.472209,0.510935,-20.191073,-1.435043,0.2174403549,2.3706092071,0.0353940002
1.473224,1.488452,-0.396993,-3.904055,0.1408161439,2.6526288728,0.0268801989
1.474273,-1.086237,6.204226,1.000344,0.1078251641,2.6143167672,-0.1242397729
1.475322,-2.068558,-4.886397,2.174805,0.1472014948,2.3088841481,-0.2370476392
1.476371,-1.470519,-19.183053,1.956245,0.1993485273,2.1620210769,-0.1997997588
1.477388,-0.197585,-25.468218,2.338125,0.2344679574,2.210975434,-0.0369733103
1.478437,2.146535,-13.280983,-1.391812,0.2067981034,2.4482976433,0.0779630063
1.479486,1.495657,4.195367,-2.753611,0.1291096672,2.6877483028,0.0045314707
1.480535,-1.263967,3.450725,1.314974,0.1120820647,2.5813257875,-0.1572307527
1.481552,-1.974889,-10.419737,2.578301,0.1738071236,2.3280402009,-0.2306622883
1.482601,-1.571393,-23.20077,1.127637,0.2312752819,2.252480215,-0.1497811766
1.48365,0.220322,-23.418655,1.009951,0.2461744341,2.3333613267,0.0034672456
1.484699,2.043259,-5.894418,-1.742469,0.197220077,2.5121511525,0.0439078014
1.485719,0.234732,6.532252,-1.992252,0.1216600911,2.5983533899,-0.0891203428
1.486766,-2.116593,-1.36431,3.190751,0.1461372696,2.4568114445,-0.2232127122
1.487815,-0.798025,-24.749913,-0.09486,0.2514955599,2.3440035782,-0.0678358397
1.488864,0.604604,-16.901238,1.63681,0.2344679574,2.4898024243,0.0726418805
1.489912,1.565309,1.765103,-1.708844,0.1823209249,2.6185736679,0.0460362517
1.49093,-0.296057,5.040572,-0.824996,0.1259169917,2.5823900126,-0.1199828723
1.491979,-2.133405,-7.819474,3.274812,0.1567795212,2.3993432862,-0.2210842619
1.493028,-1.292788,-21.788104,0.488768,0.2206330304,2.3014345721,-0.159359203
1.494077,-0.557849,-26.528914,1.101218,0.2419175335,2.398279061,-0.0114319066
1.495094,-0.207192,-11.054239,2.112359,0.2216972556,2.5430136819,0.061999629
1.496143,0.717486,7.382245,-2.001859,0.1503941703,2.5664266353,-0.0476155618
1.497192,-0.31287,4.679026,-0.327831,0.1120820647,2.49512355,-0.2178915864
1.498241,-1.792355,-11.274519,1.583972,0.155715296,2.4482976433,-0.2572679171
1.499258,-1.312003,-26.555252,-0.668881,0.2078623286,2.4749032721,-0.1274324483
1.500307,-0.733178,-25.405965,1.653623,0.2344679574,2.5632339599,0.0598711787
1.501356,-0.269638,-3.619787,1.634409,0.2280826065,2.605802966,0.1098897609
1.502405,0.386043,9.695186,-2.198804,0.1748713488,2.515343828,-0.0454871115
1.503454,-0.608286,-0.294036,0.363877,0.14826572,2.3993432862,-0.2125704606
1.504472,-1.66266,-16.941942,2.107556,0.1929631764,2.3695449819,-0.2125704606
1.50552,-0.728374,-27.718905,-1.009931,0.2312752819,2.4376553917,-0.076349641
1.506569,-0.267236,-20.260509,0.923487,0.2312752819,2.5834542378,0.048164702
1.507618,-0.889292,1.08032,2.023494,0.211055004,2.6121883169,0.020494848
1.508635,-0.57226,7.008727,-1.187662,0.1780640243,2.4482976433,-0.1327535741
1.509684,-0.207192,-4.560766,-0.315822,0.169550223,2.3684807567,-0.235983414
1.510733,-0.471386,-18.704183,1.250127,0.1982843022,2.4546829942,-0.1891575073
1.511782,-0.673134,-27.22567,1.029165,0.2259541562,2.5685550856,-0.0359090851
1.5128,-1.088639,-14.655339,1.74489,0.2270183813,2.6664637998,0.0832841321
1.513849,-1.218334,6.209014,1.41825,0.2036054279,2.5877111384,0.0194306229
1.514897,-0.372914,-10.177907,-0.457526,0.1525226206,2.2269388113,-0.2285338379
1.515946,-0.315271,-25.279064,0.383091,0.1876420506,2.363159631,-0.1359462496
1.516995,0.854387,-26.346944,-0.034816,0.2131834543,2.5823900126,0.0151737222
1.518012,0.280366,-4.50809,-0.311019,0.1961558519,2.7633082888,0.0471004769
1.519062,-1.513751,9.635327,1.276546,0.1812566997,2.6590142237,-0.090184568
1.520111,-1.472921,-1.328395,1.792925,0.1876420506,2.3567742801,-0.2232127122
1.52116,-0.733178,-16.156596,0.707329,0.2153119046,2.2407737383,-0.20831356
1.522177,0.364427,-25.07315,0.073263,0.2568166856,2.3461320285,-0.0646431643
1.523226,1.409194,-19.927695,-1.202072,0.2557524605,2.5930322642,0.075834556
1.524275,-0.166362,-0.294036,-0.894647,0.2004127525,2.799491944,0.0630638542
1.525324,-1.648249,7.217035,1.740086,0.175935574,2.6451792967,-0.0912487931
1.526344,-0.836454,-3.286972,1.531133,0.1940274016,2.3120768236,-0.2210842619
1.52739,-1.107853,-19.484741,0.534402,0.2036054279,2.1992689573,-0.2040566594
1.528439,-0.480993,-30.685503,1.182877,0.2397890832,2.3525173794,-0.0508082373
1.529488,1.906359,-16.230821,-0.541588,0.2642662617,2.6760418262,0.0609354038
1.530537,0.446087,8.521955,-1.286134,0.2099907789,2.8729234796,-0.0337806348
1.531555,-2.1262,7.08774,2.114761,0.1738071236,2.6643353495,-0.2178915864
1.532603,-2.075763,-9.85467,3.209965,0.2025412028,2.3291044261,-0.2742955196
1.533652,-1.811569,-21.792893,2.081136,0.2344679574,2.2024616328,-0.1636161036
1.534701,0.424471,-25.396387,0.407108,0.2536240102,2.3205906248,0.0258159738
1.53572,2.35789,-11.478039,-2.206009,0.2227614807,2.6505004225,0.1258531382
1.536768,0.09543,7.636046,-0.81779,0.1429445942,2.8143910961,0.0279444241
1.537816,-1.11746,5.222543,1.346197,0.1078251641,2.5185365034,-0.1582949778
1.538865,-1.07663,-12.931408,2.46782,0.1440088193,2.1726633285,-0.2274696128
1.539882,-1.994103,-27.79313,3.745558,0.2259541562,2.1173236205,-0.1050837201
1.540932,4.344147,-2.312472,-5.938347,0.2174403549,2.8803730557,0.0513573775
1.541981,-0.288852,8.785334,0.070862,0.1376234684,3.0431995042,-0.125303998
1.54303,-2.858737,-2.894299,3.805602,0.1663575476,2.6834914022,-0.2551394668
1.544079,-2.620963,-17.35377,2.717603,0.2408533083,2.3344255518,-0.222148487
1.545097,-3.103717,-24.20879,3.647085,0.3132206188,2.2514159898,-0.0518724624
1.546145,1.197839,-17.164617,-2.09793,0.3196059697,2.4631967954,0.10350441
1.547194,3.741305,0.194411,-5.95516,0.2078623286,2.8388682747,0.0673207548
1.548243,-0.836454,5.497893,1.180476,0.120595866,2.820776447,-0.1082763956
1.54926,-2.853934,-6.179345,3.637478,0.141880369,2.3929579353,-0.2210842619
1.550309,-2.512884,-19.724175,3.145117,0.2099907789,2.1524430506,-0.1689372293
1.551358,-1.934059,-24.623013,2.969788,0.2876792151,2.2641866917,-0.0007896551
1.552407,2.345881,-13.381546,-3.375667,0.280229639,2.6281516942,0.0960548339
1.553424,3.06641,3.417204,-3.995322,0.1716786733,2.9761533195,-0.0029181054
1.554473,-1.544973,3.134671,2.525462,0.1312381175,2.8463178507,-0.17319413
1.555522,-3.219002,-10.400582,3.320446,0.1876420506,2.4227562396,-0.2381118643
1.556571,-2.320743,-21.464867,2.484633,0.2589451359,2.2418379635,-0.1487169514
1.557591,-0.27204,-22.166411,1.079602,0.3164132942,2.3780587831,0.0087883713
1.558637,2.307453,-9.344674,-3.735931,0.2866149899,2.7015832298,0.0715776554
1.559686,0.883208,3.639878,-2.590291,0.1897705009,2.9069786845,-0.0252668336
1.560735,-2.111789,0.596661,2.443803,0.1663575476,2.6643353495,-0.1689372293
1.561784,-2.332751,-12.529158,3.056252,0.2153119046,2.2790858438,-0.2125704606
1.562801,-1.040603,-22.784153,1.420652,0.2653304869,2.2418379635,-0.1061479453
1.563851,0.659844,-19.793611,-0.954691,0.2919361157,2.5440779071,0.0353940002
1.564899,1.394783,-4.053164,-3.137893,0.2557524605,2.8739877047,0.0449720265
1.565949,-0.125532,4.192973,-1.211679,0.1929631764,2.8984648833,-0.0869918925
1.566969,-1.729909,-18.105596,3.524596,0.2472386592,2.2354526125,-0.1934144079
1.568015,-0.509814,-23.552739,1.783318,0.2908718905,2.2961134463,-0.048679787
1.569064,0.734299,-12.493243,-1.581551,0.2961930163,2.6281516942,0.0609354038
1.570113,0.998493,1.865666,-2.859288,0.238724858,2.8356755992,0.0077241462
1.57113,-0.939729,1.662146,0.483965,0.1823209249,2.7271246335,-0.131689349
1.572179,-2.419215,-10.436497,3.959314,0.2004127525,2.4248846899,-0.194478633
1.573228,-1.006979,-22.123313,3.399704,0.2514955599,2.2460948641,-0.1093406207
1.574278,0.914431,-20.540648,-0.568007,0.2653304869,2.4631967954,0.0290086492
1.575326,0.863994,-5.147381,-2.662344,0.2270183813,2.820776447,0.0513573775
1.576345,-0.236013,3.563259,-0.791371,0.1823209249,2.8452536256,-0.0667716146
1.577393,-1.581,-3.73711,2.081136,0.1855136003,2.5994176151,-0.1849006066
1.578441,-2.472054,-16.257159,4.331588,0.2376606329,2.3535816046,-0.180643706
1.57949,-0.795624,-23.394712,2.366946,0.2738442881,2.2812142941,-0.0529366876
1.580508,1.26749,-15.012097,-2.049894,0.2451102089,2.5430136819,0.0609354038
1.581557,0.407659,1.652569,-1.785701,0.1908347261,2.8080057452,0.0183663977
1.582606,-0.665929,3.63509,0.517589,0.1748713488,2.6909409783,-0.125303998
1.584672,-1.633839,-22.276551,2.640747,0.2546882353,2.3503889291,-0.1380746999
1.583655,-1.139076,-9.13876,1.80013,0.2025412028,2.4578756697,-0.2029924343
1.585722,0.515738,-23.789779,-0.644864,0.2674589372,2.4493618684,-0.0029181054
1.58677,1.90876,-7.809897,-2.945752,0.2153119046,2.7601156133,0.0353940002
1.587819,-0.673134,5.450006,0.229378,0.1780640243,2.8367398244,-0.0827349919
1.588868,-1.905238,0.192016,1.773711,0.197220077,2.5696193108,-0.2200200367
1.589885,-1.674669,-14.1214,1.569561,0.2429817586,2.3855083592,-0.2338549637
1.590934,-1.36244,-25.681315,2.885727,0.2887434402,2.3663523064,-0.0997625944
1.595099,-1.420082,-20.634028,0.541607,0.2419175335,2.3940221604,-0.1710656796
1.591983,1.169018,-18.912491,-0.35425,0.2876792151,2.5100227022,0.0460362517
1.593032,-1.194316,5.38057,1.355804,0.1706144482,2.7324457593,-0.1284966735
1.594049,-1.986898,-6.742017,2.487034,0.2089265537,2.4823528482,-0.2242769373
1.596148,-0.418547,-25.200051,1.206895,0.2451102089,2.4844812985,-0.0156888072
1.597196,1.329936,-10.153964,-0.647265,0.2195688053,2.6441150715,0.0598711787
1.598216,0.739102,5.835496,-2.191598,0.1599721966,2.7356384348,-0.0476155618
1.599263,-1.420082,1.499331,2.102752,0.1663575476,2.6153809924,-0.2019282091
1.600312,-2.018121,-13.16366,2.818477,0.2419175335,2.4504260936,-0.2327907386
1.601361,-1.223137,-24.821744,0.483965,0.2834223145,2.4365911666,-0.1125332962
1.60241,0.767923,-21.713879,1.101218,0.2887434402,2.5600412844,0.0460362517
1.603427,1.899153,-2.697962,-1.603167,0.2451102089,2.7420237857,0.061999629
1.604476,0.008967,7.082952,-1.94902,0.175935574,2.7962992685,-0.0880561177
1.605525,-1.82598,-2.353176,2.525462,0.1982843022,2.6441150715,-0.2285338379
1.606574,-1.297592,-17.466305,0.700123,0.2642662617,2.5100227022,-0.2168273613
1.607594,-0.764401,-27.656652,-0.116476,0.2717158378,2.5685550856,-0.0667716146
1.60864,-0.284048,-17.277151,2.573498,0.2674589372,2.7111612562,0.0694492051
1.609689,0.931243,5.268035,-1.384606,0.2302110568,2.7547944875,0.0141094971
1.610738,-0.252825,6.393379,-1.293339,0.1780640243,2.6632711243,-0.1700014545
1.611755,-2.183842,-9.50749,3.046645,0.2227614807,2.5462063574,-0.2476898907
1.612805,-1.103049,-23.073869,-0.046825,0.2855507648,2.4972520003,-0.1561665275
1.613854,-0.005444,-25.973425,0.596847,0.2834223145,2.5674908605,0.0055956959
1.614903,-0.226406,-8.793974,2.647952,0.2568166856,2.6941336538,0.0864768075
1.61592,0.292375,8.146042,-1.18526,0.2089265537,2.7079685808,-0.0188814827
1.61697,-0.10872,3.134671,-0.491151,0.1674217727,2.6164452175,-0.1902217324
1.618018,-1.23995,-12.984084,1.439866,0.1940274016,2.5579128341,-0.2317265134
1.619067,-0.886891,-23.811328,1.391831,0.266394712,2.6866840777,0.0513573775
1.620116,-0.243218,-0.72023,1.009951,0.2429817586,2.7218035078,0.0598711787
1.621133,0.088225,8.701531,-2.328499,0.18338515,2.6153809924,-0.104019495
1.622182,-1.052612,-3.088241,0.652088,0.1769997991,2.5206649537,-0.2317265134
1.623231,-1.283181,-17.655458,2.035503,0.2397890832,2.536628331,-0.1966070833
1.62428,-0.238415,-27.074826,-0.635257,0.2823580893,2.6398581709,-0.048679787
1.625297,-0.50501,-18.019399,0.764971,0.2844865396,2.7877854673,0.0768987812
1.626347,-1.148683,3.275937,2.100351,0.2653304869,2.7845927918,0.0417793511
1.628444,-0.360905,-6.358921,-0.214948,0.2206330304,2.5142796028,-0.222148487
1.629464,-0.802829,-23.461754,0.897068,0.2514955599,2.5951607145,-0.17319413
1.627395,-0.593876,7.147599,-0.085253,0.2344679574,2.5962249396,-0.1199828723
1.630511,-0.50501,-29.3734,-0.54399,0.2685231623,2.7335099844,-0.03484486
1.631559,-0.372914,-9.191436,-0.628051,0.2344679574,2.8867584066,0.0247517486
1.632609,-1.386457,10.212365,1.473491,0.2099907789,2.8069415201,-0.0997625944
1.633658,-1.816373,2.229607,1.531133,0.2089265537,2.5238576292,-0.2519467913
1.634675,-1.343225,-13.889148,0.865845,0.2429817586,2.404664412,-0.2519467913
1.635724,-0.360905,-23.557528,0.676106,0.2930003409,2.4706463715,-0.1072121704
1.636773,0.909627,-22.266974,-0.841808,0.2887434402,2.6462435219,0.0651923045
1.637822,0.328401,-4.381189,-0.529579,0.2408533083,2.8303544734,0.1088255358
1.638841,-0.882087,8.160409,1.382224,0.2121192292,2.6973263292,-0.0273952839
1.639888,-0.495403,-0.763329,0.844229,0.2036054279,2.3620954058,-0.1880932821
1.640937,-0.468984,-17.559684,0.969121,0.2227614807,2.2727004929,-0.2040566594
1.641986,0.429275,-29.682271,0.519991,0.2759727384,2.467453696,-0.0784780913
1.643003,2.269025,-20.626845,-1.509498,0.2759727384,2.799491944,0.0268801989
1.644052,0.51814,3.862553,0.073263,0.2153119046,3.0368141532,-0.0380375354
1.645101,-1.797159,9.40547,2.729612,0.2078623286,2.8995291084,-0.2104420103
1.64615,-2.510482,-20.088116,2.806469,0.2908718905,2.4195635641,-0.2210842619
1.647199,-0.800427,-27.505808,0.31344,0.3334408967,2.4514903187,-0.0103676814
1.648219,2.348283,-15.091111,-4.403621,0.2876792151,2.7547944875,0.1396880652
1.649265,0.424471,6.52028,-1.274125,0.169550223,2.9740248692,0.0726418805
1.650314,-1.542572,7.102106,2.333322,0.1216600911,2.6866840777,-0.1231755477
1.651363,-1.21353,-9.459603,2.993806,0.1599721966,2.2982418966,-0.2264053876
1.652381,-2.407206,-24.48414,4.773512,0.2483028844,2.2035258579,-0.139138925
1.65343,0.628621,-27.580033,-0.918664,0.3174775194,2.412113988,0.0364582253
1.654479,4.682796,-9.315942,-6.005597,0.2642662617,2.9229420618,0.0822199069
1.655528,0.878405,8.263366,0.010818,0.1780640243,3.2049617275,-0.0689000649
1.656545,-2.400001,2.469042,3.815209,0.1876420506,2.9080429096,-0.2391760895
1.657596,-2.200655,-12.996056,3.147519,0.2568166856,2.5536559335,-0.2689743938
1.658643,-3.096512,-24.833715,4.036171,0.3366335722,2.4302058157,-0.1327535741
1.659692,0.311589,-23.12415,-1.768888,0.3589823004,2.5408852316,0.0513573775
1.660741,3.568378,-3.854433,-6.166515,0.2685231623,2.9165567109,0.0747703308
1.661758,-0.161558,8.332802,0.291824,0.175935574,3.0229792262,-0.0827349919
1.662807,-2.445634,-1.589379,3.233982,0.1748713488,2.619637893,-0.2285338379
1.663856,-2.234279,-17.686585,2.976994,0.2312752819,2.2950492211,-0.2093777852
1.664905,-2.066156,-25.109065,3.221974,0.3153490691,2.3365540021,-0.0401659857
1.665922,1.882341,-16.537297,-3.387676,0.32173442,2.6824271771,0.0949906088
1.666971,3.150472,0.302156,-5.121748,0.2142476795,3.1049245631,0.0428435762
1.66802,-1.307199,3.805088,1.821746,0.1578437463,3.0580986563,-0.1167901968
1.669069,-2.839523,-6.672581,3.265205,0.2014769776,2.5994176151,-0.2146989109
1.670089,-2.325546,-18.567705,2.873718,0.2727800629,2.3205906248,-0.1678730042
1.671135,-1.49934,-23.504852,3.171537,0.3525969495,2.3727376574,-0.0146245821
1.672184,2.206579,1.951863,-5.030481,0.2429817586,3.08364006,0.0055956959
1.673233,-1.797159,2.940729,2.823281,0.1865778255,2.94529079,-0.1540380772
1.674282,-3.058084,-9.406927,4.189884,0.2121192292,2.4972520003,-0.2242769373
1.675299,-1.917247,-21.48881,2.854504,0.266394712,2.3599669555,-0.139138925
1.676348,-0.243218,-22.168805,0.195753,0.3164132942,2.5770688869,0.0162379474
1.677398,1.620549,-8.137922,-6.274594,0.2812938642,2.9303916379,0.0609354038
1.678446,1.005698,4.262409,-4.07458,0.1950916267,3.0996034373,-0.0561293631
1.679466,-1.813971,-0.823187,2.993806,0.1812566997,2.8197122219,-0.1955428582
1.680513,-2.582535,-15.574769,4.382025,0.2376606329,2.4227562396,-0.2072493349
1.681562,-1.153486,-23.274994,4.02176,0.3206701948,2.3706092071,-0.0774138661
1.682611,0.638228,-15.292236,-0.087655,0.3664318765,2.6207021182,0.0534858278
1.683628,1.728628,-0.890229,-5.12415,0.2876792151,2.903786009,0.0332655499
1.684677,0.167483,2.301438,-1.360589,0.1876420506,2.9527403661,-0.0997625944
1.685726,-2.111789,-7.218493,3.774379,0.1961558519,2.6664637998,-0.1849006066
1.686775,-1.842792,-18.986716,3.72154,0.2632020366,2.3727376574,-0.1380746999
1.687792,0.143465,-21.938948,0.865845,0.3110921685,2.481288623,-0.007175006
1.688844,1.428408,-10.170724,-3.334837,0.2951287912,2.8516389765,0.0598711787
1.68989,0.635827,2.239184,-2.90252,0.224889931,3.0091442992,-0.0252668336
1.690939,-1.309601,-0.588541,1.216502,0.1982843022,2.8516389765,-0.1572307527
1.691988,-2.354367,-12.270568,3.846432,0.2504313347,2.5855826881,-0.1912859576
1.693005,-1.554581,-22.24303,3.450141,0.3153490691,2.404664412,-0.0933772434
1.694054,0.414864,-20.013892,-0.692899,0.3366335722,2.5440779071,0.0417793511
1.695103,1.358757,-3.389929,-3.572612,0.2961930163,2.8782446053,0.0524216026
1.696152,0.366829,5.485921,-1.581551,0.2259541562,2.9484834655,-0.0795423164
1.697169,-1.523358,-3.33007,2.100351,0.2099907789,2.7484091366,-0.2040566594
1.698221,-0.761999,-26.150607,1.910611,0.3015141421,2.4631967954,-0.0476155618
1.699267,1.452426,-15.33294,-2.042689,0.2759727384,2.7398953354,0.0662565296
1.700316,0.090627,3.704526,-1.170849,0.2302110568,2.9687037434,0.006659921
1.701336,-1.146281,4.79156,1.319778,0.2259541562,2.7750147654,-0.1497811766
1.702382,-1.105451,-9.181858,1.600784,0.2653304869,2.508958477,-0.2274696128
1.703431,-1.360038,-23.274994,2.318911,0.3132206188,2.439783842,-0.1465885011
1.70448,1.075349,-24.077101,-0.301412,0.3174775194,2.6047387409,0.0130452719
1.705529,2.482782,-6.1985,-3.149901,0.2440459838,2.9676395183,0.0566785032
1.706546,-0.615492,5.909721,0.19095,0.1780640243,3.069805133,-0.0678358397
1.707596,-2.018121,-1.505577,2.407776,0.211055004,2.8069415201,-0.200863984
1.708644,-1.854801,-15.079139,2.006682,0.2919361157,2.5951607145,-0.2104420103
1.709694,-1.919648,-25.118643,2.99861,0.349404274,2.5132153776,-0.0795423164
1.710713,0.904824,-17.978695,-0.423901,0.3462115985,2.5972891648,0.0588069535
1.71176,2.122517,1.848906,-3.743137,0.2610735862,2.813326871,0.0236875235
1.712809,-0.896498,4.803532,0.640079,0.2089265537,2.7803358912,-0.131689349
1.713858,-2.219869,-7.886516,2.715202,0.2674589372,2.5536559335,-0.2168273613
1.714875,-1.07663,-20.279664,-0.070842,0.3164132942,2.5344998807,-0.1508454017
1.716974,1.558103,-10.731002,0.712132,0.2632020366,2.9069786845,0.0800914566
1.715924,0.431677,-25.250332,0.666499,0.3025783672,2.7154181568,0.0045314707
1.718022,0.508533,6.800419,-1.538319,0.2057338783,2.9804102201,-0.0316521845
1.719072,-1.597812,2.138622,1.660828,0.2067981034,2.8697308041,-0.1934144079
1.720091,-2.287118,-13.65929,3.214768,0.2834223145,2.7090328059,-0.2264053876
1.721137,-1.938862,-25.839342,0.421519,0.3345051218,2.6345370452,-0.1050837201
1.722186,-0.452172,-22.33641,1.33659,0.3419546979,2.6462435219,0.0513573775
1.723236,1.514871,-1.302057,-1.329366,0.2908718905,2.7409595605,0.0566785032
1.724253,-1.63624,-3.35162,2.124368,0.2142476795,2.7260604084,-0.2285338379
1.725301,-1.393662,-17.94278,0.414314,0.2812938642,2.6707207004,-0.1902217324
1.726351,-0.605884,-26.579195,-0.527177,0.3036425924,2.7271246335,-0.0327164097
1.7274,-0.440163,-17.138279,3.178742,0.3132206188,2.8292902483,0.1098897609
1.728417,0.470105,3.793117,0.186146,0.3004499169,2.862281228,0.075834556
1.729468,0.09543,7.176331,-1.583953,0.2461744341,2.8005561691,-0.104019495
1.730515,-1.266369,-7.647081,1.634409,0.252559785,2.7260604084,-0.2146989109
1.731564,-1.271173,-24.606252,0.726543,0.3121563936,2.6877483028,-0.1561665275
1.732613,-1.259164,-29.121994,1.139646,0.3334408967,2.730317309,-0.007175006
1.73363,-0.91331,-8.784397,2.00428,0.3047068175,2.8356755992,0.0577427284
1.734679,0.249143,10.60025,-1.59356,0.2472386592,2.8505747514,-0.0646431643
1.735728,-0.675536,3.050869,-0.43591,0.2089265537,2.7739505403,-0.2242769373
1.736777,-1.874015,-14.126188,1.833755,0.2504313347,2.7590513881,-0.2253411625
1.737794,-0.728374,-25.164135,-0.72172,0.2972572415,2.8218406722,-0.0774138661
1.738846,-0.228808,-22.532746,0.73615,0.3015141421,2.8931437575,0.0928621585
1.739892,-1.0358,-3.392323,2.724809,0.3015141421,2.868666579,0.1322384891
1.740941,-0.413744,8.742235,-0.697702,0.2759727384,2.6973263292,-0.0082392311
1.741961,0.342812,-0.430514,-0.824996,0.2397890832,2.5536559335,-0.1689372293
1.743008,-0.73558,-19.070518,1.480696,0.2642662617,2.5611055096,-0.1849006066
1.744057,-0.560251,-31.451695,-0.008397,0.3110921685,2.6781702765,-0.0603862637
1.745106,0.635827,-18.53179,-0.38067,0.3068352679,2.8942079827,0.0460362517
1.746123,-0.745187,6.31676,2.246858,0.2812938642,2.9804102201,-0.0220741581
1.747172,-1.693883,8.179563,2.057119,0.2738442881,2.7845927918,-0.187029057
1.748221,-0.560251,-6.878495,-0.788969,0.2812938642,2.6462435219,-0.2562036919
1.74927,-0.389726,-20.770506,-0.572811,0.2993856918,2.7260604084,-0.166808779
1.750319,-0.296057,-14.109428,-0.483945,0.3025783672,2.9282631876,0.1407522904
1.751339,-0.927721,7.750975,1.331787,0.2685231623,2.862281228,0.0651923045
1.752385,-0.716366,7.008727,1.713667,0.2344679574,2.6079314163,-0.1231755477
1.753434,-0.461779,-10.407765,0.935496,0.2493671096,2.4568114445,-0.20831356
1.754483,-0.870078,-27.09398,1.33659,0.3036425924,2.5344998807,-0.1104048459
1.755501,0.748709,-28.21693,-0.604034,0.3238628703,2.7941708182,0.0460362517
1.75655,1.411596,-5.338929,-1.495087,0.2823580893,3.0772547091,0.0588069535
1.757599,-0.884489,10.549968,1.63681,0.2493671096,3.0400068287,-0.1050837201
1.758648,-1.585803,1.065954,2.707996,0.2621378114,2.7505375869,-0.2562036919
1.759665,-1.746722,-14.509284,1.773711,0.2993856918,2.5674908605,-0.2466256656
1.760716,-1.576196,-26.447506,1.944236,0.3430189231,2.5674908605,-0.0752854158
1.761763,1.474042,-22.822462,-1.278929,0.3376977973,2.8037488446,0.117339337
1.762812,1.6902,-0.322769,-2.936145,0.2589451359,3.0900254109,0.1279815885
1.763861,-0.997372,9.659271,1.41825,0.1940274016,2.9506119158,-0.0465513367
1.764878,-1.179906,-3.380352,2.638345,0.1993485273,2.5547201586,-0.1934144079
1.765927,-1.62183,-19.705021,2.523061,0.2504313347,2.4014717365,-0.1657445539
1.766976,-0.716366,-27.943974,0.928291,0.3110921685,2.5568486089,0.0013387952
1.768025,3.051999,-16.446312,-4.201873,0.2930003409,2.9836028956,0.1088255358
1.769042,1.872734,4.650294,-2.095528,0.2185045801,3.3145769183,0.0119810468
1.770094,-1.835587,5.785215,2.837692,0.211055004,3.1006676625,-0.1721299048
1.77114,-2.332751,-8.482709,3.051448,0.2685231623,2.6983905544,-0.249818341
1.772189,-3.372714,-21.409797,4.305168,0.3525969495,2.5121511525,-0.152973852
1.773207,-1.215932,-25.494556,0.666499,0.4143220084,2.5728119862,0.0449720265
1.774255,3.330604,-11.233815,-5.498825,0.349404274,2.9644468428,0.1375596149
1.775305,1.065742,6.819573,-1.694434,0.2291468316,3.2230535551,0.0173021725
1.776354,-2.138209,-12.897887,2.87612,0.2461744341,2.473839047,-0.2210842619
1.777402,-3.09411,-26.10272,3.920886,0.3302482212,2.4387196169,-0.0806065416
1.77842,0.72229,-23.387529,-1.973038,0.3717530022,2.7430880108,0.1066970855
1.779471,4.257684,-3.631758,-5.868696,0.2834223145,3.2209251048,0.1088255358
1.780518,-0.127934,7.743792,0.157325,0.1887062758,3.3198980441,-0.0678358397
1.781566,-2.909174,-1.725857,3.118698,0.2174403549,2.8974006581,-0.2146989109
1.782587,-2.772274,-16.958703,2.981797,0.3036425924,2.536628331,-0.2019282091
1.783633,-2.93079,-24.917518,4.064992,0.3930375053,2.4908666494,-0.0391017606
1.784682,1.40439,-17.779964,-2.042689,0.4132577832,2.7324457593,0.1141466615
1.785731,3.505932,-1.258959,-5.256247,0.3142848439,3.1336586422,0.0854125824
1.786748,-1.052612,4.803532,1.33659,0.2302110568,3.1570715956,-0.0742211907
1.787797,-2.882755,-4.438654,3.267607,0.2493671096,2.7367026599,-0.1912859576
1.788847,-1.710695,-18.141511,1.956245,0.3047068175,2.4759674973,-0.1614876533
1.789895,-0.569858,-24.929489,1.732881,0.3525969495,2.6068671912,-0.007175006
1.790944,1.77186,-14.801395,-2.710379,0.3462115985,2.986795571,0.0981832842
1.791964,1.546094,1.985383,-3.099464,0.2727800629,3.2837143889,0.0300728744
1.79301,-1.542572,3.457908,2.297295,0.2302110568,3.1038603379,-0.1274324483
1.794059,-2.491268,-9.212985,3.711933,0.2578809108,2.6643353495,-0.2051208846
1.795108,-1.408073,-21.63726,3.510185,0.3238628703,2.4749032721,-0.1231755477
1.796126,-0.260031,-21.589373,1.997075,0.3845237041,2.6292159194,0.0439078014
1.797175,1.380373,-7.02455,-3.644664,0.3557896249,2.9559330416,0.1098897609
1.798224,1.277097,3.730864,-3.493353,0.2600093611,3.1198237152,0.0045314707
1.799273,-1.516152,-1.998813,2.914548,0.2270183813,2.8676023538,-0.1338177993
1.80029,-2.544107,-14.83731,4.069796,0.2759727384,2.508958477,-0.152973852
1.801341,-0.370512,-23.047531,0.81781,0.3291839961,2.5185365034,-0.0444228864
1.802388,1.483649,-17.499826,-1.615175,0.3334408967,2.8537674268,0.0577427284
1.803437,-0.4906,3.323824,-0.296608,0.2504313347,3.0389426035,-0.117854422
1.804486,-2.114191,-7.158634,3.995341,0.2770369635,2.7973634937,-0.1976713085
1.805503,-2.234279,-18.965167,4.408444,0.3302482212,2.5770688869,-0.131689349
1.806553,-0.168764,-21.491205,0.159727,0.3430189231,2.6345370452,0.0151737222
1.807601,1.075349,-10.024669,-2.302079,0.3121563936,2.9474192403,0.0907337082
1.80865,0.338008,2.502563,-0.928271,0.2674589372,3.0666124575,0.0194306229
1.809667,-0.706758,0.242298,0.363877,0.238724858,2.8803730557,-0.1104048459
1.810719,-1.991701,-12.452539,2.823281,0.2706516126,2.6398581709,-0.1540380772
1.811765,-1.266369,-23.502457,2.527864,0.3270555458,2.5259860795,-0.0561293631
1.812814,1.452426,-20.495156,-2.069109,0.3121563936,2.7494733618,0.0715776554
1.813831,0.825566,-3.073875,-1.391812,0.2546882353,3.0783189342,0.0662565296
1.81488,-0.934926,5.624793,1.094012,0.238724858,3.0134011999,-0.0678358397
1.815929,-0.982961,-3.629364,0.966719,0.266394712,2.7686294145,-0.1859648318
1.816978,-1.734713,-18.8239,2.22284,0.3132206188,2.6856198525,-0.1636161036
1.817995,-0.493002,-26.469055,1.156458,0.3462115985,2.7462806863,-0.0103676814
1.819044,1.630156,-13.496475,-2.23483,0.3185417445,2.9889240213,0.089669483
1.820096,-0.017453,4.504238,-1.442249,0.2568166856,3.1517504698,0.0045314707
1.821142,-1.590607,3.010165,1.804934,0.252559785,2.959125717,-0.1497811766
1.822191,-1.614625,-10.726213,1.788122,0.3036425924,2.7111612562,-0.2061851097
1.823209,-1.869211,-23.543161,2.069128,0.3483400488,2.6260232439,-0.111469071
1.824257,0.534953,-22.791336,0.933094,0.3611107507,2.7079685808,0.0502931523
1.825307,2.278632,-4.002882,-2.868895,0.3089637182,2.9506119158,0.0811556818
1.826355,-0.4906,6.539435,-0.572811,0.2429817586,3.0304288023,-0.0540009127
1.827372,-2.094977,-2.896693,2.780049,0.2653304869,2.8367398244,-0.1774510306
1.828421,-1.273574,-17.2987,0.966719,0.3174775194,2.7090328059,-0.1604234281
1.829473,0.695871,-16.348144,1.024361,0.3121563936,2.9069786845,0.0928621585
1.83052,1.48605,4.382126,-2.102733,0.2483028844,3.0410710539,0.0279444241
1.831537,-0.87248,5.50747,0.70973,0.2206330304,2.9921166968,-0.1444600508
1.832588,-2.472054,-9.924107,3.685514,0.2919361157,2.8292902483,-0.2178915864
1.833635,-1.811569,-23.483303,0.236583,0.3600465255,2.7377668851,-0.1263682232
1.834684,-0.428154,-25.042024,0.781783,0.3643034261,2.7611798384,0.0375224505
1.835733,1.382775,-7.038916,0.049246,0.3142848439,2.8920795323,0.0960548339
1.83675,1.099367,8.134071,-3.152303,0.2259541562,2.9846671207,-0.0295237342
1.837799,-1.408073,0.692435,2.429392,0.2238257059,2.8920795323,-0.1817079312
1.838848,-1.657856,-14.746325,2.751228,0.3142848439,2.7622440636,-0.1912859576
1.839897,-0.0823,-26.203283,-2.306883,0.3440831482,2.7899139176,-0.0614504888
1.840914,-0.151951,-22.202326,1.619998,0.3196059697,2.9431623397,0.0949906088
1.841966,-0.23121,-0.81361,2.270876,0.2993856918,3.0176581005,0.1077613106
1.843013,0.112242,9.479695,-1.014735,0.2610735862,2.9431623397,-0.0540009127
1.844061,-0.999773,-2.343599,1.149253,0.2589451359,2.8654739035,-0.1997997588
1.845079,-1.453707,-20.847125,0.544009,0.3089637182,2.8473820759,-0.1689372293
1.846128,-0.836454,-29.902551,-1.072377,0.32173442,2.8952722078,-0.0114319066
1.847177,-0.79082,-15.134209,1.125235,0.2887434402,2.9836028956,0.0939263836
1.848226,-0.202388,7.217035,0.851434,0.2578809108,2.9495476906,0.0119810468
1.849275,-0.32728,6.862672,-0.327831,0.2461744341,2.8282260231,-0.1646803287
1.850293,-1.590607,-9.497912,1.466285,0.2855507648,2.7909781427,-0.2253411625
1.851344,-0.507412,-23.660484,0.015621,0.3387620225,2.8558958771,-0.1093406207
1.85239,0.647835,-26.129058,-1.036351,0.3302482212,3.014465425,0.0694492051
1.853439,-1.026193,-9.363829,2.434196,0.3025783672,3.0996034373,0.1471376413
1.854457,-1.153486,7.983227,1.355804,0.2961930163,2.9080429096,0.034329775
1.855506,-0.40894,-13.2738,0.426322,0.2823580893,2.7388311102,-0.1976713085
1.856555,-0.740383,-28.113973,-0.342242,0.3185417445,2.8771803802,-0.0869918925
1.857604,-0.135139,-24.869631,-0.431107,0.3174775194,3.0240434514,0.0534858278
1.858621,-1.103049,-1.287691,2.184412,0.2887434402,3.0900254109,0.0513573775
1.85967,-1.324011,10.684052,1.33659,0.3004499169,2.9218778366,-0.1029552698
1.860721,-0.404136,-1.084171,-0.178922,0.32173442,2.7686294145,-0.2253411625
1.861768,-0.617893,-17.81588,0.467152,0.3313124464,2.8388682747,-0.1817079312
1.862817,-0.262432,-28.650307,-0.546391,0.3462115985,2.9601899422,-0.0103676814
1.863834,0.186697,-19.85347,-0.481544,0.3419546979,3.0549059809,0.1322384891
1.864883,-1.052612,3.805088,1.192484,0.294064566,3.0357499281,0.0907337082
1.865932,-1.083835,9.553919,1.03637,0.2557524605,2.813326871,-0.0912487931
1.866981,-0.211995,-5.415548,0.724141,0.2695873875,2.6313443697,-0.2029924343
1.867998,-0.730776,-22.872744,1.113226,0.3057710427,2.6622068992,-0.1370104747
1.869047,0.093028,-29.770862,0.608856,0.3376977973,2.8378040495,0.0311370995
1.870098,1.161812,-12.289723,-0.630453,0.3376977973,3.0815116097,0.1130824364
1.871145,-0.577063,8.885896,0.589642,0.3004499169,3.1453651189,0.0024030204
1.872162,-1.261566,5.315922,2.100351,0.2823580893,2.9218778366,-0.1710656796
1.873214,-0.649116,-10.616073,0.839425,0.2983214666,2.7005190047,-0.2232127122
1.87426,-0.865275,-25.384415,1.206895,0.3206701948,2.688812528,-0.1082763956
1.875309,0.919234,-27.83144,0.015621,0.3323766715,2.917620936,0.075834556
1.876326,1.788672,-6.782721,-2.69837,0.2983214666,3.2368884821,0.1290458137
1.877376,-0.682741,11.490947,0.664097,0.2440459838,3.2273104557,-0.0220741581
1.878424,-1.482528,3.584808,2.647952,0.2323395071,2.8856941814,-0.2029924343
1.879475,-2.106986,-15.615473,2.967387,0.2791654139,2.6217663433,-0.2157631361
1.880523,-2.813104,-28.513829,4.458881,0.3664318765,2.5706835359,-0.03484486
1.88154,3.803751,-0.394599,-5.688564,0.2919361157,3.2752005877,0.1226604628
1.882591,-0.656321,8.715897,2.203626,0.224889931,3.249659184,-0.0657073894
1.883638,-1.96288,-2.635709,2.996208,0.2451102089,2.8324829237,-0.2072493349
1.884687,-2.260699,-18.577282,2.938566,0.3015141421,2.5568486089,-0.1817079312
1.885704,-2.075763,-28.140311,2.744023,0.3823952538,2.5898395887,0.0013387952
1.886753,3.047196,-18.208553,-5.441183,0.3579180752,3.0346857029,0.1492660916
1.887802,3.580387,3.682977,-4.137026,0.2216972556,3.5157154724,0.0747703308
1.888851,-1.446501,7.913791,3.464551,0.18338515,3.3645955006,-0.1242397729
1.889869,-2.84913,-6.777932,3.781584,0.2451102089,2.8793088305,-0.2295980631
1.890918,-3.814639,-22.159228,5.364345,0.3345051218,2.6185736679,-0.1402031502
1.891969,-2.438429,-26.263141,2.820879,0.4366707366,2.6217663433,0.0694492051
1.893016,3.623619,-11.315223,-6.423503,0.4026155317,2.9548688164,0.1662936941
1.894065,2.94392,5.787609,-4.434844,0.2504313347,3.277329038,0.034329775
1.895082,-2.212663,2.246367,3.570229,0.2131834543,3.0357499281,-0.1444600508
1.896131,-2.877951,-12.215498,3.89927,0.2834223145,2.6026102906,-0.1891575073
1.89718,-2.661793,-22.587816,2.796862,0.3547253998,2.515343828,-0.0720927404
1.898229,0.611809,-22.147256,-1.413427,0.3823952538,2.7888496924,0.0992475094
1.899246,4.529083,-6.902439,-6.183327,0.2993856918,3.3018062165,0.1322384891
1.900295,0.602202,5.529019,-0.464731,0.2004127525,3.5518991276,-0.0029181054
1.901347,-3.178172,-0.559809,4.449274,0.2206330304,3.2038975024,-0.1465885011
1.902393,-3.118128,-15.16773,3.505381,0.2983214666,2.7622440636,-0.1646803287
1.90341,-3.036468,-24.520056,4.321981,0.3951659556,2.6153809924,-0.0444228864
1.904462,0.431677,-19.036997,-1.077181,0.4536983391,2.7430880108,0.0843483572
1.905509,2.915099,-2.329233,-6.452324,0.3589823004,3.0868327355,0.0630638542
1.906558,-0.593876,4.437196,0.092477,0.2429817586,3.1879341251,-0.076349641
1.907607,-1.506545,-16.944337,2.314107,0.3206701948,2.5706835359,-0.1348820244
1.908624,0.131456,-22.496831,0.099683,0.3451473734,2.7814001164,0.0130452719
1.909673,1.005698,-14.411116,-2.794441,0.32173442,3.2198608797,0.1215962376
1.910723,0.775129,-0.047418,-1.672818,0.2706516126,3.4316416852,0.0768987812
1.911771,-1.203923,2.169748,1.838559,0.2461744341,3.2230535551,-0.0678358397
1.912788,-2.361573,-8.887354,3.683112,0.2717158378,2.8229048974,-0.1561665275
1.91384,-1.626633,-20.713041,4.40364,0.3302482212,2.5770688869,-0.0955056937
1.914886,-0.577063,-21.263742,1.773711,0.3823952538,2.6632711243,0.0407151259
1.915935,1.178625,-8.238485,-3.36606,0.3717530022,2.9548688164,0.0917979333
1.916952,1.596531,2.574393,-3.430908,0.2972572415,3.1070530134,-0.0018538802
1.918002,-1.047809,-0.854314,1.749693,0.2578809108,2.9559330416,-0.125303998
1.919051,-2.092575,-13.537179,3.507783,0.3089637182,2.7005190047,-0.1359462496
1.9201,0.619014,-23.251051,-0.347045,0.3472758237,2.7558587127,-0.0178172575
1.921149,1.992822,-17.712923,-3.149901,0.3015141421,3.1964479263,0.0971190591
1.922166,-0.209594,-1.515154,-0.250975,0.2514955599,3.4454766122,0.0737061057
1.923217,-1.412877,4.44438,1.605588,0.2472386592,3.2230535551,-0.0646431643
1.924264,-1.926854,-6.797087,2.160395,0.2770369635,2.9080429096,-0.1657445539
1.925313,-2.798693,-21.340361,4.929626,0.3408904728,2.6856198525,-0.0986983692
1.92633,-0.406538,-22.475282,1.161262,0.3855879292,2.6430508464,0.0630638542
1.92738,1.735834,-8.377357,-3.654272,0.3600465255,2.8814372808,0.1237246879
1.928429,0.321196,3.352557,-1.670416,0.3068352679,3.069805133,0.0332655499
1.929478,-0.819641,0.254269,0.486366,0.2898076654,2.9782817698,-0.0986983692
1.930495,-1.278378,-13.067886,1.999477,0.3089637182,2.813326871,-0.1402031502
1.931544,-1.062219,-25.40357,2.251662,0.3313124464,2.7877854673,-0.0380375354
1.932596,0.907226,-20.408959,-1.221286,0.3089637182,3.0368141532,0.089669483
1.933642,-0.934926,6.709433,1.521526,0.2323395071,3.2507234091,-0.0806065416
1.934692,-1.854801,-4.769074,2.001878,0.2770369635,2.9484834655,-0.1849006066
1.935709,-2.666596,-19.731358,2.924155,0.3557896249,2.7707578648,-0.1348820244
1.936758,-0.958944,-25.532865,3.113894,0.4239000348,2.6920052035,0.0385866756
1.937807,2.634093,-12.979295,-3.57021,0.3749456777,2.8473820759,0.1460734161
1.938855,1.262686,4.219311,-3.248374,0.2589451359,3.0942823115,0.0662565296
1.939873,-1.528161,3.754807,2.525462,0.2440459838,3.0134011999,-0.0880561177
1.940922,-1.163093,-10.477201,1.204493,0.3068352679,2.8197122219,-0.152973852
1.941973,-0.860471,-24.982165,1.13244,0.3440831482,2.8441894004,-0.0646431643
1.94302,0.181894,-24.464986,1.32218,0.3430189231,3.0325572526,0.0917979333
1.944037,1.5533,-3.722744,-1.63439,0.2919361157,3.2347600318,0.1120182112
1.945088,-0.099113,8.940966,0.049246,0.2429817586,3.2336958067,-0.0476155618
1.946135,-2.030129,-1.814448,3.087475,0.2749085132,3.0389426035,-0.1902217324
1.947183,-2.644981,-18.261228,2.554284,0.3525969495,2.8654739035,-0.1646803287
1.948201,-2.1262,-26.583984,2.083538,0.3983586311,2.7696936397,0.0045314707
1.94925,1.418801,-17.217292,-0.174118,0.3760099028,2.8292902483,0.1513945419
1.950299,2.835841,3.036503,-3.663879,0.2791654139,3.0261719017,0.1077613106
1.951348,-0.603483,7.185909,0.145316,0.2099907789,3.0389426035,-0.0667716146
1.952397,-2.445634,-7.345393,3.865646,0.2632020366,2.8644096783,-0.1657445539
1.953414,-1.275976,-23.799357,0.10929,0.3345051218,2.8260975728,-0.0869918925
1.954466,0.208313,-27.66623,-0.29901,0.3408904728,2.9814744453,0.0875410327
1.955512,1.075349,-9.828333,1.170869,0.2993856918,3.1538789201,0.158844118
1.956561,0.688665,8.859558,-0.870629,0.2355321826,3.1932552508,0.0332655499
1.957579,-1.160692,4.25762,1.302966,0.2334037322,3.1059887882,-0.1444600508
1.958628,-2.503277,-13.436616,3.224375,0.3270555458,3.0091442992,-0.180643706
1.959677,-1.665062,-28.238479,-1.149234,0.3919732801,2.959125717,-0.0465513367
1.960726,0.390847,-0.698681,0.35427,0.2983214666,3.0591628815,0.1386238401
1.961744,0.251545,10.71039,-1.636791,0.2461744341,3.0336214778,-0.0316521845
1.962792,-1.37685,-2.374725,2.407776,0.2738442881,2.937841214,-0.1710656796
1.963844,-1.355234,-18.86221,2.141181,0.3579180752,2.896336433,-0.1295608987
1.96489,0.534953,-27.824257,-3.253177,0.3600465255,3.0134011999,0.0290086492
1.96594,-0.332084,-19.269249,1.319778,0.3100279433,3.2038975024,0.158844118
1.966957,-1.386457,2.945517,4.045778,0.3004499169,3.1623927214,0.1279815885
1.968006,-0.211995,8.780545,-0.515168,0.2887434402,2.9527403661,-0.0508082373
1.969055,-0.420949,-5.628645,0.469554,0.2834223145,2.9080429096,-0.1742583551
1.970104,-0.802829,-23.133728,0.539205,0.3142848439,2.986795571,-0.1189186471
1.971121,-0.096711,-29.64875,-1.096395,0.3164132942,3.0868327355,0.0332655499
1.97217,-0.752392,-11.715079,1.879388,0.2919361157,3.1751634232,0.1120182112
1.973221,-1.1727,9.053501,1.672837,0.2876792151,3.0655482324,0.0077241462
1.974268,-0.6275,4.772405,0.097281,0.2876792151,2.8846299563,-0.1508454017
1.975285,-0.951738,-11.178745,0.901871,0.3068352679,2.8984648833,-0.1742583551
1.976334,-0.651518,-24.584703,-0.498356,0.335569347,2.9963735974,-0.0454871115
1.977383,0.143465,-25.832159,-0.159708,0.3334408967,3.1102456888,0.1301100388
1.978432,-0.718767,-5.836953,1.435062,0.3089637182,3.208154403,0.1875781971
1.979481,-0.901301,9.589835,0.863443,0.2866149899,3.0602271066,0.0545500529
1.980498,0.107439,1.484965,0.188548,0.2749085132,2.8122626458,-0.1167901968
1.981547,-0.485796,-16.805464,0.483965,0.2876792151,2.7973634937,-0.1444600508
1.982599,-0.519421,-31.475638,0.284618,0.3302482212,2.972960644,-0.0188814827
1.983645,0.731897,-21.761766,-0.72172,0.3387620225,3.2113470784,0.0971190591
1.984662,-0.339289,5.030995,0.383091,0.2930003409,3.3198980441,0.0364582253
1.985714,-1.725106,10.130957,1.953843,0.2759727384,3.1357870925,-0.139138925
1.98676,-1.686677,-21.009941,1.408643,0.3515327243,2.9005933336,-0.1210470974
1.987809,0.393249,-26.337366,-0.373464,0.3685603268,3.0304288023,0.0768987812
1.988827,1.827101,-13.446193,-3.049027,0.3281197709,3.2283746809,0.1960919984
1.989876,-0.66833,5.538597,0.159727,0.2600093611,3.2422096079,0.1215962376
1.990925,-1.480126,5.588878,2.194019,0.2365964077,2.9442265649,-0.048679787
1.991974,-0.783615,-8.97355,1.641614,0.266394712,2.6685922501,-0.1306251238
1.993023,-1.256762,-25.195262,3.361276,0.3238628703,2.6462435219,-0.048679787
1.99404,1.274695,-29.646356,-0.748139,0.363239201,2.9186851612,0.1109539861
1.995091,3.12165,-7.740461,-4.163445,0.3227986452,3.3890726791,0.1460734161
1.996138,-0.10872,12.063197,0.846631,0.2568166856,3.5135870221,-0.021009933
1.997187,-2.073361,3.182558,2.921753,0.2514955599,3.1560073705,-0.1997997588
1.998204,-2.743453,-15.687304,3.346865,0.3121563936,2.8473820759,-0.1987355336
1.999254,-3.017254,-27.201726,4.487702,0.4090008826,2.7611798384,-0.0135603569
2.000303,1.723825,-22.930208,-3.714316,0.4121935581,2.9346485385,0.1875781971
2.001352,3.597199,-1.862335,-6.303415,0.2834223145,3.3305402957,0.1918350977
2.002369,-0.87248,10.12138,2.064324,0.1918989513,3.3443752226,0.0141094971
2.003418,-2.114191,-1.536703,3.219572,0.2036054279,2.9144282606,-0.145524276
2.004469,-2.424018,-18.87897,4.345998,0.2834223145,2.6430508464,-0.131689349
2.005516,-2.306332,-28.683828,3.478962,0.4004870814,2.6834914022,0.0449720265
2.006534,3.064008,-19.379389,-5.748608,0.3951659556,3.0740620336,0.1769359456
2.007583,3.923839,3.544104,-4.706243,0.2642662617,3.547642227,0.089669483
2.008631,-1.480126,8.050269,3.274812,0.2216972556,3.4582473141,-0.1104048459
2.009681,-3.09411,-7.158634,3.860842,0.2812938642,3.014465425,-0.2061851097
2.01073,-3.478392,-21.381065,4.314775,0.3664318765,2.7782074409,-0.1135975214
2.011747,-2.114191,-25.262304,2.088342,0.4345422863,2.785657017,0.0939263836
2.012796,2.550031,4.786771,-3.392479,0.2344679574,3.4178067583,0.0949906088
2.013848,-1.816373,4.128326,3.6663,0.1961558519,3.2028332772,-0.0774138661
2.014894,-2.611356,-10.448469,3.279616,0.2600093611,2.77182209,-0.1402031502
2.015911,-2.861139,-23.28936,3.207563,0.3472758237,2.6717849255,-0.0412302109
2.01696,-0.010247,-24.134566,-0.450321,0.3983586311,2.9027217839,0.1258531382
2.018009,3.99349,-8.465948,-5.666948,0.3323766715,3.326283395,0.158844118
2.019059,1.075349,5.569723,-1.04836,0.2334037322,3.5306146245,0.0130452719
2.020076,-2.654588,0.682858,4.146652,0.2365964077,3.2315673564,-0.1370104747
2.021125,-2.97162,-13.683234,3.92569,0.2983214666,2.8633454532,-0.1508454017
2.022174,-2.837122,-23.471331,3.42132,0.3728172274,2.8005561691,-0.0156888072
2.023224,0.410061,-19.472769,-0.894647,0.4175146838,2.9740248692,0.1322384891
2.024272,3.306586,-3.607815,-5.321094,0.349404274,3.2624298858,0.1279815885
2.025289,0.124251,4.329451,-0.916263,0.2493671096,3.3390540969,-0.0114319066
2.026341,-2.841925,-4.503301,4.341195,0.2493671096,3.0059516238,-0.1199828723
2.027387,-2.356769,-17.274757,3.514988,0.307899493,2.7090328059,-0.0912487931
2.028436,-0.53143,-22.381902,0.640079,0.3323766715,2.834611374,0.0471004769
2.029454,2.105705,-13.949007,-2.350115,0.3121563936,3.1975121514,0.1386238401
2.030503,1.887145,0.412296,-1.937012,0.2674589372,3.4263205595,0.075834556
2.031552,-0.99497,1.882427,1.137244,0.238724858,3.3135126932,-0.0593220385
2.032601,-2.556115,-9.567349,3.145117,0.2759727384,2.9793459949,-0.1199828723
2.033618,-1.568991,-21.053039,3.601452,0.3525969495,2.7771432157,-0.0422944361
2.034667,0.042591,-21.342755,0.255797,0.3834594789,2.9346485385,0.0971190591
2.035718,0.715085,-7.22807,-3.394881,0.3419546979,3.2549803097,0.1386238401
2.036765,0.662246,3.972693,-1.987449,0.2812938642,3.3443752226,0.0279444241
2.037814,-1.059818,-1.112904,1.516722,0.2589451359,3.1357870925,-0.1082763956
2.038832,-0.622697,-24.879208,1.723274,0.3557896249,2.7888496924,0.0173021725
2.03988,2.31706,-16.597156,-2.960162,0.3515327243,3.1411082183,0.1503303168
2.040929,0.928842,1.580739,-2.99859,0.2993856918,3.464632665,0.1077613106
2.041978,-1.19912,3.888891,0.909077,0.2706516126,3.3422467723,-0.0454871115
2.042996,-1.94847,-8.731721,3.418918,0.2972572415,3.0506490802,-0.1306251238
2.044045,-2.347162,-21.665992,4.576567,0.3504684992,2.8580243274,-0.0699642901
2.045096,-0.127934,-23.758653,1.026763,0.3696245519,2.8676023538,0.0726418805
2.046143,1.558103,-8.276795,-2.885708,0.3185417445,3.1283375165,0.1279815885
2.04716,-0.219201,5.641554,-0.383071,0.2653304869,3.2326315815,0.0236875235
2.048209,-1.208727,1.075531,1.014754,0.2706516126,3.0293645772,-0.117854422
2.049258,-1.40327,-13.573094,1.269341,0.3068352679,2.8931437575,-0.1412673753
2.050307,-1.165495,-25.631033,2.451008,0.3430189231,2.9229420618,-0.0124961318
2.051356,1.205044,-19.980371,-1.310152,0.3259913206,3.1027961128,0.1290458137
2.052373,1.289106,-0.507133,-3.099464,0.2483028844,3.3358614214,0.1066970855
2.053422,-1.215932,5.907327,1.845764,0.2216972556,3.2794574883,-0.0422944361
2.054474,-1.917247,-4.970199,2.561489,0.2674589372,3.0336214778,-0.1497811766
2.05552,-2.039736,-20.01868,2.359741,0.3291839961,2.8803730557,-0.1104048459
2.056538,-0.788418,-26.176945,3.55822,0.3877163795,2.8314186986,0.0545500529
2.057589,2.216186,-12.165217,-2.206009,0.3621749758,3.0059516238,0.1567156677
2.058636,1.462033,5.280007,-3.913662,0.2685231623,3.2475307337,0.0662565296
2.059685,-1.386457,3.426781,2.242055,0.2578809108,3.1794203238,-0.0955056937
2.060702,-1.725106,-10.565792,1.872183,0.3110921685,3.0059516238,-0.1540380772
2.061751,-1.463314,-24.733153,-0.270189,0.3302482212,3.042135279,-0.0550651379
2.0628,-0.255227,-24.879208,1.651221,0.3281197709,3.1858056748,0.10350441
2.063849,1.433212,-3.998094,-0.719318,0.2823580893,3.2549803097,0.1237246879
2.064898,-2.313537,-1.524732,2.948173,0.266394712,3.0783189342,-0.1604234281
2.065915,-2.351966,-18.170243,2.225242,0.3600465255,3.0155296502,-0.1231755477
2.066966,-1.355234,-26.799476,0.212566,0.3951659556,3.0123369747,0.0353940002
2.068013,0.924038,-18.175032,0.743355,0.3706887771,3.0783189342,0.1641652438
2.07008,-0.111121,8.270549,-0.952289,0.2216972556,3.2102828533,-0.0603862637
2.069062,2.151338,2.476225,-2.184393,0.2908718905,3.1985763766,0.1184035621
2.071129,-2.051745,-6.423569,3.226777,0.2632020366,3.0996034373,-0.166808779
2.072177,-1.751525,-23.43781,0.728944,0.3419546979,3.0495848551,-0.0923130183
2.073227,-0.982961,-28.078058,0.515188,0.3621749758,3.1070530134,0.0768987812
2.074244,0.414864,-11.178745,1.711265,0.3345051218,3.1772918735,0.1567156677
2.075293,1.193035,8.90984,-1.821727,0.2770369635,3.1868698999,0.0385866756
2.076344,-0.605884,5.059727,0.130906,0.2568166856,3.1230163907,-0.1423316005
2.077391,-2.323144,-12.636903,3.1211,0.3227986452,3.0495848551,-0.1763868054
2.078408,-0.980559,-26.421168,-1.735264,0.3600465255,3.0666124575,-0.0391017606
2.079457,0.34041,-25.767511,-0.539186,0.3206701948,3.1953837011,0.1428807407
2.080506,-0.512216,-5.267098,3.735951,0.2961930163,3.2507234091,0.1982204487
2.081555,-0.236013,10.719967,-0.64006,0.2749085132,3.1357870925,0.0524216026
2.082604,0.229929,2.658195,-0.68089,0.2589451359,3.0612913318,-0.1327535741
2.083621,-0.829248,-16.635466,2.100351,0.2983214666,3.0953465367,-0.1551023023
2.08467,-1.139076,-30.642405,-0.027611,0.3408904728,3.1294017416,-0.0114319066
2.085721,-0.759597,-22.549507,1.658426,0.3504684992,3.1826129993,0.1375596149
2.086768,-0.466582,2.552844,1.891397,0.3313124464,3.1889983502,0.1130824364
2.087785,-0.003042,10.267435,-1.32216,0.2908718905,3.0900254109,-0.0614504888
2.088834,-0.348896,-4.026826,-0.068441,0.280229639,3.0644840072,-0.1774510306
2.089883,-0.956542,-20.641211,0.976326,0.3100279433,3.1400439931,-0.1167901968
2.090932,-0.860471,-15.395193,1.382224,0.3238628703,3.2475307337,0.1758717204
2.091949,-0.754794,6.522674,1.264537,0.3100279433,3.2007048269,0.1056328603
2.094047,-0.418547,-9.325519,-0.428705,0.2578809108,2.9091071348,-0.1614876533
2.092998,-0.003042,6.898587,-0.411893,0.2770369635,2.9953093722,-0.0774138661
2.095099,-1.196718,-25.393993,1.166065,0.2951287912,3.0336214778,-0.062514714
2.096146,-0.072693,-26.919193,0.796194,0.3334408967,3.2230535551,0.0981832842
2.097163,0.141064,-6.435541,-0.186127,0.3164132942,3.3699166263,0.1301100388
2.098214,-1.189513,8.701531,0.985933,0.2993856918,3.2837143889,-0.007175006
2.10031,-0.629902,-13.462954,-0.409491,0.2972572415,2.9740248692,-0.159359203
2.099261,-0.922917,1.635809,0.73615,0.2983214666,3.0453279545,-0.1519096269
2.101327,-0.747588,-27.726088,0.875452,0.3249270955,3.0729978085,-0.0178172575
2.102376,-0.180773,-24.2471,0.906675,0.3525969495,3.2400811576,0.1492660916
2.103425,-1.069425,0.022018,-0.592025,0.3206701948,3.3794946527,0.1503303168
2.104475,-1.693883,11.313766,0.719337,0.2770369635,3.2422096079,-0.0242026084
2.105491,-1.045407,-1.270931,1.523928,0.2653304869,2.9442265649,-0.17319413
2.10654,-1.970085,-19.815161,1.490303,0.2781011887,2.8441894004,-0.1348820244
2.107592,-0.793222,-30.23776,1.49991,0.3291839961,2.9921166968,0.0566785032
2.108638,2.39872,-18.43841,-1.744871,0.3419546979,3.3230907196,0.1897066474
2.109687,0.789539,5.052544,-1.329366,0.2749085132,3.547642227,0.1088255358
2.110704,-1.40327,9.563497,1.934629,0.2397890832,3.3433109975,-0.0880561177
2.111753,-1.357636,-6.076388,1.543142,0.2695873875,2.9846671207,-0.1997997588
2.112803,-2.813104,-24.04358,3.644684,0.3302482212,2.8037488446,-0.111469071
2.113852,-0.394529,-28.937629,0.851434,0.390909055,2.9122998103,0.1013759597
2.114869,3.52995,-11.667192,-5.782233,0.3376977973,3.367788176,0.1992846738
2.115918,0.525345,8.521955,-0.529579,0.2291468316,3.6381013651,0.0747703308
2.116969,-2.111789,6.175494,3.233982,0.2131834543,3.3177695938,-0.1210470974
2.118016,-3.591275,-26.246381,5.515656,0.3557896249,2.8048130697,-0.0582578134
2.119033,0.321196,-27.275951,-1.869762,0.4026155317,2.986795571,0.1354311646
2.120082,4.615546,-6.904833,-6.851017,0.3057710427,3.4539904135,0.1609725683
2.121131,0.388445,10.334477,0.760167,0.2004127525,3.6072388356,-0.0135603569
2.12218,-2.741051,2.085946,3.308437,0.2142476795,3.2262462306,-0.1838363815
2.123229,-2.796292,-15.845331,3.822414,0.2961930163,2.8803730557,-0.1795794809
2.124247,-3.178172,-25.484978,4.427658,0.3877163795,2.7920423679,0.0045314707
2.125296,1.685397,-20.672337,-3.61104,0.3855879292,3.0219150011,0.1950277732
2.126347,4.404191,-3.140917,-5.698171,0.2706516126,3.5072016712,0.1982204487
2.127394,-0.389726,7.758158,1.828951,0.2014769776,3.5848901074,0.0353940002
2.128411,-2.200655,-1.385859,2.888129,0.2195688053,3.1304659668,-0.1157259717
2.12946,-2.380787,-18.744887,3.62547,0.2887434402,2.7814001164,-0.1146617465
2.130509,-2.76747,-27.570456,3.868048,0.3951659556,2.8026846194,0.0428435762
2.131558,2.136928,-17.044899,-5.376335,0.3930375053,3.1836772244,0.1599083431
2.132575,3.743707,1.973412,-5.554065,0.2600093611,3.6232022129,0.075834556
2.133625,-1.372047,4.669448,3.752763,0.2216972556,3.5423211012,-0.0944414686
2.134673,-3.293456,-6.861735,3.755165,0.2898076654,3.1038603379,-0.17319413
2.135725,-3.01245,-19.075307,2.97219,0.3600465255,2.8739877047,-0.0944414686
2.136739,-1.393662,-23.286966,2.054717,0.4196431341,2.9633826176,0.0864768075
2.137789,2.809421,-12.014373,-4.900786,0.3792025783,3.3039346668,0.1875781971
2.13884,1.995224,2.397211,-3.089857,0.2621378114,3.5699909552,0.1045686351
2.139886,-1.979692,1.858483,3.510185,0.2259541562,3.3305402957,-0.0508082373
2.140936,-2.827514,-10.204245,3.51739,0.2642662617,2.8782446053,-0.117854422
2.141953,-2.296725,-22.168805,2.854504,0.3206701948,2.7696936397,-0.0327164097
2.143002,0.434079,-22.142467,-0.145297,0.349404274,3.0378783784,0.1088255358
2.144051,0.80395,4.006214,-0.637658,0.2302110568,3.5167796975,-0.0135603569
2.1451,-2.354367,-2.369937,3.637478,0.2589451359,3.2624298858,-0.1189186471
2.146117,-2.990834,-14.13816,3.022627,0.3291839961,2.9633826176,-0.1029552698
2.147166,-1.653053,-22.128101,1.000344,0.3696245519,2.9644468428,0.0268801989
2.148217,0.921636,-17.073631,-1.44465,0.3600465255,3.2156039791,0.1460734161
2.149264,1.392382,-1.63966,-2.001859,0.3047068175,3.3965222552,0.117339337
2.150281,-0.411342,3.637484,0.325448,0.252559785,3.3230907196,-0.0231383833
2.15133,-2.140611,-7.019762,3.426123,0.2642662617,3.0612913318,-0.1125332962
2.152379,-1.813971,-21.04825,3.808003,0.3249270955,2.8590885526,-0.048679787
2.153428,0.957663,-22.927814,-0.731327,0.3536611746,3.0134011999,0.0960548339
2.154477,1.90876,-8.303132,-3.745538,0.3153490691,3.3997149306,0.1407522904
2.155494,0.057002,4.006214,-1.014735,0.2632020366,3.5135870221,0.0322013247
2.156543,-1.369645,-0.710653,1.687247,0.2589451359,3.3060631171,-0.1029552698
2.157594,-2.191048,-14.50689,3.98093,0.3047068175,3.0591628815,-0.1221113226
2.159658,1.157009,-17.858978,-1.463864,0.3196059697,3.1325944171,0.1364953898
2.158641,-1.093442,-23.567105,3.752763,0.3451473734,2.9389054391,0.0024030204
2.160707,0.539756,-1.95332,-1.785701,0.2600093611,3.4071645067,0.1290458137
2.161756,-0.682741,4.963953,1.065191,0.238724858,3.3347971963,-0.0007896551
2.162805,-1.064621,-4.338091,0.89947,0.2578809108,3.1006676625,-0.1135975214
2.163822,-1.816373,-20.009103,2.076333,0.3004499169,2.9814744453,-0.0827349919
2.164871,0.167483,-26.169762,-0.260582,0.3164132942,3.0580986563,0.0641280793
2.165921,2.012036,-11.954514,-3.526978,0.2632020366,3.3709808515,0.1418165155
2.166972,-0.380119,5.4524,-0.236564,0.2131834543,3.5359357503,0.0460362517
2.168018,-1.84039,3.034108,1.929825,0.238724858,3.3198980441,-0.1050837201
2.169036,-2.143012,-12.608171,2.3045,0.3057710427,3.0751262588,-0.1433958257
2.170085,0.604604,-21.658809,0.032433,0.4111293329,2.9985020477,0.1396880652
2.171134,2.533219,-2.640498,-4.708645,0.3206701948,3.2624298858,0.1428807407
2.1732,-2.135807,-3.033171,3.404507,0.252559785,3.180484549,-0.1380746999
2.176349,1.382775,-15.3497,-0.193332,0.2866149899,3.25710876,0.1545872174
2.172183,-0.675536,7.209852,0.385492,0.2291468316,3.3614028251,-0.0114319066
2.177364,1.219455,5.157895,-2.323695,0.2195688053,3.3731093018,0.0832841321
2.174249,-1.391261,-18.835872,0.438331,0.3015141421,3.0708693582,-0.1135975214
2.175298,-0.521823,-26.701307,0.820211,0.3142848439,3.1187594901,0.0407151259
2.178413,-1.19912,6.443661,1.651221,0.211055004,3.3018062165,-0.083799217
2.179465,-2.37118,-9.801995,3.882458,0.2930003409,3.1645211717,-0.1465885011
2.180511,-2.00371,-24.809772,1.651221,0.3653676513,3.0857685103,-0.0433586612
2.18156,-0.10872,-26.021312,1.041173,0.3813310286,3.0804473845,0.1247889131
2.182578,2.079286,-7.582434,-1.776094,0.32173442,3.2432738331,0.1705505947
2.183627,1.082554,8.445336,-2.652737,0.2216972556,3.3922653546,0.0290086492
2.184676,-1.45851,2.018904,2.828085,0.2216972556,3.3071273423,-0.131689349
2.185725,-1.960478,-14.56196,2.172403,0.3132206188,3.1762276484,-0.1497811766
2.186741,-1.184709,-26.85694,-1.658407,0.3483400488,3.166649622,-0.0167530324
2.187791,-0.209594,-22.436972,1.40384,0.3334408967,3.2336958067,0.1482018664
2.188842,0.614211,-0.375444,1.242921,0.3057710427,3.2858428392,0.1620367934
2.189889,0.047395,9.762228,-1.617577,0.2589451359,3.2411453827,-0.0029181054
2.190906,-1.436894,-3.404295,2.047512,0.2738442881,3.1485577944,-0.1370104747
2.191955,-1.273574,-21.294868,0.928291,0.3419546979,3.1304659668,-0.0891203428
2.193004,-0.416145,-29.497906,-1.85295,0.3398262476,3.2177324294,0.0683849799
2.194053,-0.392128,-15.486178,2.021092,0.2855507648,3.3198980441,0.1652294689
2.195103,0.378838,7.650412,0.815408,0.2429817586,3.318833819,0.0811556818
2.196119,-1.871613,-9.873825,2.266072,0.2866149899,3.2400811576,-0.1763868054
2.197168,-1.309601,-26.10272,0.1237,0.3451473734,3.249659184,-0.0518724624
2.198219,-0.336887,-27.034122,-0.311019,0.3408904728,3.3113842429,0.1364953898
2.199266,-0.898899,-6.844974,2.787255,0.3132206188,3.3390540969,0.2056700247
2.200283,-0.084702,10.827713,-0.282197,0.2812938642,3.2187966545,0.0683849799
2.201332,0.325999,2.811434,-1.290938,0.2461744341,3.0921538612,-0.1167901968
2.202382,-0.846061,-16.647437,1.848166,0.2738442881,3.097474987,-0.1380746999
2.20343,-0.353699,-29.040586,-0.524775,0.3249270955,3.1985763766,0.0034672456
2.204448,0.443686,-22.994856,-0.551195,0.32173442,3.3763019773,0.1460734161
2.205497,-0.766803,-0.088122,3.109091,0.3015141421,3.4444123871,0.1343669395
2.206546,-0.932524,10.43504,1.187681,0.294064566,3.249659184,-0.0273952839
2.207598,-0.336887,-1.917405,-0.159708,0.2930003409,3.0996034373,-0.1614876533
2.208612,-1.043005,-19.281221,1.617596,0.3185417445,3.1826129993,-0.1189186471
2.209661,-0.20479,-28.643124,-1.204474,0.3302482212,3.3337329711,0.0502931523
2.21071,0.628621,-17.643486,-1.495087,0.2898076654,3.4763391417,0.1673579192
2.211759,-1.179906,4.14748,2.614328,0.252559785,3.4390912613,0.1066970855
2.212808,-1.40327,7.430132,1.17327,0.2472386592,3.1623927214,-0.0635789391
2.213825,-0.713964,-6.184134,0.570428,0.2706516126,2.9740248692,-0.1604234281
2.214874,-1.177504,-22.554295,1.927424,0.3196059697,3.0059516238,-0.0795423164
2.215923,0.635827,-29.114811,-1.108404,0.3419546979,3.2007048269,0.1077613106
2.216975,1.51247,-11.190717,-1.48548,0.3100279433,3.4656968902,0.1928993229
2.217989,-0.896498,9.206739,2.297295,0.2685231623,3.450797738,0.0747703308
2.219038,-1.451305,5.675075,2.239653,0.2483028844,3.1570715956,-0.1104048459
2.22009,-1.220736,-11.612122,1.302966,0.2738442881,3.0091442992,-0.1636161036
2.221137,-1.617026,-28.011016,1.773711,0.3281197709,3.0772547091,-0.0305879594
2.222154,0.496524,-27.041305,-1.48548,0.3270555458,3.2932924153,0.1492660916
2.223202,-0.603483,11.148556,1.310171,0.2312752819,3.4390912613,-0.0178172575
2.224251,-1.348029,1.518486,1.84096,0.2451102089,3.1017318876,-0.180643706
2.2253,-1.989299,-16.496593,2.177207,0.3015141421,2.9761533195,-0.1614876533
2.226351,-1.259164,-28.554533,2.244456,0.3781383531,3.0772547091,0.0300728744
2.227367,2.103303,-21.63726,-3.089857,0.3643034261,3.3582101496,0.2024773493
2.228416,1.502863,0.69483,-2.64313,0.2706516126,3.6455509411,0.1684221444
2.229467,-1.146281,9.989691,2.321313,0.2334037322,3.5167796975,-0.0199457078
2.230514,-1.187111,-1.972475,1.90821,0.2483028844,3.1506862447,-0.1657445539
2.231531,-2.560919,-20.978814,4.168268,0.2983214666,2.959125717,-0.125303998
2.23258,-1.847596,-31.161979,2.441401,0.3792025783,2.9985020477,0.0747703308
2.233629,3.030383,-16.21406,-6.394682,0.3472758237,3.3699166263,0.1971562235
2.234678,2.396318,7.705482,-3.214749,0.2280826065,3.727496278,0.0811556818
2.235695,-1.70349,7.999987,3.409311,0.2046696531,3.5103943466,-0.1231755477
2.236744,-2.765069,-10.170724,3.142715,0.2589451359,3.0942823115,-0.1934144079
2.237793,-3.932325,-24.53921,6.159329,0.3515327243,2.9516761409,-0.0593220385
2.238845,-0.69475,-24.472169,1.516722,0.418578909,3.0527775305,0.1545872174
2.239891,4.541092,-9.229745,-7.033551,0.3196059697,3.4380270362,0.2120553757
2.240908,1.44522,5.926481,-0.861022,0.1876420506,3.7104686755,0.0694492051
2.241957,-1.972487,3.637484,3.481364,0.1876420506,3.4178067583,-0.104019495
2.243006,-1.874015,-11.798881,2.047512,0.252559785,3.0091442992,-0.1582949778
2.244056,-3.367911,-26.260747,4.879189,0.3451473734,2.9080429096,-0.0284595091
2.245073,0.037788,-24.189636,-1.480677,0.3951659556,3.1421724435,0.1599083431
2.246122,4.216854,-4.038798,-7.626786,0.2919361157,3.6125599614,0.1662936941
2.247171,0.251545,7.806045,0.580035,0.1929631764,3.7594230326,-0.0082392311
2.248222,-2.83472,-16.070399,2.840093,0.3185417445,3.0102085244,-0.1402031502
2.249237,-3.387125,-25.487372,4.739887,0.4036797568,2.9548688164,0.0300728744
2.250286,1.341945,-18.349819,-2.542256,0.4164504587,3.1911268005,0.1950277732
2.251335,4.469039,-0.540654,-6.449923,0.3015141421,3.5965965841,0.1556514425
2.252384,-0.593876,4.623956,1.495107,0.2131834543,3.6253306632,-0.021009933
2.253433,-3.202189,-5.949488,4.004948,0.2419175335,3.1889983502,-0.1306251238
2.25445,-2.541705,-18.220524,3.077868,0.3121563936,2.8995291084,-0.0923130183
2.255499,-2.068558,-23.986116,1.598382,0.3643034261,3.0293645772,0.0524216026
2.256548,1.625353,-14.19323,-4.283533,0.3302482212,3.4039718313,0.1418165155
2.2576,2.915099,2.560027,-3.200338,0.2344679574,3.6774776957,0.0524216026
2.258614,-1.287985,2.931151,2.996208,0.211055004,3.5348715252,-0.1050837201
2.259663,-3.63931,-10.323963,4.269142,0.2738442881,3.1623927214,-0.152973852
2.260712,-2.760265,-20.634028,4.180277,0.3525969495,2.9772175446,-0.0465513367
2.261761,-0.380119,-20.140792,1.511919,0.3941017305,3.0719335833,0.1120182112
2.262778,2.497192,-7.979895,-4.031348,0.3483400488,3.3390540969,0.158844118
2.263827,1.558103,2.45707,-2.7392,0.2546882353,3.5178439227,0.0534858278
2.264876,-1.571393,-1.785716,2.525462,0.224889931,3.3294760705,-0.0752854158
2.265925,-2.510482,-14.162104,3.536604,0.2791654139,2.9836028956,-0.0955056937
2.266942,-0.769204,-22.037116,1.307769,0.335569347,2.9495476906,0.0130452719
2.267992,1.522077,-16.67617,-2.001859,0.3302482212,3.2858428392,0.1226604628
2.26904,1.375569,-2.243036,-2.43898,0.2791654139,3.5987250344,0.0971190591
2.270092,-0.118327,2.962278,0.022826,0.2472386592,3.5944681338,-0.0295237342
2.271138,-1.70349,-7.129902,2.909744,0.2749085132,3.3571459245,-0.1146617465
2.272156,-2.210262,-20.509522,4.494907,0.3398262476,3.1198237152,-0.0571935882
2.273205,-0.012649,-22.235847,0.70973,0.3717530022,3.1421724435,0.0864768075
2.274254,1.181027,-8.42285,-2.813655,0.3313124464,3.4135498576,0.1439449658
2.275303,-1.045407,0.532014,0.889862,0.2589451359,3.3209622693,-0.097634144
2.27632,-1.883622,-14.090273,2.419785,0.2972572415,3.1198237152,-0.131689349
2.277369,-1.506545,-25.70047,2.820879,0.3419546979,3.0602271066,-0.0061107808
2.278418,1.212249,-18.699394,-2.371731,0.3206701948,3.3028704417,0.131174264
2.279469,0.823164,0.441029,-2.849681,0.252559785,3.6114957362,0.1013759597
2.280484,-1.468117,5.636765,1.850567,0.2344679574,3.5008163202,-0.0497440121
2.281533,-1.938862,-5.6478,2.201225,0.2695873875,3.2070901778,-0.1540380772
2.282583,-2.431224,-21.014729,3.073064,0.3206701948,3.0889611858,-0.1029552698
2.283632,-0.673134,-26.794687,3.147519,0.3653676513,3.1017318876,0.0662565296
2.284681,2.295444,-10.850719,-2.57588,0.3345051218,3.3039346668,0.1482018664
2.285698,0.743906,6.565772,-2.806449,0.2472386592,3.4912382939,0.034329775
2.286747,-1.602616,2.844955,2.41258,0.2440459838,3.3496963484,-0.1231755477
2.287796,-1.472921,-11.949725,0.865845,0.3047068175,3.152814695,-0.1604234281
2.288847,-1.273574,-24.766674,-0.147699,0.3270555458,3.1847414496,-0.0433586612
2.289862,0.316392,-22.88711,1.293359,0.3174775194,3.3284118453,0.1194677873
2.290911,1.779065,-2.863172,-1.449454,0.2610735862,3.4209994337,0.1322384891
2.29196,-0.466582,7.736609,-0.433508,0.1982843022,3.3731093018,-0.0231383833
2.293009,-2.38559,-2.726695,3.3949,0.2440459838,3.25710876,-0.1465885011
2.294026,-2.157423,-18.153483,1.54074,0.3366335722,3.1932552508,-0.1135975214
2.295075,-1.422484,-26.868912,1.202092,0.3738814525,3.1772918735,0.0396509008
2.297173,2.504398,4.032552,-2.919332,0.2791654139,3.3890726791,0.0843483572
2.296124,1.243472,-16.697719,0.61366,0.3568538501,3.2507234091,0.1545872174
2.298225,-0.459377,6.57535,0.673704,0.2312752819,3.3709808515,-0.0912487931
2.29924,-2.455241,-8.482709,3.642282,0.2930003409,3.2432738331,-0.1678730042
2.300288,-1.780346,-23.112179,-0.35425,0.3483400488,3.2805217134,-0.0731569655
2.301338,0.801548,-9.373406,1.689649,0.2919361157,3.4582473141,0.1524587671
2.302386,1.0081,8.15562,-1.314955,0.2376606329,3.3592743748,0.0141094971
2.303404,-0.999773,3.70692,0.949907,0.2344679574,3.2815859386,-0.1551023023
2.304453,-2.500875,-14.171681,3.022627,0.3057710427,3.2539160846,-0.1646803287
2.305502,-1.895631,-27.103558,-0.714515,0.3525969495,3.2879712895,-0.0103676814
2.306551,-0.127934,-22.930208,0.15012,0.3366335722,3.3688524012,0.1577798928
2.307568,1.255481,-2.867961,1.644016,0.3068352679,3.3720450766,0.1673579192
2.308617,0.890413,9.889128,-1.716049,0.2738442881,3.3028704417,0.0002745701
2.309666,-0.483395,0.864828,-0.616042,0.2568166856,3.3230907196,-0.1561665275
2.310717,-1.914845,-18.981927,1.543142,0.2887434402,3.4039718313,-0.1359462496
2.311764,-2.279913,-30.908178,0.495973,0.3323766715,3.4039718313,0.0290086492
2.312781,-0.509814,-19.087279,1.756899,0.3387620225,3.3720450766,0.1535229922
2.31383,0.854387,4.932827,0.685713,0.3057710427,3.3528890239,0.0843483572
2.314879,0.071412,9.314485,-1.490284,0.2674589372,3.3156411435,-0.0997625944
2.315928,-1.384055,-6.636666,1.021959,0.2823580893,3.3156411435,-0.1849006066
2.316946,-1.441698,-22.013173,0.916282,0.3366335722,3.3550174742,-0.0933772434
2.317994,-0.452172,-26.909616,-0.560802,0.349404274,3.3837515533,0.0790272315
2.319044,-0.742785,-13.551545,1.819344,0.3302482212,3.4124856325,0.1801286211
2.320095,-0.769204,6.802813,1.139646,0.3068352679,3.3603386,0.1056328603
2.32111,0.191501,7.039853,-1.127618,0.2632020366,3.2283746809,-0.0752854158
2.322159,-0.57226,-11.375082,1.247725,0.2685231623,3.1815487741,-0.1551023023
2.323208,-0.891694,-28.171437,1.262136,0.3419546979,3.2507234091,-0.0529366876
2.324256,0.090627,-25.839342,-1.365392,0.3568538501,3.4146140828,0.0992475094
2.325306,-0.800427,-3.612604,0.45034,0.3036425924,3.5657340546,0.1152108867
2.326323,-1.415278,10.118986,2.22284,0.2930003409,3.4497335129,-0.0295237342
2.327372,-1.110255,-16.384059,0.813006,0.3185417445,3.1570715956,-0.1519096269
2.328421,-0.159157,-27.716511,0.265404,0.3611107507,3.2900997398,0.0141094971
2.329472,1.574916,-20.897406,-1.595961,0.3621749758,3.5114585718,0.1684221444
2.330487,-0.113523,0.857645,0.284618,0.2919361157,3.6359729147,0.1513945419
2.331536,-1.369645,9.46054,1.970655,0.2536240102,3.4209994337,-0.0220741581
2.332585,-0.829248,-2.798525,1.348599,0.2685231623,3.1187594901,-0.1604234281
2.334651,-0.416145,-29.754102,0.19095,0.3600465255,3.2124113036,0.0577427284
2.3357,2.60287,-16.422369,-3.236365,0.3387620225,3.5018805454,0.1673579192
2.333634,-1.958077,-20.59093,2.503847,0.3100279433,3.0623555569,-0.1199828723
2.336749,0.297178,5.706201,0.469554,0.2770369635,3.6700281197,0.0790272315
2.337798,-1.847596,8.260971,3.041841,0.2717158378,3.4678253405,-0.097634144
2.338815,-1.496938,-6.921593,1.850567,0.3100279433,3.1953837011,-0.1827721563
2.339864,-2.169432,-24.941461,3.092278,0.3568538501,3.111309914,-0.0880561177
2.340913,0.350017,-29.634384,-1.161242,0.3653676513,3.2677510116,0.1013759597
2.341962,2.665316,-10.04143,-4.977642,0.2866149899,3.6370371399,0.1620367934
2.343011,-0.560251,10.018423,1.269341,0.2067981034,3.748780781,0.0162379474
2.344028,-2.1262,5.102825,3.169135,0.2142476795,3.4103571822,-0.1646803287
2.345077,-2.253493,-12.577045,3.125903,0.2812938642,3.0868327355,-0.1966070833
2.346126,-3.696952,-25.571175,5.484433,0.3749456777,2.9804102201,-0.0359090851
2.347175,0.534953,-23.442599,-2.155572,0.4004870814,3.1453651189,0.1652294689
2.348193,4.250479,-4.687666,-6.505163,0.2951287912,3.5444495515,0.1822570714
2.349241,-0.019855,7.154782,1.447071,0.2099907789,3.6093672859,0.020494848
2.35029,-2.032531,-0.751357,3.726344,0.2344679574,3.2251820054,-0.1295608987
2.351342,-1.513751,-15.40477,2.904941,0.2972572415,2.9410338894,-0.1370104747
2.352357,-2.191048,-27.101163,3.358874,0.3674961016,2.9899882465,0.0119810468
2.353406,3.914232,0.28779,-5.203408,0.2067981034,3.9094787792,0.0960548339
2.354455,-0.442565,8.773362,3.375686,0.169550223,3.8477537203,-0.0965699189
2.355504,-2.757863,-4.048375,3.385293,0.2472386592,3.4263205595,-0.2115062355
2.356553,-3.641712,-19.784034,3.952109,0.3408904728,3.1634569465,-0.1423316005
2.35757,-3.591275,-25.590329,4.302766,0.4398634121,3.1017318876,0.0662565296
2.358619,2.088893,-14.02802,-5.844679,0.4132577832,3.3294760705,0.2046057996
2.359668,3.81576,2.830589,-5.875902,0.2536240102,3.6487436166,0.1205320125
2.360719,-1.218334,3.39326,3.402106,0.1982843022,3.4986878699,-0.0508082373
2.361734,-2.803497,-9.301576,3.370883,0.2653304869,3.0783189342,-0.1231755477
2.362783,-2.200655,-21.184728,2.626337,0.3430189231,2.9857313459,-0.0444228864
2.363832,-0.16396,-23.406684,-2.719986,0.3855879292,3.270943687,0.0992475094
2.364881,3.556369,-10.180302,-11.882709,0.3110921685,3.7157898013,0.1290458137
2.365898,1.848716,4.008608,-4.696636,0.211055004,3.9371486332,-0.0050465557
2.366947,-2.558517,0.536803,5.27548,0.2419175335,3.6742850203,-0.1465885011
2.367996,-3.831451,-12.957746,4.562157,0.3291839961,3.2858428392,-0.1582949778
2.369045,-3.504811,-22.142467,3.776781,0.4121935581,3.1304659668,-0.0337806348
2.370096,-0.332084,-19.269249,-0.17652,0.4547625642,3.1826129993,0.1162751118
2.371111,2.963134,-4.996537,-5.789438,0.3611107507,3.4082287319,0.1279815885
2.37216,0.467703,3.673399,-1.785701,0.2408533083,3.5348715252,0.0024030204
2.373209,-2.577731,-3.492886,3.85844,0.2483028844,3.2624298858,-0.1061479453
2.374258,-2.16703,-15.651388,3.190751,0.3164132942,2.959125717,-0.0912487931
2.375275,-0.536233,-22.645281,0.371082,0.3451473734,3.0868327355,0.0300728744
2.376324,1.298713,-17.174194,-2.402953,0.3142848439,3.5348715252,0.1279815885
2.377373,1.382775,-0.643611,-1.663211,0.2472386592,3.8530748461,0.0811556818
2.378423,-0.548242,4.930432,1.139646,0.2216972556,3.7636799332,-0.0667716146
2.379439,-2.363974,-7.867361,2.95778,0.2695873875,3.4263205595,-0.1497811766
2.380489,-0.987765,-22.381902,2.458213,0.4260284851,3.1443008938,0.0768987812
2.381537,1.058537,-8.140317,-2.991385,0.4153862335,3.3198980441,0.1301100388
2.382586,1.800681,4.099593,-3.968902,0.3206701948,3.4635684399,0.0268801989
2.383762,-0.622697,-0.270093,0.940299,0.2685231623,3.3773662024,-0.1104048459
2.384653,-2.301529,-14.820549,3.901672,0.3206701948,3.1325944171,-0.1221113226
2.385701,0.237134,-23.49288,0.916282,0.3685603268,3.1347228674,0.0087883713
2.386751,2.319462,-16.908421,-3.390078,0.3174775194,3.5742478558,0.131174264
2.3878,0.145867,-1.747406,-0.85862,0.2451102089,3.8988365277,0.1109539861
2.388817,-1.379252,4.631139,1.901004,0.2344679574,3.699826424,-0.0252668336
2.389866,-1.7179,-5.552026,1.495107,0.266394712,3.3656597257,-0.1370104747
2.390915,-3.161359,-21.970074,4.7567,0.335569347,3.1623927214,-0.0912487931
2.391966,-1.532965,-25.286247,2.763237,0.4058082071,3.0761904839,0.0662565296
2.392981,1.253079,-8.95679,-2.914529,0.3834594789,3.2294389061,0.1258531382
2.39403,0.494123,5.627188,-2.090724,0.3089637182,3.4156783079,0.0173021725
2.395079,-0.87248,1.777075,0.700123,0.2844865396,3.3624670503,-0.1242397729
2.396128,-1.513751,-12.972112,1.687247,0.3068352679,3.2603014355,-0.1519096269
2.398194,0.856789,-20.997969,-0.447919,0.3281197709,3.4550546386,0.1269173634
2.397145,-1.412877,-26.097931,2.081136,0.3366335722,3.2815859386,-0.0231383833
2.399243,1.548496,-0.119249,-2.707977,0.2557524605,3.6710923448,0.1066970855
2.400292,-0.903703,6.915347,0.923487,0.2131834543,3.6263948884,-0.0518724624
2.401343,-2.118995,-5.326957,3.258,0.2653304869,3.4007791558,-0.159359203
2.402358,-2.690614,-20.296425,2.969788,0.3472758237,3.2273104557,-0.111469071
2.403407,-1.701088,-25.820187,3.464551,0.404743982,3.097474987,0.0502931523
2.404456,2.348283,-12.129302,-1.848146,0.3845237041,3.1911268005,0.1439449658
2.405505,-1.388859,3.060446,2.710398,0.2472386592,3.4497335129,-0.1008268195
2.406522,-1.88122,-11.133253,2.571096,0.3153490691,3.3167053687,-0.1412673753
2.407571,-0.798025,-24.110622,-1.759281,0.3398262476,3.3763019773,-0.0444228864
2.40862,0.251545,-24.366817,0.640079,0.3025783672,3.547642227,0.10350441
2.409669,1.188232,-5.070762,0.493572,0.2568166856,3.6327802393,0.1258531382
2.410686,-0.022256,8.471674,-0.897049,0.2195688053,3.575312081,-0.0231383833
2.411735,-1.931657,-0.476007,2.782451,0.2557524605,3.4465408374,-0.1614876533
2.412784,-2.827514,-16.901238,3.116296,0.3430189231,3.3454394478,-0.1402031502
2.413833,-2.731444,-26.773138,1.168467,0.3930375053,3.2954208656,0.020494848
2.414882,0.484516,-18.282778,0.642481,0.3941017305,3.3081915674,0.1662936941
2.415899,3.001562,2.08834,-3.044224,0.3164132942,3.3965222552,0.1258531382
2.416948,0.174688,7.18112,-1.439847,0.224889931,3.4454766122,-0.0497440121
2.417997,-2.150218,-5.896812,3.017824,0.2504313347,3.4061002816,-0.1487169514
2.419046,-1.934059,-22.425001,0.056451,0.3281197709,3.3975864803,-0.0816707667
2.420063,-1.429689,-28.67425,0.553616,0.3472758237,3.4444123871,0.0779630063
2.421112,0.388445,-12.069443,1.997075,0.3153490691,3.4869813932,0.1535229922
2.422162,1.245874,8.481251,-1.194867,0.2706516126,3.4944309693,0.0364582253
2.42321,-0.906105,5.3255,1.021959,0.2632020366,3.4699537908,-0.139138925
2.424227,-2.765069,-11.47325,3.351669,0.3323766715,3.4348343607,-0.1774510306
2.425277,-1.367243,-25.930327,-1.528712,0.3919732801,3.436962811,-0.0561293631
2.426326,0.052198,-26.830602,-2.023475,0.3536611746,3.5040089957,0.1056328603
2.427374,-0.252825,-5.288648,1.730479,0.2887434402,3.5252934988,0.1428807407
2.428424,0.25875,12.491785,-0.861022,0.2536240102,3.4327059104,-0.0082392311
2.429441,-0.483395,2.694111,0.08287,0.2514955599,3.346503673,-0.1785152557
2.43049,-1.977291,-18.560522,3.728745,0.3238628703,3.3209622693,-0.1625518784
2.431539,-0.637107,-30.951276,-0.664078,0.3951659556,3.3837515533,0.0247517486
2.432588,-1.057416,3.307064,3.037038,0.3227986452,3.5838258822,0.1620367934
2.433605,-0.356101,12.249956,-0.015602,0.2876792151,3.3454394478,-0.0401659857
2.434654,-0.015051,-2.994862,-0.390277,0.2834223145,3.2336958067,-0.1923501827
2.435703,-0.882087,-23.87837,1.32218,0.3281197709,3.3603386,-0.1327535741
2.436752,0.304383,-31.389442,-1.545524,0.3462115985,3.5497706773,0.0534858278
2.437769,0.549363,-14.626607,-1.014735,0.3004499169,3.7189824767,0.1556514425
2.438818,-1.283181,8.050269,2.914548,0.2717158378,3.6476793914,0.0609354038
2.439867,-1.309601,8.344773,1.675239,0.2749085132,3.374173527,-0.1221113226
2.440916,-1.290387,-8.73651,1.209297,0.3142848439,3.2443380582,-0.1891575073
2.441967,-1.405671,-25.109065,2.037905,0.3877163795,3.2815859386,-0.0646431643
2.442982,0.698272,-28.137916,-2.040287,0.3983586311,3.4561188638,0.1290458137
2.444031,0.710281,-9.869036,-1.828932,0.3281197709,3.6913126227,0.1971562235
2.44508,-1.153486,10.114197,2.878522,0.2770369635,3.6051103853,0.0683849799
2.446129,-0.934926,6.716616,1.687247,0.266394712,3.2794574883,-0.1263682232
2.447147,-1.309601,-13.429433,1.024361,0.2898076654,3.1634569465,-0.1742583551
2.448195,-1.424885,-30.158747,1.259734,0.3557896249,3.2741363625,-0.0199457078
2.449244,1.017707,-25.633428,-3.053831,0.3525969495,3.5231650485,0.145009191
2.450293,0.964868,-1.637266,-1.519105,0.2749085132,3.7604872577,0.1226604628
2.451311,-1.32161,11.874043,3.361276,0.2589451359,3.6412940405,-0.0561293631
2.45236,-1.782748,0.39793,2.434196,0.2855507648,3.3220264944,-0.2029924343
2.453409,-2.647382,-19.350657,3.483766,0.3430189231,3.1560073705,-0.1614876533
2.454458,-1.033398,-28.384534,1.80013,0.4207073593,3.1751634232,0.0417793511
2.455507,2.989553,-18.876576,-5.799045,0.3696245519,3.4678253405,0.1907708726
2.456524,1.313123,0.922293,-2.347713,0.2472386592,3.7679368338,0.1439449658
2.457573,-1.191914,9.486878,3.613461,0.2312752819,3.589147008,-0.0327164097
2.458622,-2.625766,-22.645281,4.542943,0.3259913206,3.0740620336,-0.1284966735
2.459671,-1.314404,-31.535497,1.49991,0.4121935581,3.2038975024,0.0779630063
2.460688,3.462701,-14.403933,-7.009533,0.3643034261,3.6561931927,0.1780001708
2.462786,-1.806766,6.752532,4.26674,0.2376606329,3.67215657,-0.1508454017
2.461737,1.733432,7.633652,-1.543123,0.2334037322,3.9520477854,0.0428435762
2.463835,-2.347162,-9.605658,2.472624,0.3164132942,3.2698794619,-0.2115062355
2.464853,-3.84346,-24.117805,4.761503,0.3962301808,3.111309914,-0.0774138661
2.465901,-0.956542,-24.879208,-0.553597,0.4387991869,3.2464665085,0.1482018664
2.46695,3.962267,-8.401301,-7.698839,0.3376977973,3.6945052982,0.2184407266
2.467999,1.272294,6.649575,-0.020405,0.2206330304,3.9020292032,0.0737061057
2.469016,-2.046942,2.734815,3.952109,0.2280826065,3.5221008233,-0.1029552698
2.470065,-2.433625,-13.242674,3.212366,0.294064566,3.1145025895,-0.1465885011
2.471114,-3.634507,-26.497788,6.010419,0.3962301808,3.0506490802,-0.0114319066
2.472163,0.277964,-22.638098,-2.266053,0.4345422863,3.3358614214,0.1577798928
2.473212,4.658778,-3.172043,-7.857355,0.3089637182,3.8296618927,0.1396880652
2.47423,0.534953,6.029438,1.598382,0.2206330304,3.956304686,-0.0380375354
2.475278,-2.93079,-2.556696,4.264338,0.2749085132,3.5604129288,-0.1678730042
2.476327,-2.913978,-15.558009,2.669568,0.3515327243,3.2113470784,-0.1465885011
2.477376,-2.652186,-23.626964,3.68071,0.4249642599,3.1975121514,0.0098525965
2.478393,1.387578,-17.578839,-3.781565,0.4196431341,3.4752749165,0.1567156677
2.479442,3.030383,-1.481633,-5.354719,0.3004499169,3.8158269657,0.131174264
2.480491,-1.167897,4.396493,2.414981,0.2376606329,3.7530376817,-0.0135603569
2.48154,-3.058084,-5.563998,3.423722,0.2791654139,3.3167053687,-0.1167901968
2.482557,-2.784283,-19.005871,3.673505,0.3557896249,3.0570344312,-0.0784780913
2.483606,-1.283181,-23.897525,2.109958,0.4239000348,3.2049617275,0.0641280793
2.484655,2.722958,0.855251,-3.671084,0.2791654139,3.8381756939,0.034329775
2.485704,-1.650651,2.169748,3.1211,0.2589451359,3.67215657,-0.1093406207
2.486753,-3.51682,-8.884959,3.697522,0.3206701948,3.2975493159,-0.1604234281
2.48777,-2.815506,-20.581352,3.308437,0.3877163795,3.1432366686,-0.0614504888
2.488819,-0.461779,-20.191073,1.033968,0.4217715844,3.3092557926,0.10350441
2.489868,1.899153,-6.425963,-4.163445,0.3664318765,3.6178810871,0.1482018664
2.490917,0.854387,2.674956,-1.905789,0.280229639,3.7583588074,0.0385866756
2.491934,-1.737114,-3.09303,3.015422,0.2695873875,3.5369999755,-0.0806065416
2.492983,-2.592142,-15.385616,3.63988,0.3249270955,3.1868698999,-0.090184568
2.494032,-0.973354,-23.777808,2.635944,0.3898448298,3.1155668146,0.0162379474
2.49508,1.281901,-17.114335,-1.420633,0.4026155317,3.4082287319,0.1152108867
2.4961,1.603737,0.733139,-4.82393,0.3206701948,3.7477165559,0.0566785032
2.497147,0.020975,4.978319,-1.194867,0.2483028844,3.7881571117,-0.1029552698
2.498195,-2.320743,-8.810734,4.115429,0.2898076654,3.5412568761,-0.1753225803
2.499244,-2.853934,-22.465705,4.538139,0.3887806047,3.3018062165,-0.0784780913
2.500293,-0.288852,-21.54388,1.055584,0.4345422863,3.3454394478,0.0949906088
2.50131,1.303516,-5.760334,-2.756012,0.3887806047,3.6083030608,0.1556514425
2.50236,-0.115925,4.73649,-1.869762,0.3100279433,3.6806703712,0.0492289272
2.503408,-1.360038,-1.737829,1.353403,0.2887434402,3.4688895656,-0.0827349919
2.504457,-2.051745,-15.366461,3.308437,0.3387620225,3.2283746809,-0.1050837201
2.505477,-0.91331,-24.692449,2.67197,0.3951659556,3.1272732913,0.0024030204
2.506523,2.199374,-17.605177,-2.717584,0.3685603268,3.3699166263,0.1120182112
2.507573,1.34915,0.168073,-3.113875,0.2898076654,3.7423954301,0.0747703308
2.508622,-1.412877,4.528182,1.888996,0.2749085132,3.6945052982,-0.0614504888
2.509639,-1.823578,-6.40202,2.131573,0.3238628703,3.4146140828,-0.1508454017
2.510687,-2.287118,-20.260509,3.490971,0.3823952538,3.291163965,-0.1029552698
2.511736,2.009635,-10.699875,-2.707977,0.3919732801,3.5135870221,0.1343669395
2.512786,0.623818,6.036621,-2.583086,0.2993856918,3.7062117749,0.0279444241
2.513834,-1.585803,2.701294,2.203626,0.2887434402,3.5689267301,-0.1284966735
2.514853,-1.806766,-12.217892,1.127637,0.3376977973,3.3571459245,-0.1721299048
2.5159,-1.977291,-25.465823,0.541607,0.3621749758,3.3305402957,-0.0561293631
2.51695,0.088225,-22.62852,0.889862,0.3589823004,3.436962811,0.1152108867
2.517998,2.062473,-1.728251,-1.965833,0.3057710427,3.5795689816,0.1333027143
2.519015,-0.262432,8.646461,-0.632855,0.252559785,3.5944681338,-0.0199457078
2.520064,-2.375983,-2.477682,3.137912,0.2993856918,3.4827244926,-0.1433958257
2.521113,-2.620963,-19.472769,2.441401,0.3898448298,3.39545803,-0.1061479453
2.522162,-1.972487,-28.422844,1.944236,0.4356065114,3.3507605736,0.0524216026
2.523179,1.245874,-16.053639,0.099683,0.4100651078,3.3975864803,0.158844118
2.524228,2.473175,5.315922,-3.135491,0.3100279433,3.5359357503,0.0715776554
2.525277,-0.517019,6.809996,0.510384,0.2546882353,3.5625413791,-0.1093406207
2.526326,-2.215065,-8.099613,2.912146,0.307899493,3.4837887178,-0.1838363815
2.527346,-1.982094,-23.914285,-0.39508,0.3600465255,3.4933667442,-0.0848634422
2.528392,-0.920515,-27.295106,1.329385,0.3728172274,3.5657340546,0.1013759597
2.529441,1.145,-7.826657,1.25493,0.3589823004,3.5848901074,0.1705505947
2.53049,1.164214,9.336034,-2.619112,0.3025783672,3.5444495515,0.034329775
2.531538,-0.961345,1.789047,1.269341,0.294064566,3.4816602675,-0.1284966735
2.532556,-2.267904,-14.516467,2.907343,0.363239201,3.4284490098,-0.139138925
2.533606,-1.977291,-26.239198,-0.368661,0.4036797568,3.4167425331,-0.0018538802
2.534654,0.088225,-22.855983,1.833755,0.3983586311,3.4656968902,0.1556514425
2.535703,2.242605,-1.414592,0.118897,0.3568538501,3.5465780018,0.1556514425
2.536723,1.221857,9.110965,-3.183526,0.2898076654,3.5976608092,-0.0146245821
2.537769,-2.354367,-18.455171,1.610391,0.3547253998,3.5646698295,-0.1242397729
2.538818,-2.272707,-28.56411,-0.162109,0.3887806047,3.5327430748,0.0268801989
2.539867,-0.574662,-18.093624,2.37175,0.3930375053,3.5263577239,0.1524587671
2.540884,0.638228,4.947193,0.495973,0.3717530022,3.4901740687,0.0917979333
2.541933,-0.118327,7.863509,-1.310152,0.3376977973,3.4156783079,-0.0859276674
2.542982,-1.482528,-7.680602,1.483098,0.349404274,3.4156783079,-0.1614876533
2.544031,-1.626633,-22.183171,0.796194,0.3919732801,3.464632665,-0.0710285152
2.54508,-0.372914,-27.603977,-1.336571,0.3866521544,3.5380642006,0.0939263836
2.546099,-0.269638,-12.708734,1.0772,0.3504684992,3.6593858681,0.1843855217
2.547146,-0.656321,9.012797,0.969121,0.3249270955,3.6381013651,0.0864768075
2.548194,-0.269638,7.195486,-0.928271,0.3004499169,3.4752749165,-0.1082763956
2.549243,-1.489733,-13.197181,2.475025,0.335569347,3.3848157785,-0.1753225803
2.550261,-1.386457,-30.472406,1.687247,0.4249642599,3.3986507055,-0.0476155618
2.55131,0.892815,-26.756377,-2.294874,0.4366707366,3.5763763061,0.1226604628
2.552359,0.081019,-1.148819,0.447938,0.377074128,3.769001059,0.1343669395
2.553408,-1.559384,13.121499,1.860174,0.3440831482,3.6349086896,-0.0380375354
2.554425,-1.23995,0.630182,0.69532,0.3408904728,3.3794946527,-0.1891575073
2.555476,-1.292788,-18.579677,1.382224,0.3706887771,3.3720450766,-0.1476527263
2.556523,-0.175969,-29.476357,-0.515168,0.4100651078,3.5231650485,0.0439078014
2.557572,1.272294,-21.019518,-1.660809,0.3919732801,3.721110927,0.2056700247
2.558621,-0.476189,2.421155,1.072396,0.32173442,3.8147627406,0.1769359456
2.559638,-1.643446,10.767854,2.076333,0.2812938642,3.5965965841,-0.0114319066
2.560687,-1.388859,-3.097819,2.069128,0.307899493,3.304998892,-0.159359203
2.561736,-2.50808,-21.48881,3.58464,0.3887806047,3.1889983502,-0.1210470974
2.562784,-0.173567,-30.860291,-0.4215,0.4441203127,3.2752005877,0.0524216026
2.563802,0.117046,6.204226,1.069995,0.3227986452,3.8275334424,0.0747703308
2.564853,-1.809167,9.62575,3.097082,0.3302482212,3.5997892595,-0.1093406207
2.565899,-1.343225,-6.447512,1.266939,0.3653676513,3.3379898717,-0.1966070833
2.566949,-1.924452,-23.758653,2.820879,0.3983586311,3.3103200177,-0.0827349919
2.567968,0.491721,-27.819468,-1.992252,0.3941017305,3.5072016712,0.1301100388
2.569015,2.040857,-11.097337,-4.269123,0.32173442,3.831790343,0.2205691769
2.570063,-0.793222,7.729426,1.812139,0.2632020366,3.8562675216,0.1066970855
2.571112,-1.49934,5.327894,2.04511,0.2717158378,3.5018805454,-0.0816707667
2.572161,-1.66266,-11.777332,2.87612,0.3376977973,3.1985763766,-0.1540380772
2.573179,-3.221403,-27.551301,5.085741,0.4398634121,3.1059887882,-0.0305879594
2.574229,0.707879,-26.045256,-2.688763,0.4632763654,3.3177695938,0.1460734161
2.575276,4.11598,-4.148938,-6.524377,0.3611107507,3.7807075356,0.1439449658
2.576325,0.0546,9.841241,1.471089,0.3047068175,3.9020292032,-0.0337806348
2.577345,-2.277511,1.101869,3.656692,0.3451473734,3.5657340546,-0.1774510306
2.578391,-2.28952,-16.216455,2.078735,0.3919732801,3.3028704417,-0.1519096269
2.579441,-2.837122,-27.127501,3.169135,0.4387991869,3.3241549447,0.0407151259
2.580489,0.960064,-19.676288,-3.166714,0.4132577832,3.6221379878,0.221633402
2.581506,3.143266,-0.284459,-4.182659,0.2983214666,3.9541762357,0.1907708726
2.582555,-0.581867,7.12605,2.861709,0.2568166856,3.8520106209,0.0098525965
2.583604,-2.294323,-3.559928,2.844897,0.3004499169,3.4295132349,-0.125303998
2.584653,-2.858737,-20.241355,4.362811,0.3685603268,3.1506862447,-0.0944414686
2.585702,-2.587338,-26.749194,3.954511,0.473918617,3.1730349729,0.0768987812
2.586722,2.677324,-13.79098,-6.281799,0.4547625642,3.5529633528,0.1801286211
2.587768,3.786938,2.368479,-4.944018,0.3047068175,3.9658827124,0.0854125824
2.588817,-1.290387,3.10115,4.158661,0.2791654139,3.8562675216,-0.0742211907
2.589866,-2.755462,-20.418536,3.551015,0.4345422863,3.2943566404,-0.0603862637
2.590883,-0.673134,-23.195981,1.387027,0.4813681931,3.4358985859,0.1152108867
2.591932,3.193703,-10.572975,-6.298612,0.4079366574,3.7668726086,0.1843855217
2.592981,1.51247,2.900025,-2.035484,0.2855507648,3.956304686,0.0768987812
2.59403,-2.227074,1.556795,3.531801,0.2791654139,3.6668354442,-0.0752854158
2.595047,-3.209395,-11.815642,2.952976,0.3430189231,3.2517876343,-0.1242397729
2.596098,-3.231011,-23.418655,4.201892,0.4281569354,3.1730349729,-0.0061107808
2.597145,0.227527,-19.748119,-0.486347,0.4696617164,3.3986507055,0.1567156677
2.598194,3.589994,-4.239923,-5.883107,0.3834594789,3.721110927,0.1599083431
2.599211,0.628621,3.357345,-0.738532,0.2930003409,3.831790343,0.0194306229
2.60026,-2.741051,-3.873588,4.019359,0.3185417445,3.5636056043,-0.0880561177
2.601309,-3.125333,-16.542086,3.541408,0.3887806047,3.2603014355,-0.0646431643
2.603407,1.63496,-14.830127,-2.633523,0.4249642599,3.6040461601,0.1513945419
2.602358,-1.737114,-22.99725,1.84096,0.4419918624,3.2996777662,0.0662565296
2.604424,2.182561,-0.260516,-3.291605,0.3366335722,3.8413683694,0.0790272315
2.605475,-0.908507,2.469042,1.300564,0.2983214666,3.796670913,-0.0603862637
2.606522,-2.945201,-8.372569,3.524596,0.3504684992,3.5316788497,-0.1199828723
2.607571,-2.820309,-21.591767,3.863244,0.4196431341,3.2975493159,-0.0337806348
2.608588,-0.598679,-22.125707,1.13244,0.4526341139,3.3550174742,0.1215962376
2.609637,1.891948,-5.880052,-4.15624,0.4026155317,3.6657712191,0.1620367934
2.610686,1.111375,4.932827,-3.26999,0.2972572415,3.84562527,0.0407151259
2.611735,-1.535366,-3.191198,2.133975,0.2695873875,3.6945052982,-0.083799217
2.612752,-2.544107,-17.724894,4.432462,0.3557896249,3.4135498576,-0.0752854158
2.613801,-0.999773,-23.864004,3.258,0.4398634121,3.2826501637,0.0502931523
2.615899,-0.502609,2.615097,0.169334,0.3121563936,3.6966337485,-0.0359090851
2.616948,-1.669865,-7.953558,2.254063,0.3430189231,3.4710180159,-0.1146617465
2.614852,1.145,-13.812529,-0.971503,0.4302853857,3.4742106914,0.1492660916
2.617964,-2.522491,-22.774576,3.507783,0.4143220084,3.3294760705,-0.0550651379
2.619013,0.157876,-25.291036,1.055584,0.4526341139,3.4071645067,0.0981832842
2.620062,2.53562,-6.533709,-4.470871,0.3781383531,3.7285605031,0.1439449658
2.621112,-0.276843,7.104501,-1.110805,0.2866149899,3.8552032964,0.0119810468
2.622128,-2.277511,-0.033052,2.83529,0.3015141421,3.6189453123,-0.125303998
2.623177,-2.433625,-15.158153,1.934629,0.3717530022,3.4156783079,-0.1263682232
2.624229,-2.260699,-26.232015,3.438132,0.432413836,3.3433109975,0.0215590732
2.625275,0.991287,-19.036997,-0.147699,0.4377349618,3.4188709834,0.1769359456
2.626292,2.242605,1.494542,-3.73353,0.3525969495,3.6412940405,0.1471376413
2.627344,-0.737981,6.764503,1.266939,0.2961930163,3.6710923448,-0.0156888072
2.62839,-1.972487,-5.7747,2.847299,0.3472758237,3.4901740687,-0.1221113226
2.629439,-1.453707,-21.337966,0.356671,0.3962301808,3.4135498576,-0.0731569655
2.630488,-0.519421,-27.979889,0.856238,0.4015513065,3.4805960423,0.0875410327
2.631505,1.257883,-12.43099,-0.411893,0.3728172274,3.6178810871,0.1716148198
2.632554,0.924038,7.535484,-2.273258,0.3047068175,3.7189824767,0.0630638542
2.633604,-1.141477,5.114797,1.915415,0.3036425924,3.6540647424,-0.1061479453
2.634652,-2.217467,-11.468461,3.025029,0.3834594789,3.5348715252,-0.1487169514
2.635669,-2.118995,-26.595956,-0.224555,0.4313496108,3.4986878699,-0.0220741581
2.63672,-0.262432,-25.410753,1.233314,0.4313496108,3.5508349025,0.1609725683
2.637767,1.582121,-3.31331,-0.260582,0.3887806047,3.6572574178,0.1928993229
2.638816,0.508533,10.61701,-2.13876,0.3121563936,3.6764134706,0.0290086492
2.639833,-1.549777,0.65652,2.787255,0.3185417445,3.5625413791,-0.1306251238
2.640882,-2.243886,-18.507846,2.138779,0.4004870814,3.4742106914,-0.111469071
2.641931,-1.352833,-30.812404,-1.057967,0.4334780611,3.5306146245,0.0683849799
2.642979,1.505264,5.715779,-0.774559,0.3451473734,3.707276,0.1471376413
2.644029,-0.341691,8.509983,-0.363857,0.2972572415,3.6221379878,-0.048679787
2.645046,-2.380787,-6.744412,3.637478,0.3557896249,3.5231650485,-0.1444600508
2.646097,-2.246288,-23.703583,0.743355,0.4494414384,3.4869813932,-0.062514714
2.647144,-0.512216,-30.49635,-0.877834,0.4473129881,3.5572202534,0.1130824364
2.648193,0.856789,-11.006352,0.726543,0.3760099028,3.6827988215,0.1918350977
2.64921,0.705478,10.909121,-0.868227,0.3185417445,3.7008906491,0.0641280793
2.650259,-0.894096,5.797186,0.803399,0.32173442,3.616816862,-0.1221113226
2.651308,-2.719435,-12.330427,2.828085,0.3972944059,3.5284861742,-0.1582949778
2.652357,-1.789953,-27.872144,-1.194867,0.4526341139,3.5167796975,-0.0103676814
2.653374,0.225125,-26.425957,-1.52631,0.418578909,3.6668354442,0.186513972
2.654423,-0.219201,-2.252614,1.896201,0.3696245519,3.7530376817,0.2226976272
2.655474,-0.40894,12.144605,-0.279796,0.3387620225,3.5646698295,0.0545500529
2.656521,-0.32728,0.47455,0.275011,0.335569347,3.4018433809,-0.1157259717
2.657538,-1.299994,-18.689817,2.813674,0.3951659556,3.4273847846,-0.1061479453
2.658587,-0.365708,-31.909015,-0.688095,0.4419918624,3.5263577239,0.0502931523
2.659636,0.568577,-22.664435,-0.35425,0.4260284851,3.7125971258,0.1811928462
2.660685,-0.524225,4.796349,2.434196,0.3855879292,3.7913497872,0.1322384891
2.661734,-0.57226,13.504595,0.046844,0.3579180752,3.6061746104,-0.0657073894
2.662751,-0.74999,-2.623738,-0.277394,0.3643034261,3.4869813932,-0.1923501827
2.6638,-2.147816,-22.817674,1.547945,0.4058082071,3.5731836307,-0.104019495
2.664851,-0.961345,-32.708728,-0.440714,0.432413836,3.6827988215,0.1205320125
2.665898,0.876003,-16.45589,-0.892245,0.4153862335,3.7807075356,0.2599455076
2.666915,-0.281647,9.889128,1.293359,0.3706887771,3.7264320528,0.1599083431
2.667964,-0.860471,9.817298,0.820211,0.3270555458,3.4678253405,-0.0550651379
2.669012,-1.25436,-25.968637,2.532668,0.4334780611,3.353953249,-0.0380375354
2.670062,0.839976,-30.522688,-1.735264,0.4494414384,3.5433853264,0.1460734161
2.671078,1.493256,-10.465229,-1.490284,0.4036797568,3.8296618927,0.2109911505
2.672128,-0.910908,11.759115,2.33092,0.3589823004,3.8722308989,0.0683849799
2.673176,-1.398466,7.099712,2.124368,0.3387620225,3.6210737626,-0.1274324483
2.674228,-1.910041,-12.864367,2.049914,0.3696245519,3.4465408374,-0.1657445539
2.675274,-2.520089,-28.762841,2.37175,0.4345422863,3.450797738,-0.0029181054
2.676291,0.813557,-26.100326,-2.609505,0.4260284851,3.6189453123,0.1950277732
2.678389,-0.771606,10.743911,1.934629,0.3047068175,3.7264320528,0.0417793511
2.67734,2.175356,-3.701194,-3.294007,0.3440831482,3.8222123166,0.2099269254
2.679438,-1.609821,1.870455,2.407776,0.3227986452,3.4358985859,-0.1189186471
2.680455,-2.030129,-16.556452,3.265205,0.3738814525,3.2869070644,-0.1082763956
2.681504,-2.094977,-29.385372,2.674372,0.4398634121,3.3284118453,0.0715776554
2.682553,1.81269,-21.716273,-4.040955,0.4164504587,3.6455509411,0.2301472033
2.683604,2.662914,1.535246,-3.363658,0.3185417445,4.0180297449,0.1780001708
2.684619,-1.028595,9.611384,2.424588,0.3015141421,3.9456624345,-0.0167530324
2.685668,-2.152619,-3.562322,2.487034,0.3579180752,3.6072388356,-0.1444600508
2.686719,-3.002843,-20.466423,3.961716,0.4292211605,3.3922653546,-0.0933772434
2.687766,-2.267904,-28.461153,2.138779,0.5026526961,3.353953249,0.0907337082
2.688814,2.57645,-16.328989,-6.144899,0.4558267894,3.6285233387,0.2056700247
2.689831,2.396318,4.341423,-3.599031,0.3238628703,3.9467266596,0.1162751118
2.69088,-1.710695,6.991966,3.284419,0.3100279433,3.7945424626,-0.0550651379
2.691929,-2.719435,-7.663841,2.734416,0.3802668035,3.436962811,-0.1284966735
2.69298,-3.423151,-23.047531,4.10342,0.446248763,3.2900997398,-0.0199457078
2.693995,-0.622697,-24.364423,0.774578,0.4845608685,3.4124856325,0.1811928462
2.695044,1.145,3.999031,-1.278929,0.2866149899,4.0893328302,0.117339337
2.696095,-2.488866,1.724399,4.113027,0.3068352679,3.8498821706,-0.0359090851
2.697142,-2.476857,-11.645643,2.585507,0.377074128,3.4539904135,-0.090184568
2.698159,-3.555248,-25.40357,5.237052,0.4568910145,3.2528518594,0.0077241462
2.699208,-0.228808,-22.073031,0.299029,0.5175518483,3.3358614214,0.158844118
2.700257,4.512271,-3.207959,-8.023077,0.4239000348,3.7594230326,0.1545872174
2.701306,0.770325,5.210571,-0.877834,0.3089637182,4.0233508707,0.0055956959
2.702355,-3.144547,-2.882327,4.699057,0.3440831482,3.7381385295,-0.0997625944
2.703372,-3.024459,-16.319412,2.537471,0.4249642599,3.3975864803,-0.0710285152
2.704421,-2.320743,-23.981327,3.507783,0.4941388949,3.3890726791,0.0800914566
2.705472,1.793476,-16.123075,-2.784834,0.5005242458,3.6338444644,0.2088627002
2.706518,3.469906,-0.988397,-6.238568,0.3866521544,3.9541762357,0.1662936941
2.707535,-0.615492,4.542548,1.634409,0.3057710427,3.9520477854,0.0141094971
2.711699,2.211383,-9.519462,-4.70144,0.509038047,3.5561560282,0.2269545278
2.712748,2.631691,2.593548,-5.933544,0.3760099028,3.8690382234,0.1269173634
2.713797,-1.235146,0.93187,2.996208,0.3132206188,3.8413683694,-0.0167530324
2.714849,-2.765069,-10.182696,3.663898,0.3600465255,3.4997520951,-0.0731569655
2.715895,-1.852399,-23.624569,3.068261,0.4249642599,3.3135126932,0.0130452719
2.716912,0.225125,-21.979652,1.471089,0.4685974912,3.5040089957,0.1609725683
2.709633,-3.267037,-21.646837,4.290758,0.4164504587,3.2422096079,-0.0444228864
2.710682,-2.008514,-24.857659,5.028099,0.5132949477,3.270943687,0.1375596149
2.708584,-2.95721,-5.00372,3.344463,0.3387620225,3.5561560282,-0.0944414686
2.717961,1.77186,-4.565554,-4.744672,0.4196431341,3.8392399191,0.1737432701
2.71901,0.628621,4.858602,-2.069109,0.3302482212,3.9435339842,0.0364582253
2.720059,-1.698686,-2.286134,3.84403,0.3398262476,3.748780781,-0.0795423164
2.721076,-2.947603,-16.800676,3.6663,0.418578909,3.4827244926,-0.0614504888
2.722125,0.907226,-14.600269,-1.019538,0.4845608685,3.547642227,0.2131196008
2.723174,1.440417,2.840166,-4.66061,0.4026155317,3.8030562639,0.158844118
2.724225,-0.20479,3.244811,-0.736131,0.3249270955,3.7817717608,0.0034672456
2.72524,-2.186244,-9.725376,3.968922,0.3579180752,3.5540275779,-0.0699642901
2.726289,-2.363974,-23.174432,3.887262,0.4409276372,3.367788176,0.0077241462
2.727338,0.72229,-23.844849,0.152521,0.4664690409,3.4220636589,0.1503303168
2.728387,1.956796,-6.425963,-3.262784,0.4164504587,3.7179182516,0.1801286211
2.729404,-0.596277,6.424506,-0.608837,0.363239201,3.8477537203,0.0545500529
2.730453,-1.70349,-0.095305,2.042708,0.3706887771,3.6742850203,-0.0774138661
2.731501,-2.227074,-15.912372,2.537471,0.4090008826,3.4933667442,-0.0806065416
2.73255,-1.917247,-26.631871,3.351669,0.4483772133,3.423127884,0.0641280793
2.733602,1.214651,-17.566867,-1.34858,0.4292211605,3.5550918031,0.200348899
2.734616,1.442819,2.361296,-3.286802,0.3398262476,3.7849644363,0.1556514425
2.735665,-1.1727,5.145924,1.504714,0.3110921685,3.7423954301,0.0045314707
2.736714,-1.770739,-8.137922,1.86738,0.3738814525,3.5338073,-0.0720927404
2.737763,-1.739516,-21.859934,0.57283,0.4292211605,3.4603757644,-0.0061107808
2.73878,-0.322477,-25.592724,0.875452,0.4441203127,3.5252934988,0.1407522904
2.739829,1.882341,-9.478758,-0.788969,0.4100651078,3.6764134706,0.1918350977
2.740878,0.460498,7.111684,-1.374999,0.3472758237,3.7700652841,0.0683849799
2.741927,-1.874015,1.836934,2.057119,0.3547253998,3.6785419209,-0.0774138661
2.742944,-2.258297,-14.212385,2.59031,0.4292211605,3.5742478558,-0.0827349919
2.743992,-1.542572,-26.126664,0.145316,0.4643405906,3.5976608092,0.0609354038
2.745042,0.880806,-20.878251,0.306234,0.4441203127,3.6976979737,0.2173765014
2.746091,2.124919,0.048355,-1.63439,0.3823952538,3.7700652841,0.200348899
2.747139,-2.308734,-4.280627,3.291625,0.3653676513,3.5721194055,-0.0795423164
2.748157,-2.332751,-20.147975,1.684846,0.4526341139,3.4944309693,-0.0242026084
2.749206,-1.631437,-28.28876,0.275011,0.4749828421,3.5348715252,0.1482018664
2.750255,1.082554,-15.086322,0.89947,0.4387991869,3.6476793914,0.2578170573
2.751303,2.703744,6.288028,-1.490284,0.3643034261,3.7328174037,0.1609725683
2.752321,-0.31287,6.711828,0.813006,0.3291839961,3.7189824767,-0.0295237342
2.753369,-2.84913,-9.691855,3.589443,0.3962301808,3.6710923448,-0.0997625944
2.754418,-2.339957,-26.390042,-0.080449,0.4707259415,3.685991497,0.0151737222
2.755469,-0.711562,-27.524963,-0.13569,0.4536983391,3.7423954301,0.1918350977
2.756484,1.212249,-5.947093,0.411912,0.3792025783,3.7296247283,0.2226976272
2.757533,0.94085,9.975325,-1.886575,0.3227986452,3.6434224908,0.061999629
2.758582,-1.451305,2.205664,1.182877,0.3387620225,3.5923396834,-0.0912487931
2.759631,-2.964415,-14.317736,2.1676,0.4164504587,3.589147008,-0.0795423164
2.76068,-2.162226,-28.60242,-0.971503,0.4654048157,3.6040461601,0.0843483572
2.761697,0.085823,-24.254283,1.113226,0.4579552397,3.6615143184,0.2673950837
2.762746,1.18583,0.747505,1.346197,0.4153862335,3.7051475497,0.2673950837
2.763794,0.489319,11.361653,-1.900985,0.3611107507,3.6753492454,0.0790272315
2.764846,-0.795624,-1.852757,0.769774,0.3579180752,3.6391655902,-0.0742211907
2.765861,-1.924452,-21.021912,1.194886,0.4132577832,3.6317160141,-0.0540009127
2.766909,-1.218334,-32.514786,-1.214081,0.4430560875,3.6615143184,0.1013759597
2.767958,0.042591,-17.401657,1.24052,0.4302853857,3.7477165559,0.2205691769
2.769007,-0.699553,8.052663,2.013887,0.4111293329,3.7338816289,0.1439449658
2.770024,-1.045407,8.349562,0.375885,0.3930375053,3.5976608092,-0.0295237342
2.771073,-0.733178,-7.498631,0.258199,0.4015513065,3.5721194055,-0.0997625944
2.772122,-0.889292,-23.864004,-0.085253,0.432413836,3.6412940405,-0.0124961318
2.773171,-0.529028,-31.197894,0.35427,0.4430560875,3.7243036025,0.1748074953
2.774222,-0.61309,13.370511,0.6689,0.4015513065,3.7423954301,0.1567156677
2.775237,-0.24562,5.744511,0.241387,0.3664318765,3.4944309693,-0.0465513367
2.776286,-1.026193,-14.430271,0.889862,0.3823952538,3.4444123871,-0.0816707667
2.777335,-0.973354,-29.615229,-0.190931,0.432413836,3.575312081,0.0577427284
2.778383,0.815959,-28.078058,-0.808183,0.4398634121,3.755166132,0.2205691769
2.779401,0.35482,-1.36431,0.731346,0.3941017305,3.9052218786,0.2205691769
2.780449,-1.251959,14.105576,1.108423,0.3589823004,3.7881571117,0.0322013247
2.781498,-1.472921,0.184833,1.463884,0.3696245519,3.5412568761,-0.1199828723
2.782547,-2.33035,-17.7225,2.340527,0.4228358096,3.4827244926,-0.0720927404
2.783564,-1.040603,-28.853827,0.08287,0.4685974912,3.5465780018,0.1258531382
2.784613,1.956796,-22.987673,-1.795308,0.4494414384,3.6945052982,0.304642964
2.785662,0.693469,1.884821,0.02763,0.390909055,3.8328545682,0.2854869113
2.786711,-0.932524,12.961078,1.110825,0.3504684992,3.6881199473,0.0843483572
2.78773,-0.632304,-2.55909,1.783318,0.349404274,3.4252563343,-0.0710285152
2.788777,-2.070959,-24.2471,3.041841,0.4004870814,3.3794946527,-0.0242026084
2.789826,-0.865275,-32.608165,-0.704908,0.4494414384,3.5827616571,0.1599083431
2.790874,2.763788,-14.669705,-4.122615,0.4068724323,3.9371486332,0.2482390309
2.791923,1.027314,8.548293,0.332654,0.3323766715,4.1148742339,0.1162751118
2.79294,-2.234279,6.781264,3.46215,0.349404274,3.9116072295,-0.0657073894
2.793989,-2.652186,-8.279189,2.907343,0.4239000348,3.6263948884,-0.1146617465
2.795038,-3.521624,-21.766555,3.805602,0.4888177691,3.4486692877,0.0013387952
2.796087,-0.656321,-27.750032,-0.774559,0.509038047,3.4518619632,0.2077984751
2.797106,3.236935,-12.780564,-5.131355,0.432413836,3.7370743043,0.3067714143
2.798153,0.167483,7.655201,-0.159708,0.3313124464,3.8860658259,0.1971562235
2.799202,-2.063754,5.983946,2.758433,0.3185417445,3.6221379878,0.020494848
2.800251,-2.277511,-26.595956,2.587908,0.4345422863,3.3656597257,0.0822199069
2.801268,0.813557,-25.030052,-3.589424,0.4239000348,3.6572574178,0.24185368
2.802316,3.417067,-4.642173,-4.403621,0.3249270955,4.0786905787,0.2386610045
2.803365,-0.365708,7.846749,1.792925,0.2855507648,4.1244522603,0.0747703308
2.804414,-2.587338,-0.365867,3.644684,0.3579180752,3.7892213369,-0.0603862637
2.805463,-2.978825,-16.647437,3.6663,0.4451845378,3.4859171681,-0.0433586612
2.806481,-3.728175,-27.050882,4.494907,0.5399005765,3.340118322,0.1226604628
2.807529,1.159411,-18.258834,-3.022608,0.5622493047,3.4944309693,0.2737804346
2.808578,4.209649,0.484127,-7.18246,0.4249642599,3.8903227265,0.228018753
2.809626,-0.565055,5.402119,2.081136,0.3334408967,3.9254421565,0.0588069535
2.810644,-2.666596,-4.548794,3.88486,0.3813310286,3.5518991276,-0.0465513367
2.811692,-2.063754,-18.902914,1.612793,0.4366707366,3.3614028251,0.0002745701
2.812741,-1.386457,-25.973425,1.473491,0.4781755176,3.5401926509,0.1684221444
2.81379,2.329069,-14.954633,-5.277863,0.4387991869,3.9360844081,0.2652666333
2.814807,2.689333,1.860877,-3.423702,0.3270555458,4.2106544977,0.1694863695
2.815856,-1.573795,3.939172,4.093813,0.3132206188,4.0297362216,0.006659921
2.816905,-3.331885,-7.967924,3.522194,0.3738814525,3.6370371399,-0.0603862637
2.817953,-3.684944,-21.577401,4.826351,0.4536983391,3.4082287319,0.0300728744
2.819002,-1.792355,-22.425001,3.786388,0.5420290268,3.374173527,0.2077984751
2.820019,3.015973,-8.537779,-5.518039,0.5026526961,3.5912754583,0.2727162094
2.821068,2.148937,2.751575,-3.930474,0.3696245519,3.8562675216,0.1609725683
2.822117,-1.893229,0.551169,4.242722,0.3408904728,3.7179182516,0.0247517486
2.823166,-2.500875,-12.129302,2.741621,0.3951659556,3.3880084539,-0.0061107808
2.824183,-1.292788,-24.024425,0.733748,0.4334780611,3.4135498576,0.1024401848
2.825233,1.529282,-20.210228,-1.456659,0.4281569354,3.7849644363,0.2312114284
2.826281,-0.50501,3.931989,0.459947,0.3110921685,4.0627272014,0.0673207548
2.827329,-2.637775,-3.224719,3.284419,0.3515327243,3.7860286614,-0.0401659857
2.828349,-3.17577,-17.858978,3.764772,0.4366707366,3.506137446,-0.0082392311
2.829395,-2.00371,-24.196819,2.902539,0.5058453716,3.4071645067,0.1482018664
2.830444,1.0081,-11.753389,-1.680023,0.5122307225,3.5444495515,0.2588812824
2.831493,1.779065,1.801019,-4.780698,0.4164504587,3.7924140123,0.2035415744
2.832542,-0.428154,0.874406,-0.31342,0.3366335722,3.8466894952,0.0705134302
2.833559,-2.090173,-9.78284,4.141848,0.3696245519,3.5965965841,0.0077241462
2.834608,-1.237548,-22.554295,2.67197,0.4239000348,3.3933295797,0.0800914566
2.835657,1.077751,-21.172756,-0.524775,0.4334780611,3.6040461601,0.2152480511
2.836705,1.469238,-3.914291,-3.000992,0.3887806047,3.9786534142,0.2322756536
2.837725,-0.262432,3.177769,-1.045958,0.3323766715,4.0052590431,0.1109539861
2.838772,-1.708293,-5.291042,2.592712,0.349404274,3.7604872577,0.0045314707
2.83982,-2.421617,-16.700113,3.466953,0.4260284851,3.5508349025,0.0109168216
2.840869,-1.119862,-23.662879,3.061055,0.4909462194,3.4422839368,0.1205320125
2.841886,1.000894,-14.147737,-0.656872,0.4888177691,3.5636056043,0.2099269254
2.842935,0.520542,1.848906,-3.058635,0.4207073593,3.790285562,0.1567156677
2.843984,-0.716366,2.533689,0.202958,0.3749456777,3.7860286614,0.0290086492
2.845033,-1.408073,-8.437216,1.535936,0.3887806047,3.6349086896,-0.0337806348
2.846082,-2.143012,-22.425001,1.528731,0.4207073593,3.5423211012,0.0407151259
2.847101,-0.236013,-24.807377,1.17327,0.4356065114,3.6189453123,0.2024773493
2.848148,1.899153,-5.429914,-2.206009,0.3919732801,3.8562675216,0.2535601567
2.849196,-0.288852,7.997593,-1.439847,0.3270555458,3.9265063817,0.1162751118
2.850245,-2.253493,-1.589379,2.676774,0.3525969495,3.7306889534,-0.0199457078
2.851262,-2.267904,-17.052082,2.302099,0.4345422863,3.5657340546,-0.0093034563
2.852311,-1.974889,-26.962291,1.627203,0.4792397427,3.5114585718,0.1279815885
2.85336,2.453961,2.832983,-2.460596,0.4100651078,3.7849644363,0.1950277732
2.855426,-2.517687,-7.091592,3.308437,0.390909055,3.6987621988,-0.0614504888
2.854409,-0.61309,8.081395,0.534402,0.3504684992,3.8328545682,0.0226232983
2.856477,-1.693883,-22.484859,-0.277394,0.432413836,3.6827988215,0.0322013247
2.857524,-0.529028,-26.222438,-0.488749,0.4068724323,3.7934782375,0.214183826
2.858573,0.861592,-10.510722,1.564758,0.3792025783,3.831790343,0.2961291628
2.85959,0.775129,7.298443,-1.475873,0.3462115985,3.7668726086,0.1811928462
2.860639,-1.13187,3.108333,0.70973,0.3472758237,3.6561931927,0.0098525965
2.861688,-2.37118,-13.711966,4.036171,0.4175146838,3.5550918031,-0.0178172575
2.862736,-1.773141,-26.483422,-0.104467,0.4654048157,3.5550918031,0.1152108867
2.864802,1.610942,-2.750638,1.079602,0.3706887771,3.769001059,0.2588812824
2.865854,0.623818,9.395892,-1.288536,0.3323766715,3.7881571117,0.0917979333
2.863785,0.150671,-23.401895,0.361475,0.4356065114,3.6678996694,0.2652666333
2.8669,-1.230343,-0.497556,1.170869,0.3547253998,3.8062489393,-0.048679787
2.867949,-2.311136,-19.206996,1.120432,0.4100651078,3.8349830185,-0.0167530324
2.868966,-2.416813,-30.838742,-0.039619,0.4377349618,3.8158269657,0.1599083431
2.870015,-0.442565,-18.378551,1.271743,0.4270927102,3.7679368338,0.297193388
2.871064,1.38998,6.165916,-0.786568,0.3845237041,3.6913126227,0.2226976272
2.872113,0.112242,9.568286,-1.451856,0.3472758237,3.6104315111,0.0258159738
2.87313,-2.133405,-6.825819,1.559954,0.3802668035,3.6019177098,-0.0635789391
2.874179,-2.313537,-24.503295,0.659293,0.4419918624,3.6551289675,0.0439078014
2.87523,-0.418547,-29.622413,-0.644864,0.4505056636,3.7636799332,0.2461105806
2.876277,1.188232,-11.293674,1.221306,0.4164504587,3.8701024486,0.3408266193
2.877326,0.993689,9.778988,-0.178922,0.3760099028,3.8552032964,0.2163122763
2.878343,-0.346494,6.491548,-0.577614,0.3462115985,3.7721937344,0.0183663977
2.879392,-1.998907,-28.755658,0.452742,0.4632763654,3.6817345964,0.0715776554
2.88044,-0.142344,-28.832277,-0.736131,0.4696617164,3.7392027547,0.2375967794
2.881489,0.323597,-4.484146,1.937031,0.4239000348,3.8126342903,0.263138183
2.882506,-0.459377,12.642629,0.426322,0.390909055,3.7264320528,0.1024401848
2.883555,-0.70916,2.93594,-0.037218,0.3855879292,3.6295875638,-0.0518724624
2.884606,-1.45851,-15.637022,1.466285,0.4153862335,3.67215657,-0.0380375354
2.885653,-1.079032,-30.132409,-0.479142,0.4387991869,3.748780781,0.1386238401
2.88667,0.347615,-23.564711,0.195753,0.4356065114,3.8615886473,0.3280559174
2.887721,-0.548242,2.703688,1.735283,0.404743982,3.9243779314,0.3301843677
2.888767,-0.891694,11.330526,0.323047,0.3589823004,3.7317531786,0.1428807407
2.889816,-0.224004,-3.112185,1.050781,0.3600465255,3.478467592,-0.0156888072
2.890865,-1.653053,-22.068243,1.632007,0.4132577832,3.4167425331,0.0024030204
2.891882,-0.632304,-33.23309,-1.1036,0.4494414384,3.5721194055,0.1620367934
2.892931,2.096098,-16.884478,-1.495087,0.432413836,3.8945796271,0.269523534
2.893982,0.201108,9.063078,1.67764,0.3919732801,4.0286719964,0.1705505947
2.895029,-1.919648,9.285752,1.941834,0.3706887771,3.8126342903,-0.0146245821
2.896046,-1.741918,-7.220887,1.156458,0.4004870814,3.6381013651,-0.0752854158
2.897097,-2.121396,-23.411472,1.471089,0.4473129881,3.6668354442,0.0492289272
2.898143,-0.159157,-29.244105,-1.108404,0.4451845378,3.7743221847,0.2642024082
2.899192,1.524479,-12.122119,-1.86736,0.3951659556,3.9073503289,0.3653037978
2.90021,-0.927721,8.684771,1.326983,0.3408904728,3.8647813228,0.2535601567
2.901258,-1.626633,6.453238,2.049914,0.3249270955,3.6200095374,0.0630638542
2.902307,-0.83165,-10.13002,2.117163,0.3706887771,3.4486692877,-0.0146245821
2.903357,-1.429689,-28.214536,1.634409,0.4302853857,3.4337701356,0.0768987812
2.904405,0.897619,-30.307196,-2.078716,0.4345422863,3.6604500933,0.235468329
2.905422,-0.793222,12.429532,1.672837,0.3621749758,4.1563790149,0.1024401848
2.906473,-2.28952,3.299881,2.993806,0.3887806047,3.873295124,-0.0529366876
2.907519,-2.517687,-14.08309,2.45341,0.4430560875,3.6072388356,-0.0465513367
2.908568,-2.870746,-27.800313,2.299697,0.5005242458,3.4667611153,0.131174264
2.909585,1.457229,-24.788223,-3.40689,0.4792397427,3.6221379878,0.3333770432
2.910634,3.169686,-2.621343,-4.49729,0.3706887771,3.9861029903,0.346147745
2.911683,-0.870078,9.960959,1.562356,0.3089637182,3.9552404608,0.1780001708
2.912732,-1.828381,0.383564,2.919351,0.335569347,3.5859543325,0.0226232983
2.913749,-2.063754,-17.51898,3.582238,0.3994228562,3.3752377521,0.0236875235
2.914798,-2.445634,-30.55142,1.915415,0.4675332661,3.4358985859,0.1886424223
2.915849,1.93518,-20.193468,-5.335505,0.4441203127,3.8520106209,0.3206063413
2.916895,3.532352,3.841004,-4.012134,0.3366335722,4.2830218082,0.2333398787
2.917912,-0.860471,7.097318,3.507783,0.3185417445,4.1468009885,0.0428435762
2.918961,-3.091708,-6.967086,3.947306,0.3941017305,3.7434596553,-0.0369733103
2.92001,-3.684944,-19.740936,4.598183,0.4792397427,3.5221008233,0.0534858278
2.921059,-2.078165,-23.966961,2.717603,0.5473501526,3.4593115392,0.2397252297
2.922109,3.054401,-13.376757,-5.895116,0.487753544,3.6923768479,0.3376339438
2.923125,2.492389,2.186509,-3.644664,0.3536611746,4.0212224204,0.2482390309
2.924173,-1.590607,3.829032,3.17634,0.3302482212,3.8669097731,0.089669483
2.925225,-2.215065,-9.495518,2.933762,0.3717530022,3.4571830889,0.0236875235
2.926271,-2.647382,-23.136122,3.695121,0.4207073593,3.3933295797,0.1226604628
2.927288,-0.175969,-22.322044,0.066058,0.4590194648,3.6923768479,0.2865511364
2.928337,3.7341,-7.065254,-5.883107,0.3877163795,4.0872043799,0.3025145137
2.929386,1.195437,3.438753,-0.805782,0.2919361157,4.2330032259,0.1609725683
2.930435,-2.380787,-1.079383,4.458881,0.3238628703,3.9477908848,0.0375224505
2.931452,-2.810702,-13.460559,2.991404,0.4090008826,3.5880827828,0.0332655499
2.932501,-0.44977,-19.020237,0.034835,0.5377721262,3.5785047565,0.3014502886
2.93355,3.57078,-3.346831,-6.805383,0.4419918624,3.8360472436,0.283358461
2.934601,0.842378,3.785934,-0.719318,0.3313124464,3.9680111627,0.1322384891
2.935647,-2.702623,-3.514435,4.341195,0.3515327243,3.7104686755,0.0236875235
2.936664,-2.714632,-17.135885,2.407776,0.4164504587,3.4539904135,0.0588069535
2.937714,-1.326413,-23.902314,0.966719,0.4558267894,3.6232022129,0.214183826
2.938763,2.007233,-13.685628,-3.404488,0.4302853857,3.9871672155,0.3142209904
2.939811,2.53562,0.553563,-3.003394,0.3419546979,4.1106173333,0.2290829781
2.940828,-1.340824,1.544823,2.482231,0.3110921685,3.9488551099,0.0843483572
2.941877,-3.521624,-8.975944,3.882458,0.3738814525,3.6966337485,0.0385866756
2.942926,-3.514418,-21.96768,4.132241,0.4494414384,3.4880456184,0.1322384891
2.943977,-1.583402,-21.771343,2.054717,0.4898819943,3.4731464662,0.2854869113
2.944992,2.57645,-5.125832,-3.983313,0.4419918624,3.6955695234,0.3099640898
2.946041,2.586057,4.245649,-3.627852,0.3345051218,3.9041576535,0.1694863695
2.94709,-1.559384,-2.343599,3.171537,0.3121563936,3.8647813228,0.0439078014
2.948138,-3.370313,-15.285053,4.30757,0.3877163795,3.6625785436,0.0545500529
2.949187,-1.422484,-25.60709,1.197288,0.4451845378,3.5721194055,0.1854497468
2.950204,1.34915,-18.110384,-1.958627,0.4334780611,3.7572945823,0.2993218383
2.951253,1.284302,0.733139,-3.683093,0.3717530022,4.0010021425,0.24185368
2.952302,-0.336887,5.169867,-0.519972,0.3270555458,3.9871672155,0.0822199069
2.953353,-1.869211,-6.47385,3.1211,0.3568538501,3.790285562,-0.007175006
2.955417,-0.620295,-25.580752,2.244456,0.4685974912,3.5295503994,0.2333398787
2.954368,-2.962013,-21.565429,4.314775,0.4260284851,3.5902112331,0.0598711787
2.956466,1.942385,-8.51623,-2.400552,0.4430560875,3.7253678277,0.3174136659
2.957515,0.62622,6.611265,-3.003394,0.3621749758,3.9062861038,0.2163122763
2.958532,-1.581,-14.181258,2.323714,0.3877163795,3.685991497,0.048164702
2.95958,-1.624232,-25.903989,2.117163,0.4494414384,3.5870185577,0.158844118
2.960629,1.060938,-20.988391,-0.928271,0.4430560875,3.7094044504,0.2854869113
2.961678,1.726227,0.182439,-2.242035,0.3621749758,3.9861029903,0.2599455076
2.962729,-1.081433,7.008727,0.925889,0.3100279433,3.9797176394,0.1056328603
2.963744,-2.267904,-5.688504,2.465418,0.3579180752,3.7509092313,0.0055956959
2.965841,-1.018988,-25.690892,1.680042,0.4728543918,3.6285233387,0.2333398787
2.966891,1.889546,-12.821268,-1.202072,0.4430560875,3.748780781,0.3365697186
2.964793,-2.294323,-19.812766,1.891397,0.4356065114,3.6370371399,0.0630638542
2.967907,1.166616,5.718173,-2.518238,0.3611107507,3.900964978,0.2482390309
2.968957,-1.669865,3.575231,1.864978,0.3366335722,3.8424325946,0.089669483
2.970005,-1.931657,-12.294512,2.878522,0.4015513065,3.721110927,0.0471004769
2.971054,-1.381654,-25.501739,-0.560802,0.4419918624,3.734945854,0.145009191
2.972071,-0.171166,-24.986954,0.20536,0.4100651078,3.796670913,0.2748446597
2.97312,1.632558,-4.227951,0.467152,0.3579180752,3.8200838663,0.2727162094
2.974168,0.35482,10.353632,-1.627184,0.3313124464,3.8158269657,0.1120182112
2.975217,-2.143012,-0.296431,2.333322,0.3792025783,3.7892213369,-0.0156888072
2.976266,-2.296725,-18.318693,2.484633,0.4643405906,3.7594230326,0.0375224505
2.977283,-1.038202,-27.560878,-1.168448,0.473918617,3.7807075356,0.2205691769
2.978332,0.799146,-18.479114,1.146851,0.4356065114,3.8349830185,0.3695606984
2.980429,0.004163,8.299281,-1.725657,0.3089637182,3.8009278136,0.1492660916
2.979381,1.613344,2.49538,-0.4215,0.377074128,3.8509463958,0.3301843677
2.981447,-1.734713,-6.035684,2.083538,0.3259913206,3.7360100792,0.0353940002
2.982495,-2.496071,-23.98851,1.893799,0.4036797568,3.7040833246,0.1024401848
2.983544,-2.1262,-29.308753,1.768907,0.4419918624,3.6817345964,0.2759088849
2.98561,-0.293655,5.555357,0.476759,0.3259913206,3.8583959719,0.0375224505
2.984593,2.319462,8.957727,-2.066707,0.3483400488,3.7892213369,0.2205691769
2.986659,-2.510482,-11.681558,2.314107,0.3792025783,3.8552032964,0.0024030204
2.987708,-2.2631,-27.522569,-0.414294,0.4281569354,3.8413683694,0.1354311646
2.988757,-0.733178,-27.290317,0.45034,0.4207073593,3.8743593492,0.3195421162
2.989774,0.566175,-4.790623,2.023494,0.3802668035,3.8764877995,0.3578542217
2.990823,0.570979,11.062359,-0.349447,0.3451473734,3.7849644363,0.1982204487
2.991872,-0.404136,2.536084,-0.31342,0.3419546979,3.7147255761,0.0236875235
2.992921,-1.92205,-16.027301,1.684846,0.3834594789,3.7115329007,0.0173021725
2.993972,-1.737114,-30.053395,-0.704908,0.4175146838,3.769001059,0.1843855217
2.994986,0.347615,-22.724294,-0.541588,0.4026155317,3.9020292032,0.3567899966
2.996035,0.796745,1.461021,2.407776,0.3781383531,3.9084145541,0.3408266193
2.997084,0.011368,10.219548,-0.010798,0.3653676513,3.7392027547,0.158844118
2.998133,-0.356101,-2.384303,-0.841808,0.3674961016,3.6923768479,0.0226232983
2.99915,-1.67707,-22.00599,1.079602,0.4036797568,3.796670913,0.0641280793
3.000199,-1.49934,-32.069437,0.022826,0.432413836,3.8690382234,0.235468329
3.001248,0.782334,-15.378433,-0.311019,0.404743982,3.9233137062,0.338698169
3.002296,0.119448,7.341541,2.347732,0.3760099028,3.8967080774,0.2386610045
3.003313,-1.384055,7.310415,2.064324,0.3834594789,3.7583588074,0.0630638542
3.004362,-1.052612,-7.06286,-0.757746,0.3962301808,3.7221751522,0.0013387952
3.005411,-1.669865,-23.945412,0.128504,0.4068724323,3.817955416,0.1013759597
3.00646,-0.759597,-29.821143,1.079602,0.3983586311,3.9073503289,0.2886795867
3.007509,0.784736,-9.914529,0.702525,0.3568538501,3.9509835602,0.3663680229
3.008526,-0.908507,10.073493,1.876987,0.3291839961,3.8509463958,0.2397252297
3.009575,-1.537768,4.310296,1.88179,0.3376977973,3.6604500933,0.0694492051
3.010624,-0.394529,-28.039748,0.159727,0.4015513065,3.6530005172,0.1556514425
3.011673,1.387578,-27.02215,-1.252509,0.3962301808,3.8498821706,0.3131567653
3.01269,0.772727,-2.305289,-0.572811,0.3525969495,4.0765621284,0.3280559174
3.013738,-1.573795,12.360096,1.571963,0.3238628703,4.011644394,0.1620367934
3.014787,-1.720302,0.469761,2.616729,0.3419546979,3.7711295093,0.0087883713
3.015836,-2.008514,-18.340242,2.484633,0.390909055,3.6466151663,0.0364582253
3.016856,-0.867677,-30.381421,0.608856,0.4302853857,3.6668354442,0.2152480511
3.017902,2.266623,-20.739379,-2.99859,0.4004870814,3.9169283553,0.3621111223
3.018951,0.960064,4.24086,-1.73046,0.3121563936,4.1617001407,0.311028315
3.02,-1.715499,9.778988,2.006682,0.280229639,3.9765249639,0.1258531382
3.021049,-1.578598,-5.252732,2.282885,0.3345051218,3.6253306632,0.0119810468
3.022066,-2.337555,-20.978814,3.181144,0.4079366574,3.4752749165,0.0800914566
3.023115,-0.553046,-29.112416,-0.020405,0.4526341139,3.5604129288,0.269523534
3.024164,3.498727,-15.943499,-4.658208,0.4090008826,3.9605615866,0.3844598506
3.025212,1.510068,6.750137,-0.702506,0.3185417445,4.2777006824,0.290808037
3.026232,-1.821176,7.154782,2.647952,0.3057710427,4.0595345259,0.1056328603
3.027278,-2.068558,-9.35904,2.948173,0.3664318765,3.6913126227,0.0247517486
3.028327,-3.194984,-24.196819,4.115429,0.4398634121,3.5274219491,0.1269173634
3.029376,-0.593876,-26.991023,-1.571944,0.4654048157,3.6242664381,0.311028315
3.030392,3.328202,-9.450025,-6.200139,0.3749456777,4.025479321,0.3631753475
3.031441,0.412463,7.705482,-0.397482,0.2759727384,4.2234251996,0.2226976272
3.03249,-2.337555,2.907208,3.325249,0.2908718905,3.8988365277,0.0630638542
3.033539,-2.522491,-12.517186,3.111492,0.363239201,3.5380642006,0.0385866756
3.034588,-3.744988,-25.197656,4.679843,0.4483772133,3.4284490098,0.1811928462
3.035607,0.631023,-23.406684,-1.286134,0.4856250937,3.6114957362,0.3706249236
3.036653,5.117515,-4.534428,-6.97831,0.3781383531,4.0829474793,0.3865883009
3.037703,-2.505678,-0.320374,3.711933,0.3036425924,3.914799905,0.0694492051
3.038751,-2.623365,-17.449544,2.828085,0.3717530022,3.5433853264,0.0641280793
3.039769,-3.831451,-28.537773,4.602987,0.4568910145,3.4976236448,0.2184407266
3.040818,0.964868,-18.670662,-3.964099,0.4664690409,3.7892213369,0.3557257714
3.041866,4.860526,2.562422,-7.199272,0.335569347,4.2095902726,0.2791015603
3.042915,-0.298459,6.419717,2.674372,0.2642662617,4.212782948,0.0907337082
3.043932,-3.754595,-6.73244,4.449274,0.3281197709,3.8222123166,0.0109168216
3.044983,-3.586471,-19.745725,4.240321,0.4260284851,3.5678625049,0.0981832842
3.046029,-2.402403,-23.227107,3.716737,0.5037169213,3.5636056043,0.2865511364
3.047079,2.792609,-13.070281,-5.251443,0.4632763654,3.7817717608,0.3961663272
3.048098,3.863795,1.006095,-4.492487,0.3227986452,4.0797548038,0.3142209904
3.049144,-1.064621,3.254388,3.137912,0.2653304869,4.0095159437,0.1577798928
3.050193,-2.84913,-8.21933,3.534203,0.3142848439,3.630651789,0.0811556818
3.051242,-2.450438,-21.974863,3.848833,0.3877163795,3.4529261883,0.1535229922
3.052291,-0.826847,-23.337247,0.680909,0.4260284851,3.6274591135,0.3099640898
3.053308,2.677324,-8.741298,-5.42437,0.3653676513,3.9818460897,0.3472119702
3.054358,2.278632,3.74523,-1.819325,0.2759727384,4.1829846437,0.2173765014
3.055405,-1.427287,0.062722,4.055385,0.2791654139,4.0073874934,0.0790272315
3.056454,-3.459178,-14.152526,4.077001,0.3483400488,3.7051475497,0.0694492051
3.057474,-3.041271,-23.830483,4.077001,0.4270927102,3.6210737626,0.2109911505
3.05852,0.124251,-15.737585,0.039639,0.4526341139,3.7562303571,0.3557257714
3.059569,2.749377,-0.806427,-4.944018,0.3674961016,3.9137356799,0.3237990168
3.060618,0.80395,1.458627,-0.80338,0.2898076654,3.9350201829,0.1780001708
3.061635,-2.227074,-7.352576,4.024162,0.3259913206,3.782835986,0.10350441
3.062684,-2.839523,-19.52305,3.277214,0.3962301808,3.602981935,0.1662936941
3.063733,2.610075,-8.633553,-3.711914,0.3547253998,4.0233508707,0.3472119702
3.064781,1.322731,3.814666,-2.23483,0.2919361157,4.1382871873,0.2152480511
3.06583,-1.549777,-1.115298,1.230913,0.2993856918,3.98397454,0.0737061057
3.066849,-3.050878,-13.64253,3.755165,0.3728172274,3.8232765418,0.0641280793
3.067896,-2.87555,-24.723575,3.342062,0.4366707366,3.7094044504,0.1928993229
3.068944,0.25875,-20.270087,-1.108404,0.4249642599,3.7636799332,0.3355054935
3.07101,-0.252825,6.845911,0.664097,0.3100279433,3.9786534142,0.1684221444
3.069993,1.846315,-0.696287,-2.434176,0.3525969495,3.9584331363,0.318477891
3.072059,-1.600214,-3.969362,1.03637,0.3323766715,3.8381756939,0.0556142781
3.073108,-2.450438,-21.124869,1.651221,0.3877163795,3.7157898013,0.0854125824
3.074156,-0.733178,-28.896925,1.086807,0.4207073593,3.7168540264,0.2386610045
3.075173,2.434746,-11.863529,-3.22916,0.363239201,3.928634832,0.3174136659
3.076225,0.287571,7.789285,-1.329366,0.2695873875,4.0861401547,0.2056700247
3.077271,-2.395197,3.864947,3.178742,0.2812938642,3.9722680633,0.0609354038
3.07832,-2.560919,-12.035922,2.278081,0.3696245519,3.804120489,0.0396509008
3.079368,-2.858737,-25.065967,2.777648,0.4409276372,3.6519362921,0.1705505947
3.080386,0.453293,-22.963729,1.274144,0.4632763654,3.5976608092,0.3514688708
3.081435,3.431478,-3.246268,-3.743137,0.3898448298,3.8083773896,0.3780744996
3.082483,0.225125,7.339147,-1.336571,0.2887434402,3.9467266596,0.2290829781
3.083532,-2.056549,-2.674019,3.09468,0.3047068175,3.7977351381,0.0960548339
3.084549,-1.081433,-17.873344,0.839425,0.3717530022,3.713661351,0.1045686351
3.0856,-0.348896,-27.235247,-0.330233,0.3834594789,3.817955416,0.2290829781
3.086647,0.948056,-17.978695,0.339859,0.3579180752,3.9531120105,0.3237990168
3.087696,1.298713,3.402838,-1.295741,0.3142848439,4.0265435461,0.2588812824
3.088713,-0.999773,6.539435,0.647284,0.3142848439,3.9882314406,0.1056328603
3.089762,-2.193449,-21.539092,0.676106,0.4579552397,3.8498821706,0.1396880652
3.09081,-1.023791,-25.918355,0.45034,0.4473129881,3.796670913,0.3088998646
3.09186,1.212249,-11.248181,0.810604,0.4079366574,3.8073131645,0.3908452015
3.092908,1.752646,7.674356,-2.626317,0.3334408967,3.8786162498,0.2780373352
3.093925,-0.497805,4.822687,-0.330233,0.2834223145,3.8839373756,0.1013759597
3.094976,-2.174235,-13.230702,2.734416,0.3238628703,3.8445610449,0.061999629
3.096023,-2.681007,-28.803545,1.166065,0.3898448298,3.8285976676,0.1918350977
3.097071,-1.259164,-26.167367,1.956245,0.4100651078,3.8190196412,0.359982672
3.098088,1.658977,-1.867123,0.383091,0.3664318765,3.8275334424,0.3610468972
3.099137,1.505264,12.281083,-2.460596,0.3089637182,3.8562675216,0.1716148198
3.100186,-1.127067,0.05075,1.163663,0.3185417445,3.8775520246,0.020494848
3.101235,-2.527294,-18.957984,2.061922,0.3877163795,3.8839373756,0.0609354038
3.102252,-2.094977,-29.854664,-0.539186,0.418578909,3.8764877995,0.2429179051
3.103301,-0.12313,-20.286847,1.053182,0.3983586311,3.8722308989,0.3993590027
3.104352,1.43081,3.168192,1.54074,0.363239201,3.8360472436,0.3610468972
3.105398,0.948056,9.783777,-0.997923,0.3227986452,3.790285562,0.172679045
3.106447,-0.413744,-4.460203,-0.371063,0.3185417445,3.8392399191,0.0492289272
3.107464,-1.789953,-22.788942,1.360608,0.3611107507,3.9158641302,0.1045686351
3.108513,-1.701088,-30.357478,0.510384,0.3898448298,3.928634832,0.2759088849
3.109562,0.057002,-13.185209,0.993138,0.3855879292,3.9339559578,0.3759460493
3.11061,0.551765,8.727869,1.370215,0.3717530022,3.8807447001,0.2684593088
3.111627,-0.298459,6.170705,-0.162109,0.3483400488,3.782835986,0.089669483
3.112676,-1.556982,-10.958465,0.70973,0.3536611746,3.8083773896,0.048164702
3.113727,-2.128602,-26.545675,1.228511,0.3930375053,3.9243779314,0.1758717204
3.114773,-0.142344,-27.374119,-0.123681,0.3877163795,4.0244150958,0.3493404205
3.115791,0.727094,-5.920756,0.959514,0.3238628703,4.0403784731,0.3780744996
3.11684,-1.165495,3.460302,1.283751,0.3270555458,3.748780781,0.0524216026
3.117888,-1.883622,-16.467861,1.728077,0.3717530022,3.7381385295,0.0545500529
3.118937,-1.612223,-30.848319,0.16453,0.4175146838,3.7998635884,0.2195049517
3.119954,1.344346,-23.835272,-2.655138,0.3866521544,3.9765249639,0.3748818242
3.121003,1.149804,1.398768,0.632874,0.307899493,4.1212595848,0.338698169
3.122052,-1.230343,11.981789,2.885727,0.2908718905,3.9914241161,0.1482018664
3.123103,-1.432091,-1.290085,1.487901,0.3238628703,3.7817717608,0.0119810468
3.124149,-2.176637,-19.752908,1.961048,0.3728172274,3.685991497,0.0630638542
3.125166,-0.632304,-30.359872,-0.969101,0.4004870814,3.7381385295,0.2588812824
3.126215,2.626887,-19.958822,-3.61104,0.3515327243,4.0031305928,0.4163866052
3.127264,0.54456,4.238466,0.937898,0.2866149899,4.1617001407,0.3706249236
3.128313,-1.600214,11.16771,2.306902,0.2834223145,3.956304686,0.1758717204
3.130378,-2.445634,-23.93344,3.956913,0.3983586311,3.6178810871,0.10350441
3.12933,-1.223137,-3.694011,2.254063,0.3270555458,3.713661351,0.0439078014
3.131427,0.028181,-32.787741,-1.898583,0.4302853857,3.7285605031,0.2854869113
3.132478,3.477111,-14.221962,-4.814323,0.3557896249,4.1255164854,0.3727533739
3.133493,0.157876,9.618567,1.060388,0.2706516126,4.3255908143,0.2482390309
3.134542,-2.359171,7.796468,3.03944,0.2770369635,4.0520849498,0.0609354038
3.13559,-2.253493,-9.033409,2.945771,0.3408904728,3.7360100792,0.0045314707
3.136639,-3.68014,-24.419493,3.985734,0.4111293329,3.5742478558,0.1428807407
3.137688,-0.339289,-27.718905,-1.262116,0.4270927102,3.6519362921,0.3695606984
3.138705,3.503531,-9.268055,-4.727859,0.3536611746,4.0403784731,0.4589556113
3.139754,0.210715,9.391104,0.445536,0.2770369635,4.1925626701,0.3291201426
3.140802,-1.532965,4.789166,2.518257,0.2674589372,3.8520106209,0.1407522904
3.141853,-1.360038,-13.043943,2.816076,0.307899493,3.5231650485,0.0790272315
3.142868,1.161812,-26.756377,-4.187463,0.3898448298,3.8839373756,0.3621111223
3.143917,4.017508,-1.405014,-5.890312,0.2898076654,4.420306853,0.3312485929
3.144965,-0.404136,10.794192,1.910611,0.2536240102,4.4245637536,0.1333027143
3.146014,-2.894764,-0.509528,2.914548,0.3185417445,3.9988736921,-0.0018538802
3.147031,-3.487999,-17.13349,3.241188,0.4004870814,3.699826424,0.048164702
3.14808,-4.02119,-27.321444,4.305168,0.4930746697,3.5742478558,0.2652666333
3.149129,1.411596,-18.876576,-4.000125,0.487753544,3.7338816289,0.4557629359
3.150178,4.178426,1.223981,-6.068043,0.3515327243,4.108488883,0.4195792806
3.151229,-0.632304,7.281683,1.975459,0.2738442881,4.0712410026,0.2375967794
3.152243,-2.284716,-4.685272,3.001011,0.3132206188,3.6530005172,0.1162751118
3.153292,-1.737114,-20.935716,2.141181,0.3696245519,3.4656968902,0.1535229922
3.154341,-1.052612,-28.607209,0.940299,0.4090008826,3.6540647424,0.3067714143
3.155389,2.686931,-15.026463,-4.82393,0.3653676513,4.0989108566,0.373817599
3.156407,2.855055,5.418879,-2.282865,0.2738442881,4.4437198064,0.2471748057
3.157456,-1.650651,5.418879,4.115429,0.2866149899,4.2851502585,0.0747703308
3.158504,-3.742586,-9.983965,3.656692,0.3653676513,3.8945796271,0.0322013247
3.159553,-3.999574,-23.083446,4.819145,0.4473129881,3.6689638945,0.1609725683
3.16057,-1.941264,-22.441761,2.770442,0.5122307225,3.6114957362,0.3589184469
3.161619,2.929509,-7.656658,-5.340309,0.4441203127,3.790285562,0.4259646316
3.162668,2.39872,4.568886,-3.013001,0.3004499169,4.0127086191,0.304642964
3.163717,-1.597812,0.517648,3.529399,0.2653304869,3.8222123166,0.1535229922
3.164766,-2.380787,-13.759853,3.567827,0.3270555458,3.4678253405,0.1237246879
3.165783,-1.480126,-24.072312,1.40384,0.3792025783,3.5252934988,0.24185368
3.166832,1.469238,-20.131215,-2.559068,0.363239201,3.9552404608,0.3727533739
3.16788,3.462701,-4.038798,-3.020206,0.2876792151,4.3064347616,0.3397623941
3.168929,-2.191048,-3.756264,3.55822,0.3036425924,4.0201581952,0.0726418805
3.169946,-3.118128,-16.757577,3.731147,0.3792025783,3.7306889534,0.1013759597
3.170995,-3.226207,-24.09865,3.245991,0.4366707366,3.6391655902,0.2588812824
3.172044,-0.639509,-13.288166,-0.500758,0.4505056636,3.7594230326,0.3940378769
3.173092,2.319462,3.177769,-4.499692,0.3643034261,3.9211852559,0.3365697186
3.174109,0.871199,2.200875,-0.200538,0.2781011887,3.9084145541,0.1748074953
3.175159,-2.395197,-11.80367,4.51172,0.3185417445,3.7062117749,0.1152108867
3.176207,-1.806766,-23.430627,1.836157,0.3855879292,3.6189453123,0.2237618524
3.177256,1.901555,-20.195862,-2.919332,0.3472758237,3.9201210308,0.3621111223
3.178273,1.877538,-4.409922,-2.213214,0.2514955599,4.2755722321,0.3514688708
3.179322,-0.769204,3.333402,2.160395,0.2270183813,4.1968195707,0.2109911505
3.180371,-1.297592,-2.808102,2.076333,0.2834223145,3.9243779314,0.0907337082
3.18142,-2.705025,-16.024907,3.032234,0.3557896249,3.7658083835,0.0981832842
3.182468,-2.616159,-26.109903,3.745558,0.4239000348,3.6817345964,0.2503674812
3.183486,0.957663,-15.907584,-1.780897,0.4217715844,3.7924140123,0.3812671751
3.184534,1.591728,3.031714,-3.149901,0.3419546979,3.9882314406,0.3206063413
3.185583,-0.298459,4.547337,0.565625,0.3015141421,3.9829103148,0.1535229922
3.186632,-1.206325,-8.432427,1.245323,0.32173442,3.8786162498,0.0683849799
3.187649,-1.955675,-23.512035,1.204493,0.3462115985,3.8296618927,0.145009191
3.188698,0.064207,-25.250332,-0.555998,0.3281197709,3.9371486332,0.3078356395
3.189746,2.273828,-6.339767,-2.585487,0.2642662617,4.1787277431,0.3589184469
3.190795,-0.468984,7.008727,0.24619,0.2323395071,4.2276821002,0.235468329
3.191812,-2.2631,-0.023475,2.463017,0.2908718905,4.0456995989,0.1013759597
3.192862,-2.404804,-14.880408,2.607122,0.3823952538,3.8445610449,0.0939263836
3.19391,-2.688212,-26.567224,3.490971,0.4505056636,3.6572574178,0.2312114284
3.194959,2.94392,1.214403,-4.247507,0.3462115985,3.9924883412,0.3440192947
3.196008,-1.129469,6.405351,1.048379,0.2632020366,4.0723052277,0.1801286211
3.197025,-2.440831,-5.568786,3.282018,0.3025783672,3.8967080774,0.0768987812
3.198073,-1.528161,-20.614873,-0.222153,0.3419546979,3.8445610449,0.1258531382
3.199122,-0.713964,-28.01341,0.347064,0.3334408967,3.9254421565,0.2854869113
3.200171,1.464434,-12.663241,0.169334,0.3100279433,4.0201581952,0.3770102745
3.201188,1.024912,8.107733,-2.052296,0.2557524605,4.0637914265,0.269523534
3.202237,-1.669865,4.123537,1.754497,0.2600093611,3.9775891891,0.1066970855
3.203286,-2.721837,-13.003239,4.028966,0.3525969495,3.8424325946,0.0832841321
3.204335,-2.469652,-25.463429,0.798596,0.4228358096,3.748780781,0.2109911505
3.205354,-0.142344,-24.15372,0.885059,0.4228358096,3.7392027547,0.3684964733
3.2064,2.732565,-3.705983,-1.154037,0.3451473734,3.8945796271,0.3844598506
3.207449,1.212249,10.243492,-2.94335,0.2408533083,4.0339931222,0.2184407266
3.208498,-1.984496,-0.957271,2.784853,0.2472386592,3.9594973615,0.0662565296
3.209547,-2.390394,-19.446431,2.828085,0.3462115985,3.8711666737,0.0992475094
3.210564,-1.146281,-28.487491,-1.408624,0.3792025783,3.9243779314,0.2705877591
3.211613,0.388445,-18.946012,1.024361,0.3387620225,3.9807818645,0.401487453
3.212662,1.101768,3.572837,1.233314,0.294064566,3.9137356799,0.3418908444
3.213711,-0.00064,9.556314,-1.293339,0.2632020366,3.8285976676,0.1577798928
3.21473,-1.556982,-5.449069,1.471089,0.2993856918,3.8488179455,0.0577427284
3.215776,-1.84039,-23.593443,0.407108,0.3685603268,3.8945796271,0.1418165155
3.216825,-0.918114,-30.982403,-1.391812,0.3685603268,3.9296990572,0.3269916923
3.217874,0.458096,-12.991267,1.855371,0.335569347,3.9892956658,0.4259646316
3.218891,1.077751,10.475744,0.154923,0.3089637182,3.9892956658,0.3120925401
3.21994,-0.125532,7.209852,-0.851415,0.2930003409,3.9392770835,0.1162751118
3.220989,-1.883622,-11.770149,2.390964,0.335569347,3.928634832,0.061999629
3.222038,-0.810034,-28.21693,-0.805782,0.3738814525,4.0041948179,0.3674322481
3.223087,0.366829,-6.129064,2.515855,0.3366335722,3.98397454,0.401487453
3.224106,0.671853,12.166154,0.238985,0.3153490691,3.8147627406,0.2322756536
3.225153,0.047395,3.630301,-1.118011,0.2993856918,3.7317531786,0.0556142781
3.226201,-1.674669,-17.356165,1.19969,0.3196059697,3.8392399191,0.0705134302
3.22725,-2.020522,-31.640848,-0.181323,0.3579180752,3.9775891891,0.2599455076
3.228267,0.359624,-22.647675,-0.889843,0.3387620225,4.0850759296,0.4323499825
3.229316,0.976877,3.323824,2.215635,0.2961930163,4.0786905787,0.3919094266
3.230365,-0.444966,11.917142,1.749693,0.294064566,3.9201210308,0.1875781971
3.231414,-1.146281,-3.361197,1.069995,0.3249270955,3.8073131645,0.0513573775
3.232431,-2.099781,-22.733872,2.477427,0.3792025783,3.817955416,0.1088255358
3.233482,-0.649116,-31.300851,-1.778495,0.3930375053,3.9509835602,0.290808037
3.234529,1.923171,-16.079977,-3.085054,0.3196059697,4.1691497167,0.3929736518
3.235578,0.347615,6.745349,2.720005,0.2546882353,4.1702139419,0.283358461
3.236626,-1.480126,7.877875,2.806469,0.2695873875,3.9318275075,0.0949906088
3.237643,-1.919648,-6.78751,1.872183,0.3291839961,3.7700652841,0.0279444241
3.238692,-3.144547,-22.774576,3.430927,0.3919732801,3.7296247283,0.1503303168
3.239741,-0.536233,-28.159466,-1.720853,0.3877163795,3.8520106209,0.373817599
3.24079,2.653307,-11.183534,-3.502961,0.3015141421,4.1010393069,0.4770474389
3.241807,0.191501,7.988015,2.08594,0.2472386592,4.0850759296,0.3493404205
3.242858,-1.338422,5.550569,2.53507,0.2610735862,3.8211480915,0.1482018664
3.243905,-1.191914,-11.542686,2.417383,0.3089637182,3.6625785436,0.0715776554
3.244954,-2.099781,-29.823538,2.112359,0.3674961016,3.685991497,0.1780001708
3.245971,0.587791,-28.118762,-3.863225,0.3504684992,4.0031305928,0.3418908444
3.247019,2.934313,-2.302895,-3.656673,0.252559785,4.4107288266,0.338698169
3.248068,-2.445634,0.742717,3.284419,0.2717158378,4.0403784731,-0.0124961318
3.249117,-3.6249,-16.293074,3.47656,0.3568538501,3.8222123166,0.0332655499
3.250135,-3.754595,-26.993418,3.776781,0.4419918624,3.6902483976,0.2461105806
3.251183,1.164214,-20.887829,-3.750342,0.4143220084,3.8190196412,0.4504418101
3.252234,3.481915,0.500887,-4.626985,0.2898076654,4.1350945118,0.4483133598
3.253281,-0.296057,9.905889,1.58157,0.2280826065,4.0605987511,0.2599455076
3.25433,-1.412877,-3.05472,2.160395,0.2504313347,3.67215657,0.1056328603
3.255349,-1.686677,-21.450501,3.320446,0.3121563936,3.5008163202,0.1343669395
3.256395,-1.460912,-30.915361,0.863443,0.3728172274,3.6764134706,0.3025145137
3.257444,2.936715,-17.219687,-5.952758,0.3259913206,4.1829846437,0.3982947776
3.258493,3.198507,6.556195,-2.691165,0.2206330304,4.6012251291,0.2759088849
3.25951,-1.393662,7.595342,3.404507,0.2344679574,4.4256279788,0.075834556
3.260559,-3.058084,-7.656658,3.099484,0.3334408967,4.0063232682,0.0013387952
3.26161,-4.268572,-21.816836,4.372418,0.4239000348,3.748780781,0.1162751118
3.262657,-2.6714,-26.083565,3.085073,0.49520312,3.6678996694,0.3450835199
3.263674,2.967938,-10.951282,-5.441183,0.4398634121,3.9137356799,0.4653409622
3.264725,2.148937,6.05817,-4.173052,0.2887434402,4.1797919683,0.3535973211
3.265771,-1.741918,3.704526,3.13551,0.2472386592,3.9328917326,0.1716148198
3.267869,-2.553714,-25.44188,2.554284,0.3536611746,3.5274219491,0.2248260775
3.26682,-1.893229,-11.102126,2.736818,0.3015141421,3.5284861742,0.1120182112
3.268886,0.102635,-24.204002,-1.178055,0.3706887771,3.9201210308,0.3951021021
3.269934,4.639564,-4.311753,-6.236166,0.2823580893,4.4096646015,0.3940378769
3.270985,1.397185,6.639997,-0.188529,0.1918989513,4.5501423217,0.2131196008
3.272033,-3.154154,-2.420218,5.196222,0.2483028844,4.2244894247,0.0768987812
3.273049,-3.490401,-16.036879,4.132241,0.3557896249,3.8552032964,0.0960548339
3.274101,-0.14955,-17.957146,-0.056432,0.487753544,3.6434224908,0.3759460493
3.275147,3.479513,-2.618949,-6.276996,0.3941017305,3.9211852559,0.3631753475
3.276196,0.587791,4.420436,-0.325429,0.2834223145,4.0893328302,0.2237618524
3.277213,-2.102182,-3.856827,4.033769,0.2876792151,3.7732579596,0.1162751118
3.278262,-1.369645,-17.147856,1.783318,0.3313124464,3.5125227969,0.1428807407
3.27931,0.251545,-23.890342,-0.731327,0.3419546979,3.790285562,0.2876153616
3.28036,2.321864,-15.653783,-3.678289,0.294064566,4.3074989867,0.3823314003
3.281408,1.81269,0.184833,-1.211679,0.2291468316,4.5363073947,0.3142209904
3.282425,-0.906105,3.426781,2.388562,0.2259541562,4.3149485628,0.1652294689
3.283476,-2.644981,-7.879333,2.97219,0.2749085132,3.9116072295,0.089669483
3.284523,-3.805032,-21.199094,5.400372,0.3547253998,3.6381013651,0.1694863695
3.285572,-3.682542,-22.295706,4.759101,0.4547625642,3.575312081,0.346147745
3.286589,0.950457,-6.725257,-3.034617,0.4611479151,3.6891841724,0.4206435058
3.287638,3.786938,4.51621,-5.71018,0.3345051218,3.8913869516,0.2929364873
3.288686,-0.175969,-2.731483,2.011485,0.2674589372,3.8850016007,0.1439449658
3.289735,-2.817907,-16.446312,4.209098,0.3302482212,3.6678996694,0.1524587671
3.290752,-0.113523,-23.251051,-1.334169,0.3504684992,3.7785790853,0.2865511364
3.291801,2.703744,-15.732796,-3.387676,0.2738442881,4.2840860333,0.3855240757
3.292852,1.30832,-0.552626,-0.500758,0.2025412028,4.4990595144,0.3142209904
3.293899,-0.973354,2.909602,1.619998,0.2099907789,4.2670584309,0.1524587671
3.294948,-2.16703,-7.568067,2.717603,0.2908718905,4.0329288971,0.0715776554
3.295965,-3.824246,-21.14163,4.557353,0.3760099028,3.859460197,0.1545872174
3.297013,-2.990834,-24.022031,3.049047,0.4249642599,3.7157898013,0.3301843677
3.298062,0.438882,-7.419618,-1.197269,0.4111293329,3.7360100792,0.4036159033
3.299112,1.884743,6.125212,-3.594227,0.3281197709,3.8541390712,0.2865511364
3.300128,0.489319,-0.037841,-0.431107,0.2823580893,3.9041576535,0.1301100388
3.301177,-1.554581,-27.307077,0.214967,0.3227986452,3.8615886473,0.2344041039
3.302228,1.238669,-20.174313,-1.026744,0.2930003409,4.0978466314,0.3727533739
3.303274,1.64937,1.83454,-1.387008,0.2280826065,4.3575175689,0.338698169
3.304292,-0.992568,7.264922,1.387027,0.2099907789,4.2894071591,0.172679045
3.305341,-2.030129,-5.963854,2.840093,0.2759727384,4.0637914265,0.0694492051
3.30639,-3.202189,-22.214298,2.93136,0.3653676513,3.873295124,0.1301100388
3.307438,-2.534499,-28.039748,3.738352,0.4398634121,3.6923768479,0.3078356395
3.308455,1.99042,-10.728608,-1.372597,0.4292211605,3.7360100792,0.4004232279
3.309504,2.076884,7.925762,-3.390078,0.3227986452,3.9392770835,0.2822942358
3.310553,-1.520956,2.900025,2.292492,0.2791654139,3.9520477854,0.1194677873
3.311604,-1.484929,-12.208315,1.627203,0.32173442,3.8935154019,0.0917979333
3.312651,-0.701955,-24.199213,-1.838539,0.3153490691,3.9807818645,0.2088627002
3.313668,-0.053479,-23.243868,0.481563,0.2610735862,4.1233880351,0.3716891487
3.314717,1.481247,-3.952601,0.880255,0.2280826065,4.1872415443,0.4036159033
3.315765,0.028181,7.633652,-0.800978,0.2163761298,4.1287091609,0.2610097327
3.316814,-2.013317,-1.792899,2.071529,0.2621378114,4.0010021425,0.1237246879
3.317831,-2.419215,-17.51898,3.258,0.3568538501,3.8626528725,0.1354311646
3.31888,-2.683409,-28.267211,1.627203,0.4164504587,3.727496278,0.2748446597
3.319929,0.686264,-19.111222,0.375885,0.4026155317,3.734945854,0.3940378769
3.320979,3.642833,3.692554,-2.669549,0.3110921685,3.9637542621,0.3301843677
3.321994,0.263553,8.378294,-0.447919,0.2451102089,4.1287091609,0.1513945419
3.323043,-2.347162,-6.330189,2.744023,0.2898076654,4.1010393069,0.0651923045
3.324092,-1.643446,-22.456127,-1.106002,0.3451473734,4.1074246578,0.1492660916
3.325141,-1.146281,-28.626364,-0.856219,0.3366335722,4.1744708425,0.3280559174
3.326189,-0.240817,-12.536341,2.270876,0.3121563936,4.12232381,0.4206435058
3.327206,-0.725973,6.343098,-0.188529,0.2717158378,3.8073131645,0.1237246879
3.328255,-2.500875,-12.292117,3.272411,0.335569347,3.7615514829,0.0886052578
3.329304,-1.439296,-27.635103,-0.928271,0.3930375053,3.8073131645,0.235468329
3.330355,0.695871,-26.504971,-2.239634,0.3483400488,3.9722680633,0.4142581549
3.33137,1.205044,-4.081896,1.997075,0.2834223145,4.0903970554,0.4366068831
3.332419,0.746308,11.550806,-0.5584,0.2589451359,4.0371857977,0.2684593088
3.333468,-0.569858,2.057214,-0.688095,0.266394712,3.9988736921,0.0971190591
3.334516,-2.255895,-17.552501,2.484633,0.3291839961,4.0616629762,0.10350441
3.335533,-2.414411,-31.410991,0.306234,0.3962301808,4.1021035321,0.263138183
3.336582,-0.73558,-23.09063,-0.05403,0.3728172274,4.0637914265,0.3972305524
3.337631,0.431677,2.698899,2.1676,0.3196059697,3.9360844081,0.3408266193
3.33868,-0.048676,11.699256,0.70973,0.3206701948,3.8019920387,0.1535229922
3.339731,-0.886891,-2.815285,-0.810585,0.3291839961,3.8371114688,0.0513573775
3.340746,-1.977291,-21.189517,0.611258,0.3408904728,3.9797176394,0.1364953898
3.341795,-1.369645,-29.761285,-0.070842,0.3440831482,4.0786905787,0.3355054935
3.342843,0.482114,-16.309834,-0.277394,0.3036425924,4.1287091609,0.4578913862
3.343892,-0.072693,6.932108,2.383759,0.2759727384,4.0552776253,0.3727533739
3.344909,-0.507412,8.931389,0.849033,0.2759727384,3.8881942762,0.1780001708
3.345958,-0.66833,-8.700594,0.481563,0.307899493,3.8222123166,0.0822199069
3.347007,-1.684276,-26.655815,1.696855,0.3760099028,3.8562675216,0.1737432701
3.348055,-0.142344,-29.983959,-1.355785,0.377074128,3.9829103148,0.3472119702
3.349073,0.888012,-9.438054,-0.414294,0.2993856918,4.1563790149,0.4004232279
3.350121,-0.74999,11.11264,3.017824,0.2706516126,4.1148742339,0.2599455076
3.35117,-0.855668,6.721405,1.583972,0.2887434402,3.9254421565,0.0790272315
3.352219,-1.15829,-12.13409,0.397501,0.3110921685,3.8679739982,0.0502931523
3.353268,0.895217,-27.381302,-1.065172,0.3302482212,4.1212595848,0.4376711082
3.354285,1.265088,-4.057952,-0.109271,0.266394712,4.2319390008,0.4749189886
3.355334,-0.805231,12.168548,2.278081,0.2408533083,4.0967824063,0.297193388
3.356382,-0.757195,3.546499,2.107556,0.2621378114,3.8711666737,0.1056328603
3.357431,-1.789953,-17.011378,3.274812,0.3185417445,3.7243036025,0.0822199069
3.358448,-2.179039,-33.120556,1.473491,0.3823952538,3.7147255761,0.2514317064
3.359497,1.795878,-23.832878,-4.257114,0.349404274,4.0446353738,0.4280930819
3.360546,2.545227,3.556076,-1.804915,0.2483028844,4.3862516481,0.3833956254
3.361595,-0.464181,11.512497,2.859307,0.2291468316,4.2457739278,0.1673579192
3.362613,-1.573795,-2.362754,2.201225,0.2887434402,3.9392770835,0.0258159738
3.363661,-3.209395,-19.961216,3.798396,0.3547253998,3.7732579596,0.0949906088
3.36471,-2.419215,-30.254521,1.130039,0.390909055,3.7870928866,0.3269916923
3.365758,2.064875,-17.490248,-4.907991,0.3366335722,4.1319018364,0.4951392665
3.366807,2.187365,6.163522,-1.274125,0.2355321826,4.3862516481,0.4142581549
3.367824,-0.420949,8.917023,2.155591,0.2078623286,4.1180669094,0.1897066474
3.368873,-1.641044,-7.390886,2.270876,0.2568166856,3.7466523307,0.0683849799
3.369921,-3.591275,-24.57752,5.05692,0.3387620225,3.6104315111,0.1673579192
3.370971,-1.477724,-28.370168,-0.469535,0.3845237041,3.8062489393,0.387652526
3.371988,3.020776,-10.520299,-6.980712,0.3025783672,4.3245265892,0.4727905383
3.373036,1.644567,7.892242,-0.937879,0.2004127525,4.5118302162,0.3195421162
3.374085,-0.987765,4.726913,2.758433,0.2227614807,4.1244522603,0.1088255358
3.375134,-2.359171,-11.657615,2.511052,0.3047068175,3.7732579596,0.0545500529
3.376151,-4.237349,-26.30624,5.366747,0.4004870814,3.6870557221,0.2109911505
3.3772,-0.411342,-24.527239,-1.137225,0.4398634121,3.8743593492,0.4206435058
3.378249,4.010302,-4.929495,-6.829401,0.3281197709,4.2979209603,0.442992234
3.379297,-2.224672,0.591873,3.190751,0.2717158378,4.0350573474,0.1066970855
3.380314,-2.479259,-15.725613,2.542275,0.3419546979,3.7189824767,0.1045686351
3.381364,-3.151752,-27.261585,3.68071,0.4026155317,3.713661351,0.2673950837
3.382412,1.358757,-19.860653,-4.028946,0.3823952538,4.0574060756,0.4270288567
3.383461,4.125587,0.129763,-5.736599,0.2504313347,4.4852245874,0.3855240757
3.38451,-0.754794,6.750137,2.597515,0.1876420506,4.4437198064,0.2035415744
3.385527,-3.17577,-3.95739,3.841628,0.2557524605,4.025479321,0.0886052578
3.386575,-3.226207,-19.084884,4.132241,0.3525969495,3.721110927,0.1375596149
3.387625,-2.93079,-26.248775,4.867181,0.4409276372,3.6295875638,0.318477891
3.388673,2.043259,-15.249138,-3.094661,0.4356065114,3.84562527,0.4504418101
3.38969,3.477111,2.394817,-4.82393,0.3238628703,4.254287729,0.3780744996
3.390739,-1.047809,4.925644,2.42699,0.2600093611,4.2308747756,0.2024773493
3.391788,-2.536901,-7.307083,3.231581,0.2887434402,3.7977351381,0.1056328603
3.392837,-1.607419,-20.990786,1.358206,0.3313124464,3.6370371399,0.1748074953
3.393856,0.441284,-24.675688,-2.842476,0.3323766715,3.9190568056,0.3365697186
3.394903,2.501996,-12.141273,-7.187264,0.2781011887,4.3245265892,0.4004232279
3.395951,0.868797,2.926363,-2.174786,0.2355321826,4.4788392364,0.3067714143
3.397,-1.607419,2.876081,3.001011,0.2546882353,4.2223609744,0.1631010186
3.398049,-2.791488,-10.345512,3.512587,0.2983214666,3.8339187933,0.1120182112
3.399066,-3.415946,-23.227107,4.600585,0.3728172274,3.6593858681,0.228018753
3.400115,-1.110255,-20.16713,1.680042,0.4366707366,3.7381385295,0.4004232279
3.401164,2.941518,-3.763448,-5.044892,0.3855879292,4.0020663676,0.4227719561
3.402212,2.211383,3.644667,-3.245972,0.2791654139,4.1946911204,0.2822942358
3.403232,-1.581,-4.78344,3.193152,0.2632020366,3.9935525664,0.1620367934
3.404278,-2.76747,-18.143905,3.294026,0.3196059697,3.6891841724,0.1843855217
3.405327,-1.016586,-23.569499,0.306234,0.3483400488,3.8136985154,0.3216705665
3.406376,1.613344,2.117073,-1.245304,0.2291468316,4.378802072,0.3057071892
3.407393,-0.805231,0.809758,2.196421,0.2291468316,4.2063975971,0.1513945419
3.408442,-2.714632,-12.210709,3.171537,0.3047068175,3.9892956658,0.1162751118
3.409491,-3.387125,-22.681196,4.038573,0.3887806047,3.8190196412,0.2301472033
3.41054,-0.713964,-19.166292,0.210164,0.4026155317,3.8285976676,0.3759460493
3.411588,2.15374,-3.083453,-3.591826,0.3313124464,4.0169655198,0.3823314003
3.412608,0.751111,3.948749,-0.524775,0.2653304869,4.0776263535,0.249303256
3.413654,-1.429689,-4.005277,2.090744,0.2695873875,3.970139613,0.1407522904
3.414703,-2.474455,-17.935597,2.962583,0.3249270955,3.8498821706,0.1641652438
3.415752,-0.711562,-26.243987,1.113226,0.3568538501,3.8541390712,0.3067714143
3.416769,2.60287,-14.300976,-3.505362,0.294064566,4.1287091609,0.4004232279
