Time (s), Acceleration X (m/s^2), Acceleration Y (m/s^2), Acceleration Z (m/s^2), Gyro X (rad/s), Gyro Y (rad/s), Gyro Z (rad/s)
0.000172,-0.202388,-9.797206,0.226976,0.0386505291,0.0442130212,0.0385866756
0.000872,-0.202388,-9.794812,0.219771,0.0407789794,0.0442130212,0.0375224505
0.001762,-0.187978,-9.792417,0.219771,0.0407789794,0.043148796,0.0385866756
0.002812,-0.187978,-9.787629,0.219771,0.0407789794,0.043148796,0.0407151259
0.003861,-0.199987,-9.785234,0.224574,0.0407789794,0.0442130212,0.0407151259
0.004878,-0.202388,-9.790023,0.229378,0.0407789794,0.0442130212,0.0396509008
0.005927,-0.20479,-9.794812,0.224574,0.0397147543,0.0442130212,0.0396509008
0.006977,-0.211995,-9.794812,0.226976,0.0397147543,0.0442130212,0.0396509008
0.008028,-0.209594,-9.790023,0.234181,0.0407789794,0.0442130212,0.0385866756
0.009075,-0.19038,-9.785234,0.23178,0.0407789794,0.0442130212,0.0375224505
0.010093,-0.175969,-9.778051,0.229378,0.0418432046,0.0452772463,0.0375224505
0.011145,-0.178371,-9.785234,0.224574,0.0418432046,0.0452772463,0.0385866756
0.012192,-0.197585,-9.794812,0.214967,0.0429074297,0.0442130212,0.0385866756
0.013241,-0.219201,-9.780446,0.217369,0.0407789794,0.0442130212,0.0396509008
0.014258,-0.211995,-9.785234,0.222173,0.0429074297,0.0442130212,0.0385866756
0.015307,-0.211995,-9.792417,0.219771,0.0439716549,0.0442130212,0.0385866756
0.016357,-0.20479,-9.790023,0.222173,0.0429074297,0.043148796,0.0385866756
0.017406,-0.197585,-9.787629,0.234181,0.0429074297,0.043148796,0.0375224505
0.018424,-0.202388,-9.794812,0.229378,0.0429074297,0.0442130212,0.0375224505
0.019473,-0.199987,-9.801995,0.222173,0.0429074297,0.0452772463,0.0375224505
0.020525,-0.199987,-9.7996,0.224574,0.0429074297,0.0463414715,0.0364582253
0.021571,-0.207192,-9.794812,0.219771,0.0439716549,0.0452772463,0.0353940002
0.02262,-0.199987,-9.792417,0.222173,0.0439716549,0.0452772463,0.0364582253
0.023638,-0.192781,-9.794812,0.229378,0.0439716549,0.043148796,0.0364582253
0.024687,-0.199987,-9.797206,0.219771,0.0450358801,0.043148796,0.0364582253
0.025737,-0.202388,-9.7996,0.217369,0.0450358801,0.043148796,0.0364582253
0.026786,-0.202388,-9.794812,0.224574,0.0450358801,0.0442130212,0.0364582253
0.027804,-0.211995,-9.787629,0.222173,0.0439716549,0.0442130212,0.0375224505
0.028853,-0.20479,-9.792417,0.219771,0.0429074297,0.0442130212,0.0375224505
0.029904,-0.192781,-9.797206,0.229378,0.0429074297,0.0442130212,0.0364582253
0.030952,-0.192781,-9.7996,0.229378,0.0439716549,0.043148796,0.034329775
0.031969,-0.209594,-9.797206,0.214967,0.0429074297,0.043148796,0.0332655499
0.033021,-0.214397,-9.790023,0.214967,0.0429074297,0.0442130212,0.034329775
0.034068,-0.207192,-9.785234,0.226976,0.0439716549,0.0442130212,0.0353940002
0.035117,-0.195183,-9.794812,0.23178,0.0450358801,0.0442130212,0.0353940002
0.036166,-0.192781,-9.811572,0.222173,0.0461001052,0.043148796,0.0353940002
0.037184,-0.192781,-9.811572,0.219771,0.0450358801,0.043148796,0.034329775
0.038233,-0.192781,-9.801995,0.23178,0.0439716549,0.043148796,0.0353940002
0.039282,-0.195183,-9.785234,0.210164,0.0439716549,0.043148796,0.0353940002
0.040331,-0.199987,-9.787629,0.210164,0.0450358801,0.0442130212,0.0353940002
0.041349,-0.199987,-9.797206,0.222173,0.0461001052,0.043148796,0.034329775
0.042401,-0.195183,-9.797206,0.224574,0.0450358801,0.043148796,0.034329775
0.043448,-0.199987,-9.792417,0.217369,0.0450358801,0.043148796,0.034329775
0.044497,-0.199987,-9.78284,0.212566,0.0439716549,0.0420845709,0.034329775
0.045514,-0.197585,-9.78284,0.214967,0.0439716549,0.0410203457,0.034329775
0.046564,-0.199987,-9.794812,0.222173,0.0450358801,0.0420845709,0.034329775
0.047613,-0.202388,-9.794812,0.214967,0.0450358801,0.0420845709,0.034329775
0.048662,-0.207192,-9.785234,0.202958,0.0450358801,0.0420845709,0.034329775
0.049712,-0.202388,-9.785234,0.210164,0.0450358801,0.0420845709,0.034329775
0.050729,-0.192781,-9.790023,0.219771,0.0450358801,0.0442130212,0.034329775
0.051779,-0.195183,-9.792417,0.219771,0.0450358801,0.0442130212,0.034329775
0.052828,-0.197585,-9.785234,0.20536,0.0450358801,0.043148796,0.034329775
0.053876,-0.187978,-9.787629,0.193351,0.0450358801,0.0442130212,0.0332655499
0.054897,-0.183174,-9.797206,0.198155,0.0450358801,0.0442130212,0.0332655499
0.055944,-0.197585,-9.7996,0.212566,0.0450358801,0.0420845709,0.0332655499
0.056993,-0.209594,-9.801995,0.207762,0.0461001052,0.0410203457,0.034329775
0.058043,-0.202388,-9.7996,0.200557,0.0450358801,0.043148796,0.034329775
0.059059,-0.199987,-9.790023,0.202958,0.0450358801,0.0442130212,0.0332655499
0.060109,-0.195183,-9.787629,0.207762,0.0450358801,0.043148796,0.0322013247
0.061158,-0.185576,-9.7996,0.212566,0.0450358801,0.0420845709,0.0332655499
0.062208,-0.185576,-9.801995,0.219771,0.0450358801,0.0420845709,0.0332655499
0.063257,-0.192781,-9.792417,0.219771,0.0450358801,0.0410203457,0.0322013247
0.064277,-0.197585,-9.792417,0.212566,0.0439716549,0.0420845709,0.0322013247
0.065324,-0.192781,-9.794812,0.214967,0.0471643304,0.0420845709,0.0332655499
0.066373,-0.202388,-9.794812,0.214967,0.0461001052,0.0420845709,0.0332655499
0.067423,-0.207192,-9.797206,0.214967,0.0450358801,0.0420845709,0.0332655499
0.06844,-0.199987,-9.806783,0.217369,0.0439716549,0.0420845709,0.0311370995
0.069489,-0.192781,-9.816361,0.224574,0.0450358801,0.0420845709,0.0300728744
0.070539,-0.199987,-9.813966,0.229378,0.0461001052,0.0410203457,0.0311370995
0.071588,-0.20479,-9.801995,0.224574,0.0471643304,0.0420845709,0.0322013247
0.072606,-0.209594,-9.792417,0.224574,0.0471643304,0.0442130212,0.0311370995
0.073654,-0.209594,-9.790023,0.222173,0.0471643304,0.0442130212,0.0311370995
0.074704,-0.197585,-9.792417,0.217369,0.0461001052,0.0420845709,0.0311370995
0.075753,-0.192781,-9.794812,0.214967,0.0461001052,0.0420845709,0.0311370995
0.076773,-0.197585,-9.797206,0.214967,0.0450358801,0.0410203457,0.0311370995
0.07782,-0.202388,-9.797206,0.214967,0.0461001052,0.0410203457,0.0300728744
0.078869,-0.202388,-9.797206,0.219771,0.0461001052,0.0420845709,0.0300728744
0.079918,-0.20479,-9.801995,0.222173,0.0461001052,0.043148796,0.0300728744
0.080967,-0.199987,-9.801995,0.219771,0.0461001052,0.0420845709,0.0290086492
0.081985,-0.187978,-9.790023,0.219771,0.0461001052,0.0420845709,0.0290086492
0.083034,-0.187978,-9.780446,0.219771,0.0450358801,0.0420845709,0.0290086492
0.084084,-0.197585,-9.775657,0.219771,0.0450358801,0.0399561205,0.0300728744
0.085133,-0.24562,-9.785234,0.219771,0.0461001052,0.0399561205,0.0290086492
0.086153,-0.310468,-9.907346,0.217369,0.0471643304,0.0388918954,0.0279444241
0.0872,-0.264834,-9.969599,0.219771,0.0461001052,0.0335707696,0.0247517486
0.088249,-0.111121,-9.543405,0.258199,0.0450358801,0.0271854187,0.0236875235
0.089298,-0.039069,-9.351857,0.28702,0.0461001052,0.0208000678,0.0279444241
0.090315,-0.091907,-9.914529,0.265404,0.0418432046,0.0133504917,0.0332655499
0.091365,-0.298459,-9.081296,0.241387,0.037586304,0.0069651408,0.0300728744
0.092414,-0.322477,-9.708615,0.31344,0.0365220788,-0.0004844353,0.0258159738
0.093463,-0.207192,-10.422131,0.335055,0.0354578537,-0.0036771108,0.0226232983
0.094513,-0.221603,-9.790023,0.363877,0.0397147543,-0.0058055611,0.0194306229
0.09553,-0.288852,-9.773263,0.390296,0.0471643304,-0.0164478126,0.0194306229
0.096579,-0.199987,-11.209872,0.366278,0.051421231,-0.0238973887,0.020494848
0.097628,-0.022256,-11.322406,0.414314,0.0524854561,-0.0143193623,0.0194306229
0.098677,0.037788,-9.478758,0.495973,0.0503570058,0.0059009156,0.0247517486
0.099695,0.145867,-8.664679,0.488768,0.0386505291,0.0186716175,0.0279444241
0.100744,0.345213,-9.179464,0.380689,0.0248156021,0.0325065445,0.0279444241
0.101793,0.244339,-8.662285,0.301431,0.023751377,0.0612406236,0.0322013247
0.102843,-0.207192,-8.647919,0.226976,0.0365220788,0.0761397758,0.0364582253
0.10386,-0.634706,-10.424525,0.061255,0.0397147543,0.0633690739,0.0322013247
0.104909,-0.973354,-10.968042,-0.09486,0.0429074297,0.0548552727,0.0300728744
0.105959,-1.299994,-10.467624,-0.267787,0.0524854561,0.0452772463,0.0247517486
0.107008,-1.119862,-10.714242,-0.335036,0.0503570058,0.0197358426,0.0151737222
0.108057,-0.605884,-10.165936,-0.044423,0.0418432046,0.0122862666,0.0130452719
0.109075,-0.248022,-8.844255,0.135709,0.0386505291,0.0229285181,0.020494848
0.110124,0.227527,-8.91848,0.025228,0.0322651782,0.0271854187,0.0268801989
0.111173,0.671853,-9.895374,0.16453,0.0365220788,0.0314423193,0.0290086492
0.112223,0.712683,-9.665517,0.219771,0.0524854561,0.0346349948,0.0332655499
0.11324,0.551765,-8.84665,-0.05403,0.058870807,0.0261211936,0.0385866756
0.114289,0.43648,-9.502701,-0.311019,0.0631277077,0.0218642929,0.0439078014
0.115338,0.239536,-10.776495,-0.464731,0.0716415089,0.0399561205,0.0439078014
0.116387,-0.091907,-10.374244,-0.515168,0.0673846083,0.0665617494,0.0385866756
0.117405,-0.435359,-9.28721,-0.402286,0.058870807,0.0814609015,0.0332655499
0.118454,-0.233611,-10.110866,0.210164,0.0567423567,0.0644332991,0.0322013247
0.119504,-0.300861,-9.529039,0.632874,0.0631277077,0.0452772463,0.0364582253
0.120553,-0.632304,-9.943261,0.928291,0.072705734,-0.0015486604,0.0375224505
0.121602,-0.365708,-10.55382,0.863443,0.0673846083,-0.0558241433,0.0322013247
0.122619,0.020975,-9.186647,0.75056,0.0524854561,-0.0717875206,0.0311370995
0.123669,-0.156755,-8.844255,0.839425,0.0439716549,-0.0717875206,0.0353940002
0.124718,-0.048676,-10.127626,0.767373,0.0365220788,-0.0739159709,0.0364582253
0.125769,0.450891,-8.853833,0.277413,0.0312009531,-0.0302827396,0.0364582253
0.126784,0.138662,-8.022994,-0.020405,0.0418432046,0.0388918954,0.034329775
0.127833,-0.416145,-10.819593,0.121299,0.0524854561,0.0782682261,0.0332655499
0.128883,-0.248022,-11.205083,0.243788,0.0609992574,0.1038096298,0.0353940002
0.129932,-0.596277,-9.512279,0.248592,0.072705734,0.1144518813,0.0300728744
0.130949,-1.153486,-11.185928,0.584839,0.0716415089,0.0782682261,0.020494848
0.131999,-0.519421,-11.446912,0.517589,0.0503570058,0.0452772463,0.0194306229
0.136164,0.573381,-9.153126,-0.128485,0.0343936285,0.0633690739,0.0417793511
0.137214,-0.089506,-9.239323,-0.383071,0.0439716549,0.0803966764,0.0311370995
0.138263,-0.687544,-10.675932,-0.114074,0.0429074297,0.0697544249,0.0226232983
0.139312,-0.692348,-9.988754,0.419117,0.0503570058,0.0633690739,0.0236875235
0.133048,0.011368,-8.25764,0.178941,0.0312009531,0.0559194979,0.0215590732
0.141379,-1.191914,-11.061422,0.774578,0.0492927807,0.0420845709,0.0247517486
0.140329,-1.057416,-9.780446,0.632874,0.0609992574,0.0591121733,0.0268801989
0.135115,0.167483,-9.806783,0.507982,0.0226871518,0.0484699218,0.0396509008
0.134097,-0.192781,-8.070881,0.599249,0.023751377,0.0601763985,0.0290086492
0.142428,-0.673134,-10.42692,0.755364,0.0301367279,0.0378276702,0.0151737222
0.143477,-0.447368,-9.955233,0.764971,0.0056595494,0.0484699218,0.0002745701
0.144495,0.119448,-9.02862,0.404707,0.0024668739,0.0654975242,0.0045314707
0.145544,-0.00064,-8.341442,0.207762,0.0163018009,0.0910389279,0.0109168216
0.146593,-0.353699,-9.392561,0.056451,0.0301367279,0.0921031531,0.0151737222
0.147645,-0.262432,-10.235372,-0.186127,0.0429074297,0.0857178022,0.0119810468
0.148661,-0.322477,-9.696643,-0.097262,0.051421231,0.0814609015,0.006659921
0.14971,-0.579465,-9.533828,0.022826,0.0482285555,0.0676259745,0.0077241462
0.150759,-0.601081,-10.695087,0.135709,0.0429074297,0.0580479482,0.0098525965
0.151808,-0.435359,-10.932127,0.200557,0.0343936285,0.0718828752,0.0077241462
0.152857,-0.411342,-9.845093,0.169334,0.0194944764,0.0952958285,0.0034672456
0.153875,-0.356101,-9.636785,0.24619,0.00991645,0.1101949807,0.0002745701
0.154924,-0.039069,-9.902557,0.20536,0.00991645,0.1219014574,0.0002745701
0.155973,0.160278,-9.502701,0.092477,0.0152375758,0.1357363844,0.0034672456
0.157025,0.205911,-8.774819,0.046844,0.0280082776,0.1431859605,0.006659921
0.15804,0.229929,-8.305527,0.037237,0.0397147543,0.1421217353,0.0109168216
0.159089,-0.046274,-9.459603,0.06846,0.051421231,0.1282868083,0.020494848
0.160139,-0.132737,-10.817199,-0.049227,0.0599350322,0.1091307555,0.0247517486
0.161188,0.081019,-9.895374,-0.09486,0.0556781316,0.0974242788,0.0194306229
0.162205,-0.031863,-9.373406,0.188548,0.0439716549,0.0910389279,0.0173021725
0.163255,-0.089506,-10.726213,0.238985,0.0333294034,0.0974242788,0.0226232983
0.164304,-0.031863,-11.128464,0.051647,0.0290725027,0.1208372322,0.0268801989
0.165353,-0.113523,-9.904952,-0.190931,0.0290725027,0.1368006095,0.0215590732
0.166405,-0.029462,-8.983127,-0.464731,0.0301367279,0.1346721592,0.0162379474
0.167419,0.184295,-9.390167,-0.416696,0.0439716549,0.1240299077,0.0173021725
0.168469,0.316392,-9.936078,-0.486347,0.065256158,0.1091307555,0.0215590732
0.169521,-0.130336,-9.167492,-0.35425,0.0886691114,0.0463414715,0.0322013247
0.170567,-0.236013,-9.804389,-0.25818,0.0854764359,0.0005797899,0.0279444241
0.171585,-0.180773,-9.938473,-0.0132,0.0737699592,-0.0238973887,0.0215590732
0.172634,-0.442565,-9.921712,0.419117,0.065256158,-0.0324111899,0.020494848
0.173683,-0.372914,-10.695087,0.411912,0.0546139064,-0.0377323157,0.0173021725
0.174733,0.016172,-10.137204,0.503179,0.0418432046,-0.0164478126,0.0141094971
0.17575,-0.115925,-9.110028,0.863443,0.0439716549,0.0176073923,0.0162379474
0.176799,-0.175969,-10.438891,0.738551,0.0535496813,0.0250569684,0.0183663977
0.177848,0.277964,-10.311991,0.440733,0.0503570058,0.0388918954,0.0215590732
0.1789,0.306785,-7.979895,0.423921,0.0482285555,0.0686901997,0.0236875235
0.179947,-0.144746,-8.959184,0.361475,0.0524854561,0.0750755506,0.0215590732
0.180964,-0.051077,-10.410159,0.183744,0.0503570058,0.0718828752,0.0279444241
0.182013,-0.055881,-9.363829,0.135709,0.058870807,0.0867820273,0.0332655499
0.183063,-0.745187,-10.247344,0.186146,0.0684488334,0.0857178022,0.0279444241
0.184112,-0.771606,-10.759734,0.330252,0.0641919328,0.0654975242,0.0226232983
0.185129,-0.649116,-9.761291,0.680909,0.0663203831,0.056983723,0.0162379474
0.186178,-0.966149,-10.857902,1.053182,0.0673846083,0.0527268224,0.0130452719
0.187228,-0.454573,-10.048613,0.885059,0.0418432046,0.056983723,0.0162379474
0.188279,-0.031863,-7.99905,1.007549,0.023751377,0.0793324512,0.0151737222
0.189294,-0.392128,-9.598475,1.423054,0.0216229267,0.0825251267,0.0162379474
0.190343,-0.003042,-10.165936,0.993138,0.0088522248,0.07081865,0.0236875235
0.191395,0.496524,-8.79158,0.560821,0.0141733506,0.0750755506,0.0194306229
0.192442,0.044993,-9.529039,0.332654,0.0216229267,0.0825251267,0.0109168216
0.193491,-0.240817,-10.110866,0.19095,0.0152375758,0.084653577,0.0141094971
0.194508,-0.372914,-10.127626,0.154923,0.0258798273,0.0942316034,0.0162379474
0.195558,-0.536233,-9.694249,0.058853,0.0290725027,0.0878462525,0.0087883713
0.196607,-0.442565,-9.100451,0.152521,0.0216229267,0.0963600537,0.0087883713
0.197657,-0.680339,-10.345512,0.515188,0.0216229267,0.1144518813,0.0141094971
0.198674,-0.392128,-10.067767,0.289422,0.0141733506,0.1240299077,0.0151737222
0.199723,-0.118327,-8.578483,0.00121,0.0077879997,0.1357363844,0.0098525965
0.200774,-0.456975,-9.351857,0.08287,0.0109806751,0.1442501856,0.0077241462
0.201821,-0.579465,-10.572975,-0.35425,0.023751377,0.1453144108,0.0109168216
0.202839,-0.334485,-9.313548,-0.740934,0.0354578537,0.1570208875,0.0098525965
0.203888,-0.370512,-8.501863,-0.901852,0.0418432046,0.1729842648,0.0077241462
0.204937,-0.399333,-10.170724,-0.98111,0.0418432046,0.1868191918,0.0087883713
0.205986,-0.257629,-11.068605,-0.539186,0.0482285555,0.2049110194,0.0098525965
0.207004,-0.468984,-10.460441,-0.020405,0.0556781316,0.2017183439,0.0109168216
0.208053,-0.480993,-9.605658,0.275011,0.0450358801,0.167663139,0.0077241462
0.209103,-0.171166,-8.84665,0.488768,0.0343936285,0.1378648347,0.0045314707
0.210154,-0.135139,-8.940029,1.03637,0.0290725027,0.1293510335,0.0098525965
0.211201,-0.185576,-9.375801,1.343796,0.0258798273,0.1176445568,0.0194306229
0.212218,0.035386,-9.442842,0.894666,0.0205587015,0.1016811795,0.020494848
0.213269,0.249143,-9.277632,0.813006,0.00991645,0.0995527292,0.0151737222
0.214316,0.143465,-10.0965,0.923487,0.0088522248,0.1038096298,0.0141094971
0.215366,0.186697,-11.439729,0.856238,0.0184302512,0.1091307555,0.0141094971
0.216383,0.237134,-10.637622,0.841827,0.023751377,0.1250941328,0.006659921
0.217433,0.203509,-8.865804,0.764971,0.0152375758,0.1506355365,0.0034672456
0.218482,0.359624,-8.521018,0.793792,0.00991645,0.1825622911,0.0109168216
0.21953,0.424471,-9.136366,0.760167,0.0141733506,0.2017183439,0.0247517486
0.220548,0.441284,-9.7996,0.253395,0.0248156021,0.2038467942,0.0353940002
0.221598,0.321196,-9.866642,-0.601632,0.0354578537,0.2070394697,0.0375224505
0.222649,-0.793222,-11.209872,-1.081984,0.0535496813,0.1846907414,0.0130452719
0.223695,-0.973354,-10.71903,-1.317357,0.0535496813,0.1548924371,0.0087883713
0.224745,-0.903703,-8.822706,-1.408624,0.0471643304,0.1368006095,0.0098525965
0.225762,-0.865275,-7.577645,-1.353383,0.0354578537,0.1272225831,0.0109168216
0.226811,-0.581867,-8.813129,-1.170849,0.0301367279,0.1155161065,0.0173021725
0.227861,-0.252825,-10.97762,-0.481544,0.0397147543,0.0952958285,0.020494848
0.22891,-0.476189,-11.43494,-0.193332,0.0482285555,0.0601763985,0.0141094971
0.229927,-0.759597,-10.280864,0.138111,0.0397147543,0.0197358426,0.0013387952
0.230976,-0.656321,-8.679045,0.839425,0.023751377,0.0037724653,-0.0061107808
0.232028,-0.795624,-9.122,2.013887,0.0226871518,-0.0004844353,-0.0018538802
0.233075,-0.838855,-10.405371,2.859307,0.0312009531,-0.0047413359,0.0151737222
0.234092,0.196304,-9.344674,1.653623,0.023751377,0.0250569684,0.0226232983
0.235141,0.895217,-9.801995,1.293359,0.0194944764,0.0921031531,0.0087883713
0.236191,0.441284,-12.136485,1.812139,0.0184302512,0.1506355365,-0.007175006
0.23724,0.378838,-10.833959,1.002745,0.0088522248,0.2017183439,-0.0167530324
0.238289,0.234732,-7.627926,0.95471,0.0088522248,0.2517369261,-0.0263310588
0.239306,-0.514618,-7.280746,1.675239,0.0216229267,0.2453515752,-0.0167530324
0.240355,-0.579465,-9.086084,1.32218,0.0343936285,0.1900118672,0.0130452719
0.241405,-0.113523,-11.40142,-0.226957,0.0471643304,0.1825622911,0.0364582253
0.242454,0.124251,-12.323244,-1.680023,0.0503570058,0.2421588997,0.0322013247
0.243472,-0.053479,-9.928895,-2.309285,0.037586304,0.2804710053,-0.0007896551
0.244523,-0.565055,-8.86341,-1.937012,0.0365220788,0.2559938267,-0.0284595091
0.24557,-0.574662,-10.170724,-1.68963,0.0492927807,0.2528011513,-0.0167530324
0.246619,-0.125532,-9.090873,-2.194,0.0503570058,0.2953701574,0.0109168216
0.247636,-0.437761,-8.46116,-1.161242,0.0471643304,0.2847279059,0.0236875235
0.248685,-0.440163,-11.410997,-1.026744,0.079091085,0.1101949807,0.0055956959
0.249735,0.102635,-8.58806,-0.757746,0.0556781316,0.0931673782,-0.0082392311
0.250784,-0.214397,-8.580877,1.156458,0.0429074297,0.0867820273,-0.0018538802
0.251833,-0.742785,-10.915367,2.830486,0.0578065819,0.043148796,0.0236875235
0.25285,-0.538635,-10.886635,2.664765,0.0620634825,-0.0036771108,0.0385866756
0.253902,-0.154353,-10.029458,1.956245,0.0524854561,0.0027082402,0.020494848
0.254949,-0.452172,-9.787629,1.74489,0.0280082776,0.0559194979,-0.0146245821
0.255998,-0.639509,-8.813129,1.768907,-0.0124322782,0.1144518813,-0.0337806348
0.257015,-0.701955,-8.370174,2.29009,-0.0209460795,0.1485070862,-0.0273952839
0.258065,-0.862873,-9.337491,2.129172,0.0035310991,0.1314794838,-0.0050465557
0.259114,-0.483395,-11.193111,0.70973,0.0280082776,0.098488504,0.0109168216
0.260163,-0.022256,-11.535503,-0.613641,0.0461001052,0.1250941328,-0.0039823305
0.261181,-0.058283,-9.004677,-1.238099,0.0567423567,0.1729842648,-0.0391017606
0.26223,-0.334485,-8.657496,-1.113207,0.0599350322,0.1825622911,-0.0540009127
0.263281,-0.192781,-10.750157,-1.281331,0.0599350322,0.1900118672,-0.0273952839
0.264328,0.4629,-9.787629,-1.932208,0.0407789794,0.2176817212,0.0119810468
0.265346,0.594997,-8.463554,-1.024342,0.0194944764,0.2049110194,0.0268801989
0.266397,0.43648,-10.740579,-0.488749,0.023751377,0.1516997617,0.0194306229
0.267444,0.791941,-11.478039,-1.408624,0.0301367279,0.1559566623,0.0130452719
0.268493,0.691067,-9.042986,-0.130886,0.0248156021,0.2027825691,0.0130452719
0.269542,-0.175969,-8.523413,1.749693,0.0407789794,0.2038467942,0.0236875235
0.27056,-0.577063,-9.648756,1.242921,0.0609992574,0.1772411654,0.0407151259
0.271609,-0.291254,-9.306365,0.923487,0.058870807,0.1900118672,0.0417793511
0.272658,-0.500207,-9.567349,0.993138,0.0439716549,0.2304524231,0.0215590732
0.273707,-1.386457,-10.673538,1.283751,0.0173660261,0.1921403175,-0.021009933
0.274725,-0.915712,-8.468343,1.206895,0.0184302512,0.1719200396,-0.0242026084
0.275776,-0.589072,-7.364548,1.149253,0.0354578537,0.1761769402,-0.0082392311
0.276823,-0.565055,-9.306365,0.887461,0.0567423567,0.1548924371,0.0087883713
0.277872,0.071412,-12.359159,0.212566,0.0758984095,0.1250941328,0.0151737222
0.278889,0.664648,-11.353533,-0.54399,0.079091085,0.1187087819,0.0013387952
0.279939,0.321196,-8.887354,-0.397482,0.0567423567,0.0889104776,-0.0188814827
0.280988,0.261152,-9.169887,0.392698,0.0386505291,0.0388918954,-0.0156888072
0.282037,0.758316,-9.481152,-0.507963,0.0365220788,0.0271854187,0.0077241462
0.283086,0.84478,-9.265661,-0.656872,0.0226871518,0.0442130212,0.0236875235
0.284104,0.513337,-10.319174,0.36868,0.0109806751,0.0527268224,0.0290086492
0.285156,0.328401,-10.335934,0.049246,0.00991645,0.0697544249,0.0226232983
0.286202,0.081019,-8.86341,-0.0132,0.0194944764,0.1112592058,0.0077241462
0.287251,-0.442565,-8.157077,0.063656,0.0386505291,0.1772411654,0.0013387952
0.288271,-1.141477,-9.01186,-0.342242,0.0503570058,0.2549296016,0.0034672456
0.289318,-1.905238,-10.26171,0.039639,0.0450358801,0.3028197335,0.0024030204
0.290367,-1.886024,-9.96481,0.318243,0.0354578537,0.2889848065,-0.0093034563
0.291417,-1.242351,-9.816361,0.094879,0.0386505291,0.2485442507,-0.0188814827
0.292434,-0.77641,-10.053401,0.455144,0.0503570058,0.2208743967,-0.0082392311
0.293483,-0.437761,-9.68946,0.73615,0.0524854561,0.2006541188,0.0098525965
0.294533,-0.103916,-9.581715,0.813006,0.0386505291,0.1868191918,0.020494848
0.295581,0.414864,-9.533828,1.300564,0.0269440524,0.1857549666,0.0236875235
0.29663,0.801548,-10.326357,1.564758,0.0397147543,0.1761769402,0.0236875235
0.29765,0.847182,-10.307202,0.837024,0.0461001052,0.1559566623,0.0236875235
0.298697,0.751111,-8.509046,0.330252,0.0439716549,0.1453144108,0.0173021725
0.299746,-0.132737,-11.059028,0.126102,0.0578065819,0.1729842648,-0.0061107808
0.300795,-0.31287,-11.513954,0.142914,0.0578065819,0.2070394697,-0.0146245821
0.301813,-0.332084,-7.675813,-0.344643,0.0556781316,0.2400304494,-0.0273952839
0.302862,-0.639509,-5.695687,-1.00753,0.0333294034,0.2538653764,-0.03484486
0.303911,-1.105451,-9.866642,-0.001191,0.0248156021,0.2464158004,-0.0135603569
0.304961,-0.824445,-13.606615,0.013219,0.0429074297,0.2421588997,0.0173021725
0.305978,-0.007846,-11.353533,-0.786568,0.0418432046,0.2538653764,0.0268801989
0.307029,0.107439,-7.898488,-0.260582,0.023751377,0.2559938267,0.020494848
0.308076,-0.413744,-8.408484,0.255797,0.0248156021,0.2432231249,0.0194306229
0.309125,-0.814838,-10.716636,-0.133288,0.0312009531,0.2304524231,0.0247517486
0.310175,-0.802829,-9.454814,-0.118878,0.0312009531,0.2144890457,0.020494848
0.311192,-0.901301,-7.256802,0.476759,0.0461001052,0.1708558144,0.0002745701
0.312241,-1.480126,-10.692692,0.990736,0.0684488334,0.1027454046,-0.0093034563
0.31329,-1.261566,-12.957746,1.09161,0.0801553101,0.0548552727,-0.0029181054
0.31434,-0.28645,-8.121162,-0.015602,0.0673846083,0.0591121733,-0.0114319066
0.315357,-0.185576,-5.410759,0.219771,0.0354578537,0.0952958285,-0.0295237342
0.316406,-0.541037,-10.410159,1.855371,0.0322651782,0.1325437089,-0.0178172575
0.317455,0.01377,-14.770268,1.156458,0.0535496813,0.2049110194,0.0098525965
0.318504,0.76312,-11.351138,-0.320626,0.0482285555,0.3230400114,0.0119810468
0.319524,0.446087,-6.323006,0.080469,0.0290725027,0.3975357722,-0.007175006
0.320571,-0.243218,-8.157077,0.320645,0.0301367279,0.396471547,-0.0124961318
0.32162,-0.394529,-12.404652,-0.688095,0.0471643304,0.3922146464,0.0055956959
0.322669,-0.315271,-9.476363,-0.743336,0.0599350322,0.3890219709,0.0141094971
0.323718,-0.730776,-5.391605,-0.200538,0.0631277077,0.3081408593,-0.0050465557
0.324736,-1.513751,-10.252132,0.625669,0.0801553101,0.1495713114,-0.0124961318
0.325785,-1.218334,-13.625769,0.87305,0.0876048862,0.0303780942,0.0098525965
0.326834,0.609407,-6.988635,0.738551,0.0163018009,-0.0068697862,0.0002745701
0.327883,0.277964,-11.932965,2.314107,0.0184302512,0.0048366905,0.0024030204
0.328903,1.017707,-12.332821,0.745757,0.0258798273,0.1229656825,0.0173021725
0.329949,1.447622,-8.913691,-0.09486,0.0194944764,0.327296912,0.0151737222
0.330999,0.465301,-9.509884,-0.387875,0.0109806751,0.4699030826,0.0024030204
0.332048,-0.485796,-11.789304,-0.993119,0.0120449003,0.5284354661,-0.0093034563
0.333065,-0.83165,-8.712566,-0.524775,0.0397147543,0.5465272937,-0.021009933
0.334114,-1.41768,-6.229627,0.267806,0.0886691114,0.4667104072,-0.0337806348
0.335164,-2.440831,-10.944099,0.906675,0.1259169917,0.2794067801,-0.0220741581
0.336213,-2.243886,-12.421412,0.527196,0.1131462899,0.0803966764,0.0098525965
0.33723,-0.625099,-7.900882,0.392698,0.0673846083,-0.0579525936,0.0215590732
0.338282,0.020975,-8.245668,2.650354,0.0567423567,-0.144154831,0.0151737222
0.339328,0.301982,-11.061422,2.902539,0.0471643304,-0.1526686323,0.0226232983
0.340377,1.738235,-10.659172,0.366278,0.0109806751,-0.0036771108,0.0300728744
0.341427,2.223391,-10.405371,-0.901852,-0.0166891789,0.2687645286,0.0130452719
0.342444,0.909627,-11.205083,-1.692032,-0.0326525562,0.4943802612,-0.0167530324
0.343493,-0.264834,-9.976782,-1.281331,-0.0230745298,0.5954816508,-0.0391017606
0.344542,-0.870078,-7.551307,-0.961896,0.0258798273,0.6135734784,-0.0444228864
0.345591,-2.051745,-9.588898,-1.206876,0.079091085,0.5571695452,-0.0327164097
0.346609,-2.820309,-11.820431,-0.001191,0.0876048862,0.4071137986,-0.0061107808
0.347658,-1.797159,-8.47792,1.019558,0.0705772837,0.2006541188,0.0141094971
0.348707,-0.848462,-7.747644,2.859307,0.0971829126,0.001644015,0.0236875235
0.349756,-0.521823,-10.565792,3.262803,0.1131462899,-0.1207418777,0.0385866756
0.350775,1.027314,-10.991986,1.447071,0.0758984095,-0.0898793482,0.0460362517
0.351823,2.607673,-9.885797,-0.500758,0.0397147543,0.1304152586,0.0236875235
0.352871,-0.36811,-10.721425,-1.437445,-0.0241387549,0.5827109489,-0.0454871115
0.35392,-1.232744,-10.692692,-0.193332,0.0216229267,0.6018670017,-0.0284595091
0.35497,-1.953273,-10.240161,-1.605568,0.0673846083,0.5401419428,-0.0178172575
0.355987,-2.41201,-9.96481,-0.063637,0.0503570058,0.3922146464,-0.0220741581
0.357036,-1.869211,-8.90172,2.619131,0.0482285555,0.1836265163,-0.0178172575
0.358085,-1.665062,-9.076507,3.750361,0.0822837604,0.0037724653,0.0002745701
0.359135,-1.163093,-7.843418,3.212366,0.0641919328,-0.0962646991,0.0183663977
0.360155,0.575782,-7.460322,3.017824,0.0546139064,-0.122870328,0.0236875235
0.361201,2.662914,-10.374244,-0.188529,0.065256158,0.0059009156,0.0151737222
0.362251,3.090427,-12.344793,-5.563672,0.0077879997,0.3326180378,-0.0103676814
0.363299,0.888012,-13.254645,-2.768021,-0.0262672052,0.6220872796,-0.021009933
0.364317,-1.218334,-12.385497,-0.887442,0.0269440524,0.6816838882,-0.0273952839
0.365366,-1.484929,-9.380589,-3.313221,0.0429074297,0.5965458759,-0.0550651379
0.366415,-1.511349,-6.466667,0.565625,0.0248156021,0.4677746323,-0.0699642901
0.367464,-2.018121,-5.492167,3.214768,0.0535496813,0.319847336,-0.0476155618
0.368513,-2.138209,-7.965529,2.883325,0.0769626347,0.1857549666,0.0055956959
0.369531,-1.218334,-9.790023,5.554085,0.086540661,0.0857178022,0.0683849799
0.37058,0.414864,-8.750876,5.064125,0.1014398132,0.0452772463,0.089669483
0.371629,1.032117,-10.857902,1.828951,0.0854764359,0.0356992199,0.0471004769
0.372678,1.039323,-13.539573,0.183744,0.065256158,0.0559194979,0.0055956959
0.373695,1.942385,-9.890586,-5.133757,0.0439716549,0.2847279059,-0.0273952839
0.374744,1.024912,-7.467505,-7.542724,-0.0464874832,0.6667847361,-0.076349641
0.375793,-1.816373,-9.739742,0.877854,-0.1082125421,0.7540511987,-0.0816707667
0.376842,-2.210262,-6.220049,4.060189,-0.0379736819,0.5231143403,-0.0391017606
0.37786,-1.016586,0.081876,-0.937879,0.0280082776,0.3230400114,-0.0401659857
0.378909,-0.761999,-15.948288,2.503847,0.1237885414,-0.0377323157,0.0119810468
0.379958,0.662246,-13.077464,-0.097262,0.211055004,-0.1590539832,0.0832841321
0.381007,2.067277,-9.23214,-3.690298,0.2153119046,-0.1143565267,0.0673207548
0.382056,1.625353,-10.034247,-4.857554,0.1546510709,0.1665989138,-0.0199457078
0.383074,0.153072,-6.967086,-3.354051,0.0599350322,0.4922518109,-0.104019495
0.384123,-1.081433,-4.570343,1.413447,0.0397147543,0.5986743262,-0.1306251238
0.385172,-1.82598,-4.39795,3.428525,0.106760939,0.548655744,-0.111469071
0.386221,-1.698686,-5.156958,1.598382,0.1227243163,0.4688388575,-0.0816707667
0.387238,-1.37685,-7.484265,3.471757,0.114210515,0.361352117,-0.0359090851
0.388287,-1.220736,-9.160309,3.404507,0.1269812169,0.2315166482,0.0226232983
0.389336,-0.699553,-12.217892,1.550347,0.1386876936,0.0867820273,0.0651923045
0.390385,0.244339,-15.12942,0.820211,0.1589079715,0.0080293659,0.0694492051
0.391405,1.132991,-12.895493,-3.154705,0.1408161439,0.1591493378,0.0279444241
0.392452,0.705478,-6.34695,-2.556666,0.0439716549,0.5124720888,-0.0391017606
0.393501,-1.05021,-0.131221,2.756032,-0.0358452316,0.7317024704,-0.097634144
0.39455,-1.900434,-0.571781,3.863244,-0.0283956555,0.6710416367,-0.1263682232
0.395567,-1.641044,-7.362153,2.938566,0.0035310991,0.5252427906,-0.1050837201
0.396617,-1.292788,-11.873106,3.563024,0.0163018009,0.3709301433,-0.0316521845
0.397666,-0.704357,-13.8245,3.258,0.0269440524,0.1506355365,0.0524216026
0.398715,-0.113523,-15.739979,2.602319,0.0609992574,-0.0462461169,0.10350441
0.399764,0.47731,-12.967324,0.990736,0.1120820647,-0.0803013218,0.1013759597
0.400782,1.500461,-5.832165,-3.370864,0.1046324887,0.1187087819,0.034329775
0.401831,1.236267,0.34286,-3.12108,0.0226871518,0.4443616789,-0.0795423164
0.40288,-0.557849,0.096242,0.957112,-0.0379736819,0.562490671,-0.1721299048
0.403929,-1.136674,-6.852157,0.779381,-0.0188176292,0.3762512691,-0.194478633
0.404946,-0.57226,-17.099969,0.320645,0.0886691114,-0.0866866727,-0.0199457078
0.405995,0.734299,-15.00252,-0.832201,0.1237885414,-0.1313841292,0.0992475094
0.407044,1.519675,-11.042267,-2.446185,0.1312381175,0.1144518813,0.1620367934
0.408093,1.457229,-5.38921,-3.791172,0.0993113629,0.5731329225,0.1205320125
0.40911,0.371633,2.078763,-2.808851,0.0163018009,0.8913362435,-0.0231383833
0.410159,-0.786017,0.357226,0.803399,0.0014026488,0.8157762576,-0.1646803287
0.411209,-0.841257,-10.601707,0.018023,0.0705772837,0.5529126446,-0.1955428582
0.412258,-0.961345,-17.8494,-1.180457,0.1365592433,0.292177482,-0.1167901968
0.413307,-1.324011,-18.222919,0.558419,0.2014769776,0.0367634451,0.0002745701
0.414324,-1.734713,-16.788704,2.515855,0.2972572415,-0.095200474,0.0864768075
0.415373,-1.187111,-12.356765,1.430259,0.3600465255,0.0548552727,0.0981832842
0.416422,0.717486,0.644548,-4.290739,0.2429817586,0.5188574397,0.0002745701
0.417472,0.657442,9.544342,-1.495087,0.0578065819,0.9690246797,-0.1614876533
0.418489,-1.292788,-1.105721,1.348599,0.0194944764,1.0179790368,-0.2444972153
0.419538,-1.689079,-16.716874,-2.659942,0.0439716549,0.7615007747,-0.1891575073
0.420587,-1.033398,-19.96361,-0.954691,0.0620634825,0.424141401,-0.0657073894
0.421637,-1.196718,-19.575726,1.310171,0.1078251641,0.0803966764,0.048164702
0.422656,-2.066156,-18.529395,5.962384,0.1812566997,-0.1186134273,0.1226604628
0.423703,-1.96288,-3.612604,6.553218,0.2025412028,-0.0717875206,0.0917979333
0.424752,-0.252825,14.704163,2.237251,0.1386876936,0.1772411654,-0.0689000649
0.425801,-0.060684,8.162803,2.981797,0.0897333365,0.534820817,-0.2168273613
0.42685,-1.883622,-14.073513,2.921753,0.0705772837,0.7210602189,-0.1849006066
0.427867,-1.653053,-21.507965,3.490971,0.0854764359,0.5688760219,-0.0327164097
0.428917,0.671853,-19.386572,-0.087655,0.0876048862,0.3102693096,0.089669483
0.429966,1.149804,-19.072913,-0.102065,0.0599350322,0.1591493378,0.1482018664
0.431015,-1.657856,2.852138,0.092477,-0.0358452316,0.3868935206,0.0353940002
0.432032,-0.781213,12.575587,2.527864,-0.0784142378,0.5848393992,-0.1327535741
0.433081,-0.589072,2.617492,-0.306215,-0.0901207145,0.5316281415,-0.2732312944
0.43413,-0.742785,-18.87897,-1.831334,-0.1135336678,0.236837774,-0.2551394668
0.435179,0.501328,-28.319887,-0.46233,-0.0773500126,0.0197358426,-0.0795423164
0.436196,2.273828,-22.441761,-2.945752,-0.0198818543,0.0718828752,0.1215962376
0.437246,1.997626,-8.693411,0.959514,0.0354578537,0.2517369261,0.2195049517
0.438294,0.037788,3.826638,1.09161,0.0939902371,0.4166918249,0.1822570714
0.439343,0.121849,10.253069,0.616062,0.1312381175,0.5667475716,0.0460362517
0.440393,1.248276,3.127488,-2.302079,0.1088893893,0.6167661538,-0.1263682232
0.442459,0.155474,-31.825213,-1.406222,0.0524854561,0.1559566623,-0.1029552698
0.44141,0.986484,-18.584465,-4.518906,0.0492927807,0.437976328,-0.1966070833
0.443508,0.455694,-23.87837,-2.172384,0.0993113629,0.0090935911,0.0396509008
0.444558,1.353953,-7.139479,0.00121,0.1386876936,0.1623420132,0.0917979333
0.445575,-0.115925,3.342979,1.142047,0.1716786733,0.5731329225,0.0471004769
0.446623,-1.626633,7.145205,1.274144,0.1961558519,0.9285841239,-0.0369733103
0.447672,-1.030996,1.001306,-0.541588,0.1738071236,0.9275198987,-0.1338177993
0.448722,-0.351298,-14.741536,-2.088323,0.1174031905,0.6199588293,-0.1678730042
0.449739,-0.778811,-27.702145,-0.250975,0.1301738923,0.2943059323,-0.097634144
0.450788,-1.593009,-27.146656,-1.079583,0.1812566997,0.1165803316,-0.0061107808
0.451837,-1.679472,-10.369455,-1.358187,0.1589079715,0.1474428611,-0.0007896551
0.452886,-2.510482,4.343817,1.067593,0.1248527666,0.3911504213,-0.0646431643
0.453935,-3.514418,7.796468,4.52613,0.1461372696,0.6838123385,-0.1210470974
0.454953,-2.817907,-0.823187,2.393366,0.1386876936,0.7402162717,-0.1508454017
0.456002,-1.290387,-17.971512,1.084405,0.106760939,0.451811255,-0.1242397729
0.457051,1.56771,-21.807259,-1.692032,0.134430793,0.0484699218,0.0183663977
0.4581,1.577317,-5.384422,-1.759281,0.0705772837,0.3347464881,-0.0401659857
0.459117,-1.585803,2.243973,3.555818,0.0492927807,0.5816467238,-0.125303998
0.460166,-3.478392,2.234396,4.883993,0.092926012,0.6518855839,-0.1636161036
0.461215,-2.243886,-4.630202,1.692051,0.0961186874,0.590160525,-0.1753225803
0.462264,-0.687544,-20.394593,2.220439,0.0918617868,0.3666732427,-0.1157259717
0.463282,2.223391,-26.248775,0.49117,0.1216600911,0.2208743967,0.0268801989
0.464331,4.207247,-13.728726,-3.699905,0.0971829126,0.4677746323,0.1152108867
0.46538,0.650237,-1.986841,-1.096395,0.0163018009,0.8147120324,0.0864768075
0.466429,-3.459178,1.056376,4.206696,-0.0007258016,0.8391892109,0.020494848
0.467446,-3.180574,-0.313191,2.717603,0.0301367279,0.6987114907,-0.0422944361
0.468495,-0.99497,-13.915486,0.87305,0.0567423567,0.5337565918,-0.0795423164
0.469544,0.878405,-31.042261,0.54641,0.1046324887,0.2911132568,-0.0433586612
0.470594,2.588459,-24.211185,-4.180257,0.1088893893,0.258122277,0.0013387952
0.471643,1.658977,-3.703589,-3.457327,0.0471643304,0.5646191213,-0.0391017606
0.47266,-2.642579,2.818617,3.608657,0.0354578537,0.8264185091,-0.0912487931
0.473709,-4.7153,0.52962,3.942502,0.086540661,0.8636663895,-0.0869918925
0.474758,-3.389527,-5.745968,1.629605,0.1259169917,0.7295740201,-0.062514714
0.475807,-1.720302,-19.276432,0.673704,0.1408161439,0.3900861961,-0.0124961318
0.476825,1.113777,-27.539329,-3.368462,0.1216600911,0.0761397758,0.0609354038
0.477874,3.035187,-17.985878,-5.184194,0.0471643304,0.1570208875,0.0875410327
0.478923,0.347615,-3.559928,-1.009931,-0.0230745298,0.4230771759,0.0439078014
0.479972,-2.738649,2.483408,4.360409,-0.003918477,0.4858664599,-0.0167530324
0.48099,-2.243886,0.141735,3.291625,0.0503570058,0.4252056262,-0.0657073894
0.482039,-0.562653,-14.300976,1.379822,0.0854764359,0.313461985,-0.0816707667
0.483088,3.460299,-25.049207,-4.583753,0.0950544623,0.3177188857,0.0215590732
0.484137,1.985617,-7.24483,-1.631988,0.0194944764,0.6838123385,0.0109168216
0.485186,-1.67707,2.753969,3.841628,0.023751377,0.8647306146,-0.0497440121
0.486204,-3.240618,2.306226,3.548613,0.0812195353,0.8349323103,-0.1072121704
0.487252,-2.517687,-9.052564,2.417383,0.1312381175,0.7210602189,-0.117854422
0.488301,-0.454573,-25.200051,1.185279,0.18338515,0.4667104072,-0.0454871115
0.489351,2.6437,-26.751589,-3.942483,0.1610364218,0.3081408593,0.0524216026
0.490368,2.682128,-13.474925,-4.828733,0.0397147543,0.5167289894,0.0811556818
0.491417,-0.910908,-1.534309,2.59031,-0.0145607286,0.7966202048,0.0417793511
0.492466,-3.166163,3.201713,4.766307,0.0386505291,0.8689875152,-0.0295237342
0.493515,-2.76747,-5.259915,2.256465,0.0993113629,0.7870421784,-0.0880561177
0.494532,-0.877284,-23.864004,1.730479,0.1599721966,0.576325598,-0.0710285152
0.495582,1.882341,-29.385372,-2.99859,0.1663575476,0.4528754802,0.0013387952
0.496631,2.036054,-15.385616,-4.158642,0.0780268598,0.65933516,0.0300728744
0.49768,-1.290387,-1.397831,2.076333,0.0258798273,0.901978495,-0.0146245821
0.498729,-4.110055,1.166516,3.995341,0.0599350322,0.8924004686,-0.0784780913
0.499747,-4.239751,-5.602307,3.406909,0.1301738923,0.7508585232,-0.0986983692
0.500796,-1.338422,-16.261947,1.094012,0.1844493752,0.5635548961,-0.0550651379
0.501845,2.069679,-24.168086,-4.924804,0.1216600911,0.4347836526,0.0173021725
0.502894,1.452426,-22.784153,-2.669549,-0.0017900267,0.5039582875,0.0832841321
0.503911,-0.966149,-8.221725,3.284419,-0.0294598807,0.617830379,0.0981832842
0.50496,-2.150218,3.704526,1.63681,0.0131091254,0.6263441802,0.0141094971
0.506009,-2.366376,-2.482471,1.903406,0.0599350322,0.6029312268,-0.0689000649
0.507059,-0.296057,-15.419137,1.639212,0.1078251641,0.5603622207,-0.0582578134
0.508076,1.692602,-24.685266,-2.549461,0.1035682635,0.479481109,-0.0114319066
0.509125,0.806352,-25.824976,-0.935477,0.0397147543,0.4848022348,0.0460362517
0.510174,-0.910908,5.49071,0.073263,0.0045953242,0.8242900588,-0.0167530324
0.511223,-2.93079,-0.957271,2.643149,0.0503570058,0.8104551318,-0.1189186471
0.512275,-1.821176,-15.950682,3.447739,0.1259169917,0.6380506569,-0.0955056937
0.51329,1.099367,-20.930927,-2.15317,0.1323023427,0.5124720888,-0.0135603569
0.514339,1.027314,-22.056271,-2.172384,0.0471643304,0.5305639164,0.0577427284
0.515388,-0.144746,-16.017724,1.855371,-0.003918477,0.6210230544,0.10350441
0.516438,-0.339289,-0.404176,0.229378,-0.0103038279,0.6816838882,0.0502931523
0.517455,-1.388859,2.785096,0.659293,0.0056595494,0.6550782594,-0.0752854158
0.518504,-1.681874,-9.919318,3.063457,0.0503570058,0.5614264458,-0.1189186471
0.519554,-0.389726,-21.65402,0.604053,0.0758984095,0.4741599832,-0.0497440121
0.520603,0.609407,-25.621456,-0.539186,0.058870807,0.5135363139,0.0609354038
0.52162,1.262686,-16.453495,-1.043556,0.0088522248,0.7199959937,0.1184035621
0.522669,0.607005,0.019623,-1.744871,-0.0379736819,0.8689875152,0.0396509008
0.523718,-1.912443,3.333402,2.772844,-0.0071111525,0.7870421784,-0.1029552698
0.524767,-2.899567,-8.442005,4.02176,0.0801553101,0.6157019287,-0.1519096269
0.525785,-1.009381,-21.551063,-0.039619,0.1184674157,0.5263070158,-0.0710285152
0.526834,0.566175,-25.915961,0.015621,0.0876048862,0.5731329225,0.0662565296
0.527883,1.197839,-15.416742,-0.724122,0.0269440524,0.7210602189,0.1439449658
0.528932,0.988886,1.15215,-2.402953,-0.0326525562,0.8136478073,0.0673207548
0.529981,-1.480126,3.395655,2.170002,-0.031588331,0.7231886692,-0.083799217
0.530999,-2.760265,-9.45242,4.338793,0.0450358801,0.5592979955,-0.1295608987
0.532048,-0.701955,-21.246981,-0.128485,0.0961186874,0.5497199691,-0.0359090851
0.533097,0.861592,-23.389923,-1.002726,0.0695130586,0.7253171195,0.0971190591
0.534149,0.551765,-14.097456,0.267806,0.0152375758,0.8647306146,0.1524587671
0.535163,0.008967,0.158496,-0.764952,-0.017753404,0.7998128803,0.0630638542
0.536213,-1.982094,-9.46918,3.695121,0.0641919328,0.4869306851,-0.1380746999
0.537262,-1.23995,-23.346825,1.156458,0.1046324887,0.4965087115,-0.0295237342
0.538311,0.0546,-23.1457,0.08287,0.0971829126,0.6955188152,0.1343669395
0.539328,1.43081,-8.267217,-1.795308,0.0354578537,0.9104922962,0.1780001708
0.540377,1.118581,4.135509,-3.358855,-0.0539370592,0.9072996208,0.0385866756
0.541426,-1.806766,-0.128826,2.410178,-0.0581939599,0.6827481134,-0.1221113226
0.542475,-2.832318,-14.590692,4.876788,0.0407789794,0.4645819569,-0.1221113226
0.543527,-0.394529,-23.708371,-0.510365,0.1088893893,0.5241785655,0.0226232983
0.544542,0.986484,-19.558965,-1.658407,0.0918617868,0.8477030122,0.1694863695
0.545591,0.561372,-5.142592,-0.604034,0.0312009531,1.0424562153,0.1748074953
0.54664,-0.214397,5.141135,-2.001859,-0.0369094568,0.9009142699,0.0130452719
0.547689,-2.210262,-1.910222,2.710398,-0.0252029801,0.6210230544,-0.1370104747
0.548706,-2.635374,-17.016167,5.863912,0.0907975617,0.4315909771,-0.1018910447
0.549755,0.203509,-23.552739,-1.254911,0.1535868457,0.5326923667,0.0577427284
0.550805,1.272294,-17.806302,-3.185928,0.092926012,0.915813422,0.1843855217
0.551854,0.030582,-1.907827,0.570428,0.0131091254,1.1382364791,0.1631010186
0.552871,-0.819641,7.844355,-1.053163,-0.0518086089,0.9243272232,-0.0252668336
0.553921,-2.870746,-5.382027,2.792058,-0.0496801586,0.548655744,-0.1700014545
0.554969,-3.264635,-21.958103,7.569163,0.0812195353,0.3262326869,-0.0827349919
0.556019,0.686264,-21.862329,-1.387008,0.1578437463,0.4411690035,0.1066970855
0.557067,2.242605,-12.014373,-4.929607,0.0758984095,0.8657948398,0.1971562235
0.558085,-0.125532,1.010884,0.724141,-0.0113680531,1.1137593006,0.1364953898
0.559134,-1.446501,4.013397,-0.498356,-0.0560655095,0.8785655416,-0.0327164097
0.560183,-2.400001,-9.885797,2.820879,-0.0283956555,0.4635177317,-0.1359462496
0.561232,1.668584,-17.79433,-2.787235,0.14826572,0.5241785655,0.1077613106
0.562249,1.159411,-10.017486,-3.930474,0.058870807,1.0530984668,0.1822570714
0.563299,-1.780346,0.098637,2.53507,0.0173660261,1.2042184386,0.1343669395
0.564348,-1.523358,3.04608,-0.459928,0.0035310991,0.8455745619,-0.021009933
0.565399,-1.857203,-9.68946,1.367813,0.0067237745,0.4166918249,-0.1231755477
0.566414,-1.074228,-22.39148,4.835958,0.0961186874,0.2655718531,-0.0284595091
0.567463,2.367497,-19.398544,-3.399685,0.1195316408,0.631665306,0.1418165155
0.568512,1.0081,-6.339767,-3.089857,0.0492927807,1.1988973129,0.2014131241
0.569561,-2.118995,3.845792,2.571096,0.0301367279,1.2318882926,0.1077613106
0.570611,-1.845194,0.512859,-0.969101,0.023751377,0.7753357017,-0.0550651379
0.571628,-1.66266,-12.658453,1.593579,0.0386505291,0.4039211231,-0.111469071
0.572678,-0.171166,-21.04825,2.597515,0.1088893893,0.3900861961,0.0045314707
0.573727,1.762253,-17.835034,-3.183526,0.1110178396,0.7870421784,0.1524587671
0.574778,-0.562653,-5.66456,0.277413,0.0812195353,1.206346889,0.1928993229
0.575793,-2.527294,3.560865,2.554284,0.0950544623,1.0860894466,0.0949906088
0.576842,-1.607419,-0.930933,-0.580016,0.0769626347,0.5890962998,-0.0550651379
0.577891,-0.877284,-13.269012,1.723274,0.0609992574,0.264507628,-0.0923130183
0.57894,0.815959,-20.689098,1.680042,0.0993113629,0.3645447924,0.0236875235
0.579957,1.697405,-16.333778,-1.982645,0.0950544623,0.83280386,0.158844118
0.581007,-0.846061,-3.765842,0.255797,0.058870807,1.2148606902,0.1801286211
0.582056,-2.335153,3.086784,2.061922,0.0695130586,1.0637407184,0.0705134302
0.583105,-1.338422,-2.530358,-0.250975,0.0684488334,0.5965458759,-0.0657073894
0.584156,-0.521823,-14.255483,0.553616,0.0492927807,0.3230400114,-0.0806065416
0.585171,0.691067,-21.783315,1.379822,0.079091085,0.4688388575,0.0502931523
0.58622,0.921636,-15.359278,-0.35425,0.1078251641,0.9200703226,0.186513972
0.587269,-1.828381,4.437196,0.495973,0.0876048862,1.0030798846,0.0439078014
0.588319,-1.05021,-5.741179,-0.109271,0.065256158,0.5518484195,-0.083799217
0.589336,-0.264834,-18.115173,1.480696,0.0556781316,0.3624163421,-0.0582578134
0.590385,1.058537,-21.191911,0.825015,0.0844122107,0.5976101011,0.0864768075
0.591434,0.671853,-11.794093,-0.455124,0.092926012,1.0509700165,0.1960919984
0.592483,-1.689079,1.123418,0.829818,0.0769626347,1.2670077227,0.1567156677
0.593501,-2.219869,2.866504,1.048379,0.0844122107,0.9647677791,0.0045314707
0.594549,-1.196718,-7.184972,0.469554,0.0854764359,0.4624535066,-0.1082763956
0.595599,-0.61309,-19.02742,1.413447,0.0758984095,0.2538653764,-0.062514714
0.59665,0.561372,-22.946969,1.130039,0.1056967138,0.4837380096,0.10350441
0.597665,0.88561,-10.972831,-0.740934,0.1291096672,0.9807311564,0.2205691769
0.598714,-1.057416,5.406908,-0.467133,0.0982471377,1.2606223718,0.1524587671
0.599763,-1.835587,4.161846,0.459947,0.0684488334,0.9658320042,-0.0284595091
0.600813,-0.963747,-10.613679,0.620865,0.0609992574,0.4784168839,-0.1274324483
0.601861,-0.468984,-22.307678,1.130039,0.0673846083,0.3294253623,-0.0444228864
0.602879,0.827968,-22.659647,0.378287,0.0950544623,0.5986743262,0.1343669395
0.603927,1.229062,-7.663841,-0.875433,0.106760939,1.0637407184,0.2226976272
0.604977,-1.004577,6.809996,-0.387875,0.0854764359,1.2521085706,0.117339337
0.606028,-1.998907,1.441866,1.278948,0.0812195353,0.9030427202,-0.0635789391
0.607044,-1.203923,-13.379152,1.521526,0.0971829126,0.4220129507,-0.1263682232
0.608092,-0.365708,-22.717111,0.685713,0.1046324887,0.313461985,-0.0156888072
0.609141,1.582121,-21.081771,-0.174118,0.1163389653,0.6625278354,0.1577798928
0.61019,1.788672,-5.022875,-1.639193,0.1078251641,1.1850623859,0.2088627002
0.611208,-1.151084,6.912953,-0.529579,0.0748341844,1.3266043313,0.0737061057
0.612257,-2.270306,-1.735434,1.944236,0.0801553101,0.9030427202,-0.0944414686
0.613306,-1.201521,-16.056033,2.013887,0.1163389653,0.4166918249,-0.1231755477
0.614355,1.003296,-18.10799,-0.140494,0.155715296,0.7019041661,0.1758717204
0.615407,1.452426,-0.296431,-2.539854,0.114210515,1.2255029417,0.2024773493
0.616421,-1.451305,6.539435,-0.378268,0.0567423567,1.3042556031,0.0502931523
0.61747,-2.664195,-6.260753,3.046645,0.065256158,0.8253542839,-0.0923130183
0.618519,-0.87248,-18.43841,2.566292,0.1088893893,0.3698659182,-0.0859276674
0.619568,0.357222,-23.21753,1.507115,0.1354950181,0.3677374679,0.0471004769
0.620586,1.522077,-16.642649,-0.654471,0.1386876936,0.8210973833,0.1886424223
0.621635,1.397185,1.015672,-3.008198,0.0897333365,1.3361823577,0.172679045
0.622684,-1.566589,5.473949,0.188548,0.0354578537,1.296806027,-0.0018538802
0.623733,-2.801095,-7.752432,3.157126,0.0492927807,0.742344722,-0.1370104747
0.62475,-1.693883,-20.234172,2.732014,0.1035682635,0.3017555083,-0.1029552698
0.625799,-0.519421,-24.244706,2.374151,0.1674217727,0.3283611372,0.0651923045
0.626849,1.803083,-12.50282,-2.345311,0.1780640243,0.8477030122,0.2056700247
0.6279,1.735834,4.717335,-5.092927,0.0876048862,1.3957789663,0.1524587671
0.628947,-1.955675,2.380451,1.000344,0.023751377,1.2638150473,-0.0284595091
0.629964,-3.09411,-12.40944,3.591845,0.0663203831,0.6540140342,-0.1274324483
0.631013,-1.386457,-22.02275,2.458213,0.1291096672,0.3038839587,-0.0593220385
0.632062,0.532551,-21.81923,2.210832,0.1738071236,0.4528754802,0.0992475094
0.634129,0.72229,4.327056,-3.514969,0.058870807,1.3425677086,0.0737061057
0.633111,2.050464,-7.852995,-2.919332,0.1514583954,0.9679604545,0.1748074953
0.635178,-2.400001,-1.972475,2.446204,0.0312009531,1.0754471951,-0.0848634422
0.636227,-2.913978,-14.822944,3.190751,0.0854764359,0.5135363139,-0.139138925
0.637278,-0.951738,-22.314861,2.378955,0.1386876936,0.3070766341,-0.0401659857
0.638294,0.921636,-18.919674,1.502312,0.1727428985,0.5837751741,0.1184035621
0.639343,1.469238,-4.314148,-2.799244,0.1333665678,1.0839609963,0.1673579192
0.640392,-2.311136,-4.407527,2.121966,0.0450358801,1.0254286128,-0.0912487931
0.641441,-1.934059,-16.917999,2.909744,0.0993113629,0.5124720888,-0.1221113226
0.64249,-0.476189,-24.02682,2.00428,0.1354950181,0.354966766,-0.0167530324
0.643507,0.863994,-17.157434,0.666499,0.1589079715,0.6572067097,0.1205320125
0.644556,1.745441,-0.942905,-3.709512,0.1131462899,1.1393007043,0.1269173634
0.645605,-0.387324,3.479457,-2.455792,0.0301367279,1.3138336295,-0.0114319066
0.646657,-2.974022,-7.493843,3.113894,0.0482285555,0.9456117263,-0.1295608987
0.647671,-2.140611,-19.427276,3.001011,0.1237885414,0.4869306851,-0.111469071
0.64872,-0.23121,-23.373163,1.730479,0.1642290973,0.465646182,0.020494848
0.649769,1.152205,-13.71436,-0.21735,0.1716786733,0.8445103367,0.1364953898
0.650818,1.135393,0.757083,-3.40689,0.1131462899,1.2116680147,0.1024401848
0.651836,-1.343225,1.125812,-0.880236,0.0535496813,1.1882550613,-0.0454871115
0.652885,-2.652186,-10.118049,2.940967,0.0971829126,0.7795926023,-0.1412673753
0.653934,-0.903703,-20.090511,2.078735,0.1546510709,0.4294625268,-0.1008268195
0.654983,0.472507,-21.407402,0.973924,0.1514583954,0.5284354661,0.0290086492
0.656,0.68146,-10.307202,-0.4215,0.1237885414,0.9349694748,0.1152108867
0.657049,0.186697,0.912715,-2.280464,0.079091085,1.2052826638,0.0588069535
0.658098,-1.768337,-1.479239,0.443135,0.0599350322,1.0839609963,-0.0720927404
0.65915,-2.515285,-12.215498,3.231581,0.1056967138,0.6752985373,-0.131689349
0.660197,-0.665929,-20.856702,1.435062,0.1408161439,0.4198845004,-0.062514714
0.661214,0.724692,-18.835872,0.320645,0.1269812169,0.6401791072,0.061999629
0.662263,0.352419,-6.538498,-0.082851,0.0971829126,1.0350066392,0.1066970855
0.663312,-0.665929,0.869617,-1.262116,0.0716415089,1.1361080288,0.0194306229
0.664361,-1.681874,-4.306965,0.495973,0.0812195353,0.9115565214,-0.0997625944
0.665378,-1.513751,-14.808578,2.587908,0.1195316408,0.5954816508,-0.125303998
0.666427,0.743906,-16.058428,0.556018,0.1110178396,0.7902348539,0.0800914566
0.667476,0.081019,-2.973312,-0.580016,0.0876048862,1.1116308503,0.0864768075
0.668528,-0.956542,1.587922,-2.196402,0.0620634825,1.1329153534,-0.0231383833
0.669543,-1.84039,-7.22807,0.721739,0.079091085,0.8764370913,-0.1242397729
0.670592,-1.593009,-18.835872,2.765639,0.1237885414,0.5614264458,-0.1029552698
0.671641,-0.0823,-21.25177,1.250127,0.1259169917,0.5241785655,0.0141094971
0.67269,0.715085,-11.003958,0.407108,0.0982471377,0.8242900588,0.0949906088
0.673739,-0.173567,0.587084,-0.861022,0.0716415089,1.081832546,0.0492289272
0.674756,-1.249557,-0.021081,-1.036351,0.0663203831,1.0530984668,-0.0720927404
0.675805,-1.737114,-11.14283,1.430259,0.1088893893,0.8093909066,-0.139138925
0.676855,-1.32161,-21.78571,2.734416,0.14826572,0.5688760219,-0.0752854158
0.677906,0.369231,-19.867836,1.557552,0.1354950181,0.6306010808,0.0534858278
0.678921,0.914431,-5.257521,-0.935477,0.0822837604,0.957318203,0.089669483
0.67997,-0.745187,3.319036,-1.665612,0.0354578537,1.137172254,-0.0050465557
0.681019,-1.934059,-3.234296,0.323047,0.058870807,1.0243643877,-0.1189186471
0.682068,-1.823578,-14.875619,1.615195,0.1248527666,0.7721430263,-0.1402031502
0.683085,-1.107853,-21.792893,2.297295,0.1493299451,0.5635548961,-0.048679787
0.684134,0.133858,-16.748,1.953843,0.128045442,0.6369864317,0.0705134302
0.685183,0.58539,-2.604583,-1.118011,0.0844122107,0.9307125742,0.0811556818
0.686232,-0.432958,3.19453,-2.268455,0.0461001052,1.0658691687,-0.0295237342
0.687284,-1.263967,-5.080339,0.147718,0.0620634825,0.9349694748,-0.1359462496
0.688298,-1.33602,-17.327432,2.148386,0.114210515,0.7125464177,-0.131689349
0.689348,-0.517019,-22.401057,2.34533,0.1450730445,0.6061239023,-0.0114319066
0.690399,0.907226,-13.072675,-0.234162,0.1216600911,0.7944917545,0.0971190591
0.691446,0.424471,0.78342,-2.472605,0.0578065819,1.0988601484,0.0715776554
0.692463,-1.797159,-7.417224,1.228511,0.092926012,0.9551897527,-0.1306251238
0.693512,-1.633839,-19.618824,2.599917,0.14826572,0.7061610667,-0.0965699189
0.694562,-0.541037,-21.500782,2.515855,0.162100647,0.590160525,0.0290086492
0.695611,0.928842,-10.07495,-0.553597,0.1216600911,0.7902348539,0.1098897609
0.696628,-0.168764,1.671724,-1.905789,0.0641919328,1.0520342417,0.048164702
0.697677,-1.641044,1.401162,-0.015602,0.0599350322,1.0009514343,-0.0827349919
0.698726,-1.016586,-9.593686,0.949907,0.1014398132,0.7881064036,-0.1540380772
0.699777,-0.704357,-21.414585,1.223707,0.1259169917,0.6635920606,-0.0933772434
0.700824,-0.392128,-21.065011,1.740086,0.1131462899,0.708289517,0.0513573775
0.701842,0.359624,-6.263147,0.469554,0.079091085,0.9328410245,0.1162751118
0.702891,-0.706758,5.426062,-1.118011,0.0471643304,1.0754471951,0.0194306229
0.70394,-1.753927,0.548774,-0.361456,0.0567423567,0.9519970772,-0.1199828723
0.704989,-1.129469,-14.535622,1.021959,0.1078251641,0.7668219005,-0.1508454017
0.706006,-0.632304,-24.663717,1.653623,0.1429445942,0.6784912127,-0.0412302109
0.707055,-0.034265,-17.643486,1.139646,0.1333665678,0.7327666956,0.0971190591
0.708104,0.434079,-0.598119,-0.267787,0.0907975617,0.9190060975,0.1066970855
0.709156,-0.656321,5.438034,-0.865826,0.0546139064,1.0052083349,-0.0178172575
0.71017,-1.038202,-3.878376,-0.193332,0.0673846083,0.8955931441,-0.1338177993
0.71122,0.004163,-17.801513,0.575232,0.1014398132,0.7902348539,-0.1274324483
0.712269,0.008967,-24.668505,1.588775,0.106760939,0.7998128803,0.0013387952
0.713317,-0.255227,-14.954633,2.141181,0.0961186874,0.8913362435,0.1269173634
0.714367,-0.24562,2.203269,0.414314,0.079091085,1.0009514343,0.10350441
0.715384,-1.256762,5.392542,-0.438312,0.0705772837,0.9913734079,-0.0422944361
0.716432,-1.477724,-6.481033,0.580035,0.092926012,0.8594094889,-0.1433958257
0.717482,-0.166362,-20.224594,0.277413,0.1099536144,0.7540511987,-0.104019495
0.718533,-0.125532,-11.547475,1.6224,0.0748341844,0.8955931441,0.1364953898
0.719548,-0.471386,3.797905,-0.428705,0.0546139064,1.0179790368,0.0832841321
0.720597,-1.328815,3.120305,-0.361456,0.0503570058,0.9658320042,-0.0582578134
0.721646,-1.187111,-9.481152,0.479161,0.0812195353,0.7998128803,-0.1284966735
0.722695,0.100234,-21.979652,-0.800978,0.0897333365,0.7295740201,-0.0635789391
0.723712,0.169885,-23.186403,1.103619,0.0684488334,0.8242900588,0.0832841321
0.724761,-0.519421,-7.783559,2.254063,0.065256158,0.9754100306,0.1577798928
0.72581,-1.009381,5.651131,-0.190931,0.058870807,1.0243643877,0.0683849799
0.726859,-1.770739,1.075531,0.851434,0.0748341844,0.901978495,-0.0784780913
0.727876,-1.1727,-12.624932,1.139646,0.1248527666,0.7231886692,-0.1221113226
0.728925,0.988886,-23.567105,-2.472605,0.1078251641,0.7178675434,-0.0305879594
0.729974,0.938449,-21.670781,-0.250975,0.0418432046,0.9190060975,0.1098897609
0.731026,-0.906105,-5.350901,3.197956,0.0386505291,1.0786398705,0.1567156677
0.732073,-1.364841,5.964791,0.116495,0.058870807,1.054162692,0.0471004769
0.733089,-1.352833,-0.550232,0.008416,0.0737699592,0.9232629981,-0.0912487931
0.734139,-0.629902,-15.593924,1.139646,0.106760939,0.7902348539,-0.1072121704
0.735187,0.770325,-25.575963,-1.305348,0.0918617868,0.7923633042,0.0045314707
0.736237,0.133858,-19.448825,1.110825,0.0503570058,0.9583824282,0.1386238401
0.737254,-1.23995,-1.472056,3.154724,0.0556781316,1.0690618441,0.1545872174
0.738303,-1.54017,6.213803,-0.078048,0.065256158,1.0115936858,0.0226232983
0.739351,-1.63624,-3.061903,0.28702,0.0822837604,0.8828224422,-0.1050837201
0.740403,-0.250424,-17.8494,0.066058,0.1025040383,0.7785283772,-0.0912487931
0.741418,1.450024,-26.181734,-2.069109,0.0546139064,0.8221616085,0.0375224505
0.742467,-0.168764,-16.862929,1.49991,0.00991645,0.9796669312,0.1513945419
0.743516,-1.934059,0.536803,3.202759,0.0397147543,0.9966945337,0.1333027143
0.744565,-0.958944,-5.511322,-0.31342,0.0822837604,0.7795926023,-0.111469071
0.745614,0.088225,-19.728964,0.19095,0.0897333365,0.7231886692,-0.0731569655
0.746631,0.522944,-26.133847,0.049246,0.0535496813,0.7923633042,0.0705134302
0.747681,-0.896498,-13.702389,2.04511,0.0290725027,0.9796669312,0.1811928462
0.748729,-0.843659,3.237628,0.829818,0.0450358801,1.0807683208,0.1343669395
0.749781,-0.57226,3.589597,-1.615175,0.0365220788,1.0243643877,-0.0231383833
0.750796,-1.28078,-9.675094,0.62807,0.0407789794,0.8849508926,-0.1093406207
0.751845,-0.392128,-22.381902,1.355804,0.0769626347,0.777464152,-0.0422944361
0.752893,0.157876,-23.227107,0.716936,0.0684488334,0.8210973833,0.1013759597
0.753943,-0.942131,-8.834678,1.634409,0.0407789794,0.9647677791,0.1737432701
0.75496,-1.052612,3.383683,-0.034816,0.037586304,1.0222359374,0.0917979333
0.756009,-0.886891,-0.88544,-0.303813,0.0418432046,0.9349694748,-0.0465513367
0.757058,-0.906105,-12.265779,1.456678,0.0748341844,0.7859779533,-0.090184568
0.758107,0.700674,-21.833597,-0.613641,0.092926012,0.7508585232,-0.0061107808
0.759159,1.142598,-20.942899,-0.988316,0.0471643304,0.9605108785,0.1322384891
0.760173,-0.826847,-6.040473,0.976326,0.0067237745,1.2052826638,0.1843855217
0.761222,-1.309601,3.931989,0.022826,0.0120449003,1.206346889,0.0811556818
0.762271,-1.326413,-2.152051,0.563223,0.0343936285,0.9998872091,-0.0593220385
0.76332,-1.556982,-15.0959,2.081136,0.0769626347,0.7402162717,-0.0816707667
0.764338,0.647835,-24.330902,-0.152502,0.1035682635,0.6572067097,0.0290086492
0.765386,1.435613,-17.954752,-0.596828,0.0758984095,0.8870793429,0.158844118
0.766436,-0.74999,-1.318818,0.945103,0.0407789794,1.1190804264,0.1652294689
0.767485,-1.333618,3.845792,-0.061235,0.0322651782,1.0775756454,0.034329775
0.768502,-1.328815,-4.946256,1.067593,0.0503570058,0.8860151177,-0.083799217
0.769551,-1.412877,-17.799119,2.270876,0.0971829126,0.6987114907,-0.0657073894
0.7706,0.81836,-24.163298,-1.538319,0.1014398132,0.7412804968,0.0694492051
0.771651,-1.665062,-0.641217,2.340527,0.0077879997,1.2531727957,0.1631010186
0.772698,-2.020522,2.89763,1.675239,0.0301367279,1.0509700165,0.0322013247
0.773715,-1.256762,-5.669349,0.676106,0.058870807,0.7934275293,-0.0784780913
0.774765,-0.896498,-19.496712,3.147519,0.1174031905,0.6380506569,-0.0444228864
0.775814,1.831904,-23.820906,-1.516703,0.1227243163,0.7274455698,0.0960548339
0.776862,2.0985,-11.643249,-2.921734,0.0386505291,1.081832546,0.1811928462
0.777879,-1.100647,1.422712,2.484633,-0.0007258016,1.2542370209,0.1290458137
0.778928,-1.684276,2.073974,0.498375,0.0120449003,1.0850252214,-0.0093034563
0.779977,-1.398466,-7.965529,0.909077,0.0386505291,0.8317396349,-0.0986983692
0.781029,-1.175102,-21.661203,3.332455,0.0961186874,0.6529498091,-0.0359090851
0.782044,1.034519,-24.453014,-1.478275,0.100375588,0.7721430263,0.1215962376
0.783093,1.238669,-9.019043,-1.588756,0.0397147543,1.1180162012,0.200348899
0.784141,-0.927721,5.313528,1.478294,0.0056595494,1.1946404123,0.1066970855
0.78519,-1.665062,1.302994,0.781783,0.0035310991,0.9637035539,-0.0508082373
0.786207,-1.86681,-12.107752,3.001011,0.0556781316,0.7295740201,-0.0986983692
0.787256,-0.591474,-22.99725,2.299697,0.1376234684,0.6412433324,0.0055956959
0.788306,2.208981,-21.780921,-3.683093,0.1088893893,0.9115565214,0.1577798928
0.789355,1.277097,-5.604702,-2.523042,0.00991645,1.3297970068,0.1939635481
0.790406,-1.232744,5.54578,1.346197,-0.0188176292,1.2819068749,0.0673207548
0.791421,-1.794757,-1.122481,0.83222,-0.003918477,0.8913362435,-0.090184568
0.79247,-2.877951,-14.830127,4.040974,0.065256158,0.6114450281,-0.1061479453
0.793519,-1.028595,-23.995693,2.871316,0.162100647,0.5731329225,0.0417793511
0.794568,2.465969,-19.132771,-4.257114,0.1237885414,0.929648349,0.1982204487
0.795585,0.614211,-2.645287,-1.701639,0.0258798273,1.3532099602,0.2067342499
0.796634,-1.415278,5.478738,1.266939,0.0152375758,1.2446589945,0.0609354038
0.797683,-2.294323,-17.234053,4.478095,0.0886691114,0.6093165778,-0.0869918925
0.798732,0.301982,-24.656534,1.202092,0.1610364218,0.7104179674,0.0768987812
0.799749,2.674923,-15.890823,-4.951223,0.1088893893,1.1744201343,0.2088627002
0.800798,-0.452172,0.364409,-0.474338,0.0120449003,1.4702747271,0.1737432701
0.801848,-2.054147,4.169029,1.389429,-0.003918477,1.1605852073,0.0151737222
0.802896,-1.722704,-6.306246,1.305367,0.0301367279,0.7136106428,-0.1093406207
0.803946,-2.255895,-19.274038,5.486835,0.1120820647,0.5241785655,-0.0603862637
0.804963,0.823164,-23.801751,0.037237,0.169550223,0.687005014,0.1141466615
0.806012,2.636494,-11.901838,-5.321094,0.0950544623,1.2052826638,0.2195049517
0.807061,-0.891694,3.433964,0.366278,0.0163018009,1.4479259988,0.145009191
0.80811,-2.138209,1.877638,1.065191,0.0184302512,1.0626764932,-0.0252668336
0.809127,-1.583402,-10.754945,1.242921,0.0524854561,0.6210230544,-0.111469071
0.810176,-1.21353,-20.509522,4.12984,0.120595866,0.5433346182,-0.0220741581
0.811225,1.985617,-21.354727,-1.816923,0.1386876936,0.8966573692,0.1407522904
0.812277,2.105705,-8.798763,-3.949688,0.0620634825,1.4372837473,0.1992846738
0.813291,-1.934059,3.685371,1.533535,0.0141733506,1.4915592301,0.0949906088
0.81434,-2.558517,0.017229,1.780916,0.0343936285,1.0094652355,-0.0614504888
0.815389,-1.715499,-12.00719,2.532668,0.0822837604,0.6008027765,-0.1157259717
0.816438,-1.441698,-22.149651,4.228312,0.1599721966,0.5326923667,0.0013387952
0.817487,1.284302,-20.71783,-1.627184,0.1780640243,0.8860151177,0.1801286211
0.818504,1.382775,-4.13936,-4.240302,0.0897333365,1.4096138933,0.2237618524
0.819554,-2.210262,5.349443,1.221306,0.0290725027,1.3968431915,0.0875410327
0.820603,-2.54891,-2.966129,2.145984,0.0429074297,0.8775013165,-0.0699642901
0.821654,-1.0358,-14.945056,1.391831,0.0695130586,0.5316281415,-0.0891203428
0.822669,0.078618,-23.212741,2.030699,0.1046324887,0.617830379,0.0428435762
0.823718,0.133858,-1.764166,-1.531114,0.0365220788,1.476660078,0.1971562235
0.824767,-2.315939,4.860996,1.478294,0.0152375758,1.3478888344,0.0449720265
0.825816,-2.109388,-4.407527,1.893799,0.0439716549,0.8477030122,-0.0997625944
0.826833,-1.059818,-16.652226,1.773711,0.0822837604,0.5231143403,-0.0965699189
0.827882,0.078618,-24.134566,1.766506,0.1312381175,0.6061239023,0.0556142781
0.828931,1.44522,-16.391242,-1.408624,0.1301738923,1.0722545196,0.2056700247
0.82998,0.184295,0.98694,-2.254044,0.0631277077,1.4692105019,0.1854497468
0.831031,-1.994103,5.222543,0.937898,0.0354578537,1.2787141994,0.0130452719
0.832046,-1.837988,-6.524131,1.526329,0.051421231,0.7721430263,-0.1199828723
0.833095,-0.982961,-20.157552,1.161262,0.0716415089,0.5231143403,-0.0774138661
0.834145,0.234732,-24.697237,1.185279,0.1131462899,0.6955188152,0.0981832842
0.835193,1.368364,-13.010422,-0.894647,0.1237885414,1.1669705583,0.2237618524
0.836211,-0.02706,4.219311,-1.490284,0.0737699592,1.4968803559,0.1599083431
0.83726,-1.804364,4.633533,0.524795,0.0471643304,1.2510443454,-0.0305879594
0.838308,-1.70349,-10.747762,1.740086,0.0641919328,0.7210602189,-0.1380746999
0.839357,-1.095844,-23.485697,1.850567,0.0961186874,0.4869306851,-0.0529366876
0.840374,0.739102,-22.506408,0.507982,0.1333665678,0.7348951459,0.1354311646
0.841423,2.026447,-7.690179,-2.189197,0.114210515,1.2978702522,0.2258903027
0.842472,-0.322477,4.978319,-1.752076,0.0439716549,1.5990459707,0.1215962376
0.843521,-2.363974,0.225537,1.84096,0.0301367279,1.2244387166,-0.0550651379
0.84457,-1.953273,-13.012816,2.693586,0.0705772837,0.6540140342,-0.1242397729
0.845588,-1.206325,-22.03951,2.484633,0.1184674157,0.4741599832,-0.0252668336
0.846637,0.659844,-20.997969,1.065191,0.1631648721,0.749794298,0.1492660916
0.847686,1.728628,-6.485822,-2.530247,0.1408161439,1.2797784246,0.2163122763
0.848735,-0.512216,5.349443,-1.331768,0.0695130586,1.5053941571,0.0960548339
0.849752,-1.773141,-15.091111,2.109958,0.0769626347,0.5507841943,-0.1242397729
0.850801,-0.716366,-22.83204,1.300564,0.0939902371,0.5135363139,0.0013387952
0.85185,1.613344,-18.617986,-0.361456,0.1056967138,0.9722173552,0.1684221444
0.852902,1.899153,-3.088241,-1.965833,0.079091085,1.5075226074,0.1939635481
0.853916,-1.273574,4.173818,-0.541588,0.0248156021,1.5639265406,0.0513573775
0.854965,-2.733846,-5.441886,2.333322,0.0322651782,1.0488415662,-0.0944414686
0.856014,-1.602616,-17.236447,3.346865,0.0886691114,0.548655744,-0.0997625944
0.857064,-0.617893,-21.850357,2.885727,0.141880369,0.5220501152,0.0300728744
0.858081,0.984082,-14.521256,-0.59923,0.1716786733,0.9530613024,0.1694863695
0.85913,1.632558,0.28779,-4.192266,0.1227243163,1.4777243031,0.1620367934
0.860179,-1.141477,2.890447,-0.81779,0.0461001052,1.4894307798,0.0109168216
0.861228,-2.904371,-9.208196,2.938566,0.0492927807,0.9168776472,-0.1072121704
0.862279,-1.230343,-20.212622,2.559087,0.1025040383,0.4965087115,-0.0689000649
0.863294,0.551765,-21.050645,2.073931,0.1397519187,0.6923261397,0.0800914566
0.864343,1.161812,-10.048613,-1.543123,0.1227243163,1.2191175908,0.1780001708
0.865392,0.450891,1.678907,-3.003394,0.0535496813,1.5383851369,0.1152108867
0.866441,-1.890827,-0.464035,0.918684,0.0248156021,1.3340539074,-0.0369733103
0.867458,-2.510482,-11.449307,2.691184,0.0695130586,0.8072624563,-0.1210470974
0.868507,-0.766803,-20.289242,2.49424,0.1269812169,0.4858664599,-0.062514714
0.869556,0.102635,-20.004314,1.905808,0.1706144482,0.6603993851,0.0843483572
0.870605,0.85919,-6.825819,-2.155572,0.1546510709,1.1637778828,0.1673579192
0.871623,0.566175,3.582414,-4.057768,0.0705772837,1.504329932,0.0864768075
0.872671,-2.16703,-2.657258,1.463884,0.0386505291,1.2840353252,-0.0561293631
0.87372,-2.534499,-14.626607,3.500578,0.0876048862,0.7615007747,-0.0997625944
0.874769,-0.06789,-21.098531,0.632874,0.1237885414,0.5848393992,-0.0124961318
0.875818,0.124251,-4.340486,-0.793773,0.1035682635,1.3148978546,0.1439449658
0.876836,-0.677937,2.002144,-1.828932,0.0631277077,1.3979074166,0.0396509008
0.877885,-2.034933,-4.852876,1.49991,0.0748341844,1.0924747975,-0.0880561177
0.878933,-1.833185,-15.864485,3.200358,0.1269812169,0.680619663,-0.1072121704
0.879983,0.049797,-21.996412,0.877854,0.1461372696,0.6327295311,0.0013387952
0.881,0.710281,-15.110266,-0.123681,0.134430793,1.0169148116,0.1258531382
0.882048,0.287571,-0.976426,-1.168448,0.1025040383,1.3893936154,0.1247889131
0.883098,-0.733178,2.679745,-2.07151,0.065256158,1.4223845951,-0.0082392311
0.884147,-2.162226,-6.988635,1.062789,0.0769626347,1.1063097245,-0.1242397729
0.885164,-1.789953,-19.472769,3.164331,0.114210515,0.714674868,-0.0997625944
0.886213,-0.4906,-22.082609,2.302099,0.1354950181,0.6742343121,0.0353940002
0.887262,0.088225,-9.979177,0.563223,0.1450730445,0.9754100306,0.131174264
0.888311,0.265955,1.566372,-2.484613,0.1088893893,1.2350809681,0.0811556818
0.88936,-0.814838,-1.026707,-1.459061,0.0631277077,1.2308240675,-0.0476155618
0.890377,-1.919648,-11.336772,2.46782,0.0897333365,0.9551897527,-0.111469071
0.891426,-0.718767,-20.234172,1.773711,0.1216600911,0.7019041661,-0.048679787
0.892475,0.796745,-19.2477,0.702525,0.1088893893,0.8583452637,0.075834556
0.893527,0.369231,-6.220049,-0.018004,0.0886691114,1.2329525178,0.1226604628
0.894541,-0.553046,2.852138,-1.828932,0.0684488334,1.3436319338,0.034329775
0.89559,-1.436894,-2.436978,-0.407089,0.0705772837,1.1690990086,-0.0891203428
0.89664,-2.133405,-15.004914,2.402973,0.1184674157,0.8796297668,-0.1135975214
0.897689,-0.824445,-22.844012,2.912146,0.1631648721,0.6848765637,-0.0061107808
0.898706,0.527747,-15.524488,1.310171,0.1610364218,0.8349323103,0.1141466615
0.899755,0.085823,-0.964454,-1.098797,0.1195316408,1.1297226779,0.1088255358
0.900804,-0.459377,1.762709,-1.97544,0.0812195353,1.2148606902,-0.0114319066
0.901853,-1.038202,-17.344193,1.961048,0.106760939,0.9285841239,-0.0891203428
0.902904,-0.454573,-21.855146,2.422187,0.1131462899,0.8434461116,0.0226232983
0.903919,0.184295,-13.130139,1.74489,0.1099536144,1.0094652355,0.1152108867
0.904968,-0.053479,0.666097,-1.151635,0.0833479856,1.2329525178,0.0811556818
0.906017,-0.670732,2.229607,-2.167581,0.058870807,1.2467874448,-0.0465513367
0.907066,-1.429689,-8.844255,1.122833,0.0897333365,1.0552269171,-0.1306251238
0.908084,-1.434492,-20.423325,3.077868,0.1386876936,0.8019413306,-0.0816707667
0.909132,0.205911,-21.124869,1.579168,0.14826572,0.756179649,0.0524216026
0.910181,1.118581,-8.449188,-0.580016,0.1174031905,1.0339424141,0.1247889131
0.91123,-0.219201,2.686928,-1.716049,0.079091085,1.2936133516,0.0545500529
0.912247,-1.33602,-0.284459,-0.853817,0.0758984095,1.2563654712,-0.0731569655
0.913297,-1.292788,-12.119724,0.673704,0.1120820647,1.0637407184,-0.1221113226
0.914345,-1.179906,-22.468099,1.860174,0.1312381175,0.8987858195,-0.0401659857
0.916411,0.105037,-4.113022,0.618463,0.0982471377,1.0648049435,0.131174264
0.915394,-0.464181,-19.855865,2.42699,0.1195316408,0.8955931441,0.0949906088
0.917461,-0.70916,4.923249,-1.660809,0.0769626347,1.1627136577,0.0194306229
0.91851,-1.21353,-3.179226,-0.635257,0.0886691114,1.0839609963,-0.1050837201
0.919559,-0.521823,-17.028139,1.130039,0.1259169917,0.9668962294,-0.111469071
0.920608,-0.072693,-23.449782,1.28135,0.1301738923,0.9041069453,-0.0018538802
0.921625,-0.053479,-15.881246,2.179609,0.1088893893,0.9796669312,0.1130824364
0.922674,-0.012649,-0.49995,0.505581,0.0844122107,1.1733559092,0.1077613106
0.923722,-0.649116,4.803532,-2.323695,0.0599350322,1.2574296963,-0.0220741581
0.924772,-1.230343,-5.540054,-0.635257,0.0695130586,1.1414291546,-0.1338177993
0.925789,-1.182307,-20.380227,1.71847,0.1078251641,0.9466759515,-0.1072121704
0.926838,-0.77641,-24.862447,2.357339,0.1301738923,0.8349323103,0.0353940002
0.927887,0.203509,-11.892261,1.310171,0.120595866,0.943483276,0.1407522904
0.928935,-1.299994,3.474668,-1.264518,0.0492927807,1.1701632337,-0.0582578134
0.929953,-1.05021,-9.902557,0.625669,0.086540661,1.0530984668,-0.1284966735
0.931002,0.148269,-22.051482,0.856238,0.1227243163,0.9807311564,-0.0657073894
0.932051,0.172286,-23.049926,1.266939,0.1152747402,0.9945660834,0.0705134302
0.9331,-0.127934,-9.751713,2.013887,0.0993113629,1.0935390227,0.1460734161
0.934151,-0.581867,4.178607,-0.020405,0.079091085,1.1829339356,0.0705134302
0.935166,-1.179906,2.409183,-0.954691,0.0663203831,1.130786903,-0.0731569655
0.936215,-0.862873,-11.504377,0.243788,0.0844122107,0.9966945337,-0.131689349
0.937264,-0.370512,-23.938229,0.469554,0.092926012,0.9126207465,-0.0508082373
0.938313,-0.12313,-21.986835,1.824148,0.0844122107,0.957318203,0.0917979333
0.939331,0.078618,-5.247944,1.627203,0.0769626347,1.1137593006,0.1396880652
0.940379,-0.874882,5.880989,-0.625649,0.0567423567,1.1957046374,0.0290086492
0.941428,-1.751525,-0.588541,0.229378,0.0641919328,1.1052454994,-0.1061479453
0.942477,-0.473788,-15.048013,0.126102,0.0993113629,0.9945660834,-0.1221113226
0.943495,0.407659,-24.996531,-0.594427,0.086540661,0.998822984,-0.0124961318
0.944544,-0.40894,-20.013892,2.100351,0.0609992574,1.0924747975,0.1237246879
0.945593,-0.387324,-1.857546,1.831353,0.0673846083,1.172291684,0.1364953898
0.946642,-0.757195,7.018304,-0.880236,0.0631277077,1.14462183,-0.0061107808
0.947691,-1.823578,-3.890348,0.464751,0.0705772837,1.0041441098,-0.131689349
0.949757,1.092161,-24.445831,-1.209278,0.0822837604,0.9860522821,0.0353940002
0.948708,-0.40894,-18.883759,0.339859,0.1025040383,0.9041069453,-0.1008268195
0.950806,-0.022256,-15.648994,2.107556,0.0439716549,1.1605852073,0.1482018664
0.951855,-0.860471,0.831307,2.225242,0.0535496813,1.2329525178,0.1269173634
0.952872,-1.242351,4.439591,-0.877834,0.0609992574,1.1563283067,-0.0156888072
0.953921,-1.343225,-6.895256,0.649686,0.0822837604,1.026492838,-0.1146617465
0.95497,1.260285,-25.080333,-1.108404,0.0461001052,1.0360708644,0.0502931523
0.956019,-0.855668,-14.039992,3.017824,0.0173660261,1.1808054853,0.1513945419
0.957037,-1.227941,4.212128,0.952308,0.0333294034,1.227631392,0.10350441
0.958085,-1.285583,4.904094,-0.188529,0.0535496813,1.130786903,-0.0529366876
0.959134,-1.82598,-9.560166,1.855371,0.0982471377,0.9626393288,-0.1274324483
0.960183,0.453293,-22.810491,-1.473471,0.1216600911,0.8998500447,-0.0433586612
0.961232,1.457229,-24.038792,-1.795308,0.0663203831,1.0722545196,0.1077613106
0.962249,-0.987765,-8.940029,2.196421,0.0163018009,1.2521085706,0.1790643959
0.963298,-1.660258,5.16029,1.45908,0.0269440524,1.2223102663,0.089669483
0.964347,-1.463314,0.670886,0.760167,0.058870807,1.0754471951,-0.0603862637
0.965396,-1.203923,-12.821268,1.941834,0.1056967138,0.9030427202,-0.1082763956
0.966414,1.164214,-23.478514,-1.886575,0.106760939,0.8615379392,-0.0252668336
0.967462,1.036921,-22.877532,-0.961896,0.0322651782,1.0807683208,0.1024401848
0.968511,-1.532965,-4.790623,3.454944,-0.0134965034,1.2946775767,0.1386238401
0.96956,-1.645847,8.385477,0.135709,-0.003918477,1.2670077227,0.0162379474
0.970577,-1.583402,-0.681921,0.640079,0.037586304,1.0977959233,-0.125303998
0.971626,-1.439296,-17.037716,2.107556,0.1025040383,0.9307125742,-0.1146617465
0.972675,1.092161,-26.260747,-2.571077,0.1056967138,0.9519970772,0.0322013247
0.973724,1.128188,-19.376995,-0.822594,0.0461001052,1.1914477368,0.1748074953
0.974773,-1.547375,0.089059,3.05385,0.0152375758,1.3042556031,0.1694863695
0.97579,-1.753927,7.293654,0.455144,0.0120449003,1.1627136577,0.0141094971
0.976839,-1.299994,-4.357246,1.139646,0.0418432046,0.957318203,-0.1189186471
0.977888,-0.629902,-18.639535,1.891397,0.0961186874,0.7966202048,-0.0944414686
0.978937,1.697405,-25.317374,-2.964966,0.0705772837,0.8849508926,0.0471004769
0.979954,0.972073,-16.558847,-1.000324,0.0024668739,1.2361451933,0.1694863695
0.981003,-1.886024,4.693392,0.957112,0.0184302512,1.1850623859,0.0098525965
0.982052,-1.057416,-4.038798,0.611258,0.0354578537,0.9817953815,-0.1104048459
0.983101,-0.819641,-17.73926,1.893799,0.0758984095,0.874308641,-0.0869918925
0.984118,0.424471,-26.25117,-0.498356,0.0758984095,0.9424190508,0.0598711787
0.985167,-0.015051,-15.502939,-0.207743,0.0354578537,1.186126611,0.1822570714
0.986216,-1.326413,2.492985,1.079602,0.0173660261,1.2829711,0.1364953898
0.987265,-1.175102,4.324662,-0.080449,0.0056595494,1.1361080288,-0.0284595091
0.988285,-0.992568,-7.443561,0.443135,0.0131091254,0.9488044018,-0.1284966735
0.989331,-0.084702,-20.641211,0.851434,0.0556781316,0.874308641,-0.0699642901
0.99038,0.921636,-24.124988,-0.493553,0.0609992574,1.040327765,0.0822199069
0.991429,-0.485796,-10.453258,0.174137,0.0301367279,1.3095767289,0.1748074953
0.992478,-1.530563,4.44438,0.949907,0.0194944764,1.3319254571,0.1045686351
0.993495,-1.141477,1.894398,0.099683,0.0141733506,1.1254657773,-0.0476155618
0.994544,-1.520956,-11.808459,1.706462,0.0407789794,0.9211345478,-0.104019495
0.995593,-0.087104,-22.487254,1.096414,0.1025040383,0.8594094889,-0.0061107808
0.996642,1.699807,-20.164736,-2.969769,0.0769626347,1.1095024,0.1354311646
0.997662,-0.423351,-6.605539,-1.08919,-0.003918477,1.435155297,0.1758717204
0.998708,-1.931657,2.643829,2.254063,-0.0081753776,1.3670448872,0.0768987812
0.999757,-1.290387,-0.121643,0.87305,0.0184302512,1.0605480429,-0.0699642901
1.000806,-1.59541,-11.877895,2.189216,0.0567423567,0.8370607606,-0.1221113226
1.001823,-0.091907,-24.299776,1.274144,0.1184674157,0.8040697809,-0.0156888072
1.002873,1.695004,-21.424163,-2.873699,0.0907975617,1.123337327,0.1460734161
1.003922,-0.461779,-3.483309,0.085272,0.0131091254,1.476660078,0.1833212965
1.004971,-1.917247,6.412534,2.242055,0.0035310991,1.3702375626,0.0513573775
1.00602,-1.655455,-1.36431,0.906675,0.0194944764,1.0530984668,-0.1018910447
1.007037,-1.876417,-16.036879,3.020225,0.0641919328,0.8657948398,-0.1082763956
1.008086,1.877538,-18.594043,-3.711914,0.0439716549,1.192511962,0.1641652438
1.009135,-1.261566,-2.355571,1.413447,-0.0283956555,1.4340910718,0.1524587671
1.010184,-1.874015,5.533808,1.812139,-0.0273314304,1.2233744914,0.0098525965
1.011202,-1.059818,-2.638104,0.733748,-0.0017900267,0.8966573692,-0.125303998
1.01225,-1.609821,-17.437572,3.96652,0.065256158,0.756179649,-0.1029552698
1.013299,0.813557,-24.934278,-0.580016,0.1195316408,0.8977215944,0.0630638542
1.014349,2.136928,-15.297025,-3.863225,0.0641919328,1.3436319338,0.1950277732
1.015366,-0.651518,1.700456,0.988335,-0.0017900267,1.5756330173,0.1535229922
1.016414,-1.482528,3.98227,0.673704,-0.0145607286,1.2882922258,-0.0146245821
1.017464,-1.542572,-9.033409,1.564758,0.0131091254,0.9126207465,-0.1221113226
1.018513,-1.624232,-20.70107,4.667834,0.1035682635,0.7455373974,-0.0540009127
1.019562,1.498059,-21.230221,-2.470203,0.1227243163,0.9307125742,0.1003117345
1.020579,1.692602,-9.732559,-4.413228,0.0280082776,1.4053569927,0.1758717204
1.021628,-1.994103,2.114678,2.748826,-0.0060469273,1.5128437332,0.1056328603
1.022677,-2.140611,0.781026,1.497508,0.023751377,1.0914105724,-0.0391017606
1.023726,-0.906105,-10.05819,0.690516,0.0503570058,0.7583080993,-0.111469071
1.024743,-0.291254,-21.601345,2.8497,0.1056967138,0.7891706287,-0.0273952839
1.025792,1.582121,-23.71316,-2.129153,0.1056967138,1.1627136577,0.1333027143
1.026841,0.731897,-7.821868,-2.422168,0.0301367279,1.6139451228,0.1886424223
1.027889,-2.1262,6.683095,2.244456,-0.0007258016,1.5660549909,0.0683849799
1.028909,-2.28952,0.654126,1.497508,0.00991645,1.1009885987,-0.0997625944
1.029956,-2.030129,-13.855627,2.489436,0.0492927807,0.7721430263,-0.1380746999
1.031005,-0.922917,-23.844849,2.544677,0.1216600911,0.7402162717,0.0002745701
1.032054,2.120116,-20.727407,-3.303614,0.100375588,1.0924747975,0.1758717204
1.033103,-2.306332,5.488316,2.513454,-0.0113680531,1.4234488203,0.0641280793
1.03412,-1.893229,-2.470499,2.119565,0.0258798273,0.957318203,-0.0859276674
1.035169,-0.807633,-14.796606,1.903406,0.0684488334,0.7210602189,-0.1018910447
1.036218,0.549363,-24.426676,0.716936,0.114210515,0.8232258336,0.0268801989
1.037267,2.000027,-20.078539,-2.996189,0.0897333365,1.2819068749,0.1694863695
1.038287,0.057002,-1.328395,-1.202072,0.023751377,1.6873766584,0.1641652438
1.039333,-2.097379,6.213803,1.780916,0.0184302512,1.4734674025,0.0034672456
1.040382,-1.914845,-4.151332,1.766506,0.0461001052,0.9679604545,-0.1402031502
1.041431,-1.67707,-17.583628,2.859307,0.0886691114,0.7104179674,-0.117854422
1.042449,0.366829,-24.46738,1.086807,0.1376234684,0.818968933,0.0524216026
1.043498,2.379506,-15.596318,-2.986582,0.1014398132,1.3127694043,0.1939635481
1.044547,-0.27204,1.178488,-1.067574,0.0131091254,1.6895051087,0.1631010186
1.045596,-2.457643,4.056495,2.047512,-0.003918477,1.4042927675,-0.0007896551
1.046613,-1.561786,-6.761172,1.672837,0.0290725027,0.8806939919,-0.1295608987
1.047662,-0.970952,-19.441642,2.38616,0.0663203831,0.6699774115,-0.0891203428
1.048711,1.0081,-24.776251,0.356671,0.106760939,0.8775013165,0.0790272315
1.04976,2.141731,-13.000844,-2.880904,0.0844122107,1.4138707939,0.1897066474
1.050809,-0.826847,3.735652,-0.50316,0.0163018009,1.6948262345,0.1162751118
1.051826,-2.457643,3.220867,1.725676,0.0045953242,1.3372465829,-0.0603862637
1.052875,-1.617026,-10.067767,2.196421,0.0471643304,0.8370607606,-0.1561665275
1.053924,-1.179906,-21.651626,3.070663,0.100375588,0.6678489612,-0.0731569655
1.054973,0.81836,-23.167249,-0.003593,0.1291096672,0.9381621502,0.117339337
1.05599,1.692602,-8.961578,-2.871297,0.086540661,1.5107152829,0.214183826
1.05704,-1.21353,5.421274,-0.414294,0.0173660261,1.7299456646,0.1152108867
1.058088,-2.416813,0.967785,1.480696,0.0045953242,1.2819068749,-0.0657073894
1.059138,-1.263967,-22.870349,1.997075,0.0812195353,0.6167661538,-0.0380375354
1.060157,1.332338,-22.307678,-0.359054,0.1056967138,0.9477401766,0.1343669395
1.062252,-1.40327,6.422111,-0.118878,0.0312009531,1.6128808977,0.0545500529
1.061203,1.855922,-6.133853,-1.965833,0.0780268598,1.4851738792,0.186513972
1.063302,-2.440831,-1.172762,1.946638,0.0312009531,1.1754843595,-0.1146617465
1.06435,-1.033398,-15.634628,2.261269,0.0705772837,0.7434089471,-0.145524276
1.065368,0.020975,-24.134566,1.089209,0.0982471377,0.7444731723,-0.0135603569
1.066417,1.149804,-19.405727,-1.019538,0.0950544623,1.1946404123,0.1577798928
1.067465,0.868797,-1.855152,-1.958627,0.0599350322,1.7235603136,0.1854497468
1.068514,-1.583402,6.288028,-0.109271,0.0173660261,1.7107896118,0.0300728744
1.069534,-2.515285,-4.50809,1.668033,0.0152375758,1.14462183,-0.1338177993
1.071629,-0.432958,-23.871187,1.999477,0.1131462899,0.6444360078,0.0162379474
1.07058,-1.648249,-18.404889,2.364544,0.058870807,0.6561424845,-0.1359462496
1.072678,1.692602,-16.125469,-1.300545,0.1216600911,1.1095024,0.1705505947
1.073696,1.495657,0.144129,-2.318892,0.072705734,1.6650279302,0.1652294689
1.074745,-1.648249,5.354232,0.570428,0.0290725027,1.6490645529,0.0013387952
1.075793,-2.664195,-6.643849,2.232448,0.0354578537,1.0850252214,-0.1423316005
1.076843,-1.194316,-20.509522,2.664765,0.0844122107,0.69445459,-0.1135975214
1.077892,0.289973,-24.077101,0.719337,0.1312381175,0.8423818864,0.0439078014
1.078911,1.30832,-13.462954,-2.57588,0.1099536144,1.3553384105,0.1620367934
1.079958,0.568577,2.021299,-1.905789,0.0429074297,1.73313834,0.1109539861
1.081006,-1.914845,2.979038,0.930692,0.0163018009,1.5053941571,-0.0635789391
1.082056,-2.829916,-9.308759,2.883325,0.0461001052,0.9190060975,-0.1774510306
1.083073,-1.33602,-20.200651,3.212366,0.1014398132,0.5933532004,-0.117854422
1.084121,0.676657,-22.03951,1.576766,0.1503941703,0.7763999269,0.0534858278
1.085171,1.94959,-9.459603,-2.515836,0.128045442,1.3393750332,0.1599083431
1.08622,-2.217467,-0.911778,2.057119,0.0109806751,1.4745316277,-0.0646431643
1.087237,-2.529696,-12.969718,3.481364,0.0567423567,0.8860151177,-0.131689349
1.088288,-0.579465,-20.490367,1.711265,0.1056967138,0.6752985373,-0.0508082373
1.089335,0.928842,-19.015448,0.479161,0.1323023427,0.9775384809,0.0960548339
1.090383,1.250678,-6.394837,-2.825664,0.0971829126,1.490495005,0.158844118
1.091433,-0.0823,3.048474,-2.347713,0.0290725027,1.7150465124,0.0641280793
1.09245,-2.094977,-2.535147,1.730479,0.023751377,1.3415034835,-0.0880561177
1.093499,-2.210262,-14.959422,3.440534,0.0737699592,0.7827852778,-0.1338177993
1.094548,-0.665929,-22.618943,3.245991,0.1333665678,0.6678489612,-0.0231383833
1.095597,1.0081,-16.882084,0.070862,0.1674217727,1.0722545196,0.1301100388
1.096614,1.224258,-2.015573,-3.603835,0.1088893893,1.5958532952,0.1503303168
1.097663,-0.956542,2.837772,-1.516703,0.0290725027,1.7065327112,0.0194306229
1.098712,-2.678605,-5.975826,2.035503,0.0429074297,1.2595581466,-0.1157259717
1.099761,-1.86681,-16.570818,2.681577,0.092926012,0.7646934502,-0.1274324483
1.100781,-0.332084,-22.410635,1.848166,0.1259169917,0.7519227483,-0.0114319066
1.101827,0.895217,-15.725613,-0.306215,0.1365592433,1.1637778828,0.1141466615
1.102876,0.998493,0.014835,-2.162777,0.0950544623,1.5713761167,0.1003117345
1.103925,-1.167897,3.374106,-0.894647,0.0407789794,1.5798899179,-0.0465513367
1.104974,-2.781881,-8.049332,2.667166,0.0620634825,1.1573925319,-0.1551023023
1.105991,-1.40327,-18.979533,2.842495,0.1227243163,0.7678861256,-0.117854422
1.107041,0.294776,-20.67952,0.332654,0.1397519187,0.874308641,0.0173021725
1.108089,0.655041,-10.623256,-1.559935,0.1131462899,1.3266043313,0.1184035621
1.109138,0.138662,1.010884,-2.102733,0.0673846083,1.6107524473,0.0822199069
1.110158,-1.720302,0.139341,0.02763,0.0429074297,1.4692105019,-0.0497440121
1.111204,-2.596945,-10.762129,2.717603,0.0801553101,1.026492838,-0.1306251238
1.112253,0.705478,-19.508684,1.031566,0.1365592433,0.9030427202,0.0630638542
1.113302,0.58539,-6.67737,-0.606435,0.1110178396,1.338310808,0.1215962376
1.11432,0.131456,2.801856,-1.665612,0.0705772837,1.5362566866,0.034329775
1.115369,-1.436894,-1.867123,0.126102,0.0641919328,1.3670448872,-0.1050837201
1.116418,-2.159825,-14.274638,3.077868,0.106760939,1.0137221361,-0.1423316005
1.117466,-0.099113,-22.767392,1.463884,0.1333665678,0.8657948398,-0.0359090851
1.118484,1.041724,-16.771944,-0.647265,0.1163389653,1.1435576049,0.0939263836
1.119536,0.148269,-1.795293,-0.988316,0.0801553101,1.4809169786,0.0971190591
1.120582,-0.699553,2.55045,-1.94902,0.0461001052,1.5032657068,-0.0231383833
1.121631,-2.058951,-5.820193,1.012352,0.065256158,1.2510443454,-0.1327535741
1.12268,-2.291922,-16.738423,3.536604,0.120595866,0.9104922962,-0.117854422
1.123697,-0.147148,-22.350776,1.490303,0.1354950181,0.8157762576,0.006659921
1.124746,0.767923,-13.309715,0.469554,0.1259169917,1.123337327,0.117339337
1.125795,0.184295,1.669329,-0.933075,0.1025040383,1.4436690982,0.0832841321
1.126844,-0.382521,2.435521,-2.119546,0.0673846083,1.4606967007,-0.0614504888
1.127861,-1.746722,-9.809178,1.317376,0.079091085,1.2435947693,-0.1487169514
1.128912,-1.645847,-20.875857,3.539006,0.128045442,0.9881807325,-0.083799217
1.129959,0.407659,-20.435297,0.757766,0.1259169917,0.9956303085,0.0513573775
1.131008,0.676657,-7.991867,-0.683292,0.0822837604,1.2914849012,0.1120182112
1.132028,-0.680339,2.006933,0.171736,0.0641919328,1.4596324755,0.0385866756
1.133074,-1.206325,-0.583753,-0.267787,0.0780268598,1.3436319338,-0.0880561177
1.134123,-1.333618,-11.41818,0.375885,0.0971829126,1.1275942276,-0.1412673753
1.135172,-0.788418,-21.658809,2.390964,0.1078251641,0.9764742558,-0.0603862637
1.136221,0.388445,-19.72657,1.951441,0.1099536144,1.0584195926,0.0683849799
1.137238,0.189099,-5.271887,-0.402286,0.0961186874,1.3074482786,0.1003117345
1.138288,-0.651518,-2.329233,-1.065172,0.092926012,1.3063840534,-0.117854422
1.139336,-0.480993,-15.33294,0.193351,0.106760939,1.1403649294,-0.139138925
1.140385,-0.658723,-23.634147,1.807336,0.1035682635,1.054162692,-0.0305879594
1.141404,-0.32728,-16.149413,2.599917,0.0993113629,1.1744201343,0.10350441
1.142451,-0.207192,0.156101,-0.080449,0.0876048862,1.3713017878,0.1013759597
1.1435,-0.966149,4.248043,-1.843343,0.0748341844,1.3883293902,-0.0359090851
1.144549,-1.191914,-6.725257,-0.102065,0.0993113629,1.2563654712,-0.1380746999
1.145566,-0.723571,-20.088116,0.6689,0.1248527666,1.1222731018,-0.1050837201
1.146615,-0.365708,-24.017242,2.174805,0.1195316408,1.0584195926,0.020494848
1.147665,0.020975,-11.43494,2.429392,0.1035682635,1.151007181,0.10350441
1.148713,-0.236013,4.090016,-1.32216,0.065256158,1.3117051792,0.0385866756
1.149762,-1.119862,2.303832,-1.583953,0.0482285555,1.3340539074,-0.1018910447
1.150781,-0.771606,-11.51156,0.65449,0.092926012,1.2286956172,-0.1582949778
1.151828,-0.151951,-22.549507,0.539205,0.114210515,1.1158877509,-0.0827349919
1.152877,-0.423351,-21.886272,2.451008,0.100375588,1.0892821221,0.0556142781
1.153926,-0.24562,-7.340604,2.734416,0.0961186874,1.2265671669,0.1247889131
1.154943,-0.363307,5.708596,-1.281331,0.0716415089,1.3830082645,0.0407151259
1.155992,-1.059818,2.155382,-1.478275,0.0535496813,1.3617237614,-0.1082763956
1.157041,-1.119862,-13.93464,0.440733,0.0801553101,1.2159249153,-0.1572307527
1.15809,-0.795624,-27.129896,1.226109,0.1110178396,1.0839609963,-0.0540009127
1.159107,0.052198,-21.455289,1.807336,0.1131462899,1.0924747975,0.0917979333
1.160159,0.688665,-1.469662,-0.080449,0.0780268598,1.2606223718,0.1045686351
1.161205,-0.826847,7.248162,-0.973905,0.0407789794,1.3478888344,-0.0369733103
1.163303,-0.221603,-17.269968,-0.524775,0.1131462899,1.1733559092,-0.139138925
1.16432,0.664648,-25.611879,-0.702506,0.0939902371,1.2159249153,-0.0082392311
1.162254,-1.941264,-2.645287,0.834622,0.0705772837,1.2446589945,-0.1582949778
1.165369,-0.69475,0.199199,2.378955,0.0822837604,1.3340539074,0.1141466615
1.166418,-1.086237,6.249718,-0.832201,0.0854764359,1.3085125037,-0.0295237342
1.167467,-1.307199,-4.781046,0.018023,0.1056967138,1.2084753393,-0.1444600508
1.168484,0.191501,-19.309953,-1.350982,0.1035682635,1.1595209822,-0.1167901968
1.169536,0.743906,-25.690892,-0.491151,0.0546139064,1.1893192865,0.0077241462
1.170582,-0.584269,-14.954633,3.85844,0.0429074297,1.2382736436,0.1077613106
1.171631,-0.975756,2.672562,1.387027,0.0609992574,1.2648792724,0.0662565296
1.172648,-0.862873,4.849024,-1.523909,0.0599350322,1.2425305442,-0.0742211907
1.173697,-0.519421,-8.075669,-0.443116,0.0716415089,1.2042184386,-0.1508454017
1.174746,0.510935,-21.364304,-0.88504,0.0737699592,1.2052826638,-0.0880561177
1.175795,-0.029462,-24.13696,1.079602,0.0492927807,1.2404020939,0.0524216026
1.176812,-1.143879,-10.905789,3.68071,0.0546139064,1.2776499742,0.1375596149
1.177861,-0.91331,4.758039,0.837024,0.0716415089,1.2957418019,0.0673207548
1.178913,-1.028595,2.560027,-1.081984,0.0769626347,1.2542370209,-0.0806065416
1.179959,-0.860471,-12.478876,-0.001191,0.092926012,1.1733559092,-0.1327535741
1.181008,0.410061,-23.842455,-0.592025,0.0876048862,1.1531356313,-0.0529366876
1.182025,0.347615,-21.998807,0.673704,0.0439716549,1.2435947693,0.0641280793
1.183074,-0.788418,-5.88484,2.3045,0.0109806751,1.3681091123,0.0917979333
1.184123,-1.37685,5.864228,0.443135,0.0109806751,1.3979074166,-0.0156888072
1.185172,-1.811569,-0.859103,0.918684,0.0556781316,1.2776499742,-0.1444600508
1.186189,-0.641911,-14.631396,0.635276,0.1046324887,1.1318511282,-0.1519096269
1.187238,1.197839,-23.844849,-2.27566,0.0780268598,1.1776128098,-0.0380375354
1.188289,0.124251,-20.447269,1.002745,0.023751377,1.3691733375,0.1045686351
1.189336,-1.482528,-3.337253,3.649487,0.0280082776,1.4181276945,0.1364953898
1.190353,-1.45851,6.549012,-0.106869,0.037586304,1.2957418019,0.0055956959
1.191404,-0.264834,-17.131096,0.419117,0.0801553101,1.067997619,-0.1274324483
1.192451,1.745441,-26.85694,-2.042689,0.058870807,1.1148235257,-0.0093034563
1.1935,0.311589,-19.238123,0.940299,0.0045953242,1.3053198282,0.1056328603
1.194549,-1.278378,1.772286,2.400571,-0.0134965034,1.4138707939,0.0864768075
1.195567,-1.412877,7.652807,0.330252,0.0035310991,1.3649164368,-0.0678358397
1.196616,-1.926854,-5.844136,1.728077,0.0567423567,1.2212460411,-0.1742583551
1.197664,-0.298459,-19.999525,0.200557,0.1078251641,1.0807683208,-0.1199828723
1.198714,1.426006,-25.401176,-2.412561,0.0748341844,1.1669705583,0.0268801989
1.199731,-0.211995,-15.043224,1.043575,0.0163018009,1.3989716418,0.1396880652
1.200782,-1.285583,2.809039,1.90821,0.0120449003,1.435155297,0.1003117345
1.201829,-1.115058,5.181839,-0.375866,0.0152375758,1.2850995503,-0.0593220385
1.202878,-1.645847,-7.642292,1.211699,0.0407789794,1.1201446515,-0.159359203
1.203895,-0.036667,-20.923744,0.176539,0.0780268598,1.0350066392,-0.1029552698
1.204944,1.289106,-25.319768,-1.142028,0.0556781316,1.178677035,0.0396509008
1.205993,-0.754794,-12.490848,1.987468,0.0173660261,1.4277057209,0.1301100388
1.207042,-1.516152,4.192973,1.346197,0.0088522248,1.4681462768,0.0630638542
1.208091,-1.208727,3.553682,0.339859,0.0120449003,1.3297970068,-0.0933772434
1.209108,-1.801962,-9.220168,1.913013,0.0407789794,1.1808054853,-0.1657445539
1.210159,-0.322477,-22.381902,-0.13569,0.0748341844,1.1052454994,-0.0859276674
1.211206,0.643032,-24.204002,-0.909057,0.0556781316,1.2435947693,0.0662565296
1.212255,-0.836454,-7.987078,0.599249,0.0077879997,1.4670820516,0.1322384891
1.213272,-0.951738,5.634371,-0.507963,-0.0188176292,1.4670820516,0.0279444241
1.214321,-1.307199,0.388353,0.589642,-0.0166891789,1.2733930736,-0.1295608987
1.216419,0.683862,-22.681196,-0.399884,0.0780268598,0.9903091828,-0.0657073894
1.21537,-1.859604,-12.608171,2.640747,0.0312009531,1.0562911423,-0.1678730042
1.217436,-0.91331,-5.877657,1.535936,0.0205587015,1.5224217596,0.1301100388
1.218486,-1.184709,4.911278,0.359073,-0.0007258016,1.476660078,0.0183663977
1.219537,-1.309601,-0.938116,0.683311,0.0045953242,1.255301246,-0.1327535741
1.220583,-1.763534,-14.50689,3.025029,0.0578065819,1.0722545196,-0.1572307527
1.221633,0.491721,-23.629358,-0.320626,0.0950544623,1.0637407184,-0.0380375354
1.22265,1.005698,-17.653064,-2.206009,0.0450358801,1.3255401062,0.0960548339
1.223699,-1.23995,-2.099375,1.106021,-0.0113680531,1.5341282363,0.1045686351
1.224748,-1.523358,3.091573,0.661695,-0.0145607286,1.4191919197,-0.0188814827
1.225797,-1.275976,-4.795412,0.863443,0.0088522248,1.1850623859,-0.1338177993
1.226814,-1.23995,-15.605896,2.936164,0.0535496813,1.0094652355,-0.1263682232
1.227863,0.561372,-22.539929,-0.68089,0.0695130586,1.0328781889,-0.0124961318
1.228914,0.739102,-15.950682,-1.238099,0.0269440524,1.3287327816,0.0971190591
1.229961,-1.187111,-0.952482,1.473491,-0.0113680531,1.5543485142,0.0832841321
1.230979,-1.369645,2.718054,-0.325429,-0.0188176292,1.4649536013,-0.0497440121
1.23203,-1.429689,-6.387654,1.228511,0.00991645,1.220181816,-0.1572307527
1.233076,-1.23995,-17.784753,3.178742,0.0737699592,1.0084010104,-0.1284966735
1.234126,1.125786,-22.125707,-1.711246,0.0897333365,1.0850252214,0.0013387952
1.235175,1.147402,-12.253808,-2.314088,0.0343936285,1.448990224,0.1003117345
1.236192,-1.326413,0.82173,1.672837,0.0045953242,1.6064955467,0.061999629
1.237241,-1.556982,1.154545,0.306234,0.0024668739,1.3925862908,-0.0742211907
1.238289,-1.477724,-8.671862,1.44467,0.023751377,1.0999243736,-0.159359203
1.239339,-0.982961,-19.19263,3.440534,0.092926012,0.9445475012,-0.1029552698
1.240356,1.522077,-21.26853,-2.429373,0.0918617868,1.1552640816,0.0364582253
1.241407,0.938449,-10.225794,-2.741602,0.0141733506,1.5990459707,0.1152108867
1.242454,-1.713097,1.722005,2.042708,-0.0071111525,1.6809913075,0.0502931523
1.243503,-1.693883,-10.649594,2.287688,0.0386505291,1.0807683208,-0.1689372293
1.24452,-0.949336,-22.482465,3.747959,0.1259169917,0.9456117263,-0.0795423164
1.24557,1.788672,-20.612479,-3.049027,0.1174031905,1.1882550613,0.0726418805
1.246619,1.178625,-5.71963,-2.753611,0.0141733506,1.6203304737,0.1184035621
1.247668,-1.434492,3.809877,2.170002,-0.0198818543,1.6203304737,0.0130452719
1.248685,-1.821176,-1.246987,1.086807,-0.0113680531,1.2765857491,-0.1295608987
1.249734,-1.919648,-14.190836,3.548613,0.0386505291,1.0094652355,-0.1614876533
1.250785,-0.418547,-24.333296,2.681577,0.1291096672,0.9456117263,-0.0422944361
1.251832,2.079286,-18.981927,-4.444451,0.1025040383,1.2861637755,0.0928621585
1.252881,0.369231,-1.302057,-1.869762,-0.0017900267,1.7203676382,0.0886052578
1.253898,-2.090173,5.404513,2.438999,-0.0134965034,1.5852110437,-0.0550651379
1.254947,-1.898033,-4.965411,1.086807,0.0269440524,1.1329153534,-0.1817079312
1.255996,-1.789953,-17.98109,3.318044,0.086540661,0.8998500447,-0.1551023023
1.257045,0.455694,-23.464148,0.726543,0.1440088193,0.9860522821,0.0034672456
1.258062,2.49479,-15.366461,-5.037687,0.0822837604,1.4468617737,0.1322384891
1.259112,-0.495403,0.357226,-0.481544,-0.0081753776,1.7948633989,0.1013759597
1.260163,-2.174235,4.57128,2.201225,-0.0049827022,1.4958161307,-0.0550651379
1.261209,-1.36244,-6.030896,0.961915,0.0290725027,1.0350066392,-0.1817079312
1.262226,-1.480126,-19.966005,3.810405,0.086540661,0.9051711705,-0.1402031502
1.263275,1.015305,-25.92075,0.347064,0.1386876936,1.1095024,0.0247517486
1.264324,2.35789,-13.599432,-3.807984,0.0876048862,1.5830825933,0.1226604628
1.265373,-1.155888,3.896074,0.575232,0.0163018009,1.8055056505,0.0417793511
1.266422,-2.534499,3.785934,2.347732,0.0226871518,1.4479259988,-0.1263682232
1.26744,-1.508947,-8.937635,1.463884,0.0546139064,1.0307497386,-0.2115062355
1.268488,-1.09104,-20.75614,2.318911,0.0854764359,0.9530613024,-0.1274324483
1.26954,1.505264,-10.606496,-2.076314,0.051421231,1.663963705,0.1322384891
1.270587,-1.506545,4.777194,0.923487,0.0014026488,1.7416521412,0.0364582253
1.271604,-2.145414,2.129044,1.490303,-0.0028542519,1.3053198282,-0.1359462496
1.272655,-1.355234,-11.466067,2.117163,0.0280082776,0.8775013165,-0.2029924343
1.273702,-0.942131,-22.638098,3.073064,0.0822837604,0.8030055557,-0.0891203428
1.274751,1.788672,-22.788942,-0.911459,0.1099536144,1.1616494325,0.0949906088
1.275768,1.973608,-7.168211,-2.972171,0.0641919328,1.7097253866,0.1513945419
1.276817,-1.549777,6.273662,0.510384,0.0131091254,1.7778357965,0.020494848
1.277866,-2.04454,0.579901,1.526329,0.0152375758,1.2999987025,-0.159359203
1.278914,-1.230343,-14.387172,1.427857,0.0471643304,0.9062353956,-0.2019282091
1.279964,-0.641911,-24.838504,1.78572,0.0971829126,0.9211345478,-0.0646431643
1.280982,1.735834,-20.868674,-1.420633,0.114210515,1.3425677086,0.1056328603
1.282033,1.181027,-3.143311,-2.081117,0.0609992574,1.8331755045,0.1215962376
1.283079,-2.027728,6.247324,1.44467,0.0184302512,1.7820926971,-0.0305879594
1.284128,-2.414411,-2.525569,2.040307,0.0301367279,1.2584939215,-0.1891575073
1.285146,-1.806766,-15.941105,1.720872,0.0705772837,0.8764370913,-0.194478633
1.286195,-0.649116,-24.405127,0.877854,0.1195316408,0.9285841239,-0.0380375354
1.287244,1.815092,-19.106433,-1.97544,0.1174031905,1.4053569927,0.1269173634
1.288293,0.811155,-1.129664,-1.809718,0.0599350322,1.87148761,0.1215962376
1.28931,-2.133405,5.916904,0.949907,0.0248156021,1.719303413,-0.0465513367
1.290359,-2.373581,-4.76668,2.201225,0.0386505291,1.1552640816,-0.1976713085
1.291411,-1.436894,-17.88771,2.314107,0.0758984095,0.8338680852,-0.1795794809
1.292457,0.241938,-24.13696,1.13244,0.114210515,0.9700889048,-0.0199457078
1.293506,1.769458,-16.036879,-1.605568,0.1088893893,1.4660178264,0.1109539861
1.294523,0.325999,0.864828,-1.423034,0.0609992574,1.8725518351,0.0779630063
1.295572,-2.294323,-7.496237,2.009084,0.0482285555,1.0977959233,-0.2115062355
1.296621,-1.463314,-20.648394,2.297295,0.0812195353,0.8093909066,-0.1551023023
1.29767,0.549363,-23.126545,0.726543,0.128045442,1.0158505865,0.0247517486
1.298687,2.088893,-11.540292,-2.722388,0.1046324887,1.5628623154,0.1364953898
1.299737,0.31399,2.51214,-2.037886,0.0290725027,1.926827318,0.0662565296
1.300788,-2.063754,1.817779,1.564758,0.0141733506,1.6203304737,-0.1072121704
1.301834,-2.22227,-10.340723,2.328518,0.0482285555,1.012657911,-0.2093777852
1.302852,-1.223137,-20.904589,2.571096,0.0971829126,0.763629225,-0.139138925
1.3039,0.888012,-21.898244,1.139646,0.1589079715,1.0254286128,0.0322013247
1.304949,2.105705,-8.97355,-3.272391,0.1376234684,1.5830825933,0.1205320125
1.305999,-0.012649,4.401281,-2.054698,0.0567423567,1.8906436628,0.0322013247
1.307016,-2.335153,0.151312,2.12677,0.0450358801,1.5479631633,-0.1295608987
1.308065,-2.287118,-13.546756,2.698389,0.086540661,0.9998872091,-0.1902217324
1.309113,-0.829248,-21.388248,1.593579,0.120595866,0.874308641,-0.0923130183
1.310165,1.421203,-19.489529,-1.04836,0.1291096672,1.2393378687,0.0609354038
1.311212,1.644567,-6.933565,-2.085921,0.0886691114,1.7533586179,0.1088255358
1.312229,-1.043005,3.505795,-0.243769,0.0354578537,1.8863867621,-0.0018538802
1.31328,-2.594544,-2.159234,1.893799,0.0407789794,1.4468617737,-0.1572307527
1.314327,-1.917247,-14.698438,3.62547,0.086540661,0.929648349,-0.1966070833
1.315376,-0.656321,-21.498388,2.938566,0.1376234684,0.8434461116,-0.0859276674
1.316393,1.010501,-17.404052,-0.383071,0.169550223,1.186126611,0.0630638542
1.317442,1.421203,-3.459365,-3.16191,0.1259169917,1.6554499038,0.0939263836
1.318491,-0.891694,3.764385,-1.399017,0.0492927807,1.7767715713,-0.0252668336
1.31954,-2.534499,-4.886397,2.537471,0.051421231,1.3446961589,-0.1572307527
1.320557,-1.513751,-17.085603,2.645551,0.0939902371,0.8828224422,-0.1582949778
1.321606,0.028181,-22.288523,1.351001,0.120595866,0.9530613024,-0.0305879594
1.322657,1.334739,0.297368,-3.099464,0.0748341844,1.8406250805,0.061999629
1.323705,-1.312003,2.854532,-0.524775,0.0226871518,1.7735788959,-0.0944414686
1.324753,-2.945201,-8.985522,2.83529,0.0546139064,1.2840353252,-0.2019282091
1.325771,-1.943666,-19.295587,3.010618,0.114210515,0.8572810386,-0.1561665275
1.32682,-0.468984,-20.954871,2.683979,0.1610364218,0.888143568,-0.0114319066
1.327869,1.48605,-11.173956,-1.300545,0.1684859979,1.3223474307,0.0939263836
1.328918,1.651772,1.156939,-4.509299,0.092926012,1.7448448167,0.048164702
1.329935,-1.441698,0.951025,0.426322,0.037586304,1.6884408836,-0.0955056937
1.330984,-2.556115,-9.30397,2.979396,0.0748341844,1.2106037896,-0.1859648318
1.332035,-0.620295,-19.602064,1.127637,0.114210515,0.9168776472,-0.1402031502
1.333082,0.277964,-21.876695,1.490303,0.1312381175,1.1403649294,0.0034672456
1.334099,0.628621,-9.545799,-0.800978,0.1227243163,1.6128808977,0.0917979333
1.335148,0.68146,4.068467,-2.840074,0.0663203831,1.8682949345,0.0098525965
1.336197,-1.679472,0.283002,0.959514,0.0365220788,1.6448076523,-0.1519096269
1.337246,-3.317474,-13.865204,3.635077,0.0769626347,1.1563283067,-0.2061851097
1.338295,-1.45851,-22.338804,2.866513,0.1397519187,0.9115565214,-0.0986983692
1.340361,1.337141,-3.933446,-2.489417,0.1237885414,1.545834713,0.0875410327
1.341412,0.431677,3.726075,-3.2844,0.0524854561,1.7565512934,-0.0273952839
1.339312,0.731897,-18.002639,1.062789,0.1674217727,1.1222731018,0.0524216026
1.342459,-1.90764,-3.868799,1.487901,0.0439716549,1.4979445811,-0.1657445539
1.343476,-2.45284,-16.580396,3.973725,0.0971829126,1.0243643877,-0.1817079312
1.344525,-0.118327,-22.51838,1.980262,0.1397519187,0.8977215944,-0.0646431643
1.345574,1.36356,-15.024069,0.044442,0.1450730445,1.2638150473,0.0566785032
1.346623,0.51814,-1.378676,-1.939413,0.0971829126,1.6692848308,0.0471004769
1.34764,-1.006979,2.014116,-1.514301,0.0492927807,1.705468486,-0.076349641
1.348689,-1.708293,-17.229264,2.880923,0.1269812169,1.012657911,-0.1678730042
1.349738,0.318794,-21.47205,0.580035,0.1269812169,1.0115936858,-0.0391017606
1.35079,1.04893,-12.112541,-0.892245,0.1046324887,1.4128065688,0.0662565296
1.351836,0.09543,0.453,-0.861022,0.079091085,1.7118538369,0.0332655499
1.352853,-1.263967,0.864828,-0.954691,0.0620634825,1.6405507516,-0.0955056937
1.353905,-2.174235,-9.126788,1.19969,0.0907975617,1.3500172847,-0.1721299048
1.354951,-1.263967,-19.875019,2.609524,0.1291096672,1.1052454994,-0.1157259717
1.356,0.167483,-20.56938,1.053182,0.1269812169,1.178677035,0.0109168216
1.357017,0.047395,-7.965529,0.030032,0.1078251641,1.4702747271,0.0662565296
1.358066,-0.423351,2.876081,-1.235697,0.0907975617,1.5915963946,-0.0167530324
1.359115,-1.045407,-1.115298,-1.182858,0.0769626347,1.4702747271,-0.1497811766
1.360165,-1.626633,-14.267455,1.985066,0.0982471377,1.2489158951,-0.1838363815
1.361181,-0.605884,-22.889504,2.772844,0.128045442,1.1052454994,-0.0806065416
1.36223,0.458096,-16.932365,1.264537,0.1269812169,1.2457232196,0.0396509008
1.363281,0.232331,-2.32205,-0.772157,0.0971829126,1.5468989381,0.0407151259
1.364328,-0.430556,2.971855,-2.054698,0.0684488334,1.6650279302,-0.0742211907
1.365377,-1.429689,-5.161747,0.06846,0.0801553101,1.5202933093,-0.1827721563
1.366394,-1.886024,-17.121518,2.451008,0.1195316408,1.2499801203,-0.1763868054
1.367443,-0.769204,-22.563873,2.568694,0.1397519187,1.0914105724,-0.0593220385
1.368492,0.43648,-13.764642,0.726543,0.1237885414,1.2478516699,0.048164702
1.36954,0.172286,0.395536,-1.711246,0.0769626347,1.5277428854,0.0215590732
1.370558,-0.83165,2.107495,-1.461463,0.0535496813,1.5915963946,-0.1029552698
1.371607,-1.223137,-8.396512,0.616062,0.0907975617,1.4362195221,-0.1838363815
1.372659,-0.812436,-19.444037,1.586373,0.1269812169,1.2457232196,-0.1433958257
1.373705,-0.0823,-21.464867,2.040307,0.120595866,1.2042184386,-0.0220741581
1.374722,-0.507412,2.095524,-0.89945,0.092926012,1.5437062627,-0.007175006
1.375771,-1.023791,1.487359,-1.641595,0.0886691114,1.5288071105,-0.1359462496
1.37682,-1.093442,-11.276913,0.306234,0.1099536144,1.3776871387,-0.194478633
1.377869,-0.946935,-23.093024,2.035503,0.1269812169,1.2116680147,-0.1189186471
1.378886,-0.185576,-20.473606,2.559087,0.1174031905,1.1967688626,0.0194306229
1.379935,0.446087,-4.943861,0.217369,0.0844122107,1.3957789663,0.061999629
1.380984,-0.382521,4.188184,-1.819325,0.0461001052,1.5607338651,-0.0401659857
1.382035,-1.141477,-1.996418,-0.397482,0.0556781316,1.5117795081,-0.1678730042
1.383082,-0.807633,-15.431108,1.031566,0.100375588,1.3564026356,-0.1902217324
1.384099,-0.70916,-24.728364,2.203626,0.1237885414,1.227631392,-0.0869918925
1.385148,-0.171166,-17.988273,2.479829,0.1195316408,1.2648792724,0.0439078014
1.386197,0.441284,-0.226995,-0.601632,0.0833479856,1.4734674025,0.0460362517
1.387246,-0.778811,5.746905,-2.001859,0.0461001052,1.5798899179,-0.0891203428
1.388264,-1.643446,-5.255127,0.106888,0.0737699592,1.4883665547,-0.1987355336
1.389312,-0.685143,-19.456008,1.041173,0.120595866,1.3446961589,-0.1742583551
1.390361,0.04019,-24.666111,1.783318,0.1216600911,1.2393378687,-0.0465513367
1.391413,0.126653,-14.456608,2.124368,0.1014398132,1.2744572988,0.0577427284
1.392427,-0.051077,1.609471,0.032433,0.0758984095,1.4415406479,0.0236875235
1.393476,-0.87248,4.394098,-1.374999,0.065256158,1.518164859,-0.1135975214
1.394525,-1.021389,-7.611166,-0.392679,0.086540661,1.4404764228,-0.2051208846
1.395574,-0.476189,-21.668386,0.580035,0.106760939,1.3266043313,-0.1561665275
1.396623,-0.079899,-24.127382,1.242921,0.0993113629,1.2850995503,-0.0124961318
1.39764,0.323597,-9.969599,1.211699,0.0780268598,1.4042927675,0.0737061057
1.398689,-0.423351,4.20255,-0.697702,0.0492927807,1.553284289,0.0002745701
1.399738,-1.626633,2.162565,-0.642462,0.0546139064,1.5107152829,-0.1412673753
1.40079,0.112242,-23.018799,0.166932,0.1163389653,1.3042556031,-0.125303998
1.401804,-0.40894,-23.87837,2.465418,0.1099536144,1.3085125037,0.0173021725
1.402854,-0.411342,-8.240879,2.777648,0.1163389653,1.4021643172,0.0811556818
1.403905,-0.329682,6.326338,-1.101198,0.0993113629,1.5075226074,-0.0199457078
1.404951,-1.11746,2.33017,-1.32216,0.0737699592,1.4958161307,-0.1753225803
1.405969,-1.191914,-13.735909,0.395099,0.0822837604,1.3947147412,-0.2168273613
1.407017,-0.682741,-26.356521,0.563223,0.092926012,1.296806027,-0.1061479453
1.408066,-0.115925,-21.586979,1.178074,0.0822837604,1.3117051792,0.0428435762
1.409115,0.232331,-2.618949,0.865845,0.0620634825,1.4734674025,0.0673207548
1.410166,-0.906105,6.807602,-0.015602,0.0461001052,1.567119216,-0.062514714
1.411182,-1.753927,-1.807265,0.87305,0.0684488334,1.448990224,-0.1923501827
1.412231,-0.219201,-16.700113,0.916282,0.1099536144,1.2946775767,-0.1912859576
1.413282,0.534953,-26.217649,0.383091,0.1110178396,1.2957418019,-0.0720927404
1.414329,-0.202388,-18.840661,1.432661,0.0812195353,1.4468617737,0.0577427284
1.415346,-0.06789,0.713984,0.236583,0.0471643304,1.608623997,0.0471004769
1.416395,-1.033398,7.042248,-0.464731,0.0333294034,1.6054313216,-0.1072121704
1.417444,-2.320743,-5.250338,1.427857,0.0705772837,1.4053569927,-0.2242769373
1.418493,-0.468984,-20.126426,-0.0132,0.1110178396,1.2233744914,-0.1817079312
1.41951,1.024912,-25.846525,-1.036351,0.0876048862,1.2744572988,-0.0359090851
1.420559,-0.324878,-14.557171,1.66323,0.0450358801,1.4606967007,0.0747703308
1.421608,-0.757195,3.752413,1.372617,0.037586304,1.5405135872,0.0322013247
1.422659,-1.136674,5.529019,0.030032,0.0546139064,1.4596324755,-0.1263682232
1.423706,-1.869211,-8.451582,1.944236,0.1035682635,1.2882922258,-0.2168273613
1.424723,0.582988,-22.334015,-0.611239,0.1333665678,1.2020899883,-0.1476527263
1.425772,1.764655,-25.540048,-2.422168,0.0844122107,1.3744944632,-0.0007896551
1.426821,-0.999773,5.936059,0.949907,0.0194944764,1.6277800498,0.0002745701
1.42787,-1.19912,4.40607,-0.015602,0.0354578537,1.4894307798,-0.1678730042
1.428887,-2.123798,-10.438891,2.302099,0.0907975617,1.3042556031,-0.235983414
1.429936,0.030582,-24.292593,-0.64006,0.128045442,1.2106037896,-0.1433958257
1.430985,1.02251,-25.769906,-0.250975,0.0950544623,1.3234116559,0.0173021725
1.432036,-0.742785,-7.704545,2.261269,0.051421231,1.5000730314,0.0854125824
1.433051,-0.956542,8.220267,-0.512767,0.0301367279,1.5639265406,-0.0284595091
1.434101,-1.283181,1.642992,1.396634,0.0567423567,1.4862381044,-0.1923501827
1.435149,-1.32161,-13.525207,2.441401,0.1174031905,1.3053198282,-0.2264053876
1.436198,1.118581,-23.763441,-2.828065,0.1056967138,1.2425305442,-0.1242397729
1.437216,1.229062,-21.84078,-1.074779,0.0386505291,1.4457975485,0.0183663977
1.438265,-1.086237,-4.587103,2.520659,0.0152375758,1.6480003277,0.0641280793
1.439314,-1.206325,5.974368,-0.483945,0.0163018009,1.6139451228,-0.0476155618
1.440362,-1.369645,-2.231064,0.928291,0.0343936285,1.4138707939,-0.1838363815
1.441414,-1.412877,-15.11266,2.79446,0.0897333365,1.1893192865,-0.1912859576
1.442428,0.688665,-23.698794,-0.568007,0.1099536144,1.1818697104,-0.076349641
1.443477,0.611809,-18.627564,1.038772,0.0950544623,1.4330268467,0.0513573775
1.444526,-1.155888,-1.515154,1.634409,0.0705772837,1.6256515995,0.0534858278
1.445575,-1.030996,4.911278,-1.142028,0.0386505291,1.601174421,-0.0869918925
1.446593,-1.086237,-4.192036,0.714534,0.0471643304,1.4638893761,-0.2115062355
1.447641,-1.119862,-17.087998,1.113226,0.0844122107,1.3202189804,-0.1976713085
1.44869,0.0546,-24.45062,-0.649667,0.0876048862,1.3255401062,-0.0689000649
1.44974,-0.132737,-15.313785,0.349466,0.0641919328,1.5149721835,0.0534858278
1.450757,-1.189513,0.910321,0.632874,0.0365220788,1.622458924,0.0322013247
1.451806,-1.292788,3.386077,-0.207743,0.0194944764,1.5160364087,-0.111469071
1.452854,-1.506545,-6.485822,1.634409,0.0461001052,1.3148978546,-0.2125704606
1.453906,0.683862,-24.802589,-0.008397,0.114210515,1.2563654712,-0.0380375354
1.454952,-0.048676,-12.069443,0.00121,0.086540661,1.5543485142,0.0545500529
1.45597,-0.802829,3.874525,-1.264518,0.0365220788,1.6980189099,-0.0146245821
1.457018,-1.07663,2.77073,-1.610372,-0.0049827022,1.6064955467,-0.1763868054
1.458068,-1.900434,-9.756502,2.602319,0.0365220788,1.3979074166,-0.2466256656
1.459117,-0.879685,-21.081771,2.285286,0.1184674157,1.2265671669,-0.1646803287
1.460134,0.426873,-21.955708,-0.455124,0.1333665678,1.3202189804,-0.0135603569
1.461182,-0.12313,-8.896931,0.169334,0.100375588,1.5681834412,0.0705134302
1.462231,-0.584269,3.405232,-0.877834,0.0609992574,1.6331011756,-0.007175006
1.463283,-1.316806,0.61821,-0.464731,0.0194944764,1.4894307798,-0.1572307527
1.464298,-1.970085,-11.578601,3.430927,0.0546139064,1.2829711,-0.2093777852
1.465347,0.193902,-21.510359,1.559954,0.1291096672,1.1893192865,-0.125303998
1.466396,1.848716,-20.361072,-2.335704,0.1088893893,1.4096138933,-0.0007896551
1.467444,-0.269638,-7.575251,-0.181323,0.0439716549,1.7118538369,0.0428435762
1.468493,-1.559384,2.670167,1.055584,0.0354578537,1.6895051087,-0.0454871115
1.46951,-1.235146,0.285396,0.075665,0.0429074297,1.4702747271,-0.1827721563
1.47056,-1.67707,-11.571418,2.201225,0.065256158,1.296806027,-0.2242769373
1.471608,-0.980559,-23.904708,2.198823,0.1216600911,1.2233744914,-0.1210470974
1.47266,-0.178371,-21.000363,0.294225,0.1365592433,1.3585310859,0.0258159738
1.473674,-0.593876,-3.545562,-0.063637,0.0907975617,1.5692476664,0.0598711787
1.474723,-0.577063,5.445217,-1.278929,0.0429074297,1.5724403418,-0.0689000649
1.475772,-0.932524,-2.113741,0.006014,0.0205587015,1.4149350191,-0.2115062355
1.476822,-1.163093,-15.684909,2.93136,0.0567423567,1.2595581466,-0.2157631361
1.477839,0.405257,-24.105833,0.988335,0.1174031905,1.2606223718,-0.0923130183
1.478888,0.986484,-18.182215,-1.026744,0.1184674157,1.5085868326,0.0385866756
1.479936,-0.456975,4.683814,-1.370196,0.0269440524,1.6543856786,-0.0933772434
1.480985,-1.496938,-2.618949,0.933094,0.0216229267,1.4106781185,-0.2327907386
1.482037,-2.705025,-16.96828,5.01609,0.0961186874,1.1690990086,-0.222148487
1.483051,0.025779,-25.156952,0.892264,0.1738071236,1.1393007043,-0.0774138661
1.4841,1.903957,-16.029695,-2.455792,0.14826572,1.4830454289,0.0460362517
1.485149,0.061805,0.488916,-0.712113,0.0737699592,1.7831569222,0.0141094971
1.486198,-0.639509,3.994242,-0.697702,0.0258798273,1.6543856786,-0.1402031502
1.487215,-1.506545,-6.069205,1.749693,0.0397147543,1.3457603841,-0.2540752416
1.488264,-2.395197,-19.326714,4.663031,0.120595866,1.1520714061,-0.200863984
1.489313,0.568577,-24.005271,-0.38067,0.1684859979,1.2850995503,-0.0295237342
1.490362,1.615746,-11.767755,-3.637459,0.1120820647,1.7065327112,0.0737061057
1.491379,-1.25436,2.454676,0.536803,0.0482285555,1.8278543787,0.0045314707
1.492428,-1.660258,2.018904,0.57283,0.0301367279,1.4787885283,-0.1551023023
1.493477,-1.350431,-8.839467,1.754497,0.0567423567,1.1488787307,-0.2434329901
1.494526,-1.259164,-21.376276,4.506916,0.1386876936,1.0690618441,-0.1657445539
1.495575,1.488452,-23.729921,-1.795308,0.1684859979,1.3415034835,-0.0093034563
1.496593,1.433212,-9.229745,-3.281998,0.1025040383,1.8172121272,0.0502931523
1.500756,-0.519421,-22.087397,3.378088,0.155715296,1.1063097245,-0.1423316005
1.501805,1.858323,-20.708253,-2.892913,0.1493299451,1.4170634694,0.0183663977
1.502854,1.0081,-6.940748,-2.314088,0.0705772837,1.857652683,0.0609354038
1.503903,-2.056549,3.869736,2.503847,0.0535496813,1.8108267762,-0.0476155618
1.50492,-1.900434,-0.636428,1.190083,0.0748341844,1.3627879865,-0.1987355336
1.497641,-1.713097,4.465929,1.634409,0.0535496813,1.8640380339,-0.0529366876
1.507018,1.406792,-21.112898,-1.735264,0.1461372696,1.5788256927,0.0279444241
1.508067,0.287571,-2.252614,-1.293339,0.0950544623,1.9374695695,0.0311370995
1.499739,-1.28078,-12.191555,2.407776,0.0822837604,1.1488787307,-0.2615248177
1.510133,-2.022924,-3.935841,1.627203,0.092926012,1.3212832055,-0.249818341
1.511182,-0.862873,-16.419974,0.887461,0.1120820647,1.0828967711,-0.2338549637
1.509084,-2.063754,6.132395,1.326983,0.0769626347,1.7852853725,-0.1167901968
1.498691,-1.895631,0.98694,0.661695,0.0482285555,1.4617609258,-0.2146989109
1.505969,-0.058283,-24.160903,1.430259,0.1429445942,1.192511962,-0.1189186471
1.512231,0.316392,-23.8233,0.539205,0.1408161439,1.2180533656,-0.0827349919
1.513282,0.731897,-17.882921,0.234181,0.1429445942,1.628844275,0.0641280793
1.514297,-0.829248,-0.674738,0.080469,0.1056967138,1.9204419671,0.0534858278
1.515346,-2.150218,5.72775,1.175672,0.0876048862,1.6969546848,-0.1093406207
1.516395,-1.641044,-4.527245,1.468687,0.0950544623,1.2286956172,-0.2487541159
1.517444,-0.757195,-18.761647,0.683311,0.1014398132,1.0105294607,-0.2232127122
1.518461,0.539756,-26.10272,0.097281,0.1312381175,1.1871908362,-0.0582578134
1.51951,1.229062,-16.319412,-1.269322,0.1450730445,1.656514129,0.0683849799
1.520559,-0.519421,2.492985,-0.784166,0.1046324887,1.9640751984,0.0119810468
1.521608,-2.020522,6.185071,1.274144,0.0897333365,1.7065327112,-0.1700014545
1.522625,-1.821176,-7.187366,1.639212,0.1099536144,1.2297598423,-0.2838735459
1.523674,-1.223137,-21.632471,1.435062,0.1269812169,1.0467131159,-0.2115062355
1.524723,0.573381,-24.876814,0.399903,0.1525226206,1.2595581466,-0.021009933
1.525772,1.500461,-11.035084,-1.543123,0.1440088193,1.7363310155,0.0854125824
1.526821,-0.740383,4.887334,-0.740934,0.0897333365,2.0045157542,-0.0007896551
1.527838,-2.22227,2.615097,1.84096,0.0801553101,1.6852482081,-0.1753225803
1.528887,-1.573795,-11.195506,1.752095,0.1078251641,1.1595209822,-0.2572679171
1.529936,-0.459377,-22.135284,0.839425,0.1259169917,0.9935018582,-0.1678730042
1.530984,1.550898,-22.812885,-0.327831,0.1472014948,1.3138336295,-0.0018538802
1.532001,1.661379,-9.241717,-1.581551,0.1333665678,1.857652683,0.0673207548
1.534099,-2.00371,-12.174794,2.141181,0.1237885414,1.1116308503,-0.2785524202
1.535148,-1.468117,-22.987673,2.321313,0.1589079715,0.9668962294,-0.1657445539
1.53305,-2.123798,1.540035,1.869781,0.0950544623,1.650128778,-0.2093777852
1.536167,1.279499,-21.455289,-0.207743,0.1940274016,1.2936133516,0.0215590732
1.537214,2.196972,-6.179345,-3.128286,0.1631648721,1.8374324051,0.075834556
1.538263,-0.865275,5.366204,-0.515168,0.0950544623,2.0087726548,-0.0508082373
1.539312,-2.363974,-0.449669,2.362143,0.0854764359,1.5447704878,-0.2168273613
1.54036,-2.00371,-14.746325,2.117163,0.1174031905,1.012657911,-0.2583321422
1.541378,-1.179906,-24.553577,2.383759,0.1589079715,0.9583824282,-0.1231755477
1.542427,1.836708,-19.846287,-0.671283,0.18338515,1.3872651651,0.0534858278
1.543475,2.391515,-2.650075,-3.248374,0.1365592433,1.9342768941,0.0705134302
1.544525,-1.206325,5.691835,0.238985,0.0716415089,2.00983688,-0.0827349919
1.545542,-2.810702,-3.696406,2.758433,0.079091085,1.5117795081,-0.2338549637
1.54659,-2.164628,-16.712085,2.871316,0.1333665678,1.0456488908,-0.2381118643
1.547639,-0.920515,-22.762604,1.937031,0.18338515,1.0381993147,-0.0933772434
1.548688,1.992822,-16.805464,-2.129153,0.1865778255,1.4660178264,0.0566785032
1.549705,2.22099,-1.958109,-3.526978,0.1301738923,1.9800385757,0.0513573775
1.550754,-1.324011,3.390866,0.339859,0.0822837604,1.9789743505,-0.0997625944
1.551803,-2.63057,-5.88484,2.700791,0.092926012,1.4202561448,-0.2349191889
1.552852,-1.523358,-17.744049,3.051448,0.1386876936,0.9924376331,-0.2210842619
1.554028,-0.341691,-22.77697,2.626337,0.1940274016,1.1158877509,-0.0699642901
1.554919,1.428408,-13.197181,-2.162777,0.1940274016,1.6469361026,0.0588069535
1.555967,1.262686,1.726794,-4.007331,0.1152747402,2.0981675677,0.0162379474
1.557016,-1.804364,1.750737,1.050781,0.0716415089,1.9470475959,-0.1444600508
1.558065,-1.146281,-19.877414,2.587908,0.1567795212,1.0094652355,-0.1849006066
1.559082,0.270759,-20.720224,1.754497,0.2057338783,1.1914477368,-0.0369733103
1.560131,0.854387,-9.258478,-2.422168,0.1908347261,1.6788628572,0.0524216026
1.56118,0.42207,2.921574,-3.48855,0.1120820647,1.9906808272,-0.0188814827
1.562229,-1.902836,-0.705864,1.163663,0.0812195353,1.7427163664,-0.1700014545
1.563246,-2.486464,-12.895493,3.478962,0.1248527666,1.1808054853,-0.2349191889
1.564295,-0.192781,-20.705858,1.997075,0.1684859979,0.9530613024,-0.1551023023
1.565343,1.000894,-19.02742,0.471956,0.1855136003,1.2850995503,-0.0114319066
1.566393,0.667049,-6.504977,-2.095528,0.1535868457,1.8267901535,0.0471004769
1.567412,-0.274441,3.311853,-2.383739,0.0907975617,2.0502774358,-0.048679787
1.568458,-2.114191,-1.737829,1.531133,0.0854764359,1.719303413,-0.1976713085
1.569507,-2.517687,-14.499707,3.308437,0.1301738923,1.1935761871,-0.2423687649
1.570556,-0.894096,-23.150488,2.657559,0.1769997991,1.0009514343,-0.1370104747
1.571605,0.698272,-17.952357,0.993138,0.211055004,1.2850995503,0.0119810468
1.572622,1.272294,-1.874306,-2.806449,0.1663575476,1.7820926971,0.0396509008
1.573671,-0.113523,4.418042,-2.460596,0.0844122107,1.9938735027,-0.0869918925
1.57472,-2.28952,-5.135409,2.381357,0.0897333365,1.6416149768,-0.2232127122
1.575769,-2.327948,-17.509403,3.363677,0.1429445942,1.130786903,-0.2274696128
1.576789,-0.262432,-22.786547,1.730479,0.1769997991,1.0722545196,-0.0986983692
1.577836,1.522077,-14.332102,-0.486347,0.1887062758,1.4873023295,0.0290086492
1.578884,1.142598,0.110609,-2.856887,0.1354950181,1.9076712652,0.0130452719
1.579933,-1.059818,2.313409,-1.127618,0.0737699592,1.9310842186,-0.1231755477
1.581999,-1.626633,-18.673056,3.13551,0.1589079715,1.1254657773,-0.194478633
1.583048,0.083421,-21.804864,1.617596,0.175935574,1.1350438037,-0.0593220385
1.580951,-2.572928,-7.508209,2.434196,0.1035682635,1.5405135872,-0.2253411625
1.584097,1.039323,-10.798044,-1.024342,0.1738071236,1.5351924614,0.0407151259
1.585146,-1.016586,0.575112,-0.647265,0.0854764359,1.8331755045,-0.1487169514
1.586166,-2.779479,-11.616911,3.260402,0.1227243163,1.4447333234,-0.2178915864
1.587213,-1.355234,-21.48881,3.481364,0.1855136003,1.1190804264,-0.1444600508
1.588261,0.695871,-19.156715,0.099683,0.1887062758,1.2574296963,-0.0188814827
1.58931,0.573381,-5.880052,-1.828932,0.1429445942,1.6586425793,0.0194306229
1.590327,-0.430556,3.110727,-1.065172,0.100375588,1.8289186038,-0.0710285152
1.591376,-1.556982,-2.243036,0.178941,0.1046324887,1.6607710296,-0.1976713085
1.592425,-2.133405,-15.062379,2.184412,0.1503941703,1.3425677086,-0.2242769373
1.593474,-0.579465,-23.100207,2.1676,0.1748713488,1.1903835117,-0.1135975214
1.594491,0.815959,-17.056871,0.212566,0.1567795212,1.4362195221,0.0173021725
1.595542,0.189099,-1.627689,-0.426303,0.1301738923,1.774643121,0.0183663977
1.596589,-0.665929,4.286353,-1.451856,0.114210515,1.7937991738,-0.1125332962
1.597638,-1.432091,-5.106677,-0.274992,0.1227243163,1.587339494,-0.2285338379
1.598687,-1.523358,-18.53179,2.338125,0.1535868457,1.3819440393,-0.2040566594
1.599704,-0.216799,-23.277389,1.987468,0.169550223,1.3212832055,-0.0731569655
1.600753,0.270759,-13.113379,0.656892,0.162100647,1.4873023295,0.0215590732
1.601802,-0.315271,1.202431,-0.793773,0.1386876936,1.6969546848,-0.0178172575
1.602851,-0.723571,2.624675,-1.47107,0.1259169917,1.7203676382,-0.1487169514
1.603868,-1.283181,-8.837072,0.202958,0.1472014948,1.5522200639,-0.2317265134
1.604918,-1.146281,-20.97642,1.80013,0.1684859979,1.3553384105,-0.1753225803
1.605966,0.006565,-22.228664,1.71847,0.1589079715,1.3723660129,-0.0380375354
1.607015,0.359624,-9.596081,0.637677,0.1386876936,1.628844275,0.0332655499
1.608034,-0.493002,3.012559,-0.637658,0.1237885414,1.7948633989,-0.0412302109
1.609081,-1.07663,1.453838,-0.978708,0.1291096672,1.6980189099,-0.1817079312
1.61013,-1.163093,-11.640854,0.584839,0.1535868457,1.4947519056,-0.2413045398
1.611179,-0.070292,-19.966005,2.177207,0.1674217727,1.4085496681,-0.007175006
1.612228,0.201108,-4.072318,-0.140494,0.1365592433,1.608623997,0.0258159738
1.613245,-0.970952,4.346211,-1.190064,0.1046324887,1.6926977842,-0.0859276674
1.614295,-1.324011,-2.908665,-0.248573,0.1184674157,1.59478907,-0.2029924343
1.615343,-0.512216,-16.144624,0.24619,0.1450730445,1.4585682504,-0.2093777852
1.616392,-0.281647,-24.673294,1.559954,0.1429445942,1.3787513638,-0.1050837201
1.617411,-0.267236,-17.700951,3.09468,0.1354950181,1.4372837473,0.006659921
1.618457,-0.0823,-0.284459,0.330252,0.120595866,1.5884037191,-0.0093034563
1.619506,-0.548242,5.335077,-2.105135,0.1056967138,1.6522572283,-0.1444600508
1.620555,-0.973354,-5.319774,-0.267787,0.1291096672,1.580954143,-0.2487541159
1.621572,-0.802829,-19.051363,1.24052,0.1642290973,1.4457975485,-0.2168273613
1.622621,-0.296057,-23.710766,1.586373,0.1674217727,1.3776871387,-0.0774138661
1.62367,0.330803,-13.381546,1.360608,0.1472014948,1.5171006338,0.034329775
1.624719,-0.031863,1.41074,-0.976307,0.114210515,1.7299456646,0.0013387952
1.625768,-1.069425,3.424387,-2.013868,0.0982471377,1.7671935449,-0.1348820244
1.626787,-1.189513,-7.836235,0.085272,0.1291096672,1.6299085001,-0.2253411625
1.627834,-0.910908,-21.632471,1.771309,0.1642290973,1.4287699461,-0.1817079312
1.628883,-0.284048,-24.101045,2.388562,0.169550223,1.3287327816,-0.0454871115
1.629932,0.470105,-9.471575,1.134842,0.1450730445,1.4787885283,0.0322013247
1.630949,-0.308066,4.015791,-0.851415,0.1078251641,1.6852482081,-0.0454871115
1.631998,-1.446501,1.331726,-0.320626,0.1131462899,1.6958904596,-0.180643706
1.633047,-0.982961,-11.185928,0.577633,0.155715296,1.5756330173,-0.2327907386
1.634095,-0.464181,-22.767392,0.813006,0.1663575476,1.4617609258,-0.159359203
1.635113,-0.40894,-22.029933,1.682444,0.1397519187,1.4543113498,-0.0220741581
1.636164,-0.029462,-6.785115,1.307769,0.1152747402,1.5969175203,0.0311370995
1.63721,-1.612223,0.223143,-0.262983,0.1088893893,1.59478907,-0.2104420103
1.63826,-0.567456,-14.224357,0.421519,0.1440088193,1.4511186743,-0.2391760895
1.639277,0.121849,-24.89118,0.625669,0.1450730445,1.3872651651,-0.1327535741
1.640325,-0.003042,-20.16713,2.071529,0.1291096672,1.4468617737,0.0087883713
1.641375,0.148269,-2.887116,1.113226,0.120595866,1.6203304737,0.034329775
1.642423,-0.50501,6.594505,-1.055565,0.1046324887,1.7203676382,-0.090184568
1.643472,-1.155888,-1.455295,-0.522374,0.1099536144,1.6575783541,-0.2264053876
1.644489,-0.754794,-18.000244,0.623267,0.1397519187,1.5351924614,-0.2306622883
1.645541,-0.589072,-27.699751,1.591177,0.1578437463,1.4340910718,-0.097634144
1.646587,0.020975,-17.183771,1.439866,0.1493299451,1.4670820516,0.0247517486
1.647636,0.587791,2.639041,-1.005128,0.106760939,1.6384223013,-0.0156888072
1.648654,-1.043005,5.485921,-0.505561,0.0854764359,1.6852482081,-0.1689372293
1.649702,-1.79956,-6.981452,1.387027,0.1301738923,1.545834713,-0.2551394668
1.650751,0.030582,-19.518261,-0.568007,0.1652933224,1.4362195221,-0.2061851097
1.6518,0.68146,-24.795406,0.015621,0.141880369,1.4692105019,-0.0657073894
1.652817,-0.10872,-13.580277,2.46782,0.120595866,1.6341654007,0.0502931523
1.653866,-0.430556,4.085227,0.275011,0.1110178396,1.7948633989,0.0119810468
1.654917,-1.506545,4.659871,0.020425,0.106760939,1.7448448167,-0.1423316005
1.655964,-2.030129,-9.313548,1.816943,0.1450730445,1.5245502099,-0.2295980631
1.657013,-0.262432,-23.203164,-0.443116,0.1748713488,1.3851367148,-0.1678730042
1.658032,0.482114,-25.839342,-0.061235,0.1440088193,1.448990224,-0.03484486
1.659079,-0.372914,-9.737347,1.574365,0.0886691114,1.6118166725,0.0258159738
1.660127,-0.473788,6.860277,-0.397482,0.0620634825,1.6990831351,-0.0731569655
1.661177,-1.393662,3.13946,0.863443,0.0971829126,1.6373580762,-0.2253411625
1.662194,-1.686677,-12.093386,2.00428,0.162100647,1.4915592301,-0.2625890429
1.663243,0.556568,-24.390761,-1.509498,0.1738071236,1.4415406479,-0.1572307527
1.664293,-0.725973,-6.023713,2.254063,0.1014398132,1.7491017173,0.061999629
1.665341,-1.006979,7.231401,-0.592025,0.0822837604,1.760808194,-0.0508082373
1.666358,-1.7179,0.807364,0.935496,0.1035682635,1.608623997,-0.20831356
1.667409,-1.674669,-14.949844,2.647952,0.1652933224,1.3872651651,-0.2391760895
1.668455,0.501328,-27.347781,-1.605568,0.1812566997,1.3202189804,-0.1338177993
1.669504,0.561372,-22.978095,0.010818,0.1312381175,1.5011372565,-0.0050465557
1.670553,-0.57226,-0.801638,1.730479,0.0705772837,1.7086611615,0.0002745701
1.67157,-0.74999,9.714341,-1.091591,0.0450358801,1.760808194,-0.152973852
1.672619,-2.00371,-2.515992,2.556685,0.0993113629,1.6682206056,-0.2796166453
1.673668,-1.643446,-17.655458,3.051448,0.1855136003,1.5032657068,-0.2444972153
1.674717,0.527747,-25.202445,-2.294874,0.18338515,1.4468617737,-0.1018910447
1.675734,0.374034,-18.012216,-0.133288,0.1333665678,1.5990459707,0.0332655499
1.676785,-0.629902,0.335677,1.144449,0.1078251641,1.760808194,0.0332655499
1.677832,-0.841257,5.129163,-1.802513,0.0812195353,1.7203676382,-0.111469071
1.678881,-1.504144,-5.954277,1.139646,0.0982471377,1.4958161307,-0.2274696128
1.679898,-0.786017,-17.830246,1.994673,0.155715296,1.2850995503,-0.2072493349
1.680947,0.964868,-24.48414,-0.491151,0.162100647,1.3255401062,-0.0848634422
1.681995,0.508533,-15.337729,0.976326,0.1386876936,1.5990459707,0.0300728744
1.683045,-0.529028,1.927919,0.325448,0.120595866,1.8129552265,0.0024030204
1.684093,-0.901301,4.003819,-0.728925,0.1025040383,1.8044414253,-0.1465885011
1.68511,-1.494536,-6.890467,1.624802,0.1312381175,1.6352296259,-0.2466256656
1.686161,-0.879685,-20.05699,1.079602,0.1791282494,1.4670820516,-0.2072493349
1.687208,0.004163,-25.271881,-0.471937,0.1738071236,1.490495005,-0.0678358397
1.688257,-0.550644,-11.281702,0.277413,0.1408161439,1.6788628572,0.0290086492
1.689274,-1.021389,4.315085,-0.183725,0.1174031905,1.7661293198,-0.0401659857
1.690323,-1.739516,-10.127626,1.773711,0.1269812169,1.4638893761,-0.249818341
1.691372,-0.596277,-19.992342,1.511919,0.1706144482,1.3266043313,-0.1849006066
1.692421,0.268357,-22.796125,1.038772,0.1716786733,1.4117423436,-0.0508082373
1.693438,-0.132737,-9.586503,1.310171,0.1472014948,1.6671563805,0.0375224505
1.694487,0.172286,4.662265,-1.752076,0.106760939,1.8363681799,-0.0380375354
1.695538,-0.937328,0.795392,-0.38067,0.0705772837,1.7810284719,-0.1955428582
1.696585,-2.200655,-12.2993,3.776781,0.1120820647,1.5330640111,-0.249818341
1.697602,-0.262432,-21.824019,0.923487,0.1844493752,1.3372465829,-0.1689372293
1.698651,0.837575,-20.566986,-1.137225,0.1812566997,1.448990224,-0.0422944361
1.6997,-0.156755,-6.945537,-0.05403,0.1323023427,1.7097253866,0.0130452719
1.700749,-0.344092,3.240022,-1.091591,0.0982471377,1.8076341008,-0.0720927404
1.701798,-1.290387,-1.079383,0.618463,0.0971829126,1.691633559,-0.2072493349
1.702815,-2.008514,-12.28254,3.440534,0.1514583954,1.4670820516,-0.2423687649
1.703864,0.097832,-20.945293,0.62807,0.2089265537,1.3595953111,-0.1561665275
1.704915,0.938449,-19.45122,-1.581551,0.1887062758,1.5617980903,-0.0337806348
1.705962,-0.493002,-7.026945,-0.145297,0.1312381175,1.8353039548,0.0087883713
1.706979,-0.517019,2.327775,-0.690497,0.1014398132,1.8544600075,-0.0891203428
1.708028,-1.151084,-1.005158,0.618463,0.1014398132,1.6607710296,-0.2274696128
1.709077,-2.215065,-12.658453,3.651889,0.1493299451,1.3989716418,-0.2540752416
1.710126,-0.432958,-22.757815,1.379822,0.2131834543,1.3042556031,-0.1433958257
1.711143,0.775129,-18.682634,-0.628051,0.2099907789,1.5628623154,-0.0007896551
1.712192,0.225125,-3.552745,-0.668881,0.1525226206,1.8502031069,0.0258159738
1.713241,0.114644,4.034946,-1.932208,0.0961186874,1.8118910014,-0.1072121704
1.714292,-1.645847,-3.29655,1.617596,0.086540661,1.5660549909,-0.2487541159
1.715339,-2.784283,-17.001801,5.580504,0.169550223,1.3255401062,-0.2370476392
1.716356,1.776664,-15.036041,-3.181124,0.1769997991,1.6597068044,0.020494848
1.717404,-0.125532,-1.230227,-0.056432,0.0961186874,1.9332126689,-0.0018538802
1.718453,-0.884489,2.691716,-0.601632,0.0684488334,1.7874138229,-0.1433958257
1.719502,-1.573795,-5.192874,1.557552,0.0950544623,1.4841096541,-0.2572679171
1.72052,-2.08537,-17.854189,4.670236,0.18338515,1.3074482786,-0.2168273613
1.721568,0.679058,-23.792174,-0.498356,0.2376606329,1.4223845951,-0.0614504888
1.722617,1.572514,-13.491686,-2.94335,0.1929631764,1.8118910014,0.0417793511
1.723669,-0.769204,0.912715,-0.104467,0.128045442,1.9885523769,-0.0135603569
1.724683,-1.093442,2.648618,-0.563204,0.0982471377,1.7427163664,-0.17319413
1.725732,-1.746722,-7.158634,2.030699,0.1291096672,1.4170634694,-0.2753597447
1.726783,-2.215065,-19.934878,4.85277,0.2195688053,1.2425305442,-0.2093777852
1.72783,0.969671,-23.591048,-1.211679,0.2504313347,1.4117423436,-0.0465513367
1.728879,1.606138,-11.279308,-3.128286,0.1844493752,1.8555242327,0.0375224505
1.729896,-1.07663,2.698899,0.553616,0.1323023427,1.9949377278,-0.0465513367
1.730945,-1.465715,1.947074,-0.174118,0.1120820647,1.705468486,-0.2125704606
1.731994,-1.823578,-9.78284,2.763237,0.1376234684,1.4042927675,-0.2849377711
1.73406,1.003296,-22.678802,-1.240501,0.2291468316,1.545834713,-0.0146245821
1.735109,0.909627,-8.305527,-2.201205,0.162100647,1.9427906953,0.0417793511
1.733044,-1.609821,-21.474444,4.696655,0.2153119046,1.3074482786,-0.1817079312
1.73616,-0.99497,4.779588,-0.601632,0.1110178396,1.9715247744,-0.0742211907
1.737206,-1.25436,0.682858,-0.512767,0.0907975617,1.6490645529,-0.2423687649
1.738223,-2.210262,-12.615354,4.55255,0.1333665678,1.3308612319,-0.2806808705
1.739272,-1.439296,-23.545556,4.180277,0.2280826065,1.206346889,-0.1476527263
1.740321,1.81269,-21.108109,-2.7392,0.2365964077,1.5202933093,0.0183663977
1.74137,1.36356,-3.959784,-3.061036,0.14826572,2.0279287076,0.0460362517
1.742419,-1.607419,-2.307684,0.79139,0.0801553101,1.6277800498,-0.2562036919
1.743436,-2.318341,-15.792655,4.941635,0.1440088193,1.2861637755,-0.2657817183
1.744485,-0.862873,-24.998925,3.671103,0.2546882353,1.2116680147,-0.1189186471
1.745536,2.189767,-18.850238,-3.24357,0.2674589372,1.5692476664,0.0290086492
1.746583,1.176223,-0.406571,-3.133089,0.1706144482,2.0481489855,0.0183663977
1.7476,-1.283181,5.924087,0.104486,0.1099536144,1.9885523769,-0.1412673753
1.748649,-1.960478,-4.577526,1.33659,0.1174031905,1.5415778124,-0.2796166453
1.749698,-2.572928,-17.756021,4.807137,0.1823209249,1.2350809681,-0.249818341
1.750747,-0.214397,-24.591886,1.896201,0.2642662617,1.2893564509,-0.0774138661
1.751764,2.574049,-16.601945,-4.900786,0.2280826065,1.7757073462,0.0556142781
1.752813,-0.003042,0.716379,-1.211679,0.1291096672,2.1705348782,0.0130452719
1.753861,-2.111789,5.854651,1.502312,0.1056967138,1.912992391,-0.159359203
1.754913,-1.886024,-5.930333,1.057986,0.1216600911,1.407485443,-0.2891946717
1.755959,-2.616159,-20.820787,5.522862,0.1801924746,1.1627136577,-0.2253411625
1.756976,-0.017453,-25.05639,1.860174,0.2653304869,1.2829711,-0.0316521845
1.758025,2.783002,-12.019162,-4.917598,0.2302110568,1.7852853725,0.075834556
1.759074,-0.281647,3.924806,-1.139627,0.1291096672,2.1396723487,-0.0050465557
1.760123,-2.34476,3.041291,1.653623,0.114210515,1.8384966302,-0.1795794809
1.76114,-1.379252,-9.90974,1.053182,0.141880369,1.3319254571,-0.2764239699
1.762189,-1.014184,-21.958103,2.804067,0.18338515,1.1808054853,-0.1987355336
1.763238,0.952859,-24.678083,0.169334,0.2408533083,1.4596324755,-0.0263310588
1.764289,1.709414,-10.414948,-2.777628,0.2195688053,1.9672678738,0.0471004769
1.765304,-1.006979,6.194648,-0.279796,0.14826572,2.1620210769,-0.0657073894
1.766353,-2.152619,2.933546,1.40384,0.141880369,1.7820926971,-0.2455614404
1.767402,-1.893229,-12.538735,1.610391,0.1780640243,1.3042556031,-0.3030295987
1.768451,1.164214,-21.354727,-0.097262,0.2483028844,1.5107152829,0.0215590732
1.769468,1.747842,-6.641455,-2.595094,0.2174403549,2.0066442045,0.0864768075
1.770517,-1.396064,4.944798,-0.010798,0.1589079715,2.1183878456,-0.0263310588
1.771566,-2.217467,0.383564,1.980262,0.1472014948,1.6714132811,-0.194478633
1.772614,-1.299994,-13.673656,1.432661,0.1610364218,1.1903835117,-0.249818341
1.773666,-0.682741,-24.970193,2.220439,0.1940274016,1.1424933797,-0.1295608987
1.77468,1.793476,-21.218249,-0.214948,0.2238257059,1.5798899179,0.0364582253
1.775729,2.151338,-3.375563,-2.712781,0.1844493752,2.1364796732,0.0513573775
1.776778,-1.37685,5.533808,0.683311,0.1354950181,2.1918193812,-0.1029552698
1.777827,-2.560919,-3.083453,2.775246,0.1514583954,1.7022758106,-0.2551394668
1.778844,-1.302396,-15.675332,2.081136,0.1897705009,1.255301246,-0.2668459435
1.779893,-0.519421,-23.172037,1.84096,0.2238257059,1.2148606902,-0.131689349
1.780942,1.041724,-18.263623,-1.18526,0.2344679574,1.6075597719,0.0322013247
1.781991,1.058537,-2.796131,-2.503827,0.1950916267,2.1013602432,0.0588069535
1.783008,-1.62183,4.238466,0.760167,0.1610364218,2.072626164,-0.0742211907
1.784057,-2.383188,-4.227951,1.96345,0.1631648721,1.5245502099,-0.222148487
1.785106,-1.256762,-17.145462,1.696855,0.18338515,1.116951976,-0.2295980631
1.786155,-0.017453,-23.959778,1.206895,0.2121192292,1.2297598423,-0.090184568
1.787204,1.668584,-15.960259,-1.910592,0.2057338783,1.760808194,0.0353940002
1.788221,1.070546,0.43624,-2.503827,0.155715296,2.2365168377,0.0013387952
1.78927,-1.725106,3.958327,1.154056,0.1354950181,2.1034886935,-0.1582949778
1.790319,-2.668998,-7.601588,2.398169,0.1546510709,1.5202933093,-0.2732312944
1.791367,-1.917247,-19.920512,2.945771,0.2014769776,1.1318511282,-0.222148487
1.792384,-0.394529,-22.123313,2.691184,0.2717158378,1.2393378687,-0.0454871115
1.793433,1.800681,-10.924944,-3.020206,0.2568166856,1.7693219952,0.0790272315
1.794482,1.106572,1.664541,-3.827198,0.155715296,2.2194892352,0.0258159738
1.795534,-2.505678,-10.826776,2.736818,0.1429445942,1.365980662,-0.2423687649
1.796548,-1.340824,-20.964448,2.97219,0.1897705009,1.0648049435,-0.187029057
1.797597,0.72229,-21.191911,1.850567,0.2419175335,1.3170263049,-0.0391017606
1.798646,2.329069,-8.049332,-3.454925,0.2163761298,1.9097997155,0.0236875235
1.799695,0.484516,3.333402,-2.734397,0.1365592433,2.2875996451,-0.0720927404
1.800744,-2.380787,-1.282902,2.571096,0.1354950181,1.9991946284,-0.2146989109
1.801761,-2.606552,-13.376757,3.03944,0.1855136003,1.4287699461,-0.2615248177
1.80281,-1.182307,-21.311629,2.960181,0.2344679574,1.2074111141,-0.159359203
1.803859,0.729495,-17.921231,1.017156,0.2738442881,1.4734674025,0.0045314707
1.80491,1.60854,-4.263866,-3.908858,0.2206330304,1.9970661781,0.0630638542
1.805925,-0.23121,2.938334,-2.013868,0.1269812169,2.2375810628,-0.0391017606
1.806974,-2.203056,-4.036403,2.335723,0.1237885414,1.8246617032,-0.1827721563
1.808023,-2.390394,-15.500544,2.539873,0.1674217727,1.2191175908,-0.2253411625
1.809072,-1.21353,-22.527958,2.938566,0.2131834543,1.0754471951,-0.1210470974
1.810089,1.44522,-16.726451,0.476759,0.2546882353,1.4596324755,0.0183663977
1.811137,2.129723,-1.610928,-3.793574,0.2057338783,1.9842954763,0.0226232983
1.812187,-0.826847,3.237628,-1.18526,0.1291096672,2.1396723487,-0.1082763956
1.813235,-2.678605,-6.102726,3.022627,0.1567795212,1.7725146707,-0.2232127122
1.814287,-1.350431,-17.81588,2.583105,0.2163761298,1.3393750332,-0.2125704606
1.815302,0.167483,-22.096975,1.194886,0.2397890832,1.3276685565,-0.083799217
1.816351,0.770325,-12.979295,-1.271723,0.2323395071,1.7171749627,0.0375224505
1.8174,0.561372,-0.013898,-2.611907,0.18338515,2.1045529186,0.0215590732
1.818449,-1.343225,1.583133,-0.294206,0.1472014948,2.0960391174,-0.1104048459
1.819466,-2.577731,-7.314267,1.944236,0.1738071236,1.6554499038,-0.2189558116
1.820514,-1.496938,-18.969956,2.705595,0.211055004,1.2223102663,-0.1987355336
1.821564,0.936047,-10.754945,-0.880236,0.2280826065,1.7107896118,0.0385866756
1.822612,1.000894,3.115516,-3.294007,0.1684859979,2.072626164,-0.0252668336
1.82363,-1.436894,0.17765,0.010818,0.1248527666,2.0183506812,-0.17319413
1.824679,-2.736248,-11.822825,3.330053,0.1652933224,1.5979817455,-0.2370476392
1.825727,-0.997372,-20.887829,2.244456,0.2121192292,1.2755215239,-0.1614876533
1.826776,0.179492,-19.635584,1.206895,0.2227614807,1.435155297,-0.0242026084
1.827794,0.460498,-6.153007,-1.057967,0.2004127525,1.8448819811,0.034329775
1.828843,0.388445,3.498612,-2.876101,0.1472014948,2.037506734,-0.0603862637
1.829892,-1.657856,-2.051488,0.589642,0.134430793,1.857652683,-0.200863984
1.83094,-2.563321,-14.794212,3.63988,0.1812566997,1.4585682504,-0.2274696128
1.831989,-0.236013,-22.415423,2.155591,0.2195688053,1.2616865969,-0.1210470974
1.833007,0.998493,-16.391242,0.323047,0.2153119046,1.5213575344,-0.0007896551
1.834055,0.251545,-2.54233,-0.616042,0.18338515,1.8831940867,0.0077241462
1.835104,-0.372914,2.722843,-1.408624,0.1503941703,1.9502402714,-0.1082763956
1.836153,-1.525759,-5.111466,0.512786,0.1578437463,1.7522943928,-0.2178915864
1.83717,-1.943666,-17.693768,2.952976,0.1918989513,1.4777243031,-0.1987355336
1.838219,-0.324878,-22.784153,1.612793,0.2014769776,1.4117423436,-0.0678358397
1.839268,0.623818,-12.610566,-0.287001,0.1844493752,1.6756701817,0.0322013247
1.840317,-0.039069,1.511302,-1.041154,0.1535868457,1.9278915431,-0.0146245821
1.841334,-0.908507,1.760315,-1.372597,0.134430793,1.8927721131,-0.1519096269
1.842383,-1.737114,-9.567349,1.125235,0.1684859979,1.6586425793,-0.2306622883
1.843432,-1.360038,-19.94685,2.871316,0.2142476795,1.4181276945,-0.1742583551
1.844481,0.301982,-21.182334,1.367813,0.211055004,1.4340910718,-0.0412302109
1.84553,0.556568,-9.457209,0.258199,0.1876420506,1.7278172142,0.0311370995
1.846547,-0.413744,2.986221,-1.204474,0.1642290973,1.9310842186,-0.0391017606
1.847596,-1.141477,-12.196343,0.539205,0.1738071236,1.6895051087,-0.2295980631
1.848645,-1.018988,-23.193587,2.381357,0.2025412028,1.5224217596,-0.1412673753
1.849694,-0.269638,-20.047412,2.503847,0.2121192292,1.5256144351,-0.0050465557
1.850711,0.220322,-4.390767,0.020425,0.1961558519,1.7320741149,0.0258159738
1.851761,-0.06789,4.291141,-2.249241,0.1578437463,1.8927721131,-0.0859276674
1.852809,-0.992568,-2.970918,-0.375866,0.1503941703,1.8491388818,-0.2093777852
1.853858,-1.477724,-15.574769,1.997075,0.1950916267,1.6480003277,-0.2210842619
1.854875,-0.778811,-22.966123,2.088342,0.2259541562,1.4787885283,-0.1157259717
1.855924,0.328401,-17.06166,1.293359,0.2142476795,1.5884037191,0.0077241462
1.856973,0.256348,-1.323606,-0.637658,0.169550223,1.8651022591,0.0098525965
1.858022,-0.934926,4.305507,-1.492686,0.1376234684,1.926827318,-0.1189186471
1.859071,-1.412877,-5.755546,0.243788,0.1631648721,1.7533586179,-0.2264053876
1.860088,-0.882087,-18.780802,1.154056,0.2004127525,1.5777614676,-0.200863984
1.861137,-0.250424,-23.155277,1.617596,0.1993485273,1.5171006338,-0.0699642901
1.862186,-0.048676,-13.070281,2.201225,0.1876420506,1.6352296259,0.0353940002
1.863235,-0.459377,1.252713,0.034835,0.1738071236,1.8129552265,0.0002745701
1.864252,-0.786017,2.765941,-1.631988,0.1642290973,1.8395608554,-0.131689349
1.865301,-0.519421,-8.51623,-0.433508,0.1801924746,1.7267529891,-0.2200200367
1.86635,-0.533832,-21.381065,1.122833,0.2025412028,1.5788256927,-0.1827721563
1.867399,-0.380119,-22.975701,1.992271,0.2067981034,1.5277428854,-0.0550651379
1.868418,0.42207,-8.90172,0.563223,0.1844493752,1.6895051087,0.0173021725
1.869465,-0.420949,3.54171,-1.02194,0.1461372696,1.8778729609,-0.0571935882
1.870514,-1.746722,0.426663,-0.128485,0.1514583954,1.8597811333,-0.1838363815
1.871563,-1.004577,-11.322406,0.138111,0.1993485273,1.7065327112,-0.2264053876
1.872612,-0.485796,-21.843174,0.495973,0.2163761298,1.5681834412,-0.1551023023
1.873629,-0.649116,-21.749794,2.119565,0.2025412028,1.5479631633,-0.0252668336
1.874678,-0.344092,5.773243,-0.731327,0.1801924746,1.8150836768,-0.0667716146
1.875726,-0.932524,0.457789,-1.408624,0.1706144482,1.7906064983,-0.2125704606
1.876775,-0.562653,-15.366461,1.060388,0.1918989513,1.6990831351,-0.2391760895
1.877795,-0.305664,-25.829764,1.6224,0.2099907789,1.6171377983,-0.1231755477
1.878841,-0.199987,-19.721781,1.480696,0.1929631764,1.6405507516,0.0162379474
1.87989,-0.075095,-1.507971,0.901871,0.1610364218,1.7980560744,0.0268801989
1.880939,-0.788418,6.173099,-0.800978,0.1397519187,1.8842583118,-0.1018910447
1.881956,-1.237548,-3.35162,-0.632855,0.14826572,1.8086983259,-0.2232127122
1.883005,-0.788418,-17.918837,1.19969,0.1791282494,1.6671563805,-0.2125704606
1.884054,-0.444966,-25.161741,2.131573,0.2025412028,1.5543485142,-0.0827349919
1.885103,0.059404,-15.857302,1.610391,0.2036054279,1.6064955467,0.0385866756
1.886152,0.330803,1.046799,0.10929,0.1812566997,1.7916707235,0.020494848
1.88717,-0.752392,4.655082,-1.098797,0.1472014948,1.8629738088,-0.117854422
1.888218,-1.237548,-5.81301,-0.027611,0.14826572,1.7618724192,-0.2200200367
1.889266,-0.456975,-19.709809,0.786587,0.1791282494,1.6192662486,-0.1923501827
1.890315,-0.202388,-26.92877,1.089209,0.1961558519,1.5405135872,-0.0603862637
1.891332,-0.046274,-14.799,0.940299,0.18338515,1.6554499038,0.0428435762
1.892382,0.157876,4.408464,-0.515168,0.155715296,1.8619095836,-0.0124961318
1.89343,-1.088639,5.643948,0.270208,0.1631648721,1.8629738088,-0.1721299048
1.894479,-1.910041,-7.819474,1.082003,0.2025412028,1.6905693339,-0.2572679171
1.895496,-0.786017,-22.322044,-0.515168,0.2174403549,1.5745687921,-0.187029057
1.896545,-0.0823,-26.205677,0.471956,0.2078623286,1.5958532952,-0.0252668336
1.897594,-0.055881,-10.879452,1.435062,0.1876420506,1.7437805916,0.0662565296
1.898643,0.028181,5.864228,-0.611239,0.155715296,1.8800014112,-0.0220741581
1.899663,-1.103049,3.386077,0.306234,0.1567795212,1.8257259284,-0.187029057
1.900709,-0.389726,-25.113854,-0.361456,0.2185045801,1.5554127394,-0.1604234281
1.901758,-0.055881,-25.044418,1.204493,0.197220077,1.6256515995,-0.0093034563
1.902807,-0.541037,-5.489773,1.893799,0.1599721966,1.8012487498,0.0407151259
1.903856,-0.541037,8.684771,-0.500758,0.134430793,1.9300199934,-0.0795423164
1.904873,-1.614625,0.577507,1.547945,0.1589079715,1.8597811333,-0.2232127122
1.905922,-1.480126,-15.191673,2.061922,0.2142476795,1.6543856786,-0.2327907386
1.90697,0.729495,-25.554414,-1.286134,0.2195688053,1.5703118915,-0.1167901968
1.908019,0.791941,-21.500782,0.193351,0.1855136003,1.7022758106,0.0194306229
1.909039,-0.252825,-2.714723,1.2141,0.1535868457,1.8682949345,0.0439078014
1.910085,-0.519421,7.267317,-1.194867,0.128045442,1.8959647885,-0.0891203428
1.911134,-1.470519,-2.477682,1.391831,0.1589079715,1.7278172142,-0.2285338379
1.912183,-0.908507,-17.229264,2.040307,0.2216972556,1.4830454289,-0.2242769373
1.9132,1.116179,-25.851313,-2.191598,0.2131834543,1.490495005,-0.0912487931
1.914249,0.520542,-18.148694,0.219771,0.1716786733,1.7906064983,0.048164702
1.915298,-1.057416,1.185671,2.013887,0.1599721966,1.9874881517,0.0460362517
1.916347,-1.343225,6.237747,-0.553597,0.1535868457,1.9257630928,-0.1018910447
1.917396,-1.729909,-5.037241,1.874585,0.1897705009,1.7437805916,-0.2200200367
1.918415,-0.725973,-18.953195,1.257332,0.2440459838,1.5511558387,-0.1976713085
1.919462,0.796745,-27.762004,-1.905789,0.2323395071,1.5660549909,-0.0731569655
1.920511,-0.055881,-16.439129,0.608856,0.18338515,1.816147902,0.0311370995
1.921559,-0.834052,4.887334,1.055584,0.1450730445,1.9651394235,-0.0178172575
1.922577,-1.340824,6.307183,0.28702,0.1397519187,1.8927721131,-0.1827721563
1.923626,-2.505678,-8.015811,2.811272,0.1982843022,1.7001473603,-0.2668459435
1.924675,-0.882087,-21.342755,1.072396,0.2546882353,1.5128437332,-0.1859648318
1.925724,1.442819,-25.314979,-2.258848,0.2238257059,1.5884037191,-0.0263310588
1.926741,-1.309601,5.239303,0.79139,0.1461372696,1.9481118211,0.0013387952
1.929887,-0.02706,-22.654858,0.769774,0.2536240102,1.3840724896,-0.152973852
1.928839,-1.900434,-10.556215,2.859307,0.1918989513,1.567119216,-0.2253411625
1.927792,-1.501742,2.734815,0.10929,0.1408161439,1.8076341008,-0.1540380772
1.930936,1.315525,-24.359634,-2.422168,0.2270183813,1.5468989381,-0.0146245821
1.931953,-0.392128,-7.565673,0.265404,0.175935574,1.9066070401,0.0460362517
1.933002,-1.105451,6.388591,0.359073,0.1525226206,2.0162222309,-0.0518724624
1.934051,-1.520956,0.373987,0.779381,0.1514583954,1.8800014112,-0.1966070833
1.9351,-2.022924,-12.340004,2.825683,0.2036054279,1.6958904596,-0.2295980631
1.936117,0.208313,-22.774576,-0.092458,0.2504313347,1.6096882222,-0.131689349
1.937169,1.024912,-22.264579,-1.04836,0.2291468316,1.760808194,0.0013387952
1.938215,-0.920515,-5.731602,0.73615,0.1887062758,1.9630109732,0.0332655499
1.939264,-1.100647,6.062959,0.219771,0.1642290973,1.9374695695,-0.0816707667
1.940281,-1.429689,-0.53826,1.63681,0.1652933224,1.7459090419,-0.2200200367
1.94133,-2.075763,-14.746325,3.654291,0.2185045801,1.5192290841,-0.2327907386
1.942379,0.402856,-24.266255,-0.505561,0.2578809108,1.448990224,-0.1072121704
1.943428,1.44522,-18.926857,-2.818458,0.2099907789,1.7320741149,0.0322013247
1.944477,-0.543439,-2.441767,0.589642,0.14826572,2.0343140585,0.0449720265
1.945494,-0.951738,4.530576,0.126102,0.1269812169,1.968332099,-0.0869918925
1.946545,-1.624232,-3.559928,1.523928,0.1408161439,1.7065327112,-0.2168273613
1.947592,-2.001308,-16.125469,4.394033,0.2174403549,1.4936876804,-0.2104420103
1.94864,0.974475,-24.733153,-1.038753,0.2770369635,1.4958161307,-0.0880561177
1.94966,1.598933,-17.73926,-2.758414,0.2323395071,1.7980560744,0.0236875235
1.950707,-0.949336,0.78342,1.242921,0.1652933224,2.0162222309,-0.0029181054
1.951756,-1.29519,5.7493,0.306234,0.141880369,1.8725518351,-0.1540380772
1.952804,-1.859604,-18.321087,3.723942,0.2483028844,1.5383851369,-0.1923501827
1.953821,1.034519,-23.313304,-2.237232,0.2695873875,1.6267158246,-0.0391017606
1.95487,1.128188,-14.830127,-2.390945,0.2014769776,1.9225704174,0.0673207548
1.955921,-1.504144,0.644548,2.179609,0.1567795212,2.0524058861,0.0290086492
1.956968,-1.107853,3.922412,-0.287001,0.1408161439,1.8480746566,-0.131689349
1.957985,-1.21353,-6.912016,1.480696,0.1599721966,1.567119216,-0.2434329901
1.959037,-1.804364,-21.148813,4.235517,0.2483028844,1.4096138933,-0.1859648318
1.960083,1.065742,-25.62385,-1.711246,0.2823580893,1.573504567,-0.0284595091
1.961132,1.565309,-10.692692,-2.6023,0.2131834543,1.9842954763,0.0556142781
1.962181,-1.127067,5.076488,1.096414,0.1546510709,2.1247731966,-0.0295237342
1.963198,-1.561786,1.980595,0.452742,0.1365592433,1.9002216891,-0.1859648318
1.964247,-1.648249,-10.625651,2.614328,0.1780640243,1.6341654007,-0.2434329901
1.965296,-1.069425,-21.304445,2.991404,0.2717158378,1.4979445811,-0.152973852
1.966345,1.411596,-22.674013,-2.751209,0.2781011887,1.6905693339,-0.0018538802
1.967362,0.851985,-8.760453,-2.095528,0.2014769776,2.0694334886,0.0598711787
1.968413,-1.422484,4.58804,1.211699,0.1589079715,2.0694334886,-0.0422944361
1.96946,-1.439296,0.828913,0.440733,0.14826572,1.7235603136,-0.2029924343
1.970509,-1.979692,-12.40944,3.265205,0.1940274016,1.4511186743,-0.2434329901
1.971526,-1.05021,-23.818512,2.691184,0.2876792151,1.4011000921,-0.117854422
1.972575,1.798279,-22.058665,-3.466934,0.2823580893,1.7395236909,0.0449720265
1.973624,0.414864,-4.534428,-1.682425,0.1897705009,2.1864982555,0.0768987812
1.974673,-1.789953,6.367041,1.40384,0.1429445942,2.1173236205,-0.0635789391
1.975722,-1.564188,-1.179945,0.839425,0.1333665678,1.7161107376,-0.2306622883
1.976738,-2.234279,-15.138998,4.494907,0.1887062758,1.4362195221,-0.2487541159
1.97779,-0.665929,-25.499344,2.436597,0.2919361157,1.3968431915,-0.1050837201
1.978836,0.909627,-1.18234,-1.43024,0.1908347261,2.1747917788,0.0385866756
1.979885,-1.518554,6.862672,0.99554,0.1408161439,2.051341661,-0.1210470974
1.981951,-2.210262,-17.533346,4.838359,0.2174403549,1.4319626215,-0.2253411625
1.983,0.393249,-23.744287,-0.157306,0.2908718905,1.504329932,-0.0550651379
1.980902,-1.90764,-3.885559,1.555151,0.1440088193,1.6575783541,-0.2615248177
1.984049,2.249811,-16.439129,-5.208212,0.2355321826,1.9566256223,0.0790272315
1.985066,-0.834052,-0.437697,0.604053,0.1567795212,2.2695078175,0.0556142781
1.986115,-2.157423,4.815504,1.684846,0.1503941703,1.9566256223,-0.104019495
1.987166,-1.292788,-6.035684,1.163663,0.1642290973,1.4777243031,-0.2370476392
1.988213,-1.388859,-19.724175,4.494907,0.2227614807,1.2999987025,-0.1912859576
1.989261,1.142598,-24.608647,-0.752943,0.2866149899,1.4958161307,-0.0284595091
1.990279,2.324265,-13.891542,-4.574146,0.2504313347,2.023671807,0.0609354038
1.991327,-1.249557,2.49538,0.889862,0.1812566997,2.3110125984,-0.0135603569
1.992377,-2.325546,4.224099,1.961048,0.1727428985,1.9800385757,-0.1774510306
1.993426,-1.328815,-7.955952,1.185279,0.1908347261,1.5383851369,-0.2711028441
1.994443,-1.299994,-20.918955,2.748826,0.2259541562,1.4266414958,-0.1849006066
1.995492,0.703076,-24.290198,-0.371063,0.2642662617,1.6682206056,0.0045314707
1.996543,1.236267,-10.640017,-1.920199,0.2461744341,2.0928464419,0.10350441
1.997589,-1.609821,5.275218,0.95471,0.1940274016,2.2077827585,0.0109168216
1.998607,-2.191048,2.71566,1.627203,0.1727428985,1.8235974781,-0.166808779
1.999655,-1.122263,-10.946493,1.456678,0.18338515,1.3925862908,-0.2413045398
2.000705,-0.646714,-23.380346,1.353403,0.2004127525,1.3053198282,-0.1444600508
2.001754,1.368364,-25.602301,-0.731327,0.2185045801,1.6458718774,0.0268801989
2.002802,1.618147,-7.563279,-1.723255,0.2131834543,2.1641495272,0.0822199069
2.003819,-1.41768,9.134908,0.447938,0.1780640243,2.280150069,-0.0561293631
2.004869,-2.440831,1.166516,2.047512,0.1631648721,1.8768087358,-0.2317265134
2.00592,-0.862873,-24.496112,1.824148,0.2461744341,1.3862009399,-0.1093406207
2.006966,1.373168,-21.15839,-1.310152,0.2514955599,1.7544228431,0.0673207548
2.007984,1.498059,-3.959784,-2.45339,0.2046696531,2.2609940162,0.1013759597
2.009032,-1.516152,7.585765,0.726543,0.1567795212,2.2790858438,-0.0497440121
2.010081,-2.301529,-1.036284,1.913013,0.1503941703,1.7650650946,-0.2264053876
2.01113,-1.823578,-16.728845,1.816943,0.1823209249,1.3202189804,-0.2434329901
2.012148,-0.879685,-25.707653,1.461482,0.2270183813,1.3095767289,-0.0848634422
2.013197,2.088893,-19.499107,-1.468668,0.2334037322,1.7427163664,0.0822199069
2.014245,1.670986,-1.191917,-2.021073,0.1929631764,2.2460948641,0.0768987812
2.015296,-1.936461,6.240141,1.269341,0.1642290973,2.2120396592,-0.083799217
2.016343,-2.510482,-3.964573,2.715202,0.1791282494,1.7044042609,-0.2317265134
2.01736,-1.223137,-17.456727,2.124368,0.2216972556,1.324475881,-0.2242769373
2.018411,-0.012649,-24.986954,0.781783,0.2621378114,1.393650516,-0.0710285152
2.019458,1.392382,-17.94278,-2.273258,0.2429817586,1.8970290137,0.075834556
2.020507,0.587791,0.072299,-1.920199,0.1738071236,2.3791230083,0.0598711787
2.021524,-1.849997,6.661546,1.54074,0.1493299451,2.2450306389,-0.1146617465
2.022573,-2.450438,-4.74513,2.390964,0.1706144482,1.6682206056,-0.2657817183
2.023622,-1.996505,-19.920512,2.760835,0.2131834543,1.2755215239,-0.2306622883
2.024671,-0.334485,-25.125826,1.71847,0.2642662617,1.3489530595,-0.0380375354
2.025688,2.39872,-13.616192,-2.892913,0.2440459838,1.8810656364,0.1109539861
2.026737,1.159411,2.246367,-2.849681,0.1631648721,2.3833799089,0.0683849799
2.027788,-2.155021,2.828194,1.997075,0.1397519187,2.197140507,-0.1018910447
2.028834,-2.318341,-8.377357,2.816076,0.175935574,1.5798899179,-0.2242769373
2.029852,-1.011782,-19.549388,2.520659,0.224889931,1.2457232196,-0.187029057
2.030901,0.628621,-23.47612,1.074798,0.2674589372,1.4372837473,-0.0284595091
2.03195,0.388445,3.19453,-2.004261,0.169550223,2.4706463715,0.0236875235
2.032999,-2.121396,1.920736,1.720872,0.1567795212,2.169470653,-0.145524276
2.034048,-2.79389,-10.93931,2.844897,0.1897705009,1.5362566866,-0.2402403146
2.035064,-1.864408,-21.278108,3.642282,0.2504313347,1.2733930736,-0.1540380772
2.036113,0.484516,-20.428114,0.404707,0.2919361157,1.5213575344,0.0236875235
2.037165,1.915966,-7.524969,-4.506897,0.2323395071,2.0853968659,0.1013759597
2.038211,0.006565,2.62228,-2.145965,0.1450730445,2.4089213126,0.0098525965
2.039228,-2.174235,-1.333184,1.92262,0.1333665678,2.0204791315,-0.1519096269
2.040277,-2.282314,-13.113379,2.93136,0.1706144482,1.3904578405,-0.2232127122
2.041326,-1.396064,-22.326832,4.125036,0.2419175335,1.2074111141,-0.1231755477
2.042375,1.027314,-18.76883,0.740953,0.3025783672,1.5639265406,0.0460362517
2.043392,2.288239,-3.705983,-4.653405,0.2440459838,2.1609568518,0.0907337082
2.044441,-0.485796,2.969461,-1.778495,0.1472014948,2.4099855377,-0.0316521845
2.04549,-2.558517,-4.393161,2.914548,0.1546510709,1.989616602,-0.1785152557
2.046541,-1.797159,-14.664917,2.621533,0.2057338783,1.4181276945,-0.2168273613
2.047588,-0.843659,-22.231058,2.347732,0.2472386592,1.3074482786,-0.1104048459
2.048605,0.854387,-17.693768,-0.190931,0.2759727384,1.6873766584,0.0428435762
2.049654,1.510068,-1.938954,-3.853618,0.2270183813,2.1811771297,0.0641280793
2.050703,-1.13187,3.673399,-1.060368,0.1578437463,2.2748289432,-0.0678358397
2.051752,-2.707426,-5.643011,2.837692,0.1791282494,1.8427535308,-0.1955428582
2.052769,-1.45851,-17.2987,2.340527,0.2302110568,1.3776871387,-0.1902217324
2.053818,0.0546,-22.283734,1.250127,0.2419175335,1.379815589,-0.0582578134
2.054867,1.113777,-13.173238,-0.601632,0.2270183813,1.8225332529,0.0662565296
2.055918,0.542158,0.433846,-1.711246,0.18338515,2.224810361,0.0471004769
2.056933,-1.602616,1.082714,0.344662,0.1578437463,2.1715991033,-0.0891203428
2.057982,-1.127067,-18.986716,2.378955,0.2270183813,1.3223474307,-0.1700014545
2.059031,0.338008,-22.307678,2.393366,0.2504313347,1.42132037,-0.0359090851
2.060079,1.135393,-10.410159,-0.356652,0.2472386592,1.8736160603,0.0577427284
2.061129,0.904824,2.497774,-2.523042,0.1940274016,2.2077827585,-0.0007896551
2.062146,-1.372047,0.433846,0.186146,0.1610364218,2.1322227726,-0.1487169514
2.066309,0.448489,-7.058071,-0.445517,0.2036054279,2.0609196873,0.0683849799
2.067358,0.244339,3.656639,-2.194,0.1684859979,2.2162965598,-0.0156888072
2.063195,-2.683409,-10.965648,2.904941,0.1918989513,1.7118538369,-0.2200200367
2.064244,-0.759597,-20.930927,1.545544,0.2185045801,1.4170634694,-0.1444600508
2.065295,0.705478,-20.212622,0.532,0.2185045801,1.6309727253,0.0002745701
2.068407,-1.333618,-0.808821,0.037237,0.1546510709,1.9885523769,-0.1625518784
2.069456,-2.63057,-14.423088,3.197956,0.1940274016,1.5607338651,-0.2029924343
2.070473,-0.382521,-23.109784,1.970655,0.2355321826,1.352145735,-0.0944414686
2.071522,1.735834,-17.439967,-0.044423,0.2408533083,1.6384223013,0.0385866756
2.072571,0.854387,-3.069086,-0.894647,0.2067981034,2.072626164,0.0556142781
2.07362,-0.548242,2.871292,-1.317357,0.1748713488,2.1875624806,-0.0571935882
2.074672,-1.70349,-4.311753,0.733748,0.1897705009,1.9534329468,-0.1774510306
2.075686,-1.912443,-16.271525,2.513454,0.2259541562,1.615009348,-0.180643706
2.076735,-0.329682,-23.021193,0.764971,0.224889931,1.531999786,-0.0603862637
2.077786,0.551765,-14.794212,-0.169315,0.2025412028,1.8204048026,0.0513573775
2.078833,-0.055881,0.836096,-0.50316,0.1801924746,2.0853968659,0.0226232983
2.07985,-0.968551,3.187346,-1.591158,0.1599721966,2.037506734,-0.117854422
2.080899,-2.054147,-8.712566,1.370215,0.1855136003,1.7906064983,-0.2072493349
2.081948,-1.732311,-20.430508,3.500578,0.2355321826,1.5426420375,-0.1465885011
2.082997,0.143465,-21.364304,1.480696,0.2419175335,1.5468989381,-0.0082392311
2.084014,0.573381,-9.241717,-0.025209,0.2099907789,1.8587169081,0.0651923045
2.085063,-1.047809,-0.080939,-0.873031,0.1642290973,2.0971033426,-0.1295608987
2.086111,-1.583402,-11.099732,0.91388,0.1918989513,1.8363681799,-0.1966070833
2.087162,-1.211129,-21.333178,2.141181,0.2153119046,1.5756330173,-0.1327535741
2.088177,0.148269,-20.200651,1.396634,0.2099907789,1.6054313216,-0.0029181054
2.089226,0.510935,-6.531315,0.186146,0.1865778255,1.8927721131,0.0460362517
2.090275,-0.507412,3.014953,-0.628051,0.1663575476,2.051341661,-0.0412302109
2.091324,-1.225539,-1.601351,-0.447919,0.1780640243,1.9576898474,-0.1614876533
2.092373,-1.05021,-13.771825,0.81781,0.2099907789,1.7735788959,-0.1902217324
2.09339,-0.54584,-22.844012,1.874585,0.2195688053,1.6597068044,-0.0933772434
2.094438,0.148269,-17.708134,1.706462,0.2099907789,1.7671935449,0.0322013247
2.095487,0.225125,-1.764166,-0.361456,0.1844493752,2.0023873039,0.0375224505
2.096538,-0.725973,4.410859,-2.025877,0.1535868457,2.0641123628,-0.0880561177
2.097553,-1.626633,-5.848925,0.006014,0.169550223,1.9034143646,-0.194478633
2.098602,-1.475322,-19.400938,2.270876,0.2216972556,1.6820555326,-0.1678730042
2.099651,-0.262432,-22.970912,1.531133,0.2365964077,1.5681834412,-0.0433586612
2.1007,0.534953,-12.521975,0.971522,0.2067981034,1.705468486,0.0502931523
2.101717,-0.091907,1.101869,0.126102,0.1706144482,1.9470475959,0.0130452719
2.102766,-0.805231,2.603125,-1.331768,0.1578437463,2.0130295554,-0.1125332962
2.103815,-0.634706,-8.099613,-0.515168,0.1812566997,1.9076712652,-0.194478633
2.104863,-0.70916,-21.000363,1.310171,0.2078623286,1.760808194,-0.1561665275
2.105915,-0.870078,-24.251889,2.837692,0.2174403549,1.6820555326,-0.0252668336
2.106929,-0.154353,-10.27847,2.081136,0.2174403549,1.7778357965,0.0577427284
2.107979,0.008967,5.181839,-1.939413,0.1855136003,1.954497172,-0.0188814827
2.109027,-0.963747,2.16496,-1.999457,0.1567795212,2.0162222309,-0.1625518784
2.110076,-1.033398,-23.725132,2.025896,0.2302110568,1.6756701817,-0.1189186471
2.111093,0.193902,-20.978814,1.096414,0.2195688053,1.656514129,0.0151737222
2.112142,0.546961,-5.142592,0.359073,0.1791282494,1.8938363382,0.0577427284
2.113191,-0.889292,4.894517,-0.781764,0.14826572,2.0630481376,-0.0422944361
2.114239,-1.429689,-1.36431,-0.38067,0.1642290973,1.9800385757,-0.1700014545
2.115256,-0.454573,-15.395193,0.275011,0.2025412028,1.8140194517,-0.1891575073
2.116305,-0.339289,-24.888785,1.053182,0.2163761298,1.7033400357,-0.0859276674
2.117354,-0.274441,-18.529395,1.713667,0.2057338783,1.7320741149,0.0407151259
2.118403,-0.055881,-1.328395,0.815408,0.18338515,1.8949005634,0.0471004769
2.119452,-1.283181,5.878594,-0.080449,0.1748713488,1.9630109732,-0.0806065416
2.120469,-1.633839,-3.207959,0.006014,0.1961558519,1.8693591597,-0.1955428582
2.121518,-0.055881,-18.622775,-0.303813,0.2153119046,1.7852853725,-0.180643706
2.122567,0.184295,-27.371725,0.527196,0.2036054279,1.7661293198,-0.0582578134
2.123616,-0.555447,-17.025744,2.434196,0.1801924746,1.8055056505,0.0502931523
2.124633,-0.320075,3.493823,1.514321,0.1652933224,1.899157464,0.0109168216
2.125681,-0.934926,7.430132,-0.33984,0.169550223,1.9183135168,-0.1444600508
2.12673,-1.266369,-7.400463,-0.130886,0.1961558519,1.8331755045,-0.2327907386
2.127779,0.184295,-22.908659,-0.47674,0.2131834543,1.7831569222,-0.1625518784
2.128797,0.62622,-26.14103,0.289422,0.1940274016,1.8044414253,-0.0061107808
2.129845,-0.252825,-11.195506,2.369348,0.1748713488,1.8544600075,0.0854125824
2.130894,-0.771606,6.103663,1.031566,0.1674217727,1.9140566161,0.0109168216
2.131943,-1.232744,3.979876,-0.020405,0.1748713488,1.9097997155,-0.1402031502
2.132992,-0.740383,-10.759734,0.162129,0.2014769776,1.8310470542,-0.1987355336
2.134009,0.652639,-23.689217,-1.043556,0.2046696531,1.7778357965,-0.125303998
2.135057,0.289973,-25.250332,0.846631,0.175935574,1.8044414253,0.0077241462
2.136107,-0.783615,-8.68144,2.844897,0.1525226206,1.8895794376,0.0683849799
2.137155,-1.412877,2.89763,0.620865,0.1823209249,1.9470475959,-0.1710656796
2.138172,-1.033398,-12.830846,-0.099664,0.2163761298,1.8555242327,-0.2072493349
2.139221,0.117046,-25.760328,-1.576747,0.2121192292,1.8033772002,-0.1050837201
2.14027,-0.250424,-23.780202,0.524795,0.1738071236,1.8502031069,0.0332655499
2.141319,-1.026193,-4.572737,2.12677,0.1408161439,1.9066070401,0.061999629
2.142336,-1.083835,7.942523,0.529598,0.1503941703,1.8906436628,-0.062514714
2.143385,-1.496938,0.330889,0.54641,0.1982843022,1.816147902,-0.1997997588
2.144434,-0.440163,-15.395193,-0.039619,0.2323395071,1.7352667903,-0.2029924343
2.145483,1.092161,-27.002995,-1.860155,0.2163761298,1.7714504455,-0.076349641
2.146532,0.114644,-21.512754,1.000344,0.18338515,1.9300199934,0.0662565296
2.147549,-0.721169,-0.746568,2.042708,0.1589079715,2.0300571579,0.0726418805
2.148597,-1.021389,8.268154,-0.097262,0.1440088193,2.0045157542,-0.0795423164
2.149646,-1.857203,-2.405852,1.660828,0.1876420506,1.8778729609,-0.2125704606
2.150695,-0.555447,-17.619543,0.339859,0.2472386592,1.7161107376,-0.1955428582
2.151712,0.878405,-28.06848,-1.783299,0.2334037322,1.7171749627,-0.0635789391
2.152761,-0.305664,-19.604458,1.595981,0.1897705009,1.8970290137,0.0662565296
2.15381,-0.922917,3.290303,1.607989,0.1578437463,2.0226075818,0.0460362517
2.154859,-1.251959,8.521955,0.397501,0.14826572,2.0023873039,-0.1167901968
2.155876,-2.140611,-5.501745,2.311706,0.197220077,1.8778729609,-0.2242769373
2.156925,-0.40894,-20.306002,-0.154904,0.2461744341,1.7299456646,-0.1710656796
2.157974,1.137795,-27.594399,-2.093126,0.2153119046,1.7491017173,-0.0242026084
2.159023,-0.250424,-15.210828,0.666499,0.1546510709,1.9353411192,0.0886052578
2.160042,-0.788418,5.445217,0.524795,0.1248527666,2.0417636346,0.0385866756
2.161088,-1.25436,5.708596,0.589642,0.1291096672,1.9715247744,-0.1274324483
2.162137,-2.152619,-9.150732,3.034636,0.1961558519,1.7661293198,-0.2136346858
2.163186,1.668584,-24.53921,-1.406222,0.2334037322,1.7118538369,-0.0018538802
2.164235,-0.211995,-10.668749,0.976326,0.1844493752,2.0353782837,0.0811556818
2.165252,-0.865275,4.68142,0.54641,0.1674217727,2.1588284015,0.0130452719
2.166301,-1.09104,2.186509,0.483965,0.1663575476,2.0353782837,-0.1370104747
2.16735,-1.753927,-9.718193,2.138779,0.1961558519,1.8033772002,-0.2061851097
2.168399,-0.099113,-21.495993,-0.38067,0.2238257059,1.6341654007,-0.1402031502
2.169418,0.688665,-24.103439,-0.580016,0.2014769776,1.7373952406,-0.0018538802
2.170465,-0.459377,-8.566511,0.827417,0.1610364218,1.9981304033,0.0737061057
2.171514,-0.420949,5.538597,-0.918664,0.1354950181,2.1056171438,-0.0093034563
2.172563,-1.424885,0.311734,1.439866,0.1429445942,1.9800385757,-0.1551023023
2.17358,-2.265502,-12.847606,3.935297,0.2099907789,1.7107896118,-0.1976713085
2.174628,0.448489,-22.178383,-0.455124,0.2632020366,1.5617980903,-0.1061479453
2.175678,1.409194,-20.090511,-2.189197,0.2238257059,1.788478048,0.0258159738
2.176727,-0.617893,-4.895974,0.704927,0.1610364218,2.1237089714,0.0705134302
2.177775,-0.95414,4.743673,0.133307,0.1408161439,2.1811771297,-0.0305879594
2.178794,-1.629035,-1.816842,1.086807,0.1503941703,1.9938735027,-0.1646803287
2.179841,-2.195851,-14.708015,3.214768,0.2014769776,1.7342025652,-0.1817079312
2.18089,0.364427,-23.899919,-0.385473,0.2589451359,1.6139451228,-0.0774138661
2.181939,1.034519,-19.252489,-1.569542,0.2429817586,1.7959276241,0.0396509008
2.182956,-0.906105,-2.508809,0.575232,0.1791282494,2.0438920849,0.0513573775
2.184005,-0.937328,5.825919,-0.308617,0.1493299451,2.0811399653,-0.0689000649
2.185053,-1.275976,-2.853595,1.033968,0.1631648721,1.9289557683,-0.1934144079
2.186102,-1.645847,-16.937154,2.952976,0.2099907789,1.6990831351,-0.1859648318
2.187119,0.328401,-24.330902,-0.306215,0.2536240102,1.6235231492,-0.0571935882
2.188171,0.851985,-17.054477,-1.324562,0.2376606329,1.8406250805,0.0673207548
2.189217,-0.603483,4.913672,-1.045958,0.134430793,2.058791237,-0.0742211907
2.190266,-1.775543,-4.790623,2.441401,0.1503941703,1.8533957824,-0.1891575073
2.191315,-1.852399,-17.346587,4.384426,0.2312752819,1.6160735731,-0.1625518784
2.192332,0.837575,-23.136122,-1.163644,0.2706516126,1.6128808977,-0.0316521845
2.193381,1.317927,-15.390404,-1.937012,0.2163761298,1.9225704174,0.0768987812
2.19443,-0.468984,-0.394599,0.483965,0.155715296,2.1620210769,0.0545500529
2.195479,-0.848462,3.251994,-0.361456,0.1354950181,2.0885895413,-0.0827349919
2.196496,-1.737114,-6.164979,2.438999,0.1716786733,1.8651022591,-0.1817079312
2.197547,-1.835587,-18.704183,3.563024,0.2546882353,1.6831197578,-0.1423316005
2.198594,0.878405,-23.291755,-1.197269,0.2823580893,1.7533586179,-0.0146245821
2.199643,1.017707,-12.217892,-1.06277,0.2142476795,2.0566627867,0.0598711787
2.200662,-1.139076,1.183277,1.656025,0.1514583954,2.1620210769,-0.0007896551
2.201708,-1.1727,1.604682,0.078067,0.141880369,1.9534329468,-0.1370104747
2.202757,-1.232744,-8.128345,1.600784,0.175935574,1.7118538369,-0.2072493349
2.203806,-1.07663,-20.648394,3.920886,0.252559785,1.6139451228,-0.1295608987
2.204856,0.743906,-23.361191,0.049246,0.2887434402,1.8150836768,0.0322013247
2.205873,0.736701,-8.724538,-1.819325,0.2280826065,2.1630853021,0.1077613106
2.206923,-0.759597,4.640716,-0.25818,0.1472014948,2.2003331825,0.006659921
2.20797,-1.326413,0.603844,-0.061235,0.1078251641,1.9353411192,-0.1582949778
2.209019,-2.106986,-12.28254,3.265205,0.155715296,1.6533214535,-0.2115062355
2.210039,-1.143879,-23.023588,3.092278,0.2632020366,1.490495005,-0.1104048459
2.211085,1.752646,-22.190354,-3.159509,0.2738442881,1.6831197578,0.034329775
2.212134,1.346748,-6.318217,-2.306883,0.1897705009,2.1024244683,0.0747703308
2.213183,-0.822043,5.23212,1.007549,0.1376234684,2.1854340303,-0.0359090851
2.2142,-1.532965,-0.624456,0.906675,0.1323023427,1.9364053444,-0.1795794809
2.215249,-2.251092,-13.106196,3.709531,0.1918989513,1.7086611615,-0.1997997588
2.216298,1.668584,-21.337966,-3.887242,0.2717158378,1.940662245,0.0726418805
2.217347,-0.029462,-4.989354,-1.377401,0.1791282494,2.2907923205,0.0907337082
2.218364,-1.588205,5.883383,1.348599,0.141880369,2.1769202291,-0.0433586612
2.219415,-1.223137,-1.194311,0.731346,0.1408161439,1.7991202995,-0.1966070833
2.220461,-2.097379,-15.421531,4.504515,0.1940274016,1.5426420375,-0.2040566594
2.22151,-0.171166,-24.994137,1.473491,0.280229639,1.5405135872,-0.0540009127
2.222559,2.526013,-19.171081,-5.148168,0.2546882353,1.9693963241,0.0886052578
2.223577,-0.00064,-1.235015,-0.551195,0.162100647,2.3833799089,0.0715776554
2.224625,-1.869211,5.744511,1.783318,0.134430793,2.1875624806,-0.0827349919
2.225675,-1.537768,-4.201613,1.161262,0.1503941703,1.7640008695,-0.2136346858
2.226723,-2.104584,-17.839823,5.47963,0.2206330304,1.5575411897,-0.1817079312
2.22774,0.455694,-25.33174,0.003612,0.2951287912,1.6533214535,-0.021009933
2.228792,2.379506,-16.132652,-5.417165,0.2461744341,2.1151951702,0.0917979333
2.229838,-0.930122,1.990172,1.057986,0.1546510709,2.3897652598,0.0332655499
2.230887,-2.443233,4.094805,2.225242,0.1291096672,2.0343140585,-0.1306251238
2.231904,-1.681874,-8.166655,2.076333,0.1546510709,1.5841468185,-0.2295980631
2.232953,-1.480126,-18.900519,4.331588,0.2163761298,1.4649536013,-0.1572307527
2.234002,1.279499,-22.88711,-1.836138,0.2451102089,1.705468486,0.0130452719
2.235051,2.009635,-12.61296,-3.589424,0.1887062758,2.2216176855,0.1098897609
2.2361,-1.448903,3.589597,1.675239,0.1312381175,2.4248846899,0.0375224505
2.237117,-2.157423,2.971855,0.764971,0.1237885414,2.0300571579,-0.1338177993
2.238168,-1.590607,-11.073394,1.884192,0.1525226206,1.5820183682,-0.2189558116
2.239215,-1.25436,-22.578239,3.875253,0.224889931,1.4670820516,-0.1210470974
2.240264,1.663781,-23.354008,-1.985047,0.2695873875,1.7448448167,0.0407151259
2.241281,1.779065,-8.281583,-2.825664,0.2270183813,2.2567371156,0.0907337082
2.24233,-2.361573,0.953419,1.523928,0.1599721966,1.9811028008,-0.1912859576
2.243379,-1.532965,-14.102245,1.701658,0.1738071236,1.5490273884,-0.2317265134
2.244427,-0.579465,-23.569499,1.54074,0.2099907789,1.5107152829,-0.0986983692
2.245445,1.702209,-21.476839,-2.513435,0.2131834543,1.9066070401,0.0747703308
2.246493,1.135393,-5.33414,-2.01627,0.1631648721,2.4036001868,0.1162751118
2.247545,-1.991701,6.75732,1.603186,0.1174031905,2.4036001868,-0.0199457078
2.248591,-2.383188,-0.866286,1.816943,0.1131462899,1.9097997155,-0.1891575073
2.24964,-1.737114,-15.562797,2.799263,0.1578437463,1.4692105019,-0.2157631361
2.250657,-0.992568,-24.397944,3.188349,0.2365964077,1.379815589,-0.0752854158
2.251706,1.841511,-19.96361,-1.891378,0.266394712,1.7586797437,0.0917979333
2.252755,1.779065,-2.276557,-3.759949,0.211055004,2.3344255518,0.1077613106
2.253804,-1.787551,6.551406,1.247725,0.1546510709,2.3791230083,-0.0433586612
2.254821,-2.450438,-3.799363,2.720005,0.1514583954,1.87148761,-0.1966070833
2.25587,-1.09104,-17.854189,1.055584,0.1791282494,1.4979445811,-0.1934144079
2.256922,0.059404,-25.015686,0.445536,0.2078623286,1.5841468185,-0.0454871115
2.257967,1.373168,-17.600388,-1.785701,0.2014769776,2.0555985616,0.0854125824
2.258985,0.532551,0.56314,-1.768888,0.1567795212,2.4898024243,0.0534858278
2.260033,-2.066156,5.485921,1.852969,0.1333665678,2.3503889291,-0.1125332962
2.261082,-2.6714,-6.476245,2.830486,0.1493299451,1.8044414253,-0.2349191889
2.262131,-1.643446,-18.787985,2.787255,0.1961558519,1.4181276945,-0.1923501827
2.26318,-0.187978,-22.980489,2.179609,0.2589451359,1.4468617737,-0.0284595091
2.264197,1.77186,-14.229145,-2.859288,0.2483028844,1.9342768941,0.1109539861
2.265246,0.90002,1.305388,-3.10667,0.169550223,2.4568114445,0.0875410327
2.266298,-1.931657,4.145086,1.819344,0.1301738923,2.3280402009,-0.0710285152
2.268361,0.342812,-24.915123,1.521526,0.211055004,1.6043670964,-0.0029181054
2.267344,-2.157423,-7.819474,2.239653,0.134430793,1.7342025652,-0.1955428582
2.26941,1.942385,-13.16366,-2.203607,0.2089265537,2.1407365739,0.0864768075
2.270459,0.525345,3.864947,-2.066707,0.1376234684,2.5121511525,0.0002745701
2.271508,-2.16703,3.400444,2.117163,0.120595866,2.2620582414,-0.1721299048
2.272525,-2.613758,-10.180302,3.385293,0.162100647,1.7182391879,-0.2540752416
2.273574,-1.667463,-21.440923,3.221974,0.2121192292,1.4426048731,-0.1636161036
2.274622,0.167483,-21.646837,1.893799,0.2600093611,1.5979817455,0.0236875235
2.275674,1.750244,-7.891305,-3.988116,0.2195688053,2.1226447463,0.1226604628
2.27672,0.229929,3.869736,-3.495755,0.1184674157,2.4887381991,0.0407151259
2.277737,-2.164628,-0.449669,2.482231,0.0961186874,2.1449934745,-0.1189186471
2.278789,-2.347162,-12.627326,2.784853,0.1312381175,1.5309355608,-0.1880932821
2.279835,-1.420082,-21.749794,3.334856,0.1769997991,1.338310808,-0.0965699189
2.280884,1.181027,-19.659528,1.353403,0.2227614807,1.6394865265,0.0598711787
2.281901,2.86226,-5.487379,-4.410827,0.175935574,2.2045900831,0.0971190591
2.28295,0.114644,3.031714,-2.13876,0.0939902371,2.4972520003,-0.0242026084
2.283998,-2.424018,-3.521618,2.484633,0.1131462899,2.1375438984,-0.1678730042
2.285048,-2.176637,-15.179702,2.991404,0.1748713488,1.615009348,-0.1976713085
2.286065,-1.480126,-21.989229,3.522194,0.2334037322,1.5171006338,-0.0827349919
2.287114,0.50373,-16.369693,-0.411893,0.2685231623,1.8502031069,0.061999629
2.288165,1.786271,-2.130502,-4.883974,0.1961558519,2.3312328764,0.0694492051
2.289211,-0.740383,3.153826,-1.194867,0.1046324887,2.4546829942,-0.0646431643
2.290228,-2.72664,-5.219211,2.532668,0.1195316408,1.996001953,-0.194478633
2.291277,-2.2631,-17.315461,2.756032,0.1738071236,1.4862381044,-0.1934144079
2.292326,-1.088639,-23.195981,3.282018,0.2270183813,1.4564398001,-0.0518724624
2.293374,1.490854,-13.711966,-0.94028,0.2514955599,1.8725518351,0.0843483572
2.294424,-1.484929,2.188903,0.320645,0.1078251641,2.3833799089,-0.0891203428
2.29544,-2.892362,-8.580877,3.09468,0.1503941703,1.9513044965,-0.1849006066
2.296489,-1.19912,-18.890942,2.575899,0.2067981034,1.5543485142,-0.1519096269
2.29754,-0.250424,-21.941342,2.073931,0.2312752819,1.5937248449,-0.021009933
2.298586,0.5998,-11.231421,-1.838539,0.2216972556,1.9970661781,0.0747703308
2.299604,0.936047,2.514535,-3.402087,0.155715296,2.3695449819,0.0215590732
2.300653,-1.590607,0.979757,0.73615,0.1120820647,2.3067556978,-0.1210470974
2.301701,-2.925987,-11.358321,3.164331,0.1472014948,1.8374324051,-0.1934144079
2.30275,-1.083835,-20.792055,3.243589,0.2046696531,1.4809169786,-0.1274324483
2.303767,0.129055,-19.475163,2.294893,0.2451102089,1.6054313216,0.0045314707
2.304816,0.895217,-6.514554,-2.011466,0.2259541562,2.0279287076,0.0683849799
2.305865,0.938449,3.13946,-3.807984,0.1503941703,2.3344255518,-0.0093034563
2.306916,-1.487331,-2.147262,0.563223,0.1259169917,2.2194892352,-0.1444600508
2.307962,-2.337555,-14.284215,3.265205,0.1748713488,1.7640008695,-0.1891575073
2.30898,-0.425752,-22.365142,2.100351,0.2142476795,1.4990088062,-0.1018910447
2.310028,0.679058,-17.878133,0.844229,0.2206330304,1.7544228431,0.0279444241
2.311077,0.830369,-2.805708,-1.737665,0.18338515,2.2077827585,0.0556142781
2.312126,0.114644,3.931989,-2.302079,0.1216600911,2.3780587831,-0.0561293631
2.313143,-2.16703,-4.575132,1.644016,0.1259169917,2.1407365739,-0.1817079312
2.314191,-2.681007,-17.202926,3.795995,0.1855136003,1.719303413,-0.1817079312
2.31524,-0.211995,-22.963729,2.172403,0.224889931,1.5415778124,-0.0582578134
2.316292,1.041724,-13.695206,-0.397482,0.2163761298,1.7927349486,0.0534858278
2.317307,0.277964,0.855251,-1.961029,0.162100647,2.1332869978,0.0322013247
2.318355,-0.752392,1.789047,-1.199671,0.1269812169,2.197140507,-0.0880561177
2.319404,-2.097379,-8.291161,1.696855,0.1674217727,1.9427906953,-0.1774510306
2.321501,1.176223,-11.370293,-1.084386,0.155715296,2.0428278597,0.0641280793
2.322519,-0.853266,1.662146,1.343796,0.1397519187,2.2737647181,0.0141094971
2.320453,0.839976,-21.733034,-0.123681,0.2099907789,1.6309727253,-0.0167530324
2.323568,-1.463314,1.458627,-0.205341,0.1599721966,2.1375438984,-0.1157259717
2.324617,-1.278378,-9.770868,0.015621,0.1929631764,1.9140566161,-0.1859648318
2.325668,-0.567456,-20.650788,2.097949,0.2174403549,1.7501659425,-0.1210470974
2.326682,0.338008,-20.832759,0.940299,0.2057338783,1.7874138229,0.006659921
2.327731,-0.159157,-8.128345,0.784185,0.1876420506,2.0151580057,0.0641280793
2.32878,-0.656321,2.727632,-0.539186,0.1823209249,2.1503146002,-0.0061107808
2.329829,-0.644313,-0.634034,-1.680023,0.1738071236,2.0917822168,-0.1284966735
2.330846,-0.853266,-13.041548,0.375885,0.1769997991,1.9204419671,-0.1721299048
2.331895,-0.742785,-22.635703,1.876987,0.1801924746,1.7586797437,-0.0912487931
2.332944,-0.348896,-18.503058,2.542275,0.18338515,1.7969918492,0.0258159738
2.335043,-0.255227,4.286353,-1.761683,0.1514583954,2.1769202291,-0.0667716146
2.333992,-0.022256,-3.217536,0.332654,0.1727428985,2.0247360321,0.0417793511
2.336058,-1.223137,-4.237529,0.28702,0.1631648721,2.0896537665,-0.1763868054
2.337107,-1.708293,-17.837429,1.828951,0.2014769776,1.8427535308,-0.1721299048
2.338156,-0.774008,-23.995693,2.064324,0.2206330304,1.6948262345,-0.0529366876
2.339205,0.570979,-14.715198,0.745757,0.2036054279,1.8704233848,0.0524216026
2.340222,0.198706,1.626231,-1.408624,0.1535868457,2.1630853021,0.0141094971
2.341271,-1.23995,4.121142,-0.522374,0.1323023427,2.1928836064,-0.125303998
2.342319,-1.439296,-8.042148,1.000344,0.1684859979,1.9917450524,-0.2104420103
2.343368,-1.045407,-20.787266,1.600784,0.1961558519,1.7842211474,-0.1636161036
2.344385,-0.493002,-23.978933,2.854504,0.1982843022,1.7139822872,-0.0199457078
2.345434,0.424471,-11.537897,1.523928,0.1897705009,1.8725518351,0.0726418805
2.346483,-0.058283,4.046918,-1.677621,0.1546510709,2.0875253162,0.0013387952
2.347532,-1.225539,-10.417342,0.786587,0.1642290973,1.940662245,-0.20831356
2.348549,-0.430556,-22.199932,0.692918,0.1823209249,1.8097625511,-0.1359462496
2.349598,0.364427,-22.774576,1.747292,0.1716786733,1.8065698756,0.0045314707
2.350647,0.390847,-8.614398,0.89947,0.1578437463,1.9874881517,0.0705134302
2.351696,-0.632304,4.657477,-1.065172,0.141880369,2.1513788254,-0.0135603569
2.352744,-1.151084,1.571161,-0.632855,0.1472014948,2.1151951702,-0.1540380772
2.353762,-0.682741,-12.627326,0.40951,0.1738071236,1.9715247744,-0.2040566594
2.354811,-0.83165,-24.63259,1.70406,0.1908347261,1.8204048026,-0.1167901968
2.355859,-0.673134,-21.486416,2.683979,0.1982843022,1.7703862204,0.0258159738
2.356908,0.338008,-4.175275,0.351868,0.18338515,1.9310842186,0.0641280793
2.357926,-0.310468,5.976763,-1.821727,0.14826572,2.1173236205,-0.0529366876
2.358974,-1.391261,-1.675576,-0.224555,0.1472014948,2.1194520708,-0.180643706
2.360023,-0.745187,-16.336172,0.719337,0.1727428985,2.0055799793,-0.187029057
2.361072,-0.262432,-24.766674,0.95471,0.1791282494,1.8970290137,-0.0795423164
2.362089,-0.461779,-18.007427,2.400571,0.1684859979,1.8895794376,0.0375224505
2.363138,-0.348896,-1.397831,1.009951,0.1578437463,2.0045157542,0.0364582253
2.364186,-0.733178,5.722962,-1.415829,0.1493299451,2.0822041904,-0.0891203428
2.366284,-0.713964,-18.831083,0.981129,0.1652933224,1.9257630928,-0.1827721563
2.365235,-0.982961,-3.44021,-0.628051,0.1525226206,2.0396351843,-0.200863984
2.367301,-0.81724,-26.282296,2.119565,0.1791282494,1.8129552265,-0.0465513367
2.36835,-0.091907,-15.15097,1.740086,0.1791282494,1.8629738088,0.0694492051
2.369399,0.494123,3.240022,-0.961896,0.14826572,2.0566627867,0.0258159738
2.370448,-1.016586,4.906489,-1.442249,0.1227243163,2.1237089714,-0.1274324483
2.371465,-1.693883,-8.916086,0.752962,0.1514583954,2.017286456,-0.2093777852
2.372514,-0.380119,-21.586979,1.305367,0.1929631764,1.8821298615,-0.1508454017
2.373563,-0.252825,-11.480433,1.944236,0.1769997991,1.8810656364,0.0588069535
2.374612,-0.329682,4.504238,0.181343,0.1525226206,2.086461091,-0.0039823305
2.375629,-0.932524,3.972693,-0.877834,0.1429445942,2.1566999512,-0.1465885011
2.376678,-1.014184,-10.484384,0.140513,0.1535868457,2.0321856082,-0.2125704606
2.377727,-0.356101,-23.636541,0.303832,0.162100647,1.8810656364,-0.1348820244
2.378776,-0.130336,-23.203164,0.577633,0.1535868457,1.8693591597,0.0173021725
2.379825,0.081019,-7.254408,1.0772,0.1365592433,2.0258002573,0.0886052578
2.380841,-0.57226,5.445217,-0.33984,0.1195316408,2.1492503751,-0.0050465557
2.38189,-1.895631,0.922293,0.978728,0.1408161439,2.0566627867,-0.1497811766
2.382939,-1.23995,-13.05352,1.795327,0.1950916267,1.8597811333,-0.1912859576
2.383988,0.515738,-25.286247,-0.889843,0.2089265537,1.7874138229,-0.104019495
2.385005,0.374034,-23.17922,0.392698,0.1663575476,1.8863867621,0.020494848
2.386054,-0.435359,-4.108234,1.583972,0.1184674157,2.0577270119,0.0460362517
2.387103,-0.843659,8.498012,-0.17652,0.1163389653,2.1630853021,-0.0816707667
2.388152,-1.842792,-0.217417,1.228511,0.162100647,2.0981675677,-0.2200200367
2.389171,-0.951738,-17.212504,1.353403,0.2089265537,1.9374695695,-0.20831356
2.390218,0.835173,-26.459478,-1.463864,0.1982843022,1.9034143646,-0.0667716146
2.391266,-0.202388,-18.749675,0.786587,0.1525226206,2.0183506812,0.0683849799
2.392315,-1.307199,-0.006715,2.539873,0.1323023427,2.0832684156,0.0662565296
2.393365,-1.25436,7.446893,-0.486347,0.1291096672,2.0268644824,-0.0816707667
2.394381,-1.74432,-3.684434,0.77698,0.1535868457,1.9034143646,-0.20831356
2.395431,-0.336887,-20.090511,1.043575,0.1961558519,1.774643121,-0.1753225803
2.39648,1.658977,-27.350176,-1.804915,0.1769997991,1.8129552265,-0.03484486
2.397528,0.386043,-15.385616,0.462349,0.1152747402,2.0364425088,0.0683849799
2.398548,-1.043005,3.704526,1.069995,0.0918617868,2.1918193812,0.0268801989
2.399594,-1.559384,5.184233,0.176539,0.1099536144,2.1747917788,-0.1199828723
2.400643,-0.159157,-19.535022,0.174137,0.2312752819,1.816147902,-0.1551023023
2.401692,1.04893,-25.161741,-1.800111,0.1950916267,1.8129552265,-0.0231383833
2.402709,-0.353699,-13.654502,1.872183,0.141880369,2.0194149063,0.0747703308
2.403758,-0.855668,4.200156,1.026763,0.1248527666,2.1503146002,0.0268801989
2.404806,-1.215932,4.750856,0.263003,0.1333665678,2.1120024947,-0.1263682232
2.405855,-1.763534,-8.595243,2.172403,0.1769997991,1.9566256223,-0.2093777852
2.406904,0.114644,-23.169643,-0.613641,0.2078623286,1.8204048026,-0.1423316005
2.407923,0.964868,-26.490605,-0.995521,0.175935574,1.9183135168,0.0002745701
2.40897,-0.910908,-8.968761,1.944236,0.1195316408,2.1407365739,0.0694492051
2.411068,-1.556982,2.612703,0.861041,0.1056967138,2.1066813689,-0.1827721563
2.412084,-2.243886,-12.435778,3.358874,0.169550223,1.8885152124,-0.2232127122
2.410019,-1.263967,7.954495,0.030032,0.0897333365,2.2088469837,-0.0273952839
2.413133,0.001761,-23.3995,-0.702506,0.2131834543,1.7150465124,-0.117854422
2.414182,1.188232,-22.161622,-1.293339,0.18338515,1.8533957824,0.0364582253
2.415231,-0.125532,-5.595124,0.875452,0.1291096672,2.1449934745,0.0928621585
2.416248,-0.31287,5.222543,-0.85862,0.0961186874,2.2354526125,-0.0093034563
2.417299,-1.388859,-1.606139,1.490303,0.1078251641,2.086461091,-0.1497811766
2.418346,-2.219869,-14.104639,3.469355,0.175935574,1.8129552265,-0.1849006066
2.419394,0.51814,-23.784991,-1.084386,0.2259541562,1.6831197578,-0.1050837201
2.420414,1.327534,-19.805583,-1.970636,0.1844493752,1.9300199934,-0.0007896551
2.421461,-1.283181,-2.654864,1.293359,0.120595866,2.2375810628,0.0077241462
2.422509,-1.7179,5.203388,1.012352,0.1152747402,2.2503517647,-0.104019495
2.423558,-1.725106,-3.021199,1.250127,0.1472014948,2.0768830646,-0.2125704606
2.424607,-2.022924,-15.431108,3.152322,0.1961558519,1.8555242327,-0.1976713085
2.425624,0.455694,-23.140911,-0.414294,0.2227614807,1.7820926971,-0.0678358397
2.426675,-0.898899,-1.012341,1.161262,0.1163389653,2.2397095132,0.0662565296
2.427722,-1.052612,4.492266,-0.33984,0.0993113629,2.1758560039,-0.0635789391
2.42979,-1.25436,-17.691373,3.548613,0.1791282494,1.691633559,-0.1710656796
2.42877,-1.384055,-5.183296,0.829818,0.1174031905,1.9332126689,-0.1827721563
2.430836,1.81269,-23.689217,-1.468668,0.2153119046,1.7086611615,-0.0582578134
2.431885,1.577317,-15.105477,-2.258848,0.1652933224,2.0460205352,0.034329775
2.432934,-1.653053,-0.346712,1.939433,0.1163389653,2.2844069696,0.0119810468
2.433952,-1.549777,3.247205,0.87305,0.1333665678,2.2216176855,-0.1061479453
2.435,-1.182307,-5.432309,1.069995,0.1684859979,2.0353782837,-0.200863984
2.43605,-1.54017,-18.735309,2.93136,0.2131834543,1.8342397296,-0.166808779
2.437098,0.371633,-23.765836,-1.151635,0.2302110568,1.8480746566,-0.0316521845
2.438147,0.791941,-12.294512,-2.715183,0.175935574,2.1428650242,0.0588069535
2.439166,-0.982961,1.554401,0.796194,0.1216600911,2.3024987972,0.006659921
2.440212,-1.424885,1.870455,0.349466,0.1014398132,2.1545715009,-0.1284966735
2.441261,-1.804364,-8.154683,2.266072,0.1323023427,1.8821298615,-0.2072493349
2.44231,-1.372047,-19.525444,4.189884,0.2153119046,1.6607710296,-0.1487169514
2.443327,1.255481,-22.678802,-1.824129,0.2365964077,1.7980560744,-0.0050465557
2.444376,1.243472,-10.493961,-2.667147,0.1652933224,2.2322599371,0.0800914566
2.445425,-1.009381,3.00777,1.338992,0.1152747402,2.3716734322,0.0130452719
2.446474,-1.396064,1.235952,0.339859,0.106760939,2.1311585475,-0.1370104747
2.447491,-1.893229,-10.948888,2.657559,0.141880369,1.843817756,-0.2061851097
2.448542,-1.333618,-23.136122,3.637478,0.2270183813,1.6714132811,-0.1263682232
2.449588,1.238669,-22.594999,-2.671951,0.2376606329,1.857652683,0.0002745701
2.450637,0.568577,-6.186528,-2.52064,0.1567795212,2.2609940162,0.0279444241
2.451686,-1.693883,5.236909,1.70406,0.1237885414,2.2844069696,-0.0816707667
2.452703,-1.753927,-13.139717,2.967387,0.1567795212,1.7310098897,-0.235983414
2.453752,-0.533832,-24.089073,3.524596,0.2419175335,1.7129180621,-0.0912487931
2.454802,1.889546,-20.476001,-3.116277,0.2397890832,2.0364425088,0.0768987812
2.45585,0.443686,-3.852038,-2.6023,0.1376234684,2.4163708887,0.0960548339
2.456867,-1.578598,5.684652,1.523928,0.0897333365,2.3227190751,-0.0422944361
2.457918,-1.504144,-1.579802,0.875452,0.0833479856,1.9566256223,-0.1966070833
2.458965,-2.251092,-15.744768,4.413248,0.1269812169,1.6863124333,-0.2104420103
2.460013,-0.553046,-25.410753,2.787255,0.2227614807,1.6107524473,-0.0742211907
2.461031,2.446755,-20.33234,-4.547727,0.2195688053,1.9587540726,0.0513573775
2.462079,0.753513,-1.517549,-1.708844,0.1354950181,2.3918937101,0.0300728744
2.463128,-1.360038,7.722243,1.71847,0.1078251641,2.3014345721,-0.1221113226
2.464177,-1.626633,-3.35162,1.15886,0.128045442,1.9481118211,-0.249818341
2.465226,-2.092575,-18.538973,5.162597,0.1993485273,1.7352667903,-0.2072493349
2.466243,0.280366,-24.639773,0.656892,0.2695873875,1.774643121,-0.03484486
2.467294,2.27623,-17.087998,-6.21455,0.1982843022,2.1918193812,0.0843483572
2.468341,-0.495403,-0.028264,0.022826,0.092926012,2.49512355,0.0385866756
2.469389,-2.010915,6.170705,1.80013,0.0822837604,2.1822413549,-0.1295608987
2.470406,-1.602616,-5.631039,1.163663,0.1099536144,1.7214318633,-0.2530110165
2.471455,-2.150218,-19.652345,5.662164,0.1791282494,1.5341282363,-0.1891575073
2.472504,0.767923,-24.989348,-0.236564,0.2451102089,1.6852482081,-0.0018538802
2.473553,2.951125,-14.566748,-5.621315,0.1940274016,2.2226819107,0.1045686351
2.47457,-0.596277,3.987059,0.495973,0.1099536144,2.5493990329,0.0290086492
2.475619,-2.260699,5.550569,2.12677,0.0971829126,2.2120396592,-0.1519096269
2.47667,-1.835587,-9.725376,2.107556,0.1237885414,1.7597439689,-0.2508825662
2.477717,-1.941264,-22.345987,4.494907,0.1918989513,1.6245873743,-0.1540380772
2.478734,1.13059,-24.249494,-1.881771,0.2355321826,1.8512673321,0.0215590732
2.479782,-1.62183,5.086065,1.716069,0.1035682635,2.5270503046,-0.0273952839
2.480831,-2.227074,3.989453,1.927424,0.1163389653,2.1290300972,-0.2029924343
2.48188,-1.768337,-11.499588,1.838559,0.14826572,1.6873766584,-0.2732312944
2.482929,-1.552179,-23.509641,4.038573,0.2036054279,1.5649907657,-0.1508454017
2.483946,1.930376,-22.678802,-2.369329,0.2280826065,1.8949005634,0.034329775
2.484995,2.413131,-7.115536,-4.324363,0.155715296,2.5004446758,0.089669483
2.486046,-1.568991,6.443661,1.903406,0.0876048862,2.6345370452,-0.0273952839
2.487093,-2.337555,0.582295,1.843362,0.0812195353,2.1173236205,-0.1976713085
2.48811,-1.900434,-14.593086,2.496641,0.1152747402,1.59478907,-0.2466256656
2.489159,-1.451305,-24.163298,4.52613,0.2025412028,1.4660178264,-0.1189186471
2.490208,2.13933,-21.500782,-2.131554,0.2461744341,1.8363681799,0.0428435762
2.491257,2.396318,-4.872031,-4.470871,0.1684859979,2.4472334181,0.0588069535
2.492274,-1.62183,7.051825,1.740086,0.092926012,2.5472705826,-0.0859276674
2.493323,-2.654588,-0.942905,3.087475,0.0993113629,2.0428278597,-0.2444972153
2.494372,-2.291922,-16.10392,2.974592,0.1440088193,1.6001101958,-0.2519467913
2.495423,-0.934926,-23.303727,2.676774,0.2067981034,1.5894679443,-0.0912487931
2.496469,2.309855,-17.885316,-3.671084,0.2025412028,2.023671807,0.0683849799
2.497487,1.233865,-3.825701,-3.402087,0.1195316408,2.5217291789,0.0768987812
2.498535,-2.191048,4.066072,2.42699,0.0812195353,2.4493618684,-0.0571935882
2.499584,-2.157423,-2.824863,2.040307,0.0939902371,1.9066070401,-0.20831356
2.500634,-1.549777,-16.56603,3.226777,0.1301738923,1.4958161307,-0.2232127122
2.50165,-0.512216,-24.658928,3.058654,0.1993485273,1.4968803559,-0.0784780913
2.5027,2.201775,-16.812647,-3.54379,0.2131834543,1.9981304033,0.0566785032
2.503748,1.341945,-0.15277,-3.731128,0.1397519187,2.6079314163,0.0279444241
2.504799,-2.407206,-5.238366,2.434196,0.1184674157,1.996001953,-0.2572679171
2.505814,-1.737114,-19.034603,2.513454,0.1631648721,1.601174421,-0.2232127122
2.506863,-0.53143,-23.931046,2.381357,0.2280826065,1.6682206056,-0.0454871115
2.507912,1.6902,-13.254645,-4.192266,0.2185045801,2.1630853021,0.0907337082
2.508961,0.909627,1.511302,-3.673486,0.1259169917,2.605802966,0.0439078014
2.51001,-2.025326,2.773124,2.431794,0.0822837604,2.3663523064,-0.1231755477
2.511027,-2.755462,-9.023831,2.575899,0.0993113629,1.7437805916,-0.2349191889
2.512075,-1.857203,-21.057828,3.695121,0.1610364218,1.4553755749,-0.1710656796
2.513125,0.467703,-21.859934,1.370215,0.2344679574,1.6799270823,-0.0061107808
2.514175,2.379506,-9.052564,-5.201006,0.2004127525,2.266315142,0.0641280793
2.51519,0.325999,3.206501,-2.186795,0.1099536144,2.6653995746,-0.0295237342
2.516239,-2.404804,0.38117,2.765639,0.0993113629,2.3748661077,-0.1838363815
2.517291,-2.351966,-12.277751,2.866513,0.1376234684,1.8001845247,-0.2466256656
2.518337,-1.124665,-21.704302,3.971323,0.1982843022,1.5756330173,-0.1519096269
2.519354,0.364427,-19.903752,0.87305,0.2610735862,1.8086983259,0.0034672456
2.520403,1.125786,-7.091592,-4.204275,0.2163761298,2.3056914727,0.0609354038
2.521452,-0.358503,3.290303,-1.478275,0.1195316408,2.5664266353,-0.0327164097
2.522501,-2.162226,-0.899807,2.621533,0.100375588,2.1960762819,-0.1827721563
2.523551,-2.046942,-13.64253,2.847299,0.1269812169,1.6192662486,-0.2402403146
2.524567,-0.61309,-22.00599,2.909744,0.169550223,1.490495005,-0.1359462496
2.525616,1.401989,-18.570099,-0.294206,0.211055004,1.885322537,0.020494848
2.526667,1.711816,-4.82175,-3.656673,0.1706144482,2.4248846899,0.0598711787
2.527713,-0.747588,4.142692,-0.861022,0.100375588,2.5855826881,-0.0550651379
2.52873,-2.608954,-2.836835,2.273277,0.1056967138,2.169470653,-0.1976713085
2.529779,-2.431224,-16.886872,3.433329,0.1503941703,1.6480003277,-0.2125704606
2.530828,-1.189513,-23.277389,3.635077,0.2057338783,1.5586054148,-0.0774138661
2.531877,1.728628,0.28779,-4.617378,0.175935574,2.3525173794,0.0290086492
2.532894,-1.057416,1.870455,-0.921066,0.0939902371,2.4429765175,-0.1146617465
2.533943,-2.798693,-8.542567,3.33966,0.1269812169,2.0406994094,-0.2178915864
2.534991,-1.129469,-18.148694,2.021092,0.1780640243,1.6213946989,-0.1934144079
2.536043,0.707879,-21.065011,0.805801,0.1812566997,1.6990831351,-0.0710285152
2.537089,0.986484,-11.956908,-0.250975,0.175935574,2.1535072757,0.0236875235
2.538107,0.321196,0.814547,-1.466266,0.1450730445,2.4791601727,-0.0135603569
2.539155,-1.552179,1.02525,0.752962,0.1227243163,2.4014717365,-0.1433958257
2.540204,-2.772274,-8.868199,2.676774,0.155715296,1.9981304033,-0.2274696128
2.541253,-1.463314,-19.202207,2.100351,0.1855136003,1.6267158246,-0.1774510306
2.54227,-0.022256,-21.792893,1.266939,0.1993485273,1.6820555326,-0.0412302109
2.543319,0.868797,-9.792417,-1.134823,0.2025412028,2.079011515,0.0439078014
2.544367,1.145,3.340585,-3.399685,0.1493299451,2.3887010347,-0.0231383833
2.545419,-1.32161,0.304551,0.236583,0.100375588,2.3269759758,-0.166808779
2.546434,-2.897166,-12.351976,3.76237,0.1365592433,1.9427906953,-0.2210842619
2.547482,-0.495403,-21.761766,1.343796,0.1769997991,1.6767344069,-0.1370104747
2.548531,1.060938,-19.465586,0.404707,0.1769997991,1.8736160603,-0.0061107808
2.54958,0.275562,-5.456252,0.126102,0.1727428985,2.2705720426,0.0364582253
2.550597,-0.214397,3.307064,-1.449454,0.1546510709,2.4270131402,-0.0561293631
2.551646,-1.549777,-2.688385,0.637677,0.1493299451,2.2471590892,-0.1827721563
2.552696,-2.265502,-14.78224,2.621533,0.1727428985,1.899157464,-0.2061851097
2.553744,-0.099113,-22.374719,0.923487,0.1855136003,1.7384594658,-0.1050837201
2.554795,0.741504,-16.355327,-0.05403,0.1769997991,1.9555613971,0.0024030204
2.55581,-0.425752,-2.123319,-0.378268,0.1578437463,2.2226819107,-0.0018538802
2.556859,-0.687544,2.260734,-1.358187,0.1376234684,2.2492875395,-0.1135975214
2.557907,-1.40327,-17.772781,2.515855,0.1642290973,1.8597811333,-0.1849006066
2.558956,-0.300861,-21.778526,2.052315,0.1812566997,1.8033772002,-0.0635789391
2.559973,0.121849,-11.705502,0.825015,0.1940274016,2.0438920849,0.0258159738
2.561022,-0.091907,1.013278,-1.125216,0.1706144482,2.2950492211,-0.0114319066
2.562071,-0.608286,1.140178,-1.768888,0.1365592433,2.3163337242,-0.1359462496
2.56312,-1.631437,-9.366223,0.75056,0.1472014948,2.1120024947,-0.2146989109
2.564138,-1.393662,-20.502339,2.736818,0.1716786733,1.8395608554,-0.1657445539
2.565186,-0.04147,-21.43374,2.513454,0.1791282494,1.8001845247,-0.0433586612
2.566235,0.376436,-8.355808,0.676106,0.1748713488,2.037506734,0.0130452719
2.567284,-0.065488,3.113122,-1.466266,0.1408161439,2.2322599371,-0.062514714
2.568333,-0.942131,-0.74178,-0.877834,0.1152747402,2.2141681095,-0.1859648318
2.56935,-1.871613,-13.022394,1.617596,0.1429445942,2.0268644824,-0.2242769373
2.570398,-1.309601,-22.310072,2.667166,0.1823209249,1.8353039548,-0.131689349
2.571447,0.253946,-18.833478,1.259734,0.1887062758,1.9161850664,-0.007175006
2.572496,0.263553,-3.885559,-0.781764,0.1610364218,2.1950120567,0.0087883713
2.573513,-0.836454,3.905651,-0.89945,0.1301738923,2.2907923205,-0.0955056937
2.574562,-1.163093,-3.215142,-0.474338,0.1354950181,2.1673422027,-0.2061851097
2.575611,-1.13187,-15.842936,0.685713,0.1567795212,1.9864239266,-0.2157631361
2.57666,-0.742785,-23.605414,2.583105,0.1738071236,1.8427535308,-0.1050837201
2.577676,0.162679,-16.668987,2.069128,0.1844493752,1.9140566161,0.0130452719
2.578726,0.27316,-0.70347,-0.892245,0.1599721966,2.155635726,0.0034672456
2.579774,-0.507412,4.073255,-1.732862,0.1301738923,2.266315142,-0.117854422
2.580823,-1.052612,-5.245549,-0.097262,0.141880369,2.1822413549,-0.2210842619
2.581872,-1.112656,-18.819112,1.190083,0.1663575476,2.0204791315,-0.2072493349
2.582889,-0.716366,-25.542443,2.820879,0.1844493752,1.9034143646,-0.0859276674
2.583938,0.066609,3.134671,-2.215616,0.1440088193,2.1684064279,-0.0497440121
2.584986,-0.973354,3.864947,-1.382205,0.114210515,2.2311957119,-0.187029057
2.586036,-1.468117,-8.784397,1.406241,0.1461372696,2.1205162959,-0.2530110165
2.587053,-1.23995,-21.007546,2.1676,0.1855136003,1.9342768941,-0.1934144079
2.588101,-0.392128,-22.812885,2.789656,0.1982843022,1.8374324051,-0.0529366876
2.58915,0.594997,-10.055796,0.632874,0.1823209249,2.003451529,0.0300728744
2.590199,0.004163,3.357345,-1.874566,0.1376234684,2.2439664138,-0.0401659857
2.591216,-1.098246,1.915947,-0.64006,0.1152747402,2.2471590892,-0.180643706
2.592265,-1.203923,-10.850719,0.73615,0.1386876936,2.0683692634,-0.2466256656
2.593313,-1.040603,-23.243868,1.884192,0.1642290973,1.8980932388,-0.1742583551
2.594362,-0.12313,-22.779364,2.357339,0.1738071236,1.8757445106,-0.0295237342
2.595411,0.811155,-6.435541,-0.056432,0.155715296,2.0800757401,0.0215590732
2.596428,-0.365708,5.902538,-1.391812,0.1184674157,2.2673793671,-0.0891203428
2.597477,-1.41768,0.189622,0.238985,0.114210515,2.2067185334,-0.222148487
2.598526,-0.834052,-14.102245,0.923487,0.1472014948,2.0492132106,-0.2444972153
2.599575,-0.774008,-24.869631,1.653623,0.1791282494,1.9374695695,-0.139138925
2.600592,-0.440163,-20.614873,2.511052,0.1876420506,1.9417264701,0.0034672456
2.601641,0.374034,-2.43219,0.090076,0.1589079715,2.1066813689,0.0215590732
2.60269,-0.589072,6.522674,-1.643997,0.1248527666,2.2258745862,-0.1146617465
2.603738,-1.487331,-2.535147,-0.051628,0.1291096672,2.1588284015,-0.2434329901
2.604755,-0.908507,-17.214898,0.306234,0.1461372696,2.023671807,-0.2381118643
2.605804,-0.452172,-25.944693,0.813006,0.155715296,1.9172492916,-0.1135975214
2.606853,0.011368,-17.530952,1.869781,0.1546510709,1.9481118211,0.0098525965
2.607902,0.100234,1.09708,0.325448,0.1291096672,2.1354154481,-0.007175006
2.608921,-1.184709,5.718173,-0.121279,0.1237885414,2.2258745862,-0.1465885011
2.609967,-1.520956,-5.348506,1.146851,0.1578437463,2.1194520708,-0.249818341
2.611016,-0.132737,-25.832159,0.724141,0.155715296,1.9842954763,-0.0806065416
2.612065,-0.692348,-14.327314,2.479829,0.1397519187,2.0715619389,0.0300728744
2.613114,-0.240817,3.709314,-0.044423,0.1152747402,2.2067185334,-0.0178172575
2.614131,-0.932524,4.813109,-0.479142,0.1163389653,2.2131038843,-0.1721299048
2.61518,-1.547375,-8.281583,1.206895,0.1503941703,2.0619839125,-0.2572679171
2.616229,-0.159157,-21.7474,-0.68089,0.1631648721,1.9342768941,-0.1997997588
2.617277,0.234732,-25.537654,0.474358,0.1461372696,1.9470475959,-0.0582578134
2.618297,-0.711562,-11.193111,2.691184,0.1333665678,2.0736903892,0.0258159738
2.619343,-0.692348,5.708596,-0.039619,0.1216600911,2.1918193812,-0.0497440121
2.620392,-1.309601,3.383683,0.469554,0.1312381175,2.169470653,-0.1987355336
2.621441,-1.345627,-10.438891,1.720872,0.1769997991,2.0353782837,-0.2551394668
2.622458,0.703076,-22.55669,-2.254044,0.1769997991,1.9747174499,-0.1753225803
2.623507,0.474908,-24.553577,-0.05403,0.128045442,2.0524058861,-0.0316521845
2.624555,-1.292788,-8.865804,3.406909,0.1078251641,2.1439292493,0.0407151259
2.625604,-1.081433,6.764503,-0.205341,0.1131462899,2.1896909309,-0.0550651379
2.626653,-1.0358,2.514535,0.49117,0.1408161439,2.1630853021,-0.2072493349
2.627673,-0.958944,-12.92662,1.538338,0.1769997991,2.023671807,-0.2466256656
2.628719,0.263553,-25.520893,-1.374999,0.1791282494,1.9193777419,-0.1497811766
2.629768,-0.003042,-22.623732,0.712132,0.14826572,2.0066442045,-0.0114319066
2.630816,-0.70916,-3.907108,1.490303,0.1131462899,2.1684064279,0.0194306229
2.631833,-0.601081,6.64718,-0.911459,0.0993113629,2.2418379635,-0.1029552698
2.632882,-1.386457,-0.969243,1.387027,0.1397519187,2.1598926266,-0.2391760895
2.633931,-0.930122,-15.012097,1.000344,0.1940274016,1.9800385757,-0.249818341
2.63498,0.688665,-25.549626,-2.088323,0.1844493752,1.9321484437,-0.1359462496
2.635997,-0.036667,-20.490367,0.822613,0.1408161439,2.0928464419,0.0013387952
2.637048,-1.112656,6.716616,-1.036351,0.1078251641,2.2567371156,-0.1231755477
2.638095,-1.847596,-3.234296,2.040307,0.1578437463,2.1109382696,-0.249818341
2.639143,-1.055014,-16.827014,1.888996,0.2259541562,1.8746802855,-0.2349191889
2.640192,0.948056,-24.63259,-2.095528,0.2067981034,1.8491388818,-0.111469071
2.641209,0.162679,-17.566867,0.863443,0.1503941703,2.0907179916,0.0119810468
2.642258,-1.095844,-0.028264,1.644016,0.1174031905,2.2727004929,0.0077241462
2.643307,-1.105451,5.133952,-0.551195,0.1035682635,2.2609940162,-0.1306251238
2.644356,-1.609821,-5.463435,2.073931,0.141880369,2.0928464419,-0.2434329901
2.645373,-0.788418,-18.100807,1.463884,0.1897705009,1.8778729609,-0.2178915864
2.646424,0.402856,-23.86161,-1.221286,0.1812566997,1.8842583118,-0.0933772434
2.647471,-0.221603,-14.882802,0.411912,0.1450730445,2.127965872,0.0141094971
2.648519,-0.562653,0.7499,0.474358,0.1131462899,2.3227190751,-0.0103676814
2.649536,-0.987765,3.58002,-0.090056,0.100375588,2.3173979494,-0.1487169514
2.650585,-2.032531,-6.545681,2.921753,0.14826572,2.0630481376,-0.2551394668
2.652683,0.676657,-24.005271,-1.305348,0.2131834543,1.8353039548,-0.0891203428
2.651634,-0.963747,-19.420093,1.869781,0.2131834543,1.7512301676,-0.2253411625
2.653732,0.29958,-11.755783,-0.411893,0.1631648721,2.2258745862,0.0119810468
2.654749,-0.24562,3.180163,-0.72172,0.1078251641,2.3993432862,-0.0476155618
2.6558,-1.324011,2.023693,0.06846,0.0876048862,2.2673793671,-0.1987355336
2.656847,-2.604151,-10.005514,3.836825,0.1535868457,1.9991946284,-0.2657817183
2.657895,-0.617893,-20.748957,2.013887,0.2344679574,1.788478048,-0.1880932821
2.658912,1.397185,-21.670781,-2.13876,0.2099907789,1.912992391,-0.0454871115
2.659961,0.388445,-8.619187,-0.527177,0.1386876936,2.2429021886,0.0322013247
2.66101,-0.23121,3.668611,0.35427,0.106760939,2.3461320285,-0.0412302109
2.662059,-1.235146,0.199199,0.373484,0.100375588,2.18330558,-0.187029057
2.663076,-2.647382,-11.851557,3.978529,0.1578437463,1.9321484437,-0.2370476392
2.664124,1.870332,-20.758534,-3.094661,0.1993485273,2.00983688,-0.0369733103
2.665176,-0.529028,-6.564835,0.058853,0.114210515,2.3525173794,-0.0018538802
2.666222,-1.70349,3.59678,1.069995,0.0993113629,2.3897652598,-0.0955056937
2.667271,-1.614625,-1.024313,1.096414,0.1269812169,2.1928836064,-0.222148487
2.668288,-2.22227,-13.000844,3.397302,0.1812566997,1.9672678738,-0.2466256656
2.669337,-0.151951,-23.150488,0.58724,0.2334037322,1.8406250805,-0.1412673753
2.670385,0.988886,-19.405727,-2.145965,0.2004127525,1.9917450524,-0.0103676814
2.671434,-0.711562,-3.885559,0.16453,0.1259169917,2.2556728905,0.0151737222
2.672451,-0.778811,4.463534,0.435929,0.1110178396,2.2993061218,-0.0986983692
2.6735,-0.980559,-1.002764,0.443135,0.1227243163,2.1258374217,-0.2370476392
2.674551,-1.672267,-15.227589,2.952976,0.1514583954,1.8970290137,-0.2519467913
2.675598,0.371633,-25.784272,0.942701,0.211055004,1.8565884578,-0.1274324483
2.676614,1.0081,-17.95954,-1.651202,0.2131834543,2.1386081236,0.0034672456
2.677663,-0.925319,-1.12727,0.183744,0.1503941703,2.4014717365,0.0013387952
2.678712,-1.07663,3.951144,-0.195734,0.1131462899,2.349324704,-0.1284966735
2.679761,-1.590607,-4.714004,1.427857,0.1216600911,2.1088098193,-0.2434329901
2.680778,-2.046942,-16.932365,4.838359,0.18338515,1.8533957824,-0.2274696128
2.681827,0.789539,-23.05232,-0.700104,0.2323395071,1.816147902,-0.1082763956
2.682876,1.654174,-15.280264,-3.440515,0.1823209249,2.1258374217,-0.0093034563
2.683927,-0.802829,-0.559809,0.983531,0.1099536144,2.3844441341,-0.0316521845
2.684973,-1.249557,3.2496,0.323047,0.0971829126,2.293984996,-0.1572307527
2.68599,-1.319208,-5.865686,1.389429,0.1323023427,2.0555985616,-0.2530110165
2.687042,-1.549777,-18.589254,4.149054,0.2046696531,1.8629738088,-0.20831356
2.688088,0.707879,-24.08189,-0.72172,0.2472386592,1.9374695695,-0.0635789391
2.689137,-0.742785,3.570442,0.219771,0.1354950181,2.4802243979,-0.0369733103
2.691203,-2.335153,-11.229026,3.118698,0.1174031905,1.9811028008,-0.2679101686
2.690154,-1.153486,3.417204,-0.64006,0.0907975617,2.2844069696,-0.1976713085
2.692252,-2.145414,-23.717949,4.941635,0.2291468316,1.774643121,-0.17319413
2.693302,1.442819,-22.908659,-3.003394,0.2695873875,1.9225704174,-0.0337806348
2.694318,1.209848,-7.766798,-3.973706,0.1801924746,2.3535816046,-0.0039823305
2.695366,-2.04454,5.426062,1.699256,0.1174031905,2.4419122923,-0.1146617465
2.696418,-2.056549,1.310177,1.355804,0.1248527666,2.1162593953,-0.2593963674
2.697464,-1.576196,-12.648875,2.619131,0.1674217727,1.843817756,-0.291323122
2.698513,-0.951738,-23.701188,3.651889,0.2451102089,1.7767715713,-0.1614876533
2.69953,1.380373,-22.458521,-2.72479,0.2440459838,2.0630481376,0.0077241462
2.700579,0.835173,-5.666955,-2.897716,0.1546510709,2.522793404,0.0428435762
2.701628,-1.384055,7.645624,1.187681,0.1035682635,2.515343828,-0.0955056937
2.702677,-1.626633,0.730745,0.616062,0.0907975617,2.114130945,-0.2689743938
2.703693,-2.407206,-16.139836,4.038573,0.1376234684,1.8044414253,-0.2891946717
2.704742,-0.973354,-26.540886,3.563024,0.2483028844,1.7235603136,-0.1359462496
2.705793,2.636494,-20.440086,-4.629387,0.252559785,2.051341661,0.0109168216
2.70684,0.880806,-1.977263,-2.722388,0.1546510709,2.5004446758,0.0024030204
2.707857,-2.078165,6.958446,2.664765,0.1323023427,2.4110497629,-0.1380746999
2.708906,-1.398466,-2.111347,0.918684,0.1567795212,2.0066442045,-0.2721670692
2.709955,-1.122263,-17.008984,2.921753,0.1918989513,1.8108267762,-0.2647174932
2.711003,0.018574,-26.531308,1.425455,0.2504313347,1.8863867621,-0.1135975214
2.712052,1.572514,-19.424882,-4.173052,0.2206330304,2.2854711948,0.0130452719
2.713069,-0.485796,0.297368,-0.27259,0.1323023427,2.6409223961,-0.0263310588
2.714118,-2.251092,7.039853,2.626337,0.1216600911,2.4206277893,-0.1891575073
2.715169,-1.845194,-4.417105,1.593579,0.1450730445,1.9491760462,-0.3115433999
2.716215,0.417266,-24.754702,0.887461,0.2557524605,1.7693219952,-0.0891203428
2.717233,2.362694,-16.575607,-4.82393,0.2185045801,2.2578013408,0.0439078014
2.718282,-0.372914,1.865666,-0.752943,0.1248527666,2.6377297206,0.0013387952
2.719331,-2.128602,6.75732,2.352536,0.1025040383,2.3567742801,-0.1710656796
2.720379,-1.715499,-7.043705,1.816943,0.1163389653,1.8597811333,-0.2945157975
2.721396,-2.133405,-22.051482,4.458881,0.169550223,1.6437434271,-0.2274696128
2.722445,0.508533,-25.908778,0.443135,0.2451102089,1.802312975,-0.0497440121
2.723494,2.773395,-13.031971,-5.155373,0.2078623286,2.3333613267,0.0258159738
2.724545,-0.553046,4.236071,-0.097262,0.120595866,2.6664637998,-0.0710285152
2.725591,-2.443233,4.702969,3.044243,0.1227243163,2.3557100549,-0.235983414
2.726609,-1.871613,-9.105239,1.716069,0.1589079715,1.8746802855,-0.3232498766
2.727657,-1.914845,-22.11613,3.613461,0.2078623286,1.6660921553,-0.2285338379
2.728706,0.904824,-23.516824,-0.344643,0.2568166856,1.8672307094,-0.0369733103
2.729755,2.497192,-10.118049,-5.196203,0.1993485273,2.4546829942,0.0449720265
2.730772,-0.846061,4.564097,0.142914,0.1078251641,2.7569229378,-0.0476155618
2.731821,-2.30393,3.860158,2.698389,0.1014398132,2.3578385052,-0.2189558116
2.73287,-2.068558,-11.343955,1.764104,0.128045442,1.816147902,-0.305158049
2.733921,-2.387992,-25.259909,5.169803,0.197220077,1.5915963946,-0.1891575073
2.734935,1.265088,-22.66683,-0.601632,0.2685231623,1.829982829,0.0024030204
2.735984,3.342613,-5.980614,-7.216085,0.197220077,2.4727748218,0.0375224505
2.737033,-0.79082,5.3255,0.515188,0.092926012,2.7633082888,-0.0986983692
2.738082,-2.741051,0.421874,3.788789,0.1046324887,2.3163337242,-0.2615248177
2.739099,-2.380787,-13.436616,2.354937,0.1525226206,1.7820926971,-0.3126076251
2.740148,-2.313537,-24.065129,5.160196,0.2270183813,1.622458924,-0.1817079312
2.741197,1.368364,-20.636422,-1.706442,0.2759727384,1.9364053444,0.0002745701
2.742245,-1.333618,4.887334,1.19969,0.0876048862,2.7388311102,-0.1125332962
2.743297,-2.580133,-1.405014,3.378088,0.1035682635,2.2088469837,-0.2668459435
2.744312,-1.890827,-14.583509,2.818477,0.1535868457,1.6926977842,-0.3009011484
2.74536,-1.25436,-23.265417,4.012153,0.2280826065,1.6107524473,-0.1678730042
2.74641,1.939983,-18.112779,-2.864092,0.2578809108,2.0247360321,-0.0018538802
2.747458,2.096098,-3.042749,-5.321094,0.1748713488,2.6462435219,0.0194306229
2.748475,-1.741918,3.81706,1.391831,0.1131462899,2.7015832298,-0.1104048459
2.749524,-2.604151,-3.674857,2.784853,0.1312381175,2.1215805211,-0.2530110165
2.750573,-1.90764,-16.697719,3.404507,0.1812566997,1.6448076523,-0.2657817183
2.751622,-0.807633,-23.404289,3.731147,0.2578809108,1.6618352547,-0.1284966735
2.752639,2.105705,-15.37125,-3.976108,0.2600093611,2.1343512229,-0.0029181054
2.753687,1.529282,-0.863891,-4.874367,0.1525226206,2.6558215482,-0.0337806348
2.754736,-2.191048,2.665379,2.064324,0.1014398132,2.5962249396,-0.1753225803
2.755785,-2.894764,-6.579201,2.828085,0.1408161439,2.0396351843,-0.2870662214
2.756833,-1.862006,-18.055314,3.695121,0.2004127525,1.6416149768,-0.2562036919
2.757851,-0.637107,-21.838385,3.707129,0.2674589372,1.7246245388,-0.0997625944
2.758899,1.632558,-12.371131,-3.716717,0.2493671096,2.2450306389,0.0247517486
2.759949,1.243472,1.283839,-4.63419,0.1408161439,2.7313815341,-0.0188814827
2.760997,-1.869211,1.801019,1.480696,0.0876048862,2.564298185,-0.1710656796
2.762014,-2.729042,-9.976782,2.669568,0.1184674157,1.9470475959,-0.2732312944
2.763063,-1.581,-20.210228,3.723942,0.1812566997,1.5852110437,-0.2242769373
2.764112,0.292375,-20.777689,2.460615,0.2514955599,1.7480374922,-0.0806065416
2.76516,1.973608,-9.318336,-4.324363,0.2302110568,2.2929207708,-0.0082392311
2.766178,0.539756,2.399606,-3.22916,0.1408161439,2.6930694286,-0.0880561177
2.767226,-2.16703,-0.602907,2.359741,0.1323023427,2.4621325703,-0.2253411625
2.768275,-0.713964,-20.593324,2.902539,0.2376606329,1.6756701817,-0.2051208846
2.769324,0.623818,-18.977139,0.976326,0.2706516126,1.912992391,-0.0603862637
2.770373,1.024912,-5.93991,-3.920867,0.2153119046,2.425948915,-0.0029181054
2.77139,-0.567456,2.655801,-1.912994,0.1269812169,2.6877483028,-0.0912487931
2.772438,-2.30393,-3.023594,2.441401,0.1312381175,2.349324704,-0.2232127122
2.773487,-2.140611,-13.922669,2.234849,0.1716786733,1.7991202995,-0.2657817183
2.774536,-0.879685,-21.716273,2.49424,0.2057338783,1.615009348,-0.1742583551
2.775553,0.604604,-17.77757,1.096414,0.2429817586,1.912992391,-0.0380375354
2.776602,1.077751,-2.415429,-2.7392,0.2025412028,2.4195635641,-0.0135603569
2.77765,-0.581867,4.4779,-1.401419,0.1269812169,2.6441150715,-0.1306251238
2.7787,-2.450438,-4.857665,2.801665,0.141880369,2.32165485,-0.2530110165
2.779716,-2.090173,-17.823063,3.13551,0.1993485273,1.8331755045,-0.2530110165
2.780765,-0.394529,-23.164854,1.80013,0.2291468316,1.7097253866,-0.1348820244
2.781814,0.868797,-15.088716,-0.704908,0.2291468316,2.0289929327,-0.0220741581
2.782863,0.801548,-0.294036,-2.948153,0.1706144482,2.4642610206,-0.0369733103
2.783911,-0.83165,3.503401,-0.457526,0.1237885414,2.5738762114,-0.1678730042
2.784928,-2.265502,-7.034128,2.225242,0.1525226206,2.1864982555,-0.2796166453
2.785977,-2.013317,-19.3746,2.820879,0.1961558519,1.7118538369,-0.2551394668
2.787026,-0.144746,-21.814442,2.511052,0.2323395071,1.6969546848,-0.1210470974
2.788075,1.925573,-11.059028,-1.382205,0.2355321826,2.1343512229,-0.0231383833
2.789092,1.462033,0.709196,-3.171517,0.1706144482,2.564298185,-0.0603862637
2.790141,-1.129469,0.723562,-0.164511,0.134430793,2.5972891648,-0.1838363815
2.79119,-2.503277,-9.426082,2.350134,0.1801924746,2.2099112089,-0.2668459435
2.792238,-1.566589,-20.267693,3.342062,0.2270183813,1.8097625511,-0.2232127122
2.793255,0.008967,-20.200651,1.576766,0.238724858,1.8427535308,-0.0997625944
2.794305,0.902422,-8.066092,-2.01627,0.2078623286,2.2429021886,-0.0359090851
2.795353,-1.710695,-1.122481,0.596847,0.1312381175,2.4153066635,-0.2157631361
2.796402,-2.690614,-12.727889,3.17634,0.1780640243,2.023671807,-0.2615248177
2.79745,-0.992568,-21.941342,3.591845,0.2291468316,1.7459090419,-0.1774510306
2.798468,0.938449,-18.32827,0.637677,0.2323395071,1.9257630928,-0.0529366876
2.799516,0.873601,-4.412316,-1.898583,0.1801924746,2.3471962537,-0.0295237342
2.800565,-0.320075,2.864109,-1.077181,0.134430793,2.5110869273,-0.1327535741
2.801614,-1.797159,-3.926263,0.81781,0.1535868457,2.3227190751,-0.2487541159
2.802631,-2.33035,-15.950682,3.157126,0.2163761298,1.9874881517,-0.2551394668
2.80368,-0.437761,-21.778526,1.504714,0.2419175335,1.8172121272,-0.1444600508
2.804729,1.08976,-14.755902,-2.268455,0.1897705009,2.0641123628,-0.0369733103
2.805777,0.028181,-1.819236,-0.51757,0.1333665678,2.412113988,-0.048679787
2.806797,-1.165495,1.920736,0.294225,0.1386876936,2.4153066635,-0.1572307527
2.807843,-1.564188,-6.265542,0.037237,0.1791282494,2.169470653,-0.2487541159
2.808892,-1.412877,-18.261228,2.674372,0.2174403549,1.9364053444,-0.2264053876
2.809941,-0.154353,-23.322881,1.804934,0.2312752819,1.9023501394,-0.1050837201
2.810958,0.412463,-12.763804,-0.118878,0.2099907789,2.1481861499,-0.0263310588
2.812007,-0.322477,2.459465,-0.555998,0.1769997991,2.3887010347,-0.0869918925
2.813055,-0.891694,2.931151,-1.298143,0.1663575476,2.3706092071,-0.2264053876
2.814104,-1.472921,-10.513116,0.471956,0.1940274016,2.1896909309,-0.2955800226
2.815153,-1.456108,-23.06908,2.148386,0.2259541562,2.0130295554,-0.2157631361
2.816173,-0.087104,-21.577401,0.997942,0.2174403549,2.0258002573,-0.0742211907
2.817219,0.292375,-6.040473,0.106888,0.1791282494,2.2492875395,-0.0305879594
2.818267,-1.07663,4.781983,0.08287,0.155715296,2.3791230083,-0.1274324483
2.819317,-1.513751,-0.770512,0.034835,0.1716786733,2.2822785193,-0.2487541159
2.820334,-1.107853,-14.296187,0.495973,0.2067981034,2.1024244683,-0.2742955196
2.821382,-0.243218,-20.226989,1.807336,0.2089265537,2.0598554622,-0.0444228864
2.822431,0.229929,-0.756146,-0.234162,0.1706144482,2.3067556978,-0.0454871115
2.823479,-0.795624,6.462815,-1.084386,0.1472014948,2.3929579353,-0.1827721563
2.824497,-1.393662,-4.757102,0.337457,0.1684859979,2.2578013408,-0.2945157975
2.825547,-0.865275,-18.776013,1.065191,0.2057338783,2.0768830646,-0.2721670692
2.826594,-0.387324,-25.295825,2.057119,0.2238257059,1.9672678738,-0.139138925
2.827642,0.275562,-14.906746,2.064324,0.2163761298,2.0555985616,-0.0231383833
2.828691,0.198706,2.967066,-0.373464,0.1823209249,2.2546086653,-0.062514714
2.829708,-1.018988,5.256064,-0.690497,0.1589079715,2.2812142941,-0.2104420103
2.830757,-0.980559,-7.548913,-0.186127,0.1855136003,2.1471219248,-0.2998369232
2.831806,-0.113523,-22.192749,-0.486347,0.2004127525,2.0428278597,-0.249818341
2.832855,-0.072693,-26.572012,1.396634,0.1823209249,2.0343140585,-0.1018910447
2.833872,-0.065488,-11.020718,2.109958,0.169550223,2.1492503751,-0.0114319066
2.834923,-0.396931,6.70225,-0.308617,0.1567795212,2.2961134463,-0.097634144
2.835969,-1.314404,3.709314,-0.419098,0.1631648721,2.3003703469,-0.2476898907
2.837018,-1.191914,-11.224238,0.383091,0.2057338783,2.1950120567,-0.2966442478
2.838035,-0.468984,-23.890342,0.31344,0.224889931,2.0768830646,-0.2115062355
2.839084,-0.202388,-23.849638,2.523061,0.2142476795,2.0119653303,-0.0646431643
2.840133,-0.072693,-6.756383,2.381357,0.1950916267,2.1130667199,-0.0039823305
2.841181,-0.692348,6.311971,-0.121279,0.175935574,2.280150069,-0.1061479453
2.84223,-1.220736,0.816941,0.032433,0.1887062758,2.3046272475,-0.2466256656
2.843247,-0.262432,-13.228308,-0.983512,0.2004127525,2.2301314868,-0.2849377711
2.845345,-1.1727,-22.68359,2.962583,0.1652933224,2.1183878456,-0.0699642901
2.846394,-0.747588,-1.780927,2.184412,0.1610364218,2.1566999512,-0.0561293631
2.84741,-0.963747,7.875481,-0.608837,0.1674217727,2.2035258579,-0.1902217324
2.848459,-0.300861,-16.132652,-0.438312,0.2238257059,2.1535072757,-0.2700386189
2.844298,-0.195183,-25.870468,-0.745738,0.1791282494,2.1566999512,-0.1987355336
2.849508,0.659844,-24.879208,-0.973905,0.1929631764,2.1460576996,-0.145524276
2.851573,-0.536233,-0.883046,2.258867,0.1801924746,2.2173607849,-0.0093034563
2.850556,-0.404136,-19.575726,2.643149,0.1706144482,2.1524430506,-0.0156888072
2.852622,-0.538635,7.008727,-0.882638,0.1855136003,2.2961134463,-0.145524276
2.853673,-0.829248,-3.622181,-0.387875,0.2014769776,2.2758931684,-0.2689743938
2.854719,-0.065488,-19.214179,-0.668881,0.2131834543,2.1652137524,-0.2604605926
2.855768,-0.10872,-27.558484,-0.104467,0.1961558519,2.0832684156,-0.1433958257
2.856785,-0.838855,-16.027301,2.066726,0.1706144482,2.1269016469,-0.0433586612
2.857834,-0.589072,4.391704,0.666499,0.1589079715,2.2365168377,-0.0912487931
2.858883,-1.328815,6.448449,0.428724,0.1844493752,2.2695078175,-0.2338549637
2.859932,-1.996505,-7.129902,1.439866,0.2355321826,2.210975434,-0.2987726981
2.860948,-0.072693,-20.897406,-1.418231,0.252559785,2.1598926266,-0.2264053876
2.861997,0.51814,-26.25117,-0.748139,0.211055004,2.1779844542,-0.0774138661
2.863048,-0.901301,-13.223519,2.626337,0.1674217727,2.2311957119,0.0173021725
2.864095,-0.757195,5.538597,0.580035,0.1535868457,2.2737647181,-0.0550651379
2.865112,-1.194316,4.623956,0.575232,0.1769997991,2.2354526125,-0.2210842619
2.869275,-1.369645,-9.41411,3.454944,0.1525226206,2.2397095132,-0.0391017606
2.867209,0.832771,-23.263023,-1.792906,0.2568166856,1.9768459002,-0.2242769373
2.871373,-1.278378,3.637484,0.724141,0.1950916267,2.2886638702,-0.2679101686
2.868258,1.120983,-25.173713,-0.748139,0.2046696531,2.0747546143,-0.0986983692
2.866161,-1.588205,-10.479595,2.150788,0.2355321826,2.0843326407,-0.2945157975
2.872424,-1.309601,-11.537897,1.680042,0.238724858,2.2003331825,-0.2998369232
2.87347,0.347615,-24.134566,-0.234162,0.2025412028,2.2162965598,-0.0380375354
2.870324,-1.566589,7.042248,0.760167,0.155715296,2.3056914727,-0.1274324483
2.874487,-0.985363,-6.277514,1.934629,0.1578437463,2.3344255518,0.0173021725
2.875536,-0.968551,7.121261,-0.849013,0.1354950181,2.3589027304,-0.0955056937
2.876585,-1.583402,0.713984,2.121966,0.1780640243,2.2535444402,-0.2455614404
2.877634,-1.561786,-13.664079,2.967387,0.2483028844,2.0130295554,-0.2785524202
2.878651,0.945654,-24.898363,-2.167581,0.2546882353,1.8842583118,-0.187029057
2.879699,1.015305,-22.118524,-0.044423,0.2078623286,2.0747546143,-0.0593220385
2.880748,-0.985363,-4.187247,1.776113,0.155715296,2.3450678034,-0.0263310588
2.881799,-1.067023,6.362253,-0.541588,0.141880369,2.4365911666,-0.139138925
2.882814,-1.496938,-0.83037,2.41258,0.1929631764,2.3205906248,-0.2711028441
2.883863,-1.607419,-14.262666,2.484633,0.2589451359,2.065176588,-0.2860019962
2.884912,0.285169,-24.39555,-2.72479,0.252559785,1.9725889996,-0.1774510306
2.885961,0.64063,-20.267693,-0.810585,0.1950916267,2.1982047322,-0.03484486
2.88701,-0.601081,-2.06346,1.884192,0.14826572,2.4174351138,-0.0103676814
2.888027,-1.07663,5.849862,-0.618444,0.1323023427,2.3918937101,-0.1423316005
2.889076,-2.027728,-4.158515,2.765639,0.1855136003,2.1790486794,-0.2657817183
2.890125,-1.516152,-16.748,3.481364,0.2706516126,1.9055428149,-0.2540752416
2.891176,1.209848,-23.567105,-2.940948,0.2717158378,1.8725518351,-0.1433958257
2.89219,0.868797,-17.037716,-0.873031,0.2067981034,2.1811771297,-0.0401659857
2.893239,-0.961345,-0.696287,1.550347,0.1567795212,2.4557472193,-0.0518724624
2.894288,-1.110255,4.427619,-0.666479,0.1461372696,2.4493618684,-0.1859648318
2.895337,-2.061352,-5.133015,2.782451,0.2025412028,2.2280030365,-0.2955800226
2.896353,-1.693883,-17.708134,2.79446,0.2749085132,1.9640751984,-0.263653268
2.897402,0.671853,-23.502457,-2.782432,0.2600093611,1.9747174499,-0.125303998
2.898451,0.522944,-14.329708,-1.48548,0.1918989513,2.2812142941,-0.0050465557
2.8995,-0.689946,0.663703,1.509517,0.162100647,2.4791601727,-0.0252668336
2.900551,-1.859604,-7.682996,1.910611,0.1908347261,2.1449934745,-0.2647174932
2.901566,-0.949336,-19.053758,3.077868,0.266394712,1.9257630928,-0.2285338379
2.902615,1.221857,-22.173594,-2.095528,0.2717158378,1.9917450524,-0.1167901968
2.903664,0.537354,-11.616911,-0.748139,0.2142476795,2.293984996,-0.0391017606
2.904712,-0.992568,1.283839,1.067593,0.1801924746,2.4908666494,-0.0806065416
2.905729,-1.460912,1.156939,-0.154904,0.1738071236,2.4333984911,-0.2061851097
2.906778,-1.768337,-8.437216,2.475025,0.2025412028,2.1854340303,-0.2796166453
2.907827,-1.139076,-19.68826,2.527864,0.2578809108,1.9502402714,-0.2295980631
2.908876,-0.40894,-23.330064,0.195753,0.2738442881,1.9981304033,-0.097634144
2.909893,-0.139943,-10.446075,0.015621,0.2397890832,2.2620582414,-0.0061107808
2.910942,0.102635,4.030157,-0.748139,0.18338515,2.412113988,-0.0710285152
2.91199,-1.09104,1.405951,-0.224555,0.1386876936,2.3184621745,-0.2232127122
2.913039,-1.94847,-11.348744,3.077868,0.1738071236,2.065176588,-0.2806808705
2.914088,0.037788,-20.473606,1.747292,0.252559785,1.9119281658,-0.200863984
2.915105,0.984082,-20.241355,-2.073912,0.2472386592,2.1034886935,-0.0752854158
2.916154,-0.569858,-9.495518,-0.080449,0.1908347261,2.4110497629,-0.0146245821
2.917202,-0.903703,1.604682,0.459947,0.169550223,2.4493618684,-0.0880561177
2.918251,-1.340824,0.27103,0.135709,0.162100647,2.266315142,-0.2264053876
2.919268,-2.361573,-10.901001,3.964118,0.1961558519,2.0460205352,-0.2711028441
2.920317,-0.704357,-21.311629,1.699256,0.2717158378,1.926827318,-0.1838363815
2.921365,0.698272,-20.317974,-1.807316,0.2759727384,2.0960391174,-0.0646431643
2.922414,0.018574,-6.964692,-0.277394,0.2216972556,2.390829485,-0.0316521845
2.923431,-0.048676,2.629463,-1.271723,0.1769997991,2.4525545439,-0.1338177993
2.92448,-1.21353,-1.594168,0.349466,0.155715296,2.280150069,-0.2668459435
2.925528,-2.363974,-13.767036,4.192285,0.2067981034,2.0555985616,-0.277488195
2.926577,0.861592,-17.578839,-2.078716,0.2589451359,2.2099112089,-0.0305879594
2.927626,-0.716366,-3.485703,0.090076,0.1897705009,2.4546829942,-0.0188814827
2.928643,-0.656321,3.443542,-0.471937,0.1589079715,2.390829485,-0.1412673753
2.929691,-1.292788,-2.678808,0.666499,0.1599721966,2.1322227726,-0.2711028441
2.930741,-2.49367,-16.403214,4.831154,0.2163761298,1.9097997155,-0.2615248177
2.931789,0.097832,-25.279064,1.163663,0.2972572415,1.9342768941,-0.1231755477
2.932806,1.469238,-16.54448,-3.075447,0.2823580893,2.2982418966,-0.0188814827
2.933855,-0.697151,-0.0977,-0.637658,0.1940274016,2.5834542378,-0.062514714
2.934904,-1.09104,3.539316,-0.219752,0.1461372696,2.4493618684,-0.2104420103
2.935952,-1.617026,-5.801038,1.576766,0.1589079715,2.1471219248,-0.3147360754
2.936969,-2.38559,-18.301932,5.566093,0.2344679574,1.9321484437,-0.2615248177
2.938018,0.400454,-23.612598,0.904273,0.3100279433,1.9789743505,-0.097634144
2.939067,1.60854,-13.436616,-3.553398,0.2749085132,2.3482604788,0.0109168216
2.940115,-0.288852,1.53764,-0.704908,0.1908347261,2.5738762114,-0.0391017606
2.941133,-0.524225,3.845792,-0.808183,0.1514583954,2.3663523064,-0.2029924343
2.942182,-1.653053,-7.307083,1.788122,0.1663575476,2.0332498333,-0.3072864993
2.94323,-2.404804,-21.761766,5.539674,0.2514955599,1.8363681799,-0.2317265134
2.944279,1.260285,-25.832159,-1.831334,0.3089637182,2.003451529,-0.062514714
2.945327,1.997626,-11.569024,-4.682226,0.238724858,2.5142796028,0.006659921
2.946344,-1.554581,5.076488,1.483098,0.1631648721,2.6962621041,-0.0944414686
2.947393,-2.025326,3.967904,1.065191,0.1642290973,2.3365540021,-0.263653268
2.948442,-2.00371,-10.520299,2.475025,0.2131834543,1.9747174499,-0.3285710024
2.949491,-1.857203,-22.915842,5.124169,0.3089637182,1.8640380339,-0.2061851097
2.950508,1.483649,-22.434578,-2.676754,0.3323766715,2.1045529186,-0.0231383833
2.951557,1.272294,-8.178626,-4.084187,0.2312752819,2.5547201586,0.0258159738
2.952605,-2.037335,4.219311,2.616729,0.1674217727,2.5664266353,-0.090184568
2.953654,-1.266369,-12.13409,1.411045,0.1876420506,1.7842211474,-0.3126076251
2.954673,-0.50501,-23.832878,2.366946,0.2472386592,1.8182763523,-0.1966070833
2.95572,1.882341,-22.894293,-1.920199,0.2632020366,2.210975434,-0.0412302109
2.956768,0.604604,-5.458646,-1.495087,0.2131834543,2.6536930979,-0.0188814827
2.957817,-1.845194,7.205063,1.699256,0.1908347261,2.5877111384,-0.1540380772
2.958866,-1.578598,-0.191079,0.875452,0.1982843022,2.1535072757,-0.3094149496
2.959883,-1.381654,-16.321806,1.571963,0.2227614807,1.9023501394,-0.3094149496
2.960932,-0.351298,-25.33174,1.874585,0.2855507648,1.9991946284,-0.1444600508
2.96198,1.339543,-18.433621,-1.891378,0.294064566,2.3887010347,0.0077241462
2.963029,-0.053479,-0.799244,-1.869762,0.2206330304,2.7271246335,-0.0093034563
2.964049,-2.164628,6.606476,1.795327,0.1812566997,2.5738762114,-0.1689372293
2.965095,-1.869211,-4.151332,1.790523,0.1940274016,2.1130667199,-0.3072864993
2.966143,-1.220736,-19.166292,1.63681,0.2163761298,1.7863495977,-0.2881304466
2.967192,0.121849,-26.512154,1.307769,0.2674589372,1.8172121272,-0.131689349
2.968209,1.968805,-17.152645,-2.282865,0.2749085132,2.3227190751,-0.0039823305
2.969258,0.43648,2.73242,-1.73046,0.2078623286,2.8250333477,-0.0508082373
2.970307,-2.267904,7.341541,2.414981,0.1812566997,2.661142674,-0.2253411625
2.971356,-2.45284,-6.63906,2.686381,0.2014769776,2.1354154481,-0.3424059294
2.972404,-1.806766,-21.311629,2.777648,0.2429817586,1.8246617032,-0.277488195
2.973423,0.01377,-25.693286,0.837024,0.3047068175,1.8800014112,-0.0912487931
2.97447,1.872734,-13.309715,-4.514102,0.2781011887,2.3418751279,0.020494848
2.975518,0.057002,4.271986,-2.09793,0.1812566997,2.7377668851,-0.0561293631
2.976567,-2.363974,4.631139,3.111492,0.162100647,2.4749032721,-0.2317265134
2.977584,-2.522491,-8.930452,2.840093,0.1950916267,1.9204419671,-0.332827903
2.978633,-2.046942,-21.826413,3.308437,0.2440459838,1.6543856786,-0.2540752416
2.979682,3.090427,-10.81241,-5.152971,0.266394712,2.4557472193,0.0290086492
2.98073,-0.043872,3.742835,-1.408624,0.1684859979,2.8644096783,-0.0582578134
2.981747,-2.560919,2.682139,3.733549,0.1642290973,2.5472705826,-0.222148487
2.982799,-2.260699,-9.361435,2.287688,0.2057338783,1.9864239266,-0.3179287509
2.983846,-2.193449,-22.731477,3.841628,0.2653304869,1.7246245388,-0.2413045398
2.984894,0.438882,-24.661322,0.740953,0.3430189231,1.885322537,-0.0603862637
2.985943,2.754181,-8.46116,-6.54119,0.2951287912,2.4653252457,0.0034672456
2.98696,-0.300861,5.064516,-1.516703,0.1812566997,2.8367398244,-0.1157259717
2.988009,-2.707426,1.202431,4.391632,0.1769997991,2.4791601727,-0.2764239699
2.989057,-2.320743,-11.015929,2.537471,0.2206330304,1.9310842186,-0.3402774791
2.990105,-2.051745,-22.8488,3.337258,0.2706516126,1.7448448167,-0.2295980631
2.991122,0.794343,-22.190354,-0.164511,0.3174775194,2.0119653303,-0.0305879594
2.992174,2.660512,-6.035684,-6.005597,0.2578809108,2.6100598666,0.0375224505
2.993221,-0.553046,4.837053,-0.841808,0.1589079715,2.8558958771,-0.083799217
2.994269,-2.616159,-0.928539,3.611059,0.1493299451,2.3716734322,-0.2487541159
2.995286,-2.41201,-14.037597,2.93136,0.1908347261,1.7969918492,-0.3040938239
2.996335,-1.934059,-24.242311,5.167401,0.2781011887,1.6469361026,-0.1880932821
2.997384,1.505264,-19.666711,-0.467133,0.3483400488,1.9715247744,-0.0305879594
2.998432,2.910295,-2.657258,-7.302548,0.2717158378,2.6079314163,-0.0284595091
2.999449,-0.934926,4.334239,0.085272,0.1780640243,2.8473820759,-0.1710656796
3.000498,-2.841925,-4.134572,4.295561,0.1950916267,2.3652880813,-0.2987726981
3.001549,-2.106986,-16.522931,2.669568,0.2451102089,1.857652683,-0.2987726981
3.002595,-1.083835,-22.425001,3.952109,0.3121563936,1.8544600075,-0.1497811766
3.003644,1.651772,-14.214779,-3.063438,0.3185417445,2.2897280954,-0.0029181054
3.004661,1.709414,-0.856708,-6.476342,0.2046696531,2.7590513881,-0.0242026084
3.00571,-2.99804,-7.103564,3.349267,0.1716786733,2.1300943223,-0.2785524202
3.006759,-2.217467,-18.697,3.382892,0.2302110568,1.6767344069,-0.2551394668
3.007807,-0.766803,-22.453733,4.761503,0.3238628703,1.6948262345,-0.1008268195
3.008824,2.610075,-10.932127,-3.438113,0.3451473734,2.1886267058,0.0119810468
