Time (s), Acceleration X (m/s^2), Acceleration Y (m/s^2), Acceleration Z (m/s^2), Gyro X (rad/s), Gyro Y (rad/s), Gyro Z (rad/s)
0.000153,-0.192781,-9.785234,0.234181,0.0226871518,-0.0100624617,0.0151737222
0.000819,-0.192781,-9.785234,0.234181,0.0226871518,-0.0100624617,0.0151737222
0.001868,-0.199987,-9.778051,0.224574,0.0226871518,-0.0100624617,0.0162379474
0.002917,-0.19038,-9.785234,0.212566,0.023751377,-0.0089982365,0.0151737222
0.003934,-0.183174,-9.792417,0.210164,0.0226871518,-0.0079340114,0.0141094971
0.004985,-0.185576,-9.794812,0.212566,0.0216229267,-0.0079340114,0.0151737222
0.006033,-0.185576,-9.792417,0.229378,0.0216229267,-0.0079340114,0.0162379474
0.007082,-0.183174,-9.78284,0.24619,0.0216229267,-0.0068697862,0.0151737222
0.00813,-0.185576,-9.785234,0.238985,0.0216229267,-0.0068697862,0.0151737222
0.009148,-0.195183,-9.797206,0.234181,0.0216229267,-0.0068697862,0.0151737222
0.010197,-0.187978,-9.794812,0.229378,0.023751377,-0.0068697862,0.0151737222
0.011246,-0.178371,-9.794812,0.219771,0.023751377,-0.0089982365,0.0141094971
0.012295,-0.185576,-9.794812,0.224574,0.0226871518,-0.0089982365,0.0151737222
0.013313,-0.202388,-9.792417,0.219771,0.0216229267,-0.0079340114,0.0162379474
0.014362,-0.202388,-9.794812,0.207762,0.0205587015,-0.0068697862,0.0162379474
0.015411,-0.192781,-9.785234,0.212566,0.0216229267,-0.0047413359,0.0151737222
0.01646,-0.192781,-9.78284,0.224574,0.0226871518,-0.0058055611,0.0151737222
0.01748,-0.192781,-9.794812,0.229378,0.0226871518,-0.0068697862,0.0141094971
0.018527,-0.187978,-9.801995,0.222173,0.0216229267,-0.0047413359,0.0151737222
0.019576,-0.187978,-9.797206,0.217369,0.0216229267,-0.0047413359,0.0162379474
0.020625,-0.187978,-9.7996,0.219771,0.0226871518,-0.0079340114,0.0162379474
0.021674,-0.187978,-9.794812,0.222173,0.0226871518,-0.0079340114,0.0151737222
0.022692,-0.192781,-9.78284,0.224574,0.0226871518,-0.0068697862,0.0151737222
0.02374,-0.19038,-9.773263,0.219771,0.0216229267,-0.0068697862,0.0151737222
0.024789,-0.187978,-9.778051,0.222173,0.0216229267,-0.0068697862,0.0141094971
0.025839,-0.199987,-9.785234,0.229378,0.0216229267,-0.0068697862,0.0151737222
0.026858,-0.202388,-9.785234,0.212566,0.0216229267,-0.0068697862,0.0151737222
0.027905,-0.192781,-9.778051,0.200557,0.0216229267,-0.0068697862,0.0151737222
0.028954,-0.19038,-9.785234,0.207762,0.0216229267,-0.0068697862,0.0151737222
0.030003,-0.19038,-9.794812,0.219771,0.0226871518,-0.0058055611,0.0162379474
0.031021,-0.187978,-9.794812,0.219771,0.0226871518,-0.0047413359,0.0151737222
0.03207,-0.19038,-9.785234,0.217369,0.0216229267,-0.0047413359,0.0141094971
0.033119,-0.19038,-9.78284,0.217369,0.0205587015,-0.0058055611,0.0162379474
0.034168,-0.185576,-9.785234,0.222173,0.0216229267,-0.0058055611,0.0162379474
0.035217,-0.202388,-9.785234,0.222173,0.0205587015,-0.0047413359,0.0162379474
0.036235,-0.202388,-9.792417,0.219771,0.0194944764,-0.0058055611,0.0162379474
0.037284,-0.19038,-9.7996,0.219771,0.0205587015,-0.0047413359,0.0151737222
0.038333,-0.185576,-9.7996,0.219771,0.0205587015,-0.0058055611,0.0151737222
0.039381,-0.185576,-9.794812,0.219771,0.0205587015,-0.0068697862,0.0151737222
0.040399,-0.187978,-9.797206,0.224574,0.0184302512,-0.0068697862,0.0162379474
0.041448,-0.19038,-9.797206,0.219771,0.0184302512,-0.0058055611,0.0162379474
0.042497,-0.195183,-9.792417,0.212566,0.0184302512,-0.0068697862,0.0151737222
0.043546,-0.192781,-9.792417,0.212566,0.0184302512,-0.0058055611,0.0151737222
0.044564,-0.192781,-9.794812,0.212566,0.0184302512,-0.0058055611,0.0173021725
0.045613,-0.192781,-9.794812,0.219771,0.0184302512,-0.0058055611,0.0183663977
0.046662,-0.192781,-9.792417,0.226976,0.0173660261,-0.0036771108,0.0173021725
0.047711,-0.197585,-9.797206,0.224574,0.0163018009,-0.0047413359,0.0162379474
0.04876,-0.197585,-9.801995,0.224574,0.0163018009,-0.0058055611,0.0173021725
0.049777,-0.192781,-9.801995,0.23178,0.0152375758,-0.0058055611,0.0173021725
0.050826,-0.19038,-9.801995,0.234181,0.0152375758,-0.0047413359,0.0173021725
0.051876,-0.197585,-9.801995,0.226976,0.0152375758,-0.0047413359,0.0173021725
0.052925,-0.199987,-9.7996,0.214967,0.0141733506,-0.0047413359,0.0173021725
0.053942,-0.195183,-9.794812,0.207762,0.0131091254,-0.0047413359,0.0173021725
0.054992,-0.195183,-9.787629,0.212566,0.0131091254,-0.0058055611,0.0173021725
0.05604,-0.197585,-9.792417,0.219771,0.0141733506,-0.0058055611,0.0183663977
0.057089,-0.195183,-9.797206,0.217369,0.0152375758,-0.0047413359,0.0194306229
0.058108,-0.192781,-9.794812,0.219771,0.0141733506,-0.0047413359,0.0194306229
0.059156,-0.185576,-9.794812,0.229378,0.0131091254,-0.0036771108,0.0194306229
0.060205,-0.187978,-9.797206,0.234181,0.0131091254,-0.0026128856,0.0194306229
0.061254,-0.197585,-9.794812,0.234181,0.0131091254,-0.0036771108,0.0194306229
0.062271,-0.192781,-9.792417,0.238985,0.00991645,-0.0047413359,0.0194306229
0.06332,-0.195183,-9.790023,0.23178,0.00991645,-0.0036771108,0.0183663977
0.064369,-0.199987,-9.794812,0.222173,0.0088522248,-0.0036771108,0.0183663977
0.065419,-0.195183,-9.801995,0.219771,0.0088522248,-0.0036771108,0.0183663977
0.066468,-0.195183,-9.797206,0.219771,0.0088522248,-0.0026128856,0.0183663977
0.067485,-0.195183,-9.785234,0.222173,0.0088522248,-0.0036771108,0.0194306229
0.068534,-0.192781,-9.787629,0.236583,0.0077879997,-0.0036771108,0.0194306229
0.069583,-0.197585,-9.794812,0.23178,0.0088522248,-0.0036771108,0.0194306229
0.070632,-0.207192,-9.801995,0.219771,0.0088522248,-0.0047413359,0.0183663977
0.07165,-0.207192,-9.797206,0.229378,0.0077879997,-0.0047413359,0.0173021725
0.072699,-0.197585,-9.794812,0.234181,0.0045953242,-0.0036771108,0.0173021725
0.073748,-0.192781,-9.7996,0.229378,0.0045953242,-0.0036771108,0.0173021725
0.074797,-0.197585,-9.794812,0.224574,0.0035310991,-0.0036771108,0.0183663977
0.075814,-0.199987,-9.787629,0.219771,0.0035310991,-0.0026128856,0.0183663977
0.076863,-0.173567,-9.785234,0.219771,0.0035310991,-0.0026128856,0.0173021725
0.077912,-0.039069,-9.713404,0.253395,0.0045953242,-0.0026128856,0.0173021725
0.078961,0.225125,-9.433265,0.258199,0.0024668739,0.001644015,0.0215590732
0.08001,0.42207,-8.717355,0.186146,-0.0049827022,0.0112220414,0.0322013247
0.081028,0.51814,-8.221725,0.111692,-0.0103038279,0.0271854187,0.0449720265
0.082077,0.486917,-9.031014,0.022826,-0.0049827022,0.0527268224,0.0492289272
0.083126,0.191501,-10.16833,-0.109271,0.0014026488,0.0910389279,0.0502931523
0.084175,-0.281647,-10.699875,-0.474338,0.0109806751,0.1229656825,0.0449720265
0.085192,-0.769204,-11.358321,-0.851415,0.023751377,0.1378648347,0.0322013247
0.086241,-0.985363,-11.51156,-0.647265,0.0397147543,0.139993285,0.0236875235
0.08729,-1.103049,-11.04945,-0.575212,0.0599350322,0.1336079341,0.0183663977
0.08834,-1.187111,-12.866761,-0.042021,0.0567423567,0.1304152586,-0.0018538802
0.089358,-0.394529,-9.624813,0.16453,0.0216229267,0.1325437089,-0.0050465557
0.090406,-0.264834,-5.908784,1.000344,-0.0113680531,0.0889104776,-0.0061107808
0.091455,-0.596277,-5.899206,2.160395,-0.0092396028,-0.0111266868,0.0034672456
0.092505,-0.404136,-7.879333,2.244456,0.0056595494,-0.1143565267,0.0279444241
0.093554,0.335606,-8.793974,1.591177,0.0141733506,-0.1654393341,0.0492289272
0.094571,0.847182,-9.497912,-0.450321,0.0067237745,-0.1377694801,0.0492289272
0.09562,0.076216,-11.466067,-0.949887,-0.0166891789,-0.0739159709,0.034329775
0.096669,-0.879685,-11.889867,0.426322,-0.0262672052,-0.0696590703,0.0236875235
0.097718,-0.180773,-9.804389,-0.560802,-0.0198818543,-0.0920077985,0.0183663977
0.098736,0.948056,-8.820312,-1.780897,-0.0198818543,-0.0281542893,0.0141094971
0.099785,1.003296,-10.786072,-0.827397,-0.0262672052,0.0899747028,0.0183663977
0.100834,0.614211,-12.399863,0.395099,-0.0166891789,0.1602135629,0.0311370995
0.101883,0.378838,-10.48199,0.371082,0.0045953242,0.1772411654,0.0364582253
0.1029,0.141064,-7.666236,0.166932,0.00991645,0.1857549666,0.0322013247
0.103949,-0.584269,-7.836235,1.021959,0.0131091254,0.1729842648,0.0279444241
0.104998,-1.626633,-10.216217,1.850567,0.0269440524,0.1006169543,0.0290086492
0.106047,-1.797159,-10.877057,1.905808,0.0343936285,-0.0058055611,0.0258159738
0.107099,-0.956542,-8.858621,1.353403,0.0173660261,-0.061145269,0.0151737222
0.109163,-0.219201,-10.271287,2.016289,-0.0294598807,0.0165431672,0.0024030204
0.108114,-0.348896,-8.152289,1.468687,-0.0092396028,-0.0377323157,0.006659921
0.110212,0.088225,-11.274519,1.559954,-0.0496801586,0.0750755506,0.0045314707
0.111261,0.157876,-9.83791,1.28135,-0.0645793108,0.1240299077,0.0024030204
0.112278,-0.228808,-9.239323,1.094012,-0.0784142378,0.1187087819,-0.0093034563
0.113327,-0.233611,-9.734953,0.671302,-0.0954418402,0.0676259745,-0.0156888072
0.114376,-0.099113,-9.555377,-0.383071,-0.0699004365,0.0271854187,0.0055956959
0.115425,-0.315271,-10.110866,-0.784166,-0.0603224102,0.015478942,0.0130452719
0.116443,-0.336887,-9.39735,-1.293339,-0.0507443838,0.0186716175,0.0130452719
0.117492,-0.723571,-9.691855,-1.651202,-0.0401021322,0.0314423193,0.0055956959
0.118541,-1.045407,-10.860297,-1.262116,-0.031588331,0.0388918954,0.0013387952
0.11959,-0.850864,-9.861853,-1.041154,-0.0230745298,0.056983723,0.0034672456
0.120609,-0.745187,-9.009465,-0.474338,-0.0198818543,0.0878462525,0.0034672456
0.121656,-0.641911,-9.988754,0.344662,-0.0241387549,0.1229656825,0.0013387952
0.122705,-0.236013,-10.084528,0.359073,-0.0294598807,0.1623420132,-0.0029181054
0.123754,-0.132737,-9.485941,0.565625,-0.0347810065,0.1836265163,-0.0082392311
0.124803,-0.252825,-9.603264,1.03637,-0.0337167813,0.1623420132,-0.0061107808
0.12582,0.028181,-9.74453,0.728944,-0.0273314304,0.112323431,0.0002745701
0.12687,0.616612,-9.541011,0.234181,-0.0294598807,0.0761397758,0.0098525965
0.127919,1.034519,-9.457209,-0.255778,-0.0369094568,0.0740113255,0.0215590732
0.128967,1.068144,-9.615236,-0.72172,-0.0443590329,0.1016811795,0.0290086492
0.129986,0.808753,-9.667911,-0.820192,-0.0401021322,0.1495713114,0.0332655499
0.131034,0.220322,-9.737347,-0.68089,-0.017753404,0.1825622911,0.0375224505
0.132083,-0.394529,-10.177907,-0.536784,0.00991645,0.1687273641,0.0385866756
0.133132,-0.541037,-10.319174,-0.455124,0.0301367279,0.1219014574,0.0332655499
0.134149,-0.512216,-9.900163,-0.207743,0.0418432046,0.0697544249,0.0258159738
0.135198,-0.512216,-9.701432,0.058853,0.0407789794,0.0229285181,0.0236875235
0.136248,-0.339289,-9.658334,0.16453,0.0216229267,-0.0089982365,0.0236875235
0.137296,-0.224004,-9.694249,0.481563,-0.0049827022,-0.0238973887,0.0247517486
0.138345,-0.156755,-10.051007,0.649686,-0.0273314304,-0.0409249911,0.020494848
0.139362,0.085823,-9.682277,0.433528,-0.0496801586,-0.053695693,0.0098525965
0.140412,0.244339,-9.418899,0.495973,-0.0379736819,-0.0526314678,0.0013387952
0.141461,0.378838,-10.493961,0.207762,-0.0166891789,-0.0430534414,0.006659921
0.14251,0.491721,-10.110866,-0.005995,-0.0028542519,-0.0164478126,0.0130452719
0.143527,0.268357,-9.758896,0.263003,0.0014026488,0.0048366905,0.0183663977
0.144576,-0.024658,-10.290442,0.433528,-0.0028542519,0.0037724653,0.0236875235
0.145625,-0.113523,-10.039035,0.383091,-0.0124322782,0.0027082402,0.0279444241
0.146675,-0.192781,-8.995099,0.656892,-0.0230745298,0.0144147169,0.0290086492
0.147692,-0.339289,-8.837072,0.825015,-0.0305241059,0.0356992199,0.0322013247
0.148741,-0.468984,-9.890586,0.839425,-0.0283956555,0.0633690739,0.0417793511
0.14979,-0.543439,-10.455652,0.719337,-0.0198818543,0.0878462525,0.0428435762
0.150839,-0.548242,-9.531433,0.275011,-0.0220103046,0.1016811795,0.0311370995
0.151888,-0.761999,-9.088479,0.301431,-0.0273314304,0.1101949807,0.0226232983
0.152905,-1.033398,-10.264104,0.493572,-0.0252029801,0.1133876562,0.0247517486
0.153954,-0.788418,-11.092549,0.250994,-0.0262672052,0.1144518813,0.0247517486
0.155004,-0.329682,-10.007909,0.126102,-0.0326525562,0.1197730071,0.0173021725
0.156052,-0.238415,-8.877776,0.145316,-0.0411663574,0.1176445568,0.0141094971
0.157069,-0.0823,-9.914529,0.106888,-0.0432948077,0.1027454046,0.0173021725
0.158119,0.350017,-10.810015,-0.099664,-0.0401021322,0.098488504,0.0183663977
0.159168,0.309187,-9.315942,-0.058834,-0.0379736819,0.1016811795,0.0141094971
0.160217,-0.06789,-8.51623,0.289422,-0.0326525562,0.0782682261,0.0109168216
0.162283,-0.051077,-10.410159,0.435929,-0.0230745298,0.043148796,0.0151737222
0.161234,-0.077497,-9.976782,0.323047,-0.0262672052,0.0463414715,0.0109168216
0.163332,-0.425752,-9.327914,0.700123,-0.0262672052,0.0420845709,0.0130452719
0.164381,-0.843659,-9.56256,0.752962,-0.0411663574,0.0165431672,0.0045314707
0.16543,-0.896498,-10.683115,0.887461,-0.0560655095,0.001644015,-0.0007896551
0.166448,-0.884489,-10.44368,0.923487,-0.0635150856,0.0144147169,-0.0039823305
0.167497,-0.932524,-9.96481,0.584839,-0.0741573372,0.0410203457,-0.0082392311
0.168546,-0.524225,-9.85467,0.414314,-0.073093112,0.0633690739,-0.0156888072
0.169595,-0.332084,-8.635947,0.226976,-0.0720288868,0.0899747028,-0.0188814827
0.170612,-0.411342,-9.605658,0.24619,-0.0624508605,0.1038096298,-0.0124961318
0.171661,-0.06789,-10.31678,0.195753,-0.0518086089,0.1176445568,-0.0018538802
0.17271,0.261152,-8.822706,-0.267787,-0.0496801586,0.1431859605,0.0002745701
0.173759,-0.106318,-10.259315,0.099683,-0.0432948077,0.1580851126,-0.0007896551
0.174776,-0.065488,-11.657615,0.323047,-0.0411663574,0.1751127151,0.0024030204
0.175825,0.412463,-9.172281,-0.277394,-0.0475517083,0.2144890457,0.0013387952
0.176875,-0.159157,-9.160309,0.459947,-0.0411663574,0.2400304494,-0.0007896551
0.177924,-0.502609,-10.575369,0.861041,-0.0401021322,0.2251312973,0.0077241462
0.178975,0.398052,-8.667073,-0.157306,-0.0496801586,0.2240670721,0.0162379474
0.17999,0.424471,-8.36778,0.003612,-0.0464874832,0.2357735488,0.0151737222
0.181039,-0.0823,-10.381427,0.339859,-0.0496801586,0.2134248206,0.0215590732
0.182088,0.285169,-10.44368,-0.368661,-0.0528728341,0.1846907414,0.0322013247
0.183137,0.285169,-10.108471,-0.685694,-0.0390379071,0.1783053905,0.0268801989
0.184154,-0.135139,-10.31678,-0.863424,-0.0390379071,0.1591493378,0.0162379474
0.185203,-0.115925,-9.976782,-0.976307,-0.0390379071,0.1389290598,0.0151737222
0.186252,-0.173567,-9.567349,-0.92587,-0.0188176292,0.1410575101,0.0173021725
0.187302,-0.456975,-9.280027,-1.283732,-0.0103038279,0.1325437089,0.0141094971
0.188319,-0.507412,-9.256083,-0.834603,-0.0092396028,0.0974242788,0.0130452719
0.189368,-0.565055,-9.603264,0.025228,0.0077879997,0.0484699218,0.0109168216
0.190417,-0.649116,-10.05819,-0.020405,0.00991645,-0.0164478126,0.0024030204
0.191466,-0.401735,-10.118049,0.361475,-0.0092396028,-0.0685948451,-0.0007896551
0.192484,-0.284048,-9.849882,1.094012,-0.0220103046,-0.088815123,0.0024030204
0.193532,-0.089506,-9.155521,1.0772,-0.0667077611,-0.0781728715,-0.0007896551
0.194581,-0.003042,-9.991148,1.600784,-0.0550012844,-0.0462461169,-0.0018538802
0.19563,0.097832,-10.436497,0.870648,-0.0390379071,0.0048366905,-0.0007896551
0.196679,0.270759,-9.296787,0.457545,-0.0390379071,0.0750755506,0.0024030204
0.197697,0.09543,-8.657496,0.755364,-0.0347810065,0.1197730071,0.0045314707
0.198746,-0.0823,-9.282421,0.507982,-0.0390379071,0.1219014574,0.0098525965
0.199795,0.011368,-10.477201,0.779381,-0.0411663574,0.126158358,0.0215590732
0.200844,-0.115925,-10.781283,1.28135,-0.0305241059,0.1495713114,0.0279444241
0.201862,-0.252825,-9.062141,0.740953,-0.0432948077,0.1591493378,0.0236875235
0.20291,-0.096711,-8.362991,0.844229,-0.0518086089,0.1655346887,0.0173021725
0.203959,-0.005444,-9.775657,1.021959,-0.0305241059,0.2017183439,0.0215590732
0.205008,0.189099,-9.718193,-0.116476,-0.0209460795,0.2485442507,0.0300728744
0.206026,0.181894,-9.598475,-0.474338,-0.0209460795,0.2698287537,0.0279444241
0.207074,-0.219201,-11.47325,-0.589623,-0.0198818543,0.264507628,0.020494848
0.208124,-0.142344,-11.296068,-1.108404,-0.0326525562,0.2613149525,0.0151737222
0.209172,-0.228808,-9.385378,-0.798576,-0.0347810065,0.2570580519,0.0077241462
0.210224,-0.730776,-8.554539,-0.481544,-0.031588331,0.2293881979,0.0024030204
0.211239,-0.661125,-7.864967,-0.685694,-0.0347810065,0.195332993,0.0077241462
0.212288,-0.579465,-8.925663,-0.644864,-0.0188176292,0.1697915893,0.0173021725
0.213337,-0.601081,-11.375082,-0.548793,0.0014026488,0.1272225831,0.0215590732
0.214386,-0.512216,-11.461278,-0.740934,0.0035310991,0.0601763985,0.0098525965
0.215403,-0.85807,-10.38861,-0.130886,-0.0028542519,-0.0036771108,-0.0093034563
0.216452,-0.966149,-9.301576,0.423921,-0.0262672052,-0.0302827396,-0.0231383833
0.217501,-0.759597,-8.394118,0.820211,-0.0550012844,-0.0100624617,-0.0242026084
0.21855,-0.826847,-9.08369,2.804067,-0.0475517083,-0.0015486604,0.0013387952
0.219567,0.105037,-9.406927,1.490303,-0.0422305825,-0.012190912,0.0002745701
0.220616,0.667049,-11.118886,1.072396,-0.0411663574,0.0218642929,-0.0082392311
0.221665,0.333205,-12.48606,0.752962,-0.0443590329,0.0718828752,-0.0146245821
0.222715,0.01377,-10.836353,0.27261,-0.0613866353,0.1219014574,-0.021009933
0.223763,-0.106318,-7.709334,0.45034,-0.0752215623,0.1783053905,-0.0263310588
0.224781,-0.315271,-7.438773,1.348599,-0.0603224102,0.2081036948,-0.0135603569
0.22583,0.049797,-8.839467,1.043575,-0.031588331,0.2198101715,0.0194306229
0.226879,1.036921,-10.209034,-0.534382,-0.017753404,0.2559938267,0.0492289272
0.227928,1.531684,-11.839585,-1.120412,-0.0124322782,0.3326180378,0.061999629
0.228945,0.919234,-11.794093,-1.47107,-0.0071111525,0.3943430967,0.0502931523
0.229994,0.0546,-10.127626,-1.454257,-0.0060469273,0.3911504213,0.0215590732
0.231043,-0.12313,-8.525807,-1.182858,-0.0028542519,0.3794439446,0.0002745701
0.232092,-0.185576,-7.474688,-1.288536,0.0045953242,0.4017926728,0.0024030204
0.23311,-0.906105,-8.990311,-0.262983,0.023751377,0.3858292955,0.020494848
0.234159,-1.316806,-12.026345,0.433528,0.0567423567,0.285792131,0.0332655499
0.235208,-0.793222,-12.112541,-0.568007,0.0578065819,0.1644704635,0.020494848
0.236257,-0.476189,-10.036641,-0.849013,0.0077879997,0.0910389279,-0.007175006
0.237305,-0.701955,-8.810734,0.519991,-0.0486159335,0.0718828752,-0.0188814827
0.238323,-1.201521,-8.952001,2.083538,-0.0688362114,0.0527268224,-0.0082392311
0.239372,-1.472921,-9.313548,2.729612,-0.0603224102,-0.0047413359,0.0109168216
0.240421,-0.644313,-8.734115,1.845764,-0.0475517083,-0.0632737194,0.0183663977
0.24147,0.232331,-9.998331,0.671302,-0.0283956555,-0.0707232954,0.0045314707
0.242487,0.011368,-11.437335,0.515188,-0.0166891789,-0.0366680905,-0.0114319066
0.243536,-0.27204,-9.229745,0.080469,-0.0369094568,-0.0036771108,-0.0156888072
0.244585,-0.017453,-8.080458,0.342261,-0.0507443838,0.0037724653,-0.007175006
0.245634,0.602202,-11.791698,-0.082851,-0.0241387549,0.07081865,0.0439078014
0.246651,0.794343,-10.20664,-0.613641,-0.0071111525,0.1729842648,0.0449720265
0.2477,0.282768,-8.489892,-1.014735,0.0163018009,0.2570580519,0.020494848
0.248749,0.020975,-9.382984,-1.451856,0.0184302512,0.2815352304,-0.0007896551
0.249798,0.4629,-10.285653,-1.175653,0.00991645,0.2985628329,0.0034672456
0.250815,0.542158,-10.118049,-0.714515,0.0205587015,0.3155904353,0.0183663977
0.251865,-0.305664,-11.264942,-0.049227,0.0397147543,0.292177482,0.0215590732
0.252913,-0.920515,-11.499588,-0.282197,0.0333294034,0.2400304494,0.0098525965
0.253963,-0.502609,-8.803551,-0.349447,-0.0071111525,0.2123605954,-0.007175006
0.255012,-0.404136,-7.912854,1.543142,-0.0188176292,0.195332993,-0.0061107808
0.256029,-0.819641,-9.866642,3.037038,0.0067237745,0.1389290598,0.0226232983
0.257078,-0.142344,-10.161147,2.023494,0.0035310991,0.0825251267,0.0502931523
0.258127,0.849583,-8.583271,0.375885,-0.0198818543,0.1070023052,0.0428435762
0.259176,0.244339,-8.521018,-0.128485,-0.0326525562,0.1719200396,0.0045314707
0.260193,-0.966149,-9.780446,0.500777,-0.0390379071,0.1761769402,-0.0199457078
0.261242,-1.093442,-10.221006,0.952308,-0.0252029801,0.1325437089,-0.0039823305
0.262291,-0.596277,-10.175513,0.320645,0.0045953242,0.1048738549,0.0236875235
0.26334,-0.236013,-10.094105,-0.534382,0.0077879997,0.1070023052,0.0353940002
0.26436,0.160278,-8.940029,-0.969101,-0.003918477,0.1336079341,0.0247517486
0.265407,0.17709,-8.547356,-0.832201,0.0067237745,0.1655346887,0.0002745701
0.266455,-0.370512,-10.790861,-0.248573,0.0269440524,0.1655346887,-0.0103676814
0.267505,-0.61309,-12.22747,0.198155,0.0343936285,0.1389290598,-0.0018538802
0.268554,-0.435359,-10.853114,0.616062,0.0322651782,0.1080665304,0.0013387952
0.269571,-0.0823,-8.73651,0.592044,0.0088522248,0.1048738549,-0.0007896551
0.27062,-0.022256,-8.386935,0.445536,-0.0188176292,0.1293510335,-0.0018538802
0.271669,-0.322477,-10.338329,1.233314,-0.0379736819,0.0974242788,0.0002745701
0.272718,0.191501,-9.385378,0.452742,-0.0496801586,0.1091307555,0.0024030204
0.273735,-0.199987,-9.332702,0.856238,-0.0390379071,0.1591493378,0.0130452719
0.274784,-0.461779,-8.418061,0.080469,-0.017753404,0.2070394697,0.0236875235
0.275833,-0.20479,-7.398069,-0.824996,-0.003918477,0.250672701,0.0247517486
0.276882,-0.224004,-8.432427,-0.647265,0.0120449003,0.285792131,0.0183663977
0.277899,-0.442565,-11.248181,-1.447052,0.0258798273,0.3070766341,0.0098525965
0.278948,-0.452172,-12.191555,-1.480677,0.0301367279,0.3368749384,0.0130452719
0.279997,-0.425752,-9.624813,-0.726523,0.0407789794,0.3560309912,0.0247517486
0.281046,-0.632304,-9.23214,-0.267787,0.0578065819,0.3209115611,0.0279444241
0.282095,-0.66833,-11.3248,0.31344,0.0620634825,0.2549296016,0.0151737222
0.283113,-0.036667,-9.849882,0.16453,0.023751377,0.2187459464,-0.0114319066
0.284162,0.424471,-7.553701,1.29576,-0.0103038279,0.2123605954,-0.0295237342
0.285211,-0.185576,-9.586503,3.171537,0.0152375758,0.1708558144,-0.0167530324
0.28626,-0.485796,-11.439729,2.856906,0.0386505291,0.0772040009,0.0098525965
0.287277,0.424471,-9.830727,1.451875,0.0141733506,0.0186716175,0.0119810468
0.288326,1.060938,-8.453976,0.289422,-0.0124322782,0.0612406236,-0.0114319066
0.289375,0.277964,-8.511441,0.018023,-0.0337167813,0.1485070862,-0.0231383833
0.290423,-0.692348,-8.904114,0.366278,-0.0432948077,0.1804338408,-0.0061107808
0.291441,-0.329682,-8.987916,-0.832201,-0.0347810065,0.1804338408,0.0236875235
0.292489,0.261152,-9.078901,-2.350115,-0.0358452316,0.2410946746,0.0417793511
0.293539,-0.173567,-10.596918,-1.528712,-0.0209460795,0.3219757863,0.0471004769
0.294588,-0.742785,-12.268174,-0.779362,0.0216229267,0.3464529648,0.0439078014
0.295637,-0.646714,-11.059028,-0.719318,0.0620634825,0.3251684617,0.034329775
0.296654,-0.281647,-7.905671,-0.613641,0.0663203831,0.3123977599,0.0215590732
0.297703,-1.360038,-11.341561,2.816076,0.0748341844,0.2517369261,0.0098525965
0.298751,-1.016586,-11.633671,2.566292,0.0684488334,0.1325437089,0.0045314707
0.299801,0.621416,-7.987078,0.539205,0.0258798273,0.0889104776,-0.0146245821
0.300818,0.707879,-7.738066,0.779381,0.0077879997,0.1346721592,-0.0305879594
0.301867,-0.236013,-10.065373,1.180476,0.0067237745,0.1474428611,-0.0231383833
0.302916,0.150671,-9.658334,-0.142895,-0.0017900267,0.1293510335,-0.0050465557
0.303965,0.902422,-8.95679,-2.165179,-0.0241387549,0.1793696157,0.0087883713
0.304984,0.573381,-10.37185,-2.489417,-0.0539370592,0.2751498795,0.0290086492
0.306031,-0.094309,-11.173956,-1.18526,-0.0475517083,0.3251684617,0.0524216026
0.30708,-0.262432,-10.759734,-0.411893,0.0045953242,0.3123977599,0.0641280793
0.308129,0.114644,-9.785234,0.06846,0.0567423567,0.3028197335,0.0598711787
0.309178,-0.103916,-9.447631,0.644883,0.0780268598,0.3166546605,0.0439078014
0.310195,-1.196718,-10.192274,2.076333,0.0758984095,0.3017555083,0.0236875235
0.311244,-1.410475,-8.767636,2.871316,0.0620634825,0.2528011513,0.006659921
0.312293,-0.836454,-7.378914,1.864978,0.0503570058,0.2144890457,-0.0146245821
0.313342,-1.030996,-9.610447,2.376553,0.0567423567,0.1793696157,-0.0242026084
0.31436,-1.069425,-10.441286,1.901004,0.0609992574,0.1165803316,-0.0220741581
0.315408,0.179492,-9.272844,-1.065172,0.0386505291,0.0910389279,-0.0242026084
0.316457,1.051331,-10.675932,-2.410159,-0.0166891789,0.1761769402,-0.0178172575
0.317506,0.638228,-11.980852,-2.311686,-0.0709646617,0.292177482,0.0034672456
0.318523,-0.065488,-10.563398,-1.68963,-0.0911849396,0.3400676139,0.0236875235
0.319572,-0.480993,-8.930452,-0.551195,-0.073093112,0.3219757863,0.0375224505
0.320621,-0.332084,-9.605658,0.320645,-0.0241387549,0.2868563562,0.0502931523
0.32167,-0.339289,-11.339167,0.77698,0.0280082776,0.2655718531,0.048164702
0.322687,-0.670732,-9.031014,1.072396,0.0386505291,0.2559938267,0.0268801989
0.323736,-0.519421,-5.501745,1.300564,0.0397147543,0.250672701,-0.0029181054
0.324785,-1.177504,-11.590573,2.00428,0.1056967138,0.1623420132,-0.0050465557
0.325834,-0.058283,-11.238604,-0.015602,0.086540661,0.1272225831,0.0045314707
0.326883,1.197839,-10.697481,-1.701639,0.0503570058,0.2187459464,-0.0007896551
0.3279,0.827968,-10.582552,-1.331768,-0.0103038279,0.3507098654,-0.0039823305
0.328949,0.234732,-11.25297,-0.318224,-0.0507443838,0.4028568979,0.0045314707
0.329998,0.621416,-10.800438,-0.320626,-0.0507443838,0.4369121029,0.0183663977
0.331047,0.388445,-8.959184,-0.534382,-0.0379736819,0.4773526587,0.0226232983
0.332064,-0.992568,-8.932846,0.447938,-0.0241387549,0.4571323808,0.020494848
0.333113,-1.74432,-7.963135,1.276546,-0.0007258016,0.3666732427,0.0162379474
0.334162,-1.883622,-8.178626,1.699256,0.0631277077,0.2283239727,0.0087883713
0.335211,-1.953273,-10.110866,1.579168,0.1056967138,0.0814609015,0.0087883713
0.336231,-0.829248,-8.269612,0.169334,0.079091085,-0.0270900641,0.0045314707
0.337277,0.827968,-9.845093,-0.856219,0.0482285555,-0.0217689384,-0.0039823305
0.338326,1.433212,-14.269849,-0.84421,0.0226871518,0.1357363844,0.0109168216
0.339375,1.157009,-12.598594,-1.190064,-0.0134965034,0.3421960642,0.0247517486
0.340424,0.890413,-9.801995,-0.861022,-0.0411663574,0.5050225127,0.0173021725
0.341441,0.323597,-8.971156,0.152521,-0.0379736819,0.6167661538,0.0045314707
0.34249,-0.906105,-8.712566,0.399903,-0.0198818543,0.6337937563,-0.0124961318
0.343539,-1.297592,-7.903276,1.15886,0.0014026488,0.5592979955,-0.0242026084
0.344588,-1.086237,-6.785115,1.401438,0.0429074297,0.4358478777,-0.0263310588
0.348752,1.47164,-13.115773,-0.207743,0.0663203831,-0.0983931494,0.0609354038
0.346654,-1.489733,-10.410159,1.896201,0.058870807,0.0686901997,0.0151737222
0.347703,-0.339289,-11.853951,1.901004,0.065256158,-0.0909435734,0.0407151259
0.345608,-1.568991,-8.60482,1.149253,0.0673846083,0.264507628,-0.0135603569
0.349769,2.763788,-11.830008,-3.327632,0.0035310991,0.1304152586,0.0534858278
0.350818,0.097832,-8.176232,0.130906,-0.0996987408,0.680619663,-0.0029181054
0.351867,-1.309601,-7.369337,-0.106869,-0.0667077611,0.7050968416,-0.0305879594
0.352916,-1.523358,-7.726094,1.019558,-0.0092396028,0.6561424845,-0.0337806348
0.353965,-1.530563,-7.548913,0.503179,0.0450358801,0.5571695452,-0.0156888072
0.354985,-2.068558,-9.356646,0.933094,0.065256158,0.354966766,0.0098525965
0.356031,-1.804364,-12.99845,3.349267,0.0833479856,0.098488504,0.0417793511
0.35708,-0.656321,-14.423088,2.246858,0.0971829126,-0.1047785003,0.0588069535
0.358129,0.686264,-10.668749,0.212566,0.0609992574,-0.1760815856,0.0460362517
0.359146,2.453961,-8.192992,-2.266053,-0.0028542519,-0.0068697862,0.0183663977
0.360195,2.972741,-9.275238,-3.964099,-0.0847995887,0.4177560501,-0.0018538802
0.361244,0.515738,-7.690179,-1.523909,-0.1412035218,0.7806568275,-0.0167530324
0.362293,-1.94847,-6.208077,1.70406,-0.1018271912,0.8072624563,-0.0242026084
0.36331,-1.890827,-8.022994,1.19969,-0.0049827022,0.6497571336,-0.0156888072
0.364361,-1.732311,-11.188323,-0.046825,0.0503570058,0.4528754802,0.0024030204
0.365408,-2.006112,-13.709572,2.710398,0.0758984095,0.1836265163,0.0258159738
0.366457,-1.287985,-13.199575,3.46215,0.0961186874,-0.0771086464,0.0417793511
0.367506,-0.058283,-10.05819,1.564758,0.0769626347,-0.2218432673,0.0407151259
0.368523,2.086491,-9.100451,-0.80338,0.037586304,-0.1239345531,0.0247517486
0.369572,4.027115,-8.621581,-5.551664,-0.0475517083,0.3485814151,0.0024030204
0.370621,2.009635,-6.25357,-4.050562,-0.1518457734,0.8615379392,-0.0284595091
0.37167,-1.768337,-6.928776,1.634409,-0.1390750715,0.9583824282,-0.0380375354
0.372687,-2.205458,-8.705383,0.697721,-0.0390379071,0.7710788011,-0.0220741581
0.373736,-1.393662,-10.438891,-0.342242,0.0280082776,0.5603622207,-0.0061107808
0.374785,-1.804364,-12.972112,3.493373,0.0780268598,0.3049481838,0.0130452719
0.375834,-1.713097,-12.893099,3.531801,0.0971829126,0.0346349948,0.0236875235
0.376854,0.919234,-10.084528,2.374151,0.0907975617,-0.199494539,0.0087883713
0.3779,3.650038,-3.854433,-5.907124,0.0280082776,0.1112592058,-0.0167530324
0.378949,3.460299,-3.157677,-7.722857,-0.1454604225,0.6689131864,-0.0582578134
0.379998,-0.151951,-7.704545,-0.171716,-0.2050570311,1.0115936858,-0.0582578134
0.381015,-2.217467,-9.466786,1.238118,-0.1209832439,0.9317767993,-0.0284595091
0.382064,-2.308734,-11.655221,1.447071,-0.0071111525,0.6497571336,-0.0082392311
0.383113,-2.822711,-14.408721,3.061055,0.0631277077,0.3485814151,0.0055956959
0.384161,-2.656989,-13.096618,3.265205,0.058870807,0.0420845709,0.0173021725
0.38521,-1.806766,-9.239323,4.927225,0.0801553101,-0.2058798899,0.0141094971
0.38623,-0.601081,-4.939073,2.991404,0.128045442,-0.2612195979,0.0002745701
0.387277,2.713351,-4.007671,-4.367595,0.0567423567,0.001644015,-0.0156888072
0.388325,4.850919,-7.553701,-9.223958,-0.1220474691,0.6103808029,-0.0337806348
0.389375,1.704611,-9.991148,-4.713449,-0.2348553354,1.137172254,-0.0391017606
0.390392,-1.965282,-10.635228,2.844897,-0.1741945016,1.1073739497,-0.0178172575
0.391441,-2.443233,-10.960859,3.037038,-0.0443590329,0.763629225,0.0024030204
0.392489,-2.397599,-12.067049,2.844897,0.0173660261,0.4752242084,0.0077241462
0.393538,-2.551312,-12.847606,5.23465,0.0695130586,0.2006541188,0.0098525965
0.394556,-2.018121,-8.640736,3.09468,0.1291096672,-0.0441176666,-0.0146245821
0.395607,-0.793222,-4.965411,2.109958,0.1525226206,-0.1665035593,-0.0497440121
0.396654,1.939983,-5.200057,-2.210812,0.1120820647,-0.0526314678,-0.048679787
0.397703,4.118382,-6.653426,-9.978111,-0.0432948077,0.3975357722,-0.0359090851
0.398751,1.839109,-10.714242,-2.729593,-0.156102674,0.8061982312,-0.0114319066
0.399769,-1.480126,-11.976063,4.52613,-0.1018271912,0.7615007747,0.0385866756
0.400818,-2.013317,-11.341561,2.381357,-0.0134965034,0.4805453342,0.0673207548
0.401867,-1.864408,-11.597756,4.458881,0.0258798273,0.2634434028,0.0502931523
0.402915,-0.36811,-7.934403,2.676774,-0.0060469273,0.0356992199,-0.0561293631
0.403932,1.257883,-7.395674,0.685713,0.0163018009,0.0974242788,-0.0806065416
0.404984,2.826234,-5.925544,-6.906257,-0.059258185,0.3539025409,-0.1008268195
0.40603,1.43081,-7.398069,-1.254911,-0.12843282,0.5976101011,-0.1104048459
0.407079,-0.932524,-8.992705,3.493373,-0.0667077611,0.5859036244,-0.0795423164
0.408096,-1.232744,-9.703826,0.128504,0.0163018009,0.4294625268,-0.0337806348
0.409145,-1.472921,-10.070162,0.608856,0.0801553101,0.3092050844,0.0162379474
0.410194,-0.632304,-10.596918,-2.508631,0.0961186874,0.2825994556,0.0673207548
0.411243,1.255481,-10.99438,-5.26105,0.0226871518,0.4071137986,0.0694492051
0.412292,0.938449,-8.264823,-4.084187,-0.0890564893,0.5539768698,0.0119810468
0.413309,0.280366,-5.192874,-0.901852,-0.1188547936,0.5263070158,-0.0508082373
0.41436,0.38124,-5.329352,1.36301,-0.0432948077,0.4390405532,-0.0848634422
0.415407,-0.135139,-8.743693,0.856238,0.023751377,0.4528754802,-0.0742211907
0.416456,-0.910908,-12.57465,3.128305,0.092926012,0.5092794133,-0.0188814827
0.417475,-2.123798,-14.753508,3.046645,0.18338515,0.5039582875,0.0375224505
0.418522,-1.931657,-13.403095,0.774578,0.1940274016,0.4677746323,0.0407151259
0.41957,0.184295,-5.872869,-2.592693,0.0716415089,0.5252427906,-0.0337806348
0.42062,0.715085,-1.663604,-2.244437,-0.0581939599,0.6135734784,-0.1295608987
0.421637,-0.468984,-5.417942,2.691184,-0.0656435359,0.5784540483,-0.1625518784
0.422686,-0.663527,-9.203408,1.202092,-0.0230745298,0.4730957581,-0.1370104747
0.423736,-0.132737,-10.886635,1.382224,0.0141733506,0.4198845004,-0.0869918925
0.424783,-0.87248,-12.009584,2.477427,0.058870807,0.3837008452,-0.0220741581
0.425832,-1.607419,-12.488454,2.153189,0.0886691114,0.2825994556,0.0449720265
0.426852,-0.521823,-9.768474,1.90821,0.0907975617,0.2070394697,0.0811556818
0.427898,1.805485,-5.808221,-2.645531,0.0312009531,0.2932417071,0.0556142781
0.428947,1.135393,-5.056396,-0.226957,-0.1763229519,0.6231515048,-0.1029552698
0.429996,-0.728374,-11.14283,2.237251,-0.1550384488,0.5539768698,-0.1146617465
0.431013,-1.110255,-16.302651,3.577434,-0.0443590329,0.4677746323,-0.0550651379
0.432062,-1.348029,-16.027301,0.387894,0.0450358801,0.4401047783,0.0045314707
0.433111,-1.038202,-11.437335,-0.933075,0.051421231,0.4326552022,0.006659921
0.43416,-0.310468,-4.589498,-0.909057,0.0226871518,0.4730957581,-0.0359090851
0.435177,0.016172,-0.59333,-0.440714,0.0173660261,0.5380134925,-0.0891203428
0.436228,-0.089506,-3.662885,-0.654471,0.0024668739,0.5741971477,-0.125303998
0.437275,0.023377,-11.102126,-0.911459,-0.0156249537,0.5731329225,-0.1125332962
0.438323,0.446087,-15.589135,-0.565605,-0.003918477,0.5784540483,-0.0593220385
0.439372,-0.115925,-15.49815,-1.900985,0.0120449003,0.590160525,-0.0061107808
0.440389,-1.571393,-13.393518,-0.791371,0.0077879997,0.5614264458,0.0162379474
0.441438,-1.299994,-6.509765,-0.27259,-0.0028542519,0.5188574397,0.0024030204
0.442488,-0.192781,1.664541,-1.562337,0.0024668739,0.5220501152,-0.0657073894
0.443536,-0.649116,-0.981214,0.431126,0.0173660261,0.5465272937,-0.1338177993
0.444553,-0.521823,-9.263266,1.202092,0.0290725027,0.5507841943,-0.1263682232
0.445605,-0.173567,-16.228426,0.58724,0.0429074297,0.5007656121,-0.0710285152
0.446651,-1.283181,-21.924582,1.80013,0.0684488334,0.424141401,-0.0039823305
0.4477,-1.196718,-15.577164,0.752962,0.0567423567,0.4507470299,0.0375224505
0.448717,0.482114,0.412296,-0.531981,0.0067237745,0.6220872796,-0.0018538802
0.449766,0.181894,6.541829,0.853836,-0.0241387549,0.8008771054,-0.104019495
0.450815,-1.360038,-1.852757,2.842495,-0.0358452316,0.7944917545,-0.1678730042
0.451864,-1.307199,-14.420693,2.801665,-0.0220103046,0.6103808029,-0.1348820244
0.452881,-0.053479,-23.282177,0.383091,0.0077879997,0.4337194274,-0.0220741581
0.45393,0.861592,-19.860653,-1.074779,0.00991645,0.3560309912,0.0790272315
0.454981,0.832771,4.746067,0.335055,-0.0422305825,0.3890219709,-0.0263310588
0.456028,-0.211995,1.726794,2.801665,-0.0103038279,0.4699030826,-0.1231755477
0.457077,-0.617893,-7.745249,2.664765,0.0312009531,0.5614264458,-0.1359462496
0.458095,-0.151951,-18.289961,0.371082,0.037586304,0.6210230544,-0.0635789391
0.459143,-0.065488,-22.681196,-0.181323,0.0131091254,0.6018670017,0.0417793511
0.460192,-0.156755,-15.227589,-1.290938,-0.031588331,0.4997013869,0.0832841321
0.461241,0.330803,-4.294993,-0.714515,-0.0879922642,0.4166918249,0.0268801989
0.462258,0.669451,2.983827,1.190083,-0.0911849396,0.4613892814,-0.0816707667
0.463307,0.088225,3.694948,0.656892,-0.0581939599,0.5635548961,-0.1902217324
0.464358,-1.136674,-10.221006,-0.267787,-0.0369094568,0.5720686974,-0.2146989109
0.465405,-1.415278,-26.119481,0.719337,0.0163018009,0.5028940624,-0.0912487931
0.466422,0.366829,-21.060222,-2.15317,0.0429074297,0.4965087115,0.0662565296
0.467471,1.04893,-5.726813,-3.743137,-0.0060469273,0.5454630685,0.0939263836
0.46852,0.213116,2.267917,0.166932,-0.0134965034,0.5752613728,0.0098525965
0.469569,0.174688,1.973412,-0.46233,0.0301367279,0.6423075575,-0.0869918925
0.470617,0.405257,-8.408484,-2.883306,0.037586304,0.7604365496,-0.1284966735
0.471635,-0.846061,-24.266255,-1.653604,0.0461001052,0.7966202048,-0.0816707667
0.472683,-1.427287,-24.828927,-0.77696,0.0673846083,0.687005014,-0.0061107808
0.473734,-0.855668,-8.774819,-1.792906,0.0461001052,0.5294996912,-0.021009933
0.474782,-0.918114,1.903976,1.264537,0.0620634825,0.4475543544,-0.1050837201
0.475798,-0.483395,3.261571,2.3045,0.1301738923,0.5316281415,-0.1657445539
0.476847,0.316392,-3.428239,-1.886575,0.1269812169,0.7444731723,-0.1753225803
0.477896,-0.723571,-20.509522,-0.385473,0.0907975617,0.8955931441,-0.0880561177
0.478945,-1.753927,-28.609603,2.796862,0.1099536144,0.8423818864,0.0705134302
0.479962,-0.579465,-13.134928,-0.628051,0.0907975617,0.6497571336,0.1194677873
0.481011,0.049797,2.698899,-1.142028,0.0109806751,0.4603250562,-0.0018538802
0.48206,-0.296057,-3.176832,2.021092,0.0631277077,0.4571323808,-0.2019282091
0.483111,-0.324878,-17.044899,0.248592,0.0971829126,0.5614264458,-0.145524276
0.484158,0.208313,-27.881721,1.44467,0.1110178396,0.6657205109,0.0183663977
0.485175,0.655041,-18.225313,-0.087655,0.0876048862,0.749794298,0.1407522904
0.486226,-0.476189,-0.96206,0.539205,0.0205587015,0.6965830404,0.0907337082
0.487272,-1.0358,6.216197,3.111492,-0.003918477,0.5635548961,-0.0678358397
0.488321,-0.673134,0.120186,0.91388,0.0109806751,0.5369492673,-0.1934144079
0.489339,-0.468984,-17.485459,-0.284599,0.0184302512,0.6146377035,-0.1689372293
0.490387,0.498926,-29.464386,-0.464731,0.0226871518,0.7231886692,-0.0050465557
0.491436,0.712683,-20.476001,-1.603167,0.0024668739,0.7859779533,0.1237246879
0.492487,-0.793222,-2.721906,1.065191,-0.0241387549,0.6710416367,0.0917979333
0.493503,-1.28078,6.0031,2.960181,-0.0134965034,0.4730957581,-0.0561293631
0.494551,-0.944533,0.721167,0.661695,0.00991645,0.4613892814,-0.1763868054
0.495602,-0.399333,-15.823781,-0.98111,0.0152375758,0.6518855839,-0.1444600508
0.496649,1.195437,-27.855383,-2.237232,-0.0007258016,0.846638787,0.0130452719
0.497698,0.698272,-20.825576,-2.095528,-0.0209460795,0.8870793429,0.1237246879
0.498715,-1.554581,-4.587103,1.11803,-0.003918477,0.7125464177,0.0917979333
0.499764,-1.256762,5.016629,2.064324,0.0397147543,0.4624535066,-0.0433586612
0.500813,-0.411342,1.099475,-0.330233,0.051421231,0.3634805673,-0.1742583551
0.501862,-0.761999,-16.63786,-0.846612,0.0343936285,0.465646182,-0.1540380772
0.502879,1.015305,-29.256077,-1.302946,0.0184302512,0.6795554379,0.0173021725
0.503927,2.518808,-20.241355,-2.94335,-0.0230745298,0.8679232901,0.1354311646
0.504979,0.100234,-2.410641,0.692918,-0.0528728341,0.8838866674,0.0843483572
0.506025,-1.770739,7.011121,3.334856,-0.0198818543,0.728509795,-0.0678358397
0.507042,-2.140611,-0.420937,1.86738,0.0322651782,0.5550410949,-0.1934144079
0.508091,1.803083,-29.184247,-2.100331,0.0769626347,0.5678117968,0.034329775
0.50914,2.876671,-18.697,-4.843144,-0.0124322782,0.7859779533,0.1343669395
0.510189,-0.637107,-1.891067,2.155591,-0.0475517083,0.8391892109,0.0747703308
0.511206,-2.094977,7.492385,3.529399,-0.003918477,0.6348579814,-0.076349641
0.512255,-2.174235,-1.632477,2.24926,0.0429074297,0.4358478777,-0.1987355336
0.513304,-0.829248,-22.092186,3.061055,0.0961186874,0.4358478777,-0.139138925
0.514355,3.378639,-28.944812,-3.800779,0.0695130586,0.6933903649,0.0407151259
0.515401,3.496325,-16.14223,-5.157775,-0.0518086089,1.0892821221,0.1258531382
0.516419,-0.533832,2.224818,2.518257,-0.0943776151,1.1967688626,0.0471004769
0.517467,-2.844327,7.573793,3.003413,-0.0496801586,0.9009142699,-0.1135975214
0.518517,-4.256563,-8.8251,3.868048,0.0258798273,0.576325598,-0.1838363815
0.519565,-2.750658,-26.651026,4.97526,0.1397519187,0.4039211231,-0.0518724624
0.520582,3.217721,-24.223156,-5.875902,0.1184674157,0.4901233605,0.1258531382
0.521631,4.968605,-7.76201,-9.552999,-0.0667077611,0.9551897527,0.1428807407
0.52268,0.141064,5.294373,0.404707,-0.1592953494,1.2712646233,0.0173021725
0.523731,-3.872281,0.469761,4.345998,-0.0986345157,0.9860522821,-0.1135975214
0.524746,-4.482329,-17.672219,5.462818,0.037586304,0.5326923667,-0.1146617465
0.525795,-1.177504,-26.457084,3.642282,0.1706144482,0.3432602893,0.0322013247
0.526844,4.471441,-17.277151,-8.001461,0.114210515,0.5678117968,0.145009191
0.527893,4.449825,-2.647681,-8.808453,-0.0826711384,1.1148235257,0.0971190591
0.528941,-1.29519,2.473831,2.49424,-0.1454604225,1.3127694043,-0.0284595091
0.529959,-4.527962,-6.538498,5.539674,-0.0401021322,0.9030427202,-0.1082763956
0.531007,-3.848263,-20.528677,5.727011,0.1078251641,0.437976328,-0.0667716146
0.532057,-0.046274,-22.791336,1.286153,0.1791282494,0.3443245145,0.0641280793
0.533108,4.13039,-10.628045,-9.320028,0.0567423567,0.7444731723,0.1205320125
0.534123,2.019242,-0.787272,-4.867161,-0.1071483169,1.2457232196,0.0417793511
0.535172,-4.294991,-13.304927,5.335524,0.0439716549,0.6657205109,-0.0891203428
0.53622,-1.837988,-22.219087,4.639013,0.1525226206,0.354966766,-0.0220741581
0.537269,2.499594,-17.892499,-3.058635,0.1259169917,0.562490671,0.0715776554
0.538286,3.068812,-5.434703,-8.570679,-0.0528728341,1.0882178969,0.0598711787
0.539336,-1.273574,-0.159953,2.054717,-0.1316254955,1.2659434976,-0.03484486
0.540384,-3.997173,-6.768355,5.522862,-0.0347810065,0.8721801907,-0.1072121704
0.541433,-2.750658,-18.843055,3.320446,0.0907975617,0.4432974538,-0.0848634422
0.542484,1.397185,-22.398663,-0.138092,0.1269812169,0.4699030826,0.0247517486
0.543499,3.513138,-11.118886,-7.319361,-0.0060469273,0.9360336999,0.0779630063
0.544548,-0.40894,0.424268,-0.58482,-0.1199190188,1.2191175908,0.0077241462
0.545596,-4.194117,-1.97008,6.466754,-0.0518086089,0.9275198987,-0.0827349919
0.546645,-3.39433,-14.976182,3.870449,0.0780268598,0.5135363139,-0.0859276674
0.547662,0.924038,-24.034003,0.443135,0.1291096672,0.4784168839,0.0183663977
0.548711,4.37537,-16.726451,-6.320228,0.0120449003,0.8934646938,0.0949906088
0.54976,1.051331,-2.209515,-2.383739,-0.1369466212,1.2393378687,0.0353940002
0.550809,-3.687345,1.518486,6.267408,-0.1060840918,0.9966945337,-0.0827349919
0.551826,-3.766603,-9.6727,4.055385,0.0258798273,0.5369492673,-0.1242397729
0.552875,-0.502609,-23.799357,1.228511,0.0982471377,0.4294625268,-0.0284595091
0.553924,3.89742,-22.527958,-4.266721,0.0386505291,0.763629225,0.1056328603
0.554972,3.212917,-5.901601,-5.114543,-0.1114052175,1.1882550613,0.0971190591
0.556021,-1.854801,5.268035,2.422187,-0.1529099985,1.1467502804,-0.0401659857
0.557038,-4.04761,-2.832046,4.353203,-0.0411663574,0.6965830404,-0.1412673753
0.558087,-2.106986,-20.81121,2.698389,0.0716415089,0.4369121029,-0.076349641
0.559136,2.559638,-27.247219,-2.066707,0.0705772837,0.6210230544,0.1024401848
0.560185,0.623818,3.433964,-1.079583,-0.1656807004,1.2521085706,0.0768987812
0.561202,-3.507213,3.005376,3.618264,-0.0965060654,0.9339052496,-0.076349641
0.562251,-3.29826,-13.031971,3.985734,0.0429074297,0.5497199691,-0.1029552698
0.563299,0.47731,-26.835391,0.08287,0.0993113629,0.5390777176,0.0353940002
0.564349,4.094364,-21.795287,-4.807117,0.0035310991,0.8987858195,0.1769359456
0.565366,2.269025,-3.389929,-2.407757,-0.1220474691,1.2372094184,0.1556514425
0.566414,-2.111789,6.122818,2.251662,-0.1209832439,1.1158877509,0.0013387952
0.567463,-3.72097,-4.225557,3.692719,-0.0060469273,0.714674868,-0.1167901968
0.568512,-1.852399,-22.401057,2.544677,0.1110178396,0.5337565918,-0.0571935882
0.569561,2.425139,-26.935953,-2.856887,0.0939902371,0.7551154238,0.1088255358
0.570578,3.546762,-11.849163,-4.677422,-0.0528728341,1.1914477368,0.1694863695
0.571627,-0.32728,4.652688,0.373484,-0.1337539458,1.3180905301,0.0566785032
0.572676,-3.569659,2.157777,3.6663,-0.0667077611,0.9509328521,-0.1050837201
0.573727,-3.154154,-15.672938,4.108224,0.0620634825,0.5784540483,-0.131689349
0.574742,0.292375,-26.37807,0.299029,0.1110178396,0.5986743262,0.0098525965
0.575791,3.20331,-17.490248,-5.611708,-0.0113680531,1.0084010104,0.1428807407
0.57684,1.152205,-0.760934,-1.379803,-0.1369466212,1.338310808,0.1088255358
0.577888,-2.906773,4.204945,4.077001,-0.1082125421,1.123337327,-0.0380375354
0.578906,-3.937129,-8.36778,4.209098,0.0141733506,0.6572067097,-0.125303998
0.579954,-1.127067,-22.930208,2.883325,0.1056967138,0.4730957581,-0.0476155618
0.581003,3.443487,-21.148813,-4.886376,0.0312009531,0.7721430263,0.089669483
0.582052,3.186498,-7.905671,-5.371531,-0.1497173231,1.2712646233,0.1098897609
0.583069,-1.629035,1.544823,3.113894,-0.1816440777,1.3117051792,0.0119810468
0.584118,-3.622498,-0.875863,4.002546,-0.0581939599,0.8508956876,-0.1093406207
0.585167,-2.616159,-15.299419,3.603854,0.0609992574,0.479481109,-0.1242397729
0.586215,0.491721,-24.541605,0.186146,0.0886691114,0.5369492673,0.0098525965
0.587265,1.293909,0.357226,-1.711246,-0.1720660513,1.3468246092,0.0790272315
0.588282,-3.221403,1.271868,4.768708,-0.1167263433,1.067997619,-0.0508082373
0.58933,-3.581668,-10.400582,4.098617,0.0312009531,0.6008027765,-0.1125332962
0.590379,-0.512216,-21.170362,1.485499,0.1014398132,0.5146005391,-0.0295237342
0.591428,3.580387,-17.899682,-6.634858,-0.0060469273,0.9200703226,0.0907337082
0.592445,2.677324,-4.625413,-4.386809,-0.1635522501,1.365980662,0.0864768075
0.593494,-2.277511,1.19046,3.839226,-0.1582311243,1.2212460411,-0.0220741581
0.594543,-3.92512,-6.998212,4.189884,-0.0156249537,0.7050968416,-0.1104048459
0.595592,-2.164628,-18.900519,3.920886,0.1195316408,0.4699030826,-0.0635789391
0.596612,2.132124,-18.589254,-3.221954,0.100375588,0.7434089471,0.0641280793
0.597658,3.671654,-6.129064,-7.540323,-0.0816069132,1.2765857491,0.0949906088
0.598707,-0.932524,0.591873,1.660828,-0.1582311243,1.3766229135,0.0024030204
0.599755,-3.740184,-5.899206,5.162597,-0.0379736819,0.9062353956,-0.0891203428
0.600804,-2.227074,-16.45589,3.414114,0.106760939,0.5454630685,-0.0784780913
0.601822,1.428408,-18.876576,-1.139627,0.120595866,0.7104179674,0.0247517486
0.60287,3.724493,-9.435659,-7.422636,-0.0475517083,1.2425305442,0.0779630063
0.603919,0.311589,-0.478401,-0.164511,-0.1667449255,1.4543113498,0.0098525965
0.604968,-3.514418,-3.009228,5.186615,-0.0794784629,1.0137221361,-0.090184568
0.605987,-2.99804,-13.087041,2.943369,0.079091085,0.5592979955,-0.1125332962
0.607034,0.513337,-19.238123,0.748158,0.1461372696,0.6220872796,-0.0188814827
0.608083,3.866197,-12.126907,-6.658876,0.0312009531,1.1286584527,0.0630638542
0.609132,1.320329,-1.960503,-2.751209,-0.12843282,1.4883665547,0.0236875235
0.610149,-3.336688,-3.073875,6.032035,-0.0922491648,1.1957046374,-0.0593220385
0.611197,-3.2166,-9.758896,4.175473,0.0695130586,0.6657205109,-0.0986983692
0.612246,-0.296057,-16.202089,0.666499,0.141880369,0.5720686974,-0.0497440121
0.613295,2.453961,-3.945418,-5.249042,-0.1348181709,1.5564769645,0.0417793511
0.614344,-2.765069,-1.699519,4.504515,-0.1582311243,1.3681091123,-0.0433586612
0.615363,-4.179707,-9.818755,5.674173,-0.0007258016,0.763629225,-0.0965699189
0.61641,-1.525759,-16.230821,2.184412,0.1503941703,0.4848022348,-0.0593220385
0.617459,2.682128,-15.514911,-3.930474,0.120595866,0.7827852778,0.0290086492
0.618508,3.313791,-5.49935,-7.30495,-0.0741573372,1.3627879865,0.0375224505
0.619525,-1.806766,-0.715442,2.789656,-0.1582311243,1.4404764228,-0.0401659857
0.620574,-4.22534,-7.18976,7.40104,-0.0241387549,0.8977215944,-0.0986983692
0.621623,-2.150218,-14.238723,3.541408,0.1386876936,0.4911875857,-0.0933772434
0.622672,1.889546,-17.181377,-2.174786,0.1461372696,0.6752985373,-0.0146245821
0.623689,4.418602,-10.034247,-9.024612,-0.031588331,1.3117051792,0.034329775
0.624738,0.105037,-1.005158,-0.80338,-0.183772528,1.6118166725,-0.0252668336
0.625787,-4.568792,-5.55442,7.869383,-0.1060840918,1.1201446515,-0.0986983692
0.626835,-3.689747,-13.565911,5.121767,0.0876048862,0.5443988434,-0.1072121704
0.627885,0.388445,-15.148575,0.092477,0.1801924746,0.5199216648,-0.0401659857
0.628901,4.711617,-10.367061,-9.601035,0.0418432046,1.0786398705,0.0119810468
0.62995,2.012036,-2.949369,-5.400353,-0.1656807004,1.601174421,-0.0284595091
0.630999,-4.035601,-4.275838,7.686849,-0.1348181709,1.3308612319,-0.0880561177
0.632048,-4.210929,-11.834797,6.320247,0.0609992574,0.6923261397,-0.1008268195
0.633066,-1.25436,-16.922787,2.311706,0.1993485273,0.4688388575,-0.0401659857
0.634114,4.108775,-13.137322,-6.899052,0.1386876936,0.8849508926,0.0396509008
0.635163,4.704412,-2.693174,-11.037288,-0.1082125421,1.5660549909,0.0098525965
0.636212,-2.798693,-2.561485,4.749494,-0.2050570311,1.573504567,-0.0816707667
0.637232,-5.07076,-11.092549,9.516992,-0.0283956555,0.9051711705,-0.1157259717
0.638278,-2.320743,-16.326595,4.132241,0.1738071236,0.4581966059,-0.0848634422
0.639327,5.528216,-6.100332,-12.43031,0.0035310991,1.324475881,0.0130452719
0.640376,-0.24562,-0.715442,-1.365392,-0.1869652034,1.663963705,-0.0710285152
0.641393,-5.402204,-8.204964,11.05412,-0.0784142378,1.1680347834,-0.117854422
0.642442,-3.495204,-15.617868,5.633343,0.141880369,0.6018670017,-0.0965699189
0.64349,0.748709,-15.737585,-0.440714,0.2206330304,0.6135734784,-0.021009933
0.644539,5.677125,-8.47792,-12.127688,0.0524854561,1.220181816,0.0119810468
0.645588,2.374702,-2.092192,-7.290539,-0.1986716801,1.7363310155,-0.0614504888
0.646608,-5.109189,-7.886516,10.648222,-0.1646164752,1.379815589,-0.1167901968
0.647654,-4.537569,-14.253089,8.772446,0.072705734,0.6859407888,-0.1061479453
0.648703,-0.982961,-15.323363,3.010618,0.2312752819,0.451811255,-0.0508082373
0.649752,4.094364,-11.04945,-6.709313,0.1738071236,0.8572810386,0.0055956959
0.650769,4.884544,-2.520781,-12.632058,-0.086928039,1.5500916136,-0.0380375354
0.651818,-2.952406,-4.960622,5.198624,-0.1848367531,1.5649907657,-0.1199828723
0.652867,-5.286919,-13.472531,11.611329,0.0173660261,0.8966573692,-0.1221113226
0.653916,-1.70349,-16.443918,2.828085,0.211055004,0.4869306851,-0.0742211907
0.654933,3.633226,-13.134928,-5.371531,0.1855136003,0.7881064036,-0.0061107808
0.655984,5.982149,-4.299782,-14.414166,-0.0667077611,1.5617980903,-0.0252668336
0.657031,-1.513751,-3.689223,-0.102065,-0.239112236,1.8118910014,-0.111469071
0.65808,-6.194785,-11.542686,13.41265,-0.0720288868,1.1733559092,-0.1263682232
0.659129,-3.728175,-14.629002,6.14732,0.162100647,0.5507841943,-0.0944414686
0.660146,0.383642,-15.110266,1.019558,0.2344679574,0.5114078636,-0.0220741581
0.661195,5.713152,-7.867361,-11.018074,0.092926012,1.0882178969,0.0151737222
0.662243,2.691735,-0.267699,-8.957362,-0.1518457734,1.6607710296,-0.0646431643
0.663293,-4.97469,-8.734115,10.696257,-0.1220474691,1.3713017878,-0.1231755477
0.66431,-4.393463,-16.446312,8.950176,0.1184674157,0.7072252919,-0.097634144
0.665361,0.400454,-16.712085,-0.311019,0.2216972556,0.5465272937,-0.0295237342
0.666407,4.298514,-1.644449,-10.950825,-0.1443961973,1.7640008695,-0.0550651379
0.667456,-4.465516,-6.385259,7.047981,-0.1816440777,1.622458924,-0.1338177993
0.668474,-5.69762,-14.073513,11.596918,0.0482285555,0.9136849717,-0.1231755477
0.669522,-2.138209,-15.00252,2.674372,0.2142476795,0.5124720888,-0.0689000649
0.670571,3.10724,-13.676051,-4.264319,0.1769997991,0.7551154238,0.0013387952
0.67162,5.441753,-4.163304,-11.937949,-0.0294598807,1.4511186743,-0.0103676814
0.672669,-1.806766,-1.685153,0.596847,-0.1497173231,1.642679202,-0.1061479453
0.673686,-5.969019,-12.363948,12.007619,0.0109806751,1.0456488908,-0.1338177993
0.674737,-2.791488,-17.485459,3.711933,0.1982843022,0.5561053201,-0.0795423164
0.675784,2.886278,-16.285891,-3.973706,0.1769997991,0.7295740201,0.0087883713
0.676832,6.323199,-7.81708,-11.068511,-0.0262672052,1.4532471246,0.0215590732
0.67785,0.498926,-0.179108,-3.245972,-0.1880294286,1.8533957824,-0.076349641
0.678898,-5.788887,-8.207359,10.650624,-0.0858638138,1.3617237614,-0.1402031502
0.679947,-4.753728,-15.514911,7.302567,0.1323023427,0.7444731723,-0.1135975214
0.680996,-0.226406,-16.927576,-0.808183,0.1950916267,0.6646562857,-0.0188814827
0.682013,5.115113,-11.315223,-9.725926,0.0492927807,1.1712274589,0.0449720265
0.683062,2.691735,0.254269,-6.870231,-0.12843282,1.6575783541,-0.0284595091
0.684113,-4.619229,-4.606258,7.626805,-0.0879922642,1.3255401062,-0.1327535741
0.68516,-4.960279,-16.736028,9.055854,0.1216600911,0.6635920606,-0.1295608987
0.686209,-0.192781,-18.412072,0.856238,0.2163761298,0.5433346182,-0.03484486
0.687228,5.641099,-12.859578,-8.236834,0.0844122107,1.0903463472,0.034329775
0.688274,4.291309,-3.945418,-7.405824,-0.1252401445,1.7459090419,-0.0146245821
0.689323,-3.418348,-2.422612,5.409979,-0.1529099985,1.6682206056,-0.1135975214
0.690372,-5.267705,-10.48199,9.586643,0.0248156021,1.040327765,-0.152973852
0.691389,-2.380787,-16.683353,4.197089,0.169550223,0.6880692391,-0.104019495
0.692438,4.377772,-7.896093,-9.903657,-0.0773500126,1.4713389522,0.0109168216
0.693489,-1.617026,-2.137685,1.17327,-0.1624880249,1.5490273884,-0.0689000649
0.694536,-5.075564,-7.374125,8.918953,-0.0252029801,0.9754100306,-0.1199828723
0.695553,-2.801095,-14.2483,4.396435,0.1216600911,0.5475915188,-0.0923130183
0.696604,2.413131,-16.573213,-2.796842,0.0971829126,0.7881064036,0.0055956959
0.697651,5.545028,-9.387772,-8.959764,-0.0762857875,1.4894307798,0.0417793511
0.6987,0.390847,-1.476845,-1.379803,-0.1859009783,1.7789000216,-0.0422944361
0.699748,-4.705692,-7.407646,7.830955,-0.0773500126,1.2733930736,-0.1221113226
0.700766,-3.536034,-15.292236,6.039241,0.1035682635,0.7263813447,-0.1082763956
0.701815,0.484516,-17.509403,-0.767353,0.1333665678,0.770014576,-0.0103676814
0.702864,4.353754,-11.068605,-8.563473,-0.0230745298,1.3542741853,0.0556142781
0.703912,1.598933,-1.060228,-3.947287,-0.1710018261,1.7533586179,-0.007175006
0.704929,-4.052413,-4.043586,5.719806,-0.1209832439,1.3713017878,-0.1135975214
0.705981,-4.590408,-12.342399,6.485968,0.0524854561,0.7604365496,-0.1359462496
0.707027,-1.103049,-16.431946,0.904273,0.1195316408,0.6550782594,-0.0529366876
0.708076,4.372968,-14.889986,-7.506698,-0.0071111525,1.1680347834,0.0460362517
0.709093,3.236935,-5.20724,-4.874367,-0.1614237998,1.7139822872,0.0300728744
0.710142,-3.106119,-1.816842,4.968055,-0.1358823961,1.5256144351,-0.0699642901
0.711191,-4.52556,-10.017486,6.678109,0.0322651782,0.9264556735,-0.1231755477
0.712239,-1.737114,-15.273081,3.17634,0.1546510709,0.6752985373,-0.0827349919
0.713256,3.52995,-14.609847,-6.545993,0.0684488334,1.0041441098,0.0045314707
0.714306,4.267291,-8.552145,-8.717186,-0.1465246476,1.6277800498,0.0215590732
0.715357,-1.686677,-3.667674,3.346865,-0.183772528,1.719303413,-0.0465513367
0.716403,-4.302196,-7.879333,6.894268,-0.0241387549,1.1531356313,-0.1029552698
0.717452,-2.457643,-12.275357,3.954511,0.1259169917,0.7242528943,-0.097634144
0.718469,4.19764,-9.72777,-10.035754,-0.0986345157,1.5511558387,0.0471004769
0.719518,0.071412,-2.082615,0.039639,-0.2093139317,1.8448819811,0.0013387952
0.720567,-4.571194,-6.883284,7.542744,-0.0933133899,1.3255401062,-0.0784780913
0.721616,-3.891495,-14.899563,6.183346,0.0939902371,0.6912619146,-0.0891203428
0.722633,0.309187,-15.256321,2.023494,0.1652933224,0.6093165778,-0.0156888072
0.723682,5.667518,-9.818755,-9.855621,0.0109806751,1.1946404123,0.0375224505
0.724733,2.970339,-3.823306,-6.142497,-0.1933505544,1.7959276241,-0.0050465557
0.725779,-3.716166,-5.621462,7.108025,-0.1518457734,1.5692476664,-0.0816707667
0.726796,-3.941932,-12.28254,6.594048,0.0503570058,0.9370979251,-0.1082763956
0.727845,-1.074228,-14.741536,3.008217,0.1663575476,0.7231886692,-0.062514714
0.728894,3.337809,-10.766917,-6.666081,0.0705772837,1.1244015521,0.0173021725
0.729943,3.289774,-4.505696,-9.351251,-0.1603595746,1.73313834,0.0215590732
0.730992,-2.911576,-5.312591,4.451676,-0.1965432298,1.7097253866,-0.03484486
0.732009,-4.8522,-11.437335,7.487503,-0.0007258016,1.0977959233,-0.0603862637
0.733058,-2.073361,-12.94338,3.195554,0.1535868457,0.7029683913,-0.0380375354
0.73411,2.706146,-11.906627,-3.805583,0.1035682635,0.9232629981,0.020494848
0.735156,4.567511,-6.835397,-9.824399,-0.1135336678,1.5405135872,0.0322013247
0.736173,-1.026193,-4.022037,1.17327,-0.2167635077,1.7022758106,-0.0295237342
0.737222,-4.542373,-11.779727,8.597117,-0.0667077611,1.1669705583,-0.0699642901
0.738271,-1.874015,-14.463791,4.826351,0.1365592433,0.7466016226,-0.0497440121
0.73932,2.283435,-10.675932,-2.652737,0.1461372696,0.9360336999,-0.0039823305
0.740337,4.103971,-8.248062,-10.232698,-0.0624508605,1.573504567,0.0141094971
0.741386,-0.428154,-5.441886,-0.531981,-0.2061212562,1.8874509873,-0.0135603569
0.742435,-4.722505,-7.093986,8.188818,-0.1028914163,1.4223845951,-0.0561293631
0.743486,-3.788219,-12.160428,5.068929,0.0907975617,0.8626021643,-0.0689000649
0.744532,4.603538,-10.05819,-10.287939,0.0056595494,1.2744572988,0.0279444241
0.745549,2.168151,-4.371612,-5.023276,-0.2103781568,1.7650650946,-0.0018538802
0.746598,-4.076431,-6.928776,8.738821,-0.169937601,1.5309355608,-0.0497440121
0.747647,-3.989967,-12.77817,7.235318,0.0482285555,0.9477401766,-0.0603862637
0.748696,-0.493002,-12.780564,2.554284,0.1812566997,0.7508585232,-0.0337806348
0.749713,4.072748,-10.264104,-7.559537,0.0780268598,1.1212088767,0.006659921
0.750762,3.904625,-5.422731,-9.634659,-0.1720660513,1.7363310155,-0.0061107808
0.751811,-2.654588,-5.863291,5.018492,-0.2220846335,1.7618724192,-0.0550651379
0.752862,-4.698487,-13.829289,8.806071,-0.0230745298,1.1808054853,-0.0593220385
0.753876,-1.691481,-14.195624,4.045778,0.1674217727,0.8061982312,-0.021009933
0.754925,2.586057,-9.263266,-4.677422,0.141880369,0.9966945337,0.0194306229
0.755974,4.248077,-5.319774,-11.539257,-0.0975702905,1.5745687921,0.006659921
0.757023,-1.187111,-5.037241,1.03637,-0.2242130838,1.7852853725,-0.0454871115
0.758072,-4.710496,-11.741417,9.629875,-0.0762857875,1.2872280006,-0.0593220385
0.759089,-2.659391,-15.26111,5.436398,0.1376234684,0.7966202048,-0.0316521845
0.760138,1.269892,-12.311272,-1.081984,0.1876420506,0.8508956876,0.0141094971
0.761187,5.312057,-6.904833,-11.445588,-0.0092396028,1.4457975485,0.0226232983
0.762238,1.450024,-3.449788,-3.884841,-0.2274057593,1.9183135168,-0.0359090851
0.763252,-4.612024,-9.438054,10.05979,-0.1635522501,1.5724403418,-0.076349641
0.764301,-3.651319,-15.584347,7.437066,0.0705772837,0.9775384809,-0.062514714
0.76535,-0.377717,-14.001682,1.310171,0.1929631764,0.860473714,-0.0124961318
0.766399,4.094364,-9.100451,-9.392081,0.0663203831,1.3159620798,0.0300728744
0.767416,3.160079,-3.229508,-8.709981,-0.1784514022,1.9055428149,-0.0050465557
0.768465,-3.896299,-6.849763,7.076802,-0.1986716801,1.7927349486,-0.0582578134
0.769514,-4.876218,-14.198019,8.774848,0.00991645,1.1424933797,-0.0571935882
0.770563,2.987152,-10.302414,-5.83267,0.1088893893,1.0637407184,0.0173021725
0.77158,4.288907,-5.458646,-10.907593,-0.1220474691,1.6671563805,0.0055956959
0.772629,-2.121396,-6.380471,3.075466,-0.2167635077,1.7820926971,-0.0454871115
0.773678,-4.727308,-15.455052,11.301501,-0.0358452316,1.2286956172,-0.0337806348
0.774729,-1.513751,-14.157315,4.588576,0.1684859979,0.8253542839,0.0045314707
0.775775,2.595664,-7.752432,-4.490085,0.1503941703,1.0158505865,0.0141094971
0.776792,4.867731,-5.173719,-11.565676,-0.0762857875,1.6171377983,-0.021009933
0.777841,-0.500207,-6.366104,-0.68089,-0.2295342096,1.8821298615,-0.0806065416
0.778891,-4.929056,-15.356884,11.243859,-0.0965060654,1.4000358669,-0.0742211907
0.779939,-2.500875,-17.200532,6.375487,0.1301738923,0.901978495,-0.0167530324
0.780956,1.510068,-9.382984,-3.346846,0.162100647,1.0020156595,0.0226232983
0.782005,4.327335,-5.133015,-11.239036,-0.0326525562,1.5798899179,0.0077241462
0.783054,0.607005,-2.98289,-3.034617,-0.2029285807,1.9257630928,-0.0593220385
0.784105,-4.600015,-9.682277,8.794062,-0.1263043697,1.5075226074,-0.0965699189
0.78512,-3.375116,-18.309115,7.828553,0.0876048862,0.9307125742,-0.0518724624
0.786169,0.426873,-14.866042,0.416715,0.1887062758,0.8945289189,0.0290086492
0.787218,4.353754,-7.99905,-10.749077,0.0407789794,1.4277057209,0.0588069535
0.788266,2.449157,-2.463316,-6.66368,-0.1784514022,1.9300199934,-0.0039823305
0.789316,-4.086038,-5.767517,7.513922,-0.1741945016,1.6628994799,-0.0848634422
0.790333,-4.60722,-15.907584,9.579438,0.0226871518,0.9924376331,-0.0869918925
0.791381,-0.701955,-16.963491,3.735951,0.1716786733,0.7604365496,-0.0220741581
0.79243,4.423405,-11.150013,-7.936613,0.0897333365,1.2042184386,0.0332655499
0.793482,4.584324,-3.933446,-10.19427,-0.1380108464,1.8704233848,-0.0061107808
0.794497,-2.488866,-3.62697,3.870449,-0.2029285807,1.8810656364,-0.0955056937
0.795545,-5.022725,-14.164498,10.05979,-0.0337167813,1.2435947693,-0.1104048459
0.796594,-2.133405,-16.695324,5.491639,0.1546510709,0.8274827343,-0.048679787
0.797643,4.615546,-7.340604,-12.466337,-0.0816069132,1.8012487498,0.034329775
0.79866,-0.250424,-2.022756,-0.51757,-0.211442382,2.0577270119,-0.03484486
0.799709,-4.912244,-7.563279,8.388164,-0.1018271912,1.4468617737,-0.1018910447
0.800758,-4.48473,-17.44715,7.561958,0.0918617868,0.7955559796,-0.083799217
0.801807,0.0546,-16.10392,1.269341,0.1801924746,0.7944917545,0.0162379474
0.802858,6.128657,-8.925663,-11.224626,0.0365220788,1.4234488203,0.0630638542
0.803873,2.893483,-2.259797,-5.801447,-0.1582311243,1.9459833707,-0.0135603569
0.804921,-4.734514,-6.864129,7.970257,-0.1124694427,1.6245873743,-0.0986983692
0.80597,-4.686478,-16.587579,8.645152,0.0907975617,0.9796669312,-0.0944414686
0.807019,-0.296057,-15.045618,1.980262,0.1908347261,0.8413176613,-0.0252668336
0.808036,5.076685,-9.701432,-9.915665,0.0503570058,1.3723660129,0.0162379474
0.809085,4.339344,-4.757102,-8.469805,-0.1688733758,2.0300571579,-0.0273952839
0.810134,-2.913978,-3.971756,4.696655,-0.1901578789,1.9289557683,-0.1104048459
0.811183,-5.370981,-14.166892,8.172005,-0.0166891789,1.2521085706,-0.1284966735
0.812199,-2.861139,-17.602783,5.743824,0.1631648721,0.9041069453,-0.0476155618
0.813249,2.516406,-8.805946,-5.474807,0.1354950181,1.1829339356,0.0322013247
0.814297,4.341746,-4.124994,-11.02528,-0.0954418402,1.7405879161,0.0055956959
0.815346,-1.696285,-5.382027,2.921753,-0.1816440777,1.8055056505,-0.0657073894
0.816395,-4.4439,-10.999169,9.238388,-0.0145607286,1.2499801203,-0.0880561177
0.817412,-2.001308,-16.166173,5.474826,0.1535868457,0.846638787,-0.0518724624
0.818461,2.225793,-13.71436,-2.215616,0.1450730445,1.0616122681,0.0151737222
0.81951,5.187166,-6.7492,-10.665015,-0.0528728341,1.7012115854,0.0183663977
0.820559,0.484516,-2.595005,-1.478275,-0.2008001304,1.9853597014,-0.0678358397
0.821576,-4.441499,-8.882565,7.967856,-0.1028914163,1.5128437332,-0.1327535741
0.822625,-3.463981,-17.126307,6.591646,0.0886691114,0.9775384809,-0.1072121704
0.823674,4.25288,-6.926382,-10.042959,0.0131091254,1.5543485142,0.0194306229
0.824722,1.875136,-2.717117,-5.119346,-0.1656807004,1.9481118211,-0.0391017606
0.82574,-4.095645,-6.413991,6.562825,-0.1241759194,1.6213946989,-0.0997625944
0.826788,-4.340625,-14.171681,6.908678,0.0609992574,1.0637407184,-0.0859276674
0.827837,-0.771606,-15.558009,2.374151,0.1631648721,0.9679604545,-0.0061107808
0.828886,3.919035,-9.402139,-8.952559,0.0418432046,1.4404764228,0.0471004769
0.829935,3.090427,-3.885559,-7.701241,-0.1635522501,1.9587540726,0.0013387952
0.830952,-3.0797,-5.05879,5.347533,-0.1646164752,1.788478048,-0.0816707667
0.832001,-4.186912,-13.400701,7.177676,0.0152375758,1.1797412601,-0.1072121704
0.83305,-1.432091,-17.528558,5.573299,0.175935574,0.9051711705,-0.0550651379
0.834099,2.979946,-10.984803,-4.324363,0.1493299451,1.2223102663,0.0077241462
0.835115,4.685198,-5.094705,-11.805852,-0.0762857875,1.8459462063,-0.0167530324
0.836165,-0.805231,-4.321331,1.218904,-0.1731302764,1.975781675,-0.097634144
0.837214,-4.590408,-8.746087,7.136846,-0.0273314304,1.4277057209,-0.1465885011
0.838263,-3.444767,-16.752789,5.225043,0.1493299451,0.9860522821,-0.1093406207
0.83928,0.856789,-13.915486,-0.378268,0.1950916267,1.1382364791,-0.0029181054
0.840329,4.721224,-3.660491,-12.466337,-0.0007258016,1.7299456646,0.0173021725
0.841378,0.345213,-3.811334,-2.374132,-0.1752587268,2.017286456,-0.0603862637
0.842426,-4.736915,-10.139598,9.137514,-0.0656435359,1.5607338651,-0.0997625944
0.843443,-3.391929,-14.401538,5.815877,0.1365592433,1.0286212883,-0.0806065416
0.844493,0.018574,-14.549988,3.111492,0.2185045801,1.0115936858,-0.0220741581
0.845541,4.327335,-7.405252,-8.659544,0.0801553101,1.4734674025,0.0045314707
0.84659,2.879072,-2.942186,-7.691634,-0.1369466212,1.9161850664,-0.0635789391
0.847639,-3.276644,-8.401301,6.36588,-0.1199190188,1.7107896118,-0.131689349
0.848656,-3.814639,-15.0959,6.500379,0.0748341844,1.1563283067,-0.1221113226
0.849704,3.597199,-7.809897,-6.836606,0.1078251641,1.4926234553,-0.0007896551
0.850754,2.871867,-2.166417,-8.585089,-0.1156621181,2.0055799793,-0.0422944361
0.851802,-3.274242,-5.971037,5.352337,-0.1475888728,1.8629738088,-0.1082763956
0.85282,-4.535167,-14.250694,7.518726,0.0407789794,1.2765857491,-0.1082763956
0.853868,-1.283181,-16.685747,3.956913,0.2057338783,0.9966945337,-0.0444228864
0.854917,2.737368,-10.216217,-3.541389,0.1769997991,1.2659434976,0.0098525965
0.855966,3.400255,-3.835278,-9.713917,-0.0422305825,1.7767715713,-0.0220741581
0.856986,-1.427287,-4.757102,2.484633,-0.1294970451,1.8395608554,-0.090184568
0.858032,-3.586471,-10.16833,7.175274,0.0163018009,1.3500172847,-0.1242397729
0.859081,-1.386457,-16.163779,2.306902,0.1578437463,1.0318139638,-0.097634144
0.86013,2.377104,-14.542805,-2.446185,0.1440088193,1.3138336295,-0.0231383833
0.861179,3.803751,-5.051607,-9.245574,-0.0518086089,1.9151208413,-0.0167530324
0.862196,-1.124665,-3.150494,0.058853,-0.1805798525,2.0704977137,-0.0880561177
0.863245,-4.756129,-9.090873,8.472226,-0.0571297347,1.5649907657,-0.1295608987
0.864294,-3.341492,-14.533228,4.7567,0.1354950181,1.0860894466,-0.1050837201
0.865342,0.155474,-15.567586,1.178074,0.2014769776,1.0850252214,-0.0305879594
0.866362,3.907027,-7.271168,-8.318494,0.0620634825,1.5224217596,-0.0018538802
0.867408,1.440417,-1.235015,-4.463665,-0.1177905685,1.8789371861,-0.0699642901
0.868457,-3.593677,-7.158634,7.381826,-0.0677719862,1.6096882222,-0.1295608987
0.869506,-2.940397,-15.584347,4.85277,0.1216600911,1.1190804264,-0.1167901968
0.870523,1.060938,-18.055314,-0.294206,0.1940274016,1.1052454994,-0.0412302109
0.871572,4.533887,-10.237766,-7.758883,0.0535496813,1.663963705,0.0098525965
0.872621,1.817494,-1.227832,-5.455593,-0.1582311243,2.1673422027,-0.0476155618
0.87367,-4.12927,-4.278232,7.050382,-0.1486530979,1.9427906953,-0.1221113226
0.874719,-4.60722,-12.136485,6.642083,0.0524854561,1.3287327816,-0.1359462496
0.875738,-1.63624,-17.511797,2.491838,0.1950916267,1.0296855134,-0.0774138661
0.876785,3.558771,-1.697125,-9.420902,-0.0603224102,1.8310470542,-0.0188814827
0.877833,-2.551312,-2.286134,3.707129,-0.1369466212,1.8363681799,-0.1029552698
0.878882,-4.076431,-12.584228,8.868516,0.0397147543,1.2999987025,-0.1199828723
0.879899,-0.543439,-17.8494,1.413447,0.1982843022,1.0318139638,-0.0657073894
0.880948,3.832572,-15.251532,-5.066508,0.1493299451,1.4298341712,0.006659921
0.883046,-1.686677,-0.559809,1.396634,-0.2178277329,2.2716362678,-0.1050837201
0.881997,4.526681,-4.872031,-9.99012,-0.0794784629,2.1428650242,-0.0093034563
0.884063,-5.507881,-9.059747,10.139049,-0.0816069132,1.6405507516,-0.1551023023
0.885114,-4.090841,-17.06166,5.133776,0.1365592433,1.0605480429,-0.117854422
0.886161,0.671853,-16.982646,-0.188529,0.2238257059,1.0339424141,-0.0178172575
0.88721,5.496993,-7.170606,-10.578552,0.072705734,1.5766972424,0.0151737222
0.888259,1.036921,-0.124038,-4.888777,-0.1454604225,2.0279287076,-0.0657073894
0.889276,-5.11159,-7.072437,10.436867,-0.0794784629,1.6884408836,-0.117854422
0.890325,-3.451973,-15.471812,6.975928,0.1440088193,1.0988601484,-0.0986983692
0.891373,0.890413,-18.433621,-0.152502,0.2302110568,1.0424562153,-0.0231383833
0.892422,5.890882,-10.841142,-10.175056,0.0854764359,1.6799270823,0.0290086492
0.893439,3.955062,0.888772,-9.987718,-0.1859009783,2.3663523064,-0.0561293631
0.894491,-4.537569,-4.515273,8.308906,-0.2327268851,2.1364796732,-0.159359203
0.895537,-6.230811,-16.578001,10.797131,-0.0060469273,1.3713017878,-0.1444600508
0.896586,-2.921183,-18.907702,3.9401,0.2057338783,0.9945660834,-0.0476155618
0.897605,3.22973,-11.085366,-4.771091,0.2025412028,1.2308240675,0.034329775
0.898651,5.741973,0.072299,-14.077919,-0.0496801586,1.8310470542,-0.021009933
0.8997,-2.097379,-3.284578,1.415848,-0.2050570311,1.9736532247,-0.1284966735
0.900749,-5.498274,-15.246743,13.470293,-0.0060469273,1.4383479725,-0.1167901968
0.901766,-1.667463,-18.045737,4.802333,0.2302110568,0.9998872091,-0.0454871115
0.902815,6.385645,-3.861616,-13.638397,-0.0060469273,1.9842954763,0.0130452719
0.903866,0.921636,1.130601,-4.422835,-0.2412406863,2.439783842,-0.1072121704
0.904913,-6.20199,-11.609728,12.358277,-0.1592953494,1.8895794376,-0.1625518784
0.905961,-4.801763,-19.276432,8.104756,0.1056967138,1.1669705583,-0.1072121704
0.906981,0.350017,-14.961816,-0.118878,0.2323395071,1.0158505865,-0.021009933
0.908027,5.230398,-8.16426,-10.2351,0.1035682635,1.4958161307,0.0077241462
0.909076,2.384309,-1.771349,-8.539456,-0.1326897206,2.0598554622,-0.0571935882
0.910125,-5.037136,-7.280746,9.92289,-0.1209832439,1.8587169081,-0.1008268195
0.911142,-4.4439,-14.267455,11.001281,0.1163389653,1.2340167429,-0.0784780913
0.912191,0.100234,-14.470975,0.332654,0.2334037322,1.040327765,-0.0316521845
0.913241,5.362494,-12.050288,-9.30802,0.106760939,1.5745687921,0.0119810468
0.914288,5.115113,-4.306965,-11.868298,-0.1486530979,2.3589027304,-0.0305879594
0.915306,-3.267037,-3.483309,4.165866,-0.2359195605,2.3035630224,-0.1242397729
0.916357,-6.278847,-12.153245,11.68098,-0.0486159335,1.5011372565,-0.145524276
0.917404,-3.881888,-17.95954,5.659762,0.1589079715,0.9626393288,-0.0816707667
0.918452,1.872734,-16.079977,-1.009931,0.1993485273,1.0733187447,0.0279444241
0.919501,6.400056,-4.496118,-12.019609,0.0216229267,1.7171749627,0.0364582253
0.920518,-0.046274,0.098637,-2.7392,-0.1592953494,2.0758188395,-0.0720927404
0.921567,-5.957011,-10.163541,12.492775,-0.0358452316,1.6203304737,-0.111469071
0.922616,-3.348697,-15.15097,5.633343,0.1769997991,1.0882178969,-0.0689000649
0.924682,6.71949,-11.042267,-11.976377,-0.0507443838,1.9395980198,0.0407151259
0.923665,2.293042,-15.660966,-3.964099,0.1589079715,1.1754843595,0.0077241462
0.925733,2.413131,-0.310797,-6.233764,-0.2305984347,2.5132153776,-0.0465513367
0.92678,-5.063555,-5.037241,8.95498,-0.1731302764,2.0258002573,-0.1519096269
0.927828,-6.129937,-17.224475,8.938167,0.0429074297,1.2074111141,-0.1497811766
0.928845,-2.750658,-19.084884,4.523729,0.2036054279,0.9339052496,-0.0316521845
0.929894,5.737169,0.069905,-11.805852,-0.0762857875,1.9651394235,-0.0103676814
0.930943,-2.805899,-3.545562,4.533336,-0.1401392967,2.0481489855,-0.1072121704
0.931993,-4.835388,-12.744649,10.376823,0.051421231,1.4681462768,-0.1072121704
0.933041,-1.083835,-17.442361,0.916282,0.1716786733,1.1265300024,-0.0433586612
0.934058,4.216854,-15.558009,-5.99599,0.0961186874,1.539449362,0.0492289272
0.935109,5.775598,-4.074713,-10.741872,-0.114597893,2.3088841481,0.0385866756
0.936156,-1.643446,-0.490373,0.616062,-0.2359195605,2.3812514586,-0.090184568
0.937204,-6.326882,-10.810015,11.387965,-0.086928039,1.6543856786,-0.1540380772
0.938221,-5.039537,-16.695324,6.947107,0.1237885414,1.0828967711,-0.1061479453
0.93927,-0.151951,-15.917161,0.901871,0.1801924746,1.0339424141,0.0002745701
0.940319,5.705946,-8.492286,-9.120682,0.0450358801,1.4543113498,0.0396509008
0.941368,2.148937,-0.337135,-5.080918,-0.1135336678,1.9066070401,-0.0369733103
0.942385,-4.059618,-5.516111,8.755634,-0.0390379071,1.7448448167,-0.0997625944
0.943434,-2.635374,-13.896331,5.486835,0.1323023427,1.3138336295,-0.0912487931
0.944485,1.483649,-17.775176,-2.892913,0.1248527666,1.3968431915,-0.0114319066
0.945531,4.776465,-12.162822,-8.460198,-0.0518086089,2.0800757401,0.0566785032
0.94658,1.860725,-1.103326,-5.140962,-0.2220846335,2.4972520003,-0.0146245821
0.947597,-4.804165,-4.692455,6.514789,-0.2018643556,2.0204791315,-0.131689349
0.948646,-5.872949,-13.350419,8.599519,-0.0007258016,1.3457603841,-0.1444600508
0.949695,-2.76747,-16.326595,2.820879,0.1408161439,1.0977959233,-0.0561293631
0.950744,3.241738,-14.020837,-5.49162,0.0748341844,1.3085125037,0.0407151259
0.951761,4.406593,-3.136128,-8.392948,-0.0922491648,1.8204048026,0.0258159738
0.952809,-1.958077,-0.277276,2.609524,-0.114597893,1.926827318,-0.0742211907
0.95386,-3.908307,-10.118049,8.344932,0.0535496813,1.4553755749,-0.1199828723
0.954907,4.003097,-17.13349,-6.267389,0.0546139064,1.6809913075,0.0300728744
0.955925,4.260086,-7.682996,-7.002328,-0.1305612703,2.4227562396,0.0534858278
0.956973,-1.645847,0.266241,1.293359,-0.2008001304,2.3972148359,-0.0635789391
0.958022,-5.171634,-8.011022,7.842964,-0.0837353635,1.6533214535,-0.1646803287
0.959071,-4.919449,-15.064773,7.429861,0.1035682635,1.1414291546,-0.1423316005
0.96012,-0.728374,-14.937872,-0.632855,0.1461372696,1.1541998564,-0.0273952839
0.961137,5.074283,-9.433265,-8.933345,-0.0156249537,1.5745687921,0.0322013247
0.962186,1.855922,-1.709096,-2.650335,-0.1412035218,1.9395980198,-0.0252668336
0.963237,-4.117261,-7.165817,6.461951,-0.0443590329,1.6788628572,-0.0869918925
0.964283,-2.356769,-14.095062,4.826351,0.1237885414,1.2095395644,-0.0742211907
0.9653,2.309855,-13.204364,-3.661477,0.1110178396,1.3361823577,-0.0114319066
0.966349,4.603538,-10.843536,-8.767623,-0.086928039,2.1066813689,0.0364582253
0.967398,1.068144,-5.386816,-1.773692,-0.211442382,2.5855826881,0.006659921
0.968447,-3.891495,-4.867242,5.232248,-0.1465246476,2.1247731966,-0.083799217
0.969464,-4.796959,-12.320849,6.418719,0.023751377,1.4383479725,-0.1263682232
0.970513,-2.702623,-15.86688,4.360409,0.1610364218,1.1988973129,-0.0614504888
0.971562,3.090427,-11.217055,-5.880705,0.0961186874,1.4340910718,0.0183663977
0.972613,3.969472,-3.962178,-7.336173,-0.0933133899,1.9055428149,-0.0018538802
0.973628,-2.179039,-4.611047,3.733549,-0.1050198666,1.9534329468,-0.0699642901
0.974676,-3.653721,-12.052682,7.014356,0.0716415089,1.4851738792,-0.090184568
0.975725,-0.06789,-14.140554,1.550347,0.175935574,1.2350809681,-0.0603862637
0.976774,3.883009,-11.976063,-7.052765,0.0609992574,1.6788628572,0.0002745701
0.977823,3.383442,-7.309478,-6.935079,-0.1518457734,2.3993432862,0.0162379474
0.97884,-1.943666,-3.751476,3.469355,-0.197607455,2.439783842,-0.0444228864
0.979889,-4.580801,-9.35904,6.43313,-0.0581939599,1.7757073462,-0.1072121704
0.980938,-3.581668,-15.680121,5.486835,0.106760939,1.2744572988,-0.0923130183
0.981989,4.399388,-7.105958,-9.560205,-0.0166891789,1.7874138229,0.0247517486
0.983004,0.162679,-1.764166,-1.113207,-0.1507815482,2.037506734,-0.0433586612
0.984052,-4.242152,-8.032571,7.506717,-0.0475517083,1.6735417314,-0.0997625944
0.985101,-2.253493,-14.226751,4.653424,0.141880369,1.2457232196,-0.0859276674
0.98615,1.827101,-13.925063,-1.848146,0.1578437463,1.3670448872,-0.0188814827
0.987167,4.687599,-9.93129,-9.764354,-0.0486159335,2.0417636346,0.0300728744
0.988216,1.082554,-4.6733,-1.828932,-0.2188919581,2.5036373513,0.0002745701
0.989265,-4.114859,-6.811453,7.751697,-0.1486530979,2.0992317929,-0.0678358397
0.990313,-4.186912,-13.424644,5.345131,0.037586304,1.4383479725,-0.097634144
0.991365,-1.352833,-14.296187,2.866513,0.162100647,1.2286956172,-0.0593220385
0.992379,3.640431,-10.264104,-6.5556,0.086540661,1.5543485142,-0.0124961318
0.994477,-3.010048,-7.220887,5.333122,-0.1294970451,2.0087726548,-0.0795423164
0.993428,3.260953,-5.288648,-7.352985,-0.1177905685,2.0555985616,-0.0359090851
0.995526,-4.251759,-13.501263,7.283353,0.0609992574,1.4883665547,-0.0742211907
0.996544,-0.579465,-12.210709,1.252529,0.1950916267,1.2659434976,-0.0401659857
0.997592,3.923839,-8.365386,-8.203209,0.0886691114,1.691633559,-0.0061107808
0.998641,3.580387,-5.889629,-8.467403,-0.156102674,2.3695449819,-0.0146245821
0.99969,-2.414411,-6.672581,4.898404,-0.2050570311,2.4142424384,-0.0550651379
1.000707,-4.398267,-13.410278,7.655626,-0.0326525562,1.7906064983,-0.0731569655
1.001756,-2.37118,-15.598713,4.867181,0.155715296,1.3170263049,-0.0561293631
1.002805,1.032117,-11.949725,-0.988316,0.1940274016,1.3510815099,-0.0135603569
1.003856,4.154408,-6.95272,-10.472874,0.0163018009,1.8150836768,-0.0082392311
1.004902,0.277964,-3.689223,-1.151635,-0.1401392967,2.141800799,-0.0593220385
1.005919,-4.124466,-8.576088,8.854106,-0.0518086089,1.8118910014,-0.0923130183
1.006968,-2.318341,-14.475763,4.598183,0.1269812169,1.3638522117,-0.0774138661
1.008017,4.262487,-10.077345,-9.495357,-0.0060469273,2.1098740444,0.0226232983
1.009066,1.284302,-2.530358,-3.495755,-0.1805798525,2.5589770593,-0.0199457078
1.010083,-4.338223,-5.587941,7.40104,-0.1358823961,2.1715991033,-0.0933772434
1.011132,-4.8522,-15.737585,6.454745,0.0503570058,1.4958161307,-0.1029552698
1.01218,-1.641044,-16.412791,2.986601,0.2014769776,1.241466319,-0.0401659857
1.013232,4.015106,-9.900163,-7.280932,0.1440088193,1.5245502099,0.0055956959
1.014247,3.995892,-3.095424,-8.779632,-0.0826711384,2.0353782837,-0.0412302109
1.015295,-2.827514,-6.1985,5.64295,-0.1348181709,2.0428278597,-0.0986983692
1.016344,-3.905906,-15.787866,9.187951,0.0535496813,1.5490273884,-0.0795423164
1.017393,-0.103916,-14.734353,2.299697,0.2078623286,1.3468246092,-0.0242026084
1.018442,3.758117,-8.817917,-7.153639,0.1259169917,1.7725146707,0.0077241462
1.019459,3.674056,-5.66456,-9.36326,-0.1071483169,2.4206277893,-0.0188814827
1.020508,-2.171833,-5.185691,3.368481,-0.1912221041,2.4695821463,-0.0795423164
1.021556,-4.929056,-11.494799,8.618733,-0.0528728341,1.8310470542,-0.1050837201
1.022607,-3.564855,-16.89645,5.727011,0.1248527666,1.296806027,-0.0720927404
1.023622,0.294776,-14.209991,0.15012,0.1940274016,1.2957418019,-0.0018538802
1.024671,4.858124,-5.951882,-10.19427,0.0546139064,1.7661293198,-0.0007896551
1.02572,1.315525,-0.684315,-3.085054,-0.1231116942,2.1322227726,-0.0891203428
1.026768,-4.234947,-9.648756,9.163933,-0.0645793108,1.8289186038,-0.1327535741
1.027785,-2.287118,-18.534184,6.759769,0.1354950181,1.3787513638,-0.0827349919
1.028834,2.271427,-14.370412,-2.362123,0.1940274016,1.5128437332,-0.0082392311
1.029883,5.095899,-7.716517,-11.623318,0.0088522248,2.1811771297,0.0077241462
1.030932,1.723825,-3.045143,-4.547727,-0.1954790047,2.6419866212,-0.0561293631
1.031949,-4.602417,-7.144268,7.809339,-0.156102674,2.2971776715,-0.1189186471
1.032997,-5.077966,-15.749557,8.0279,0.0492927807,1.6331011756,-0.104019495
1.034046,2.489987,-9.445237,-6.71892,0.1567795212,1.5128437332,0.0087883713
1.035095,3.657243,-5.255127,-9.392081,-0.0432948077,2.0109011051,-0.0199457078
1.036144,-1.792355,-4.71161,3.771977,-0.0911849396,2.0704977137,-0.0784780913
1.037161,-3.725774,-12.521975,8.428994,0.0663203831,1.5681834412,-0.0880561177
1.03821,-0.339289,-16.082371,2.066726,0.1918989513,1.3329896822,-0.0422944361
1.039259,3.974276,-11.813248,-7.326566,0.1152747402,1.8012487498,0.0087883713
1.040307,4.168819,-7.105958,-9.002996,-0.0837353635,2.4898024243,-0.0082392311
1.041324,-1.484929,-4.014854,2.362143,-0.1518457734,2.5536559335,-0.0891203428
1.042373,-4.684077,-10.185091,7.866982,-0.0198818543,1.9395980198,-0.1412673753
1.043422,-3.766603,-17.322644,7.146453,0.1610364218,1.3968431915,-0.1093406207
1.044471,-0.507412,-13.855627,0.877854,0.2323395071,1.3415034835,-0.0263310588
1.045491,4.027115,-6.763566,-10.359991,0.0971829126,1.7927349486,0.0055956959
1.046537,1.870332,-1.445718,-4.915197,-0.0699004365,2.2173607849,-0.0561293631
1.047585,-3.656122,-6.021318,6.543611,-0.031588331,1.9449191456,-0.125303998
1.048634,-3.214198,-16.010541,6.531602,0.1259169917,1.4011000921,-0.111469071
1.049683,0.907226,-16.96828,-0.426303,0.1812566997,1.4426048731,-0.0220741581
1.0507,4.898954,-10.549031,-9.687498,0.0365220788,2.1396723487,0.0364582253
1.051749,2.588459,-2.92782,-5.131355,-0.1369466212,2.6643353495,-0.0199457078
1.052798,-3.908307,-3.756264,6.394701,-0.1167263433,2.3461320285,-0.1242397729
1.053847,-5.109189,-13.403095,7.845366,0.0609992574,1.6767344069,-0.1561665275
1.054866,-2.844327,-17.789542,5.904742,0.2185045801,1.3159620798,-0.0848634422
1.055913,2.110509,-13.051126,-3.596629,0.1982843022,1.4692105019,0.0077241462
1.056961,4.697206,-4.17767,-10.511302,0.0109806751,2.031121383,-0.0007896551
1.058011,-0.730776,-1.048256,0.666499,-0.0816069132,2.2216176855,-0.0933772434
1.059027,-4.415079,-9.447631,7.821348,0.0407789794,1.7352667903,-0.1402031502
1.060076,-1.86681,-16.549269,2.989003,0.1716786733,1.4053569927,-0.0912487931
1.061125,4.188033,-8.741298,-8.039889,-0.0603224102,2.4270131402,0.020494848
1.062174,-0.356101,-1.270931,0.181343,-0.1465246476,2.5334356556,-0.0646431643
1.063223,-4.194117,-5.561603,6.584441,-0.0422305825,1.9534329468,-0.1572307527
1.064242,-4.395865,-16.58279,7.302567,0.134430793,1.4138707939,-0.145524276
1.065289,-1.009381,-16.934759,2.976994,0.2334037322,1.3393750332,-0.0380375354
1.066337,4.596332,-8.84665,-8.549063,0.120595866,1.7512301676,0.0215590732
1.067386,3.076017,-3.03796,-6.120881,-0.0635150856,2.2280030365,-0.0316521845
1.068403,-2.892362,-4.675694,4.85277,-0.0464874832,2.0885895413,-0.1082763956
1.069452,-3.370313,-11.449307,5.606923,0.106760939,1.5915963946,-0.1221113226
1.070501,-0.118327,-15.486178,0.479161,0.162100647,1.5628623154,-0.0540009127
1.07155,3.510736,-11.80367,-7.278531,0.0386505291,2.1343512229,0.0215590732
1.072567,2.230597,-4.8002,-4.7831,-0.1177905685,2.5728119862,-0.0029181054
1.073617,-3.115726,-4.309359,4.660629,-0.1124694427,2.2727004929,-0.0880561177
1.074664,-4.717701,-12.385497,6.466754,0.0503570058,1.6554499038,-0.1189186471
1.075713,-2.6714,-17.087998,5.453211,0.2174403549,1.3691733375,-0.0582578134
1.076762,2.506799,-11.035084,-3.495755,0.2089265537,1.5841468185,0.0141094971
1.077779,4.704412,-3.25824,-9.795577,0.0109806751,2.114130945,-0.0156888072
1.078828,-0.819641,-4.275838,1.069995,-0.0805426881,2.2705720426,-0.0986983692
1.079877,-3.88429,-11.89705,7.091212,0.0556781316,1.8406250805,-0.1210470974
1.080926,-1.004577,-15.428714,2.374151,0.1961558519,1.55966964,-0.076349641
1.081943,2.449157,-12.517186,-4.679824,0.1472014948,1.8789371861,-0.0167530324
1.082992,2.43955,-7.580039,-7.242504,-0.0475517083,2.4174351138,-0.0050465557
1.08404,-1.556982,-3.617392,1.888996,-0.1188547936,2.446169193,-0.0561293631
1.08509,-3.896299,-5.626251,5.916751,0.0024668739,1.9044785898,-0.1210470974
1.086109,-3.151752,-14.140554,4.535737,0.155715296,1.4638893761,-0.1231755477
1.087155,4.152006,-9.509884,-8.433778,0.0748341844,1.9704605493,0.0173021725
1.088204,1.140197,-2.420218,-2.669549,-0.0773500126,2.3152694991,-0.03484486
1.089253,-3.55765,-5.599913,6.69252,-0.0145607286,2.0385709591,-0.1061479453
1.090302,-2.476857,-12.538735,4.086608,0.1472014948,1.5969175203,-0.1199828723
1.091319,0.94085,-16.065611,-0.474338,0.1823209249,1.6511930032,-0.0635789391
1.092368,3.265756,-11.873106,-6.944686,0.0354578537,2.1843698052,-0.0114319066
1.093416,1.051331,-3.842461,-2.583086,-0.1124694427,2.5291787549,-0.0444228864
1.094465,-3.370313,-3.334859,5.645352,-0.073093112,2.1928836064,-0.1242397729
1.095485,-4.131671,-11.798881,4.876788,0.0854764359,1.6309727253,-0.152973852
1.096531,-1.124665,-18.103201,3.185947,0.2099907789,1.4596324755,-0.0774138661
1.09758,3.553968,-13.03676,-5.654939,0.1503941703,1.8193405775,0.0098525965
1.098629,2.886278,-3.555139,-7.878971,-0.0550012844,2.3344255518,-0.0093034563
1.099646,-2.462447,-2.774582,4.216303,-0.0879922642,2.3142052739,-0.0795423164
1.100695,-3.737782,-9.517067,6.1209,0.072705734,1.8140194517,-0.1167901968
1.101745,-1.21353,-17.054477,1.956245,0.1929631764,1.5373209117,-0.0774138661
1.102793,2.90309,-15.754345,-3.524576,0.1503941703,1.8406250805,0.0055956959
1.10381,3.421871,-4.366823,-7.842945,-0.0518086089,2.4036001868,-0.0029181054
1.104861,-1.938862,-1.287691,2.342929,-0.1539742237,2.4589398948,-0.0933772434
1.105907,-4.479927,-9.61763,7.554752,-0.0188176292,1.9310842186,-0.139138925
1.106956,-2.515285,-16.503776,3.59905,0.1610364218,1.5000730314,-0.1050837201
1.108005,1.728628,-16.534903,-0.824996,0.1929631764,1.5628623154,-0.0231383833
1.109022,4.699608,-7.759615,-8.813257,0.0226871518,2.079011515,0.0034672456
1.110071,0.232331,-0.918961,-1.459061,-0.1337539458,2.4067928623,-0.062514714
1.11112,-4.244554,-6.25357,8.460217,-0.0411663574,2.0694334886,-0.1189186471
1.112169,-2.877951,-15.177307,3.995341,0.1567795212,1.6171377983,-0.1093406207
1.113186,0.964868,-17.976301,-0.990717,0.2185045801,1.6448076523,-0.0252668336
1.114237,1.10417,0.302156,-4.540522,-0.1518457734,2.5834542378,-0.0465513367
1.115283,-4.604818,-5.228789,8.06873,-0.1124694427,2.2460948641,-0.1189186471
1.116332,-4.186912,-14.933084,5.405175,0.092926012,1.6597068044,-0.1082763956
1.11735,-0.387324,-18.352214,0.556018,0.2121192292,1.4926234553,-0.0316521845
1.118398,4.44262,-13.261828,-6.538788,0.1216600911,1.8778729609,0.0268801989
1.119447,3.328202,-2.499231,-7.261718,-0.100762966,2.418499339,-0.0242026084
1.120496,-3.387125,-2.70754,6.490772,-0.1380108464,2.3557100549,-0.1072121704
1.121545,-4.309402,-11.640854,8.520261,0.0620634825,1.8055056505,-0.1274324483
1.122562,-0.932524,-16.815042,1.567159,0.224889931,1.531999786,-0.0806065416
1.123613,3.650038,-14.150132,-5.626118,0.169550223,1.8842583118,-0.0039823305
1.12466,4.204845,-5.271887,-10.050164,-0.0688362114,2.5323714304,-0.0114319066
1.125708,-2.601749,-2.738666,3.089877,-0.1890936538,2.5898395887,-0.0869918925
1.126726,-5.462248,-8.671862,10.014157,-0.0262672052,1.9917450524,-0.1189186471
1.127774,-3.043673,-14.957027,4.028966,0.1738071236,1.5096510577,-0.0891203428
1.128823,1.315525,-17.420812,-1.132421,0.2089265537,1.5202933093,-0.0007896551
1.129872,5.5066,-9.756502,-10.513704,0.0343936285,2.0715619389,0.0332655499
1.130889,1.04893,-1.158396,-2.645531,-0.1624880249,2.5132153776,-0.0433586612
1.131938,-4.801763,-5.942305,10.847568,-0.0901207145,2.1492503751,-0.1082763956
1.132989,-3.132538,-13.647319,6.291426,0.1184674157,1.5607338651,-0.1135975214
1.134036,0.854387,-17.013773,-0.423901,0.1993485273,1.5011372565,-0.0497440121
1.135084,5.42494,-12.308878,-10.110208,0.0609992574,2.1034886935,0.0130452719
1.136101,3.465102,-1.716279,-8.546661,-0.183772528,2.7398953354,-0.0359090851
1.13715,-4.395865,-4.031615,8.155193,-0.2018643556,2.5185365034,-0.117854422
1.138199,-5.90177,-14.277032,9.442538,0.0226871518,1.802312975,-0.1199828723
1.139248,3.813358,-13.266617,-5.707778,0.1855136003,1.636293851,0.034329775
1.140265,6.325601,-3.243874,-12.696906,-0.059258185,2.3578385052,-0.0050465557
1.141314,-1.669865,-1.816842,2.328518,-0.1933505544,2.5791973372,-0.1050837201
1.142365,-5.584737,-10.99438,11.21744,-0.0241387549,1.989616602,-0.1284966735
1.143411,-2.690614,-17.509403,4.235517,0.1855136003,1.4873023295,-0.0795423164
1.144428,2.499594,-16.336172,-3.070643,0.2036054279,1.6543856786,0.0173021725
1.145477,6.534554,-6.279908,-13.00193,-0.0049827022,2.4216920144,0.0364582253
1.146526,0.5998,0.108214,-2.981778,-0.2103781568,2.8793088305,-0.0657073894
1.147575,-6.288454,-9.330308,12.564828,-0.1092767672,2.3727376574,-0.1221113226
1.148624,-5.236482,-16.537297,7.927026,0.1376234684,1.6682206056,-0.0912487931
1.149641,-0.848462,-15.49815,0.757766,0.2472386592,1.4319626215,-0.0167530324
1.15069,5.436949,-9.631996,-9.516973,0.1131462899,1.8246617032,0.0236875235
1.151741,4.087159,-1.124875,-9.168717,-0.1326897206,2.4504260936,-0.0422944361
1.152787,-4.14368,-5.611885,8.047114,-0.1412035218,2.3450678034,-0.1104048459
1.153804,-4.777745,-15.232377,10.042978,0.0812195353,1.7267529891,-0.0912487931
1.154853,-0.418547,-17.763204,0.961915,0.2153119046,1.5160364087,-0.0135603569
1.155902,4.954195,-12.857184,-8.018273,0.1184674157,1.9970661781,0.0513573775
1.156951,4.826902,-1.522337,-10.974843,-0.1199190188,2.7143539317,-0.0061107808
1.157968,-3.077298,-1.000369,3.961716,-0.1997359053,2.702647455,-0.1274324483
1.159017,-5.796093,-12.905071,11.078138,-0.0166891789,1.9864239266,-0.1551023023
1.160065,-3.127735,-19.661922,4.790324,0.1769997991,1.4851738792,-0.0784780913
1.161117,2.379506,-16.76476,-2.49422,0.1993485273,1.6448076523,0.0364582253
1.162132,6.162281,-4.955833,-11.933146,0.0216229267,2.3152694991,0.0417793511
1.16318,0.157876,1.930313,-2.052296,-0.1443961973,2.6302801445,-0.0742211907
1.164229,-5.608755,-8.03736,11.154994,-0.0432948077,2.1194520708,-0.1380746999
1.165278,-4.26617,-16.396031,5.794261,0.155715296,1.5575411897,-0.0955056937
1.166327,6.789141,-11.40142,-11.536855,-0.0220103046,2.3365540021,0.0428435762
1.167344,2.247409,-2.640498,-4.245105,-0.1944147795,2.8250333477,-0.0401659857
1.168393,-5.447837,-4.826538,9.951711,-0.1252401445,2.390829485,-0.1263682232
1.169442,-5.56072,-13.087041,9.260004,0.0876048862,1.7129180621,-0.131689349
1.170492,-2.111789,-16.623494,3.387695,0.2121192292,1.476660078,-0.048679787
1.171507,4.548297,-12.826057,-7.989452,0.1163389653,1.8353039548,0.0332655499
1.172556,4.98782,-3.035566,-10.460865,-0.1114052175,2.4993804506,-0.0103676814
1.173607,-3.110922,-2.420218,5.304301,-0.1518457734,2.4908666494,-0.1125332962
1.174654,-5.2605,-11.650432,9.605857,0.0301367279,1.829982829,-0.139138925
1.175671,-2.001308,-18.026582,3.101885,0.1674217727,1.4883665547,-0.0667716146
1.17672,3.880607,-14.961816,-5.071311,0.114210515,1.8661664842,0.0396509008
1.177768,5.830838,-4.294993,-11.409562,-0.1028914163,2.6015460654,0.0268801989
1.178817,-1.266369,-0.306008,0.959514,-0.2082497065,2.7484091366,-0.0869918925
1.179868,-5.351767,-8.513835,10.18228,-0.0539370592,2.1290300972,-0.1423316005
1.180883,-4.18451,-17.083209,5.94317,0.1365592433,1.6054313216,-0.0986983692
1.181932,0.467703,-18.656296,0.224574,0.1876420506,1.642679202,0.0247517486
1.182983,6.212718,-8.001445,-10.506499,0.0418432046,2.2013974076,0.0673207548
1.184029,2.055268,1.690879,-5.321094,-0.1369466212,2.6228305685,-0.0454871115
1.185046,-4.998707,-6.404414,8.758035,-0.0709646617,2.2758931684,-0.1348820244
1.186095,-4.326214,-15.000126,6.233783,0.1301738923,1.7288814394,-0.1167901968
1.187144,0.042591,-17.279545,-1.110805,0.1769997991,1.6820555326,-0.021009933
1.188193,5.071881,-12.814085,-7.919801,0.0301367279,2.2088469837,0.0545500529
1.18921,3.08082,-1.603745,-5.726992,-0.1358823961,2.6930694286,-0.0007896551
1.190259,-3.833853,-2.300501,6.029633,-0.114597893,2.4333984911,-0.1082763956
1.191307,-4.849798,-11.035084,7.953445,0.0673846083,1.8608453585,-0.1359462496
1.192359,3.169686,-16.59955,-6.204943,0.086540661,2.0119653303,0.0513573775
1.193405,4.005499,-4.098656,-8.01347,-0.0965060654,2.5579128341,0.0428435762
1.194422,-2.349564,-0.092911,3.270009,-0.1390750715,2.5057658016,-0.0827349919
1.195471,-4.782549,-10.685509,8.765241,0.023751377,1.8927721131,-0.1497811766
1.19652,-2.431224,-16.664198,3.272411,0.1716786733,1.5266786602,-0.1018910447
1.197569,2.994357,-15.012097,-4.941616,0.120595866,1.8065698756,0.0024030204
1.198586,5.444154,-6.710891,-9.161512,-0.0762857875,2.5196007286,0.0226232983
1.199634,-0.471386,-1.134453,0.673704,-0.1603595746,2.77182209,-0.0678358397
1.200683,-4.77054,-8.473131,8.561091,-0.0156249537,2.2311957119,-0.1359462496
1.201734,-3.805032,-14.916323,5.839894,0.1748713488,1.6990831351,-0.1221113226
1.202749,0.109841,-16.139836,-0.673685,0.2046696531,1.7171749627,-0.0263310588
1.203798,4.918168,-9.648756,-9.344046,0.0343936285,2.266315142,0.0396509008
1.204847,1.817494,-0.827976,-4.492487,-0.1316254955,2.6983905544,-0.0199457078
1.205895,-4.251759,-6.373288,7.108025,-0.0699004365,2.3471962537,-0.1072121704
1.206944,-3.862674,-13.802951,6.783787,0.1237885414,1.746973267,-0.1157259717
1.207961,-0.036667,-14.696043,0.049246,0.1897705009,1.6618352547,-0.0444228864
1.20901,4.730831,-11.188323,-8.289672,0.0429074297,2.2013974076,0.0268801989
1.210059,3.068812,-3.337253,-5.868696,-0.1390750715,2.7707578648,0.0002745701
1.21111,-3.490401,-4.836116,5.638146,-0.1124694427,2.5770688869,-0.0816707667
1.212124,-4.676871,-13.434222,7.499512,0.0897333365,1.9513044965,-0.1050837201
1.213173,-1.477724,-15.81181,3.214768,0.2291468316,1.6841839829,-0.0518724624
1.214222,3.808554,-12.268174,-5.741403,0.1514583954,2.0109011051,0.0173021725
1.215271,4.041525,-4.797806,-8.750811,-0.0667077611,2.5877111384,0.0034672456
1.216288,-2.217467,-3.363591,2.996208,-0.1294970451,2.6004818402,-0.0774138661
1.217337,-4.494337,-10.982409,7.734885,0.037586304,2.0321856082,-0.117854422
1.218386,2.377104,-13.541967,-3.596629,0.1706144482,1.8800014112,-0.0093034563
1.219434,4.327335,-7.649475,-9.204744,-0.0411663574,2.5249218543,0.0226232983
1.220485,-0.783615,-3.215142,0.827417,-0.1454604225,2.7814001164,-0.0327164097
1.2215,-4.631238,-8.796368,7.87899,-0.0092396028,2.2918565457,-0.0880561177
1.222549,-3.382322,-13.25704,4.614996,0.1738071236,1.7831569222,-0.0869918925
1.223597,0.414864,-14.133371,-0.714515,0.2014769776,1.7778357965,-0.0295237342
1.224646,4.404191,-10.393399,-8.962166,0.0301367279,2.2620582414,0.0098525965
1.225663,1.212249,-3.844855,-2.840074,-0.1263043697,2.6441150715,-0.0316521845
1.226712,-4.052413,-6.998212,7.770911,-0.0518086089,2.32165485,-0.090184568
1.227761,-3.358304,-12.826057,5.957581,0.1440088193,1.7831569222,-0.0986983692
1.228809,0.107439,-13.898725,0.623267,0.2131834543,1.7150465124,-0.0508082373
1.229826,4.207247,-11.451701,-8.287271,0.0716415089,2.2492875395,0.0055956959
1.230875,2.530817,-4.872031,-5.856687,-0.1220474691,2.8303544734,-0.0114319066
1.231924,-3.396732,-4.984565,5.911947,-0.1156621181,2.6441150715,-0.0806065416
1.232973,-4.619229,-12.608171,6.440335,0.065256158,2.003451529,-0.1082763956
1.233992,-2.275109,-15.59153,3.351669,0.2174403549,1.6948262345,-0.0635789391
1.235039,2.828635,-12.284934,-5.225024,0.1727428985,1.9427906953,0.0098525965
1.236087,4.368165,-4.620624,-9.819595,-0.0422305825,2.5196007286,-0.0007896551
1.237136,-1.585803,-3.306127,2.952976,-0.1199190188,2.6377297206,-0.0742211907
1.238185,-4.415079,-11.770149,8.481833,0.037586304,2.1237089714,-0.0997625944
1.239202,-1.797159,-15.59153,4.247526,0.2174403549,1.7554870682,-0.0603862637
1.240251,2.499594,-13.003239,-3.330034,0.2036054279,1.9832312511,0.0098525965
1.2413,4.341746,-6.595962,-10.749077,-0.0305241059,2.6111240918,0.0258159738
1.242349,-0.553046,-2.204727,0.291824,-0.1773871771,2.862281228,-0.0401659857
1.243368,-4.343026,-9.256083,9.115898,-0.059258185,2.3567742801,-0.097634144
1.244414,-3.197386,-16.776732,5.736618,0.14826572,1.7906064983,-0.0869918925
1.245463,4.992623,-8.331865,-9.187932,0.1216600911,2.1503146002,0.0141094971
1.246512,2.833439,-1.40262,-6.591627,-0.100762966,2.674977601,-0.0454871115
1.247529,-3.778612,-6.880889,7.638814,-0.0847995887,2.5238576292,-0.1050837201
1.248578,-3.869879,-15.893218,7.465887,0.1301738923,1.9928092775,-0.0859276674
1.249627,-0.485796,-14.83731,0.659293,0.2504313347,1.8331755045,-0.0220741581
1.251724,3.114445,-3.500069,-8.51784,-0.1199190188,2.8303544734,-0.0082392311
1.250676,3.782135,-9.098056,-8.990987,0.1269812169,2.2514159898,0.0247517486
1.252744,-3.552847,-6.433146,5.90234,-0.1603595746,2.7292530838,-0.0678358397
1.25379,-4.708094,-14.482946,8.385762,0.037586304,2.0715619389,-0.0731569655
1.254839,-1.705892,-14.499707,3.68071,0.224889931,1.6969546848,-0.0422944361
1.255888,2.062473,-11.066211,-3.178723,0.2121192292,1.8821298615,-0.0007896551
1.256905,3.873402,-5.520899,-9.495357,0.0024668739,2.4302058157,-0.0050465557
1.257954,-1.266369,-3.612604,1.63681,-0.1188547936,2.6462435219,-0.0603862637
1.259003,-4.4439,-12.567467,9.970925,0.0194944764,2.2003331825,-0.0774138661
1.260051,-1.970085,-16.503776,4.365212,0.2185045801,1.7789000216,-0.0444228864
1.261068,2.2354,-11.906627,-4.434844,0.224889931,1.9576898474,0.0002745701
1.262119,5.016641,-6.890467,-11.774629,0.0003384236,2.6398581709,-0.0029181054
1.263166,0.220322,-4.13936,-1.583953,-0.183772528,3.0059516238,-0.0678358397
1.264215,-4.844995,-10.07495,9.891667,-0.0858638138,2.5185365034,-0.1082763956
1.265264,-3.521624,-15.098294,6.848634,0.1365592433,1.8938363382,-0.0965699189
1.266281,-0.730776,-13.05352,1.40384,0.252559785,1.7661293198,-0.0476155618
1.26733,3.133659,-9.620024,-8.61391,0.1535868457,2.1641495272,-0.0061107808
1.268379,2.333872,-3.564717,-6.891847,-0.0507443838,2.6622068992,-0.0337806348
1.269428,-3.47599,-6.030896,7.096016,-0.0613866353,2.5047015764,-0.0806065416
1.270445,-3.658524,-14.90914,8.618733,0.1227243163,1.9172492916,-0.0731569655
1.271494,4.670787,-11.04945,-8.990987,0.1397519187,2.2790858438,0.0162379474
1.272542,4.469039,-5.166536,-9.930076,-0.0996987408,2.9910524716,-0.0167530324
1.273591,-2.813104,-4.091473,4.269142,-0.1731302764,2.9708321937,-0.0997625944
1.274611,-5.428623,-13.635347,10.12704,-0.0017900267,2.2641866917,-0.1231755477
1.275657,-3.219002,-16.501382,6.404308,0.2089265537,1.7618724192,-0.0731569655
1.276706,0.92644,-11.475644,-2.688763,0.2451102089,1.87148761,-0.0029181054
1.277755,4.673189,-5.903995,-11.808254,0.0620634825,2.4557472193,0.0055956959
1.278803,0.124251,-2.202332,-1.946619,-0.0943776151,2.7601156133,-0.0657073894
1.27982,-4.89303,-10.359878,9.50018,0.0003384236,2.2961134463,-0.1018910447
1.280869,-2.897166,-17.212504,6.565226,0.2014769776,1.7703862204,-0.0603862637
1.281918,1.855922,-13.357602,-2.31649,0.2461744341,1.8757445106,0.0087883713
1.282967,5.53302,-8.585666,-11.875503,0.0556781316,2.5728119862,0.0290086492
1.283986,1.829502,-2.745849,-4.446853,-0.1380108464,3.0910896361,-0.0380375354
1.285032,-4.636041,-6.41878,8.436199,-0.0890564893,2.7111612562,-0.1135975214
1.286081,-4.89303,-16.712085,8.481833,0.1099536144,1.9885523769,-0.1093406207
1.28713,-1.943666,-16.386453,4.463685,0.2546882353,1.7129180621,-0.0305879594
1.288147,3.160079,-9.289604,-6.884642,0.1982843022,2.0353782837,0.0322013247
1.289196,3.904625,-2.195149,-10.53532,-0.0166891789,2.6036745157,-0.0114319066
1.290244,-2.536901,-4.747525,3.687915,-0.0805426881,2.6175094427,-0.090184568
1.291293,-4.345428,-14.631396,9.387297,0.0886691114,2.0630481376,-0.0891203428
1.292311,-0.596277,-15.543643,2.487034,0.2206330304,1.7852853725,-0.0305879594
1.293361,3.981481,-10.996775,-6.375468,0.1397519187,2.1886267058,0.0173021725
1.294408,4.089561,-6.136247,-8.030282,-0.0464874832,2.8601527777,-0.0050465557
1.295457,-1.86681,-3.36838,2.487034,-0.1071483169,2.9367769888,-0.0848634422
1.296506,-4.724907,-10.991986,8.416985,0.0248156021,2.3344255518,-0.1221113226
1.297522,-3.569659,-17.600388,6.212167,0.1918989513,1.8395608554,-0.0774138661
1.298571,5.175157,-6.188923,-10.665015,0.0397147543,2.4312700408,0.0226232983
1.299621,1.697405,-0.078545,-3.743137,-0.1188547936,2.7899139176,-0.0689000649
1.300669,-4.203724,-7.010184,7.778116,-0.0518086089,2.3950863856,-0.1423316005
1.301686,-3.922718,-18.062497,7.151256,0.141880369,1.8512673321,-0.1050837201
1.302737,0.496524,-17.248419,-0.378268,0.2206330304,1.8927721131,0.0087883713
1.303784,5.398521,-8.521018,-9.778765,0.0758984095,2.5355641059,0.0598711787
1.304832,2.679726,-0.952482,-5.213015,-0.1060840918,3.0325572526,-0.0199457078
1.305849,-4.038003,-4.65654,7.091212,-0.0762857875,2.7015832298,-0.1189186471
1.306898,-4.909842,-14.719987,8.085542,0.1099536144,2.0481489855,-0.1231755477
1.307947,-1.806766,-16.982646,3.510185,0.2302110568,1.7937991738,-0.0359090851
1.308997,3.863795,-12.016767,-6.932677,0.1440088193,2.1066813689,0.0396509008
1.310045,4.670787,-4.019643,-9.245574,-0.0581939599,2.6909409783,0.0098525965
1.311062,-1.648249,-0.986003,3.42132,-0.0986345157,2.7462806863,-0.0869918925
1.312113,-4.506346,-11.027901,7.78292,0.0524854561,2.1726633285,-0.1327535741
1.31316,-2.625766,-19.300376,5.17941,0.2014769776,1.7895422732,-0.0657073894
1.314208,2.614879,-13.379152,-3.303614,0.1855136003,2.0939106671,0.0396509008
1.315225,5.103104,-5.022875,-10.403223,-0.0220103046,2.7814001164,0.0364582253
1.316274,-0.464181,-2.654864,0.752962,-0.1358823961,2.9601899422,-0.0561293631
1.317323,-4.38866,-7.582434,7.533137,-0.0134965034,2.4131782132,-0.1210470974
1.318372,-3.627301,-15.71843,5.229847,0.1535868457,1.9204419671,-0.1008268195
1.319389,-0.007846,-16.273919,0.399903,0.2004127525,1.9651394235,-0.0007896551
1.320437,4.687599,-7.857784,-10.393616,0.0450358801,2.4823528482,0.0428435762
1.321488,1.762253,-1.725857,-4.285935,-0.1167263433,2.8473820759,-0.0305879594
1.322535,-3.970753,-6.220049,7.168069,-0.0486159335,2.4972520003,-0.1061479453
1.323583,-0.569858,-16.498988,2.364544,0.2099907789,1.9097997155,-0.0082392311
1.3246,4.13039,-9.708615,-7.746874,0.0950544623,2.4408480672,0.0502931523
1.325649,2.833439,-2.88951,-6.082453,-0.0933133899,2.9325200882,-0.007175006
1.326698,-3.096512,-4.527245,5.566093,-0.0879922642,2.7100970311,-0.0986983692
1.327747,-4.045208,-12.395074,5.558888,0.0833479856,2.1290300972,-0.1263682232
1.328764,-1.472921,-17.293912,3.128305,0.2121192292,1.9066070401,-0.0657073894
1.329812,2.963134,-13.039154,-5.397951,0.1514583954,2.2375810628,0.0194306229
1.330863,3.57078,-4.845693,-8.693169,-0.0550012844,2.7845927918,0.0109168216
1.33191,-2.121396,-3.174438,4.002546,-0.1103409924,2.7909781427,-0.0635789391
1.332927,-4.210929,-9.093268,6.9375,0.0450358801,2.2599297911,-0.1050837201
1.333975,-1.828381,-14.703226,3.051448,0.1865778255,1.9608825229,-0.076349641
1.335024,1.875136,-14.061541,-2.936145,0.1610364218,2.2269388113,-0.0007896551
1.336073,3.419469,-7.46511,-8.846881,-0.0252029801,2.7814001164,0.0183663977
1.337122,-0.759597,-3.05472,1.050781,-0.1156621181,2.8974006581,-0.0433586612
1.338139,-4.040404,-7.580039,6.670904,0.0035310991,2.3791230083,-0.1029552698
1.339187,-3.043673,-15.505333,4.117831,0.162100647,1.9364053444,-0.090184568
1.340239,0.806352,-16.518143,0.260601,0.2025412028,2.0268644824,-0.007175006
1.341285,4.192836,-8.398906,-8.966969,0.0429074297,2.5515274832,0.0258159738
1.342302,0.638228,-2.731483,-2.059501,-0.1114052175,2.8739877047,-0.0380375354
1.343351,-3.963548,-6.574413,7.518726,-0.0326525562,2.515343828,-0.104019495
1.344399,-3.058084,-13.240279,4.732682,0.1450730445,2.0279287076,-0.1050837201
1.345449,0.297178,-15.787866,0.923487,0.2036054279,2.0555985616,-0.0380375354
1.346465,3.657243,-10.132415,-7.804517,0.0599350322,2.5834542378,0.0151737222
1.347514,1.517273,-2.606977,-4.444451,-0.1252401445,2.9857313459,-0.0252668336
1.348563,-3.653721,-4.663723,6.233783,-0.1018271912,2.6930694286,-0.0944414686
1.349614,-3.949137,-13.539573,5.150589,0.0748341844,2.1151951702,-0.1061479453
1.35066,3.914232,-12.806902,-5.801447,0.114210515,2.2854711948,0.0439078014
1.351678,3.169686,-2.13529,-7.129621,-0.0986345157,2.820776447,0.006659921
1.352727,-2.79389,-2.48726,5.020893,-0.1326897206,2.7824643415,-0.0752854158
1.353775,-4.009181,-10.991986,6.752564,0.0503570058,2.2684435923,-0.1018910447
1.354824,-1.069425,-16.482227,2.417383,0.2004127525,2.003451529,-0.0593220385
1.355841,2.718154,-15.153364,-3.54379,0.1589079715,2.2716362678,0.0151737222
1.35689,3.263354,-6.052445,-7.770892,-0.0464874832,2.8058772949,0.0162379474
1.357938,-1.780346,-1.560647,2.556685,-0.1412035218,2.8867584066,-0.0561293631
1.35899,-4.367044,-8.564116,7.297764,0.0003384236,2.3684807567,-0.104019495
1.360005,-2.203056,-16.419974,2.640747,0.169550223,1.9587540726,-0.0784780913
1.361053,2.336274,-16.829408,-2.710379,0.1706144482,2.1247731966,0.0024030204
1.362102,4.327335,-8.324682,-8.628321,-0.0188176292,2.7005190047,0.0215590732
1.363151,-0.66833,-1.41938,0.118897,-0.1529099985,2.9293274127,-0.0476155618
1.364168,-4.381455,-5.935122,7.718072,-0.0411663574,2.4855455236,-0.1061479453
1.365216,-2.928388,-13.75267,3.985734,0.1493299451,2.0204791315,-0.0997625944
1.366265,0.931243,-17.33701,-0.570409,0.1993485273,2.0534701113,-0.0188814827
1.367314,4.454628,-12.615354,-8.702776,0.0482285555,2.5972891648,0.0417793511
1.368365,1.068144,-2.776976,-3.507764,-0.1316254955,3.0304288023,-0.0007896551
1.36938,-4.018789,-3.253451,7.52353,-0.0847995887,2.7271246335,-0.0742211907
1.370429,-3.574463,-11.619305,4.71587,0.1035682635,2.1577641763,-0.1008268195
1.371478,-0.389726,-17.164617,0.383091,0.211055004,2.0023873039,-0.0444228864
1.372526,4.231264,-14.669705,-6.644465,0.1184674157,2.4387196169,0.0300728744
1.373544,2.936715,-4.093868,-6.159309,-0.0943776151,2.9995662729,0.006659921
1.374592,-3.732979,-2.075432,6.61086,-0.1263043697,2.868666579,-0.0720927404
1.375641,-4.720103,-10.759734,7.696456,0.0535496813,2.2620582414,-0.1050837201
1.37669,3.294577,-15.744768,-4.283533,0.1865778255,2.1886267058,0.0226232983
1.377707,4.995025,-6.454695,-10.160645,-0.0411663574,2.8282260231,0.0183663977
1.378756,-1.11746,-0.413754,2.006682,-0.1710018261,3.0272361269,-0.0731569655
1.379804,-4.7153,-8.013416,8.815678,-0.0390379071,2.4898024243,-0.1295608987
1.380853,-3.050878,-17.559684,4.415649,0.1589079715,1.989616602,-0.0986983692
1.381902,1.221857,-17.688979,-1.202072,0.2227614807,2.0694334886,0.0024030204
1.382919,5.516207,-8.16426,-11.150171,0.0503570058,2.6898767532,0.0396509008
1.383967,1.159411,0.081876,-3.349248,-0.1635522501,3.0996034373,-0.0422944361
1.385016,-5.267705,-5.791461,10.014157,-0.1028914163,2.6962621041,-0.1061479453
1.386065,-4.439097,-15.768711,6.711734,0.1195316408,2.1109382696,-0.0827349919
1.387082,-0.226406,-17.806302,0.471956,0.2397890832,1.9938735027,0.0087883713
1.388131,5.08389,-10.862691,-10.175056,0.1131462899,2.481288623,0.0641280793
1.38918,3.414665,-0.83037,-8.779632,-0.1369466212,3.0932180864,-0.0039823305
1.390228,-4.018789,-3.243874,7.408245,-0.1550384488,2.9282631876,-0.0955056937
1.391245,-4.924253,-14.389567,8.652358,0.051421231,2.2429021886,-0.1018910447
1.392294,-1.739516,-19.15432,3.560622,0.2270183813,1.912992391,-0.0273952839
1.393343,3.983883,-13.759853,-4.321961,0.2067981034,2.2301314868,0.0556142781
1.394392,5.496993,-3.33007,-10.732265,-0.0209460795,2.8974006581,0.0183663977
1.395441,-2.325546,-2.446556,3.291625,-0.1518457734,3.0314930275,-0.0859276674
1.396458,-5.51989,-10.731002,11.267877,0.00991645,2.4749032721,-0.1082763956
1.399604,5.403324,-10.060584,-10.929209,-0.0103038279,2.8037488446,0.0279444241
1.397506,-2.419215,-14.56196,3.157126,0.2036054279,2.0151580057,-0.0689000649
1.398555,2.240204,-15.036041,-4.679824,0.1897705009,2.1322227726,0.0002745701
1.400622,0.210715,-1.563041,-1.442249,-0.1678091507,3.1879341251,-0.0316521845
1.40167,-5.272508,-6.01653,10.066996,-0.0762857875,2.6951978789,-0.0912487931
1.402718,-4.796959,-15.42632,7.016758,0.1333665678,2.0800757401,-0.0784780913
1.403767,5.689134,-11.04945,-9.90846,0.1078251641,2.4195635641,0.0524216026
1.404784,3.765323,-1.761772,-7.333771,-0.1124694427,3.0027589483,-0.0252668336
1.405833,-4.038003,-3.327676,7.794929,-0.1018271912,2.8516389765,-0.1125332962
1.406882,-4.823379,-13.043943,8.097551,0.0961186874,2.2375810628,-0.1167901968
1.407931,-1.559384,-18.922069,1.511919,0.2259541562,1.9917450524,-0.0337806348
1.409106,4.569913,-14.791817,-7.758883,0.1546510709,2.4216920144,0.0609354038
1.409997,5.463368,-2.451344,-10.614578,-0.0720288868,3.1443008938,0.0236875235
1.411045,-2.654588,-0.626851,4.783119,-0.1614237998,3.1581358208,-0.0944414686
1.412094,-5.829717,-12.131696,10.926827,0.0109806751,2.4387196169,-0.125303998
1.413143,-3.593677,-18.01461,5.421988,0.211055004,1.9353411192,-0.0593220385
1.41416,2.132124,-14.564354,-3.056233,0.2216972556,2.0981675677,0.0396509008
1.415209,6.592197,-6.792299,-12.603237,0.0163018009,2.7877854673,0.0407151259
1.416258,0.441284,-0.988397,-1.425436,-0.1348181709,3.1517504698,-0.0571935882
1.417307,-5.255696,-6.440329,9.973327,-0.0124322782,2.6685922501,-0.1210470974
1.418323,-4.191715,-15.138998,6.06566,0.1855136003,2.0641123628,-0.104019495
1.419373,-0.180773,-18.747281,0.493572,0.2429817586,2.0162222309,0.0045314707
1.420421,6.195906,-12.201132,-10.516106,0.0918617868,2.6345370452,0.0779630063
1.42147,3.822965,-0.090517,-7.180058,-0.12843282,3.2443380582,-0.0007896551
1.42249,-4.455909,-1.996418,8.597117,-0.1177905685,2.9601899422,-0.1125332962
1.423536,-5.64238,-13.225913,9.072666,0.0822837604,2.2641866917,-0.1306251238
1.424585,-2.440831,-19.721781,3.193152,0.2280826065,1.9853597014,-0.0359090851
1.425634,4.257684,-14.693649,-6.666081,0.1716786733,2.3333613267,0.0651923045
1.426682,5.458565,-2.288529,-10.948423,-0.0571297347,2.9750890943,0.0226232983
1.427699,-2.584937,-1.100932,4.271544,-0.1412035218,3.0038231735,-0.0891203428
1.428748,-5.570327,-10.436497,10.201494,0.037586304,2.404664412,-0.1167901968
1.429797,2.550031,-15.725613,-4.067375,0.1887062758,2.252480215,0.0449720265
1.430846,5.919703,-7.347787,-11.808254,-0.0230745298,2.9495476906,0.0556142781
1.431865,-0.392128,-0.875863,-0.491151,-0.1614237998,3.2134755287,-0.0454871115
1.432912,-5.214866,-7.048494,9.788391,-0.0283956555,2.6505004225,-0.1189186471
1.43396,-4.162894,-15.584347,5.899938,0.1706144482,2.0853968659,-0.1018910447
1.43501,-0.077497,-17.50222,0.719337,0.2291468316,2.0853968659,0.0077241462
1.436026,5.672322,-9.294393,-10.2351,0.0854764359,2.6462435219,0.0662565296
1.437075,2.65811,-0.523894,-5.743805,-0.1039556415,3.1336586422,-0.0178172575
1.438124,-4.42949,-6.23681,8.582707,-0.0550012844,2.820776447,-0.1072121704
1.439173,-4.475123,-13.855627,6.944705,0.141880369,2.1896909309,-0.1104048459
1.440221,-1.047809,-15.684909,0.846631,0.2131834543,2.023671807,-0.0359090851
1.441241,4.524279,-12.842817,-7.662813,0.0886691114,2.5217291789,0.0449720265
1.442287,4.248077,-4.053164,-7.854954,-0.0975702905,3.1655853968,0.0183663977
1.443336,-2.937996,-2.113741,4.77111,-0.1124694427,3.0676766827,-0.0795423164
1.444385,-4.984297,-10.204245,7.90541,0.058870807,2.446169193,-0.1231755477
1.445402,-3.091708,-16.929971,4.293159,0.2089265537,2.0960391174,-0.0657073894
1.447499,5.071881,-5.116254,-10.211082,-0.0134965034,2.8473820759,0.0588069535
1.448548,-0.536233,-1.385859,0.997942,-0.1103409924,3.0410710539,-0.0369733103
1.446451,1.992822,-15.009703,-3.776761,0.1812566997,2.2780216187,0.0460362517
1.449565,-4.513552,-9.684672,8.837293,0.0280082776,2.536628331,-0.0933772434
1.450617,-2.851532,-15.2228,4.643817,0.1876420506,2.0683692634,-0.0699642901
1.451664,1.48605,-14.913929,-2.0571,0.1769997991,2.1960762819,0.0109168216
1.452712,4.995025,-9.85467,-8.760418,0.0077879997,2.834611374,0.0460362517
1.453761,1.04893,-2.954158,-1.718451,-0.100762966,3.2070901778,-0.0178172575
1.454778,-3.84346,-5.705264,6.858241,-0.0092396028,2.7962992685,-0.097634144
1.455827,-0.91331,-16.170962,0.683311,0.2046696531,2.1609568518,-0.0380375354
1.456876,4.166417,-12.296906,-8.044693,0.0801553101,2.6590142237,0.0460362517
1.457925,2.871867,-2.997256,-5.066508,-0.0773500126,3.1506862447,0.0173021725
1.458941,-3.247823,-3.90232,5.813475,-0.0464874832,2.9144282606,-0.0720927404
1.459993,-4.105252,-11.552264,6.260203,0.1269812169,2.3035630224,-0.1029552698
1.461039,-1.463314,-15.706458,1.425455,0.2174403549,2.0907179916,-0.0433586612
1.462088,3.669252,-14.2483,-6.524377,0.1099536144,2.5313072053,0.0502931523
1.463105,3.979079,-5.587941,-6.108872,-0.073093112,3.1645211717,0.0502931523
1.464154,-2.123798,-1.883884,4.252329,-0.0890564893,3.1145025895,-0.0401659857
1.465203,-4.364642,-9.588898,6.699725,0.0695130586,2.5047015764,-0.1008268195
1.466251,-2.863541,-15.486178,4.134643,0.2216972556,2.1577641763,-0.0710285152
1.4673,2.184963,-15.471812,-4.562138,0.1876420506,2.3780587831,0.0194306229
1.468317,5.304852,-8.303132,-9.877237,-0.031588331,2.9506119158,0.0385866756
1.469368,-0.591474,-2.020362,1.461482,-0.1316254955,3.1230163907,-0.0391017606
1.470415,-4.849798,-7.977501,8.126372,0.0120449003,2.6238947936,-0.0997625944
1.471463,-3.574463,-14.042386,5.659762,0.2014769776,2.1513788254,-0.0880561177
1.47248,0.345213,-15.297025,-0.46233,0.2344679574,2.1790486794,-0.007175006
1.473529,5.172755,-10.383821,-9.598633,0.051421231,2.730317309,0.0460362517
1.474578,1.668584,-2.460922,-2.957761,-0.1188547936,3.2017690521,-0.0029181054
1.475627,-4.345428,-6.01653,7.751697,-0.0464874832,2.9059144593,-0.0720927404
1.476644,-3.896299,-13.067886,6.020026,0.1546510709,2.3259117506,-0.0827349919
1.477693,-0.728374,-15.153364,0.904273,0.2334037322,2.1609568518,-0.0295237342
1.478743,4.120783,-13.120562,-8.316092,0.086540661,2.5791973372,0.0396509008
1.47979,3.383442,-4.019643,-6.906257,-0.12843282,3.1655853968,0.0215590732
1.480838,-3.026861,-2.499231,5.537272,-0.1358823961,3.0708693582,-0.0646431643
1.481855,-4.650452,-12.572256,7.734885,0.0609992574,2.4493618684,-0.1029552698
1.482904,3.419469,-13.122956,-5.397951,0.1876420506,2.3578385052,0.0279444241
1.483954,4.8245,-5.690898,-10.230296,-0.0422305825,3.0304288023,0.0364582253
1.485002,-1.693883,-3.081058,2.54948,-0.12843282,3.2326315815,-0.0305879594
1.486019,-4.869012,-10.393399,9.123103,0.0439716549,2.7079685808,-0.0699642901
1.487068,-2.83472,-14.542805,5.059322,0.2461744341,2.2322599371,-0.0593220385
1.488119,1.135393,-13.822106,-1.742469,0.2536240102,2.2546086653,-0.0018538802
1.489166,5.004632,-8.36778,-11.054101,0.0354578537,2.8080057452,0.0236875235
1.490183,0.851985,-3.873588,-2.729593,-0.1486530979,3.2336958067,-0.0305879594
1.491231,-4.847396,-9.490729,9.574634,-0.0624508605,2.8516389765,-0.0699642901
1.49228,-3.684944,-13.043943,6.457147,0.1567795212,2.2833427445,-0.0593220385
1.493329,0.044993,-12.402257,0.202958,0.2344679574,2.224810361,-0.0156888072
1.494346,4.103971,-10.110866,-9.087058,0.0758984095,2.7100970311,0.0258159738
1.495395,2.093696,-4.809778,-6.320228,-0.1358823961,3.2060259527,-0.0039823305
1.497495,-4.254161,-13.09183,7.6196,0.1131462899,2.3706092071,-0.0571935882
1.496444,-3.886692,-7.445956,7.41545,-0.1028914163,2.9750890943,-0.0540009127
1.498541,-1.463314,-13.743093,2.921753,0.2514955599,2.1322227726,-0.0178172575
1.499558,3.373835,-11.669587,-5.373933,0.1812566997,2.4685179212,0.0353940002
1.500606,4.164015,-4.407527,-10.028548,-0.0496801586,3.08364006,0.0141094971
1.501656,-2.34476,-4.72837,3.202759,-0.1380108464,3.1176952649,-0.0614504888
1.502704,-4.59281,-13.872387,9.223977,0.0322651782,2.5302429801,-0.0784780913
1.503721,-1.494536,-15.385616,3.09468,0.2099907789,2.1779844542,-0.0359090851
1.50477,2.948724,-12.555496,-4.269123,0.18338515,2.446169193,0.0226232983
1.505819,4.586725,-6.184134,-10.501695,-0.0305241059,3.1091814637,0.020494848
1.50687,-0.939729,-2.001207,-0.455124,-0.1688733758,3.3475678981,-0.0529366876
1.507884,-4.936262,-10.230583,9.2552,-0.0496801586,2.8250333477,-0.0955056937
1.508933,-0.228808,-14.437454,0.390296,0.2632020366,2.2131038843,0.0119810468
1.509982,4.814893,-8.370174,-9.310421,0.1227243163,2.6898767532,0.0545500529
1.511031,2.360292,-1.637266,-5.784635,-0.1018271912,3.2060259527,-0.0007896551
1.512079,-4.155689,-8.011022,8.678777,-0.0879922642,2.9793459949,-0.0571935882
1.513096,-3.641712,-15.716036,8.167202,0.1259169917,2.3972148359,-0.0518724624
1.514145,-0.192781,-13.848444,1.223707,0.2461744341,2.2216176855,-0.0167530324
1.515194,3.904625,-11.166773,-7.324164,0.1386876936,2.6164452175,0.0183663977
1.516245,3.594798,-4.61823,-8.390547,-0.0943776151,3.2145397539,-0.007175006
1.51726,-3.050878,-4.333302,5.05692,-0.1550384488,3.1879341251,-0.0710285152
1.518308,-4.68888,-13.319293,9.291226,0.0301367279,2.5791973372,-0.083799217
1.519357,-1.950871,-15.471812,4.064992,0.2099907789,2.2056543082,-0.0422944361
1.520406,2.11291,-12.488454,-3.03942,0.1897705009,2.4099855377,0.0215590732
1.521423,4.363361,-4.998931,-9.74514,-0.0145607286,3.0038231735,0.0236875235
1.522472,-1.105451,-2.439373,-0.219752,-0.1497173231,3.2070901778,-0.0529366876
1.52352,-4.873816,-13.419855,9.613063,-0.0209460795,2.6983905544,-0.0806065416
1.524569,-2.025326,-16.45589,4.814342,0.1876420506,2.2407737383,-0.0359090851
1.525621,2.492389,-10.726213,-4.091392,0.1950916267,2.3716734322,0.0109168216
1.526635,4.481048,-6.586385,-10.129422,-0.0103038279,2.9612541673,0.0087883713
1.527684,-0.228808,-3.030777,-1.468668,-0.1667449255,3.3007419913,-0.0433586612
1.528732,-4.746522,-10.680721,9.082273,-0.0720288868,2.8878226317,-0.0667716146
1.529781,-3.269439,-17.586022,7.201693,0.1546510709,2.3227190751,-0.0327164097
1.530798,0.616612,-12.636903,-0.174118,0.2514955599,2.2418379635,0.0151737222
1.531847,4.639564,-8.063698,-10.081387,0.0961186874,2.730317309,0.0268801989
1.532895,2.379506,-2.875144,-6.231362,-0.1241759194,3.2656225613,-0.0316521845
1.533944,-3.973155,-5.968643,7.040775,-0.1167263433,3.069805133,-0.0933772434
1.534962,-1.54017,-16.350538,2.763237,0.2344679574,2.1907551561,-0.0114319066
1.53601,3.640431,-10.611285,-6.959096,0.1642290973,2.5440779071,0.0417793511
1.537059,4.562708,-3.363591,-9.925273,-0.0613866353,3.1858056748,0.0045314707
1.538108,-2.200655,-2.343599,3.049047,-0.1454604225,3.2581729852,-0.083799217
1.539157,-4.854602,-13.134928,9.723544,0.0173660261,2.6653995746,-0.1018910447
1.540174,-2.229476,-17.109547,4.468488,0.2046696531,2.2397095132,-0.0412302109
1.541223,2.341078,-12.806902,-4.271524,0.2014769776,2.4451049678,0.0279444241
1.542271,4.850919,-7.678208,-10.432044,0.0152375758,3.1017318876,0.0300728744
1.54332,-0.291254,-2.003601,-0.815389,-0.114597893,3.3848157785,-0.0444228864
1.544337,-4.775344,-7.738066,8.659563,-0.0198818543,2.8707950293,-0.1008268195
1.545386,-3.982762,-15.972231,6.675707,0.1642290973,2.2812142941,-0.0795423164
1.546435,-0.168764,-14.437454,-0.157306,0.2291468316,2.2450306389,0.0013387952
1.547486,5.136729,-10.012697,-10.52091,0.0737699592,2.820776447,0.048164702
1.5485,2.622084,-3.126551,-5.407558,-0.1252401445,3.3635312754,-0.0029181054
1.549549,-4.162894,-4.816961,7.898204,-0.0954418402,3.0942823115,-0.0731569655
1.550598,-4.22534,-14.696043,8.176809,0.0982471377,2.453618769,-0.0774138661
1.551647,-0.87248,-16.036879,2.616729,0.224889931,2.2471590892,-0.0146245821
1.552664,3.861393,-11.602545,-7.698839,0.1408161439,2.6600784488,0.0428435762
1.553712,3.974276,-4.69006,-8.84448,-0.0667077611,3.2645583361,0.0055956959
1.554762,-2.594544,-2.721906,4.602987,-0.114597893,3.2198608797,-0.0848634422
1.55581,-5.005913,-11.937754,9.147121,0.0407789794,2.5994176151,-0.111469071
1.556862,-2.904371,-16.56603,5.277882,0.2046696531,2.2099112089,-0.0508082373
1.557876,2.076884,-12.565073,-4.194668,0.18338515,2.4067928623,0.0322013247
1.558925,5.153541,-6.323006,-10.986851,-0.0262672052,3.0410710539,0.0364582253
1.559974,-0.296057,-1.879095,0.36868,-0.1454604225,3.3220264944,-0.0454871115
1.561023,-3.31267,-17.430389,6.370684,0.1503941703,2.3120768236,-0.0657073894
1.56204,0.919234,-13.668868,-0.58482,0.1897705009,2.3429393531,0.0077241462
1.563088,4.805286,-7.879333,-9.783569,0.0248156021,2.8835657311,0.0215590732
1.564137,1.315525,-3.856827,-2.542256,-0.12843282,3.2730721374,-0.0422944361
1.565186,-4.071627,-6.646243,7.686849,-0.0571297347,2.9431623397,-0.1008268195
1.566203,-3.987566,-14.739142,6.48837,0.1120820647,2.3929579353,-0.0912487931
1.567252,-0.579465,-14.796606,1.353403,0.1855136003,2.307819923,-0.0135603569
1.5683,4.459432,-8.755664,-9.370465,0.0492927807,2.7941708182,0.0364582253
1.569349,3.186498,-4.055558,-6.697304,-0.1412035218,3.3252191699,-0.0103676814
1.571415,-4.333419,-12.809297,6.944705,0.0556781316,2.591968039,-0.0923130183
1.570398,-3.206993,-5.420337,6.070463,-0.1209832439,3.1751634232,-0.0816707667
1.572463,-1.741918,-16.300257,3.428525,0.1823209249,2.3184621745,-0.0305879594
1.573512,2.586057,-13.446193,-4.862358,0.1333665678,2.6089956415,0.0471004769
1.574561,3.724493,-6.521737,-8.104737,-0.0347810065,3.1443008938,0.0428435762
1.575578,-0.949336,0.405113,2.064324,-0.0816069132,3.1953837011,-0.0497440121
1.576627,-3.600882,-6.378076,6.051249,0.0333294034,2.6685922501,-0.1306251238
1.577676,-2.474455,-18.840661,4.362811,0.1525226206,2.2961134463,-0.090184568
1.578724,2.086491,-17.660247,-2.527845,0.1525226206,2.5547201586,0.0322013247
1.579744,4.949391,-7.70694,-8.969371,-0.0049827022,3.1996406018,0.0598711787
1.58079,0.124251,-1.18234,0.145316,-0.1082125421,3.4188709834,-0.0295237342
1.581839,-4.174903,-5.676532,6.613262,-0.0145607286,2.9463550152,-0.1135975214
1.582887,-3.915513,-14.873225,5.650155,0.1397519187,2.4717105967,-0.104019495
1.583936,-0.536233,-16.443918,0.618463,0.1844493752,2.4983162255,-0.0061107808
1.584953,4.176024,-10.218611,-8.880506,0.0407789794,2.9548688164,0.0471004769
1.586002,1.721423,-2.906271,-3.056233,-0.0933133899,3.2603014355,-0.0135603569
1.58705,-3.781014,-4.302176,5.907144,-0.0390379071,2.9357127636,-0.1008268195
1.588099,-0.216799,-17.507009,1.485499,0.1908347261,2.4238204647,-0.0093034563
1.589119,4.173622,-10.596918,-8.935747,0.0546139064,2.9261347373,0.0545500529
1.590165,2.254614,-3.756264,-4.891179,-0.1294970451,3.3965222552,0.0141094971
1.591213,-3.122931,-2.238247,5.573299,-0.1039556415,3.1921910257,-0.0720927404
1.592262,-3.968352,-10.642411,4.876788,0.0492927807,2.6356012703,-0.1199828723
1.593279,-1.862006,-19.83671,5.671771,0.1865778255,2.390829485,-0.0571935882
1.594328,2.31706,-14.511678,-3.166714,0.1663575476,2.6366654955,0.0428435762
1.595377,3.169686,-4.350063,-8.935747,-0.0401021322,3.1315301919,0.0322013247
1.596426,-1.602616,-1.998813,3.085073,-0.1135336678,3.2049617275,-0.0571935882
1.597474,-3.829049,-7.946375,6.058455,0.0173660261,2.7100970311,-0.1231755477
1.598494,-1.681874,-16.961097,3.50298,0.1535868457,2.349324704,-0.0997625944
1.59954,2.475576,-16.305046,-1.449454,0.1535868457,2.5877111384,-0.0018538802
1.600589,3.988687,-6.670187,-9.031817,-0.0369094568,3.1953837011,0.0300728744
1.601637,-0.394529,-2.21191,0.428724,-0.1539742237,3.4188709834,-0.0337806348
1.602654,-3.711363,-5.815404,6.723743,-0.0358452316,2.9804102201,-0.1018910447
1.603703,-3.108521,-14.813366,3.719138,0.1259169917,2.4961877752,-0.1029552698
1.604752,0.028181,-19.032209,1.987468,0.1887062758,2.439783842,-0.0114319066
1.605801,3.777331,-9.699038,-7.720455,0.0663203831,2.8473820759,0.0513573775
1.606818,1.072947,-1.91501,-3.702307,-0.1018271912,3.2187966545,0.0045314707
1.607869,-3.629703,-4.455414,6.987937,-0.0507443838,2.9921166968,-0.0603862637
1.608915,-2.84913,-11.446912,3.570229,0.1131462899,2.5344998807,-0.076349641
1.609964,0.515738,-18.182215,-0.190931,0.1610364218,2.5121511525,-0.0178172575
1.611013,3.477111,-14.267455,-6.185729,0.0407789794,3.0080800741,0.0524216026
1.612029,1.52688,-3.145706,-4.269123,-0.114597893,3.4103571822,0.0215590732
1.613079,-3.050878,-1.642055,4.910412,-0.0901207145,3.1506862447,-0.0720927404
1.614127,-1.37685,-18.831083,1.891397,0.1876420506,2.4163708887,-0.0635789391
1.615175,2.917501,-17.325038,-4.201873,0.1408161439,2.7484091366,0.0417793511
1.616193,2.874269,-4.881608,-6.291406,-0.0305241059,3.2560445349,0.0417793511
1.617244,-2.342359,0.220749,3.92569,-0.0720288868,3.2368884821,-0.0465513367
1.61829,-3.903504,-7.005396,5.700592,0.0716415089,2.7292530838,-0.1125332962
1.619339,-1.312003,-16.350538,1.09161,0.1940274016,2.4451049678,-0.0859276674
1.620355,2.979946,-19.276432,-4.314756,0.1440088193,2.7516018121,0.0194306229
1.621404,3.589994,-9.881008,-6.860624,-0.0464874832,3.3624670503,0.0651923045
1.622453,-1.600214,-0.294036,3.320446,-0.1263043697,3.4688895656,0.0013387952
1.623502,-4.158091,-3.576688,6.70693,-0.0017900267,2.9186851612,-0.0912487931
1.624519,-3.536034,-13.963373,4.115429,0.1652933224,2.4174351138,-0.1135975214
1.625568,0.215518,-19.898963,1.026763,0.2238257059,2.4078570874,-0.0167530324
1.626619,5.348084,-12.598594,-9.428108,0.0641919328,2.9325200882,0.0598711787
1.627665,1.752646,-1.019524,-2.969769,-0.1390750715,3.3794946527,0.0098525965
1.628714,-4.122064,-1.711491,8.128774,-0.0879922642,3.0900254109,-0.0742211907
1.629731,-3.634507,-11.327195,4.502113,0.1046324887,2.5472705826,-0.1104048459
1.63078,-0.185576,-19.28601,1.471089,0.2121192292,2.4302058157,-0.0433586612
1.631829,4.557904,-17.066448,-6.915865,0.1174031905,2.8920795323,0.0545500529
1.632877,3.253747,-4.790623,-6.197738,-0.0986345157,3.4667611153,0.0439078014
1.633894,-3.074896,0.172862,6.935098,-0.1231116942,3.3358614214,-0.0476155618
1.634943,-4.513552,-7.582434,6.082472,0.0471643304,2.7154181568,-0.117854422
1.635994,-2.246288,-16.487016,2.611926,0.2036054279,2.3780587831,-0.0923130183
1.63704,2.835841,-17.95954,-3.920867,0.1801924746,2.6089956415,0.0141094971
1.638057,4.66118,-9.033409,-9.30802,-0.0379736819,3.2102828533,0.0502931523
1.639106,-1.367243,-0.540654,3.402106,-0.1465246476,3.3773662024,-0.0082392311
1.640155,-3.283849,-14.83731,3.349267,0.1748713488,2.4493618684,-0.0667716146
1.641204,1.603737,-18.926857,-2.0571,0.2078623286,2.5802615623,0.0279444241
1.642252,5.681929,-11.240998,-10.811523,0.0035310991,3.2124113036,0.075834556
1.643269,0.431677,-0.83037,-0.294206,-0.1869652034,3.5667982798,0.0034672456
1.644318,-4.979493,-3.988516,9.591447,-0.1018271912,3.0804473845,-0.0806065416
1.645369,-4.314205,-13.747881,5.196222,0.1025040383,2.46000412,-0.097634144
1.646416,-0.692348,-17.523769,1.516722,0.224889931,2.3589027304,-0.0188814827
1.647432,5.381709,-13.309715,-9.43051,0.120595866,2.8654739035,0.0577427284
1.648481,3.248944,-4.364429,-7.18246,-0.1114052175,3.4763391417,0.0258159738
1.649529,-4.112457,-2.420218,8.212835,-0.1060840918,3.3294760705,-0.0454871115
1.650578,-4.503944,-8.68144,6.670904,0.0886691114,2.7122254814,-0.0848634422
1.651595,-1.734713,-16.994618,1.778514,0.2163761298,2.4174351138,-0.0476155618
1.652644,3.782135,-17.614754,-5.229828,0.169550223,2.7452164611,0.0513573775
1.653693,5.235201,-5.065973,-10.508901,-0.0518086089,3.4348343607,0.0471004769
1.654744,-2.174235,0.493704,3.68071,-0.1731302764,3.5316788497,-0.0593220385
1.65579,-5.639978,-9.675094,10.016559,-0.0198818543,2.8974006581,-0.1072121704
1.656807,-3.845862,-17.818274,3.795995,0.1887062758,2.4206277893,-0.0550651379
1.657856,1.81269,-16.690536,-2.806449,0.2216972556,2.5589770593,0.0492289272
1.658905,6.390449,-7.666236,-11.248643,0.023751377,3.1996406018,0.0609354038
1.659953,0.04019,0.084271,-1.271723,-0.1582311243,3.5508349025,-0.0369733103
1.66097,-5.755263,-6.576807,10.787524,-0.0571297347,3.1017318876,-0.0944414686
1.662019,-4.208528,-14.918718,5.878322,0.1589079715,2.5238576292,-0.0731569655
1.663068,0.205911,-16.170962,-1.305348,0.224889931,2.439783842,0.0087883713
1.664119,5.729964,-12.663241,-10.302349,0.0631277077,2.9910524716,0.0651923045
1.665133,2.458764,-3.514435,-5.28747,-0.142267747,3.5593487037,0.0173021725
1.666182,-4.595211,-2.829652,8.700393,-0.1039556415,3.291163965,-0.0582578134
1.667231,-1.573795,-16.534903,2.285286,0.2302110568,2.3833799089,-0.0380375354
1.66828,3.974276,-16.929971,-6.425905,0.1578437463,2.7037116801,0.0566785032
1.669328,5.307254,-5.468224,-10.059771,-0.059258185,3.4199352086,0.0545500529
1.670345,-2.253493,0.412296,4.59338,-0.1412035218,3.5295503994,-0.048679787
1.671394,-5.174036,-9.349463,10.021362,0.0163018009,2.8782446053,-0.1093406207
1.672442,-2.99804,-17.147856,4.249928,0.2004127525,2.3855083592,-0.0742211907
1.673494,2.050464,-17.473488,-3.281998,0.2078623286,2.5334356556,0.0353940002
1.674508,6.267959,-8.324682,-11.419169,0.0109806751,3.2411453827,0.0726418805
1.675557,0.58539,1.951863,-1.545524,-0.156102674,3.6455509411,-0.0231383833
1.676606,-5.21967,-6.01653,9.504983,-0.0571297347,3.1517504698,-0.1050837201
1.677655,-4.616827,-16.187722,6.43313,0.1589079715,2.5217291789,-0.0848634422
1.678671,-0.384922,-17.114335,-0.438312,0.2408533083,2.4653252457,0.0194306229
1.67972,5.991756,-13.16366,-9.966102,0.0961186874,3.0400068287,0.0864768075
1.680769,3.419469,-1.515154,-5.568476,-0.100762966,3.6157526368,0.020494848
1.681817,-4.08844,-0.732202,7.134444,-0.0816069132,3.3550174742,-0.0869918925
1.682835,-4.979493,-12.890704,7.818946,0.0971829126,2.674977601,-0.1125332962
1.683883,-2.656989,-19.331502,2.844897,0.2216972556,2.412113988,-0.0231383833
1.684932,4.13039,-15.201251,-6.502761,0.1610364218,2.8143910961,0.0832841321
1.685981,6.121451,-3.064298,-9.368064,-0.0486159335,3.4954951945,0.0471004769
1.687029,-2.472054,-0.380233,3.841628,-0.1316254955,3.519972373,-0.0710285152
1.688046,-5.84653,-10.59213,10.066996,0.0354578537,2.889951082,-0.104019495
1.689095,-3.178172,-15.651388,3.322848,0.2057338783,2.4695821463,-0.0476155618
1.690144,2.156142,-16.118286,-5.645332,0.162100647,2.6781702765,0.0471004769
1.691193,5.886079,-10.666355,-9.903657,-0.0347810065,3.332668746,0.0683849799
1.69221,0.263553,0.249481,0.568026,-0.1390750715,3.5763763061,-0.0252668336
1.693258,-4.77054,-16.350538,6.947107,0.1631648721,2.4759674973,-0.1018910447
1.694307,-0.778811,-17.641092,0.387894,0.2334037322,2.4791601727,0.0173021725
1.695356,6.059005,-10.656777,-10.665015,0.0780268598,3.0666124575,0.0768987812
1.696373,3.779733,-2.116136,-5.020874,-0.1241759194,3.5774405313,-0.0061107808
1.697422,-4.198921,-3.433027,8.12397,-0.0847995887,3.291163965,-0.0965699189
1.69847,-5.142813,-12.356765,7.593181,0.106760939,2.6824271771,-0.1008268195
1.699519,-1.986898,-17.475882,2.073931,0.2121192292,2.5047015764,-0.0114319066
1.700568,4.488253,-14.456608,-8.426573,0.1046324887,2.9516761409,0.0779630063
1.701585,5.585858,-4.417105,-8.635526,-0.1082125421,3.5593487037,0.0353940002
1.702633,-2.479259,-0.619668,4.929626,-0.1443961973,3.4614399896,-0.0880561177
1.703682,-5.551113,-10.268893,8.215237,0.0226871518,2.7984277188,-0.139138925
1.704731,-3.896299,-18.019399,5.429193,0.1982843022,2.4004075114,-0.0667716146
1.705748,1.440417,-14.746325,-3.630254,0.1950916267,2.6313443697,0.0588069535
1.706797,6.402457,-6.706102,-11.392749,-0.0156249537,3.3113842429,0.0737061057
1.707845,0.847182,-1.575013,0.73615,-0.1412035218,3.6040461601,-0.0284595091
1.708894,-4.871414,-7.319055,8.83249,-0.0156249537,3.1230163907,-0.0944414686
1.709911,-4.138877,-15.392799,5.592513,0.1599721966,2.591968039,-0.0742211907
1.710959,-0.195183,-16.850957,-0.356652,0.1908347261,2.605802966,0.020494848
1.712008,5.477779,-11.516348,-9.677891,0.0290725027,3.1730349729,0.0683849799
1.713057,3.184096,-1.507971,-3.91126,-0.1316254955,3.5944681338,-0.0156888072
1.714106,-3.826648,-2.630921,6.841429,-0.0805426881,3.2443380582,-0.1284966735
1.715123,-5.025127,-13.925063,7.297764,0.0961186874,2.6568857734,-0.1380746999
1.716171,-2.183842,-17.937991,2.465418,0.1982843022,2.5398210065,-0.0252668336
1.71722,4.231264,-12.093386,-7.758883,0.0993113629,3.014465425,0.0662565296
1.718269,4.786072,-4.515273,-6.07765,-0.0773500126,3.5582844785,0.0194306229
1.719285,-2.777077,-3.473731,5.037706,-0.0773500126,3.4135498576,-0.0774138661
1.720334,-2.464848,-14.990548,2.436597,0.18338515,2.5547201586,-0.0550651379
1.721383,2.182561,-15.040829,-5.91433,0.0982471377,2.889951082,0.0407151259
1.722431,4.545895,-8.485103,-6.944686,-0.0752215623,3.4550546386,0.0502931523
1.723448,-0.802829,-2.587822,2.266072,-0.1220474691,3.4603757644,-0.0412302109
1.724498,-4.585604,-7.422012,6.387496,0.0067237745,2.917620936,-0.1061479453
1.725546,-3.387125,-14.085484,4.723075,0.162100647,2.5770688869,-0.0752854158
1.726594,1.382775,-15.876457,-3.865627,0.14826572,2.7920423679,0.0236875235
1.727643,4.975811,-10.764523,-8.537054,-0.0337167813,3.3784304276,0.061999629
1.72866,0.448489,-1.687547,0.901871,-0.1177905685,3.6093672859,-0.0135603569
1.729709,-4.26617,-4.740342,5.866314,-0.0134965034,3.1411082183,-0.1061479453
1.730758,-4.146082,-14.652945,5.546879,0.1440088193,2.6164452175,-0.1104048459
1.731806,-0.843659,-17.435178,0.73615,0.1982843022,2.5972891648,-0.0093034563
1.732823,4.853321,-11.492405,-8.724391,0.0503570058,3.1421724435,0.0588069535
1.733874,2.900688,-3.322887,-3.113875,-0.1071483169,3.630651789,0.0024030204
1.734921,-3.788219,-3.842461,6.327452,-0.0624508605,3.3699166263,-0.0880561177
1.73597,-4.491936,-10.556215,5.830287,0.0961186874,2.7909781427,-0.1146617465
1.736989,-1.900434,-15.474207,2.177207,0.1769997991,2.6100598666,-0.0561293631
1.738035,3.292175,-14.521256,-6.697304,0.072705734,2.9825386704,0.0332655499
1.739084,4.113578,-7.048494,-6.228961,-0.1071483169,3.4954951945,0.0311370995
1.740133,-2.063754,-3.112185,4.492506,-0.1124694427,3.4178067583,-0.0529366876
1.741181,-4.4439,-8.688623,6.036839,0.0461001052,2.876116155,-0.1082763956
1.742198,-2.436027,-14.382384,3.719138,0.1727428985,2.5866469132,-0.0816707667
1.743249,2.249811,-14.463791,-3.827198,0.1248527666,2.8388682747,0.0024030204
1.744296,4.404191,-8.935241,-8.09513,-0.0656435359,3.3997149306,0.0236875235
1.745345,-0.793222,-3.928658,2.587908,-0.1209832439,3.5444495515,-0.0337806348
1.746364,-2.779479,-13.034365,3.661496,0.1631648721,2.6526288728,-0.083799217
1.74741,0.902422,-15.208434,-1.40382,0.1578437463,2.7814001164,-0.0114319066
1.748459,4.396986,-11.090154,-8.287271,-0.0188176292,3.332668746,0.0322013247
1.749507,0.94085,-2.774582,-0.371063,-0.1294970451,3.5827616571,-0.0273952839
1.750524,-3.88429,-5.147381,6.164132,-0.0486159335,3.1464293441,-0.111469071
1.751573,-3.937129,-14.162104,5.059322,0.1163389653,2.6622068992,-0.1157259717
1.752624,-0.567456,-16.223638,1.029165,0.1950916267,2.6643353495,-0.0305879594
1.753671,4.625153,-11.43494,-9.516973,0.0482285555,3.1538789201,0.0332655499
1.754687,2.718154,-3.875982,-3.904055,-0.1326897206,3.6125599614,-0.0050465557
1.755738,-3.276644,-2.55909,6.591646,-0.0837353635,3.4018433809,-0.0859276674
1.756785,-4.198921,-11.367899,5.136178,0.0918617868,2.848446301,-0.1210470974
1.757833,-1.886024,-18.086441,3.591845,0.2089265537,2.6121883169,-0.0582578134
1.758882,3.508334,-14.389567,-6.104069,0.1365592433,2.9271989624,0.0375224505
1.759899,4.351353,-4.8002,-8.582687,-0.0890564893,3.5178439227,0.0279444241
1.760948,-2.030129,-1.807265,4.739887,-0.1412035218,3.5859543325,-0.0561293631
1.761999,-4.465516,-8.97355,7.079204,0.0194944764,3.0591628815,-0.1061479453
1.763045,-2.748256,-15.627445,3.997743,0.175935574,2.6653995746,-0.0827349919
1.764062,1.560505,-16.630677,-2.323695,0.1716786733,2.7952350434,0.0055956959
1.765113,5.093497,-8.746087,-10.230296,-0.0326525562,3.3507605736,0.034329775
1.766159,0.196304,-0.837554,0.207762,-0.1646164752,3.6285233387,-0.0380375354
1.767208,-4.600015,-5.971037,8.162398,-0.0464874832,3.2198608797,-0.1072121704
1.768225,-3.853067,-14.787029,5.191418,0.14826572,2.7398953354,-0.1008268195
1.769274,-0.416145,-17.363348,1.262136,0.2206330304,2.6802987268,-0.0178172575
1.770323,4.485851,-11.128464,-9.108673,0.0673846083,3.1208879404,0.0428435762
1.771374,2.15374,-2.113741,-4.790305,-0.1390750715,3.5923396834,-0.0029181054
1.77242,-3.963548,-13.16366,5.702994,0.0971829126,2.868666579,-0.0880561177
1.773437,-0.493002,-15.807021,0.678507,0.1993485273,2.7313815341,-0.0401659857
1.774488,4.036722,-12.404652,-7.842945,0.0812195353,3.1187594901,0.0119810468
1.775535,2.775797,-4.869637,-6.733331,-0.1380108464,3.6359729147,-0.0114319066
1.776583,-3.252626,-3.909503,6.387496,-0.1582311243,3.5380642006,-0.0710285152
1.7776,-4.42949,-11.688741,7.468289,0.0248156021,2.9527403661,-0.0923130183
1.778649,-2.099781,-14.995337,3.779182,0.2036054279,2.6143167672,-0.0603862637
1.779698,2.422738,-13.221125,-3.169116,0.197220077,2.8175837716,0.0034672456
1.783863,-2.731444,-12.87155,3.848833,0.1727428985,2.7271246335,-0.0678358397
1.780749,4.541092,-7.383703,-9.915665,-0.0188176292,3.4135498576,0.0119810468
1.785958,4.425807,-8.880171,-9.610642,0.0014026488,3.346503673,-0.0188814827
1.786975,0.590193,-4.680483,-2.124349,-0.1741945016,3.7232393773,-0.0561293631
1.788024,-4.703291,-9.811572,9.099086,-0.1028914163,3.3507605736,-0.0806065416
1.789072,-3.946736,-14.889986,6.349068,0.1035682635,2.7909781427,-0.0571935882
1.790124,-0.459377,-12.979295,0.534402,0.2099907789,2.6558215482,-0.0124961318
1.791138,4.142399,-9.682277,-8.563473,0.0907975617,3.0495848551,0.0130452719
1.782812,-4.60722,-10.252132,9.264807,-0.0145607286,3.1687780723,-0.0710285152
1.792187,2.977545,-3.339648,-7.206478,-0.1305612703,3.6008534847,-0.0295237342
1.781763,-0.990166,-4.400344,2.00428,-0.1475888728,3.6370371399,-0.0412302109
1.784909,1.101768,-11.853951,-1.992252,0.1897705009,2.799491944,-0.0359090851
1.793238,-3.27184,-5.116254,6.584441,-0.1454604225,3.5263577239,-0.0869918925
1.794284,-4.033199,-14.107034,8.431396,0.0429074297,2.9687037434,-0.0869918925
1.795301,-1.182307,-15.711247,2.424588,0.1940274016,2.6962621041,-0.0433586612
1.79635,3.172087,-13.115773,-6.058435,0.1472014948,3.0197865508,0.0119810468
1.797398,4.257684,-6.057233,-10.026147,-0.0677719862,3.67215657,0.0024030204
1.798447,-5.27491,-10.297625,10.352805,-0.0294598807,3.1230163907,-0.1104048459
1.799499,-3.605685,-14.74393,5.100152,0.1578437463,2.6387939458,-0.083799217
1.800513,1.036921,-14.770268,-1.985047,0.1876420506,2.7345742096,-0.0093034563
1.801561,5.681929,-9.981571,-11.109341,0.0120449003,3.326283395,0.0226232983
1.80261,1.041724,-1.280508,-2.90252,-0.1603595746,3.7189824767,-0.0444228864
1.803659,-4.837789,-6.610328,10.110227,-0.0805426881,3.3316045208,-0.1008268195
1.804676,-4.210929,-15.457446,7.240122,0.1291096672,2.7771432157,-0.0816707667
1.805725,-0.54584,-15.143786,0.471956,0.2206330304,2.6994547795,-0.0082392311
1.806774,5.235201,-11.18114,-9.797979,0.0854764359,3.2198608797,0.0364582253
1.807823,3.640431,-2.721906,-8.121549,-0.1454604225,3.8094416148,-0.0252668336
1.808839,-3.946736,-4.613441,7.288157,-0.1678091507,3.5838258822,-0.1082763956
1.809888,-5.128403,-15.23956,9.334458,0.0301367279,2.8910153072,-0.1050837201
1.811986,3.907027,-11.305646,-6.918266,0.1386876936,2.9208136115,0.0236875235
1.810937,-2.001308,-15.385616,2.585507,0.1940274016,2.5951607145,-0.0359090851
1.813003,5.557037,-5.204845,-10.931611,-0.0762857875,3.5965965841,-0.0018538802
1.814051,-1.693883,-2.683596,2.880923,-0.1624880249,3.748780781,-0.0752854158
1.8151,-5.236482,-11.837191,10.667436,-0.0028542519,3.1868698999,-0.0891203428
1.816149,-3.25743,-16.47265,5.383559,0.1908347261,2.7345742096,-0.0380375354
1.817197,1.531684,-13.518024,-3.058635,0.2046696531,2.8558958771,0.0332655499
1.818215,5.494591,-7.311872,-11.308688,0.0109806751,3.4678253405,0.0364582253
1.819263,0.515738,-0.806427,-1.994654,-0.1539742237,3.8073131645,-0.0540009127
1.820312,-4.945869,-8.458765,9.694723,-0.0699004365,3.3316045208,-0.1157259717
1.82136,-4.1701,-17.454333,7.297764,0.1301738923,2.7377668851,-0.0869918925
1.822378,-0.111121,-15.115054,0.62807,0.2078623286,2.6653995746,-0.007175006
1.823426,5.391316,-10.204245,-9.661079,0.0609992574,3.1623927214,0.0300728744
1.824475,3.258551,-2.511203,-6.269791,-0.1369466212,3.721110927,-0.0337806348
1.825524,-4.799361,-14.454214,8.635545,0.0886691114,2.9846671207,-0.1125332962
1.826541,-1.7179,-15.751951,2.587908,0.2195688053,2.7398953354,-0.0454871115
1.827589,3.467504,-11.710291,-7.667616,0.128045442,3.0815116097,0.0183663977
1.828638,4.214452,-5.149775,-9.07745,-0.0858638138,3.679606146,-0.0018538802
1.829687,-2.030129,-2.310078,3.3949,-0.142267747,3.6902483976,-0.0806065416
1.830735,-4.835388,-12.213104,8.34253,0.00991645,3.0761904839,-0.1061479453
1.831752,-2.940397,-16.953914,5.023295,0.1780640243,2.6717849255,-0.0465513367
1.832801,2.331471,-12.371131,-4.240302,0.1599721966,2.8878226317,0.0300728744
1.83385,5.441753,-7.342999,-10.369599,-0.0401021322,3.5412568761,0.0247517486
1.834899,-0.101514,-1.876701,0.291824,-0.1518457734,3.8413683694,-0.0561293631
1.835916,-4.662461,-7.644687,8.606724,-0.0390379071,3.367788176,-0.1093406207
1.836964,-3.994771,-17.073631,6.956714,0.141880369,2.8154553213,-0.0784780913
1.838013,-0.322477,-15.275476,0.207762,0.1993485273,2.7920423679,0.0098525965
1.839062,4.817294,-8.46116,-9.939683,0.0482285555,3.3198980441,0.0492289272
1.840079,2.492389,-0.892624,-4.958428,-0.12843282,3.7860286614,-0.0252668336
1.841128,-3.831451,-4.929495,6.514789,-0.0922491648,3.4997520951,-0.1199828723
1.842176,-4.775344,-17.7225,7.943838,0.0907975617,2.882501506,-0.1125332962
1.843225,-1.746722,-17.875738,3.181144,0.2046696531,2.6866840777,-0.0103676814
1.844274,4.07515,-9.57932,-7.667616,0.0993113629,3.1081172385,0.0534858278
1.845291,4.372968,-1.862335,-7.34578,-0.0975702905,3.7008906491,-0.0061107808
1.84634,-2.361573,-2.152051,4.581371,-0.1209832439,3.6508720669,-0.1135975214
1.847388,-4.878619,-14.166892,8.121568,0.0407789794,3.0825758348,-0.1359462496
1.848437,-2.58974,-18.790379,4.466086,0.1887062758,2.7931065931,-0.048679787
1.849454,2.816627,-11.827614,-5.8735,0.1312381175,3.069805133,0.0364582253
1.850503,4.639564,-4.268655,-9.123084,-0.0741573372,3.6040461601,0.0077241462
1.851551,-4.626434,-10.438891,7.182479,0.0109806751,3.1858056748,-0.1295608987
1.8526,-3.072494,-18.239679,5.52046,0.1823209249,2.8037488446,-0.0689000649
1.853619,1.447622,-14.068724,-2.823262,0.1748713488,2.9548688164,0.0236875235
1.854666,4.754849,-8.231302,-9.459331,-0.0166891789,3.5135870221,0.0311370995
1.855714,0.513337,-1.610928,-0.087655,-0.1209832439,3.7721937344,-0.0476155618
1.856763,-3.958744,-3.452182,5.705396,-0.0283956555,3.3624670503,-0.1338177993
1.857811,-3.953941,-15.601107,5.844698,0.1323023427,2.9133640354,-0.1263682232
1.858828,-0.812436,-18.840661,1.216502,0.2025412028,2.9271989624,-0.0103676814
1.859878,4.365763,-11.547475,-9.913264,0.0503570058,3.3848157785,0.0630638542
1.860926,2.727761,-2.384303,-3.623049,-0.1209832439,3.7753864099,0.0077241462
1.861975,-3.187779,-0.863891,5.582906,-0.086928039,3.5210365982,-0.0944414686
1.862994,-4.48473,-12.680002,5.56129,0.0673846083,2.9857313459,-0.1231755477
1.864041,-2.018121,-19.353051,4.619799,0.1908347261,2.8292902483,-0.0316521845
1.865089,3.630824,-12.397469,-6.812589,0.1110178396,3.2166682042,0.0598711787
1.866138,4.344147,-4.460203,-7.232897,-0.0901207145,3.748780781,0.0268801989
1.867154,-1.977291,-1.773744,4.386828,-0.1124694427,3.6923768479,-0.0720927404
1.868203,-4.588006,-10.034247,5.393167,0.0333294034,3.1357870925,-0.1221113226
1.869252,-2.805899,-18.354608,5.633343,0.1855136003,2.8154553213,-0.0646431643
1.870301,2.093696,-13.910697,-2.878502,0.1791282494,3.0272361269,0.0311370995
1.871349,4.790875,-7.235253,-9.709114,-0.0283956555,3.5593487037,0.0332655499
1.872369,-0.382521,-2.731483,2.210832,-0.1156621181,3.7509092313,-0.0412302109
1.873415,-4.117261,-5.434703,5.702994,0.0035310991,3.3230907196,-0.1135975214
1.874464,-3.122931,-16.515748,4.682245,0.1493299451,2.8931437575,-0.104019495
1.875513,0.498926,-17.33701,0.743355,0.1897705009,2.9527403661,-0.0039823305
1.876529,4.284103,-7.783559,-10.280733,0.0120449003,3.4603757644,0.0407151259
1.877578,0.955261,-2.456133,-1.63439,-0.1475888728,3.8147627406,-0.0167530324
1.878627,-3.706559,-13.644924,3.707129,0.092926012,2.9921166968,-0.1082763956
1.879676,-0.968551,-18.912491,3.178742,0.1812566997,2.8750519299,-0.0284595091
1.880693,3.429076,-11.343955,-6.956695,0.0780268598,3.2432738331,0.0460362517
1.881743,2.307453,-2.561485,-4.708645,-0.1060840918,3.6827988215,0.0098525965
1.88279,-2.877951,-2.738666,6.349068,-0.086928039,3.5689267301,-0.0742211907
1.883838,-3.800228,-12.205921,4.706263,0.072705734,3.0868327355,-0.1104048459
1.884855,-1.059818,-19.321925,3.061055,0.1855136003,2.9112355851,-0.0476155618
1.885904,3.342613,-12.660847,-5.333103,0.1163389653,3.2528518594,0.0290086492
1.886953,2.76619,-3.301338,-7.338575,-0.0996987408,3.7317531786,0.0013387952
1.888002,-2.553714,-2.925426,4.778315,-0.1369466212,3.713661351,-0.0731569655
1.88905,-3.836255,-9.153126,5.09775,0.0269440524,3.2400811576,-0.111469071
1.890067,-1.804364,-16.987435,2.501445,0.1631648721,2.9154924857,-0.0784780913
1.891118,1.779065,-16.872506,-1.785701,0.1493299451,3.0591628815,0.0087883713
1.892165,3.31139,-7.213704,-7.446654,-0.0241387549,3.5380642006,0.0332655499
1.893213,-0.66833,-1.175157,2.160395,-0.1124694427,3.7115329007,-0.0273952839
1.89423,-3.454374,-5.219211,6.219373,-0.0028542519,3.3113842429,-0.0955056937
1.895279,-2.227074,-15.246743,2.081136,0.1376234684,2.9293274127,-0.0965699189
1.896328,1.548496,-19.147137,-1.26692,0.162100647,3.0591628815,-0.0103676814
1.897377,4.226461,-9.658334,-8.68116,-0.0060469273,3.6327802393,0.0385866756
1.898393,0.362026,-0.952482,-1.30775,-0.1624880249,3.9382128584,-0.021009933
1.899442,-3.85787,-4.000488,7.33379,-0.073093112,3.5359357503,-0.0997625944
1.900493,-3.766603,-13.537179,3.668701,0.1131462899,3.0112727496,-0.1157259717
1.901539,-0.641911,-18.902914,1.828951,0.2131834543,2.924006287,-0.0327164097
1.902588,4.012704,-12.483665,-6.51477,0.1174031905,3.3305402957,0.0439078014
1.903605,2.004831,-3.5719,-4.773493,-0.0847995887,3.7679368338,0.0109168216
1.904654,-3.805032,-9.076507,5.080937,0.0971829126,3.097474987,-0.0944414686
1.905703,-0.826847,-16.020118,0.901871,0.1908347261,2.9165567109,-0.0678358397
1.906752,3.467504,-16.168568,-5.273059,0.106760939,3.3018062165,0.0077241462
1.907768,3.020776,-6.430752,-7.833338,-0.1060840918,3.8679739982,0.0087883713
1.908817,-2.673802,-1.857546,4.900805,-0.1624880249,3.8264692173,-0.0603862637
1.909868,-4.427088,-7.50342,6.738153,-0.0028542519,3.2517876343,-0.1135975214
1.910915,-2.8083,-16.259553,2.900137,0.1610364218,2.8856941814,-0.090184568
1.911931,1.865529,-17.767993,-0.76255,0.1855136003,3.0538417557,0.0087883713
1.91298,4.598734,-7.857784,-9.247976,0.0045953242,3.6019177098,0.0311370995
1.914029,-0.961345,-1.517549,1.031566,-0.1433319721,3.8094416148,-0.0422944361
1.915077,-4.588006,-5.614279,9.120701,-0.0262672052,3.3699166263,-0.0997625944
1.916127,-2.733846,-13.039154,2.225242,0.1472014948,2.9229420618,-0.1050837201
1.917144,1.269892,-18.42165,-1.178055,0.1780640243,2.9825386704,-0.0305879594
1.918192,5.103104,-12.804508,-8.388145,0.0248156021,3.575312081,0.0311370995
1.919243,1.315525,-2.034728,-3.704709,-0.1688733758,4.0190939701,-0.0156888072
1.92029,-4.232545,-2.630921,8.630742,-0.1263043697,3.6689638945,-0.0944414686
1.921306,-4.386258,-11.130858,5.390765,0.0641919328,3.0623555569,-0.1263682232
1.922355,-1.888425,-18.799957,2.150788,0.1940274016,2.8420609501,-0.0582578134
1.923404,4.137596,-15.258715,-5.325898,0.1408161439,3.1751634232,0.0375224505
1.924453,4.524279,-3.593449,-9.132691,-0.0847995887,3.7423954301,0.0087883713
1.92547,-2.925987,-2.515992,6.173739,-0.1443961973,3.7370743043,-0.0689000649
1.926518,-4.981895,-8.631158,8.263272,0.0439716549,3.2230535551,-0.0944414686
1.927567,-2.18144,-15.131815,0.556018,0.1929631764,2.9197493863,-0.0657073894
1.928618,3.369032,-17.224475,-4.75668,0.1578437463,3.1783560987,0.0098525965
1.929664,5.583457,-8.267217,-10.588159,-0.0560655095,3.831790343,0.0141094971
1.93173,-4.009181,-13.240279,4.264338,0.14826572,2.9718964189,-0.0912487931
1.932779,-0.211995,-15.735191,0.025228,0.2099907789,2.9357127636,-0.0199457078
1.930681,-1.566589,-2.472894,2.162796,-0.197607455,4.011644394,-0.0614504888
1.933828,5.266424,-10.857902,-9.692302,0.0609992574,3.3912011294,0.0194306229
1.934845,2.002429,-2.805708,-4.754279,-0.1380108464,3.8509463958,-0.0412302109
1.935893,-4.568792,-5.487379,9.776382,-0.0784142378,3.6274591135,-0.0955056937
1.936942,-4.114859,-12.414229,6.14732,0.1237885414,3.0942823115,-0.0912487931
1.937993,-0.581867,-16.609128,-0.260582,0.2025412028,2.9208136115,-0.0327164097
1.939008,4.922972,-14.200413,-7.989452,0.0833479856,3.3645955006,0.0300728744
1.940056,4.036722,-3.727532,-8.133558,-0.1390750715,4.011644394,-0.0114319066
1.941105,-3.6249,-2.379514,7.199292,-0.1805798525,3.9243779314,-0.1018910447
1.942153,-5.020323,-10.637622,9.430529,0.0045953242,3.2720079122,-0.1348820244
1.943171,-2.959611,-16.099132,3.231581,0.1791282494,2.8612170029,-0.097634144
1.944219,2.129723,-16.6211,-3.553398,0.1801924746,2.9953093722,-0.0061107808
1.945268,5.998961,-7.623137,-11.193403,-0.0017900267,3.6189453123,0.0087883713
1.946317,-0.57226,-1.038679,0.387894,-0.1326897206,3.9403413087,-0.0720927404
1.947368,-5.366177,-8.022994,10.770712,-0.0028542519,3.4986878699,-0.1104048459
1.948382,-3.418348,-13.316898,4.122634,0.1812566997,2.9857313459,-0.0923130183
1.949431,0.921636,-15.617868,-3.462131,0.1812566997,2.9963735974,-0.0252668336
1.95048,5.698741,-12.275357,-10.167851,-0.0007258016,3.6125599614,0.0215590732
1.951529,1.699807,-1.211072,-3.363658,-0.1763229519,4.1180669094,-0.0359090851
1.952546,-5.013118,-4.929495,10.05979,-0.1177905685,3.7423954301,-0.111469071
1.953594,-4.876218,-14.889986,8.657161,0.0907975617,3.0687409079,-0.1135975214
1.954643,-1.883622,-16.85814,1.86738,0.2142476795,2.8175837716,-0.0401659857
1.955692,4.377772,-14.360834,-7.521109,0.134430793,3.1762276484,0.0322013247
1.956709,5.055069,-2.853595,-9.685096,-0.0720288868,3.8403041443,-0.0146245821
1.958806,-2.760265,-17.327432,2.559087,0.2057338783,2.9261347373,-0.1018910447
1.957758,-4.962681,-10.826776,9.591447,0.0567423567,3.277329038,-0.1657445539
1.959855,2.811823,-17.466305,-5.251443,0.1578437463,3.1975121514,0.0109168216
1.960904,6.219924,-9.239323,-10.011736,-0.0305241059,3.9041576535,0.0300728744
1.96192,-0.73558,-0.006715,0.940299,-0.1390750715,4.1382871873,-0.0678358397
1.962969,-5.370981,-5.602307,10.033371,-0.017753404,3.5572202534,-0.139138925
1.964018,-4.078833,-13.47732,5.549281,0.162100647,2.9889240213,-0.1306251238
1.965067,-0.574662,-16.798281,-1.968235,0.1918989513,2.9899882465,-0.0380375354
1.966084,5.098301,-12.560284,-10.088592,0.0386505291,3.5401926509,0.0247517486
1.967132,2.746975,-0.739385,-3.904055,-0.1231116942,3.9584331363,-0.0444228864
1.968181,-4.249358,-4.302176,8.397771,-0.0624508605,3.5944681338,-0.1327535741
1.969229,-5.051546,-15.220406,7.893401,0.1386876936,3.0240434514,-0.1167901968
1.970249,-1.105451,-16.925182,0.445536,0.2227614807,2.9516761409,-0.0135603569
1.971295,5.439351,-12.478876,-9.483348,0.0812195353,3.5072016712,0.0513573775
1.972344,4.240872,-2.286134,-7.1008,-0.1294970451,4.136158737,-0.021009933
1.973392,-3.929923,-2.001207,6.622869,-0.1401392967,3.9382128584,-0.1359462496
1.974441,-5.370981,-12.79493,9.063059,0.0471643304,3.2145397539,-0.1657445539
1.975458,-3.187779,-17.413629,3.808003,0.2036054279,2.8473820759,-0.0944414686
1.976507,2.281034,-15.380827,-4.951223,0.1652933224,3.125144841,0.0194306229
1.977556,6.114246,-6.064417,-10.259117,-0.0273314304,3.7945424626,0.020494848
1.978604,-0.159157,0.761871,1.45908,-0.1231116942,3.9722680633,-0.0965699189
1.979623,-5.126001,-8.49468,9.846034,0.0088522248,3.4252563343,-0.1582949778
1.98067,-3.96595,-16.369693,5.3019,0.1801924746,2.9569972667,-0.1135975214
1.981718,0.710281,-15.366461,-2.957761,0.1748713488,3.097474987,-0.0103676814
1.982767,5.595465,-10.194668,-9.634659,-0.0134965034,3.7423954301,0.0236875235
1.983784,1.743039,-1.888673,-2.145965,-0.1550384488,4.0744336781,-0.062514714
1.984833,-4.962681,-14.265061,7.622002,0.1301738923,3.0655482324,-0.139138925
1.985882,-1.638642,-15.560403,0.383091,0.2099907789,2.9921166968,-0.0433586612
1.98693,4.329737,-12.071837,-9.094263,0.0695130586,3.436962811,0.0247517486
1.987979,3.950258,-3.722744,-5.818259,-0.1167263433,3.9275706069,-0.0273952839
1.988998,-2.870746,-2.786553,5.885528,-0.0986345157,3.7445238804,-0.1189186471
1.990044,-4.479927,-10.824382,7.638814,0.0748341844,3.1740991981,-0.1402031502
1.991093,-2.1262,-16.908421,2.117163,0.1780640243,2.9633826176,-0.0689000649
1.992142,3.28497,-15.996175,-5.482013,0.1014398132,3.3699166263,0.0290086492
1.993158,4.966204,-5.326957,-6.726125,-0.0645793108,3.997809467,0.0162379474
1.994207,-1.504144,0.079482,2.030699,-0.1177905685,3.9829103148,-0.1018910447
1.995256,-4.784951,-9.845093,7.307371,0.0131091254,3.3731093018,-0.1636161036
1.996305,-3.336688,-16.623494,4.602987,0.1684859979,3.0070158489,-0.1082763956
1.997321,0.743906,-15.361672,-4.149035,0.1440088193,3.2294389061,0.0013387952
1.998373,4.17122,-8.959184,-8.126353,-0.0411663574,3.7913497872,0.0279444241
1.999419,0.700674,-0.61009,0.57283,-0.1294970451,3.9605615866,-0.062514714
2.000467,-3.797826,-5.834559,6.963919,-0.0166891789,3.4880456184,-0.1508454017
2.001516,-4.054815,-15.665754,6.135311,0.1525226206,3.042135279,-0.1338177993
2.002533,-0.219201,-16.563635,-0.810585,0.1876420506,3.1198237152,-0.0263310588
2.003581,4.882142,-10.182696,-8.621116,0.0248156021,3.6732207951,0.0247517486
2.006696,-3.961146,-12.512397,5.676574,0.1195316408,3.1347228674,-0.1242397729
2.00463,2.127321,-3.023594,-2.17959,-0.1209832439,4.0190939701,-0.0454871115
2.005679,-3.92512,-6.0716,6.077669,-0.0581939599,3.6455509411,-0.125303998
2.007747,-0.70916,-13.98971,-0.529579,0.1748713488,3.125144841,-0.0540009127
2.008793,3.587592,-12.383103,-8.741204,0.0141733506,3.6253306632,0.0098525965
2.009842,-2.587338,-3.502464,5.568495,-0.1092767672,3.7753864099,-0.1018910447
2.010859,-4.460713,-11.408603,6.048848,0.0663203831,3.2134755287,-0.1412673753
2.011907,-2.700221,-15.99378,4.358007,0.2078623286,3.000630498,-0.0827349919
2.012956,2.672521,-13.027182,-5.911928,0.1376234684,3.3177695938,0.0055956959
2.014005,4.505065,-6.835397,-7.439449,-0.073093112,3.8881942762,0.0013387952
2.015021,-1.155888,-3.114579,4.521327,-0.1092767672,3.956304686,-0.0784780913
2.01607,-4.42949,-9.440448,6.442737,0.0429074297,3.4433481619,-0.1327535741
2.017121,-3.034066,-14.906746,4.204294,0.1940274016,3.042135279,-0.1135975214
2.018167,1.257883,-13.221125,-3.231561,0.1727428985,3.1889983502,-0.0401659857
2.019216,4.747643,-9.323125,-9.980513,-0.0464874832,3.7860286614,-0.0199457078
2.020233,0.801548,-4.895974,1.139646,-0.156102674,4.053149175,-0.0720927404
2.021281,-4.00678,-6.449907,7.021561,-0.0305241059,3.6210737626,-0.1274324483
2.02233,-4.011583,-12.754227,4.595781,0.1450730445,3.1740991981,-0.1231755477
2.023379,-0.699553,-15.024069,0.248592,0.1929631764,3.2102828533,-0.0401659857
2.024396,4.221657,-10.496356,-9.613043,0.0269440524,3.6838630467,0.0141094971
2.025444,2.22099,-4.297387,-2.888109,-0.1497173231,4.0350573474,-0.0337806348
2.026495,-3.617694,-5.200057,6.77418,-0.0847995887,3.727496278,-0.1050837201
2.027542,-4.479927,-12.452539,4.723075,0.1099536144,3.2017690521,-0.1135975214
2.028558,-1.554581,-16.008146,1.833755,0.2142476795,3.0761904839,-0.0454871115
2.029607,3.895018,-13.027182,-7.59076,0.100375588,3.5040089957,0.0258159738
2.030656,3.510736,-5.520899,-5.763019,-0.1103409924,4.053149175,0.0034672456
2.031704,-2.637775,-1.23741,6.032035,-0.1220474691,3.9382128584,-0.0891203428
2.032753,-4.383856,-8.425244,5.94317,0.0365220788,3.346503673,-0.1551023023
2.03377,-3.125333,-17.779964,5.116964,0.1887062758,3.0400068287,-0.1135975214
2.034818,2.096098,-17.384897,-3.061036,0.1812566997,3.2996777662,0.0024030204
2.03587,5.655509,-7.797925,-10.568945,-0.0358452316,3.9062861038,0.0173021725
2.036916,-4.996306,-6.564835,7.871785,-0.0103038279,3.5582844785,-0.1412673753
2.037933,-3.483196,-13.640136,4.074599,0.169550223,3.1208879404,-0.1306251238
2.038982,0.38124,-15.069562,-0.971503,0.2004127525,3.1836772244,-0.0476155618
2.04003,5.004632,-10.211428,-11.085324,-0.0028542519,3.6976979737,0.0024030204
2.041079,1.519675,-4.385978,-1.271723,-0.1827083028,4.0680483271,-0.0359090851
2.042096,-4.52556,-6.739623,9.264807,-0.0943776151,3.721110927,-0.0795423164
2.043144,-4.391062,-13.082252,5.489237,0.1110178396,3.1762276484,-0.0784780913
2.044193,-0.747588,-13.199575,1.730479,0.2259541562,3.055970206,-0.0380375354
2.045244,5.033453,-9.335097,-9.171119,0.1078251641,3.4720822411,-0.0124961318
2.04629,3.91183,-6.368499,-7.220888,-0.1316254955,4.0212224204,-0.0529366876
2.047307,-3.478392,-7.852995,7.340996,-0.1369466212,3.9318275075,-0.090184568
2.048356,-4.68888,-13.211547,7.254532,0.065256158,3.3731093018,-0.083799217
2.049404,-1.468117,-14.217174,3.058654,0.2259541562,3.0900254109,-0.0518724624
2.050453,3.097633,-9.780446,-5.551664,0.175935574,3.3550174742,-0.0156888072
2.05147,3.902223,-5.176113,-10.672221,-0.0709646617,3.9616258118,-0.0391017606
2.052519,-2.051745,-5.324563,4.249928,-0.1678091507,4.1244522603,-0.090184568
2.053567,-4.897833,-11.578601,9.399306,-0.0060469273,3.6114957362,-0.0997625944
2.054618,-3.214198,-15.476601,4.254731,0.1855136003,3.1464293441,-0.0731569655
2.055633,1.0081,-12.114935,-1.564738,0.2238257059,3.1709065226,-0.0252668336
2.056681,5.098301,-6.430752,-12.499962,0.0216229267,3.6870557221,-0.0273952839
2.05773,0.789539,-4.850482,-2.222821,-0.1741945016,4.0840117044,-0.0816707667
2.058779,-4.554381,-8.971156,10.338395,-0.0816069132,3.7647441583,-0.0997625944
2.059827,-3.560052,-13.601826,5.633343,0.120595866,3.2432738331,-0.0795423164
2.060844,-0.440163,-14.830127,1.430259,0.2142476795,3.1315301919,-0.0305879594
2.061892,4.079953,-10.934522,-8.606705,0.1035682635,3.5487064521,0.0077241462
2.062941,-3.0797,-3.734715,7.340996,-0.1252401445,3.9892956658,-0.1061479453
2.063992,-4.338223,-12.136485,7.468289,0.0524854561,3.4199352086,-0.1274324483
2.065007,-2.224672,-17.329827,3.469355,0.2036054279,3.111309914,-0.0752854158
2.066055,2.713351,-14.676889,-4.956027,0.1780640243,3.3486321233,0.0077241462
2.067104,4.802884,-5.420337,-11.332705,-0.0369094568,3.9584331363,0.0002745701
2.068153,-1.328815,-0.765723,2.645551,-0.1518457734,4.1138100087,-0.0880561177
2.06917,-4.799361,-8.348625,9.749963,-0.0188176292,3.5710551804,-0.1348820244
2.070218,-3.670533,-16.419974,4.956046,0.1642290973,3.1176952649,-0.097634144
2.071267,0.715085,-16.618705,-1.451856,0.2046696531,3.2230535551,0.0013387952
2.072315,5.775598,-8.528201,-11.923539,0.0205587015,3.8371114688,0.0364582253
2.073333,1.164214,-0.729808,-2.859288,-0.1741945016,4.2340674511,-0.0476155618
2.074381,-4.972288,-7.261591,10.316779,-0.0986345157,3.8019920387,-0.1146617465
2.07543,-4.539971,-16.278708,7.040775,0.114210515,3.1953837011,-0.0997625944
2.076479,-0.946935,-15.402376,1.588775,0.2227614807,3.0772547091,-0.0252668336
2.077527,5.103104,-9.696643,-9.02221,0.1014398132,3.5295503994,0.0183663977
2.078544,3.517941,-2.209515,-7.602769,-0.1273685948,4.1106173333,-0.0444228864
2.079594,-4.023592,-5.147381,7.554752,-0.1305612703,4.011644394,-0.1146617465
2.080642,-5.075564,-15.172519,8.549082,0.0758984095,3.4305774601,-0.1029552698
2.08169,-2.106986,-16.156596,2.328518,0.2238257059,3.1166310398,-0.0391017606
2.082707,3.568378,-11.334378,-6.814991,0.1525226206,3.3837515533,0.0119810468
2.083756,5.062274,-4.364429,-10.352786,-0.0762857875,4.0169655198,-0.0273952839
2.084805,-2.075763,-3.176832,3.795995,-0.1603595746,4.1457367634,-0.1082763956
2.085853,-5.21967,-12.146062,9.754767,0.0014026488,3.5934039086,-0.1221113226
2.086873,-3.384723,-15.895612,4.3484,0.1855136003,3.1443008938,-0.0731569655
2.087919,1.229062,-13.168449,-2.837672,0.1940274016,3.2209251048,-0.0018538802
2.088968,5.631492,-7.790742,-10.773095,0.0045953242,3.7743221847,0.0087883713
2.090016,-4.943467,-7.994262,9.562626,-0.0432948077,3.7839002111,-0.1082763956
2.091065,-4.001976,-15.548431,5.839894,0.1503941703,3.2592372104,-0.0784780913
2.092082,-0.252825,-15.062379,-0.608837,0.2067981034,3.1932552508,-0.0114319066
2.093131,5.151139,-11.293674,-8.508233,0.065256158,3.6593858681,0.0215590732
2.094179,3.299381,-2.415429,-5.00166,-0.1135336678,4.1393514124,-0.0444228864
2.095228,-3.6249,-3.265423,6.865447,-0.0954418402,3.9222494811,-0.1295608987
2.096247,-4.876218,-14.758296,7.86458,0.0812195353,3.3443752226,-0.1284966735
2.097294,-1.986898,-17.377714,2.3045,0.2067981034,3.1592000459,-0.0412302109
2.098342,3.943053,-12.246625,-7.120014,0.1259169917,3.5572202534,0.0311370995
2.099391,4.999828,-4.395556,-8.248843,-0.0784142378,4.1510578891,-0.0093034563
2.100408,-2.066156,-1.903039,4.134643,-0.1316254955,4.1617001407,-0.1050837201
2.101456,-5.065957,-10.417342,8.460217,0.0194944764,3.5774405313,-0.1402031502
2.102505,-3.653721,-16.89645,4.571764,0.1780640243,3.1560073705,-0.0869918925
2.103554,1.142598,-14.753508,-3.337239,0.1727428985,3.3167053687,0.0109168216
2.104603,5.391316,-7.307083,-10.307153,-0.0134965034,3.8999007529,0.0226232983
2.105622,0.285169,-1.967686,0.265404,-0.1348181709,4.1404156376,-0.0678358397
2.106668,-4.854602,-8.133134,9.382493,-0.0166891789,3.6785419209,-0.1231755477
2.107717,-4.086038,-15.249138,5.928759,0.1610364218,3.1815487741,-0.0923130183
2.108766,-0.039069,-14.128583,-0.901852,0.1855136003,3.2187966545,-0.0124961318
2.109783,5.321665,-9.732559,-10.458464,0.0152375758,3.7839002111,0.020494848
2.110831,2.679726,-3.526407,-4.92,-0.1475888728,4.2255536499,-0.0508082373
2.11188,-4.009181,-5.429914,7.204095,-0.086928039,3.9275706069,-0.131689349
2.112929,-4.859405,-14.435059,7.256934,0.0961186874,3.3518247987,-0.1284966735
2.113946,-2.30393,-16.652226,3.03944,0.2099907789,3.1496220195,-0.0444228864
2.114996,3.354621,-11.569024,-6.644465,0.1269812169,3.4869813932,0.0247517486
2.116043,-2.152619,-1.428958,4.487702,-0.100762966,4.0308004468,-0.1210470974
2.117092,-5.05635,-12.864367,8.020694,0.0546139064,3.5157154724,-0.1444600508
2.118141,-2.685811,-19.142349,3.822414,0.1908347261,3.2411453827,-0.0614504888
2.119157,2.915099,-13.008028,-5.496423,0.134430793,3.5284861742,0.0236875235
2.120206,5.127122,-5.161747,-9.593829,-0.0794784629,4.0691125523,-0.0093034563
2.121255,-1.069425,-1.519943,1.901004,-0.1635522501,4.1510578891,-0.111469071
2.122304,-4.861807,-7.98229,7.780518,-0.0209460795,3.6636427687,-0.1582949778
2.12332,-4.110055,-17.150251,6.164132,0.1610364218,3.2560445349,-0.1093406207
2.124371,-0.411342,-16.010541,0.219771,0.2067981034,3.2869070644,-0.0018538802
2.125418,5.184764,-7.453139,-9.78597,0.0450358801,3.727496278,0.0290086492
2.126466,2.425139,-1.129664,-3.397283,-0.1135336678,4.0648556517,-0.062514714
2.127483,-4.08844,-6.536103,7.023963,-0.0432948077,3.7934782375,-0.1433958257
2.128532,-4.208528,-16.479833,5.890331,0.1408161439,3.3528890239,-0.117854422
2.130629,4.180827,-9.89298,-8.926139,0.0343936285,3.8413683694,0.0119810468
2.129581,-0.048676,-16.218849,-0.404687,0.2004127525,3.3624670503,-0.0273952839
2.131678,1.94959,-3.806546,-3.082652,-0.1273685948,4.1904342198,-0.0444228864
2.132694,-3.267037,-1.986841,5.710199,-0.0699004365,3.914799905,-0.1327535741
2.133745,-4.198921,-11.451701,4.862377,0.0918617868,3.4156783079,-0.1646803287
2.134792,-2.349564,-19.942061,4.384426,0.211055004,3.2422096079,-0.076349641
2.13584,2.648503,-14.447031,-5.239435,0.1535868457,3.5359357503,0.0322013247
2.136857,4.027115,-4.180064,-7.357789,-0.0379736819,4.0244150958,0.0141094971
2.137906,-1.487331,0.184833,3.469355,-0.0805426881,4.0520849498,-0.0891203428
2.138955,-4.328616,-8.085247,5.128973,0.0439716549,3.5912754583,-0.1561665275
2.140004,-2.505678,-19.132771,3.824816,0.1663575476,3.3081915674,-0.1061479453
2.14102,1.94959,-16.058428,-3.502961,0.1365592433,3.5582844785,-0.0039823305
2.142069,3.827768,-6.878495,-7.994256,-0.0624508605,4.053149175,0.0002745701
2.14312,-3.970753,-5.269493,5.289891,0.0003384236,3.6668354442,-0.1582949778
2.144166,-3.725774,-16.259553,4.778315,0.1567795212,3.2900997398,-0.139138925
2.145183,-0.219201,-17.660247,1.610391,0.2195688053,3.3305402957,-0.0273952839
2.146232,4.476244,-7.544124,-8.892515,0.0641919328,3.7615514829,0.0173021725
2.14728,1.750244,-2.891905,-1.963431,-0.0954418402,4.0850759296,-0.0508082373
2.148329,-3.725774,-5.686109,6.128106,-0.0273314304,3.8424325946,-0.1199828723
2.149378,-3.478392,-12.811691,3.149921,0.1259169917,3.423127884,-0.1263682232
2.150395,0.090627,-17.504614,0.471956,0.1791282494,3.4007791558,-0.0582578134
2.151443,3.686064,-12.112541,-6.884642,0.0482285555,3.8275334424,-0.0039823305
2.152494,1.846315,-4.560766,-2.290071,-0.1071483169,4.1723423922,-0.0391017606
2.153541,-3.022057,-2.726695,5.851903,-0.0677719862,3.9456624345,-0.1146617465
2.154557,-3.92512,-9.325519,3.526997,0.0801553101,3.4625042147,-0.1582949778
2.155606,-2.306332,-18.368974,3.908877,0.1993485273,3.2826501637,-0.0965699189
2.156655,2.13933,-14.980971,-3.743137,0.1642290973,3.5870185577,0.0098525965
2.157704,3.705279,-4.761891,-6.887043,-0.0337167813,4.0701767774,0.006659921
2.15872,-1.446501,-2.458528,4.63421,-0.0879922642,4.0957181811,-0.076349641
2.159769,-3.92512,-7.623137,5.059322,0.0418432046,3.6274591135,-0.1359462496
2.160818,-2.159825,-15.945893,1.973057,0.1493299451,3.3039346668,-0.1125332962
2.161869,1.59413,-16.994618,-2.126751,0.134430793,3.5274219491,-0.0252668336
2.162915,3.803751,-8.013416,-7.456261,-0.0411663574,4.0776263535,-0.0039823305
2.163932,-0.171166,-2.788948,2.237251,-0.1348181709,4.2223609744,-0.0720927404
2.164981,-3.684944,-5.441886,5.837493,-0.0145607286,3.7594230326,-0.1412673753
2.166029,-3.411143,-13.733515,2.751228,0.1312381175,3.3135126932,-0.1433958257
2.167078,-0.399333,-18.529395,1.610391,0.18338515,3.3507605736,-0.0476155618
2.168095,4.111176,-10.311991,-7.89098,0.0567423567,3.8349830185,0.0194306229
2.169144,-3.293456,-4.223162,6.315443,-0.0486159335,3.9499193351,-0.1135975214
2.170192,-3.648917,-11.003958,2.729612,0.1174031905,3.4688895656,-0.131689349
2.171243,-0.783615,-18.028977,0.769774,0.18338515,3.3614028251,-0.0667716146
2.172258,3.128856,-14.585903,-4.581352,0.0918617868,3.762615708,0.0151737222
2.173307,2.281034,-4.086685,-4.266721,-0.0794784629,4.1829846437,-0.0039823305
2.174355,-2.789086,-2.137685,5.573299,-0.0762857875,4.0244150958,-0.0827349919
2.175404,-3.903504,-8.856227,4.216303,0.0822837604,3.5295503994,-0.1338177993
2.176453,-1.472921,-17.430389,0.772176,0.1823209249,3.3454394478,-0.0965699189
2.177469,2.828635,-17.224475,-3.200338,0.128045442,3.6774776957,-0.0082392311
2.178518,3.061606,-6.545681,-5.453191,-0.0443590329,4.1255164854,-0.0093034563
2.179567,-2.253493,-0.969243,3.990537,-0.0879922642,4.0744336781,-0.0869918925
2.180618,-4.025994,-5.156958,5.092946,0.0546139064,3.6263948884,-0.1476527263
2.181632,-2.241485,-15.936316,0.536803,0.1801924746,3.3571459245,-0.1263682232
2.182681,2.105705,-20.162341,-2.001859,0.1652933224,3.5636056043,-0.0220741581
2.18373,4.051132,-8.358203,-5.796643,0.0003384236,4.0723052277,0.0130452719
2.184778,-1.516152,-0.578964,2.700791,-0.1092767672,4.1819204186,-0.0571935882
2.185795,-4.650452,-5.405971,7.451477,0.00991645,3.7317531786,-0.117854422
2.186844,-2.500875,-12.440567,1.079602,0.1674217727,3.3912011294,-0.1199828723
2.187893,1.51247,-18.191792,-2.964966,0.1684859979,3.5497706773,-0.0497440121
2.188941,4.159212,-14.255483,-6.341843,0.0173660261,4.0510207247,-0.0007896551
2.189992,0.265955,-3.25824,0.092477,-0.1092767672,4.2479023781,-0.0497440121
2.191007,-4.009181,-1.891067,6.834224,-0.0390379071,3.8413683694,-0.125303998
2.192056,-3.860272,-9.725376,3.471757,0.1237885414,3.3965222552,-0.1508454017
2.193104,-0.934926,-18.31151,0.10929,0.211055004,3.3592743748,-0.0784780913
2.194153,4.358558,-16.436735,-6.742938,0.1227243163,3.817955416,0.0077241462
