Time (s), Acceleration X (m/s^2), Acceleration Y (m/s^2), Acceleration Z (m/s^2), Gyro X (rad/s), Gyro Y (rad/s), Gyro Z (rad/s)
0.00015,-0.20479,-9.794812,0.214967,0.0248156021,-0.0047413359,-0.0454871115
0.000765,-0.202388,-9.797206,0.212566,0.023751377,-0.0058055611,-0.0454871115
0.001655,-0.207192,-9.785234,0.207762,0.0248156021,-0.0079340114,-0.0454871115
0.002705,-0.209594,-9.787629,0.202958,0.0258798273,-0.0079340114,-0.0465513367
0.003757,-0.202388,-9.804389,0.20536,0.0258798273,-0.0068697862,-0.0465513367
0.004772,-0.20479,-9.7996,0.207762,0.0248156021,-0.0079340114,-0.0465513367
0.005822,-0.211995,-9.792417,0.210164,0.023751377,-0.0079340114,-0.0454871115
0.006871,-0.211995,-9.804389,0.214967,0.0248156021,-0.0079340114,-0.0465513367
0.007921,-0.211995,-9.801995,0.212566,0.0248156021,-0.0068697862,-0.0465513367
0.00897,-0.219201,-9.78284,0.20536,0.0258798273,-0.0068697862,-0.0476155618
0.009988,-0.221603,-9.785234,0.210164,0.0258798273,-0.0068697862,-0.0476155618
0.011038,-0.221603,-9.794812,0.214967,0.0248156021,-0.0068697862,-0.0476155618
0.012087,-0.209594,-9.787629,0.219771,0.0248156021,-0.0047413359,-0.0476155618
0.013138,-0.202388,-9.787629,0.219771,0.0248156021,-0.0058055611,-0.0476155618
0.014154,-0.211995,-9.794812,0.214967,0.023751377,-0.0079340114,-0.0476155618
0.015204,-0.221603,-9.797206,0.219771,0.023751377,-0.0079340114,-0.048679787
0.016256,-0.226406,-9.790023,0.219771,0.0248156021,-0.0089982365,-0.048679787
0.017304,-0.219201,-9.785234,0.217369,0.0248156021,-0.0089982365,-0.048679787
0.018321,-0.209594,-9.794812,0.212566,0.023751377,-0.0089982365,-0.048679787
0.019371,-0.20479,-9.801995,0.212566,0.023751377,-0.0079340114,-0.0497440121
0.02042,-0.211995,-9.801995,0.219771,0.0226871518,-0.0068697862,-0.0497440121
0.02147,-0.211995,-9.797206,0.23178,0.023751377,-0.0079340114,-0.048679787
0.02252,-0.211995,-9.785234,0.219771,0.0248156021,-0.0068697862,-0.048679787
0.023537,-0.209594,-9.778051,0.219771,0.0248156021,-0.0079340114,-0.0497440121
0.024587,-0.199987,-9.785234,0.214967,0.023751377,-0.0089982365,-0.0497440121
0.025636,-0.192781,-9.797206,0.210164,0.0226871518,-0.0089982365,-0.0497440121
0.026686,-0.195183,-9.794812,0.214967,0.0226871518,-0.0079340114,-0.0497440121
0.027704,-0.216799,-9.790023,0.224574,0.0216229267,-0.0068697862,-0.0508082373
0.028756,-0.224004,-9.787629,0.229378,0.0216229267,-0.0068697862,-0.0497440121
0.029803,-0.20479,-9.792417,0.219771,0.0216229267,-0.0058055611,-0.0497440121
0.030853,-0.195183,-9.801995,0.202958,0.0226871518,-0.0058055611,-0.0497440121
0.031871,-0.202388,-9.806783,0.210164,0.023751377,-0.0058055611,-0.0508082373
0.03292,-0.211995,-9.801995,0.222173,0.023751377,-0.0079340114,-0.0497440121
0.033969,-0.211995,-9.794812,0.217369,0.023751377,-0.0079340114,-0.0497440121
0.035019,-0.202388,-9.785234,0.207762,0.0226871518,-0.0068697862,-0.0508082373
0.036069,-0.192781,-9.790023,0.212566,0.0226871518,-0.0068697862,-0.0497440121
0.038136,-0.207192,-9.7996,0.226976,0.0216229267,-0.0079340114,-0.0508082373
0.037087,-0.197585,-9.792417,0.219771,0.0226871518,-0.0089982365,-0.0497440121
0.039186,-0.207192,-9.801995,0.224574,0.0216229267,-0.0068697862,-0.0508082373
0.040235,-0.20479,-9.792417,0.212566,0.0226871518,-0.0089982365,-0.0508082373
0.041255,-0.207192,-9.794812,0.207762,0.023751377,-0.0089982365,-0.0518724624
0.042302,-0.207192,-9.801995,0.207762,0.0226871518,-0.0068697862,-0.0518724624
0.043352,-0.202388,-9.794812,0.202958,0.0226871518,-0.0068697862,-0.0508082373
0.044402,-0.202388,-9.7996,0.210164,0.0216229267,-0.0079340114,-0.0508082373
0.045419,-0.20479,-9.809178,0.219771,0.0205587015,-0.0068697862,-0.0529366876
0.046469,-0.20479,-9.797206,0.20536,0.0216229267,-0.0058055611,-0.0540009127
0.047519,-0.202388,-9.790023,0.193351,0.0226871518,-0.0079340114,-0.0529366876
0.048568,-0.216799,-9.797206,0.212566,0.0226871518,-0.0089982365,-0.0508082373
0.049586,-0.211995,-9.790023,0.219771,0.0216229267,-0.0079340114,-0.0518724624
0.050636,-0.20479,-9.794812,0.217369,0.0194944764,-0.0079340114,-0.0529366876
0.051685,-0.20479,-9.797206,0.214967,0.0205587015,-0.0079340114,-0.0529366876
0.052735,-0.211995,-9.792417,0.217369,0.0205587015,-0.0079340114,-0.0508082373
0.053784,-0.216799,-9.78284,0.217369,0.0216229267,-0.0079340114,-0.0508082373
0.054802,-0.214397,-9.785234,0.212566,0.0216229267,-0.0068697862,-0.0529366876
0.055852,-0.20479,-9.794812,0.202958,0.0216229267,-0.0068697862,-0.0529366876
0.056902,-0.197585,-9.794812,0.198155,0.0205587015,-0.0079340114,-0.0518724624
0.057951,-0.195183,-9.797206,0.20536,0.0194944764,-0.0079340114,-0.0529366876
0.058969,-0.195183,-9.806783,0.20536,0.0194944764,-0.0079340114,-0.0540009127
0.060019,-0.199987,-9.801995,0.20536,0.0216229267,-0.0079340114,-0.0529366876
0.061068,-0.207192,-9.790023,0.217369,0.0216229267,-0.0079340114,-0.0529366876
0.062118,-0.202388,-9.785234,0.219771,0.0216229267,-0.0079340114,-0.0540009127
0.063136,-0.192781,-9.78284,0.217369,0.0205587015,-0.0068697862,-0.0540009127
0.064185,-0.202388,-9.78284,0.212566,0.0194944764,-0.0079340114,-0.0540009127
0.065235,-0.20479,-9.7996,0.202958,0.0194944764,-0.0089982365,-0.0540009127
0.066284,-0.20479,-9.816361,0.202958,0.0216229267,-0.0089982365,-0.0540009127
0.067334,-0.211995,-9.804389,0.202958,0.0216229267,-0.0079340114,-0.0540009127
0.068352,-0.216799,-9.785234,0.20536,0.0205587015,-0.0079340114,-0.0540009127
0.069401,-0.214397,-9.785234,0.212566,0.0194944764,-0.0079340114,-0.0540009127
0.070451,-0.211995,-9.785234,0.212566,0.0194944764,-0.0079340114,-0.0540009127
0.071503,-0.209594,-9.785234,0.20536,0.0205587015,-0.0079340114,-0.0540009127
0.072518,-0.20479,-9.794812,0.202958,0.0205587015,-0.0079340114,-0.0550651379
0.073568,-0.214397,-9.7996,0.214967,0.0205587015,-0.0079340114,-0.0550651379
0.074618,-0.211995,-9.787629,0.212566,0.0205587015,-0.0068697862,-0.0529366876
0.075667,-0.211995,-9.794812,0.202958,0.0194944764,-0.0079340114,-0.0540009127
0.076686,-0.180773,-9.718193,0.20536,0.0194944764,-0.0068697862,-0.0540009127
0.077735,-0.115925,-9.426082,0.212566,0.0184302512,-0.0047413359,-0.0529366876
0.078785,-0.120729,-9.220168,0.210164,0.0163018009,-0.0047413359,-0.0518724624
0.079834,-0.298459,-9.746925,0.188548,0.0163018009,-0.0068697862,-0.0518724624
0.080886,-0.533832,-10.561003,0.200557,0.0173660261,-0.0079340114,-0.0540009127
0.081902,-0.553046,-10.458046,0.200557,0.0194944764,-0.0111266868,-0.0614504888
0.082951,-0.365708,-10.04143,0.219771,0.023751377,-0.0185762629,-0.0678358397
0.084003,-0.142344,-10.525088,0.383091,0.0269440524,-0.0249616138,-0.0667716146
0.085051,0.088225,-10.321568,0.507982,0.0280082776,-0.0281542893,-0.0582578134
0.086068,0.215518,-8.602426,0.443135,0.0258798273,-0.0324111899,-0.0508082373
0.087118,0.088225,-8.6982,0.35427,0.0163018009,-0.0387965408,-0.0476155618
0.088167,-0.099113,-10.541848,0.301431,0.0056595494,-0.0324111899,-0.048679787
0.089217,-0.156755,-9.792417,-0.022807,-0.0007258016,-0.0196404881,-0.0540009127
0.090235,-0.315271,-8.485103,-0.359054,-0.0017900267,-0.0270900641,-0.0635789391
0.091284,-0.356101,-10.036641,-0.097262,-0.0017900267,-0.0441176666,-0.0635789391
0.092334,-0.154353,-10.515511,0.154923,0.0067237745,-0.0419892163,-0.0550651379
0.093386,-0.305664,-9.323125,0.135709,0.0205587015,-0.0387965408,-0.0540009127
0.094433,-0.495403,-10.209034,0.40951,0.023751377,-0.053695693,-0.0593220385
0.095451,-0.115925,-10.996775,0.601651,0.0248156021,-0.0526314678,-0.0614504888
0.096503,0.059404,-9.608052,0.618463,0.0333294034,-0.0387965408,-0.0635789391
0.09755,-0.20479,-9.17707,0.70973,0.0333294034,-0.039860766,-0.0603862637
0.098599,-0.096711,-10.38861,0.721739,0.0258798273,-0.0324111899,-0.0518724624
0.099617,0.076216,-10.017486,0.512786,0.0194944764,0.0048366905,-0.0497440121
0.100667,-0.332084,-9.373406,-0.037218,-0.0060469273,0.0356992199,-0.0571935882
0.101717,-0.255227,-10.062979,0.010818,-0.0060469273,0.0303780942,-0.0529366876
0.102766,-0.279245,-9.016648,-0.373464,-0.0007258016,0.0229285181,-0.0508082373
0.103784,-0.819641,-9.457209,-0.392679,0.0109806751,0.0059009156,-0.0518724624
0.104833,-1.002175,-10.716636,-0.274992,0.0226871518,-0.0175120377,-0.0529366876
0.105885,-0.593876,-10.242555,-0.4215,0.0333294034,-0.0345396402,-0.0571935882
0.106933,-0.4906,-9.801995,-0.186127,0.0386505291,-0.0430534414,-0.0635789391
0.10795,-0.252825,-10.05819,0.037237,0.0365220788,-0.0515672427,-0.0657073894
0.109002,0.203509,-9.957627,0.15012,0.0322651782,-0.0505030175,-0.0635789391
0.110049,0.191501,-9.751713,0.45034,0.0301367279,-0.0483745672,-0.0603862637
0.111099,0.222723,-9.521856,0.395099,0.023751377,-0.0547599181,-0.0571935882
0.112149,0.520542,-9.253689,0.32785,0.0141733506,-0.0547599181,-0.0550651379
0.113166,0.51814,-9.299182,0.325448,0.0109806751,-0.0387965408,-0.0529366876
0.114216,0.244339,-9.658334,0.178941,0.00991645,-0.0164478126,-0.0497440121
0.116315,-0.341691,-9.833121,0.303832,0.0141733506,0.0101578162,-0.0476155618
0.117333,-0.485796,-9.914529,0.207762,0.0194944764,0.0027082402,-0.0540009127
0.115266,-0.075095,-9.87622,0.339859,0.00991645,0.0037724653,-0.0454871115
0.118385,-0.581867,-9.971993,0.498375,0.0280082776,-0.0079340114,-0.0550651379
0.119432,-0.639509,-9.804389,0.637677,0.037586304,-0.0217689384,-0.0518724624
0.120481,-0.625099,-9.914529,0.656892,0.0386505291,-0.0377323157,-0.0508082373
0.121502,-0.550644,-10.221006,0.652088,0.0343936285,-0.0483745672,-0.0508082373
0.122548,-0.394529,-9.749319,0.443135,0.0280082776,-0.0441176666,-0.0540009127
0.123598,-0.24562,-9.174675,0.078067,0.0194944764,-0.0281542893,-0.0603862637
0.124647,-0.195183,-9.811572,-0.010798,0.00991645,-0.012190912,-0.0646431643
0.125697,-0.060684,-9.806783,0.015621,0.0035310991,-0.0004844353,-0.062514714
0.126715,-0.012649,-9.699038,-0.099664,0.0003384236,-0.0015486604,-0.0593220385
0.127764,0.030582,-10.486778,0.116495,0.0088522248,0.0069651408,-0.0518724624
0.128814,0.097832,-9.426082,-0.020405,0.0184302512,0.0208000678,-0.0497440121
0.129863,-0.317673,-9.90974,0.299029,0.0205587015,0.0122862666,-0.0540009127
0.130883,-0.358503,-10.855508,0.515188,0.0173660261,-0.0058055611,-0.0550651379
0.13193,-0.048676,-9.900163,0.474358,0.0184302512,-0.0079340114,-0.0571935882
0.134029,-0.392128,-9.895374,0.568026,0.0184302512,-0.0164478126,-0.0571935882
0.135047,-0.019855,-9.272844,0.303832,0.0141733506,-0.0100624617,-0.0550651379
0.13298,-0.28645,-9.519462,0.702525,0.0216229267,-0.0100624617,-0.0593220385
0.136097,-0.113523,-9.239323,0.267806,0.0163018009,0.0059009156,-0.0540009127
0.137146,-0.500207,-9.866642,0.195753,0.0152375758,0.0144147169,-0.0518724624
0.138196,-0.471386,-9.543405,-0.070842,0.00991645,0.0144147169,-0.0561293631
0.139245,-0.514618,-9.572137,-0.109271,0.0141733506,0.0112220414,-0.0635789391
0.140264,-0.721169,-10.024669,0.039639,0.0226871518,0.0069651408,-0.0646431643
0.141312,-0.6275,-9.981571,-0.207743,0.0205587015,0.0069651408,-0.0657073894
0.142362,-0.473788,-10.350301,-0.174118,0.0205587015,0.015478942,-0.0657073894
0.143411,-0.346494,-10.38861,-0.133288,0.0216229267,0.029313869,-0.0657073894
0.144429,-0.094309,-9.564954,-0.27259,0.0184302512,0.0303780942,-0.0678358397
0.145478,0.169885,-9.244111,0.159727,0.0173660261,0.015478942,-0.0657073894
0.146528,0.280366,-9.555377,0.375885,0.0184302512,0.001644015,-0.0571935882
0.147578,0.285169,-9.584109,0.263003,0.0173660261,-0.0004844353,-0.0508082373
0.148595,0.25875,-9.256083,0.193351,0.0152375758,0.0069651408,-0.0497440121
0.149645,0.112242,-9.495518,-0.111672,0.0141733506,0.0101578162,-0.0518724624
0.150694,-0.051077,-10.225794,-0.142895,0.0120449003,0.0027082402,-0.0561293631
0.151744,-0.197585,-10.556215,0.193351,0.0152375758,-0.0058055611,-0.0603862637
0.152793,-0.111121,-9.354252,0.611258,0.0333294034,-0.0185762629,-0.0614504888
0.153811,-0.214397,-9.94805,0.880255,0.0418432046,-0.0324111899,-0.0529366876
0.15486,-0.365708,-10.422131,0.865845,0.0461001052,-0.0387965408,-0.0454871115
0.15591,-0.293655,-9.426082,0.529598,0.0354578537,-0.0356038654,-0.0508082373
0.156959,-0.159157,-9.019043,0.359073,0.0163018009,-0.0281542893,-0.0614504888
0.157977,-0.20479,-9.792417,0.303832,-0.0007258016,-0.0164478126,-0.0646431643
0.159026,-0.356101,-10.067767,0.106888,-0.0092396028,-0.0068697862,-0.0614504888
0.160076,-0.351298,-9.545799,-0.274992,-0.0071111525,-0.0004844353,-0.0635789391
0.161128,-0.262432,-9.356646,-0.431107,-0.0007258016,0.0027082402,-0.0667716146
0.162143,-0.31287,-10.077345,-0.212546,0.0109806751,-0.0015486604,-0.0657073894
0.163193,-0.430556,-10.596918,0.128504,0.023751377,-0.0153835874,-0.0593220385
0.164242,-0.370512,-9.921712,0.306234,0.0312009531,-0.0302827396,-0.0561293631
0.165291,-0.238415,-9.28721,0.445536,0.0269440524,-0.0345396402,-0.0571935882
0.16634,-0.387324,-9.998331,0.887461,0.0173660261,-0.0313469647,-0.0571935882
0.167358,-0.483395,-10.53706,1.009951,0.0077879997,-0.0324111899,-0.0561293631
0.168408,-0.168764,-9.349463,0.875452,-0.0103038279,-0.0356038654,-0.0614504888
0.169457,-0.031863,-8.84665,0.784185,-0.0241387549,-0.0292185144,-0.0646431643
0.170509,-0.173567,-10.338329,0.62807,-0.0273314304,-0.0089982365,-0.0614504888
0.171524,-0.072693,-10.242555,0.616062,-0.0220103046,0.0208000678,-0.0593220385
0.172574,-0.115925,-8.784397,0.339859,-0.0124322782,0.0410203457,-0.0635789391
0.173623,-0.4906,-9.969599,0.282217,-0.0028542519,0.0346349948,-0.0657073894
0.174673,-0.392128,-10.687904,0.676106,-0.0007258016,0.0186716175,-0.0603862637
0.17569,-0.070292,-8.760453,0.342261,0.0024668739,0.015478942,-0.0614504888
0.17674,-0.440163,-9.746925,0.356671,0.0003384236,0.0069651408,-0.0678358397
0.177789,-0.473788,-11.114098,0.760167,-0.0081753776,-0.0068697862,-0.062514714
0.178839,-0.507412,-9.801995,0.193351,-0.0134965034,-0.0079340114,-0.0710285152
0.179856,-0.670732,-10.642411,0.515188,-0.0166891789,-0.0217689384,-0.0699642901
0.180905,0.064207,-8.295949,-0.464731,-0.0209460795,-0.0175120377,-0.0720927404
0.181955,-0.051077,-8.8251,-0.186127,-0.0241387549,-0.0068697862,-0.0752854158
0.183007,-0.175969,-10.376638,0.347064,-0.0209460795,0.0059009156,-0.0635789391
0.184054,0.268357,-9.361435,-0.361456,-0.0145607286,0.0186716175,-0.0529366876
0.185072,0.208313,-9.61763,-0.287001,-0.0071111525,0.0250569684,-0.0540009127
0.186121,0.107439,-10.53706,-0.378268,-0.0049827022,0.0442130212,-0.0571935882
0.18717,0.037788,-10.007909,-0.652069,-0.003918477,0.0654975242,-0.0603862637
0.18822,-0.23121,-9.933684,-0.500758,0.0024668739,0.0676259745,-0.0614504888
0.189238,-0.118327,-10.230583,-0.894647,0.0152375758,0.0761397758,-0.0603862637
0.190287,0.006565,-9.572137,-0.774559,0.0280082776,0.0878462525,-0.0614504888
0.191336,-0.096711,-8.949607,-0.697702,0.0386505291,0.0803966764,-0.0593220385
0.192387,-0.250424,-8.904114,-0.625649,0.0482285555,0.0633690739,-0.0550651379
0.193404,-0.581867,-9.174675,-0.070842,0.0503570058,0.0261211936,-0.0518724624
0.194453,-0.769204,-10.460441,0.159727,0.0503570058,-0.0281542893,-0.0518724624
0.195505,-0.632304,-10.869874,0.431126,0.0503570058,-0.0696590703,-0.0571935882
0.196552,-0.293655,-9.46918,0.212566,0.0322651782,-0.0930720237,-0.0689000649
0.197602,-0.022256,-9.224957,0.339859,0.00991645,-0.0994573746,-0.0742211907
0.198619,0.141064,-9.830727,0.738551,-0.0017900267,-0.0856224476,-0.0667716146
0.199669,0.371633,-9.840304,0.495973,-0.0028542519,-0.0654021697,-0.0582578134
0.200719,0.294776,-9.83791,0.89947,0.0088522248,-0.0483745672,-0.0571935882
0.201768,0.078618,-9.366223,1.021959,0.0216229267,-0.0409249911,-0.0550651379
0.202785,0.001761,-9.382984,0.810604,0.0280082776,-0.0419892163,-0.0508082373
0.203835,-0.238415,-10.039035,1.25493,0.0290725027,-0.0292185144,-0.0465513367
0.204887,-0.161558,-9.045381,0.339859,0.0045953242,0.0378276702,-0.0582578134
0.205934,-0.382521,-10.235372,0.700123,-0.0071111525,0.0580479482,-0.0614504888
0.206951,-0.557849,-10.515511,0.383091,-0.0007258016,0.0644332991,-0.0571935882
0.208003,-0.639509,-9.90974,0.049246,0.0109806751,0.0633690739,-0.0550651379
0.20905,-0.733178,-9.667911,0.051647,0.023751377,0.0623048488,-0.0550651379
0.2101,-0.83165,-9.974388,-0.284599,0.037586304,0.0623048488,-0.0582578134
0.211149,-0.759597,-9.801995,-0.267787,0.0397147543,0.0612406236,-0.062514714
0.212167,-0.404136,-8.652707,-0.311019,0.0258798273,0.0580479482,-0.0646431643
0.213217,-0.091907,-8.358203,-0.59923,0.0024668739,0.0601763985,-0.0646431643
0.214266,-0.048676,-9.651151,-0.596828,-0.0134965034,0.0729471003,-0.0603862637
0.215316,-0.187978,-10.596918,-0.661676,-0.0103038279,0.0889104776,-0.0571935882
0.216333,-0.303262,-10.759734,-0.760148,0.0045953242,0.0910389279,-0.062514714
0.217385,-0.339289,-11.128464,-0.414294,0.023751377,0.0718828752,-0.0710285152
0.218432,-0.332084,-10.491567,0.198155,0.0343936285,0.0505983721,-0.0699642901
0.219482,-0.228808,-8.68144,0.726543,0.0343936285,0.0420845709,-0.0614504888
0.220502,-0.154353,-8.094824,1.562356,0.0258798273,0.0367634451,-0.0508082373
0.221549,0.01377,-8.853833,2.112359,0.0120449003,0.0229285181,-0.0401659857
0.222598,0.330803,-9.93129,1.869781,-0.0007258016,0.0133504917,-0.0359090851
0.223648,0.265955,-11.257759,1.619998,-0.0103038279,0.0282496439,-0.0412302109
0.224697,-0.010247,-11.229026,1.057986,-0.0241387549,0.056983723,-0.0529366876
0.225715,-0.233611,-10.254527,0.423921,-0.031588331,0.0931673782,-0.0699642901
0.226765,-0.529028,-9.919318,0.692918,-0.0283956555,0.1336079341,-0.083799217
0.227814,-0.54584,-8.95679,0.692918,-0.0209460795,0.1655346887,-0.0848634422
0.228863,-0.442565,-8.16426,0.335055,-0.0156249537,0.1740484899,-0.0774138661
0.229884,-0.536233,-9.488335,0.594446,-0.0081753776,0.1431859605,-0.0603862637
0.230931,-0.406538,-10.711847,-0.841808,0.0120449003,0.0782682261,-0.0561293631
0.23198,-0.81724,-9.950444,-1.122814,0.00991645,0.0740113255,-0.0784780913
0.233029,-0.91331,-9.296787,-1.334169,-0.003918477,0.084653577,-0.0965699189
0.234047,-0.730776,-8.58806,-0.656872,-0.0134965034,0.1048738549,-0.0997625944
0.235097,-0.54584,-8.870593,-0.130886,-0.0198818543,0.1059380801,-0.0848634422
0.236146,-0.012649,-10.379033,-0.17652,-0.0209460795,0.0921031531,-0.062514714
0.237196,0.386043,-11.494799,0.207762,-0.0071111525,0.0899747028,-0.0508082373
0.238214,0.366829,-11.094943,0.183744,0.0077879997,0.0921031531,-0.0561293631
0.239263,0.241938,-9.93129,0.186146,0.0088522248,0.098488504,-0.0678358397
0.240312,0.167483,-8.686228,0.553616,-0.0028542519,0.1155161065,-0.0720927404
0.241362,0.275562,-8.188204,0.91388,-0.0156249537,0.1336079341,-0.0603862637
0.242411,0.239536,-9.46918,1.487901,-0.0188176292,0.1336079341,-0.0380375354
0.243429,-0.031863,-11.394237,1.190083,-0.0113680531,0.1133876562,-0.0242026084
0.244478,-0.255227,-11.554658,0.366278,-0.003918477,0.0963600537,-0.0422944361
0.245528,-0.629902,-10.31678,0.104486,-0.0028542519,0.084653577,-0.083799217
0.246577,-0.853266,-9.318336,0.399903,-0.003918477,0.0633690739,-0.1093406207
0.247595,-0.673134,-8.62637,0.786587,-0.0007258016,0.0474056966,-0.0965699189
0.248645,-0.848462,-9.368618,0.606455,0.0024668739,0.0367634451,-0.0657073894
0.249695,-1.278378,-10.673538,0.426322,-0.003918477,0.0165431672,-0.048679787
0.250744,-1.177504,-10.11326,-0.287001,-0.0092396028,-0.0111266868,-0.0720927404
0.251763,-0.884489,-9.224957,-0.808183,-0.0113680531,-0.0217689384,-0.1167901968
0.252811,-0.891694,-9.016648,-0.05403,-0.0188176292,-0.0132551371,-0.1327535741
0.25386,-0.939729,-8.961578,0.332654,-0.0283956555,-0.0281542893,-0.1104048459
0.25491,-0.670732,-9.6727,0.344662,-0.0379736819,-0.0771086464,-0.0720927404
0.255959,1.469238,-10.92255,-0.524775,-0.0518086089,-0.0217689384,-0.0337806348
0.256977,1.51247,-10.596918,-0.837005,-0.0464874832,0.0952958285,-0.0540009127
0.258026,0.695871,-9.229745,-0.075646,-0.0379736819,0.1761769402,-0.0720927404
0.259076,0.304383,-8.899325,0.632874,-0.0220103046,0.1751127151,-0.0699642901
0.260127,0.609407,-9.703826,0.315841,-0.0071111525,0.1655346887,-0.048679787
0.261143,0.80395,-10.33354,-0.188529,0.00991645,0.2166174961,-0.0305879594
0.262192,0.407659,-10.204245,-0.301412,0.0386505291,0.2794067801,-0.0337806348
0.263242,-0.058283,-8.731721,-0.592025,0.0609992574,0.2825994556,-0.0603862637
0.264292,-0.480993,-9.01186,0.238985,0.0641919328,0.2017183439,-0.0827349919
0.265309,-0.944533,-11.111703,1.694453,0.065256158,0.0889104776,-0.0742211907
0.266359,-0.992568,-10.692692,1.25493,0.0556781316,0.0197358426,-0.0561293631
0.267408,-0.874882,-8.473131,0.697721,0.0205587015,0.0005797899,-0.0571935882
0.268458,-0.764401,-8.140317,0.616062,-0.0252029801,-0.0068697862,-0.0720927404
0.269509,-0.61309,-9.998331,0.596847,-0.059258185,-0.0100624617,-0.0795423164
0.270525,-0.656321,-10.766917,0.788988,-0.073093112,-0.0058055611,-0.0752854158
0.271574,-0.574662,-9.857065,0.620865,-0.0667077611,-0.0228331635,-0.0646431643
0.272624,-0.132737,-9.064535,0.596847,-0.0507443838,-0.0568883684,-0.048679787
0.273673,0.527747,-9.129183,-0.760148,-0.0422305825,-0.0558241433,-0.0369733103
0.274691,1.029716,-10.134809,-1.502293,-0.031588331,0.0165431672,-0.0401659857
0.275741,0.760718,-10.66396,-0.928271,-0.0049827022,0.1155161065,-0.0529366876
0.277839,-0.187978,-9.485941,-0.697702,0.0524854561,0.1506355365,-0.062514714
0.27679,0.059404,-10.300019,-1.024342,0.0216229267,0.1591493378,-0.0614504888
0.278857,-0.00064,-7.994262,-0.796175,0.0876048862,0.139993285,-0.0593220385
0.279907,-0.063086,-7.841023,-0.202939,0.0961186874,0.1229656825,-0.0561293631
0.280956,-0.939729,-11.092549,1.531133,0.1014398132,0.0793324512,-0.048679787
0.282008,-0.596277,-9.56256,0.383091,0.0312009531,0.0484699218,-0.0720927404
0.283055,-0.055881,-7.369337,0.863443,-0.0390379071,0.0910389279,-0.0891203428
0.284072,-0.922917,-8.784397,2.518257,-0.0571297347,0.0931673782,-0.0699642901
0.285122,-1.074228,-9.936078,2.218037,-0.0496801586,0.0484699218,-0.0422944361
0.286171,-0.02706,-9.421293,1.365411,-0.045423258,0.0463414715,-0.0369733103
0.287221,0.446087,-8.865804,0.70973,-0.0401021322,0.0889104776,-0.0497440121
0.288239,0.316392,-10.189879,-0.447919,-0.0432948077,0.1165803316,-0.0550651379
0.289288,0.453293,-11.317617,-0.973905,-0.0411663574,0.1495713114,-0.0412302109
0.290338,0.160278,-9.914529,-1.588756,-0.0241387549,0.2123605954,-0.0380375354
0.291388,-0.766803,-8.719749,-1.170849,-0.003918477,0.2496084758,-0.0582578134
0.292405,-1.182307,-8.999888,0.056451,0.0290725027,0.2038467942,-0.0699642901
0.293454,-0.865275,-9.823544,-0.262983,0.0716415089,0.1016811795,-0.0603862637
0.294506,-0.622697,-10.735791,-0.073244,0.092926012,0.0176073923,-0.0422944361
0.295554,-0.502609,-9.711009,0.764971,0.0695130586,-0.012190912,-0.0359090851
0.296603,-0.380119,-8.844255,1.896201,0.0248156021,-0.0228331635,-0.048679787
0.297621,-0.305664,-10.948888,2.974592,-0.0071111525,-0.0366680905,-0.0657073894
0.298671,0.169885,-11.008746,1.778514,-0.0443590329,-0.0089982365,-0.0731569655
0.29972,0.39565,-6.916805,1.053182,-0.0837353635,0.0601763985,-0.0827349919
0.300769,-0.252825,-5.568786,1.579168,-0.0954418402,0.0857178022,-0.0912487931
0.301787,-0.310468,-9.78284,0.536803,-0.0901207145,0.084653577,-0.076349641
0.302836,0.628621,-14.166892,-1.802513,-0.0720288868,0.1751127151,-0.0476155618
0.303888,0.635827,-13.051126,-2.722388,-0.0241387549,0.3304895875,-0.0391017606
0.304935,-0.476189,-7.512997,-1.639193,0.0280082776,0.3645447924,-0.0657073894
0.305953,-1.016586,-5.872869,-1.314955,0.0524854561,0.2464158004,-0.0923130183
0.307005,-0.951738,-10.49875,-1.425436,0.072705734,0.1485070862,-0.0720927404
0.308052,-0.757195,-9.703826,0.577633,0.0450358801,0.098488504,0.0024030204
0.309102,-0.786017,-9.129183,3.099484,0.0407789794,-0.0068697862,-0.0029181054
0.310119,-0.589072,-10.141992,2.912146,0.0492927807,-0.10265005,-0.0242026084
0.311168,0.400454,-9.042986,0.640079,0.0003384236,-0.0632737194,-0.0593220385
0.312218,0.683862,-7.314267,0.949907,-0.0699004365,0.098488504,-0.0944414686
0.313267,-0.022256,-7.326238,1.879388,-0.0922491648,0.2102321451,-0.1029552698
0.314317,-0.175969,-10.534665,0.623267,-0.0752215623,0.2283239727,-0.0891203428
0.315334,0.335606,-13.491686,-1.401419,-0.0369094568,0.2794067801,-0.0699642901
0.316386,0.362026,-11.202689,-1.451856,0.0194944764,0.3528383157,-0.0603862637
0.317433,-0.622697,-8.137922,-0.815389,0.0482285555,0.3081408593,-0.0646431643
0.318483,-1.312003,-10.307202,-0.793773,0.0535496813,0.1761769402,-0.0571935882
0.319503,-0.966149,-11.700713,-0.529579,0.0524854561,0.1080665304,-0.03484486
0.320549,-0.639509,-8.671862,0.032433,0.0216229267,0.0803966764,-0.0242026084
0.321599,-0.766803,-8.463554,2.390964,0.0067237745,-0.0036771108,-0.0305879594
0.322649,-0.639509,-9.945656,3.111492,0.0152375758,-0.0941362488,-0.0380375354
0.323666,0.328401,-8.286372,1.130039,-0.0081753776,-0.0909435734,-0.0508082373
0.324716,0.98168,-7.151451,0.990736,-0.0326525562,0.0144147169,-0.0657073894
0.325766,0.225125,-9.220168,0.186146,-0.0411663574,0.1197730071,-0.0731569655
0.326815,-0.284048,-12.804508,-1.278929,-0.0560655095,0.181498066,-0.0774138661
0.327864,0.13626,-13.113379,-0.89945,-0.0390379071,0.250672701,-0.0795423164
0.328884,-0.147148,-10.209034,-0.793773,-0.0007258016,0.2794067801,-0.076349641
0.329931,-0.70916,-9.543405,-1.134823,0.00991645,0.2389662243,-0.0678358397
0.330981,-0.44977,-9.639179,-1.437445,0.0088522248,0.2442873501,-0.0497440121
0.33203,-0.742785,-8.983127,0.644883,0.0131091254,0.2655718531,-0.0305879594
0.333048,-1.693883,-9.945656,3.272411,0.0354578537,0.1751127151,-0.021009933
0.334097,-0.262432,-7.173,1.36301,-0.0071111525,-0.0153835874,-0.0518724624
0.335146,0.04019,-7.781164,1.146851,-0.0049827022,-0.0036771108,-0.0699642901
0.336196,0.0546,-9.026226,-0.529579,-0.0198818543,0.029313869,-0.0774138661
0.337214,0.527747,-12.61296,-0.928271,-0.0496801586,0.0761397758,-0.0752854158
0.338264,1.164214,-14.679283,-1.468668,-0.0390379071,0.2038467942,-0.0603862637
0.339312,0.479712,-11.770149,-1.48548,-0.0103038279,0.3294253623,-0.0518724624
0.340362,-0.781213,-9.46918,0.19095,0.00991645,0.3187831108,-0.0529366876
0.342429,-0.524225,-7.984684,0.459947,0.0461001052,0.2708929789,-0.0518724624
0.343478,-1.506545,-9.155521,1.807336,0.0418432046,0.2410946746,-0.0518724624
0.344527,-1.391261,-8.324682,1.675239,0.0194944764,0.1548924371,-0.0518724624
0.341411,-0.502609,-7.932008,0.118897,0.0258798273,0.2708929789,-0.0508082373
0.345577,-1.129469,-8.446793,1.562356,0.0248156021,0.0442130212,-0.0518724624
0.346595,-0.682741,-8.782002,0.255797,0.0194944764,-0.0568883684,-0.0465513367
0.347644,0.938449,-10.383821,-1.718451,-0.0230745298,-0.0654021697,-0.0476155618
0.348694,1.695004,-14.281821,-1.860155,-0.0550012844,0.0729471003,-0.0497440121
0.349743,0.734299,-13.903514,-1.168448,-0.0645793108,0.2485442507,-0.0529366876
0.350763,-0.224004,-10.180302,0.589642,-0.0379736819,0.3166546605,-0.0603862637
0.35181,-0.262432,-7.639898,1.401438,0.0269440524,0.3209115611,-0.0561293631
0.352859,-0.493002,-7.22807,-0.087655,0.0663203831,0.3507098654,-0.0571935882
0.353909,-1.230343,-7.87215,1.053182,0.0631277077,0.354966766,-0.0603862637
0.354959,-1.504144,-8.135528,2.700791,0.072705734,0.2762141047,-0.0561293631
0.355976,-1.602616,-9.375801,1.607989,0.0769626347,0.1346721592,-0.0454871115
0.357025,-0.91331,-9.907346,0.532,0.037586304,-0.0175120377,-0.03484486
0.358075,0.587791,-11.667192,-0.697702,-0.0145607286,-0.0909435734,-0.0327164097
0.359125,1.197839,-13.757459,-1.108404,-0.0581939599,-0.0207047132,-0.0369733103
0.360142,0.306785,-8.647919,0.868247,-0.0816069132,0.2347093237,-0.0465513367
0.361191,0.333205,-8.805946,0.099683,-0.0283956555,0.3539025409,-0.0508082373
0.362241,-0.23121,-8.185809,-0.923468,0.0141733506,0.4528754802,-0.0689000649
0.36329,-0.896498,-7.101169,1.644016,0.051421231,0.4454259041,-0.083799217
0.364308,-1.206325,-7.563279,1.290957,0.0854764359,0.3453887396,-0.0795423164
0.365357,-1.629035,-10.520299,0.606455,0.0876048862,0.181498066,-0.048679787
0.366407,-1.283181,-12.658453,2.362143,0.0748341844,-0.0249616138,-0.0050465557
0.367456,0.467703,-11.839585,0.339859,0.0503570058,-0.1611824335,0.0141094971
0.368474,2.11291,-10.549031,-2.13876,-0.0198818543,-0.0909435734,-0.0082392311
0.369523,1.817494,-10.752551,-1.343776,-0.0922491648,0.1719200396,-0.0391017606
0.370573,0.304383,-9.387772,0.135709,-0.0901207145,0.4369121029,-0.0593220385
0.371622,-0.778811,-6.409203,0.186146,-0.045423258,0.5443988434,-0.0784780913
0.372672,-1.374448,-7.280746,0.784185,0.0003384236,0.5114078636,-0.0827349919
0.373689,-1.609821,-9.332702,1.228511,0.0492927807,0.4177560501,-0.0614504888
0.374738,-1.496938,-9.519462,0.49117,0.0684488334,0.264507628,-0.0380375354
0.375788,-1.566589,-11.41818,3.03944,0.079091085,0.043148796,-0.0156888072
0.376837,-1.535366,-11.870712,3.531801,0.0844122107,-0.1622466586,0.0034672456
0.377855,0.210715,-9.229745,-0.075646,0.0312009531,-0.2537700219,-0.0114319066
0.378904,3.054401,-9.648756,-3.181124,-0.0486159335,-0.0707232954,-0.0667716146
0.379954,2.929509,-10.843536,-4.307551,-0.1071483169,0.3656090176,-0.1125332962
0.381005,-0.151951,-8.408484,-0.092458,-0.1092767672,0.6306010808,-0.117854422
0.382021,-1.597812,-5.31738,1.463884,-0.0443590329,0.5539768698,-0.104019495
0.38307,-1.15829,-5.355689,-1.038753,0.0184302512,0.3922146464,-0.1008268195
0.38412,-1.333618,-9.478758,1.074798,0.0524854561,0.2315166482,-0.0816707667
0.386219,-1.103049,-10.386216,3.514988,0.1354950181,-0.2261001679,0.0290086492
0.385169,-1.837988,-11.810853,3.277214,0.100375588,0.0548552727,-0.0305879594
0.387236,0.484516,-7.594405,-0.214948,0.0961186874,-0.1931091881,0.0002745701
0.388286,2.653307,-7.259196,-5.508432,-0.0134965034,0.1346721592,-0.0593220385
0.389335,1.332338,-11.73184,-4.249909,-0.1348181709,0.5827109489,-0.1146617465
0.390387,-1.70349,-10.391004,-0.397482,-0.1795156274,0.7583080993,-0.1433958257
0.391402,-2.018121,-5.733996,2.153189,-0.1156621181,0.6103808029,-0.1444600508
0.392452,-1.75873,-5.669349,2.378955,0.0035310991,0.4432974538,-0.117854422
0.393504,-2.118995,-8.544962,2.013887,0.0716415089,0.3230400114,-0.062514714
0.394551,-1.773141,-10.735791,4.595781,0.1025040383,0.1304152586,0.0109168216
0.395568,-1.062219,-9.057352,3.808003,0.1365592433,-0.0558241433,0.061999629
0.396618,0.54456,-9.28721,-0.712113,0.1195316408,-0.1239345531,0.0577427284
0.397667,3.383442,-13.558728,-5.722189,0.0524854561,0.0303780942,0.0024030204
0.398717,3.443487,-11.880289,-7.420235,-0.0550012844,0.4092422489,-0.0859276674
0.399767,-0.012649,-6.603145,0.724141,-0.1188547936,0.6167661538,-0.1487169514
0.400784,-2.046942,-5.221606,4.326784,-0.0379736819,0.5018298372,-0.1476527263
0.401833,-1.926854,-6.445118,1.190083,0.0599350322,0.3698659182,-0.117854422
0.402885,-1.806766,-8.616792,3.565426,0.0939902371,0.2528011513,-0.0731569655
0.403932,-1.874015,-10.75734,3.551015,0.1056967138,0.0623048488,-0.0146245821
0.40495,-0.982961,-13.515629,2.374151,0.0993113629,-0.122870328,0.0353940002
0.405999,1.577317,-14.648156,-0.35425,0.0833479856,-0.1771458108,0.0428435762
0.407048,3.688466,-10.402976,-5.938347,0.023751377,0.0356992199,-0.0199457078
0.408098,2.115312,-4.081896,-2.069109,-0.0741573372,0.3656090176,-0.111469071
0.409116,-1.124665,-0.212629,3.077868,-0.1326897206,0.465646182,-0.1817079312
0.410165,-2.390394,-4.256683,3.214768,-0.1188547936,0.3560309912,-0.2093777852
0.411214,-2.390394,-13.64253,4.751896,-0.0464874832,0.2442873501,-0.1551023023
0.412265,-0.997372,-10.589735,0.479161,0.079091085,-0.0632737194,0.0194306229
0.413313,0.50373,-11.135647,-0.94028,0.0599350322,-0.1622466586,0.0449720265
0.414331,2.73977,-9.608052,-3.745538,0.0216229267,0.0793324512,0.0439078014
0.415383,2.326667,-0.952482,-4.216284,-0.0220103046,0.4699030826,-0.0295237342
0.41643,-0.353699,1.056376,-1.519105,-0.0486159335,0.5784540483,-0.1444600508
0.418497,-1.299994,-15.974625,-0.147699,0.0769626347,0.2442873501,-0.1327535741
0.417479,-1.40327,-7.086803,1.180476,-0.0017900267,0.4230771759,-0.1902217324
0.419546,-0.661125,-20.674732,-0.748139,0.1333665678,0.1336079341,-0.0082392311
0.420595,-0.015051,-16.51096,-0.284599,0.1823209249,0.1506355365,0.0800914566
0.421645,-0.394529,-7.819474,-1.653604,0.1631648721,0.2666360783,0.0545500529
0.422662,-0.192781,0.194411,-0.728925,0.0567423567,0.4422332286,-0.0550651379
0.423712,-0.127934,4.899306,0.058853,-0.0252029801,0.6231515048,-0.1817079312
0.424764,-1.256762,-0.502345,1.216502,-0.0103038279,0.6274084054,-0.2562036919
0.425811,-1.917247,-13.110985,1.187681,0.0439716549,0.4337194274,-0.2242769373
0.42686,-1.609821,-21.996412,1.098816,0.1078251641,0.1878834169,-0.0859276674
0.42788,-0.992568,-20.533465,1.764104,0.1769997991,-0.0590168187,0.0630638542
0.428927,-0.20479,-13.453376,0.652088,0.2099907789,-0.2186505918,0.1141466615
0.429977,1.238669,-3.859221,0.188548,0.1546510709,-0.0898793482,0.0385866756
0.431026,1.375569,6.778869,0.359073,0.0397147543,0.2613149525,-0.1221113226
0.432043,-0.454573,4.896911,3.318044,-0.0017900267,0.4688388575,-0.2604605926
0.433093,-1.420082,-10.606496,3.226777,0.0354578537,0.4134991495,-0.2711028441
0.434142,-0.812436,-22.051482,0.985933,0.058870807,0.2591865022,-0.1508454017
0.435192,0.198706,-22.475282,0.385492,0.0482285555,0.1421217353,0.0109168216
0.436209,0.186697,-17.253208,0.921085,0.0397147543,0.1410575101,0.1120182112
0.437261,-0.574662,-6.991029,2.561489,0.0280082776,0.264507628,0.0949906088
0.438308,0.059404,7.425344,1.600784,-0.0635150856,0.5114078636,-0.2189558116
0.439358,-0.346494,-4.960622,0.073263,-0.0539370592,0.396471547,-0.3104791748
0.440375,0.234732,-19.951638,-3.157107,-0.059258185,0.2176817212,-0.2487541159
0.441425,1.243472,-26.995812,-4.502094,-0.0709646617,0.2112963703,-0.0742211907
0.442474,-0.219201,-22.590211,-1.468668,-0.0443590329,0.3464529648,0.0981832842
0.443524,-1.727507,-4.939073,3.767174,0.0226871518,0.4262698513,0.1471376413
0.444573,-0.44977,13.796705,2.001878,0.0663203831,0.507150963,0.0194306229
0.445591,-0.029462,14.450362,0.469554,0.0854764359,0.6210230544,-0.187029057
0.44664,-1.919648,-8.561722,-1.156439,0.0854764359,0.5454630685,-0.2742955196
0.44769,-1.600214,-32.050282,-1.026744,0.0939902371,0.2868563562,-0.1582949778
0.448739,0.532551,-31.044656,-0.315822,0.120595866,0.0835893518,0.0247517486
0.449759,1.123384,-12.306483,-1.576747,0.0769626347,0.0612406236,0.1066970855
0.450807,0.117046,4.322268,0.226976,-0.0156249537,0.2602507274,0.0577427284
0.451856,-1.741918,7.399006,3.534203,-0.0198818543,0.5454630685,-0.03484486
0.452905,-1.811569,4.765222,4.442069,0.0524854561,0.6721058618,-0.1104048459
0.453923,-0.216799,-3.133734,-1.238099,0.0556781316,0.5231143403,-0.1849006066
0.454972,-0.243218,-25.820187,-1.874566,0.0109806751,0.1783053905,-0.1987355336
0.456022,-0.562653,-39.415298,2.458213,0.0641919328,-0.06753062,-0.0742211907
0.457071,0.888012,-16.03209,0.28702,0.1567795212,0.0367634451,0.0311370995
0.458121,0.794343,11.581933,-0.997923,0.134430793,0.3421960642,-0.0571935882
0.45914,-1.299994,12.867698,3.709531,0.092926012,0.5422703931,-0.1955428582
0.460187,-2.00371,2.066791,2.292492,0.0833479856,0.562490671,-0.2562036919
0.461237,-0.740383,-14.904352,-1.182858,0.037586304,0.4337194274,-0.222148487
0.462287,0.441284,-29.442836,-1.101198,-0.0188176292,0.2198101715,-0.0848634422
0.463304,0.878405,-26.413985,-1.026744,-0.0401021322,0.0761397758,0.0726418805
0.464353,0.222723,9.168429,1.852969,0.0173660261,0.3815723949,0.0332655499
0.465403,-0.939729,11.747143,2.069128,0.0365220788,0.4954444863,-0.1210470974
0.466452,-1.067023,-4.697243,1.026763,0.0141733506,0.368801693,-0.2178915864
0.46747,-0.656321,-27.785947,-1.074779,-0.0049827022,0.0580479482,-0.1774510306
0.468519,0.784736,-34.068718,-3.056233,0.0194944764,-0.1388337053,-0.0593220385
0.469569,2.074482,-16.956308,-4.855153,0.0386505291,0.0910389279,-0.0146245821
0.470618,0.619014,3.419598,-0.534382,0.0450358801,0.5380134925,-0.083799217
0.471668,-2.109388,10.715179,5.60212,0.0876048862,0.783849503,-0.1700014545
0.472685,-2.856336,5.54578,2.99861,0.120595866,0.8125835821,-0.2264053876
0.473734,-2.546508,-14.018443,-0.647265,0.1056967138,0.6146377035,-0.2104420103
0.474784,-2.22227,-33.534778,-0.121279,0.1099536144,0.1442501856,-0.0699642901
0.475834,0.448489,-27.393274,-2.563872,0.1216600911,-0.1792742611,0.0886052578
0.476851,2.489987,-3.315704,-4.25231,0.0758984095,0.0335707696,0.1003117345
0.4779,-0.305664,8.44773,1.420652,0.0312009531,0.4432974538,0.0013387952
0.47895,-2.402403,5.521836,6.245792,0.0673846083,0.6018670017,-0.0806065416
0.48,-1.259164,-5.951882,1.591177,0.0822837604,0.5188574397,-0.1221113226
0.481017,-0.118327,-29.09805,-1.281331,0.0641919328,0.3049481838,-0.1082763956
0.482066,2.052866,-36.221237,-1.711246,0.092926012,0.2144890457,-0.0508082373
0.483116,3.1889,-10.376638,-3.519773,0.092926012,0.4496828047,-0.0848634422
0.484165,-0.584269,9.352794,2.124368,0.0673846083,0.728509795,-0.2104420103
0.485215,-4.311803,5.505076,7.047981,0.1110178396,0.8168404827,-0.2508825662
0.486232,-4.119663,-3.650913,3.241188,0.155715296,0.7710788011,-0.1891575073
0.487282,-2.810702,-16.592367,1.238118,0.1397519187,0.507150963,-0.0859276674
0.488331,-0.075095,-26.502576,-0.005995,0.0971829126,0.0793324512,0.0492289272
0.489383,2.876671,-2.676413,-2.916931,-0.0539370592,0.1389290598,0.1226604628
0.490398,-0.36811,3.510584,2.323714,-0.0720288868,0.3996642225,0.0364582253
0.491448,-1.523358,-2.592611,5.364345,-0.017753404,0.4613892814,-0.0252668336
0.492497,-0.063086,-15.471812,1.845764,0.0343936285,0.3602878918,-0.0614504888
0.493547,1.932778,-27.55609,-1.982645,0.0556781316,0.2272597476,-0.0986983692
0.494564,2.273828,-23.291755,-1.764085,0.065256158,0.2762141047,-0.1295608987
0.495614,-0.039069,-6.064417,1.307769,0.0748341844,0.4826737845,-0.1614876533
0.496663,-2.613758,2.416366,4.665433,0.1099536144,0.6401791072,-0.1817079312
0.497712,-2.803497,-0.952482,3.236384,0.1301738923,0.6976472655,-0.1636161036
0.49873,-1.88122,-7.788348,-0.005995,0.092926012,0.6188946041,-0.1284966735
0.499779,-1.002175,-16.853351,-2.638326,0.0088522248,0.3922146464,-0.0752854158
0.500829,-0.464181,-22.508803,-2.597496,-0.0645793108,0.1612777881,0.0183663977
0.502927,-0.267236,-1.175157,1.120432,-0.0156249537,0.0697544249,0.089669483
0.50188,-0.406538,-14.504495,0.779381,-0.0603224102,0.0548552727,0.1013759597
0.503945,-0.296057,0.091454,1.824148,0.0056595494,0.1272225831,0.0173021725
0.504994,0.546961,-8.267217,1.833755,0.0152375758,0.1708558144,-0.0284595091
0.506044,2.2354,-19.918118,-2.258848,0.0173660261,0.2591865022,-0.0433586612
0.507093,1.469238,-26.749194,-1.944217,-0.0071111525,0.4252056262,-0.0295237342
0.508111,-0.601081,-14.008865,0.947505,-0.0411663574,0.548655744,-0.0199457078
0.50916,-0.85807,2.631858,1.819344,-0.0060469273,0.590160525,-0.0880561177
0.510209,-1.182307,0.220749,2.597515,0.0737699592,0.631665306,-0.1625518784
0.511261,-1.348029,-10.510722,0.825015,0.1046324887,0.6199588293,-0.1444600508
0.512276,-0.529028,-20.274876,-2.088323,0.0748341844,0.5390777176,-0.0614504888
0.513326,-0.639509,-23.626964,-0.805782,0.0258798273,0.4826737845,0.0417793511
0.514375,-0.745187,-9.998331,1.017156,-0.0028542519,0.4305267519,0.0800914566
0.515425,-0.512216,3.307064,0.202958,0.0014026488,0.3581594415,-0.0103676814
0.516474,-0.274441,-14.50689,2.364544,0.086540661,0.2623791777,-0.090184568
0.517492,1.296311,-24.543999,-2.230027,0.0918617868,0.3837008452,0.0002745701
0.518541,0.338008,-23.478514,-1.507096,0.0216229267,0.6252799551,0.0662565296
0.51959,-0.303262,-3.437816,0.560821,-0.0709646617,0.708289517,0.0162379474
0.52064,-1.098246,7.683933,0.544009,-0.0539370592,0.5944174256,-0.1433958257
0.521658,-3.13494,-4.623019,4.26674,0.0567423567,0.479481109,-0.2210842619
0.522707,-2.373581,-20.502339,2.967387,0.155715296,0.3709301433,-0.1210470974
0.523759,0.573381,-27.460316,-3.635057,0.1461372696,0.3581594415,0.0545500529
0.524805,1.658977,-17.325038,-3.097063,0.0492927807,0.5273712409,0.1556514425
0.525823,0.479712,3.503401,0.178941,-0.0294598807,0.562490671,0.0747703308
0.526873,-1.924452,5.880989,0.577633,-0.0422305825,0.3656090176,-0.1082763956
0.527922,-3.09411,-11.487616,4.996876,0.065256158,0.1995898936,-0.1678730042
0.528971,-0.435359,-26.062016,2.023494,0.1801924746,0.1485070862,-0.0422944361
0.53002,3.018375,-26.548069,-5.921535,0.1025040383,0.3443245145,0.1066970855
0.531038,1.824699,-9.093268,-0.507963,-0.0411663574,0.7072252919,0.1226604628
0.532088,-1.434492,7.78689,3.642282,-0.0709646617,0.7466016226,-0.0156888072
0.533139,-3.05328,0.577507,2.390964,-0.0124322782,0.5167289894,-0.1657445539
0.534186,-3.747389,-17.46391,5.544478,0.1216600911,0.3304895875,-0.159359203
0.535204,-1.134272,-28.207353,0.217369,0.1929631764,0.2187459464,0.0013387952
0.536255,3.020776,-21.476839,-5.025678,0.0854764359,0.4124349243,0.1364953898
0.537302,1.673388,0.735534,-0.202939,-0.059258185,0.7380878213,0.0843483572
0.538352,-2.390394,5.878594,2.095547,-0.1028914163,0.6242157299,-0.0891203428
0.539369,-3.54324,-10.288047,4.06259,-0.0124322782,0.2730214292,-0.1742583551
0.540419,-2.30393,-22.063454,3.774379,0.1248527666,0.1059380801,-0.083799217
0.541469,1.889546,-23.49288,-3.077849,0.1099536144,0.2410946746,0.0779630063
0.542518,-0.425752,4.987897,2.001878,-0.1028914163,0.8285469594,0.020494848
0.543567,-3.531231,-2.635709,3.1211,-0.0688362114,0.493316036,-0.1082763956
0.544585,-3.288653,-16.52772,4.336391,0.0641919328,0.1761769402,-0.1093406207
0.545636,-0.236013,-23.102601,0.178941,0.1312381175,0.1527639868,0.0162379474
0.546683,4.077552,-19.647556,-4.799912,0.0248156021,0.4592608311,0.1364953898
0.547733,2.619682,-1.007552,-1.956226,-0.1156621181,0.8210973833,0.0992475094
0.54875,-2.327948,3.438753,1.941834,-0.1475888728,0.687005014,-0.0465513367
0.5498,-3.759398,-10.642411,4.703861,-0.0379736819,0.2708929789,-0.1135975214
0.550849,-2.138209,-18.955589,3.38049,0.1088893893,0.0772040009,-0.0444228864
0.551899,1.903957,-21.500782,-1.93461,0.114210515,0.2251312973,0.0854125824
0.552916,3.453094,-11.590573,-3.555799,-0.0060469273,0.6625278354,0.1471376413
0.553966,-0.358503,2.248762,0.152521,-0.0996987408,0.8583452637,0.0651923045
0.555015,-3.13494,-2.693174,3.438132,-0.0667077611,0.5220501152,-0.0508082373
0.556065,-2.750658,-13.999288,3.815209,0.0567423567,0.1602135629,-0.0752854158
0.557114,-0.332084,-21.891061,0.764971,0.114210515,0.1580851126,0.0258159738
0.558134,2.790207,-19.714598,-2.928939,0.037586304,0.5284354661,0.1513945419
0.559181,1.642165,-2.324444,-2.11234,-0.0826711384,0.8838866674,0.1322384891
0.56023,-2.16703,2.981433,1.543142,-0.1188547936,0.7019041661,-0.0082392311
0.56128,-3.27184,-8.556933,4.074599,-0.0283956555,0.2549296016,-0.097634144
0.562297,-1.821176,-19.26446,2.816076,0.0876048862,0.098488504,-0.0444228864
0.563347,1.281901,-22.920631,-1.358187,0.0876048862,0.3379391636,0.10350441
0.564396,2.115312,-10.879452,-2.868895,-0.0220103046,0.7593723244,0.1811928462
0.565445,-0.865275,2.05482,0.104486,-0.0996987408,0.818968933,0.0939263836
0.566463,-2.868344,-2.041911,2.662363,-0.0581939599,0.4134991495,-0.0391017606
0.567515,-2.253493,-12.639298,2.974592,0.0546139064,0.1091307555,-0.0742211907
0.568561,2.65811,-19.216573,-3.493353,0.0184302512,0.617830379,0.1418165155
0.569611,0.155474,-2.903876,0.260601,-0.059258185,0.8232258336,0.1364953898
0.570631,-2.368778,2.382845,2.460615,-0.0432948077,0.5284354661,0.0119810468
0.571678,-2.236681,-9.201013,2.225242,0.0343936285,0.1506355365,-0.0752854158
0.572727,-0.264834,-20.643605,2.251662,0.1014398132,0.1133876562,-0.0135603569
0.573777,2.610075,-20.150369,-2.566273,0.0609992574,0.4475543544,0.1066970855
0.574826,1.579719,-6.45709,-1.891378,-0.0507443838,0.8040697809,0.1237246879
0.575844,-1.936461,2.073974,2.847299,-0.0773500126,0.7061610667,0.0268801989
0.576894,-2.736248,-5.360478,2.948173,-0.0081753776,0.306012409,-0.0678358397
0.577943,-1.412877,-17.404052,3.034636,0.0780268598,0.1091307555,-0.0444228864
0.578992,1.231464,-21.424163,-0.59923,0.0876048862,0.3102693096,0.0843483572
0.580013,2.13933,-10.436497,-4.007331,-0.0071111525,0.7093537422,0.1567156677
0.581059,-0.761999,0.86004,0.565625,-0.0837353635,0.7881064036,0.089669483
0.582108,-2.748256,-3.124156,3.42132,-0.0464874832,0.4252056262,-0.0124961318
0.583158,-1.713097,-12.924225,2.616729,0.0567423567,0.112323431,-0.0316521845
0.584175,0.888012,-20.267693,-0.625649,0.0844122107,0.2166174961,0.0534858278
0.585225,2.213784,-16.798281,-3.534183,-0.0028542519,0.6508213587,0.1503303168
0.586275,-0.072693,-1.345155,0.479161,-0.0773500126,0.8998500447,0.1301100388
0.587323,-2.556115,2.263128,2.215635,-0.0645793108,0.6444360078,0.0109168216
0.588373,-3.13494,-11.152407,3.551015,0.0184302512,0.2623791777,-0.048679787
0.589391,-1.155888,-21.462472,3.6663,0.114210515,0.1612777881,0.0385866756
0.59044,2.689333,-16.965886,-4.113008,0.0812195353,0.4315909771,0.1492660916
0.591489,1.848716,-3.009228,-4.031348,-0.0603224102,0.7934275293,0.1258531382
0.592538,-2.241485,-0.210234,2.736818,-0.1028914163,0.7093537422,0.0173021725
0.593556,-2.887559,-10.235372,4.504515,-0.0092396028,0.2815352304,-0.0391017606
0.594605,1.529282,-17.200532,-1.807316,0.1227243163,0.2974986077,0.0949906088
0.595655,2.516406,-8.463554,-4.648601,0.0003384236,0.749794298,0.1269173634
0.596704,-0.61309,1.204826,0.762569,-0.0816069132,0.8849508926,0.0492289272
0.597722,-3.180574,-4.338091,3.853637,-0.0390379071,0.5294996912,-0.0444228864
0.598771,-2.769872,-16.170962,4.924823,0.0854764359,0.1921403175,-0.0316521845
0.59982,-0.022256,-20.011497,0.813006,0.1674217727,0.2272597476,0.0779630063
0.60087,3.191301,-11.762966,-6.632457,0.0737699592,0.6018670017,0.1513945419
0.601919,1.510068,0.869617,-3.159509,-0.0741573372,0.8913362435,0.0917979333
0.602937,-2.512884,-0.20784,2.825683,-0.086928039,0.6646562857,-0.0252668336
0.603986,-3.144547,-13.898725,5.169803,0.0333294034,0.2272597476,-0.0540009127
0.605035,-1.189513,-21.005152,4.502113,0.1748713488,0.0644332991,0.0417793511
0.606085,2.57645,-13.678445,-5.104936,0.1684859979,0.3283611372,0.1407522904
0.607102,3.205712,-2.231064,-7.996658,-0.0092396028,0.8200331582,0.1152108867
0.608152,-1.357636,-1.235015,2.213233,-0.1060840918,0.9094280711,0.0194306229
0.609201,-3.59848,-10.153964,6.999945,-0.0113680531,0.5007656121,-0.0252668336
0.610251,-2.366376,-16.427157,5.940768,0.141880369,0.1889476421,0.0109168216
0.611269,0.198706,-14.899563,0.299029,0.2004127525,0.2634434028,0.0864768075
0.612318,3.001562,-7.290323,-8.592295,0.0737699592,0.6625278354,0.1056328603
0.613367,0.827968,-2.164023,-3.298811,-0.0752215623,0.9381621502,0.0353940002
0.614416,-2.945201,-6.935959,6.495575,-0.0390379071,0.6433717827,-0.0380375354
0.615466,-2.714632,-14.779845,6.766974,0.0939902371,0.1687273641,-0.0391017606
0.616483,-1.256762,-16.036879,4.434863,0.1918989513,0.0676259745,0.0353940002
0.617533,1.973608,-9.160309,-5.28747,0.1514583954,0.4550039305,0.1024401848
0.618582,2.833439,-2.240642,-8.707579,-0.0209460795,0.9828596067,0.0694492051
0.619634,-3.466383,-13.925063,7.924624,0.0109806751,0.4369121029,-0.0327164097
0.620649,-1.989299,-16.798281,5.94317,0.162100647,0.1219014574,0.0151737222
0.621698,0.51814,-10.580158,-1.346178,0.2004127525,0.2751498795,0.0747703308
0.623797,0.29958,-3.79218,-2.371731,-0.0507443838,0.8934646938,-0.007175006
0.622748,3.220123,-4.627807,-9.675489,0.0705772837,0.7178675434,0.0662565296
0.624814,-3.043673,-9.89298,6.476361,0.0035310991,0.493316036,-0.0529366876
0.625864,-2.320743,-16.139836,6.594048,0.141880369,0.0729471003,-0.0263310588
0.626913,-0.303262,-13.716755,1.694453,0.2195688053,0.1314794838,0.0534858278
0.627963,3.373835,-6.801876,-8.489019,0.1291096672,0.6412433324,0.089669483
0.628981,2.148937,-3.397112,-6.135292,-0.0358452316,1.0648049435,0.0290086492
0.63003,-3.149351,-8.075669,5.904742,-0.0358452316,0.8210973833,-0.03484486
0.631079,-3.31267,-14.291398,7.821348,0.1035682635,0.3038839587,-0.03484486
0.633178,1.024912,-9.210591,-3.505362,0.2046696531,0.3347464881,0.0556142781
0.634195,2.828635,-3.172043,-8.887711,0.0546139064,0.69445459,0.020494848
0.632131,-1.763534,-14.281821,4.677441,0.2206330304,0.1282868083,0.0109168216
0.635245,-1.328815,-5.856108,1.559954,-0.0262672052,0.6838123385,-0.0529366876
0.636294,-3.146949,-14.703226,8.556287,0.079091085,0.2538653764,-0.0518724624
0.637343,-1.338422,-15.165336,4.523729,0.211055004,0.0495341469,0.0109168216
0.638361,1.469238,-9.512279,-3.342042,0.2004127525,0.3794439446,0.0705134302
0.63941,3.308988,-5.595124,-8.772427,0.0461001052,0.929648349,0.0588069535
0.64046,-0.6275,-4.611047,-0.524775,-0.0699004365,1.0350066392,-0.0146245821
0.641511,-3.375116,-10.077345,7.465887,-0.0028542519,0.5731329225,-0.0571935882
0.642527,-2.544107,-15.969837,6.08007,0.1461372696,0.1921403175,-0.0359090851
0.643576,-1.283181,-14.226751,1.821746,0.2419175335,0.2027825691,0.0322013247
0.644625,1.899153,-6.725257,-6.428307,0.1940274016,0.4879949102,0.0577427284
0.645675,-2.741051,-8.734115,6.24339,0.0439716549,0.4571323808,-0.0731569655
0.646724,-2.272707,-16.817436,7.658028,0.1716786733,0.1346721592,-0.0369733103
0.647741,0.410061,-13.850838,-0.796175,0.2259541562,0.2889848065,0.0385866756
0.648791,3.256149,-7.836235,-8.53225,0.0993113629,0.8434461116,0.0662565296
0.649841,1.680593,-3.270212,-4.754279,-0.073093112,1.213796465,0.0034672456
0.650892,-3.259832,-6.466667,4.888796,-0.0986345157,0.9328410245,-0.0752854158
0.651907,-3.372714,-14.629002,7.516324,0.0301367279,0.3847650703,-0.083799217
0.652957,-2.078165,-15.725613,5.299498,0.1897705009,0.1282868083,-0.03484486
0.654008,-0.605884,-11.91381,-1.02194,0.2557524605,0.2049110194,0.0183663977
0.655055,1.507666,-4.907946,-5.453191,0.1950916267,0.4369121029,0.0130452719
0.656073,-0.74999,-3.188804,0.178941,0.114210515,0.451811255,-0.0550651379
0.657122,-2.400001,-11.849163,6.656493,0.1535868457,0.1272225831,-0.0816707667
0.658171,0.081019,-15.399982,1.893799,0.2227614807,0.029313869,-0.0369733103
0.659221,3.246542,-12.179583,-8.047095,0.1312381175,0.5561053201,0.0236875235
0.66027,3.023178,-7.433984,-7.739669,-0.0550012844,1.2425305442,0.0279444241
0.661287,-1.484929,-3.399507,1.166065,-0.1348181709,1.2882922258,-0.0391017606
0.662337,-4.001976,-9.339885,6.260203,-0.0550012844,0.7019041661,-0.0933772434
0.663388,-3.346295,-16.37927,6.930294,0.1046324887,0.2112963703,-0.0742211907
0.664435,-2.131003,-15.138998,4.896002,0.2557524605,0.0718828752,-0.0103676814
0.665453,0.088225,-8.801157,-0.387875,0.3164132942,0.1144518813,0.0268801989
0.666502,1.101768,-1.407408,-4.369997,0.2472386592,0.2112963703,-0.0188814827
0.667551,-0.942131,-7.022156,0.486366,0.1748713488,0.1485070862,-0.0806065416
0.668601,-0.77641,-16.10392,4.708664,0.1993485273,0.0356992199,-0.048679787
0.669618,3.126454,-13.573094,-5.128954,0.155715296,0.4049853483,0.020494848
0.670668,3.890214,-10.381427,-8.969371,-0.0369094568,1.2042184386,0.0417793511
0.671717,-3.154154,-4.124994,4.105822,-0.1114052175,1.1414291546,-0.0603862637
0.672767,-3.259832,-12.929014,6.502781,0.0035310991,0.5880320747,-0.0880561177
0.673816,-2.774676,-17.308278,7.540342,0.1769997991,0.3006912832,-0.0359090851
0.674833,-1.835587,-12.972112,3.229179,0.3110921685,0.1570208875,0.0194306229
0.675885,-0.007846,-4.963016,-1.000324,0.3313124464,0.0718828752,0.0055956959
0.676932,0.35482,-3.145706,-3.289204,0.2483028844,0.0452772463,-0.062514714
0.677981,-0.089506,-12.239442,1.33659,0.18338515,0.029313869,-0.083799217
0.678999,1.377971,-15.165336,1.144449,0.1663575476,0.2006541188,-0.0316521845
0.680048,3.246542,-11.56663,-7.626786,0.0492927807,0.7529869735,0.020494848
0.681097,1.875136,-7.580039,-5.229828,-0.1156621181,1.338310808,0.0322013247
0.682146,-1.910041,-2.65247,1.74489,-0.1614237998,1.3649164368,-0.0178172575
0.683164,-3.514418,-8.940029,4.461283,-0.0847995887,0.8434461116,-0.0784780913
0.684213,-2.99804,-17.957146,7.413048,0.065256158,0.3390033887,-0.0603862637
0.685265,-2.697819,-15.960259,5.340328,0.2323395071,0.0931673782,0.0002745701
0.686312,-1.13187,-8.963973,1.067593,0.3281197709,-0.012190912,0.0258159738
0.687361,0.952859,-1.926982,-3.322828,0.2908718905,0.0059009156,-0.0146245821
0.688378,0.705478,-5.980614,-3.591826,0.1769997991,0.1187087819,-0.0720927404
0.689428,0.057002,-14.858859,2.643149,0.1450730445,0.2272597476,-0.0561293631
0.690477,1.212249,-13.506052,-1.40382,0.1291096672,0.4890591354,0.006659921
0.691526,2.444353,-10.079739,-7.737267,-0.0017900267,1.0424562153,0.0460362517
0.692544,0.604604,-6.370893,-2.124349,-0.1114052175,1.4372837473,0.0332655499
0.693593,-2.817907,-5.362872,3.805602,-0.0922491648,1.2074111141,-0.0220741581
0.694642,-3.259832,-11.930571,6.31064,0.0077879997,0.6433717827,-0.0571935882
0.695692,-2.707426,-15.830965,6.783787,0.141880369,0.2442873501,-0.0359090851
0.69671,-2.428822,-13.79098,4.699057,0.2610735862,0.0516625972,0.0087883713
0.697761,-0.039069,-6.689342,-0.901852,0.2951287912,0.0133504917,0.0173021725
0.698808,-0.413744,-9.82115,1.264537,0.1216600911,0.1921403175,-0.0635789391
0.699857,-0.846061,-13.513235,3.771977,0.1408161439,0.2049110194,-0.0273952839
0.700875,1.846315,-12.344793,-5.58769,0.0844122107,0.5433346182,0.0290086492
0.701924,2.655709,-10.177907,-6.226559,-0.0720288868,1.14462183,0.0545500529
0.702973,-0.632304,-4.850482,0.601651,-0.1507815482,1.3297970068,0.020494848
0.704023,-2.897166,-7.295112,4.586174,-0.0943776151,0.8785655416,-0.0401659857
0.705072,-2.522491,-14.463791,6.301033,0.0407789794,0.3815723949,-0.0550651379
0.706089,-2.342359,-15.253927,5.349935,0.1844493752,0.1804338408,-0.0167530324
0.707141,-0.894096,-10.407765,1.266939,0.2642662617,0.1591493378,0.0247517486
0.708188,1.087358,-3.552745,-4.064973,0.2153119046,0.2538653764,0.0013387952
0.709237,-0.207192,-5.688504,-1.509498,0.1216600911,0.2868563562,-0.0571935882
0.710257,-1.484929,-11.770149,4.56696,0.1291096672,0.1474428611,-0.0614504888
0.711304,1.000894,-12.483665,-1.600765,0.1291096672,0.2474800255,-0.0156888072
0.712353,3.234533,-13.249857,-7.895784,-0.0166891789,0.8657948398,0.048164702
0.713402,0.806352,-8.013416,-1.725657,-0.1539742237,1.3755586884,0.0737061057
0.71442,-2.894764,-3.193593,3.795995,-0.1529099985,1.1361080288,0.0226232983
0.715469,-3.259832,-9.17707,4.759101,-0.0656435359,0.5263070158,-0.0422944361
0.71652,-2.455241,-14.923506,5.885528,0.0663203831,0.153828212,-0.0369733103
0.717568,-1.496938,-15.847725,4.629406,0.2004127525,0.0335707696,0.0268801989
0.718617,0.717486,-8.717355,-0.791371,0.2440459838,0.0654975242,0.061999629
0.719637,1.440417,-1.692336,-4.773493,0.1674217727,0.2134248206,0.0162379474
0.720684,-0.185576,-7.438773,0.647284,0.1046324887,0.2591865022,-0.03484486
0.721733,-0.219201,-12.852395,2.266072,0.1163389653,0.2613149525,-0.0146245821
0.722783,2.343479,-13.290561,-5.58769,0.0556781316,0.6135734784,0.0417793511
0.7238,2.730163,-11.837191,-5.36913,-0.0826711384,1.2286956172,0.0864768075
0.724849,-3.199788,-4.685272,3.9401,-0.0805426881,1.0030798846,0.0173021725
0.725899,-2.820309,-10.853114,4.790324,0.0290725027,0.4965087115,-0.0231383833
0.726948,-2.476857,-15.263504,4.956046,0.1461372696,0.1932045427,-0.0018538802
0.727965,-1.023791,-13.984922,2.681577,0.2334037322,0.056983723,0.0566785032
0.729017,1.303516,-6.066811,-3.089857,0.211055004,0.1336079341,0.0641280793
0.730064,1.092161,-3.617392,-3.596629,0.1046324887,0.285792131,0.0077241462
0.731113,-0.906105,-9.256083,2.436597,0.072705734,0.271957204,-0.0252668336
0.732163,-0.051077,-13.070281,0.147718,0.072705734,0.3028197335,0.0034672456
0.73423,0.928842,-9.026226,-1.699237,-0.12843282,1.1957046374,0.1098897609
0.735279,-2.327948,-2.688385,3.116296,-0.1188547936,1.0903463472,0.0683849799
0.73318,2.27623,-14.734353,-5.544458,-0.0294598807,0.7317024704,0.0737061057
0.736328,-2.93079,-7.230464,3.988136,-0.0390379071,0.5997385514,0.0002745701
0.737346,-2.279913,-13.544362,5.107357,0.0812195353,0.2570580519,-0.0103676814
0.738395,-1.568991,-15.763923,4.936832,0.197220077,0.1516997617,0.0449720265
0.739444,0.703076,-10.999169,-0.897049,0.2131834543,0.2187459464,0.0907337082
0.740493,1.344346,-4.151332,-4.413228,0.114210515,0.4049853483,0.0641280793
0.741513,-0.6275,-5.224,1.521526,0.0535496813,0.4496828047,0.0013387952
0.74256,-0.812436,-10.046218,2.20843,0.0578065819,0.3485814151,-0.0167530324
0.743609,1.241071,-15.495756,-3.361257,-0.0007258016,0.5028940624,0.0332655499
0.744659,1.77186,-14.571537,-3.262784,-0.1039556415,0.9998872091,0.1141466615
0.745835,-0.733178,-3.617392,0.433528,-0.1401392967,1.2350809681,0.1226604628
0.746726,-2.656989,-0.763329,2.87612,-0.1039556415,0.8477030122,0.0364582253
0.747775,-2.75306,-11.157196,4.040974,-0.017753404,0.3432602893,-0.0146245821
0.748825,-2.00371,-18.261228,5.801466,0.1120820647,0.1219014574,0.034329775
0.749874,2.309855,-6.789904,-5.181792,0.1323023427,0.3262326869,0.1279815885
0.750893,0.193902,-1.994024,-1.915396,0.023751377,0.5092794133,0.0598711787
0.751941,-1.633839,-6.461878,3.522194,0.0312009531,0.4007284476,0.0034672456
0.75299,0.366829,-12.76141,-0.577614,0.0418432046,0.2847279059,0.006659921
0.754039,2.156142,-16.865323,-4.63419,-0.0518086089,0.6348579814,0.0800914566
0.755057,0.453293,-11.980852,-0.495954,-0.1103409924,1.1265300024,0.1513945419
0.756106,-1.746722,-2.073037,3.051448,-0.0699004365,1.0839609963,0.1279815885
0.757155,-2.397599,-3.243874,2.366946,-0.0134965034,0.5997385514,0.0322013247
0.758205,-2.93079,-12.804508,4.490104,0.065256158,0.2293881979,-0.0029181054
0.759222,-1.619428,-18.443199,3.815209,0.1610364218,0.1421217353,0.0737061057
0.760271,2.187365,-13.099013,-4.060169,0.1386876936,0.3230400114,0.1439449658
0.761321,1.980813,-3.966967,-4.958428,0.0216229267,0.6231515048,0.1141466615
0.76237,-1.496938,-3.21993,2.064324,-0.0134965034,0.6125092532,0.0311370995
0.763419,-1.7179,-9.912135,3.270009,0.0407789794,0.313461985,-0.0039823305
0.764437,0.729495,-16.43434,-1.559935,0.0429074297,0.3187831108,0.0471004769
0.765486,2.038456,-14.640973,-3.827198,-0.0369094568,0.7998128803,0.1343669395
0.766535,-0.185576,-5.801038,0.856238,-0.0794784629,1.1020528239,0.1524587671
0.767585,-2.611356,-2.187966,3.711933,-0.0432948077,0.7934275293,0.0811556818
0.768602,-2.827514,-8.214542,3.385293,0.037586304,0.3294253623,0.0173021725
0.769651,-2.169432,-15.438291,5.26107,0.1354950181,0.126158358,0.0407151259
0.770701,0.698272,-16.771944,-0.724122,0.155715296,0.2379019991,0.131174264
0.77175,2.482782,-8.987916,-5.835072,0.0546139064,0.5912247501,0.1652294689
0.772768,-0.28645,-1.570224,0.582437,-0.0188176292,0.7529869735,0.1003117345
0.773817,-2.337555,-5.93991,4.028966,0.023751377,0.4688388575,0.0236875235
0.774866,-0.192781,-13.740698,0.851434,0.0695130586,0.2293881979,0.0162379474
0.775915,1.18583,-12.471693,-2.145965,-0.073093112,1.0967316981,0.1801286211
0.776965,-1.369645,-1.323606,3.243589,-0.0635150856,1.1616494325,0.1513945419
0.777982,-2.724239,-1.560647,2.100351,-0.0113680531,0.6965830404,0.0364582253
0.779031,-3.024459,-12.24423,4.797529,0.0556781316,0.2655718531,-0.0167530324
0.78008,-1.316806,-20.373044,4.105822,0.134430793,0.1485070862,0.0662565296
0.781132,2.11291,-15.134209,-3.361257,0.1088893893,0.3709301433,0.1673579192
0.782147,1.329936,-2.446556,-2.686361,0.0120449003,0.6699774115,0.1513945419
0.783196,-1.974889,-1.541492,2.093145,-0.0124322782,0.5518484195,0.0524216026
0.784246,-1.581,-10.062979,3.747959,0.0461001052,0.1804338408,0.0024030204
0.785295,0.907226,-16.63786,-0.791371,0.0524854561,0.2017183439,0.0534858278
0.786312,2.413131,-16.903633,-4.94642,-0.0422305825,0.7295740201,0.1524587671
0.787362,0.491721,-7.00779,0.099683,-0.0858638138,1.1435576049,0.1822570714
0.788411,-2.287118,1.185671,2.583105,-0.0486159335,0.9456117263,0.0907337082
0.78946,-2.959611,-6.390048,2.962583,0.0184302512,0.4613892814,-0.0061107808
0.790512,-2.796292,-18.292355,5.385961,0.1237885414,0.1559566623,0.0215590732
0.791527,0.069011,-19.851076,-0.659274,0.1674217727,0.2144890457,0.1482018664
0.792576,2.610075,-7.900882,-4.944018,0.0993113629,0.6018670017,0.2046057996
0.793626,0.263553,2.124256,-1.065172,0.0280082776,0.7902348539,0.1130824364
0.794674,-2.724239,-5.753151,2.777648,0.0429074297,0.4624535066,0.006659921
0.795692,-1.482528,-16.405608,2.073931,0.0950544623,0.1665989138,0.0141094971
0.796741,1.966403,-18.402495,-4.307551,0.0439716549,0.4720315329,0.1226604628
0.797791,2.002429,-11.34635,-3.142696,-0.0677719862,1.0786398705,0.1918350977
0.79884,-1.153486,-0.250938,1.86738,-0.0837353635,1.186126611,0.1354311646
0.799858,-3.192582,-2.092192,2.681577,-0.0262672052,0.714674868,0.020494848
0.800907,-3.358304,-13.400701,6.224176,0.0737699592,0.2847279059,-0.0124961318
0.801956,1.543693,-14.784634,-2.330901,0.1769997991,0.3006912832,0.1907708726
0.804054,-1.098246,0.503282,0.493572,0.0450358801,0.6295368557,0.0396509008
0.803008,1.793476,-0.418543,-4.093794,0.086540661,0.631665306,0.1641652438
0.805072,-1.547375,-12.153245,4.665433,0.092926012,0.2602507274,-0.0156888072
0.806121,0.928842,-20.423325,-0.750541,0.106760939,0.2208743967,0.0598711787
0.80717,3.215319,-16.707296,-5.167382,0.0152375758,0.8136478073,0.1716148198
0.80822,1.440417,-4.098656,-1.02194,-0.0656435359,1.3415034835,0.1790643959
0.809237,-2.265502,2.174537,1.84096,-0.0720288868,1.1531356313,0.0630638542
0.810286,-3.58407,-6.825819,4.278749,0.0003384236,0.6061239023,-0.0305879594
0.811336,-3.403937,-17.937991,6.051249,0.1312381175,0.2421588997,0.0045314707
0.812387,-0.932524,-20.157552,1.711265,0.211055004,0.1485070862,0.1290458137
0.813403,1.94959,-9.497912,-2.900118,0.1876420506,0.3347464881,0.1928993229
0.814452,0.943252,3.067629,-3.017805,0.1046324887,0.5220501152,0.1088255358
0.815501,-1.869211,-3.023594,1.893799,0.0780268598,0.3102693096,-0.0093034563
0.816551,-0.958944,-16.985041,2.751228,0.1174031905,0.0527268224,-0.0050465557
0.8176,2.838242,-20.844731,-4.451657,0.0663203831,0.4273340765,0.1194677873
0.818617,3.085624,-11.437335,-3.988116,-0.0571297347,1.1701632337,0.2014131241
0.819666,-0.622697,1.832145,0.582437,-0.100762966,1.3627879865,0.1301100388
0.820715,-3.336688,-1.436141,2.477427,-0.0581939599,0.8924004686,-0.0039823305
0.821767,-3.612891,-14.667311,6.497977,0.0609992574,0.4081780237,-0.0305879594
0.822782,-2.733846,-21.129658,5.258668,0.2004127525,0.1474428611,0.0737061057
0.823832,-0.0823,-15.531671,0.642481,0.2568166856,0.112323431,0.1822570714
0.824883,2.189767,0.026806,-3.971304,0.2046696531,0.3560309912,0.1631010186
0.82593,0.097832,2.026087,-2.775227,0.1120820647,0.4773526587,0.0311370995
0.826947,-1.739516,-12.268174,4.845565,0.1216600911,0.2336450985,-0.0252668336
0.827997,1.303516,-19.68826,-1.096395,0.141880369,0.2623791777,0.0513573775
0.829046,0.98168,-5.853714,0.118897,-0.086928039,1.5256144351,0.1673579192
0.830095,-2.577731,3.388472,1.828951,-0.0741573372,1.3063840534,0.0513573775
0.831113,-3.684944,-6.284697,3.51739,-0.003918477,0.7019041661,-0.0603862637
0.832162,-4.374249,-21.04825,7.881392,0.1312381175,0.2538653764,-0.0167530324
0.833211,-2.390394,-21.132052,4.578969,0.2632020366,0.0495341469,0.1301100388
0.834263,1.839109,-6.16019,-1.692032,0.280229639,0.1506355365,0.186513972
0.83531,2.122517,5.047755,-6.33704,0.1610364218,0.3773154943,0.0737061057
0.836328,-1.955675,-5.755546,1.307769,0.0982471377,0.2708929789,-0.0391017606
0.837377,-1.62183,-18.301932,4.333989,0.1684859979,0.056983723,-0.0007896551
0.838426,3.457897,-19.465586,-7.540323,0.1184674157,0.4432974538,0.1215962376
0.839475,3.940651,-12.177189,-6.015204,-0.0528728341,1.2648792724,0.1918350977
0.840493,-0.348896,1.731583,0.981129,-0.1199190188,1.5820183682,0.1290458137
0.841542,-3.497606,-0.456852,2.623935,-0.0784142378,1.137172254,-0.0061107808
0.842592,-4.038003,-15.385616,7.468289,0.0546139064,0.5635548961,-0.0422944361
0.843643,-3.384723,-21.263742,6.382693,0.2259541562,0.2070394697,0.0460362517
0.844658,-1.189513,-15.728008,2.7128,0.32173442,0.0442130212,0.1407522904
0.845707,1.541291,-0.607696,-2.414962,0.3068352679,0.1282868083,0.1237246879
0.846759,0.712683,2.811434,-4.751877,0.2036054279,0.2304524231,-0.0050465557
0.847806,-1.525759,-11.753389,3.932895,0.1769997991,0.0921031531,-0.0593220385
0.848855,1.060938,-20.600507,-0.563204,0.1791282494,0.1900118672,0.0322013247
0.849873,4.877339,-18.232496,-8.34011,0.0365220788,0.9498686269,0.1492660916
0.850922,2.465969,-5.312591,-1.367794,-0.1028914163,1.6820555326,0.1609725683
0.851972,-2.49367,4.264803,0.733748,-0.1326897206,1.5862752688,0.0322013247
0.853021,-4.350232,-7.173,4.410846,-0.0613866353,0.9402906005,-0.0795423164
0.854038,-4.340625,-20.114454,8.441003,0.1014398132,0.3837008452,-0.0401659857
0.855087,-0.605884,-8.935241,3.46215,0.3323766715,-0.074980196,0.1556514425
0.856139,1.327534,6.180282,-4.670217,0.2930003409,-0.0185762629,0.0705134302
0.857186,0.153072,-3.636547,-3.57021,0.175935574,0.0378276702,-0.0454871115
0.858203,-0.411342,-19.752908,3.50298,0.1748713488,0.0857178022,-0.0029181054
0.859253,3.28497,-19.609247,-5.388344,0.1312381175,0.5199216648,0.1258531382
0.860302,4.384977,-10.879452,-6.71892,-0.045423258,1.3319254571,0.1811928462
0.861351,0.21792,1.870455,-0.577614,-0.1475888728,1.7299456646,0.1056328603
0.862401,-3.439964,-1.036284,1.130039,-0.12843282,1.3212832055,-0.0273952839
0.863418,-4.323812,-16.242792,6.639681,0.0003384236,0.6752985373,-0.0593220385
0.864468,-3.656122,-22.477676,6.930294,0.1801924746,0.2528011513,0.0385866756
0.865519,-1.75873,-16.822225,5.907144,0.3153490691,0.0325065445,0.1471376413
0.866566,0.784736,0.52962,0.234181,0.3579180752,0.0037724653,0.1301100388
0.867583,1.673388,4.149875,-7.910194,0.2461744341,0.1176445568,-0.007175006
0.868635,-0.584269,-13.225913,1.014754,0.1589079715,0.2006541188,-0.0550651379
0.869682,-0.24562,-20.952476,2.170002,0.1823209249,0.3496456403,0.048164702
0.870731,3.849384,-16.412791,-6.9639,0.0961186874,0.8775013165,0.1524587671
0.871749,3.030383,-4.50809,-3.450122,-0.0688362114,1.531999786,0.1513945419
0.872798,-1.94847,3.908045,-0.359054,-0.1518457734,1.5617980903,0.0322013247
0.873847,-4.436695,-8.396512,4.038573,-0.100762966,0.9541255275,-0.0657073894
0.874896,-4.393463,-21.596556,8.616331,0.0748341844,0.3805081697,-0.0199457078
0.875946,-3.05328,-21.608528,6.027232,0.2472386592,0.0772040009,0.10350441
0.876963,-0.240817,-8.061303,3.51739,0.3376977973,-0.0185762629,0.1609725683
0.878015,1.822297,7.255345,-5.107338,0.2834223145,0.0601763985,0.061999629
0.879061,-0.0823,-4.043586,-4.163445,0.1599721966,0.1059380801,-0.0603862637
0.880111,2.638896,-20.29403,-3.872832,0.1791282494,0.4124349243,0.1130824364
0.881128,5.107908,-11.40142,-8.244039,0.0045953242,1.2106037896,0.1748074953
0.882177,1.493256,2.77073,-2.157974,-0.1443961973,1.7480374922,0.1013759597
0.884276,-4.602417,-16.707296,7.564359,-0.0305241059,0.7742714766,-0.0678358397
0.883226,-3.413544,0.424268,1.869781,-0.1656807004,1.4436690982,-0.0369733103
0.885293,-3.771407,-22.741055,6.901473,0.1727428985,0.3177188857,0.0236875235
0.886342,-2.123798,-16.642649,5.323515,0.3121563936,0.0793324512,0.1247889131
0.887394,0.227527,-0.358684,0.976326,0.3451473734,0.0112220414,0.1141466615
0.888441,0.414864,3.383683,-5.299479,0.2451102089,0.0186716175,-0.0050465557
0.889458,-0.862873,-13.199575,1.7593,0.1908347261,-0.0153835874,-0.0412302109
0.89051,1.632558,-18.924463,-0.38067,0.1940274016,0.1921403175,0.0460362517
0.891557,5.160746,-14.135766,-8.661946,0.0418432046,0.8828224422,0.1226604628
0.892606,2.509201,-5.082734,-2.64313,-0.1443961973,1.5894679443,0.1152108867
0.893655,-2.623365,1.887215,0.839425,-0.1944147795,1.59478907,0.0226232983
0.894673,-4.292589,-10.292836,4.38923,-0.1199190188,0.9892449576,-0.0433586612
0.895722,-3.800228,-21.108109,8.885329,0.0524854561,0.4156275998,0.006659921
0.896771,-2.97162,-18.699394,5.998411,0.2131834543,0.0857178022,0.1024401848
0.897821,-1.047809,-8.161866,4.122634,0.2983214666,-0.0558241433,0.1428807407
0.898838,1.265088,4.95677,-3.514969,0.2536240102,0.0037724653,0.0598711787
0.899889,0.616612,-4.050769,-4.814323,0.128045442,0.112323431,-0.0422944361
0.900936,-0.423351,-18.773619,4.175473,0.1323023427,0.1357363844,-0.0093034563
0.901986,2.533219,-17.533346,-3.671084,0.128045442,0.4113706992,0.0981832842
0.903003,4.94699,-11.463673,-9.555401,-0.0432948077,1.2106037896,0.1567156677
0.904053,1.488452,-1.158396,-2.523042,-0.1944147795,1.8395608554,0.1162751118
0.905102,-3.512017,-1.771349,1.905808,-0.2103781568,1.5617980903,0.0151737222
0.906151,-3.754595,-19.877414,7.117632,0.1110178396,0.2868563562,0.0396509008
0.9072,-2.373581,-16.422369,6.437933,0.2685231623,0.0527268224,0.131174264
0.908218,0.129055,-0.557415,0.921085,0.3376977973,0.0144147169,0.1279815885
0.909269,1.145,4.116354,-7.489886,0.2408533083,0.0410203457,0.0087883713
0.910316,-1.146281,-14.238723,1.317376,0.1642290973,-0.0207047132,-0.0316521845
0.911365,-0.132737,-22.085003,3.445337,0.2099907789,0.0505983721,0.0832841321
0.912385,5.499395,-14.190836,-8.827667,0.1131462899,0.6880692391,0.186513972
0.913432,4.951793,-2.470499,-8.882908,-0.1454604225,1.6469361026,0.1609725683
0.914481,-1.626633,1.724399,-0.673685,-0.2965803943,1.9310842186,0.0471004769
0.91553,-4.888226,-10.66396,6.262604,-0.2242130838,1.3074482786,-0.0220741581
0.916548,-4.294991,-19.626007,8.544278,-0.0262672052,0.6082523526,0.0087883713
0.917597,-3.315072,-18.481508,6.987937,0.1578437463,0.2336450985,0.0864768075
0.918646,-2.150218,-9.921712,6.089678,0.2919361157,-0.0026128856,0.1322384891
0.919696,-0.752392,2.763547,-0.594427,0.3121563936,-0.1877880623,0.0683849799
0.920745,0.162679,-3.265423,-4.019339,0.2302110568,-0.2654764986,-0.0167530324
0.921764,1.051331,-16.10392,0.680909,0.1897705009,-0.0930720237,0.0151737222
0.922812,3.253747,-16.738423,-3.567808,0.120595866,0.4443616789,0.1141466615
0.923861,4.677992,-10.912972,-7.859757,-0.0667077611,1.2606223718,0.1631010186
0.92491,1.257883,-1.115298,-3.603835,-0.2369837857,1.7991202995,0.1130824364
0.925927,-3.367911,-3.947812,1.653623,-0.2678463151,1.5575411897,0.0215590732
0.926977,-3.711363,-15.763923,6.73335,-0.1337539458,0.9072996208,0.0045314707
0.928026,-2.748256,-17.767993,7.007151,0.0546139064,0.4294625268,0.0609354038
0.929075,-2.798693,-14.415905,6.087276,0.2004127525,0.1548924371,0.1215962376
0.930092,-1.614625,-3.641336,3.318044,0.3004499169,-0.026025839,0.1184035621
0.931145,0.374034,1.959046,-4.379604,0.2674589372,-0.116484977,0.0322013247
0.932191,0.525345,-10.49875,-2.263651,0.1684859979,-0.0941362488,-0.0114319066
0.93324,4.164015,-14.913929,-6.080051,0.0578065819,0.7583080993,0.1641652438
0.93429,4.135194,-4.611047,-7.941417,-0.1507815482,1.5639265406,0.1716148198
0.935307,-1.124665,0.706801,-0.757746,-0.2838096924,1.8193405775,0.0800914566
0.936356,-4.357437,-10.177907,5.196222,-0.2295342096,1.3021271528,0.0183663977
0.937406,-3.593677,-18.280383,7.446673,-0.0507443838,0.6646562857,0.0492289272
0.938455,-2.827514,-15.929133,6.277015,0.1227243163,0.2815352304,0.1066970855
0.939472,-2.416813,-10.357484,5.325917,0.2408533083,0.0208000678,0.1343669395
0.940522,-0.800427,-0.626851,0.195753,0.2791654139,-0.1569255329,0.0907337082
0.941571,0.839976,-2.408246,-4.617378,0.211055004,-0.199494539,0.0130452719
0.94262,0.88561,-14.942661,-0.070842,0.1408161439,-0.0600810439,0.0183663977
0.94364,2.237802,-18.210947,-1.014735,0.0982471377,0.3719943685,0.1162751118
0.944687,4.529083,-10.290442,-7.653206,-0.0422305825,1.1137593006,0.1769359456
0.945736,1.824699,-1.261353,-5.013669,-0.2210204084,1.7022758106,0.1279815885
0.946785,-2.954808,-3.849644,2.49424,-0.2550756133,1.5617980903,0.0439078014
0.947835,-3.754595,-12.694368,5.839894,-0.1337539458,0.9477401766,0.0194306229
0.948852,-3.163761,-17.595599,6.493174,0.0312009531,0.4699030826,0.0630638542
0.949901,-2.966817,-17.320249,7.256934,0.1897705009,0.2070394697,0.1396880652
0.950951,-1.275976,-5.786672,2.501445,0.2930003409,0.0271854187,0.1577798928
0.952,0.827968,2.311015,-4.843144,0.2376606329,-0.0526314678,0.0705134302
0.95302,0.633425,-7.21131,-2.102733,0.1333665678,-0.0079340114,-0.0007896551
0.954067,0.438882,-16.635466,2.309304,0.1237885414,0.1719200396,0.048164702
0.955116,3.140864,-16.144624,-4.590959,0.058870807,0.6891334643,0.1492660916
0.956166,3.863795,-8.60482,-8.323297,-0.1305612703,1.4894307798,0.1875781971
0.957183,-0.341691,-1.151213,-1.55273,-0.2625251894,1.8289186038,0.1269173634
0.958232,-3.829049,-6.315823,3.928092,-0.2327268851,1.3595953111,0.048164702
0.959282,-2.827514,-16.824619,7.396236,0.1088893893,0.3570952163,0.0939263836
0.960331,-2.349564,-12.347187,5.042509,0.2440459838,0.1357363844,0.1407522904
0.961348,-0.870078,-3.320493,-0.142895,0.2749085132,-0.0313469647,0.1194677873
0.962398,0.84478,-1.371493,-4.21148,0.2121192292,-0.0771086464,0.0428435762
0.963447,0.573381,-11.513954,-0.246171,0.1450730445,0.001644015,0.0173021725
0.964496,1.207446,-17.906865,0.608856,0.1088893893,0.2953701574,0.0960548339
0.965546,3.914232,-12.404652,-7.189665,-0.017753404,0.9700889048,0.1769359456
0.966563,2.566843,-3.193593,-6.942284,-0.2210204084,1.6533214535,0.1556514425
0.967612,-2.287118,-3.411478,1.836157,-0.2923234937,1.615009348,0.075834556
0.968662,-3.968352,-11.25297,5.962384,-0.1848367531,0.9871165073,0.0322013247
0.969711,-3.084503,-16.56603,7.739688,-0.0092396028,0.4848022348,0.0598711787
0.970728,-2.813104,-16.714479,7.814143,0.1599721966,0.2198101715,0.1258531382
0.971778,-1.813971,-8.782002,2.539873,0.2706516126,0.0048366905,0.1524587671
0.972827,0.55897,-0.425726,-3.089857,0.2493671096,-0.0834939973,0.0971190591
0.973876,1.082554,-4.074713,-2.916931,0.1525226206,-0.0313469647,0.0247517486
0.974895,0.289973,-13.949007,1.533535,0.114210515,0.0803966764,0.0364582253
0.975943,2.607673,-17.305883,-2.816057,0.0695130586,0.5060867378,0.1290458137
0.976993,4.608341,-10.297625,-9.442518,-0.0975702905,1.3425677086,0.1886424223
0.978042,0.830369,-3.528801,-3.363658,-0.2561398384,1.8395608554,0.1513945419
0.979091,-3.454374,-6.014135,4.38923,-0.2433691366,1.4755958528,0.0800914566
0.980108,-3.641712,-11.822825,6.277015,-0.1018271912,0.8359965355,0.0471004769
0.981158,-3.13494,-16.484622,7.794929,0.0769626347,0.4496828047,0.0790272315
0.982207,-2.741051,-15.438291,6.3923,0.2397890832,0.2027825691,0.1386238401
0.983256,-0.733178,-5.192874,0.046844,0.2983214666,0.0112220414,0.1386238401
0.984274,1.188232,-0.037841,-4.718252,0.2334037322,-0.0345396402,0.061999629
0.985323,0.578184,-17.123913,1.502312,0.1269812169,0.2144890457,0.0694492051
0.986373,3.609208,-16.635466,-5.851884,0.0439716549,0.8008771054,0.172679045
0.987422,3.349818,-7.493843,-7.886176,-0.1465246476,1.5607338651,0.1992846738
0.988439,-1.026193,-1.179945,0.018023,-0.2540113881,1.6937620093,0.1279815885
0.989489,-3.653721,-6.129064,4.639013,-0.2008001304,1.1531356313,0.0439078014
0.991587,-2.841925,-18.75207,7.766108,0.141880369,0.3517740906,0.1109539861
0.990538,-3.334286,-15.141392,7.112828,-0.0486159335,0.6380506569,0.0396509008
0.992639,-1.977291,-12.138879,3.248393,0.2791654139,0.112323431,0.1599083431
0.993654,-0.039069,-1.505577,-2.523042,0.2876792151,-0.0270900641,0.117339337
0.994703,0.866396,-2.475288,-3.844011,0.2014769776,-0.0026128856,0.034329775
0.995752,0.330803,-13.680839,1.487901,0.1493299451,0.0857178022,0.0290086492
0.996802,1.562907,-17.35377,-0.27259,0.1174031905,0.3645447924,0.117339337
0.997819,3.722091,-10.965648,-8.349717,-0.0220103046,1.0499057914,0.1886424223
0.998868,1.870332,-4.230346,-4.787903,-0.1890936538,1.6895051087,0.1748074953
0.999918,-2.191048,-3.207959,2.321313,-0.2220846335,1.5990459707,0.1003117345
1.000967,-3.504811,-10.584947,5.073732,-0.1326897206,1.0073367852,0.0460362517
1.001985,-3.139744,-18.663479,8.34253,0.0343936285,0.5422703931,0.0715776554
1.003034,-2.72664,-17.037716,6.579637,0.2131834543,0.2613149525,0.1375596149
1.004083,-1.220736,-5.743574,1.180476,0.2951287912,0.0367634451,0.1428807407
1.005135,0.527747,1.204826,-3.159509,0.2493671096,-0.0547599181,0.0651923045
1.006182,0.424471,-8.03736,-2.01627,0.1674217727,0.0122862666,0.0077241462
1.007199,0.414864,-18.115173,2.823281,0.1493299451,0.2059752445,0.0630638542
1.008249,2.386711,-15.160547,-3.502961,0.0876048862,0.6912619146,0.1631010186
1.009298,3.133659,-7.589617,-8.707579,-0.0975702905,1.4085496681,0.1928993229
1.010347,-2.945201,-4.206402,2.93136,-0.1901578789,1.3457603841,0.0545500529
1.011364,-3.221403,-14.34168,5.923956,-0.0762857875,0.7881064036,0.0311370995
1.012414,-2.894764,-20.526282,8.126372,0.0897333365,0.4166918249,0.0992475094
1.013463,-2.522491,-13.561122,4.576567,0.2451102089,0.2017183439,0.1641652438
1.014514,-0.870078,-2.738666,-0.027611,0.3036425924,0.0410203457,0.1375596149
1.015529,0.736701,-0.784878,-3.971304,0.2408533083,-0.0483745672,0.0492289272
1.016579,0.856789,-9.974388,-1.442249,0.14826572,0.0314423193,0.0141094971
1.017628,1.238669,-17.729683,0.222173,0.0971829126,0.3773154943,0.0875410327
1.018678,2.768591,-14.078301,-6.11848,0.0003384236,1.0158505865,0.1801286211
1.019695,1.978412,-4.936678,-4.795109,-0.1348181709,1.5745687921,0.1822570714
1.021793,-3.348697,-10.04143,4.273945,-0.1188547936,1.0137221361,0.0417793511
1.020744,-1.482528,-2.295712,0.897068,-0.1848367531,1.5234859847,0.0992475094
1.022843,-2.877951,-16.788704,7.903008,0.0333294034,0.5699402471,0.0662565296
1.023894,-2.594544,-16.429552,5.282685,0.1940274016,0.3049481838,0.1226604628
1.024909,-1.669865,-9.852276,1.941834,0.2908718905,0.1208372322,0.1439449658
1.025958,0.832771,-0.104883,-2.542256,0.2834223145,0.0612406236,0.0907337082
1.02701,1.176223,-3.289366,-4.072178,0.18338515,0.1101949807,0.0013387952
1.028057,0.001761,-16.695324,3.46215,0.1354950181,0.1825622911,0.0098525965
1.029075,1.63496,-17.933203,-0.4215,0.120595866,0.5263070158,0.1184035621
1.030124,3.510736,-8.734115,-8.102335,-0.0134965034,1.2489158951,0.1790643959
1.031173,0.84478,-3.140917,-2.378936,-0.1582311243,1.6958904596,0.1354311646
1.032222,-3.154154,-4.946256,3.366079,-0.1678091507,1.4064212178,0.0566785032
1.03324,-3.514418,-11.887472,6.14732,-0.0709646617,0.8232258336,0.0236875235
1.034289,-3.05328,-16.601945,6.817411,0.0769626347,0.4315909771,0.0577427284
1.035338,-2.846729,-14.763085,3.92569,0.2206330304,0.2325808734,0.1152108867
1.03639,1.10417,0.124975,-4.614976,0.2323395071,0.1282868083,0.0556142781
1.037437,-0.411342,-9.758896,-0.159708,0.1461372696,0.1048738549,0.0087883713
1.038455,0.222723,-18.522212,3.085073,0.1429445942,0.2219386218,0.0822199069
1.039504,3.777331,-12.383103,-6.894249,0.0663203831,0.7998128803,0.172679045
1.040553,3.421871,-5.654983,-7.403422,-0.1167263433,1.5607338651,0.1748074953
1.041602,-0.939729,-3.140917,0.719337,-0.2029285807,1.7065327112,0.1077613106
1.04262,-3.487999,-7.460322,4.175473,-0.1465246476,1.1903835117,0.0353940002
1.043669,-3.291055,-16.312229,7.811741,0.0014026488,0.6646562857,0.0300728744
1.044719,-3.062887,-18.093624,6.070463,0.1748713488,0.3581594415,0.0875410327
1.04577,-2.097379,-11.444518,2.638345,0.2983214666,0.1325437089,0.1269173634
1.046785,0.088225,-0.863891,-0.709711,0.3270555458,-0.012190912,0.0854125824
1.047835,0.950457,-1.737829,-4.161043,0.2419175335,-0.0334754151,0.0045314707
1.048886,1.154607,-14.844493,0.678507,0.1610364218,0.0899747028,0.0087883713
1.049933,2.52121,-17.478276,-1.473471,0.1099536144,0.5380134925,0.10350441
1.050982,3.28497,-10.479595,-7.499493,-0.0145607286,1.2978702522,0.1716148198
1.052,0.938449,-4.30457,-2.402953,-0.1305612703,1.7767715713,0.1567156677
1.053049,-2.587338,-1.934165,1.977861,-0.1507815482,1.539449362,0.0715776554
1.054099,-3.615292,-10.620862,5.186615,-0.0805426881,0.9424190508,0.0109168216
1.055148,-3.322277,-19.156715,7.768509,0.079091085,0.4762884335,0.048164702
1.056165,-2.731444,-16.106315,4.374819,0.2408533083,0.2081036948,0.1184035621
1.057214,-0.814838,-6.320612,1.115628,0.3227986452,0.0612406236,0.1322384891
1.058266,0.705478,0.737928,-2.98418,0.2855507648,0.0165431672,0.0662565296
1.059313,0.441284,-7.467505,-2.446185,0.1791282494,0.0644332991,0.0130452719
1.060331,0.98168,-17.250813,1.732881,0.1291096672,0.2772783298,0.0630638542
1.06138,2.708547,-14.061541,-3.918465,0.0673846083,0.7966202048,0.1503303168
1.062429,2.694137,-7.821868,-6.613243,-0.0688362114,1.4532471246,0.1780001708
1.063478,-3.149351,-6.040473,3.656692,-0.1231116942,1.2584939215,0.0364582253
1.064528,-3.519222,-16.961097,7.636412,-0.0007258016,0.7040326164,0.0279444241
1.065545,-2.83472,-17.875738,6.536405,0.169550223,0.3581594415,0.0843483572
1.066594,-1.989299,-11.394237,3.238786,0.2887434402,0.1655346887,0.1215962376
1.067646,-0.127934,-2.334021,-0.652069,0.3036425924,0.0676259745,0.0928621585
1.068693,0.902422,-1.024313,-4.583753,0.2121192292,0.0803966764,0.0151737222
1.06971,0.527747,-12.782959,0.551214,0.1323023427,0.167663139,-0.0039823305
1.070762,1.128188,-17.854189,1.067593,0.1025040383,0.4624535066,0.0790272315
1.071809,2.783002,-12.031133,-5.763019,0.0141733506,1.0807683208,0.1652294689
1.075974,-3.492803,-17.875738,7.696456,0.0524854561,0.4358478777,0.0428435762
1.077024,-2.421617,-15.689698,4.790324,0.2057338783,0.2112963703,0.1045686351
1.073876,-1.895631,-1.577407,0.623267,-0.1603595746,1.5085868326,0.0683849799
1.07909,1.334739,-0.250938,-3.483746,0.2557524605,0.1282868083,0.0768987812
1.080142,0.534953,-6.301457,-3.404488,0.1365592433,0.1974614433,0.0087883713
1.078073,-0.456975,-8.896931,1.795327,0.2919361157,0.1208372322,0.1290458137
1.081189,-0.351298,-16.149413,3.740754,0.1056967138,0.3102693096,0.0407151259
1.072858,1.767057,-4.158515,-4.475674,-0.1082125421,1.6075597719,0.1599083431
1.074925,-3.850665,-10.960859,5.268275,-0.0996987408,0.9275198987,0.0087883713
1.082238,1.939983,-12.708734,-2.652737,0.0844122107,0.6710416367,0.1184035621
1.083255,3.397853,-8.485103,-8.023077,-0.0528728341,1.296806027,0.1428807407
1.084305,0.201108,-5.240761,-0.363857,-0.1497173231,1.5979817455,0.1088255358
1.085354,-3.170966,-6.119487,3.702326,-0.1209832439,1.227631392,0.0460362517
1.086404,-3.046075,-13.632953,6.08007,-0.0166891789,0.673170087,0.0236875235
1.087421,-2.613758,-16.941942,6.469156,0.1312381175,0.361352117,0.0651923045
1.08847,-1.833185,-14.233934,3.416516,0.2568166856,0.2261955224,0.1258531382
1.089521,1.397185,1.228769,-5.899919,0.1642290973,0.2762141047,0.0236875235
1.090569,-0.898899,-12.256202,1.420652,0.0854764359,0.2985628329,-0.0178172575
1.091586,-0.423351,-17.653064,3.205161,0.1174031905,0.3815723949,0.061999629
1.092638,3.037589,-12.747044,-6.733331,0.0546139064,0.8445103367,0.1460734161
1.093685,2.518808,-8.537779,-4.843144,-0.0837353635,1.4468617737,0.1631010186
1.094734,-1.576196,-2.403458,1.555151,-0.12843282,1.5171006338,0.1056328603
1.095783,-3.197386,-5.81301,3.769575,-0.0741573372,0.9956303085,0.0226232983
1.096801,-3.084503,-15.668149,6.630074,0.0397147543,0.4848022348,0.0087883713
1.09785,-2.774676,-18.424044,5.313908,0.1844493752,0.2772783298,0.0790272315
1.098899,-0.154353,-11.231421,0.315841,0.2674589372,0.2847279059,0.1396880652
1.099949,1.591728,-0.617273,-4.350783,0.2036054279,0.3719943685,0.0971190591
1.100966,-0.975756,-4.642173,-0.601632,0.106760939,0.3070766341,0.0141094971
1.102018,-1.511349,-13.443799,4.735084,0.1269812169,0.1687273641,0.0194306229
1.103065,2.341078,-13.781402,-3.743137,0.1131462899,0.4603250562,0.0832841321
1.104114,3.630824,-13.915486,-7.609974,-0.0475517083,1.2233744914,0.1460734161
1.105131,0.275562,-6.63906,0.00121,-0.1529099985,1.6905693339,0.1556514425
1.106181,-3.024459,-1.366705,2.844897,-0.1380108464,1.3649164368,0.0705134302
1.10723,-3.572061,-10.640017,5.31631,-0.0624508605,0.722124444,-0.0061107808
1.10828,-3.029262,-17.277151,6.776582,0.0801553101,0.3464529648,0.0194306229
1.109329,-1.54017,-15.835753,3.505381,0.2206330304,0.2389662243,0.0960548339
1.110346,0.58539,-7.07962,-0.834603,0.2610735862,0.2474800255,0.1205320125
1.111396,0.554167,-0.890229,-4.050562,0.1855136003,0.285792131,0.0534858278
1.112445,-0.906105,-9.550588,1.375018,0.1216600911,0.2272597476,0.0077241462
1.113494,0.174688,-14.454214,2.011485,0.1227243163,0.2943059323,0.0502931523
1.114514,3.06641,-12.009584,-7.242504,0.0280082776,0.8285469594,0.1109539861
1.115561,-1.568991,-4.201613,1.903406,-0.1922863292,1.6128808977,0.1056328603
1.11661,-3.250225,-6.883284,3.702326,-0.1241759194,1.1073739497,0.0364582253
1.11766,-2.673802,-14.899563,6.200159,0.0120449003,0.590160525,0.0173021725
1.118677,-2.577731,-16.501382,5.186615,0.1599721966,0.3251684617,0.061999629
1.119726,-1.249557,-12.957746,2.160395,0.2600093611,0.1963972181,0.1162751118
1.120776,0.897619,-2.547118,-1.56714,0.2536240102,0.1995898936,0.1024401848
1.121825,0.710281,-2.235853,-4.000125,0.1397519187,0.264507628,0.0247517486
1.122874,-0.219201,-12.320849,1.831353,0.0748341844,0.2698287537,0.0013387952
1.123894,1.053733,-14.411116,0.255797,0.0673846083,0.451811255,0.0556142781
1.124941,2.816627,-13.465348,-6.579618,-0.0337167813,1.0243643877,0.1301100388
1.12599,1.18583,-7.908065,-2.129153,-0.142267747,1.5351924614,0.1556514425
1.127039,-2.50808,-3.207959,2.907343,-0.1412035218,1.4021643172,0.1024401848
1.128057,-3.334286,-9.787629,4.55255,-0.0635150856,0.8317396349,0.0407151259
1.129106,-2.49367,-14.17647,5.61653,0.0609992574,0.3954073219,0.0322013247
1.130155,-1.931657,-14.296187,3.740754,0.1791282494,0.1963972181,0.0641280793
1.131204,-0.075095,-10.810015,-0.018004,0.2259541562,0.1697915893,0.0971190591
1.132222,1.538889,-3.971756,-4.113008,0.1663575476,0.313461985,0.0768987812
1.133271,0.446087,-6.612722,-0.536784,0.079091085,0.4049853483,0.0268801989
1.134321,-0.862873,-11.595362,3.659094,0.0758984095,0.3954073219,0.0311370995
1.135369,1.044126,-12.375919,-3.402087,0.0503570058,0.6444360078,0.0886052578
1.136419,2.730163,-11.580996,-6.745339,-0.0826711384,1.2499801203,0.1439449658
1.137436,-0.178371,-6.569624,0.202958,-0.1688733758,1.5798899179,0.1439449658
1.138485,-2.865943,-6.272725,4.341195,-0.1252401445,1.1978330877,0.0886052578
1.139535,-2.354367,-11.169168,4.636611,-0.0230745298,0.6252799551,0.0364582253
1.140584,-1.532965,-15.000126,3.553417,0.2057338783,0.2410946746,0.0886052578
1.141601,0.996091,-7.199338,-2.17959,0.2121192292,0.3092050844,0.1109539861
1.142651,1.73103,-1.661209,-4.590959,0.106760939,0.4613892814,0.0502931523
1.1437,-0.723571,-8.25764,2.071529,0.0450358801,0.4507470299,-0.0050465557
1.144749,-1.002175,-14.296187,2.93136,0.0599350322,0.4432974538,0.0332655499
1.145769,1.968805,-14.605058,-5.217819,-0.0028542519,0.8615379392,0.1258531382
1.146816,1.788672,-9.031014,-4.247507,-0.1263043697,1.4223845951,0.1652294689
1.147865,-1.74432,-3.363591,2.667166,-0.1571668991,1.407485443,0.1130824364
1.148914,-2.873148,-6.809059,4.261937,-0.0986345157,0.8583452637,0.0322013247
1.149932,-2.421617,-13.671262,4.944037,0.0024668739,0.4124349243,0.006659921
1.150981,-2.049344,-17.313066,6.036839,0.1354950181,0.2602507274,0.0598711787
1.15203,0.143465,-12.028739,0.503179,0.2057338783,0.2655718531,0.1194677873
1.15308,1.85352,-2.26698,-5.40996,0.1386876936,0.3900861961,0.0939263836
1.154129,0.35482,-3.267817,-1.346178,0.0439716549,0.4645819569,0.0119810468
1.155147,-1.271173,-12.213104,3.025029,0.0429074297,0.3943430967,-0.0007896551
1.156196,0.631023,-16.376876,-1.785701,0.0407789794,0.5337565918,0.0747703308
1.157245,2.610075,-12.782959,-6.125685,-0.0699004365,1.0977959233,0.1513945419
1.158294,0.162679,-5.269493,-0.726523,-0.1603595746,1.4660178264,0.1535229922
1.159312,-2.560919,-2.274163,3.587041,-0.1263043697,1.1499429558,0.0779630063
1.160361,-2.577731,-8.817917,3.123501,-0.0369094568,0.6380506569,0.0034672456
1.16141,-2.594544,-17.839823,5.803868,0.0822837604,0.3730585936,0.0226232983
1.162459,-1.081433,-18.086441,4.213901,0.197220077,0.3102693096,0.1205320125
1.163477,1.875136,-6.093149,-3.596629,0.1812566997,0.4252056262,0.1492660916
1.164526,1.209848,0.809758,-4.257114,0.058870807,0.5592979955,0.0598711787
1.165575,-1.746722,-7.450744,2.873718,0.0216229267,0.4709673078,-0.0135603569
1.166624,-0.737981,-15.352095,2.402973,0.0567423567,0.437976328,0.0226232983
1.167673,1.26749,-10.776495,-3.394881,-0.1231116942,1.3564026356,0.1577798928
1.168691,-2.099781,-3.140917,2.80887,-0.1443961973,1.3180905301,0.1194677873
1.16974,-2.870746,-3.84725,3.181144,-0.0741573372,0.8540883631,0.0364582253
1.17079,-2.296725,-11.245787,3.961716,0.0248156021,0.4816095593,-0.0007896551
1.171839,-2.082968,-17.135885,5.400372,0.1408161439,0.3049481838,0.048164702
1.172856,0.364427,-14.298581,-0.788969,0.1844493752,0.3123977599,0.1247889131
1.173905,2.134526,-4.879214,-4.79751,0.106760939,0.5443988434,0.1269173634
1.174954,-0.315271,-3.260634,0.255797,0.0280082776,0.6710416367,0.0556142781
1.176004,-1.7179,-9.428476,2.921753,0.0386505291,0.4975729366,0.020494848
1.177022,0.655041,-13.544362,-2.330901,0.0301367279,0.4997013869,0.0449720265
1.17807,2.13933,-15.766317,-5.321094,-0.0741573372,0.9817953815,0.1109539861
1.17912,0.028181,-9.967205,0.803399,-0.1305612703,1.3606595362,0.158844118
1.180169,-2.020522,-0.080939,3.402106,-0.0837353635,1.1414291546,0.1024401848
1.181218,-2.443233,-5.288648,2.484633,-0.0198818543,0.6784912127,0.0034672456
1.182235,-2.921183,-17.40884,6.332256,0.0844122107,0.3698659182,0.0045314707
1.183285,-1.009381,-17.799119,2.91695,0.1918989513,0.2794067801,0.1024401848
1.184334,2.088893,-7.922431,-4.744672,0.1546510709,0.4688388575,0.1418165155
1.185383,0.916833,-2.920637,-3.149901,0.0365220788,0.7136106428,0.0875410327
1.186401,-1.729909,-6.940748,3.037038,0.0216229267,0.6135734784,0.0268801989
1.18745,-0.461779,-10.55382,1.732881,0.0546139064,0.3985999973,0.0151737222
1.188499,1.459631,-15.660966,-4.213882,-0.0156249537,0.6146377035,0.0662565296
1.189548,0.729495,-14.796606,-1.336571,-0.1018271912,1.116951976,0.1503303168
1.190566,-1.040603,-2.367542,2.616729,-0.0805426881,1.2435947693,0.1524587671
1.191615,-2.22227,-0.669949,1.367813,-0.0422305825,0.8530241379,0.0460362517
1.192664,-2.750658,-13.156477,4.896002,0.023751377,0.4454259041,-0.0050465557
1.193713,1.889546,-14.274638,-3.226758,0.1525226206,0.4709673078,0.1599083431
1.194765,2.182561,-3.988516,-4.802314,0.0354578537,0.8179047079,0.1428807407
1.19578,-1.184709,-1.067411,1.533535,-0.017753404,0.8753728662,0.0502931523
1.196829,-1.974889,-8.032571,3.740754,0.0312009531,0.5018298372,-0.0135603569
1.197878,-0.303262,-16.314623,0.234181,0.0524854561,0.3113335347,0.0130452719
1.198928,1.769458,-18.342636,-3.668682,-0.0028542519,0.7231886692,0.1247889131
1.199945,1.452426,-8.391723,-1.932208,-0.0571297347,1.2542370209,0.1897066474
1.200994,-1.429689,1.176094,1.713667,-0.0624508605,1.199961538,0.1152108867
1.202043,-3.041271,-5.853714,3.767174,-0.0113680531,0.708289517,0.0130452719
1.203092,-2.714632,-15.136603,5.827885,0.092926012,0.3432602893,0.0087883713
1.20411,-0.240817,-17.164617,0.431126,0.1503941703,0.2911132568,0.089669483
1.205159,2.60287,-13.189998,-5.770224,0.0758984095,0.5827109489,0.1492660916
1.206208,0.988886,-3.289366,-1.636791,-0.0071111525,0.9094280711,0.1162751118
1.207257,-2.183842,-1.943743,3.493373,0.0109806751,0.7402162717,0.0236875235
1.208306,-2.020522,-11.619305,3.589443,0.072705734,0.3038839587,-0.0252668336
1.209324,0.105037,-18.792774,-0.229359,0.0907975617,0.3326180378,0.0492289272
1.210373,2.816627,-13.300138,-5.018472,0.023751377,0.9509328521,0.1535229922
1.211423,1.524479,-2.226276,-2.314088,-0.0624508605,1.3979074166,0.1364953898
1.212472,-2.779479,-3.040354,3.490971,-0.0645793108,1.1201446515,0.0332655499
1.21349,-3.497606,-11.63846,5.496442,0.0333294034,0.5986743262,-0.0103676814
1.214539,-2.133405,-16.345749,4.492506,0.1429445942,0.3517740906,0.0353940002
1.215588,0.378838,-15.823781,-1.151635,0.1546510709,0.4220129507,0.1205320125
1.21664,1.865529,-6.809059,-4.2379,0.0748341844,0.714674868,0.145009191
1.217655,-0.61309,0.881589,-0.277394,0.0077879997,0.8083266815,0.0630638542
1.218704,-2.294323,-6.660609,3.853637,0.0333294034,0.4784168839,-0.0178172575
1.219753,1.831904,-18.922069,-3.990518,0.0312009531,0.6263441802,0.1269173634
1.220802,1.793476,-9.196225,-2.0571,-0.0507443838,1.2233744914,0.1939635481
1.22182,-1.009381,1.343698,1.874585,-0.0667077611,1.2808426497,0.1162751118
1.222869,-2.928388,-3.947812,2.868914,-0.0273314304,0.8157762576,-0.0007896551
1.223919,-2.940397,-14.959422,6.164132,0.0663203831,0.4156275998,-0.0156888072
1.224968,-1.112656,-20.124032,2.381357,0.141880369,0.3187831108,0.0811556818
1.22602,1.538889,-14.370412,-3.596629,0.1088893893,0.5401419428,0.1694863695
1.227035,1.147402,0.38117,-3.111473,0.0333294034,0.8583452637,0.1279815885
1.228084,-1.429689,0.429057,0.716936,0.0077879997,0.7508585232,-0.0018538802
1.229133,-1.629035,-13.573094,4.413248,0.0524854561,0.3368749384,-0.0518724624
1.230183,0.851985,-21.065011,-0.099664,0.0854764359,0.3517740906,0.0428435762
1.2312,3.390648,-14.882802,-5.695769,0.0120449003,0.9796669312,0.1609725683
1.232249,1.17142,-1.522337,-2.131554,-0.0837353635,1.4926234553,0.1535229922
1.233299,-3.110922,-0.00432,3.188349,-0.086928039,1.2776499742,0.0407151259
1.234348,-3.699354,-10.948888,6.017625,0.0173660261,0.6965830404,-0.0220741581
1.235365,-2.801095,-17.523769,5.354738,0.1354950181,0.3017555083,0.0183663977
1.236415,-0.192781,-16.661804,0.04204,0.1674217727,0.271957204,0.1141466615
1.237463,2.302649,-7.556096,-4.828733,0.1131462899,0.5997385514,0.1513945419
1.238515,0.133858,-0.076151,-2.849681,0.0354578537,0.8200331582,0.0705134302
1.239562,-2.457643,-6.825819,4.427658,0.051421231,0.5454630685,-0.0146245821
1.240579,-1.043005,-14.736747,3.46215,0.1195316408,0.2251312973,-0.0093034563
1.241629,2.266623,-17.641092,-4.672619,0.0737699592,0.4975729366,0.0832841321
1.242678,2.999161,-12.548313,-4.473272,-0.0443590329,1.213796465,0.1673579192
1.243727,-0.185576,0.244692,0.229378,-0.0911849396,1.5117795081,0.1279815885
1.244745,-3.029262,-1.098538,3.181144,-0.0550012844,1.0946032478,0.0109168216
1.245794,-2.635374,-22.164017,5.366747,0.1663575476,0.3443245145,0.0726418805
1.246843,0.556568,-13.589854,-0.505561,0.2121192292,0.4081780237,0.1716148198
1.247895,2.064875,1.585527,-5.633324,0.1301738923,0.6433717827,0.1215962376
1.24891,-1.259164,-1.220649,-0.23176,0.0524854561,0.5954816508,-0.0093034563
1.249959,-2.517687,-13.134928,5.246659,0.0918617868,0.2432231249,-0.0401659857
1.251008,1.181027,-17.87095,-3.166714,0.0876048862,0.2847279059,0.0417793511
1.252057,4.017508,-17.020956,-6.399486,-0.0411663574,0.9839238318,0.145009191
1.253107,1.245874,-5.729208,0.142914,-0.1050198666,1.567119216,0.1652294689
1.254124,-2.563321,2.909602,1.932227,-0.0805426881,1.3819440393,0.0577427284
1.255173,-3.214198,-6.109909,4.391632,-0.0081753776,0.8370607606,-0.048679787
1.256222,-3.211796,-18.701789,6.577235,0.1184674157,0.4560681556,-0.0252668336
1.257272,-1.523358,-21.919793,3.082671,0.2174403549,0.2953701574,0.10350441
1.258289,1.274695,-9.002282,-2.035484,0.2238257059,0.4166918249,0.1748074953
1.259339,0.770325,4.942404,-4.530915,0.1301738923,0.603995452,0.0768987812
1.26039,-2.013317,-4.352457,2.414981,0.0801553101,0.4145633746,-0.0433586612
1.261437,-0.771606,-16.908421,3.349267,0.1152747402,0.1697915893,-0.0231383833
1.262454,3.695672,-18.969956,-6.84141,0.0397147543,0.5795182735,0.0907337082
1.263504,3.717287,-13.094224,-4.309953,-0.1114052175,1.3979074166,0.1684221444
1.264553,-0.608286,1.276656,1.665632,-0.1465246476,1.691633559,0.117339337
1.265602,-3.437562,-0.033052,2.297295,-0.0954418402,1.2478516699,-0.0156888072
1.266652,-3.821844,-14.585903,6.766974,0.00991645,0.6465644581,-0.0571935882
1.267669,-3.17577,-21.232615,6.24339,0.14826572,0.2655718531,0.0353940002
1.268718,-0.69475,-16.412791,2.751228,0.2419175335,0.1772411654,0.1482018664
1.26977,1.997626,0.048355,-2.909725,0.2334037322,0.3453887396,0.1396880652
1.270817,0.775129,3.606358,-4.708645,0.1269812169,0.4294625268,-0.0018538802
1.271834,0.594997,-20.207834,-0.846612,0.106760939,0.2762141047,0.0290086492
1.272883,4.66118,-17.779964,-9.012603,-0.0379736819,0.998822984,0.145009191
1.273932,2.449157,-6.497794,-1.271723,-0.1603595746,1.7320741149,0.1631010186
1.274981,-2.224672,4.135509,1.67764,-0.1592953494,1.6618352547,0.0439078014
1.275999,-3.769005,-5.688504,3.771977,-0.0890564893,1.0296855134,-0.0806065416
1.277048,-4.379053,-19.518261,7.312174,0.0556781316,0.4858664599,-0.0582578134
1.278097,-3.101315,-21.012335,4.71587,0.2046696531,0.2081036948,0.0737061057
1.279148,0.244339,-10.20664,1.71847,0.2866149899,0.1644704635,0.1535229922
1.280164,1.368364,3.563259,-4.564539,0.2419175335,0.2698287537,0.0822199069
1.281213,-0.428154,-3.322887,-1.682425,0.1503941703,0.2900490317,-0.0242026084
1.282265,-0.039069,-15.625051,2.657559,0.1333665678,0.3187831108,-0.0093034563
1.283312,2.951125,-17.626726,-6.329835,0.0407789794,0.7508585232,0.0800914566
1.284361,2.7806,-14.300976,-4.127419,-0.1167263433,1.4543113498,0.145009191
1.285379,-0.377717,-0.85192,1.182877,-0.1582311243,1.7161107376,0.1013759597
1.286428,-2.940397,0.388353,0.539205,-0.1358823961,1.2925491264,-0.0305879594
1.287477,-3.92512,-14.332102,6.894268,-0.0358452316,0.6987114907,-0.0774138661
1.288526,-3.596078,-21.15839,6.534004,0.1248527666,0.3166546605,0.0109168216
1.289544,-1.770739,-17.044899,4.278749,0.2429817586,0.1548924371,0.1226604628
1.290593,0.758316,-1.409803,0.159727,0.266394712,0.2208743967,0.131174264
1.291644,0.950457,4.899306,-6.17372,0.1578437463,0.3528383157,0.0077241462
1.292692,-0.733178,-9.828333,1.747292,0.0907975617,0.3123977599,-0.0646431643
1.293709,0.743906,-19.937272,0.349466,0.0886691114,0.4007284476,0.0119810468
1.294758,4.188033,-19.494318,-7.156041,-0.0220103046,1.0147863613,0.1290458137
1.295807,2.612477,-8.782002,-1.334169,-0.1348181709,1.6799270823,0.1641652438
1.296856,-1.787551,4.001425,0.459947,-0.1550384488,1.6448076523,0.0556142781
1.297906,-4.201322,-17.988273,7.597984,0.0290725027,0.52098589,-0.0678358397
1.298923,-3.341492,-21.649232,4.984867,0.1791282494,0.2070394697,0.0492289272
1.299972,0.129055,-12.526763,2.496641,0.2653304869,0.1559566623,0.1418165155
1.301023,2.040857,3.570442,-5.020874,0.2131834543,0.3219757863,0.0854125824
1.302071,-0.344092,-0.839948,-3.16191,0.0982471377,0.3698659182,-0.03484486
1.303088,-1.33602,-15.203645,4.329186,0.1088893893,0.2825994556,-0.0380375354
1.30414,2.39872,-19.63319,-4.120213,0.0844122107,0.5678117968,0.0694492051
1.305187,4.32013,-15.127026,-6.315424,-0.0762857875,1.3223474307,0.1577798928
1.306236,0.825566,0.036384,-0.522374,-0.1805798525,1.7757073462,0.1162751118
1.307253,-3.250225,1.030038,1.423054,-0.1795156274,1.4277057209,-0.0220741581
1.308303,-4.302196,-13.970556,6.901473,-0.0677719862,0.7934275293,-0.076349641
1.309352,-3.55765,-20.53586,6.975928,0.1035682635,0.3932788716,0.0002745701
1.310401,-1.849997,-18.088835,4.869582,0.2227614807,0.2166174961,0.1130824364
1.31145,0.823164,-3.689223,-0.130886,0.2536240102,0.2464158004,0.1354311646
1.312468,1.565309,4.930432,-7.108006,0.1440088193,0.3698659182,0.0173021725
1.313519,-1.283181,-8.398906,1.88179,0.0620634825,0.2911132568,-0.0689000649
1.314566,-1.006979,-19.312347,3.471757,0.1035682635,0.2261955224,-0.0029181054
1.315615,4.060739,-19.075307,-7.235299,0.0343936285,0.7487300729,0.1152108867
1.316633,4.190435,-9.02862,-5.431576,-0.142267747,1.6182020234,0.1535229922
1.317682,-1.062219,3.378894,-0.262983,-0.2380480108,1.8384966302,0.0577427284
1.318731,-3.997173,-3.346831,3.96652,-0.197607455,1.2563654712,-0.0657073894
1.319781,-4.386258,-17.650669,7.389031,-0.045423258,0.6327295311,-0.0720927404
1.320798,-3.636908,-22.671619,6.1209,0.1259169917,0.2974986077,0.0417793511
1.321847,-0.69475,-13.419855,4.028966,0.2483028844,0.1985256684,0.1460734161
1.322898,1.548496,3.924806,-3.793574,0.2280826065,0.271957204,0.0981832842
1.323945,-1.37685,-14.937872,4.382025,0.114210515,0.0963600537,-0.0476155618
1.324994,2.434746,-20.066567,-3.423702,0.0971829126,0.3762512691,0.0577427284
1.326014,5.88848,-15.838148,-8.906925,-0.0837353635,1.3074482786,0.1482018664
1.327061,2.302649,-1.235015,-2.940948,-0.2508187127,2.0204791315,0.117339337
1.32811,-3.264635,1.942285,1.63681,-0.2923234937,1.7576155185,-0.0188814827
1.329159,-4.945869,-12.452539,7.232916,-0.1795156274,1.0137221361,-0.0933772434
1.330177,-4.609622,-21.431346,8.169604,0.0205587015,0.4624535066,-0.0327164097
1.331226,-2.928388,-19.089673,6.656493,0.1823209249,0.1410575101,0.0800914566
1.332275,-0.577063,-3.605421,2.866513,0.2717158378,-0.0026128856,0.10350441
1.333324,0.791941,4.966348,-4.766287,0.2238257059,-0.012190912,-0.0018538802
1.334342,0.43648,-9.160309,-1.382205,0.1291096672,0.029313869,-0.0699642901
1.335393,0.986484,-19.116011,1.365411,0.1099536144,0.2283239727,-0.0018538802
1.33644,4.111176,-16.977858,-6.565207,0.0067237745,0.8232258336,0.10350441
1.337489,4.322531,-7.462716,-7.369798,-0.2018643556,1.6628994799,0.1269173634
1.338538,-0.260031,2.315804,-1.824129,-0.3274429237,1.9747174499,0.034329775
1.339556,-3.961146,-6.770749,4.045778,-0.2891308182,1.4649536013,-0.0614504888
1.340605,-4.198921,-18.71376,7.924624,-0.1177905685,0.783849503,-0.0476155618
1.341654,-3.519222,-18.91728,6.416317,0.0705772837,0.3656090176,0.0385866756
1.342704,-2.673802,-12.375919,6.089678,0.2174403549,0.1336079341,0.1066970855
1.343721,-0.800427,0.17765,0.637677,0.2749085132,-0.0004844353,0.075834556
1.344772,0.904824,-0.277276,-5.431576,0.1950916267,-0.0473103421,-0.0167530324
1.345819,1.416399,-12.13409,-1.06277,0.1120820647,0.0740113255,-0.0433586612
1.346868,2.338676,-17.90447,-1.658407,0.0546139064,0.4911875857,0.0279444241
1.347888,3.710082,-15.838148,-5.897517,-0.0720288868,1.213796465,0.117339337
1.348935,1.961599,-3.998094,-4.53812,-0.2316626599,1.8395608554,0.1162751118
1.349984,-3.951539,-11.161985,5.825484,-0.2156992826,1.1297226779,-0.0433586612
1.351033,-3.423151,-18.285172,7.271345,-0.0379736819,0.5922889753,-0.0146245821
1.352051,-2.962013,-16.805464,6.901473,0.134430793,0.313461985,0.0524216026
1.3531,-2.080566,-7.498631,4.278749,0.2493671096,0.1070023052,0.0726418805
1.354149,-0.322477,0.304551,-2.297276,0.2440459838,-0.0547599181,0.006659921
1.355198,1.337141,-5.60949,-3.495755,0.1589079715,-0.0590168187,-0.0571935882
1.356247,2.122517,-14.377595,-1.615175,0.086540661,0.2176817212,-0.0359090851
1.357267,2.951125,-17.523769,-4.043357,-0.0071111525,0.8168404827,0.0524216026
1.358314,2.727761,-11.578601,-5.131355,-0.1412035218,1.5373209117,0.1184035621
1.359364,-0.454573,-0.969243,-1.838539,-0.246561812,1.8235974781,0.0790272315
1.360412,-3.331885,-3.411478,2.681577,-0.2380480108,1.4181276945,-0.0103676814
1.36143,-3.418348,-13.484503,5.460416,-0.1114052175,0.8221616085,-0.0391017606
1.362479,-2.937996,-18.649113,6.423522,0.0578065819,0.4443616789,0.0151737222
1.363528,-2.546508,-15.416742,5.875921,0.2014769776,0.2187459464,0.0875410327
1.364578,-0.565055,-2.520781,-0.133288,0.2472386592,0.1144518813,0.0790272315
1.365595,1.084956,1.077925,-5.037687,0.1578437463,0.1378648347,-0.0146245821
1.366647,-0.171166,-11.140436,0.419117,0.0705772837,0.1836265163,-0.0561293631
1.367694,0.486917,-18.728126,2.114761,0.0684488334,0.3666732427,0.0226232983
1.368743,4.257684,-13.345631,-6.625251,-0.0198818543,0.9764742558,0.1066970855
1.369792,3.340211,-3.789785,-7.48268,-0.2199561832,1.7033400357,0.089669483
1.370809,-2.006112,-3.286972,1.80013,-0.3061584207,1.7650650946,0.0098525965
1.371858,-4.167698,-11.394237,6.716537,-0.2103781568,1.1712274589,-0.0305879594
1.372908,-3.3535,-16.273919,7.218506,-0.0379736819,0.6295368557,-0.007175006
1.373957,-2.865943,-15.086322,6.971124,0.1323023427,0.361352117,0.0417793511
1.374974,-1.564188,-8.267217,2.388562,0.2323395071,0.1878834169,0.0609354038
1.376024,0.424471,-5.329352,-2.215616,0.1174031905,0.098488504,-0.048679787
1.377073,0.037788,-14.346468,2.261269,0.0982471377,0.1570208875,-0.0327164097
1.378122,2.581254,-16.611522,-2.652737,0.0524854561,0.5443988434,0.0545500529
1.379142,4.529083,-9.960022,-9.351251,-0.1220474691,1.3489530595,0.1088255358
1.380188,1.147402,-2.798525,-4.038553,-0.294451944,1.8906436628,0.0673207548
1.381238,-3.154154,-4.860059,4.028966,-0.3029657452,1.6096882222,-0.0114319066
1.382287,-3.665729,-11.557052,6.293827,-0.1816440777,0.9615751036,-0.0454871115
1.383336,-3.223805,-17.155039,7.256934,-0.0124322782,0.5241785655,-0.0135603569
1.384353,-2.901969,-17.241236,7.043177,0.1610364218,0.271957204,0.0609354038
1.385403,-1.033398,-5.283859,1.456678,0.2589451359,0.0676259745,0.0726418805
1.386452,0.902422,2.287071,-4.365193,0.2163761298,-0.0419892163,-0.0156888072
1.387501,0.676657,-7.88891,-1.81212,0.1248527666,0.0048366905,-0.0795423164
1.388521,1.087358,-18.759253,1.139646,0.0939902371,0.2655718531,-0.0135603569
1.389568,3.662047,-16.463073,-5.335505,0.0120449003,0.8721801907,0.0960548339
1.390617,3.390648,-6.006952,-8.31369,-0.183772528,1.6341654007,0.1152108867
1.391666,-0.83165,-0.918961,-0.594427,-0.2987088446,1.8502031069,0.0417793511
1.392683,-3.545641,-6.023713,4.819145,-0.239112236,1.3702375626,-0.03484486
1.393733,-3.447169,-15.067167,6.238587,-0.0922491648,0.8157762576,-0.0476155618
1.394782,-3.156556,-20.337129,7.98707,0.0907975617,0.4720315329,0.0162379474
1.395831,-2.34476,-13.431827,5.172204,0.2419175335,0.2219386218,0.0790272315
1.39688,-0.296057,0.12258,-1.588756,0.2568166856,0.0665617494,0.0417793511
1.397899,1.027314,0.496099,-4.2379,0.1674217727,0.0495341469,-0.0582578134
1.398947,0.554167,-12.68479,-0.200538,0.0993113629,0.1602135629,-0.0795423164
1.399996,1.591728,-19.036997,-0.097262,0.0609992574,0.4965087115,0.0109168216
1.401045,3.614012,-12.691974,-6.680492,-0.0518086089,1.1286584527,0.0971190591
1.402063,-2.251092,-3.36838,2.177207,-0.260396739,1.6118166725,0.0226232983
1.403112,-3.166163,-8.712566,4.982465,-0.1507815482,1.1105666251,-0.0263310588
1.404161,-2.837122,-15.052801,6.24339,0.0024668739,0.6774269876,-0.0220741581
1.40521,-2.880353,-17.576445,6.790992,0.1535868457,0.3954073219,0.0322013247
1.406228,-1.338422,-9.440448,2.554284,0.2514955599,0.1921403175,0.0630638542
1.407277,0.693469,0.371593,-3.318025,0.2259541562,0.126158358,0.0034672456
1.408326,0.38124,-5.975826,-2.888109,0.1312381175,0.1687273641,-0.0699642901
1.409375,0.006565,-17.296306,2.448606,0.0993113629,0.2985628329,-0.03484486
1.410395,2.175356,-15.601107,-2.760816,0.0535496813,0.7199959937,0.0598711787
1.411442,3.333005,-7.263985,-8.726793,-0.1188547936,1.4191919197,0.0886052578
1.412491,0.037788,-2.796131,-1.34858,-0.2550756133,1.7640008695,0.0364582253
1.41354,-3.365509,-5.006114,4.252329,-0.2295342096,1.4064212178,-0.0369733103
1.41459,-3.521624,-13.211547,5.702994,-0.1039556415,0.846638787,-0.0635789391
1.415607,-3.154154,-19.307559,7.677242,0.0673846083,0.4869306851,-0.0103676814
1.416656,-2.462447,-15.20604,4.63421,0.2206330304,0.258122277,0.0609354038
1.417705,-0.288852,-3.830489,-1.02194,0.2610735862,0.1378648347,0.0534858278
1.418754,1.272294,1.176094,-4.509299,0.1855136003,0.1634062384,-0.03484486
1.419774,0.470105,-9.258478,-0.54399,0.1099536144,0.2442873501,-0.0912487931
1.420821,0.969671,-18.740098,1.415848,0.0844122107,0.4475543544,-0.0263310588
1.421871,3.184096,-13.903514,-6.298612,-0.0081753776,1.026492838,0.0683849799
1.42292,1.995224,-6.387654,-5.856687,-0.1667449255,1.656514129,0.0811556818
1.423937,-1.619428,-3.303733,1.456678,-0.2199561832,1.663963705,0.0247517486
1.424986,-3.331885,-6.562441,4.024162,-0.1475888728,1.1414291546,-0.0422944361
1.426036,-3.288653,-15.285053,6.932696,-0.0103038279,0.6518855839,-0.0476155618
1.427085,-3.091708,-18.522212,6.918285,0.1493299451,0.3645447924,0.0162379474
1.428134,0.976877,-1.421775,-2.926538,0.2461744341,0.1357363844,0.0109168216
1.429151,0.772727,-3.727532,-3.217151,0.1429445942,0.1463786359,-0.0710285152
1.430201,0.251545,-13.647319,2.801665,0.1025040383,0.2464158004,-0.0667716146
1.43125,2.165749,-16.506171,-1.672818,0.0695130586,0.6348579814,0.020494848
1.432299,3.083222,-11.588179,-8.253646,-0.0805426881,1.3308612319,0.0832841321
1.433317,0.587791,-4.670906,-2.181991,-0.2029285807,1.7512301676,0.0662565296
1.434366,-2.556115,-1.670787,2.194019,-0.2061212562,1.4819812038,-0.0199457078
1.435415,-3.545641,-9.87622,4.802333,-0.1209832439,0.9211345478,-0.0806065416
1.436464,-3.194984,-19.96361,8.176809,0.0439716549,0.52098589,-0.0337806348
1.437481,-2.275109,-17.569262,4.946439,0.2121192292,0.2900490317,0.0577427284
1.43853,-0.332084,-5.159353,-0.582418,0.2706516126,0.1868191918,0.0705134302
1.43958,1.200241,1.456232,-4.562138,0.2014769776,0.223002847,-0.0167530324
1.440629,0.193902,-7.790742,-0.560802,0.1163389653,0.2634434028,-0.083799217
1.441678,0.265955,-16.932365,3.190751,0.1014398132,0.34751719,-0.03484486
1.442695,2.886278,-14.767874,-4.929607,0.0354578537,0.8296111846,0.0545500529
1.443745,2.847849,-9.093268,-6.543591,-0.1177905685,1.5564769645,0.0886052578
1.444794,-0.353699,-2.765004,0.111692,-0.1954790047,1.7576155185,0.0385866756
1.445843,-3.187779,-4.49133,3.375686,-0.1646164752,1.2744572988,-0.0540009127
1.446861,-3.776211,-16.182934,7.816545,-0.0528728341,0.7029683913,-0.0742211907
1.44791,-2.79389,-18.706577,7.489905,0.1216600911,0.3858292955,-0.007175006
1.448959,-1.405671,-10.424525,2.3045,0.2408533083,0.2389662243,0.034329775
1.450008,0.145867,-3.765842,-1.778495,0.2451102089,0.1878834169,0.0055956959
1.451027,0.868797,-3.066692,-3.803181,0.1663575476,0.2038467942,-0.0561293631
1.452075,0.594997,-10.118049,0.882657,0.1046324887,0.2623791777,-0.0774138661
1.453124,0.98168,-16.484622,-0.123681,0.065256158,0.5507841943,-0.0135603569
1.454173,1.805485,-4.790623,-3.964099,-0.142267747,1.6682206056,0.0726418805
1.455223,-1.797159,-0.792061,0.455144,-0.1965432298,1.5330640111,-0.0178172575
1.45624,-3.701756,-10.556215,5.078536,-0.1337539458,0.9764742558,-0.0806065416
1.45729,-3.09411,-19.508684,7.513922,0.0322651782,0.5199216648,-0.0401659857
1.458339,-2.395197,-16.020118,4.881591,0.1929631764,0.2953701574,0.0322013247
1.459391,-0.812436,-7.738066,1.096414,0.2695873875,0.1900118672,0.0513573775
1.460405,1.315525,-0.490373,-3.99292,0.2238257059,0.1868191918,-0.0061107808
1.461455,0.839976,-4.517667,-2.7392,0.1152747402,0.2708929789,-0.0784780913
1.462504,-0.099113,-14.89238,3.190751,0.0844122107,0.4060495734,-0.0593220385
1.463553,1.476443,-15.857302,-2.218018,0.0641919328,0.7827852778,0.0300728744
1.46457,2.713351,-10.513116,-7.091193,-0.0656435359,1.4064212178,0.0811556818
1.46562,0.364427,-4.086685,-1.442249,-0.1773871771,1.6884408836,0.0449720265
1.466669,-3.259832,-4.08429,3.320446,-0.169937601,1.3297970068,-0.0380375354
1.46877,-2.678605,-17.013773,6.14732,0.0918617868,0.4762884335,-0.0252668336
1.469785,-2.092575,-15.105477,3.245991,0.2131834543,0.271957204,0.0290086492
1.467718,-3.632105,-12.567467,6.337059,-0.0624508605,0.805134006,-0.0678358397
1.470834,0.037788,-6.277514,-0.551195,0.2568166856,0.1921403175,0.0322013247
1.471883,1.454827,1.578344,-4.96083,0.1780640243,0.2623791777,-0.048679787
1.472933,-0.211995,-7.587222,0.078067,0.0812195353,0.327296912,-0.1093406207
1.47395,-0.584269,-18.347425,3.524596,0.0822837604,0.4560681556,-0.0433586612
1.474999,2.52121,-15.629839,-4.79751,0.0418432046,0.9307125742,0.0651923045
1.476048,2.886278,-7.168211,-6.024811,-0.1018271912,1.539449362,0.0864768075
1.477097,-1.230343,-1.448112,0.73615,-0.1890936538,1.6245873743,0.0045314707
1.478115,-3.608087,-7.271168,4.739887,-0.1369466212,1.1212088767,-0.0827349919
1.479164,-3.091708,-15.215617,6.649288,-0.0007258016,0.6082523526,-0.0880561177
1.480213,-1.033398,-12.914648,1.670435,0.2291468316,0.2485442507,0.0130452719
1.481265,1.385176,-2.034728,-2.626317,0.2174403549,0.2730214292,-0.0061107808
1.48228,0.229929,-1.814448,-3.044224,0.1152747402,0.2900490317,-0.0880561177
1.483329,-1.400868,-13.941823,3.995341,0.086540661,0.2634434028,-0.0891203428
1.484378,1.346748,-15.31618,-1.118011,0.0876048862,0.5443988434,0.0024030204
1.485428,4.082355,-10.594524,-9.288806,-0.0571297347,1.2627508221,0.0609354038
1.486477,1.229062,-6.124275,-1.912994,-0.197607455,1.7342025652,0.0407151259
1.487494,-3.002843,-4.278232,4.141848,-0.1912221041,1.4308983964,-0.0284595091
1.488543,-3.401536,-10.764523,5.227445,-0.100762966,0.8264185091,-0.0731569655
1.489592,-2.839523,-15.546037,6.483567,0.0492927807,0.4699030826,-0.0508082373
1.490644,-2.243886,-15.356884,3.611059,0.197220077,0.3113335347,0.0077241462
1.491659,0.191501,-8.066092,-0.416696,0.2568166856,0.2421588997,0.0300728744
1.492708,1.382775,0.297368,-4.189864,0.1908347261,0.2570580519,-0.0359090851
1.493757,-0.320075,-8.386935,-0.147699,0.106760939,0.2613149525,-0.0933772434
1.494806,0.191501,-16.578001,3.332455,0.0993113629,0.3911504213,-0.0401659857
1.495824,3.280167,-12.272962,-6.024811,0.0226871518,0.9264556735,0.0385866756
1.496873,2.900688,-8.705383,-6.469137,-0.142267747,1.5915963946,0.0545500529
1.497922,-0.949336,-4.486541,1.816943,-0.2082497065,1.7139822872,0.0055956959
1.498972,-3.310269,-6.342161,4.02176,-0.1507815482,1.2318882926,-0.0667716146
1.500023,-3.425553,-14.588298,6.757367,-0.0262672052,0.7072252919,-0.0816707667
1.501038,-3.058084,-16.192511,5.791859,0.128045442,0.4007284476,-0.0391017606
1.502087,-1.472921,-12.48606,1.987468,0.2302110568,0.2102321451,0.0045314707
1.503136,0.64063,-4.065135,-1.48548,0.2280826065,0.1442501856,-0.0039823305
1.504185,0.948056,-1.960503,-4.33397,0.1333665678,0.2208743967,-0.0689000649
1.506252,0.652639,-14.588298,1.060388,0.0471643304,0.5465272937,-0.0295237342
1.507301,1.409194,-8.544962,-3.373265,-0.156102674,1.5692476664,0.0534858278
1.50835,-1.746722,-2.721906,2.1676,-0.1752587268,1.5022014817,-0.0061107808
1.505203,0.345213,-11.43494,1.399036,0.0641919328,0.3262326869,-0.0880561177
1.509368,-3.05328,-8.293555,4.209098,-0.1177905685,0.9583824282,-0.0795423164
1.510417,-2.810702,-16.798281,6.920687,0.0109806751,0.507150963,-0.0742211907
1.511466,-2.661793,-16.039273,5.292292,0.1589079715,0.3081408593,-0.0124961318
1.512517,-0.639509,-9.229745,0.202958,0.2302110568,0.2400304494,0.020494848
1.513564,1.505264,-1.34755,-3.659075,0.1823209249,0.2932417071,-0.0242026084
1.514581,0.695871,-5.202451,-1.571944,0.0822837604,0.3517740906,-0.0965699189
1.515631,-0.168764,-14.348863,3.001011,0.0535496813,0.4017926728,-0.090184568
1.51668,1.632558,-15.402376,-2.326097,0.0290725027,0.7508585232,-0.0093034563
1.517729,2.768591,-11.521137,-6.649269,-0.0911849396,1.3947147412,0.0513573775
1.518746,0.100234,-3.880771,-1.014735,-0.1890936538,1.7044042609,0.0226232983
1.519795,-3.050878,-3.42345,3.089877,-0.1710018261,1.3297970068,-0.0689000649
1.520844,-3.346295,-12.883521,5.289891,-0.0677719862,0.7444731723,-0.111469071
1.521896,-2.781881,-17.504614,6.224176,0.0833479856,0.4007284476,-0.0710285152
1.522911,-1.552179,-15.016886,3.370883,0.2099907789,0.2687645286,0.0024030204
1.52396,0.837575,-6.150613,-1.896182,0.2270183813,0.2847279059,0.020494848
1.525009,1.125786,-0.231783,-4.530915,0.1301738923,0.3783797194,-0.0508082373
1.526058,-1.107853,-7.048494,1.728077,0.0599350322,0.3496456403,-0.1157259717
1.527107,-0.771606,-15.038435,2.775246,0.0695130586,0.3773154943,-0.0784780913
1.528125,2.768591,-16.762366,-5.825465,0.0035310991,0.8626021643,0.0119810468
1.529174,2.69894,-10.640017,-5.518039,-0.142267747,1.5075226074,0.0513573775
1.530223,-1.518554,-1.93656,1.523928,-0.2071854814,1.5543485142,-0.007175006
1.531274,-3.528829,-4.737947,4.269142,-0.1518457734,1.0137221361,-0.1008268195
1.532289,-3.411143,-14.051964,5.719806,-0.0230745298,0.5475915188,-0.1221113226
1.533338,-0.53143,-13.568305,1.40384,0.2185045801,0.2283239727,0.0077241462
1.53439,1.887145,-3.90232,-3.812788,0.1823209249,0.2953701574,-0.0007896551
1.535437,1.159411,-1.658815,-3.267588,0.079091085,0.4294625268,-0.076349641
1.536454,-1.05021,-9.778051,2.455811,0.0503570058,0.465646182,-0.1104048459
1.537503,0.17709,-16.010541,0.443135,0.0620634825,0.6423075575,-0.0508082373
1.538552,2.869465,-14.437454,-6.197738,-0.0337167813,1.1744201343,0.0247517486
1.539602,1.075349,-6.691736,-2.52064,-0.1624880249,1.5628623154,0.0236875235
1.540619,-2.527294,-3.239085,3.635077,-0.1688733758,1.3095767289,-0.048679787
1.541668,-2.84913,-8.793974,4.084206,-0.0773500126,0.7785283772,-0.1125332962
1.542717,-2.299127,-15.165336,5.213034,0.051421231,0.4688388575,-0.1072121704
1.543769,-1.845194,-17.097575,4.963251,0.1823209249,0.361352117,-0.03484486
1.544816,0.431677,-9.402139,-0.918664,0.2131834543,0.3762512691,0.0098525965
1.545833,1.380373,-1.08896,-4.076982,0.1195316408,0.4752242084,-0.0369733103
1.546882,-0.874882,-5.786672,1.031566,0.0503570058,0.4677746323,-0.1050837201
1.547931,-0.774008,-13.271406,2.035503,0.0567423567,0.4613892814,-0.0933772434
1.548981,2.583656,-14.650551,-5.116945,-0.0071111525,0.83280386,-0.03484486
1.549998,2.148937,-11.904233,-4.588557,-0.1412035218,1.3734302381,-0.0029181054
1.551047,-1.789953,-6.703708,3.037038,-0.1805798525,1.4223845951,-0.0146245821
1.552096,-2.861139,-4.639779,4.218705,-0.114597893,0.9700889048,-0.0699642901
1.553148,-2.363974,-9.074113,3.767174,-0.0209460795,0.5518484195,-0.117854422
1.554163,-2.805899,-15.996175,5.455612,0.0939902371,0.3283611372,-0.097634144
1.555212,-0.891694,-16.3242,1.850567,0.18338515,0.2772783298,-0.021009933
1.556261,2.13933,-6.035684,-4.21148,0.1472014948,0.4496828047,0.0013387952
1.55731,1.164214,-0.301219,-3.260383,0.0301367279,0.6093165778,-0.0784780913
1.558359,-0.639509,-16.750394,1.437464,0.0312009531,0.5050225127,-0.090184568
1.559377,2.720556,-15.771106,-5.849482,-0.0283956555,0.9541255275,0.0024030204
1.560426,1.6902,-7.263985,-3.471738,-0.1443961973,1.4457975485,0.0215590732
1.561475,-2.164628,-2.384303,3.128305,-0.1667449255,1.3329896822,-0.0412302109
1.562526,-2.99804,-7.158634,4.230714,-0.0837353635,0.8253542839,-0.1093406207
1.563542,-2.503277,-13.479714,4.886395,0.0418432046,0.479481109,-0.1199828723
1.564591,-1.917247,-17.267574,4.355605,0.1567795212,0.3581594415,-0.0508082373
1.565643,1.058537,-12.232259,-2.249241,0.1748713488,0.4464901292,0.0162379474
1.566689,1.781467,-2.345993,-4.711047,0.0758984095,0.6827481134,-0.0135603569
1.567707,-1.525759,-4.031615,2.484633,0.0141733506,0.6699774115,-0.0944414686
1.568756,-1.506545,-10.795649,3.723942,0.0482285555,0.4454259041,-0.1167901968
1.569805,1.666183,-14.018443,-3.884841,0.0109806751,0.5795182735,-0.0806065416
1.570854,1.971206,-15.40477,-4.804716,-0.1156621181,1.0999243736,-0.0178172575
1.571903,-0.485796,-8.80834,1.612793,-0.1486530979,1.3478888344,0.0098525965
1.572921,-1.912443,-1.385859,3.159528,-0.0954418402,1.0275570631,-0.0582578134
1.57397,-2.22227,-7.378914,3.154724,-0.0252029801,0.5752613728,-0.139138925
1.575022,-2.606552,-17.159828,6.159329,0.0897333365,0.3507098654,-0.1167901968
1.576068,-0.565055,-16.156596,1.658426,0.1769997991,0.3847650703,-0.0188814827
1.577086,2.084089,-6.026107,-5.304282,0.1195316408,0.6274084054,0.006659921
1.578135,0.330803,-1.258959,-2.054698,0.0173660261,0.7678861256,-0.0742211907
1.579184,-2.253493,-7.5968,3.649487,0.0216229267,0.5433346182,-0.1402031502
1.580233,-0.20479,-14.09985,0.335055,0.0418432046,0.3773154943,-0.1221113226
1.581251,2.547629,-17.293912,-5.004062,-0.045423258,0.7466016226,-0.0359090851
1.5823,1.224258,-12.359159,-1.319759,-0.1337539458,1.2510443454,0.0322013247
1.583349,-1.506545,-0.713047,2.46782,-0.1220474691,1.2308240675,-0.007175006
1.5844,-2.801095,-13.429433,5.4388,0.0152375758,0.4624535066,-0.1465885011
1.585447,-1.857203,-20.313185,4.816744,0.1386876936,0.3815723949,-0.0518724624
1.586465,1.488452,-13.518024,-2.727191,0.1535868457,0.5454630685,0.0375224505
1.587516,1.786271,-2.178389,-5.131355,0.0471643304,0.8210973833,0.0024030204
1.588563,-1.444099,-1.977263,1.593579,-0.0092396028,0.7881064036,-0.1018910447
1.589612,-1.698686,-9.605658,4.00735,0.0312009531,0.4826737845,-0.1476527263
1.59063,0.362026,-16.386453,-1.766486,0.0258798273,0.4837380096,-0.1008268195
1.591679,1.60854,-17.267574,-4.07458,-0.0603224102,0.9764742558,0.0013387952
1.592728,0.580586,-6.56723,-0.332634,-0.1028914163,1.3553384105,0.0353940002
1.593778,-1.768337,1.015672,1.862576,-0.0879922642,1.1073739497,-0.0571935882
1.594794,-3.03887,-8.003839,3.738352,-0.0262672052,0.6167661538,-0.145524276
1.595843,-2.750658,-17.81588,6.233783,0.0993113629,0.3773154943,-0.1146617465
1.596895,0.155474,-17.717711,0.805801,0.1706144482,0.4177560501,-0.0135603569
1.597942,2.477978,-8.556933,-5.215417,0.1025040383,0.6784912127,0.0162379474
1.598991,0.306785,0.390747,-1.862557,0.0056595494,0.8530241379,-0.0667716146
1.600008,-2.260699,-3.689223,3.294026,0.0056595494,0.6135734784,-0.1625518784
1.601057,-1.232744,-14.238723,1.975459,0.0418432046,0.3400676139,-0.1678730042
1.602107,0.955261,-21.165573,-3.183526,0.0056595494,0.5976101011,-0.0529366876
1.603156,1.663781,-13.350419,-2.758414,-0.0688362114,1.1712274589,0.0588069535
1.604173,-0.171166,2.524112,0.116495,-0.0975702905,1.3191547552,0.0087883713
1.605222,-2.820309,-0.880652,2.081136,-0.0773500126,0.9030427202,-0.131689349
1.606274,-3.514418,-14.846887,6.582039,0.0269440524,0.4997013869,-0.1625518784
1.60732,-1.833185,-18.902914,5.150589,0.155715296,0.3602878918,-0.0731569655
1.608338,1.248276,-15.2228,-2.013868,0.1546510709,0.4475543544,0.0087883713
1.609387,1.601335,-5.834559,-3.716717,0.0631277077,0.7476658477,0.0045314707
1.610436,-0.812436,0.888772,0.486366,0.0131091254,0.8391892109,-0.0880561177
1.611485,-0.356101,-17.81588,0.222173,0.0226871518,0.3177188857,-0.1540380772
1.612502,1.97601,-20.27727,-3.075447,-0.0358452316,0.7934275293,-0.0188814827
1.613552,1.927975,-7.477082,-1.668014,-0.0933133899,1.3989716418,0.0513573775
1.614601,-1.292788,1.942285,0.673704,-0.114597893,1.3627879865,-0.0412302109
1.615651,-3.190181,-6.220049,3.889663,-0.0645793108,0.8338680852,-0.1508454017
1.616699,-3.022057,-15.502939,5.767841,0.0546139064,0.4177560501,-0.1519096269
1.617716,-0.970952,-18.325876,2.141181,0.1408161439,0.3006912832,-0.062514714
1.618768,1.848716,-12.890704,-1.953824,0.1376234684,0.5082151882,0.0109168216
1.619814,1.40439,0.057933,-3.630254,0.0663203831,0.8179047079,-0.0263310588
1.620863,-1.583402,-1.141636,0.683311,0.0226871518,0.7178675434,-0.1338177993
1.621881,-1.684276,-14.351257,4.127438,0.0641919328,0.3645447924,-0.1572307527
1.62293,1.368364,-19.793611,-2.568675,0.0567423567,0.4890591354,-0.0571935882
1.623979,3.018375,-13.266617,-5.496423,-0.0550012844,1.1403649294,0.0364582253
1.625028,0.443686,-1.795293,-0.72172,-0.1199190188,1.4968803559,0.0045314707
1.626046,-2.784283,-0.380233,2.38616,-0.0986345157,1.1520714061,-0.1157259717
1.627095,-3.29826,-10.81241,5.167401,-0.0113680531,0.6252799551,-0.1795794809
1.628146,-2.827514,-20.047412,5.678976,0.1174031905,0.3123977599,-0.1167901968
1.629194,-0.425752,-18.515029,1.379822,0.1929631764,0.2730214292,0.0002745701
1.630243,2.204177,-4.857665,-3.807984,0.1589079715,0.5401419428,0.0300728744
1.63126,0.616612,3.632695,-3.010599,0.0578065819,0.7434089471,-0.0795423164
1.632309,-1.905238,-6.385259,3.85844,0.0429074297,0.5231143403,-0.1753225803
1.633358,-0.293655,-18.31151,1.893799,0.0876048862,0.3421960642,-0.1402031502
1.634408,2.795011,-19.597275,-5.614109,0.0152375758,0.7923633042,-0.0167530324
1.635425,1.932778,-10.410159,-2.840074,-0.0965060654,1.4755958528,0.0556142781
1.636474,-1.381654,1.786653,1.09161,-0.1252401445,1.5415778124,-0.0146245821
1.637525,-3.531231,-15.617868,6.5292,0.0280082776,0.5369492673,-0.180643706
1.638572,-2.75306,-23.504852,5.803868,0.1684859979,0.3038839587,-0.0657073894
1.63959,0.309187,-13.573094,0.159727,0.2238257059,0.3294253623,0.0492289272
1.640641,2.062473,3.802694,-5.676555,0.1397519187,0.6029312268,-0.0007896551
1.641688,-0.771606,0.144129,-1.005128,0.0482285555,0.6561424845,-0.1412673753
1.642737,-2.063754,-14.810972,5.306703,0.0897333365,0.3507098654,-0.1700014545
1.643786,1.817494,-19.784034,-3.03942,0.0950544623,0.4071137986,-0.0784780913
1.644803,4.262487,-16.56603,-6.620448,-0.0432948077,1.14462183,0.0162379474
1.645853,0.835173,-4.852876,-0.306215,-0.1380108464,1.7224960885,0.0183663977
1.646901,-2.983629,2.648618,1.898603,-0.1369466212,1.4670820516,-0.0997625944
1.647951,-3.740184,-7.287929,4.410846,-0.0613866353,0.8551525882,-0.2040566594
1.648969,-3.814639,-19.966005,6.497977,0.0854764359,0.4337194274,-0.166808779
1.65002,-2.116593,-20.775294,4.497309,0.2153119046,0.2144890457,-0.0337806348
1.651067,0.81836,-6.873706,-0.507963,0.2493671096,0.2464158004,0.0268801989
1.652116,1.272294,4.779588,-4.910393,0.1610364218,0.4337194274,-0.0667716146
1.653133,-1.143879,-5.065973,1.050781,0.092926012,0.3858292955,-0.1700014545
1.654183,-0.488198,-17.40884,2.030699,0.0993113629,0.2953701574,-0.1412673753
1.655232,3.409862,-20.064173,-6.485949,0.00991645,0.7487300729,-0.0327164097
1.656281,2.867064,-13.154083,-2.511033,-0.1209832439,1.4798527534,0.0332655499
1.65733,-0.975756,1.903976,1.45908,-0.1550384488,1.6469361026,-0.03484486
1.658347,-3.065289,-0.078545,1.583972,-0.1273685948,1.1669705583,-0.1763868054
1.659399,-3.713765,-14.566748,6.839027,-0.0209460795,0.631665306,-0.2125704606
1.660446,-3.231011,-20.940504,5.522862,0.128045442,0.2985628329,-0.1146617465
1.661495,-0.836454,-17.181377,2.662363,0.2312752819,0.1719200396,0.0013387952
1.662513,1.67579,-1.594168,-2.436578,0.2376606329,0.3304895875,0.0119810468
1.663562,-1.088639,-9.979177,3.171537,0.0950544623,0.4720315329,-0.1646803287
1.664611,1.003296,-18.866999,-0.800978,0.0971829126,0.5326923667,-0.097634144
1.66566,4.111176,-18.088835,-7.362592,-0.0252029801,1.1541998564,0.0013387952
1.666677,1.702209,-7.02455,-0.894647,-0.12843282,1.7395236909,0.0151737222
1.667727,-2.383188,2.751575,0.661695,-0.1348181709,1.5724403418,-0.0997625944
1.668776,-3.853067,-7.414829,3.673505,-0.0656435359,0.9456117263,-0.2040566594
1.669825,-4.393463,-19.250094,7.53794,0.0854764359,0.4454259041,-0.1657445539
1.670842,-2.93079,-19.171081,4.720673,0.2185045801,0.1825622911,-0.0422944361
1.671894,0.782334,-9.184253,0.99554,0.2695873875,0.1846907414,0.0258159738
1.67294,2.278632,3.773962,-5.825465,0.197220077,0.3954073219,-0.0508082373
1.67399,-0.418547,-2.750638,-1.833736,0.0961186874,0.4337194274,-0.1678730042
1.675039,-1.069425,-16.96828,4.321981,0.1131462899,0.3038839587,-0.1540380772
1.676056,2.646101,-19.618824,-4.564539,0.086540661,0.6082523526,-0.0444228864
1.677106,3.710082,-13.922669,-4.915197,-0.0528728341,1.4000358669,0.034329775
1.678155,0.229929,-0.464035,0.344662,-0.1305612703,1.7948633989,-0.0061107808
1.679204,-3.01245,1.085108,0.916282,-0.1294970451,1.3819440393,-0.139138925
1.680221,-3.879486,-12.076626,6.291426,-0.0294598807,0.7710788011,-0.2072493349
1.681273,-3.656122,-20.578958,6.416317,0.1333665678,0.3868935206,-0.1412673753
1.68232,-1.972487,-19.300376,4.261937,0.2451102089,0.1900118672,-0.021009933
1.683369,0.779932,-3.890348,-0.195734,0.2695873875,0.2549296016,0.0130452719
1.684386,1.005698,4.233677,-5.75101,0.1716786733,0.4252056262,-0.0923130183
1.685435,-1.018988,-8.185809,2.49424,0.1099536144,0.3794439446,-0.1678730042
1.686485,0.359624,-16.700113,1.28135,0.1195316408,0.4145633746,-0.1221113226
1.687534,3.923839,-17.756021,-7.417833,0.0152375758,0.9668962294,-0.0369733103
1.688583,2.422738,-10.807621,-2.186795,-0.1231116942,1.636293851,-0.0007896551
1.689601,-3.605685,-4.302176,3.55822,-0.1092767672,1.1329153534,-0.1700014545
1.690652,-3.615292,-14.669705,6.908678,0.0184302512,0.5848393992,-0.187029057
1.691699,-3.471187,-20.97642,5.213034,0.14826572,0.2559938267,-0.1029552698
1.692748,-1.040603,-14.866042,4.763905,0.2557524605,0.167663139,0.0013387952
1.693768,2.297846,4.394098,-4.763886,0.2323395071,0.3219757863,-0.0380375354
1.694814,0.851985,1.367642,-5.830268,0.0897333365,0.4092422489,-0.1785152557
1.695863,-2.092575,-16.443918,5.395568,0.0844122107,0.2740856544,-0.1859648318
1.696913,1.164214,-20.844731,-1.797709,0.1120820647,0.4177560501,-0.0603862637
1.69793,5.427342,-14.595481,-7.994256,-0.0209460795,1.1733559092,0.0332655499
1.698979,2.22099,-0.947694,-2.244437,-0.1635522501,1.816147902,-0.007175006
1.700029,-3.238216,0.560746,1.519124,-0.1933505544,1.5990459707,-0.1348820244
1.701078,-4.213331,-11.815642,6.555619,-0.0826711384,0.9402906005,-0.1987355336
1.702127,-3.656122,-18.656296,6.125704,0.0812195353,0.4592608311,-0.1540380772
1.703146,-2.760265,-19.570937,5.337926,0.2067981034,0.2049110194,-0.0508082373
1.704194,-0.003042,-6.320612,1.603186,0.2823580893,0.2017183439,-0.0007896551
1.705243,1.81269,5.588878,-7.297745,0.2046696531,0.3368749384,-0.0965699189
1.706292,-0.66833,-7.022156,0.04204,0.1046324887,0.2943059323,-0.1902217324
1.70731,-1.223137,-19.465586,4.165866,0.1376234684,0.2315166482,-0.1327535741
1.708359,3.974276,-18.172637,-6.649269,0.086540661,0.7040326164,-0.0199457078
1.709408,5.011837,-8.20257,-7.314557,-0.1092767672,1.5979817455,0.0055956959
1.710457,-0.593876,1.271868,-0.700104,-0.239112236,1.9374695695,-0.0848634422
1.711475,-4.153287,-5.616673,4.912814,-0.197607455,1.4106781185,-0.1817079312
1.712526,-3.970753,-15.88364,7.588377,-0.0358452316,0.7583080993,-0.1902217324
1.713573,-3.418348,-19.944455,6.096883,0.128045442,0.3794439446,-0.1157259717
1.714622,-1.96288,-14.291398,5.991205,0.2600093611,0.1889476421,-0.0316521845
1.715671,0.546961,-0.064179,-5.294675,0.1823209249,0.1378648347,-0.1721299048
1.716689,-0.716366,-15.81181,3.654291,0.1535868457,0.1144518813,-0.1753225803
1.717738,2.257016,-18.543762,-2.121947,0.1408161439,0.4252056262,-0.0699642901
1.718787,5.535421,-12.624932,-9.73073,-0.0401021322,1.2499801203,-0.0007896551
1.719837,2.088893,-2.398669,-3.565406,-0.239112236,1.9342768941,-0.0380375354
1.720854,-3.209395,-0.622062,1.860174,-0.2859381427,1.7789000216,-0.139138925
1.721903,-4.234947,-11.6217,6.327452,-0.169937601,1.1158877509,-0.1891575073
1.722952,-3.862674,-19.458403,7.425057,0.0194944764,0.5859036244,-0.1433958257
1.724002,-3.315072,-18.230102,6.293827,0.1844493752,0.2836636807,-0.0508082373
1.725021,-1.179906,-5.080339,2.921753,0.2876792151,0.1144518813,-0.0273952839
1.726068,0.453293,2.828194,-4.060169,0.2514955599,0.0133504917,-0.1210470974
1.727117,-0.091907,-8.947212,-1.194867,0.1652933224,-0.0483745672,-0.1849006066
1.728166,1.118581,-17.406446,1.074798,0.14826572,0.1133876562,-0.125303998
1.729216,4.735635,-15.146181,-6.771759,0.051421231,0.763629225,-0.0444228864
1.730233,4.147203,-9.081296,-7.153639,-0.1518457734,1.6735417314,-0.0273952839
1.731282,-0.723571,-1.960503,-1.319759,-0.2678463151,2.0417636346,-0.0859276674
1.732332,-3.59848,-4.850482,3.428525,-0.2305984347,1.5926606197,-0.1700014545
1.733381,-3.874683,-14.145343,6.495575,-0.0954418402,0.9190060975,-0.1966070833
1.734401,-3.951539,-20.23896,7.132042,0.0780268598,0.4667104072,-0.131689349
1.735447,-2.882755,-14.097456,7.132042,0.2536240102,0.2240670721,-0.0454871115
1.737546,-0.120729,-1.299663,-4.182659,0.2546882353,-0.088815123,-0.1753225803
1.736497,-0.903703,1.099475,0.229378,0.3249270955,0.0548552727,-0.0752854158
1.738563,0.458096,-14.497312,0.385492,0.1929631764,-0.0473103421,-0.1774510306
1.739612,2.922304,-17.049688,-2.559068,0.134430793,0.3847650703,-0.0912487931
1.740661,4.596332,-13.213941,-7.576349,-0.0305241059,1.1776128098,-0.0263310588
1.741711,-2.063754,-0.442486,-0.0132,-0.2710389906,1.8917078879,-0.1210470974
1.742728,-3.548043,-9.186647,4.766307,-0.1986716801,1.2999987025,-0.1880932821
1.743777,-3.711363,-18.840661,7.047981,-0.0401021322,0.7168033183,-0.166808779
1.744826,-3.483196,-19.894174,7.494708,0.1461372696,0.3592236666,-0.0774138661
1.745876,-2.010915,-8.2744,4.941635,0.294064566,0.1197730071,-0.0369733103
1.746925,-0.351298,2.10989,-1.627184,0.2993856918,-0.061145269,-0.1157259717
1.747942,0.578184,-4.2495,-2.731995,0.2099907789,-0.1143565267,-0.1976713085
1.748991,1.610942,-14.542805,-0.510365,0.1472014948,0.1112592058,-0.1785152557
1.750041,3.116847,-18.313904,-3.502961,0.0599350322,0.6572067097,-0.0923130183
1.75109,3.299381,-13.520418,-5.241836,-0.0879922642,1.3925862908,-0.0231383833
1.752107,0.655041,-2.077826,-3.233963,-0.2103781568,1.8416893057,-0.0540009127
1.753156,-2.443233,-0.607696,1.293359,-0.2327268851,1.6022386461,-0.1582949778
1.754205,-3.411143,-11.238604,5.719806,-0.1401392967,1.0222359374,-0.2168273613
1.755255,-3.47599,-20.62445,7.184881,0.023751377,0.576325598,-0.1678730042
1.756275,-3.065289,-17.653064,7.124837,0.1950916267,0.2740856544,-0.0752854158
1.757321,-1.283181,-3.174438,1.682444,0.2844865396,0.0686901997,-0.0720927404
1.758371,0.417266,1.176094,-4.076982,0.2344679574,-0.0036771108,-0.1582949778
1.75942,0.789539,-8.710172,-1.723255,0.1440088193,0.0963600537,-0.2019282091
1.760469,1.365962,-16.21406,0.349466,0.100375588,0.3815723949,-0.1465885011
1.761486,2.768591,-15.972231,-3.719119,0.0152375758,0.8987858195,-0.0603862637
1.762535,2.518808,-8.039754,-5.981579,-0.1369466212,1.5202933093,-0.0327164097
1.763585,-0.435359,-1.910222,-1.833736,-0.2305984347,1.7161107376,-0.0933772434
1.764634,-2.873148,-6.069205,3.505381,-0.1890936538,1.2925491264,-0.17319413
1.765653,-3.058084,-14.418299,5.727011,-0.0560655095,0.7615007747,-0.1902217324
1.766701,-2.736248,-19.649951,7.038374,0.1110178396,0.4432974538,-0.1263682232
1.76775,0.032984,-1.156002,-1.917797,0.2770369635,0.1580851126,-0.0923130183
1.768799,1.250678,-0.31798,-4.79751,0.1727428985,0.1932045427,-0.1817079312
1.769817,0.376436,-10.098894,0.767373,0.1025040383,0.2772783298,-0.2115062355
1.770865,0.602202,-17.643486,0.407108,0.0780268598,0.5039582875,-0.1423316005
1.771915,2.826234,-16.024907,-5.445986,-0.0124322782,1.0637407184,-0.0465513367
1.772964,2.036054,-6.47385,-5.225024,-0.156102674,1.6331011756,-0.0327164097
1.774013,-1.54017,-1.045862,0.640079,-0.2135708323,1.5905321694,-0.1146617465
1.77503,-3.089307,-6.009347,4.876788,-0.1380108464,1.0573553674,-0.2019282091
1.77608,-3.108521,-16.668987,6.678109,0.0056595494,0.6146377035,-0.1987355336
1.777129,-2.97162,-20.212622,7.506717,0.1780640243,0.3730585936,-0.1093406207
1.778179,-1.129469,-8.887354,1.879388,0.2844865396,0.2219386218,-0.0571935882
1.779196,1.113777,0.153707,-4.975241,0.2344679574,0.2070394697,-0.1125332962
1.780245,0.489319,-4.850482,-1.939413,0.1312381175,0.2751498795,-0.1880932821
1.781294,-0.243218,-12.967324,2.460615,0.1046324887,0.3400676139,-0.180643706
1.782343,1.855922,-16.089554,-2.736798,0.0609992574,0.6635920606,-0.1082763956
1.783361,2.970339,-11.813248,-6.831803,-0.0826711384,1.3255401062,-0.0561293631
1.78441,0.297178,-4.23274,-2.280464,-0.2071854814,1.677798632,-0.0795423164
1.785459,-2.88996,-3.732321,3.356472,-0.2050570311,1.3478888344,-0.152973852
1.786508,-3.396732,-11.461278,6.267408,-0.086928039,0.8147120324,-0.1912859576
1.787557,-2.995638,-18.251651,7.223309,0.0801553101,0.4762884335,-0.152973852
1.788575,-2.260699,-15.081533,5.208231,0.2270183813,0.2847279059,-0.0891203428
1.789624,-0.317673,-4.869637,-1.211679,0.2578809108,0.2198101715,-0.0944414686
1.790673,0.791941,-0.832765,-3.716717,0.169550223,0.2496084758,-0.1678730042
1.791722,-0.168764,-6.998212,1.627203,0.1120820647,0.2379019991,-0.2210842619
1.79274,0.316392,-15.493361,0.911478,0.0993113629,0.3400676139,-0.1817079312
1.793789,2.554835,-9.998331,-6.45953,-0.1443961973,1.6628994799,-0.0284595091
1.794838,-0.771606,-1.541492,-0.724122,-0.2178277329,1.7576155185,-0.0891203428
1.795888,-3.27184,-2.518386,3.978529,-0.1763229519,1.1914477368,-0.1955428582
1.796905,-3.658524,-13.249857,6.867848,-0.0507443838,0.6678489612,-0.2264053876
1.797954,-3.01245,-21.206277,7.597984,0.1354950181,0.3943430967,-0.145524276
1.799004,-1.432091,-13.996893,2.751228,0.2759727384,0.2198101715,-0.0667716146
1.800053,0.633425,-1.711491,-3.783967,0.2632020366,0.1740484899,-0.0933772434
1.80107,0.638228,-0.794455,-2.693567,0.1663575476,0.2102321451,-0.187029057
1.802119,-0.32728,-10.520299,2.729612,0.1354950181,0.1995898936,-0.2200200367
1.803168,1.695004,-17.550107,-1.324562,0.1088893893,0.4539397053,-0.1465885011
1.804218,4.188033,-13.932246,-8.102335,-0.0273314304,1.2191175908,-0.0603862637
1.805269,1.73103,-6.330189,-4.057768,-0.1763229519,1.8267901535,-0.0582578134
1.806284,-2.620963,-2.693174,2.659961,-0.2071854814,1.6480003277,-0.131689349
1.807333,-3.497606,-6.959903,4.956046,-0.1220474691,1.0530984668,-0.1976713085
1.808382,-3.25743,-15.960259,6.550816,0.023751377,0.5827109489,-0.1923501827
1.809432,-3.372714,-19.17587,6.238587,0.1876420506,0.3006912832,-0.1146617465
1.810449,-1.299994,-10.039035,2.054717,0.3036425924,0.1570208875,-0.0593220385
1.811498,1.241071,1.75792,-3.887242,0.2791654139,0.1368006095,-0.1125332962
1.812547,0.806352,-3.191198,-3.644664,0.1642290973,0.1772411654,-0.20831356
1.813597,0.277964,-16.635466,1.927424,0.114210515,0.2900490317,-0.194478633
1.814614,2.336274,-17.164617,-1.579149,0.0833479856,0.6965830404,-0.0933772434
1.815663,3.08082,-10.393399,-6.949489,-0.0443590329,1.3702375626,-0.0391017606
1.816712,0.345213,-4.898369,-1.89378,-0.1582311243,1.7075969363,-0.0731569655
1.817762,-2.664195,-2.860778,3.358874,-0.1614237998,1.3915220657,-0.1551023023
1.81881,-3.243019,-10.127626,5.537272,-0.0773500126,0.8423818864,-0.2072493349
1.819828,-3.168565,-18.481508,7.023963,0.0758984095,0.4624535066,-0.1742583551
1.820877,0.025779,-4.852876,-0.431107,0.2823580893,0.2134248206,-0.0816707667
1.821926,1.293909,0.148918,-4.305149,0.1961558519,0.2496084758,-0.1572307527
1.822976,-0.139943,-10.077345,0.760167,0.1131462899,0.2655718531,-0.1997997588
1.823993,0.359624,-16.398425,2.133975,0.1110178396,0.4209487256,-0.1402031502
1.825042,3.011169,-12.459722,-6.793375,0.0365220788,0.9913734079,-0.0731569655
1.826091,2.300248,-9.56256,-5.880705,-0.1167263433,1.6533214535,-0.062514714
1.827143,-1.256762,-3.732321,1.511919,-0.1763229519,1.6937620093,-0.1157259717
1.828158,-3.264635,-4.151332,3.147519,-0.1294970451,1.1382364791,-0.200863984
1.829207,-3.487999,-15.383221,6.759769,-0.0081753776,0.6103808029,-0.2136346858
1.830256,-3.158958,-19.45122,6.97833,0.1663575476,0.3400676139,-0.1348820244
1.831305,-1.465715,-12.18916,2.448606,0.2908718905,0.2166174961,-0.0646431643
1.832354,0.916833,-0.729808,-2.352516,0.2866149899,0.2049110194,-0.0912487931
1.833371,0.787138,-0.947694,-4.271524,0.175935574,0.2421588997,-0.1849006066
1.83442,-0.072693,-13.668868,1.6224,0.1099536144,0.271957204,-0.200863984
1.83547,1.903957,-17.284334,-1.178055,0.079091085,0.576325598,-0.117854422
1.836522,3.628422,-12.675213,-7.770892,-0.0411663574,1.2733930736,-0.0508082373
1.837536,1.128188,-6.29188,-2.258848,-0.1550384488,1.7405879161,-0.0614504888
1.838585,-2.652186,-1.807265,2.705595,-0.1635522501,1.4947519056,-0.1402031502
1.839635,-3.581668,-9.409322,5.004081,-0.0794784629,0.9072996208,-0.1987355336
1.840684,-3.3535,-16.994618,7.36021,0.086540661,0.5018298372,-0.1700014545
1.841701,-2.899567,-15.225194,4.629406,0.2472386592,0.3145262102,-0.1018910447
1.842751,-0.723571,-8.544962,0.337457,0.3153490691,0.2166174961,-0.0742211907
1.843799,1.135393,-1.742617,-3.656673,0.2600093611,0.195332993,-0.125303998
1.844849,0.31399,-6.765961,-1.716049,0.1578437463,0.2176817212,-0.1880932821
1.8459,2.362694,-14.552382,-4.076982,0.0599350322,0.8391892109,-0.0891203428
1.846915,2.607673,-10.582552,-6.714117,-0.086928039,1.4958161307,-0.048679787
1.847965,-0.565055,-2.863172,0.039639,-0.1763229519,1.6863124333,-0.0923130183
1.849013,-3.274242,-4.443443,3.591845,-0.1412035218,1.2318882926,-0.180643706
1.850063,-3.291055,-15.344912,7.11523,-0.0188176292,0.6891334643,-0.1955428582
1.85108,-2.587338,-17.267574,6.716537,0.1472014948,0.4081780237,-0.1359462496
1.852129,-1.643446,-12.65127,2.583105,0.2727800629,0.2804710053,-0.0848634422
1.853178,0.143465,-4.716398,-1.065172,0.2919361157,0.2315166482,-0.0955056937
1.854227,0.808753,-1.172762,-4.086589,0.2004127525,0.2549296016,-0.1625518784
1.855245,-0.142344,-10.170724,1.125235,0.128045442,0.3038839587,-0.1912859576
1.856294,0.655041,-16.118286,1.175672,0.1152747402,0.5465272937,-0.1295608987
1.857343,3.011169,-13.355208,-7.252111,0.0152375758,1.1393007043,-0.0571935882
1.858394,1.834306,-7.793136,-4.648601,-0.1369466212,1.6597068044,-0.0508082373
1.859441,-2.049344,-3.243874,2.720005,-0.1741945016,1.5649907657,-0.1146617465
1.860458,-3.367911,-7.809897,4.807137,-0.0975702905,1.0073367852,-0.1817079312
1.861508,-3.022057,-15.356884,6.608458,0.0343936285,0.5316281415,-0.180643706
1.862557,-2.83472,-16.915604,5.856707,0.1855136003,0.3049481838,-0.1199828723
1.863606,-0.752392,-10.879452,1.836157,0.2919361157,0.2123605954,-0.076349641
1.864623,1.670986,-1.160791,-3.356453,0.2621378114,0.2251312973,-0.1167901968
1.865673,0.703076,-4.625413,-3.176321,0.1450730445,0.278342555,-0.1912859576
1.866721,-0.324878,-14.612241,2.736818,0.1110178396,0.3656090176,-0.1785152557
1.867773,1.942385,-14.080696,-2.57588,0.0886691114,0.7380878213,-0.1018910447
1.868788,3.068812,-10.568186,-7.715651,-0.0496801586,1.3702375626,-0.0593220385
1.869837,0.208313,-6.579201,-0.47674,-0.1475888728,1.6597068044,-0.0806065416
1.870886,-2.79389,-4.742736,3.334856,-0.1177905685,1.3159620798,-0.1444600508
1.871936,-2.91638,-15.694487,6.40671,0.1195316408,0.4347836526,-0.1614876533
1.872953,-2.08537,-16.223638,4.218705,0.2600093611,0.285792131,-0.0933772434
1.874002,0.496524,-7.331027,-0.495954,0.2993856918,0.2708929789,-0.0667716146
1.875052,1.598933,0.014835,-5.12415,0.2004127525,0.3432602893,-0.1370104747
1.876101,-0.589072,-7.864967,0.35427,0.1110178396,0.3262326869,-0.2051208846
1.877152,-0.416145,-14.739142,2.46782,0.1152747402,0.3911504213,-0.1700014545
1.878167,2.864662,-14.880408,-6.488351,0.0439716549,0.9104922962,-0.0869918925
1.879216,2.211383,-11.760572,-4.610173,-0.0996987408,1.5724403418,-0.0412302109
1.880268,-1.653053,-3.583871,2.681577,-0.1433319721,1.6416149768,-0.076349641
1.881314,-3.055682,-2.786553,3.248393,-0.0933133899,1.0946032478,-0.1700014545
1.882332,-3.127735,-12.375919,5.465219,0.0077879997,0.5678117968,-0.2168273613
1.883381,-3.122931,-20.29403,6.702127,0.1727428985,0.3453887396,-0.1497811766
1.88443,-0.903703,-14.873225,2.511052,0.3142848439,0.2974986077,-0.0540009127
1.885479,1.682995,-0.660372,-4.199472,0.2898076654,0.34751719,-0.0742211907
1.886497,0.510935,-1.218255,-3.755146,0.155715296,0.3794439446,-0.180643706
1.887546,-1.360038,-12.213104,3.882458,0.1237885414,0.3262326869,-0.2072493349
1.888594,1.34915,-15.083928,-1.242902,0.1248527666,0.534820817,-0.1380746999
1.889646,3.825367,-14.190836,-8.337708,-0.0134965034,1.2148606902,-0.0720927404
1.890693,0.76312,-8.8251,-1.300545,-0.1433319721,1.7107896118,-0.0603862637
1.89171,-2.813104,-2.039517,3.318044,-0.1358823961,1.4511186743,-0.1199828723
1.892759,-3.343893,-6.409203,3.560622,-0.0560655095,0.8615379392,-0.1997997588
1.893808,-3.132538,-16.036879,6.260203,0.0822837604,0.493316036,-0.1955428582
1.894857,-2.236681,-18.242074,5.477228,0.2451102089,0.3241042366,-0.1157259717
1.895875,-0.079899,-9.227351,-0.188529,0.3164132942,0.2410946746,-0.0742211907
1.896924,1.327534,-1.167974,-4.242703,0.2483028844,0.2613149525,-0.1284966735
1.897973,0.191501,-5.7747,-0.635257,0.1503941703,0.2953701574,-0.1976713085
1.899024,1.815092,-14.564354,-3.913662,0.0716415089,0.7615007747,-0.1189186471
1.900039,2.533219,-12.988873,-5.911928,-0.0571297347,1.3734302381,-0.0720927404
1.901088,-0.567456,-6.05005,0.522393,-0.1358823961,1.5713761167,-0.0848634422
1.902137,-2.774676,-2.738666,3.723942,-0.0965060654,1.1733559092,-0.1582949778
1.903186,-2.870746,-10.357484,4.345998,0.0056595494,0.6933903649,-0.2115062355
1.904235,-2.558517,-17.451939,6.3923,0.1546510709,0.4262698513,-0.1785152557
1.905253,-1.189513,-14.988154,3.711933,0.2866149899,0.2772783298,-0.1104048459
1.906302,0.590193,-6.411597,-2.095528,0.2887434402,0.2474800255,-0.1008268195
1.907351,0.863994,-2.460922,-3.563005,0.1940274016,0.3485814151,-0.1540380772
1.908403,-0.221603,-7.685391,0.519991,0.1323023427,0.4198845004,-0.1955428582
1.909417,0.546961,-13.831683,0.145316,0.1025040383,0.5582337704,-0.1710656796
1.910466,2.208981,-15.603501,-4.437246,0.0163018009,1.0041441098,-0.104019495
1.911515,0.835173,-9.68946,-1.838539,-0.0752215623,1.4383479725,-0.0689000649
1.912565,-1.849997,-2.50402,1.848166,-0.0805426881,1.3585310859,-0.1125332962
1.913582,-2.428822,-6.002163,2.820879,-0.0209460795,0.9030427202,-0.187029057
1.914631,-2.121396,-14.107034,5.049715,0.0854764359,0.5316281415,-0.1997997588
1.91568,-2.073361,-17.44715,5.333122,0.2121192292,0.3517740906,-0.145524276
1.916729,-0.132737,-12.577045,0.839425,0.2749085132,0.3326180378,-0.090184568
1.917779,1.51247,-3.047537,-4.153838,0.211055004,0.4741599832,-0.1104048459
1.918795,-0.06789,-2.353176,-1.204474,0.1078251641,0.5635548961,-0.1912859576
1.919844,-0.841257,-10.848325,2.616729,0.0939902371,0.4997013869,-0.2189558116
1.920896,1.173821,-16.937154,-2.088323,0.0769626347,0.6401791072,-0.1604234281
1.921942,1.899153,-14.56196,-4.49729,-0.0166891789,1.158456757,-0.0784780913
1.92296,-0.387324,-5.221606,0.006014,-0.0688362114,1.4724031774,-0.0689000649
1.924009,-2.347162,-2.154445,2.194019,-0.0443590329,1.1467502804,-0.1444600508
1.925058,-2.476857,-15.088716,5.618932,0.1408161439,0.3634805673,-0.1880932821
1.926107,-0.884489,-16.206877,3.233982,0.2365964077,0.3102693096,-0.1146617465
1.927124,1.493256,-9.677489,-2.335704,0.2238257059,0.4720315329,-0.0752854158
1.928173,0.902422,-1.857546,-3.810386,0.1152747402,0.7019041661,-0.1274324483
1.929222,-1.552179,-5.518505,2.587908,0.0716415089,0.617830379,-0.2072493349
1.930274,-0.752392,-12.763804,2.292492,0.1025040383,0.4220129507,-0.2168273613
1.931289,1.959197,-16.932365,-4.992053,0.0503570058,0.708289517,-0.1433958257
1.932338,1.615746,-12.835634,-2.655138,-0.0496801586,1.2957418019,-0.0657073894
1.933387,-1.28078,-2.238247,1.864978,-0.0656435359,1.3862009399,-0.083799217
1.934436,-2.72664,-2.544724,2.306902,-0.0230745298,0.901978495,-0.1859648318
1.935485,-2.880353,-12.732677,5.01609,0.0684488334,0.4667104072,-0.2295980631
1.936503,-2.169432,-18.639535,5.462818,0.1929631764,0.3049481838,-0.1604234281
1.937552,0.679058,-14.236328,-0.265385,0.2365964077,0.38263662,-0.0795423164
1.938601,1.656575,-4.462597,-3.719119,0.1642290973,0.6359222066,-0.090184568
1.939653,-0.663527,-1.531915,0.116495,0.0886691114,0.6923261397,-0.1763868054
1.940667,-1.386457,-7.61356,2.756032,0.0950544623,0.4613892814,-0.2381118643
1.941717,0.609407,-15.93871,-2.11234,0.0844122107,0.4635177317,-0.2115062355
1.942766,1.964001,-19.297981,-5.068909,-0.0081753776,0.9913734079,-0.1072121704
1.943815,0.424471,-9.478758,-0.236564,-0.0624508605,1.4543113498,-0.0454871115
1.944832,-1.528161,2.232001,1.680042,-0.0496801586,1.2382736436,-0.125303998
1.945881,-2.464848,-2.793736,2.448606,-0.0081753776,0.69445459,-0.2519467913
1.946931,-3.358304,-16.278708,6.399505,0.0982471377,0.3773154943,-0.2562036919
1.947979,-1.715499,-22.551901,4.542943,0.2280826065,0.3092050844,-0.1274324483
1.949029,1.93518,-12.560284,-2.215616,0.2472386592,0.4603250562,-0.0391017606
1.950046,2.096098,1.714822,-5.479611,0.141880369,0.7327666956,-0.1093406207
1.951095,-1.463314,-13.319293,4.115429,0.1078251641,0.3794439446,-0.2647174932
1.953193,2.653307,-15.373644,-4.90559,-0.0103038279,1.164842108,-0.0710285152
1.952146,1.5533,-19.183053,-3.303614,0.0993113629,0.5050225127,-0.1763868054
1.95421,-0.103916,-2.915848,0.339859,-0.0720288868,1.5075226074,-0.0699642901
1.955259,-2.517687,1.489753,2.292492,-0.0560655095,1.1180162012,-0.187029057
1.956308,-3.307867,-9.363829,4.823949,0.0226871518,0.5816467238,-0.2700386189
1.957357,-3.384723,-20.75614,6.762171,0.1642290973,0.3102693096,-0.2061851097
1.958375,-0.341691,-18.440805,2.107556,0.2621378114,0.2985628329,-0.0774138661
1.959424,2.254614,-4.278232,-4.711047,0.2185045801,0.548655744,-0.0550651379
1.960473,0.143465,1.599893,-2.962564,0.1088893893,0.7306382453,-0.1636161036
1.961524,-2.183842,-8.307921,4.072197,0.1035682635,0.4986371618,-0.2444972153
1.962571,-0.019855,-15.898006,0.512786,0.1301738923,0.2825994556,-0.2200200367
1.963588,3.083222,-17.087998,-6.531583,0.037586304,0.7104179674,-0.1338177993
1.964637,1.697405,-12.517186,-2.035484,-0.0667077611,1.4032285424,-0.0657073894
1.965686,-1.573795,-1.354733,1.879388,-0.0645793108,1.4958161307,-0.1029552698
1.966736,-2.690614,-0.203051,1.862576,-0.003918477,1.0084010104,-0.2242769373
1.967753,-3.151752,-12.215498,5.340328,0.0833479856,0.5390777176,-0.2806808705
1.968802,-2.954808,-22.357959,6.000812,0.1993485273,0.2900490317,-0.1859648318
1.969851,-0.420949,-15.66336,2.076333,0.2759727384,0.2889848065,-0.0646431643
1.970903,1.524479,-0.368261,-4.125017,0.2312752819,0.5177932145,-0.076349641
1.971918,-0.199987,-0.772906,-1.963431,0.1354950181,0.5986743262,-0.1912859576
1.972967,-0.980559,-10.453258,3.522194,0.1184674157,0.38263662,-0.2423687649
1.974016,1.913564,-16.408003,-3.947287,0.0684488334,0.4539397053,-0.1934144079
1.975065,2.965536,-18.203764,-5.285068,-0.0656435359,1.1052454994,-0.1008268195
1.976114,0.145867,-7.405252,2.268474,-0.1018271912,1.587339494,-0.0571935882
1.977131,-3.163761,-5.908784,2.647952,-0.0188176292,0.7806568275,-0.2785524202
1.978181,-3.927522,-21.364304,6.956714,0.120595866,0.4049853483,-0.2434329901
1.97923,-1.833185,-21.211066,4.612594,0.2610735862,0.2059752445,-0.1050837201
1.98028,1.243472,-7.151451,-0.697702,0.2876792151,0.2559938267,-0.0508082373
1.981296,1.524479,3.845792,-4.86476,0.1929631764,0.4699030826,-0.1444600508
1.982345,-0.365708,-3.660491,0.219771,0.1174031905,0.4720315329,-0.2562036919
1.983397,0.023377,-15.859697,1.329385,0.1056967138,0.3868935206,-0.2508825662
1.984443,2.578852,-20.741774,-5.482013,0.0333294034,0.763629225,-0.1433958257
1.98546,1.944787,-15.158153,-1.641595,-0.0507443838,1.4159992442,-0.0508082373
1.98651,-0.927721,0.65652,1.307769,-0.0613866353,1.5713761167,-0.0923130183
1.987559,-2.777077,1.937497,0.861041,-0.0432948077,1.1222731018,-0.2349191889
1.988608,-3.896299,-12.600988,5.645352,0.0439716549,0.6050596771,-0.291323122
1.989657,-3.538436,-21.069799,5.383559,0.1855136003,0.2794067801,-0.2019282091
1.990674,-0.317673,-17.33701,1.550347,0.2642662617,0.2017183439,-0.0816707667
1.991724,2.028849,-3.325282,-3.558201,0.2291468316,0.424141401,-0.0667716146
1.992775,0.121849,2.775519,-2.729593,0.1323023427,0.5731329225,-0.1795794809
1.993822,-1.806766,-8.05412,4.259535,0.120595866,0.3517740906,-0.2562036919
1.994839,0.820762,-18.579677,-1.346178,0.1216600911,0.3379391636,-0.2029924343
1.995888,3.998294,-19.769668,-6.966302,0.0045953242,1.0169148116,-0.0859276674
1.996937,1.646968,-8.43961,-0.241368,-0.0933133899,1.6788628572,-0.0465513367
1.997986,-2.486464,3.673399,2.177207,-0.1071483169,1.531999786,-0.1551023023
1.999004,-3.927522,-4.551188,3.824816,-0.0518086089,0.9200703226,-0.2796166453
2.000053,-4.138877,-17.427995,7.588377,0.0907975617,0.451811255,-0.2711028441
2.001102,-2.462447,-21.167968,4.751896,0.2238257059,0.1889476421,-0.1519096269
2.002153,1.027314,-13.743093,0.625669,0.2685231623,0.1985256684,-0.0518724624
2.003168,-0.665929,1.487359,-1.598363,0.1110178396,0.5156647642,-0.2434329901
2.004218,-2.006112,-15.301813,4.910412,0.1301738923,0.250672701,-0.2647174932
2.005266,2.331471,-21.304445,-5.109739,0.1131462899,0.4613892814,-0.145524276
2.006316,4.942186,-15.704064,-7.946221,-0.045423258,1.3223474307,-0.0412302109
2.007365,0.777531,-1.67797,0.786587,-0.142267747,1.8406250805,-0.0667716146
2.008382,-3.442366,1.719611,2.206028,-0.1273685948,1.4692105019,-0.1955428582
2.009431,-3.886692,-9.945656,5.606923,-0.0230745298,0.8253542839,-0.2700386189
2.01048,-3.562454,-18.773619,6.894268,0.1376234684,0.4028568979,-0.2189558116
2.01153,-2.075763,-20.974025,4.3484,0.2578809108,0.1729842648,-0.0997625944
2.012546,0.868797,-7.359759,0.399903,0.3110921685,0.1963972181,-0.0401659857
2.013596,2.168151,6.606476,-6.889445,0.2227614807,0.375187044,-0.1465885011
2.014647,-0.50501,-5.494562,-0.464731,0.114210515,0.3528383157,-0.2679101686
2.015694,-1.316806,-19.755302,3.51739,0.128045442,0.2772783298,-0.2189558116
2.016711,3.359425,-19.410516,-6.471539,0.079091085,0.7338309207,-0.083799217
2.01776,4.03432,-10.417342,-5.136159,-0.0720288868,1.5639265406,-0.0337806348
2.018809,-1.215932,1.24553,1.074798,-0.1475888728,1.8097625511,-0.1135975214
2.019858,-4.06202,-2.475288,3.181144,-0.1028914163,1.2670077227,-0.2295980631
2.021925,-3.538436,-21.385853,6.339461,0.1844493752,0.3219757863,-0.159359203
2.020907,-3.891495,-15.155758,6.817411,0.0301367279,0.6646562857,-0.2540752416
2.022974,-1.511349,-14.729564,4.242722,0.3036425924,0.1836265163,-0.0518724624
2.024025,1.428408,2.581576,-3.087456,0.2972572415,0.2591865022,-0.0848634422
2.025073,0.806352,1.264685,-6.152104,0.1610364218,0.3262326869,-0.2168273613
2.02609,-1.033398,-14.051964,3.085073,0.114210515,0.236837774,-0.2444972153
2.027139,1.428408,-19.645162,-1.22609,0.1110178396,0.4028568979,-0.1465885011
2.028188,4.284103,-17.61236,-6.685295,-0.0060469273,1.1052454994,-0.0433586612
2.029237,-2.925987,3.864947,1.050781,-0.1337539458,1.642679202,-0.1433958257
2.030254,-3.831451,-7.058071,4.461283,-0.0624508605,1.040327765,-0.2466256656
2.031304,-3.725774,-19.980371,6.714136,0.092926012,0.534820817,-0.2264053876
2.032352,-3.058084,-22.834434,5.393167,0.2355321826,0.2315166482,-0.1050837201
2.033404,-0.111121,-7.814685,1.831353,0.307899493,0.1357363844,-0.0380375354
2.034451,1.762253,6.170705,-6.332236,0.2334037322,0.2261955224,-0.1402031502
2.035468,-0.529028,-6.117092,-0.642462,0.1397519187,0.2496084758,-0.2444972153
2.03652,-0.579465,-17.985878,3.952109,0.1674217727,0.2517369261,-0.1934144079
2.037566,3.794144,-17.499826,-6.289005,0.1025040383,0.6976472655,-0.090184568
2.038615,3.81576,-12.39268,-4.53812,-0.0773500126,1.5064583823,-0.0422944361
2.039633,-0.788418,-0.035447,1.03637,-0.1603595746,1.8204048026,-0.0955056937
2.040682,-3.360706,-0.351501,1.353403,-0.1337539458,1.3489530595,-0.2146989109
2.041731,-3.651319,-14.327314,5.832689,-0.0166891789,0.7189317686,-0.2615248177
2.04278,-3.47599,-22.829646,6.370684,0.1503941703,0.3230400114,-0.1763868054
2.043797,-1.681874,-16.506171,5.13858,0.2866149899,0.1378648347,-0.0614504888
2.044846,1.125786,1.681301,-1.680023,0.3036425924,0.1485070862,-0.0795423164
2.045898,0.938449,2.215241,-5.938347,0.1876420506,0.2134248206,-0.2051208846
2.046944,-1.018988,-12.914648,3.202759,0.1493299451,0.2006541188,-0.2317265134
2.047994,1.118581,-18.258834,-1.336571,0.1535868457,0.4081780237,-0.1370104747
2.049011,4.557904,-16.623494,-8.116746,0.0173660261,1.1073739497,-0.0476155618
2.05006,2.146535,-6.840185,-1.276527,-0.1252401445,1.8001845247,-0.0412302109
2.051109,-2.450438,1.252713,1.106021,-0.1646164752,1.7501659425,-0.1370104747
2.052158,-3.427955,-6.56723,4.223508,-0.0975702905,1.1158877509,-0.2327907386
2.053176,-3.358304,-17.234053,6.493174,0.051421231,0.5475915188,-0.2317265134
2.054224,-3.444767,-21.414585,5.513255,0.2089265537,0.223002847,-0.139138925
2.055276,1.164214,3.625512,-3.810386,0.3057710427,0.1559566623,-0.1125332962
2.056322,0.201108,-2.98289,-3.24357,0.1897705009,0.1963972181,-0.2146989109
2.05734,-0.315271,-14.957027,2.561489,0.1663575476,0.2251312973,-0.2019282091
2.058389,3.140864,-17.81588,-5.054499,0.106760939,0.6348579814,-0.1050837201
2.059438,4.327335,-14.174075,-6.783768,-0.0635150856,1.476660078,-0.03484486
2.060487,0.191501,-1.869518,-0.894647,-0.1763229519,1.9395980198,-0.0667716146
2.061504,-3.336688,-0.57657,1.929825,-0.1688733758,1.5277428854,-0.17319413
2.062554,-3.660926,-12.5962,5.674173,-0.0528728341,0.818968933,-0.2327907386
2.063603,-3.269439,-20.262904,6.627672,0.1269812169,0.3656090176,-0.1785152557
2.064654,-2.505678,-17.260391,6.207364,0.2930003409,0.1591493378,-0.0784780913
2.0657,-0.536233,-3.464154,0.959514,0.3653676513,0.1006169543,-0.0646431643
2.066718,0.868797,1.434683,-4.977642,0.2898076654,0.1144518813,-0.1519096269
2.067767,0.256348,-8.722144,0.133307,0.2014769776,0.1506355365,-0.2029924343
2.068816,1.217053,-16.503776,-0.301412,0.1589079715,0.3911504213,-0.1487169514
2.069866,3.914232,-16.834197,-6.601234,0.0397147543,1.0456488908,-0.0635789391
2.070883,2.744574,-8.152289,-4.785502,-0.1294970451,1.7512301676,-0.0422944361
2.071932,-1.614625,-0.408965,-0.519972,-0.2093139317,1.8055056505,-0.1199828723
2.072981,-3.788219,-6.744412,4.259535,-0.1443961973,1.2286956172,-0.20831356
2.07403,-3.670533,-16.798281,7.353004,0.0226871518,0.6540140342,-0.2061851097
2.075048,-3.182975,-19.195024,7.028767,0.2067981034,0.3241042366,-0.1242397729
2.076097,-2.116593,-10.656777,4.691852,0.3419546979,0.1208372322,-0.0667716146
2.077148,-0.257629,0.227932,-1.855352,0.3419546979,0.0346349948,-0.1093406207
2.078195,0.734299,-3.227113,-3.930474,0.2408533083,0.0740113255,-0.1859648318
2.079244,0.561372,-13.132534,0.990736,0.1876420506,0.2081036948,-0.1859648318
2.080261,2.141731,-16.941942,-2.119546,0.1376234684,0.5954816508,-0.111469071
2.08131,3.839777,-13.249857,-6.932677,-0.0124322782,1.3010629276,-0.0465513367
2.082359,-2.899567,-2.822469,1.583972,-0.183772528,1.573504567,-0.1614876533
2.083409,-3.39433,-11.111703,5.388363,-0.0688362114,0.9796669312,-0.2093777852
2.084426,-2.880353,-17.140673,6.65169,0.1025040383,0.5412061679,-0.1774510306
2.085475,-2.877951,-17.217292,6.31064,0.2557524605,0.285792131,-0.1018910447
2.086526,-1.429689,-7.204126,2.811272,0.3515327243,0.1325437089,-0.0678358397
2.087573,0.650237,1.228769,-3.78877,0.3142848439,0.0942316034,-0.1338177993
2.08859,0.945654,-5.171325,-3.010599,0.197220077,0.1559566623,-0.20831356
2.08964,0.928842,-15.462235,0.664097,0.141880369,0.3315538127,-0.1838363815
2.090688,2.622084,-18.457565,-3.639861,0.0822837604,0.7827852778,-0.090184568
2.091738,2.768591,-11.296068,-6.209746,-0.0560655095,1.4394121976,-0.0380375354
2.092787,-0.661125,-1.658815,-1.146832,-0.1539742237,1.7033400357,-0.0869918925
2.093804,-3.247823,-2.851201,3.478962,-0.1273685948,1.3053198282,-0.180643706
2.094854,-3.118128,-11.607334,5.467621,-0.0113680531,0.742344722,-0.2242769373
2.095905,-2.913978,-19.563754,6.800599,0.141880369,0.3805081697,-0.1721299048
2.096952,-2.327948,-16.987435,6.303434,0.2908718905,0.1761769402,-0.0795423164
2.097969,-0.440163,-3.095424,0.116495,0.3451473734,0.0952958285,-0.0742211907
2.09902,0.938449,0.67328,-4.600566,0.2621378114,0.1187087819,-0.1604234281
2.100067,0.717486,-8.442005,0.421519,0.1674217727,0.20916792,-0.2115062355
2.101116,1.289106,-16.264342,0.339859,0.1216600911,0.4699030826,-0.1636161036
2.103183,1.851118,-7.876938,-4.187463,-0.1082125421,1.6245873743,-0.0476155618
2.102133,2.840644,-17.435178,-5.707778,0.0226871518,1.0424562153,-0.0731569655
2.104232,-1.367243,0.124975,-0.243769,-0.1624880249,1.6267158246,-0.1284966735
2.105281,-3.214198,-5.779489,3.711933,-0.1114052175,1.1063097245,-0.2200200367
2.106329,-3.144547,-16.166173,6.73335,0.0343936285,0.6348579814,-0.2157631361
2.107347,-2.613758,-20.406565,6.252997,0.211055004,0.3666732427,-0.1284966735
2.108398,1.017707,0.532014,-4.290739,0.3047068175,0.2027825691,-0.1082763956
2.109445,1.0081,-0.86868,-3.752744,0.18338515,0.3006912832,-0.2061851097
2.110494,-0.625099,-12.869155,3.005815,0.1472014948,0.3155904353,-0.222148487
2.111511,1.466836,-19.858259,-1.182858,0.141880369,0.5231143403,-0.1263682232
2.112561,4.216854,-12.890704,-8.35452,0.0184302512,1.2233744914,-0.0433586612
2.11361,1.06334,-2.403458,-4.312354,-0.1443961973,1.7703862204,-0.0774138661
2.114659,-3.351099,-2.987679,3.31324,-0.1731302764,1.4958161307,-0.1710656796
2.115676,-3.622498,-10.271287,6.108892,-0.0581939599,0.8657948398,-0.222148487
2.116725,-3.144547,-17.401657,7.014356,0.106760939,0.465646182,-0.1912859576
2.117777,-2.87555,-17.823063,6.920687,0.2717158378,0.2410946746,-0.1093406207
2.118823,-0.646714,-6.428358,0.81781,0.349404274,0.1272225831,-0.0816707667
2.119872,1.140197,0.476944,-4.775894,0.2834223145,0.1463786359,-0.152973852
2.12089,0.215518,-7.127507,-0.246171,0.1961558519,0.1932045427,-0.2168273613
2.121939,0.441284,-14.767874,2.109958,0.1812566997,0.3113335347,-0.1859648318
2.122988,2.819028,-15.495756,-5.080918,0.1056967138,0.7849137281,-0.1072121704
2.124037,2.614879,-10.769312,-6.349049,-0.0550012844,1.4798527534,-0.0657073894
2.125054,-0.58667,-3.873588,-0.078048,-0.1337539458,1.6969546848,-0.1061479453
2.127155,-3.122931,-11.614517,5.448407,0.0045953242,0.7721430263,-0.2232127122
2.129219,-1.974889,-16.082371,4.297963,0.3036425924,0.2400304494,-0.0986983692
2.126104,-3.005245,-3.835278,3.128305,-0.100762966,1.2840353252,-0.1880932821
2.128202,-2.769872,-19.060941,6.721341,0.1599721966,0.4422332286,-0.17319413
2.13027,0.448489,-2.990073,-1.728058,0.3334408967,0.1804338408,-0.0997625944
2.131317,1.565309,1.341304,-5.714983,0.2259541562,0.2634434028,-0.1891575073
2.132366,0.169885,-10.00312,0.152521,0.1450730445,0.3485814151,-0.2370476392
2.133383,0.568577,-17.681796,1.680042,0.1429445942,0.5124720888,-0.1700014545
2.134433,1.36356,-8.090035,-4.281131,-0.045423258,1.5298713357,-0.0614504888
2.135482,-1.578598,-3.167255,1.415848,-0.0965060654,1.4873023295,-0.1189186471
2.136532,-3.122931,-5.492167,3.651889,-0.0486159335,0.9700889048,-0.2040566594
2.13758,-3.221403,-15.275476,6.740555,0.072705734,0.5273712409,-0.2200200367
2.138597,-2.837122,-19.010659,6.764573,0.2312752819,0.3092050844,-0.1487169514
2.139649,-0.764401,-10.697481,0.745757,0.3185417445,0.2379019991,-0.090184568
2.140695,1.38998,-0.418543,-4.895983,0.2600093611,0.3145262102,-0.1348820244
2.141744,-0.132737,-3.954995,-1.98985,0.1525226206,0.3581594415,-0.2200200367
2.142762,-0.70916,-14.344074,4.458881,0.1535868457,0.292177482,-0.2115062355
2.143811,2.201775,-15.009703,-2.366927,0.141880369,0.5550410949,-0.1338177993
2.14486,3.06641,-11.427757,-8.10954,-0.0092396028,1.2712646233,-0.0806065416
2.145909,0.25875,-7.010184,-0.671283,-0.1071483169,1.6926977842,-0.083799217
2.146926,-2.596945,-2.214304,2.465418,-0.0847995887,1.3755586884,-0.1572307527
2.147975,-3.199788,-8.612003,4.398837,-0.0028542519,0.8115193569,-0.2274696128
2.149027,-2.962013,-18.749675,7.667635,0.1472014948,0.4432974538,-0.1976713085
2.150073,-2.00371,-17.404052,4.278749,0.2951287912,0.2464158004,-0.111469071
2.151122,0.42207,-6.627088,-1.04836,0.3323766715,0.2176817212,-0.0859276674
2.15214,1.51247,0.989334,-5.047294,0.2397890832,0.333682263,-0.1604234281
2.153189,-0.346494,-6.823425,-0.140494,0.1493299451,0.3528383157,-0.2295980631
2.154238,-0.180773,-16.685747,3.308437,0.1525226206,0.3624163421,-0.1912859576
2.155287,2.826234,-14.696043,-5.222622,0.1035682635,0.7998128803,-0.1072121704
2.156304,2.770993,-9.445237,-5.354719,-0.0422305825,1.4713389522,-0.0742211907
2.157353,-0.774008,-4.560766,0.930692,-0.1156621181,1.6064955467,-0.1157259717
2.158405,-3.291055,-4.929495,3.536604,-0.0741573372,1.1382364791,-0.194478633
2.159451,-3.247823,-12.703945,6.997544,0.0450358801,0.6614636103,-0.222148487
2.160469,-1.746722,-14.272244,2.448606,0.3025783672,0.2357735488,-0.1008268195
2.161517,1.082554,-3.10979,-2.78003,0.2993856918,0.2400304494,-0.1093406207
2.162567,1.082554,0.074693,-5.167382,0.18338515,0.3379391636,-0.1976713085
2.163616,-0.910908,-11.846768,2.460615,0.1269812169,0.3102693096,-0.2306622883
2.164665,0.525345,-17.521375,1.670435,0.14826572,0.4188202753,-0.1540380772
2.166731,1.891948,-7.783559,-3.798377,-0.0581939599,1.5777614676,-0.062514714
2.165682,3.210516,-13.333659,-6.711715,0.0684488334,0.998822984,-0.0731569655
2.167782,-1.813971,-2.403458,1.713667,-0.1018271912,1.5053941571,-0.1306251238
2.168829,-3.166163,-6.739623,4.458881,-0.0496801586,0.9509328521,-0.2115062355
2.169847,-3.029262,-16.082371,6.598851,0.0812195353,0.4954444863,-0.2168273613
2.170898,-2.637775,-18.220524,4.912814,0.2334037322,0.2974986077,-0.1487169514
2.171944,-0.228808,-10.362272,0.666499,0.3142848439,0.2708929789,-0.0933772434
2.172994,1.450024,1.063559,-4.418032,0.2589451359,0.3400676139,-0.1423316005
2.174011,-0.795624,-4.089079,-1.206876,0.1631648721,0.313461985,-0.2285338379
2.17506,-1.299994,-16.56603,4.08901,0.169550223,0.2623791777,-0.194478633
2.176109,2.694137,-15.237166,-4.273926,0.1450730445,0.6444360078,-0.0965699189
2.177159,3.883009,-10.417342,-7.826132,-0.0198818543,1.4032285424,-0.062514714
2.178208,-0.125532,-5.997375,0.349466,-0.1241759194,1.7363310155,-0.0955056937
2.179225,-3.182975,-3.583871,3.589443,-0.0901207145,1.3361823577,-0.1721299048
2.180276,-3.017254,-10.065373,5.205829,0.0088522248,0.7721430263,-0.2295980631
2.181324,-2.853934,-17.183771,6.279417,0.1578437463,0.4422332286,-0.200863984
2.182372,-2.140611,-17.344193,3.673505,0.2972572415,0.2868563562,-0.1167901968
2.18339,0.50373,-6.313429,-1.091591,0.3398262476,0.2634434028,-0.0891203428
2.184439,1.111375,1.350881,-5.080918,0.2419175335,0.3113335347,-0.1678730042
2.185488,-1.223137,-8.980733,1.420652,0.1599721966,0.2730214292,-0.2189558116
2.187554,2.638896,-10.819593,-5.126552,-0.0858638138,1.5511558387,-0.0646431643
2.186537,3.376237,-13.012816,-7.698839,0.0833479856,0.8828224422,-0.0859276674
2.188603,-1.641044,-4.448231,2.542275,-0.1390750715,1.6203304737,-0.104019495
2.189655,-3.137342,-4.273444,3.459748,-0.0752215623,1.0850252214,-0.1891575073
2.190701,-2.93079,-13.795768,6.279417,0.0492927807,0.5635548961,-0.2242769373
2.191719,-2.99804,-19.166292,6.380291,0.2174403549,0.3262326869,-0.1646803287
2.192768,-1.05021,-13.340842,2.225242,0.3451473734,0.2634434028,-0.0891203428
2.193817,1.255481,-1.055439,-3.16191,0.3238628703,0.2932417071,-0.1104048459
2.194866,0.047395,-1.922193,-3.190731,0.2046696531,0.3038839587,-0.1976713085
2.195915,-1.093442,-12.514792,3.351669,0.1684859979,0.2740856544,-0.2093777852
2.196932,1.63496,-14.830127,-1.797709,0.1472014948,0.5550410949,-0.1380746999
2.197981,3.565976,-13.84605,-8.198406,-0.0017900267,1.2787141994,-0.0710285152
2.199032,0.76312,-8.645524,-1.180457,-0.1231116942,1.7703862204,-0.0646431643
2.20008,-2.760265,-2.144868,3.128305,-0.1220474691,1.4979445811,-0.139138925
2.201097,-3.3535,-7.146662,4.218705,-0.0528728341,0.8615379392,-0.2242769373
2.202148,-3.060485,-16.211666,6.853438,0.0918617868,0.4294625268,-0.2178915864
2.203195,-2.424018,-18.165454,5.782252,0.2589451359,0.2453515752,-0.1327535741
2.204244,-0.478591,-9.588898,0.875452,0.3430189231,0.1793696157,-0.0784780913
2.205261,1.248276,-0.298825,-4.754279,0.280229639,0.2240670721,-0.1210470974
2.20631,0.748709,-4.49133,-1.922601,0.1652933224,0.3038839587,-0.1923501827
2.207359,-0.147148,-12.957746,2.559087,0.1333665678,0.3858292955,-0.1838363815
2.208409,1.36356,-16.37927,-3.322828,0.0982471377,0.7125464177,-0.1050837201
2.209457,2.727761,-13.745487,-5.991186,-0.0209460795,1.3266043313,-0.03484486
2.210475,0.412463,-3.80894,-0.745738,-0.114597893,1.6384223013,-0.0571935882
2.211526,-2.733846,-1.627689,2.674372,-0.1050198666,1.2606223718,-0.1625518784
2.212573,-2.822711,-19.19263,6.663699,0.162100647,0.3517740906,-0.1817079312
2.213622,-1.475322,-15.49815,4.43006,0.3068352679,0.2208743967,-0.1018910447
2.214639,0.84478,-4.663723,-1.639193,0.3196059697,0.2315166482,-0.0912487931
2.215688,1.522077,-0.794455,-5.251443,0.2046696531,0.3570952163,-0.1572307527
2.216737,-0.363307,-8.573694,0.798596,0.1291096672,0.4134991495,-0.2029924343
2.217786,-0.382521,-14.387172,1.927424,0.1333665678,0.4911875857,-0.1614876533
2.218804,2.18016,-14.858859,-5.037687,0.0758984095,0.9041069453,-0.0827349919
2.219853,1.795878,-9.411716,-4.19707,-0.0464874832,1.4202561448,-0.0497440121
2.220905,-1.681874,-2.472894,1.478294,-0.100762966,1.4319626215,-0.0944414686
2.221951,-3.067691,-6.205683,3.572631,-0.0486159335,0.9413548257,-0.166808779
2.223,-2.433625,-14.94745,5.032902,0.0748341844,0.5039582875,-0.1795794809
2.224017,-1.917247,-17.511797,5.839894,0.2163761298,0.313461985,-0.1274324483
2.225067,-0.185576,-11.956908,1.526329,0.2961930163,0.2623791777,-0.0752854158
2.226116,1.60854,-2.970918,-3.892046,0.2397890832,0.3645447924,-0.0944414686
2.227165,0.467703,-3.047537,-2.054698,0.1269812169,0.4890591354,-0.1625518784
2.228182,-1.143879,-10.965648,2.91695,0.1110178396,0.4709673078,-0.1795794809
2.229232,0.508533,-15.2228,-1.146832,0.1195316408,0.6008027765,-0.1242397729
2.230282,2.526013,-14.128583,-6.024811,0.0194944764,1.1137593006,-0.0582578134
2.23133,0.491721,-6.552864,-1.053163,-0.0826711384,1.4724031774,-0.0540009127
2.232347,-2.620963,-2.152051,2.991404,-0.0762857875,1.2042184386,-0.1242397729
2.233398,-3.014852,-10.089317,3.788789,0.0109806751,0.6997757158,-0.1849006066
2.234445,-2.327948,-17.044899,5.854305,0.1514583954,0.4060495734,-0.1614876533
2.235494,-1.083835,-15.368855,3.62547,0.2685231623,0.2868563562,-0.0944414686
2.236543,0.948056,-8.082852,-2.513435,0.2536240102,0.3283611372,-0.0720927404
2.23756,0.880806,-1.943743,-3.517371,0.1546510709,0.5018298372,-0.1189186471
2.238609,-0.610688,-12.555496,1.668033,0.134430793,0.424141401,-0.17319413
2.23966,1.843913,-17.222081,-4.768689,0.0748341844,0.7338309207,-0.1008268195
2.240708,1.860725,-13.968161,-3.378069,-0.0347810065,1.3074482786,-0.0273952839
2.241725,-1.129469,-3.318099,1.850567,-0.0773500126,1.4426048731,-0.0401659857
2.242776,-2.79389,-1.491211,3.128305,-0.045423258,0.984988057,-0.139138925
2.243823,-2.654588,-11.329589,4.694254,0.0471643304,0.5039582875,-0.1997997588
2.244872,-2.287118,-17.763204,5.940768,0.1801924746,0.3006912832,-0.1551023023
2.245889,-0.012649,-15.881246,0.923487,0.2578809108,0.3145262102,-0.0689000649
2.246938,1.851118,-6.445118,-3.531782,0.211055004,0.5018298372,-0.0518724624
2.247988,0.028181,0.168073,-1.399017,0.1248527666,0.603995452,-0.1306251238
2.249037,-1.715499,-7.407646,2.592712,0.114210515,0.4252056262,-0.1955428582
2.250086,0.496524,-16.601945,-0.611239,0.1120820647,0.4134991495,-0.1572307527
2.252155,0.676657,-8.576088,-1.019538,-0.0837353635,1.4585682504,-0.0220741581
2.251103,2.799814,-16.606733,-6.409093,0.00991645,0.9530613024,-0.0614504888
2.253201,-2.433625,-1.333184,3.382892,-0.0688362114,1.2840353252,-0.0827349919
2.25425,-2.853934,-5.674138,2.484633,-0.0017900267,0.7529869735,-0.1721299048
2.255267,-2.544107,-14.181258,5.522862,0.1099536144,0.4049853483,-0.1838363815
2.257366,0.936047,-12.565073,-1.668014,0.2493671096,0.3805081697,-0.0412302109
2.256316,-1.520956,-18.019399,4.288356,0.2302110568,0.2847279059,-0.1072121704
2.258415,1.202642,-2.06346,-3.510166,0.1684859979,0.6146377035,-0.0689000649
2.259432,-1.151084,-2.94458,1.050781,0.1099536144,0.6061239023,-0.152973852
2.260481,-0.800427,-11.56663,2.475025,0.1269812169,0.3847650703,-0.1785152557
2.261533,2.141731,-16.070399,-5.080918,0.0780268598,0.5507841943,-0.1231755477
2.26258,2.264221,-14.928295,-4.82393,-0.0496801586,1.1882550613,-0.0401659857
2.263597,-0.927721,-5.937516,3.450141,-0.0688362114,1.5032657068,-0.0167530324
2.264648,-2.693016,-0.780089,2.314107,-0.0188176292,1.1180162012,-0.1018910447
2.265695,-2.801095,-16.10392,6.301033,0.1663575476,0.3485814151,-0.1646803287
2.266744,-0.562653,-18.335453,0.949907,0.2419175335,0.2655718531,-0.0774138661
2.267793,1.450024,-10.599313,-2.052296,0.2078623286,0.4092422489,-0.0263310588
2.268811,0.611809,1.836934,-1.869762,0.1291096672,0.6284726305,-0.0880561177
2.269859,-1.006979,-2.884722,1.079602,0.0961186874,0.5284354661,-0.194478633
2.27091,0.181894,-15.637022,0.990736,0.1014398132,0.3539025409,-0.2051208846
2.271957,2.583656,-20.061779,-5.455593,0.0354578537,0.714674868,-0.104019495
2.272975,1.505264,-13.522812,-1.34858,-0.0379736819,1.3372465829,-0.0114319066
2.274026,-1.523358,-0.435303,3.54381,-0.0198818543,1.4181276945,-0.0391017606
2.275073,-2.532098,-0.124038,1.423054,0.0173660261,0.9392263754,-0.1636161036
2.276122,-2.817907,-11.750994,4.660629,0.0971829126,0.4922518109,-0.2264053876
2.277139,-2.618561,-19.875019,4.653424,0.2131834543,0.2751498795,-0.1582949778
2.278188,0.398052,-17.8494,-1.050761,0.2365964077,0.3081408593,-0.0465513367
2.279237,1.915966,-3.90232,-4.060169,0.1642290973,0.6008027765,-0.0284595091
2.280286,-0.73558,2.696505,-1.305348,0.0897333365,0.7019041661,-0.1338177993
2.281335,-1.86681,-8.95679,3.697522,0.1014398132,0.4017926728,-0.2061851097
2.282352,0.957663,-18.481508,-0.887442,0.114210515,0.3262326869,-0.152973852
2.283404,3.138463,-16.860534,-5.707778,0.0163018009,0.8838866674,-0.0422944361
2.284451,0.68146,-7.268774,0.407108,-0.0528728341,1.4500544491,0.0034672456
2.2855,-2.517687,0.936659,2.681577,-0.0347810065,1.3478888344,-0.076349641
2.286517,-3.005245,-6.10512,2.991404,0.0269440524,0.8306754097,-0.180643706
2.287566,-2.72664,-16.721662,6.017625,0.1376234684,0.4007284476,-0.1880932821
2.288616,-1.203923,-19.786428,2.775246,0.2227614807,0.2187459464,-0.097634144
2.289665,1.356355,-12.016767,-2.001859,0.211055004,0.4028568979,-0.0199457078
2.290682,1.289106,1.712428,-3.89685,0.1312381175,0.749794298,-0.0646431643
2.291731,-1.328815,-14.097456,3.832021,0.1195316408,0.2964343826,-0.2136346858
2.292782,1.56771,-20.595718,-3.248374,0.100375588,0.3985999973,-0.117854422
2.293829,2.898287,-16.532509,-4.091392,0.00991645,1.1063097245,-0.0007896551
2.294878,0.50373,-1.227832,0.606455,-0.0305241059,1.567119216,-0.0061107808
2.295898,-2.409608,3.48664,1.533535,-0.0262672052,1.2606223718,-0.1487169514
2.296944,-3.480794,-10.335934,4.896002,0.0386505291,0.6678489612,-0.2402403146
2.297994,-3.480794,-21.680358,5.892733,0.1663575476,0.2815352304,-0.1763868054
2.299043,-0.589072,-19.673894,1.432661,0.2440459838,0.2027825691,-0.0433586612
2.30006,2.201775,-4.687666,-3.714316,0.2121192292,0.4454259041,-0.0050465557
2.301109,0.431677,3.98227,-3.630254,0.1174031905,0.6465644581,-0.1146617465
2.302158,-2.275109,-6.818636,4.050581,0.1120820647,0.4124349243,-0.20831356
2.303207,-0.625099,-17.466305,1.898603,0.1514583954,0.1846907414,-0.1721299048
2.304225,3.299381,-19.90854,-6.293808,0.065256158,0.6476286833,-0.0518724624
2.305276,2.915099,-11.207477,-1.992252,-0.0422305825,1.4649536013,0.0215590732
2.306323,-0.87248,4.116354,1.300564,-0.0720288868,1.6469361026,-0.0593220385
2.307372,-3.204591,-1.421775,2.196421,-0.0496801586,1.0977959233,-0.2104420103
2.308421,-4.107654,-18.385735,7.064793,0.0705772837,0.5294996912,-0.2338549637
2.309438,-3.13494,-22.688379,5.268275,0.2227614807,0.2325808734,-0.1104048459
2.310487,0.304383,-13.012816,0.366278,0.2770369635,0.2144890457,-0.0061107808
2.311536,2.033652,2.272705,-4.590959,0.2131834543,0.4550039305,-0.0476155618
2.312586,-0.567456,0.620605,-1.728058,0.1227243163,0.5263070158,-0.17319413
2.313603,-1.811569,-12.890704,5.145785,0.1408161439,0.2708929789,-0.1997997588
2.314655,1.791074,-18.838266,-3.476541,0.134430793,0.3507098654,-0.1125332962
2.315701,4.250479,-17.885316,-7.364994,-0.0103038279,1.1063097245,-0.0124961318
2.31675,-2.599347,3.893679,1.060388,-0.086928039,1.5192290841,-0.117854422
2.317767,-3.756996,-7.493843,4.295561,-0.0166891789,0.9051711705,-0.2285338379
2.318817,-3.744988,-19.757696,7.473093,0.1386876936,0.4486185796,-0.1955428582
2.319866,-2.33035,-20.490367,4.319579,0.2653304869,0.1697915893,-0.0774138661
2.321932,1.490854,3.91044,-5.018472,0.2472386592,0.3315538127,-0.0795423164
2.320915,-0.019855,-9.35904,1.485499,0.3121563936,0.1357363844,-0.0093034563
2.322981,0.304383,-1.833603,-2.169983,0.1472014948,0.3783797194,-0.1987355336
2.324033,-0.192781,-15.325757,2.261269,0.1269812169,0.2974986077,-0.2040566594
2.325079,2.586057,-22.475282,-4.7831,0.0780268598,0.6497571336,-0.0848634422
2.326128,3.085624,-15.589135,-3.248374,-0.0220103046,1.4032285424,0.0236875235
2.327148,-0.135139,3.551287,0.061255,-0.0794784629,1.7352667903,-0.0295237342
2.328195,-3.199788,2.093129,1.021959,-0.0837353635,1.3138336295,-0.1859648318
2.329244,-4.316607,-15.33294,6.817411,0.0269440524,0.7029683913,-0.2327907386
2.330293,-3.696952,-22.094581,5.873519,0.1950916267,0.3049481838,-0.1359462496
2.33131,-1.206325,-17.511797,3.582238,0.2993856918,0.1336079341,-0.0188814827
2.332359,1.466836,-1.93656,-1.874566,0.2972572415,0.2325808734,-0.0103676814
2.333408,1.053733,4.68142,-6.106471,0.1812566997,0.3815723949,-0.1412673753
2.334458,-1.360038,-8.475526,2.789656,0.1323023427,0.2623791777,-0.2285338379
2.335475,0.088225,-20.102482,0.981129,0.1589079715,0.2623791777,-0.1551023023
2.336526,4.394584,-20.629239,-6.735732,0.072705734,0.9104922962,-0.0167530324
2.337573,2.987152,-7.139479,-1.977842,-0.0645793108,1.6969546848,0.0236875235
2.338622,-2.193449,4.324662,1.151655,-0.1263043697,1.7278172142,-0.0869918925
2.339671,-4.203724,-5.729208,4.06259,-0.0656435359,1.1297226779,-0.2040566594
2.340688,-3.994771,-17.07842,6.865447,0.0886691114,0.5773898231,-0.2019282091
2.341737,-3.101315,-19.970793,4.466086,0.2195688053,0.2315166482,-0.1104048459
2.342786,-0.826847,-13.716755,3.027431,0.2972572415,0.0974242788,-0.0263310588
2.343835,0.345213,-0.432909,-4.043357,0.169550223,0.3219757863,-0.17319413
2.344853,-0.920515,-13.79098,3.788789,0.1599721966,0.2591865022,-0.1902217324
2.345904,1.906359,-19.525444,-2.808851,0.1408161439,0.4997013869,-0.0933772434
2.346951,4.176024,-15.462235,-6.481146,-0.0007258016,1.2510443454,-0.0007896551
2.348,1.325132,-1.110509,-1.687228,-0.1209832439,1.802312975,-0.0284595091
2.349017,-3.005245,0.630182,1.209297,-0.1369466212,1.5564769645,-0.1487169514
2.350066,-3.829049,-12.287329,6.144918,-0.0230745298,0.9147491969,-0.2072493349
2.351115,-3.238216,-19.90854,5.755833,0.1450730445,0.424141401,-0.1561665275
2.352165,-2.659391,-19.183053,5.426791,0.280229639,0.1548924371,-0.0518724624
2.353213,-0.156755,-4.450626,1.595981,0.349404274,0.1187087819,-0.0124961318
2.354231,1.51247,4.94001,-6.545993,0.2653304869,0.2261955224,-0.1146617465
2.356329,-0.091907,-17.978695,2.417383,0.1823209249,0.1985256684,-0.1433958257
2.357378,4.531485,-18.237285,-7.355387,0.0939902371,0.7274455698,-0.0401659857
2.355283,-0.541037,-7.884121,0.45034,0.1716786733,0.2049110194,-0.1976713085
2.358398,4.058338,-10.831565,-5.397951,-0.0890564893,1.587339494,0.0013387952
2.359444,-1.299994,0.642154,0.680909,-0.1795156274,1.8193405775,-0.0646431643
2.360494,-3.855469,-2.760215,3.868048,-0.1326897206,1.2787141994,-0.1721299048
2.361543,-3.85787,-14.447031,6.437933,0.0258798273,0.6987114907,-0.2029924343
2.36256,-3.581668,-21.52712,6.219373,0.2057338783,0.3485814151,-0.1199828723
2.363609,-2.020522,-16.099132,5.421988,0.3376977973,0.1368006095,-0.0188814827
2.364658,0.301982,0.900744,-1.271723,0.3515327243,0.0803966764,-0.0444228864
2.365707,0.825566,1.243135,-4.694235,0.2472386592,0.0974242788,-0.1614876533
2.366757,0.232331,-12.320849,1.307769,0.1823209249,0.1346721592,-0.1923501827
2.367776,2.293042,-18.105596,-2.426971,0.128045442,0.465646182,-0.1082763956
2.368823,4.464235,-15.890823,-6.829401,-0.0198818543,1.2169891405,-0.0231383833
2.369872,-3.122931,-0.358684,1.752095,-0.1656807004,1.6384223013,-0.1093406207
2.370921,-3.514418,-7.673419,4.859975,-0.0741573372,1.0381993147,-0.1827721563
2.371938,-3.355902,-17.487854,6.377889,0.0801553101,0.5401419428,-0.1657445539
2.372987,-3.329483,-20.145581,6.601253,0.238724858,0.2347093237,-0.0742211907
2.374036,-1.227941,-7.996656,3.529399,0.3451473734,0.0867820273,-0.0231383833
2.375085,0.945654,2.804251,-4.096196,0.2983214666,0.0697544249,-0.0933772434
2.376102,0.467703,-5.590336,-2.65754,0.1791282494,0.1048738549,-0.1700014545
2.377154,0.664648,-15.589135,1.149253,0.1450730445,0.2325808734,-0.1370104747
2.3782,3.587592,-16.891661,-4.744672,0.0812195353,0.7061610667,-0.0529366876
2.37925,3.695672,-12.639298,-6.252978,-0.0773500126,1.4553755749,-0.007175006
2.380299,-0.387324,-3.689223,-0.524775,-0.1773871771,1.7810284719,-0.0412302109
2.381316,-3.0797,-1.735434,3.044243,-0.1475888728,1.3766229135,-0.131689349
2.382365,-3.255028,-10.101288,4.655826,-0.0294598807,0.7753357017,-0.1934144079
2.383414,-3.471187,-19.975582,6.377889,0.1408161439,0.3773154943,-0.1476527263
2.384463,-2.911576,-18.651507,6.24339,0.3153490691,0.1527639868,-0.0433586612
2.385481,-0.228808,-3.521618,-0.726523,0.3717530022,0.084653577,-0.0242026084
2.386532,1.483649,2.682139,-5.642931,0.2621378114,0.139993285,-0.1157259717
2.387579,0.121849,-7.630321,-0.121279,0.1578437463,0.195332993,-0.1763868054
2.388628,0.758316,-17.514192,0.359073,0.1386876936,0.3762512691,-0.1167901968
2.389645,3.904625,-17.892499,-6.195336,0.0567423567,0.9594466533,-0.0178172575
2.390694,2.682128,-9.059747,-5.515637,-0.1039556415,1.656514129,0.0087883713
2.391744,-1.732311,-0.605302,1.021959,-0.1859009783,1.7352667903,-0.0614504888
2.392793,-3.552847,-3.816123,4.682245,-0.1305612703,1.1808054853,-0.1561665275
2.39381,-3.651319,-15.644205,6.209766,0.0152375758,0.6242157299,-0.1721299048
2.394859,-3.437562,-21.570218,7.57877,0.2025412028,0.306012409,-0.0891203428
2.395909,0.484516,1.116235,-2.849681,0.3196059697,0.0995527292,-0.0571935882
2.396957,0.537354,-0.787272,-2.883306,0.2078623286,0.1378648347,-0.1487169514
2.398006,-0.137541,-12.804508,1.816943,0.1652933224,0.1963972181,-0.1572307527
2.399026,2.122517,-19.147137,-1.915396,0.1248527666,0.5241785655,-0.0689000649
2.400072,4.192836,-14.669705,-7.919801,-0.0294598807,1.2627508221,0.0077241462
2.401121,1.231464,-4.271049,-3.452524,-0.1859009783,1.8065698756,-0.0146245821
2.40217,-2.858737,-0.895018,2.967387,-0.2061212562,1.5756330173,-0.1082763956
2.403188,-3.634507,-8.540173,5.232248,-0.1028914163,0.9488044018,-0.1763868054
2.404237,-3.377518,-17.890104,7.180078,0.0641919328,0.4826737845,-0.1508454017
2.405286,-3.077298,-19.31953,6.860643,0.2365964077,0.20916792,-0.0603862637
2.406335,-1.1727,-8.142711,1.670435,0.3345051218,0.0580479482,-0.0167530324
2.407352,0.904824,2.169748,-3.844011,0.2930003409,0.0378276702,-0.083799217
2.408404,0.51814,-4.055558,-2.592693,0.1812566997,0.0878462525,-0.1689372293
2.40945,0.520542,-15.795049,1.531133,0.1354950181,0.2453515752,-0.139138925
2.410499,3.275363,-17.897287,-3.594227,0.0769626347,0.7295740201,-0.0412302109
2.411549,3.553968,-11.245787,-8.1912,-0.0911849396,1.4308983964,0.0055956959
2.412566,-0.425752,-3.002045,-0.623248,-0.2103781568,1.7086611615,-0.03484486
2.413615,-3.243019,-2.065854,4.458881,-0.1784514022,1.3308612319,-0.1199828723
2.414664,-3.300662,-10.71903,5.335524,-0.059258185,0.791299079,-0.1678730042
2.415713,-3.09411,-19.434459,7.679644,0.100375588,0.410306474,-0.1210470974
2.41673,-2.41201,-17.961935,5.470023,0.2578809108,0.1485070862,-0.0337806348
2.417782,-0.341691,-5.039635,-0.311019,0.3132206188,0.0303780942,-0.0199457078
2.418828,1.464434,3.26636,-4.869563,0.2302110568,0.0857178022,-0.1104048459
2.419877,0.621416,-7.268774,-1.060368,0.1237885414,0.1974614433,-0.1795794809
2.420894,0.530149,-19.405727,2.484633,0.100375588,0.3730585936,-0.1125332962
2.421944,2.802216,-6.150613,-7.326566,-0.1326897206,1.5437062627,0.0141094971
2.422993,-1.244753,-1.589379,0.880255,-0.2178277329,1.6469361026,-0.0550651379
2.424042,-3.25743,-6.16019,3.892065,-0.1486530979,1.1467502804,-0.1348820244
2.425091,-2.942799,-15.613079,6.135311,-0.0060469273,0.6369864317,-0.1444600508
2.426108,-2.527294,-19.791217,7.254532,0.1631648721,0.3177188857,-0.0720927404
2.427159,-1.259164,-12.265779,2.95778,0.2898076654,0.1368006095,-0.0103676814
2.428206,0.703076,0.438634,-2.249241,0.2930003409,0.1346721592,-0.0465513367
2.429255,0.912029,-0.425726,-4.307551,0.1865778255,0.2379019991,-0.1402031502
2.430275,0.081019,-14.032809,1.571963,0.1312381175,0.3123977599,-0.1487169514
2.431321,1.769458,-18.017005,-0.044423,0.1184674157,0.5561053201,-0.0582578134
2.43237,3.417067,-11.205083,-8.515438,-0.0103038279,1.172291684,0.006659921
2.433419,0.51814,-6.064417,-2.876101,-0.1529099985,1.6469361026,-0.0018538802
2.434436,-2.83472,-3.598237,3.327651,-0.1550384488,1.4553755749,-0.0561293631
2.436534,-2.789086,-15.876457,6.884661,0.0503570058,0.4720315329,-0.1221113226
2.435486,-3.055682,-7.144268,3.459748,-0.0709646617,0.9094280711,-0.1189186471
2.437584,-2.697819,-18.49348,6.096883,0.197220077,0.2219386218,-0.0561293631
2.438633,-0.697151,-9.912135,1.338992,0.2919361157,0.1548924371,-0.0093034563
2.439652,1.64937,0.256664,-4.331568,0.2472386592,0.2410946746,-0.0582578134
2.440699,0.659844,-4.01246,-3.248374,0.1237885414,0.3113335347,-0.1423316005
2.444863,-0.375315,-4.055558,0.162129,-0.1294970451,1.6001101958,-0.0050465557
2.442797,1.627754,-16.522931,-2.751209,0.065256158,0.673170087,-0.0391017606
2.443814,2.146535,-11.25297,-5.95516,-0.0550012844,1.3287327816,0.0226232983
2.441748,-0.31287,-15.174913,3.032234,0.0897333365,0.3358107133,-0.1306251238
2.445912,-2.762667,-1.407408,2.04511,-0.1156621181,1.2223102663,-0.104019495
2.446961,-3.17577,-10.838748,5.306703,-0.0379736819,0.6784912127,-0.1625518784
2.447979,-3.161359,-20.722619,7.504315,0.1099536144,0.3251684617,-0.1072121704
2.44903,0.878405,-3.24148,-1.838539,0.2844865396,0.2272597476,0.0034672456
2.450076,1.925573,3.280726,-6.248175,0.1567795212,0.361352117,-0.104019495
2.451126,-0.922917,-8.872987,1.905808,0.0684488334,0.3347464881,-0.1817079312
2.452143,-0.468984,-18.828689,3.735951,0.1014398132,0.3294253623,-0.1157259717
2.453192,3.210516,-15.684909,-7.259317,0.0450358801,0.8413176613,-0.0114319066
2.454241,2.57645,-9.136366,-5.100132,-0.1050198666,1.553284289,0.0236875235
2.45529,-1.304797,-1.486422,1.375018,-0.1710018261,1.6203304737,-0.0380375354
2.456339,-3.358304,-3.751476,2.914548,-0.1316254955,1.0669333938,-0.1402031502
2.457356,-3.612891,-15.182096,7.120033,0.0035310991,0.5550410949,-0.1604234281
2.458408,-3.269439,-19.432065,6.200159,0.1812566997,0.3028197335,-0.0816707667
2.459454,-1.283181,-12.804508,1.725676,0.2951287912,0.2038467942,-0.007175006
2.460503,1.310722,-0.768117,-3.476541,0.2781011887,0.2432231249,-0.03484486
2.46152,0.715085,-0.880652,-4.506897,0.1567795212,0.2932417071,-0.1359462496
2.462569,-0.752392,-13.027182,2.873718,0.1046324887,0.2283239727,-0.1582949778
2.463618,1.099367,-17.140673,-0.133288,0.0993113629,0.3996642225,-0.0742211907
2.464667,3.092829,-14.147737,-6.673287,-0.0028542519,1.0669333938,0.0109168216
2.465684,1.428408,-6.095543,-1.718451,-0.1060840918,1.6341654007,0.020494848
2.466734,-1.994103,0.553563,1.351001,-0.1486530979,1.4734674025,-0.0689000649
2.467784,-3.6249,-9.026226,4.547746,-0.1071483169,0.8689875152,-0.152973852
2.468832,-3.358304,-18.833478,7.696456,0.0503570058,0.4113706992,-0.125303998
2.469881,-1.893229,-16.48941,4.009752,0.2036054279,0.2134248206,-0.0497440121
2.4709,0.035386,-8.975944,0.661695,0.2749085132,0.1761769402,-0.0199457078
2.471947,0.938449,-1.287691,-2.967368,0.2408533083,0.2198101715,-0.0657073894
2.472996,0.438882,-5.039635,-1.788102,0.1493299451,0.2325808734,-0.1274324483
2.474045,2.187365,-15.098294,-3.673486,0.0609992574,0.777464152,-0.0401659857
2.475062,2.15374,-12.598594,-4.903188,-0.0560655095,1.4149350191,0.0236875235
2.476111,-0.055881,-2.822469,-0.426303,-0.1252401445,1.6320369504,-0.0007896551
2.477161,-2.616159,-2.247825,1.680042,-0.1167263433,1.213796465,-0.1072121704
2.478209,-3.348697,-15.105477,6.320247,-0.0220103046,0.6348579814,-0.1465885011
2.479227,-2.49367,-19.116011,6.483567,0.1408161439,0.2974986077,-0.0827349919
2.480278,-1.028595,-13.719149,2.705595,0.2610735862,0.1804338408,-0.021009933
2.481325,0.871199,-4.208796,-1.134823,0.2717158378,0.1995898936,-0.0284595091
2.482374,1.034519,0.148918,-4.444451,0.1716786733,0.2964343826,-0.1018910447
2.48444,0.297178,-16.589973,2.04511,0.1195316408,0.4645819569,-0.0806065416
2.483423,-0.485796,-9.569743,1.58157,0.106760939,0.327296912,-0.1412673753
2.48549,2.761386,-14.968999,-6.80058,0.0365220788,1.0158505865,0.0130452719
2.486538,2.024045,-8.094824,-4.19707,-0.1082125421,1.59478907,0.0428435762
2.487587,-1.75873,-0.430514,2.121966,-0.1678091507,1.5426420375,-0.0316521845
2.488604,-3.620096,-7.692574,4.398837,-0.1167263433,0.9647677791,-0.1231755477
2.489656,-3.09411,-17.892499,7.509119,0.0312009531,0.4560681556,-0.1189186471
2.490703,-2.45284,-16.094343,5.196222,0.1918989513,0.2261955224,-0.0561293631
2.491752,-0.699553,-10.510722,0.594446,0.2632020366,0.1761769402,-0.0146245821
2.492769,1.253079,-2.930214,-2.926538,0.2259541562,0.2538653764,-0.0369733103
2.493818,0.321196,-2.851201,-2.7392,0.1386876936,0.3230400114,-0.1061479453
2.494867,-0.680339,-12.28254,2.49424,0.114210515,0.3304895875,-0.1157259717
2.495916,1.219455,-16.259553,-1.639193,0.1014398132,0.5965458759,-0.0412302109
2.496965,2.881474,-12.957746,-7.725258,-0.0262672052,1.2382736436,0.0311370995
2.497982,0.688665,-5.626251,-2.515836,-0.1550384488,1.6480003277,0.0226232983
2.499034,-2.969218,-3.286972,3.209965,-0.1571668991,1.3574668608,-0.0582578134
2.50008,-3.387125,-10.561003,5.405175,-0.0613866353,0.756179649,-0.117854422
2.501129,-2.239083,-16.096737,4.766307,0.2323395071,0.1857549666,-0.0518724624
2.502149,-0.512216,-9.612841,0.498375,0.2919361157,0.1506355365,-0.0146245821
2.503196,1.510068,-0.729808,-4.384407,0.2238257059,0.2272597476,-0.0540009127
2.504245,0.767923,-4.374006,-1.725657,0.120595866,0.2889848065,-0.1263682232
2.505294,-0.339289,-14.389567,2.177207,0.100375588,0.375187044,-0.117854422
2.506311,1.815092,-17.147856,-3.22916,0.072705734,0.7785283772,-0.0252668336
2.50736,2.886278,-10.860297,-6.387477,-0.0518086089,1.4032285424,0.0322013247
2.50841,-0.536233,-3.105002,-0.214948,-0.1486530979,1.6033028713,-0.0103676814
2.509459,-3.267037,-4.778651,4.502113,-0.1156621181,1.1627136577,-0.0933772434
2.510508,-3.084503,-12.196343,5.241855,-0.0060469273,0.6220872796,-0.1295608987
2.511528,-2.832318,-17.234053,5.940768,0.134430793,0.3294253623,-0.0933772434
2.512574,-1.653053,-15.584347,4.281151,0.2653304869,0.1985256684,-0.0231383833
2.513623,1.020108,-4.802595,-2.27566,0.2738442881,0.1921403175,-0.0156888072
2.514672,1.44522,-0.061785,-4.795109,0.1514583954,0.2708929789,-0.090184568
2.515689,-0.649116,-8.784397,1.617596,0.079091085,0.306012409,-0.1348820244
2.516739,-0.039069,-16.199694,1.290957,0.0907975617,0.4592608311,-0.0795423164
2.517788,2.533219,-15.507727,-5.734198,0.0216229267,0.97115313,0.0098525965
2.518837,1.438015,-8.310316,-3.976108,-0.1114052175,1.4734674025,0.0396509008
2.519854,-1.859604,-2.082615,2.407776,-0.1465246476,1.4032285424,-0.021009933
2.520905,-2.772274,-5.700476,3.637478,-0.0805426881,0.8892077932,-0.1072121704
2.521952,-2.563321,-15.198856,5.186615,0.0322651782,0.4699030826,-0.1242397729
2.523001,-2.366376,-19.827132,6.752564,0.18338515,0.2804710053,-0.0540009127
2.524019,-0.370512,-11.461278,1.71847,0.280229639,0.2144890457,0.0055956959
2.525067,1.642165,0.666097,-4.028946,0.2259541562,0.2677003034,-0.0380375354
2.526117,0.72229,-2.410641,-3.195535,0.1014398132,0.3570952163,-0.131689349
2.527165,1.024912,-17.207715,-0.479142,0.0737699592,0.6497571336,-0.0401659857
2.528214,2.732565,-11.176351,-6.483547,-0.031588331,1.178677035,0.0183663977
2.529232,0.042591,-4.994143,-0.659274,-0.1465246476,1.4670820516,-0.0039823305
2.530284,-2.892362,-4.364429,4.329186,-0.1252401445,1.1541998564,-0.0689000649
2.53133,-2.637775,-9.904952,3.8032,-0.0262672052,0.6550782594,-0.1146617465
2.532379,-2.231877,-15.196462,5.784654,0.1056967138,0.3677374679,-0.104019495
2.533396,-1.568991,-16.475044,4.101018,0.2270183813,0.250672701,-0.0380375354
2.534445,0.938449,-8.288766,-1.881771,0.2334037322,0.2889848065,-0.0007896551
2.535494,1.582121,-0.0977,-4.840742,0.1259169917,0.4411690035,-0.0571935882
2.536543,-0.903703,-6.801876,1.007549,0.0695130586,0.4337194274,-0.125303998
2.537561,-0.57226,-14.485341,2.424588,0.100375588,0.375187044,-0.0986983692
2.53861,2.65811,-14.839704,-6.406691,0.0386505291,0.7455373974,-0.0231383833
2.539661,1.836708,-12.332821,-4.19707,-0.100762966,1.3361823577,0.0268801989
2.540708,-1.934059,-4.412316,3.911279,-0.1241759194,1.4042927675,0.0162379474
2.541757,-2.841925,-0.945299,2.393366,-0.0656435359,0.9339052496,-0.0678358397
2.542776,-2.717033,-10.924944,3.793593,0.0184302512,0.507150963,-0.1242397729
2.543823,-2.820309,-20.440086,6.738153,0.155715296,0.3017555083,-0.0635789391
2.544872,-0.012649,-15.744768,0.351868,0.2408533083,0.2549296016,0.0300728744
2.545921,2.156142,-3.100213,-4.588557,0.1780640243,0.3985999973,0.0173021725
2.546938,0.107439,-0.361078,-1.202072,0.0769626347,0.5060867378,-0.083799217
2.547987,-1.223137,-9.758896,3.092278,0.079091085,0.3996642225,-0.131689349
2.549038,1.224258,-16.312229,-1.595961,0.0854764359,0.465646182,-0.0859276674
2.550086,2.76619,-16.185328,-6.589225,-0.0273314304,1.0030798846,-0.0050465557
2.551102,0.222723,-8.561722,0.70973,-0.1124694427,1.4521828994,0.0300728744
2.552154,-2.390394,0.201594,3.96652,-0.0837353635,1.2499801203,-0.0337806348
2.553201,-3.019655,-16.96828,6.430728,0.0897333365,0.4071137986,-0.1157259717
2.55425,-1.484929,-17.540529,3.865646,0.2227614807,0.2559938267,-0.0316521845
2.555299,1.145,-10.0965,-2.99859,0.2163761298,0.2964343826,0.0109168216
2.556317,1.375569,-1.371493,-3.339641,0.1184674157,0.5060867378,-0.0316521845
2.557365,-0.853266,-3.38514,1.019558,0.0684488334,0.52098589,-0.1135975214
2.558415,-0.387324,-11.870712,1.862576,0.0769626347,0.34751719,-0.131689349
2.559463,2.319462,-16.795887,-4.751877,0.0216229267,0.5635548961,-0.0689000649
2.560481,1.923171,-15.469418,-3.433309,-0.0816069132,1.1733559092,0.0183663977
2.561532,-1.28078,-5.422731,3.875253,-0.0837353635,1.4096138933,0.0428435762
2.562579,-2.697819,0.16089,2.234849,-0.031588331,1.0328781889,-0.0412302109
2.563628,-2.678605,-8.583271,3.361276,0.0354578537,0.5805824986,-0.1199828723
2.564645,-2.822711,-17.224475,5.880724,0.14826572,0.3081408593,-0.0944414686
2.565694,-0.478591,-17.95954,-0.164511,0.1940274016,0.2208743967,-0.0039823305
2.566744,1.937582,-8.889748,-3.24357,0.1291096672,0.4443616789,0.0385866756
2.567793,0.546961,1.695667,-2.037886,0.0429074297,0.6848765637,-0.0359090851
2.568842,-1.480126,-4.481752,2.097949,0.0301367279,0.5124720888,-0.1327535741
2.569859,-0.288852,-16.355327,2.112359,0.0620634825,0.292177482,-0.1274324483
2.570911,2.232998,-19.815161,-5.097731,0.0131091254,0.6689131864,-0.0188814827
2.571958,1.668584,-12.043105,-2.121947,-0.0677719862,1.3329896822,0.0726418805
2.573006,-1.237548,1.336515,2.556685,-0.0816069132,1.4287699461,0.0279444241
2.574027,-2.697819,-0.66516,1.920218,-0.0613866353,0.915813422,-0.1061479453
2.575073,-3.281448,-14.032809,5.654959,0.0226871518,0.4081780237,-0.1540380772
2.576122,-2.534499,-21.357121,4.629406,0.1503941703,0.167663139,-0.062514714
2.577171,1.118581,-15.651388,-1.137225,0.1929631764,0.2528011513,0.0428435762
2.578189,2.199374,-1.203889,-3.704709,0.128045442,0.5752613728,0.0311370995
2.579237,-1.746722,-10.71903,4.156259,0.0769626347,0.3241042366,-0.1380746999
2.580288,1.205044,-17.241236,-2.249241,0.0780268598,0.3006912832,-0.0891203428
2.581336,3.051999,-17.61236,-6.452324,-0.0401021322,0.9200703226,0.0119810468
2.582353,0.753513,-8.281583,1.098816,-0.100762966,1.5117795081,0.0630638542
2.583404,-1.917247,3.48664,2.287688,-0.0805426881,1.3744944632,-0.0273952839
2.584451,-2.837122,-4.230346,2.465418,-0.045423258,0.7944917545,-0.1561665275
2.5855,-3.744988,-19.568543,6.682913,0.0631277077,0.3304895875,-0.1487169514
2.586549,-1.883622,-22.384297,3.226777,0.1855136003,0.139993285,-0.0124961318
2.587566,1.702209,-9.742136,-1.631988,0.2036054279,0.2879205814,0.0715776554
2.588616,1.377971,4.236071,-3.582219,0.1131462899,0.5731329225,-0.0007896551
2.589665,-1.672267,-2.662047,1.415848,0.0524854561,0.4816095593,-0.1167901968
2.590714,-0.798025,-15.11266,3.42132,0.0812195353,0.1878834169,-0.1231755477
2.591731,3.112043,-18.527001,-6.848615,0.0173660261,0.4752242084,-0.0316521845
2.592782,3.27056,-15.40477,-5.172185,-0.1337539458,1.2840353252,0.061999629
2.593829,-0.464181,-2.041911,2.729612,-0.169937601,1.6480003277,0.0556142781
2.594878,-3.01245,1.693273,1.749693,-0.1305612703,1.2340167429,-0.0699642901
2.595895,-3.730577,-11.341561,5.587709,-0.0379736819,0.6433717827,-0.1497811766
2.596944,-3.497606,-20.839942,6.776582,0.1131462899,0.2613149525,-0.083799217
2.597993,-0.860471,-18.965167,2.705595,0.2153119046,0.1144518813,0.0375224505
2.599042,1.745441,-4.022037,-1.187662,0.2302110568,0.2602507274,0.0673207548
2.600091,1.10417,5.299162,-4.379604,0.1461372696,0.4390405532,-0.0529366876
2.601108,-1.016586,-7.13469,2.064324,0.0961186874,0.3038839587,-0.1551023023
2.60216,0.604604,-19.707415,-0.236564,0.0918617868,0.2538653764,-0.1082763956
2.603206,4.060739,-21.10332,-8.496224,-0.0294598807,0.8647306146,0.0173021725
2.604255,2.192168,-10.786072,-1.02194,-0.1550384488,1.6299085001,0.0822199069
2.606322,-4.230144,-16.089554,6.783787,-0.0156249537,0.534820817,-0.180643706
2.605275,-1.862006,4.315085,2.472624,-0.1773871771,1.6575783541,-0.007175006
2.607371,-3.732979,-23.796962,5.518058,0.14826572,0.181498066,-0.0550651379
2.60842,-0.459377,-15.751951,3.068261,0.2557524605,0.043148796,0.0726418805
2.609437,2.048063,3.354951,-3.647066,0.2355321826,0.1783053905,0.0460362517
2.611536,-0.663527,-14.147737,3.128305,0.0854764359,0.2038467942,-0.1284966735
2.612584,2.319462,-20.18389,-3.620647,0.058870807,0.4209487256,-0.0316521845
2.610487,0.647835,2.363691,-4.643798,0.1152747402,0.2889848065,-0.0933772434
2.613633,4.21205,-16.451101,-6.728527,-0.0933133899,1.1946404123,0.0705134302
2.614653,0.655041,-3.686828,0.976326,-0.183772528,1.7544228431,0.0737061057
2.6157,-3.014852,3.034108,1.233314,-0.1784514022,1.490495005,-0.0508082373
2.616749,-3.855469,-8.920874,4.922421,-0.1028914163,0.8540883631,-0.1497811766
2.617798,-3.937129,-20.432903,7.396236,0.0567423567,0.375187044,-0.1061479453
2.618815,-2.560919,-20.571775,4.682245,0.197220077,0.1112592058,0.020494848
2.619864,0.208313,-6.912016,1.13244,0.2451102089,0.1133876562,0.0811556818
2.620913,1.205044,5.34226,-5.741403,0.1652933224,0.2740856544,-0.0156888072
2.621962,-0.74999,-4.575132,-0.17652,0.0950544623,0.2474800255,-0.131689349
2.622979,0.109841,-17.001801,1.980262,0.1099536144,0.1932045427,-0.1125332962
2.62403,3.969472,-21.203883,-7.54993,0.0258798273,0.65933516,-0.0007896551
2.625078,3.193703,-15.148575,-3.303614,-0.1252401445,1.4724031774,0.0928621585
2.626126,-0.74999,3.086784,1.370215,-0.1880294286,1.7671935449,0.0502931523
2.627176,-3.13494,3.333402,1.557552,-0.1784514022,1.296806027,-0.1061479453
2.628192,-4.290188,-14.41351,6.452344,-0.0720288868,0.6710416367,-0.17319413
2.629242,-4.033199,-24.326113,5.957581,0.1056967138,0.2623791777,-0.0689000649
2.630291,-1.379252,-18.723338,4.072197,0.2365964077,0.0644332991,0.0694492051
2.63134,0.664648,4.717335,-5.013669,0.1386876936,0.2496084758,-0.062514714
2.632357,-1.11746,-9.275238,3.041841,0.0993113629,0.1155161065,-0.1370104747
2.633409,1.370766,-19.048969,-1.708844,0.086540661,0.2081036948,-0.0699642901
2.634455,5.151139,-18.86221,-7.708446,-0.0475517083,1.0041441098,0.0417793511
2.635504,2.381908,-8.078064,-1.151635,-0.183772528,1.7980560744,0.0747703308
2.636522,-2.820309,1.238347,1.74489,-0.2220846335,1.7171749627,-0.0146245821
2.637571,-3.881888,-4.49133,4.434863,-0.1497173231,1.0743829699,-0.1189186471
2.63862,-3.59848,-14.839704,6.461951,-0.0017900267,0.5284354661,-0.1338177993
2.639669,-3.665729,-21.632471,5.652557,0.1397519187,0.1506355365,-0.0422944361
2.640718,-1.713097,-14.059147,4.300365,0.2514955599,-0.0334754151,0.0598711787
2.641735,1.522077,2.852138,-4.043357,0.2344679574,0.0527268224,0.0279444241
2.642786,1.212249,0.065116,-4.384407,0.1056967138,0.1665989138,-0.0859276674
2.643833,-0.24562,-13.97295,2.856906,0.0695130586,0.1602135629,-0.1018910447
2.644882,2.619682,-19.422487,-3.623049,0.0322651782,0.4709673078,-0.0029181054
2.645902,4.697206,-15.246743,-6.884642,-0.1199190188,1.2936133516,0.0832841321
2.646948,1.015305,-3.150494,-0.368661,-0.2305984347,1.8246617032,0.0598711787
2.647998,-3.178172,0.227932,2.280483,-0.2316626599,1.5011372565,-0.0508082373
2.649047,-3.915513,-9.545799,5.109759,-0.1337539458,0.8455745619,-0.1295608987
2.650064,-3.694551,-19.645162,6.810206,0.0280082776,0.3634805673,-0.0912487931
2.651113,-2.825113,-20.193468,6.766974,0.1780640243,0.0889104776,0.0215590732
2.652162,-0.348896,-4.793017,1.670435,0.2536240102,0.0367634451,0.061999629
2.653211,1.279499,5.265641,-5.49162,0.18338515,0.1016811795,-0.0391017606
2.654228,-0.195183,-6.358921,-0.604034,0.0833479856,0.098488504,-0.1295608987
2.65528,0.25875,-18.665873,1.6224,0.0705772837,0.1921403175,-0.0710285152
2.656327,4.224059,-19.025026,-5.92874,-0.0049827022,0.7593723244,0.0460362517
2.657376,-1.062219,-0.15277,0.957112,-0.2731674409,1.7533586179,0.0236875235
2.658425,-3.279046,-1.941348,3.447739,-0.2295342096,1.2425305442,-0.0827349919
2.659442,-3.50241,-14.078301,5.323515,-0.1039556415,0.6667847361,-0.1231755477
2.660491,-3.363107,-22.365142,6.987937,0.0716415089,0.3155904353,-0.0433586612
2.66154,-1.816373,-14.667311,5.148187,0.2227614807,0.1027454046,0.0534858278
2.662589,0.275562,1.15215,-1.665612,0.2355321826,-0.0015486604,0.0226232983
2.663607,0.551765,0.163284,-4.11541,0.1429445942,-0.0164478126,-0.083799217
2.664658,0.508533,-12.663241,0.306234,0.092926012,0.0803966764,-0.0997625944
2.665705,2.82143,-18.057709,-3.200338,0.0407789794,0.4901233605,-0.0135603569
2.666754,4.005499,-15.510122,-6.831803,-0.1039556415,1.2212460411,0.0651923045
2.667771,0.691067,-6.445118,-1.502293,-0.2274057593,1.7150465124,0.0673207548
2.66882,-2.604151,0.824124,2.109958,-0.2316626599,1.5234859847,-0.0178172575
2.669869,-3.127735,-5.492167,3.109091,-0.1529099985,0.9679604545,-0.1125332962
2.670918,-3.512017,-19.125588,5.991205,-0.0049827022,0.5135363139,-0.097634144
2.671967,-3.235814,-22.073031,7.043177,0.1801924746,0.2198101715,0.0162379474
2.672985,-0.807633,-8.623975,1.648819,0.2738442881,0.0654975242,0.0747703308
2.674036,1.166616,2.883264,-4.302747,0.2014769776,0.0644332991,0.0013387952
2.675083,0.371633,-2.50402,-2.198804,0.092926012,0.1314794838,-0.0986983692
2.676132,0.145867,-14.933084,0.707329,0.065256158,0.2634434028,-0.0880561177
2.677151,2.734967,-19.994737,-3.620647,0.0120449003,0.7050968416,0.0130452719
2.678198,3.1889,-13.331265,-5.726992,-0.12843282,1.3840724896,0.0811556818
2.679247,-0.473788,-2.389091,-0.500758,-0.2327268851,1.6437434271,0.0407151259
2.680296,-3.194984,-0.782484,3.55822,-0.2103781568,1.2499801203,-0.0593220385
2.681313,-3.372714,-11.157196,4.953644,-0.0943776151,0.7253171195,-0.1104048459
2.682362,-2.99804,-20.320368,7.220908,0.0780268598,0.3879577458,-0.0561293631
2.683412,-2.078165,-16.156596,5.431595,0.2259541562,0.1559566623,0.0279444241
2.684461,0.996091,-0.116855,-3.89685,0.1546510709,0.1091307555,-0.0476155618
2.685509,0.232331,-7.580039,-0.157306,0.0780268598,0.2198101715,-0.0923130183
2.686529,0.724692,-15.778289,0.243788,0.0429074297,0.4209487256,-0.0422944361
2.687576,2.963134,-17.217292,-4.934411,-0.0432948077,0.9179418723,0.0407151259
2.688625,1.978412,-10.161147,-4.665413,-0.1784514022,1.4798527534,0.0673207548
2.689674,-1.489733,-0.705864,1.449473,-0.2359195605,1.5202933093,0.0077241462
2.690691,-3.29826,-2.520781,3.416516,-0.1859009783,1.0530984668,-0.0848634422
2.69174,-3.471187,-15.780683,5.618932,-0.0550012844,0.5933532004,-0.0965699189
2.692789,-2.947603,-21.407402,7.545145,0.1227243163,0.2985628329,-0.007175006
2.693838,-1.333618,-12.347187,2.282885,0.2259541562,0.1059380801,0.0598711787
2.694856,0.775129,-0.799244,-2.68396,0.1823209249,0.0750755506,0.020494848
2.695907,1.077751,0.402719,-2.883306,0.0769626347,0.1708558144,-0.0752854158
2.696954,0.004163,-10.199457,0.923487,0.0280082776,0.2485442507,-0.1093406207
2.698003,1.277097,-19.745725,0.058853,0.0109806751,0.4858664599,-0.0327164097
2.699052,3.282568,-17.384897,-6.041623,-0.0826711384,1.0871536717,0.0651923045
2.700069,1.478845,-5.85132,-3.085054,-0.2071854814,1.573504567,0.0705134302
2.701118,-1.90764,1.396374,2.580703,-0.2369837857,1.4011000921,-0.0273952839
2.702167,-3.252626,-6.191317,4.009752,-0.1656807004,0.8487672373,-0.1189186471
2.703216,-3.214198,-17.993061,7.302567,-0.0124322782,0.4294625268,-0.0955056937
2.704233,-2.414411,-19.417699,6.168936,0.162100647,0.1942687678,0.0045314707
2.705285,-0.351298,-9.902557,-0.027611,0.2323395071,0.1101949807,0.0609354038
2.706332,1.224258,0.385959,-3.514969,0.1674217727,0.1942687678,0.0130452719
2.707381,-0.005444,-2.606977,-1.262116,0.072705734,0.2464158004,-0.0731569655
2.708398,-0.127934,-13.91788,1.985066,0.0535496813,0.2517369261,-0.0731569655
2.709447,3.090427,-17.593205,-3.85602,0.0024668739,0.5965458759,0.0055956959
2.710496,-0.243218,-4.730764,-0.212546,-0.2593325139,1.5884037191,0.0375224505
2.711545,-3.091708,-2.020362,4.014555,-0.2188919581,1.2265671669,-0.0369733103
2.712562,-3.144547,-9.988754,4.780717,-0.1039556415,0.708289517,-0.0859276674
2.713611,-2.892362,-18.527001,6.997544,0.0578065819,0.3762512691,-0.0433586612
2.714662,-1.941264,-16.685747,4.314775,0.1993485273,0.181498066,0.0449720265
2.716759,1.0081,2.102707,-4.564539,0.1088893893,0.299627058,-0.0146245821
2.71571,0.362026,-5.010903,-1.605568,0.2121192292,0.1719200396,0.0673207548
2.717778,-0.83165,-8.348625,1.696855,0.0482285555,0.3038839587,-0.0795423164
2.718825,0.51814,-18.098413,2.979396,0.0663203831,0.3347464881,-0.0284595091
2.719874,4.15681,-15.320968,-7.859757,-0.0198818543,0.83280386,0.0492289272
2.720923,2.665316,-10.007909,-6.752545,-0.2103781568,1.504329932,0.0673207548
2.72194,-1.593009,-2.978101,2.647952,-0.2646536397,1.5777614676,0.0236875235
2.722989,-3.139744,-2.075432,3.346865,-0.1859009783,1.0754471951,-0.0689000649
2.724039,-3.324679,-13.750276,5.86151,-0.0677719862,0.590160525,-0.1029552698
2.725087,-3.264635,-21.053039,7.857374,0.1014398132,0.2889848065,-0.0220741581
2.726105,-1.314404,-13.429433,1.980262,0.2206330304,0.1304152586,0.0609354038
2.727156,1.298713,-0.916567,-3.459729,0.1961558519,0.1783053905,0.0385866756
2.728203,0.916833,0.010046,-3.66628,0.0822837604,0.299627058,-0.0571935882
2.729252,-0.692348,-11.734234,2.751228,0.0450358801,0.2634434028,-0.0912487931
2.730301,0.854387,-18.404889,0.647284,0.0482285555,0.3698659182,-0.0178172575
2.731318,3.251346,-14.609847,-7.847748,-0.0645793108,0.9807311564,0.0683849799
2.732367,1.848716,-6.054839,-3.454925,-0.2029285807,1.5649907657,0.0737061057
2.733416,-1.86681,0.345255,1.999477,-0.2423049114,1.4372837473,-0.0178172575
2.734465,-3.608087,-7.029339,3.894467,-0.1795156274,0.8657948398,-0.1061479453
2.735483,-3.351099,-18.843055,7.641216,-0.0166891789,0.4443616789,-0.0806065416
2.736534,-0.622697,-9.332702,0.118897,0.2312752819,0.1655346887,0.075834556
2.737581,1.320329,2.014116,-4.221087,0.175935574,0.2261955224,0.0173021725
2.73863,0.052198,-1.917405,-1.848146,0.079091085,0.2453515752,-0.090184568
2.739647,-0.53143,-16.230821,3.798396,0.0663203831,0.1868191918,-0.0891203428
2.740696,2.333872,-19.142349,-3.104268,0.0386505291,0.5156647642,0.0151737222
2.741745,3.371434,-11.770149,-7.626786,-0.1199190188,1.2904206761,0.0864768075
2.742794,0.263553,-2.951763,-0.824996,-0.2359195605,1.6692848308,0.0524216026
2.743843,-3.031664,-1.524732,2.880923,-0.2274057593,1.2797784246,-0.0508082373
2.74486,-3.588873,-10.872269,5.890331,-0.1337539458,0.7072252919,-0.1061479453
2.745912,-3.221403,-18.057709,6.971124,0.0216229267,0.3592236666,-0.0614504888
2.746958,-2.484062,-16.812647,3.548613,0.1599721966,0.1740484899,0.0215590732
2.748008,-0.264834,-6.794693,0.486366,0.2174403549,0.1282868083,0.0524216026
2.749027,1.10417,2.145805,-3.719119,0.155715296,0.1612777881,-0.0252668336
2.750074,-0.171166,-6.801876,-0.649667,0.0620634825,0.1336079341,-0.1008268195
2.751123,0.522944,-17.681796,1.341394,0.0258798273,0.2613149525,-0.0518724624
2.752172,3.563575,-16.132652,-6.289005,-0.0539370592,0.8636663895,0.0449720265
2.753189,2.619682,-9.620024,-4.204275,-0.1827083028,1.5628623154,0.0800914566
2.754238,-1.165495,-1.56783,1.389429,-0.2423049114,1.6320369504,0.0226232983
2.755287,-3.067691,-3.303733,2.734416,-0.2050570311,1.1063097245,-0.0774138661
2.756336,-3.451973,-13.539573,6.757367,-0.0837353635,0.5805824986,-0.1082763956
2.757385,-3.365509,-19.422487,5.871117,0.0748341844,0.2772783298,-0.0380375354
2.758405,-1.883622,-16.429552,3.812807,0.2089265537,0.1165803316,0.0545500529
2.759451,0.81836,-1.821631,-0.474338,0.2429817586,0.0835893518,0.0534858278
2.7605,1.452426,3.182558,-5.585288,0.1184674157,0.1208372322,-0.062514714
2.76155,-0.224004,-11.394237,0.846631,0.00991645,0.1357363844,-0.1199828723
2.762567,0.760718,-19.752908,0.786587,-0.0103038279,0.3666732427,-0.0295237342
2.763616,2.379506,-5.413154,-2.936145,-0.2039928059,1.6373580762,0.0822199069
2.764665,-1.934059,0.014835,1.245323,-0.2359195605,1.5266786602,-0.0114319066
2.765714,-3.490401,-8.415667,4.019359,-0.1773871771,0.9232629981,-0.0944414686
2.766731,-3.291055,-17.272362,6.877456,-0.0305241059,0.4475543544,-0.076349641
2.767783,-2.6714,-17.681796,5.064125,0.128045442,0.2198101715,0.0013387952
2.76883,-0.77641,-11.011141,2.141181,0.2216972556,0.1155161065,0.0534858278
2.769879,1.262686,0.476944,-3.157107,0.1844493752,0.1038096298,0.0119810468
2.770928,0.868797,-2.494443,-3.810386,0.051421231,0.1378648347,-0.076349641
2.771945,0.064207,-15.172519,2.340527,0.0014026488,0.2389662243,-0.0699642901
2.772994,1.887145,-16.78631,-1.521507,-0.0103038279,0.6337937563,0.0236875235
2.775092,0.431677,-4.34288,-1.341375,-0.2305984347,1.6192662486,0.0641280793
2.774043,3.018375,-11.243393,-6.502761,-0.1231116942,1.2925491264,0.0875410327
2.776109,-2.635374,-3.701194,3.077868,-0.225277309,1.2702003982,-0.021009933
2.777161,-3.007647,-11.41818,5.092946,-0.1316254955,0.6816838882,-0.0774138661
2.778208,-2.668998,-16.719268,6.003214,0.0173660261,0.3262326869,-0.0561293631
2.779257,-2.20786,-16.56603,4.639013,0.1631648721,0.1846907414,0.0141094971
2.780274,-0.171166,-6.835397,0.258199,0.2216972556,0.1357363844,0.0439078014
2.781323,1.202642,1.106658,-4.833537,0.1333665678,0.1783053905,-0.0199457078
2.782372,0.121849,-8.623975,-0.942682,0.0258798273,0.2410946746,-0.0731569655
2.783421,0.434079,-16.422369,1.814541,0.0173660261,0.4092422489,-0.021009933
2.784439,2.852653,-12.984084,-6.022409,-0.0390379071,0.9041069453,0.0492289272
2.785487,1.90876,-9.57932,-5.28747,-0.1784514022,1.462825151,0.0651923045
2.786538,-1.833185,-5.101888,2.443803,-0.2231488587,1.4851738792,0.0322013247
2.787586,-3.192582,-5.061184,3.370883,-0.1603595746,0.9807311564,-0.0369733103
2.788634,-2.981227,-18.792774,6.745359,0.0961186874,0.2517369261,-0.0220741581
2.789655,-1.266369,-13.410278,2.664765,0.2014769776,0.1368006095,0.0417793511
2.790701,1.070546,-1.357127,-2.506229,0.1663575476,0.1389290598,0.0183663977
2.79175,0.813557,-1.41938,-3.968902,0.037586304,0.2166174961,-0.0699642901
2.792799,-0.454573,-12.950563,1.33659,-0.0166891789,0.2708929789,-0.090184568
2.793816,0.907226,-16.463073,0.121299,-0.0049827022,0.4954444863,-0.0167530324
2.794866,2.646101,-13.53239,-6.305817,-0.0879922642,1.0552269171,0.0556142781
2.795915,0.68146,-8.10919,-2.278062,-0.2008001304,1.4798527534,0.0683849799
2.796964,-2.390394,-1.974869,3.214768,-0.2061212562,1.2861637755,0.0098525965
2.797981,-3.010048,-5.781883,3.197956,-0.1348181709,0.7551154238,-0.0731569655
2.799032,-2.774676,-15.835753,5.681378,-0.0071111525,0.3677374679,-0.0816707667
2.800079,-2.123798,-19.106433,5.996009,0.1472014948,0.1772411654,-0.0050465557
2.801128,0.244339,-10.644805,-0.491151,0.2004127525,0.1516997617,0.0534858278
2.802177,1.97601,-1.0722,-4.71585,0.1046324887,0.2932417071,0.0162379474
2.803194,0.345213,-4.472175,-0.993119,0.0003384236,0.3794439446,-0.0603862637
2.804244,-1.002175,-12.852395,2.933762,0.0003384236,0.3645447924,-0.0657073894
2.805293,1.495657,-14.925901,-2.052296,-0.0049827022,0.6082523526,-0.0039823305
2.806342,2.919902,-12.598594,-6.212148,-0.1231116942,1.1637778828,0.0428435762
2.807359,-0.24562,-6.629483,0.385492,-0.2199561832,1.4138707939,0.0353940002
2.808411,-3.010048,-3.483309,4.461283,-0.1912221041,1.054162692,-0.0220741581
2.809457,-2.974022,-10.256921,3.942502,-0.0954418402,0.5678117968,-0.0667716146
2.810506,-2.515285,-16.37927,6.130507,0.0429074297,0.2953701574,-0.0433586612
2.811523,-1.285583,-14.566748,3.169135,0.155715296,0.1708558144,0.0194306229
2.812572,1.111375,-7.213704,-2.518238,0.134430793,0.2208743967,0.0385866756
2.813622,1.565309,-1.460084,-3.1475,0.0280082776,0.3996642225,-0.0156888072
2.81467,-0.562653,-15.728008,1.816943,-0.0156249537,0.3443245145,-0.0454871115
2.81572,2.545227,-16.532509,-5.121748,-0.0656435359,0.7199959937,0.0396509008
2.816737,2.297846,-9.323125,-4.502094,-0.1869652034,1.2914849012,0.0800914566
2.817788,-1.547375,-1.098538,2.883325,-0.2220846335,1.3255401062,0.0290086492
2.818835,-3.156556,-4.467386,3.3949,-0.1635522501,0.8477030122,-0.0561293631
2.819884,-2.632972,-15.48139,5.131374,-0.045423258,0.4475543544,-0.0646431643
2.820904,-1.88122,-18.584465,6.135311,0.106760939,0.2751498795,0.006659921
2.821951,0.460498,-12.043105,-0.839406,0.1631648721,0.2517369261,0.0609354038
2.823,1.846315,-2.76261,-3.738333,0.0833479856,0.3773154943,0.0332655499
2.824049,-0.264834,-1.699519,-0.51757,-0.0049827022,0.4230771759,-0.0508082373
2.825066,-1.32161,-10.438891,2.302099,-0.003918477,0.3123977599,-0.0784780913
2.826115,1.334739,-16.618705,-1.968235,-0.0092396028,0.4762884335,-0.0199457078
2.827166,2.614879,-16.326595,-6.45953,-0.1263043697,1.0552269171,0.0630638542
2.828213,-0.127934,-7.972712,1.074798,-0.2071854814,1.4053569927,0.0917979333
2.82939,-2.424018,0.979757,3.997743,-0.1720660513,1.1137593006,0.0162379474
2.830282,-2.801095,-5.425125,2.153189,-0.1135336678,0.6284726305,-0.0827349919
2.831329,-2.870746,-16.391242,6.603655,0.0014026488,0.3592236666,-0.0742211907
2.832378,-1.33602,-19.149532,3.488569,0.128045442,0.2538653764,0.0215590732
2.833427,1.193035,-12.620143,-2.604701,0.1248527666,0.306012409,0.0843483572
2.834444,1.310722,-0.365867,-2.662344,0.0397147543,0.4826737845,0.0417793511
2.835493,-0.70916,-0.535866,-0.018004,-0.0166891789,0.4635177317,-0.062514714
2.836543,-0.305664,-12.332821,1.130039,-0.0241387549,0.3251684617,-0.0912487931
2.837591,2.170553,-18.857421,-4.694235,-0.0688362114,0.6061239023,-0.0135603569
2.838609,1.937582,-15.088716,-3.928072,-0.1656807004,1.2052826638,0.075834556
2.83966,-1.151084,-3.892742,3.678308,-0.1784514022,1.3744944632,0.0790272315
2.840707,-2.762667,-0.75854,2.340527,-0.1316254955,0.9541255275,-0.0188814827
2.841755,-2.803497,-16.036879,6.096883,0.065256158,0.2410946746,-0.0497440121
2.842773,-0.363307,-16.862929,-0.649667,0.1195316408,0.1612777881,0.0322013247
2.843822,2.093696,-9.385378,-2.537452,0.0684488334,0.3858292955,0.0768987812
2.844871,0.527747,1.202431,-1.569542,-0.0134965034,0.6103808029,0.0130452719
2.84592,-1.487331,-5.094705,1.927424,-0.0326525562,0.4358478777,-0.0784780913
2.846969,0.165081,-16.123075,1.334188,-0.0134965034,0.2687645286,-0.0710285152
2.847986,2.622084,-18.524607,-6.123283,-0.0858638138,0.6901976894,0.0290086492
2.849037,1.428408,-11.23621,-0.952289,-0.1710018261,1.3031913779,0.1056328603
2.850084,-1.609821,1.247924,3.447739,-0.1656807004,1.3361823577,0.0566785032
2.851133,-2.887559,-2.238247,1.792925,-0.1294970451,0.8572810386,-0.0667716146
2.852153,-3.084503,-14.57872,6.152123,-0.0369094568,0.4007284476,-0.1018910447
2.8532,-2.219869,-20.169524,3.820012,0.0716415089,0.1463786359,-0.0135603569
2.854248,0.84478,-15.7735,-1.154037,0.0907975617,0.1878834169,0.0907337082
2.855297,2.028849,-0.490373,-3.128286,0.0312009531,0.4943802612,0.0843483572
2.856315,-0.771606,1.94468,-1.031547,-0.0390379071,0.5710044722,-0.0316521845
2.857364,-1.388859,-11.274519,4.004948,-0.0220103046,0.3081408593,-0.0869918925
2.858413,1.625353,-18.316298,-2.928939,-0.0230745298,0.341131839,-0.0284595091
2.859462,2.891081,-17.813485,-6.200139,-0.1369466212,0.9349694748,0.0737061057
2.860511,0.43648,-7.489054,2.018691,-0.1763229519,1.4117423436,0.1162751118
2.86153,-1.910041,2.852138,1.86738,-0.142267747,1.2159249153,0.0226232983
2.862577,-2.697819,-5.542449,2.837692,-0.0986345157,0.6997757158,-0.0944414686
2.863626,-3.194984,-17.688979,6.005616,0.0077879997,0.3145262102,-0.0880561177
2.864675,-1.453707,-20.33234,1.483098,0.1056967138,0.1485070862,0.0226232983
2.865692,1.248276,-10.958465,-1.391812,0.1088893893,0.2943059323,0.0971190591
2.866741,0.948056,2.449887,-3.022608,0.0333294034,0.5550410949,0.0396509008
2.867791,-0.154353,-14.667311,1.45908,-0.0049827022,0.2400304494,-0.0795423164
2.86884,2.833439,-19.003476,-6.608439,-0.0890564893,0.590160525,0.0087883713
2.869857,1.622951,-15.464629,-0.642462,-0.1805798525,1.2723288485,0.10350441
2.870908,-1.477724,-2.010784,4.156259,-0.156102674,1.4106781185,0.0960548339
2.871955,-2.356769,2.085946,0.431126,-0.12843282,0.9551897527,-0.0337806348
2.873004,-2.899567,-9.938473,5.092946,-0.0720288868,0.4773526587,-0.1157259717
2.874053,-2.981227,-21.414585,5.376354,0.0439716549,0.1846907414,-0.0444228864
2.87612,2.302649,-3.016411,-2.465399,0.0758984095,0.4294625268,0.1194677873
2.87507,-0.106318,-19.599669,1.11803,0.1078251641,0.1495713114,0.0907337082
2.877169,0.556568,4.628744,-3.089857,-0.0166891789,0.6029312268,-0.0039823305
2.878218,-1.669865,-7.807502,3.570229,-0.0411663574,0.34751719,-0.1008268195
2.879235,0.491721,-19.45122,-0.164511,-0.0369094568,0.2325808734,-0.0540009127
2.880287,3.513138,-21.117686,-5.979177,-0.12843282,0.8157762576,0.0705134302
2.881333,1.598933,-10.15157,1.166065,-0.1880294286,1.4936876804,0.1375596149
2.882382,-1.504144,4.975925,1.884192,-0.1805798525,1.4181276945,0.0417793511
2.883399,-2.769872,-0.945299,1.54074,-0.1614237998,0.8285469594,-0.1167901968
2.884448,-4.369446,-17.66743,7.019159,-0.0496801586,0.3624163421,-0.1348820244
2.885497,-3.118128,-23.394712,4.382025,0.0939902371,0.1431859605,0.0077241462
2.886546,1.846315,-13.2738,-1.331768,0.120595866,0.2123605954,0.1226604628
2.887595,2.90309,2.71566,-5.193801,0.0269440524,0.507150963,0.0715776554
2.888613,-1.069425,0.127369,-0.224555,-0.0496801586,0.5114078636,-0.0603862637
2.889664,-2.215065,-13.139717,4.908011,-0.0113680531,0.1783053905,-0.0955056937
2.890711,1.361159,-19.784034,-3.817591,-0.017753404,0.2623791777,-0.0082392311
2.89176,4.048731,-18.270806,-5.919133,-0.1465246476,1.0211717122,0.1066970855
2.892779,1.385176,-4.292599,0.291824,-0.2305984347,1.6118166725,0.1184035621
2.893826,-3.877085,-6.912016,4.720673,-0.156102674,0.7295740201,-0.1348820244
2.894875,-4.422285,-21.278108,6.817411,-0.0060469273,0.2794067801,-0.0891203428
2.895924,-1.869211,-21.917399,3.848833,0.1227243163,0.084653577,0.0641280793
2.896941,2.103303,-7.029339,-2.304481,0.134430793,0.1910760924,0.131174264
2.89799,1.478845,5.004657,-5.054499,0.0322651782,0.3996642225,0.0247517486
2.899039,-1.960478,-4.790623,3.092278,-0.0092396028,0.2634434028,-0.0923130183
2.900088,-0.70916,-17.499826,2.76804,0.0258798273,0.0644332991,-0.0689000649
2.901137,3.834974,-19.757696,-6.531583,-0.0528728341,0.5305639164,0.0460362517
2.902157,3.858991,-13.290561,-3.968902,-0.2071854814,1.4202561448,0.1194677873
2.903204,-0.135139,0.527225,0.676106,-0.280617017,1.7278172142,0.061999629
2.904253,-3.03887,1.580739,2.206028,-0.2550756133,1.2393378687,-0.0784780913
2.905302,-4.004378,-12.215498,5.61653,-0.1326897206,0.631665306,-0.1423316005
2.906319,-3.869879,-23.626964,5.979196,0.037586304,0.264507628,-0.0476155618
2.907368,-1.367243,-19.738541,4.482899,0.1727428985,0.1144518813,0.1045686351
2.908417,1.622951,0.057933,-2.400552,0.1812566997,0.1825622911,0.1162751118
2.909466,0.563774,5.234515,-5.121748,0.0609992574,0.2219386218,-0.0305879594
2.910483,-1.352833,-9.622419,2.46782,0.0141733506,0.07081865,-0.1093406207
2.911535,1.67579,-19.575726,-2.854485,-0.0007258016,0.236837774,-0.0316521845
2.912582,4.901356,-20.380227,-8.049496,-0.142267747,1.0169148116,0.0886052578
2.913631,1.750244,-8.32947,-0.416696,-0.2582682887,1.7001473603,0.1301100388
2.914648,-2.690614,4.73649,1.40384,-0.2731674409,1.5894679443,0.0268801989
2.915697,-3.860272,-4.08429,3.745558,-0.2146350574,0.9754100306,-0.097634144
2.916746,-3.968352,-19.542205,7.576368,-0.0635150856,0.4411690035,-0.0869918925
2.918844,-0.802829,-10.340723,3.161929,0.1940274016,0.0059009156,0.1056328603
2.917795,-3.067691,-22.092186,6.265006,0.1035682635,0.1282868083,0.0322013247
2.919861,0.386043,-1.536703,-2.952957,0.0397147543,0.0835893518,-0.0731569655
2.920912,0.184295,-13.913091,1.194886,0.0035310991,0.1495713114,-0.0795423164
2.921959,2.559638,-20.035441,-4.213882,-0.0603224102,0.5443988434,0.0130452719
2.923008,3.133659,-16.987435,-4.266721,-0.1922863292,1.2627508221,0.1056328603
2.924026,0.330803,-2.13529,-0.447919,-0.2774243415,1.6618352547,0.089669483
2.925074,-2.707426,2.504957,1.430259,-0.2859381427,1.3553384105,-0.03484486
2.926124,-3.490401,-10.249738,5.31631,-0.1944147795,0.7572438741,-0.1167901968
2.927172,-3.262233,-20.962054,5.996009,-0.0283956555,0.3017555083,-0.0667716146
2.92819,-2.414411,-19.800795,6.08007,0.128045442,0.0463414715,0.0460362517
2.929239,-0.012649,-6.014135,1.168467,0.1908347261,0.0005797899,0.0886052578
2.93029,1.538889,3.841004,-5.138561,0.1046324887,0.0963600537,0.0034672456
2.931337,0.186697,-4.323725,-0.861022,0.0035310991,0.1719200396,-0.0859276674
2.932386,0.366829,-16.628283,0.575232,-0.0220103046,0.3145262102,-0.0540009127
2.933406,3.119249,-20.301213,-4.139427,-0.0890564893,0.7859779533,0.0513573775
2.934452,2.754181,-11.334378,-4.163445,-0.2199561832,1.4159992442,0.1066970855
2.935501,-0.778811,0.998912,-0.486347,-0.3061584207,1.5575411897,0.0385866756
2.93655,-2.99804,-2.159234,3.644684,-0.280617017,1.0754471951,-0.0742211907
2.937568,-3.322277,-14.916323,6.003214,-0.1518457734,0.5241785655,-0.104019495
2.938617,-3.098914,-21.534303,6.915884,0.0226871518,0.2070394697,-0.0199457078
2.939666,-1.70349,-15.18449,4.871984,0.1631648721,0.0761397758,0.0768987812
2.940715,0.851985,-0.911778,-2.499024,0.1578437463,0.1144518813,0.0641280793
2.941732,1.094563,1.693273,-4.247507,0.0365220788,0.2017183439,-0.0401659857
2.942784,-0.699553,-8.935241,1.600784,-0.0166891789,0.181498066,-0.0933772434
2.94383,1.092161,-18.352214,-0.536784,-0.0220103046,0.3347464881,-0.0273952839
2.944879,4.272094,-18.617986,-6.704509,-0.1305612703,0.9839238318,0.0768987812
2.945928,-2.200655,0.65652,2.333322,-0.3274429237,1.4787885283,0.0215590732
2.946946,-3.509615,-4.045981,4.425256,-0.2550756133,0.8732444159,-0.0848634422
2.947995,-3.646515,-16.908421,6.200159,-0.1060840918,0.3879577458,-0.0933772434
2.949044,-3.024459,-21.371487,7.220908,0.0758984095,0.1006169543,0.006659921
2.950092,-0.267236,-10.199457,0.839425,0.1769997991,-0.0100624617,0.0726418805
2.95111,1.858323,1.006095,-4.951223,0.1152747402,0.0899747028,0.0173021725
2.952161,0.227527,-3.133734,-1.132421,0.0131091254,0.1857549666,-0.0667716146
2.953208,-0.601081,-13.288166,2.873718,0.0173660261,0.1942687678,-0.0571935882
2.954257,2.936715,-16.805464,-3.663879,-0.0124322782,0.5294996912,0.0226232983
2.956323,0.032984,-6.998212,-0.769755,-0.3189291225,1.6926977842,0.075834556
2.955275,4.101569,-14.157315,-8.020675,-0.1859009783,1.2808426497,0.0822199069
2.957373,-3.005245,-0.823187,4.060189,-0.2965803943,1.3638522117,0.0002745701
2.958422,-3.214198,-5.932727,3.901672,-0.1965432298,0.8008771054,-0.0848634422
2.959471,-3.555248,-18.491086,6.459549,-0.0443590329,0.3868935206,-0.0731569655
2.960488,-3.0797,-20.588535,6.413915,0.1259169917,0.1144518813,0.0290086492
2.96154,-0.183174,-6.737229,0.066058,0.1940274016,0.0176073923,0.0737061057
2.962586,1.618147,2.744392,-4.629387,0.114210515,0.0633690739,-0.0061107808
2.963635,0.044993,-5.310197,-0.683292,0.0109806751,0.1176445568,-0.0848634422
2.964655,0.27316,-17.164617,1.701658,-0.0081753776,0.2559938267,-0.0422944361
2.965701,3.172087,-19.353051,-4.651003,-0.0667077611,0.749794298,0.0630638542
2.96675,2.946322,-10.575369,-6.327433,-0.2231488587,1.4319626215,0.1045686351
2.9678,-0.656321,-0.222206,-0.039619,-0.322121798,1.6107524473,0.0396509008
2.968817,-3.182975,-1.620506,3.536604,-0.2901950433,1.1552640816,-0.0657073894
2.969866,-3.485597,-13.855627,5.393167,-0.156102674,0.6529498091,-0.097634144
2.970916,-3.084503,-20.7729,7.007151,0.0290725027,0.3464529648,-0.0188814827
2.971965,-0.442565,-2.970918,-1.298143,0.1663575476,-0.0292185144,0.0471004769
2.972982,0.876003,-0.976426,-3.197937,0.0854764359,-0.0047413359,-0.0263310588
2.974033,0.948056,-8.827495,-0.779362,0.0056595494,0.1516997617,-0.0571935882
2.97508,1.522077,-15.984203,-0.198136,-0.0550012844,0.4741599832,-0.007175006
2.976129,2.437148,-16.865323,-4.192266,-0.1497173231,1.0020156595,0.0694492051
2.977178,1.056135,-8.79158,-2.996189,-0.260396739,1.4308983964,0.089669483
2.978195,-1.472921,1.305388,1.519124,-0.2912592685,1.3510815099,0.0130452719
2.979244,-2.861139,-3.852038,3.510185,-0.239112236,0.888143568,-0.0912487931
2.980294,-3.219002,-18.740098,7.043177,-0.1135336678,0.4592608311,-0.0859276674
2.981343,-2.637775,-21.824019,7.096016,0.0599350322,0.1793696157,0.0173021725
2.98236,-0.579465,-10.187485,0.692918,0.1461372696,0.043148796,0.0747703308
2.983411,1.241071,1.477782,-3.596629,0.0876048862,0.0995527292,0.0151737222
2.984458,0.350017,-1.852757,-1.588756,-0.0113680531,0.2166174961,-0.0816707667
2.985507,-0.094309,-14.394355,2.475025,-0.0294598807,0.2687645286,-0.0827349919
2.986524,2.242605,-18.579677,-1.982645,-0.0603224102,0.5412061679,0.0077241462
2.987573,3.112043,-12.847606,-6.88224,-0.1912221041,1.164842108,0.075834556
2.988622,0.443686,-3.459365,-1.365392,-0.2838096924,1.5064583823,0.0534858278
2.989671,-2.356769,0.424268,2.081136,-0.2731674409,1.1701632337,-0.0465513367
2.990721,-3.533633,-9.981571,3.985734,-0.1890936538,0.6391148821,-0.1061479453
2.991738,-3.370313,-20.547831,7.871785,-0.0273314304,0.299627058,-0.0412302109
2.992789,-1.566589,-17.425601,3.908877,0.1163389653,0.0889104776,0.0641280793
2.993836,0.837575,-6.792299,-2.744004,0.114210515,0.0772040009,0.0907337082
2.994885,1.747842,1.714822,-4.187463,0.0163018009,0.2815352304,0.0183663977
2.995905,-0.288852,-3.318099,0.993138,-0.0390379071,0.319847336,-0.0774138661
2.996951,-0.533832,-16.824619,3.130707,-0.0220103046,0.2325808734,-0.0657073894
2.998,3.008768,-20.545437,-5.073713,-0.059258185,0.6359222066,0.048164702
2.999049,-0.046274,0.747505,-0.171716,-0.3040299703,1.6309727253,0.0492289272
3.000066,-3.372714,-1.99163,3.711933,-0.2774243415,1.123337327,-0.0731569655
3.001116,-3.821844,-15.445474,7.199292,-0.1401392967,0.5922889753,-0.0944414686
3.002165,-2.937996,-19.748119,7.422656,0.051421231,0.3049481838,-0.0093034563
3.003214,-1.523358,-14.078301,2.08594,0.1652933224,0.139993285,0.0683849799
3.004262,0.539756,-3.188804,-1.704041,0.1546510709,0.1516997617,0.0662565296
3.005282,0.84478,3.2496,-3.428506,0.0556781316,0.2272597476,-0.0316521845
3.006329,-0.596277,-9.368618,1.134842,-0.0103038279,0.1304152586,-0.1018910447
3.007378,1.000894,-22.025144,1.216502,-0.0166891789,0.2198101715,-0.0231383833
3.008427,4.029516,-15.99378,-7.910194,-0.1114052175,0.915813422,0.0960548339
3.009444,2.165749,-4.572737,-4.86476,-0.2657178648,1.6107524473,0.1045686351
3.010494,-2.363974,-0.246149,2.801665,-0.3231860231,1.5266786602,0.0130452719
3.012591,-3.13494,-15.890823,7.413048,-0.1071483169,0.4667104072,-0.0593220385
3.011542,-3.706559,-6.967086,4.655826,-0.2550756133,0.9413548257,-0.0678358397
3.013609,-3.154154,-17.775176,5.484433,0.0461001052,0.1889476421,0.0119810468
3.01466,-1.893229,-13.2738,1.768907,0.141880369,0.0559194979,0.0768987812
3.015707,0.587791,-1.986841,-1.860155,0.1493299451,0.0740113255,0.0598711787
3.016756,0.782334,0.733139,-3.85602,0.0546139064,0.0963600537,-0.0444228864
3.017805,0.325999,-11.444518,0.798596,-0.0273314304,0.0942316034,-0.0880561177
3.018822,2.293042,-18.953195,-1.704041,-0.0709646617,0.4443616789,-0.0061107808
3.019871,3.28497,-15.464629,-6.502761,-0.1816440777,1.2255029417,0.0907337082
3.02092,0.628621,-5.638222,-1.360589,-0.2774243415,1.6980189099,0.0981832842
3.02197,-2.428822,0.771449,2.001878,-0.2891308182,1.4032285424,-0.0007896551
3.022987,-3.50241,-8.066092,4.350802,-0.225277309,0.7859779533,-0.0944414686
3.024038,-3.677738,-19.127983,7.768509,-0.0720288868,0.34751719,-0.0678358397
3.025085,-0.236013,-7.785953,0.503179,0.1727428985,0.1070023052,0.0673207548
3.026134,1.26749,2.492985,-4.103401,0.1110178396,0.1038096298,-0.0146245821
3.027151,-0.202388,-4.912735,-1.824129,-0.0071111525,0.0367634451,-0.1082763956
3.0282,-0.310468,-18.057709,2.34533,-0.0401021322,0.1144518813,-0.062514714
3.029249,3.193703,-17.234053,-4.49729,-0.0794784629,0.6795554379,0.0577427284
3.030298,3.580387,-9.512279,-6.339442,-0.2146350574,1.4617609258,0.10350441
3.031347,-0.413744,-1.582196,0.745757,-0.3040299703,1.6628994799,0.0417793511
3.032364,-3.432759,-3.231902,3.200358,-0.2795527918,1.1659063331,-0.0593220385
3.033415,-3.881888,-13.949007,6.056053,-0.1656807004,0.6008027765,-0.0880561177
3.034463,-3.043673,-18.577282,6.464352,0.0014026488,0.2708929789,-0.0220741581
3.035512,-1.806766,-15.878852,3.337258,0.1323023427,0.0718828752,0.0556142781
3.036532,-0.012649,-4.749919,0.344662,0.1738071236,-0.0228331635,0.061999629
3.037578,1.596531,3.240022,-4.7831,0.0833479856,-0.0015486604,-0.0263310588
3.038627,0.952859,-7.910459,-1.737665,-0.0443590329,0.0750755506,-0.0944414686
3.039676,0.851985,-19.642768,1.632007,-0.0816069132,0.3390033887,-0.0284595091
3.041743,2.302649,-6.876101,-4.15624,-0.239112236,1.5171006338,0.1077613106
3.042792,-1.537768,-0.464035,1.812139,-0.2987088446,1.4798527534,0.0279444241
3.040694,3.044794,-16.645043,-4.658208,-0.1294970451,0.9477401766,0.0843483572
3.043841,-3.303063,-6.667792,4.096215,-0.2508187127,0.9445475012,-0.0593220385
3.044858,-3.09411,-16.63786,6.534004,-0.1114052175,0.4688388575,-0.0614504888
3.045909,-2.642579,-18.045737,5.542076,0.051421231,0.236837774,0.0034672456
3.046957,-1.030996,-11.516348,2.030699,0.1535868457,0.1038096298,0.0513573775
3.048005,0.671853,-0.70347,-1.992252,0.1323023427,0.0325065445,0.0119810468
3.049054,0.587791,-2.671625,-4.19707,0.0141733506,0.0580479482,-0.0689000649
3.050072,0.501328,-15.00252,0.551214,-0.0507443838,0.2219386218,-0.0571935882
3.051121,2.422738,-11.140436,-6.05123,-0.1752587268,1.241466319,0.0790272315
3.05217,-0.118327,-5.947093,-0.546391,-0.26678209,1.5309355608,0.0651923045
3.053218,-2.654588,-2.50402,3.541408,-0.2540113881,1.2148606902,-0.0061107808
3.054236,-3.048477,-8.935241,3.913681,-0.1805798525,0.6603993851,-0.0731569655
3.055287,-2.851532,-17.61236,6.418719,-0.045423258,0.2794067801,-0.0540009127
3.056334,-2.070959,-18.266017,4.550148,0.1025040383,0.1112592058,0.0311370995
3.057383,0.534953,-8.413273,-1.459061,0.1333665678,0.1250941328,0.0747703308
3.0584,1.836708,1.116235,-4.533316,0.0312009531,0.2485442507,0.0141094971
3.059449,-0.432958,-5.269493,0.135709,-0.0560655095,0.2336450985,-0.0678358397
3.060498,-0.480993,-15.562797,2.513454,-0.0432948077,0.2240670721,-0.0454871115
3.061547,3.1889,-16.403214,-4.720654,-0.0762857875,0.6923261397,0.0439078014
3.062596,3.131257,-12.076626,-6.166515,-0.2146350574,1.3957789663,0.0917979333
3.063613,-0.978158,-3.933446,1.36301,-0.2912592685,1.545834713,0.0609354038
3.064665,-3.115726,-2.020362,3.738352,-0.2454975869,1.0520342417,-0.0273952839
3.065711,-3.300662,-12.045499,4.643817,-0.1358823961,0.5241785655,-0.0795423164
3.06676,-2.993236,-19.080096,6.819813,0.0290725027,0.2453515752,-0.0305879594
3.06778,-1.028595,-15.203645,2.840093,0.155715296,0.1091307555,0.0492289272
3.068827,1.257883,-4.534428,-2.662344,0.1323023427,0.1091307555,0.0502931523
3.069876,0.928842,-0.507133,-3.253177,0.0173660261,0.1963972181,-0.0295237342
3.070924,-0.850864,-9.588898,1.624802,-0.0326525562,0.2081036948,-0.0710285152
3.071942,0.573381,-16.1973,0.810604,-0.0188176292,0.3581594415,-0.0199457078
3.072991,3.299381,-14.825338,-6.865428,-0.1124694427,0.9253914484,0.0524216026
3.07404,1.51247,-9.435659,-3.476541,-0.2625251894,1.4511186743,0.0768987812
3.075089,-2.270306,-1.926982,4.02176,-0.2859381427,1.3478888344,0.0279444241
3.076138,-3.291055,-4.443443,2.974592,-0.2178277329,0.8359965355,-0.0571935882
3.077157,-2.613758,-19.216573,6.48837,0.0641919328,0.1793696157,0.0098525965
3.078204,-0.567456,-12.016767,0.666499,0.1386876936,0.0527268224,0.0651923045
3.079253,1.289106,-2.420218,-2.145965,0.0801553101,0.1027454046,0.0396509008
3.080302,0.945654,-1.582196,-2.311686,-0.0230745298,0.2293881979,-0.0380375354
3.08132,-0.142344,-10.764523,0.330252,-0.0709646617,0.3049481838,-0.0699642901
3.082368,1.272294,-17.042505,-0.906656,-0.0879922642,0.5252427906,-0.0167530324
3.083418,2.773395,-14.772662,-5.84708,-0.1784514022,1.0254286128,0.0471004769
3.084467,0.443686,-7.067649,-0.303813,-0.2646536397,1.3340539074,0.0513573775
3.085484,-2.400001,-1.821631,4.055385,-0.2433691366,1.0892821221,-0.0093034563
3.086535,-2.620963,-7.673419,3.188349,-0.1550384488,0.6476286833,-0.0699642901
3.087582,-2.390394,-16.242792,5.82068,-0.0198818543,0.3485814151,-0.0593220385
3.088631,-2.020522,-17.95954,4.612594,0.106760939,0.167663139,0.0130452719
3.08968,0.066609,-10.292836,-0.534382,0.1216600911,0.1421217353,0.0598711787
3.090698,1.565309,-0.346712,-3.659075,0.0312009531,0.285792131,0.0141094971
3.091747,0.124251,-3.128945,-0.961896,-0.0613866353,0.34751719,-0.0742211907
3.092796,-0.238415,-13.110985,1.507115,-0.0837353635,0.3251684617,-0.0827349919
3.093845,2.045661,-17.624332,-3.89685,-0.1263043697,0.6050596771,-0.007175006
3.094862,1.860725,-14.145343,-4.000125,-0.2263415341,1.1222731018,0.0673207548
3.095914,-1.23995,-3.586266,3.049047,-0.2508187127,1.2521085706,0.0683849799
3.09696,-2.673802,-0.018686,2.350134,-0.2050570311,0.8583452637,-0.0178172575
3.09801,-2.880353,-10.886635,3.471757,-0.1199190188,0.4496828047,-0.0710285152
3.099027,-2.733846,-18.333059,6.497977,0.0205587015,0.2134248206,-0.021009933
3.100076,-0.005444,-15.704064,0.195753,0.0918617868,0.0889104776,0.0545500529
3.101125,2.201775,-8.102007,-3.262784,0.0343936285,0.2219386218,0.0662565296
3.102174,0.784736,-1.242198,-1.118011,-0.0486159335,0.4613892814,0.0002745701
3.103191,-0.802829,-5.322168,1.855371,-0.0635150856,0.4156275998,-0.0710285152
3.10424,2.396318,-18.301932,-5.191399,-0.1465246476,0.7508585232,0.0098525965
3.105291,1.169018,-11.80367,-0.402286,-0.2188919581,1.2425305442,0.0843483572
3.106338,-1.422484,0.752294,3.152322,-0.2093139317,1.2031542135,0.0417793511
3.107387,-2.644981,-3.095424,1.917817,-0.1635522501,0.7806568275,-0.0646431643
3.108407,-3.072494,-15.711247,5.702994,-0.0603224102,0.4113706992,-0.0795423164
3.109453,-2.359171,-19.355446,4.408444,0.0567423567,0.1900118672,0.0098525965
3.110502,0.808753,-12.840423,-1.831334,0.0631277077,0.2038467942,0.0854125824
3.111551,2.13933,-0.425726,-4.007331,-0.0273314304,0.4571323808,0.0534858278
3.112569,-0.805231,-0.492767,-0.099664,-0.0986345157,0.5060867378,-0.0529366876
3.113617,-1.273574,-12.205921,3.42132,-0.0752215623,0.278342555,-0.0869918925
3.114666,1.839109,-18.517424,-3.000992,-0.0816069132,0.3592236666,-0.0188814827
3.115716,2.504398,-17.365742,-5.032883,-0.1816440777,0.8966573692,0.0768987812
3.116733,-0.147148,-5.722025,2.102752,-0.2146350574,1.2329525178,0.1013759597
3.117784,-2.030129,4.171424,1.92262,-0.183772528,0.9839238318,-0.0029181054
3.118831,-2.769872,-6.141036,2.830486,-0.12843282,0.5635548961,-0.1082763956
3.11988,-3.375116,-20.286847,6.697323,-0.0071111525,0.2953701574,-0.0710285152
3.120929,-0.901301,-20.885434,1.74489,0.079091085,0.1995898936,0.061999629
3.121946,2.060072,-8.042148,-3.502961,0.0343936285,0.3794439446,0.1141466615
3.122995,0.534953,2.648618,-2.686361,-0.0720288868,0.5976101011,0.0226232983
3.124044,-1.929255,-4.424288,2.811272,-0.0943776151,0.4358478777,-0.0848634422
3.125094,-0.192781,-14.217174,1.747292,-0.0645793108,0.2027825691,-0.0923130183
3.126111,2.360292,-19.156715,-5.306684,-0.12843282,0.493316036,-0.0103676814
3.127162,1.255481,-16.120681,-0.784166,-0.2018643556,1.0616122681,0.0832841321
3.128209,-1.07663,-0.265304,3.195554,-0.1848367531,1.1935761871,0.0705134302
3.129258,-3.127735,-11.727051,4.677441,-0.1060840918,0.4071137986,-0.139138925
3.130275,-2.527294,-22.549507,5.133776,0.0152375758,0.1846907414,-0.0465513367
3.131324,1.06334,-18.309115,-1.283732,0.0461001052,0.2549296016,0.0843483572
3.132373,2.271427,-3.442605,-4.189864,-0.0358452316,0.5773898231,0.0917979333
3.133422,-0.673134,3.127488,-0.474338,-0.1060840918,0.6572067097,-0.0273952839
3.134471,-1.734713,-6.021318,3.378088,-0.0816069132,0.3294253623,-0.1231755477
3.135488,0.208313,-17.394474,-0.985914,-0.0624508605,0.181498066,-0.097634144
3.13654,2.18016,-22.070637,-4.050562,-0.1220474691,0.6423075575,0.0353940002
3.137586,1.341945,-10.802832,0.318243,-0.1614237998,1.2212460411,0.1258531382
3.138635,-1.160692,5.251275,1.098816,-0.1752587268,1.178677035,0.0385866756
3.139653,-2.887559,-1.826419,2.364544,-0.1614237998,0.6614636103,-0.1104048459
3.140702,-4.004378,-18.048131,6.550816,-0.0518086089,0.2591865022,-0.1199828723
3.141751,-1.624232,-21.610922,2.537471,0.0546139064,0.1304152586,0.0098525965
3.1428,2.799814,-12.471693,-3.399685,0.0205587015,0.3294253623,0.0981832842
3.143817,1.803083,0.97018,-3.358855,-0.0901207145,0.6699774115,0.0396509008
3.144866,-1.849997,0.244692,1.586373,-0.1348181709,0.5795182735,-0.0816707667
3.145916,-1.883622,-12.033528,4.26674,-0.0805426881,0.1580851126,-0.1263682232
3.146964,0.474908,-21.675569,-0.863424,-0.0422305825,0.1591493378,-0.0359090851
3.148013,3.176891,-18.232496,-4.831135,-0.1071483169,0.8061982312,0.1056328603
3.149033,1.848716,-0.959665,-1.891378,-0.2029285807,1.4032285424,0.117339337
3.15008,-2.267904,4.590435,2.434196,-0.2380480108,1.2265671669,-0.0242026084
3.151129,-3.730577,-8.940029,4.939233,-0.1603595746,0.5997385514,-0.1338177993
3.152178,-3.485597,-20.988391,5.419586,-0.0166891789,0.1740484899,-0.0923130183
3.153195,-0.476189,-21.826413,1.824148,0.072705734,0.0974242788,0.0492289272
3.154244,2.799814,-7.912854,-4.163445,0.0418432046,0.3624163421,0.1130824364
3.155294,-2.373581,-2.480077,3.908877,-0.073093112,0.3634805673,-0.1146617465
3.156342,-1.753927,-17.001801,3.123501,-0.0124322782,0.0335707696,-0.1146617465
3.15736,2.350685,-22.992461,-3.942483,-0.0326525562,0.3390033887,0.0194306229
3.158411,4.709215,-13.656896,-5.739001,-0.1646164752,1.1893192865,0.1279815885
3.159458,0.856789,2.492985,-1.242902,-0.2774243415,1.6160735731,0.0662565296
3.160506,-3.548043,0.634971,4.708664,-0.2657178648,1.172291684,-0.0827349919
3.161556,-4.124466,-12.052682,6.195355,-0.1380108464,0.5358850422,-0.1444600508
3.162573,-3.401536,-21.689936,5.01609,0.0141733506,0.1751127151,-0.0635789391
3.163622,-0.512216,-19.918118,2.691184,0.1099536144,0.0889104776,0.075834556
3.164671,2.290641,-1.299663,-4.343577,0.0833479856,0.3006912832,0.0928621585
3.16572,0.049797,4.62635,-3.013001,-0.0198818543,0.4124349243,-0.0401659857
3.166737,-2.654588,-9.519462,5.325917,-0.0124322782,0.1219014574,-0.1189186471
3.167789,0.5998,-19.345868,-1.187662,0.0194944764,0.0495341469,-0.0518724624
3.168835,5.103104,-19.465586,-8.782034,-0.1188547936,0.7348951459,0.0683849799
3.169884,2.686931,-8.499469,-3.137893,-0.2859381427,1.5564769645,0.1109539861
3.170901,-2.294323,2.593548,2.491838,-0.3231860231,1.5852110437,0.0173021725
3.17195,-3.526427,-3.018805,4.833556,-0.2454975869,0.957318203,-0.1072121704
3.173,-3.634507,-15.651388,6.128106,-0.1039556415,0.3783797194,-0.1359462496
3.174048,-3.120529,-23.765836,6.385094,0.0556781316,0.0505983721,-0.0263310588
3.175066,-0.622697,-15.378433,3.260402,0.1684859979,-0.0249616138,0.0949906088
3.176115,1.673388,3.893679,-4.420434,0.1291096672,0.1091307555,0.0534858278
3.177166,0.251545,1.75792,-2.482212,0.0120449003,0.1187087819,-0.0933772434
3.178213,-0.855668,-14.078301,2.864111,-0.0017900267,-0.0153835874,-0.1242397729
3.179262,3.181694,-21.407402,-5.265854,-0.0475517083,0.313461985,-0.0146245821
3.180282,5.376905,-17.174194,-7.458663,-0.2305984347,1.2329525178,0.0939263836
3.181328,1.04893,-1.943743,0.195753,-0.3540485526,1.8012487498,0.0832841321
3.182377,-4.381455,-9.035803,5.518058,-0.2369837857,0.8391892109,-0.1348820244
3.183426,-4.400669,-21.670781,7.290559,-0.0560655095,0.3453887396,-0.0795423164
3.184443,-3.026861,-21.206277,6.238587,0.1078251641,0.0208000678,0.0492289272
3.185493,-0.288852,-6.23681,1.475892,0.1780640243,-0.0856224476,0.0917979333
3.186542,1.284302,4.288747,-4.33397,0.1131462899,-0.0632737194,-0.0082392311
3.187591,0.407659,-4.230346,-1.521507,0.0131091254,-0.0781728715,-0.1146617465
3.188608,1.205044,-17.040111,-0.875433,-0.0379736819,0.0729471003,-0.090184568
3.18966,4.058338,-21.069799,-5.722189,-0.1326897206,0.7114821925,0.0226232983
3.190706,2.876671,-12.98169,-4.060169,-0.2699747654,1.5149721835,0.0928621585
3.191755,-1.006979,0.840885,0.582437,-0.335956725,1.7150465124,0.0396509008
3.192804,-3.043673,0.867223,3.459748,-0.3061584207,1.2318882926,-0.0848634422
3.193822,-3.735381,-13.168449,5.849501,-0.1890936538,0.6306010808,-0.1423316005
3.194871,-3.910709,-23.689217,7.045579,-0.0060469273,0.1995898936,-0.0646431643
3.19592,-2.546508,-18.268411,5.933563,0.1589079715,-0.0526314678,0.0513573775
3.196969,0.088225,-0.641217,-0.731327,0.1918989513,-0.122870328,0.0502931523
3.197986,1.26749,3.699737,-5.337907,0.0833479856,-0.1047785003,-0.0667716146
3.199037,0.594997,-9.189041,-1.425436,-0.0145607286,-0.0387965408,-0.1274324483
3.200084,1.692602,-18.677845,-2.491819,-0.0688362114,0.2943059323,-0.0518724624
3.201133,3.89742,-18.558128,-6.13289,-0.1763229519,0.9945660834,0.0556142781
3.202151,1.983215,-9.119605,-2.590291,-0.294451944,1.5905321694,0.0864768075
3.203199,-2.068558,0.795392,1.624802,-0.3274429237,1.5362566866,0.0151737222
3.204248,-3.238216,-2.908665,4.00735,-0.2593325139,0.9903091828,-0.0912487931
3.205297,-3.401536,-15.86688,6.185748,-0.1156621181,0.4486185796,-0.1146617465
3.206346,-3.579266,-22.39148,7.103221,0.0556781316,0.0878462525,-0.0242026084
3.207363,-1.698686,-13.005633,4.141848,0.1855136003,-0.0834939973,0.0662565296
3.208415,1.120983,-0.176713,-4.060169,0.0429074297,-0.0217689384,-0.0784780913
3.209462,0.287571,-12.368736,0.291824,-0.0273314304,0.0803966764,-0.0965699189
3.210511,2.833439,-19.053758,-2.842476,-0.0794784629,0.4922518109,-0.0093034563
3.211528,3.923839,-16.429552,-5.837473,-0.2093139317,1.2286956172,0.0737061057
3.212577,0.309187,-5.544843,-0.570409,-0.3072226458,1.6309727253,0.0673207548
3.213626,-2.656989,1.604682,2.792058,-0.2955161691,1.3276685565,-0.0295237342
3.214675,-3.291055,-6.588779,4.151455,-0.2125066071,0.7646934502,-0.1199828723
3.215692,-3.629703,-20.284453,6.995142,-0.0613866353,0.3421960642,-0.0880561177
3.216741,-2.887559,-21.115292,6.606056,0.1110178396,0.0750755506,0.0311370995
3.217792,-0.526626,-6.885678,0.289422,0.1780640243,-0.0579525936,0.0779630063
3.218839,1.413997,3.218473,-4.66061,0.0939902371,-0.0515672427,-0.0061107808
3.219888,0.655041,-3.943024,-1.624783,-0.0188176292,0.0271854187,-0.0997625944
3.220908,0.474908,-16.702507,1.439866,-0.0539370592,0.1995898936,-0.0678358397
3.221954,3.023178,-19.348263,-3.356453,-0.1039556415,0.6689131864,0.0396509008
3.223003,3.049598,-10.659172,-6.245773,-0.2401764611,1.3180905301,0.0875410327
3.224052,-0.634706,-0.942905,-0.320626,-0.3370209501,1.5192290841,0.0311370995
3.22507,-3.178172,-1.699519,3.961716,-0.3050941955,1.0967316981,-0.0667716146
3.226119,-3.444767,-13.070281,5.383559,-0.1795156274,0.5741971477,-0.1008268195
3.227167,-3.168565,-21.155996,7.36021,-0.0017900267,0.2325808734,-0.0284595091
3.228217,-2.008514,-15.902795,4.319579,0.1450730445,0.0122862666,0.0609354038
3.229234,0.234732,-2.736272,-1.951422,0.155715296,-0.0494387924,0.0524216026
3.230286,1.30832,2.402,-4.093794,0.0567423567,0.0442130212,-0.0444228864
3.231332,0.061805,-8.135528,0.212566,-0.0209460795,0.1453144108,-0.104019495
3.232381,0.662246,-19.810372,1.082003,-0.045423258,0.3304895875,-0.0359090851
3.233398,3.385844,-18.139117,-5.366728,-0.1252401445,0.846638787,0.0715776554
3.234448,-1.780346,0.869617,1.149253,-0.3380851753,1.4245130455,-0.0061107808
3.235496,-3.497606,-5.056396,4.720673,-0.2657178648,0.9370979251,-0.0944414686
3.236546,-3.206993,-16.242792,6.459549,-0.1241759194,0.4741599832,-0.0891203428
3.237594,-2.777077,-20.01868,6.82942,0.037586304,0.1697915893,-0.0061107808
3.238612,-1.299994,-12.677607,2.364544,0.1408161439,-0.026025839,0.0566785032
3.239663,0.84478,-0.763329,-2.626317,0.120595866,-0.0409249911,0.0258159738
3.24071,1.277097,1.178488,-3.673486,0.0194944764,0.0750755506,-0.0710285152
3.241759,0.388445,-10.716636,0.534402,-0.0432948077,0.1825622911,-0.1050837201
3.242776,1.142598,-20.538254,0.519991,-0.0635150856,0.4220129507,-0.0167530324
3.243825,2.811823,-15.974625,-6.0104,-0.1443961973,0.9647677791,0.0886052578
3.244874,1.341945,-4.041192,-4.271524,-0.2646536397,1.3979074166,0.0843483572
3.245923,-2.090173,0.71159,2.496641,-0.2955161691,1.2350809681,-0.0199457078
3.246941,-3.274242,-7.501026,4.52613,-0.211442382,0.7317024704,-0.1029552698
3.24799,-2.923585,-18.960378,6.766974,-0.0667077611,0.3400676139,-0.0699642901
3.249041,-2.2631,-20.047412,5.827885,0.0897333365,0.1080665304,0.0300728744
3.250088,-0.132737,-8.446793,-1.295741,0.1450730445,0.0495341469,0.0705134302
3.251136,1.658977,2.588759,-4.706243,0.0705772837,0.1644704635,-0.0050465557
3.253203,-0.529028,-16.412791,3.020225,-0.0145607286,0.1378648347,-0.097634144
3.252154,0.011368,-2.841623,-0.234162,-0.0113680531,0.1932045427,-0.1093406207
3.254252,2.405925,-19.183053,-2.926538,-0.0443590329,0.4869306851,0.0119810468
3.255301,2.86226,-11.334378,-6.966302,-0.1869652034,1.2159249153,0.0832841321
3.256318,-0.288852,-2.255008,-0.971503,-0.2933877188,1.504329932,0.048164702
3.257367,-2.791488,-0.629245,3.106689,-0.2763601164,1.1031170491,-0.0550651379
3.258417,-3.110922,-10.716636,4.946439,-0.1752587268,0.5912247501,-0.111469071
3.259466,-2.844327,-20.270087,7.691653,-0.0156249537,0.2772783298,-0.0497440121
3.260483,-2.123798,-16.994618,4.655826,0.1269812169,0.1091307555,0.0492289272
3.261534,1.505264,2.057214,-4.564539,0.0567423567,0.1389290598,-0.0242026084
3.262581,-0.211995,-7.898488,0.106888,-0.0283956555,0.1197730071,-0.0986983692
3.26363,0.129055,-18.58686,2.609524,-0.0262672052,0.2006541188,-0.0476155618
3.264679,3.030383,-15.541248,-5.570878,-0.0837353635,0.7231886692,0.0471004769
3.265696,2.208981,-7.831446,-5.333103,-0.2316626599,1.3787513638,0.075834556
3.266745,-1.1727,-1.361916,1.355804,-0.3029657452,1.4457975485,0.0141094971
3.267795,-3.014852,-4.383584,2.960181,-0.2657178648,0.9307125742,-0.083799217
3.268843,-3.178172,-16.233215,6.805403,-0.1433319721,0.4305267519,-0.0997625944
3.26986,-2.827514,-19.925301,7.100819,0.0386505291,0.1910760924,-0.0156888072
3.270912,-1.472921,-12.272962,1.999477,0.1589079715,0.0995527292,0.0577427284
3.271958,1.017707,-0.653189,-2.784834,0.1376234684,0.1133876562,0.0332655499
3.273007,0.986484,0.733139,-4.338774,0.0141733506,0.1548924371,-0.0720927404
3.274025,-0.553046,-12.313666,1.675239,-0.0475517083,0.1006169543,-0.1104048459
3.275073,1.178625,-19.439248,0.195753,-0.0486159335,0.271957204,-0.0220741581
3.276122,3.241738,-14.61703,-6.721322,-0.1358823961,0.943483276,0.0779630063
3.277171,1.068144,-6.002163,-2.595094,-0.2433691366,1.5075226074,0.0917979333
3.27822,-2.306332,0.237509,1.982664,-0.2721032157,1.3415034835,0.0077241462
3.279237,-3.341492,-6.526526,3.8032,-0.2167635077,0.749794298,-0.0880561177
3.280289,-3.504811,-17.624332,7.067195,-0.0762857875,0.2932417071,-0.0806065416
3.281336,-2.757863,-19.003476,5.580504,0.0812195353,0.0857178022,0.0087883713
3.282384,-0.154353,-11.52832,0.769774,0.1663575476,0.0591121733,0.0683849799
3.283402,1.901555,-0.296431,-4.120213,0.1131462899,0.1250941328,0.0162379474
3.284451,0.470105,-1.500788,-2.436578,-0.0103038279,0.1176445568,-0.0891203428
3.2855,-0.970952,-13.563516,3.065859,-0.0475517083,0.0921031531,-0.097634144
3.286549,3.955062,-13.589854,-6.733331,-0.1720660513,1.2116680147,0.0726418805
3.287566,1.003296,-3.933446,-0.808183,-0.2784885667,1.6001101958,0.0492289272
3.288615,-2.705025,-0.526288,3.085073,-0.274231666,1.2159249153,-0.0550651379
3.289667,-3.838656,-11.504377,5.160196,-0.1795156274,0.6071881274,-0.1167901968
3.290713,-3.620096,-18.874182,7.144051,-0.0071111525,0.236837774,-0.0614504888
3.292782,1.041724,-7.247225,-2.196402,0.1589079715,0.0420845709,0.0428435762
3.291762,-1.801962,-15.490967,3.310839,0.141880369,0.0601763985,0.0258159738
3.293828,1.519675,-0.756146,-3.795976,0.0641919328,0.1016811795,-0.021009933
3.294877,-0.593876,-6.176951,0.959514,-0.0060469273,0.0495341469,-0.0795423164
3.295926,0.160278,-14.487735,1.711265,-0.0092396028,0.1378648347,-0.0465513367
3.296944,3.537155,-16.240398,-6.183327,-0.0847995887,0.7444731723,0.0364582253
3.297993,2.953527,-11.614517,-5.174587,-0.2327268851,1.4617609258,0.0811556818
3.299043,-1.023791,-2.360359,2.069128,-0.2933877188,1.5288071105,0.0300728744
3.300091,-3.25743,-3.574294,3.776781,-0.2444333617,0.9839238318,-0.0710285152
3.301108,-3.670533,-14.327314,6.449942,-0.1231116942,0.4603250562,-0.1008268195
3.302159,-3.202189,-18.811929,6.95191,0.0450358801,0.1974614433,-0.0327164097
3.303206,-1.261566,-14.284215,2.602319,0.1663575476,0.0505983721,0.0385866756
3.304255,0.849583,-2.508809,-1.581551,0.162100647,-0.0228331635,0.0215590732
3.305272,0.962466,0.654126,-3.913662,0.0461001052,-0.0015486604,-0.0699642901
3.306321,-0.214397,-11.573813,0.724141,-0.0411663574,0.0729471003,-0.0986983692
3.307371,0.909627,-18.10799,0.716936,-0.0528728341,0.3539025409,-0.0178172575
3.30842,3.373835,-14.061541,-6.999926,-0.1443961973,0.9796669312,0.0641280793
3.309469,1.824699,-7.273563,-3.776761,-0.2784885667,1.4798527534,0.061999629
3.310486,-2.183842,-2.286134,3.111492,-0.3008372949,1.3372465829,-0.0114319066
3.311537,-3.384723,-7.216098,4.197089,-0.2188919581,0.8019413306,-0.0848634422
3.312584,-2.707426,-17.88771,5.289891,0.0907975617,0.1272225831,-0.0167530324
3.313633,-0.802829,-11.84198,0.77698,0.1748713488,-0.0004844353,0.0322013247
3.31465,1.44522,-1.414592,-3.113875,0.1291096672,0.0090935911,0.0034672456
3.315699,0.972073,-1.464873,-3.209946,0.0035310991,0.0931673782,-0.076349641
3.316748,-0.456975,-12.378314,1.824148,-0.0486159335,0.2006541188,-0.0869918925
3.317797,1.188232,-17.83264,-0.973905,-0.0518086089,0.5358850422,-0.0050465557
3.318814,2.742172,-14.209991,-6.610841,-0.1539742237,1.1254657773,0.0651923045
3.319863,0.25875,-5.417942,-0.947486,-0.26678209,1.4266414958,0.0524216026
3.320915,-2.620963,-1.577407,3.478962,-0.2625251894,1.0967316981,-0.0359090851
3.321961,-3.036468,-9.667911,3.786388,-0.1773871771,0.5507841943,-0.1082763956
3.323009,-2.618561,-17.756021,6.452344,-0.0294598807,0.2187459464,-0.0869918925
3.324027,-1.626633,-16.944337,4.956046,0.1195316408,0.0697544249,-0.0124961318
3.325076,0.35482,-8.226513,-0.829799,0.1503941703,0.0356992199,0.0173021725
3.326125,1.572514,-0.756146,-4.242703,0.0641919328,0.1357363844,-0.0316521845
3.327174,0.085823,-5.314985,-1.053163,-0.0209460795,0.2293881979,-0.0944414686
3.328191,-0.596277,-14.035203,1.600784,-0.0337167813,0.3113335347,-0.076349641
3.32924,1.851118,-16.618705,-3.599031,-0.073093112,0.6529498091,0.0034672456
3.330292,2.225793,-11.504377,-4.646199,-0.1901578789,1.1424933797,0.0492289272
3.331338,-0.922917,-3.121762,1.634409,-0.252947163,1.2191175908,0.0130452719
3.332355,-2.724239,-3.679645,3.128305,-0.2146350574,0.8008771054,-0.0710285152
3.334453,-2.41201,-18.481508,6.10649,0.0386505291,0.1697915893,-0.0518724624
3.333404,-2.587338,-13.058309,4.237919,-0.1082125421,0.38263662,-0.1029552698
3.335502,-0.862873,-14.664917,2.073931,0.1323023427,0.0835893518,0.0162379474
3.336551,1.341945,-4.072318,-2.662344,0.0971829126,0.1602135629,0.0173021725
3.337568,0.839976,0.27103,-3.265186,-0.0188176292,0.3017555083,-0.0614504888
3.338617,-1.112656,-8.932846,1.593579,-0.073093112,0.2985628329,-0.1072121704
3.339668,2.634093,-16.47265,-5.602101,-0.12843282,0.8157762576,0.0215590732
3.340716,1.145,-9.325519,-1.696835,-0.2337911102,1.2404020939,0.0471004769
3.341733,-1.982094,-0.423331,3.59905,-0.2380480108,1.0807683208,-0.0156888072
3.342784,-2.827514,-4.101051,2.604721,-0.1763229519,0.6125092532,-0.1093406207
3.34383,-2.733846,-16.429552,6.029633,-0.0539370592,0.3113335347,-0.1135975214
3.34488,-2.046942,-20.839942,6.068062,0.0961186874,0.1687273641,-0.0156888072
3.345897,0.566175,-11.006352,-1.091591,0.1291096672,0.1548924371,0.0513573775
3.346946,1.978412,1.698062,-4.331568,0.0258798273,0.2868563562,-0.0061107808
3.347995,-0.536233,-2.02515,-0.224555,-0.073093112,0.3113335347,-0.1093406207
3.349043,-1.038202,-13.771825,2.727211,-0.0624508605,0.2261955224,-0.1082763956
3.350093,2.465969,-17.456727,-4.122615,-0.0752215623,0.4752242084,-0.0295237342
3.35111,2.672521,-15.835753,-5.811054,-0.1944147795,1.0296855134,0.0385866756
3.352161,-0.860471,-6.361316,2.799263,-0.239112236,1.2286956172,0.0513573775
3.353208,-2.260699,2.246367,2.470222,-0.1869652034,0.8838866674,-0.0359090851
3.354257,-2.476857,-7.072437,2.297295,-0.1156621181,0.465646182,-0.1263682232
3.355274,-3.029262,-18.699394,6.493174,0.0131091254,0.1932045427,-0.0955056937
3.356324,-0.882087,-18.716155,1.509517,0.1184674157,0.0537910475,0.0077241462
3.357372,1.875136,-9.268055,-3.000992,0.0918617868,0.1665989138,0.0534858278
3.358422,0.928842,0.7499,-2.254044,-0.0028542519,0.3847650703,-0.0103676814
3.359439,-1.103049,-4.30457,1.855371,-0.0347810065,0.3358107133,-0.0955056937
3.360487,0.508533,-13.661685,0.769774,-0.0337167813,0.2432231249,-0.097634144
3.361539,2.69894,-17.341799,-6.286603,-0.1241759194,0.6188946041,-0.0284595091
3.363602,-1.691481,-2.580639,3.96652,-0.1869652034,1.2244387166,0.0332655499
3.364652,-2.491268,0.438634,1.497508,-0.1454604225,0.7998128803,-0.0784780913
3.365701,-3.089307,-20.363466,5.390765,0.051421231,0.1080665304,-0.0667716146
3.362586,1.101768,-14.949844,-1.168448,-0.211442382,1.1744201343,0.0460362517
3.36675,-0.216799,-16.422369,0.015621,0.1056967138,0.0867820273,0.0407151259
3.367799,2.088893,-2.441767,-3.440515,0.0450358801,0.3570952163,0.0492289272
3.368816,-0.113523,2.18172,-1.783299,-0.0613866353,0.4858664599,-0.0550651379
3.369865,-1.506545,-9.059747,3.495774,-0.0688362114,0.2740856544,-0.1167901968
3.370916,1.188232,-17.983484,-1.454257,-0.0539370592,0.2666360783,-0.0699642901
3.371963,2.758984,-18.943618,-6.245773,-0.1497173231,0.8083266815,0.0290086492
3.37298,0.201108,-9.612841,1.555151,-0.2071854814,1.2680719479,0.0822199069
3.374029,-1.979692,3.254388,2.400571,-0.1901578789,1.0584195926,-0.0007896551
3.375078,-2.733846,-1.977263,1.456678,-0.1614237998,0.562490671,-0.1370104747
3.376127,-3.579266,-17.404052,6.70693,-0.0496801586,0.250672701,-0.1465885011
3.377144,-1.78515,-22.985278,3.642282,0.0854764359,0.0974242788,-0.0178172575
3.378193,1.582121,-12.35437,-2.133956,0.0918617868,0.1634062384,0.0747703308
3.379242,1.433212,1.990172,-3.591826,-0.0017900267,0.4326552022,0.0215590732
3.380294,-1.189513,-1.18234,1.259734,-0.0528728341,0.4422332286,-0.0912487931
3.38134,-0.175969,-11.84198,2.434196,-0.0379736819,0.20916792,-0.1242397729
3.382357,2.468371,-18.019399,-5.395549,-0.0933133899,0.3996642225,-0.062514714
3.383409,1.418801,-17.8494,-2.278062,-0.1859009783,1.0190432619,0.0385866756
3.384456,-1.223137,-4.83851,3.54381,-0.1752587268,1.2914849012,0.0673207548
3.385505,-2.174235,2.873687,0.993138,-0.1433319721,0.943483276,-0.0465513367
3.387571,-2.913978,-18.953195,5.544478,0.0077879997,0.1112592058,-0.1157259717
3.386522,-2.765069,-7.932008,3.851235,-0.0996987408,0.4443616789,-0.1508454017
3.38862,-0.06789,-19.489529,0.500777,0.072705734,0.0463414715,0.0034672456
3.389669,2.129723,-8.73651,-2.969769,0.0407789794,0.3166546605,0.0630638542
3.390686,0.407659,2.186509,-2.414962,-0.0326525562,0.5529126446,-0.0114319066
3.391735,-0.012649,-14.57872,1.576766,-0.0305241059,0.1197730071,-0.1210470974
3.392787,2.850251,-20.933321,-4.646199,-0.0933133899,0.5007656121,-0.0220741581
3.393833,2.088893,-14.942661,-1.622381,-0.169937601,1.1808054853,0.075834556
3.394882,-0.908507,1.638203,1.190083,-0.1816440777,1.3138336295,0.0311370995
3.395899,-2.503277,2.186509,1.463884,-0.1603595746,0.8200331582,-0.1221113226
3.396948,-3.776211,-13.206758,5.256266,-0.0826711384,0.2772783298,-0.1859648318
3.397997,-3.855469,-23.729921,5.066527,0.0482285555,-0.0228331635,-0.0699642901
3.399046,0.568577,-17.77757,0.407108,0.120595866,0.0229285181,0.0843483572
3.400063,3.57078,0.457789,-5.316291,0.0578065819,0.3932788716,0.0800914566
3.401112,0.085823,3.864947,-2.121947,-0.0507443838,0.5497199691,-0.0646431643
3.402163,-2.721837,-9.7996,5.076134,-0.0326525562,0.2400304494,-0.1402031502
3.40321,-0.12313,-19.774457,-1.34858,-0.0017900267,0.1187087819,-0.0731569655
3.404227,3.491522,-20.435297,-6.39228,-0.1050198666,0.6891334643,0.0577427284
3.405276,2.240204,-7.738066,-0.805782,-0.1954790047,1.3723660129,0.1098897609
3.406325,-1.360038,6.034227,1.379822,-0.2071854814,1.3372465829,-0.0082392311
3.407374,-3.264635,-3.346831,3.678308,-0.1603595746,0.7604365496,-0.1582949778
3.408423,-4.393463,-20.487973,7.624404,-0.0283956555,0.2879205814,-0.1444600508
3.410489,1.817494,-10.783678,-1.624783,0.1333665678,0.1495713114,0.089669483
3.411541,2.13933,2.88087,-4.641396,0.0354578537,0.3975357722,0.0151737222
3.40944,-2.479259,-22.808096,4.696655,0.1131462899,0.0750755506,0.0045314707
3.412587,-1.360038,-0.772906,1.170869,-0.0252029801,0.3315538127,-0.1125332962
3.413604,-1.23995,-13.32887,3.882458,0.0131091254,0.0303780942,-0.139138925
3.414653,2.708547,-20.634028,-4.187463,-0.0081753776,0.2474800255,-0.0444228864
3.415702,4.051132,-17.2987,-5.746206,-0.1401392967,1.0573553674,0.0715776554
3.416751,0.808753,-2.085009,-0.877834,-0.2380480108,1.5490273884,0.0694492051
3.417768,-2.801095,3.699737,2.446204,-0.2423049114,1.2286956172,-0.0603862637
3.418818,-3.997173,-21.670781,5.796663,0.0141733506,0.1921403175,-0.0965699189
3.419867,-1.890827,-22.448944,4.583773,0.1450730445,-0.0324111899,0.048164702
3.420918,1.435613,-5.791461,-1.756879,0.1663575476,0.0112220414,0.0992475094
3.421964,1.303516,6.091691,-4.814323,0.0556781316,0.1421217353,-0.0242026084
3.422981,-1.878818,-5.013297,3.390097,0.0088522248,0.0090935911,-0.1370104747
3.42403,-0.087104,-18.005033,0.404707,0.0322651782,-0.0217689384,-0.0891203428
3.425079,5.285638,-20.090511,-9.500161,-0.0901207145,0.6635920606,0.0300728744
3.426128,3.690868,-12.399863,-3.493353,-0.2635894145,1.5617980903,0.0832841321
3.427145,-1.888425,0.347649,2.859307,-0.294451944,1.6863124333,0.0183663977
3.428194,-3.689747,-0.396993,3.274812,-0.2199561832,1.1297226779,-0.1050837201
3.429243,-3.648917,-12.442961,6.303434,-0.0922491648,0.5688760219,-0.1551023023
3.430294,-3.689747,-22.417818,6.543611,0.0578065819,0.1761769402,-0.0710285152
3.431309,-2.390394,-18.910097,5.31631,0.1876420506,-0.0654021697,0.0534858278
3.432358,0.35482,-0.193474,-0.652069,0.2174403549,-0.0994573746,0.0556142781
3.43341,1.322731,4.770011,-5.155373,0.1056967138,-0.0451818917,-0.076349641
3.434456,0.114644,-9.78284,0.392698,0.0163018009,-0.0164478126,-0.1444600508
3.435474,1.959197,-20.234172,-2.326097,-0.031588331,0.2559938267,-0.0614504888
3.436522,4.735635,-19.391361,-7.165648,-0.1592953494,0.9807311564,0.0513573775
3.437571,1.961599,-7.98229,-1.451856,-0.274231666,1.5958532952,0.075834556
3.438621,-2.337555,1.968623,1.893799,-0.2901950433,1.4660178264,-0.0156888072
3.439669,-3.50241,-3.42345,3.978529,-0.2146350574,0.8636663895,-0.1263682232
3.440687,-3.881888,-15.637022,6.425924,-0.0677719862,0.3326180378,-0.1380746999
3.441735,-3.427955,-22.568662,6.260203,0.0982471377,-0.0164478126,-0.03484486
3.442787,-1.261566,-14.2483,3.779182,0.2206330304,-0.1750173605,0.0662565296
3.443834,1.517273,1.688484,-5.16498,0.0620634825,-0.012190912,-0.0955056937
3.444851,0.371633,-12.893099,0.515188,-0.0007258016,0.0793324512,-0.125303998
3.4459,2.27623,-22.118524,-2.621514,-0.0411663574,0.4603250562,-0.0167530324
3.447998,1.072947,-1.443324,-1.370196,-0.2689105403,1.6852482081,0.0683849799
3.446949,4.048731,-16.558847,-5.542057,-0.1635522501,1.2297598423,0.0917979333
3.449015,-2.909174,1.714822,2.523061,-0.2763601164,1.3723660129,-0.0561293631
3.450064,-4.12927,-9.713404,5.510853,-0.1678091507,0.7721430263,-0.1338177993
3.451113,-3.96595,-20.559803,6.740555,0.0088522248,0.3028197335,-0.0859276674
3.452164,-2.805899,-20.646,6.490772,0.1674217727,-0.0004844353,0.0268801989
3.453211,-0.332084,-7.058071,1.209297,0.2334037322,-0.0824297721,0.0705134302
3.454228,1.416399,3.671005,-5.008865,0.14826572,-0.0132551371,-0.0178172575
3.455277,0.515738,-3.265423,-1.571944,0.0333294034,0.0218642929,-0.125303998
3.456326,0.498926,-16.352933,0.419117,0.0056595494,0.1240299077,-0.1082763956
3.457375,3.280167,-21.333178,-4.646199,-0.0539370592,0.6359222066,0.0087883713
3.458392,3.280167,-12.426201,-4.956027,-0.1944147795,1.3883293902,0.0875410327
3.459441,-0.656321,1.085108,0.078067,-0.2848739176,1.6096882222,0.0322013247
3.46049,-3.555248,-0.574175,3.832021,-0.2593325139,1.123337327,-0.0891203428
3.461541,-4.071627,-13.781402,5.73902,-0.1337539458,0.5369492673,-0.1327535741
3.462556,-3.651319,-22.511197,6.723743,0.0471643304,0.1612777881,-0.0497440121
3.463605,-2.118995,-16.728845,5.145785,0.1940274016,-0.0558241433,0.0556142781
3.464654,0.364427,-0.562203,-1.305348,0.2078623286,-0.1196776525,0.0396509008
3.465703,1.392382,2.378057,-4.811921,0.1078251641,-0.0866866727,-0.076349641
3.466752,0.510935,-9.950444,-0.397482,0.0333294034,-0.0228331635,-0.1306251238
3.467769,1.767057,-19.362629,-1.598363,-0.0060469273,0.2815352304,-0.0571935882
3.468818,4.065543,-18.321087,-6.195336,-0.1114052175,0.9786027061,0.0449720265
3.469868,1.714218,-7.18976,-2.623916,-0.2412406863,1.5564769645,0.0577427284
3.470919,-3.375116,-4.244712,4.295561,-0.2156992826,0.8924004686,-0.1210470974
3.471934,-3.442366,-16.838985,6.358675,-0.0656435359,0.4113706992,-0.1167901968
3.472983,-3.363107,-22.113735,7.160863,0.1056967138,0.1048738549,-0.0146245821
3.474034,-1.506545,-11.655221,3.457346,0.2216972556,-0.0696590703,0.0609354038
3.475081,0.635827,1.662146,-2.782432,0.1929631764,-0.1377694801,0.006659921
3.476098,0.748709,-0.966848,-3.274793,0.072705734,-0.1260630034,-0.0933772434
3.477147,0.928842,-12.385497,-0.409491,0.0035310991,0.0335707696,-0.0965699189
3.478196,3.35222,-18.629958,-3.894448,-0.0688362114,0.5199216648,-0.0082392311
3.479245,3.414665,-15.826176,-5.371531,-0.2029285807,1.2318882926,0.0641280793
3.480295,-0.365708,-5.20724,0.291824,-0.2795527918,1.5468989381,0.0524216026
3.481311,-2.858737,0.359621,2.861709,-0.2508187127,1.1967688626,-0.0359090851
3.48236,-3.324679,-7.970318,3.918485,-0.1582311243,0.65933516,-0.1125332962
3.483412,-3.497606,-19.807978,6.584441,0.0045953242,0.2751498795,-0.0752854158
3.484458,-2.318341,-19.539811,5.789457,0.1769997991,0.0250569684,0.0279444241
3.485476,0.29958,-5.733996,-0.779362,0.2238257059,-0.0632737194,0.0502931523
3.486525,1.598933,2.892842,-5.047294,0.1291096672,-0.0164478126,-0.0465513367
3.487574,0.174688,-4.723581,-0.731327,0.0386505291,0.0356992199,-0.1338177993
3.488623,0.390847,-16.819831,0.383091,0.0163018009,0.1868191918,-0.0944414686
3.48964,3.313791,-19.898963,-4.847947,-0.0496801586,0.6901976894,0.0183663977
3.490689,2.886278,-11.300857,-5.095329,-0.1869652034,1.3372465829,0.0715776554
3.491738,-0.973354,-0.883046,0.637677,-0.26678209,1.4713389522,0.0130452719
3.49279,-3.067691,-1.467267,3.916083,-0.225277309,1.0137221361,-0.0912487931
3.493805,-3.235814,-12.481271,5.222641,-0.0986345157,0.5018298372,-0.1327535741
3.494854,-3.219002,-20.966842,6.723743,0.0695130586,0.1719200396,-0.0646431643
3.495903,-1.960478,-16.47265,4.324382,0.2131834543,-0.0143193623,0.0322013247
3.496952,1.353953,2.981433,-4.281131,0.1184674157,0.0271854187,-0.0710285152
3.498001,-0.0823,-8.212147,0.839425,0.0386505291,0.0857178022,-0.1284966735
3.499018,0.964868,-19.422487,0.589642,0.0173660261,0.2985628329,-0.0540009127
3.500067,3.537155,-18.112779,-6.101667,-0.0794784629,0.8817582171,0.0545500529
3.501116,1.961599,-7.230464,-4.120213,-0.2263415341,1.4468617737,0.0694492051
3.502168,-1.994103,0.716379,2.201225,-0.2752958912,1.3819440393,-0.0188814827
3.503182,-3.418348,-4.381189,4.353203,-0.2125066071,0.846638787,-0.1199828723
3.504231,-3.238216,-15.637022,6.603655,-0.0752215623,0.3719943685,-0.1274324483
3.505281,-3.031664,-20.923744,6.848634,0.0897333365,0.0644332991,-0.0412302109
3.50633,-1.23995,-13.460559,2.410178,0.1982843022,-0.1005215997,0.0385866756
3.507347,1.368364,1.437078,-3.049027,0.1748713488,-0.0739159709,0.0045314707
3.508396,0.96727,2.081157,-3.832002,0.0567423567,0.0356992199,-0.1104048459
3.509445,-0.382521,-13.735909,1.651221,0.00991645,0.1197730071,-0.1306251238
3.510494,2.014438,-21.78571,-0.611239,-0.0007258016,0.4156275998,-0.0199457078
3.511545,4.21205,-14.473369,-7.737267,-0.1241759194,1.0509700165,0.0705134302
3.512561,1.284302,-2.855989,-3.690298,-0.2678463151,1.4862381044,0.0407151259
3.513609,-2.623365,1.101869,2.897736,-0.274231666,1.2840353252,-0.0657073894
3.514661,-3.442366,-8.238485,4.97526,-0.1624880249,0.7859779533,-0.1380746999
3.515707,-3.37992,-19.791217,7.091212,0.0014026488,0.3922146464,-0.0965699189
3.516725,-2.954808,-20.052201,6.068062,0.155715296,0.1016811795,0.0130452719
3.517774,-0.713964,-6.885678,0.445536,0.2142476795,-0.0568883684,0.0524216026
3.518822,1.096965,3.876919,-4.617378,0.1472014948,-0.0451818917,-0.0380375354
3.519872,0.01377,-4.587103,-1.696835,0.0503570058,0.0208000678,-0.1348820244
3.520889,0.081019,-17.753626,2.311706,0.0354578537,0.139993285,-0.0997625944
3.521938,3.073615,-18.481508,-4.076982,-0.0145607286,0.5263070158,0.0045314707
3.522987,-0.639509,-2.0467,-0.522374,-0.2710389906,1.3840724896,0.0034672456
3.524038,-2.995638,-1.642055,3.618264,-0.2178277329,1.0626764932,-0.083799217
3.525085,-3.041271,-11.257759,4.737485,-0.0996987408,0.5933532004,-0.1274324483
3.526102,-2.981227,-21.244587,7.168069,0.0503570058,0.2485442507,-0.062514714
3.527151,-2.056549,-17.866161,5.150589,0.1918989513,0.0229285181,0.0385866756
3.5282,0.446087,-2.429795,-1.961029,0.2153119046,-0.026025839,0.0375224505
3.529249,1.779065,3.457908,-5.484414,0.1078251641,0.0942316034,-0.0742211907
3.530266,0.114644,-8.542567,0.462349,0.0269440524,0.181498066,-0.1465885011
3.531316,0.049797,-19.530233,2.736818,0.0248156021,0.2623791777,-0.0816707667
3.532365,2.732565,-17.645881,-4.514102,-0.0305241059,0.6912619146,0.0300728744
3.533416,2.499594,-7.649475,-5.835072,-0.1710018261,1.3095767289,0.0598711787
3.534431,-0.867677,0.441029,0.202958,-0.2497544875,1.4128065688,-0.0156888072
3.53548,-3.084503,-3.488097,3.96652,-0.2071854814,0.9360336999,-0.1199828723
3.536529,-3.322277,-16.293074,6.843831,-0.0837353635,0.4464901292,-0.1327535741
3.537578,-2.899567,-21.838385,8.075935,0.0812195353,0.153828212,-0.0422944361
3.538627,-1.446501,-12.653664,2.979396,0.1950916267,-0.0153835874,0.0311370995
3.539644,0.988886,0.134552,-3.558201,0.1684859979,-0.0132551371,-0.0039823305
3.540693,1.18583,0.589478,-4.067375,0.0567423567,0.0942316034,-0.1072121704
3.541742,-0.31287,-11.607334,1.495107,0.0056595494,0.112323431,-0.1433958257
3.542793,0.880806,-19.812766,0.894666,0.0088522248,0.2687645286,-0.0571935882
3.543808,3.22973,-15.524488,-6.25538,-0.0677719862,0.8700517404,0.0492289272
3.544857,1.97601,-5.561603,-4.881572,-0.1986716801,1.4457975485,0.061999629
3.545906,-1.600214,0.455395,1.475892,-0.246561812,1.3681091123,-0.0316521845
3.546955,-3.235814,-6.356527,4.113027,-0.1741945016,0.8179047079,-0.1306251238
3.547972,-3.51682,-19.113616,6.867848,-0.031588331,0.3241042366,-0.1199828723
3.549021,-0.502609,-8.374963,0.299029,0.2302110568,0.0314423193,0.0375224505
3.55007,1.421203,1.810596,-4.982446,0.1599721966,0.0772040009,-0.0316521845
3.551119,-0.175969,-3.595843,-1.456659,0.0535496813,0.0388918954,-0.131689349
3.55217,-0.918114,-15.00252,2.609524,0.0386505291,-0.0079340114,-0.1210470974
3.553185,2.165749,-17.839823,-2.686361,0.0045953242,0.3592236666,-0.0188814827
3.554235,3.345014,-13.424644,-6.279398,-0.1305612703,1.1201446515,0.0556142781
3.555286,0.316392,-4.220768,-1.036351,-0.2274057593,1.4819812038,0.0353940002
3.556333,-2.635374,0.76666,2.388562,-0.225277309,1.1222731018,-0.0720927404
3.55735,-3.283849,-9.143549,4.862377,-0.1518457734,0.5752613728,-0.1519096269
3.558399,-3.226207,-21.024307,7.775715,-0.0007258016,0.2293881979,-0.0955056937
3.559448,-2.436027,-19.238123,5.049715,0.1631648721,0.0793324512,0.0215590732
3.560497,0.234732,-6.205683,-0.988316,0.2259541562,0.0623048488,0.0545500529
3.561514,1.843913,3.146643,-4.948821,0.1397519187,0.1080665304,-0.0412302109
3.562563,-0.161558,-5.159353,-0.861022,0.037586304,0.0974242788,-0.1380746999
3.563612,-0.255227,-17.586022,2.460615,0.0258798273,0.1825622911,-0.0986983692
3.564663,3.150472,-17.8494,-4.418032,-0.0145607286,0.700839941,0.0087883713
3.565678,2.845448,-10.769312,-5.861491,-0.1401392967,1.3691733375,0.0524216026
3.566727,-0.999773,-1.771349,0.760167,-0.2146350574,1.4553755749,-0.0050465557
3.567776,-3.170966,-2.551907,3.306035,-0.1890936538,0.9275198987,-0.1104048459
3.568825,-3.574463,-14.035203,5.823082,-0.0890564893,0.3911504213,-0.1412673753
3.569874,-3.231011,-18.653902,6.61086,0.0758984095,0.1112592058,-0.0699642901
3.570891,-1.352833,-13.97295,2.025896,0.2067981034,-0.0079340114,0.0045314707
3.57194,1.132991,-4.503301,-2.731995,0.2046696531,0.0069651408,-0.0018538802
3.572989,1.08976,0.570323,-3.978509,0.0982471377,0.0654975242,-0.090184568
3.57404,-0.665929,-8.789185,0.813006,0.0312009531,0.0314423193,-0.1412673753
3.575055,0.522944,-18.955589,1.106021,0.0280082776,0.1963972181,-0.0689000649
3.576104,2.473175,-6.006952,-4.446853,-0.1827083028,1.4202561448,0.0502931523
3.577153,-1.823578,0.587084,2.744023,-0.2423049114,1.3170263049,-0.0412302109
3.578202,-3.39433,-6.979058,5.049715,-0.1773871771,0.7710788011,-0.125303998
3.57922,-3.132538,-17.559684,6.786189,-0.0294598807,0.3315538127,-0.1093406207
3.580268,-2.962013,-18.357002,5.837493,0.1312381175,0.1016811795,-0.0273952839
3.581317,-1.021389,-11.221843,0.793792,0.2216972556,0.0059009156,0.0279444241
3.582366,1.344346,-0.267699,-2.931341,0.1823209249,0.0208000678,-0.0124961318
3.583418,0.645434,-0.966848,-2.499024,0.0684488334,0.0303780942,-0.1104048459
3.584432,-0.348896,-13.395912,2.131573,0.0258798273,0.0484699218,-0.1210470974
3.585481,2.120116,-18.450382,-1.605568,0.0088522248,0.4262698513,-0.0273952839
3.58653,3.683663,-14.145343,-7.225692,-0.1188547936,1.1765485847,0.0556142781
3.587579,0.621416,-4.905552,-1.341375,-0.2316626599,1.5660549909,0.0417793511
3.588597,-2.858737,-0.68671,3.068261,-0.2274057593,1.2074111141,-0.0550651379
3.589646,-3.463981,-9.548194,4.432462,-0.142267747,0.6157019287,-0.1263682232
3.590695,-3.151752,-18.21813,6.572432,0.0226871518,0.2496084758,-0.0923130183
3.591744,-2.215065,-17.377714,4.3484,0.1865778255,0.0772040009,-0.0093034563
3.592761,-0.019855,-7.711728,0.174137,0.2461744341,0.0048366905,0.0162379474
3.59381,1.101768,1.269473,-3.493353,0.1727428985,-0.0175120377,-0.0529366876
3.594859,-0.147148,-5.420337,-1.161242,0.0684488334,-0.0387965408,-0.125303998
3.59591,0.241938,-16.578001,1.370215,0.0301367279,0.1250941328,-0.0816707667
3.596957,3.133659,-16.372087,-5.088124,-0.0305241059,0.6912619146,0.0130452719
3.597974,2.655709,-9.730164,-6.284201,-0.1710018261,1.3276685565,0.0439078014
3.599023,-1.283181,-2.829652,1.375018,-0.2497544875,1.4149350191,-0.0061107808
3.601121,-2.868344,-18.986716,6.675707,0.0907975617,0.1751127151,-0.0529366876
3.600072,-3.194984,-3.840067,4.350802,-0.1986716801,0.943483276,-0.0869918925
3.602138,-1.59541,-14.504495,3.488569,0.2270183813,0.0314423193,0.0162379474
3.603187,0.443686,-3.679645,-1.56714,0.2259541562,-0.0270900641,0.0077241462
3.604236,1.036921,-0.643611,-3.887242,0.1152747402,0.0208000678,-0.0678358397
3.605287,0.261152,-9.818755,-0.267787,0.0322651782,0.1187087819,-0.1018910447
3.606302,1.159411,-15.323363,-0.154904,0.0077879997,0.3975357722,-0.0454871115
3.607351,2.550031,-14.394355,-5.880705,-0.0762857875,0.9647677791,0.0226232983
3.6084,0.753513,-9.615236,-2.282865,-0.1795156274,1.3787513638,0.0375224505
3.609449,-2.054147,-2.341204,3.077868,-0.1869652034,1.2031542135,-0.0156888072
3.610498,-2.904371,-5.159353,2.928959,-0.1273685948,0.6710416367,-0.0944414686
3.611516,-2.810702,-15.780683,6.164132,-0.0049827022,0.2485442507,-0.1050837201
3.612565,-2.087772,-18.960378,6.192953,0.1610364218,0.0367634451,-0.0369733103
3.613614,-0.04147,-11.121281,0.339859,0.2365964077,-0.0281542893,0.0119810468
3.614665,1.598933,-1.34755,-4.199472,0.1599721966,0.0580479482,-0.0242026084
3.61568,0.474908,-3.433027,-2.7392,0.0365220788,0.181498066,-0.0955056937
3.616729,-0.843659,-12.526763,2.46782,0.0205587015,0.2272597476,-0.0944414686
3.617778,1.255481,-14.968999,-1.939413,0.0269440524,0.451811255,-0.0273952839
3.618827,2.915099,-13.103801,-7.08639,-0.0911849396,1.0084010104,0.0290086492
3.619844,0.232331,-7.031733,0.04204,-0.1880294286,1.352145735,0.0322013247
3.620893,-2.743453,-2.168811,3.635077,-0.156102674,1.0743829699,-0.0337806348
3.621942,-3.154154,-9.440448,3.702326,-0.073093112,0.5603622207,-0.0955056937
3.622991,-2.72664,-17.487854,6.990338,0.065256158,0.2251312973,-0.0720927404
3.624008,-1.506545,-16.276313,3.964118,0.1982843022,0.0654975242,-0.0093034563
3.625057,0.909627,-7.802714,-1.790504,0.2025412028,0.0825251267,0.006659921
3.626106,1.692602,-0.895018,-3.793574,0.0939902371,0.2379019991,-0.0508082373
3.627155,-0.57226,-5.827376,0.438331,0.0163018009,0.2336450985,-0.1135975214
3.628204,2.22099,-15.49815,-4.557334,0.0109806751,0.4805453342,-0.0135603569
3.629221,2.722958,-12.76141,-5.897517,-0.1305612703,1.0977959233,0.0471004769
3.63027,-1.038202,-5.022875,2.664765,-0.197607455,1.2765857491,0.0375224505
3.631319,-3.086905,-2.791342,3.961716,-0.1475888728,0.8626021643,-0.0412302109
3.632368,-2.668998,-11.217055,4.084206,-0.0507443838,0.3943430967,-0.0944414686
3.633385,-2.476857,-17.260391,5.695789,0.0854764359,0.1336079341,-0.0678358397
3.634434,-0.908507,-15.182096,1.713667,0.1844493752,0.0367634451,-0.0061107808
3.635483,1.356355,-5.544843,-2.145965,0.1684859979,0.126158358,0.0024030204
3.636532,0.698272,-0.365867,-2.883306,0.079091085,0.2325808734,-0.0657073894
3.63755,-0.99497,-9.52425,1.391831,0.0429074297,0.1719200396,-0.1082763956
3.638598,0.683862,-16.506171,-0.080449,0.0461001052,0.2687645286,-0.0561293631
3.639648,3.047196,-14.509284,-7.662813,-0.0613866353,0.8210973833,0.0226232983
3.640697,1.060938,-8.228908,-1.941815,-0.1880294286,1.3191547552,0.0439078014
3.641746,-2.354367,-2.312472,4.326784,-0.1784514022,1.172291684,-0.0103676814
3.642763,-3.007647,-6.80427,2.417383,-0.1050198666,0.6508213587,-0.0880561177
3.643812,-2.484062,-14.389567,5.347533,0.0173660261,0.2762141047,-0.0986983692
3.644861,-1.953273,-16.791098,4.727878,0.1567795212,0.0761397758,-0.0433586612
3.645912,-0.300861,-13.065492,-0.142895,0.2036054279,0.0069651408,0.0109168216
3.646927,1.346748,-2.561485,-2.297276,0.1578437463,0.1421217353,0.0002745701
3.647976,0.527747,-1.323606,-1.970636,0.079091085,0.2602507274,-0.0806065416
3.649025,-0.233611,-11.839585,1.338992,0.0492927807,0.2208743967,-0.1093406207
3.650074,1.695004,-17.416023,-2.335704,0.0163018009,0.4081780237,-0.0476155618
3.651091,2.422738,-15.433503,-4.593361,-0.086928039,0.9658320042,0.0290086492
3.65214,-0.353699,-6.399625,2.503847,-0.1358823961,1.2627508221,0.0439078014
3.653189,-2.37118,0.709196,2.828085,-0.1103409924,0.9519970772,-0.0401659857
3.654238,-3.060485,-18.189398,6.598851,0.0769626347,0.2155532709,-0.0986983692
3.655289,-1.328815,-18.079258,2.191618,0.1865778255,0.0761397758,-0.0018538802
3.656304,1.488452,-8.063698,-2.6023,0.1642290973,0.1527639868,0.0396509008
3.657353,1.029716,1.255107,-3.318025,0.0609992574,0.3453887396,-0.0252668336
3.658403,-1.364841,-5.772306,1.567159,0.0216229267,0.3028197335,-0.1018910447
3.659452,0.306785,-14.787029,1.439866,0.0471643304,0.2112963703,-0.0869918925
3.660469,3.597199,-15.917161,-7.456261,-0.0283956555,0.5741971477,-0.0178172575
3.661518,1.988019,-13.915486,-3.183526,-0.1507815482,1.1297226779,0.0375224505
3.662567,-1.741918,-4.510484,4.408444,-0.142267747,1.1914477368,0.0332655499
3.663616,-2.498473,-0.191079,2.141181,-0.0773500126,0.7572438741,-0.0561293631
3.664633,-2.433625,-9.588898,4.213901,0.0077879997,0.3251684617,-0.1263682232
3.665682,-2.882755,-19.355446,5.746226,0.1323023427,0.0452772463,-0.0806065416
3.666731,-0.716366,-18.045737,1.106021,0.2121192292,-0.0430534414,0.0247517486
3.66778,1.834306,-4.510484,-2.90252,0.1780640243,0.167663139,0.0502931523
3.668829,0.474908,1.83454,-2.191598,0.072705734,0.3719943685,-0.0444228864
3.669846,-1.319208,-8.544962,3.51739,0.0450358801,0.250672701,-0.1157259717
3.670895,0.912029,-16.223638,-0.491151,0.0471643304,0.2261955224,-0.083799217
3.671944,3.109642,-17.054477,-7.48268,-0.0667077611,0.7583080993,0.0013387952
3.672993,0.68146,-11.150013,0.051647,-0.1529099985,1.3074482786,0.0566785032
3.674011,-2.315939,-0.001926,3.841628,-0.1199190188,1.186126611,0.0077241462
3.67506,-2.88996,-2.530358,2.234849,-0.0656435359,0.6859407888,-0.1008268195
3.676108,-3.007647,-13.838866,6.020026,0.0365220788,0.319847336,-0.1284966735
3.677157,-2.368778,-20.526282,4.355605,0.1631648721,0.0963600537,-0.0444228864
3.678175,0.097832,-15.593924,-0.671283,0.1961558519,0.07081865,0.0524216026
3.679223,1.67579,0.010046,-4.062571,0.1227243163,0.3028197335,0.0385866756
3.680273,-1.384055,-10.999169,3.037038,0.0354578537,0.1602135629,-0.1359462496
3.681322,1.534086,-19.738541,-3.550996,0.0184302512,0.2389662243,-0.0667716146
3.68237,2.934313,-18.929252,-5.575681,-0.0922491648,0.8274827343,0.0460362517
3.683388,0.297178,-5.585547,1.367813,-0.1443961973,1.2404020939,0.0779630063
3.684437,-1.955675,4.039735,2.153189,-0.114597893,1.0147863613,-0.0305879594
3.685485,-2.587338,-5.7747,3.274812,-0.0422305825,0.5358850422,-0.1476527263
3.686537,-3.120529,-19.525444,5.652557,0.0833479856,0.1719200396,-0.1338177993
3.687552,-1.511349,-22.2981,3.514988,0.2014769776,0.0005797899,-0.007175006
3.688601,1.221857,-9.306365,-0.873031,0.2185045801,0.1346721592,0.0705134302
3.68965,1.289106,4.403676,-4.590959,0.1184674157,0.3847650703,-0.0114319066
3.690699,-1.153486,-2.899088,1.425455,0.0609992574,0.3177188857,-0.1348820244
3.691716,-0.680339,-15.579558,2.294893,0.0705772837,0.126158358,-0.1348820244
3.692765,2.523612,-19.61643,-6.221755,-0.0113680531,0.4677746323,-0.0252668336
3.693815,2.163347,-14.195624,-1.209278,-0.114597893,1.1573925319,0.0694492051
3.694863,-0.966149,-0.684315,3.255598,-0.1188547936,1.3095767289,0.0417793511
3.695881,-2.529696,0.967785,0.748158,-0.0965060654,0.8264185091,-0.0912487931
3.69693,-3.274242,-11.226632,5.066527,-0.0198818543,0.3294253623,-0.1625518784
3.697979,-3.199788,-21.43374,5.609325,0.1131462899,0.0229285181,-0.0869918925
3.699028,-0.293655,-19.41291,2.124368,0.1918989513,-0.095200474,0.0428435762
3.700077,2.132124,-3.31331,-2.088323,0.1684859979,0.1038096298,0.0737061057
3.701094,0.736701,4.489872,-3.723923,0.0663203831,0.3368749384,-0.0380375354
3.702143,-0.771606,-6.524131,2.323714,0.0386505291,0.2347093237,-0.1327535741
3.703192,1.447622,-18.09123,-1.495087,0.0429074297,0.2038467942,-0.104019495
3.704241,3.330604,-21.977257,-6.430709,-0.0560655095,0.7508585232,0.0151737222
3.705258,0.948056,-11.612122,1.252529,-0.1135336678,1.3500172847,0.1013759597
3.706307,-2.414411,-0.294036,1.154056,-0.059258185,0.7476658477,-0.131689349
3.707356,-3.591275,-17.471093,5.727011,0.0492927807,0.3028197335,-0.1614876533
3.708405,-2.719435,-23.516824,4.242722,0.1929631764,0.0410203457,-0.0359090851
3.709422,1.036921,-13.192392,-0.695301,0.2270183813,0.0612406236,0.0715776554
3.710472,2.01684,2.476225,-4.87917,0.1408161439,0.3177188857,0.0247517486
3.711521,-1.107853,0.366804,0.255797,0.0716415089,0.3166546605,-0.1029552698
3.71257,-1.600214,-12.40944,3.623068,0.0939902371,0.0537910475,-0.1402031502
3.713619,1.956796,-20.346706,-4.819126,0.0609992574,0.2219386218,-0.0550651379
3.714636,3.395451,-18.953195,-4.607771,-0.0624508605,0.9488044018,0.0598711787
3.715685,0.246741,-4.055558,1.026763,-0.1252401445,1.4149350191,0.0747703308
3.716734,-2.798693,4.307902,1.696855,-0.1241759194,1.1339795785,-0.0529366876
3.717783,-3.663328,-6.923988,4.819145,-0.0518086089,0.5720686974,-0.1636161036
3.7188,-3.766603,-19.740936,6.012821,0.0918617868,0.1506355365,-0.1263682232
3.719849,-2.054147,-21.905427,3.865646,0.211055004,-0.0877508979,0.0087883713
3.720898,0.861592,-9.110028,-0.5584,0.238724858,-0.0026128856,0.0886052578
3.721948,1.52688,4.066072,-5.184194,0.1514583954,0.2815352304,0.0141094971
3.722965,-0.850864,-2.199938,1.36301,0.0961186874,0.2613149525,-0.1082763956
3.724014,-0.202388,-13.762247,2.24926,0.1131462899,0.084653577,-0.1284966735
3.725063,3.330604,-21.37867,-6.281799,0.0386505291,0.4464901292,-0.03484486
3.726112,2.763788,-18.177426,-2.280464,-0.0773500126,1.1871908362,0.0768987812
3.727163,-0.639509,0.120186,1.603186,-0.1177905685,1.4319626215,0.0577427284
3.728178,-2.642579,4.303113,1.146851,-0.1199190188,0.9903091828,-0.0955056937
3.729227,-3.622498,-10.798044,5.299498,-0.0411663574,0.4475543544,-0.1795794809
3.730276,-3.591275,-22.506408,5.330721,0.1110178396,0.0995527292,-0.0965699189
3.731325,-0.814838,-19.822344,3.003413,0.2195688053,-0.061145269,0.0439078014
3.732342,1.810288,-3.612604,-2.237232,0.2099907789,0.0527268224,0.0737061057
3.733391,-1.326413,-6.811453,3.277214,0.0897333365,0.1006169543,-0.1295608987
3.734441,1.190634,-17.131096,-0.594427,0.0982471377,0.1133876562,-0.0933772434
3.735489,4.135194,-21.500782,-6.875035,-0.0124322782,0.7338309207,0.0141094971
3.736507,1.822297,-12.136485,-0.666479,-0.1199190188,1.4426048731,0.0854125824
3.737556,-1.720302,4.468323,1.872183,-0.1380108464,1.448990224,0.0087883713
3.738604,-2.813104,1.056376,2.234849,-0.1082125421,0.8796297668,-0.1476527263
3.739653,-3.874683,-16.005752,5.830287,-0.0017900267,0.3230400114,-0.1859648318
3.740702,-3.735381,-25.425119,6.224176,0.1578437463,-0.0164478126,-0.0529366876
3.74172,-0.584269,-16.403214,3.315642,0.2738442881,-0.1005215997,0.0907337082
3.742769,1.89435,3.740441,-3.844011,0.2365964077,0.056983723,0.061999629
3.743818,0.107439,3.122699,-3.169116,0.106760939,0.1293510335,-0.090184568
3.744867,-1.343225,-13.199575,3.361276,0.0876048862,0.0101578162,-0.1380746999
3.745884,2.355488,-20.806421,-4.040955,0.0684488334,0.2357735488,-0.0476155618
3.746933,4.805286,-18.488691,-7.22329,-0.0879922642,1.0041441098,0.0513573775
3.747982,1.000894,-4.682877,0.666499,-0.1890936538,1.5383851369,0.0556142781
3.749031,-2.781881,4.070861,1.780916,-0.1752587268,1.2989344773,-0.0593220385
3.750049,-3.564855,-6.770749,3.908877,-0.0816069132,0.7050968416,-0.1657445539
3.751098,-3.963548,-19.925301,6.507584,0.0833479856,0.2347093237,-0.1327535741
3.752147,-2.928388,-22.417818,5.244257,0.2355321826,-0.0377323157,0.0045314707
3.753196,-0.046274,-9.356646,1.855371,0.3015141421,-0.0728517457,0.0875410327
3.754213,1.550898,5.239303,-4.434844,0.2238257059,0.0367634451,0.0013387952
3.755262,-0.029462,-1.637266,-0.861022,0.1216600911,0.0176073923,-0.1284966735
3.756311,0.167483,-15.014492,0.81781,0.1046324887,0.0250569684,-0.1327535741
3.75736,3.282568,-21.843174,-6.975909,0.0248156021,0.5039582875,-0.0295237342
3.758412,0.025779,1.276656,0.291824,-0.1763229519,1.5298713357,0.0407151259
3.759426,-2.976424,3.024531,1.538338,-0.1688733758,1.0988601484,-0.1018910447
3.760475,-4.045208,-13.774219,6.682913,-0.0518086089,0.5231143403,-0.1561665275
3.761524,-3.58407,-21.675569,6.591646,0.1408161439,0.1580851126,-0.0614504888
3.762573,-1.806766,-16.795887,4.667834,0.2749085132,-0.0366680905,0.0524216026
3.76359,0.534953,-2.875144,-0.433508,0.2866149899,-0.0526314678,0.0588069535
3.764639,1.108974,2.251156,-5.337907,0.1897705009,0.0346349948,-0.0497440121
3.765689,-0.053479,-8.645524,0.459947,0.1259169917,0.0325065445,-0.1242397729
3.766737,0.991287,-17.389685,-0.323027,0.1099536144,0.1506355365,-0.0795423164
3.767754,3.664449,-18.424044,-6.130488,0.00991645,0.7412804968,0.0162379474
3.768804,2.413131,-10.376638,-2.662344,-0.12843282,1.4234488203,0.0588069535
3.769853,-1.713097,0.201594,1.454277,-0.1901578789,1.4681462768,-0.0103676814
3.770902,-3.370313,-2.741061,3.872851,-0.1401392967,0.915813422,-0.1189186471
3.77195,-3.221403,-13.498869,5.791859,-0.0071111525,0.3624163421,-0.1508454017
3.772968,-3.29826,-20.871068,6.368282,0.155715296,0.0537910475,-0.0667716146
3.774017,-1.705892,-15.71843,4.787922,0.2983214666,-0.0473103421,0.0449720265
3.775066,1.149804,0.203988,-2.938546,0.2961930163,0.0027082402,0.0364582253
3.776115,0.734299,0.955814,-5.066508,0.1674217727,0.0346349948,-0.076349641
3.777132,-0.73558,-11.43494,1.144449,0.1110178396,-0.0185762629,-0.1189186471
3.778181,2.208981,-17.923625,-3.20274,0.0801553101,0.2336450985,-0.0454871115
3.77923,4.591529,-17.609966,-6.997524,-0.0571297347,0.97115313,0.0428435762
3.780279,0.948056,-7.560884,-0.294206,-0.1603595746,1.5149721835,0.0556142781
3.781297,-2.892362,1.044404,2.013887,-0.1550384488,1.3085125037,-0.0295237342
3.782346,-3.005245,-4.613441,3.320446,-0.0805426881,0.7189317686,-0.1306251238
3.783395,-3.219002,-16.293074,5.971991,0.0556781316,0.2623791777,-0.1327535741
3.784444,-3.425553,-22.726689,6.704529,0.2153119046,0.0218642929,-0.021009933
3.785493,1.26749,4.564097,-4.113008,0.2898076654,-0.0356038654,0.0130452719
3.78651,0.976877,-0.85192,-4.348381,0.1333665678,-0.0153835874,-0.1167901968
3.787559,0.076216,-15.280264,0.580035,0.0599350322,0.0729471003,-0.1263682232
3.788608,2.489987,-20.483184,-3.219553,0.0141733506,0.465646182,-0.0242026084
3.789657,3.441085,-15.483784,-4.434844,-0.0975702905,1.1350438037,0.0566785032
3.790675,-0.048676,-3.157677,0.35427,-0.1710018261,1.4649536013,0.0332655499
3.791723,-2.901969,0.570323,2.924155,-0.1454604225,1.1212088767,-0.0689000649
3.792772,-3.279046,-8.006233,4.81194,-0.0475517083,0.5688760219,-0.1433958257
3.793821,-3.46158,-18.888548,5.984,0.1025040383,0.1942687678,-0.1061479453
3.794838,-2.839523,-20.7729,6.183346,0.2600093611,-0.0175120377,0.0119810468
3.795887,-0.053479,-6.284697,0.282217,0.3142848439,-0.0760444212,0.0588069535
3.796936,1.757449,3.790722,-5.75101,0.2067981034,-0.0313469647,-0.0369733103
3.797985,0.032984,-5.264704,-0.738532,0.0918617868,-0.0111266868,-0.1338177993
3.799034,0.467703,-17.18856,0.176539,0.0609992574,0.1346721592,-0.0944414686
3.800051,4.077552,-19.673894,-5.609306,-0.0166891789,0.6827481134,0.0162379474
3.8011,2.907894,-10.817199,-3.723923,-0.142267747,1.3138336295,0.0630638542
3.802149,-1.669865,-0.250938,1.507115,-0.1912221041,1.3670448872,0.0002745701
3.803198,-3.202189,-2.429795,3.875253,-0.1316254955,0.8838866674,-0.0997625944
3.804215,-2.945201,-13.154083,5.825484,0.0045953242,0.4039211231,-0.1274324483
3.80838,0.849583,0.426663,-3.851216,0.1493299451,0.0463414715,-0.0848634422
3.809429,-0.793222,-10.383821,2.011485,0.1056967138,0.0122862666,-0.1284966735
3.806314,-1.489733,-15.076745,3.493373,0.2866149899,-0.0430534414,0.0407151259
3.811527,1.519675,-8.10919,-2.052296,-0.169937601,1.4851738792,0.0641280793
3.812576,-2.320743,2.045242,2.583105,-0.183772528,1.3595953111,-0.0242026084
3.810477,1.714218,-17.88771,-1.651202,0.0918617868,0.2070394697,-0.0571935882
3.814642,-3.684944,-17.236447,6.368282,0.0280082776,0.3315538127,-0.1412673753
3.813593,-3.336688,-3.454577,3.89927,-0.1167263433,0.7998128803,-0.1380746999
3.81674,-0.961345,-11.530714,2.155591,0.3206701948,-0.1218061028,0.0662565296
3.817757,1.606138,3.893679,-4.826331,0.2568166856,-0.0920077985,0.0077241462
3.815691,-3.363107,-23.047531,6.771778,0.2131834543,0.0335707696,-0.0242026084
3.819855,-0.267236,-14.528439,1.905808,0.0780268598,0.0793324512,-0.1189186471
3.820904,2.446755,-20.380227,-2.335704,0.0578065819,0.3741228188,-0.0178172575
3.818806,0.851985,0.074693,-3.572612,0.1163389653,0.0059009156,-0.111469071
3.807363,1.169018,-0.782484,-2.748807,0.2706516126,-0.0143193623,0.0226232983
3.805264,-2.952406,-20.629239,6.442737,0.1652933224,0.1048738549,-0.0518724624
3.821923,4.046329,-15.289842,-6.464333,-0.0699004365,1.0020156595,0.0641280793
3.82297,0.741504,-3.701194,-1.557533,-0.1869652034,1.3925862908,0.0439078014
3.824019,-2.690614,0.98694,2.904941,-0.1773871771,1.1488787307,-0.0550651379
3.825068,-3.120529,-8.233696,5.203427,-0.0624508605,0.6678489612,-0.1284966735
3.826086,-2.978825,-19.496712,6.771778,0.0961186874,0.3113335347,-0.0880561177
3.827135,-2.596945,-20.090511,5.832689,0.2504313347,0.0633690739,0.020494848
3.828183,-0.430556,-6.572018,0.411912,0.3110921685,-0.0366680905,0.0588069535
3.829233,1.310722,3.450725,-5.277863,0.2302110568,0.0420845709,-0.0273952839
3.830281,0.148269,-4.335697,-1.653604,0.1227243163,0.1442501856,-0.1199828723
3.831298,-0.024658,-15.890823,1.531133,0.0950544623,0.2347093237,-0.0965699189
3.832348,2.415532,-19.50629,-3.57021,0.0439716549,0.562490671,0.0024030204
3.833397,2.369899,-12.830846,-5.152971,-0.0858638138,1.0924747975,0.0641280793
3.834446,-0.894096,-1.299663,-0.287001,-0.1624880249,1.2574296963,0.0236875235
3.835463,-3.007647,-0.179108,3.454944,-0.1305612703,0.8806939919,-0.0816707667
3.836512,-3.250225,-11.494799,5.164999,-0.0230745298,0.4177560501,-0.1306251238
3.837561,-1.309601,-17.222081,4.014555,0.2653304869,-0.0409249911,0.0492289272
3.83861,1.159411,-1.536703,-3.81519,0.2536240102,-0.0100624617,0.0428435762
3.839628,0.811155,2.940729,-4.583753,0.1291096672,0.1485070862,-0.0667716146
3.840677,-1.19912,-9.488335,2.604721,0.0950544623,0.1740484899,-0.1221113226
3.841726,0.81836,-19.362629,1.257332,0.1152747402,0.2134248206,-0.0529366876
3.842774,4.043927,-17.736866,-6.25538,0.0269440524,0.6955188152,0.0428435762
3.843823,1.901555,-8.374963,-4.201873,-0.1114052175,1.2829711,0.0630638542
3.844841,-1.910041,0.776237,1.764104,-0.1443961973,1.2723288485,-0.0093034563
3.84589,-2.817907,-2.523175,3.351669,-0.073093112,0.7806568275,-0.1167901968
3.846939,-2.937996,-16.412791,5.426791,0.0407789794,0.3230400114,-0.1338177993
3.847988,-2.76747,-22.808096,7.254532,0.1940274016,0.0399561205,-0.0252668336
3.849005,-0.509814,-12.387891,1.146851,0.2887434402,-0.0175120377,0.0651923045
3.850054,1.923171,1.183277,-5.83267,0.2227614807,0.1559566623,0.0236875235
3.851103,0.582988,1.032433,-2.206009,0.1046324887,0.2623791777,-0.097634144
3.852152,-1.508947,-11.904233,4.26674,0.0961186874,0.1059380801,-0.1359462496
3.853172,0.743906,-21.620499,0.632874,0.1110178396,0.1559566623,-0.0380375354
3.854219,3.628422,-15.818993,-6.601234,0.0141733506,0.8030055557,0.075834556
3.855268,1.755048,-3.497675,-4.045759,-0.1199190188,1.379815589,0.0726418805
3.856317,-2.114191,0.596661,1.824148,-0.1603595746,1.1893192865,-0.0380375354
3.857366,-3.39433,-7.879333,4.192285,-0.0826711384,0.6188946041,-0.1284966735
3.858383,-3.146949,-19.740936,7.2113,0.0737699592,0.2315166482,-0.0965699189
3.859432,-2.416813,-19.34108,6.111293,0.2365964077,0.0346349948,0.0077241462
3.860481,-0.236013,-6.988635,-0.673685,0.2908718905,-0.0111266868,0.048164702
3.86153,1.368364,1.274262,-4.576548,0.211055004,0.0974242788,-0.0220741581
3.862548,-0.262432,-4.654145,-0.078048,0.1291096672,0.139993285,-0.1072121704
3.863596,2.451559,-18.021794,-3.330034,0.1014398132,0.4369121029,0.0055956959
3.864645,3.371434,-11.985641,-6.831803,-0.0486159335,1.1339795785,0.0641280793
3.865694,0.225125,-3.167255,-1.168448,-0.156102674,1.4053569927,0.0236875235
3.866711,-2.887559,-1.409803,2.948173,-0.142267747,0.9935018582,-0.0752854158
3.86776,-3.358304,-10.453258,5.052116,-0.0411663574,0.4784168839,-0.125303998
3.868809,-2.99804,-19.942061,6.591646,0.1174031905,0.1729842648,-0.0657073894
3.869859,-2.171833,-17.902076,4.252329,0.2578809108,0.001644015,0.0353940002
3.870908,0.114644,-5.434703,-1.442249,0.294064566,-0.0249616138,0.0577427284
3.871926,1.507666,2.318198,-4.369997,0.2099907789,0.0495341469,-0.0284595091
3.872974,0.578184,-5.738785,-0.371063,0.1259169917,0.0559194979,-0.1146617465
3.874023,0.647835,-18.471931,1.430259,0.0982471377,0.1580851126,-0.0752854158
3.875072,2.727761,-19.125588,-3.57021,0.051421231,0.687005014,0.0460362517
3.876089,2.6437,-8.79158,-5.028079,-0.0571297347,1.3329896822,0.0928621585
3.877138,-0.622697,-0.095305,-0.431107,-0.1348181709,1.3989716418,0.0130452719
3.878187,-3.206993,-3.545562,3.697522,-0.0986345157,0.8924004686,-0.0933772434
3.879236,-3.562454,-15.033646,6.267408,0.0248156021,0.4039211231,-0.1082763956
3.880253,-3.120529,-20.320368,6.65169,0.1865778255,0.1442501856,-0.0273952839
3.881302,-1.54017,-13.553939,2.484633,0.3015141421,0.0208000678,0.0492289272
3.882352,0.760718,-1.737829,-3.337239,0.280229639,0.0250569684,0.0247517486
3.883401,0.527747,-0.234178,-2.909725,0.1684859979,0.0335707696,-0.0752854158
3.88442,-0.591474,-10.989592,2.311706,0.1163389653,-0.0387965408,-0.1104048459
3.885467,1.67579,-18.081652,-0.666479,0.0993113629,0.2123605954,-0.0284595091
3.886516,3.940651,-14.784634,-7.093595,-0.003918477,0.9647677791,0.0598711787
3.887565,1.303516,-6.691736,-3.200338,-0.1209832439,1.462825151,0.0588069535
3.888614,-2.72664,-1.230227,2.854504,-0.1433319721,1.1935761871,-0.0273952839
3.889631,-3.487999,-6.375682,4.583773,-0.0720288868,0.6306010808,-0.1072121704
3.89068,-2.84913,-19.626007,5.835091,0.2259541562,0.0218642929,0.0077241462
3.891729,-0.584269,-10.311991,0.070862,0.3110921685,-0.061145269,0.061999629
3.892778,1.627754,1.056376,-4.384407,0.2578809108,-0.0143193623,0.0034672456
3.893798,0.51814,-1.579802,-2.237232,0.1461372696,0.029313869,-0.1008268195
3.894844,-0.40894,-14.696043,2.645551,0.1131462899,0.0580479482,-0.0986983692
3.895893,2.019242,-19.156715,-1.795308,0.1046324887,0.4220129507,0.0077241462
3.896942,3.568378,-12.663241,-7.68683,-0.0103038279,1.1541998564,0.0875410327
3.897959,0.674255,-3.344437,-2.443783,-0.1348181709,1.531999786,0.0556142781
3.899008,-3.050878,-1.52952,4.08901,-0.1358823961,1.1733559092,-0.0465513367
3.900058,-3.665729,-10.343118,5.731815,-0.0369094568,0.5837751741,-0.1093406207
3.901106,-3.077298,-17.729683,6.942303,0.1163389653,0.1910760924,-0.0742211907
3.902156,-2.450438,-17.638698,4.679843,0.2621378114,-0.0334754151,0.006659921
3.903174,-0.228808,-8.84665,-0.457526,0.3238628703,-0.1132923016,0.0460362517
3.904222,1.774262,1.540035,-4.480478,0.2557524605,-0.0515672427,-0.0156888072
3.905271,0.578184,-4.182459,-1.90819,0.1429445942,-0.0015486604,-0.104019495
3.90632,-0.10872,-16.47265,2.914548,0.1216600911,0.0952958285,-0.076349641
3.907337,2.557236,-17.480671,-3.615843,0.0961186874,0.5699402471,0.0311370995
3.908386,3.277765,-10.838748,-7.415431,-0.0411663574,1.269136173,0.0854125824
3.909435,-0.360905,-2.250219,0.435929,-0.1390750715,1.4883665547,0.0364582253
3.910484,-3.144547,-2.911059,3.98093,-0.1071483169,1.0371350895,-0.0635789391
3.911502,-3.149351,-13.122956,5.556486,0.0014026488,0.4613892814,-0.1050837201
3.912551,-2.995638,-18.230102,6.584441,0.1589079715,0.1187087819,-0.0540009127
3.9136,-2.227074,-15.629839,3.58464,0.3015141421,-0.0473103421,0.0247517486
3.914649,0.006565,-4.292599,-0.123681,0.3419546979,-0.1100996261,0.0353940002
3.915698,0.246741,-9.361435,-1.182858,0.128045442,-0.0345396402,-0.1050837201
3.916715,0.820762,-18.323481,1.901004,0.114210515,0.2102321451,-0.0380375354
3.917763,3.205712,-15.308997,-5.522842,0.0578065819,0.777464152,0.0513573775
3.918813,2.096098,-7.450744,-4.667815,-0.0752215623,1.3138336295,0.0609354038
3.919862,-1.588205,-1.311635,1.987468,-0.1263043697,1.2904206761,-0.0050465557
3.920879,-2.858737,-6.133853,3.423722,-0.0624508605,0.7817210526,-0.0806065416
3.921928,-2.594544,-15.88364,5.503648,0.0684488334,0.327296912,-0.0848634422
3.922977,-2.551312,-18.809534,5.796663,0.2323395071,0.126158358,-0.0114319066
3.924026,-1.122263,-11.985641,2.270876,0.3440831482,0.0325065445,0.0513573775
3.925046,0.991287,0.038778,-2.686361,0.3132206188,0.0101578162,0.0151737222
3.926093,0.638228,-1.383465,-4.093794,0.1801924746,0.0580479482,-0.076349641
3.927142,-0.502609,-14.104639,1.588775,0.1237885414,0.1421217353,-0.0795423164
3.928191,1.238669,-17.013773,-0.745738,0.1259169917,0.4347836526,0.0034672456
3.92924,2.670119,-12.48606,-6.851017,0.0173660261,0.9945660834,0.0630638542
3.930257,0.047395,-6.059628,-0.933075,-0.100762966,1.3138336295,0.0492289272
3.931306,-2.777077,-1.943743,3.820012,-0.0943776151,1.0222359374,-0.0231383833
3.932355,-3.014852,-8.343836,3.567827,-0.0166891789,0.4954444863,-0.0880561177
3.933404,-2.71223,-17.037716,6.068062,0.1195316408,0.1570208875,-0.0710285152
3.934423,-1.90764,-17.823063,4.946439,0.2727800629,-0.0132551371,0.0024030204
3.93547,0.078618,-8.5713,-0.003593,0.3238628703,-0.061145269,0.0332655499
3.936519,1.358757,-0.188685,-3.493353,0.2472386592,0.0399561205,-0.0199457078
3.937568,0.191501,-6.52892,-1.216483,0.1525226206,0.1357363844,-0.0827349919
3.938585,0.028181,-14.68886,2.030699,0.1408161439,0.2293881979,-0.0593220385
3.939634,2.509201,-13.932246,-4.257114,0.0939902371,0.6252799551,0.0045314707
3.940683,2.19457,-10.733396,-5.359523,-0.0475517083,1.1818697104,0.0332655499
3.941732,-1.436894,-5.643011,2.883325,-0.1092767672,1.2819068749,0.0151737222
3.942781,-2.6714,-11.176351,3.92569,0.0450358801,0.3709301433,-0.0816707667
3.943799,-2.448036,-16.367299,5.799064,0.1844493752,0.0995527292,-0.0497440121
3.944847,-1.129469,-14.588298,1.92262,0.2887434402,-0.0302827396,0.0098525965
3.945896,0.948056,-6.282302,-1.656005,0.280229639,0.0027082402,0.020494848
3.946945,1.18583,-2.104164,-3.459729,0.1812566997,0.139993285,-0.0391017606
3.947963,0.008967,-8.913691,0.142914,0.1163389653,0.1910760924,-0.0827349919
3.949012,0.683862,-14.061541,0.40951,0.1099536144,0.2879205814,-0.0518724624
3.950061,2.451559,-14.437454,-6.289005,0.0301367279,0.7327666956,0.0130452719
3.95111,1.202642,-9.983965,-2.487015,-0.0709646617,1.2106037896,0.0460362517
3.952127,-2.015719,-2.875144,3.553417,-0.0709646617,1.1456860552,0.0130452719
3.953176,-3.151752,-6.416386,2.95778,-0.0113680531,0.6529498091,-0.0497440121
3.954225,-2.685811,-14.411116,5.582906,0.1078251641,0.2453515752,-0.0593220385
3.955274,-2.001308,-15.979414,5.297096,0.2451102089,0.0367634451,-0.0146245821
3.956294,-0.24562,-11.976063,0.210164,0.2898076654,-0.0249616138,0.0226232983
3.95734,1.243472,-4.192036,-2.470203,0.2302110568,0.0878462525,-0.0007896551
3.958389,0.342812,-3.538379,-1.223688,0.134430793,0.1825622911,-0.0710285152
3.959438,-0.356101,-10.766917,1.910611,0.1056967138,0.1612777881,-0.0944414686
3.960487,1.654174,-15.210828,-2.631121,0.0876048862,0.3496456403,-0.0476155618
3.961505,2.809421,-15.069562,-6.485949,-0.0220103046,0.9030427202,0.0226232983
3.962554,0.083421,-7.433984,0.512786,-0.0954418402,1.2829711,0.048164702
3.963603,-2.534499,-1.225438,3.38049,-0.0518086089,1.0530984668,-0.0103676814
3.964652,-2.685811,-7.836235,3.058654,0.0312009531,0.5646191213,-0.0806065416
3.965671,-2.596945,-15.948288,5.606923,0.1503941703,0.2261955224,-0.0731569655
3.966718,-1.657856,-17.978695,4.134643,0.2749085132,0.0665617494,0.0013387952
3.967766,0.856789,-9.864248,-0.284599,0.2993856918,0.0952958285,0.0460362517
3.968816,-0.598679,-4.816961,-0.414294,0.1131462899,0.2751498795,-0.0880561177
3.969833,-0.394529,-12.306483,1.864978,0.1099536144,0.2176817212,-0.0891203428
3.970882,2.290641,-16.592367,-5.664546,0.0418432046,0.4805453342,-0.0231383833
3.971931,1.707012,-16.429552,-2.623916,-0.0550012844,0.9786027061,0.0588069535
3.97298,-1.201521,-3.875982,3.061055,-0.0528728341,1.1052454994,0.0683849799
3.974029,-2.366376,0.936659,1.644016,-0.0209460795,0.7210602189,-0.0305879594
3.975048,-2.532098,-10.256921,4.869582,0.0535496813,0.3049481838,-0.0997625944
3.976095,-2.46725,-19.35784,5.976795,0.1918989513,0.0963600537,-0.0497440121
3.977144,-0.060684,-18.507846,1.137244,0.2791654139,0.0793324512,0.0492289272
3.978193,2.341078,-5.202451,-3.073045,0.2419175335,0.2794067801,0.0673207548
3.97921,0.703076,3.302275,-3.421301,0.1259169917,0.4305267519,-0.0412302109
3.980259,-1.84039,-7.108353,2.393366,0.092926012,0.2889848065,-0.1295608987
3.981308,-0.348896,-17.068843,0.849033,0.1184674157,0.2027825691,-0.0912487931
3.982357,2.408327,-20.037835,-5.904723,0.0354578537,0.5827109489,0.0226232983
3.983374,1.260285,-12.44775,-0.601632,-0.0613866353,1.0669333938,0.0971190591
3.984425,-1.739516,2.888053,2.763237,-0.0677719862,1.0360708644,0.0364582253
3.985472,-2.72664,-0.37305,1.891397,-0.0283956555,0.5997385514,-0.104019495
3.986521,-2.928388,-14.799,5.787055,0.0854764359,0.2198101715,-0.1433958257
3.988587,0.888012,-16.498988,-0.880236,0.2440459838,0.001644015,0.0577427284
3.987571,-2.24869,-21.069799,4.30757,0.2142476795,-0.0047413359,-0.0497440121
3.989636,2.19457,-2.075432,-3.836805,0.1769997991,0.2804710053,0.0577427284
3.990685,-0.553046,1.310177,-0.863424,0.0993113629,0.4262698513,-0.0412302109
3.991735,-1.333618,-9.119605,3.582238,0.1131462899,0.2677003034,-0.0923130183
3.992752,1.519675,-15.692092,-2.936145,0.1099536144,0.292177482,-0.0561293631
3.993802,2.444353,-18.148694,-6.082453,-0.0060469273,0.7732072514,0.0279444241
3.99485,-1.926854,1.161728,2.650354,-0.017753404,0.998822984,0.0194306229
3.995899,-2.354367,-4.134572,2.083538,0.0322651782,0.52098589,-0.0955056937
3.996918,-3.019655,-15.531671,5.251463,0.128045442,0.1474428611,-0.1167901968
3.997965,-1.605018,-20.902195,2.777648,0.2259541562,-0.0409249911,-0.0220741581
3.999014,1.615746,-13.374363,-1.077181,0.2344679574,0.0921031531,0.0673207548
4.000062,1.668584,2.279888,-4.050562,0.1493299451,0.4411690035,0.0258159738
4.001111,-1.1727,-0.238966,0.592044,0.086540661,0.4688388575,-0.0912487931
4.002129,-0.879685,-13.728726,3.402106,0.1152747402,0.1857549666,-0.1242397729
4.003178,1.932778,-20.16713,-4.526111,0.0918617868,0.3017555083,-0.0412302109
4.004227,1.923171,-16.56603,-2.928939,-0.0028542519,0.9062353956,0.0694492051
4.005276,-0.721169,-2.951763,3.109091,-0.0230745298,1.1893192865,0.0843483572
4.006295,-2.227074,2.502563,1.103619,-0.0071111525,0.8274827343,-0.0359090851
4.007342,-2.887559,-7.951163,3.428525,0.0482285555,0.3453887396,-0.1370104747
4.008391,-3.046075,-19.180658,5.092946,0.1631648721,0.0474056966,-0.097634144
4.00944,-0.168764,-20.521493,0.255797,0.2153119046,-0.0047413359,0.0247517486
4.010457,2.232998,-7.963135,-2.43898,0.169550223,0.2687645286,0.0800914566
4.011506,0.342812,2.981433,-1.651202,0.0939902371,0.4997013869,-0.0029181054
4.012555,-1.828381,-4.302176,2.840093,0.0918617868,0.299627058,-0.1093406207
4.013604,-0.111121,-15.457446,0.983531,0.1227243163,0.0772040009,-0.1135975214
4.014621,2.422738,-20.303608,-5.068909,0.0578065819,0.4305267519,-0.0082392311
4.015672,1.265088,-13.793374,-0.29901,-0.0156249537,1.0573553674,0.0939263836
4.016719,-1.326413,1.360459,2.405374,-0.0124322782,1.1669705583,0.0588069535
4.017768,-2.479259,0.476944,1.250127,0.0067237745,0.7093537422,-0.0752854158
4.018817,-3.101315,-12.744649,4.972858,0.0822837604,0.2347093237,-0.1338177993
4.019834,-2.159825,-21.206277,3.390097,0.1887062758,0.0101578162,-0.0497440121
4.020883,1.17142,-18.404889,-1.32216,0.2057338783,0.1272225831,0.0737061057
4.021932,-0.812436,3.627907,-0.841808,0.0886691114,0.5412061679,-0.0444228864
4.022981,-1.970085,-8.717355,3.771977,0.114210515,0.1527639868,-0.139138925
4.023998,0.153072,-19.628401,-0.637658,0.1333665678,0.0165431672,-0.0880561177
4.02505,2.970339,-20.40417,-4.273926,0.0556781316,0.5859036244,0.0534858278
4.026096,1.848716,-7.857784,0.363877,-0.0092396028,1.2318882926,0.1184035621
4.027145,-1.429689,4.94001,1.370215,-0.0230745298,1.1403649294,0.0130452719
4.028164,-2.942799,-2.384303,2.227644,0.0045953242,0.5475915188,-0.1338177993
4.029211,-4.059618,-18.017005,5.678976,0.1120820647,0.1027454046,-0.1412673753
4.03026,-2.063754,-24.469774,3.181144,0.224889931,-0.0462461169,0.0055956959
4.031309,2.499594,-13.197181,-2.23483,0.224889931,0.1304152586,0.1162751118
4.032358,1.870332,4.298324,-4.064973,0.120595866,0.4432974538,0.0439078014
4.033375,-1.974889,0.484127,1.80013,0.0705772837,0.3709301433,-0.097634144
4.034425,-1.626633,-14.06633,3.795995,0.1312381175,0.0463414715,-0.1274324483
4.035473,1.64937,-20.808815,-3.853618,0.1333665678,0.1963972181,-0.0295237342
4.036522,3.241738,-17.495037,-4.963232,0.0269440524,0.9200703226,0.0886052578
4.037541,0.878405,-2.949369,-0.102065,-0.0369094568,1.4202561448,0.0949906088
4.038588,-2.234279,3.383683,2.143582,-0.0305241059,1.1393007043,-0.0327164097
4.039637,-3.391929,-7.781164,4.588576,0.0397147543,0.5082151882,-0.1433958257
4.040686,-3.694551,-20.116849,5.871117,0.1684859979,0.0654975242,-0.1061479453
4.041703,-1.225539,-21.589373,3.601452,0.2695873875,-0.0558241433,0.0375224505
4.042752,1.867931,-7.7237,-2.842476,0.2578809108,0.1634062384,0.1077613106
4.043802,0.482114,3.666216,-4.29314,0.1535868457,0.3645447924,0.0109168216
4.04485,-2.109388,-3.540773,3.426123,0.1312381175,0.1442501856,-0.1029552698
4.045899,-0.142344,-14.868436,0.678507,0.162100647,-0.0441176666,-0.0986983692
4.046919,3.65244,-21.584584,-6.651671,0.0748341844,0.4443616789,0.0141094971
4.047965,-0.805231,2.631858,1.139646,-0.0847995887,1.3968431915,0.0737061057
4.049014,-3.070092,1.803413,2.683979,-0.0518086089,0.9168776472,-0.0752854158
4.050063,-3.776211,-14.660128,6.221774,0.058870807,0.3911504213,-0.1263682232
4.05108,-3.377518,-23.981327,5.842296,0.2121192292,0.0729471003,-0.0167530324
4.052129,-0.322477,-17.380108,2.717603,0.3068352679,-0.0089982365,0.1098897609
4.053178,2.319462,0.421874,-3.793574,0.2653304869,0.1389290598,0.0811556818
4.054227,0.186697,3.10115,-2.94335,0.1535868457,0.1793696157,-0.0710285152
4.055245,-1.629035,-9.289604,3.346865,0.14826572,-0.0185762629,-0.1433958257
4.056296,1.507666,-18.397706,-3.860823,0.1386876936,0.1091307555,-0.076349641
4.057342,4.164015,-22.080214,-6.865428,0.0035310991,0.8232258336,0.0492289272
4.058392,1.476443,-10.345512,1.096414,-0.0762857875,1.42132037,0.1141466615
4.05944,-2.284716,5.179445,2.076333,-0.0688362114,1.310640954,0.0247517486
4.060457,-3.514418,-1.024313,3.618264,-0.0124322782,0.7955559796,-0.111469071
4.061506,-3.826648,-16.501382,6.31064,0.120595866,0.3400676139,-0.1274324483
4.062555,-2.988433,-24.225551,4.816744,0.2557524605,-0.0015486604,-0.007175006
4.063604,-0.27204,-14.655339,1.708863,0.3227986452,-0.1452190562,0.1056328603
4.064621,1.841511,3.496217,-5.285068,0.2610735862,-0.0196404881,0.0588069535
4.065673,0.318794,0.644548,-2.285267,0.1567795212,0.0676259745,-0.0699642901
4.066719,-0.521823,-13.055914,2.760835,0.1503941703,0.0356992199,-0.0880561177
4.067768,2.22099,-20.085722,-4.874367,0.1110178396,0.3432602893,0.0087883713
4.068786,3.294577,-18.136722,-4.583753,-0.0241387549,1.0754471951,0.1120182112
4.069835,0.482114,-2.561485,0.796194,-0.1039556415,1.4841096541,0.1045686351
4.070883,-2.500875,4.008608,1.430259,-0.1018271912,1.1435576049,-0.0316521845
4.071933,-3.430357,-9.186647,4.98967,-0.0156249537,0.5518484195,-0.131689349
4.072982,-1.372047,-21.80247,4.888796,0.307899493,-0.0622094942,0.0502931523
4.073999,1.399587,-5.714842,-0.911459,0.3483400488,-0.0345396402,0.0971190591
4.07505,1.339543,4.882545,-6.048828,0.2429817586,0.1059380801,-0.0114319066
4.076097,-1.163093,-5.396393,1.807336,0.1844493752,0.0942316034,-0.1050837201
4.077146,0.174688,-15.754345,0.601651,0.2067981034,0.1314794838,-0.0689000649
4.078165,3.760519,-19.582909,-7.331369,0.1035682635,0.6306010808,0.0332655499
4.079212,2.079286,-14.162104,-1.939413,-0.0496801586,1.3117051792,0.1066970855
4.080261,-1.936461,0.630182,2.117163,-0.0996987408,1.435155297,0.0641280793
4.08131,-3.238216,0.448212,2.864111,-0.0667077611,0.9370979251,-0.062514714
4.082327,-3.492803,-12.548313,5.68378,0.0429074297,0.38263662,-0.1231755477
4.083376,-3.528829,-21.673175,5.381158,0.197220077,0.0239927432,-0.0518724624
4.084426,-1.451305,-18.663479,4.321981,0.3196059697,-0.1398979304,0.0673207548
4.085474,1.36356,-1.850363,-1.836138,0.3174775194,-0.0685948451,0.0811556818
4.086491,1.08976,2.998193,-4.944018,0.2036054279,0.0665617494,-0.0284595091
4.087543,-0.303262,-8.676651,1.699256,0.1589079715,0.0772040009,-0.0955056937
4.088589,1.219455,-17.928414,-1.091591,0.1599721966,0.2442873501,-0.0380375354
4.089638,3.441085,-19.458403,-5.83267,0.0535496813,0.860473714,0.0726418805
4.090687,1.733432,-7.381308,-1.656005,-0.0762857875,1.4404764228,0.1077613106
4.091704,-2.118995,2.988616,1.120432,-0.1220474691,1.3308612319,0.0077241462
4.092753,-3.454374,-5.221606,3.478962,-0.0528728341,0.7540511987,-0.1050837201
4.093803,-3.274242,-16.762366,5.020893,0.1056967138,0.2751498795,-0.1050837201
4.094851,-2.731444,-22.13289,5.241855,0.2610735862,-0.0111266868,-0.0007896551
4.095869,-0.77641,-13.599432,3.351669,0.3600465255,-0.1186134273,0.0917979333
4.09692,1.365962,2.921574,-3.77436,0.3227986452,-0.0228331635,0.0492289272
4.097966,0.695871,-0.0977,-3.157107,0.2025412028,0.0750755506,-0.0635789391
4.099015,-0.144746,-12.617749,2.030699,0.1684859979,0.0952958285,-0.0827349919
4.100032,3.609208,-16.970674,-5.796643,-0.0081753776,1.0786398705,0.075834556
4.101081,0.020975,-5.920756,0.195753,-0.1060840918,1.4819812038,0.0790272315
4.10213,-3.048477,0.431451,2.638345,-0.0901207145,1.1669705583,-0.0114319066
4.103179,-3.158958,-7.407646,4.016957,0.0035310991,0.5827109489,-0.0965699189
4.104228,-3.154154,-17.234053,5.566093,0.14826572,0.1793696157,-0.0806065416
4.105246,-2.587338,-19.525444,6.072865,0.2961930163,-0.0366680905,0.0194306229
4.106297,-0.276843,-8.006233,1.276546,0.3696245519,-0.0920077985,0.075834556
4.107343,1.322731,1.638203,-4.857554,0.2951287912,-0.0324111899,0.0109168216
4.108393,0.779932,-5.082734,-1.81212,0.1844493752,0.0410203457,-0.062514714
4.10941,0.81836,-13.76943,0.320645,0.1440088193,0.195332993,-0.0412302109
4.110458,2.240204,-17.504614,-3.382872,0.0801553101,0.6167661538,0.0417793511
4.111507,1.740637,-13.874782,-3.397283,-0.0326525562,1.178677035,0.1056328603
4.112556,-0.865275,-2.741061,0.459947,-0.0986345157,1.3415034835,0.075834556
4.113574,-2.599347,-1.115298,2.674372,-0.0741573372,0.9072996208,-0.0327164097
4.114623,-2.810702,-10.716636,3.901672,0.0216229267,0.3528383157,-0.1008268195
4.115674,-2.450438,-19.379389,6.008018,0.1791282494,0.0580479482,-0.0561293631
4.116721,-1.424885,-18.706577,5.549281,0.335569347,-0.0345396402,0.0460362517
4.11777,0.5998,-5.671743,-1.372597,0.3600465255,-0.0026128856,0.0683849799
4.118787,1.63496,2.203269,-5.340309,0.2472386592,0.1197730071,-0.0220741581
4.119836,0.325999,-4.953439,-0.287001,0.1546510709,0.1963972181,-0.1029552698
4.120885,0.064207,-16.060822,-0.073244,0.1259169917,0.3113335347,-0.0667716146
4.121934,2.13933,-20.499944,-4.052964,0.065256158,0.7455373974,0.0513573775
4.122951,1.882341,-10.175513,-3.082652,-0.0379736819,1.2680719479,0.1120182112
4.124,-1.612223,1.415529,0.868247,-0.1082125421,1.2648792724,0.0385866756
4.125051,-3.432759,-2.808102,4.451676,-0.0688362114,0.7434089471,-0.0742211907
4.126098,-2.652186,-21.608528,6.056053,0.2153119046,-0.0505030175,-0.0231383833
4.127115,-0.512216,-16.216455,3.426123,0.3206701948,-0.1058427255,0.0822199069
4.128166,2.39872,-0.313191,-4.048161,0.2876792151,0.0857178022,0.0715776554
4.129213,0.996091,2.294254,-3.257981,0.1642290973,0.2155532709,-0.048679787
4.130262,-1.561786,-9.871431,3.430927,0.1429445942,0.0995527292,-0.1061479453
4.131311,1.457229,-19.515867,-2.109938,0.1493299451,0.2261955224,-0.0284595091
4.132328,4.70201,-18.740098,-7.994256,0.0258798273,0.9285841239,0.0790272315
4.133377,1.488452,-7.237647,-2.206009,-0.1114052175,1.4809169786,0.0907337082
4.134426,-2.801095,1.975806,3.575033,-0.1220474691,1.241466319,-0.0039823305
4.135475,-3.454374,-3.509647,4.871984,-0.0283956555,0.6710416367,-0.1082763956
4.136493,-3.437562,-16.862929,5.984,0.114210515,0.2496084758,-0.1082763956
4.137544,-3.070092,-22.90387,6.044044,0.2695873875,-0.0494387924,0.0077241462
4.138591,-0.151951,-11.40142,-0.008397,0.3483400488,-0.1388337053,0.0971190591
4.139639,2.105705,3.029319,-5.775028,0.2727800629,0.0048366905,0.0375224505
4.140656,-0.28645,-1.141636,-0.407089,0.1706144482,0.0505983721,-0.0795423164
4.141706,-0.939729,-14.073513,3.282018,0.1791282494,-0.0302827396,-0.0795423164
4.142755,3.760519,-19.635584,-5.863893,0.1301738923,0.327296912,0.020494848
4.143804,4.781268,-15.450263,-8.81806,-0.0581939599,1.1733559092,0.0971190591
4.144821,-0.226406,-4.34288,0.24619,-0.1667449255,1.5905321694,0.0811556818
4.14587,-3.384723,1.626231,4.132241,-0.1167263433,1.2095395644,-0.021009933
4.146921,-3.538436,-7.290323,4.823949,-0.0007258016,0.6486929084,-0.111469071
4.147968,-3.903504,-20.56938,7.763706,0.1535868457,0.2304524231,-0.0710285152
4.149017,-3.09411,-21.177545,6.207364,0.3174775194,-0.0781728715,0.0492289272
4.150034,-0.262432,-6.064417,-0.109271,0.3749456777,-0.1803384863,0.0864768075
4.151083,1.488452,4.913672,-4.903188,0.2844865396,-0.1069069507,-0.0146245821
4.152132,0.424471,-18.766436,1.754497,0.169550223,0.043148796,-0.0795423164
4.153181,3.986285,-20.215017,-5.470004,0.0918617868,0.5475915188,0.0439078014
4.154198,3.527548,-10.628045,-6.790973,-0.0826711384,1.3031913779,0.10350441
4.155247,-0.882087,0.220749,0.10929,-0.1688733758,1.5479631633,0.0471004769
4.156299,-3.264635,-0.808821,3.675907,-0.1156621181,1.137172254,-0.0657073894
4.157345,-3.372714,-13.113379,5.626137,0.0067237745,0.6146377035,-0.1093406207
4.158363,-3.315072,-22.13289,7.309773,0.1684859979,0.2155532709,-0.0295237342
4.159411,-2.397599,-16.630677,4.663031,0.3132206188,-0.061145269,0.0694492051
4.16046,-0.219201,-1.586985,-0.964298,0.3483400488,-0.1611824335,0.0609354038
4.161509,1.068144,2.60552,-4.437246,0.2621378114,-0.1324483543,-0.0422944361
4.162558,0.587791,-9.100451,-0.604034,0.1780640243,-0.0643379445,-0.0997625944
4.163575,1.385176,-19.161503,0.344662,0.141880369,0.1655346887,-0.03484486
4.164624,3.128856,-17.916442,-4.807117,0.0599350322,0.7295740201,0.0715776554
4.165676,1.800681,-7.793136,-4.110606,-0.0741573372,1.3031913779,0.1024401848
4.166722,-1.28078,1.307783,0.553616,-0.1369466212,1.3138336295,0.0215590732
4.167739,-2.885157,-3.057115,3.147519,-0.0890564893,0.8423818864,-0.0933772434
4.168791,-3.269439,-16.963491,5.914349,0.0343936285,0.3794439446,-0.1072121704
4.169838,-3.118128,-23.938229,7.242523,0.211055004,0.0814609015,0.0034672456
4.170887,-1.350431,-13.161266,2.914548,0.3430189231,-0.0834939973,0.0971190591
4.171903,1.322731,3.21129,-3.836805,0.3142848439,-0.0866866727,0.0449720265
4.172953,1.108974,1.082714,-3.930474,0.1844493752,0.0144147169,-0.0827349919
4.174002,-0.079899,-14.571537,1.223707,0.1376234684,0.0942316034,-0.104019495
4.175051,1.896752,-20.44248,-1.031547,0.1291096672,0.3656090176,-0.0007896551
4.1761,3.06641,-13.898725,-5.429174,0.0333294034,0.9807311564,0.0832841321
4.177117,0.21792,-5.382027,-1.766486,-0.0656435359,1.3713017878,0.0737061057
4.178168,-2.397599,-0.025869,2.215635,-0.0752215623,1.1137593006,-0.0124961318
4.179215,-3.401536,-18.579677,6.69252,0.1120820647,0.2112963703,-0.0806065416
4.180264,-2.873148,-21.689936,6.644485,0.2642662617,0.0048366905,0.0364582253
4.181281,0.131456,-9.356646,-0.327831,0.3281197709,-0.0164478126,0.10350441
4.18233,2.122517,3.065235,-5.556467,0.224889931,0.0867820273,0.0268801989
4.183379,-0.079899,-1.670787,-1.190064,0.1056967138,0.098488504,-0.0965699189
4.184429,-0.73558,-15.785472,3.221974,0.1099536144,0.0633690739,-0.0955056937
4.185446,2.653307,-19.851076,-2.388543,0.1088893893,0.4220129507,0.0130452719
4.186495,3.124052,-13.834078,-6.005597,0.0003384236,1.1254657773,0.0907337082
4.187546,-0.111121,-3.717955,-0.361456,-0.073093112,1.3851367148,0.0673207548
4.188593,-2.433625,1.125812,2.650354,-0.059258185,0.9700889048,-0.0422944361
4.189642,-3.31267,-9.39735,4.040974,0.0077879997,0.451811255,-0.1157259717
4.190659,-3.730577,-20.751351,7.350603,0.1567795212,0.1474428611,-0.0497440121
4.191708,-1.938862,-17.375319,3.589443,0.2983214666,0.0197358426,0.0694492051
4.192757,1.281901,-5.099494,-3.200338,0.2993856918,0.084653577,0.0875410327
4.193806,0.972073,1.063559,-3.40689,0.1855136003,0.1783053905,-0.0103676814
4.194823,-1.182307,-7.11793,2.141181,0.1237885414,0.0665617494,-0.0859276674
4.195873,0.686264,-16.343355,1.552749,0.1269812169,0.0974242788,-0.0508082373
4.196924,3.450692,-16.467861,-5.597297,0.0631277077,0.6625278354,0.0311370995
4.19797,1.668584,-11.140436,-3.644664,-0.0486159335,1.269136173,0.0737061057
4.198988,-1.70349,-2.202332,2.225242,-0.0890564893,1.2318882926,0.0311370995
4.200036,-2.921183,-2.305289,3.010618,-0.045423258,0.714674868,-0.0635789391
4.201086,-3.060485,-13.185209,5.8471,0.0599350322,0.2687645286,-0.0912487931
4.202135,-2.959611,-19.252489,6.113695,0.2067981034,0.0399561205,-0.0146245821
4.203184,-0.754794,-15.541248,0.728944,0.3004499169,-0.0068697862,0.0822199069
4.204201,2.156142,-2.640498,-4.173052,0.2610735862,0.1442501856,0.0779630063
4.20525,-1.302396,-10.991986,3.077868,0.0939902371,0.1250941328,-0.0859276674
4.206302,0.674255,-18.225313,0.467152,0.1323023427,0.2038467942,-0.0156888072
4.207348,3.263354,-15.20604,-7.494689,0.051421231,0.8157762576,0.0705134302
4.208366,1.615746,-7.958346,-2.753611,-0.0603224102,1.3266043313,0.0864768075
4.209417,-1.989299,-0.435303,3.092278,-0.0773500126,1.1297226779,0.0130452719
4.210463,-3.106119,-5.963854,3.985734,-0.0134965034,0.5859036244,-0.0731569655
4.211512,-2.950004,-16.877295,6.939901,0.1248527666,0.2261955224,-0.0614504888
4.212529,-2.176637,-17.995456,4.372418,0.2695873875,0.0910389279,0.0279444241
4.213579,0.410061,-10.668749,-2.227625,0.3015141421,0.1293510335,0.0811556818
4.214627,1.334739,-0.748963,-3.553398,0.2163761298,0.2432231249,0.034329775
4.215677,-1.030996,-2.743455,0.49117,0.141880369,0.1516997617,-0.0561293631
4.216694,-0.81724,-13.506052,2.811272,0.1514583954,0.0101578162,-0.0614504888
4.217743,2.646101,-16.894055,-3.176321,0.1376234684,0.3539025409,0.0183663977
4.218794,2.761386,-14.054358,-6.128087,0.0077879997,1.0477773411,0.0886052578
4.219841,-0.697151,-5.530477,0.471956,-0.0837353635,1.310640954,0.0864768075
4.22089,-2.894764,-0.471218,3.43573,-0.0550012844,0.9168776472,-0.0007896551
4.221907,-2.976424,-9.478758,3.961716,0.0226871518,0.3975357722,-0.0710285152
4.222956,-2.625766,-18.227707,6.180944,0.1610364218,0.1038096298,-0.0401659857
4.224005,-0.865275,-16.623494,2.381357,0.2844865396,-0.0015486604,0.0407151259
4.225054,1.745441,-7.218493,-2.948153,0.2759727384,0.07081865,0.061999629
4.226072,0.952859,-0.533471,-2.650335,0.1823209249,0.1857549666,-0.0061107808
4.227121,-1.259164,-7.50342,2.182011,0.155715296,0.1219014574,-0.0614504888
4.228172,0.68146,-15.268293,1.154056,0.1791282494,0.1772411654,-0.0231383833
4.229219,3.515539,-14.667311,-6.728527,0.0918617868,0.7412804968,0.048164702
4.230236,1.728628,-10.438891,-3.91126,-0.0528728341,1.3436319338,0.0768987812
4.231285,-3.264635,-4.072318,3.241188,-0.0326525562,0.8125835821,-0.0369733103
4.232334,-2.873148,-13.055914,4.8936,0.079091085,0.3453887396,-0.0667716146
4.233383,-2.457643,-17.566867,5.477228,0.2163761298,0.0399561205,-0.0178172575
4.234432,-0.829248,-15.105477,1.574365,0.2972572415,-0.116484977,0.0534858278
4.235449,1.34915,-4.297387,-1.723255,0.2727800629,-0.0430534414,0.061999629
4.23755,-0.375315,-9.493124,0.966719,0.1025040383,0.1932045427,-0.0561293631
4.236499,1.190634,0.467366,-3.793574,0.1631648721,0.1389290598,-0.0114319066
4.238597,0.249143,-16.024907,1.096414,0.1184674157,0.3049481838,-0.0061107808
4.239614,2.345881,-16.166173,-6.152104,0.0471643304,0.7923633042,0.0768987812
4.240663,1.514871,-10.692692,-2.39815,-0.0624508605,1.2765857491,0.1152108867
4.241712,-1.696285,-1.132058,3.342062,-0.0699004365,1.1754843595,0.0588069535
4.242761,-3.010048,-4.196825,2.801665,-0.0092396028,0.6561424845,-0.0465513367
4.243778,-2.882755,-15.218011,5.568495,0.114210515,0.2325808734,-0.0752854158
4.244827,-2.332751,-19.204602,5.426791,0.2685231623,0.0197358426,-0.0061107808
4.245877,-0.103916,-12.433384,-0.066039,0.3227986452,-0.0217689384,0.0577427284
4.246927,1.668584,-0.583753,-3.553398,0.2419175335,0.1038096298,0.0236875235
4.247974,0.138662,-1.886278,-1.569542,0.1376234684,0.1751127151,-0.0635789391
4.248992,-0.77641,-12.677607,2.297295,0.128045442,0.1485070862,-0.0731569655
4.250043,1.930376,-16.85814,-2.883306,0.1152747402,0.410306474,0.0002745701
4.25109,2.946322,-15.052801,-6.485949,-0.0049827022,1.0041441098,0.0747703308
4.252139,-0.240817,-6.260753,0.969121,-0.0837353635,1.2978702522,0.0811556818
4.253156,-2.777077,-0.329952,3.296428,-0.0496801586,0.9722173552,0.0045314707
4.254205,-2.887559,-8.60482,3.349267,0.0301367279,0.4688388575,-0.0667716146
4.255254,-2.599347,-17.064054,6.507584,0.1663575476,0.1559566623,-0.0444228864
4.256305,-1.348029,-17.497431,3.137912,0.2855507648,0.0112220414,0.034329775
4.257321,1.195437,0.615816,-3.10667,0.175935574,0.1974614433,0.0119810468
4.258369,-1.045407,-4.374006,0.757766,0.1056967138,0.2112963703,-0.0678358397
4.259421,-0.862873,-14.001682,2.683979,0.1237885414,0.1708558144,-0.0571935882
4.260468,2.151338,-17.79433,-5.34271,0.0812195353,0.5092794133,0.0247517486
4.261517,2.612477,-14.238723,-5.309086,-0.0464874832,1.0903463472,0.0939263836
4.262534,-0.771606,-2.231064,2.258867,-0.1028914163,1.2542370209,0.0705134302
4.263583,-2.964415,-1.069805,2.99861,-0.0603224102,0.8487672373,-0.0327164097
4.264632,-2.870746,-12.296906,4.924823,0.051421231,0.3805081697,-0.0827349919
4.265681,-2.488866,-17.669824,5.866314,0.2004127525,0.1187087819,-0.0327164097
4.266698,-0.896498,-16.079977,1.886594,0.294064566,0.0112220414,0.0428435762
4.267747,0.96727,-6.497794,-1.005128,0.2781011887,0.0899747028,0.0630638542
4.268799,0.770325,-0.054602,-3.731128,0.1801924746,0.258122277,-0.0029181054
4.269845,-0.202388,-7.058071,-0.301412,0.120595866,0.2751498795,-0.0699642901
4.270863,0.582988,-14.078301,0.049246,0.1046324887,0.2677003034,-0.0603862637
4.271911,1.992822,-17.425601,-5.62852,0.0141733506,0.6306010808,0.0173021725
4.272961,1.029716,-11.391842,-0.378268,-0.0624508605,1.1116308503,0.0875410327
4.27401,-1.665062,-0.104883,3.145117,-0.0518086089,1.0733187447,0.0534858278
4.275027,-2.673802,-4.567949,1.860174,-0.017753404,0.603995452,-0.0401659857
4.276076,-2.255895,-14.547594,5.695789,0.0939902371,0.2410946746,-0.0603862637
4.277125,-1.686677,-18.189398,4.622201,0.2355321826,0.0910389279,-0.0007896551
4.278177,0.277964,-14.540411,0.395099,0.2781011887,0.1006169543,0.0662565296
4.279223,1.738235,-1.618111,-2.477408,0.2185045801,0.2772783298,0.0513573775
4.28024,0.090627,-0.241361,-2.330901,0.120595866,0.3602878918,-0.0454871115
4.281292,-0.764401,-11.3248,1.391831,0.0939902371,0.258122277,-0.0869918925
4.282338,1.598933,-16.336172,-2.900118,0.0748341844,0.361352117,-0.0369733103
4.283388,-0.577063,-7.989473,3.154724,-0.0528728341,1.0871536717,0.0864768075
4.285454,-2.659391,-6.23681,2.614328,0.0503570058,0.3837008452,-0.0699642901
4.284405,-2.49367,1.535246,2.79446,-0.0092396028,0.818968933,0.020494848
4.286503,-2.755462,-16.249976,5.628539,0.1631648721,0.0857178022,-0.062514714
4.287553,-0.721169,-19.535022,0.556018,0.2440459838,-0.0292185144,0.034329775
4.288569,2.482782,-11.942542,-3.197937,0.2057338783,0.1687273641,0.10350441
4.289618,1.341945,1.523274,-2.852083,0.106760939,0.4741599832,0.0492289272
4.29067,-1.847596,-2.846412,2.460615,0.086540661,0.4273340765,-0.0497440121
4.291716,-0.454573,-13.170843,2.79446,0.1503941703,0.2389662243,-0.0657073894
4.292766,2.477978,-17.131096,-6.192934,0.1046324887,0.4486185796,-0.0039823305
4.293783,1.90876,-16.917999,-3.133089,-0.0145607286,0.9562539778,0.0779630063
4.295881,-2.592142,1.710033,1.855371,0.0216229267,0.7859779533,-0.0167530324
4.294832,-0.95414,-4.124994,4.02176,-0.0188176292,1.1382364791,0.0886052578
4.29693,-3.043673,-9.624813,4.257133,0.0939902371,0.3315538127,-0.1008268195
4.297947,-2.572928,-18.182215,4.843163,0.2089265537,0.0537910475,-0.0646431643
4.298996,0.388445,-19.032209,-1.32216,0.238724858,0.0165431672,0.0375224505
4.300047,1.971206,-8.006233,-2.924136,0.1727428985,0.2762141047,0.0854125824
4.301094,-0.255227,2.725237,-1.254911,0.1014398132,0.4879949102,0.0151737222
4.302111,-1.753927,-4.737947,2.897736,0.1120820647,0.3209115611,-0.0710285152
4.30316,0.090627,-15.234772,0.049246,0.134430793,0.1570208875,-0.0667716146
4.30421,2.132124,-20.444874,-5.602101,0.0556781316,0.4975729366,0.034329775
4.305259,1.058537,-13.865204,0.49117,-0.0113680531,1.0339424141,0.1301100388
4.306308,-1.40327,2.23679,2.818477,-0.0081753776,1.0828967711,0.089669483
4.307325,-2.481661,0.43624,1.795327,0.0152375758,0.6423075575,-0.0550651379
4.308374,-3.110922,-14.06633,5.419586,0.0971829126,0.1974614433,-0.1146617465
4.309425,1.149804,-17.33701,-0.724122,0.2206330304,0.0803966764,0.0917979333
4.310472,2.43955,-1.333184,-3.959295,0.1450730445,0.4454259041,0.0928621585
4.312538,-1.801962,-8.84665,4.165866,0.079091085,0.2304524231,-0.1072121704
4.311489,-0.622697,3.031714,-1.271723,0.0546139064,0.5422703931,-0.0295237342
4.313587,0.883208,-18.246862,-1.692032,0.106760939,0.153828212,-0.0614504888
4.314636,2.624486,-20.121637,-4.696636,0.0269440524,0.6848765637,0.061999629
4.315653,0.301982,-9.655939,2.037905,-0.0071111525,1.2042184386,0.1386238401
4.316702,-2.051745,3.26636,1.838559,0.0152375758,1.0648049435,0.061999629
4.317752,-2.673802,-2.482471,2.261269,0.0471643304,0.5369492673,-0.0784780913
4.318803,-3.456776,-15.684909,5.868715,0.1365592433,0.1059380801,-0.1061479453
4.319849,-1.535366,-21.85754,1.961048,0.2195688053,-0.061145269,0.0024030204
4.320866,2.146535,-14.856465,-1.785701,0.2078623286,0.1421217353,0.10350441
4.321918,1.697405,0.97018,-2.847279,0.1269812169,0.4720315329,0.0651923045
4.322965,-1.360038,0.962997,0.24619,0.0716415089,0.3890219709,-0.0657073894
4.324013,-1.600214,-12.167611,3.068261,0.0971829126,0.0314423193,-0.1210470974
4.325031,0.868797,-20.681915,-2.991385,0.0918617868,0.1314794838,-0.0337806348
4.32608,2.72536,-18.105596,-3.887242,0.0109806751,0.8083266815,0.0992475094
4.327129,0.827968,-3.490492,0.846631,-0.0262672052,1.2723288485,0.1205320125
4.328178,-2.16703,3.450725,1.535936,-0.0273314304,1.0115936858,-0.0050465557
4.329195,-3.144547,-6.600751,4.372418,0.0301367279,0.4486185796,-0.117854422
4.330244,-3.274242,-18.457565,5.335524,0.1514583954,0.0559194979,-0.090184568
4.331295,-0.778811,-22.889504,2.097949,0.2397890832,-0.039860766,0.0513573775
4.332342,2.526013,-10.04143,-2.114742,0.2397890832,0.2251312973,0.1386238401
4.333391,1.447622,5.871411,-4.36039,0.1461372696,0.5007656121,0.0460362517
4.334408,-1.794757,-2.08022,2.112359,0.0961186874,0.2794067801,-0.0965699189
4.335458,-1.7179,-17.442361,2.691184,0.1365592433,-0.0717875206,-0.1008268195
4.336507,4.027115,-14.370412,-3.464532,-0.0092396028,1.0509700165,0.1418165155
4.337556,0.431677,2.143411,1.019558,-0.0699004365,1.3947147412,0.0886052578
4.338573,-3.010048,2.356508,2.472624,-0.0613866353,0.9477401766,-0.0635789391
4.339621,-3.706559,-11.918599,5.458014,0.0386505291,0.3868935206,-0.131689349
4.340673,-3.303063,-22.580633,4.999278,0.1929631764,0.0910389279,-0.0359090851
4.34172,-0.192781,-20.176707,1.480696,0.2781011887,0.0505983721,0.1162751118
4.342737,2.208981,-1.99163,-3.819993,0.2334037322,0.2730214292,0.1386238401
4.343786,-0.091907,5.564935,-2.35732,0.1301738923,0.361352117,0.0002745701
4.344835,-2.279913,-8.123556,4.38923,0.1323023427,0.0654975242,-0.097634144
4.345885,0.453293,-19.187841,-1.173251,0.1589079715,-0.0015486604,-0.0508082373
4.346902,4.224059,-20.648394,-6.752545,0.0546139064,0.6380506569,0.0683849799
4.347951,2.559638,-10.903395,-0.589623,-0.0507443838,1.3436319338,0.1269173634
4.349,-1.648249,3.527344,1.88179,-0.0762857875,1.3063840534,0.0375224505
4.350051,-3.444767,-1.045862,2.933762,-0.0358452316,0.7444731723,-0.1018910447
4.351098,-3.7618,-15.684909,6.265006,0.0918617868,0.2698287537,-0.1210470974
4.352115,-2.664195,-22.934997,4.629406,0.2302110568,0.0101578162,0.0034672456
4.353164,0.066609,-16.041667,0.918684,0.2844865396,0.0069651408,0.131174264
4.354213,1.401989,1.822568,-3.973706,0.2206330304,0.2240670721,0.1045686351
4.355262,-0.889292,2.615097,-0.937879,0.1408161439,0.2166174961,-0.0391017606
4.356279,-1.259164,-11.25297,3.145117,0.155715296,-0.0462461169,-0.0997625944
4.357328,2.636494,-20.301213,-5.414763,0.1184674157,0.1548924371,-0.021009933
4.358378,3.995892,-20.01868,-5.741403,-0.0262672052,0.9626393288,0.0981832842
4.359428,0.551765,-4.740342,1.92262,-0.1050198666,1.462825151,0.1205320125
4.360444,-2.801095,5.05015,1.953843,-0.1018271912,1.1552640816,-0.007175006
4.361493,-3.747389,-7.21131,4.264338,-0.0198818543,0.5688760219,-0.1167901968
4.362544,-1.852399,-21.029095,3.815209,0.2770369635,-0.0771086464,0.0492289272
4.363591,0.767923,-9.849882,-0.090056,0.307899493,-0.026025839,0.1237246879
4.36464,1.291508,3.383683,-4.610173,0.2312752819,0.1602135629,0.0534858278
4.365657,-0.658723,-1.551069,-0.193332,0.1642290973,0.1080665304,-0.062514714
4.366706,0.47731,-13.781402,0.289422,0.1546510709,0.0601763985,-0.0720927404
4.367755,3.690868,-20.974025,-6.680492,0.065256158,0.5518484195,0.0236875235
4.368805,2.290641,-17.669824,-2.527845,-0.0635150856,1.2946775767,0.1269173634
4.369821,-1.302396,-0.088122,2.081136,-0.100762966,1.504329932,0.1066970855
4.370871,-2.93079,3.74523,1.848166,-0.0752215623,1.0456488908,-0.0369733103
4.371922,-3.877085,-11.554658,5.251463,0.0173660261,0.4337194274,-0.1210470974
4.372969,-4.054815,-22.331621,6.209766,0.1812566997,0.0144147169,-0.048679787
4.373986,-1.261566,-19.61643,4.312374,0.3121563936,-0.1665035593,0.0822199069
4.375034,1.805485,-3.389929,-2.061903,0.3100279433,-0.0834939973,0.1077613106
4.376083,1.108974,4.298324,-4.859956,0.1918989513,0.0612406236,-0.007175006
4.377133,-0.886891,-7.496237,2.369348,0.1450730445,0.0037724653,-0.0880561177
4.378181,1.183428,-18.031371,-0.894647,0.1472014948,0.0974242788,-0.03484486
4.379199,4.670787,-19.254883,-7.170451,0.0343936285,0.7849137281,0.0694492051
4.380248,2.489987,-10.496356,-1.747272,-0.1028914163,1.5107152829,0.1130824364
4.381299,-2.106986,1.173699,2.133975,-0.142267747,1.4617609258,0.0417793511
4.382346,-3.576864,-2.362754,3.632675,-0.0826711384,0.8562168134,-0.0752854158
4.383363,-3.941932,-14.645762,6.096883,0.058870807,0.3241042366,-0.1050837201
4.384412,-3.444767,-21.622894,5.849501,0.2206330304,-0.0175120377,-0.0114319066
4.385461,-0.685143,-15.368855,3.085073,0.3302482212,-0.178210036,0.0886052578
4.38651,1.572514,0.453,-3.296409,0.3057710427,-0.122870328,0.0641280793
4.387527,0.527747,1.159333,-3.541389,0.1929631764,-0.0462461169,-0.0412302109
4.388576,2.129723,-18.337848,-3.390078,0.1184674157,0.2666360783,0.0013387952
4.389625,3.820563,-18.866999,-6.224157,-0.0220103046,0.9935018582,0.10350441
4.390677,1.087358,-6.18174,-0.349447,-0.1337539458,1.5096510577,0.1247889131
4.391723,-2.440831,2.799462,2.359741,-0.1465246476,1.3021271528,0.0173021725
4.39274,-3.219002,-7.000607,4.012153,-0.0699004365,0.7093537422,-0.0933772434
4.39379,-3.074896,-18.507846,6.224176,0.0897333365,0.2400304494,-0.083799217
4.394838,-2.697819,-21.067405,6.337059,0.2504313347,-0.0100624617,0.0215590732
4.395888,-0.894096,-10.946493,3.241188,0.3451473734,-0.1047785003,0.0971190591
4.396905,1.272294,3.386077,-3.771958,0.3025783672,-0.0834939973,0.0375224505
4.397954,1.02251,-0.696287,-4.490085,0.169550223,0.0037724653,-0.0731569655
4.399003,0.400454,-14.30337,0.092477,0.0993113629,0.167663139,-0.076349641
4.400054,2.204177,-20.18389,-2.102733,0.0546139064,0.5550410949,0.0226232983
4.401069,2.622084,-15.495756,-3.526978,-0.0432948077,1.123337327,0.1056328603
4.402118,-0.406538,-2.855989,-0.044423,-0.12843282,1.365980662,0.0822199069
4.40317,-2.937996,-0.119249,2.405374,-0.1263043697,1.0115936858,-0.0199457078
4.404217,-3.084503,-9.588898,4.360409,-0.0262672052,0.4826737845,-0.090184568
4.405233,-2.83472,-18.313904,5.417184,0.1259169917,0.1463786359,-0.0540009127
4.406282,-2.018121,-19.149532,5.299498,0.266394712,-0.0313469647,0.0471004769
4.407332,0.390847,-6.588779,-0.575212,0.3047068175,-0.0632737194,0.0832841321
4.40838,1.63496,1.913553,-6.053632,0.1950916267,0.0410203457,0.0002745701
4.409429,0.229929,-6.090754,-0.757746,0.0918617868,0.1431859605,-0.0720927404
4.410447,0.482114,-15.11266,0.733748,0.0833479856,0.2932417071,-0.03484486
4.411496,2.509201,-17.95954,-3.894448,0.0365220788,0.7040326164,0.0545500529
4.412547,1.462033,-12.081415,-2.186795,-0.0656435359,1.186126611,0.1024401848
4.413594,-1.506545,-1.105721,1.567159,-0.114597893,1.2042184386,0.0534858278
4.414611,-3.010048,-13.510841,4.494907,0.0365220788,0.3177188857,-0.0891203428
4.41566,-2.416813,-20.82797,5.933563,0.1993485273,0.0676259745,-0.0124961318
4.416709,-0.240817,-14.894774,1.944236,0.2919361157,-0.0356038654,0.0747703308
4.417758,1.709414,-2.527964,-4.29314,0.2302110568,0.0729471003,0.0588069535
4.418775,0.575782,-0.370656,-2.763218,0.1195316408,0.20916792,-0.0263310588
4.419824,-0.819641,-7.2999,1.968254,0.1025040383,0.1900118672,-0.0710285152
4.420873,0.988886,-16.137441,-1.156439,0.1014398132,0.3209115611,-0.0305879594
4.421925,2.57645,-20.284453,-3.980911,0.0163018009,0.8306754097,0.0662565296
4.422971,0.664648,-9.280027,-0.798576,-0.0794784629,1.2318882926,0.1088255358
4.423988,-2.022924,2.370874,1.901004,-0.100762966,1.0520342417,0.0236875235
4.425037,-2.947603,-3.947812,2.8497,-0.0464874832,0.5773898231,-0.0869918925
4.426086,-2.796292,-16.589973,4.64862,0.0833479856,0.2240670721,-0.0869918925
4.427135,-1.737114,-20.353889,4.735084,0.2270183813,0.0144147169,0.0077241462
4.428152,0.839976,-12.047894,-1.091591,0.2600093611,0.0218642929,0.0800914566
4.429202,2.055268,-0.744174,-4.494888,0.1684859979,0.250672701,0.0460362517
4.43025,-0.53143,-1.029101,1.024361,0.0982471377,0.3241042366,-0.0422944361
4.431302,-1.292788,-10.491567,2.640747,0.1174031905,0.1963972181,-0.0646431643
4.432316,2.052866,-18.321087,-3.099464,0.0897333365,0.3847650703,0.0002745701
4.433365,2.898287,-16.95152,-4.33397,-0.0262672052,0.9626393288,0.0790272315
4.434414,-0.360905,-5.815404,0.510384,-0.1103409924,1.2393378687,0.0811556818
4.435463,-2.654588,1.106658,3.445337,-0.0986345157,0.8998500447,-0.0114319066
4.436512,-2.72664,-5.707659,3.548613,-0.0198818543,0.4188202753,-0.104019495
4.437529,-2.745855,-17.868555,5.443604,0.1046324887,0.1112592058,-0.0859276674
4.438578,-1.768337,-21.960497,5.102553,0.2312752819,-0.0334754151,0.0375224505
4.439627,1.301115,-10.42692,-2.061903,0.2419175335,0.0835893518,0.1162751118
4.440679,-0.922917,0.443423,1.740086,0.0567423567,0.2900490317,-0.0880561177
4.441694,-1.151084,-14.976182,2.556685,0.0822837604,0.1250941328,-0.097634144
4.442742,2.636494,-22.360353,-4.259516,0.0567423567,0.4230771759,0.0183663977
4.443794,3.011169,-14.657734,-6.221755,-0.0709646617,1.0658691687,0.1088255358
4.44484,-0.689946,-2.089798,0.207762,-0.1486530979,1.2595581466,0.0779630063
4.445858,-2.801095,1.609471,3.889663,-0.1039556415,0.8370607606,-0.0401659857
4.446907,-2.928388,-8.465948,3.723942,-0.0007258016,0.361352117,-0.1199828723
4.447955,-3.199788,-21.821625,6.507584,0.141880369,0.0697544249,-0.0571935882
4.449004,-1.033398,-20.107271,3.075466,0.266394712,-0.039860766,0.0811556818
4.450054,2.470773,-3.243874,-5.234631,0.2312752819,0.1453144108,0.1066970855
4.451071,1.164214,4.200156,-3.526978,0.1025040383,0.368801693,-0.0114319066
4.452119,-2.193449,-7.043705,4.622201,0.092926012,0.2442873501,-0.0986983692
4.45317,-0.147148,-18.558128,1.658426,0.1386876936,0.1133876562,-0.0476155618
4.454217,3.923839,-18.833478,-6.89665,0.0567423567,0.5561053201,0.0588069535
4.455234,2.526013,-10.110866,-5.381139,-0.1092767672,1.2223102663,0.0981832842
4.456283,-1.830783,-0.11446,1.872183,-0.1763229519,1.296806027,0.0332655499
4.457332,-3.29826,-1.318818,4.542943,-0.1103409924,0.8093909066,-0.0774138661
4.458381,-3.204591,-13.671262,5.537272,0.0141733506,0.3379391636,-0.1135975214
4.459399,-3.29826,-22.482465,7.172872,0.1674217727,0.0495341469,-0.021009933
4.460447,-1.165495,-15.696881,1.953843,0.2759727384,-0.0430534414,0.0939263836
4.461496,1.795878,-0.001926,-5.107338,0.2355321826,0.1038096298,0.0800914566
4.462548,0.671853,2.979038,-2.609505,0.1110178396,0.223002847,-0.0433586612
4.463595,-1.573795,-9.787629,3.824816,0.0950544623,0.0942316034,-0.1029552698
4.464612,0.770325,-20.787266,0.294225,0.120595866,0.1314794838,-0.0263310588
4.465661,3.99349,-18.337848,-7.573947,0.0131091254,0.749794298,0.0886052578
4.46671,-2.152619,1.750737,2.306902,-0.1965432298,1.2829711,0.0013387952
4.467759,-3.485597,-4.714004,4.293159,-0.1209832439,0.7253171195,-0.1104048459
4.468776,-3.137342,-17.516586,6.944705,0.0269440524,0.306012409,-0.1082763956
4.469825,-2.779479,-21.658809,6.567628,0.1950916267,0.0474056966,-0.0007896551
4.470874,-1.09104,-12.239442,0.91388,0.2898076654,-0.0824297721,0.0779630063
4.471925,1.510068,1.458627,-3.711914,0.2546882353,-0.0100624617,0.0364582253
4.47294,1.212249,1.15215,-3.546192,0.1472014948,0.0825251267,-0.0816707667
4.473989,-0.322477,-12.847606,1.202092,0.0982471377,0.0623048488,-0.1135975214
4.475038,1.421203,-21.335572,-0.246171,0.0907975617,0.3038839587,-0.0082392311
4.476087,3.059205,-15.874063,-6.024811,-0.0081753776,0.9998872091,0.1088255358
4.477104,0.806352,-3.356408,-2.775227,-0.1348181709,1.4660178264,0.1077613106
4.478153,-2.457643,2.392423,2.568694,-0.1667449255,1.192511962,-0.0124961318
4.479202,-3.528829,-7.5968,3.836825,-0.1018271912,0.5944174256,-0.117854422
4.480251,-3.43516,-20.962054,6.810206,0.0450358801,0.167663139,-0.0806065416
4.481303,-2.505678,-20.533465,6.236185,0.2185045801,-0.0207047132,0.0439078014
4.482317,-0.257629,-7.955952,0.046844,0.2951287912,-0.0526314678,0.0992475094
4.483366,1.423605,2.662984,-3.673486,0.2302110568,-0.0100624617,0.0226232983
4.484415,0.724692,-1.864729,-2.035484,0.1301738923,0.0208000678,-0.0827349919
4.485464,0.746308,-15.347306,0.229378,0.0769626347,0.1314794838,-0.076349641
4.486482,2.53562,-20.59093,-2.249241,0.0301367279,0.6029312268,0.0353940002
4.48753,2.021643,-13.814923,-3.940081,-0.0571297347,1.2680719479,0.1237246879
4.488579,-0.53143,-1.400225,-0.402286,-0.1231116942,1.4340910718,0.0886052578
4.489628,-2.572928,1.125812,2.057119,-0.1156621181,0.9700889048,-0.0465513367
4.490646,-3.682542,-11.949725,4.432462,-0.0273314304,0.4252056262,-0.1210470974
4.491694,-3.315072,-21.30684,7.225711,0.1386876936,0.0974242788,-0.0497440121
4.492744,-1.256762,-17.147856,3.541408,0.2759727384,-0.0505030175,0.0577427284
4.493795,1.392382,2.284677,-4.165847,0.1780640243,0.0974242788,-0.0146245821
4.494841,-0.392128,-5.492167,0.212566,0.0918617868,0.0825251267,-0.0944414686
4.495859,-0.168764,-17.858978,2.095547,0.0822837604,0.1485070862,-0.0476155618
4.496907,3.013571,-18.057709,-4.254712,0.0343936285,0.6987114907,0.0662565296
4.497957,2.785404,-9.648756,-5.172185,-0.086928039,1.3553384105,0.10350441
4.499005,-1.163093,-0.473613,1.033968,-0.1539742237,1.3606595362,0.0268801989
4.500022,-3.495204,-3.045143,3.346865,-0.1114052175,0.805134006,-0.0848634422
4.501071,-3.982762,-16.096737,6.289024,0.0131091254,0.3028197335,-0.0997625944
4.50212,-3.178172,-19.910935,7.120033,0.1844493752,0.0144147169,-0.0103676814
4.503172,-0.40894,-12.703945,1.516722,0.2834223145,-0.122870328,0.0598711787
4.504187,1.915966,-2.310078,-2.823262,0.2440459838,-0.0696590703,0.0364582253
4.505236,1.325132,0.134552,-2.859288,0.1386876936,0.0612406236,-0.0518724624
4.506285,0.001761,-10.484384,1.567159,0.0886691114,0.1016811795,-0.0806065416
4.507334,1.181027,-17.344193,0.260601,0.0854764359,0.3113335347,-0.0029181054
4.508382,2.76619,-15.323363,-6.435512,-0.0007258016,0.9190060975,0.089669483
4.5094,1.212249,-8.212147,-2.568675,-0.1092767672,1.3989716418,0.1120182112
4.510449,-1.830783,0.443423,2.667166,-0.1316254955,1.206346889,0.0332655499
4.511498,-3.274242,-4.869637,2.691184,-0.0826711384,0.6295368557,-0.0689000649
4.512549,-3.576864,-17.751232,6.454745,0.0450358801,0.1932045427,-0.0678358397
4.513564,-2.395197,-20.179102,5.799064,0.2099907789,-0.0207047132,0.0226232983
4.514613,0.467703,-11.827614,0.202958,0.2866149899,-0.06753062,0.0790272315
4.515662,1.829502,0.017229,-2.789637,0.2291468316,0.0176073923,0.0300728744
4.517728,-0.10872,-13.034365,1.204493,0.0748341844,0.1602135629,-0.0689000649
4.516711,0.50373,-1.172762,-2.258848,0.1174031905,0.0772040009,-0.0646431643
4.518777,1.565309,-17.2987,-2.100331,0.058870807,0.5656833465,0.0194306229
4.519826,0.061805,-4.874425,0.515188,-0.1220474691,1.4064212178,0.0886052578
4.520875,-2.647382,-0.205445,2.95778,-0.1124694427,1.0020156595,-0.0103676814
4.521926,-3.646515,-10.326357,4.04818,-0.031588331,0.4635177317,-0.0806065416
4.522941,-3.276644,-18.371368,6.754966,0.1259169917,0.1293510335,-0.0380375354
4.52399,-1.45851,-16.575607,2.924155,0.2546882353,-0.0238973887,0.0449720265
4.52504,0.888012,-8.303132,-1.716049,0.2536240102,-0.0143193623,0.0726418805
4.526088,1.219455,0.141735,-3.279597,0.1535868457,0.0899747028,0.0151737222
4.527105,-0.370512,-4.627807,-0.361456,0.079091085,0.0803966764,-0.0582578134
4.528154,0.225125,-14.559565,1.221306,0.0780268598,0.1410575101,-0.0444228864
4.529204,2.746975,-17.284334,-4.968035,0.0258798273,0.6274084054,0.0407151259
4.530253,2.045661,-12.675213,-4.110606,-0.0890564893,1.2127322399,0.1024401848
4.53127,-1.446501,-2.812891,2.700791,-0.12843282,1.2670077227,0.0715776554
4.532319,-3.108521,-3.179226,3.116296,-0.0784142378,0.8040697809,-0.021009933
4.533368,-2.870746,-13.142111,4.984867,0.0312009531,0.3283611372,-0.0635789391
4.534419,-2.428822,-16.640254,5.755833,0.1748713488,0.0580479482,-0.0263310588
4.535434,-0.766803,-14.980971,1.708863,0.2621378114,-0.0387965408,0.0353940002
4.536483,1.586924,-6.100332,-1.840941,0.2355321826,0.0559194979,0.0471004769
4.537531,1.248276,0.203988,-4.084187,0.1227243163,0.2134248206,-0.0220741581
4.538581,-0.87248,-8.216936,0.500777,0.0620634825,0.2272597476,-0.0752854158
4.53963,-0.091907,-15.988992,1.103619,0.0854764359,0.3123977599,-0.0327164097
4.540647,2.391515,-16.668987,-5.779831,0.0258798273,0.7583080993,0.0524216026
4.541696,1.281901,-9.921712,-1.891378,-0.0837353635,1.1818697104,0.089669483
4.542745,-2.116593,-0.011503,3.704728,-0.1039556415,1.054162692,0.0311370995
4.543796,-3.041271,-4.730764,2.556685,-0.0528728341,0.5635548961,-0.0614504888
4.544811,-2.33035,-16.271525,5.333122,0.0705772837,0.1868191918,-0.0699642901
4.54586,1.029716,-12.76141,-1.451856,0.2344679574,0.0548552727,0.0651923045
4.546908,2.170553,-1.831208,-3.601433,0.1429445942,0.2740856544,0.0439078014
4.547958,-0.264834,-0.7753,-0.868227,0.0609992574,0.3656090176,-0.0391017606
4.548975,-1.626633,-11.317617,2.607122,0.0758984095,0.2315166482,-0.0635789391
4.550024,1.058537,-16.520537,-1.941815,0.092926012,0.3315538127,-0.0029181054
4.551073,2.783002,-15.409559,-6.180925,-0.0113680531,0.8391892109,0.0715776554
4.552122,0.181894,-7.860178,1.130039,-0.1028914163,1.1552640816,0.0875410327
4.553173,-2.546508,-0.995581,3.880056,-0.0773500126,0.8817582171,0.0183663977
4.554188,-2.839523,-7.328633,2.873718,-0.0007258016,0.4177560501,-0.0561293631
4.555237,-2.623365,-15.23956,5.832689,0.1216600911,0.1272225831,-0.0508082373
4.556286,-1.182307,-17.18856,2.448606,0.2206330304,0.015478942,0.0194306229
4.557335,1.411596,-11.140436,-2.294874,0.2004127525,0.1410575101,0.0705134302
4.558352,1.241071,-1.756983,-2.686361,0.1088893893,0.3709301433,0.0322013247
4.559401,-1.189513,-5.077945,0.757766,0.0578065819,0.327296912,-0.0433586612
4.56045,-0.440163,-12.1724,2.030699,0.086540661,0.1846907414,-0.0550651379
4.561499,2.249811,-14.78224,-5.008865,0.0429074297,0.4571323808,-0.0082392311
4.562517,1.656575,-14.480552,-3.433309,-0.0794784629,0.9839238318,0.0534858278
4.563566,-1.345627,-4.89358,4.228312,-0.0996987408,1.123337327,0.0609354038
4.564614,-2.688212,-0.583753,2.407776,-0.0528728341,0.7604365496,-0.0188814827
4.565663,-2.820309,-10.187485,3.570229,0.0258798273,0.3496456403,-0.0806065416
4.566713,-2.642579,-18.440805,5.126571,0.1525226206,0.1101949807,-0.0401659857
4.56773,-0.091907,-18.234891,-0.5584,0.2057338783,0.0612406236,0.0524216026
4.568779,2.000027,-6.193711,-3.068242,0.1408161439,0.2389662243,0.0768987812
4.569828,0.402856,2.488197,-1.581551,0.051421231,0.3528383157,-0.0167530324
4.570877,-1.223137,-6.856946,2.652756,0.0386505291,0.1974614433,-0.0986983692
4.571893,0.386043,-16.613917,1.307769,0.0748341844,0.1570208875,-0.0742211907
4.572942,1.752646,-11.478039,-1.627184,-0.0847995887,1.1148235257,0.0854125824
4.573992,-1.66266,0.460183,3.582238,-0.0996987408,1.1212088767,0.0396509008
4.57504,-3.007647,-1.606139,2.676774,-0.0464874832,0.69445459,-0.0689000649
4.576058,-2.851532,-12.320849,5.049715,0.0578065819,0.313461985,-0.1104048459
4.577106,-2.162226,-19.987554,3.755165,0.1631648721,0.0825251267,-0.0380375354
4.578155,0.686264,-17.698556,-1.538319,0.1791282494,0.0548552727,0.0673207548
4.579205,2.007233,-2.410641,-3.056233,0.1014398132,0.2655718531,0.075834556
4.580253,-0.737981,2.107495,0.36868,0.0301367279,0.3177188857,-0.0263310588
4.581271,-1.388859,-9.502701,3.161929,0.0567423567,0.1070023052,-0.0848634422
4.58232,1.733432,-16.961097,-3.053831,0.0599350322,0.1761769402,-0.0422944361
4.583369,3.056803,-18.361791,-6.521976,-0.0613866353,0.7540511987,0.0513573775
4.58442,0.455694,-9.610447,1.271743,-0.1294970451,1.2308240675,0.1056328603
4.585435,-2.008514,2.595942,3.212366,-0.0965060654,1.0807683208,0.0332655499
4.586484,-2.572928,-3.162466,2.640747,-0.0358452316,0.6125092532,-0.0880561177
4.587533,-2.928388,-15.93871,5.558888,0.0758984095,0.236837774,-0.1082763956
4.588582,-1.768337,-22.106552,3.056252,0.1876420506,0.0122862666,-0.0050465557
4.589599,0.904824,-14.296187,-0.757746,0.2067981034,0.0388918954,0.0917979333
4.590647,1.361159,2.212847,-3.469336,0.1259169917,0.2421588997,0.0545500529
4.591697,-1.059818,0.144129,0.58724,0.0631277077,0.223002847,-0.0646431643
4.592745,-0.466582,-12.656058,2.465418,0.0780268598,0.0782682261,-0.0965699189
4.593797,2.881474,-18.93404,-6.387477,0.0109806751,0.375187044,-0.0220741581
4.594812,2.499594,-18.055314,-3.875234,-0.1220474691,1.0392635398,0.0779630063
4.595861,-0.793222,-4.548794,3.466953,-0.1316254955,1.3223474307,0.0981832842
4.596909,-2.380787,3.390866,1.293359,-0.0901207145,0.9828596067,-0.0146245821
4.597959,-3.118128,-18.8239,5.484433,0.1120820647,0.1570208875,-0.0880561177
4.598976,-1.134272,-20.990786,2.282885,0.2046696531,-0.0356038654,0.034329775
4.600024,1.221857,-9.519462,-0.68089,0.2121192292,0.0612406236,0.1056328603
4.601074,0.96727,3.759596,-3.995322,0.1269812169,0.2698287537,0.0322013247
4.602123,-0.802829,-2.422612,1.519124,0.0716415089,0.2134248206,-0.0806065416
4.603139,0.438882,-14.629002,0.625669,0.0599350322,0.1240299077,-0.0912487931
4.604189,2.994357,-21.376276,-6.642064,-0.0337167813,0.5592979955,0.0034672456
4.605237,1.459631,-16.144624,-0.214948,-0.1199190188,1.2074111141,0.1024401848
4.606286,-1.470519,1.255107,2.285286,-0.1231116942,1.2840353252,0.0683849799
4.607306,-2.46725,2.452281,0.894666,-0.1060840918,0.8115193569,-0.0848634422
4.608353,-3.238216,-12.543524,5.693387,-0.0166891789,0.3283611372,-0.1561665275
4.609402,-3.319876,-22.432184,5.580504,0.120595866,0.0090935911,-0.0678358397
4.610451,-0.656321,-19.132771,2.945771,0.2067981034,-0.0866866727,0.0726418805
4.6115,1.81269,-2.515992,-2.547059,0.1897705009,0.1208372322,0.1024401848
4.612517,0.655041,4.767617,-3.70711,0.079091085,0.2932417071,-0.021009933
4.613566,-1.225539,-6.940748,2.693586,0.0418432046,0.1336079341,-0.1221113226
4.614615,0.782334,-18.847844,-1.903387,0.0301367279,0.112323431,-0.0806065416
4.615664,3.299381,-21.47205,-5.580485,-0.0752215623,0.6933903649,0.0449720265
4.616681,1.229062,-9.914529,1.094012,-0.1348181709,1.2989344773,0.1120182112
4.61773,-1.665062,4.190579,1.146851,-0.1358823961,1.1935761871,0.0226232983
4.618779,-2.772274,-2.152051,1.98987,-0.1071483169,0.6444360078,-0.1189186471
4.619828,-3.653721,-16.668987,5.863912,0.0184302512,0.2049110194,-0.1359462496
4.620845,-2.700221,-22.923025,4.643817,0.1642290973,-0.0302827396,-0.0114319066
4.621894,0.671853,-14.708015,1.120432,0.2153119046,0.0069651408,0.1109539861
4.622943,2.230597,3.247205,-4.677422,0.1408161439,0.2836636807,0.0768987812
4.623991,-0.336887,3.055657,-0.937879,0.0482285555,0.3241042366,-0.0742211907
4.62504,1.63496,-22.288523,-4.934411,0.0269440524,0.1729842648,-0.0444228864
4.626058,3.549164,-20.157552,-3.659075,-0.0741573372,0.9190060975,0.0832841321
4.627106,0.647835,-4.934284,2.191618,-0.114597893,1.3830082645,0.1013759597
4.628156,-2.143012,5.557752,1.060388,-0.1167263433,1.0530984668,-0.03484486
4.629205,-3.082101,-4.215979,3.671103,-0.0699004365,0.4954444863,-0.166808779
4.630222,-4.165296,-19.283615,5.566093,0.0631277077,0.1282868083,-0.139138925
4.63127,-2.075763,-23.526401,3.433329,0.1844493752,-0.0547599181,0.0173021725
4.632319,2.13933,-10.55382,-0.909057,0.2014769776,0.0718828752,0.117339337
4.633368,1.810288,4.870574,-4.691833,0.0993113629,0.333682263,0.0385866756
4.634386,-1.585803,-0.959665,1.756899,0.0397147543,0.2293881979,-0.0912487931
4.635434,-0.562653,-15.014492,1.644016,0.0631277077,0.0069651408,-0.1008268195
4.636483,3.16248,-21.773738,-6.305817,-0.0060469273,0.3762512691,0.006659921
4.637532,2.783002,-17.056871,-1.725657,-0.114597893,1.1297226779,0.1109539861
4.639598,-2.424018,4.509027,1.130039,-0.1326897206,0.9253914484,-0.0731569655
4.640647,-3.495204,-10.980014,5.083339,-0.0475517083,0.3719943685,-0.166808779
4.638581,-0.430556,0.450606,2.1676,-0.1401392967,1.3744944632,0.0822199069
4.641696,-3.473588,-22.951757,5.991205,0.1152747402,0.0399561205,-0.083799217
4.642745,-0.452172,-20.851914,2.12677,0.2121192292,-0.0334754151,0.0768987812
4.643762,2.269025,-3.966967,-3.73353,0.1738071236,0.2017183439,0.1215962376
4.644811,0.54456,6.292817,-3.399685,0.0620634825,0.3677374679,-0.0114319066
4.64586,-2.183842,-4.843299,3.582238,0.051421231,0.0995527292,-0.131689349
4.646909,-0.202388,-18.301932,-0.267787,0.0918617868,-0.0600810439,-0.1008268195
4.647928,4.139998,-23.203164,-6.428307,0.0067237745,0.5167289894,0.0375224505
4.648975,3.263354,-14.351257,-1.838539,-0.1220474691,1.3468246092,0.1354311646
4.650024,-1.105451,3.477063,2.047512,-0.1656807004,1.4670820516,0.0683849799
4.651073,-4.083636,-13.455771,5.998411,-0.0347810065,0.2666360783,-0.1710656796
4.652122,-3.879486,-23.071475,6.219373,0.1259169917,-0.0356038654,-0.0614504888
4.653139,-0.226406,-18.115173,2.035503,0.2259541562,-0.0632737194,0.0886052578
4.654188,2.055268,-0.284459,-3.649468,0.1812566997,0.1272225831,0.0907337082
4.655237,-0.65392,4.094805,-1.627184,0.0844122107,0.1410575101,-0.0454871115
4.656286,-1.90764,-9.502701,3.111492,0.0876048862,-0.0973289243,-0.1104048459
4.657306,2.470773,-19.312347,-5.152971,0.0599350322,0.1219014574,-0.03484486
4.658352,5.252013,-19.980371,-8.31369,-0.1114052175,1.0052083349,0.0779630063
4.659401,1.265088,-8.556933,0.623267,-0.2188919581,1.608623997,0.1066970855
4.66045,-2.810702,3.70692,2.914548,-0.1997359053,1.3564026356,0.0024030204
4.661467,-3.396732,-3.112185,3.678308,-0.1188547936,0.7402162717,-0.125303998
4.662516,-3.807433,-18.361791,6.536405,0.0269440524,0.2293881979,-0.125303998
4.663565,-3.267037,-24.120199,6.084874,0.1897705009,-0.081365547,0.0055956959
4.664614,-0.425752,-12.052682,2.434196,0.2898076654,-0.1345768047,0.1098897609
4.665631,1.966403,5.136346,-4.643798,0.2312752819,-0.0409249911,0.0428435762
4.666681,0.292375,0.790604,-2.587889,0.1056967138,-0.0526314678,-0.1018910447
4.667729,-0.269638,-13.97295,0.87305,0.0695130586,-0.0494387924,-0.117854422
4.668778,3.563575,-21.187122,-6.368263,0.0014026488,0.4198845004,-0.0114319066
4.669827,3.873402,-18.040948,-4.737466,-0.1486530979,1.2180533656,0.0843483572
4.670844,-0.4906,-3.325282,1.562356,-0.2178277329,1.539449362,0.0737061057
4.671893,-2.937996,3.180163,2.138779,-0.1901578789,1.1286584527,-0.0465513367
4.672942,-3.396732,-7.390886,4.778315,-0.0933133899,0.5337565918,-0.1476527263
4.673991,-3.905906,-20.286847,6.413915,0.0673846083,0.1048738549,-0.1125332962
4.675008,-2.772274,-21.924582,6.329854,0.2280826065,-0.1654393341,0.0194306229
4.676058,0.215518,-6.789904,0.849033,0.2898076654,-0.2229074924,0.0822199069
4.677106,0.309187,-3.552745,-0.798576,0.0982471377,-0.0494387924,-0.1061479453
4.678155,0.741504,-15.275476,-1.134823,0.0546139064,0.1495713114,-0.0774138661
4.679175,3.743707,-21.548669,-5.79184,-0.045423258,0.7253171195,0.0311370995
4.680221,2.559638,-15.641811,-1.94902,-0.1678091507,1.3755586884,0.1098897609
4.68127,-1.163093,1.006095,1.218904,-0.2146350574,1.4436690982,0.0556142781
4.682319,-2.79389,2.34693,2.3045,-0.1880294286,0.9402906005,-0.0933772434
4.683368,-3.684944,-12.560284,5.835091,-0.0784142378,0.3911504213,-0.1625518784
4.684385,-3.622498,-22.923025,7.204095,0.0939902371,0.0239927432,-0.0752854158
4.685434,-1.40327,-18.407284,5.796663,0.2461744341,-0.1547970826,0.0502931523
4.686483,1.166616,-1.910222,-1.372597,0.2642662617,-0.1292556789,0.0566785032
4.687532,1.478845,3.012559,-6.113676,0.1397519187,-0.0058055611,-0.0529366876
4.688552,0.006565,-7.479477,-0.464731,0.051421231,0.0995527292,-0.117854422
4.689598,0.974475,-16.934759,-1.158841,0.0258798273,0.3294253623,-0.0646431643
4.690647,3.078419,-20.061779,-4.213882,-0.0518086089,0.8147120324,0.0375224505
4.691696,1.466836,-10.288047,-1.26692,-0.142267747,1.2574296963,0.0843483572
4.692713,-1.749123,1.561584,0.589642,-0.1827083028,1.1946404123,0.0098525965
4.693762,-3.007647,-3.322887,3.332455,-0.1454604225,0.7114821925,-0.097634144
4.694811,-3.317474,-15.593924,5.39797,-0.0113680531,0.2708929789,-0.1082763956
4.695861,-3.010048,-21.009941,5.794261,0.1514583954,0.0186716175,-0.0156888072
4.696909,-0.721169,-13.60422,2.688782,0.2461744341,-0.0654021697,0.0715776554
4.697929,1.764655,0.321311,-4.379604,0.1897705009,0.0229285181,0.0364582253
4.698976,0.758316,0.38117,-3.841609,0.0546139064,0.126158358,-0.0742211907
4.700025,-0.646714,-11.257759,1.442268,0.0173660261,0.153828212,-0.1061479453
4.701073,1.346748,-19.515867,-1.175653,0.0216229267,0.3677374679,-0.0263310588
4.702091,2.809421,-17.576445,-4.341176,-0.0624508605,0.8966573692,0.0673207548
4.70314,0.5998,-4.71161,-1.149234,-0.1624880249,1.2478516699,0.0662565296
4.704189,-3.214198,-7.580039,4.031367,-0.0975702905,0.4997013869,-0.1210470974
4.705237,-2.760265,-17.95954,5.23465,0.058870807,0.1740484899,-0.0965699189
4.707306,0.638228,-9.612841,-0.661676,0.2238257059,0.0314423193,0.0694492051
4.706255,-1.751525,-20.059384,5.369149,0.2046696531,0.0208000678,0.0098525965
4.708352,1.882341,1.990172,-4.855153,0.114210515,0.1846907414,0.0013387952
4.709401,-0.442565,-2.111347,0.40951,0.0290725027,0.2198101715,-0.1008268195
4.710451,-0.725973,-14.626607,1.461482,0.0397147543,0.1900118672,-0.1008268195
4.711467,2.667717,-20.406565,-4.146633,0.00991645,0.5188574397,-0.0103676814
4.712516,2.72536,-14.128583,-4.153838,-0.1114052175,1.0871536717,0.0556142781
4.713565,-1.081433,-1.941348,0.961915,-0.1954790047,1.2286956172,0.0194306229
4.714614,-3.192582,0.113003,3.695121,-0.1635522501,0.8210973833,-0.0816707667
4.715631,-3.101315,-10.024669,4.619799,-0.0464874832,0.3741228188,-0.131689349
4.716682,-2.789086,-19.295587,5.957581,0.0982471377,0.1112592058,-0.0699642901
4.717729,-1.043005,-18.055314,3.464551,0.2025412028,-0.0143193623,0.0375224505
4.718778,1.565309,-5.741179,-2.919332,0.1748713488,0.0612406236,0.0609354038
4.719798,0.972073,1.362853,-3.58462,0.065256158,0.2006541188,-0.0273952839
4.720844,-1.165495,-5.710053,2.009084,0.0301367279,0.139993285,-0.0997625944
4.721893,0.81836,-14.921112,-0.479142,0.0354578537,0.1644704635,-0.076349641
4.722942,3.582789,-19.1208,-5.981579,-0.0550012844,0.6486929084,0.0034672456
4.723991,1.481247,-12.890704,-1.828932,-0.1678091507,1.1595209822,0.0556142781
4.725008,-1.979692,-0.05939,2.751228,-0.1880294286,1.1084381748,0.0119810468
4.726057,-2.937996,0.220749,3.241188,-0.12843282,0.6710416367,-0.0965699189
4.727106,-3.110922,-13.64253,4.951242,-0.0049827022,0.292177482,-0.1295608987
4.728155,-2.664195,-23.088235,6.236185,0.14826572,0.0463414715,-0.0305879594
4.729175,0.076216,-14.810972,0.781783,0.2216972556,-0.0153835874,0.0747703308
4.730221,-0.031863,0.903138,-1.473471,0.0163018009,0.2815352304,-0.0742211907
4.73127,-1.583402,-10.66396,3.711933,0.0301367279,0.1463786359,-0.1135975214
4.732319,1.757449,-19.214179,-2.232428,0.0312009531,0.2293881979,-0.0454871115
4.733336,3.861393,-17.844612,-5.940749,-0.0847995887,0.8157762576,0.0449720265
4.734385,0.902422,-5.985403,-1.658407,-0.1986716801,1.2733930736,0.0566785032
4.735434,-2.517687,2.176931,2.393366,-0.211442382,1.0637407184,-0.03484486
4.736483,-3.231011,-5.149775,4.56696,-0.1231116942,0.5561053201,-0.1263682232
4.7375,-2.954808,-17.988273,6.22898,0.0258798273,0.2017183439,-0.1050837201
4.738551,-2.08537,-21.84078,6.267408,0.1812566997,0.0069651408,0.0109168216
4.739598,0.172286,-10.328751,-0.551195,0.2323395071,-0.0015486604,0.0811556818
4.740647,1.781467,2.847349,-5.666948,0.1354950181,0.1559566623,0.0141094971
4.741695,-0.091907,-0.310797,0.121299,0.0397147543,0.1751127151,-0.1061479453
4.742713,-0.793222,-14.171681,2.328518,0.0418432046,0.0623048488,-0.1210470974
4.743762,2.73977,-21.883878,-3.89685,0.0056595494,0.3539025409,-0.0167530324
4.74481,3.534753,-15.000126,-5.92874,-0.12843282,1.0850252214,0.0737061057
4.74586,-0.363307,-2.963735,-0.327831,-0.2146350574,1.4021643172,0.0513573775
4.746877,-3.082101,0.340466,3.800798,-0.1869652034,0.9807311564,-0.0540009127
4.747928,-3.411143,-7.218493,4.497309,-0.086928039,0.465646182,-0.1242397729
4.748975,-3.389527,-18.546156,6.560423,0.0609992574,0.1857549666,-0.0806065416
4.750023,-2.140611,-20.162341,4.994474,0.2025412028,0.0144147169,0.0332655499
4.75104,0.655041,-7.987078,-2.667147,0.2131834543,0.0090935911,0.075834556
4.75209,1.598933,2.217635,-4.891179,0.100375588,0.1080665304,-0.0146245821
4.753138,-0.769204,-2.587822,1.802532,0.0343936285,0.029313869,-0.1263682232
4.754187,-0.211995,-15.704064,1.860174,0.0343936285,-0.0228331635,-0.1135975214
4.755236,3.481915,-21.728245,-4.773493,-0.0262672052,0.4592608311,0.0055956959
4.756253,-0.886891,-0.75854,0.037237,-0.2305984347,1.3787513638,0.0502931523
4.757305,-2.817907,2.176931,3.481364,-0.1954790047,0.9200703226,-0.076349641
4.758351,-3.307867,-10.110866,5.095348,-0.0911849396,0.4464901292,-0.1444600508
4.7594,-3.295858,-22.609365,7.886196,0.0780268598,0.1527639868,-0.0667716146
4.760417,-1.751525,-18.692211,3.954511,0.2238257059,-0.0441176666,0.0556142781
4.761466,1.140197,-4.567949,-4.19707,0.2142476795,-0.0164478126,0.0715776554
4.762515,1.735834,2.251156,-4.223489,0.086540661,0.1314794838,-0.0305879594
4.763564,-0.778811,-5.669349,1.797729,0.0226871518,0.0548552727,-0.1210470974
4.764581,-0.197585,-17.241236,1.555151,0.0280082776,0.0101578162,-0.0848634422
4.76563,3.695672,-18.349819,-5.188998,-0.0337167813,0.5720686974,0.0236875235
4.766681,3.294577,-10.137204,-5.645332,-0.1688733758,1.3478888344,0.0726418805
4.767728,-1.067023,-0.480796,0.666499,-0.2423049114,1.4340910718,0.0087883713
4.768776,-3.478392,-1.766561,3.613461,-0.1922863292,0.8924004686,-0.0997625944
4.769796,-3.742586,-15.859697,6.077669,-0.059258185,0.3890219709,-0.117854422
4.770843,-3.103717,-22.365142,8.056721,0.1227243163,0.1038096298,-0.0093034563
4.771892,-1.29519,-12.275357,2.614328,0.2483028844,-0.0632737194,0.0768987812
4.772941,0.688665,0.074693,-3.339641,0.2185045801,-0.10265005,0.0322013247
4.773958,0.998493,0.091454,-3.089857,0.0993113629,-0.0654021697,-0.0752854158
4.775007,0.297178,-10.455652,0.714534,0.037586304,-0.0313469647,-0.1135975214
4.776057,1.272294,-18.558128,-0.423901,0.0141733506,0.2208743967,-0.0380375354
4.777105,2.751779,-18.000244,-5.244238,-0.0720288868,0.8562168134,0.0651923045
4.778122,1.500461,-8.511441,-3.013001,-0.1763229519,1.379815589,0.0928621585
4.779173,-1.312003,2.588759,1.406241,-0.2135708323,1.2595581466,-0.0029181054
4.780219,-3.043673,-2.99965,3.008217,-0.1710018261,0.7189317686,-0.1284966735
4.781268,-3.910709,-18.905308,6.858241,-0.0411663574,0.258122277,-0.125303998
4.782317,-0.159157,-11.106915,1.03637,0.2440459838,-0.0526314678,0.0577427284
4.783334,1.459631,0.158496,-3.426104,0.1982843022,-0.0451818917,0.0055956959
4.784383,0.928842,-0.566992,-3.719119,0.0748341844,-0.0015486604,-0.0923130183
4.785432,0.448489,-12.68479,0.28702,0.0088522248,0.1165803316,-0.1061479453
4.786481,1.435613,-18.764042,-0.010798,-0.0060469273,0.4773526587,-0.0146245821
4.787498,2.019242,-15.050407,-4.670217,-0.0816069132,1.0616122681,0.075834556
4.788549,0.489319,-4.699638,-2.13876,-0.1667449255,1.3510815099,0.0673207548
4.789596,-2.054147,1.382008,2.206028,-0.1859009783,1.026492838,-0.0454871115
4.790645,-3.687345,-8.95679,4.17067,-0.1337539458,0.4613892814,-0.1327535741
4.791661,-3.874683,-20.12882,7.105623,0.0120449003,0.0921031531,-0.0859276674
4.792711,-1.943666,-18.285172,5.032902,0.1716786733,-0.0494387924,0.0226232983
4.793759,0.993689,-7.666236,-1.166046,0.2089265537,-0.0430534414,0.0524216026
4.794809,1.668584,2.066791,-3.709512,0.114210515,0.0346349948,-0.0305879594
4.795826,0.141064,-3.787391,-0.68089,0.023751377,0.0463414715,-0.1210470974
4.796874,0.366829,-16.542086,1.288555,0.0152375758,0.1368006095,-0.0933772434
4.797926,2.590861,-18.579677,-3.668682,-0.0103038279,0.6306010808,0.0109168216
4.798972,2.56204,-12.598594,-5.364326,-0.1167263433,1.2882922258,0.0737061057
4.800021,-0.430556,-2.183177,0.623267,-0.1933505544,1.4106781185,0.0300728744
4.801038,-2.909174,0.309339,3.181144,-0.1763229519,0.9094280711,-0.0891203428
4.802087,-3.838656,-11.377476,4.759101,-0.0847995887,0.3666732427,-0.1497811766
4.803136,-3.658524,-20.16713,6.817411,0.0780268598,0.0623048488,-0.0806065416
4.804186,-1.232744,-18.263623,2.986601,0.2121192292,-0.06753062,0.0332655499
4.805202,1.586924,-6.076388,-2.203607,0.2131834543,-0.012190912,0.0598711787
4.806251,1.426006,3.374106,-3.803181,0.1046324887,0.1144518813,-0.0327164097
4.807302,-0.533832,-5.59273,0.582437,0.0290725027,0.0995527292,-0.117854422
4.808349,3.006366,-18.198975,-5.84708,-0.0475517083,0.7444731723,0.0258159738
4.809366,2.2354,-10.699875,-3.956894,-0.1795156274,1.3393750332,0.0694492051
4.811464,-3.668131,-3.306127,3.505381,-0.1986716801,0.722124444,-0.1029552698
4.810415,-1.696285,-0.140798,3.09468,-0.2380480108,1.2946775767,0.0034672456
4.813561,-3.010048,-18.924463,6.063258,0.1078251641,-0.0419892163,-0.0401659857
4.812512,-3.836255,-15.433503,6.267408,-0.0677719862,0.2176817212,-0.1199828723
4.814579,-0.20479,-13.755064,0.459947,0.2025412028,-0.1249987783,0.0311370995
4.815627,2.009635,-2.312472,-2.254044,0.1684859979,-0.039860766,0.0130452719
4.816679,0.998493,0.587084,-2.47981,0.0737699592,0.0452772463,-0.0806065416
4.817725,-0.346494,-11.200294,1.293359,0.0397147543,0.0388918954,-0.1157259717
4.818742,1.687798,-17.681796,-1.502293,0.0280082776,0.3113335347,-0.0401659857
4.819791,3.858991,-14.949844,-8.196004,-0.100762966,1.0371350895,0.0396509008
4.82084,1.243472,-7.66863,-1.523909,-0.2295342096,1.5128437332,0.0396509008
4.821889,-2.942799,-1.51276,4.451676,-0.2337911102,1.2308240675,-0.0327164097
4.822906,-3.8987,-6.809059,4.22591,-0.1518457734,0.6508213587,-0.1050837201
4.823955,-3.327081,-14.557171,6.524396,0.0024668739,0.2347093237,-0.1008268195
4.825004,-2.604151,-17.035322,4.732682,0.14826572,-0.0302827396,-0.0337806348
4.826056,-0.377717,-12.234653,0.829818,0.2121192292,-0.1377694801,0.0236875235
4.827102,1.992822,-1.527126,-3.140294,0.1652933224,-0.0558241433,-0.0007896551
4.828119,0.863994,-3.234296,-3.205142,0.0503570058,0.0325065445,-0.0816707667
4.829168,-0.468984,-13.467742,2.145984,0.0152375758,0.1048738549,-0.0827349919
4.830217,2.288239,-15.031252,-2.852083,-0.0060469273,0.4688388575,-0.0135603569
4.831266,3.301783,-12.304089,-7.194469,-0.1443961973,1.0882178969,0.0236875235
4.832283,-0.437761,-6.672581,1.182877,-0.2454975869,1.3415034835,0.0055956959
4.833332,-2.964415,-3.030777,4.000144,-0.2050570311,0.9764742558,-0.0603862637
4.834381,-2.813104,-10.053401,3.889663,-0.1050198666,0.4624535066,-0.1125332962
4.835432,-2.018121,-16.381665,4.02176,0.1876420506,-0.0579525936,-0.0135603569
4.836447,0.484516,-7.144268,-0.849013,0.2131834543,-0.0824297721,0.0141094971
4.837495,1.795878,0.666097,-4.523709,0.1152747402,0.07081865,-0.0508082373
4.838544,-0.279245,-7.292717,-0.969101,0.0194944764,0.1485070862,-0.1210470974
4.839593,-0.243218,-15.658571,2.109958,0.0163018009,0.1740484899,-0.090184568
4.840642,2.826234,-14.679283,-5.58769,-0.0432948077,0.5390777176,-0.0167530324
4.841659,2.381908,-11.209872,-4.605369,-0.1827083028,1.0977959233,0.0215590732
4.842708,-1.374448,-3.715561,3.159528,-0.2274057593,1.220181816,0.0034672456
4.843757,-3.055682,-3.052326,2.95778,-0.1763229519,0.8306754097,-0.0635789391
4.844808,-2.594544,-12.517186,5.253864,-0.0677719862,0.4039211231,-0.097634144
4.845823,-2.448036,-17.971512,5.984,0.0780268598,0.1368006095,-0.0582578134
4.846872,-1.211129,-15.457446,1.732881,0.175935574,-0.0196404881,0.0055956959
4.847923,0.96727,-4.098656,-1.370196,0.1652933224,-0.0068697862,0.0045314707
4.84897,0.933645,1.341304,-4.324363,0.0482285555,0.0995527292,-0.0859276674
4.849987,-0.620295,-9.742136,0.738551,-0.0283956555,0.126158358,-0.1380746999
4.851036,0.508533,-17.387291,1.720872,-0.0145607286,0.2485442507,-0.0795423164
4.852084,2.965536,-16.391242,-6.4187,-0.0773500126,0.7295740201,0.0087883713
4.853133,1.459631,-9.23214,-2.554264,-0.1912221041,1.2031542135,0.0417793511
4.854183,-2.169432,0.065116,3.42132,-0.2061212562,1.1318511282,-0.0146245821
4.855199,-3.161359,-4.919918,3.087475,-0.1412035218,0.6816838882,-0.1018910447
4.856248,-2.625766,-15.026463,5.839894,-0.0145607286,0.3017555083,-0.117854422
4.857299,-2.046942,-18.42165,4.38923,0.1184674157,0.0463414715,-0.0582578134
4.858346,-0.051077,-13.975344,-0.260582,0.1599721966,-0.0579525936,-0.0029181054
4.859363,1.303516,-1.563041,-2.859288,0.1046324887,0.0697544249,-0.0220741581
4.860412,-0.456975,-0.564598,-1.298143,0.0184302512,0.1804338408,-0.1050837201
4.861461,2.069679,-16.805464,-3.555799,-0.017753404,0.299627058,-0.0731569655
4.86251,3.241738,-17.178983,-6.221755,-0.1497173231,0.8679232901,0.0109168216
4.863527,0.371633,-6.962297,2.059521,-0.2231488587,1.2372094184,0.0439078014
4.864575,-2.472054,1.846511,3.137912,-0.1986716801,0.9913734079,-0.03484486
4.865624,-2.99804,-7.074832,4.22591,-0.1199190188,0.5380134925,-0.1231755477
4.866676,-2.79389,-16.3242,6.168936,0.0152375758,0.1900118672,-0.1167901968
4.86769,-1.900434,-19.566148,2.458213,0.1216600911,-0.0632737194,-0.0369733103
4.868739,0.566175,-12.768593,0.099683,0.1376234684,-0.0579525936,0.0300728744
4.870837,-0.598679,-1.12727,-0.378268,-0.0166891789,0.20916792,-0.1242397729
4.869788,1.781467,1.918342,-3.978509,0.0567423567,0.1697915893,-0.0146245821
4.871886,-0.680339,-13.745487,2.780049,-0.0028542519,0.1219014574,-0.1402031502
4.872903,3.003964,-19.314742,-6.445119,-0.0539370592,0.424141401,-0.0550651379
4.873952,3.234533,-16.034484,-4.74227,-0.1784514022,1.0360708644,0.0332655499
4.875,-0.596277,-2.630921,2.700791,-0.211442382,1.2489158951,0.0279444241
4.876051,-2.79389,1.015672,2.597515,-0.1667449255,0.8902720183,-0.076349641
4.877066,-2.913978,-9.711009,5.169803,-0.0550012844,0.4730957581,-0.1423316005
4.878116,-3.055682,-17.969118,4.804735,0.0854764359,0.167663139,-0.1061479453
4.879164,-1.432091,-19.774457,1.586373,0.1589079715,-0.0462461169,-0.007175006
4.880213,1.238669,-7.869755,-1.235697,0.1386876936,0.0410203457,0.0428435762
4.88123,0.837575,3.70692,-4.247507,0.0301367279,0.258122277,-0.0422944361
4.883328,0.5998,-16.182934,0.296627,-0.0017900267,0.1250941328,-0.1263682232
4.882279,-1.259164,-5.628645,2.095547,-0.0156249537,0.1963972181,-0.1423316005
4.884377,3.614012,-18.866999,-7.670018,-0.1060840918,0.5561053201,-0.0337806348
4.885428,1.495657,-13.47732,0.279815,-0.2018643556,1.1105666251,0.0396509008
4.886443,-2.037335,0.096242,4.074599,-0.1784514022,1.1212088767,0.0119810468
4.887492,-2.678605,-12.586622,5.083339,-0.0252029801,0.3177188857,-0.1519096269
4.888541,-2.714632,-21.575007,4.442069,0.0822837604,0.0122862666,-0.0784780913
4.88959,-0.50501,-17.480671,2.172403,0.1323023427,-0.0313469647,0.034329775
4.890607,1.783869,-1.223044,-3.363658,0.0844122107,0.2144890457,0.034329775
4.891656,0.04019,2.363691,-2.537452,-0.0262672052,0.306012409,-0.0912487931
4.892705,-1.448903,-8.949607,3.788789,-0.0411663574,0.1016811795,-0.1614876533
4.893754,1.548496,-17.712923,-3.322828,-0.0486159335,0.1527639868,-0.1125332962
4.894771,3.27056,-21.057828,-5.426772,-0.1529099985,0.7317024704,-0.0007896551
4.89582,0.318794,-10.137204,2.784853,-0.1859009783,1.2074111141,0.0694492051
4.896869,-2.037335,4.738884,1.768907,-0.1550384488,1.0445846656,-0.0093034563
4.897917,-2.486464,-1.342761,2.314107,-0.1156621181,0.5731329225,-0.1497811766
4.898967,-3.058084,-16.635466,5.65736,-0.0049827022,0.195332993,-0.1742583551
4.899983,-1.86681,-24.2471,3.51739,0.1163389653,-0.0132551371,-0.0518724624
4.901032,1.0081,-14.746325,-0.335036,0.134430793,0.0974242788,0.0694492051
4.902082,1.848716,4.149875,-5.032883,0.0312009531,0.3975357722,0.0247517486
4.90313,-0.718767,2.176931,-0.515168,-0.0581939599,0.341131839,-0.131689349
4.904148,-1.859604,-13.668868,2.979396,-0.0401021322,0.0080293659,-0.1827721563
4.905197,1.341945,-22.046694,-4.069776,-0.0486159335,0.1506355365,-0.0816707667
4.906245,3.647636,-18.277989,-3.438113,-0.1305612703,0.8445103367,0.0428435762
4.907295,0.715085,-3.107396,1.031566,-0.1741945016,1.2499801203,0.0471004769
4.908312,-2.457643,3.433964,1.901004,-0.169937601,0.9456117263,-0.0816707667
4.909361,-3.238216,-7.433984,4.855172,-0.0965060654,0.4017926728,-0.1859648318
4.91041,-3.411143,-18.965167,5.237052,0.0354578537,0.0218642929,-0.1508454017
4.911459,-0.925319,-20.483184,2.484633,0.1323023427,-0.06753062,-0.0199457078
4.912635,0.820762,2.598337,-3.930474,0.0173660261,0.4347836526,-0.0178172575
4.913525,0.820762,2.598337,-3.930474,0.0173660261,0.4347836526,-0.0178172575
4.914574,-1.21353,-14.296187,1.953843,0.0003384236,-0.053695693,-0.1508454017
4.915623,2.192168,-21.586979,-4.574146,-0.0677719862,0.2634434028,-0.0412302109
4.916674,3.174489,-15.546037,-2.001859,-0.1592953494,0.984988057,0.0651923045
4.917689,0.205911,1.403557,0.349466,-0.197607455,1.2510443454,0.020494848
4.918738,-2.690614,2.356508,1.80013,-0.1901578789,0.8381249858,-0.1295608987
4.919787,-3.708961,-11.777332,5.044911,-0.0922491648,0.3155904353,-0.1976713085
4.920836,-3.463981,-22.855983,4.59338,0.051421231,0.0112220414,-0.1018910447
4.921853,-0.202388,-21.194305,2.792058,0.1472014948,-0.0281542893,0.0588069535
4.922902,2.929509,-1.759378,-3.579817,0.1333665678,0.2389662243,0.0843483572
4.923951,0.835173,7.521117,-4.084187,0.0141733506,0.410306474,-0.0678358397
4.924999,-2.390394,-7.699757,4.73028,-0.0103038279,0.1559566623,-0.1774510306
4.926017,-0.00064,-20.504733,-0.378268,0.0258798273,0.0495341469,-0.1199828723
4.927065,4.125587,-21.100926,-7.110407,-0.073093112,0.6348579814,0.0098525965
4.928114,2.213784,-10.424525,-0.692899,-0.1880294286,1.3148978546,0.0694492051
4.929163,-1.720302,4.204945,1.80013,-0.2103781568,1.2563654712,-0.0242026084
4.930212,-2.887559,-0.217417,2.381357,-0.1667449255,0.6603993851,-0.1763868054
4.931229,-4.174903,-16.668987,5.525263,-0.0486159335,0.1602135629,-0.2040566594
4.932278,-3.487999,-24.409916,5.217838,0.1056967138,-0.0909435734,-0.0657073894
4.933327,0.979279,-14.770268,1.360608,0.1844493752,-0.0696590703,0.0641280793
4.934376,2.516406,2.890447,-4.33397,0.1152747402,0.1506355365,0.0194306229
4.935393,-0.91331,1.604682,0.032433,0.0290725027,0.1591493378,-0.1157259717
4.936442,-1.187111,-11.976063,2.270876,0.0418432046,-0.0175120377,-0.1444600508
4.937491,3.169686,-19.470374,-7.63159,-0.0262672052,0.292177482,-0.0571935882
4.93854,3.832572,-18.974744,-4.271524,-0.1731302764,1.0807683208,0.0407151259
4.939559,-0.192781,-5.777095,3.123501,-0.2071854814,1.4021643172,0.0460362517
4.940606,-3.47599,-5.767517,4.52613,-0.1199190188,0.4613892814,-0.1795794809
4.941655,-3.747389,-20.430508,6.582039,0.0322651782,0.1346721592,-0.131689349
4.942704,-1.600214,-22.494437,4.434863,0.1631648721,-0.0803013218,0.006659921
4.943753,1.392382,-8.497075,0.135709,0.1897705009,-0.053695693,0.0662565296
4.94477,1.582121,4.860996,-4.847947,0.0822837604,0.1144518813,-0.0305879594
4.945819,-0.930122,-2.429795,0.800997,0.0035310991,0.0718828752,-0.1476527263
4.946868,0.277964,-15.340123,0.57283,0.0120449003,0.0601763985,-0.1359462496
4.947916,4.043927,-21.155996,-7.216085,-0.0752215623,0.6114450281,-0.0295237342
4.948934,2.309855,-17.174194,-1.178055,-0.2008001304,1.3393750332,0.0651923045
4.949983,-1.571393,-0.38981,3.159528,-0.2210204084,1.4138707939,0.0396509008
4.951032,-2.743453,4.963953,1.425455,-0.1890936538,0.901978495,-0.1093406207
4.952081,-3.985164,-9.811572,5.136178,-0.0922491648,0.3900861961,-0.1987355336
4.954147,-0.999773,-21.287685,3.161929,0.2004127525,-0.1654393341,0.0258159738
4.953098,-4.345428,-22.709928,5.923956,0.0748341844,0.0346349948,-0.117854422
4.955195,2.27623,-5.82977,-2.638326,0.1887062758,-0.0962646991,0.0609354038
4.956245,1.154607,4.085227,-4.266721,0.065256158,0.0537910475,-0.0518724624
4.957293,-0.961345,-4.627807,1.884192,0.0088522248,-0.0068697862,-0.1487169514
4.958311,1.435613,-15.728008,-1.68963,0.0035310991,0.0910389279,-0.1221113226
4.95936,4.123185,-20.296425,-6.281799,-0.1028914163,0.7263813447,-0.0231383833
4.960408,1.241071,-13.798163,-0.270189,-0.2061212562,1.3468246092,0.0513573775
4.961458,-2.380787,1.087503,2.496641,-0.2093139317,1.3063840534,0.0077241462
4.962474,-3.170966,0.630182,2.460615,-0.1582311243,0.7870421784,-0.1146617465
4.963523,-3.824246,-13.743093,5.076134,-0.045423258,0.2762141047,-0.159359203
4.964572,-3.358304,-21.65402,5.424389,0.106760939,-0.0685948451,-0.0742211907
4.965621,-0.31287,-16.563635,1.78572,0.1929631764,-0.1792742611,0.0300728744
4.966638,0.960064,1.793836,-2.093126,0.0450358801,0.1048738549,-0.0784780913
4.967687,-0.74999,-7.2999,2.299697,0.023751377,0.0027082402,-0.1497811766
4.968736,1.644567,-18.42165,-2.374132,0.0077879997,0.1868191918,-0.0955056937
4.969785,4.188033,-20.16713,-5.813456,-0.1082125421,0.9551897527,0.0226232983
4.970834,1.620549,-7.342999,-1.240501,-0.225277309,1.5426420375,0.0556142781
4.971851,-2.577731,2.552844,2.460615,-0.2497544875,1.3042556031,-0.0476155618
4.9729,-3.961146,-5.082734,4.04818,-0.1656807004,0.6827481134,-0.159359203
4.973949,-4.001976,-17.167011,5.385961,-0.0060469273,0.2123605954,-0.1540380772
4.974998,-2.817907,-21.560641,5.597316,0.1472014948,-0.0909435734,-0.0454871115
4.976015,0.020975,-12.387891,1.6224,0.2259541562,-0.1952376384,0.0385866756
4.977064,1.747842,1.829751,-3.841609,0.1663575476,-0.0962646991,-0.0093034563
4.978113,0.301982,-0.162347,-1.694434,0.0567423567,-0.0302827396,-0.1157259717
4.979162,-0.022256,-12.411835,0.724141,0.0258798273,0.0261211936,-0.131689349
4.981228,3.308988,-16.475044,-5.049695,-0.1635522501,1.1797412601,0.0396509008
4.980182,3.013571,-19.645162,-4.605369,-0.0252029801,0.4550039305,-0.0444228864
4.982277,-0.579465,-3.849644,0.91388,-0.2614609642,1.4606967007,0.0268801989
4.983326,-3.161359,0.675675,3.358874,-0.2423049114,1.040327765,-0.0774138661
4.984375,-3.3535,-7.639898,4.22591,-0.1390750715,0.4816095593,-0.1646803287
4.985391,-3.396732,-18.335453,6.087276,0.00991645,0.1176445568,-0.1380746999
4.986441,-2.608954,-22.03951,6.582039,0.1599721966,-0.1175492022,-0.0220741581
4.988538,2.158544,3.953538,-4.855153,0.1408161439,-0.1462832813,-0.048679787
4.987489,-0.039069,-8.980733,1.579168,0.2280826065,-0.2090725654,0.0364582253
4.989558,1.159411,-2.10177,-3.027412,0.0024668739,-0.0004844353,-0.1540380772
4.990604,0.549363,-14.775057,-0.481544,-0.0507443838,0.2453515752,-0.1370104747
4.991653,2.441952,-21.065011,-2.938546,-0.0922491648,0.6965830404,-0.0305879594
4.992702,-1.1727,-0.195868,0.455144,-0.2274057593,1.2393378687,-0.0018538802
4.993719,-3.03887,0.462578,2.595114,-0.211442382,0.8115193569,-0.1199828723
4.994768,-3.478392,-13.21873,5.169803,-0.1050198666,0.3390033887,-0.1636161036
4.995817,-2.827514,-21.318812,6.543611,0.0535496813,0.0505983721,-0.0816707667
4.996866,-0.646714,-15.344912,3.728745,0.1663575476,-0.074980196,0.0141094971
4.997883,1.40439,-2.149657,-3.166714,0.1397519187,-0.0270900641,0.0002745701
4.998934,0.928842,1.458627,-4.324363,0.0280082776,0.0899747028,-0.0997625944
4.999981,-0.579465,-8.008628,0.79139,-0.0156249537,0.112323431,-0.1508454017
5.00103,0.902422,-18.03616,-1.057967,-0.0241387549,0.2549296016,-0.0891203428
5.002079,3.263354,-19.681077,-4.727859,-0.1018271912,0.7678861256,0.0162379474
5.003096,1.658977,-9.845093,-1.970636,-0.2071854814,1.2457232196,0.0492289272
5.004145,-1.821176,0.967785,1.941834,-0.2444333617,1.1701632337,-0.0295237342
5.005194,-2.940397,-0.892624,3.827218,-0.1795156274,0.7104179674,-0.1476527263
5.006243,-2.97162,-13.764642,4.857574,-0.0518086089,0.292177482,-0.1859648318
5.00726,-3.050878,-23.777808,6.464352,0.0939902371,-0.0004844353,-0.0912487931
5.008309,-0.670732,-15.378433,2.614328,0.1929631764,-0.1047785003,0.0194306229
5.009357,1.97601,1.808202,-4.869563,0.1354950181,0.0218642929,-0.0124961318
5.010406,0.04019,1.125812,-2.278062,0.00991645,0.1091307555,-0.1327535741
5.011426,-1.331217,-11.966486,2.390964,0.0003384236,0.0537910475,-0.159359203
5.012472,2.257016,-18.910097,-3.983313,-0.0273314304,0.2847279059,-0.0752854158
5.013521,3.58519,-17.559684,-5.753412,-0.1656807004,0.9232629981,0.0162379474
5.01457,0.064207,-6.073994,0.54641,-0.2540113881,1.2946775767,0.0279444241
5.015619,-2.618561,3.666216,2.381357,-0.2401764611,1.026492838,-0.0657073894
5.016636,-3.089307,-4.474569,4.057787,-0.1656807004,0.548655744,-0.1689372293
5.017684,-3.240618,-20.064173,6.260203,-0.0198818543,0.1985256684,-0.1433958257
5.018734,0.438882,-8.95679,-0.757746,0.1801924746,-0.0622094942,0.0566785032
5.019783,1.872734,3.522555,-5.714983,0.0812195353,0.0931673782,-0.0295237342
5.020803,-0.317673,-1.235015,0.289422,0.0003384236,0.126158358,-0.152973852
5.021849,-0.425752,-14.159709,1.797729,0.0024668739,0.0952958285,-0.159359203
5.022898,3.294577,-21.85754,-4.82393,-0.0507443838,0.4550039305,-0.0593220385
5.023947,3.417067,-16.293074,-4.66061,-0.1848367531,1.1052454994,0.0279444241
5.024964,-0.562653,-2.044305,0.263003,-0.26678209,1.3287327816,0.0055956959
5.026013,-2.969218,2.993404,3.539006,-0.239112236,0.97115313,-0.1104048459
5.027062,-3.228609,-8.298344,5.321114,-0.1305612703,0.5231143403,-0.1902217324
5.028111,-3.185377,-21.713879,6.697323,0.0152375758,0.1708558144,-0.1402031502
5.02916,-2.150218,-20.329946,5.162597,0.1408161439,-0.1100996261,-0.021009933
5.030179,0.282768,-5.413154,-1.941815,0.1514583954,-0.164375109,0.006659921
5.031226,1.498059,3.534527,-4.984848,0.0503570058,-0.0175120377,-0.0933772434
5.032275,-0.291254,-4.790623,1.139646,-0.0145607286,0.043148796,-0.1838363815
5.033324,0.047395,-17.756021,1.598382,-0.0198818543,0.0740113255,-0.145524276
5.034341,3.253747,-20.461635,-4.437246,-0.0879922642,0.4922518109,-0.0305879594
5.035389,2.489987,-10.640017,-4.550129,-0.2231488587,1.1318511282,0.0268801989
5.036439,-1.287985,0.771449,0.476759,-0.2848739176,1.2744572988,-0.03484486
5.037488,-2.921183,0.127369,3.752763,-0.2359195605,0.8572810386,-0.1519096269
5.039556,-3.209395,-23.670062,7.11523,0.0216229267,0.0729471003,-0.0965699189
5.038505,-3.043673,-12.869155,5.27548,-0.12843282,0.3996642225,-0.1934144079
5.040602,-1.448903,-16.901238,3.262803,0.1450730445,-0.1196776525,0.0236875235
5.041651,1.555701,-1.036284,-4.651003,0.1163389653,-0.0643379445,0.0183663977
5.0427,1.313123,2.60552,-3.940081,-0.003918477,0.1038096298,-0.0986983692
5.043717,-0.725973,-7.647081,2.75363,-0.0294598807,0.0878462525,-0.17319413
5.044766,0.597398,-18.744887,0.704927,-0.0198818543,0.1091307555,-0.1167901968
5.045815,2.028849,-9.651151,-3.865627,-0.2178277329,1.2467874448,0.0492289272
5.046864,-1.148683,1.793836,0.630472,-0.26678209,1.2595581466,-0.0359090851
5.047881,-2.853934,-0.456852,3.142715,-0.2210204084,0.7678861256,-0.1700014545
5.048932,-3.39433,-15.785472,5.715003,-0.1039556415,0.3283611372,-0.1955428582
5.049978,-3.034066,-24.637379,7.52353,0.0673846083,0.0474056966,-0.0752854158
5.051027,-0.596277,-14.607452,1.262136,0.1791282494,-0.074980196,0.0375224505
5.052044,2.11291,1.324543,-5.700573,0.1269812169,0.0367634451,0.0013387952
5.053093,1.178625,2.66059,-2.909725,0.0045953242,0.1591493378,-0.1338177993
5.054142,-1.07663,-10.893818,2.667166,-0.0273314304,0.0761397758,-0.1912859576
5.055191,0.424471,-21.292474,0.933094,-0.0113680531,0.167663139,-0.1008268195
5.056208,3.013571,-17.471093,-5.518039,-0.0911849396,0.7625649999,0.0194306229
5.057257,1.505264,-5.750757,-4.038553,-0.2210204084,1.2872280006,0.0311370995
5.058308,-2.020522,1.935102,2.513454,-0.260396739,1.1403649294,-0.0774138661
5.059355,-3.300662,-4.520062,3.836825,-0.1933505544,0.5954816508,-0.1923501827
5.060403,-3.437562,-18.787985,6.192953,-0.0709646617,0.1655346887,-0.180643706
5.06142,-2.865943,-21.886272,7.413048,0.086540661,-0.0292185144,-0.0529366876
5.06247,-0.209594,-10.376638,0.366278,0.1748713488,-0.0473103421,0.0279444241
5.063518,1.805485,2.478619,-4.932009,0.1088893893,0.029313869,-0.0391017606
5.064567,0.117046,-0.200657,-1.692032,0.0024668739,0.0495341469,-0.1636161036
5.065584,-0.824445,-15.079139,1.86738,-0.0230745298,0.0388918954,-0.1710656796
5.066633,1.817494,-21.211066,-1.531114,-0.0411663574,0.3570952163,-0.0529366876
5.067685,2.963134,-13.798163,-4.903188,-0.1401392967,0.9966945337,0.0353940002
5.068731,0.429275,-2.345993,-1.696835,-0.2337911102,1.2765857491,-0.0029181054
5.069748,-2.409608,0.792998,2.448606,-0.2444333617,0.9370979251,-0.1210470974
5.070799,-2.921183,-9.916923,4.879189,-0.1646164752,0.4667104072,-0.1838363815
5.071846,-2.150218,-18.148694,4.305168,0.1259169917,0.0420845709,-0.0220741581
5.072895,0.124251,-8.018205,-1.298143,0.155715296,0.0144147169,0.0183663977
5.073943,1.939983,2.947912,-4.883974,0.0641919328,0.098488504,-0.0593220385
5.074961,0.093028,-1.558252,-1.816923,-0.0443590329,0.0995527292,-0.1763868054
5.07601,-1.05021,-17.715317,2.777648,-0.0613866353,0.0803966764,-0.1614876533
5.07706,1.637361,-22.101764,-0.704908,-0.0464874832,0.4464901292,-0.0284595091
5.078107,3.054401,-11.973669,-5.126552,-0.1252401445,1.0903463472,0.048164702
5.079124,0.282768,0.668492,-1.528712,-0.2348553354,1.2797784246,-0.0220741581
5.080175,-2.947603,-0.325163,3.142715,-0.2369837857,0.8232258336,-0.159359203
5.081222,-4.107654,-14.356046,5.727011,-0.1209832439,0.3017555083,-0.1997997588
5.08227,-3.483196,-20.301213,6.834224,0.0482285555,0.0218642929,-0.1093406207
5.083288,-0.716366,-15.143786,1.925022,0.1567795212,-0.0792370967,-0.007175006
5.084337,1.889546,-4.716398,-3.819993,0.1291096672,0.0112220414,-0.0061107808
5.085386,0.92644,1.633414,-2.866494,0.0226871518,0.1219014574,-0.1029552698
5.086435,-1.237548,-7.39328,2.323714,-0.0156249537,0.0176073923,-0.1710656796
5.087483,0.414864,-17.406446,1.665632,0.0024668739,0.0740113255,-0.1146617465
5.0885,3.597199,-16.965886,-6.168917,-0.0762857875,0.6880692391,-0.0124961318
5.089551,2.165749,-10.450863,-4.247507,-0.211442382,1.3085125037,0.0215590732
5.090598,-1.713097,-0.756146,3.31324,-0.2497544875,1.2318882926,-0.0476155618
5.091646,-3.055682,-2.149657,2.878522,-0.1965432298,0.6689131864,-0.159359203
5.092664,-3.255028,-15.146181,5.34273,-0.0847995887,0.1985256684,-0.1838363815
5.093712,-2.707426,-20.820787,6.632476,0.0780268598,-0.0196404881,-0.090184568
5.094761,0.184295,-13.910697,0.061255,0.175935574,-0.0345396402,0.0034672456
5.09581,2.13933,-0.748963,-3.767154,0.1227243163,0.0761397758,-0.0199457078
5.096827,0.282768,0.797787,-1.992252,0.0152375758,0.1048738549,-0.1263682232
5.097876,1.315525,-18.172637,-1.163644,-0.0028542519,0.2900490317,-0.0699642901
5.098927,3.109642,-15.428714,-6.826999,-0.1124694427,0.9477401766,0.0130452719
5.099974,0.765522,-7.623137,-1.041154,-0.2210204084,1.3500172847,0.0119810468
5.101023,-2.359171,0.201594,3.89927,-0.2210204084,1.0424562153,-0.0784780913
5.10204,-3.403937,-5.458646,3.157126,-0.1635522501,0.4624535066,-0.1774510306
5.103089,-3.555248,-17.104758,6.464352,-0.0326525562,0.0793324512,-0.1700014545
5.104138,-2.191048,-20.004314,5.563692,0.128045442,-0.0962646991,-0.0689000649
5.105188,0.635827,-11.320012,-0.625649,0.1748713488,-0.109035401,-0.0029181054
5.106204,1.822297,0.819336,-2.914529,0.0918617868,-0.0015486604,-0.0508082373
5.107252,0.179492,-1.795293,-0.644864,-0.0007258016,0.043148796,-0.1423316005
5.108303,-0.139943,-13.788585,1.041173,-0.0273314304,0.1006169543,-0.1402031502
5.10935,2.391515,-17.552501,-3.675887,-0.0699004365,0.5252427906,-0.0518724624
5.110367,2.718154,-13.984922,-5.008865,-0.1816440777,1.1616494325,0.0151737222
5.111416,-0.281647,-4.201613,1.19969,-0.2454975869,1.3234116559,-0.0029181054
5.112465,-2.76747,0.022018,2.854504,-0.2188919581,0.888143568,-0.0986983692
5.113513,-3.718568,-11.394237,4.547746,-0.1294970451,0.3847650703,-0.1519096269
5.114563,-3.401536,-19.513473,6.584441,0.037586304,0.0644332991,-0.0965699189
5.11558,-1.040603,-15.991386,2.29009,0.1642290973,-0.1111638513,-0.0178172575
5.116629,1.64937,-6.536103,-2.01627,0.14826572,-0.0781728715,-0.0082392311
5.11768,1.56771,0.21596,-3.260383,0.0450358801,0.0623048488,-0.0859276674
5.118726,-0.58667,-6.624694,0.880255,-0.0113680531,0.0633690739,-0.1551023023
5.119744,-0.034265,-15.438291,1.648819,0.0088522248,0.1485070862,-0.1221113226
5.120792,2.948724,-16.542086,-6.509967,-0.0613866353,0.6997757158,-0.0327164097
5.121841,2.336274,-11.410997,-4.893581,-0.2125066071,1.3468246092,0.0173021725
5.12289,-1.523358,-1.606139,3.166733,-0.2657178648,1.3713017878,-0.0273952839
5.123907,-3.46158,-2.822469,2.989003,-0.2061212562,0.8125835821,-0.1338177993
5.124956,-3.348697,-19.3746,6.541209,0.0907975617,-0.0281542893,-0.0997625944
5.126005,-0.889292,-14.52365,1.927424,0.1865778255,-0.1888522875,-0.0220741581
5.127056,1.30832,-2.599794,-1.399017,0.1567795212,-0.1707604599,-0.0305879594
5.128071,0.895217,0.438634,-3.567808,0.0535496813,-0.0685948451,-0.1167901968
5.12912,-0.029462,-10.541848,0.118897,-0.003918477,0.0250569684,-0.1540380772
5.130169,1.52688,-16.84138,-0.743336,-0.0241387549,0.3177188857,-0.0912487931
5.131218,2.783002,-16.218849,-6.519574,-0.1305612703,0.888143568,-0.0114319066
5.132267,0.655041,-8.647919,-0.642462,-0.2305984347,1.2702003982,0.006659921
5.133284,-2.080566,0.668492,3.130707,-0.2263415341,1.0871536717,-0.0667716146
5.134333,-3.077298,-6.258359,2.760835,-0.1688733758,0.6029312268,-0.1561665275
5.135382,-2.921183,-17.356165,6.961517,-0.0369094568,0.2059752445,-0.1476527263
5.136433,-2.054147,-18.09123,5.349935,0.1088893893,-0.0419892163,-0.0720927404
5.137448,-0.298459,-11.49001,1.238118,0.169550223,-0.157989758,-0.0252668336
5.138496,1.529282,-0.729808,-2.162777,0.1301738923,-0.088815123,-0.0561293631
5.139545,1.423605,-1.548675,-4.079383,0.0109806751,0.0867820273,-0.1338177993
5.140594,0.527747,-12.775776,0.202958,-0.059258185,0.2570580519,-0.1423316005
5.141611,1.269892,-17.164617,-1.420633,-0.0794784629,0.5263070158,-0.0742211907
5.142661,1.875136,-14.679283,-4.173052,-0.1486530979,0.9413548257,-0.0093034563
5.14371,-0.197585,-5.86808,1.274144,-0.2029285807,1.137172254,-0.0093034563
5.144758,-2.620963,-0.526288,2.751228,-0.183772528,0.8636663895,-0.0869918925
5.14581,-2.983629,-9.347068,4.06259,-0.1082125421,0.4358478777,-0.1487169514
5.146824,-2.613758,-16.95152,5.856707,0.023751377,0.1197730071,-0.125303998
5.147873,-1.326413,-16.520537,2.061922,0.1216600911,-0.0792370967,-0.0540009127
5.148922,1.265088,-8.942424,-1.67522,0.1088893893,-0.039860766,-0.0188814827
5.149971,-1.067023,-6.162585,1.060388,-0.0422305825,0.1868191918,-0.1380746999
5.150988,-0.356101,-13.489292,2.503847,-0.0156249537,0.1516997617,-0.1242397729
5.152037,2.586057,-15.488573,-6.180925,-0.0794784629,0.5082151882,-0.0646431643
5.153086,1.721423,-14.109428,-2.876101,-0.2008001304,1.026492838,-0.0093034563
5.154135,-1.304797,-3.107396,3.752763,-0.2103781568,1.0946032478,-0.0178172575
5.155152,-2.515285,0.031595,1.74489,-0.169937601,0.6933903649,-0.1135975214
5.159347,2.401122,-3.91908,-3.238767,0.0748341844,0.1612777881,0.0098525965
5.160364,0.426873,2.698899,-1.987449,-0.0230745298,0.3155904353,-0.090184568
5.157249,-2.532098,-20.380227,5.599718,0.0524854561,0.0303780942,-0.0997625944
5.162462,0.54456,-17.272362,-0.270189,-0.0028542519,0.195332993,-0.1306251238
5.163511,2.809421,-19.424882,-6.502761,-0.0975702905,0.6614636103,-0.0316521845
5.1583,0.083421,-17.090392,-0.181323,0.1259169917,-0.0324111899,0.0002745701
5.1562,-2.707426,-12.122119,4.867181,-0.086928039,0.2825994556,-0.1657445539
5.161413,-1.566589,-7.587222,3.070663,-0.0283956555,0.195332993,-0.1646803287
5.167677,-3.101315,-14.787029,5.796663,-0.031588331,0.2283239727,-0.1849006066
5.168691,-2.272707,-21.256558,4.036171,0.092926012,-0.0047413359,-0.0923130183
5.164528,1.118581,-11.408603,-0.325429,-0.1954790047,1.1265300024,0.0258159738
5.166625,-2.986031,-1.433746,2.640747,-0.1433319721,0.576325598,-0.1572307527
5.165577,-1.914845,1.918342,3.358874,-0.1944147795,1.0190432619,-0.0380375354
5.16974,0.758316,-15.409559,-1.507096,0.1099536144,-0.0111266868,0.0055956959
5.170789,2.028849,-0.952482,-3.892046,0.0205587015,0.2410946746,-0.0103676814
5.171838,-0.843659,0.809758,0.445536,-0.0528728341,0.3006912832,-0.117854422
5.172887,-1.326413,-9.442842,3.375686,-0.0166891789,0.1070023052,-0.1700014545
5.173904,1.733432,-17.320249,-3.916064,-0.0230745298,0.2198101715,-0.1231755477
5.174953,2.744574,-19.714598,-5.340309,-0.142267747,0.7891706287,-0.0178172575
5.176002,0.333205,-8.20257,1.831353,-0.2018643556,1.172291684,0.0322013247
5.177053,-2.865943,-4.204008,3.414114,-0.1326897206,0.4560681556,-0.1795794809
5.178068,-3.125333,-16.941942,5.835091,-0.0092396028,0.1325437089,-0.1785152557
5.179117,-1.568991,-22.68359,3.42132,0.1035682635,-0.0377323157,-0.0593220385
5.180165,1.0081,-12.742255,-0.568007,0.1259169917,0.0229285181,0.0364582253
5.181214,1.375569,4.003819,-4.466067,0.0343936285,0.2251312973,-0.021009933
5.182232,-1.006979,-0.179108,0.6689,-0.0443590329,0.195332993,-0.1508454017
5.18328,-0.985363,-13.812529,2.828085,-0.0252029801,0.056983723,-0.1710656796
5.184329,2.285837,-20.025863,-5.907124,-0.0667077611,0.3294253623,-0.0774138661
5.185379,2.660512,-17.176588,-3.803181,-0.1869652034,0.9253914484,0.0194306229
5.186395,-0.620295,-3.200776,2.472624,-0.225277309,1.1627136577,0.020494848
5.187444,-2.474455,2.459465,2.073931,-0.1859009783,0.8317396349,-0.0944414686
5.188493,-2.649784,-8.444399,4.091411,-0.0965060654,0.3741228188,-0.1891575073
5.189542,-2.841925,-19.676288,4.936832,0.0258798273,0.0463414715,-0.1540380772
5.190591,-0.884489,-20.698675,2.964985,0.1259169917,-0.0909435734,-0.0337806348
5.191608,1.418801,-7.115536,-1.32216,0.1365592433,0.0420845709,0.0215590732
5.192657,0.611809,3.263966,-3.723923,0.0429074297,0.2102321451,-0.0646431643
5.193706,-0.819641,-4.273444,2.230046,0.0003384236,0.1431859605,-0.159359203
5.194755,0.957663,-14.607452,-1.26692,-0.0209460795,0.1474428611,-0.1519096269
5.195772,2.756583,-21.184728,-6.627653,-0.1316254955,0.6306010808,-0.0561293631
5.196821,0.815959,-14.437454,1.591177,-0.1922863292,1.1754843595,0.0279444241
5.19787,-1.470519,2.119467,1.74489,-0.1848367531,1.1009885987,-0.0273952839
5.198918,-2.272707,0.472155,0.796194,-0.169937601,0.5933532004,-0.1721299048
5.199936,-3.223805,-13.300138,5.868715,-0.0667077611,0.20916792,-0.2146989109
5.200984,-2.8083,-22.506408,4.466086,0.0748341844,-0.0185762629,-0.111469071
5.202033,0.049797,-18.960378,2.095547,0.1450730445,-0.1154207519,0.0183663977
5.203082,0.578184,5.016629,-3.092259,-0.0007258016,0.2187459464,-0.1072121704
5.204131,-0.793222,-7.826657,2.871316,-0.0283956555,0.1293510335,-0.1934144079
5.205148,1.401989,-19.764879,-2.909725,-0.0486159335,0.2208743967,-0.1380746999
5.206197,2.758984,-21.850357,-4.276328,-0.1433319721,0.8296111846,-0.007175006
5.207246,0.023377,-8.58806,2.484633,-0.1827083028,1.2946775767,0.0524216026
5.208294,-2.128602,4.760434,1.547945,-0.183772528,1.0275570631,-0.0550651379
5.209311,-2.861139,-2.903876,2.921753,-0.1529099985,0.4677746323,-0.2051208846
5.210361,-3.973155,-17.080815,5.984,-0.0326525562,0.0931673782,-0.2136346858
5.211409,-2.155021,-22.99725,3.832021,0.092926012,-0.10265005,-0.0784780913
5.212458,1.762253,-14.296187,0.19095,0.1237885414,-0.0430534414,0.0311370995
5.213475,2.024045,2.502563,-4.341176,0.0439716549,0.2240670721,-0.0124961318
5.214524,-0.788418,2.052425,0.467152,-0.0305241059,0.250672701,-0.1423316005
5.215573,-0.69475,-11.341561,2.79446,-0.0220103046,0.0591121733,-0.1891575073
5.216622,2.237802,-21.421769,-5.414763,-0.0677719862,0.3006912832,-0.1029552698
5.217671,2.785404,-19.776851,-3.315623,-0.1710018261,1.0339424141,0.0247517486
5.218688,0.025779,-3.162466,1.466285,-0.2103781568,1.379815589,0.034329775
5.219737,-2.337555,4.633533,1.108423,-0.2135708323,0.9392263754,-0.117854422
5.220786,-3.560052,-7.733278,4.761503,-0.1412035218,0.3326180378,-0.2413045398
5.221834,-4.371848,-20.897406,5.878322,0.0141733506,-0.0483745672,-0.1902217324
5.222851,-1.585803,-22.535141,3.500578,0.134430793,-0.2388708697,-0.0327164097
5.2239,2.946322,-8.03736,-1.692032,0.1514583954,-0.1100996261,0.0385866756
5.224949,2.353086,6.197043,-5.467602,0.0471643304,0.1687273641,-0.0667716146
5.225998,-1.504144,-1.835997,2.160395,-0.0124322782,0.1219014574,-0.194478633
5.227015,-0.392128,-16.372087,0.966719,0.0173660261,0.0080293659,-0.180643706
5.228063,3.628422,-22.295706,-7.80932,-0.0603224102,0.4911875857,-0.0593220385
5.229112,-1.312003,0.364409,2.544677,-0.2231488587,1.3808798142,0.0013387952
5.230161,-2.8083,3.924806,1.54074,-0.2008001304,0.8626021643,-0.1540380772
5.23121,-3.910709,-10.987197,5.27548,-0.1114052175,0.3294253623,-0.2444972153
5.232227,-4.160492,-23.794568,6.277015,0.0461001052,-0.0100624617,-0.1540380772
5.233276,-0.807633,-19.867836,3.743156,0.1716786733,-0.1675677844,-0.0018538802
5.234325,2.168151,-1.577407,-2.94335,0.1642290973,-0.0696590703,0.0141094971
5.235373,1.010501,5.742116,-3.791172,0.0450358801,0.0516625972,-0.1221113226
5.23639,-1.059818,-7.807502,2.789656,0.0003384236,-0.0430534414,-0.2040566594
5.237439,1.217053,-20.274876,-2.462998,-0.0103038279,0.0921031531,-0.1284966735
5.238488,4.219256,-20.210228,-7.031149,-0.1252401445,0.8349323103,-0.0018538802
5.239537,1.596531,-9.658334,0.349466,-0.2263415341,1.4606967007,0.0375224505
5.240557,-2.243886,2.698899,2.049914,-0.2444333617,1.269136173,-0.0614504888
5.241603,-3.524026,-1.431352,2.501445,-0.1922863292,0.6880692391,-0.200863984
5.242651,-4.054815,-15.325757,6.334657,-0.0486159335,0.2496084758,-0.2210842619
5.2437,-3.03887,-22.425001,5.049715,0.1014398132,-0.0643379445,-0.1093406207
5.244749,-0.334485,-16.549269,2.969788,0.1887062758,-0.2122652409,0.0024030204
5.245766,1.418801,0.333283,-2.15317,0.1727428985,-0.1186134273,-0.0146245821
5.246815,0.671853,4.509027,-3.925671,0.0631277077,-0.0175120377,-0.1465885011
5.247864,0.412463,-9.435659,0.620865,-0.0060469273,0.0080293659,-0.20831356
5.248913,2.252212,-21.337966,-2.467801,-0.0496801586,0.3102693096,-0.1231755477
5.249932,2.722958,-20.555014,-3.52938,-0.1443961973,0.9626393288,0.0034672456
5.250978,0.424471,-6.636666,0.959514,-0.211442382,1.3564026356,0.0311370995
5.252027,-2.073361,4.101988,1.32218,-0.2284699844,1.0988601484,-0.083799217
5.253076,-3.281448,-3.890348,3.575033,-0.1763229519,0.5507841943,-0.20831356
5.254094,-3.732979,-17.729683,6.010419,-0.0379736819,0.1059380801,-0.2029924343
5.255142,-2.666596,-21.915004,4.823949,0.1056967138,-0.1845953869,-0.0880561177
5.256191,1.783869,0.826519,-4.432442,0.0982471377,-0.0302827396,-0.0422944361
5.25724,0.482114,-0.258121,-1.85295,0.0014026488,0.0495341469,-0.1465885011
5.258257,0.160278,-10.683115,0.373484,-0.0209460795,0.0367634451,-0.1785152557
5.259308,2.646101,-19.803189,-4.389211,-0.0688362114,0.4092422489,-0.0965699189
5.260355,2.749377,-18.634747,-2.681558,-0.1624880249,1.0999243736,0.0173021725
5.261403,-0.0823,-2.413035,1.021959,-0.2039928059,1.3702375626,0.0173021725
5.262452,-2.41201,3.738047,1.627203,-0.1912221041,0.97115313,-0.1125332962
5.263469,-3.718568,-9.675094,4.398837,-0.1060840918,0.4060495734,-0.2019282091
5.264518,-3.848263,-21.783315,5.818278,0.0503570058,0.0080293659,-0.1423316005
5.265567,-1.299994,-20.722619,4.382025,0.1748713488,-0.1867238372,-0.0135603569
5.266615,2.045661,-6.006952,-2.059501,0.1663575476,-0.088815123,0.0226232983
5.267633,1.855922,4.679026,-5.136159,0.0386505291,0.1080665304,-0.090184568
5.268684,-1.163093,-3.931052,2.054717,-0.0230745298,0.0335707696,-0.2051208846
5.26973,-0.485796,-17.516586,1.283751,0.0035310991,0.001644015,-0.1742583551
5.270779,3.645235,-21.943737,-5.717385,-0.0635150856,0.5614264458,-0.0412302109
5.271796,3.172087,-12.854789,-3.296409,-0.1954790047,1.3095767289,0.0353940002
5.272845,-1.292788,1.918342,1.656025,-0.2572040636,1.3830082645,-0.03484486
5.273894,-3.43516,1.116235,3.630273,-0.2135708323,0.8274827343,-0.1742583551
5.274942,-4.105252,-13.498869,5.373952,-0.0826711384,0.2943059323,-0.2232127122
5.275992,-3.84346,-23.425838,6.250596,0.0854764359,-0.0419892163,-0.1242397729
5.277009,-0.802829,-17.653064,3.390097,0.1950916267,-0.2058798899,0.0002745701
5.27806,1.752646,-1.381071,-2.900118,0.1631648721,-0.144154831,-0.0061107808
5.279106,0.489319,2.945517,-2.681558,0.0599350322,-0.0834939973,-0.1242397729
5.280155,-0.834052,-7.730883,1.478294,0.0290725027,-0.1388337053,-0.1891575073
5.281172,2.345881,-18.524607,-3.983313,-0.0071111525,0.1389290598,-0.1263682232
5.282221,1.135393,-9.157915,-0.092458,-0.2699747654,1.4426048731,0.0119810468
5.283269,-2.781881,2.148199,3.414114,-0.2593325139,1.1935761871,-0.0731569655
5.284318,-3.291055,-2.362754,3.54381,-0.1795156274,0.6423075575,-0.1859648318
5.285335,-3.59848,-15.847725,5.82068,-0.0422305825,0.2155532709,-0.1976713085
5.286384,-3.084503,-23.279783,6.301033,0.120595866,-0.0941362488,-0.090184568
5.287435,-0.416145,-13.994499,2.374151,0.224889931,-0.2229074924,0.0045314707
5.288482,1.855922,1.949468,-3.690298,0.1738071236,-0.1611824335,-0.0380375354
5.28953,0.748709,1.003701,-3.135491,0.0461001052,-0.0781728715,-0.1540380772
5.290547,-0.031863,-12.119724,0.488768,0.0035310991,0.0208000678,-0.1795794809
5.291596,2.610075,-20.361072,-3.846413,-0.0422305825,0.4198845004,-0.090184568
5.292645,3.092829,-17.81588,-4.929607,-0.1710018261,1.095667473,0.0034672456
5.293694,-0.31287,-4.594286,0.882657,-0.2508187127,1.3968431915,0.0002745701
5.294711,-2.748256,2.811434,2.674372,-0.2369837857,1.0381993147,-0.1093406207
5.29576,-3.47599,-6.442724,3.949707,-0.1582311243,0.4943802612,-0.2061851097
5.296811,-3.932325,-20.025863,6.622869,-0.0049827022,0.1016811795,-0.1689372293
5.297857,-2.772274,-22.056271,6.303434,0.1599721966,-0.1452190562,-0.0380375354
5.298875,0.251545,-7.754827,0.392698,0.2099907789,-0.1973660887,0.020494848
5.299923,1.973608,4.248043,-4.867161,0.1110178396,-0.1005215997,-0.0720927404
5.300972,0.129055,-2.951763,-1.156439,0.0024668739,-0.039860766,-0.1838363815
5.302021,0.032984,-16.345749,0.15012,-0.0273314304,0.0782682261,-0.159359203
5.303069,3.436281,-20.820787,-4.982446,-0.0901207145,0.5518484195,-0.048679787
5.304087,3.006366,-14.095062,-3.887242,-0.2125066071,1.1595209822,0.0151737222
5.305136,-1.059818,-1.697125,1.190083,-0.2731674409,1.2744572988,-0.0263310588
5.306187,-2.887559,1.595105,3.08027,-0.2274057593,0.8626021643,-0.1359462496
5.307233,-3.151752,-9.543405,4.639013,-0.1135336678,0.3985999973,-0.2029924343
5.30825,-3.31267,-21.850357,6.541209,0.0418432046,0.0665617494,-0.1370104747
5.309301,0.715085,-3.354014,-1.442249,0.2067981034,-0.1590539832,-0.0039823305
5.310348,1.529282,2.583971,-5.273059,0.0907975617,-0.0739159709,-0.1082763956
5.311397,0.539756,-7.000607,-1.432642,-0.0028542519,0.0474056966,-0.1785152557
5.312414,1.428408,-17.257996,-1.36299,-0.0507443838,0.3006912832,-0.1306251238
5.313462,2.571647,-20.205439,-2.981778,-0.1231116942,0.735959371,-0.0316521845
5.314511,0.801548,-10.766917,-0.459928,-0.1827083028,1.0626764932,0.0109168216
5.315562,-1.561786,2.009327,1.043575,-0.1986716801,0.9668962294,-0.0582578134
5.316577,-2.664195,-0.736991,2.787255,-0.1624880249,0.5816467238,-0.166808779
5.317626,-3.050878,-15.162941,5.140981,-0.045423258,0.2304524231,-0.180643706
5.318677,-2.721837,-23.461754,6.003214,0.1035682635,-0.0196404881,-0.076349641
5.319723,-0.296057,-14.645762,1.716069,0.1706144482,-0.1100996261,0.0236875235
5.320772,2.13933,1.674118,-5.311487,0.0854764359,0.0271854187,-0.0188814827
5.32179,0.261152,1.930313,-2.326097,-0.0401021322,0.1282868083,-0.1519096269
5.322838,-1.343225,-12.153245,3.368481,-0.0486159335,0.0559194979,-0.1838363815
5.323887,1.94959,-20.420931,-1.735264,-0.045423258,0.2410946746,-0.0880561177
5.324937,3.609208,-17.145462,-4.972839,-0.1475888728,0.8349323103,0.006659921
5.325953,0.141064,-5.595124,0.08287,-0.2380480108,1.178677035,0.006659921
5.327002,-2.791488,2.741998,2.979396,-0.2263415341,0.9243272232,-0.0880561177
5.328053,-3.041271,-4.129783,3.642282,-0.1358823961,0.4869306851,-0.1880932821
5.329099,-3.110922,-18.720943,5.508451,-0.0007258016,0.1453144108,-0.1657445539
5.330117,-2.054147,-23.263023,5.244257,0.1312381175,-0.081365547,-0.0284595091
5.331165,1.303516,-9.845093,-1.610372,0.14826572,-0.0451818917,0.0502931523
5.332214,2.369899,3.546499,-5.448388,0.0343936285,0.1740484899,-0.0327164097
5.333263,-0.834052,-1.534309,1.680042,-0.0369094568,0.1793696157,-0.1540380772
5.334312,2.963134,-20.825576,-4.720654,-0.0528728341,0.3741228188,-0.0667716146
5.335329,2.833439,-15.213223,-4.062571,-0.1795156274,0.9764742558,0.0087883713
5.336378,-1.009381,-2.381908,0.748158,-0.2486902624,1.1563283067,-0.0199457078
5.337429,-2.87555,1.927919,3.171537,-0.2167635077,0.7519227483,-0.1306251238
5.338475,-2.84913,-7.460322,4.458881,-0.1114052175,0.306012409,-0.2051208846
5.339492,-3.007647,-20.887829,6.240989,0.0333294034,0.0580479482,-0.1444600508
5.340541,-1.422484,-22.235847,4.425256,0.1610364218,-0.0664663948,0.0002745701
5.34159,1.964001,-5.784278,-3.964099,0.1440088193,0.0218642929,0.0460362517
5.342639,1.738235,5.438034,-5.534851,0.0003384236,0.1846907414,-0.0731569655
5.343656,-1.669865,-3.524013,2.940967,-0.0486159335,0.084653577,-0.1902217324
5.344705,-0.387324,-17.377714,1.41825,-0.0060469273,-0.0058055611,-0.1604234281
5.345754,3.705279,-22.003595,-5.815857,-0.0581939599,0.4209487256,-0.0391017606
5.346805,2.614879,-13.453376,-4.396416,-0.1859009783,1.0499057914,0.0364582253
5.347851,-1.396064,0.28779,0.966719,-0.2380480108,1.1637778828,-0.0093034563
5.348868,-2.825113,2.246367,4.045778,-0.1773871771,0.7615007747,-0.1327535741
5.349917,-3.084503,-11.169168,4.840761,-0.0656435359,0.327296912,-0.194478633
5.350966,-3.27184,-23.521612,7.151256,0.0769626347,0.0229285181,-0.1082763956
5.352015,-1.040603,-17.631515,3.001011,0.1844493752,-0.1143565267,0.0194306229
5.353032,1.920769,-1.467267,-6.137694,0.1259169917,0.0037724653,0.0151737222
5.35408,0.753513,2.519323,-3.03942,-0.003918477,0.1506355365,-0.104019495
5.355129,-1.593009,-7.989473,3.918485,-0.0049827022,0.029313869,-0.1742583551
5.356181,0.796745,-18.749675,-0.656872,0.0120449003,0.0186716175,-0.1189186471
5.357195,3.69327,-19.501501,-5.518039,-0.0784142378,0.6029312268,-0.0093034563
5.358244,1.558103,-9.459603,-2.583086,-0.1912221041,1.2489158951,0.0311370995
5.359293,-1.970085,1.101869,1.32218,-0.2284699844,1.1882550613,-0.048679787
5.360342,-3.002843,-0.61009,3.173938,-0.1827083028,0.6625278354,-0.1710656796
5.36139,-3.031664,-24.177664,7.641216,0.0854764359,0.0048366905,-0.083799217
5.362407,-1.064621,-15.59153,2.12677,0.2025412028,-0.0983931494,0.0375224505
5.363456,1.822297,1.338909,-5.494021,0.155715296,0.0197358426,0.0119810468
5.364505,1.108974,3.922412,-3.716717,0.0120449003,0.1410575101,-0.1306251238
5.365556,-1.684276,-10.460441,2.991404,-0.0252029801,0.0410203457,-0.1966070833
5.366571,0.321196,-22.35317,1.190083,0.0088522248,0.1070023052,-0.1050837201
5.367619,3.794144,-18.541367,-5.75101,-0.0635150856,0.6965830404,0.0151737222
5.368669,1.788672,-6.138641,-4.016938,-0.1944147795,1.2382736436,0.0236875235
5.369717,-2.157423,1.930313,2.268474,-0.2369837857,1.1084381748,-0.0784780913
5.370735,-3.221403,-3.591054,4.02176,-0.1773871771,0.5741971477,-0.187029057
5.371783,-3.204591,-17.291517,6.195355,-0.0571297347,0.1495713114,-0.1817079312
5.372832,-2.853934,-21.266136,7.026365,0.1025040383,-0.0558241433,-0.0689000649
5.373881,-0.697151,-11.91381,0.671302,0.1897705009,-0.095200474,0.0162379474
5.374932,1.536487,0.223143,-4.478076,0.1312381175,-0.0249616138,-0.0231383833
5.375947,0.693469,0.962997,-2.035484,0.0226871518,-0.0175120377,-0.1412673753
5.376996,-0.382521,-12.617749,1.557552,-0.0230745298,-0.0696590703,-0.1763868054
5.378045,1.71662,-22.231058,-0.498356,-0.0390379071,0.2261955224,-0.0720927404
5.379093,3.460299,-15.639417,-5.018472,-0.1188547936,0.9328410245,0.0353940002
5.38011,1.250678,-2.245431,-3.133089,-0.2199561832,1.3308612319,0.0077241462
5.381159,-2.325546,2.050031,2.438999,-0.2412406863,1.0296855134,-0.1157259717
5.382208,-3.562454,-8.580877,4.482899,-0.1550384488,0.5028940624,-0.1923501827
5.383257,-3.206993,-20.310791,6.507584,0.0035310991,0.1527639868,-0.1359462496
5.384274,-2.253493,-19.635584,5.282685,0.1610364218,-0.0505030175,-0.021009933
5.385323,0.008967,-8.961578,-0.94028,0.2131834543,-0.1186134273,0.0258159738
5.386372,1.951992,2.354113,-4.324363,0.1301738923,-0.061145269,-0.0497440121
5.38742,-0.380119,-16.044062,1.394233,-0.0241387549,-0.0270900641,-0.166808779
5.388438,2.353086,-21.270925,-1.929806,-0.0475517083,0.3879577458,-0.0518724624
5.389486,3.006366,-14.04478,-4.768689,-0.142267747,1.0797040957,0.0290086492
5.390535,-0.012649,-2.001207,-0.404687,-0.2220846335,1.3085125037,-0.0114319066
5.391584,-2.424018,2.253551,2.897736,-0.2093139317,0.8711159656,-0.1412673753
5.392633,-3.819442,-10.671143,4.859975,-0.1252401445,0.327296912,-0.2178915864
5.39365,-4.158091,-22.652464,8.073533,0.0407789794,0.0186716175,-0.1370104747
5.394698,-1.566589,-18.040948,4.454078,0.1993485273,-0.1207418777,-0.0061107808
5.395747,1.644567,-3.969362,-3.214749,0.1961558519,-0.1260630034,0.0055956959
5.396796,1.670986,3.031714,-4.27873,0.065256158,-0.0685948451,-0.104019495
5.397813,-0.488198,-6.624694,0.690516,-0.0134965034,-0.0930720237,-0.1795794809
5.398862,0.542158,-17.439967,1.122833,-0.0156249537,0.0537910475,-0.1210470974
5.39991,3.606806,-18.055314,-4.907991,-0.0752215623,0.6752985373,-0.0156888072
5.400959,2.290641,-11.949725,-3.411694,-0.1827083028,1.3074482786,0.0311370995
5.401977,-1.343225,-0.188685,2.266072,-0.2231488587,1.2733930736,-0.0284595091
5.403026,-2.947603,0.127369,2.366946,-0.1901578789,0.7168033183,-0.159359203
5.404074,-3.920316,-15.787866,6.10649,-0.0901207145,0.2102321451,-0.1934144079
5.405123,-3.375116,-22.51838,7.924624,0.086540661,-0.0643379445,-0.0848634422
5.406172,0.057002,-13.134928,0.923487,0.2057338783,-0.1537328574,0.0087883713
5.40719,2.386711,-0.679527,-4.418032,0.155715296,-0.0824297721,-0.0252668336
5.408238,0.878405,0.055539,-3.433309,0.0322651782,-0.0015486604,-0.1284966735
5.409287,-0.74999,-11.573813,1.415848,0.0014026488,-0.0004844353,-0.1572307527
5.410336,1.132991,-17.590811,-0.130886,0.0226871518,0.2261955224,-0.0795423164
5.411352,3.097633,-15.009703,-6.430709,-0.0645793108,0.83280386,0.0034672456
5.412401,1.178625,-7.900882,-2.763218,-0.1827083028,1.2723288485,0.0130452719
5.41345,-3.478392,-5.628645,3.531801,-0.1390750715,0.5518484195,-0.152973852
5.414499,-3.608087,-17.609966,6.200159,-0.0049827022,0.1144518813,-0.1476527263
5.415516,-2.741051,-19.31953,5.563692,0.14826572,-0.1260630034,-0.0593220385
5.416565,0.38124,-11.315223,-1.374999,0.1993485273,-0.1462832813,0.0024030204
5.417614,2.429943,-0.250938,-4.951223,0.1131462899,0.0048366905,-0.0422944361
5.418663,-0.022256,-1.527126,-0.80338,0.0056595494,0.0303780942,-0.139138925
5.419712,-1.398466,-13.520418,3.656692,0.0109806751,-0.0547599181,-0.1465885011
5.420729,1.779065,-17.267574,-1.56714,0.0290725027,0.2389662243,-0.0635789391
5.421777,3.217721,-13.616192,-6.565207,-0.0879922642,0.9339052496,0.0024030204
5.422826,0.090627,-6.153007,-0.325429,-0.2061212562,1.2914849012,-0.0061107808
5.423875,-2.724239,-0.476007,4.069796,-0.1912221041,0.957318203,-0.0891203428
5.424892,-3.118128,-8.444399,3.709531,-0.1092767672,0.4124349243,-0.1646803287
5.425941,-3.074896,-18.850238,6.543611,0.0322651782,0.0740113255,-0.1359462496
5.42699,-1.780346,-18.021794,4.223508,0.1780640243,-0.0579525936,-0.0422944361
5.428039,1.120983,-6.940748,-2.460596,0.1855136003,-0.0217689384,-0.0124961318
5.429058,1.219455,1.786653,-3.277195,0.0758984095,0.0314423193,-0.0933772434
5.430105,-1.874015,-6.287091,1.953843,0.0173660261,-0.1132923016,-0.166808779
5.431154,-0.70916,-16.815042,1.96345,0.0450358801,-0.1154207519,-0.1189186471
5.432203,3.923839,-16.661804,-6.971105,-0.0198818543,0.4784168839,-0.0242026084
5.433251,3.220123,-11.245787,-5.866294,-0.1880294286,1.2159249153,0.006659921
5.434268,-1.292788,-2.1736,3.133108,-0.2635894145,1.3063840534,-0.0433586612
5.435317,-3.077298,-1.864729,3.575033,-0.2146350574,0.7998128803,-0.139138925
5.436366,-3.050878,-13.223519,5.136178,-0.0943776151,0.2953701574,-0.1763868054
5.437415,-2.901969,-19.269249,6.663699,0.0758984095,0.0186716175,-0.1146617465
5.438435,-1.23995,-15.950682,2.364544,0.2036054279,-0.1111638513,-0.0305879594
5.439481,1.032117,-4.278232,-0.933075,0.2046696531,-0.1281914537,-0.0252668336
5.44053,-0.77641,-8.774819,0.126102,0.037586304,-0.1654393341,-0.1817079312
5.441579,1.243472,-17.700951,-0.524775,0.0173660261,0.0601763985,-0.1167901968
5.442596,4.317728,-17.049688,-7.799713,-0.0975702905,0.7529869735,-0.0231383833
5.443645,1.992822,-9.325519,-2.364525,-0.2348553354,1.3117051792,0.0024030204
5.444694,-2.253493,0.38117,3.976127,-0.252947163,1.1765485847,-0.0614504888
5.445743,-3.444767,-4.275838,3.342062,-0.1869652034,0.6401791072,-0.1508454017
5.44676,-3.324679,-15.658571,6.670904,-0.0411663574,0.2038467942,-0.1561665275
5.448858,-0.769204,-13.609009,1.905808,0.2153119046,-0.1963018636,-0.0114319066
5.447812,-2.724239,-19.096856,5.767841,0.1269812169,-0.0558241433,-0.0795423164
5.449907,1.313123,-1.539098,-1.780897,0.1823209249,-0.1920449629,-0.0327164097
5.450956,0.729495,-0.66516,-4.105803,0.0599350322,-0.1239345531,-0.1231755477
5.451973,-0.264834,-11.521137,1.096414,0.0024668739,-0.0387965408,-0.1487169514
5.453021,2.050464,-16.352933,-2.587889,-0.0241387549,0.2953701574,-0.0827349919
5.45407,3.522745,-15.368855,-7.626786,-0.1529099985,0.9168776472,-0.0135603569
5.455119,0.575782,-7.304689,0.263003,-0.2476260372,1.2882922258,-0.0039823305
5.456136,-2.560919,-0.801638,3.231581,-0.2210204084,1.0392635398,-0.0731569655
5.457188,-3.046075,-8.406089,4.033769,-0.1273685948,0.5369492673,-0.139138925
5.458234,-2.851532,-15.986597,6.57003,0.0290725027,0.167663139,-0.125303998
5.459283,-2.320743,-17.382502,3.96652,0.1727428985,-0.0760444212,-0.0614504888
5.460302,-0.252825,-10.786072,0.947505,0.2270183813,-0.178210036,-0.0199457078
5.461349,1.565309,0.211171,-3.769556,0.1642290973,-0.10265005,-0.0667716146
5.462398,0.352419,-3.926263,-2.47981,0.0450358801,-0.0228331635,-0.1487169514
5.463446,-0.096711,-14.753508,2.328518,0.00991645,0.0665617494,-0.1380746999
5.464495,2.595664,-17.250813,-3.956894,-0.0305241059,0.4464901292,-0.0571935882
5.465513,2.917501,-12.663241,-5.599699,-0.1592953494,1.0254286128,-0.0061107808
5.466563,-3.154154,-1.208678,3.236384,-0.2135708323,0.83280386,-0.1146617465
5.46761,-3.084503,-12.225076,5.383559,-0.100762966,0.3602878918,-0.1561665275
5.468659,-2.484062,-18.957984,6.682913,0.0599350322,0.0623048488,-0.1093406207
5.469678,-1.40327,-16.884478,3.675907,0.1780640243,-0.1356410298,-0.03484486
5.470725,0.333205,-5.798644,-0.371063,0.18338515,-0.1867238372,-0.0188814827
5.471774,1.024912,2.263128,-4.127419,0.0822837604,-0.0856224476,-0.0933772434
5.472823,-0.243218,-7.201732,-0.226957,0.0014026488,-0.0217689384,-0.1582949778
5.47384,0.729495,-16.728845,0.27261,-0.0113680531,0.0952958285,-0.1199828723
5.474888,3.335407,-16.661804,-6.51477,-0.0911849396,0.5465272937,-0.0391017606
5.475938,1.798279,-11.138041,-3.073045,-0.2135708323,1.0381993147,-0.0007896551
5.476986,-1.958077,-2.331627,2.912146,-0.2305984347,1.0318139638,-0.0316521845
5.478035,-2.964415,-2.738666,3.17634,-0.1550384488,0.645500233,-0.1082763956
5.479054,-2.532098,-12.521975,5.306703,-0.031588331,0.2868563562,-0.1423316005
5.480101,-2.599347,-19.487135,5.436398,0.1035682635,0.0197358426,-0.0912487931
5.481149,-0.925319,-15.419137,1.86738,0.1865778255,-0.1324483543,-0.0178172575
5.482199,1.274695,-2.429795,-2.563872,0.1503941703,-0.0824297721,-0.0263310588
5.483216,0.417266,0.43624,-3.116277,0.0301367279,0.0122862666,-0.1189186471
5.484264,-0.428154,-9.711009,1.564758,-0.0124322782,0.0208000678,-0.159359203
5.485314,1.954394,-16.623494,-2.27566,-0.0283956555,0.2176817212,-0.1082763956
5.486362,2.977545,-17.77757,-6.17372,-0.1337539458,0.7742714766,-0.0263310588
5.487379,-0.010247,-9.612841,0.673704,-0.2039928059,1.1680347834,0.0162379474
5.48843,-2.431224,1.489753,2.974592,-0.1869652034,0.9562539778,-0.0454871115
5.489477,-2.882755,-3.622181,3.1211,-0.1326897206,0.4773526587,-0.1508454017
5.490526,-3.067691,-15.93871,6.130507,-0.0081753776,0.1304152586,-0.1625518784
5.491575,-1.996505,-20.765717,4.670236,0.1365592433,-0.0856224476,-0.0710285152
5.492591,0.515738,-13.087041,-0.241368,0.1791282494,-0.1249987783,0.0045314707
5.49364,-0.579465,-1.132058,0.459947,0.0131091254,0.0878462525,-0.117854422
5.494689,-0.406538,-10.429314,2.585507,0.0163018009,0.0303780942,-0.145524276
5.495738,2.610075,-17.018561,-5.191399,-0.0422305825,0.2762141047,-0.0933772434
5.496755,2.540424,-18.098413,-4.528513,-0.1710018261,0.8626021643,-0.0082392311
5.497806,-0.538635,-7.230464,1.804934,-0.2103781568,1.1403649294,0.020494848
5.498853,-2.279913,1.75792,2.232448,-0.1784514022,0.8008771054,-0.0689000649
5.499901,-2.666596,-5.741179,3.913681,-0.1092767672,0.333682263,-0.1636161036
5.500918,-2.877951,-17.205321,5.77985,0.023751377,0.0474056966,-0.1444600508
5.501968,-1.283181,-20.842336,3.306035,0.1450730445,-0.1281914537,-0.03484486
5.503016,1.183428,-10.046218,-1.350982,0.1589079715,-0.0856224476,0.0311370995
5.504066,1.154607,2.706082,-4.242703,0.0620634825,0.1091307555,-0.0327164097
5.505114,-0.886891,-3.066692,1.33659,0.0024668739,0.0910389279,-0.1306251238
5.506131,0.371633,-13.810134,1.041173,0.0056595494,0.0271854187,-0.1338177993
5.507182,3.640431,-19.381784,-6.740536,-0.0720288868,0.4432974538,-0.0550651379
5.508229,2.35789,-16.384059,-2.150768,-0.1795156274,1.0765114202,0.0258159738
5.509278,-1.492135,-1.917405,3.214768,-0.1986716801,1.1754843595,0.0098525965
5.510295,-2.707426,1.990172,2.621533,-0.1667449255,0.7199959937,-0.1167901968
5.511344,-3.01245,-9.904952,5.066527,-0.073093112,0.2400304494,-0.1987355336
5.512393,-3.612891,-21.038673,5.491639,0.0663203831,-0.0834939973,-0.1359462496
5.513441,-1.244753,-20.052201,2.811272,0.1738071236,-0.2112010157,0.0013387952
5.514459,1.728628,-3.662885,-2.782432,0.162100647,-0.053695693,0.0439078014
5.515507,0.604604,4.705364,-3.536585,0.0429074297,0.098488504,-0.0657073894
5.516558,-1.352833,-6.782721,3.627871,0.0152375758,-0.0334754151,-0.1551023023
5.517605,1.281901,-17.566867,-1.836138,0.0152375758,-0.012190912,-0.1199828723
5.518622,4.089561,-20.626845,-7.902989,-0.1114052175,0.6231515048,-0.0114319066
5.519671,-2.157423,2.586365,2.37175,-0.2039928059,1.1116308503,-0.0178172575
5.52072,-2.801095,-0.70347,1.970655,-0.1731302764,0.5284354661,-0.1582949778
5.521769,-3.59848,-14.856465,5.964786,-0.0486159335,0.1442501856,-0.187029057
5.522818,-2.817907,-23.011616,5.064125,0.1163389653,-0.074980196,-0.0678358397
5.523835,0.229929,-15.625051,1.740086,0.1993485273,-0.1547970826,0.048164702
5.524884,1.738235,1.082714,-3.920867,0.155715296,-0.0068697862,0.0247517486
5.525935,0.097832,2.552844,-1.888976,0.0599350322,0.0633690739,-0.1029552698
5.526982,-0.351298,-9.828333,1.713667,0.0301367279,-0.0473103421,-0.1614876533
5.527999,2.773395,-20.337129,-5.698171,-0.031588331,0.2027825691,-0.090184568
5.529047,3.14807,-20.533465,-4.350783,-0.1529099985,0.9424190508,0.0268801989
5.530096,-0.725973,-6.945537,2.97219,-0.1816440777,1.3170263049,0.061999629
5.531145,-2.404804,4.398887,1.658426,-0.1603595746,0.9285841239,-0.0529366876
5.532162,-2.779479,-3.078664,2.91695,-0.1092767672,0.3943430967,-0.1912859576
5.533211,-3.795425,-18.864604,6.104088,0.0205587015,0.0484699218,-0.1838363815
5.53426,-2.469652,-24.297381,5.359542,0.1674217727,-0.1814027114,-0.0380375354
5.535311,0.537354,-11.245787,0.762569,0.2270183813,-0.1803384863,0.0609354038
5.536358,2.055268,4.631139,-5.251443,0.1354950181,0.0112220414,-0.0082392311
5.537375,-0.103916,0.543986,-0.493553,0.0290725027,0.0356992199,-0.1465885011
5.538424,-0.634706,-14.540411,1.079602,0.0067237745,-0.053695693,-0.1657445539
5.539472,2.996759,-22.331621,-6.365861,-0.0635150856,0.3432602893,-0.0529366876
5.540522,2.742172,-16.63786,-1.627184,-0.1614237998,1.0967316981,0.0492289272
5.541539,-1.220736,-2.252614,3.200358,-0.1731302764,1.2584939215,0.0268801989
5.542587,-2.584937,3.584808,1.062789,-0.1603595746,0.7263813447,-0.1189186471
5.543636,-3.358304,-7.785953,4.530934,-0.0975702905,0.2134248206,-0.2200200367
5.544688,-3.961146,-22.57345,6.884661,0.0556781316,-0.088815123,-0.1465885011
5.545702,2.43955,-4.685272,-2.426971,0.1929631764,-0.1122280764,0.0651923045
5.546751,1.663781,5.172261,-5.016071,0.0737699592,0.1368006095,-0.0391017606
5.5478,-1.153486,-4.35964,2.335723,0.0194944764,0.0633690739,-0.1423316005
5.548849,0.568577,-17.183771,-0.224555,0.0301367279,-0.0228331635,-0.1167901968
5.549898,4.027115,-21.618105,-7.035953,-0.0635150856,0.5252427906,-0.0029181054
5.550915,2.052866,-13.872387,-0.628051,-0.1624880249,1.2744572988,0.0768987812
5.551963,-1.511349,1.671724,2.292492,-0.1773871771,1.2872280006,0.0151737222
5.553012,-2.801095,1.674118,1.610391,-0.1582311243,0.6880692391,-0.145524276
5.554064,-4.206126,-13.656896,6.1209,-0.0518086089,0.1719200396,-0.2061851097
5.557176,2.936715,-1.076988,-4.15624,0.1748713488,-0.1047785003,0.0449720265
5.556127,-0.130336,-17.638698,1.752095,0.2153119046,-0.268669174,0.0460362517
5.555078,-4.158091,-23.219924,6.166534,0.1195316408,-0.1388337053,-0.0933772434
5.558225,0.85919,4.487478,-3.185928,0.0663203831,0.0250569684,-0.090184568
5.559242,-1.309601,-8.930452,2.571096,0.037586304,-0.1313841292,-0.1646803287
5.56029,1.610942,-20.775294,-2.842476,0.023751377,-0.0047413359,-0.0891203428
5.56134,4.44262,-19.762485,-6.096864,-0.0837353635,0.7540511987,0.0300728744
5.562388,1.438015,-8.238485,0.238985,-0.1635522501,1.3681091123,0.0566785032
5.56344,-2.234279,3.323824,1.997075,-0.169937601,1.1701632337,-0.0454871115
5.564454,-3.247823,-2.22867,3.224375,-0.1177905685,0.5688760219,-0.1721299048
5.565503,-4.06202,-17.504614,6.473959,0.00991645,0.0889104776,-0.17319413
5.566555,-3.209395,-23.466542,5.717404,0.1599721966,-0.2122652409,-0.0380375354
5.567601,0.102635,-12.854789,1.086807,0.2355321826,-0.2367424194,0.0726418805
5.568618,1.855922,2.725237,-4.795109,0.1642290973,-0.0143193623,0.0268801989
5.569667,-0.584269,0.886377,-0.404687,0.0631277077,0.0059009156,-0.1008268195
5.570716,-1.030996,-11.976063,2.816076,0.0663203831,-0.1622466586,-0.1327535741
5.571765,4.135194,-19.26446,-4.903188,-0.142267747,1.0520342417,0.0641280793
5.572782,0.0546,-4.419499,1.314974,-0.2103781568,1.4404764228,0.0598711787
5.573831,-2.450438,5.450006,1.557552,-0.1997359053,1.0254286128,-0.0848634422
5.57488,-3.274242,-5.913573,4.639013,-0.1273685948,0.4475543544,-0.2040566594
5.575931,-3.908307,-23.01401,7.108025,0.0386505291,0.0548552727,-0.1487169514
5.576946,-2.258297,-23.514429,6.022428,0.2153119046,-0.1686320096,0.0098525965
5.577994,0.796745,-6.030896,-0.267787,0.2706516126,-0.1516044071,0.0673207548
5.579043,1.351552,5.778032,-4.888777,0.1631648721,-0.0579525936,-0.0454871115
5.580092,-1.273574,-3.392323,0.937898,0.0854764359,-0.1707604599,-0.1657445539
5.581141,0.172286,-16.139836,-0.659274,0.079091085,-0.171824685,-0.1412673753
5.582158,4.651573,-21.330783,-7.585956,-0.0347810065,0.4390405532,-0.0263310588
5.583207,3.12165,-15.783078,-2.22042,-0.1816440777,1.2308240675,0.0566785032
5.584256,-1.107853,0.706801,1.937031,-0.2210204084,1.3585310859,0.0151737222
5.585307,-2.719435,3.714103,1.728077,-0.1922863292,0.8540883631,-0.1284966735
5.586322,-4.033199,-12.92662,5.34273,-0.0879922642,0.3038839587,-0.194478633
5.587371,-4.282982,-24.333296,7.014356,0.0939902371,-0.0792370967,-0.0923130183
5.588419,-1.67707,-17.758415,5.155392,0.2419175335,-0.3016601538,0.0407151259
5.589468,0.871199,-1.931771,-0.988316,0.2536240102,-0.3165593059,0.0396509008
5.590485,1.188232,3.263966,-4.297944,0.1493299451,-0.2420635452,-0.0795423164
5.591534,0.731897,-6.648638,-0.661676,0.0695130586,-0.1792742611,-0.1551023023
5.592583,2.187365,-17.535741,-2.619112,0.0109806751,0.1144518813,-0.111469071
5.593632,3.27056,-21.330783,-3.940081,-0.0901207145,0.7583080993,-0.0029181054
5.594683,1.161812,-11.257759,-0.234162,-0.1678091507,1.2829711,0.0566785032
5.595698,-1.424885,3.584808,0.339859,-0.197607455,1.2042184386,-0.0220741581
5.596747,-2.986031,-0.641217,2.852102,-0.1656807004,0.6901976894,-0.152973852
5.597795,-3.283849,-23.219924,5.890331,0.141880369,-0.1494759568,-0.0603862637
5.598844,-0.802829,-15.091111,3.358874,0.2461744341,-0.3144308556,0.0407151259
5.599862,1.495657,-0.140798,-3.303614,0.2089265537,-0.24099932,0.0141094971
5.60091,1.096965,2.241579,-4.266721,0.0971829126,-0.1037142752,-0.1018910447
5.601959,0.071412,-8.635947,-0.005995,0.0524854561,-0.0334754151,-0.1551023023
5.603008,1.721423,-19.649951,-3.046626,0.0226871518,0.2538653764,-0.0859276674
5.604025,3.16248,-20.698675,-4.36039,-0.0741573372,0.8849508926,0.0311370995
5.605074,0.943252,-6.6223,-0.606435,-0.1624880249,1.2914849012,0.0598711787
5.606123,-2.294323,3.503401,1.574365,-0.1859009783,1.0445846656,-0.0476155618
5.607172,-3.651319,-4.869637,3.947306,-0.1103409924,0.507150963,-0.1625518784
5.60822,-3.901102,-17.528558,5.928759,0.0492927807,0.0910389279,-0.1497811766
5.609238,-2.666596,-21.776132,6.104088,0.197220077,-0.1952376384,-0.0337806348
5.610287,0.347615,-12.069443,1.507115,0.252559785,-0.2984674783,0.0417793511
5.611335,2.132124,2.129044,-4.49729,0.1748713488,-0.1728889102,-0.0156888072
5.612384,0.21792,-0.418543,-1.912994,0.0673846083,-0.0526314678,-0.1210470974
5.613401,-0.303262,-12.622537,1.096414,0.0503570058,0.0165431672,-0.1295608987
5.61445,2.847849,-19.465586,-3.961697,0.0088522248,0.3805081697,-0.0454871115
5.615499,2.831037,-17.24363,-3.459729,-0.1114052175,0.9828596067,0.0332655499
5.616548,-0.74999,-4.754708,2.148386,-0.1795156274,1.1808054853,0.0247517486
5.617565,-2.688212,1.458627,2.724809,-0.1529099985,0.8104551318,-0.0752854158
5.618614,-3.139744,-7.611166,3.952109,-0.0635150856,0.3304895875,-0.1572307527
5.619662,-3.255028,-18.869393,6.108892,0.0748341844,-0.0143193623,-0.1231755477
5.620711,-1.571393,-19.858259,4.922421,0.2004127525,-0.2005587642,-0.0146245821
5.62176,1.281901,-7.304689,-1.456659,0.2099907789,-0.150540182,0.0279444241
5.622777,1.483649,1.856089,-4.982446,0.0939902371,-0.0004844353,-0.0529366876
5.623826,-0.848462,-4.225557,0.921085,0.0226871518,-0.0228331635,-0.1370104747
5.624875,3.205712,-19.372206,-5.225024,-0.0379736819,0.4507470299,-0.0242026084
5.625924,2.043259,-15.3497,-1.939413,-0.1401392967,1.0530984668,0.0566785032
5.627989,-2.779479,1.477782,2.443803,-0.1529099985,0.6508213587,-0.0880561177
5.62694,-1.412877,-1.397831,1.816943,-0.1827083028,1.1190804264,0.0322013247
5.629038,-3.307867,-11.171562,4.422855,-0.0496801586,0.181498066,-0.159359203
5.630087,-3.101315,-21.742611,5.82068,0.1035682635,-0.1037142752,-0.0912487931
5.631104,-0.473788,-18.21813,2.912146,0.2174403549,-0.2165221415,0.0194306229
5.632153,2.019242,-3.449788,-3.755146,0.1812566997,-0.1058427255,0.0215590732
5.633202,0.628621,2.093129,-3.31082,0.0631277077,0.0037724653,-0.0816707667
5.63425,-1.112656,-7.168211,2.282885,0.037586304,-0.0600810439,-0.1433958257
5.635299,1.416399,-17.238842,-1.559935,0.0343936285,0.0942316034,-0.0933772434
5.636317,3.633226,-19.848682,-4.893581,-0.0624508605,0.6912619146,0.0077241462
5.637365,1.298713,-9.572137,-0.683292,-0.1539742237,1.1669705583,0.0449720265
5.638414,-2.008514,1.738766,2.170002,-0.1731302764,1.0296855134,-0.0337806348
5.639463,-3.274242,-2.748244,3.743156,-0.1188547936,0.548655744,-0.1412673753
5.64048,-3.564855,-15.409559,5.032902,0.0077879997,0.1389290598,-0.1540380772
5.641529,-2.801095,-21.756977,5.390765,0.1429445942,-0.1526686323,-0.0571935882
5.642577,0.179492,-13.491686,1.168467,0.2025412028,-0.254834247,0.0311370995
5.643626,2.182561,0.692435,-4.939214,0.1248527666,-0.1186134273,-0.007175006
5.644643,0.018574,0.824124,-1.14443,0.0226871518,-0.0249616138,-0.1135975214
5.645693,-0.939729,-10.70227,2.580703,0.0248156021,-0.0505030175,-0.139138925
5.646741,2.0985,-20.401776,-3.20274,0.0067237745,0.2208743967,-0.0529366876
5.64779,3.03999,-18.833478,-4.49729,-0.0965060654,0.8498314625,0.0524216026
5.648809,0.131456,-4.663723,-0.31342,-0.1773871771,1.1754843595,0.0502931523
5.649856,-2.294323,3.065235,2.210832,-0.1752587268,0.8594094889,-0.0667716146
5.650904,-3.190181,-19.736147,5.693387,0.0450358801,0.0516625972,-0.1338177993
5.651954,-1.813971,-22.11613,5.64295,0.1844493752,-0.1313841292,-0.0061107808
5.653002,1.075349,-7.43159,-1.660809,0.2004127525,-0.1186134273,0.0428435762
5.654019,1.464434,3.931989,-5.462798,0.0822837604,0.0080293659,-0.0540009127
5.655068,-1.393662,-3.68204,2.400571,0.0248156021,-0.0526314678,-0.1508454017
5.656117,-0.139943,-14.899563,1.110825,0.051421231,-0.0856224476,-0.1231755477
5.657166,4.07515,-20.059384,-6.769357,-0.0294598807,0.3815723949,-0.021009933
5.658185,2.773395,-15.280264,-3.36606,-0.1720660513,1.0445846656,0.0556142781
5.659232,-1.501742,-1.340367,1.617596,-0.2188919581,1.1659063331,0.0268801989
5.660281,-3.03887,2.308621,2.734416,-0.1710018261,0.7370235962,-0.0923130183
5.66133,-3.178172,-9.768474,4.886395,-0.0603224102,0.2772783298,-0.1646803287
5.662346,-3.060485,-22.209509,6.461951,0.086540661,-0.0441176666,-0.0944414686
5.663395,-1.309601,-20.195862,4.790324,0.2078623286,-0.2420635452,0.0375224505
5.664444,1.450024,-3.667674,-2.804048,0.2004127525,-0.2037514396,0.0598711787
5.665493,1.462033,4.315085,-5.004062,0.0801553101,-0.0451818917,-0.0508082373
5.666542,-0.915712,-5.37245,2.287688,0.0343936285,-0.0430534414,-0.1348820244
5.667561,0.467703,-17.516586,-0.198136,0.0354578537,0.0303780942,-0.0923130183
5.668608,3.510736,-21.191911,-5.496423,-0.0571297347,0.5561053201,0.0162379474
5.669657,1.728628,-11.43494,-2.287669,-0.1784514022,1.1084381748,0.0683849799
5.670706,-1.926854,1.130601,0.774578,-0.2178277329,1.0562911423,-0.0029181054
5.671723,-2.945201,-0.531077,3.366079,-0.1624880249,0.5784540483,-0.1231755477
5.672772,-2.784283,-13.920274,5.52046,-0.0379736819,0.1719200396,-0.1497811766
5.673821,-2.524892,-22.817674,6.702127,0.1099536144,-0.0824297721,-0.0508082373
5.67487,-0.61309,-14.992943,2.837692,0.211055004,-0.2016229893,0.0534858278
5.675887,1.582121,-0.523894,-4.727859,0.169550223,-0.1271272286,0.0300728744
5.676938,-0.711562,-8.6982,2.381357,0.0461001052,-0.0547599181,-0.1221113226
5.677985,1.779065,-19.242911,-2.412561,0.0194944764,0.1431859605,-0.0529366876
5.679033,3.433879,-19.90854,-4.912795,-0.0847995887,0.7795926023,0.0545500529
5.680083,0.731897,-6.73244,-1.598363,-0.1827083028,1.2425305442,0.0726418805
5.6811,-2.375983,2.883264,1.49991,-0.2125066071,1.012657911,-0.0327164097
5.682149,-3.291055,-3.476126,4.14425,-0.1433319721,0.4762884335,-0.1465885011
5.683198,-3.413544,-17.583628,5.945572,0.0014026488,0.0974242788,-0.139138925
5.684247,-2.700221,-24.101045,6.824617,0.1663575476,-0.1462832813,-0.0082392311
5.685264,-0.173567,-11.839585,0.255797,0.2429817586,-0.2335497439,0.0843483572
5.686315,1.925573,3.3765,-6.298612,0.1493299451,-0.1186134273,0.0215590732
5.687361,0.097832,0.960602,-0.447919,0.0322651782,-0.0568883684,-0.1029552698
5.68841,-0.956542,-12.51958,3.068261,0.0322651782,-0.1047785003,-0.1210470974
5.689427,2.622084,-21.419374,-3.296409,0.0120449003,0.2006541188,-0.0178172575
5.690476,3.83017,-16.805464,-6.550797,-0.114597893,0.9413548257,0.0737061057
5.691525,-0.060684,-5.269493,-1.574346,-0.2167635077,1.3180905301,0.0524216026
5.692574,-3.031664,0.589478,3.800798,-0.2039928059,0.9232629981,-0.0571935882
5.693622,-3.307867,-4.663723,4.550148,-0.1135336678,0.34751719,-0.152973852
5.69464,-3.233412,-17.971512,7.067195,0.0280082776,-0.0004844353,-0.1284966735
5.695691,-2.49367,-22.245424,7.100819,0.1950916267,-0.2143936912,0.0002745701
5.696737,-0.065488,-9.881008,-1.555131,0.2514955599,-0.2527057967,0.0768987812
5.697786,2.045661,2.339747,-5.714983,0.155715296,-0.0898793482,0.0141094971
5.698806,0.431677,0.045961,-0.25818,0.0578065819,-0.0270900641,-0.1050837201
5.699852,-0.632304,-13.671262,2.340527,0.0343936285,-0.1015858249,-0.1231755477
5.700901,2.504398,-22.484859,-2.249241,0.0045953242,0.2315166482,-0.0135603569
5.70195,3.690868,-15.383221,-6.416298,-0.1114052175,1.0052083349,0.0811556818
5.702967,0.338008,-2.482471,-2.429373,-0.2231488587,1.338310808,0.0428435762
5.704016,-3.576864,-8.700594,5.080937,-0.1241759194,0.2932417071,-0.166808779
5.705065,-3.564855,-21.7474,7.888597,0.0492927807,-0.0717875206,-0.0997625944
5.706113,-2.140611,-18.735309,5.873519,0.2344679574,-0.2335497439,0.0311370995
5.70713,0.527747,-5.159353,-3.342042,0.2685231623,-0.2058798899,0.0683849799
5.708182,1.630156,2.227213,-4.778296,0.1525226206,-0.10265005,-0.0188814827
5.709228,-0.115925,-4.045981,0.61366,0.072705734,-0.1409621556,-0.1135975214
5.710277,0.133858,-16.85814,1.038772,0.0546139064,-0.1175492022,-0.090184568
5.711326,3.501129,-20.538254,-4.127419,-0.0049827022,0.4124349243,0.0236875235
5.712343,3.313791,-11.973669,-5.719787,-0.1326897206,1.1424933797,0.0800914566
5.713392,-0.761999,-0.504739,-0.25818,-0.2210204084,1.2584939215,0.0119810468
5.714441,-3.187779,0.065116,3.916083,-0.1880294286,0.7583080993,-0.1072121704
5.71549,-3.689747,-12.768593,5.755833,-0.073093112,0.258122277,-0.1402031502
5.716506,-3.747389,-21.225432,7.44187,0.0971829126,-0.0356038654,-0.0433586612
5.717558,-2.359171,-16.525326,3.620666,0.2472386592,-0.2026872145,0.0683849799
5.718605,0.568577,-3.873588,-2.352516,0.266394712,-0.2452562206,0.0737061057
5.719653,1.927975,3.963115,-4.49729,0.1535868457,-0.2101367906,-0.0401659857
5.72067,0.294776,-7.050888,-0.84421,0.0482285555,-0.1931091881,-0.1295608987
