Time (s), Acceleration X (m/s^2), Acceleration Y (m/s^2), Acceleration Z (m/s^2), Gyro X (rad/s), Gyro Y (rad/s), Gyro Z (rad/s)
0.000113,-0.207192,-9.797206,0.224574,0.0248156021,0.015478942,0.0300728744
0.000723,-0.195183,-9.792417,0.222173,0.0248156021,0.0165431672,0.0290086492
0.001772,-0.202388,-9.790023,0.219771,0.0248156021,0.0165431672,0.0279444241
0.002822,-0.214397,-9.7996,0.219771,0.0248156021,0.0165431672,0.0290086492
0.00384,-0.211995,-9.801995,0.217369,0.023751377,0.015478942,0.0300728744
0.004889,-0.20479,-9.792417,0.214967,0.0226871518,0.015478942,0.0311370995
0.005938,-0.195183,-9.792417,0.217369,0.023751377,0.0165431672,0.0300728744
0.006988,-0.192781,-9.801995,0.217369,0.023751377,0.015478942,0.0290086492
0.008006,-0.211995,-9.804389,0.219771,0.023751377,0.015478942,0.0279444241
0.009056,-0.219201,-9.797206,0.219771,0.023751377,0.0165431672,0.0290086492
0.010106,-0.211995,-9.792417,0.207762,0.0226871518,0.0165431672,0.0290086492
0.011155,-0.211995,-9.792417,0.20536,0.0226871518,0.015478942,0.0290086492
0.012205,-0.216799,-9.792417,0.219771,0.0216229267,0.015478942,0.0290086492
0.013222,-0.216799,-9.78284,0.219771,0.0226871518,0.0144147169,0.0279444241
0.014272,-0.211995,-9.780446,0.229378,0.023751377,0.0144147169,0.0268801989
0.015322,-0.197585,-9.780446,0.234181,0.023751377,0.0144147169,0.0290086492
0.016371,-0.192781,-9.780446,0.219771,0.0226871518,0.015478942,0.0311370995
0.017389,-0.209594,-9.787629,0.20536,0.0226871518,0.015478942,0.0300728744
0.018439,-0.221603,-9.790023,0.202958,0.023751377,0.015478942,0.0279444241
0.019489,-0.211995,-9.792417,0.212566,0.023751377,0.015478942,0.0279444241
0.02054,-0.20479,-9.7996,0.222173,0.0226871518,0.015478942,0.0279444241
0.021556,-0.211995,-9.794812,0.219771,0.0216229267,0.015478942,0.0279444241
0.022606,-0.202388,-9.790023,0.217369,0.0216229267,0.015478942,0.0268801989
0.023655,-0.207192,-9.794812,0.219771,0.0226871518,0.0144147169,0.0279444241
0.024705,-0.216799,-9.797206,0.226976,0.023751377,0.0144147169,0.0279444241
0.025754,-0.216799,-9.804389,0.219771,0.0226871518,0.0165431672,0.0268801989
0.026772,-0.202388,-9.801995,0.210164,0.0216229267,0.015478942,0.0268801989
0.027822,-0.192781,-9.792417,0.207762,0.0216229267,0.0133504917,0.0279444241
0.028872,-0.197585,-9.794812,0.214967,0.0216229267,0.0144147169,0.0279444241
0.029922,-0.207192,-9.801995,0.219771,0.0216229267,0.0165431672,0.0268801989
0.030939,-0.207192,-9.797206,0.214967,0.0205587015,0.0165431672,0.0268801989
0.031989,-0.209594,-9.794812,0.20536,0.0205587015,0.015478942,0.0268801989
0.033041,-0.209594,-9.792417,0.212566,0.0205587015,0.015478942,0.0279444241
0.034088,-0.202388,-9.78284,0.23178,0.0216229267,0.0165431672,0.0279444241
0.035106,-0.202388,-9.780446,0.238985,0.0216229267,0.015478942,0.0268801989
0.036156,-0.202388,-9.790023,0.224574,0.0216229267,0.015478942,0.0258159738
0.037205,-0.207192,-9.790023,0.210164,0.0216229267,0.015478942,0.0258159738
0.038255,-0.209594,-9.787629,0.212566,0.0205587015,0.0144147169,0.0258159738
0.039305,-0.207192,-9.792417,0.219771,0.0194944764,0.0133504917,0.0258159738
0.040323,-0.20479,-9.792417,0.217369,0.0205587015,0.0144147169,0.0258159738
0.041372,-0.211995,-9.787629,0.217369,0.0216229267,0.015478942,0.0268801989
0.042422,-0.216799,-9.790023,0.217369,0.0216229267,0.0144147169,0.0268801989
0.043472,-0.209594,-9.790023,0.207762,0.0205587015,0.015478942,0.0258159738
0.044489,-0.20479,-9.790023,0.207762,0.0205587015,0.0165431672,0.0247517486
0.045541,-0.207192,-9.794812,0.222173,0.0216229267,0.015478942,0.0247517486
0.046589,-0.20479,-9.794812,0.222173,0.0205587015,0.0144147169,0.0258159738
0.047638,-0.209594,-9.773263,0.207762,0.0205587015,0.015478942,0.0258159738
0.048657,-0.209594,-9.778051,0.219771,0.0205587015,0.0144147169,0.0258159738
0.049706,-0.211995,-9.785234,0.219771,0.0205587015,0.0133504917,0.0258159738
0.050755,-0.211995,-9.785234,0.224574,0.0205587015,0.0133504917,0.0236875235
0.051805,-0.207192,-9.785234,0.222173,0.0216229267,0.0144147169,0.0236875235
0.052855,-0.20479,-9.785234,0.219771,0.0205587015,0.0144147169,0.0258159738
0.053873,-0.207192,-9.790023,0.219771,0.0205587015,0.0133504917,0.0258159738
0.054922,-0.209594,-9.785234,0.214967,0.0205587015,0.0133504917,0.0247517486
0.055972,-0.211995,-9.785234,0.207762,0.0205587015,0.0144147169,0.0258159738
0.057021,-0.20479,-9.792417,0.207762,0.0194944764,0.0144147169,0.0247517486
0.058041,-0.202388,-9.794812,0.219771,0.0194944764,0.015478942,0.0236875235
0.059089,-0.20479,-9.794812,0.224574,0.0194944764,0.0165431672,0.0236875235
0.060138,-0.202388,-9.794812,0.222173,0.0184302512,0.015478942,0.0236875235
0.061188,-0.209594,-9.794812,0.219771,0.0184302512,0.0144147169,0.0226232983
0.062206,-0.221603,-9.797206,0.210164,0.0194944764,0.0144147169,0.0236875235
0.063255,-0.211995,-9.797206,0.202958,0.0194944764,0.0144147169,0.0236875235
0.064305,-0.197585,-9.790023,0.214967,0.0184302512,0.0144147169,0.0236875235
0.065355,-0.199987,-9.794812,0.222173,0.0184302512,0.0144147169,0.0236875235
0.066405,-0.20479,-9.801995,0.217369,0.0184302512,0.0133504917,0.0236875235
0.067423,-0.209594,-9.794812,0.212566,0.0184302512,0.0133504917,0.0247517486
0.068472,-0.207192,-9.785234,0.210164,0.0194944764,0.0133504917,0.0247517486
0.069522,-0.199987,-9.778051,0.212566,0.0205587015,0.0122862666,0.0236875235
0.070572,-0.207192,-9.778051,0.224574,0.0194944764,0.0133504917,0.0226232983
0.071589,-0.214397,-9.785234,0.229378,0.0184302512,0.0144147169,0.0226232983
0.072639,-0.199987,-9.797206,0.224574,0.0184302512,0.0144147169,0.0226232983
0.073688,-0.19038,-9.792417,0.222173,0.0194944764,0.0133504917,0.0226232983
0.074738,-0.051077,-9.663123,0.234181,0.0205587015,0.015478942,0.0226232983
0.075756,0.186697,-9.459603,0.238985,0.0184302512,0.0186716175,0.0247517486
0.076806,0.292375,-9.41411,0.20536,0.0141733506,0.0250569684,0.0332655499
0.077855,0.27316,-9.375801,0.106888,0.0120449003,0.0420845709,0.0428435762
0.078904,0.323597,-9.196225,-0.157306,0.0131091254,0.0718828752,0.0439078014
0.079923,0.244339,-9.375801,-0.318224,0.0152375758,0.1059380801,0.0417793511
0.080972,-0.048676,-9.651151,-0.260582,0.0226871518,0.1357363844,0.0428435762
0.082022,-0.04147,-8.856227,-0.27259,0.0333294034,0.153828212,0.0460362517
0.083071,-0.058283,-8.121162,-0.402286,0.037586304,0.1623420132,0.0449720265
0.084121,-0.966149,-10.527482,-0.779362,0.0429074297,0.1804338408,0.0396509008
0.085139,-1.977291,-14.818155,-0.536784,0.0609992574,0.2198101715,0.0279444241
0.086188,-1.684276,-14.626607,0.130906,0.0886691114,0.2464158004,0.0130452719
0.087238,-0.673134,-9.572137,-0.022807,0.100375588,0.2251312973,-0.0018538802
0.08829,-0.57226,-7.139479,0.344662,0.0833479856,0.1655346887,-0.0007896551
0.089305,-0.656321,-8.65989,1.382224,0.0524854561,0.0782682261,0.0279444241
0.090355,0.304383,-8.58806,1.819344,0.0301367279,-0.0068697862,0.0641280793
0.091404,1.111375,-6.868918,1.019558,0.0077879997,-0.0473103421,0.0715776554
0.092454,0.972073,-8.62637,-0.337438,-0.0241387549,-0.0185762629,0.0534858278
0.093472,0.083421,-12.883521,-0.128485,-0.0358452316,0.0442130212,0.0396509008
0.094521,-0.793222,-12.960141,-0.399884,-0.0252029801,0.0484699218,0.0311370995
0.095571,-0.718767,-9.502701,-1.744871,-0.0156249537,0.0059009156,0.0098525965
0.096621,-0.541037,-8.8251,-1.228492,0.0077879997,0.0090935911,-0.007175006
0.097672,-0.435359,-10.709453,-0.13569,0.0407789794,0.0601763985,0.006659921
0.098688,0.318794,-10.735791,0.462349,0.0663203831,0.1208372322,0.034329775
0.099738,0.676657,-8.293555,1.146851,0.079091085,0.2464158004,0.048164702
0.10079,-0.154353,-10.42692,2.280483,0.0673846083,0.2432231249,0.0449720265
0.101837,-0.771606,-10.960859,2.213233,0.0524854561,0.1857549666,0.0471004769
0.102855,-0.704357,-9.155521,1.576766,0.0343936285,0.1272225831,0.0417793511
0.103904,-0.456975,-8.319893,0.906675,0.0109806751,0.1155161065,0.0332655499
0.104954,-0.276843,-9.035803,0.178941,-0.0230745298,0.1559566623,0.0322013247
0.106003,-0.10872,-9.529039,0.142914,-0.0401021322,0.2187459464,0.0322013247
0.107021,-0.051077,-9.639179,-0.174118,-0.0337167813,0.2538653764,0.0247517486
0.108071,0.011368,-9.842699,-0.219752,-0.0209460795,0.2474800255,0.0141094971
0.109121,-0.185576,-10.118049,0.075665,0.0035310991,0.2208743967,0.006659921
0.110172,-0.512216,-10.051007,-0.140494,0.0194944764,0.1910760924,0.0034672456
0.11122,-0.435359,-9.505095,0.217369,0.0194944764,0.1612777881,0.0087883713
0.112238,-0.54584,-9.981571,0.632874,0.0205587015,0.1389290598,0.0194306229
0.113289,-0.992568,-11.274519,0.32785,0.0131091254,0.1197730071,0.0247517486
0.114337,-0.946935,-10.307202,0.279815,-0.0028542519,0.1016811795,0.0162379474
0.115386,-0.689946,-8.475526,0.147718,-0.0124322782,0.0921031531,-0.0018538802
0.116404,-0.819641,-9.466786,-0.066039,-0.0092396028,0.0942316034,-0.0135603569
0.117454,-0.829248,-10.31678,0.236583,0.0077879997,0.1048738549,-0.0093034563
0.118503,-0.461779,-9.100451,0.323047,0.0226871518,0.1187087819,-0.0007896551
0.119553,-0.296057,-9.272844,0.24619,0.0216229267,0.1304152586,0.0045314707
0.120571,-0.27204,-10.44368,0.159727,0.0131091254,0.153828212,0.006659921
0.121621,-0.043872,-10.331146,-0.147699,0.0077879997,0.1995898936,0.0002745701
0.122672,-0.015051,-9.56256,-0.260582,0.0024668739,0.2517369261,-0.0114319066
0.12372,-0.175969,-9.191436,-0.222153,-0.0060469273,0.2804710053,-0.0178172575
0.124769,-0.115925,-10.311991,-0.027611,-0.003918477,0.2517369261,-0.0039823305
0.125789,-0.175969,-9.950444,0.015621,0.0088522248,0.2240670721,0.0034672456
0.126836,-0.221603,-9.124394,-0.049227,0.0248156021,0.1985256684,0.0055956959
0.127886,-0.262432,-9.512279,-0.097262,0.0333294034,0.1761769402,0.0077241462
0.128936,-0.192781,-10.302414,0.130906,0.0397147543,0.1591493378,0.0098525965
0.129953,-0.127934,-10.017486,0.250994,0.0407789794,0.1527639868,0.0055956959
0.131003,-0.142344,-9.521856,0.483965,0.0280082776,0.1506355365,-0.0039823305
0.132053,-0.043872,-9.234534,0.73615,0.0131091254,0.1516997617,-0.007175006
0.133103,-0.087104,-9.318336,0.829818,0.0109806751,0.1506355365,-0.0018538802
0.13412,-0.308066,-9.914529,0.889862,0.0120449003,0.139993285,0.0034672456
0.135173,-0.236013,-9.600869,0.726543,0.0024668739,0.1272225831,0.0013387952
0.136219,-0.127934,-9.02862,0.606455,-0.0124322782,0.1091307555,-0.0082392311
0.137269,-0.264834,-10.108471,0.536803,-0.0220103046,0.0772040009,-0.0146245821
0.138289,-0.240817,-10.66396,0.407108,-0.0262672052,0.0484699218,-0.007175006
0.139336,0.023377,-9.220168,0.00121,-0.0262672052,0.029313869,0.0013387952
0.140386,0.304383,-8.90172,-0.491151,-0.0294598807,0.0165431672,0.0024030204
0.141436,0.54456,-10.292836,-0.407089,-0.0262672052,0.0303780942,0.0077241462
0.142485,0.539756,-10.740579,-0.238966,-0.0049827022,0.0772040009,0.0162379474
0.143503,0.234732,-9.93129,-0.174118,0.0173660261,0.1219014574,0.0119810468
0.144553,-0.048676,-9.08369,0.166932,0.0312009531,0.1442501856,0.0013387952
0.145602,-0.228808,-8.868199,0.359073,0.0354578537,0.1527639868,0.0013387952
0.146652,-0.533832,-9.83791,0.318243,0.0343936285,0.1612777881,0.0098525965
0.147672,-0.697151,-10.678326,0.303832,0.0248156021,0.1740484899,0.0151737222
0.148719,-0.356101,-9.620024,0.099683,0.0056595494,0.1963972181,0.0077241462
0.149769,-0.281647,-9.076507,0.061255,-0.0145607286,0.2123605954,-0.0007896551
0.150818,-0.226406,-9.785234,0.166932,-0.0198818543,0.2059752445,0.0087883713
0.151836,-0.003042,-9.41411,0.20536,-0.0049827022,0.2176817212,0.0130452719
0.152886,-0.094309,-10.024669,0.332654,0.00991645,0.2251312973,0.0141094971
0.153936,0.117046,-10.017486,0.008416,0.0163018009,0.2272597476,0.0119810468
0.154985,0.246741,-9.804389,0.061255,0.0194944764,0.2315166482,0.006659921
0.156034,0.076216,-10.015092,0.152521,0.0184302512,0.2325808734,0.0087883713
0.157052,-0.091907,-9.83791,0.263003,0.0163018009,0.2251312973,0.0162379474
0.158102,-0.346494,-9.732559,0.556018,0.0163018009,0.2006541188,0.0194306229
0.159152,-0.344092,-9.813966,0.445536,0.0152375758,0.1687273641,0.0162379474
0.160201,-0.161558,-9.629602,0.219771,0.0173660261,0.1559566623,0.0109168216
0.161219,-0.329682,-9.713404,0.323047,0.0205587015,0.1570208875,0.0077241462
0.162269,-0.305664,-9.670306,0.267806,0.0163018009,0.1602135629,0.0077241462
0.163318,0.052198,-9.30397,-0.051628,0.0088522248,0.1687273641,0.0077241462
0.164368,-0.005444,-9.96481,-0.020405,0.0077879997,0.1825622911,0.0119810468
0.165386,-0.243218,-10.82917,-0.118878,0.0163018009,0.2081036948,0.0162379474
0.166435,-0.091907,-9.6727,-0.402286,0.0173660261,0.2421588997,0.0151737222
0.167485,-0.075095,-9.014254,-0.507963,0.0120449003,0.2666360783,0.0087883713
0.168534,-0.382521,-10.877057,-0.431107,0.0173660261,0.2900490317,0.0087883713
0.169584,-0.351298,-10.549031,-0.193332,0.0301367279,0.3241042366,0.0141094971
0.170602,-0.276843,-8.216936,-0.414294,0.0365220788,0.3326180378,0.0141094971
0.171651,-0.615492,-9.332702,-0.399884,0.0365220788,0.3113335347,0.0141094971
0.172701,-0.629902,-10.82917,0.039639,0.0407789794,0.3028197335,0.0215590732
0.17375,-0.372914,-9.404533,0.054049,0.0439716549,0.3038839587,0.0236875235
0.174768,-0.589072,-9.653545,0.258199,0.0407789794,0.2847279059,0.0141094971
0.175818,-0.548242,-10.975226,0.471956,0.0322651782,0.2677003034,0.0087883713
0.176867,-0.151951,-9.016648,0.901871,0.0152375758,0.2442873501,0.0119810468
0.177919,-0.425752,-11.30804,0.933094,0.0120449003,0.2187459464,0.0173021725
0.178935,0.196304,-9.63439,0.825015,0.0088522248,0.2198101715,0.0215590732
0.179984,0.369231,-8.580877,0.447938,0.0088522248,0.2251312973,0.0141094971
0.181034,-0.029462,-11.008746,0.337457,0.0109806751,0.2283239727,0.0109168216
0.182083,0.141064,-9.742136,0.236583,0.0173660261,0.2432231249,0.0151737222
0.183133,0.181894,-8.216936,-0.195734,0.0226871518,0.2464158004,0.0119810468
0.184151,-0.185576,-10.999169,-0.147699,0.0258798273,0.2453515752,0.0119810468
0.185201,-0.14955,-10.7741,0.238985,0.0333294034,0.2570580519,0.0194306229
0.18625,-0.202388,-8.683834,0.15012,0.0407789794,0.2453515752,0.0173021725
0.187301,-0.500207,-10.470018,0.222173,0.037586304,0.2187459464,0.0141094971
0.188317,-0.219201,-10.264104,0.524795,0.0312009531,0.223002847,0.0183663977
0.189367,-0.060684,-8.272006,0.063656,0.0216229267,0.2421588997,0.0151737222
0.190419,-0.452172,-10.07495,0.058853,0.0109806751,0.2655718531,0.0098525965
0.191467,-0.548242,-10.671143,0.198155,0.0120449003,0.2964343826,0.0119810468
0.192484,-0.601081,-8.923269,-0.464731,0.0184302512,0.3092050844,0.0077241462
0.193534,-0.819641,-9.421293,-0.241368,0.0205587015,0.3038839587,-0.0007896551
0.194583,-0.730776,-10.036641,0.169334,0.0269440524,0.2974986077,0.0002745701
0.195633,-0.687544,-9.895374,0.198155,0.0312009531,0.2889848065,0.0045314707
0.196682,-0.802829,-10.472412,0.702525,0.0312009531,0.2804710053,0.006659921
0.197701,-0.517019,-9.971993,0.692918,0.0216229267,0.2762141047,0.0034672456
0.19875,-0.219201,-9.222562,0.692918,0.0035310991,0.2762141047,-0.0018538802
0.199801,-0.298459,-9.775657,0.990736,-0.003918477,0.2762141047,-0.0029181054
0.200849,-0.094309,-9.481152,0.625669,-0.0060469273,0.2772783298,-0.0039823305
0.201867,0.241938,-8.963973,0.548812,-0.0071111525,0.2772783298,-0.007175006
0.202919,0.004163,-9.847487,0.527196,0.0077879997,0.2655718531,-0.0018538802
0.203966,-0.075095,-9.529039,0.40951,0.0056595494,0.2485442507,-0.0050465557
0.205015,-0.344092,-10.376638,0.89947,0.0035310991,0.2336450985,-0.0103676814
0.206033,-0.497805,-10.230583,0.805801,0.0014026488,0.2251312973,-0.0156888072
0.207083,-0.308066,-9.533828,0.486366,-0.0134965034,0.2219386218,-0.0231383833
0.208133,-0.096711,-9.761291,0.849033,-0.0188176292,0.2272597476,-0.0220741581
0.209182,0.001761,-9.459603,0.311038,-0.0113680531,0.2410946746,-0.0135603569
0.2102,-0.075095,-9.426082,-0.371063,-0.0103038279,0.2517369261,-0.0114319066
0.21125,-0.243218,-10.022275,-0.344643,-0.0049827022,0.2634434028,-0.0167530324
0.212299,-0.404136,-9.852276,-0.92587,0.0109806751,0.2825994556,-0.0252668336
0.213349,-0.870078,-9.96481,-0.861022,0.023751377,0.2953701574,-0.03484486
0.214398,-1.009381,-9.500307,-0.356652,0.0290725027,0.292177482,-0.0380375354
0.215419,-0.533832,-8.370174,-0.654471,0.0258798273,0.2815352304,-0.0316521845
0.216466,-0.384922,-9.315942,-0.361456,0.0173660261,0.278342555,-0.0156888072
0.217515,-0.365708,-10.611285,-0.05403,0.0152375758,0.2868563562,0.0002745701
0.218565,-0.202388,-10.424525,-0.371063,0.0163018009,0.2985628329,0.0002745701
0.219582,-0.416145,-10.276076,-0.015602,0.0194944764,0.299627058,-0.0124961318
0.220632,-0.723571,-10.170724,0.366278,0.0226871518,0.2932417071,-0.0242026084
0.221682,-0.526626,-8.975944,0.618463,0.0163018009,0.2889848065,-0.0295237342
0.222731,-0.024658,-7.714123,0.937898,0.0077879997,0.2889848065,-0.0252668336
0.223749,0.109841,-9.155521,1.211699,0.0077879997,0.2740856544,-0.0114319066
0.224799,0.083421,-11.315223,1.70406,0.0120449003,0.2400304494,0.006659921
0.225848,0.316392,-10.901001,1.089209,0.0120449003,0.2176817212,0.0087883713
0.226897,0.213116,-10.544243,0.419117,0.0045953242,0.2293881979,-0.0156888072
0.227947,-0.202388,-8.056515,0.863443,-0.017753404,0.2698287537,-0.0422944361
0.228965,-0.396931,-8.152289,1.031566,-0.0124322782,0.2570580519,-0.0284595091
0.230014,-0.387324,-9.052564,0.885059,-0.0049827022,0.2155532709,-0.0039823305
0.231064,0.333205,-9.442842,-0.402286,0.0003384236,0.1783053905,0.006659921
0.232113,0.743906,-11.154802,-1.259715,0.0067237745,0.2017183439,-0.0018538802
0.233131,0.51814,-11.351138,-1.331768,0.0120449003,0.2794067801,-0.0124961318
0.234181,0.042591,-9.339885,-1.178055,0.0173660261,0.3347464881,-0.0178172575
0.23523,-0.425752,-8.805946,-1.194867,0.0194944764,0.3379391636,-0.0114319066
0.23628,-0.524225,-9.708615,-1.290938,0.0205587015,0.3219757863,0.006659921
0.237299,-0.14955,-9.811572,-1.312553,0.023751377,0.3102693096,0.0236875235
0.238347,0.085823,-10.034247,-1.408624,0.0343936285,0.306012409,0.0236875235
0.239397,-0.228808,-10.596918,-0.757746,0.0578065819,0.2974986077,0.0109168216
0.240446,-0.365708,-9.253689,-0.049227,0.065256158,0.2708929789,-0.0018538802
0.241496,-0.075095,-8.018205,0.560821,0.0482285555,0.2336450985,-0.0007896551
0.242514,-0.120729,-9.588898,2.069128,0.0407789794,0.1857549666,0.0247517486
0.243564,-0.365708,-11.557052,3.010618,0.0429074297,0.1229656825,0.0545500529
0.244613,0.121849,-11.437335,2.657559,0.0280082776,0.0889104776,0.0502931523
0.245665,0.888012,-9.943261,1.576766,-0.0049827022,0.1453144108,0.0109168216
0.24668,0.628621,-8.501863,1.223707,-0.0347810065,0.264507628,-0.0231383833
0.247729,-0.315271,-8.231302,2.025896,-0.0379736819,0.327296912,-0.021009933
0.248779,-0.488198,-9.438054,1.632007,-0.0220103046,0.3166546605,0.006659921
0.249829,-0.029462,-10.556215,0.135709,-0.0028542519,0.3219757863,0.0279444241
0.250846,-0.305664,-10.88424,-0.661676,0.0184302512,0.3570952163,0.0194306229
0.252946,-0.723571,-9.447631,-1.014735,0.065256158,0.3581594415,-0.0242026084
0.251896,-0.838855,-10.381427,-0.969101,0.0429074297,0.3730585936,-0.0082392311
0.253995,-0.356101,-8.676651,-1.230894,0.0418432046,0.3315538127,0.0194306229
0.255047,-0.180773,-10.343118,-0.877834,-0.0017900267,0.3049481838,0.0439078014
0.256062,-0.233611,-12.560284,-0.373464,-0.003918477,0.2772783298,0.0449720265
0.257112,0.035386,-11.650432,-0.98111,0.0067237745,0.2932417071,0.0183663977
0.258164,0.227527,-8.10919,0.152521,0.0035310991,0.3294253623,-0.0124961318
0.259211,-0.221603,-6.782721,1.658426,0.0035310991,0.3230400114,-0.0156888072
0.260229,-0.557849,-9.081296,1.576766,0.0088522248,0.2964343826,0.0194306229
0.261278,-0.142344,-11.185928,1.535936,0.0141733506,0.319847336,0.061999629
0.262328,0.261152,-10.860297,0.702525,0.0173660261,0.38263662,0.0630638542
0.263377,-0.406538,-9.957627,-0.128485,0.0014026488,0.4060495734,0.0236875235
0.264395,-1.312003,-10.137204,0.469554,-0.0166891789,0.3773154943,-0.0146245821
0.265444,-1.23995,-10.297625,1.007549,-0.0017900267,0.3730585936,-0.021009933
0.266494,-0.874882,-8.152289,1.026763,0.0269440524,0.4092422489,-0.0082392311
0.267546,-0.882087,-7.204126,0.366278,0.037586304,0.4134991495,0.0002745701
0.268561,-0.663527,-11.025507,-0.31342,0.0418432046,0.3900861961,0.006659921
0.269611,-0.139943,-12.751832,-0.347045,0.0461001052,0.3815723949,0.0130452719
0.27066,-0.00064,-10.249738,-0.087655,0.0290725027,0.3400676139,0.0130452719
0.271709,-0.115925,-9.136366,0.606455,0.0035310991,0.2677003034,0.0098525965
0.27276,-0.012649,-8.935241,0.40951,-0.0283956555,0.2410946746,0.0162379474
0.273777,-0.015051,-8.954395,0.99554,-0.0496801586,0.236837774,0.0247517486
0.274827,-0.031863,-10.60889,1.804934,-0.0411663574,0.2038467942,0.0268801989
0.275876,0.446087,-11.056633,0.387894,-0.0379736819,0.1963972181,0.0151737222
0.276927,0.715085,-9.160309,0.157325,-0.0358452316,0.2698287537,-0.0050465557
0.277943,0.261152,-7.70694,0.058853,-0.0198818543,0.3900861961,-0.0167530324
0.278993,-0.185576,-8.566511,-1.358187,-0.0145607286,0.4965087115,-0.0114319066
0.280045,-1.215932,-11.865923,-0.491151,0.0216229267,0.5752613728,0.0034672456
0.281092,-1.348029,-9.246506,-0.76255,0.0439716549,0.534820817,-0.0167530324
0.28211,-0.939729,-8.003839,-0.688095,0.0663203831,0.4858664599,-0.021009933
0.28316,-0.637107,-9.157915,-1.108404,0.0907975617,0.4816095593,0.0109168216
0.284209,-0.896498,-11.384659,-0.229359,0.0876048862,0.4667104072,0.0439078014
0.285259,-0.850864,-11.240998,1.523928,0.0556781316,0.3890219709,0.0471004769
0.286309,0.124251,-8.185809,0.844229,-0.0049827022,0.3209115611,0.0226232983
0.287326,0.251545,-8.829889,1.857773,-0.0390379071,0.2889848065,0.0002745701
0.288376,-0.310468,-11.513954,3.524596,-0.0230745298,0.2357735488,0.006659921
0.289427,0.277964,-9.162704,2.04511,-0.0220103046,0.1900118672,0.0130452719
0.290475,0.972073,-5.997375,0.805801,-0.0464874832,0.2123605954,-0.0039823305
0.291493,0.878405,-8.906508,-0.001191,-0.0624508605,0.3123977599,-0.0199457078
0.292545,0.775129,-13.249857,-1.13002,-0.0560655095,0.4571323808,-0.0114319066
0.293592,0.414864,-11.782121,-1.538319,-0.0156249537,0.576325598,-0.0050465557
0.294641,-0.440163,-7.809897,-1.451856,0.0343936285,0.6071881274,-0.0199457078
0.295659,-1.141477,-8.341442,-1.305348,0.0663203831,0.5805824986,-0.0295237342
0.296709,-1.667463,-12.351976,-0.839406,0.0971829126,0.5401419428,-0.0093034563
0.297758,-1.792355,-12.158034,-0.140494,0.1046324887,0.4773526587,0.0173021725
0.298808,-1.016586,-6.509765,-0.255778,0.0599350322,0.4039211231,0.0183663977
0.299858,-0.673134,-5.348506,0.969121,0.0163018009,0.34751719,0.0077241462
0.300875,-1.232744,-10.901001,3.591845,0.0258798273,0.2762141047,0.0194306229
0.301924,-0.632304,-12.624932,2.566292,0.0194944764,0.2049110194,0.0353940002
0.302974,0.811155,-8.03736,0.556018,-0.0326525562,0.2155532709,0.0130452719
0.304024,0.912029,-6.136247,1.002745,-0.0603224102,0.2847279059,-0.0295237342
0.305044,0.508533,-10.458046,-0.138092,-0.0752215623,0.3528383157,-0.0444228864
0.306091,0.806352,-10.915367,-1.298143,-0.0262672052,0.6125092532,-0.0124961318
0.307141,-0.382521,-8.554539,-1.331768,0.0088522248,0.6614636103,-0.0103676814
0.30819,-1.119862,-11.008746,-1.084386,0.0397147543,0.5986743262,-0.0018538802
0.309208,-1.184709,-11.133253,-0.870629,0.0705772837,0.5422703931,0.006659921
0.310258,-1.052612,-6.63906,-0.061235,0.0556781316,0.5050225127,0.0055956959
0.311308,-1.014184,-5.971037,2.700791,0.0524854561,0.4273340765,0.0151737222
0.312357,-1.033398,-9.572137,3.745558,0.0854764359,0.3241042366,0.0428435762
0.313407,-0.202388,-10.532271,2.009084,0.0684488334,0.2549296016,0.0577427284
0.314424,1.233865,-8.935241,0.445536,0.0056595494,0.2751498795,0.0332655499
0.315474,1.505264,-9.746925,-0.796175,-0.0305241059,0.3858292955,-0.0124961318
0.316523,0.417266,-12.79493,-1.238099,-0.0411663574,0.5146005391,-0.0508082373
0.317573,-0.291254,-12.751832,-0.207743,-0.0145607286,0.5837751741,-0.0593220385
0.31859,-0.02706,-8.671862,-1.106002,0.0290725027,0.6146377035,-0.0465513367
0.31964,-0.243218,-7.984684,-2.924136,0.023751377,0.6603993851,-0.0295237342
0.32069,-1.331217,-10.510722,-1.221286,-0.0028542519,0.6827481134,-0.0029181054
0.321739,-1.70349,-8.793974,1.557552,-0.0049827022,0.6071881274,0.0290086492
0.322757,-1.360038,-7.539335,3.087475,0.0386505291,0.4401047783,0.0492289272
0.323807,-1.21353,-8.978339,3.1211,0.065256158,0.2836636807,0.0609354038
0.324856,-0.567456,-7.98229,1.944236,0.0226871518,0.1868191918,0.0556142781
0.325906,0.645434,-9.119605,0.553616,-0.0081753776,0.1740484899,0.0236875235
0.326955,1.442819,-12.885916,-1.898583,-0.0060469273,0.3262326869,-0.0178172575
0.327973,0.902422,-13.017605,-2.347713,0.0014026488,0.5518484195,-0.0550651379
0.329023,-0.274441,-10.623256,-0.361456,0.0322651782,0.6614636103,-0.0646431643
0.330072,-0.298459,-8.930452,-1.735264,0.0620634825,0.6933903649,-0.0433586612
0.331122,-0.389726,-9.533828,-3.22916,0.0354578537,0.7572438741,-0.021009933
0.33214,-1.482528,-7.050888,3.815209,0.0067237745,0.6274084054,0.0151737222
0.333189,-1.420082,-9.658334,4.045778,0.0503570058,0.4560681556,0.0364582253
0.334238,-1.033398,-10.381427,4.168268,0.0471643304,0.3379391636,0.0630638542
0.33529,0.0546,-6.938354,2.871316,0.0152375758,0.2400304494,0.0566785032
0.336306,1.10417,-9.502701,-0.284599,-0.003918477,0.1857549666,0.0130452719
0.337355,2.230597,-13.307321,-3.164312,-0.0145607286,0.3304895875,-0.0305879594
0.338404,1.762253,-12.272962,-3.380471,-0.0156249537,0.6284726305,-0.0454871115
0.339454,-0.473788,-11.281702,-1.559935,-0.0071111525,0.8061982312,-0.03484486
0.340472,-1.734713,-11.554658,-1.34858,0.0184302512,0.7753357017,-0.0252668336
0.341521,-1.472921,-8.858621,-0.452723,0.0429074297,0.6614636103,-0.0295237342
0.342571,-1.170299,-4.390767,1.893799,0.0461001052,0.5603622207,-0.0380375354
0.34362,-1.54017,-5.937516,3.243589,0.0492927807,0.4784168839,-0.0167530324
0.344673,-1.37685,-10.338329,4.372418,0.0620634825,0.4017926728,0.0428435762
0.345688,-0.195183,-10.975226,3.428525,0.0641919328,0.333682263,0.089669483
0.346738,1.260285,-10.960859,-0.241368,0.0386505291,0.3038839587,0.0726418805
0.347789,2.237802,-12.656058,-3.851216,-0.017753404,0.4028568979,0.0109168216
0.348836,1.606138,-13.558728,-3.877635,-0.0539370592,0.6348579814,-0.0359090851
0.349854,-0.40894,-11.973669,-2.189197,-0.0475517083,0.8072624563,-0.0614504888
0.350904,-1.561786,-9.291998,-0.781764,-0.0252029801,0.783849503,-0.0774138661
0.351954,-1.223137,-5.547237,1.939433,0.0163018009,0.6752985373,-0.0720927404
0.353003,-1.369645,-4.002882,2.150788,0.0407789794,0.6103808029,-0.0497440121
0.354021,-1.905238,-8.200176,3.140314,0.0386505291,0.5497199691,-0.0007896551
0.35507,-1.299994,-11.501982,5.395568,0.058870807,0.4571323808,0.0726418805
0.35612,0.071412,-11.039873,2.448606,0.0705772837,0.368801693,0.1098897609
0.357172,1.238669,-12.102964,-1.497489,0.0397147543,0.3347464881,0.0768987812
0.358219,0.85919,-13.118168,-4.444451,-0.017753404,0.714674868,-0.0476155618
0.359237,-0.982961,-6.672581,-1.94902,-0.0677719862,0.8179047079,-0.1199828723
0.360286,-1.66266,-5.523294,2.436597,-0.0762857875,0.7040326164,-0.1412673753
0.361336,-1.609821,-7.467505,3.500578,0.0035310991,0.6050596771,-0.0912487931
0.362385,-1.581,-8.288766,1.492705,0.0535496813,0.5667475716,-0.0178172575
0.363403,-1.110255,-9.41411,4.165866,0.0641919328,0.4911875857,0.0545500529
0.364453,-0.298459,-9.576926,3.635077,0.0812195353,0.3911504213,0.1045686351
0.365502,0.998493,-12.715917,-2.100331,0.0439716549,0.341131839,0.1013759597
0.366552,2.314658,-17.734472,-4.737466,0.0014026488,0.4752242084,0.0534858278
0.36757,1.927975,-11.6217,-5.80625,-0.0060469273,0.770014576,-0.0422944361
0.368619,-0.197585,-2.247825,-2.926538,-0.0624508605,0.8977215944,-0.1646803287
0.369671,-1.689079,-6.014135,2.979396,-0.0741573372,0.7721430263,-0.1966070833
0.370719,-1.727507,-11.075788,3.291625,0.0216229267,0.6572067097,-0.1167901968
0.371768,-1.088639,-7.551307,1.492705,0.0758984095,0.5880320747,-0.0316521845
0.372785,-0.992568,-5.384422,3.755165,0.0769626347,0.4879949102,0.0098525965
0.373835,-1.316806,-9.148338,3.983332,0.0833479856,0.4007284476,0.0460362517
0.374885,-0.810034,-14.557171,0.846631,0.0748341844,0.3400676139,0.0875410327
0.375934,1.459631,-16.748,-4.103401,0.0418432046,0.4166918249,0.0864768075
0.376951,3.275363,-10.101288,-6.990319,-0.0028542519,0.7242528943,0.0002745701
0.378001,0.998493,-1.493605,-1.651202,-0.0613866353,0.9424190508,-0.1146617465
0.37905,-1.919648,-2.908665,3.308437,-0.0858638138,0.8572810386,-0.1657445539
0.3801,-2.282314,-9.950444,3.205161,-0.0358452316,0.7136106428,-0.125303998
0.381118,-1.741918,-12.435778,3.654291,0.0343936285,0.6242157299,-0.0252668336
0.38217,-1.256762,-9.416505,3.498176,0.079091085,0.5369492673,0.0566785032
0.383217,-1.266369,-10.051007,1.874585,0.0886691114,0.451811255,0.0928621585
0.384266,2.312257,-10.886635,-4.504495,0.065256158,0.6082523526,0.0353940002
0.385316,1.73103,-2.997256,-3.082652,0.0131091254,0.846638787,-0.0635789391
0.386334,-0.697151,-2.302895,1.343796,-0.0294598807,0.8647306146,-0.1284966735
0.387383,-1.501742,-7.77877,1.190083,-0.0230745298,0.7348951459,-0.125303998
0.388433,-1.391261,-14.356046,2.239653,0.0163018009,0.6167661538,-0.0540009127
0.389483,-1.15829,-15.086322,3.111492,0.0631277077,0.5316281415,0.0534858278
0.3905,-0.848462,-11.89705,1.079602,0.079091085,0.4890591354,0.1130824364
0.39155,0.052198,-10.405371,-0.911459,0.0684488334,0.5135363139,0.0779630063
0.392599,1.161812,-6.14343,-4.120213,0.0035310991,0.6721058618,-0.0337806348
0.393648,0.362026,-2.609371,-0.849013,-0.0773500126,0.8317396349,-0.1402031502
0.394668,-1.11746,-5.343718,3.085073,-0.0539370592,0.7881064036,-0.1657445539
0.395716,-1.23995,-11.370293,-0.207743,0.0056595494,0.6476286833,-0.1210470974
0.396765,-0.968551,-15.620262,1.797729,0.0482285555,0.5241785655,-0.0337806348
0.397815,-0.725973,-14.061541,2.102752,0.086540661,0.4220129507,0.0545500529
0.398832,0.294776,-10.656777,-0.769755,0.086540661,0.4017926728,0.0811556818
0.399882,1.416399,-7.22807,-1.406222,0.0461001052,0.5114078636,0.0236875235
0.400931,1.47164,-4.168092,-3.807984,-0.0486159335,0.6976472655,-0.0806065416
0.401981,0.441284,-4.60147,1.396634,-0.1103409924,0.8115193569,-0.1476527263
0.40303,-0.786017,-6.825819,4.113027,-0.0890564893,0.7902348539,-0.1465885011
0.40405,-1.345627,-12.766198,2.177207,-0.0539370592,0.7306382453,-0.0933772434
0.405097,-1.581,-16.515748,5.203427,0.0184302512,0.7050968416,0.0002745701
0.406147,-1.554581,-10.642411,1.180476,0.0950544623,0.6603993851,0.0577427284
0.407197,-0.824445,-5.947093,-1.776094,0.0918617868,0.5837751741,0.0247517486
0.408214,0.563774,-5.425125,-1.752076,0.0524854561,0.6061239023,-0.0444228864
0.409264,1.401989,-4.441048,-4.151436,-0.0017900267,0.7327666956,-0.1018910447
0.410313,0.0546,-10.59213,-1.314955,-0.0166891789,0.7168033183,-0.1157259717
0.411362,-0.324878,-17.119124,-0.241368,0.0609992574,0.7189317686,-0.0646431643
0.41238,-1.21353,-16.695324,1.331787,0.1493299451,0.7593723244,-0.0007896551
0.41343,-1.030996,-7.793136,-0.479142,0.1865778255,0.8040697809,0.0300728744
0.414479,-0.202388,0.826519,-0.748139,0.1631648721,0.8828224422,-0.0061107808
0.415528,0.037788,-0.337135,-1.641595,0.0961186874,0.9264556735,-0.0646431643
0.416578,0.376436,-7.347787,0.606455,0.0461001052,0.8594094889,-0.083799217
0.417596,0.109841,-13.336053,0.89947,0.0482285555,0.7104179674,-0.0657073894
0.418645,-0.665929,-17.880527,0.863443,0.0758984095,0.5773898231,-0.0380375354
0.419695,-1.314404,-15.445474,2.996208,0.1174031905,0.5305639164,-0.0263310588
0.420744,-1.573795,-7.457927,1.238118,0.1503941703,0.5518484195,-0.0433586612
0.421762,-1.127067,-1.316423,0.020425,0.1354950181,0.6529498091,-0.0880561177
0.422812,-0.553046,-1.191917,-1.005128,0.0609992574,0.7753357017,-0.1338177993
0.423861,-0.219201,-5.853714,1.396634,0.0131091254,0.7678861256,-0.1412673753
0.424911,-0.202388,-11.537897,1.958647,0.0205587015,0.6518855839,-0.104019495
0.425928,0.069011,-16.683353,1.341394,0.0439716549,0.5816467238,-0.0273952839
0.426978,0.047395,-13.949007,3.245991,0.0822837604,0.6412433324,0.0385866756
0.428028,-0.824445,-7.996656,-0.909057,0.0844122107,0.7391520465,0.020494848
0.429077,-0.814838,-4.903157,-2.647933,0.00991645,0.7881064036,-0.0774138661
0.430126,-0.288852,-2.633315,-1.005128,-0.0762857875,0.7944917545,-0.1774510306
0.431144,-0.284048,-5.686109,2.256465,-0.0720288868,0.7370235962,-0.2061851097
0.432193,-0.0823,-12.909859,3.488569,-0.017753404,0.673170087,-0.139138925
0.433243,0.58539,-14.822944,1.807336,0.0226871518,0.6955188152,-0.0220741581
0.434295,0.398052,-9.454814,2.727211,0.0503570058,0.8306754097,0.0566785032
0.43531,-1.095844,-6.030896,1.80013,0.0631277077,0.9477401766,0.0534858278
0.43636,0.280366,-4.254289,-0.676086,-0.017753404,0.8147120324,-0.1029552698
0.437409,1.101768,-8.49468,-1.18526,-0.0560655095,0.735959371,-0.152973852
0.438459,0.270759,-17.037716,0.414314,-0.0528728341,0.6827481134,-0.1306251238
0.439476,-0.24562,-18.424044,1.154056,-0.0145607286,0.6838123385,-0.0603862637
0.440526,-0.159157,-7.101169,1.033968,0.0280082776,0.7540511987,-0.0273952839
0.441575,-0.442565,2.212847,-0.222153,0.0450358801,0.8317396349,-0.0678358397
0.442625,-1.043005,0.735534,-0.616042,0.0578065819,0.8945289189,-0.1231755477
0.443676,-1.415278,-9.306365,-0.637658,0.0812195353,0.9307125742,-0.1125332962
0.444692,-0.625099,-17.128701,-0.457526,0.1056967138,0.8966573692,-0.0305879594
0.445742,0.664648,-17.430389,-2.599898,0.0876048862,0.8338680852,0.0428435762
0.446794,0.669451,-11.516348,-2.362123,0.0216229267,0.8253542839,0.0577427284
0.447841,-0.862873,-3.061903,0.599249,-0.0156249537,0.8689875152,0.0247517486
0.448859,-2.313537,-1.345155,1.615195,0.0280082776,0.9072996208,-0.021009933
0.449908,-1.773141,-3.521618,1.653623,0.0780268598,0.8849508926,-0.0497440121
0.450957,-0.171166,-6.382865,-0.23176,0.0822837604,0.7678861256,-0.0806065416
0.452006,0.066609,-18.845449,-1.490284,0.0844122107,0.6529498091,-0.0986983692
0.453024,0.246741,-25.374838,-1.305348,0.1259169917,0.6997757158,-0.0742211907
0.454074,0.652639,-10.189879,-1.425436,0.1461372696,0.888143568,-0.0742211907
0.455123,-0.95414,3.060446,2.095547,0.1291096672,1.0584195926,-0.1157259717
0.456175,-2.30393,2.840166,3.409311,0.134430793,1.1244015521,-0.1380746999
0.457222,-1.537768,-2.166417,-0.032414,0.1227243163,1.0477773411,-0.139138925
0.45824,-0.822043,-13.110985,-0.241368,0.0982471377,0.818968933,-0.117854422
0.459292,0.345213,-26.265536,-0.431107,0.1088893893,0.6103808029,-0.0401659857
0.460339,2.307453,-21.397825,-1.982645,0.1195316408,0.6465644581,0.0385866756
0.461388,-1.105451,7.035065,3.241188,0.0439716549,0.9136849717,-0.0880561177
0.462406,-1.63624,0.912715,3.88486,0.0322651782,0.8498314625,-0.1604234281
0.463455,-0.593876,-12.035922,0.15012,0.0322651782,0.7050968416,-0.1614876533
0.464505,0.085823,-25.666949,-0.090056,0.058870807,0.5199216648,-0.0827349919
0.465555,1.819895,-24.347663,-1.439847,0.1014398132,0.5231143403,0.0119810468
0.466572,1.956796,-6.411597,-1.872164,0.0993113629,0.7753357017,0.0119810468
0.467622,-0.975756,5.596061,3.349267,0.0812195353,0.9977587588,-0.0720927404
0.468674,-2.068558,4.717335,4.377221,0.092926012,1.0424562153,-0.1540380772
0.469721,-1.309601,-6.991029,0.452742,0.072705734,0.9147491969,-0.1859648318
0.470738,-1.136674,-25.161741,0.524795,0.0503570058,0.6433717827,-0.1157259717
0.47179,0.84478,-28.631152,-0.808183,0.0684488334,0.5060867378,0.0226232983
0.472837,2.458764,-10.642411,-3.26999,0.051421231,0.7210602189,0.0715776554
0.473887,-0.029462,5.148318,0.760167,0.00991645,1.0115936858,-0.0093034563
0.474936,-2.327948,6.376619,5.011286,0.0173660261,1.1212088767,-0.1050837201
0.475954,-1.986898,-3.428239,2.964985,0.0407789794,1.1031170491,-0.1423316005
0.477004,-1.408073,-22.911053,0.1237,0.0546139064,0.9424190508,-0.0986983692
0.478053,0.374034,-32.603377,-1.97544,0.0833479856,0.7657576753,-0.0007896551
0.479103,2.156142,-15.49815,-3.550996,0.0854764359,0.8487672373,0.0183663977
0.48012,0.306785,6.103663,0.471956,0.0567423567,1.0371350895,-0.0891203428
0.481172,-2.945201,7.322387,4.706263,0.0578065819,1.1031170491,-0.1880932821
0.482219,-3.728175,-5.142592,3.788789,0.092926012,1.1350438037,-0.1636161036
0.483269,-1.943666,-18.210947,1.2141,0.1131462899,1.1073739497,-0.0433586612
0.484286,0.671853,-25.939904,-3.157107,0.079091085,0.9679604545,0.0779630063
0.485336,1.901555,-19.15432,-4.144231,0.00991645,0.8955931441,0.1279815885
0.486385,0.808753,0.266241,0.419117,-0.0220103046,0.9221987729,0.0662565296
0.487435,-2.472054,-6.052445,3.166733,0.0407789794,0.943483276,-0.0955056937
0.488484,-1.129469,-22.099369,3.128305,0.0993113629,0.9349694748,-0.0050465557
0.489502,1.959197,-25.492161,-3.91126,0.1046324887,0.8626021643,0.0502931523
0.490551,2.557236,-16.36251,-5.354719,0.0280082776,0.8657948398,-0.0082392311
0.491601,-0.070292,0.194411,1.682444,0.0035310991,0.9647677791,-0.111469071
0.492651,-2.397599,5.311134,3.565426,0.0822837604,1.0360708644,-0.1838363815
0.49367,-2.150218,-7.773981,1.84096,0.1440088193,1.0530984668,-0.1508454017
0.494717,-0.519421,-19.238123,0.018023,0.1397519187,1.0233001625,-0.0263310588
0.495767,0.405257,-20.531071,-2.523042,0.0886691114,0.9307125742,0.0747703308
0.496816,0.671853,-14.547594,-0.560802,0.0386505291,0.8253542839,0.0949906088
0.497834,0.239536,-1.390648,1.449473,0.0301367279,0.7615007747,0.0322013247
0.498883,-0.966149,2.665379,0.882657,0.0503570058,0.700839941,-0.0657073894
0.499933,-0.922917,-11.293674,2.520659,0.0833479856,0.6699774115,-0.076349641
0.500983,1.015305,-23.322881,1.082003,0.1088893893,0.777464152,0.0087883713
0.502032,2.302649,-21.517542,-3.781565,0.0641919328,1.0094652355,0.0449720265
0.503051,1.440417,-9.490729,-2.15317,-0.0209460795,1.2052826638,-0.0231383833
0.5041,-0.810034,2.911996,2.38616,-0.0252029801,1.2265671669,-0.1370104747
0.505149,-2.661793,-0.272487,2.967387,0.0503570058,1.1244015521,-0.2061851097
0.506198,-3.367911,-15.385616,3.968922,0.1450730445,0.9935018582,-0.1433958257
0.507216,-2.323144,-22.190354,3.173938,0.2163761298,0.860473714,0.0194306229
0.508265,1.365962,-16.836591,-3.647066,0.1716786733,0.8817582171,0.1354311646
0.509315,2.437148,-5.681321,-4.984848,0.0280082776,1.0733187447,0.1066970855
0.510364,-1.018988,1.96144,1.290957,-0.045423258,1.0733187447,-0.0178172575
0.511382,-2.6714,-5.865686,3.630273,-0.0017900267,0.8221616085,-0.104019495
0.512431,-1.446501,-19.894174,3.85844,0.0950544623,0.680619663,-0.0593220385
0.513481,3.385844,-14.906746,-5.638127,0.0631277077,1.2286956172,0.089669483
0.51453,1.077751,-0.174319,-1.341375,-0.0528728341,1.5202933093,-0.0007896551
0.51558,-2.810702,2.12665,4.000144,-0.0443590329,1.3755586884,-0.1359462496
0.516597,-4.078833,-12.380708,4.953644,0.0684488334,1.0413919901,-0.1678730042
0.517647,-3.677738,-22.800913,5.77985,0.2014769776,0.7987486551,-0.0518724624
0.518696,-0.224004,-19.17587,0.04204,0.2451102089,0.7210602189,0.0886052578
0.519746,3.770126,-7.11793,-7.593161,0.106760939,0.9488044018,0.1056328603
0.520763,1.010501,1.554401,-2.527845,-0.0635150856,1.1616494325,-0.0103676814
0.521813,-3.387125,-5.66456,4.881591,-0.0635150856,0.9200703226,-0.1146617465
0.522863,-3.233412,-20.00192,5.028099,0.0748341844,0.5592979955,-0.0955056937
0.523912,-0.980559,-22.662041,3.200358,0.1844493752,0.4911875857,0.0236875235
0.524929,3.35222,-12.581833,-5.501227,0.1120820647,0.7944917545,0.1162751118
0.525979,3.770126,-0.650794,-7.235299,-0.0890564893,1.2744572988,0.0662565296
0.527028,-1.883622,-0.698681,2.986601,-0.1592953494,1.3255401062,-0.0593220385
0.528078,-4.04761,-13.192392,5.775047,-0.0379736819,0.9136849717,-0.1125332962
0.529096,-3.067691,-22.563873,4.968055,0.128045442,0.5976101011,-0.0497440121
0.530145,-1.112656,-19.439248,2.501445,0.2153119046,0.5050225127,0.061999629
0.531194,2.814225,-7.15624,-6.152104,0.1227243163,0.6795554379,0.0907337082
0.532244,1.899153,0.38117,-4.194668,-0.0432948077,0.9722173552,-0.0050465557
0.533296,-2.681007,-6.210472,4.031367,-0.0464874832,0.8870793429,-0.1029552698
0.534311,-3.091708,-17.779964,4.569362,0.0897333365,0.5944174256,-0.0965699189
0.53536,-0.048676,-20.964448,0.659293,0.1663575476,0.631665306,-0.0018538802
0.53641,2.994357,-14.296187,-6.152104,0.0641919328,1.0381993147,0.075834556
0.537459,1.702209,-4.848087,-3.262784,-0.0975702905,1.4096138933,0.0502931523
0.538477,-2.38559,-2.094587,4.341195,-0.1124694427,1.2957418019,-0.0476155618
0.539526,-2.594544,-19.748119,5.767841,0.1333665678,0.5986743262,-0.076349641
0.540576,-0.396931,-19.690654,2.081136,0.2046696531,0.6220872796,0.0364582253
0.541625,2.706146,-7.649475,-6.286603,0.1035682635,0.8700517404,0.075834556
0.542643,0.796745,0.170467,-1.382205,-0.0390379071,1.0094652355,-0.0124961318
0.543693,-3.221403,-8.281583,4.759101,-0.0305241059,0.7348951459,-0.0965699189
0.544742,-1.842792,-19.096856,3.995341,0.100375588,0.4784168839,-0.0614504888
0.545794,2.650905,-18.491086,-2.450989,0.128045442,0.7444731723,0.0385866756
0.546841,3.546762,-11.626488,-7.641197,-0.0443590329,1.2904206761,0.0832841321
0.547858,-0.065488,-3.909503,1.262136,-0.1688733758,1.4585682504,0.0364582253
0.548908,-3.110922,-3.16486,5.227445,-0.1199190188,1.0467131159,-0.0529366876
0.549957,-3.454374,-12.691974,4.358007,0.0045953242,0.5401419428,-0.0912487931
0.551007,-1.943666,-19.28601,6.380291,0.1610364218,0.3187831108,-0.0242026084
0.552024,1.625353,-16.635466,-2.952957,0.18338515,0.4507470299,0.0768987812
0.553074,3.090427,-8.597637,-6.4187,0.0290725027,0.8157762576,0.1013759597
0.554123,-0.305664,-2.343599,2.527864,-0.0464874832,0.8721801907,0.0268801989
0.555175,-3.058084,-6.56723,4.257133,0.0077879997,0.465646182,-0.0603862637
0.55619,-1.420082,-15.893218,3.488569,0.106760939,0.2357735488,-0.0508082373
0.55724,2.929509,-18.330664,-3.548594,0.0993113629,0.5890962998,0.0471004769
0.558291,4.524279,-13.369574,-10.004531,-0.1071483169,1.2723288485,0.1077613106
0.559339,0.246741,-5.511322,1.925022,-0.2337911102,1.5703118915,0.0705134302
0.560388,-3.521624,-3.507252,6.740555,-0.1475888728,1.1478145055,-0.0242026084
0.561406,-3.754595,-10.924944,4.557353,0.0035310991,0.5933532004,-0.083799217
0.562455,-3.031664,-17.011378,6.807804,0.1642290973,0.3028197335,-0.0465513367
0.563505,0.035386,-17.198138,-0.846612,0.2025412028,0.278342555,0.0524216026
0.564554,2.869465,-10.568186,-5.104936,0.079091085,0.6199588293,0.1077613106
0.565572,-2.673802,-4.156121,3.514988,0.0343936285,0.6231515048,-0.0391017606
0.566621,-1.026193,-11.940148,2.194019,0.0950544623,0.2825994556,-0.0710285152
0.567673,2.557236,-18.948406,-5.777429,0.037586304,0.5582337704,0.006659921
0.56872,3.515539,-18.766436,-6.308219,-0.1199190188,1.2946775767,0.1141466615
0.569738,0.047395,-5.748363,1.879388,-0.1752587268,1.6384223013,0.1226604628
0.570787,-3.077298,1.125812,3.868048,-0.1156621181,1.2318882926,0.006659921
0.571837,-3.555248,-8.097219,4.792726,-0.0017900267,0.6603993851,-0.0955056937
0.572886,-3.46158,-18.651507,6.152123,0.1408161439,0.2953701574,-0.0646431643
0.573935,-0.639509,-19.714598,2.061922,0.2206330304,0.167663139,0.0534858278
0.576003,1.375569,1.540035,-4.814323,0.0492927807,0.7093537422,0.0258159738
0.574953,2.931911,-7.618349,-4.290739,0.1727428985,0.4156275998,0.1088255358
0.577052,-2.046942,-6.921593,3.968922,0.0365220788,0.5326923667,-0.0657073894
0.578102,-0.543439,-16.010541,2.734416,0.1056967138,0.264507628,-0.048679787
0.579119,3.510736,-17.681796,-6.570011,0.0429074297,0.6540140342,0.0428435762
0.580171,3.39305,-12.411835,-3.226758,-0.0911849396,1.4362195221,0.1045686351
0.581218,-0.774008,-0.959665,1.341394,-0.1433319721,1.6458718774,0.0524216026
0.582267,-3.641712,-2.245431,2.880923,-0.1028914163,1.1435576049,-0.0582578134
0.583285,-3.468785,-12.869155,6.526798,0.0226871518,0.5880320747,-0.0944414686
0.584334,-2.606552,-19.2477,5.530067,0.1599721966,0.264507628,-0.0263310588
0.585384,-0.961345,-16.771944,2.801665,0.224889931,0.1772411654,0.0832841321
0.586434,1.822297,-1.345155,-3.786368,0.1812566997,0.4007284476,0.0992475094
0.587483,0.748709,3.093967,-5.104936,0.0556781316,0.5976101011,-0.0167530324
0.588501,-2.219869,-10.402976,5.109759,0.0407789794,0.4007284476,-0.0816707667
0.589552,0.093028,-18.776013,1.271743,0.1014398132,0.2953701574,-0.0093034563
0.590599,4.087159,-17.81588,-7.893382,0.0035310991,0.8657948398,0.0971190591
0.591649,-2.217467,3.675794,1.468687,-0.1816440777,1.6394865265,0.0311370995
0.592669,-3.785818,-5.022875,3.440534,-0.1092767672,1.0243643877,-0.0859276674
0.593716,-3.588873,-18.663479,6.942303,0.0365220788,0.4337194274,-0.0859276674
0.594765,-2.774676,-20.899801,6.44754,0.1887062758,0.1304152586,0.0215590732
0.595815,-0.14955,-10.563398,1.876987,0.2568166856,0.1368006095,0.1109539861
0.596832,1.927975,3.285515,-5.270657,0.1748713488,0.3794439446,0.0577427284
0.597882,-0.382521,-1.644449,-2.09793,0.0663203831,0.4443616789,-0.0635789391
0.598931,-1.842792,-14.063935,5.402774,0.1110178396,0.2208743967,-0.0806065416
0.599981,2.043259,-16.635466,-3.274793,0.120595866,0.354966766,-0.0018538802
0.600998,4.526681,-14.643368,-8.39535,-0.0507443838,1.137172254,0.075834556
0.60205,1.161812,-4.83851,-1.026744,-0.1880294286,1.7352667903,0.0747703308
0.603097,-3.103717,0.28779,1.975459,-0.1880294286,1.4745316277,-0.0156888072
0.604146,-3.740184,-8.382146,5.215436,-0.0858638138,0.818968933,-0.0923130183
0.605196,-3.283849,-16.779127,7.304969,0.0737699592,0.3570952163,-0.0699642901
0.606214,-2.786685,-18.009822,5.837493,0.2121192292,0.1357363844,0.0258159738
0.607263,0.023377,-7.414829,1.283751,0.280229639,0.1346721592,0.0768987812
0.608312,2.124919,1.74116,-6.606037,0.2036054279,0.2687645286,0.0045314707
0.609362,-0.240817,-5.410759,-1.170849,0.1035682635,0.258122277,-0.0859276674
0.61038,-0.934926,-13.872387,3.875253,0.1269812169,0.1868191918,-0.0667716146
0.611429,3.092829,-15.416742,-4.968035,0.0961186874,0.5571695452,0.0162379474
0.612478,3.861393,-11.554658,-7.432243,-0.0699004365,1.3415034835,0.0662565296
0.613528,-0.435359,-5.425125,-1.55273,-0.1827083028,1.7044042609,0.0449720265
0.614548,-3.247823,-4.251895,4.312374,-0.1380108464,1.2925491264,-0.0178172575
0.615595,-3.043673,-7.563279,5.460416,-0.0071111525,0.6997757158,-0.0710285152
0.616644,-2.99804,-14.547594,5.436398,0.1333665678,0.3432602893,-0.0635789391
0.617694,0.441284,-7.005396,-2.126751,0.307899493,0.1836265163,0.0566785032
0.618743,2.033652,0.134552,-6.694902,0.1908347261,0.3113335347,-0.0146245821
0.619761,-0.824445,-6.993424,2.316509,0.114210515,0.2911132568,-0.083799217
0.620811,-0.812436,-14.961816,3.068261,0.1376234684,0.2623791777,-0.0444228864
0.62186,3.390648,-15.395193,-6.814991,0.0673846083,0.7487300729,0.0428435762
0.622909,3.126454,-9.332702,-7.540323,-0.114597893,1.5202933093,0.0694492051
0.623928,-1.247155,-3.784997,1.550347,-0.1954790047,1.6522572283,0.0183663977
0.624976,-3.252626,-4.476963,5.554085,-0.1209832439,1.0733187447,-0.0646431643
0.626026,-3.01245,-10.86748,6.620467,0.0141733506,0.5316281415,-0.1029552698
0.627075,-3.036468,-18.361791,8.697991,0.1812566997,0.2751498795,-0.0508082373
0.628093,-1.660258,-15.754345,4.187482,0.32173442,0.1389290598,0.0332655499
0.629142,1.101768,-4.01246,-3.892046,0.3142848439,0.1516997617,0.0375224505
0.630192,1.118581,0.302156,-4.223489,0.1940274016,0.2602507274,-0.0529366876
0.631241,-1.030996,-7.94398,3.469355,0.1493299451,0.2049110194,-0.111469071
0.632293,0.35482,-15.651388,1.043575,0.1525226206,0.2315166482,-0.0657073894
0.633308,4.017508,-16.283496,-8.983782,0.0269440524,0.8572810386,0.020494848
0.634358,3.02558,-11.360716,-5.534851,-0.1486530979,1.615009348,0.0598711787
0.635407,-1.453707,-1.737829,2.434196,-0.2018643556,1.615009348,0.0034672456
0.636456,-3.793023,-2.695568,4.08901,-0.1358823961,1.0073367852,-0.0965699189
0.637474,-3.812237,-14.162104,7.504315,0.0216229267,0.4890591354,-0.117854422
0.638524,-3.324679,-18.850238,6.848634,0.2174403549,0.20916792,-0.0401659857
0.639573,-1.179906,-14.315342,1.259734,0.3259913206,0.07081865,0.0417793511
0.640622,1.493256,-3.057115,-3.397283,0.2951287912,0.1155161065,0.0279444241
0.64164,0.198706,-1.18234,-3.58462,0.1908347261,0.167663139,-0.0657073894
0.64269,-1.119862,-11.085366,2.974592,0.1663575476,0.0835893518,-0.1008268195
0.643739,3.883009,-15.325757,-9.259984,-0.0188176292,1.0573553674,0.0332655499
0.644788,1.289106,-9.768474,-1.377401,-0.1550384488,1.6522572283,0.0609354038
0.645837,-2.541705,-2.130502,3.116296,-0.1550384488,1.4819812038,0.0002745701
0.646856,-3.403937,-7.206521,4.221107,-0.0677719862,0.8636663895,-0.083799217
0.647905,-3.029262,-14.94745,6.918285,0.1014398132,0.3709301433,-0.0933772434
0.648954,-2.772274,-16.755183,5.052116,0.2653304869,0.1144518813,-0.0369733103
0.650004,-0.77641,-13.25704,2.525462,0.3472758237,0.0208000678,0.0268801989
0.651021,1.392382,-2.94458,-2.979376,0.3153490691,0.0729471003,0.0098525965
0.652071,0.491721,-3.591054,-3.493353,0.2057338783,0.1527639868,-0.0699642901
0.65312,0.011368,-12.550707,1.937031,0.1652933224,0.2496084758,-0.083799217
0.654172,2.593263,-14.195624,-3.771958,0.1152747402,0.6210230544,-0.0327164097
0.655187,3.003964,-14.547594,-6.812589,-0.0422305825,1.2361451933,0.0236875235
0.656236,-0.300861,-9.914529,0.788988,-0.1263043697,1.5288071105,0.0396509008
0.657286,-2.839523,-3.79218,3.38049,-0.0709646617,1.213796465,-0.0124961318
0.658335,-3.017254,-6.437935,3.649487,0.037586304,0.6774269876,-0.0912487931
0.659353,-2.921183,-13.795768,5.359542,0.1706144482,0.2815352304,-0.1093406207
0.660402,-2.63057,-20.215017,5.388363,0.2951287912,0.0335707696,-0.0359090851
0.661452,0.121849,-12.737466,0.611258,0.3440831482,-0.012190912,0.0417793511
0.662501,2.444353,-0.104883,-6.606037,0.2493671096,0.1985256684,0.006659921
0.663552,0.208313,-3.1481,-1.627184,0.1301738923,0.3677374679,-0.0891203428
0.664568,-1.424885,-11.887472,3.834423,0.1248527666,0.3602878918,-0.1008268195
0.665617,1.365962,-17.729683,-3.356453,0.0971829126,0.5699402471,-0.0295237342
0.666669,2.662914,-17.435178,-4.602968,-0.017753404,1.0850252214,0.0502931523
0.667716,-0.656321,-6.818636,1.372617,-0.0709646617,1.2989344773,0.0545500529
0.668734,-2.937996,-0.643611,3.62547,-0.0230745298,0.9275198987,-0.0401659857
0.669783,-2.899567,-16.443918,5.842296,0.1908347261,0.1389290598,-0.1231755477
0.670833,-1.480126,-21.656415,4.240321,0.2876792151,0.0133504917,-0.0093034563
0.671882,1.822297,-10.484384,-2.318892,0.2727800629,0.1868191918,0.0779630063
0.6729,1.743039,2.763547,-5.249042,0.1461372696,0.5007656121,0.0151737222
0.673949,-1.206325,-2.841623,1.473491,0.0876048862,0.4762884335,-0.0965699189
0.674998,-0.605884,-14.119005,2.350134,0.1110178396,0.2772783298,-0.1082763956
0.67605,2.31706,-20.337129,-4.120213,0.0578065819,0.5422703931,-0.0146245821
0.677097,1.85352,-15.617868,-1.768888,-0.0273314304,1.1180162012,0.0800914566
0.678115,-1.006979,-0.914173,1.449473,-0.0379736819,1.2382736436,0.0534858278
0.679164,-2.673802,0.417085,1.288555,-0.0049827022,0.7817210526,-0.0742211907
0.680214,-3.194984,-11.15959,4.646218,0.0801553101,0.2974986077,-0.1370104747
0.681263,-2.484062,-20.109666,5.006483,0.1993485273,0.0495341469,-0.062514714
0.682281,0.94085,-19.080096,0.162129,0.2429817586,0.0899747028,0.0588069535
0.68333,2.814225,-3.789785,-4.583753,0.1706144482,0.4528754802,0.0790272315
0.68438,-0.096711,4.13072,-2.198804,0.0663203831,0.6646562857,-0.0359090851
0.685428,-2.544107,-7.491448,4.559755,0.0684488334,0.3837008452,-0.1199828723
0.686447,-0.716366,-18.996293,1.96345,0.1269812169,0.1644704635,-0.0720927404
0.687496,2.689333,-19.898963,-4.110606,0.0833479856,0.562490671,0.048164702
0.688548,2.305051,-8.724538,-2.261249,-0.0060469273,1.1946404123,0.1003117345
0.689595,-1.127067,3.137065,0.186146,-0.045423258,1.2510443454,0.0013387952
0.690644,-3.194984,-3.363591,3.101885,-0.0209460795,0.6774269876,-0.1295608987
0.691662,-3.96595,-16.096737,6.639681,0.0801553101,0.1165803316,-0.1370104747
0.692711,-2.212663,-20.739379,4.257133,0.197220077,-0.0739159709,-0.0188814827
0.693761,2.206579,-14.047175,-1.192465,0.2153119046,0.1846907414,0.0981832842
0.69481,-1.29519,1.001306,-0.678488,0.0088522248,0.7253171195,-0.0529366876
0.695828,-2.87555,-11.774938,6.397103,0.0599350322,0.2400304494,-0.1072121704
0.696877,-0.305664,-18.330664,1.379822,0.1301738923,0.0527268224,-0.0433586612
0.697928,3.172087,-16.834197,-4.711047,0.0801553101,0.5784540483,0.0651923045
0.698976,2.746975,-5.025269,-4.413228,-0.0358452316,1.2404020939,0.0854125824
0.699994,-1.929255,0.697224,-0.118878,-0.1050198666,1.2010257632,-0.0146245821
0.701046,-3.98036,-8.463554,6.156927,-0.0358452316,0.5635548961,-0.1008268195
0.702093,-3.139744,-16.611522,6.711734,0.1163389653,0.0772040009,-0.0827349919
0.703142,-1.184709,-17.372925,3.041841,0.2206330304,-0.0026128856,0.0183663977
0.704191,2.232998,-7.692574,-3.923269,0.1940274016,0.2943059323,0.0843483572
0.705209,1.577317,0.441029,-6.411494,0.0567423567,0.6518855839,0.0215590732
0.706258,-2.2631,-5.901601,3.351669,0.0205587015,0.4965087115,-0.0657073894
0.707308,-2.272707,-13.204364,5.842296,0.1259169917,0.0580479482,-0.0731569655
0.708357,0.921636,-16.635466,-1.665612,0.162100647,0.1165803316,-0.0039823305
0.709375,3.842179,-13.541967,-6.899052,0.0482285555,0.7742714766,0.0843483572
0.710427,2.021643,-2.235853,-5.277863,-0.100762966,1.2989344773,0.0662565296
0.711474,-3.01245,-1.792899,2.974592,-0.12843282,1.0573553674,-0.0337806348
0.712523,-4.280581,-11.660009,6.656493,-0.003918477,0.4262698513,-0.0816707667
0.713543,-2.877951,-16.757577,5.866314,0.1599721966,0.0633690739,-0.0391017606
0.714591,-0.541037,-15.246743,2.071529,0.2546882353,0.0399561205,0.0428435762
0.71564,2.206579,-6.478639,-5.938347,0.1993485273,0.2591865022,0.0662565296
0.716689,0.707879,-1.306846,-3.791172,0.0812195353,0.4528754802,-0.0007896551
0.717739,-2.666596,-6.907227,5.023295,0.086540661,0.2730214292,-0.0593220385
0.718756,-1.492135,-13.573094,3.968922,0.1738071236,0.0314423193,-0.0391017606
0.719805,2.590861,-15.660966,-4.574146,0.1386876936,0.3390033887,0.0353940002
0.720855,0.157876,-3.880771,-1.029145,-0.1710018261,1.3830082645,0.0375224505
0.721904,-3.963548,-4.903157,6.44754,-0.1177905685,0.9392263754,-0.0337806348
0.722924,-4.030797,-11.023113,6.644485,0.0226871518,0.3719943685,-0.0614504888
0.723972,-3.01245,-16.127864,7.112828,0.175935574,0.0740113255,-0.0178172575
0.725021,-0.855668,-14.356046,1.742488,0.2695873875,-0.0089982365,0.0502931523
0.72607,2.232998,-5.860897,-5.457995,0.2153119046,0.1506355365,0.0609354038
0.727088,0.912029,-1.287691,-2.129153,0.1046324887,0.3070766341,-0.0156888072
0.728137,-2.186244,-7.072437,5.184213,0.1046324887,0.0995527292,-0.0784780913
0.729187,-0.255227,-15.040829,1.937031,0.1440088193,-0.0547599181,-0.0476155618
0.730236,4.027115,-16.477439,-7.871766,0.0482285555,0.4922518109,0.0428435762
0.731254,3.712484,-11.360716,-7.033551,-0.1326897206,1.3170263049,0.0992475094
0.732303,-0.826847,-2.501626,1.910611,-0.2071854814,1.448990224,0.0545500529
0.733353,-3.740184,-2.566273,5.400372,-0.1401392967,0.8753728662,-0.0433586612
0.734402,-4.182108,-12.275357,7.259336,0.0035310991,0.3092050844,-0.0774138661
0.735452,-3.600882,-18.002639,6.723743,0.1748713488,-0.0004844353,-0.0082392311
0.736469,-0.822043,-15.534065,1.33659,0.2834223145,-0.1175492022,0.0800914566
0.737519,1.887145,-4.584709,-3.159509,0.2600093611,-0.026025839,0.0832841321
0.738568,0.551765,0.373987,-2.751209,0.155715296,0.0505983721,-0.0082392311
0.739618,-1.278378,-7.920037,3.212366,0.1152747402,-0.0707232954,-0.0646431643
0.740635,1.243472,-15.689698,-1.588756,0.0844122107,0.084653577,-0.0103676814
0.741685,4.512271,-18.028977,-9.317627,-0.0741573372,0.8636663895,0.0832841321
0.742734,2.463568,-10.661566,-1.768888,-0.2103781568,1.5362566866,0.1226604628
0.743784,-2.135807,-0.076151,2.967387,-0.2220846335,1.3617237614,0.0492289272
0.744804,-3.744988,-4.534428,4.252329,-0.1507815482,0.722124444,-0.0582578134
0.745851,-4.038003,-14.796606,8.085542,0.0077879997,0.2432231249,-0.0657073894
0.7469,-0.69475,-14.46858,3.301232,0.2781011887,-0.1984303139,0.089669483
0.74795,1.426006,-2.276557,-1.713648,0.2791654139,-0.2101367906,0.0673207548
0.748999,1.589326,-0.128826,-5.249042,0.1535868457,-0.1175492022,-0.0231383833
0.750017,0.861592,-10.144387,-0.457526,0.0556781316,0.07081865,-0.0550651379
0.751066,1.646968,-17.679402,-2.085921,0.0077879997,0.4645819569,0.0130452719
0.752115,2.655709,-17.914048,-4.653405,-0.0837353635,1.0456488908,0.1066970855
0.753165,0.715085,-7.524969,-0.733729,-0.156102674,1.3681091123,0.1194677873
0.754183,-2.287118,-0.600513,1.804934,-0.1475888728,1.0828967711,0.0311370995
0.755232,-3.33909,-6.85934,4.187482,-0.059258185,0.5294996912,-0.0571935882
0.756282,-3.2166,-15.218011,5.830287,0.0812195353,0.1325437089,-0.0508082373
0.757331,-2.351966,-19.520656,5.325917,0.2195688053,-0.1143565267,0.0364582253
0.758349,0.813557,-11.674375,-0.152502,0.2706516126,-0.1569255329,0.1066970855
0.759398,3.263354,-0.243755,-7.653206,0.1599721966,0.1027454046,0.0683849799
0.760448,0.311589,-3.552745,-2.201205,0.0322651782,0.3177188857,-0.0178172575
0.761497,-2.133405,-12.2993,4.437265,0.051421231,0.264507628,-0.0220741581
0.762549,0.916833,-17.631515,-2.309285,0.0609992574,0.3762512691,0.0545500529
0.763564,2.912697,-16.357721,-5.104936,-0.0496801586,0.8647306146,0.1343669395
0.764614,0.078618,-4.989354,0.383091,-0.1220474691,1.1318511282,0.1269173634
0.765663,-2.613758,-0.210234,2.880923,-0.0858638138,0.8008771054,0.0183663977
0.766712,-2.954808,-9.196225,4.358007,0.0120449003,0.2974986077,-0.0667716146
0.76773,-2.99804,-18.524607,6.260203,0.1429445942,-0.0164478126,-0.0380375354
0.768779,-1.146281,-19.755302,3.414114,0.2493671096,-0.1207418777,0.0705134302
0.769829,1.959197,-8.113979,-3.219553,0.2259541562,0.0580479482,0.1226604628
0.770878,1.375569,1.52088,-4.49729,0.0950544623,0.3464529648,0.0460362517
0.771896,-1.501742,-4.89358,2.41258,0.051421231,0.3081408593,-0.0476155618
0.772945,1.964001,-20.200651,-4.437246,0.0226871518,0.4049853483,0.0375224505
0.773995,1.798279,-15.648994,-1.716049,-0.0688362114,0.9913734079,0.1322384891
0.775046,-0.867677,0.43624,1.041173,-0.0901207145,1.116951976,0.0949906088
0.776093,-2.865943,0.706801,1.523928,-0.0677719862,0.6752985373,-0.0422944361
0.777111,-3.375116,-12.488454,5.734217,0.0194944764,0.1878834169,-0.0955056937
0.77816,-2.786685,-21.189517,5.155392,0.1461372696,-0.0834939973,-0.0061107808
0.77921,0.037788,-17.873344,1.127637,0.2036054279,-0.0654021697,0.1184035621
0.780259,2.259418,-2.140079,-4.3748,0.1440088193,0.2602507274,0.1333027143
0.781276,0.008967,2.399606,-3.082652,0.0301367279,0.4220129507,0.0194306229
0.782326,-2.114191,-8.300738,4.980063,0.0280082776,0.1272225831,-0.0593220385
0.783375,0.376436,-16.987435,-0.058834,0.0716415089,-0.0302827396,-0.0263310588
0.784427,3.397853,-20.954871,-5.758215,0.0024668739,0.4667104072,0.0811556818
0.785442,1.610942,-10.695087,-0.426303,-0.073093112,1.1041812742,0.1524587671
0.786491,-1.741918,4.726913,1.098816,-0.0890564893,1.0860894466,0.0651923045
0.787543,-2.99804,-1.780927,3.058654,-0.0571297347,0.5007656121,-0.0795423164
0.78859,-3.975557,-17.586022,6.682913,0.0524854561,-0.0153835874,-0.0912487931
0.789608,-2.361573,-22.688379,4.691852,0.18338515,-0.2080083403,0.0439078014
0.790657,2.189767,-12.624932,-0.877834,0.2206330304,-0.0270900641,0.1545872174
0.791707,2.831037,2.739603,-6.769357,0.114210515,0.368801693,0.0939263836
0.792756,-1.182307,-1.079383,-0.913861,0.0226871518,0.3698659182,-0.0391017606
0.793806,-2.697819,-12.986478,5.796663,0.0769626347,-0.0622094942,-0.0731569655
0.794823,0.597398,-17.961935,-1.692032,0.1025040383,-0.130319904,0.0045314707
0.795873,4.000695,-17.365742,-4.941616,0.0077879997,0.5124720888,0.1120182112
0.796924,2.124919,-4.30457,-1.603167,-0.0794784629,1.1839981607,0.1279815885
0.797972,-2.054147,2.794673,0.49117,-0.1114052175,1.0765114202,0.0162379474
0.798989,-3.46158,-8.377357,5.018492,-0.0550012844,0.4230771759,-0.0806065416
0.800038,-1.436894,-19.432065,4.382025,0.2206330304,-0.1494759568,0.0779630063
0.801088,2.48038,-5.525688,-2.878502,0.2291468316,0.0931673782,0.1279815885
0.802137,1.867931,3.074812,-6.995123,0.0886691114,0.3709301433,0.0247517486
0.803155,-2.395197,-7.522575,2.907343,0.0226871518,0.1995898936,-0.0710285152
0.804204,-2.16703,-16.302651,6.320247,0.114210515,-0.1590539832,-0.0391017606
0.805254,2.206579,-15.969837,-2.76562,0.1259169917,0.0122862666,0.0513573775
0.806304,4.003097,-11.121281,-6.658876,-0.0103038279,0.7412804968,0.1130824364
0.807353,0.614211,-2.774582,-2.703174,-0.1337539458,1.2191175908,0.0822199069
0.80837,-3.288653,-3.68204,3.978529,-0.1263043697,0.9041069453,0.0002745701
0.809422,-3.423151,-10.960859,6.358675,-0.0049827022,0.2825994556,-0.0454871115
0.810469,-2.625766,-16.084765,5.419586,0.1354950181,-0.0739159709,-0.0167530324
0.811518,-1.103049,-15.967442,3.368481,0.2355321826,-0.1409621556,0.0630638542
0.812535,1.757449,-5.971037,-4.492487,0.2163761298,0.0208000678,0.0811556818
0.813585,0.835173,-1.95332,-4.876768,0.106760939,0.1634062384,0.0055956959
0.814634,-2.18144,-8.262429,4.802333,0.1056967138,-0.026025839,-0.0454871115
0.815684,-0.555447,-12.368736,2.035503,0.1674217727,-0.1760815856,-0.0178172575
0.816701,3.236935,-14.394355,-7.357789,0.0833479856,0.292177482,0.0471004769
0.817751,2.850251,-12.102964,-6.9639,-0.0922491648,1.0573553674,0.0886052578
0.818802,-1.059818,-6.210472,1.029165,-0.1550384488,1.2340167429,0.0641280793
0.819849,-3.151752,-3.761053,5.491639,-0.0784142378,0.7317024704,-0.0103676814
0.820899,-3.036468,-8.427639,5.001679,0.0386505291,0.2049110194,-0.0689000649
0.821919,-3.286251,-17.253208,6.466754,0.1823209249,-0.0696590703,-0.0359090851
0.822965,-1.633839,-16.482227,2.383759,0.3004499169,-0.1633108838,0.0534858278
0.824015,1.726227,-5.683715,-5.585288,0.266394712,-0.053695693,0.0715776554
0.825064,-1.878818,-7.043705,4.559755,0.1291096672,-0.116484977,-0.0731569655
0.826082,-0.389726,-14.870831,1.598382,0.1493299451,-0.185659612,-0.0359090851
0.827131,3.469906,-16.403214,-7.485082,0.051421231,0.4283983016,0.0598711787
0.828182,3.008768,-9.631996,-6.505163,-0.1114052175,1.2318882926,0.0992475094
0.82923,-1.23995,-2.235853,2.3045,-0.1624880249,1.2574296963,0.0332655499
0.830248,-3.526427,-4.816961,5.496442,-0.0858638138,0.6242157299,-0.0603862637
0.831299,-3.473588,-13.779008,7.244925,0.0609992574,0.1133876562,-0.0827349919
0.832347,-3.110922,-19.013054,7.254532,0.2451102089,-0.1143565267,-0.0093034563
0.833396,-1.146281,-14.001682,0.942701,0.3557896249,-0.2218432673,0.0683849799
0.834445,1.618147,-0.940511,-3.964099,0.3153490691,-0.1963018636,0.0407151259
0.835463,0.297178,0.014835,-2.191598,0.2046696531,-0.1909807378,-0.0678358397
0.836512,-1.424885,-11.80367,3.356472,0.1780640243,-0.3091097298,-0.0944414686
0.837562,2.353086,-16.985041,-3.116277,0.1567795212,-0.0430534414,-0.0082392311
0.838611,5.545028,-14.499707,-10.888379,-0.0209460795,0.8381249858,0.0694492051
0.839628,1.930376,-8.159472,-2.095528,-0.1795156274,1.4692105019,0.075834556
0.840679,-3.255028,-2.235853,4.158661,-0.1741945016,1.2223102663,0.0109168216
0.841727,-3.848263,-5.099494,4.843163,-0.0709646617,0.5741971477,-0.0635789391
0.842776,-3.528829,-13.2738,6.524396,0.079091085,0.0654975242,-0.0731569655
0.843797,-3.744988,-20.188679,5.573299,0.2365964077,-0.2463204458,0.0045314707
0.844843,-1.669865,-15.455052,4.742289,0.3760099028,-0.4112753446,0.0992475094
0.845893,1.322731,0.800181,-1.915396,0.3866521544,-0.4676792777,0.0694492051
0.846942,1.64937,0.86004,-5.455593,0.2451102089,-0.4421378741,-0.0508082373
0.847992,0.54456,-12.842817,0.431126,0.1450730445,-0.2399350949,-0.0752854158
0.849009,2.362694,-17.899682,-3.046626,0.0812195353,0.2964343826,0.0098525965
0.850059,3.496325,-15.660966,-5.674154,-0.0475517083,1.0105294607,0.0800914566
0.851108,-2.683409,-2.003601,2.400571,-0.1071483169,0.929648349,-0.0199457078
0.852157,-2.901969,-8.298344,4.687048,-0.0156249537,0.333682263,-0.0965699189
0.853178,-3.041271,-15.045618,6.730948,0.1323023427,-0.0654021697,-0.0848634422
0.854225,-2.620963,-18.510241,5.599718,0.2866149899,-0.2665407237,0.0002745701
0.855274,-0.135139,-10.082134,1.562356,0.3717530022,-0.3250731072,0.0598711787
0.856323,2.156142,0.795392,-6.745339,0.2876792151,-0.2484488961,0.0098525965
0.857341,0.748709,-5.006114,-3.123482,0.1461372696,-0.1313841292,-0.0667716146
0.85839,-0.473788,-13.836472,2.604721,0.1195316408,-0.0089982365,-0.0391017606
0.859439,2.309855,-16.046456,-4.062571,0.0780268598,0.3251684617,0.0460362517
0.860489,3.133659,-13.364785,-5.004062,-0.0464874832,0.8732444159,0.0981832842
0.861506,-0.704357,-5.587941,0.635276,-0.1039556415,1.0765114202,0.0768987812
0.862557,-3.072494,-2.961341,3.411713,-0.0411663574,0.6827481134,-0.0061107808
0.863605,-2.882755,-8.820312,4.857574,0.0758984095,0.1591493378,-0.0742211907
0.864654,-2.995638,-17.217292,5.909545,0.2036054279,-0.1920449629,-0.0582578134
0.865704,-1.816373,-20.047412,5.042509,0.3238628703,-0.3772201397,0.0364582253
0.866722,1.767057,-8.305527,-2.700772,0.3302482212,-0.2633480482,0.0864768075
0.867771,2.636494,2.069186,-7.139228,0.1865778255,0.0729471003,0.0077241462
0.86882,-1.247155,-4.697243,1.737685,0.106760939,0.1378648347,-0.090184568
0.869869,-1.936461,-14.861253,3.947306,0.1493299451,-0.0377323157,-0.0784780913
0.870887,1.839109,-19.336291,-4.526111,0.114210515,0.1974614433,0.0236875235
0.871936,2.461166,-13.719149,-4.478076,-0.0103038279,0.8061982312,0.1013759597
0.872986,-0.966149,-2.144868,1.310171,-0.0624508605,0.9722173552,0.0641280793
0.874035,-3.074896,-1.321212,3.344463,-0.0166891789,0.5156647642,-0.0465513367
0.875055,-3.043673,-9.928895,4.742289,0.0844122107,0.0378276702,-0.1082763956
0.876102,-2.923585,-19.776851,6.044044,0.2142476795,-0.2165221415,-0.0529366876
0.877151,2.189767,-4.01246,-4.27873,0.2632020366,-0.095200474,0.0960548339
0.878201,1.193035,3.323824,-4.699038,0.1354950181,0.1314794838,-0.0178172575
0.87925,-1.266369,-6.892861,3.01302,0.0982471377,-0.0111266868,-0.1104048459
0.880267,-0.125532,-18.936435,0.656892,0.1195316408,-0.1313841292,-0.0657073894
0.881317,2.826234,-21.220643,-5.047294,0.0578065819,0.3698659182,0.0662565296
0.882366,1.964001,-7.953558,-0.909057,-0.0134965034,1.0233001625,0.1333027143
0.883416,-1.792355,4.403676,0.632874,-0.0432948077,0.9839238318,0.034329775
0.884433,-3.668131,-4.464992,2.962583,-0.0103038279,0.4060495734,-0.0891203428
0.885482,-3.483196,-16.917999,6.932696,0.1174031905,-0.0803013218,-0.083799217
0.886532,-2.082968,-20.799238,3.822414,0.2355321826,-0.3165593059,0.020494848
0.887581,0.611809,-14.605058,-0.039619,0.2653304869,-0.2484488961,0.1162751118
0.888599,2.03125,1.698062,-5.013669,0.1918989513,0.0750755506,0.0790272315
0.889647,-0.665929,1.286234,-1.706442,0.100375588,0.1091307555,-0.0571935882
0.890697,-2.224672,-12.689579,6.02483,0.1301738923,-0.2441919955,-0.1061479453
0.891747,1.082554,-20.550226,-1.538319,0.1514583954,-0.2314212936,-0.0178172575
0.892798,4.017508,-18.474325,-6.33704,0.0418432046,0.4879949102,0.1077613106
0.893814,1.670986,-2.085009,-1.677621,-0.0656435359,1.151007181,0.1184035621
0.894863,-2.8083,3.661428,0.875452,-0.0975702905,0.9562539778,-0.0135603569
0.895912,-4.179707,-9.849882,6.027232,-0.0198818543,0.236837774,-0.1125332962
0.896961,-3.84346,-19.281221,6.807804,0.1248527666,-0.2942105777,-0.0699642901
0.897979,-1.617026,-19.824738,3.995341,0.2408533083,-0.4655508274,0.0534858278
0.899028,2.122517,-7.230464,-1.106002,0.266394712,-0.2463204458,0.1162751118
0.900078,1.502863,3.615935,-6.394682,0.1589079715,0.0740113255,0.0268801989
0.901127,-2.594544,-6.263147,3.010618,0.1046324887,-0.0771086464,-0.0710285152
0.902144,-1.818774,-15.301813,5.068929,0.1844493752,-0.4112753446,-0.0497440121
0.903194,4.651573,-13.953795,-6.43311,-0.031588331,0.7806568275,0.1077613106
0.904243,0.347615,-0.926144,-1.146832,-0.1401392967,1.2425305442,0.075834556
0.905295,-3.084503,-0.289248,2.895334,-0.12843282,0.8232258336,-0.0391017606
0.906342,-3.694551,-12.577045,6.536405,-0.0113680531,0.1144518813,-0.0986983692
0.907359,-3.187779,-20.145581,6.423522,0.14826572,-0.3037886041,-0.0359090851
0.908409,-0.922917,-16.920393,5.253864,0.2887434402,-0.393183517,0.075834556
0.909458,1.745441,-2.262191,-2.868895,0.3057710427,-0.2580269225,0.0854125824
0.910507,0.827968,0.424268,-6.144899,0.1780640243,-0.1430906059,-0.0156888072
0.911525,-1.737114,-10.467624,4.588576,0.1450730445,-0.2867610016,-0.0593220385
0.912574,0.388445,-14.68886,1.098816,0.1801924746,-0.3282657826,-0.0039823305
0.913623,4.526681,-15.024069,-9.19994,0.0535496813,0.2570580519,0.0705134302
0.914674,3.044794,-9.059747,-5.378737,-0.1305612703,1.0552269171,0.1003117345
0.91569,-1.917247,-2.159234,1.190083,-0.1912221041,1.1297226779,0.0513573775
0.916739,-3.759398,-6.172162,5.328319,-0.1135336678,0.5241785655,-0.0188814827
0.917789,-3.154154,-13.154083,6.754966,0.0397147543,-0.0100624617,-0.0305879594
0.918838,-2.901969,-18.1463,6.108892,0.1993485273,-0.2920821274,0.0268801989
0.919855,-1.208727,-13.905908,3.140314,0.3142848439,-0.4453305495,0.0960548339
0.920905,1.601335,-1.601351,-4.192266,0.2919361157,-0.4091468943,0.075834556
0.921954,0.755915,-1.725857,-3.779163,0.1738071236,-0.310173955,-0.0146245821
0.923003,-1.259164,-10.735791,3.937699,0.1578437463,-0.3452933851,-0.0401659857
0.924055,1.613344,-14.822944,-1.387008,0.1493299451,-0.1824669366,0.0173021725
0.92507,4.677992,-15.787866,-10.062173,-0.0166891789,0.5231143403,0.0875410327
0.926119,1.682995,-10.237766,-3.781565,-0.1827083028,1.172291684,0.117339337
0.927171,-2.654588,-1.194311,4.406042,-0.183772528,1.0552269171,0.0683849799
0.928218,-3.670533,-3.389929,5.253864,-0.0837353635,0.4560681556,-0.0263310588
0.929235,-3.113324,-19.800795,6.887063,0.2259541562,-0.351678736,0.0130452719
0.930285,-1.018988,-14.061541,1.211699,0.3259913206,-0.4942849066,0.0864768075
0.931334,1.555701,-1.80487,-3.968902,0.2855507648,-0.4432020992,0.061999629
0.932384,0.338008,-0.660372,-2.506229,0.1780640243,-0.3665778881,-0.0359090851
0.933401,-0.689946,-10.517905,3.008217,0.1354950181,-0.3761559145,-0.0603862637
0.93445,2.232998,-16.130258,-3.053831,0.079091085,-0.0600810439,0.0119810468
0.9355,3.594798,-15.098294,-8.508233,-0.0847995887,0.7104179674,0.0907337082
0.936552,0.643032,-7.862572,-0.863424,-0.1954790047,1.1882550613,0.1066970855
0.937598,-2.877951,-1.158396,3.154724,-0.1795156274,0.9041069453,0.0364582253
0.938616,-3.512017,-6.689342,5.136178,-0.0901207145,0.2932417071,-0.0412302109
0.939665,-3.154154,-15.347306,7.732483,0.0641919328,-0.1792742611,-0.0359090851
0.940714,-2.995638,-17.619543,4.932028,0.2216972556,-0.4495874501,0.0364582253
0.941764,-0.961345,-12.107752,2.028298,0.32173442,-0.5400465882,0.1013759597
0.942781,1.735834,-0.698681,-4.084187,0.2844865396,-0.4730004035,0.0694492051
0.94383,1.212249,-2.130502,-4.523709,0.1408161439,-0.3836054906,-0.0231383833
0.94488,0.414864,-12.272962,2.121966,0.0748341844,-0.2995317035,-0.0337806348
0.94593,2.129723,-16.652226,-3.116277,0.0312009531,0.0580479482,0.0417793511
0.946946,2.593263,-16.228426,-5.457995,-0.0837353635,0.7199959937,0.1279815885
0.947996,0.309187,-5.159353,-0.270189,-0.1529099985,1.0892821221,0.131174264
0.949048,-2.512884,0.476944,1.307769,-0.1497173231,0.7583080993,0.0247517486
0.950094,-3.497606,-9.064535,5.837493,-0.0741573372,0.1208372322,-0.0646431643
0.951144,-3.219002,-16.309834,6.685315,0.0758984095,-0.3144308556,-0.0454871115
0.952161,-2.349564,-18.821506,5.205829,0.2216972556,-0.4996060324,0.0439078014
0.953211,-0.065488,-11.34635,1.70406,0.3025783672,-0.5049271581,0.1109539861
0.95426,2.007233,0.115397,-6.584421,0.2302110568,-0.3676421133,0.0673207548
0.955309,-0.718767,-11.825219,2.888129,0.0609992574,-0.1835311617,-0.0359090851
0.956327,1.466836,-17.157434,-2.741602,0.0333294034,0.1272225831,0.0396509008
0.957376,2.73977,-15.464629,-4.437246,-0.0667077611,0.687005014,0.1162751118
0.958428,-0.339289,-4.970199,-0.637658,-0.1390750715,0.9168776472,0.1056328603
0.959475,-2.959611,-1.304451,3.089877,-0.1114052175,0.5188574397,0.0098525965
0.960492,-3.110922,-9.665517,4.321981,-0.0103038279,-0.0175120377,-0.0571935882
0.961541,-2.664195,-17.653064,5.556486,0.1269812169,-0.3250731072,-0.0231383833
0.96364,1.702209,-7.807502,-2.921734,0.2376606329,-0.3740274642,0.1109539861
0.962591,-0.920515,-17.916442,4.168268,0.2440459838,-0.4559728011,0.0705134302
0.964689,1.651772,0.455395,-4.785502,0.1195316408,-0.1420263807,0.0449720265
0.965708,-0.891694,-5.001326,1.36301,0.058870807,-0.1005215997,-0.03484486
0.966757,-0.512216,-13.735909,1.483098,0.0673846083,-0.1601182083,-0.0284595091
0.967806,2.177758,-19.123194,-4.583753,0.0067237745,0.1602135629,0.0556142781
0.968855,1.637361,-14.715198,-1.756879,-0.0784142378,0.6603993851,0.1301100388
0.969873,-1.348029,-1.103326,2.832888,-0.0837353635,0.6699774115,0.0949906088
0.970925,-2.810702,0.3261,1.730479,-0.0475517083,0.2208743967,-0.0273952839
0.971972,-2.921183,-11.760572,5.01609,0.0429074297,-0.178210036,-0.0795423164
0.973021,-2.433625,-21.383459,6.123302,0.1738071236,-0.4038257685,0.0002745701
0.974038,0.400454,-18.457565,0.457545,0.2259541562,-0.4357525231,0.1152108867
0.976137,0.093028,2.576788,-2.155572,0.058870807,0.0378276702,0.0130452719
0.975088,2.511603,-3.332465,-3.89685,0.1599721966,-0.171824685,0.1258531382
0.977186,-1.638642,-7.426801,3.077868,0.0471643304,-0.1218061028,-0.0657073894
0.978236,0.806352,-16.633071,-0.949887,0.0492927807,-0.1909807378,-0.0337806348
0.979253,2.379506,-20.825576,-4.819126,-0.0401021322,0.2315166482,0.0673207548
0.980305,0.107439,-12.325638,1.766506,-0.0752215623,0.6582709348,0.1439449658
0.981352,-2.584937,0.103425,1.487901,0.0014026488,0.0686901997,-0.0614504888
0.982401,-3.391929,-16.345749,6.034437,0.0833479856,-0.351678736,-0.0795423164
0.983421,-1.348029,-24.237523,2.861709,0.18338515,-0.5017344827,0.0556142781
0.984468,2.708547,-14.830127,-2.98418,0.1769997991,-0.227164393,0.172679045
0.985518,1.985617,3.515372,-5.162578,0.0578065819,0.1900118672,0.117339337
0.986567,-1.864408,1.295811,0.584839,-0.0124322782,0.1144518813,-0.0252668336
0.987584,-1.770739,-13.529996,5.306703,0.0429074297,-0.3186877562,-0.0699642901
0.988634,1.17142,-20.18389,-1.682425,0.0705772837,-0.3250731072,0.0119810468
0.989683,2.648503,-18.167849,-3.985715,0.0024668739,0.258122277,0.1258531382
0.990733,0.655041,-4.230346,-0.061235,-0.045423258,0.7327666956,0.1407522904
0.99175,-2.551312,2.938334,0.81781,-0.0539370592,0.5146005391,0.0183663977
0.992802,-3.608087,-7.405252,4.737485,0.0056595494,-0.0834939973,-0.0891203428
0.993849,-3.274242,-18.208553,6.010419,0.128045442,-0.4985418072,-0.0550651379
0.994898,-0.115925,-20.782477,1.13244,0.1950916267,-0.5145051845,0.0790272315
0.995947,3.455495,-8.09243,-4.66061,0.1450730445,-0.0845582224,0.1503303168
0.996965,1.058537,4.171424,-4.845546,0.0131091254,0.3028197335,0.0588069535
0.998014,-2.803497,-5.16893,3.887262,-0.0166891789,0.0495341469,-0.048679787
0.999064,-2.193449,-16.917999,6.192953,0.0897333365,-0.4453305495,-0.0476155618
1.000113,0.897619,-19.436854,-0.4215,0.1429445942,-0.4197891458,0.0460362517
1.00113,3.664449,-12.550707,-5.544458,0.0567423567,0.2176817212,0.1375596149
1.002181,1.572514,0.570323,-4.420434,-0.0826711384,0.7593723244,0.0981832842
1.00323,-3.245421,-1.63966,3.575033,-0.1199190188,0.493316036,-0.0178172575
1.004279,-4.054815,-12.663241,7.314576,-0.0081753776,-0.1899165126,-0.0689000649
1.005299,-2.656989,-18.503058,5.82068,0.1312381175,-0.5613310913,-0.0114319066
1.006346,0.29958,-16.980252,1.994673,0.2057338783,-0.4783215293,0.0981832842
1.007395,0.491721,0.01244,-4.271524,-0.0092396028,0.1548924371,0.0183663977
1.008445,-3.098914,-9.483546,6.771778,0.0067237745,-0.1686320096,-0.0433586612
1.009494,-1.600214,-14.667311,4.285954,0.1269812169,-0.5102482839,-0.0188814827
1.010511,1.829502,-16.283496,-2.864092,0.1301738923,-0.2676049489,0.0588069535
1.011561,3.580387,-9.739742,-7.52351,-0.0071111525,0.4220129507,0.1098897609
1.01261,0.292375,-2.714723,-3.294007,-0.1337539458,0.756179649,0.0577427284
1.013659,-3.574463,-6.246387,7.059989,-0.0965060654,0.3187831108,-0.0146245821
1.014679,-3.228609,-11.221843,6.428326,0.0418432046,-0.2558984722,-0.0391017606
1.015727,-2.33035,-16.374482,4.747092,0.1674217727,-0.4719361784,0.0055956959
1.016776,0.0546,-14.820549,0.1237,0.224889931,-0.3718990139,0.0864768075
1.017825,2.68453,-4.61823,-8.15037,0.1354950181,-0.0792370967,0.0843483572
1.018842,-0.084702,-2.729089,-0.459928,0.0386505291,-0.0196404881,0.0002745701
1.019892,-2.870746,-8.058909,6.509986,0.0854764359,-0.3506145108,-0.0465513367
1.020941,-0.629902,-13.76943,1.166065,0.1461372696,-0.4868353305,-0.0135603569
1.021991,2.76619,-16.795887,-5.820661,0.0844122107,-0.0089982365,0.0737061057
1.023039,2.804618,-10.649594,-8.263253,-0.0741573372,0.6721058618,0.117339337
1.024058,-0.87248,-2.935003,0.911478,-0.1433319721,0.7678861256,0.0641280793
1.025106,-3.367911,-3.95739,6.416317,-0.0645793108,0.2251312973,-0.0242026084
1.026156,-3.243019,-12.038316,5.678976,0.058870807,-0.2920821274,-0.0582578134
1.027205,-2.757863,-18.515029,6.673306,0.2089265537,-0.5081198336,0.0055956959
1.028223,0.037788,-13.877176,-1.497489,0.2866149899,-0.4570370262,0.0854125824
1.029272,2.578852,-3.990911,-6.829401,0.197220077,-0.2143936912,0.0673207548
1.030321,-0.322477,-2.556696,0.702525,0.1035682635,-0.1931091881,-0.0231383833
1.031371,-2.354367,-8.920874,5.907144,0.1333665678,-0.5049271581,-0.0646431643
1.032388,0.378838,-15.33294,-0.015602,0.1567795212,-0.4921564563,-0.0146245821
1.033438,2.662914,-8.1475,-4.965634,-0.1199190188,0.8519599128,0.0971190591
1.034487,-2.320743,-1.132058,2.844897,-0.1667449255,0.7508585232,0.0183663977
1.035536,-4.14368,-6.938354,6.418719,-0.0805426881,0.1442501856,-0.0614504888
1.036586,-3.37992,-16.192511,8.308906,0.0801553101,-0.3314584581,-0.0497440121
1.037603,-2.652186,-16.276313,4.732682,0.2312752819,-0.5506888397,0.0268801989
1.038652,-0.012649,-10.029458,-1.427838,0.280229639,-0.5474961643,0.0737061057
1.039702,1.795878,-3.021199,-4.218686,0.2078623286,-0.3974404176,0.0353940002
1.040751,-0.622697,-4.76668,0.786587,0.1386876936,-0.4389451986,-0.03484486
1.041768,-1.062219,-10.156358,4.840761,0.1652933224,-0.6294415011,-0.0454871115
1.042818,2.629289,-13.565911,-5.12415,0.1216600911,-0.3442291599,0.0034672456
1.043867,4.041525,-16.549269,-9.043826,-0.0656435359,0.5060867378,0.0832841321
1.044917,0.96727,-8.425244,-0.81779,-0.1869652034,1.0520342417,0.1130824364
1.045934,-2.820309,-1.218255,2.991404,-0.1784514022,0.7327666956,0.0332655499
1.046983,-3.504811,-7.386097,5.666967,-0.0847995887,0.0442130212,-0.0582578134
1.048033,-3.084503,-14.104639,6.334657,0.072705734,-0.4102111194,-0.0614504888
1.049082,-2.750658,-17.751232,5.013688,0.2365964077,-0.6039000974,0.0087883713
1.0501,-0.896498,-12.555496,2.840093,0.3504684992,-0.6901023349,0.0737061057
1.051148,1.22666,-1.627689,-4.194668,0.3238628703,-0.7145795134,0.0428435762
1.052198,1.219455,-2.460922,-3.349248,0.1993485273,-0.6517902293,-0.0433586612
1.053247,0.554167,-11.070999,0.238985,0.1152747402,-0.4251102716,-0.0561293631
1.054299,1.71662,-17.952357,-4.067375,0.0333294034,0.0410203457,0.0226232983
1.055314,2.177758,-15.97702,-4.221087,-0.0773500126,0.6210230544,0.1077613106
1.056364,-0.132737,-3.373169,-0.402286,-0.1326897206,0.8306754097,0.089669483
1.057413,-2.255895,0.27103,2.270876,-0.1082125421,0.4188202753,-0.0263310588
1.058462,-3.077298,-10.31678,5.037706,-0.0113680531,-0.1547970826,-0.0986983692
1.059479,-1.645847,-19.106433,5.940768,0.3047068175,-0.6145423489,0.0630638542
1.060529,0.912029,-6.445118,-1.281331,0.3483400488,-0.6262488256,0.0949906088
1.061578,2.242605,2.643829,-7.410628,0.2238257059,-0.4953491317,0.0055956959
1.062628,0.076216,-5.300619,-1.053163,0.1131462899,-0.3697705636,-0.0827349919
1.063645,-0.466582,-15.026463,2.342929,0.1088893893,-0.2761187501,-0.0508082373
1.064694,2.254614,-19.060941,-4.103401,0.058870807,0.0580479482,0.0524216026
1.065743,2.122517,-13.692811,-3.490952,-0.0401021322,0.5465272937,0.1194677873
1.066793,-1.129469,-1.747406,1.206895,-0.0688362114,0.6231515048,0.0822199069
1.067842,-2.781881,-0.832765,2.820879,-0.0252029801,0.1836265163,-0.0295237342
1.068859,-2.897166,-10.711847,4.903207,0.0748341844,-0.2771829752,-0.0859276674
1.069909,-3.005245,-20.286847,6.337059,0.2121192292,-0.5432392637,-0.0231383833
1.070958,-0.819641,-18.534184,3.13551,0.3047068175,-0.6315699514,0.0907337082
1.072008,1.920769,-3.914291,-3.745538,0.2589451359,-0.4506516753,0.1098897609
1.073025,0.758316,2.423549,-3.563005,0.1269812169,-0.2292928433,0.0002745701
1.074074,-1.494536,-6.979058,3.212366,0.0876048862,-0.3250731072,-0.0859276674
1.075123,0.081019,-17.054477,0.267806,0.092926012,-0.4165964704,-0.0540009127
1.076175,2.768591,-20.598113,-5.364326,0.0109806751,0.0208000678,0.0556142781
1.07719,1.277097,-11.774938,-0.33984,-0.0635150856,0.5773898231,0.1269173634
1.07824,-1.910041,2.023693,2.256465,-0.0635150856,0.5316281415,0.061999629
1.079289,-2.899567,0.074693,2.369348,-0.0220103046,0.0165431672,-0.0699642901
1.080338,-3.223805,-12.744649,5.599718,0.0663203831,-0.4474589998,-0.1125332962
1.081388,-2.729042,-23.928652,5.191418,0.1855136003,-0.69116656,-0.0050465557
1.082405,0.594997,-18.474325,1.259734,0.266394712,-0.6124138986,0.1375596149
1.083454,2.850251,2.148199,-6.084855,0.2004127525,-0.2527057967,0.1205320125
1.084504,-0.296057,2.691716,-2.443783,0.0695130586,-0.1516044071,-0.0284595091
1.085555,0.856789,-18.567705,-2.823262,0.1099536144,-0.4878995557,-0.0167530324
1.08657,4.051132,-20.100088,-6.404289,0.0003384236,0.098488504,0.0907337082
1.087619,1.262686,-6.674975,0.637677,-0.0667077611,0.6625278354,0.1247889131
1.088671,-2.390394,4.975925,1.029165,-0.0571297347,0.5284354661,0.0119810468
1.089718,-3.243019,-5.662166,4.439667,0.0014026488,-0.0717875206,-0.1093406207
1.090735,-3.781014,-19.733753,6.608458,0.1248527666,-0.5645237667,-0.0869918925
1.091785,-1.609821,-22.099369,3.378088,0.238724858,-0.7422493674,0.0524216026
1.092834,2.465969,-8.671862,-2.222821,0.2451102089,-0.4932206814,0.1386238401
1.093884,1.757449,4.24086,-6.702108,0.1131462899,-0.0983931494,0.0545500529
1.094934,-2.210262,-3.832884,2.261269,0.0471643304,-0.2080083403,-0.0593220385
1.09595,-1.979692,-13.980133,5.186615,0.1248527666,-0.6454048784,-0.0678358397
1.096999,2.103303,-18.804746,-4.168249,0.1152747402,-0.559202641,0.0130452719
1.098051,4.063141,-17.131096,-4.638994,-0.0017900267,0.1932045427,0.117339337
1.099098,0.962466,-2.049094,-1.377401,-0.0826711384,0.7551154238,0.1162751118
1.100116,-3.03887,1.212009,2.441401,-0.0901207145,0.479481109,0.0013387952
1.101165,-3.850665,-9.737347,6.65169,0.0024668739,-0.1941734133,-0.0816707667
1.102214,-3.444767,-18.965167,5.729413,0.1354950181,-0.6368910772,-0.0433586612
1.103264,-1.196718,-19.932484,3.88486,0.2429817586,-0.7103226128,0.0779630063
1.104281,2.415532,-3.969362,-4.288337,0.238724858,-0.4368167483,0.1162751118
1.105331,1.123384,2.888053,-6.983114,0.0961186874,-0.199494539,0.0034672456
1.10638,-2.865943,-9.720587,5.354738,0.0620634825,-0.4229818213,-0.0742211907
1.107432,-1.304797,-16.060822,4.703861,0.1642290973,-0.7028730367,-0.0284595091
1.108478,3.227328,-16.465467,-5.688564,0.1259169917,-0.3665778881,0.0598711787
1.109496,3.616413,-11.451701,-6.656474,-0.0411663574,0.4273340765,0.117339337
1.110548,-0.159157,-1.438535,-1.56714,-0.1443961973,0.7721430263,0.075834556
1.111595,-3.692149,-11.791698,6.548414,0.0141733506,-0.3016601538,-0.0774138661
1.112644,-2.796292,-19.075307,6.142516,0.1684859979,-0.635826852,-0.0188814827
1.113662,-0.625099,-16.546875,2.448606,0.2749085132,-0.7209648643,0.0790272315
1.114711,2.211383,-4.043586,-5.621315,0.2355321826,-0.5602668661,0.0864768075
1.115761,0.998493,-0.63164,-3.522175,0.1259169917,-0.3985046428,0.0013387952
1.116809,-2.1262,-8.022994,5.124169,0.1312381175,-0.5517530649,-0.0518724624
1.117827,-0.399333,-14.710409,1.526329,0.1716786733,-0.6528544545,-0.0178172575
1.118876,3.743707,-16.539692,-7.362592,0.0673846083,-0.1292556789,0.0673207548
1.119928,3.088026,-9.529039,-6.762152,-0.1188547936,0.6433717827,0.10350441
1.120975,-1.669865,-3.411478,1.886594,-0.1954790047,0.735959371,0.0492289272
1.121992,-3.773809,-5.741179,6.577235,-0.1135336678,0.1442501856,-0.0273952839
1.123041,-3.058084,-11.042267,6.317845,0.0322651782,-0.3729632391,-0.0561293631
1.124091,-2.988433,-17.325038,6.521995,0.1855136003,-0.6113496735,-0.0039823305
1.126189,1.762253,-3.552745,-5.244238,0.2717158378,-0.6698820569,0.075834556
1.12514,-1.309601,-15.201251,1.660828,0.2972572415,-0.7284144404,0.0779630063
1.127207,0.407659,-0.789667,-2.645531,0.1610364218,-0.5921936207,-0.0114319066
1.128256,-1.797159,-9.035803,4.569362,0.1397519187,-0.718836414,-0.0476155618
1.129307,1.546094,-15.792655,-1.360589,0.134430793,-0.5975147465,0.0109168216
1.130355,4.790875,-16.415186,-10.271126,-0.0198818543,0.167663139,0.0864768075
1.131372,1.942385,-9.885797,-3.373265,-0.1763229519,0.8434461116,0.1098897609
1.132424,-2.450438,-1.208678,3.72154,-0.1827083028,0.680619663,0.0460362517
1.133471,-3.588873,-3.603026,4.523729,-0.0954418402,0.0750755506,-0.048679787
1.13452,-3.454374,-14.221962,7.778116,0.0492927807,-0.3899908415,-0.0635789391
1.135537,-3.154154,-19.896568,6.248194,0.2142476795,-0.6858454342,0.020494848
1.136587,-1.179906,-14.025626,1.747292,0.32173442,-0.8316442803,0.1003117345
1.137636,0.808753,-0.255727,-3.807984,0.1578437463,-0.6741389576,-0.0305879594
1.138685,-0.605884,-11.705502,3.197956,0.0897333365,-0.6858454342,-0.0518724624
1.139735,1.942385,-16.348144,-2.237232,0.0524854561,-0.4059542188,0.0258159738
1.140752,3.726894,-15.617868,-8.008666,-0.0879922642,0.3241042366,0.1088255358
1.141804,1.005698,-7.259196,-0.64006,-0.1880294286,0.8083266815,0.1237246879
1.142851,-2.58974,0.055539,2.210832,-0.1880294286,0.534820817,0.0375224505
1.1439,-3.351099,-7.280746,4.982465,-0.1177905685,-0.0930720237,-0.0508082373
1.144917,-3.101315,-16.003358,7.535538,0.0386505291,-0.5485603894,-0.0380375354
1.145967,-2.656989,-18.416861,5.177008,0.2046696531,-0.7518273938,0.0439078014
1.147016,-0.747588,-12.215498,2.568694,0.3110921685,-0.7975890754,0.1098897609
1.148065,1.361159,-0.061785,-4.473272,0.2706516126,-0.7496989435,0.0705134302
1.149082,1.041724,-2.092192,-3.85602,0.1248527666,-0.6922307852,-0.0284595091
1.150131,0.047395,-12.43099,2.261269,0.0641919328,-0.6060285477,-0.0412302109
1.151182,1.632558,-16.424763,-2.362123,0.0322651782,-0.2729260746,0.0332655499
1.15223,2.636494,-15.311391,-5.004062,-0.073093112,0.3432602893,0.1098897609
1.15328,0.117046,-6.167374,-0.894647,-0.1529099985,0.6891334643,0.1098897609
1.154299,-2.637775,-0.301219,2.102752,-0.1465246476,0.3581594415,0.0183663977
1.155346,-3.233412,-7.433984,4.410846,-0.0688362114,-0.2292928433,-0.0667716146
1.156395,-2.921183,-16.609128,6.149722,0.0673846083,-0.5932578459,-0.0454871115
1.157445,-2.106986,-19.937272,5.678976,0.2067981034,-0.7582127447,0.0630638542
1.158462,0.580586,-10.084528,-0.620846,0.2504313347,-0.7528916189,0.1354311646
1.159512,2.682128,3.433964,-7.235299,0.1472014948,-0.5538815152,0.0683849799
1.160561,0.047395,-1.893461,-1.52631,0.0312009531,-0.4495874501,-0.048679787
1.16161,-1.489733,-15.313785,4.466086,0.0407789794,-0.5017344827,-0.0380375354
1.162628,2.026447,-19.312347,-2.952957,0.0290725027,-0.2644122734,0.0662565296
1.163679,-0.360905,-3.535984,1.338992,-0.1539742237,0.5571695452,0.1226604628
1.164726,-2.681007,1.954257,3.075466,-0.1028914163,0.1878834169,-0.0007896551
1.165775,-3.007647,-8.655102,4.663031,-0.0156249537,-0.3357153587,-0.0891203428
1.166825,-3.531231,-20.38741,7.343397,0.1110178396,-0.6815885336,-0.0422944361
1.167842,-1.439296,-20.792055,3.618264,0.224889931,-0.82951583,0.0886052578
1.168892,2.115312,-6.998212,-2.631121,0.224889931,-0.6890381097,0.1386238401
1.169941,2.156142,4.999868,-5.991186,0.1025040383,-0.4283029471,0.0290086492
1.17099,-0.944533,-3.519224,0.344662,0.0312009531,-0.4804499796,-0.0965699189
1.172008,-1.21353,-17.542924,3.464551,0.0556781316,-0.6752031827,-0.0784780913
1.173058,1.99042,-22.707534,-4.559736,0.0163018009,-0.3740274642,0.0588069535
1.174106,2.655709,-13.767036,-3.615843,-0.0741573372,0.313461985,0.1631010186
1.175155,-0.382521,3.170586,0.347064,-0.1082125421,0.5465272937,0.1045686351
1.176176,-3.034066,1.161728,1.120432,-0.0890564893,0.1133876562,-0.0518724624
1.177223,-3.744988,-13.987316,5.979196,0.0141733506,-0.4016973182,-0.1029552698
1.178272,-3.375116,-21.953314,5.246659,0.1546510709,-0.7124510631,-0.0039823305
1.179321,-0.807633,-18.373763,1.043575,0.2153119046,-0.7975890754,0.1237246879
1.180339,1.834306,-2.166417,-3.803181,0.1748713488,-0.573037568,0.1343669395
1.181387,0.289973,4.441985,-3.697503,0.0737699592,-0.3921192918,0.006659921
1.182437,-1.770739,-7.809897,4.283552,0.0599350322,-0.5847440446,-0.0816707667
1.183486,0.458096,-20.392199,0.133307,0.0854764359,-0.6517902293,-0.0242026084
1.184535,3.479513,-23.263023,-5.731796,-0.0017900267,-0.0824297721,0.1184035621
1.185555,1.707012,-7.802714,-0.428705,-0.0922491648,0.5922889753,0.1822570714
1.186602,-2.243886,7.683933,0.825015,-0.1263043697,0.5678117968,0.0577427284
1.187651,-3.694551,-3.655702,3.591845,-0.0975702905,-0.0238973887,-0.0912487931
1.188701,-3.59848,-19.731358,7.124837,0.0248156021,-0.5655879919,-0.0827349919
1.189718,0.582988,-12.830846,1.106021,0.1950916267,-0.7784330226,0.1599083431
1.190767,1.884743,5.126769,-5.145766,0.1227243163,-0.4868353305,0.0949906088
1.191817,-0.966149,-0.344318,-0.978708,0.0365220788,-0.4868353305,-0.0497440121
1.192866,-1.585803,-15.816598,6.096883,0.0801553101,-0.8061028766,-0.0699642901
1.193884,2.893483,-20.12882,-3.767154,0.0748341844,-0.6741389576,0.0247517486
1.194933,4.481048,-17.35377,-6.267389,-0.0720288868,0.1197730071,0.1215962376
1.195982,0.602202,-2.635709,0.582437,-0.1635522501,0.6933903649,0.1184035621
1.197031,-3.029262,2.758758,1.396634,-0.1635522501,0.4060495734,-0.0093034563
1.19808,-3.821844,-9.655939,5.530067,-0.0837353635,-0.2782472004,-0.1093406207
1.199098,-3.564855,-19.116011,6.728546,0.0556781316,-0.7699192214,-0.0720927404
1.200147,-1.739516,-20.449663,4.235517,0.1652933224,-0.9902138282,0.0449720265
1.201196,1.277097,-7.781164,-0.368661,0.1940274016,-0.8880482134,0.1045686351
1.202246,1.327534,2.607914,-6.03682,0.0886691114,-0.6379553023,0.0268801989
1.203263,-1.806766,-6.663004,2.936164,0.0258798273,-0.7135152882,-0.0529366876
1.204313,-0.786017,-14.401538,4.353203,0.0833479856,-0.9146538423,-0.0263310588
1.205362,4.164015,-16.221243,-7.835739,0.00991645,-0.5081198336,0.0492289272
1.206411,3.957464,-13.676051,-6.293808,-0.1763229519,0.38263662,0.1120182112
1.207431,-0.800427,-2.932609,-0.037218,-0.2572040636,0.770014576,0.0949906088
1.208478,-3.226207,-2.053883,3.42132,-0.2050570311,0.3038839587,0.0077241462
1.209527,-3.09411,-10.991986,6.036839,-0.073093112,-0.3740274642,-0.0508082373
1.210576,-2.981227,-18.371368,5.470023,0.0780268598,-0.7805614729,-0.0124961318
1.211626,-1.691481,-18.31151,5.172204,0.2216972556,-0.9114611668,0.0907337082
1.212643,1.262686,-5.195268,-2.760816,0.252559785,-0.8050386515,0.1215962376
1.213692,1.71662,1.671724,-6.598832,0.134430793,-0.6475333287,0.0300728744
1.214741,-0.766803,-6.485822,2.789656,0.0801553101,-0.7145795134,-0.048679787
1.215791,4.010302,-18.888548,-8.565875,0.0056595494,-0.1590539832,0.1013759597
1.216808,3.282568,-10.484384,-7.187264,-0.1603595746,0.6465644581,0.1556514425
1.217857,-1.609821,-2.26698,0.923487,-0.2242130838,0.742344722,0.0939263836
1.218907,-3.850665,-5.00372,6.317845,-0.1380108464,0.1304152586,-0.0050465557
1.219956,-3.413544,-10.927339,6.930294,0.0194944764,-0.4421378741,-0.0454871115
1.220973,-3.319876,-16.89645,6.841429,0.1791282494,-0.7592769698,-0.0114319066
1.222022,-2.090173,-16.767155,3.841628,0.3015141421,-0.9391310208,0.0588069535
1.223072,0.777531,-6.696525,-2.681558,0.3025783672,-0.933809895,0.075834556
1.224121,1.113777,0.074693,-3.31082,0.1940274016,-0.8369654061,-0.0018538802
1.225173,-0.95414,-5.583152,2.873718,0.120595866,-0.8646352601,-0.0720927404
1.226188,0.43648,-15.172519,0.385492,0.079091085,-0.7390566919,-0.03484486
1.227237,3.657243,-17.435178,-8.767623,-0.0624508605,-0.0387965408,0.0609354038
1.228287,2.03125,-11.542686,-4.831135,-0.2284699844,0.6827481134,0.1003117345
1.229336,-2.080566,-2.187966,3.964118,-0.2540113881,0.590160525,0.0407151259
1.230353,-3.509615,-1.903039,4.574166,-0.1816440777,-0.0600810439,-0.0657073894
1.231403,-3.668131,-13.09183,7.809339,-0.0464874832,-0.5921936207,-0.1029552698
1.232452,-3.648917,-20.468818,8.400173,0.1450730445,-0.8816628625,-0.0167530324
1.233501,-1.410475,-14.104639,1.90821,0.2770369635,-1.0061772055,0.0854125824
1.234519,1.428408,-0.550232,-3.834404,0.2568166856,-0.9646724245,0.0673207548
1.235568,0.587791,-0.344318,-4.084187,0.1376234684,-0.884855538,-0.0359090851
1.236618,-0.240817,-11.389448,2.46782,0.0907975617,-0.8742132864,-0.0593220385
1.237667,2.593263,-15.165336,-2.789637,0.0535496813,-0.586872495,0.0151737222
1.238716,3.871,-14.459003,-9.644266,-0.1092767672,0.1783053905,0.0864768075
1.239734,0.767923,-9.720587,-0.904254,-0.2220846335,0.742344722,0.1120182112
1.240783,-2.709828,-0.871074,2.429392,-0.2029285807,0.5305639164,0.0513573775
1.241832,-3.608087,-15.136603,8.131175,-0.0007258016,-0.6241203753,-0.0635789391
1.242881,-3.341492,-20.320368,5.957581,0.1706144482,-0.9210391932,0.0268801989
1.243899,-1.0358,-13.582671,2.883325,0.3004499169,-1.0189479073,0.1130824364
1.244948,1.865529,1.628626,-3.923269,0.2812938642,-0.9508374975,0.0726418805
1.245997,1.548496,0.948631,-5.993588,0.1301738923,-0.8518645582,-0.0529366876
1.247049,-0.413744,-13.012816,2.143582,0.0567423567,-0.8082313269,-0.0816707667
1.248064,1.368364,-18.579677,-0.861022,0.0429074297,-0.531532787,0.0109168216
1.249114,3.481915,-16.506171,-5.746206,-0.0507443838,0.1229656825,0.1003117345
1.250163,0.868797,-5.954277,-0.733729,-0.1348181709,0.5539768698,0.0971190591
1.251212,-2.625766,1.235952,1.644016,-0.1465246476,0.2879205814,-0.0029181054
1.25223,-3.492803,-7.108353,4.602987,-0.0826711384,-0.3059170544,-0.0891203428
1.253279,-3.17577,-16.024907,6.704529,0.0524854561,-0.7358640165,-0.0678358397
1.254328,-2.056549,-18.242074,5.042509,0.1897705009,-0.9455163717,0.0236875235
1.255377,0.357222,-11.837191,0.793792,0.2621378114,-0.9657366497,0.0864768075
1.256429,1.983215,-0.696287,-6.156908,0.1950916267,-0.8220662539,0.048164702
1.257444,0.390847,-1.519943,-2.085921,0.0758984095,-0.7177721889,-0.0422944361
1.258494,-0.834052,-10.589735,3.406909,0.0599350322,-0.6964876858,-0.0550651379
1.259543,1.481247,-16.65462,-3.197937,0.037586304,-0.4421378741,0.0162379474
1.260592,2.60287,-16.628283,-5.097731,-0.073093112,0.1197730071,0.1056328603
1.26161,-0.132737,-6.706102,0.916282,-0.12843282,0.396471547,0.1205320125
1.262659,-2.524892,-0.131221,2.635944,-0.0911849396,0.043148796,0.0268801989
1.263708,-2.981227,-7.242436,3.755165,-0.0081753776,-0.4687435029,-0.062514714
1.264758,-2.748256,-16.259553,5.803868,0.1195316408,-0.7720476717,-0.048679787
1.265775,-0.812436,-19.28601,3.092278,0.2312752819,-0.9210391932,0.0407151259
1.266824,1.781467,-10.850719,-1.81212,0.2323395071,-0.8273873797,0.0939263836
1.267873,-1.215932,-2.506415,1.120432,0.0822837604,-0.5506888397,-0.0614504888
1.268925,-0.822043,-11.674375,2.37175,0.086540661,-0.6805243085,-0.0806065416
1.269972,1.719021,-19.245306,-4.350783,0.0194944764,-0.4091468943,0.0013387952
1.27099,1.406792,-17.507009,-1.744871,-0.0656435359,0.1187087819,0.1013759597
1.272039,-1.122263,-3.133734,2.501445,-0.0581939599,0.2049110194,0.0981832842
1.273088,-2.373581,2.62228,1.009951,-0.0198818543,-0.2186505918,-0.0316521845
1.274137,-2.676203,-8.425244,4.086608,0.0407789794,-0.6592398054,-0.117854422
1.275155,-2.6714,-20.952476,5.486835,0.1503941703,-0.9231676435,-0.0497440121
1.276204,0.222723,-21.132052,0.70973,0.2121192292,-0.940195246,0.0917979333
1.277253,2.797412,-5.767517,-4.151436,0.1589079715,-0.6134781238,0.1322384891
1.278305,0.43648,4.437196,-2.933743,0.051421231,-0.3772201397,0.0173021725
1.27932,-2.063754,-4.417105,3.490971,0.0397147543,-0.6134781238,-0.090184568
1.280369,-0.055881,-16.295468,0.238985,0.0705772837,-0.7933321748,-0.0710285152
1.281419,2.588459,-22.719505,-5.030481,0.0067237745,-0.3687063385,0.0534858278
1.282468,1.135393,-15.038435,0.91388,-0.0411663574,0.2155532709,0.1620367934
1.283517,-1.612223,3.783539,1.740086,-0.0305241059,0.2389662243,0.1066970855
1.284535,-2.714632,2.686928,1.396634,-0.0198818543,-0.2644122734,-0.0540009127
1.285584,-3.593677,-13.376757,6.334657,0.0567423567,-0.7677907711,-0.1104048459
1.286633,-2.623365,-24.005271,3.786388,0.1663575476,-1.023204808,0.0013387952
1.287684,1.584523,-19.815161,-0.764952,0.1908347261,-0.884855538,0.1482018664
1.2887,2.833439,0.453,-4.804716,0.1025040383,-0.407018444,0.1407522904
1.289749,-1.074228,4.458746,-1.269322,0.0003384236,-0.296339028,-0.007175006
1.290801,-2.755462,-10.00312,6.69252,0.0301367279,-0.7475704932,-0.0923130183
1.291848,-0.135139,-19.415304,0.241387,0.086540661,-0.9529659478,-0.0412302109
1.292865,3.385844,-20.911772,-4.929607,0.0269440524,-0.4432020992,0.0811556818
1.293915,-2.020522,2.600731,0.032433,-0.1199190188,0.3294253623,0.0428435762
1.294964,-3.769005,-4.517667,6.200159,-0.059258185,-0.2814398759,-0.0774138661
1.296014,-3.982762,-14.997731,5.996009,0.065256158,-0.8731490613,-0.0944414686
1.297063,-2.707426,-21.218249,3.959314,0.1716786733,-1.0913152178,0.0141094971
1.29808,2.009635,-13.015211,-0.656872,0.2099907789,-0.8656994852,0.1226604628
1.299129,3.126454,2.078763,-8.159977,0.086540661,-0.4357525231,0.0694492051
1.300181,-1.434492,-3.10979,0.961915,-0.0188176292,-0.4666150526,-0.0422944361
1.301228,-3.47599,-13.889148,7.487503,0.0609992574,-0.9146538423,-0.0540009127
1.302245,0.364427,-17.138279,-1.737665,0.1056967138,-0.9721220006,0.020494848
1.303295,4.927776,-15.653783,-6.31062,-0.003918477,-0.3389080342,0.10350441
1.304344,2.843046,-5.142592,-4.530915,-0.1390750715,0.333682263,0.0960548339
1.305393,-2.678605,-1.665998,2.431794,-0.1741945016,0.2379019991,0.006659921
1.306411,-3.651319,-7.793136,7.220908,-0.0656435359,-0.4187249207,-0.0635789391
1.30746,-2.865943,-15.122237,5.462818,0.0822837604,-0.8752775116,-0.0550651379
1.30851,-1.787551,-20.363466,5.01609,0.2067981034,-0.9710577754,0.0460362517
1.309559,1.666183,-9.34228,-3.125884,0.2302110568,-0.801845976,0.1215962376
1.310576,2.110509,1.470599,-7.545126,0.0971829126,-0.5677164422,0.048164702
1.311625,-1.698686,-5.228789,3.553417,0.0354578537,-0.677331633,-0.0465513367
1.312677,-1.991701,-13.362391,5.503648,0.1216600911,-0.9731862257,-0.0359090851
1.313724,2.067277,-17.334615,-4.247507,0.120595866,-0.7763045723,0.0449720265
1.314773,4.329737,-14.351257,-9.252779,-0.0390379071,-0.0228331635,0.1109539861
1.315791,1.120983,-5.382027,-3.013001,-0.183772528,0.451811255,0.0875410327
1.31684,-3.144547,-2.257402,5.938367,-0.1635522501,0.1155161065,0.0013387952
1.317889,-3.641712,-7.13469,6.015223,-0.031588331,-0.4868353305,-0.0657073894
1.318939,-3.29826,-16.580396,6.507584,0.1163389653,-0.8422865318,-0.0433586612
1.319956,1.368364,-8.408484,-4.968035,0.2504313347,-0.9008189153,0.1152108867
1.321006,1.951992,-0.124038,-5.359523,0.1216600911,-0.6815885336,0.0460362517
1.322057,-1.864408,-4.34288,3.325249,0.0609992574,-0.7763045723,-0.0422944361
1.323104,-1.472921,-13.039154,4.518925,0.1035682635,-1.0114983313,-0.0412302109
1.324121,2.843046,-17.609966,-4.907991,0.065256158,-0.6783958582,0.0396509008
1.32517,3.722091,-13.908303,-8.952559,-0.1177905685,0.1421217353,0.1077613106
1.326219,0.114644,-4.481752,0.224574,-0.2242130838,0.4997013869,0.0843483572
1.327269,-3.403937,-1.385859,5.640548,-0.1752587268,0.0527268224,-0.0124961318
1.328318,-3.790621,-9.569743,6.637279,-0.0560655095,-0.5677164422,-0.0816707667
1.329336,-3.387125,-18.436016,8.037507,0.1088893893,-0.9348741202,-0.0412302109
1.330385,-1.972487,-17.238842,3.526997,0.2557524605,-1.0796087411,0.0556142781
1.331434,0.993689,-5.516111,-2.631121,0.2738442881,-1.0083056558,0.0843483572
1.332483,0.81836,0.962997,-4.15624,0.1642290973,-0.8805986374,0.0013387952
1.333501,-1.444099,-7.357365,3.137912,0.106760939,-0.9923422785,-0.0646431643
1.334552,0.863994,-14.171681,1.041173,0.0982471377,-1.0200121325,-0.0273952839
1.335599,4.572315,-15.519699,-10.386411,-0.0496801586,-0.4059542188,0.0449720265
1.336649,2.542826,-13.692811,-3.961697,-0.2188919581,0.3922146464,0.1013759597
1.337666,-1.972487,-2.853595,2.921753,-0.2380480108,0.4837380096,0.0790272315
1.338716,-3.430357,-0.847131,1.968254,-0.1795156274,-0.0685948451,-0.021009933
1.339765,-3.307867,-10.850719,6.766974,-0.0635150856,-0.635826852,-0.0667716146
1.340814,-3.408741,-17.923625,5.654959,0.0950544623,-0.9827642521,-0.0050465557
1.341863,-2.243886,-18.524607,3.563024,0.2376606329,-1.1647467534,0.0971190591
1.34288,0.724692,-4.807384,0.178941,0.2983214666,-1.1924166074,0.1215962376
1.343932,2.132124,3.436359,-7.01914,0.1865778255,-1.1072785951,0.0173021725
1.344979,0.482114,-8.078064,-0.712113,0.0567423567,-1.0040487552,-0.0635789391
1.346028,2.835841,-17.77757,-5.097731,-0.0720288868,-0.1920449629,0.0854125824
1.347046,1.932778,-11.976063,-0.935477,-0.1550384488,0.327296912,0.1226604628
1.348095,-1.693883,-0.598119,1.021959,-0.1710018261,0.2666360783,0.0556142781
1.349144,-2.954808,-1.958109,3.09468,-0.1380108464,-0.2665407237,-0.0603862637
1.350194,-2.974022,-12.342399,6.574833,-0.0305241059,-0.7539558441,-0.0965699189
1.351211,-2.853934,-19.271643,5.693387,0.1120820647,-1.0114983313,-0.0199457078
1.35226,-1.100647,-16.906027,4.367614,0.2376606329,-1.1083428202,0.0886052578
1.353309,1.695004,-2.939792,-3.181124,0.2355321826,-1.0466177613,0.1013759597
1.354359,2.03125,2.411578,-6.88224,0.0822837604,-0.8731490613,0.0002745701
1.355408,-0.317673,-8.511441,0.885059,-0.0134965034,-0.7496989435,-0.0571935882
1.356428,-0.007846,-17.152645,1.44467,-0.003918477,-0.6305057263,0.0045314707
1.357475,2.319462,-17.655458,-4.324363,-0.0507443838,-0.2750545249,0.1024401848
1.358524,1.332338,-9.234534,-2.083519,-0.1305612703,0.1016811795,0.1354311646
1.359574,-1.713097,0.187228,1.920218,-0.1316254955,0.0090935911,0.061999629
1.360591,-2.913978,-4.474569,3.01302,-0.0667077611,-0.462358152,-0.0412302109
1.36164,-2.673802,-14.925901,5.333122,0.0407789794,-0.8678279355,-0.0571935882
1.36269,-1.710695,-19.90854,5.306703,0.1610364218,-1.0838656417,0.0290086492
1.363739,0.895217,-13.915486,-0.447919,0.1982843022,-1.044489311,0.1130824364
1.364756,2.413131,-0.806427,-5.659743,0.1088893893,-0.7337355662,0.0875410327
1.365808,-0.055881,0.151312,-1.139627,0.0045953242,-0.5826155943,-0.0178172575
1.366855,-1.746722,-9.969599,4.10342,0.0003384236,-0.788011049,-0.062514714
1.367904,0.575782,-18.538973,-1.461463,-0.003918477,-0.7794972478,0.0013387952
1.368954,2.367497,-18.910097,-3.956894,-0.0837353635,-0.2569626973,0.1109539861
1.369971,0.225125,-6.081177,0.95471,-0.1252401445,0.1240299077,0.1386238401
1.37102,-2.363974,2.911996,1.896201,-0.1156621181,-0.130319904,0.0300728744
1.37207,-3.267037,-18.127145,6.087276,0.0535496813,-0.9859569276,-0.0540009127
1.373119,-1.25436,-22.51838,2.902539,0.1450730445,-1.0945078932,0.075834556
1.374136,1.947189,-11.068605,-1.862557,0.1365592433,-0.8688921607,0.1599083431
1.375187,1.548496,5.598456,-4.530915,0.0269440524,-0.5560099655,0.0726418805
1.376235,-1.593009,-0.387416,1.473491,-0.0358452316,-0.6698820569,-0.0742211907
1.378304,1.932778,-23.38274,-4.720654,-0.0209460795,-0.7688549962,0.0322013247
1.377284,-1.275976,-16.173356,3.733549,0.0035310991,-0.981700027,-0.090184568
1.379351,2.353086,-18.179821,-3.051429,-0.1082125421,-0.0962646991,0.1609725683
1.3804,-0.264834,0.824124,1.567159,-0.1337539458,0.2166174961,0.1407522904
1.382467,-3.574463,-8.789185,5.496442,-0.0603224102,-0.7411851422,-0.125303998
1.381449,-2.563321,5.56254,0.707329,-0.12843282,-0.1686320096,-0.0231383833
1.383516,-3.58407,-21.167968,5.388363,0.0705772837,-1.0881225423,-0.0529366876
1.384565,-0.20479,-23.294149,0.342261,0.1408161439,-1.1040859196,0.1088255358
1.385615,2.915099,-6.425963,-3.872832,0.100375588,-0.7433135925,0.1737432701
1.386664,0.25875,5.960002,-3.827198,-0.0156249537,-0.4996060324,0.0556142781
1.387684,-2.738649,-5.571181,5.213034,-0.0283956555,-0.8135524527,-0.0614504888
1.388731,-0.483395,-16.45589,2.729612,0.0386505291,-1.1253704227,-0.0465513367
1.38978,3.316193,-20.320368,-5.885509,-0.0209460795,-0.7496989435,0.0577427284
1.390829,2.624486,-14.389567,-2.880904,-0.1337539458,0.0335707696,0.1482018664
1.391846,-1.1727,1.288628,-0.075646,-0.1752587268,0.2932417071,0.0949906088
1.392896,-3.223805,-0.231783,3.392499,-0.1486530979,-0.2633480482,-0.0497440121
1.393945,-3.805032,-12.902676,7.023963,-0.0486159335,-0.9561586233,-0.1146617465
1.394994,-3.098914,-21.304445,5.409979,0.0801553101,-1.2775546197,-0.0295237342
1.396012,0.64063,-18.416861,2.499043,0.1578437463,-1.1721963295,0.1162751118
1.397062,3.335407,0.113003,-6.041623,0.0876048862,-0.7592769698,0.1237246879
1.398111,-3.358304,-11.288885,7.340996,-0.0220103046,-0.9997918546,-0.0731569655
1.39916,-0.533832,-18.483903,0.719337,0.0503570058,-1.1860312565,-0.0007896551
1.400209,4.764456,-18.42165,-6.956695,-0.0347810065,-0.5975147465,0.1152108867
1.401226,3.837376,-6.569624,-5.052097,-0.1816440777,0.2347093237,0.1482018664
1.402276,-1.941264,1.628626,-0.178922,-0.252947163,0.3241042366,0.0502931523
1.403325,-4.162894,-7.196943,6.514789,-0.1805798525,-0.3303942329,-0.048679787
1.404375,-3.531231,-16.027301,6.661297,-0.0230745298,-0.933809895,-0.0465513367
1.405392,-2.395197,-18.80714,5.023295,0.120595866,-1.1753890049,0.0396509008
1.406441,0.424471,-11.949725,0.183744,0.1865778255,-1.1051501448,0.1130824364
1.40749,2.069679,-0.471218,-6.425905,0.1046324887,-0.8678279355,0.075834556
1.40854,-0.778811,-2.877539,0.16453,0.0152375758,-0.8795344122,-0.0167530324
1.409559,-1.96288,-11.303251,5.510853,0.0599350322,-1.1349484491,-0.03484486
1.410606,2.254614,-16.240398,-3.476541,0.051421231,-0.9689293251,0.0279444241
1.411655,4.569913,-16.424763,-9.005398,-0.1167263433,-0.1973660887,0.10350441
1.412705,0.883208,-7.489054,-2.655138,-0.2550756133,0.3517740906,0.10350441
1.413754,-3.163761,-1.699519,4.425256,-0.239112236,0.0740113255,0.0247517486
1.414771,-3.430357,-6.227232,5.866314,-0.1263043697,-0.5474961643,-0.0529366876
1.415821,-3.055682,-14.822944,6.534004,0.0152375758,-0.9604155239,-0.0454871115
1.41687,-2.774676,-19.57812,5.777448,0.1631648721,-1.1753890049,0.0449720265
1.417919,0.071412,-10.580158,-1.329366,0.224889931,-1.1934808325,0.1045686351
1.418937,2.26182,0.321311,-5.835072,0.134430793,-1.0263974834,0.0492289272
1.419986,-0.61309,-2.92782,1.038772,0.0386505291,-1.0083056558,-0.0422944361
1.421035,-1.412877,-12.270568,4.422855,0.0503570058,-1.1487833761,-0.0412302109
1.422085,3.133659,-18.05292,-5.116945,0.0077879997,-0.8263231545,0.0396509008
1.4252,-3.548043,-5.971037,6.216971,-0.1337539458,-0.6177350244,-0.0710285152
1.424151,-3.495204,-0.638823,5.047313,-0.246561812,-0.0217689384,0.0034672456
1.42625,-3.391929,-15.957865,7.749295,0.0258798273,-1.009369881,-0.0518724624
1.423102,4.25288,-15.706458,-9.07745,-0.1720660513,0.0005797899,0.1056328603
1.427301,-2.868344,-19.515867,4.915216,0.1844493752,-1.2392425141,0.0449720265
1.428316,0.210715,-10.81241,-1.411026,0.2429817586,-1.2541416663,0.1077613106
1.429366,2.148937,0.826519,-5.844679,0.155715296,-1.0902509926,0.0439078014
1.430415,-0.396931,-2.527964,0.147718,0.0556781316,-1.0764160656,-0.0593220385
1.431464,-0.480993,-13.079858,3.589443,0.0429074297,-1.1658109785,-0.0561293631
1.432482,3.275363,-17.480671,-6.80058,-0.0294598807,-0.7560842944,0.0311370995
1.433531,3.505932,-15.318574,-7.379405,-0.197607455,0.0921031531,0.1141466615
1.434581,-0.209594,-3.79218,0.788988,-0.2752958912,0.4475543544,0.1088255358
1.43563,-3.42075,0.792998,3.010618,-0.2433691366,-0.0026128856,-0.0007896551
1.436647,-3.997173,-10.340723,7.324183,-0.1358823961,-0.6454048784,-0.0742211907
1.437696,-3.536034,-18.028977,7.6196,0.037586304,-1.072159165,-0.0252668336
1.438746,-2.366376,-17.787147,3.623068,0.1865778255,-1.293517997,0.0683849799
1.439795,0.470105,-8.647919,0.022826,0.2493671096,-1.2945822221,0.1056328603
1.440812,1.968805,1.911159,-5.707778,0.169550223,-1.1913523822,0.0268801989
1.441861,0.107439,-4.041192,-0.661676,0.0556781316,-1.2158295608,-0.0720927404
1.442911,0.148269,-14.334497,1.968254,0.0280082776,-1.1519760515,-0.0529366876
1.44396,3.320997,-18.079258,-6.281799,-0.0432948077,-0.5762302434,0.0449720265
1.445009,2.76619,-15.182096,-4.158642,-0.1710018261,0.2102321451,0.1258531382
1.446027,-1.189513,-2.978101,1.574365,-0.2220846335,0.4007284476,0.1013759597
1.447076,-3.041271,0.912715,2.614328,-0.1954790047,-0.1388337053,-0.021009933
1.448125,-3.454374,-9.722981,5.630941,-0.1039556415,-0.7677907711,-0.1050837201
1.449177,-3.550445,-19.796006,6.762171,0.0535496813,-1.1221777472,-0.0540009127
1.450192,0.991287,-4.984565,-1.641595,0.2536240102,-1.2818115203,0.1077613106
1.451241,2.081687,3.841004,-7.369798,0.1184674157,-1.1647467534,0.0077241462
1.45229,-0.344092,-5.858503,0.474358,0.0067237745,-1.0966363436,-0.0752854158
1.45334,-0.502609,-15.914767,2.664765,0.0045953242,-0.9848927024,-0.0252668336
1.454357,2.900688,-18.833478,-5.241836,-0.0539370592,-0.5336612373,0.0779630063
1.455407,2.437148,-12.76141,-3.743137,-0.1667449255,0.0474056966,0.1279815885
1.456456,-1.605018,-2.132896,1.946638,-0.2029285807,0.1101949807,0.0790272315
1.457505,-3.05328,-1.426563,3.481364,-0.1550384488,-0.3814770403,-0.0316521845
1.458557,-2.822711,-10.2234,4.876788,-0.0550012844,-0.8688921607,-0.0923130183
1.459572,-2.856336,-19.068124,6.20256,0.0780268598,-1.1541045019,-0.0401659857
1.460621,-1.11746,-18.297144,3.310839,0.1940274016,-1.2945822221,0.0662565296
1.46167,1.819895,-5.575969,-3.613442,0.1929631764,-1.1881597068,0.0949906088
1.46272,1.822297,2.117073,-5.359523,0.0705772837,-0.9327456699,0.0024030204
1.463737,-0.716366,-5.128226,1.58157,-0.0007258016,-0.8805986374,-0.076349641
1.464786,-0.476189,-15.886035,2.054717,-0.0017900267,-0.9189107429,-0.0422944361
1.465836,1.743039,-20.720224,-3.913662,-0.0518086089,-0.5794229189,0.0715776554
1.467902,-1.316806,1.494542,1.559954,-0.1167263433,-0.0781728715,0.075834556
1.466885,1.214651,-12.390286,-1.473471,-0.1071483169,-0.074980196,0.1418165155
1.468951,-2.839523,-0.942905,1.886594,-0.100762966,-0.5602668661,-0.0508082373
1.470001,-3.118128,-14.006471,5.299498,-0.0071111525,-0.9848927024,-0.0869918925
1.471052,-2.308734,-21.816836,4.706263,0.1248527666,-1.2179580111,0.0077241462
1.472099,0.549363,-15.581952,-0.4215,0.1652933224,-1.224343362,0.1162751118
1.473117,2.232998,0.687647,-5.285068,0.0854764359,-0.9242318687,0.0949906088
1.474166,-0.296057,1.35567,-1.658407,-0.0071111525,-0.7656623208,-0.0263310588
1.475215,-1.480126,-11.861135,4.908011,0.0035310991,-1.0114983313,-0.0720927404
1.476265,2.638896,-18.541367,-4.321961,-0.0741573372,-0.4442663244,0.1120182112
1.477282,0.561372,-5.772306,1.343796,-0.114597893,0.0537910475,0.1407522904
1.478331,-1.998907,4.669448,0.976326,-0.1156621181,-0.1558613077,0.020494848
1.47938,-3.05328,-5.212028,3.325249,-0.0890564893,-0.7252217649,-0.104019495
1.480432,-3.569659,-19.001082,6.077669,0.0226871518,-1.1445264755,-0.083799217
1.481447,-1.271173,-22.920631,1.792925,0.128045442,-1.2850041958,0.0534858278
1.482496,2.249811,-12.287329,-2.162777,0.1248527666,-1.0487462116,0.1503303168
1.483545,1.056135,4.058889,-4.064973,0.0216229267,-0.6932950103,0.0822199069
1.484594,-2.267904,-0.121643,2.24926,-0.0241387549,-0.8050386515,-0.0454871115
1.485644,-1.223137,-13.144505,4.189884,0.0322651782,-1.169003654,-0.0742211907
1.486661,2.232998,-20.73459,-4.737466,0.0024668739,-1.016819457,0.0130452719
1.48771,2.934313,-19.537416,-3.176321,-0.0943776151,-0.3154950808,0.131174264
1.488759,0.251545,-1.809659,0.440733,-0.1220474691,0.1197730071,0.1247889131
1.48981,-2.736248,3.630301,0.580035,-0.1167263433,-0.227164393,-0.0231383833
1.490826,-3.96595,-9.493124,6.135311,-0.0443590329,-0.8827270877,-0.1221113226
1.491875,-3.968352,-19.185447,5.719806,0.0758984095,-1.3030960234,-0.0646431643
1.492927,-0.699553,-20.543043,1.879388,0.1386876936,-1.3616284068,0.0768987812
1.493973,3.186498,-6.763566,-3.630254,0.1046324887,-1.0072414306,0.1354311646
1.494991,1.024912,2.540872,-5.239435,-0.0145607286,-0.6794600833,0.0407151259
1.49604,-2.673802,-6.701313,4.982465,-0.0401021322,-0.919974968,-0.0508082373
1.49709,-1.182307,-14.794212,4.213901,0.0397147543,-1.2807472951,-0.0391017606
1.498139,2.886278,-18.062497,-3.954492,0.0184302512,-0.9859569276,0.0439078014
1.499188,3.875804,-12.632115,-4.540522,-0.0996987408,-0.1867238372,0.1162751118
1.500206,0.04019,-1.558252,-2.378936,-0.2029285807,0.1868191918,0.0715776554
1.502307,-2.772274,-18.505452,4.946439,0.0609992574,-1.3360870031,-0.0242026084
1.501255,-3.6249,-3.603026,4.888796,-0.1965432298,-0.2846325513,-0.0295237342
1.503353,-0.567456,-18.313904,3.428525,0.162100647,-1.2871326461,0.0971190591
1.504371,2.429943,-3.188804,-6.195336,0.1269812169,-0.9763789012,0.1247889131
1.50542,0.707879,1.753132,-4.367595,-0.0028542519,-0.8550572337,0.0130452719
1.50647,-2.63057,-7.263985,6.690118,0.0067237745,-1.1498476012,-0.0646431643
1.507518,-0.413744,-16.410397,1.139646,0.0695130586,-1.2977748976,-0.0178172575
1.508536,4.060739,-20.559803,-7.175255,-0.0071111525,-0.7528916189,0.0981832842
1.509585,3.544361,-9.849882,-7.694035,-0.1741945016,0.0814609015,0.1545872174
1.510634,-1.218334,0.579901,-0.39508,-0.2646536397,0.2315166482,0.0790272315
1.511686,-3.992369,-3.840067,6.752564,-0.2008001304,-0.4006330931,-0.0316521845
1.512701,-4.025994,-13.295349,6.531602,-0.0581939599,-1.0114983313,-0.0593220385
1.51375,-3.204591,-20.641211,7.290559,0.1025040383,-1.2871326461,0.0215590732
1.514802,-0.615492,-15.344912,2.073931,0.2195688053,-1.3605641817,0.1152108867
1.515849,2.122517,-1.522337,-6.476342,0.1642290973,-1.2445636399,0.0907337082
1.516898,0.50373,-0.131221,-2.085921,0.0461001052,-1.1434622503,-0.0188814827
1.517916,-1.910041,-8.975944,5.349935,0.0535496813,-1.2764903945,-0.062514714
1.518965,1.058537,-16.139836,-1.074779,0.0567423567,-1.196673508,0.0002745701
1.520014,4.32013,-17.624332,-9.673087,-0.0901207145,-0.4687435029,0.0928621585
1.521064,1.589326,-10.616073,-3.795976,-0.2380480108,0.2293881979,0.1269173634
1.522081,-2.652186,-1.249381,3.848833,-0.2423049114,0.0963600537,0.061999629
1.52313,-3.548043,-2.1736,4.418051,-0.1646164752,-0.5081198336,-0.0422944361
1.524182,-3.334286,-12.68479,7.40104,-0.0422305825,-0.9636081993,-0.0689000649
1.525229,-3.149351,-20.478395,6.656493,0.1195316408,-1.2605270172,0.0151737222
1.526246,-0.982961,-15.586741,0.529598,0.2206330304,-1.4095185387,0.1066970855
1.527296,1.848716,-1.658815,-4.045759,0.1865778255,-1.3052244737,0.0907337082
1.528344,-1.146281,-9.96481,3.678308,0.0173660261,-1.2871326461,-0.0518724624
1.529394,2.151338,-16.625888,-2.052296,-0.0092396028,-1.0604526883,0.0226232983
1.530443,4.408995,-16.470256,-9.163914,-0.1571668991,-0.268669174,0.1045686351
1.531461,1.077751,-8.528201,-0.51757,-0.2731674409,0.285792131,0.1247889131
1.53251,-3.082101,0.01244,2.928959,-0.2678463151,0.0367634451,0.0471004769
1.533561,-3.641712,-5.556815,4.422855,-0.1890936538,-0.594322071,-0.0508082373
1.534608,-3.235814,-15.637022,7.989471,-0.0401021322,-1.1157923963,-0.0518724624
1.535625,-2.990834,-18.905308,5.323515,0.1174031905,-1.3999405123,0.0353940002
1.536677,-0.891694,-12.488454,3.140314,0.2334037322,-1.4786931737,0.1109539861
1.537724,1.795878,0.658914,-3.805583,0.2067981034,-1.4137754393,0.0726418805
1.538773,1.10417,-1.534309,-4.706243,0.0535496813,-1.307352924,-0.0295237342
1.539791,-0.279245,-13.067886,3.238786,-0.0092396028,-1.2083799847,-0.0369733103
1.54084,1.882341,-15.926738,-2.852083,-0.0422305825,-0.8965620147,0.0375224505
1.541889,3.06641,-15.93871,-6.565207,-0.1752587268,-0.2633480482,0.1066970855
1.542938,0.251545,-7.7237,0.039639,-0.2561398384,0.1506355365,0.117339337
1.543987,-2.570526,0.840885,1.740086,-0.2433691366,-0.130319904,0.0290086492
1.545005,-3.267037,-5.66456,4.418051,-0.1773871771,-0.7614054202,-0.0742211907
1.546057,-3.39433,-16.592367,6.428326,-0.0422305825,-1.2168937859,-0.0646431643
1.547103,-2.390394,-21.474444,5.86151,0.1237885414,-1.4127112142,0.0513573775
1.548153,0.486917,-11.667192,1.0772,0.2185045801,-1.4010047375,0.1396880652
1.54917,2.485183,3.2496,-7.276129,0.1365592433,-1.2509489908,0.0811556818
1.550219,0.496524,-0.739385,-2.395748,-0.0060469273,-1.1700678792,-0.0401659857
1.551269,-1.1727,-13.508446,3.793593,-0.0230745298,-1.1477191509,-0.0412302109
1.552318,1.63496,-18.840661,-2.830467,-0.0369094568,-0.8444149821,0.0598711787
1.553335,3.061606,-16.14223,-5.092927,-0.1454604225,-0.254834247,0.1471376413
1.554385,-2.604151,1.451444,2.657559,-0.2018643556,-0.3538071863,0.0226232983
1.555436,-3.110922,-8.774819,4.454078,-0.1231116942,-0.9061400411,-0.0657073894
1.556483,-2.954808,-19.001082,6.514789,0.0173660261,-1.2413709645,-0.0284595091
1.557532,-1.07663,-19.171081,4.502113,0.1525226206,-1.3743991087,0.0822199069
1.558553,1.769458,-8.252851,-2.27566,0.1599721966,-1.2850041958,0.1269173634
1.559599,1.805485,1.870455,-5.760617,0.0450358801,-1.0561957877,0.0471004769
1.560648,-0.946935,-3.653307,1.045977,-0.0209460795,-1.0285259337,-0.0497440121
1.561697,-0.786017,-13.625769,2.780049,-0.0071111525,-1.1253704227,-0.0454871115
1.562714,1.964001,-19.46798,-4.86476,-0.0645793108,-0.8454792073,0.0492289272
1.563764,1.841511,-15.933922,-3.022608,-0.1624880249,-0.2878252268,0.1407522904
1.564814,-1.018988,-1.685153,1.768907,-0.1859009783,-0.1398979304,0.1215962376
1.565862,-2.683409,2.002144,1.792925,-0.1539742237,-0.5570741907,-0.0061107808
1.56688,-2.990834,-9.021437,4.759101,-0.0677719862,-1.0274617086,-0.0848634422
1.567931,-3.089307,-20.854308,5.681378,0.0631277077,-1.3158667252,-0.0231383833
1.568978,-0.622697,-22.058665,2.018691,0.1503941703,-1.4127112142,0.117339337
1.570027,2.427541,-5.724419,-3.493353,0.1195316408,-1.1721963295,0.1716148198
1.571045,1.214651,6.362253,-4.331568,-0.0060469273,-0.8880482134,0.0545500529
1.572094,-1.650651,-3.569505,3.092278,-0.0539370592,-1.023204808,-0.0689000649
1.573144,-0.509814,-17.911653,1.7593,-0.0230745298,-1.2158295608,-0.0476155618
1.574192,2.619682,-24.017242,-5.544458,-0.0816069132,-0.8210020288,0.0917979333
1.575242,1.913564,-13.676051,-1.920199,-0.169937601,-0.1398979304,0.1960919984
1.576259,-1.424885,5.555357,1.711265,-0.1954790047,-0.0175120377,0.1237246879
1.577311,-3.336688,1.968623,2.981797,-0.1678091507,-0.5304685618,-0.0444228864
1.578358,-3.903504,-15.471812,6.615663,-0.0656435359,-1.099829019,-0.0955056937
1.579407,-3.09411,-23.938229,5.333122,0.0695130586,-1.4190965651,0.0236875235
1.580427,0.405257,-18.165454,0.738551,0.1323023427,-1.3829129099,0.1673579192
1.581474,-0.54584,4.434802,-1.696835,-0.0464874832,-0.9572228484,0.0055956959
1.582523,-2.443233,-10.716636,5.676574,-0.0305241059,-1.2999033479,-0.0710285152
1.583572,1.433212,-19.372206,-2.475006,-0.0230745298,-1.3360870031,-0.0082392311
1.584589,4.74284,-20.885434,-7.480279,-0.1507815482,-0.6507260042,0.1056328603
1.585639,1.685397,-8.408484,0.483965,-0.2305984347,0.043148796,0.1524587671
1.586689,-2.601749,5.042967,1.228511,-0.2263415341,-0.053695693,0.0428435762
1.587737,-3.706559,-3.976545,4.064992,-0.1731302764,-0.7113868379,-0.0944414686
1.588786,-4.210929,-17.164617,7.854973,-0.0432948077,-1.2732977191,-0.090184568
1.589806,-2.837122,-22.238241,4.192285,0.0822837604,-1.5478678087,0.0396509008
1.590853,1.164214,-14.075907,0.563223,0.134430793,-1.4574086706,0.1545872174
1.591903,2.679726,3.153826,-6.106471,0.0524854561,-1.0817371914,0.1120182112
1.592952,-0.687544,0.369198,-1.67522,-0.059258185,-1.0295901589,-0.0231383833
1.593969,-2.606552,-13.314504,6.500379,-0.031588331,-1.4020689627,-0.0561293631
1.595018,1.474042,-19.295587,-2.532649,-0.0220103046,-1.3594999565,0.0322013247
1.596067,5.456163,-16.695324,-7.46827,-0.1529099985,-0.5485603894,0.1354311646
1.597116,2.27623,-3.095424,-3.140294,-0.2848739176,0.1665989138,0.131174264
1.598134,-3.103717,0.201594,2.040307,-0.3168006722,-0.0356038654,0.0236875235
1.599186,-4.355035,-10.723819,7.811741,-0.2156992826,-0.7709834465,-0.0433586612
1.601282,-1.768337,-17.748838,5.433996,0.0907975617,-1.4797573989,0.089669483
1.604397,-1.249557,-6.631877,2.501445,-0.0230745298,-1.2562701166,-0.0252668336
1.600232,-3.694551,-17.57405,7.047981,-0.0528728341,-1.2988391227,-0.0050465557
1.602331,1.36356,-7.139479,-1.146832,0.1408161439,-1.376527559,0.1301100388
1.603348,1.747842,0.302156,-7.542724,0.037586304,-1.1785816804,0.0513573775
1.605446,-0.723571,-12.555496,4.281151,0.0333294034,-1.4499590946,-0.007175006
1.606496,4.490655,-15.318574,-7.80932,-0.2050570311,-0.2058798899,0.1333027143
1.607513,-0.072693,-4.290204,-1.507096,-0.3168006722,0.2240670721,0.1184035621
1.608562,-3.550445,-1.326001,4.629406,-0.2912592685,-0.213329466,0.0268801989
1.609612,-3.696952,-8.195387,6.308238,-0.1710018261,-0.8518645582,-0.0444228864
1.610661,-3.408741,-17.882921,6.430728,-0.0198818543,-1.2509489908,-0.0135603569
1.611681,-2.608954,-19.884597,5.873519,0.1376234684,-1.4829500743,0.0907337082
1.612728,0.51814,-6.378076,-2.31649,0.1929631764,-1.5212621799,0.1247889131
1.613776,2.134526,1.887215,-6.819794,0.0844122107,-1.404197413,0.034329775
1.614826,-0.692348,-6.224838,1.828951,-0.0007258016,-1.3935551614,-0.0422944361
1.615875,-0.728374,-15.189279,3.457346,0.0173660261,-1.390362486,0.0024030204
1.616892,3.481915,-17.339404,-7.199272,-0.0560655095,-0.8912408889,0.1003117345
1.617942,3.301783,-12.229864,-8.21762,-0.2486902624,-0.0824297721,0.1482018664
1.618991,-1.203923,-3.749081,1.271743,-0.329571374,0.126158358,0.1077613106
1.62004,-3.593677,-1.682759,4.737485,-0.260396739,-0.3942477421,0.0087883713
1.62106,-3.322277,-9.938473,6.099285,-0.1412035218,-0.9412594711,-0.048679787
1.622106,-2.978825,-19.151926,7.900606,0.023751377,-1.2690408184,0.0034672456
1.623156,-2.143012,-17.320249,3.490971,0.1716786733,-1.4978492265,0.089669483
1.624205,0.0546,-6.413991,-1.783299,0.2014769776,-1.5478678087,0.1024401848
1.625223,1.248276,0.074693,-3.887242,0.106760939,-1.425481916,0.0311370995
1.626272,0.268357,-5.425125,0.433528,0.0056595494,-1.3690779829,-0.0273952839
1.627321,0.530149,-13.788585,1.259734,-0.045423258,-1.2552058914,0.0013387952
1.62837,2.52121,-17.164617,-5.878303,-0.1369466212,-0.6996803612,0.0875410327
1.629419,1.829502,-12.950563,-3.968902,-0.2561398384,-0.0228331635,0.1482018664
1.630437,-1.472921,-1.824025,1.439866,-0.2955161691,0.0388918954,0.1013759597
1.631486,-3.245421,-1.627689,3.128305,-0.2561398384,-0.5155694097,-0.0178172575
1.632535,-3.014852,-19.503895,6.85584,0.0141733506,-1.4606013461,-0.0018538802
1.633585,-1.926854,-17.06166,3.46215,0.1567795212,-1.5766018879,0.0960548339
1.634602,1.015305,-3.452182,-1.795308,0.1844493752,-1.5042345774,0.1066970855
1.635651,1.5533,3.17298,-6.406691,0.0546139064,-1.3786560093,0.0002745701
1.6367,-0.670732,-8.032571,1.778514,-0.0369094568,-1.3797202344,-0.0646431643
1.63775,0.338008,-16.542086,0.930692,-0.0486159335,-1.2466920902,0.0024030204
1.638767,3.758117,-17.626726,-7.679625,-0.1486530979,-0.6283772759,0.10350441
1.639817,2.43955,-11.542686,-2.856887,-0.2582682887,0.0112220414,0.1407522904
1.640866,-2.138209,-1.773744,1.387027,-0.2784885667,-0.0547599181,0.0768987812
1.641915,-3.668131,-4.120205,3.62547,-0.225277309,-0.6720105072,-0.0231383833
1.642935,-3.42075,-11.813248,6.730948,-0.0943776151,-1.1988019583,-0.0508082373
1.643982,-3.017254,-15.886035,5.107357,0.0503570058,-1.4818858492,0.0024030204
1.645031,-0.968551,-15.818993,3.118698,0.1578437463,-1.5946937155,0.0811556818
1.64608,1.603737,-5.784278,-2.936145,0.162100647,-1.4957207762,0.0971190591
1.647129,1.613344,-0.171925,-5.381139,0.037586304,-1.3286374271,0.0226232983
1.648147,-0.356101,-7.077226,1.855371,-0.0422305825,-1.2850041958,-0.0337806348
1.649196,0.143465,-15.136603,0.618463,-0.0571297347,-1.1455907006,0.0098525965
1.650245,2.487585,-18.653902,-5.020874,-0.1316254955,-0.6145423489,0.1098897609
1.651294,1.548496,-10.417342,-2.592693,-0.2188919581,-0.0877508979,0.1535229922
1.652312,-1.648249,0.316523,1.680042,-0.2359195605,-0.2101367906,0.075834556
1.653361,-2.928388,-3.227113,3.728745,-0.1827083028,-0.8071671018,-0.0444228864
1.654411,-3.17577,-14.459003,5.39797,-0.0677719862,-1.2786188448,-0.0731569655
1.656477,0.263553,-15.328151,1.480696,0.1738071236,-1.5201979547,0.1354311646
1.657526,2.98475,1.022855,-6.488351,0.1088893893,-1.307352924,0.1077613106
1.65546,-2.781881,-21.979652,6.584441,0.0801553101,-1.5010419019,0.0258159738
1.658575,-1.912443,-10.546637,4.958448,-0.045423258,-1.2222149117,-0.0710285152
1.659624,0.739102,-19.901357,-0.731327,-0.0273314304,-1.1466549258,0.0194306229
1.660677,3.520343,-18.692211,-6.661278,-0.1294970451,-0.5836798195,0.1333027143
1.661691,0.96727,-7.005396,-0.81779,-0.2220846335,-0.1494759568,0.1535229922
1.662741,-2.431224,1.633414,2.986601,-0.2135708323,-0.4134037949,0.0566785032
1.66379,-3.161359,-4.888791,3.526997,-0.1401392967,-0.9519017227,-0.0454871115
1.664839,-3.098914,-15.210828,6.344264,-0.0145607286,-1.2956464473,-0.0401659857
1.665856,-2.030129,-20.540648,4.883993,0.1035682635,-1.4914638756,0.0641280793
1.666905,0.534953,-13.75267,0.229378,0.1365592433,-1.4840142995,0.1513945419
1.667955,2.036054,0.795392,-4.44205,0.058870807,-1.2413709645,0.1098897609
1.669004,0.359624,0.7499,-1.692032,-0.0369094568,-1.1487833761,-0.0167530324
1.670021,-0.478591,-11.063816,2.102752,-0.0773500126,-1.2892610964,-0.0646431643
1.67107,1.346748,-21.381065,-3.058635,-0.1252401445,-1.1104712706,0.0258159738
1.672119,1.644567,-19.68826,-1.353383,-0.1710018261,-0.5198263103,0.1577798928
1.674218,-2.255895,4.88494,-0.128485,-0.156102674,-0.6113496735,0.0247517486
1.673169,-0.442565,-2.765004,1.896201,-0.1582311243,-0.2484488961,0.1684221444
1.675235,-3.238216,-6.923988,4.259535,-0.1124694427,-1.1125997209,-0.0827349919
1.676284,-3.512017,-19.987554,5.433996,0.0056595494,-1.4308030418,-0.0284595091
1.677334,-0.416145,-22.927814,0.73615,0.0748341844,-1.5063630277,0.1194677873
1.678383,2.797412,-9.110028,-3.320427,0.0503570058,-1.1988019583,0.1875781971
1.6794,0.698272,6.508308,-4.139427,-0.0528728341,-0.8752775116,0.0768987812
1.680449,-2.544107,-1.467267,3.05385,-0.0996987408,-1.0796087411,-0.0603862637
1.681499,-1.489733,-17.044899,3.642282,-0.0379736819,-1.425481916,-0.0582578134
1.682547,2.021643,-23.176826,-3.976108,-0.0464874832,-1.1913523822,0.0705134302
1.683565,2.470773,-16.075188,-2.386141,-0.1369466212,-0.490028006,0.186513972
1.684614,-0.725973,2.418761,1.053182,-0.1848367531,-0.1601182083,0.1428807407
1.685663,-3.833853,-11.468461,6.053651,-0.1060840918,-1.2701050436,-0.111469071
1.686713,-3.454374,-22.089792,5.582906,0.0173660261,-1.6372627216,-0.0231383833
1.687762,0.748709,-20.07375,0.861041,0.079091085,-1.5468035836,0.1364953898
1.688779,3.820563,-1.627689,-5.736599,0.0109806751,-1.044489311,0.1631010186
1.689828,0.076216,3.620724,-3.26999,-0.1156621181,-0.8146166778,0.0353940002
1.690877,-3.459178,-10.352695,6.680511,-0.100762966,-1.2349856135,-0.0412302109
1.691929,-1.083835,-17.995456,3.087475,0.0014026488,-1.5808587885,0.0077241462
1.692944,3.66685,-17.76081,-4.951223,-0.0305241059,-1.1892239319,0.1098897609
1.693993,3.926241,-8.221725,-6.176122,-0.1763229519,-0.3676421133,0.1535229922
1.695042,-0.944533,0.972574,-1.218885,-0.2721032157,-0.0962646991,0.0726418805
1.696091,-3.901102,-5.109071,6.231381,-0.2167635077,-0.6783958582,-0.0305879594
1.697109,-3.764202,-14.449425,6.233783,-0.0773500126,-1.3531146056,-0.0540009127
1.698158,-2.50808,-20.313185,5.150589,0.0599350322,-1.6276846952,0.0332655499
1.699207,0.912029,-14.655339,0.222173,0.1291096672,-1.4967850013,0.1439449658
1.700256,2.80702,0.024412,-8.227227,0.0258798273,-1.1306915485,0.1237246879
1.701274,-0.675536,-1.431352,-0.373464,-0.0826711384,-1.072159165,0.0194306229
1.702323,-2.841925,-10.606496,7.70126,-0.0166891789,-1.4244176909,-0.0167530324
1.703372,0.510935,-15.505333,-0.337438,0.0333294034,-1.5010419019,0.0290086492
1.704421,4.135194,-17.430389,-6.795776,-0.0677719862,-0.9167822926,0.1109539861
1.708586,-3.255028,-11.923388,5.518058,-0.0603224102,-1.2977748976,-0.0337806348
1.70547,2.730163,-8.928057,-6.240969,-0.2284699844,-0.2101367906,0.1343669395
1.706488,-1.914845,-2.353176,0.940299,-0.2933877188,-0.1952376384,0.0662565296
1.707537,-3.610489,-4.848087,6.901473,-0.1986716801,-0.7890752741,-0.0146245821
1.709635,-3.070092,-20.593324,6.111293,0.0758984095,-1.5276475308,0.0513573775
1.710653,-0.036667,-13.747881,-0.171716,0.1631648721,-1.5148768289,0.1503303168
1.711702,-0.519421,-2.43219,0.462349,-0.0326525562,-1.2317929381,0.0151737222
1.712751,-2.654588,-11.209872,6.490772,0.0088522248,-1.4584728958,-0.0029181054
1.713803,1.421203,-16.439129,-1.857753,0.0248156021,-1.3733348835,0.0651923045
1.714818,4.62035,-15.550826,-9.658677,-0.12843282,-0.6677536066,0.1333027143
1.715867,1.546094,-8.104402,-4.228293,-0.2976446194,-0.06753062,0.1333027143
1.716916,-2.928388,-2.123319,4.840761,-0.3029657452,-0.2654764986,0.0609354038
1.717965,-3.699354,-4.8002,5.460416,-0.1965432298,-0.8859197631,-0.0242026084
1.719014,-3.406339,-15.026463,7.280952,-0.0571297347,-1.3382154534,-0.0305879594
1.720032,-2.976424,-20.765717,7.047981,0.1099536144,-1.5755376627,0.0641280793
1.721081,-0.267236,-12.069443,-0.923468,0.1940274016,-1.6074644173,0.1428807407
1.72213,2.076884,0.244692,-5.371531,0.1120820647,-1.4361241676,0.0992475094
1.723181,-0.281647,-1.507971,-0.306215,-0.0007258016,-1.3850413602,-0.0039823305
1.724197,-1.427287,-11.399025,4.706263,-0.0049827022,-1.5382897823,-0.0220741581
1.725246,2.61728,-16.726451,-4.382005,-0.0432948077,-1.2669123681,0.0534858278
1.726295,4.4162,-16.48941,-9.617847,-0.2220846335,-0.4059542188,0.1322384891
1.727344,0.683862,-7.958346,-0.387875,-0.3316998243,0.0878462525,0.1418165155
1.728361,-3.334286,0.069905,3.699924,-0.3050941955,-0.2910179022,0.0524216026
1.729411,-3.831451,-6.047656,5.875921,-0.2146350574,-0.9497732724,-0.0412302109
1.73046,-3.627301,-16.47265,8.04231,-0.0603224102,-1.4095185387,-0.0231383833
1.731509,-3.315072,-19.532627,5.011286,0.1014398132,-1.6628041253,0.0768987812
1.732561,-0.615492,-10.814804,1.49991,0.2014769776,-1.7224007339,0.1439449658
1.733575,1.807886,2.22003,-5.00166,0.1514583954,-1.6383269468,0.0822199069
1.734624,0.489319,-2.515992,-2.823262,0.0120449003,-1.5797945633,-0.0242026084
1.735673,-0.171166,-15.093505,2.724809,-0.0475517083,-1.5021061271,-0.0082392311
1.736723,3.200909,-14.394355,-4.989651,-0.2423049114,-0.3697705636,0.1577798928
1.73774,-0.288852,-4.115417,0.27261,-0.3104153213,-0.0441176666,0.1354311646
1.738789,-2.99804,-0.023475,1.713667,-0.2912592685,-0.4314956225,0.0311370995
1.739838,-3.509615,-9.081296,5.777448,-0.2050570311,-1.0530031123,-0.0444228864
1.740888,-3.300662,-17.207715,6.538807,-0.0581939599,-1.4637940216,-0.007175006
1.741905,-2.061352,-19.786428,5.032902,0.0982471377,-1.6553545492,0.0981832842
1.742954,0.729495,-9.019043,0.529598,0.175935574,-1.6564187744,0.1524587671
1.744003,2.312257,3.105939,-7.064774,0.0801553101,-1.5287117559,0.075834556
1.745055,0.162679,-4.455414,-1.038753,-0.0507443838,-1.4680509222,-0.0178172575
1.746102,-0.454573,-14.825338,3.008217,-0.0667077611,-1.383977135,0.0119810468
1.747119,2.871867,-17.545318,-4.888777,-0.114597893,-0.9497732724,0.10350441
1.748169,3.047196,-14.348863,-3.928072,-0.2220846335,-0.3463576102,0.158844118
1.749218,-0.918114,-3.294155,0.781783,-0.2689105403,-0.2207790421,0.1237246879
1.750267,-3.041271,-0.37305,2.981797,-0.2380480108,-0.6826527588,0.0173021725
1.751284,-3.036468,-10.256921,5.515656,-0.1412035218,-1.1988019583,-0.0444228864
1.752333,-2.865943,-19.312347,5.873519,-0.0060469273,-1.5138126038,0.006659921
1.753383,-1.23995,-18.677845,4.064992,0.1131462899,-1.6659968008,0.1194677873
1.754434,1.538889,-5.824982,-2.686361,0.1216600911,-1.5787303382,0.1556514425
1.755449,1.930376,2.404395,-6.015204,-0.0007258016,-1.3456650295,0.0705134302
1.756499,-0.663527,-4.591892,1.45908,-0.073093112,-1.3009675731,-0.0146245821
1.757548,-0.721169,-14.547594,2.475025,-0.0645793108,-1.3392796786,0.0077241462
1.758597,2.01684,-20.406565,-4.684628,-0.1188547936,-0.9742504509,0.1162751118
1.759646,1.860725,-13.635347,-3.104268,-0.2082497065,-0.393183517,0.1992846738
1.760663,-1.052612,0.048355,0.961915,-0.2369837857,-0.3314584581,0.1482018664
1.761712,-2.904371,-1.002764,2.328518,-0.2039928059,-0.8231304791,0.0173021725
1.762761,-3.293456,-12.249019,5.482032,-0.1028914163,-1.3062886988,-0.03484486
1.763813,0.006565,-18.294749,1.96345,0.1099536144,-1.6489691983,0.1503303168
1.764828,2.326667,-3.416267,-4.540522,0.0620634825,-1.3956836117,0.1620367934
1.765877,0.426873,2.909602,-2.921734,-0.0518086089,-1.1711321043,0.048164702
1.766929,-1.372047,-5.920756,4.182678,-0.0688362114,-1.3297016522,-0.0433586612
1.767976,0.426873,-17.087998,-0.510365,-0.0656435359,-1.3999405123,-0.0103676814
1.768993,2.273828,-22.525563,-4.523709,-0.1454604225,-0.8805986374,0.1247889131
1.770042,0.842378,-11.085366,0.28702,-0.1944147795,-0.3027243789,0.214183826
1.771091,-1.833185,5.675075,0.834622,-0.2093139317,-0.3878623912,0.1215962376
1.77214,-3.281448,-0.634034,2.424588,-0.1997359053,-0.9423236963,-0.0359090851
1.773158,-3.807433,-16.668987,6.166534,-0.0986345157,-1.4201607903,-0.0561293631
1.774207,-2.45284,-23.471331,4.141848,0.0248156021,-1.6723821517,0.0715776554
1.775256,1.084956,-16.661804,-0.284599,0.0663203831,-1.5893725897,0.1982204487
1.776308,2.353086,2.545661,-5.184194,-0.0081753776,-1.210508435,0.1662936941
1.777354,-0.766803,4.360577,-1.262116,-0.1018271912,-1.1296273233,0.0109168216
1.778372,-2.200655,-11.475644,5.385961,-0.0794784629,-1.4978492265,-0.0571935882
1.779421,0.943252,-21.167968,-1.615175,-0.0539370592,-1.5382897823,0.0290086492
1.78047,3.606806,-21.136841,-5.414763,-0.1433319721,-0.8752775116,0.1662936941
1.78152,1.082554,-6.339767,-0.126083,-0.2210204084,-0.2282286182,0.2088627002
1.782537,-2.652186,5.500287,1.44467,-0.2359195605,-0.3633852127,0.0843483572
1.783586,-3.351099,-4.110628,4.341195,-0.1890936538,-1.0295901589,-0.0582578134
1.784636,-3.778612,-17.746443,6.260203,-0.0784142378,-1.5819230136,-0.0582578134
1.785687,-2.150218,-22.334015,3.952109,0.0290725027,-1.7862542431,0.0768987812
1.786702,1.959197,-11.458884,-1.118011,0.0609992574,-1.5521247093,0.1833212965
1.787751,1.877538,3.46988,-5.96957,-0.0369094568,-1.1541045019,0.1205320125
1.788803,-2.013317,-2.28374,1.682444,-0.1092767672,-1.2509489908,0.0024030204
1.789849,2.405925,-18.639535,-4.389211,-0.0773500126,-1.5244548553,0.0832841321
1.790899,4.750045,-15.708853,-5.779831,-0.211442382,-0.6688178318,0.1790643959
1.791917,1.128188,-2.733878,-1.161242,-0.2955161691,-0.0654021697,0.1641652438
1.792966,-3.041271,0.283002,2.50865,-0.2923234937,-0.3878623912,0.048164702
1.794015,-3.766603,-9.179464,6.144918,-0.1965432298,-1.1179208466,-0.0359090851
1.795064,-3.39433,-17.677007,6.123302,-0.0528728341,-1.5957579406,-0.0039823305
1.796081,-1.496938,-20.813604,5.215436,0.0801553101,-1.7447494621,0.117339337
1.797131,1.939983,-7.510603,-2.181991,0.114210515,-1.5723449872,0.1833212965
1.798182,1.959197,2.806645,-7.288138,-0.0092396028,-1.3190594007,0.0949906088
1.799229,-1.746722,-5.528082,3.582238,-0.0752215623,-1.4382526179,-0.0007896551
1.800246,-1.194316,-13.958584,4.317177,-0.0198818543,-1.6766390523,0.020494848
1.801296,3.66685,-18.222919,-6.572413,-0.0752215623,-1.2945822221,0.1109539861
1.802345,4.214452,-13.309715,-7.295343,-0.2423049114,-0.4144680201,0.1790643959
1.803394,-0.288852,-2.396274,-1.341375,-0.3402136256,-0.061145269,0.1439449658
1.804443,-3.487999,-2.867961,4.665433,-0.30190152,-0.5623953164,0.0502931523
1.805461,-3.742586,-10.391004,6.1209,-0.1720660513,-1.210508435,-0.0018538802
1.80651,-3.336688,-18.301932,6.166534,-0.0198818543,-1.5819230136,0.0407151259
1.808609,1.157009,-5.075551,-3.26999,0.134430793,-1.7011162308,0.1631010186
1.807561,-1.849997,-18.139117,5.191418,0.1227243163,-1.7479421376,0.1407522904
1.809626,1.67579,0.560746,-5.258649,0.0077879997,-1.549996259,0.0747703308
1.810675,-0.982961,-5.937516,3.618264,-0.0464874832,-1.5702165369,0.0034672456
1.811724,-0.226406,-13.836472,1.54074,-0.0369094568,-1.5712807621,0.0332655499
1.812774,3.433879,-19.30277,-7.350583,-0.1316254955,-1.0381039601,0.1290458137
1.813791,2.763788,-13.829289,-6.082453,-0.2838096924,-0.2654764986,0.1918350977
1.81484,-1.309601,-2.245431,1.142047,-0.3370209501,-0.1452190562,0.1471376413
1.81589,-3.526427,-10.596918,6.699725,-0.1646164752,-1.2328571632,-0.021009933
1.816939,-3.324679,-20.171919,8.200826,0.0035310991,-1.5574458351,0.0439078014
1.817988,-2.193449,-17.495037,3.668701,0.1461372696,-1.7734835413,0.1396880652
1.819006,0.779932,-4.867242,-3.253177,0.155715296,-1.7724193161,0.1524587671
1.820057,1.740637,1.884821,-4.953625,0.0386505291,-1.6106570928,0.0598711787
1.821104,-0.284048,-6.598356,1.250127,-0.0550012844,-1.5829872388,-0.0114319066
1.822153,0.498926,-17.186166,1.687247,-0.0773500126,-1.4914638756,0.0407151259
1.823171,3.433879,-17.593205,-7.04556,-0.1614237998,-0.9050758159,0.1428807407
1.82422,2.259418,-10.613679,-5.119346,-0.3008372949,-0.2197148169,0.1833212965
1.825269,-1.823578,-1.680364,2.107556,-0.3476632016,-0.2016229893,0.1237246879
1.826319,-3.658524,-2.183177,4.163464,-0.2912592685,-0.7816256981,0.0183663977
1.827336,-3.552847,-12.07902,7.336192,-0.1710018261,-1.362692632,-0.021009933
1.828385,-3.305465,-19.427276,6.944705,-0.0081753776,-1.6979235554,0.048164702
1.829437,-1.624232,-17.947569,3.205161,0.1333665678,-1.8086029713,0.1535229922
1.830484,1.418801,-3.859221,-2.136358,0.1567795212,-1.7234649591,0.1673579192
1.831501,1.697405,3.247205,-5.337907,0.0280082776,-1.6202351192,0.0556142781
1.832553,-0.452172,-7.611166,1.711265,-0.0699004365,-1.6659968008,-0.0188814827
1.8336,0.84478,-16.6211,-0.133288,-0.0975702905,-1.4978492265,0.0417793511
1.834649,3.950258,-19.214179,-7.588358,-0.197607455,-0.7965248502,0.145009191
1.835698,2.124919,-12.325638,-1.958627,-0.2933877188,-0.144154831,0.1907708726
1.836716,-2.145414,0.826519,1.78572,-0.3146722219,-0.2441919955,0.1152108867
1.837765,-3.550445,-1.534309,3.531801,-0.2763601164,-0.8933693392,-0.0114319066
1.838814,-4.165296,-13.403095,7.566761,-0.1475888728,-1.4499590946,-0.0369733103
1.839864,-3.85787,-20.124032,6.40671,0.0205587015,-1.7277218597,0.0588069535
1.840881,-0.819641,-16.917999,3.378088,0.1493299451,-1.8192452229,0.172679045
1.841932,1.426006,2.100312,-6.45953,-0.0092396028,-1.6085286425,0.0502931523
1.84298,-0.629902,-9.761291,1.713667,-0.0943776151,-1.5808587885,-0.0007896551
1.844029,0.914431,-16.460678,-0.123681,-0.0975702905,-1.3733348835,0.0673207548
1.845046,3.486718,-17.315461,-5.741403,-0.1816440777,-0.7677907711,0.1567156677
1.846096,1.344346,-10.046218,-1.259715,-0.2699747654,-0.2846325513,0.1854497468
1.847145,-2.2631,-0.2246,2.419785,-0.274231666,-0.476193079,0.1152108867
1.848194,-3.274242,-4.503301,3.841628,-0.2103781568,-1.0476819865,0.0098525965
1.849243,-3.098914,-14.399144,6.010419,-0.0858638138,-1.4765647234,-0.0093034563
1.850261,-2.359171,-19.693049,5.407577,0.0492927807,-1.7138869327,0.075834556
1.851312,0.292375,-14.94745,0.683311,0.1184674157,-1.7681624155,0.1609725683
1.852359,2.80702,-1.108115,-5.830268,0.0556781316,-1.5766018879,0.1364953898
1.853408,1.032117,1.305388,-3.241168,-0.0720288868,-1.4084543136,0.0236875235
1.854426,-1.477724,-9.373406,3.800798,-0.0911849396,-1.4606013461,-0.021009933
1.855475,0.465301,-18.601226,-0.058834,-0.0667077611,-1.376527559,0.0502931523
1.856524,2.610075,-19.925301,-4.754279,-0.1348181709,-0.8816628625,0.1662936941
1.857573,0.587791,-7.900882,-0.061235,-0.2029285807,-0.476193079,0.2077984751
1.858591,-2.063754,3.742835,2.559087,-0.2029285807,-0.6815885336,0.1077613106
1.85964,-3.036468,-3.36838,2.816076,-0.1614237998,-1.1817743558,-0.0156888072
1.860689,-3.375116,-16.877295,5.525263,-0.0550012844,-1.5457393584,-0.0167530324
1.861738,-1.756329,-22.877532,3.745558,0.065256158,-1.7521990382,0.1024401848
1.862787,1.392382,-14.032809,-1.622381,0.0833479856,-1.6947308799,0.1992846738
1.863807,1.966403,2.725237,-4.900786,-0.0092396028,-1.3871698105,0.1503303168
1.864854,-0.783615,1.137784,0.099683,-0.0762857875,-1.3062886988,0.0226232983
1.865903,-1.079032,-12.653664,3.140314,-0.0613866353,-1.4914638756,-0.0082392311
1.866952,1.565309,-20.875857,-3.697503,-0.0911849396,-1.3030960234,0.0854125824
1.86797,-0.711562,-3.112185,2.823281,-0.1795156274,-0.393183517,0.2099269254
1.869019,-2.368778,5.074093,0.563223,-0.1763229519,-0.7592769698,0.0662565296
1.870068,-3.161359,-7.268774,3.904074,-0.1443961973,-1.3116098246,-0.0476155618
1.871117,-3.514418,-20.713041,5.856707,-0.0369094568,-1.6777032775,0.0055956959
1.872135,-0.692348,-22.286128,1.792925,0.0429074297,-1.743685237,0.1556514425
1.873186,2.345881,-8.358203,-2.53505,0.0301367279,-1.431867267,0.2258903027
1.874233,0.621416,5.483527,-4.120213,-0.0688362114,-1.1455907006,0.1194677873
1.875282,-2.409608,-2.453739,2.840093,-0.1167263433,-1.3786560093,-0.0082392311
1.876332,-0.982961,-15.931527,2.921753,-0.0784142378,-1.6979235554,-0.0029181054
1.877349,2.869465,-21.826413,-4.720654,-0.1188547936,-1.3775917841,0.1109539861
1.878398,2.550031,-16.587579,-1.235697,-0.1901578789,-0.6411479778,0.2152480511
1.879448,-1.052612,1.329332,1.314974,-0.1965432298,-0.3814770403,0.1737432701
1.880497,-2.887559,3.144248,0.985933,-0.1922863292,-0.8667637104,0.0141094971
1.881514,-3.644114,-11.573813,6.154525,-0.12843282,-1.4978492265,-0.0667716146
1.882564,-3.783416,-21.390642,5.496442,-0.0081753776,-1.8628784542,0.020494848
1.883613,-0.072693,-19.716992,1.115628,0.0535496813,-1.8692638051,0.1684221444
1.884662,3.527548,-3.49528,-4.218686,0.0014026488,-1.4627297964,0.1992846738
1.885682,0.657442,3.371711,-3.776761,-0.1082125421,-1.1732605546,0.0843483572
1.886728,-2.947603,-7.053283,5.17941,-0.114597893,-1.4606013461,-0.0018538802
1.887778,-1.043005,-16.079977,2.287688,-0.0571297347,-1.7553917137,0.0300728744
1.888827,3.48912,-20.389804,-5.148168,-0.1082125421,-1.3616284068,0.1386238401
1.889876,3.890214,-11.846768,-4.331568,-0.2199561832,-0.5677164422,0.2067342499
1.890893,-0.737981,1.212009,-0.767353,-0.2827454673,-0.3314584581,0.1407522904
1.891942,-3.552847,-2.640498,4.701459,-0.2423049114,-0.8837913128,0.0258159738
1.892992,-3.63931,-12.890704,6.159329,-0.1135336678,-1.5031703523,-0.0082392311
1.894041,0.438882,-16.10392,1.182877,0.0993113629,-1.7330429854,0.1822570714
1.895061,2.730163,-2.037122,-6.428307,0.0312009531,-1.4063258633,0.1748074953
1.896108,-0.151951,-0.911778,-1.461463,-0.0784142378,-1.3116098246,0.0715776554
1.897157,-2.46725,-9.246506,6.718939,-0.0496801586,-1.6244920198,0.0247517486
1.898206,0.842378,-14.959422,-0.791371,-0.0198818543,-1.6670610259,0.0673207548
1.899223,4.384977,-18.175032,-7.626786,-0.1316254955,-1.0338470595,0.1535229922
1.900273,2.341078,-9.96481,-4.516504,-0.274231666,-0.3569998618,0.1907708726
1.901322,-2.191048,-1.378676,1.876987,-0.3178648973,-0.4293671722,0.1269173634
1.902371,-3.644114,-4.048375,6.637279,-0.2380480108,-1.0402324104,0.0353940002
1.903389,-3.291055,-12.280146,6.43313,-0.1039556415,-1.5244548553,0.0130452719
1.90444,-2.844327,-20.248538,5.911947,0.0365220788,-1.7649697401,0.0928621585
1.905487,-0.12313,-14.411116,0.176539,0.1184674157,-1.7937038192,0.1833212965
1.906537,2.653307,-1.850363,-7.011935,0.0471643304,-1.6010790664,0.1577798928
1.907586,0.338008,-1.246987,-0.438312,-0.045423258,-1.5148768289,0.0545500529
1.908603,-1.914845,-8.8251,5.066527,-0.0220103046,-1.6840886284,0.0151737222
1.909652,1.219455,-17.643486,-2.525443,-0.0294598807,-1.5691523118,0.0790272315
1.910702,4.031918,-18.258834,-8.443385,-0.1678091507,-0.8625068098,0.1748074953
1.911751,1.401989,-7.922431,-3.599031,-0.3029657452,-0.3005959286,0.1886424223
1.912768,-2.858737,-0.136009,4.009752,-0.3136079967,-0.5411108133,0.1003117345
1.913817,-3.958744,-3.976545,6.070463,-0.2220846335,-1.1466549258,0.0045314707
1.914867,-3.63931,-15.478995,7.552351,-0.0741573372,-1.5489320339,0.0087883713
1.915915,-3.050878,-21.256558,6.663699,0.092926012,-1.7639055149,0.1205320125
1.916936,-0.075095,-12.071837,-1.90819,0.1589079715,-1.7947680444,0.2035415744
1.917982,2.353086,0.261452,-7.213683,0.0567423567,-1.6021432915,0.1482018664
1.919032,-0.320075,-1.577407,-0.066039,-0.0550012844,-1.5446751332,0.0375224505
1.920081,2.148937,-17.174194,-3.762351,-0.0656435359,-1.5329686566,0.1013759597
1.92113,3.957464,-16.975463,-8.388145,-0.2103781568,-0.6975519109,0.1907708726
1.922148,0.729495,-7.852995,-0.89945,-0.3146722219,-0.1686320096,0.2056700247
1.923197,-3.243019,0.512859,3.50298,-0.3093510961,-0.4889637808,0.1130824364
1.925295,-3.391929,-15.517305,7.653225,-0.086928039,-1.5819230136,0.0173021725
1.924246,-3.838656,-4.338091,5.892733,-0.2316626599,-1.1232419724,0.0109168216
1.926315,-2.974022,-21.294868,5.402774,0.0716415089,-1.8384012757,0.1215962376
1.927362,-0.32728,-13.75267,0.949907,0.1674217727,-1.8650069045,0.2099269254
1.928411,2.415532,0.862434,-5.381139,0.1046324887,-1.7043089063,0.1641652438
1.92946,0.633425,0.455395,-2.109938,-0.0305241059,-1.6766390523,0.0322013247
1.930478,-1.484929,-11.494799,3.76237,-0.0645793108,-1.799024945,-0.0050465557
1.931527,1.961599,-19.197419,-3.373265,-0.0933133899,-1.5063630277,0.0864768075
1.932576,4.733233,-18.177426,-6.47394,-0.2188919581,-0.6752031827,0.1897066474
1.934674,-3.286251,1.829751,2.657559,-0.3189291225,-0.5347254624,0.0726418805
1.933625,1.032117,-5.077945,-1.081984,-0.3178648973,-0.1686320096,0.1854497468
1.935692,-4.172501,-7.548913,5.859108,-0.2284699844,-1.2062515344,-0.0135603569
1.936741,-4.013985,-16.484622,6.32505,-0.0709646617,-1.6372627216,0.0194306229
1.93779,-2.534499,-19.661922,5.164999,0.0801553101,-1.875649156,0.1290458137
1.938839,0.431677,-11.183534,0.87305,0.155715296,-1.9554660426,0.1971562235
1.939857,2.115312,1.801019,-6.272192,0.0854764359,-1.8660711296,0.1407522904
1.940906,0.563774,-2.164023,-2.302079,-0.0432948077,-1.7724193161,0.0428435762
1.941955,-0.377717,-13.106196,2.573498,-0.0805426881,-1.6628041253,0.048164702
1.943004,2.314658,-17.892499,-3.940081,-0.1188547936,-1.2669123681,0.1333027143
1.944021,3.126454,-15.711247,-5.191399,-0.225277309,-0.6528544545,0.2024773493
1.945071,-0.336887,-5.331746,0.642481,-0.2795527918,-0.4048899937,0.1907708726
1.94612,-2.863541,-7.388491,4.442069,-0.1475888728,-1.2637196927,0.0141094971
1.947169,-3.046075,-17.533346,5.736618,-0.0262672052,-1.6138497682,0.0353940002
1.948218,-1.929255,-20.507127,4.912814,0.1035682635,-1.826694799,0.1396880652
1.949236,1.046528,-9.129183,-1.072377,0.1503941703,-1.834144375,0.1960919984
1.950285,2.336274,2.303832,-6.37787,0.037586304,-1.6361984965,0.1226604628
1.951334,-0.118327,-3.631758,-0.438312,-0.0826711384,-1.5052988026,0.0290086492
1.952383,-0.685143,-13.719149,3.001011,-0.0975702905,-1.4935923259,0.0417793511
1.9534,1.937582,-18.797562,-3.601433,-0.1369466212,-1.2200864614,0.1354311646
1.95445,1.887145,-15.478995,-2.412561,-0.2146350574,-0.7060657122,0.2131196008
1.955499,-1.002175,-3.009228,1.898603,-0.2337911102,-0.586872495,0.1928993229
1.956548,-2.560919,1.554401,2.078735,-0.2093139317,-1.0146910067,0.0726418805
1.957565,-2.8083,-7.721306,4.699057,-0.1412035218,-1.4797573989,-0.0124961318
1.958615,-3.058084,-20.782477,5.890331,-0.0145607286,-1.7564559388,0.0407151259
1.959664,-0.87248,-22.329227,3.017824,0.0971829126,-1.8671353548,0.1811928462
1.960713,2.312257,-5.475407,-3.40689,0.086540661,-1.6830244032,0.2322756536
1.961731,1.409194,5.512259,-5.040088,-0.0411663574,-1.4159038897,0.1130824364
1.96278,-1.432091,-4.764285,2.621533,-0.0986345157,-1.4957207762,0.0034672456
1.963829,-0.236013,-16.752789,0.894666,-0.0826711384,-1.6287489204,0.0311370995
1.964878,2.379506,-21.924582,-5.441183,-0.1454604225,-1.210508435,0.1535229922
1.96593,0.988886,-14.992943,-0.030012,-0.2039928059,-0.5719733428,0.2546243818
1.966945,-1.520956,3.206501,1.86738,-0.197607455,-0.5059913833,0.200348899
1.967994,-2.457643,3.445936,1.019558,-0.1859009783,-1.0285259337,0.0332655499
1.969043,-3.620096,-13.161266,5.131374,-0.1220474691,-1.5936294903,-0.0391017606
1.970093,-3.319876,-24.493718,5.001679,0.0035310991,-1.8958694339,0.0747703308
1.97111,0.573381,-19.733753,0.813006,0.0758984095,-1.8149883223,0.2344041039
1.972159,-1.023791,4.925644,-1.163644,-0.1028914163,-1.3392796786,0.0886052578
1.973208,-2.486464,-8.992705,6.008018,-0.0794784629,-1.6851528535,0.0045314707
1.974257,1.02251,-19.290798,-1.845745,-0.0667077611,-1.7553917137,0.0588069535
1.975275,3.755716,-21.124869,-5.335505,-0.1720660513,-1.1285630982,0.1822570714
1.976324,1.217053,-7.857784,0.483965,-0.2401764611,-0.4655508274,0.235468329
1.977373,-2.570526,4.671843,0.529598,-0.2593325139,-0.5506888397,0.1215962376
1.978423,-3.687345,-4.663723,4.432462,-0.2167635077,-1.1860312565,-0.0124961318
1.979471,-4.328616,-17.301095,7.23772,-0.0890564893,-1.7351714357,-0.0061107808
1.980489,-2.75306,-21.450501,3.726344,0.0258798273,-1.9990992739,0.1162751118
1.981538,1.815092,-13.376757,-0.145297,0.0578065819,-1.882034507,0.2173765014
1.982588,2.955929,1.791441,-5.859089,-0.0379736819,-1.4723078228,0.1705505947
1.983637,-0.77641,-0.468824,-0.51757,-0.1348181709,-1.3988762872,0.0502931523
1.984654,-2.227074,-10.781283,5.899938,-0.0858638138,-1.7553917137,0.0130452719
1.985703,1.38998,-17.396869,-2.532649,-0.0645793108,-1.7490063627,0.0779630063
1.986752,4.454628,-19.372206,-6.108872,-0.169937601,-1.0551315626,0.1875781971
1.987802,1.858323,-6.136247,-2.585487,-0.2657178648,-0.4123395698,0.2195049517
1.988819,-2.339957,2.117073,0.935496,-0.2870023679,-0.5815513692,0.1226604628
1.989868,-3.389527,-5.75794,5.530067,-0.2082497065,-1.2647839178,0.0183663977
1.990917,-3.550445,-16.520537,5.503648,-0.073093112,-1.7702908658,0.0258159738
1.991966,-2.116593,-22.566267,5.22024,0.0578065819,-1.9437595659,0.1535229922
1.993016,1.827101,-10.264104,-1.528712,0.1088893893,-1.7979607198,0.2439821303
1.994033,2.417934,3.426781,-8.01347,-0.0103038279,-1.5350971069,0.1631010186
1.995082,-1.439296,-2.369937,2.772844,-0.0954418402,-1.6064001922,0.0502931523
1.996131,-1.477724,-12.320849,4.807137,-0.031588331,-1.8309516996,0.0524216026
1.997183,2.989553,-19.515867,-5.22022,-0.0560655095,-1.5297759811,0.1460734161
1.998198,3.7341,-16.853351,-6.413896,-0.2029285807,-0.7496989435,0.2407894548
1.999247,-2.962013,1.13539,4.401239,-0.2838096924,-0.7667265459,0.1205320125
2.000296,-3.348697,-7.173,5.976795,-0.1901578789,-1.3797202344,0.0332655499
2.001345,-3.247823,-18.58686,6.822215,-0.0560655095,-1.7394283364,0.0651923045
2.002363,-1.900434,-20.42572,6.200159,0.0897333365,-1.8830987321,0.1780001708
2.003412,1.125786,-8.408484,-3.22916,0.114210515,-1.8256305738,0.2205691769
2.004461,2.036054,0.687647,-5.496423,0.0014026488,-1.6393911719,0.1428807407
2.00551,-0.74999,-2.592611,2.861709,-0.0581939599,-1.6415196222,0.0460362517
2.006562,-0.620295,-11.966486,2.417383,-0.0539370592,-1.7479421376,0.0449720265
2.007577,2.600468,-19.123194,-4.999258,-0.1177905685,-1.390362486,0.1322384891
2.008626,2.384309,-16.14223,-5.657341,-0.2380480108,-0.6879738846,0.214183826
2.009675,-0.925319,-5.954277,0.306234,-0.2891308182,-0.4804499796,0.2067342499
2.010724,-3.024459,0.534408,3.743156,-0.246561812,-0.9189107429,0.1130824364
2.011741,-3.03887,-5.310197,5.107357,-0.1667449255,-1.4127112142,0.0290086492
2.012791,-3.228609,-17.688979,7.473093,-0.0401021322,-1.7224007339,0.0609354038
2.01384,-2.270306,-19.858259,3.226777,0.0886691114,-1.8958694339,0.1748074953
2.01489,1.142598,-9.071718,-4.470871,0.0950544623,-1.7958322695,0.228018753
2.015907,1.67579,1.015672,-5.148168,-0.0283956555,-1.5670238615,0.1524587671
2.016956,-1.585803,-3.564717,2.033101,-0.1103409924,-1.6628041253,0.0534858278
2.018005,-0.889292,-14.942661,3.490971,-0.0943776151,-1.8330801499,0.0683849799
2.019057,3.205712,-18.251651,-5.397951,-0.1316254955,-1.4031331878,0.1631010186
2.020104,3.090427,-13.709572,-5.866294,-0.2540113881,-0.6411479778,0.2248260775
2.021121,-0.793222,-3.392323,1.456678,-0.3146722219,-0.4325598477,0.1918350977
2.02217,-3.363107,-0.088122,3.848833,-0.2784885667,-0.9029473656,0.0864768075
2.023219,-3.824246,-10.472412,6.478763,-0.1763229519,-1.4648582467,0.0236875235
2.024268,-1.424885,-17.899682,2.928959,0.1088893893,-1.9097043609,0.1960919984
2.025286,1.805485,-6.040473,-3.166714,0.1035682635,-1.792639594,0.2195049517
2.026335,1.262686,1.322149,-4.547727,-0.017753404,-1.6553545492,0.1162751118
2.027384,-1.460912,-6.399625,3.037038,-0.0794784629,-1.7915753689,0.0290086492
2.028436,-0.507412,-14.650551,1.980262,-0.0699004365,-1.8501077523,0.061999629
2.029451,3.220123,-18.21813,-6.733331,-0.1497173231,-1.3179951755,0.158844118
2.0305,2.893483,-15.048013,-3.906457,-0.2731674409,-0.5698448925,0.2301472033
2.03155,-1.316806,-2.839229,1.824148,-0.3136079967,-0.4325598477,0.200348899
2.032599,-3.019655,0.297368,3.125903,-0.280617017,-0.975314676,0.0822199069
2.033616,-3.050878,-9.332702,5.049715,-0.1859009783,-1.5382897823,0.0055956959
2.034665,-3.281448,-18.852632,5.775047,-0.0369094568,-1.8139240971,0.0598711787
2.035715,-1.160692,-20.246143,3.426123,0.1046324887,-1.8990621094,0.1907708726
2.036764,2.259418,-6.351738,-3.272391,0.128045442,-1.8213736732,0.2386610045
2.037816,2.110509,3.776356,-6.478744,-0.0028542519,-1.6926024296,0.1364953898
2.038831,-1.030996,-5.556815,1.223707,-0.0986345157,-1.6894097541,0.0471004769
2.039879,-0.27204,-17.020956,1.901004,-0.0879922642,-1.6074644173,0.0960548339
2.040931,3.015973,-20.648394,-5.4652,-0.1433319721,-1.1487833761,0.2088627002
2.041978,1.896752,-12.514792,-2.772825,-0.2444333617,-0.6379553023,0.2620739579
2.042995,-1.600214,0.797787,2.210832,-0.2625251894,-0.6666893815,0.1939635481
2.044045,-2.779479,0.101031,3.09468,-0.2156992826,-1.1764532301,0.0598711787
2.045094,-3.204591,-13.189998,5.412381,-0.1241759194,-1.6436480725,0.0087883713
2.046143,-3.043673,-23.672456,7.079204,0.0173660261,-1.9011905597,0.1088255358
2.04716,-0.003042,-18.266017,2.22284,0.1131462899,-1.9703651947,0.2397252297
2.048209,2.843046,-1.000369,-5.472405,0.0535496813,-1.7979607198,0.2301472033
2.049258,1.272294,4.592829,-3.390078,-0.0826711384,-1.6000148412,0.0917979333
2.05031,-0.351298,-20.286847,0.942701,-0.0943776151,-1.6234277946,0.0864768075
2.051357,2.182561,-22.214298,-4.324363,-0.1465246476,-1.1658109785,0.2269545278
2.052374,1.387578,-9.284815,-1.627184,-0.2220846335,-0.6603040306,0.2812300107
2.053423,-1.37685,4.125931,1.360608,-0.2497544875,-0.7401209171,0.1716148198
2.054473,-2.887559,-1.428958,2.907343,-0.2167635077,-1.2445636399,0.0236875235
2.055522,-3.567257,-16.479833,5.626137,-0.1071483169,-1.6659968008,0.0055956959
2.056539,-2.853934,-24.409916,5.554085,0.0365220788,-1.8862914076,0.1343669395
2.057588,0.414864,-15.182096,0.728944,0.106760939,-1.8650069045,0.255688607
2.058637,2.285837,2.433127,-5.378737,0.0333294034,-1.6074644173,0.2173765014
2.059689,-0.248022,2.698899,-1.252509,-0.0720288868,-1.5244548553,0.0705134302
2.060704,-1.441698,-10.407765,2.885727,-0.0922491648,-1.7351714357,0.0098525965
2.061753,1.351552,-21.548669,-3.308418,-0.1241759194,-1.6308773707,0.0971190591
2.062802,2.554835,-21.924582,-3.097063,-0.2061212562,-0.9965991791,0.2386610045
2.063852,-0.156755,-5.595124,1.067593,-0.2380480108,-0.5560099655,0.2801657855
2.0649,-2.424018,6.903376,1.113226,-0.2359195605,-0.8135524527,0.1503303168
2.065918,-2.880353,-3.349225,3.049047,-0.1997359053,-1.3924909363,0.0024030204
2.066968,-3.574463,-20.988391,5.424389,-0.0879922642,-1.8415939511,0.0194306229
2.068017,-1.931657,-25.729202,4.783119,0.0524854561,-2.0150626512,0.186513972
2.069066,1.601335,-10.833959,-1.341375,0.0993113629,-1.806474521,0.2961291628
2.070083,1.505264,6.419717,-5.359523,-0.0113680531,-1.5031703523,0.1992846738
2.071132,-1.775543,0.39793,1.783318,-0.0890564893,-1.6298131455,0.0439078014
2.072184,-1.208727,-14.681677,2.333322,-0.059258185,-1.8916125333,0.0279444241
2.073231,3.02558,-22.245424,-6.084855,-0.1188547936,-1.5510604842,0.1439449658
2.074248,3.172087,-18.716155,-2.746405,-0.2359195605,-0.7773687975,0.2620739579
2.075297,-0.848462,-1.388254,2.357339,-0.2561398384,-0.4708719532,0.2482390309
2.076346,-3.43516,-8.583271,5.376354,-0.1497173231,-1.5319044314,-0.007175006
2.077396,-3.591275,-20.262904,6.603655,-0.0188176292,-1.9416311156,0.0460362517
2.078572,-1.266369,-21.450501,3.498176,0.0844122107,-2.0682739088,0.1886424223
2.079463,2.067277,-6.406808,-2.662344,0.0737699592,-1.7968964947,0.249303256
2.080511,1.181027,3.802694,-5.186596,-0.0518086089,-1.4872069749,0.1524587671
2.081563,-1.902836,-4.654145,3.582238,-0.0975702905,-1.6691894762,0.048164702
2.08261,-0.423351,-15.297025,2.26367,-0.0486159335,-1.9043832352,0.0609354038
2.083627,3.457897,-20.145581,-5.926339,-0.1071483169,-1.4648582467,0.1662936941
2.084676,2.773395,-13.182815,-3.880037,-0.2359195605,-0.6922307852,0.2524959315
2.085726,-1.244753,-0.346712,0.258199,-0.2933877188,-0.5123767342,0.2088627002
2.086775,-3.089307,-0.794455,3.935297,-0.2561398384,-1.0540673374,0.0939263836
2.087792,-3.156556,-10.558609,5.813475,-0.1497173231,-1.6638683505,0.0364582253
2.088841,-2.892362,-19.875019,5.823082,-0.0113680531,-1.986328572,0.0949906088
2.089891,-0.207192,-18.785591,3.342062,0.100375588,-2.0044203996,0.2173765014
2.090942,2.893483,-3.090636,-5.578083,0.0609992574,-1.7351714357,0.235468329
2.091957,1.092161,2.289466,-4.444451,-0.0677719862,-1.5744734375,0.1184035621
2.093006,-1.876417,-7.510603,5.31631,-0.0667077611,-1.8160525474,0.0428435762
2.094058,0.635827,-16.25237,0.20536,-0.0294598807,-1.8916125333,0.0917979333
2.095104,4.200042,-18.764042,-7.050363,-0.1263043697,-1.2892610964,0.1992846738
2.096154,1.944787,-10.201851,-3.711914,-0.252947163,-0.594322071,0.249303256
2.097171,-2.414411,-1.156002,1.901004,-0.2784885667,-0.6315699514,0.1897066474
2.09822,-3.336688,-2.262191,5.289891,-0.2018643556,-1.2030588589,0.089669483
2.099269,-3.060485,-10.036641,5.378756,-0.0890564893,-1.6755748271,0.0460362517
2.100319,-3.2166,-20.270087,5.988804,0.0333294034,-1.9363099898,0.1130824364
2.101336,-0.865275,-17.530952,1.828951,0.1259169917,-1.9990992739,0.221633402
2.102385,2.574049,-2.911059,-6.793375,0.0737699592,-1.8032818456,0.221633402
2.103436,-2.010915,-7.144268,5.395568,-0.0432948077,-1.8075387462,0.0385866756
2.104484,0.465301,-17.325038,-0.971503,-0.0401021322,-1.806474521,0.0939263836
2.105501,3.409862,-19.046575,-7.249709,-0.142267747,-1.1764532301,0.2024773493
2.10655,1.339543,-10.53706,-3.363658,-0.2486902624,-0.5443034888,0.2461105806
2.107599,-2.169432,-0.301219,2.787255,-0.2550756133,-0.6688178318,0.1811928462
2.108648,-3.118128,0.033989,4.651022,-0.1880294286,-1.2349856135,0.0683849799
2.109698,-3.334286,-11.966486,6.521995,-0.0837353635,-1.6659968008,0.0322013247
2.110715,-3.538436,-22.499225,6.87025,0.0663203831,-1.9224750628,0.131174264
2.111764,-0.673134,-16.762366,-0.620846,0.1578437463,-1.9927139229,0.2461105806
2.112816,2.610075,-1.230227,-6.805383,0.0822837604,-1.8022176204,0.221633402
2.113862,0.114644,1.590316,-1.451856,-0.0443590329,-1.6872813038,0.089669483
2.114879,-2.188646,-9.423688,5.640548,-0.0486159335,-1.861814229,0.0385866756
2.115931,1.229062,-17.511797,-1.098797,-0.0401021322,-1.7692266407,0.1120182112
2.116978,4.003097,-17.753626,-8.460198,-0.1646164752,-1.0742876153,0.2067342499
2.118027,1.454827,-9.708615,-2.061903,-0.2774243415,-0.4953491317,0.2333398787
2.119044,-2.599347,1.018067,3.325249,-0.2795527918,-0.6666893815,0.1513945419
2.120094,-3.778612,-2.774582,4.749494,-0.2156992826,-1.2488205405,0.0417793511
2.121142,-3.776211,-15.488573,7.991873,-0.0890564893,-1.7224007339,0.0417793511
2.122192,-2.981227,-19.961216,5.426791,0.0641919328,-1.9948423732,0.1439449658
2.123241,-0.012649,-13.637741,0.022826,0.1472014948,-2.0342187039,0.2269545278
2.124258,2.093696,-1.63966,-4.27873,0.0961186874,-1.8735207057,0.1928993229
2.12531,0.006565,-1.062622,-2.004261,-0.0156249537,-1.8256305738,0.0832841321
2.126357,-1.542572,-10.673538,4.064992,-0.0390379071,-1.9575944929,0.0492289272
2.127406,1.584523,-16.343355,-2.369329,-0.0613866353,-1.7628412897,0.1162751118
2.128423,4.147203,-17.990667,-7.052765,-0.1954790047,-1.0455535362,0.2024773493
2.129472,-2.436027,2.011721,2.511052,-0.288066593,-0.6571113551,0.1407522904
2.130521,-3.43516,-3.576688,4.391632,-0.2210204084,-1.2594627921,0.0279444241
2.131571,-3.423151,-16.192511,6.20256,-0.0847995887,-1.7309145351,0.0290086492
2.132588,-2.75306,-22.056271,5.421988,0.0833479856,-1.9778147708,0.1482018664
2.133637,-0.055881,-14.35844,0.863443,0.1780640243,-2.0267691278,0.255688607
2.134689,2.396318,0.500887,-6.135292,0.114210515,-1.8937409836,0.2205691769
2.135736,0.960064,1.499331,-2.868895,-0.0252029801,-1.8043460707,0.0917979333
2.136785,-1.340824,-9.746925,3.375686,-0.0645793108,-1.8235021235,0.0449720265
2.137802,1.132991,-19.149532,-2.085921,-0.0709646617,-1.6010790664,0.1247889131
2.138851,3.525146,-20.00192,-5.981579,-0.169937601,-1.0125625564,0.235468329
2.1399,0.580586,-8.379752,-0.337438,-0.2369837857,-0.6347626269,0.2599455076
2.14095,-2.315939,2.152988,2.950574,-0.2029285807,-0.9135896171,0.1567156677
2.141967,-2.865943,-3.167255,3.327651,-0.1358823961,-1.4425095185,0.0311370995
2.143016,-3.581668,-16.309834,5.866314,-0.031588331,-1.7979607198,0.0279444241
2.144067,-2.464848,-23.859215,5.277882,0.1046324887,-2.0161268763,0.1567156677
2.145114,1.248276,-13.376757,-0.709711,0.1589079715,-2.0267691278,0.2503674812
2.146132,2.696538,3.496217,-5.947954,0.0620634825,-1.7937038192,0.1811928462
2.147183,-0.211995,0.845674,-0.695301,-0.045423258,-1.6777032775,0.0460362517
2.14823,-1.211129,-13.731121,3.205161,-0.0560655095,-1.7553917137,0.0268801989
2.149279,1.606138,-23.650907,-2.981778,-0.0773500126,-1.5446751332,0.1407522904
2.150328,2.336274,-18.749675,-3.10667,-0.1518457734,-0.9731862257,0.2620739579
2.151346,-0.40894,-0.921356,0.820211,-0.1890936538,-0.718836414,0.2461105806
2.152395,-2.287118,5.869017,1.728077,-0.1773871771,-1.0753518405,0.089669483
2.153444,-3.09411,-7.137085,4.293159,-0.1177905685,-1.5542531596,-0.021009933
2.154493,-1.448903,-24.515267,3.978529,0.1259169917,-2.0054846248,0.2322756536
2.155511,2.252212,-6.090754,-3.476541,0.1163389653,-1.820309448,0.2940007125
2.156562,1.514871,6.606476,-4.972839,-0.017753404,-1.5468035836,0.1662936941
2.157609,-1.777944,-2.956552,2.825683,-0.0752215623,-1.6734463768,0.0332655499
2.158658,-0.819641,-17.236447,1.146851,-0.0539370592,-1.882034507,0.048164702
2.159675,2.941518,-23.251051,-6.068043,-0.1177905685,-1.4935923259,0.1758717204
2.160725,2.225793,-15.495756,-1.864959,-0.2018643556,-0.8071671018,0.2748446597
2.161774,-1.480126,1.362853,2.013887,-0.2061212562,-0.6613682557,0.2258903027
2.162823,-3.050878,2.777913,2.234849,-0.1656807004,-1.1338842239,0.0726418805
2.16384,-3.39433,-11.075788,5.549281,-0.0858638138,-1.6755748271,-0.0050465557
2.16489,-3.231011,-22.820068,5.974393,0.0343936285,-2.0044203996,0.0854125824
2.165941,-0.61309,-21.220643,2.657559,0.128045442,-2.0246406775,0.2397252297
2.166988,1.891948,-3.703589,-3.599031,0.1014398132,-1.7224007339,0.2727162094
2.168037,0.34041,5.641554,-3.375667,-0.0156249537,-1.563831186,0.1343669395
2.169056,-2.063754,-5.063579,4.223508,-0.0581939599,-1.8628784542,0.0151737222
2.170103,0.160278,-18.677845,-0.315822,-0.0624508605,-1.9969708235,0.0545500529
2.171152,3.904625,-23.16246,-5.823063,-0.1550384488,-1.4095185387,0.1928993229
2.172202,1.855922,-11.966486,-0.347045,-0.2359195605,-0.6741389576,0.2748446597
2.173219,-2.49367,3.11791,1.653623,-0.2412406863,-0.6485975539,0.1950277732
2.174268,-3.276644,-0.080939,3.049047,-0.1933505544,-1.2328571632,0.0524216026
2.175317,-3.651319,-12.938591,5.950375,-0.0901207145,-1.799024945,0.006659921
2.176367,-3.327081,-22.075426,5.405175,0.0290725027,-2.1182924911,0.1088255358
2.177384,0.587791,-18.699394,1.360608,0.1025040383,-2.097007988,0.2514317064
2.178436,3.304184,-0.964454,-6.161711,0.0461001052,-1.7351714357,0.2514317064
2.179482,0.510935,3.742835,-3.044224,-0.0709646617,-1.577666113,0.1152108867
2.180532,-2.373581,-8.485103,5.402774,-0.0677719862,-1.8692638051,0.0385866756
2.181581,4.433013,-19.966005,-6.315424,-0.1188547936,-1.2999033479,0.2301472033
2.182598,2.429943,-7.565673,-3.262784,-0.2401764611,-0.6315699514,0.2652666333
2.183647,-2.313537,1.348487,1.283751,-0.2774243415,-0.6943592355,0.1737432701
2.184697,-3.348697,-3.765842,5.23465,-0.2029285807,-1.3254447516,0.0598711787
2.185746,-3.0797,-13.996893,5.880724,-0.0805426881,-1.8767133812,0.0385866756
2.186763,-2.71223,-22.480071,6.445138,0.051421231,-2.1214851665,0.1418165155
2.187815,0.455694,-14.447031,1.653623,0.141880369,-2.0640170082,0.2588812824
2.188862,3.054401,2.203269,-7.609974,0.0620634825,-1.7947680444,0.2195049517
2.189911,0.153072,1.176094,-1.211679,-0.0667077611,-1.7245291842,0.0864768075
2.190928,-2.234279,-10.735791,6.183346,-0.0411663574,-1.9426953407,0.0545500529
2.191977,1.337141,-19.570937,-2.563872,-0.0273314304,-1.8469150769,0.1460734161
2.193026,4.192836,-18.151088,-7.696437,-0.1539742237,-1.1604898528,0.2578170573
2.194076,1.10417,-5.475407,-3.044224,-0.2763601164,-0.5953862962,0.2684593088
2.195125,-2.697819,1.393979,2.921753,-0.2774243415,-0.7975890754,0.1694863695
2.196142,-3.113324,-4.165698,5.172204,-0.1805798525,-1.3850413602,0.0673207548
2.197192,-2.995638,-16.309834,5.580504,-0.0539370592,-1.8086029713,0.0694492051
2.19824,-2.688212,-22.985278,6.507584,0.0950544623,-2.0331544788,0.1854497468
2.199289,0.112242,-10.982409,-1.091591,0.1684859979,-2.0437967303,0.2663308585
2.200309,2.57645,2.492985,-7.682027,0.0695130586,-1.8362728253,0.2014131241
2.201356,0.121849,-0.856708,0.49117,-0.0347810065,-1.7383641112,0.0822199069
2.202405,-1.70349,-11.727051,5.333122,-0.0209460795,-1.8724564806,0.0673207548
2.203455,1.382775,-19.546994,-2.496622,-0.0337167813,-1.6979235554,0.1641652438
2.204472,3.256149,-16.56603,-7.662813,-0.1635522501,-0.9902138282,0.263138183
2.205521,0.549363,-5.087522,-2.338106,-0.2710389906,-0.5400465882,0.2599455076
2.20657,-2.83472,1.563978,3.771977,-0.2646536397,-0.8699563858,0.1471376413
2.207619,-3.310269,-18.500663,8.011087,-0.045423258,-1.875649156,0.0641280793
2.208668,-2.604151,-20.725013,5.669369,0.1195316408,-2.0948795377,0.1801286211
2.209688,0.232331,-10.118049,-2.400552,0.169550223,-2.0512463064,0.2503674812
2.210735,1.985617,1.674118,-5.217819,0.0716415089,-1.8107314217,0.1907708726
2.211784,-0.788418,-0.200657,0.885059,-0.0252029801,-1.8384012757,0.0726418805
2.212833,-1.463314,-12.701551,4.18508,-0.031588331,-2.0927510874,0.0502931523
2.213851,2.569245,-19.985159,-4.113008,-0.0688362114,-1.7883826934,0.1492660916
2.215949,0.268357,-4.625413,-0.935477,-0.3104153213,-0.407018444,0.2461105806
2.2149,3.931044,-16.685747,-7.662813,-0.2093139317,-0.8784701871,0.2546243818
2.216998,-3.27184,1.74116,3.085073,-0.2997730697,-0.8316442803,0.1247889131
2.218015,-4.069226,-6.476245,5.791859,-0.2135708323,-1.5233906302,0.0247517486
2.219067,-4.215733,-16.642649,7.475494,-0.0624508605,-1.972493645,0.0609354038
2.220114,-2.853934,-20.337129,5.169803,0.106760939,-2.1651183978,0.1886424223
2.221163,0.330803,-11.760572,0.31344,0.2014769776,-2.1363843187,0.2716519843
2.222182,2.129723,2.186509,-5.390746,0.134430793,-2.0097415254,0.2109911505
2.223229,0.520542,-0.904595,-1.600765,0.0003384236,-2.0225122272,0.0822199069
2.224278,-0.577063,-14.016048,2.314107,-0.0507443838,-2.0193195518,0.0726418805
2.225327,2.708547,-19.42967,-4.583753,-0.1071483169,-1.5627669609,0.1748074953
2.226377,3.991088,-16.04885,-5.654939,-0.2327268851,-0.801845976,0.2546243818
2.227394,-0.132737,-3.969362,0.236583,-0.3008372949,-0.5145051845,0.2269545278
2.228443,-2.990834,1.937497,2.871316,-0.274231666,-0.9604155239,0.1077613106
2.229492,-3.749791,-8.913691,5.227445,-0.1827083028,-1.5468035836,0.0300728744
2.230541,-4.10285,-19.539811,6.961517,-0.0166891789,-1.9043832352,0.0907337082
2.231561,-2.054147,-19.508684,4.658227,0.1450730445,-2.1193567162,0.2173765014
2.232608,1.241071,-7.862572,-0.993119,0.1876420506,-2.166182623,0.2610097327
2.233657,0.294776,-3.459365,-0.98111,-0.0252029801,-1.9320530892,0.0715776554
2.234706,0.114644,-16.37927,2.321313,-0.0539370592,-1.8117956468,0.1013759597
2.235723,3.090427,-19.673894,-4.643798,-0.1103409924,-1.3786560093,0.2067342499
2.236772,2.727761,-14.018443,-4.470871,-0.2274057593,-0.8263231545,0.2705877591
2.237822,-1.033398,-3.270212,2.189216,-0.2572040636,-0.7316071159,0.235468329
2.238871,-2.656989,0.939053,3.236384,-0.1933505544,-1.1636825282,0.1215962376
2.23992,-3.05328,-7.716517,4.691852,-0.1028914163,-1.6425838474,0.0417793511
2.24094,-3.701756,-20.82797,6.781385,0.0216229267,-1.9831358965,0.0928621585
2.241987,-1.729909,-21.821625,4.509318,0.1493299451,-2.21513698,0.2248260775
2.243035,1.85352,-6.232021,-2.100331,0.1674217727,-2.1683110733,0.2727162094
2.244085,2.542826,4.188184,-6.466735,0.0407789794,-1.8799060566,0.1716148198
2.245102,-0.053479,-3.509647,-0.219752,-0.0624508605,-1.72985031,0.0630638542
2.246151,-0.632304,-16.508565,1.872183,-0.0816069132,-1.7128227075,0.0854125824
2.2472,1.411596,-23.195981,-2.94335,-0.1177905685,-1.4127112142,0.2152480511
2.248249,1.289106,-13.673656,-1.108404,-0.1614237998,-0.947644822,0.3057071892
2.249267,-0.966149,2.706082,0.512786,-0.1816440777,-0.9072042662,0.235468329
2.250318,-2.649784,0.984546,2.362143,-0.1678091507,-1.3275732019,0.0854125824
2.251365,-3.291055,-13.534784,5.611727,-0.0741573372,-1.7490063627,0.0385866756
2.252414,-2.913978,-24.146537,5.462818,0.0599350322,-1.9948423732,0.145009191
2.253464,-0.284048,-19.348263,1.730479,0.128045442,-2.0235764524,0.2812300107
2.254481,2.266623,-0.396993,-5.381139,0.0620634825,-1.7692266407,0.27697311
2.25553,0.510935,6.304788,-3.082652,-0.0613866353,-1.5978863909,0.1194677873
2.256579,-1.809167,-7.06286,3.606255,-0.0922491648,-1.812859872,0.0173021725
2.257629,-0.034265,-21.835991,-0.592025,-0.0794784629,-1.9086401358,0.0843483572
2.258646,2.321864,-24.814561,-3.433309,-0.1199190188,-1.4190965651,0.2439821303
2.259695,-1.84039,6.601688,1.238118,-0.1773871771,-0.8795344122,0.2184407266
2.260744,-2.820309,1.183277,2.734416,-0.1614237998,-1.4190965651,0.048164702
2.261794,-3.586471,-16.10392,5.424389,-0.0762857875,-1.9341815395,0.0077241462
2.262813,-2.553714,-25.429908,4.699057,0.0429074297,-2.1704395236,0.1428807407
2.26386,1.255481,-17.131096,-1.154037,0.0833479856,-1.9948423732,0.2876153616
2.264909,1.93518,1.41074,-5.551664,-0.0092396028,-1.59150104,0.255688607
2.265959,-1.429689,2.610308,0.952308,-0.0794784629,-1.6127855431,0.1109539861
2.267008,-1.979692,-10.007909,4.504515,-0.0369094568,-2.0267691278,0.0407151259
2.268025,1.272294,-19.441642,-2.508631,-0.0379736819,-2.000163499,0.1098897609
2.269075,3.517941,-19.851076,-4.691833,-0.1380108464,-1.2956464473,0.2407894548
2.270124,1.005698,-6.459484,-0.84421,-0.2156992826,-0.6858454342,0.2780373352
2.271173,-2.707426,1.781864,2.073931,-0.2167635077,-0.8699563858,0.1684221444
2.272192,-3.355902,-6.062022,4.614996,-0.1454604225,-1.5414824578,0.0513573775
2.273239,-3.521624,-16.728845,5.690985,-0.0347810065,-2.0608243328,0.0566785032
2.274288,-1.84039,-21.127264,4.257133,0.0705772837,-2.2193938807,0.1801286211
2.275337,2.223391,-11.027901,-2.446185,0.0854764359,-1.9661082941,0.2727162094
2.276355,1.923171,2.023693,-5.878303,-0.0230745298,-1.5936294903,0.2099269254
2.277404,-1.842792,-0.930933,2.491838,-0.0837353635,-1.7000520057,0.0917979333
2.278453,-1.641044,-11.882684,4.370016,-0.0305241059,-2.0821088358,0.0630638542
2.279502,2.293042,-20.875857,-2.787235,-0.0347810065,-1.9246035131,0.1524587671
2.280552,4.147203,-19.199813,-5.714983,-0.142267747,-1.1519760515,0.2727162094
2.281569,1.0081,-4.151332,-2.489417,-0.2380480108,-0.6209276999,0.2801657855
2.282618,-2.416813,3.742835,3.286821,-0.2412406863,-0.9146538423,0.158844118
2.283667,-3.262233,-4.843299,5.032902,-0.1603595746,-1.5787303382,0.0385866756
2.284716,-3.917914,-19.585303,6.171337,-0.0337167813,-2.0182553266,0.0598711787
2.285734,2.144133,-8.125951,-3.217151,0.1567795212,-2.0448609555,0.2854869113
2.286783,2.26182,3.450725,-6.714117,0.0141733506,-1.8447866266,0.186513972
2.287832,-1.631437,-2.918242,4.098617,-0.0486159335,-1.9160897119,0.0779630063
2.288881,-0.918114,-12.952957,3.308437,0.0014026488,-2.0427325052,0.089669483
2.289899,3.143266,-20.037835,-6.154506,-0.0635150856,-1.6628041253,0.1822570714
2.290948,2.7806,-16.259553,-5.921535,-0.2146350574,-0.9370025705,0.2642024082
2.291997,-0.73558,-3.586266,0.169334,-0.2752958912,-0.6890381097,0.2450463554
2.293046,-2.54891,1.954257,4.072197,-0.2305984347,-1.127498873,0.1322384891
2.294066,-2.974022,-6.109909,4.47089,-0.1326897206,-1.6532260989,0.0407151259
2.295113,-3.358304,-20.509522,6.473959,0.0077879997,-1.9895212475,0.0854125824
2.296162,-2.143012,-21.936553,5.102553,0.1535868457,-2.1768248745,0.2226976272
2.297211,1.101768,-6.703708,-3.61104,0.1706144482,-2.0991364383,0.2727162094
2.29826,1.726227,2.514535,-5.457995,0.0461001052,-1.8777776063,0.1790643959
2.299278,-1.033398,-3.459365,3.017824,-0.0220103046,-1.9022547849,0.0822199069
2.300327,-0.279245,-13.178026,2.042708,-0.0156249537,-1.9969708235,0.0917979333
2.301375,3.236935,-19.029814,-6.839008,-0.0965060654,-1.5510604842,0.1822570714
2.302425,2.432345,-15.71843,-5.277863,-0.2263415341,-0.8050386515,0.2599455076
2.303443,-1.316806,-3.780208,1.471089,-0.2593325139,-0.6560471299,0.2397252297
2.304491,-3.046075,1.35567,3.366079,-0.2082497065,-1.1711321043,0.1205320125
2.30554,-3.293456,-7.697362,5.52046,-0.1167263433,-1.7245291842,0.0364582253
2.30659,-3.46158,-19.41291,7.223309,0.0365220788,-2.0661454585,0.0875410327
2.307607,-1.902836,-20.368255,3.529399,0.18338515,-2.2098158543,0.2131196008
2.308656,1.238669,-7.400463,-3.135491,0.1993485273,-2.0863657365,0.263138183
2.309706,1.574916,3.472274,-5.419567,0.0758984095,-1.8905483082,0.1641652438
2.310755,-1.1727,-2.975707,2.157993,-0.017753404,-1.9693009696,0.048164702
2.311804,3.289774,-20.53586,-6.144899,-0.0986345157,-1.5329686566,0.1918350977
2.312821,2.783002,-14.219568,-4.562138,-0.2263415341,-0.788011049,0.2716519843
2.31387,-1.429689,-0.009109,1.595981,-0.2816812421,-0.6539186796,0.2226976272
2.314919,-3.360706,2.215241,3.1211,-0.246561812,-1.1956092828,0.0854125824
2.315969,-3.98036,-12.215498,6.339461,-0.142267747,-1.7873184683,0.0247517486
2.316986,-3.838656,-21.424163,7.737286,0.0258798273,-2.1097786898,0.1205320125
2.318035,-1.059818,-17.909259,3.723942,0.1801924746,-2.2098158543,0.2439821303
2.319084,1.786271,-4.316542,-2.251642,0.1961558519,-2.1299989678,0.2503674812
2.320133,1.409194,3.558471,-5.304282,0.0705772837,-2.0054846248,0.1322384891
2.321151,-0.853266,-6.672581,0.993138,-0.0188176292,-2.0182553266,0.0449720265
2.3222,0.268357,-17.032928,1.473491,-0.0241387549,-1.9256677383,0.0960548339
2.323249,3.405058,-18.87897,-6.714117,-0.1071483169,-1.390362486,0.200348899
2.324298,2.110509,-13.125351,-3.142696,-0.2210204084,-0.7794972478,0.2578170573
2.325347,-1.475322,0.196805,2.544677,-0.2337911102,-0.7443778177,0.2088627002
2.326365,-2.769872,0.725956,2.393366,-0.1986716801,-1.2605270172,0.0832841321
2.327414,-3.495204,-13.611403,6.053651,-0.1018271912,-1.7724193161,0.0375224505
2.328463,-3.324679,-20.952476,6.558021,0.0599350322,-2.0650812334,0.1205320125
2.329512,-0.468984,-16.925182,1.699256,0.1642290973,-2.1970451524,0.2258903027
2.330529,2.177758,-3.887954,-3.029813,0.1440088193,-2.1076502395,0.2312114284
2.331578,1.118581,3.465091,-4.324363,0.0301367279,-1.9501449168,0.1247889131
2.332628,-1.182307,-6.667792,1.737685,-0.031588331,-1.9746220953,0.0492289272
2.333677,0.655041,-17.607571,0.724141,-0.0262672052,-1.8905483082,0.1003117345
2.334693,3.433879,-20.385016,-6.5556,-0.1071483169,-1.3754633338,0.2099269254
2.335744,1.505264,-12.76141,-2.208411,-0.2018643556,-0.884855538,0.2673950837
2.336793,-1.780346,1.104263,2.888129,-0.1901578789,-0.9625439742,0.2088627002
2.337842,-3.204591,-13.393518,5.979196,-0.0241387549,-1.8054102959,0.0364582253
2.338891,-3.528829,-23.301332,6.416317,0.1025040383,-2.1129713653,0.1343669395
2.339908,-0.680339,-17.363348,1.533535,0.175935574,-2.2247150064,0.2546243818
2.340958,2.559638,-0.895018,-5.104936,0.120595866,-1.9937781481,0.2429179051
2.342006,1.084956,3.943961,-3.824797,-0.0060469273,-1.7543274885,0.1045686351
2.343058,-1.393662,-8.149894,2.981797,-0.0443590329,-1.8501077523,0.0236875235
2.344073,0.398052,-20.914167,-0.760148,-0.0422305825,-1.882034507,0.0907337082
2.345122,2.898287,-22.164017,-4.523709,-0.1050198666,-1.397812062,0.2290829781
2.346171,1.044126,-8.125951,0.085272,-0.1539742237,-0.8795344122,0.290808037
2.34722,-2.075763,5.584089,1.833755,-0.1614237998,-0.9806358018,0.1886424223
2.348238,-3.166163,-1.891067,3.594247,-0.1252401445,-1.466986697,0.0502931523
2.349287,-3.430357,-17.660247,6.48837,-0.0113680531,-1.8777776063,0.0449720265
2.350336,-2.33035,-23.959778,4.694254,0.1099536144,-2.1363843187,0.1737432701
2.351385,0.345213,-15.143786,-0.344643,0.1450730445,-2.1097786898,0.2812300107
2.352402,1.805485,2.464253,-5.299479,0.058870807,-1.806474521,0.2322756536
2.353451,-0.370512,3.493823,-0.897049,-0.0401021322,-1.7479421376,0.0790272315
2.354501,-1.895631,-10.996775,3.699924,-0.0475517083,-2.0171911015,0.0173021725
2.35555,0.998493,-22.851195,-3.015403,-0.0613866353,-1.9128970364,0.1141466615
2.356599,3.100035,-21.682753,-3.416497,-0.1358823961,-1.2605270172,0.2567528321
2.358665,-2.546508,5.940847,1.353403,-0.1614237998,-1.0881225423,0.1428807407
2.357616,0.25875,-4.623019,1.495107,-0.1678091507,-0.8305800551,0.2812300107
2.359715,-2.974022,-4.160909,3.673505,-0.1177905685,-1.6383269468,0.0098525965
2.360764,-3.634507,-19.532627,5.777448,-0.0134965034,-2.0682739088,0.034329775
2.361781,-1.763534,-24.206396,4.113027,0.0982471377,-2.2332288077,0.1875781971
2.36283,2.136928,-10.520299,-1.843343,0.1237885414,-2.0033561745,0.283358461
2.363879,-1.854801,-1.857546,1.610391,-0.0699004365,-1.7819973425,0.0513573775
2.364929,-1.70349,-15.7735,4.461283,-0.0198818543,-2.1236136168,0.0513573775
2.365946,2.353086,-19.611641,-4.165847,-0.0358452316,-1.9054474603,0.1609725683
2.366995,3.160079,-15.356884,-3.899251,-0.1497173231,-1.1604898528,0.2567528321
2.368044,-0.432958,-2.599794,1.317376,-0.1954790047,-0.7624696453,0.2439821303
2.369094,-2.93079,1.937497,2.073931,-0.1710018261,-1.1243061975,0.1237246879
2.370142,-3.319876,-9.119605,4.670236,-0.100762966,-1.7585843891,0.0268801989
2.37116,-3.046075,-20.962054,6.413915,0.0205587015,-2.1778890997,0.0779630063
2.372209,-0.094309,-20.502339,2.715202,0.114210515,-2.2279076819,0.2163122763
2.373258,2.972741,-5.039635,-4.751877,0.0769626347,-1.9182181622,0.255688607
2.374309,0.779932,3.505795,-4.444451,-0.0432948077,-1.6979235554,0.145009191
2.375324,-2.613758,-5.494562,4.40364,-0.0560655095,-1.9416311156,0.0502931523
2.376373,-0.665929,-15.675332,2.79446,0.00991645,-2.1608614972,0.0811556818
2.377422,3.357023,-19.216573,-4.994455,-0.031588331,-1.7756119916,0.1875781971
2.378472,3.030383,-13.446193,-5.54686,-0.1635522501,-1.058324238,0.2642024082
2.379489,-0.562653,-1.764166,-0.443116,-0.2242130838,-0.7933321748,0.2312114284
2.381588,-3.408741,-9.761291,5.455612,-0.073093112,-1.8011533953,0.0439078014
2.382636,-3.283849,-21.30684,6.769376,0.0663203831,-2.1427696696,0.1024401848
2.380538,-2.781881,0.80497,3.995341,-0.1752587268,-1.2211506865,0.117339337
2.383688,-0.620295,-19.036997,2.489436,0.1748713488,-2.2268434567,0.2248260775
2.384703,2.607673,-5.159353,-6.240969,0.1216600911,-2.0288975782,0.2429179051
2.385752,1.0081,1.15215,-3.490952,-0.003918477,-1.826694799,0.1439449658
2.386801,-2.155021,-4.72837,5.395568,-0.0049827022,-1.9671725192,0.0662565296
2.38785,-0.413744,-14.442242,1.901004,0.0333294034,-2.0767877101,0.0886052578
2.388868,2.936715,-19.424882,-6.154506,-0.0475517083,-1.6234277946,0.186513972
2.389917,2.26182,-12.749438,-6.005597,-0.1933505544,-0.9295529944,0.2546243818
2.390966,-3.007647,-0.301219,5.136178,-0.1773871771,-1.2956464473,0.1045686351
2.392015,-3.288653,-9.239323,5.309105,-0.0752215623,-1.8160525474,0.0407151259
2.393033,-3.483196,-21.311629,7.525931,0.0663203831,-2.0991364383,0.1098897609
2.394082,-1.112656,-18.71376,2.530266,0.1897705009,-2.1778890997,0.235468329
2.395131,2.2354,-4.005277,-6.387477,0.1461372696,-1.9969708235,0.2439821303
2.39618,0.808753,2.179326,-3.044224,0.0163018009,-1.834144375,0.1237246879
2.397229,-1.917247,-4.436259,4.535737,-0.0049827022,-2.0225122272,0.0311370995
2.398247,-0.106318,-16.163779,0.486366,0.0056595494,-2.1076502395,0.0662565296
2.399295,3.138463,-21.711485,-5.926339,-0.0677719862,-1.5457393584,0.1928993229
2.400345,2.405925,-12.742255,-3.978509,-0.1667449255,-0.8412223067,0.2727162094
2.401394,-1.290387,0.836096,0.813006,-0.211442382,-0.8103597772,0.2056700247
2.402412,-3.303063,0.54638,4.283552,-0.1741945016,-1.3552430559,0.0726418805
2.403461,-3.656122,-12.462116,6.687716,-0.0688362114,-1.8777776063,0.0311370995
2.40451,-3.548043,-21.373882,6.457147,0.0876048862,-2.1683110733,0.1258531382
2.405561,-1.033398,-16.645043,1.507115,0.2025412028,-2.2162012052,0.2450463554
2.406576,2.300248,-2.214304,-5.217819,0.1578437463,-2.0171911015,0.24185368
2.407625,0.806352,2.409183,-3.221954,0.0205587015,-1.9203466125,0.117339337
2.408675,-2.174235,-8.621581,4.434863,-0.017753404,-2.152347696,0.048164702
2.409724,0.539756,-17.88771,-0.087655,-0.0049827022,-2.1193567162,0.1162751118
2.410773,4.514672,-18.610803,-7.331369,-0.1050198666,-1.3988762872,0.221633402
2.41179,2.03125,-10.853114,-2.287669,-0.2210204084,-0.7241575398,0.2578170573
2.412839,-2.6714,0.867223,2.921753,-0.2369837857,-0.8422865318,0.1833212965
2.413888,-3.389527,-0.487979,3.608657,-0.1816440777,-1.4499590946,0.0588069535
2.41494,-3.610489,-13.812529,6.104088,-0.0635150856,-1.9352457646,0.0300728744
2.415955,-3.329483,-22.020356,6.620467,0.1014398132,-2.1736321991,0.1375596149
2.417004,2.336274,-1.179945,-4.40122,0.1823209249,-2.1129713653,0.2375967794
2.418053,0.796745,2.560027,-3.95209,0.037586304,-2.0299618033,0.1141466615
2.419102,-1.283181,-9.567349,2.585507,-0.0145607286,-2.0597601076,0.0577427284
2.420119,1.183428,-18.062497,-1.02194,-0.0188176292,-1.882034507,0.1269173634
2.421169,3.861393,-18.929252,-6.858222,-0.1294970451,-1.2881968712,0.221633402
2.422218,1.214651,-10.335934,-0.805782,-0.2210204084,-0.8061028766,0.2461105806
2.423267,-2.363974,1.128207,3.109091,-0.197607455,-0.981700027,0.1684221444
2.424285,-3.144547,-1.754589,3.433329,-0.1348181709,-1.5276475308,0.0556142781
2.425334,-3.375116,-13.740698,6.017625,-0.0262672052,-1.9512091419,0.034329775
2.426383,-2.84913,-21.677964,5.349935,0.114210515,-2.2172654304,0.1322384891
2.427435,0.167483,-16.563635,0.743355,0.1887062758,-2.2896327408,0.2439821303
2.428481,2.542826,-1.879095,-4.802314,0.128045442,-2.0895584119,0.2375967794
2.429499,0.50373,1.379613,-1.797709,0.0152375758,-1.9352457646,0.1269173634
2.430548,-1.482528,-8.310316,3.841628,-0.0049827022,-2.0054846248,0.0715776554
2.431598,1.281901,-17.231658,-2.230027,-0.0209460795,-1.8671353548,0.1247889131
2.432647,3.282568,-19.83671,-6.207345,-0.1401392967,-1.2881968712,0.2205691769
2.433664,0.342812,-9.572137,0.539205,-0.2146350574,-0.8880482134,0.2567528321
2.434713,-2.30393,2.763547,2.993806,-0.1869652034,-1.1615540779,0.1662936941
2.435762,-2.839523,-2.767399,2.93136,-0.1209832439,-1.688345529,0.0417793511
2.436814,-3.591275,-17.514192,6.16173,0.0024668739,-2.0395398297,0.048164702
2.437829,-2.498473,-24.42907,5.164999,0.1493299451,-2.2449352843,0.1886424223
2.438878,1.212249,-13.920274,-0.188529,0.1993485273,-2.2193938807,0.2929364873
2.439927,2.86226,3.46988,-5.294675,0.1014398132,-1.9501449168,0.2248260775
2.440976,-0.036667,2.538478,-0.834603,-0.0071111525,-1.8639426793,0.0683849799
2.442025,1.923171,-23.157671,-4.516504,-0.0677719862,-1.7947680444,0.1237246879
2.443043,2.372301,-20.873463,-2.491819,-0.1475888728,-1.1200492969,0.2620739579
2.444092,-0.579465,-3.253451,2.133975,-0.1529099985,-0.8284516048,0.2801657855
2.445141,-2.253493,6.908164,0.661695,-0.1390750715,-1.2190222362,0.1301100388
2.446193,-3.154154,-5.144987,4.278749,-0.0943776151,-1.7585843891,-0.0018538802
2.447208,-4.263768,-21.551063,6.416317,0.0312009531,-2.1268062923,0.0513573775
2.448257,-1.862006,-24.627801,3.500578,0.1472014948,-2.2896327408,0.2237618524
2.449306,1.899153,-10.197062,-1.665612,0.1546510709,-2.1119071401,0.3131567653
2.450355,1.401989,6.197043,-4.924804,0.037586304,-1.8139240971,0.2152480511
2.451373,-1.554581,0.848068,1.82655,-0.0379736819,-1.9043832352,0.061999629
2.452422,-0.658723,-15.411954,2.12677,-0.0156249537,-2.1204209414,0.0407151259
2.453471,2.871867,-24.287804,-5.50603,-0.0635150856,-1.7745477664,0.1631010186
2.45452,2.499594,-18.105596,-1.90819,-0.1571668991,-1.0615169135,0.2822942358
2.45557,-1.040603,1.018067,1.492705,-0.1848367531,-0.8178093533,0.2471748057
2.456586,-3.142145,4.434802,1.600784,-0.1688733758,-1.2679765933,0.0832841321
2.457635,-3.920316,-10.290442,5.868715,-0.0879922642,-1.8799060566,-0.0093034563
2.458687,-4.069226,-21.419374,6.096883,0.0482285555,-2.2875042905,0.0694492051
2.459734,-0.836454,-20.92135,2.967387,0.1493299451,-2.3715780776,0.2258903027
2.460751,3.131257,-5.48259,-3.73353,0.128045442,-2.0288975782,0.2791015603
2.4618,1.413997,4.947193,-5.354719,0.0003384236,-1.7064373566,0.1620367934
2.462849,-2.484062,-4.34288,3.89927,-0.0401021322,-1.9331173143,0.0449720265
2.463898,-0.970952,-16.597156,2.479829,0.0109806751,-2.2257792316,0.0683849799
2.464915,3.695672,-20.978814,-5.844679,-0.0411663574,-1.826694799,0.186513972
2.465965,3.369032,-13.345631,-4.574146,-0.1678091507,-1.0381039601,0.2684593088
2.467014,-1.23995,-0.181502,0.522393,-0.2156992826,-0.8146166778,0.2195049517
2.468065,-3.324679,-0.543049,3.985734,-0.1678091507,-1.3467292547,0.1003117345
2.469112,-3.09411,-19.678683,6.495575,0.0705772837,-2.2875042905,0.1056328603
2.470129,-0.274441,-18.141511,2.645551,0.1589079715,-2.3002749923,0.228018753
2.471178,2.727761,-3.679645,-5.412361,0.1088893893,-1.9980350487,0.2482390309
2.472228,0.986484,2.10989,-3.918465,-0.017753404,-1.806474521,0.1386238401
2.473276,-2.097379,-7.127507,4.944037,-0.031588331,-2.0406040548,0.061999629
2.474294,-0.089506,-16.192511,1.776113,0.0216229267,-2.1629899475,0.1056328603
2.475343,3.57078,-18.943618,-6.471539,-0.0422305825,-1.6585472247,0.2120553757
2.476392,2.389113,-11.425363,-5.232229,-0.1773871771,-0.9689293251,0.269523534
2.477444,-1.729909,-1.045862,1.094012,-0.2210204084,-0.898690465,0.2163122763
2.478459,-3.355902,-1.079383,4.655826,-0.1507815482,-1.4308030418,0.1045686351
2.479508,-3.050878,-11.035084,5.813475,-0.0379736819,-1.9469522413,0.0566785032
2.480557,-2.750658,-21.005152,6.466754,0.0918617868,-2.2396141586,0.1269173634
2.481606,-0.329682,-17.679402,1.211699,0.1801924746,-2.3141099193,0.235468329
2.482623,2.696538,-3.454577,-6.046427,0.1227243163,-2.0884941868,0.2365325542
2.484721,-1.910041,-6.361316,5.090544,-0.0071111525,-2.0150626512,0.0588069535
2.483672,0.964868,1.973412,-2.352516,0.0024668739,-1.8767133812,0.1279815885
2.48577,0.023377,-17.073631,0.947505,0.0173660261,-2.0735950346,0.1066970855
2.48682,3.013571,-19.223757,-6.497958,-0.0645793108,-1.5521247093,0.2120553757
2.487837,1.60854,-10.675932,-3.937679,-0.183772528,-0.9284887693,0.2578170573
2.488886,-1.986898,-0.480796,2.765639,-0.2103781568,-0.9657366497,0.1907708726
2.489937,-3.283849,-0.598119,4.85277,-0.1486530979,-1.5074272529,0.0726418805
2.490984,-3.427955,-12.572256,6.687716,-0.0475517083,-1.9661082941,0.0332655499
2.492001,-3.351099,-22.444155,7.124837,0.0939902371,-2.228971907,0.131174264
2.49305,-0.502609,-15.847725,0.06846,0.1769997991,-2.2875042905,0.2407894548
2.4941,2.465969,-1.065017,-6.627653,0.100375588,-2.0863657365,0.2163122763
2.495149,-1.88122,-8.032571,4.7567,-0.0198818543,-2.1587330469,0.0268801989
2.496166,0.715085,-18.105596,-0.834603,-0.0166891789,-2.1172282659,0.1013759597
2.497215,3.426674,-19.657134,-6.766955,-0.1103409924,-1.4297388166,0.2226976272
2.498264,1.666183,-9.229745,-2.544657,-0.1965432298,-0.8039744263,0.263138183
2.499316,-2.191048,1.753132,1.792925,-0.2146350574,-0.9593512987,0.1694863695
2.500363,-3.483196,-2.525569,4.723075,-0.1603595746,-1.5659596363,0.0449720265
2.50138,-3.562454,-14.605058,7.009552,-0.0326525562,-2.0448609555,0.0364582253
2.502429,-3.031664,-20.483184,5.201026,0.1120820647,-2.2960180917,0.145009191
2.503478,-0.132737,-15.495756,0.186146,0.1950916267,-2.2875042905,0.2482390309
2.504528,2.242605,-1.572619,-4.924804,0.1450730445,-2.069338134,0.2258903027
2.505545,0.155474,1.535246,-1.752076,0.0365220788,-2.0310260285,0.1024401848
2.506594,-1.729909,-9.423688,3.783986,0.0173660261,-2.2193938807,0.0471004769
2.507644,1.786271,-17.114335,-2.549461,0.0024668739,-2.0076130751,0.1162751118
2.508695,4.411397,-18.237285,-7.393815,-0.1305612703,-1.2392425141,0.2109911505
2.50971,0.868797,-10.407765,-0.726523,-0.2337911102,-0.7401209171,0.2407894548
2.510759,-3.029262,0.225537,3.490971,-0.2146350574,-1.023204808,0.1641652438
2.51181,-3.512017,-2.87275,3.85844,-0.1390750715,-1.6234277946,0.0534858278
2.512857,-3.500008,-14.442242,6.144918,-0.0124322782,-2.0469894058,0.0449720265
2.513906,-2.613758,-19.819949,5.460416,0.1408161439,-2.2757978138,0.1407522904
2.514924,0.323597,-14.114217,-0.111672,0.2174403549,-2.3279448463,0.2269545278
2.515973,2.453961,-1.519943,-4.94642,0.1493299451,-2.1853386757,0.2014131241
2.517022,0.570979,0.893561,-1.499891,0.0343936285,-2.0853015113,0.089669483
2.518071,-1.1727,-10.501145,3.306035,0.0035310991,-2.1097786898,0.0545500529
2.519089,1.639763,-19.305164,-2.208411,-0.0188176292,-1.8586215536,0.1364953898
2.520138,3.400255,-18.814323,-6.25538,-0.1369466212,-1.2168937859,0.2375967794
2.521189,-2.395197,3.314247,3.716737,-0.1933505544,-1.1679394288,0.1386238401
2.522236,-3.233412,-3.454577,3.387695,-0.1273685948,-1.7213365088,0.0109168216
2.523253,-3.896299,-17.46391,6.963919,0.0045953242,-2.0895584119,0.0194306229
2.524303,-2.904371,-23.296544,5.407577,0.1567795212,-2.3332659721,0.1513945419
2.525351,0.619014,-14.049569,-0.277394,0.2089265537,-2.3694496273,0.2546243818
2.526401,3.020776,2.701294,-5.66935,0.1216600911,-2.1161640408,0.2046057996
2.52745,0.530149,2.107495,-2.592693,-0.0028542519,-1.9458880162,0.0630638542
2.528467,-1.381654,-11.875501,3.488569,-0.0283956555,-2.0257049027,0.0236875235
2.529516,1.123384,-20.930927,-2.604701,-0.0411663574,-1.8799060566,0.1141466615
2.530568,2.492389,-20.217411,-3.964099,-0.1188547936,-1.335022778,0.2312114284
2.531615,-0.111121,-6.710891,1.641614,-0.1539742237,-1.0019203049,0.2588812824
2.532632,-2.258297,4.870574,1.884192,-0.1390750715,-1.2828757454,0.1428807407
2.533681,-2.774676,-3.773025,3.752763,-0.0890564893,-1.7766762167,0.0141094971
2.53473,-3.694551,-19.558965,6.020026,0.0301367279,-2.1353200935,0.0332655499
2.535779,-1.919648,-23.34443,3.529399,0.1493299451,-2.3204952703,0.1780001708
2.536797,1.959197,-10.7741,-2.467801,0.1599721966,-2.1789533248,0.263138183
2.537846,2.13933,3.967904,-5.381139,0.0482285555,-1.889484083,0.1758717204
2.538895,-1.124665,-0.57657,1.228511,-0.0241387549,-1.9650440689,0.0385866756
2.539946,-0.908507,-14.866042,1.776113,-0.0124322782,-2.1864029009,0.0279444241
2.540994,2.581254,-22.662041,-4.970437,-0.0635150856,-1.8384012757,0.1471376413
2.542011,2.355488,-18.06968,-0.928271,-0.1358823961,-1.1179208466,0.2642024082
2.543063,-0.901301,-0.351501,2.45341,-0.1294970451,-0.9029473656,0.2439821303
2.544109,-2.414411,5.976763,0.897068,-0.1124694427,-1.3499219301,0.0822199069
2.545158,-3.334286,-9.093268,4.780717,-0.0603224102,-1.9054474603,-0.0263310588
2.546175,-4.052413,-24.124988,6.096883,0.065256158,-2.2747335887,0.0566785032
2.547225,2.970339,-4.924707,-3.920867,0.1312381175,-2.0342187039,0.2737804346
2.548274,0.5998,6.623237,-4.084187,0.0035310991,-1.7830615677,0.131174264
2.549323,-2.681007,-3.725138,4.146652,-0.0252029801,-2.0235764524,0.0045314707
2.55034,-1.009381,-17.964329,1.09161,0.0205587015,-2.2406783837,0.0375224505
2.551389,3.049598,-22.815279,-5.722189,-0.0411663574,-1.8096671965,0.1790643959
2.552441,2.552433,-13.448588,-1.523909,-0.1454604225,-1.0849298669,0.2748446597
2.553488,-1.698686,2.945517,1.920218,-0.1731302764,-0.9114611668,0.2099269254
2.554505,-3.473588,1.24553,3.308437,-0.1369466212,-1.4350599424,0.0577427284
2.555554,-3.788219,-13.65929,6.087276,-0.0464874832,-2.0501820812,-0.0007896551
2.556604,-2.988433,-21.936553,5.851903,0.0780268598,-2.3886056801,0.0971190591
2.557653,0.801548,-17.200532,0.726543,0.1354950181,-2.3460366739,0.2226976272
2.558702,2.598066,-2.810497,-5.42437,0.0546139064,-1.9597229432,0.2226976272
2.559719,-0.40894,1.243135,-1.43024,-0.0422305825,-1.8096671965,0.1120182112
2.560768,-2.106986,-7.474688,5.128973,-0.0198818543,-2.152347696,0.0385866756
2.56182,0.861592,-16.151807,-0.015602,0.0109806751,-2.2672840126,0.0726418805
2.562866,4.137596,-19.171081,-5.611708,-0.0720288868,-1.6755748271,0.1769359456
2.563884,2.473175,-10.331146,-3.450122,-0.1869652034,-0.9699935503,0.2365325542
2.564935,-1.924452,-0.066573,1.293359,-0.2199561832,-0.9497732724,0.1748074953
2.565982,-3.411143,-2.774582,4.696655,-0.1497173231,-1.5319044314,0.0694492051
2.567031,-3.247823,-12.454933,5.676574,-0.0241387549,-2.0767877101,0.034329775
2.568049,-2.700221,-20.023469,5.803868,0.1088893893,-2.3407155482,0.1098897609
2.569098,0.34041,-16.079977,0.757766,0.1823209249,-2.3300732966,0.214183826
2.570147,2.82143,-3.002045,-6.651671,0.1014398132,-2.0853015113,0.2035415744
2.571196,0.261152,0.792998,-2.167581,-0.0134965034,-1.9788789959,0.0971190591
2.572245,-2.200655,-6.586385,4.946439,0.0024668739,-2.18001755,0.0407151259
2.573263,3.342613,-20.076145,-7.213683,-0.0762857875,-1.5297759811,0.1992846738
2.574314,1.205044,-10.690298,-2.880904,-0.1944147795,-0.9274245441,0.2514317064
2.575361,-2.102182,0.706801,2.868914,-0.2050570311,-1.0370397349,0.1822570714
2.57641,-3.062887,-0.294036,4.127438,-0.1337539458,-1.6117213179,0.0556142781
2.577427,-3.387125,-12.77817,5.940768,-0.0198818543,-2.0597601076,0.0173021725
2.578476,-3.005245,-22.851195,6.795796,0.1291096672,-2.2970823169,0.1194677873
2.579526,-0.125532,-16.30744,-0.104467,0.2089265537,-2.3204952703,0.2322756536
2.580575,2.415532,-1.103326,-6.082453,0.1323023427,-2.1044575641,0.2088627002
2.581592,0.213116,2.272705,-0.978708,0.0226871518,-2.0054846248,0.0811556818
2.582642,-1.581,-8.10919,4.699057,0.0173660261,-2.1906598015,0.0173021725
2.583693,1.409194,-18.594043,-1.331768,0.0077879997,-2.0895584119,0.0864768075
2.58474,3.474709,-18.735309,-7.497091,-0.1028914163,-1.3935551614,0.1992846738
2.585789,0.90002,-8.700594,-1.920199,-0.1922863292,-0.8390938564,0.2344041039
2.586806,-2.534499,1.085108,3.171537,-0.1944147795,-1.0412966356,0.1503303168
2.587855,-3.334286,-2.032333,4.408444,-0.1380108464,-1.6298131455,0.0375224505
2.588905,-3.375116,-14.171681,6.915884,-0.0209460795,-2.0938153125,0.0194306229
2.589953,-3.09411,-21.850357,5.330721,0.1291096672,-2.3492293494,0.1237246879
2.590971,-0.4906,-15.900401,-0.265385,0.2142476795,-2.3439082236,0.2344041039
2.59202,2.060072,-0.155164,-5.611708,0.1503941703,-2.1182924911,0.2099269254
2.593072,0.008967,2.976644,-1.437445,0.0333294034,-2.0895584119,0.0683849799
2.594119,-2.061352,-9.368618,5.280284,0.0120449003,-2.3385870979,0.0045314707
2.595136,1.248276,-19.50629,-1.963431,-0.0017900267,-2.1704395236,0.0917979333
2.596187,4.324933,-19.465586,-7.316959,-0.1231116942,-1.335022778,0.2152480511
2.597234,1.44522,-7.41004,-1.427838,-0.2263415341,-0.7209648643,0.2397252297
2.598283,-2.853934,3.319036,2.621533,-0.2369837857,-0.981700027,0.1301100388
2.599332,-4.311803,-17.164617,7.052784,-0.0305241059,-2.1470265702,0.0194306229
2.600349,-2.99804,-21.661203,6.027232,0.141880369,-2.3790276537,0.1492660916
2.601399,0.50373,-12.617749,0.738551,0.2312752819,-2.3960552562,0.2429179051
2.602448,2.249811,1.853694,-4.907991,0.1663575476,-2.270476688,0.1875781971
2.603497,0.25875,0.668492,-1.687228,0.0471643304,-2.2449352843,0.0556142781
2.604514,-0.951738,-13.309715,2.580703,0.0173660261,-2.2832473899,0.0353940002
2.605565,2.646101,-19.068124,-3.70711,-0.0145607286,-1.9320530892,0.1301100388
2.606612,4.514672,-16.745606,-6.932677,-0.1497173231,-1.182838581,0.2099269254
2.607661,0.628621,-7.331027,-0.121279,-0.2359195605,-0.7858825987,0.2046057996
2.608679,-2.750658,2.141016,3.111492,-0.2029285807,-1.1157923963,0.1066970855
2.609728,-3.519222,-4.807384,3.978529,-0.1199190188,-1.6808959529,0.0055956959
2.610777,-3.814639,-17.461516,7.052784,0.023751377,-2.0853015113,0.0279444241
2.612844,0.568577,-12.462116,-0.35425,0.2259541562,-2.4673583415,0.214183826
2.611826,-2.536901,-20.406565,4.972858,0.1738071236,-2.367321177,0.1407522904
2.613893,2.578852,0.620605,-5.018472,0.1546510709,-2.3055961181,0.172679045
2.614944,0.551765,0.457789,-2.938546,0.0397147543,-2.1374485438,0.0651923045
2.615991,-0.997372,-12.308878,2.732014,0.0077879997,-2.0821088358,0.0513573775
2.61704,1.795878,-19.02742,-2.417364,-0.0134965034,-1.8362728253,0.1333027143
2.618057,2.90309,-17.533346,-5.79184,-0.1316254955,-1.3382154534,0.2099269254
2.619106,-0.219201,-7.37652,1.752095,-0.1901578789,-1.0828014166,0.2163122763
2.620155,-2.378385,2.373268,3.402106,-0.1337539458,-1.3605641817,0.1215962376
2.621205,-2.990834,-5.350901,3.42132,-0.0528728341,-1.8160525474,0.0194306229
2.622222,-3.692149,-18.160666,7.180078,0.0631277077,-2.1651183978,0.0375224505
2.623271,-2.294323,-21.443318,4.442069,0.1780640243,-2.3992479316,0.1545872174
2.624322,1.132991,-12.016767,-0.971503,0.1897705009,-2.3460366739,0.2312114284
2.62537,-0.130336,0.500887,-0.841808,-0.0188176292,-1.9395026652,0.0364582253
2.626386,-1.119862,-13.467742,2.751228,-0.0305241059,-2.0959437628,0.0119810468
2.627438,1.697405,-22.286128,-3.887242,-0.0560655095,-1.8596857787,0.1205320125
2.629534,-0.742785,-2.630921,2.018691,-0.1263043697,-1.0178836822,0.24185368
2.628485,2.07208,-18.704183,-2.198804,-0.1177905685,-1.2403067393,0.2429179051
2.630583,-2.306332,4.825081,0.87305,-0.114597893,-1.4190965651,0.0981832842
2.6316,-3.007647,-7.089198,4.538139,-0.0581939599,-1.9363099898,-0.0146245821
2.63265,-3.576864,-21.759372,5.832689,0.065256158,-2.2757978138,0.0396509008
2.633699,-0.737981,-23.708371,2.837692,0.1589079715,-2.3502935746,0.1992846738
2.634748,2.429943,-8.216936,-2.489417,0.1450730445,-2.0618885579,0.2673950837
2.635766,0.936047,6.584927,-4.410827,0.0216229267,-1.7937038192,0.1460734161
2.636817,-1.950871,-1.048256,3.022627,-0.0369094568,-2.000163499,-0.0007896551
2.637864,-1.206325,-17.054477,1.447071,-0.0071111525,-2.2587702113,0.0034672456
2.638913,2.300248,-24.903151,-5.647734,-0.0624508605,-1.8990621094,0.1503303168
2.63993,2.552433,-17.032928,-0.897049,-0.142267747,-1.182838581,0.27697311
2.640979,-1.148683,3.06284,2.052315,-0.1550384488,-0.981700027,0.2258903027
2.642028,-3.173368,5.110008,1.997075,-0.1401392967,-1.4840142995,0.0460362517
2.643077,-3.838656,-11.681558,5.823082,-0.0645793108,-2.0906226371,-0.0454871115
2.644127,-4.001976,-24.512873,5.477228,0.0663203831,-2.4471380635,0.0641280793
2.645144,-0.115925,-21.321206,1.000344,0.141880369,-2.4407527126,0.2386610045
2.646196,3.172087,-1.824025,-4.82393,0.0854764359,-2.0459251806,0.2588812824
2.647242,0.141064,6.13479,-2.592693,-0.0273314304,-1.8458508517,0.1109539861
2.648291,-3.043673,-7.21131,5.167401,-0.0294598807,-2.1874671261,0.0055956959
2.649311,-0.598679,-19.755302,0.712132,0.0194944764,-2.3800918789,0.0609354038
2.650358,4.368165,-21.333178,-6.478744,-0.0581939599,-1.8298874744,0.1992846738
2.651406,-1.902836,2.162565,1.447071,-0.2220846335,-0.8720848361,0.1684221444
2.652456,-3.831451,-1.996418,4.602987,-0.1539742237,-1.4712435976,0.0364582253
2.653473,-3.620096,-13.589854,6.272211,-0.0347810065,-2.1055217892,-0.0029181054
2.654522,-2.837122,-20.511916,6.140115,0.0961186874,-2.4279820108,0.0843483572
2.655572,0.561372,-16.829408,0.608856,0.1674217727,-2.3960552562,0.2014131241
2.65662,2.742172,-2.374725,-5.866294,0.0971829126,-2.0597601076,0.2077984751
2.65767,0.203509,1.698062,-1.447052,-0.0113680531,-1.930988864,0.1024401848
2.658689,-2.253493,-8.418061,5.513255,-0.0007258016,-2.2342930328,0.0375224505
2.659736,0.734299,-17.016167,0.04204,0.023751377,-2.2970823169,0.0886052578
2.660785,4.781268,-17.712923,-8.121549,-0.0837353635,-1.6628041253,0.1811928462
2.661834,2.641298,-10.405371,-5.4652,-0.239112236,-0.9529659478,0.2109911505
2.662852,-2.282314,-2.515992,2.974592,-0.26678209,-0.9806358018,0.1545872174
2.663901,-3.384723,-1.692336,5.72461,-0.1678091507,-1.5904368149,0.0609354038
2.664949,-3.264635,-10.230583,5.803868,-0.0432948077,-2.1289347426,0.0162379474
2.665999,-3.37992,-20.918955,7.365013,0.0993113629,-2.4184039844,0.089669483
2.667016,-0.598679,-17.035322,1.531133,0.2121192292,-2.4631014408,0.2088627002
2.668068,2.686931,-2.147262,-6.322629,0.1642290973,-2.2513206353,0.214183826
2.669114,0.90002,2.188903,-2.549461,0.0312009531,-2.1055217892,0.1003117345
2.670164,-1.996505,-8.255246,4.663031,0.0067237745,-2.2608986617,0.0364582253
2.671213,0.868797,-18.409678,-0.020405,0.0173660261,-2.2236507813,0.1003117345
2.67223,4.300916,-17.291517,-8.712383,-0.1028914163,-1.5723449872,0.1971562235
2.673279,1.565309,-9.34228,-4.290739,-0.2476260372,-0.9242318687,0.2195049517
2.674329,-2.469652,-1.146424,3.930493,-0.2476260372,-1.016819457,0.1556514425
2.675377,-3.142145,-1.175157,4.237919,-0.1592953494,-1.577666113,0.0502931523
2.676395,-3.315072,-13.391123,6.579637,-0.0443590329,-2.0448609555,0.0183663977
2.677446,-3.391929,-22.427395,7.581172,0.1152747402,-2.3311375218,0.1205320125
2.678493,2.002429,-0.49995,-5.26105,0.175935574,-2.2736693635,0.1960919984
2.679542,0.895217,1.295811,-3.015403,0.0450358801,-2.1321274181,0.0747703308
2.680562,-0.985363,-8.815523,3.832021,-0.0049827022,-2.2172654304,0.0226232983
2.681609,1.024912,-17.178983,-0.632855,-0.0220103046,-2.0991364383,0.089669483
2.682658,3.027982,-18.048131,-7.189665,-0.1263043697,-1.4425095185,0.1918350977
2.683707,1.068144,-9.485941,-1.912994,-0.2156992826,-0.9018831404,0.228018753
2.684724,-2.294323,1.032433,2.088342,-0.225277309,-1.0955721184,0.1439449658
2.685773,-3.247823,-2.975707,4.295561,-0.1752587268,-1.7032446811,0.0258159738
2.686822,-3.307867,-16.221243,7.384227,-0.0528728341,-2.193852477,0.0173021725
2.687871,-3.043673,-21.14163,6.020026,0.1131462899,-2.4173397592,0.1247889131
2.688921,-0.529028,-12.720706,1.031566,0.2216972556,-2.3992479316,0.2163122763
2.689941,1.997626,1.633414,-5.457995,0.1642290973,-2.2470637347,0.1673579192
2.690987,0.208313,1.022855,-2.619112,0.0301367279,-2.2204581058,0.034329775
2.693086,1.094563,-19.089673,-2.069109,-0.0049827022,-2.1225493917,0.1130824364
2.692036,-1.926854,-12.610566,3.836825,0.0045953242,-2.3407155482,0.0087883713
2.694103,3.810956,-16.932365,-6.385075,-0.1273685948,-1.4052616381,0.2120553757
2.695152,0.991287,-6.679764,-1.30775,-0.2305984347,-0.9072042662,0.2120553757
2.696201,-2.695418,2.84256,2.215635,-0.2327268851,-1.169003654,0.10350441
2.69725,-3.653721,-4.570343,4.014555,-0.1656807004,-1.7734835413,-0.007175006
2.698268,-3.886692,-18.404889,6.591646,-0.0252029801,-2.1895955764,0.0215590732
2.699319,-2.469652,-20.815998,5.763038,0.141880369,-2.3768992034,0.1503303168
2.700366,0.784736,-11.221843,-0.601632,0.2089265537,-2.3800918789,0.2226976272
2.701415,2.199374,1.295811,-4.840742,0.1291096672,-2.2470637347,0.1631010186
2.702465,-0.173567,0.036384,-0.688095,0.0322651782,-2.2225865561,0.048164702
2.703481,-1.069425,-12.996056,2.487034,0.0173660261,-2.2523848604,0.0364582253
2.704532,3.762921,-16.396031,-5.844679,-0.1507815482,-1.2434994148,0.1950277732
2.70558,-0.147148,-7.340604,1.190083,-0.225277309,-0.9731862257,0.1886424223
2.70663,-2.709828,2.296649,3.704728,-0.183772528,-1.3328943277,0.0928621585
2.707647,-3.315072,-4.869637,3.308437,-0.1103409924,-1.8362728253,-0.007175006
2.708697,-3.706559,-18.471931,6.89667,0.0205587015,-2.1917240267,0.0183663977
2.709745,-2.191048,-21.311629,4.68945,0.1599721966,-2.4577803151,0.1439449658
2.710794,1.166616,-11.770149,-1.312553,0.1823209249,-2.4886428445,0.2226976272
2.711814,2.718154,2.052425,-4.708645,0.086540661,-2.2406783837,0.1684221444
2.71286,0.184295,1.597499,-0.961896,-0.0060469273,-2.1119071401,0.0460362517
2.71391,-0.961345,-11.248181,2.981797,-0.0188176292,-2.1715037487,0.0151737222
2.714959,1.961599,-21.144024,-3.322828,-0.0518086089,-1.9267319634,0.1045686351
2.716008,2.742172,-20.92135,-3.846413,-0.1401392967,-1.3541788307,0.2205691769
2.717025,-0.346494,-6.133853,2.206028,-0.1614237998,-1.1019574693,0.2386610045
2.718074,-2.217467,5.026206,1.920218,-0.1369466212,-1.425481916,0.1109539861
2.719124,-2.894764,-4.740342,4.077001,-0.0837353635,-1.8905483082,-0.0103676814
2.720173,-4.045208,-18.122356,6.36588,0.0386505291,-2.2257792316,0.0098525965
2.721192,-2.20786,-22.322044,3.003413,0.1429445942,-2.4418169378,0.1386238401
2.722239,1.56771,-13.237885,-0.921066,0.1535868457,-2.3620000513,0.2301472033
2.723288,2.242605,2.71566,-5.503628,0.0546139064,-2.0448609555,0.1684221444
2.724337,-0.425752,0.962997,-0.913861,-0.0411663574,-1.972493645,0.034329775
2.725355,-0.966149,-13.496475,3.423722,-0.045423258,-2.1278705174,0.0098525965
2.726404,1.474042,-22.128101,-3.563005,-0.0709646617,-1.90331901,0.1194677873
2.727453,1.565309,-18.357002,-1.401419,-0.1263043697,-1.3137382749,0.2397252297
2.728502,-1.021389,-2.123319,2.496641,-0.1273685948,-1.1030216945,0.2322756536
2.729551,-3.106119,-7.936797,4.413248,-0.0688362114,-2.0299618033,-0.0284595091
2.730571,-3.55765,-21.883878,5.11216,0.0439716549,-2.381156104,0.0353940002
2.731618,-0.341691,-23.282177,1.182877,0.1174031905,-2.4141470838,0.1939635481
2.732667,2.722958,-6.976663,-3.318025,0.0844122107,-2.0331544788,0.2524959315
2.733716,0.280366,6.393379,-3.493353,-0.0262672052,-1.7585843891,0.1301100388
2.734734,-2.476857,-2.733878,3.555818,-0.0571297347,-2.0437967303,-0.0039823305
2.735782,-0.769204,-17.741655,1.156458,-0.017753404,-2.3300732966,0.0119810468
2.736831,2.636494,-23.921468,-4.317158,-0.059258185,-1.9575944929,0.1535229922
2.737881,1.891948,-14.478158,-0.164511,-0.1177905685,-1.2701050436,0.2599455076
2.738898,-1.660258,3.656639,1.360608,-0.12843282,-1.1221777472,0.1886424223
2.739947,-2.947603,2.411578,2.280483,-0.1124694427,-1.6596114498,0.0151737222
2.740996,-3.713765,-13.925063,5.501246,-0.0369094568,-2.2736693635,-0.0561293631
2.742045,-3.024459,-24.275832,4.530934,0.0758984095,-2.5737808568,0.0609354038
